# Generated by scripts/generate_blast_door_surround.py
mtllib VD_BlastDoorSurround.mtl
o VD_BlastDoorSurround
v -129.000000 -520.000000 0.000000
v 12.000000 -520.000000 0.000000
v -129.000000 -400.000000 0.000000
v 12.000000 -400.000000 0.000000
v -129.000000 -520.000000 450.000000
v 12.000000 -520.000000 450.000000
v -129.000000 -400.000000 450.000000
v 12.000000 -400.000000 450.000000
v -129.000000 400.000000 0.000000
v 12.000000 400.000000 0.000000
v -129.000000 520.000000 0.000000
v 12.000000 520.000000 0.000000
v -129.000000 400.000000 450.000000
v 12.000000 400.000000 450.000000
v -129.000000 520.000000 450.000000
v 12.000000 520.000000 450.000000
v -129.000000 -400.000000 392.000000
v 12.000000 -400.000000 392.000000
v -129.000000 400.000000 392.000000
v 12.000000 400.000000 392.000000
v -129.000000 -400.000000 470.000000
v 12.000000 -400.000000 470.000000
v -129.000000 400.000000 470.000000
v 12.000000 400.000000 470.000000
v 12.000000 -520.000000 0.000000
v 30.000000 -520.000000 0.000000
v 12.000000 -400.000000 0.000000
v 30.000000 -400.000000 0.000000
v 12.000000 -520.000000 450.000000
v 30.000000 -520.000000 450.000000
v 12.000000 -400.000000 450.000000
v 30.000000 -400.000000 450.000000
v 12.000000 400.000000 0.000000
v 30.000000 400.000000 0.000000
v 12.000000 520.000000 0.000000
v 30.000000 520.000000 0.000000
v 12.000000 400.000000 450.000000
v 30.000000 400.000000 450.000000
v 12.000000 520.000000 450.000000
v 30.000000 520.000000 450.000000
v 12.000000 -520.000000 392.000000
v 30.000000 -520.000000 392.000000
v 12.000000 520.000000 392.000000
v 30.000000 520.000000 392.000000
v 12.000000 -520.000000 470.000000
v 30.000000 -520.000000 470.000000
v 12.000000 520.000000 470.000000
v 30.000000 520.000000 470.000000
v -125.000000 -414.000000 8.000000
v 12.000000 -414.000000 8.000000
v -125.000000 -400.000000 8.000000
v 12.000000 -400.000000 8.000000
v -125.000000 -414.000000 392.000000
v 12.000000 -414.000000 392.000000
v -125.000000 -400.000000 392.000000
v 12.000000 -400.000000 392.000000
v -125.000000 400.000000 8.000000
v 12.000000 400.000000 8.000000
v -125.000000 414.000000 8.000000
v 12.000000 414.000000 8.000000
v -125.000000 400.000000 392.000000
v 12.000000 400.000000 392.000000
v -125.000000 414.000000 392.000000
v 12.000000 414.000000 392.000000
v -125.000000 -400.000000 378.000000
v 12.000000 -400.000000 378.000000
v -125.000000 400.000000 378.000000
v 12.000000 400.000000 378.000000
v -125.000000 -400.000000 392.000000
v 12.000000 -400.000000 392.000000
v -125.000000 400.000000 392.000000
v 12.000000 400.000000 392.000000
v -129.000000 -400.000000 0.000000
v 30.000000 -400.000000 0.000000
v -129.000000 400.000000 0.000000
v 30.000000 400.000000 0.000000
v -129.000000 -400.000000 8.000000
v 30.000000 -400.000000 8.000000
v -129.000000 400.000000 8.000000
v 30.000000 400.000000 8.000000
v -114.500000 -396.000000 8.000000
v -109.500000 -396.000000 8.000000
v -114.500000 396.000000 8.000000
v -109.500000 396.000000 8.000000
v -114.500000 -396.000000 11.000000
v -109.500000 -396.000000 11.000000
v -114.500000 396.000000 11.000000
v -109.500000 396.000000 11.000000
v -78.500000 -396.000000 8.000000
v -73.500000 -396.000000 8.000000
v -78.500000 396.000000 8.000000
v -73.500000 396.000000 8.000000
v -78.500000 -396.000000 11.000000
v -73.500000 -396.000000 11.000000
v -78.500000 396.000000 11.000000
v -73.500000 396.000000 11.000000
v -42.500000 -396.000000 8.000000
v -37.500000 -396.000000 8.000000
v -42.500000 396.000000 8.000000
v -37.500000 396.000000 8.000000
v -42.500000 -396.000000 11.000000
v -37.500000 -396.000000 11.000000
v -42.500000 396.000000 11.000000
v -37.500000 396.000000 11.000000
v -6.500000 -396.000000 8.000000
v -1.500000 -396.000000 8.000000
v -6.500000 396.000000 8.000000
v -1.500000 396.000000 8.000000
v -6.500000 -396.000000 11.000000
v -1.500000 -396.000000 11.000000
v -6.500000 396.000000 11.000000
v -1.500000 396.000000 11.000000
v 25.500000 -396.000000 8.000000
v 30.500000 -396.000000 8.000000
v 25.500000 396.000000 8.000000
v 30.500000 396.000000 8.000000
v 25.500000 -396.000000 11.000000
v 30.500000 -396.000000 11.000000
v 25.500000 396.000000 11.000000
v 30.500000 396.000000 11.000000
v 18.000000 -395.000000 365.000000
v 46.000000 -395.000000 365.000000
v 18.000000 395.000000 365.000000
v 46.000000 395.000000 365.000000
v 18.000000 -395.000000 390.000000
v 46.000000 -395.000000 390.000000
v 18.000000 395.000000 390.000000
v 46.000000 395.000000 390.000000
v 34.000000 -392.000000 372.000000
v 52.000000 -392.000000 372.000000
v 34.000000 392.000000 372.000000
v 52.000000 392.000000 372.000000
v 34.000000 -392.000000 384.000000
v 52.000000 -392.000000 384.000000
v 34.000000 392.000000 384.000000
v 52.000000 392.000000 384.000000
v 20.000000 -293.000000 355.000000
v 50.000000 -293.000000 355.000000
v 20.000000 -217.000000 355.000000
v 50.000000 -217.000000 355.000000
v 20.000000 -293.000000 405.000000
v 50.000000 -293.000000 405.000000
v 20.000000 -217.000000 405.000000
v 50.000000 -217.000000 405.000000
v 14.000000 -266.000000 379.000000
v 14.000000 -264.526279 373.500000
v 14.000000 -260.500000 369.473721
v 14.000000 -255.000000 368.000000
v 14.000000 -249.500000 369.473721
v 14.000000 -245.473721 373.500000
v 14.000000 -244.000000 379.000000
v 14.000000 -245.473721 384.500000
v 14.000000 -249.500000 388.526279
v 14.000000 -255.000000 390.000000
v 14.000000 -260.500000 388.526279
v 14.000000 -264.526279 384.500000
v 54.000000 -266.000000 379.000000
v 54.000000 -264.526279 373.500000
v 54.000000 -260.500000 369.473721
v 54.000000 -255.000000 368.000000
v 54.000000 -249.500000 369.473721
v 54.000000 -245.473721 373.500000
v 54.000000 -244.000000 379.000000
v 54.000000 -245.473721 384.500000
v 54.000000 -249.500000 388.526279
v 54.000000 -255.000000 390.000000
v 54.000000 -260.500000 388.526279
v 54.000000 -264.526279 384.500000
v 20.000000 217.000000 355.000000
v 50.000000 217.000000 355.000000
v 20.000000 293.000000 355.000000
v 50.000000 293.000000 355.000000
v 20.000000 217.000000 405.000000
v 50.000000 217.000000 405.000000
v 20.000000 293.000000 405.000000
v 50.000000 293.000000 405.000000
v 14.000000 244.000000 379.000000
v 14.000000 245.473721 373.500000
v 14.000000 249.500000 369.473721
v 14.000000 255.000000 368.000000
v 14.000000 260.500000 369.473721
v 14.000000 264.526279 373.500000
v 14.000000 266.000000 379.000000
v 14.000000 264.526279 384.500000
v 14.000000 260.500000 388.526279
v 14.000000 255.000000 390.000000
v 14.000000 249.500000 388.526279
v 14.000000 245.473721 384.500000
v 54.000000 244.000000 379.000000
v 54.000000 245.473721 373.500000
v 54.000000 249.500000 369.473721
v 54.000000 255.000000 368.000000
v 54.000000 260.500000 369.473721
v 54.000000 264.526279 373.500000
v 54.000000 266.000000 379.000000
v 54.000000 264.526279 384.500000
v 54.000000 260.500000 388.526279
v 54.000000 255.000000 390.000000
v 54.000000 249.500000 388.526279
v 54.000000 245.473721 384.500000
v 18.000000 -448.000000 58.000000
v 48.000000 -448.000000 58.000000
v 18.000000 -400.000000 58.000000
v 48.000000 -400.000000 58.000000
v 18.000000 -448.000000 106.000000
v 48.000000 -448.000000 106.000000
v 18.000000 -400.000000 106.000000
v 48.000000 -400.000000 106.000000
v 33.000000 -402.000000 52.000000
v 28.000000 -403.339746 52.000000
v 24.339746 -407.000000 52.000000
v 23.000000 -412.000000 52.000000
v 24.339746 -417.000000 52.000000
v 28.000000 -420.660254 52.000000
v 33.000000 -422.000000 52.000000
v 38.000000 -420.660254 52.000000
v 41.660254 -417.000000 52.000000
v 43.000000 -412.000000 52.000000
v 41.660254 -407.000000 52.000000
v 38.000000 -403.339746 52.000000
v 33.000000 -402.000000 112.000000
v 28.000000 -403.339746 112.000000
v 24.339746 -407.000000 112.000000
v 23.000000 -412.000000 112.000000
v 24.339746 -417.000000 112.000000
v 28.000000 -420.660254 112.000000
v 33.000000 -422.000000 112.000000
v 38.000000 -420.660254 112.000000
v 41.660254 -417.000000 112.000000
v 43.000000 -412.000000 112.000000
v 41.660254 -407.000000 112.000000
v 38.000000 -403.339746 112.000000
v 18.000000 -448.000000 178.000000
v 48.000000 -448.000000 178.000000
v 18.000000 -400.000000 178.000000
v 48.000000 -400.000000 178.000000
v 18.000000 -448.000000 226.000000
v 48.000000 -448.000000 226.000000
v 18.000000 -400.000000 226.000000
v 48.000000 -400.000000 226.000000
v 33.000000 -402.000000 172.000000
v 28.000000 -403.339746 172.000000
v 24.339746 -407.000000 172.000000
v 23.000000 -412.000000 172.000000
v 24.339746 -417.000000 172.000000
v 28.000000 -420.660254 172.000000
v 33.000000 -422.000000 172.000000
v 38.000000 -420.660254 172.000000
v 41.660254 -417.000000 172.000000
v 43.000000 -412.000000 172.000000
v 41.660254 -407.000000 172.000000
v 38.000000 -403.339746 172.000000
v 33.000000 -402.000000 232.000000
v 28.000000 -403.339746 232.000000
v 24.339746 -407.000000 232.000000
v 23.000000 -412.000000 232.000000
v 24.339746 -417.000000 232.000000
v 28.000000 -420.660254 232.000000
v 33.000000 -422.000000 232.000000
v 38.000000 -420.660254 232.000000
v 41.660254 -417.000000 232.000000
v 43.000000 -412.000000 232.000000
v 41.660254 -407.000000 232.000000
v 38.000000 -403.339746 232.000000
v 18.000000 -448.000000 298.000000
v 48.000000 -448.000000 298.000000
v 18.000000 -400.000000 298.000000
v 48.000000 -400.000000 298.000000
v 18.000000 -448.000000 346.000000
v 48.000000 -448.000000 346.000000
v 18.000000 -400.000000 346.000000
v 48.000000 -400.000000 346.000000
v 33.000000 -402.000000 292.000000
v 28.000000 -403.339746 292.000000
v 24.339746 -407.000000 292.000000
v 23.000000 -412.000000 292.000000
v 24.339746 -417.000000 292.000000
v 28.000000 -420.660254 292.000000
v 33.000000 -422.000000 292.000000
v 38.000000 -420.660254 292.000000
v 41.660254 -417.000000 292.000000
v 43.000000 -412.000000 292.000000
v 41.660254 -407.000000 292.000000
v 38.000000 -403.339746 292.000000
v 33.000000 -402.000000 352.000000
v 28.000000 -403.339746 352.000000
v 24.339746 -407.000000 352.000000
v 23.000000 -412.000000 352.000000
v 24.339746 -417.000000 352.000000
v 28.000000 -420.660254 352.000000
v 33.000000 -422.000000 352.000000
v 38.000000 -420.660254 352.000000
v 41.660254 -417.000000 352.000000
v 43.000000 -412.000000 352.000000
v 41.660254 -407.000000 352.000000
v 38.000000 -403.339746 352.000000
v 30.000000 -400.000000 392.000000
v 30.000000 -400.000000 450.000000
v 30.000000 -468.000000 450.000000
v 48.000000 -400.000000 392.000000
v 48.000000 -400.000000 450.000000
v 48.000000 -468.000000 450.000000
v 18.000000 400.000000 58.000000
v 48.000000 400.000000 58.000000
v 18.000000 448.000000 58.000000
v 48.000000 448.000000 58.000000
v 18.000000 400.000000 106.000000
v 48.000000 400.000000 106.000000
v 18.000000 448.000000 106.000000
v 48.000000 448.000000 106.000000
v 33.000000 422.000000 52.000000
v 28.000000 420.660254 52.000000
v 24.339746 417.000000 52.000000
v 23.000000 412.000000 52.000000
v 24.339746 407.000000 52.000000
v 28.000000 403.339746 52.000000
v 33.000000 402.000000 52.000000
v 38.000000 403.339746 52.000000
v 41.660254 407.000000 52.000000
v 43.000000 412.000000 52.000000
v 41.660254 417.000000 52.000000
v 38.000000 420.660254 52.000000
v 33.000000 422.000000 112.000000
v 28.000000 420.660254 112.000000
v 24.339746 417.000000 112.000000
v 23.000000 412.000000 112.000000
v 24.339746 407.000000 112.000000
v 28.000000 403.339746 112.000000
v 33.000000 402.000000 112.000000
v 38.000000 403.339746 112.000000
v 41.660254 407.000000 112.000000
v 43.000000 412.000000 112.000000
v 41.660254 417.000000 112.000000
v 38.000000 420.660254 112.000000
v 18.000000 400.000000 178.000000
v 48.000000 400.000000 178.000000
v 18.000000 448.000000 178.000000
v 48.000000 448.000000 178.000000
v 18.000000 400.000000 226.000000
v 48.000000 400.000000 226.000000
v 18.000000 448.000000 226.000000
v 48.000000 448.000000 226.000000
v 33.000000 422.000000 172.000000
v 28.000000 420.660254 172.000000
v 24.339746 417.000000 172.000000
v 23.000000 412.000000 172.000000
v 24.339746 407.000000 172.000000
v 28.000000 403.339746 172.000000
v 33.000000 402.000000 172.000000
v 38.000000 403.339746 172.000000
v 41.660254 407.000000 172.000000
v 43.000000 412.000000 172.000000
v 41.660254 417.000000 172.000000
v 38.000000 420.660254 172.000000
v 33.000000 422.000000 232.000000
v 28.000000 420.660254 232.000000
v 24.339746 417.000000 232.000000
v 23.000000 412.000000 232.000000
v 24.339746 407.000000 232.000000
v 28.000000 403.339746 232.000000
v 33.000000 402.000000 232.000000
v 38.000000 403.339746 232.000000
v 41.660254 407.000000 232.000000
v 43.000000 412.000000 232.000000
v 41.660254 417.000000 232.000000
v 38.000000 420.660254 232.000000
v 18.000000 400.000000 298.000000
v 48.000000 400.000000 298.000000
v 18.000000 448.000000 298.000000
v 48.000000 448.000000 298.000000
v 18.000000 400.000000 346.000000
v 48.000000 400.000000 346.000000
v 18.000000 448.000000 346.000000
v 48.000000 448.000000 346.000000
v 33.000000 422.000000 292.000000
v 28.000000 420.660254 292.000000
v 24.339746 417.000000 292.000000
v 23.000000 412.000000 292.000000
v 24.339746 407.000000 292.000000
v 28.000000 403.339746 292.000000
v 33.000000 402.000000 292.000000
v 38.000000 403.339746 292.000000
v 41.660254 407.000000 292.000000
v 43.000000 412.000000 292.000000
v 41.660254 417.000000 292.000000
v 38.000000 420.660254 292.000000
v 33.000000 422.000000 352.000000
v 28.000000 420.660254 352.000000
v 24.339746 417.000000 352.000000
v 23.000000 412.000000 352.000000
v 24.339746 407.000000 352.000000
v 28.000000 403.339746 352.000000
v 33.000000 402.000000 352.000000
v 38.000000 403.339746 352.000000
v 41.660254 407.000000 352.000000
v 43.000000 412.000000 352.000000
v 41.660254 417.000000 352.000000
v 38.000000 420.660254 352.000000
v 30.000000 400.000000 392.000000
v 30.000000 468.000000 450.000000
v 30.000000 400.000000 450.000000
v 48.000000 400.000000 392.000000
v 48.000000 468.000000 450.000000
v 48.000000 400.000000 450.000000
v 30.000000 -491.500000 38.000000
v 30.000000 -490.449593 34.767181
v 30.000000 -487.699593 32.769189
v 30.000000 -484.300407 32.769189
v 30.000000 -481.550407 34.767181
v 30.000000 -480.500000 38.000000
v 30.000000 -481.550407 41.232819
v 30.000000 -484.300407 43.230811
v 30.000000 -487.699593 43.230811
v 30.000000 -490.449593 41.232819
v 38.000000 -491.500000 38.000000
v 38.000000 -490.449593 34.767181
v 38.000000 -487.699593 32.769189
v 38.000000 -484.300407 32.769189
v 38.000000 -481.550407 34.767181
v 38.000000 -480.500000 38.000000
v 38.000000 -481.550407 41.232819
v 38.000000 -484.300407 43.230811
v 38.000000 -487.699593 43.230811
v 38.000000 -490.449593 41.232819
v 30.000000 -491.500000 128.000000
v 30.000000 -490.449593 124.767181
v 30.000000 -487.699593 122.769189
v 30.000000 -484.300407 122.769189
v 30.000000 -481.550407 124.767181
v 30.000000 -480.500000 128.000000
v 30.000000 -481.550407 131.232819
v 30.000000 -484.300407 133.230811
v 30.000000 -487.699593 133.230811
v 30.000000 -490.449593 131.232819
v 38.000000 -491.500000 128.000000
v 38.000000 -490.449593 124.767181
v 38.000000 -487.699593 122.769189
v 38.000000 -484.300407 122.769189
v 38.000000 -481.550407 124.767181
v 38.000000 -480.500000 128.000000
v 38.000000 -481.550407 131.232819
v 38.000000 -484.300407 133.230811
v 38.000000 -487.699593 133.230811
v 38.000000 -490.449593 131.232819
v 30.000000 -491.500000 218.000000
v 30.000000 -490.449593 214.767181
v 30.000000 -487.699593 212.769189
v 30.000000 -484.300407 212.769189
v 30.000000 -481.550407 214.767181
v 30.000000 -480.500000 218.000000
v 30.000000 -481.550407 221.232819
v 30.000000 -484.300407 223.230811
v 30.000000 -487.699593 223.230811
v 30.000000 -490.449593 221.232819
v 38.000000 -491.500000 218.000000
v 38.000000 -490.449593 214.767181
v 38.000000 -487.699593 212.769189
v 38.000000 -484.300407 212.769189
v 38.000000 -481.550407 214.767181
v 38.000000 -480.500000 218.000000
v 38.000000 -481.550407 221.232819
v 38.000000 -484.300407 223.230811
v 38.000000 -487.699593 223.230811
v 38.000000 -490.449593 221.232819
v 30.000000 -491.500000 308.000000
v 30.000000 -490.449593 304.767181
v 30.000000 -487.699593 302.769189
v 30.000000 -484.300407 302.769189
v 30.000000 -481.550407 304.767181
v 30.000000 -480.500000 308.000000
v 30.000000 -481.550407 311.232819
v 30.000000 -484.300407 313.230811
v 30.000000 -487.699593 313.230811
v 30.000000 -490.449593 311.232819
v 38.000000 -491.500000 308.000000
v 38.000000 -490.449593 304.767181
v 38.000000 -487.699593 302.769189
v 38.000000 -484.300407 302.769189
v 38.000000 -481.550407 304.767181
v 38.000000 -480.500000 308.000000
v 38.000000 -481.550407 311.232819
v 38.000000 -484.300407 313.230811
v 38.000000 -487.699593 313.230811
v 38.000000 -490.449593 311.232819
v 30.000000 -491.500000 398.000000
v 30.000000 -490.449593 394.767181
v 30.000000 -487.699593 392.769189
v 30.000000 -484.300407 392.769189
v 30.000000 -481.550407 394.767181
v 30.000000 -480.500000 398.000000
v 30.000000 -481.550407 401.232819
v 30.000000 -484.300407 403.230811
v 30.000000 -487.699593 403.230811
v 30.000000 -490.449593 401.232819
v 38.000000 -491.500000 398.000000
v 38.000000 -490.449593 394.767181
v 38.000000 -487.699593 392.769189
v 38.000000 -484.300407 392.769189
v 38.000000 -481.550407 394.767181
v 38.000000 -480.500000 398.000000
v 38.000000 -481.550407 401.232819
v 38.000000 -484.300407 403.230811
v 38.000000 -487.699593 403.230811
v 38.000000 -490.449593 401.232819
v 30.000000 -491.500000 438.000000
v 30.000000 -490.449593 434.767181
v 30.000000 -487.699593 432.769189
v 30.000000 -484.300407 432.769189
v 30.000000 -481.550407 434.767181
v 30.000000 -480.500000 438.000000
v 30.000000 -481.550407 441.232819
v 30.000000 -484.300407 443.230811
v 30.000000 -487.699593 443.230811
v 30.000000 -490.449593 441.232819
v 38.000000 -491.500000 438.000000
v 38.000000 -490.449593 434.767181
v 38.000000 -487.699593 432.769189
v 38.000000 -484.300407 432.769189
v 38.000000 -481.550407 434.767181
v 38.000000 -480.500000 438.000000
v 38.000000 -481.550407 441.232819
v 38.000000 -484.300407 443.230811
v 38.000000 -487.699593 443.230811
v 38.000000 -490.449593 441.232819
v 30.000000 -439.500000 38.000000
v 30.000000 -438.449593 34.767181
v 30.000000 -435.699593 32.769189
v 30.000000 -432.300407 32.769189
v 30.000000 -429.550407 34.767181
v 30.000000 -428.500000 38.000000
v 30.000000 -429.550407 41.232819
v 30.000000 -432.300407 43.230811
v 30.000000 -435.699593 43.230811
v 30.000000 -438.449593 41.232819
v 38.000000 -439.500000 38.000000
v 38.000000 -438.449593 34.767181
v 38.000000 -435.699593 32.769189
v 38.000000 -432.300407 32.769189
v 38.000000 -429.550407 34.767181
v 38.000000 -428.500000 38.000000
v 38.000000 -429.550407 41.232819
v 38.000000 -432.300407 43.230811
v 38.000000 -435.699593 43.230811
v 38.000000 -438.449593 41.232819
v 30.000000 -439.500000 128.000000
v 30.000000 -438.449593 124.767181
v 30.000000 -435.699593 122.769189
v 30.000000 -432.300407 122.769189
v 30.000000 -429.550407 124.767181
v 30.000000 -428.500000 128.000000
v 30.000000 -429.550407 131.232819
v 30.000000 -432.300407 133.230811
v 30.000000 -435.699593 133.230811
v 30.000000 -438.449593 131.232819
v 38.000000 -439.500000 128.000000
v 38.000000 -438.449593 124.767181
v 38.000000 -435.699593 122.769189
v 38.000000 -432.300407 122.769189
v 38.000000 -429.550407 124.767181
v 38.000000 -428.500000 128.000000
v 38.000000 -429.550407 131.232819
v 38.000000 -432.300407 133.230811
v 38.000000 -435.699593 133.230811
v 38.000000 -438.449593 131.232819
v 30.000000 -439.500000 218.000000
v 30.000000 -438.449593 214.767181
v 30.000000 -435.699593 212.769189
v 30.000000 -432.300407 212.769189
v 30.000000 -429.550407 214.767181
v 30.000000 -428.500000 218.000000
v 30.000000 -429.550407 221.232819
v 30.000000 -432.300407 223.230811
v 30.000000 -435.699593 223.230811
v 30.000000 -438.449593 221.232819
v 38.000000 -439.500000 218.000000
v 38.000000 -438.449593 214.767181
v 38.000000 -435.699593 212.769189
v 38.000000 -432.300407 212.769189
v 38.000000 -429.550407 214.767181
v 38.000000 -428.500000 218.000000
v 38.000000 -429.550407 221.232819
v 38.000000 -432.300407 223.230811
v 38.000000 -435.699593 223.230811
v 38.000000 -438.449593 221.232819
v 30.000000 -439.500000 308.000000
v 30.000000 -438.449593 304.767181
v 30.000000 -435.699593 302.769189
v 30.000000 -432.300407 302.769189
v 30.000000 -429.550407 304.767181
v 30.000000 -428.500000 308.000000
v 30.000000 -429.550407 311.232819
v 30.000000 -432.300407 313.230811
v 30.000000 -435.699593 313.230811
v 30.000000 -438.449593 311.232819
v 38.000000 -439.500000 308.000000
v 38.000000 -438.449593 304.767181
v 38.000000 -435.699593 302.769189
v 38.000000 -432.300407 302.769189
v 38.000000 -429.550407 304.767181
v 38.000000 -428.500000 308.000000
v 38.000000 -429.550407 311.232819
v 38.000000 -432.300407 313.230811
v 38.000000 -435.699593 313.230811
v 38.000000 -438.449593 311.232819
v 30.000000 -439.500000 398.000000
v 30.000000 -438.449593 394.767181
v 30.000000 -435.699593 392.769189
v 30.000000 -432.300407 392.769189
v 30.000000 -429.550407 394.767181
v 30.000000 -428.500000 398.000000
v 30.000000 -429.550407 401.232819
v 30.000000 -432.300407 403.230811
v 30.000000 -435.699593 403.230811
v 30.000000 -438.449593 401.232819
v 38.000000 -439.500000 398.000000
v 38.000000 -438.449593 394.767181
v 38.000000 -435.699593 392.769189
v 38.000000 -432.300407 392.769189
v 38.000000 -429.550407 394.767181
v 38.000000 -428.500000 398.000000
v 38.000000 -429.550407 401.232819
v 38.000000 -432.300407 403.230811
v 38.000000 -435.699593 403.230811
v 38.000000 -438.449593 401.232819
v 30.000000 -439.500000 438.000000
v 30.000000 -438.449593 434.767181
v 30.000000 -435.699593 432.769189
v 30.000000 -432.300407 432.769189
v 30.000000 -429.550407 434.767181
v 30.000000 -428.500000 438.000000
v 30.000000 -429.550407 441.232819
v 30.000000 -432.300407 443.230811
v 30.000000 -435.699593 443.230811
v 30.000000 -438.449593 441.232819
v 38.000000 -439.500000 438.000000
v 38.000000 -438.449593 434.767181
v 38.000000 -435.699593 432.769189
v 38.000000 -432.300407 432.769189
v 38.000000 -429.550407 434.767181
v 38.000000 -428.500000 438.000000
v 38.000000 -429.550407 441.232819
v 38.000000 -432.300407 443.230811
v 38.000000 -435.699593 443.230811
v 38.000000 -438.449593 441.232819
v 30.000000 428.500000 38.000000
v 30.000000 429.550407 34.767181
v 30.000000 432.300407 32.769189
v 30.000000 435.699593 32.769189
v 30.000000 438.449593 34.767181
v 30.000000 439.500000 38.000000
v 30.000000 438.449593 41.232819
v 30.000000 435.699593 43.230811
v 30.000000 432.300407 43.230811
v 30.000000 429.550407 41.232819
v 38.000000 428.500000 38.000000
v 38.000000 429.550407 34.767181
v 38.000000 432.300407 32.769189
v 38.000000 435.699593 32.769189
v 38.000000 438.449593 34.767181
v 38.000000 439.500000 38.000000
v 38.000000 438.449593 41.232819
v 38.000000 435.699593 43.230811
v 38.000000 432.300407 43.230811
v 38.000000 429.550407 41.232819
v 30.000000 428.500000 128.000000
v 30.000000 429.550407 124.767181
v 30.000000 432.300407 122.769189
v 30.000000 435.699593 122.769189
v 30.000000 438.449593 124.767181
v 30.000000 439.500000 128.000000
v 30.000000 438.449593 131.232819
v 30.000000 435.699593 133.230811
v 30.000000 432.300407 133.230811
v 30.000000 429.550407 131.232819
v 38.000000 428.500000 128.000000
v 38.000000 429.550407 124.767181
v 38.000000 432.300407 122.769189
v 38.000000 435.699593 122.769189
v 38.000000 438.449593 124.767181
v 38.000000 439.500000 128.000000
v 38.000000 438.449593 131.232819
v 38.000000 435.699593 133.230811
v 38.000000 432.300407 133.230811
v 38.000000 429.550407 131.232819
v 30.000000 428.500000 218.000000
v 30.000000 429.550407 214.767181
v 30.000000 432.300407 212.769189
v 30.000000 435.699593 212.769189
v 30.000000 438.449593 214.767181
v 30.000000 439.500000 218.000000
v 30.000000 438.449593 221.232819
v 30.000000 435.699593 223.230811
v 30.000000 432.300407 223.230811
v 30.000000 429.550407 221.232819
v 38.000000 428.500000 218.000000
v 38.000000 429.550407 214.767181
v 38.000000 432.300407 212.769189
v 38.000000 435.699593 212.769189
v 38.000000 438.449593 214.767181
v 38.000000 439.500000 218.000000
v 38.000000 438.449593 221.232819
v 38.000000 435.699593 223.230811
v 38.000000 432.300407 223.230811
v 38.000000 429.550407 221.232819
v 30.000000 428.500000 308.000000
v 30.000000 429.550407 304.767181
v 30.000000 432.300407 302.769189
v 30.000000 435.699593 302.769189
v 30.000000 438.449593 304.767181
v 30.000000 439.500000 308.000000
v 30.000000 438.449593 311.232819
v 30.000000 435.699593 313.230811
v 30.000000 432.300407 313.230811
v 30.000000 429.550407 311.232819
v 38.000000 428.500000 308.000000
v 38.000000 429.550407 304.767181
v 38.000000 432.300407 302.769189
v 38.000000 435.699593 302.769189
v 38.000000 438.449593 304.767181
v 38.000000 439.500000 308.000000
v 38.000000 438.449593 311.232819
v 38.000000 435.699593 313.230811
v 38.000000 432.300407 313.230811
v 38.000000 429.550407 311.232819
v 30.000000 428.500000 398.000000
v 30.000000 429.550407 394.767181
v 30.000000 432.300407 392.769189
v 30.000000 435.699593 392.769189
v 30.000000 438.449593 394.767181
v 30.000000 439.500000 398.000000
v 30.000000 438.449593 401.232819
v 30.000000 435.699593 403.230811
v 30.000000 432.300407 403.230811
v 30.000000 429.550407 401.232819
v 38.000000 428.500000 398.000000
v 38.000000 429.550407 394.767181
v 38.000000 432.300407 392.769189
v 38.000000 435.699593 392.769189
v 38.000000 438.449593 394.767181
v 38.000000 439.500000 398.000000
v 38.000000 438.449593 401.232819
v 38.000000 435.699593 403.230811
v 38.000000 432.300407 403.230811
v 38.000000 429.550407 401.232819
v 30.000000 428.500000 438.000000
v 30.000000 429.550407 434.767181
v 30.000000 432.300407 432.769189
v 30.000000 435.699593 432.769189
v 30.000000 438.449593 434.767181
v 30.000000 439.500000 438.000000
v 30.000000 438.449593 441.232819
v 30.000000 435.699593 443.230811
v 30.000000 432.300407 443.230811
v 30.000000 429.550407 441.232819
v 38.000000 428.500000 438.000000
v 38.000000 429.550407 434.767181
v 38.000000 432.300407 432.769189
v 38.000000 435.699593 432.769189
v 38.000000 438.449593 434.767181
v 38.000000 439.500000 438.000000
v 38.000000 438.449593 441.232819
v 38.000000 435.699593 443.230811
v 38.000000 432.300407 443.230811
v 38.000000 429.550407 441.232819
v 30.000000 480.500000 38.000000
v 30.000000 481.550407 34.767181
v 30.000000 484.300407 32.769189
v 30.000000 487.699593 32.769189
v 30.000000 490.449593 34.767181
v 30.000000 491.500000 38.000000
v 30.000000 490.449593 41.232819
v 30.000000 487.699593 43.230811
v 30.000000 484.300407 43.230811
v 30.000000 481.550407 41.232819
v 38.000000 480.500000 38.000000
v 38.000000 481.550407 34.767181
v 38.000000 484.300407 32.769189
v 38.000000 487.699593 32.769189
v 38.000000 490.449593 34.767181
v 38.000000 491.500000 38.000000
v 38.000000 490.449593 41.232819
v 38.000000 487.699593 43.230811
v 38.000000 484.300407 43.230811
v 38.000000 481.550407 41.232819
v 30.000000 480.500000 128.000000
v 30.000000 481.550407 124.767181
v 30.000000 484.300407 122.769189
v 30.000000 487.699593 122.769189
v 30.000000 490.449593 124.767181
v 30.000000 491.500000 128.000000
v 30.000000 490.449593 131.232819
v 30.000000 487.699593 133.230811
v 30.000000 484.300407 133.230811
v 30.000000 481.550407 131.232819
v 38.000000 480.500000 128.000000
v 38.000000 481.550407 124.767181
v 38.000000 484.300407 122.769189
v 38.000000 487.699593 122.769189
v 38.000000 490.449593 124.767181
v 38.000000 491.500000 128.000000
v 38.000000 490.449593 131.232819
v 38.000000 487.699593 133.230811
v 38.000000 484.300407 133.230811
v 38.000000 481.550407 131.232819
v 30.000000 480.500000 218.000000
v 30.000000 481.550407 214.767181
v 30.000000 484.300407 212.769189
v 30.000000 487.699593 212.769189
v 30.000000 490.449593 214.767181
v 30.000000 491.500000 218.000000
v 30.000000 490.449593 221.232819
v 30.000000 487.699593 223.230811
v 30.000000 484.300407 223.230811
v 30.000000 481.550407 221.232819
v 38.000000 480.500000 218.000000
v 38.000000 481.550407 214.767181
v 38.000000 484.300407 212.769189
v 38.000000 487.699593 212.769189
v 38.000000 490.449593 214.767181
v 38.000000 491.500000 218.000000
v 38.000000 490.449593 221.232819
v 38.000000 487.699593 223.230811
v 38.000000 484.300407 223.230811
v 38.000000 481.550407 221.232819
v 30.000000 480.500000 308.000000
v 30.000000 481.550407 304.767181
v 30.000000 484.300407 302.769189
v 30.000000 487.699593 302.769189
v 30.000000 490.449593 304.767181
v 30.000000 491.500000 308.000000
v 30.000000 490.449593 311.232819
v 30.000000 487.699593 313.230811
v 30.000000 484.300407 313.230811
v 30.000000 481.550407 311.232819
v 38.000000 480.500000 308.000000
v 38.000000 481.550407 304.767181
v 38.000000 484.300407 302.769189
v 38.000000 487.699593 302.769189
v 38.000000 490.449593 304.767181
v 38.000000 491.500000 308.000000
v 38.000000 490.449593 311.232819
v 38.000000 487.699593 313.230811
v 38.000000 484.300407 313.230811
v 38.000000 481.550407 311.232819
v 30.000000 480.500000 398.000000
v 30.000000 481.550407 394.767181
v 30.000000 484.300407 392.769189
v 30.000000 487.699593 392.769189
v 30.000000 490.449593 394.767181
v 30.000000 491.500000 398.000000
v 30.000000 490.449593 401.232819
v 30.000000 487.699593 403.230811
v 30.000000 484.300407 403.230811
v 30.000000 481.550407 401.232819
v 38.000000 480.500000 398.000000
v 38.000000 481.550407 394.767181
v 38.000000 484.300407 392.769189
v 38.000000 487.699593 392.769189
v 38.000000 490.449593 394.767181
v 38.000000 491.500000 398.000000
v 38.000000 490.449593 401.232819
v 38.000000 487.699593 403.230811
v 38.000000 484.300407 403.230811
v 38.000000 481.550407 401.232819
v 30.000000 480.500000 438.000000
v 30.000000 481.550407 434.767181
v 30.000000 484.300407 432.769189
v 30.000000 487.699593 432.769189
v 30.000000 490.449593 434.767181
v 30.000000 491.500000 438.000000
v 30.000000 490.449593 441.232819
v 30.000000 487.699593 443.230811
v 30.000000 484.300407 443.230811
v 30.000000 481.550407 441.232819
v 38.000000 480.500000 438.000000
v 38.000000 481.550407 434.767181
v 38.000000 484.300407 432.769189
v 38.000000 487.699593 432.769189
v 38.000000 490.449593 434.767181
v 38.000000 491.500000 438.000000
v 38.000000 490.449593 441.232819
v 38.000000 487.699593 443.230811
v 38.000000 484.300407 443.230811
v 38.000000 481.550407 441.232819
v 30.000000 -365.500000 414.000000
v 30.000000 -364.449593 410.767181
v 30.000000 -361.699593 408.769189
v 30.000000 -358.300407 408.769189
v 30.000000 -355.550407 410.767181
v 30.000000 -354.500000 414.000000
v 30.000000 -355.550407 417.232819
v 30.000000 -358.300407 419.230811
v 30.000000 -361.699593 419.230811
v 30.000000 -364.449593 417.232819
v 38.000000 -365.500000 414.000000
v 38.000000 -364.449593 410.767181
v 38.000000 -361.699593 408.769189
v 38.000000 -358.300407 408.769189
v 38.000000 -355.550407 410.767181
v 38.000000 -354.500000 414.000000
v 38.000000 -355.550407 417.232819
v 38.000000 -358.300407 419.230811
v 38.000000 -361.699593 419.230811
v 38.000000 -364.449593 417.232819
v 30.000000 -365.500000 452.000000
v 30.000000 -364.449593 448.767181
v 30.000000 -361.699593 446.769189
v 30.000000 -358.300407 446.769189
v 30.000000 -355.550407 448.767181
v 30.000000 -354.500000 452.000000
v 30.000000 -355.550407 455.232819
v 30.000000 -358.300407 457.230811
v 30.000000 -361.699593 457.230811
v 30.000000 -364.449593 455.232819
v 38.000000 -365.500000 452.000000
v 38.000000 -364.449593 448.767181
v 38.000000 -361.699593 446.769189
v 38.000000 -358.300407 446.769189
v 38.000000 -355.550407 448.767181
v 38.000000 -354.500000 452.000000
v 38.000000 -355.550407 455.232819
v 38.000000 -358.300407 457.230811
v 38.000000 -361.699593 457.230811
v 38.000000 -364.449593 455.232819
v 30.000000 -245.500000 414.000000
v 30.000000 -244.449593 410.767181
v 30.000000 -241.699593 408.769189
v 30.000000 -238.300407 408.769189
v 30.000000 -235.550407 410.767181
v 30.000000 -234.500000 414.000000
v 30.000000 -235.550407 417.232819
v 30.000000 -238.300407 419.230811
v 30.000000 -241.699593 419.230811
v 30.000000 -244.449593 417.232819
v 38.000000 -245.500000 414.000000
v 38.000000 -244.449593 410.767181
v 38.000000 -241.699593 408.769189
v 38.000000 -238.300407 408.769189
v 38.000000 -235.550407 410.767181
v 38.000000 -234.500000 414.000000
v 38.000000 -235.550407 417.232819
v 38.000000 -238.300407 419.230811
v 38.000000 -241.699593 419.230811
v 38.000000 -244.449593 417.232819
v 30.000000 -245.500000 452.000000
v 30.000000 -244.449593 448.767181
v 30.000000 -241.699593 446.769189
v 30.000000 -238.300407 446.769189
v 30.000000 -235.550407 448.767181
v 30.000000 -234.500000 452.000000
v 30.000000 -235.550407 455.232819
v 30.000000 -238.300407 457.230811
v 30.000000 -241.699593 457.230811
v 30.000000 -244.449593 455.232819
v 38.000000 -245.500000 452.000000
v 38.000000 -244.449593 448.767181
v 38.000000 -241.699593 446.769189
v 38.000000 -238.300407 446.769189
v 38.000000 -235.550407 448.767181
v 38.000000 -234.500000 452.000000
v 38.000000 -235.550407 455.232819
v 38.000000 -238.300407 457.230811
v 38.000000 -241.699593 457.230811
v 38.000000 -244.449593 455.232819
v 30.000000 -125.500000 414.000000
v 30.000000 -124.449593 410.767181
v 30.000000 -121.699593 408.769189
v 30.000000 -118.300407 408.769189
v 30.000000 -115.550407 410.767181
v 30.000000 -114.500000 414.000000
v 30.000000 -115.550407 417.232819
v 30.000000 -118.300407 419.230811
v 30.000000 -121.699593 419.230811
v 30.000000 -124.449593 417.232819
v 38.000000 -125.500000 414.000000
v 38.000000 -124.449593 410.767181
v 38.000000 -121.699593 408.769189
v 38.000000 -118.300407 408.769189
v 38.000000 -115.550407 410.767181
v 38.000000 -114.500000 414.000000
v 38.000000 -115.550407 417.232819
v 38.000000 -118.300407 419.230811
v 38.000000 -121.699593 419.230811
v 38.000000 -124.449593 417.232819
v 30.000000 -125.500000 452.000000
v 30.000000 -124.449593 448.767181
v 30.000000 -121.699593 446.769189
v 30.000000 -118.300407 446.769189
v 30.000000 -115.550407 448.767181
v 30.000000 -114.500000 452.000000
v 30.000000 -115.550407 455.232819
v 30.000000 -118.300407 457.230811
v 30.000000 -121.699593 457.230811
v 30.000000 -124.449593 455.232819
v 38.000000 -125.500000 452.000000
v 38.000000 -124.449593 448.767181
v 38.000000 -121.699593 446.769189
v 38.000000 -118.300407 446.769189
v 38.000000 -115.550407 448.767181
v 38.000000 -114.500000 452.000000
v 38.000000 -115.550407 455.232819
v 38.000000 -118.300407 457.230811
v 38.000000 -121.699593 457.230811
v 38.000000 -124.449593 455.232819
v 30.000000 -5.500000 414.000000
v 30.000000 -4.449593 410.767181
v 30.000000 -1.699593 408.769189
v 30.000000 1.699593 408.769189
v 30.000000 4.449593 410.767181
v 30.000000 5.500000 414.000000
v 30.000000 4.449593 417.232819
v 30.000000 1.699593 419.230811
v 30.000000 -1.699593 419.230811
v 30.000000 -4.449593 417.232819
v 38.000000 -5.500000 414.000000
v 38.000000 -4.449593 410.767181
v 38.000000 -1.699593 408.769189
v 38.000000 1.699593 408.769189
v 38.000000 4.449593 410.767181
v 38.000000 5.500000 414.000000
v 38.000000 4.449593 417.232819
v 38.000000 1.699593 419.230811
v 38.000000 -1.699593 419.230811
v 38.000000 -4.449593 417.232819
v 30.000000 -5.500000 452.000000
v 30.000000 -4.449593 448.767181
v 30.000000 -1.699593 446.769189
v 30.000000 1.699593 446.769189
v 30.000000 4.449593 448.767181
v 30.000000 5.500000 452.000000
v 30.000000 4.449593 455.232819
v 30.000000 1.699593 457.230811
v 30.000000 -1.699593 457.230811
v 30.000000 -4.449593 455.232819
v 38.000000 -5.500000 452.000000
v 38.000000 -4.449593 448.767181
v 38.000000 -1.699593 446.769189
v 38.000000 1.699593 446.769189
v 38.000000 4.449593 448.767181
v 38.000000 5.500000 452.000000
v 38.000000 4.449593 455.232819
v 38.000000 1.699593 457.230811
v 38.000000 -1.699593 457.230811
v 38.000000 -4.449593 455.232819
v 30.000000 114.500000 414.000000
v 30.000000 115.550407 410.767181
v 30.000000 118.300407 408.769189
v 30.000000 121.699593 408.769189
v 30.000000 124.449593 410.767181
v 30.000000 125.500000 414.000000
v 30.000000 124.449593 417.232819
v 30.000000 121.699593 419.230811
v 30.000000 118.300407 419.230811
v 30.000000 115.550407 417.232819
v 38.000000 114.500000 414.000000
v 38.000000 115.550407 410.767181
v 38.000000 118.300407 408.769189
v 38.000000 121.699593 408.769189
v 38.000000 124.449593 410.767181
v 38.000000 125.500000 414.000000
v 38.000000 124.449593 417.232819
v 38.000000 121.699593 419.230811
v 38.000000 118.300407 419.230811
v 38.000000 115.550407 417.232819
v 30.000000 114.500000 452.000000
v 30.000000 115.550407 448.767181
v 30.000000 118.300407 446.769189
v 30.000000 121.699593 446.769189
v 30.000000 124.449593 448.767181
v 30.000000 125.500000 452.000000
v 30.000000 124.449593 455.232819
v 30.000000 121.699593 457.230811
v 30.000000 118.300407 457.230811
v 30.000000 115.550407 455.232819
v 38.000000 114.500000 452.000000
v 38.000000 115.550407 448.767181
v 38.000000 118.300407 446.769189
v 38.000000 121.699593 446.769189
v 38.000000 124.449593 448.767181
v 38.000000 125.500000 452.000000
v 38.000000 124.449593 455.232819
v 38.000000 121.699593 457.230811
v 38.000000 118.300407 457.230811
v 38.000000 115.550407 455.232819
v 30.000000 234.500000 414.000000
v 30.000000 235.550407 410.767181
v 30.000000 238.300407 408.769189
v 30.000000 241.699593 408.769189
v 30.000000 244.449593 410.767181
v 30.000000 245.500000 414.000000
v 30.000000 244.449593 417.232819
v 30.000000 241.699593 419.230811
v 30.000000 238.300407 419.230811
v 30.000000 235.550407 417.232819
v 38.000000 234.500000 414.000000
v 38.000000 235.550407 410.767181
v 38.000000 238.300407 408.769189
v 38.000000 241.699593 408.769189
v 38.000000 244.449593 410.767181
v 38.000000 245.500000 414.000000
v 38.000000 244.449593 417.232819
v 38.000000 241.699593 419.230811
v 38.000000 238.300407 419.230811
v 38.000000 235.550407 417.232819
v 30.000000 234.500000 452.000000
v 30.000000 235.550407 448.767181
v 30.000000 238.300407 446.769189
v 30.000000 241.699593 446.769189
v 30.000000 244.449593 448.767181
v 30.000000 245.500000 452.000000
v 30.000000 244.449593 455.232819
v 30.000000 241.699593 457.230811
v 30.000000 238.300407 457.230811
v 30.000000 235.550407 455.232819
v 38.000000 234.500000 452.000000
v 38.000000 235.550407 448.767181
v 38.000000 238.300407 446.769189
v 38.000000 241.699593 446.769189
v 38.000000 244.449593 448.767181
v 38.000000 245.500000 452.000000
v 38.000000 244.449593 455.232819
v 38.000000 241.699593 457.230811
v 38.000000 238.300407 457.230811
v 38.000000 235.550407 455.232819
v 30.000000 354.500000 414.000000
v 30.000000 355.550407 410.767181
v 30.000000 358.300407 408.769189
v 30.000000 361.699593 408.769189
v 30.000000 364.449593 410.767181
v 30.000000 365.500000 414.000000
v 30.000000 364.449593 417.232819
v 30.000000 361.699593 419.230811
v 30.000000 358.300407 419.230811
v 30.000000 355.550407 417.232819
v 38.000000 354.500000 414.000000
v 38.000000 355.550407 410.767181
v 38.000000 358.300407 408.769189
v 38.000000 361.699593 408.769189
v 38.000000 364.449593 410.767181
v 38.000000 365.500000 414.000000
v 38.000000 364.449593 417.232819
v 38.000000 361.699593 419.230811
v 38.000000 358.300407 419.230811
v 38.000000 355.550407 417.232819
v 30.000000 354.500000 452.000000
v 30.000000 355.550407 448.767181
v 30.000000 358.300407 446.769189
v 30.000000 361.699593 446.769189
v 30.000000 364.449593 448.767181
v 30.000000 365.500000 452.000000
v 30.000000 364.449593 455.232819
v 30.000000 361.699593 457.230811
v 30.000000 358.300407 457.230811
v 30.000000 355.550407 455.232819
v 38.000000 354.500000 452.000000
v 38.000000 355.550407 448.767181
v 38.000000 358.300407 446.769189
v 38.000000 361.699593 446.769189
v 38.000000 364.449593 448.767181
v 38.000000 365.500000 452.000000
v 38.000000 364.449593 455.232819
v 38.000000 361.699593 457.230811
v 38.000000 358.300407 457.230811
v 38.000000 355.550407 455.232819
v -72.000000 -400.000000 102.000000
v 18.000000 -400.000000 102.000000
v -72.000000 -394.000000 102.000000
v 18.000000 -394.000000 102.000000
v -72.000000 -400.000000 188.000000
v 18.000000 -400.000000 188.000000
v -72.000000 -394.000000 188.000000
v 18.000000 -394.000000 188.000000
v -48.000000 394.000000 112.000000
v 18.000000 394.000000 112.000000
v -48.000000 400.000000 112.000000
v 18.000000 400.000000 112.000000
v -48.000000 394.000000 205.000000
v 18.000000 394.000000 205.000000
v -48.000000 400.000000 205.000000
v 18.000000 400.000000 205.000000
v -57.200000 -391.000000 114.000000
v -58.312994 -391.000000 111.312994
v -61.000000 -391.000000 110.200000
v -63.687006 -391.000000 111.312994
v -64.800000 -391.000000 114.000000
v -63.687006 -391.000000 116.687006
v -61.000000 -391.000000 117.800000
v -58.312994 -391.000000 116.687006
v -57.200000 -385.000000 114.000000
v -58.312994 -385.000000 111.312994
v -61.000000 -385.000000 110.200000
v -63.687006 -385.000000 111.312994
v -64.800000 -385.000000 114.000000
v -63.687006 -385.000000 116.687006
v -61.000000 -385.000000 117.800000
v -58.312994 -385.000000 116.687006
v 10.800000 -391.000000 176.000000
v 9.687006 -391.000000 173.312994
v 7.000000 -391.000000 172.200000
v 4.312994 -391.000000 173.312994
v 3.200000 -391.000000 176.000000
v 4.312994 -391.000000 178.687006
v 7.000000 -391.000000 179.800000
v 9.687006 -391.000000 178.687006
v 10.800000 -385.000000 176.000000
v 9.687006 -385.000000 173.312994
v 7.000000 -385.000000 172.200000
v 4.312994 -385.000000 173.312994
v 3.200000 -385.000000 176.000000
v 4.312994 -385.000000 178.687006
v 7.000000 -385.000000 179.800000
v 9.687006 -385.000000 178.687006
v -40.800000 391.000000 124.000000
v -39.687006 391.000000 121.312994
v -37.000000 391.000000 120.200000
v -34.312994 391.000000 121.312994
v -33.200000 391.000000 124.000000
v -34.312994 391.000000 126.687006
v -37.000000 391.000000 127.800000
v -39.687006 391.000000 126.687006
v -40.800000 385.000000 124.000000
v -39.687006 385.000000 121.312994
v -37.000000 385.000000 120.200000
v -34.312994 385.000000 121.312994
v -33.200000 385.000000 124.000000
v -34.312994 385.000000 126.687006
v -37.000000 385.000000 127.800000
v -39.687006 385.000000 126.687006
v 3.200000 391.000000 193.000000
v 4.312994 391.000000 190.312994
v 7.000000 391.000000 189.200000
v 9.687006 391.000000 190.312994
v 10.800000 391.000000 193.000000
v 9.687006 391.000000 195.687006
v 7.000000 391.000000 196.800000
v 4.312994 391.000000 195.687006
v 3.200000 385.000000 193.000000
v 4.312994 385.000000 190.312994
v 7.000000 385.000000 189.200000
v 9.687006 385.000000 190.312994
v 10.800000 385.000000 193.000000
v 9.687006 385.000000 195.687006
v 7.000000 385.000000 196.800000
v 4.312994 385.000000 195.687006
v -132.000000 -320.000000 -48.000000
v -129.000000 -320.000000 -48.000000
v -132.000000 320.000000 -48.000000
v -129.000000 320.000000 -48.000000
v -132.000000 -320.000000 0.000000
v -129.000000 -320.000000 0.000000
v -132.000000 320.000000 0.000000
v -129.000000 320.000000 0.000000
v -132.000000 -505.000000 0.000000
v -129.000000 -505.000000 0.000000
v -132.000000 -430.000000 0.000000
v -129.000000 -430.000000 0.000000
v -132.000000 -505.000000 104.000000
v -129.000000 -505.000000 104.000000
v -132.000000 -430.000000 104.000000
v -129.000000 -430.000000 104.000000
v -132.000000 442.000000 0.000000
v -129.000000 442.000000 0.000000
v -132.000000 505.000000 0.000000
v -129.000000 505.000000 0.000000
v -132.000000 442.000000 76.000000
v -129.000000 442.000000 76.000000
v -132.000000 505.000000 76.000000
v -129.000000 505.000000 76.000000
v -132.000000 -318.000000 392.000000
v -129.000000 -318.000000 392.000000
v -132.000000 -272.000000 392.000000
v -129.000000 -272.000000 392.000000
v -132.000000 -318.000000 452.000000
v -129.000000 -318.000000 452.000000
v -132.000000 -272.000000 452.000000
v -129.000000 -272.000000 452.000000
v -132.000000 126.000000 392.000000
v -129.000000 126.000000 392.000000
v -132.000000 174.000000 392.000000
v -129.000000 174.000000 392.000000
v -132.000000 126.000000 436.000000
v -129.000000 126.000000 436.000000
v -132.000000 174.000000 436.000000
v -129.000000 174.000000 436.000000
vt -1.290000 -5.200000
vt 0.120000 -5.200000
vt 0.120000 -4.000000
vt -1.290000 -4.000000
vt -1.290000 -5.200000
vt -1.290000 -4.000000
vt 0.120000 -4.000000
vt 0.120000 -5.200000
vt -1.290000 0.000000
vt -1.290000 4.500000
vt 0.120000 4.500000
vt 0.120000 0.000000
vt -1.290000 0.000000
vt 0.120000 0.000000
vt 0.120000 4.500000
vt -1.290000 4.500000
vt -5.200000 0.000000
vt -4.000000 0.000000
vt -4.000000 4.500000
vt -5.200000 4.500000
vt -5.200000 0.000000
vt -5.200000 4.500000
vt -4.000000 4.500000
vt -4.000000 0.000000
vt -1.290000 4.000000
vt 0.120000 4.000000
vt 0.120000 5.200000
vt -1.290000 5.200000
vt -1.290000 4.000000
vt -1.290000 5.200000
vt 0.120000 5.200000
vt 0.120000 4.000000
vt -1.290000 0.000000
vt -1.290000 4.500000
vt 0.120000 4.500000
vt 0.120000 0.000000
vt -1.290000 0.000000
vt 0.120000 0.000000
vt 0.120000 4.500000
vt -1.290000 4.500000
vt 4.000000 0.000000
vt 5.200000 0.000000
vt 5.200000 4.500000
vt 4.000000 4.500000
vt 4.000000 0.000000
vt 4.000000 4.500000
vt 5.200000 4.500000
vt 5.200000 0.000000
vt -1.290000 -4.000000
vt 0.120000 -4.000000
vt 0.120000 4.000000
vt -1.290000 4.000000
vt -1.290000 -4.000000
vt -1.290000 4.000000
vt 0.120000 4.000000
vt 0.120000 -4.000000
vt -1.290000 3.920000
vt -1.290000 4.700000
vt 0.120000 4.700000
vt 0.120000 3.920000
vt -1.290000 3.920000
vt 0.120000 3.920000
vt 0.120000 4.700000
vt -1.290000 4.700000
vt -4.000000 3.920000
vt 4.000000 3.920000
vt 4.000000 4.700000
vt -4.000000 4.700000
vt -4.000000 3.920000
vt -4.000000 4.700000
vt 4.000000 4.700000
vt 4.000000 3.920000
vt 0.120000 -5.200000
vt 0.300000 -5.200000
vt 0.300000 -4.000000
vt 0.120000 -4.000000
vt 0.120000 -5.200000
vt 0.120000 -4.000000
vt 0.300000 -4.000000
vt 0.300000 -5.200000
vt 0.120000 0.000000
vt 0.120000 4.500000
vt 0.300000 4.500000
vt 0.300000 0.000000
vt 0.120000 0.000000
vt 0.300000 0.000000
vt 0.300000 4.500000
vt 0.120000 4.500000
vt -5.200000 0.000000
vt -4.000000 0.000000
vt -4.000000 4.500000
vt -5.200000 4.500000
vt -5.200000 0.000000
vt -5.200000 4.500000
vt -4.000000 4.500000
vt -4.000000 0.000000
vt 0.120000 4.000000
vt 0.300000 4.000000
vt 0.300000 5.200000
vt 0.120000 5.200000
vt 0.120000 4.000000
vt 0.120000 5.200000
vt 0.300000 5.200000
vt 0.300000 4.000000
vt 0.120000 0.000000
vt 0.120000 4.500000
vt 0.300000 4.500000
vt 0.300000 0.000000
vt 0.120000 0.000000
vt 0.300000 0.000000
vt 0.300000 4.500000
vt 0.120000 4.500000
vt 4.000000 0.000000
vt 5.200000 0.000000
vt 5.200000 4.500000
vt 4.000000 4.500000
vt 4.000000 0.000000
vt 4.000000 4.500000
vt 5.200000 4.500000
vt 5.200000 0.000000
vt 0.120000 -5.200000
vt 0.300000 -5.200000
vt 0.300000 5.200000
vt 0.120000 5.200000
vt 0.120000 -5.200000
vt 0.120000 5.200000
vt 0.300000 5.200000
vt 0.300000 -5.200000
vt 0.120000 3.920000
vt 0.120000 4.700000
vt 0.300000 4.700000
vt 0.300000 3.920000
vt 0.120000 3.920000
vt 0.300000 3.920000
vt 0.300000 4.700000
vt 0.120000 4.700000
vt -5.200000 3.920000
vt 5.200000 3.920000
vt 5.200000 4.700000
vt -5.200000 4.700000
vt -5.200000 3.920000
vt -5.200000 4.700000
vt 5.200000 4.700000
vt 5.200000 3.920000
vt -1.250000 -4.140000
vt 0.120000 -4.140000
vt 0.120000 -4.000000
vt -1.250000 -4.000000
vt -1.250000 -4.140000
vt -1.250000 -4.000000
vt 0.120000 -4.000000
vt 0.120000 -4.140000
vt -1.250000 0.080000
vt -1.250000 3.920000
vt 0.120000 3.920000
vt 0.120000 0.080000
vt -1.250000 0.080000
vt 0.120000 0.080000
vt 0.120000 3.920000
vt -1.250000 3.920000
vt -4.140000 0.080000
vt -4.000000 0.080000
vt -4.000000 3.920000
vt -4.140000 3.920000
vt -4.140000 0.080000
vt -4.140000 3.920000
vt -4.000000 3.920000
vt -4.000000 0.080000
vt -1.250000 4.000000
vt 0.120000 4.000000
vt 0.120000 4.140000
vt -1.250000 4.140000
vt -1.250000 4.000000
vt -1.250000 4.140000
vt 0.120000 4.140000
vt 0.120000 4.000000
vt -1.250000 0.080000
vt -1.250000 3.920000
vt 0.120000 3.920000
vt 0.120000 0.080000
vt -1.250000 0.080000
vt 0.120000 0.080000
vt 0.120000 3.920000
vt -1.250000 3.920000
vt 4.000000 0.080000
vt 4.140000 0.080000
vt 4.140000 3.920000
vt 4.000000 3.920000
vt 4.000000 0.080000
vt 4.000000 3.920000
vt 4.140000 3.920000
vt 4.140000 0.080000
vt -1.250000 -4.000000
vt 0.120000 -4.000000
vt 0.120000 4.000000
vt -1.250000 4.000000
vt -1.250000 -4.000000
vt -1.250000 4.000000
vt 0.120000 4.000000
vt 0.120000 -4.000000
vt -1.250000 3.780000
vt -1.250000 3.920000
vt 0.120000 3.920000
vt 0.120000 3.780000
vt -1.250000 3.780000
vt 0.120000 3.780000
vt 0.120000 3.920000
vt -1.250000 3.920000
vt -4.000000 3.780000
vt 4.000000 3.780000
vt 4.000000 3.920000
vt -4.000000 3.920000
vt -4.000000 3.780000
vt -4.000000 3.920000
vt 4.000000 3.920000
vt 4.000000 3.780000
vt -1.290000 -4.000000
vt 0.300000 -4.000000
vt 0.300000 4.000000
vt -1.290000 4.000000
vt -1.290000 -4.000000
vt -1.290000 4.000000
vt 0.300000 4.000000
vt 0.300000 -4.000000
vt -1.290000 0.000000
vt -1.290000 0.080000
vt 0.300000 0.080000
vt 0.300000 0.000000
vt -1.290000 0.000000
vt 0.300000 0.000000
vt 0.300000 0.080000
vt -1.290000 0.080000
vt -4.000000 0.000000
vt 4.000000 0.000000
vt 4.000000 0.080000
vt -4.000000 0.080000
vt -4.000000 0.000000
vt -4.000000 0.080000
vt 4.000000 0.080000
vt 4.000000 0.000000
vt -1.145000 -3.960000
vt -1.095000 -3.960000
vt -1.095000 3.960000
vt -1.145000 3.960000
vt -1.145000 -3.960000
vt -1.145000 3.960000
vt -1.095000 3.960000
vt -1.095000 -3.960000
vt -1.145000 0.080000
vt -1.145000 0.110000
vt -1.095000 0.110000
vt -1.095000 0.080000
vt -1.145000 0.080000
vt -1.095000 0.080000
vt -1.095000 0.110000
vt -1.145000 0.110000
vt -3.960000 0.080000
vt 3.960000 0.080000
vt 3.960000 0.110000
vt -3.960000 0.110000
vt -3.960000 0.080000
vt -3.960000 0.110000
vt 3.960000 0.110000
vt 3.960000 0.080000
vt -0.785000 -3.960000
vt -0.735000 -3.960000
vt -0.735000 3.960000
vt -0.785000 3.960000
vt -0.785000 -3.960000
vt -0.785000 3.960000
vt -0.735000 3.960000
vt -0.735000 -3.960000
vt -0.785000 0.080000
vt -0.785000 0.110000
vt -0.735000 0.110000
vt -0.735000 0.080000
vt -0.785000 0.080000
vt -0.735000 0.080000
vt -0.735000 0.110000
vt -0.785000 0.110000
vt -3.960000 0.080000
vt 3.960000 0.080000
vt 3.960000 0.110000
vt -3.960000 0.110000
vt -3.960000 0.080000
vt -3.960000 0.110000
vt 3.960000 0.110000
vt 3.960000 0.080000
vt -0.425000 -3.960000
vt -0.375000 -3.960000
vt -0.375000 3.960000
vt -0.425000 3.960000
vt -0.425000 -3.960000
vt -0.425000 3.960000
vt -0.375000 3.960000
vt -0.375000 -3.960000
vt -0.425000 0.080000
vt -0.425000 0.110000
vt -0.375000 0.110000
vt -0.375000 0.080000
vt -0.425000 0.080000
vt -0.375000 0.080000
vt -0.375000 0.110000
vt -0.425000 0.110000
vt -3.960000 0.080000
vt 3.960000 0.080000
vt 3.960000 0.110000
vt -3.960000 0.110000
vt -3.960000 0.080000
vt -3.960000 0.110000
vt 3.960000 0.110000
vt 3.960000 0.080000
vt -0.065000 -3.960000
vt -0.015000 -3.960000
vt -0.015000 3.960000
vt -0.065000 3.960000
vt -0.065000 -3.960000
vt -0.065000 3.960000
vt -0.015000 3.960000
vt -0.015000 -3.960000
vt -0.065000 0.080000
vt -0.065000 0.110000
vt -0.015000 0.110000
vt -0.015000 0.080000
vt -0.065000 0.080000
vt -0.015000 0.080000
vt -0.015000 0.110000
vt -0.065000 0.110000
vt -3.960000 0.080000
vt 3.960000 0.080000
vt 3.960000 0.110000
vt -3.960000 0.110000
vt -3.960000 0.080000
vt -3.960000 0.110000
vt 3.960000 0.110000
vt 3.960000 0.080000
vt 0.255000 -3.960000
vt 0.305000 -3.960000
vt 0.305000 3.960000
vt 0.255000 3.960000
vt 0.255000 -3.960000
vt 0.255000 3.960000
vt 0.305000 3.960000
vt 0.305000 -3.960000
vt 0.255000 0.080000
vt 0.255000 0.110000
vt 0.305000 0.110000
vt 0.305000 0.080000
vt 0.255000 0.080000
vt 0.305000 0.080000
vt 0.305000 0.110000
vt 0.255000 0.110000
vt -3.960000 0.080000
vt 3.960000 0.080000
vt 3.960000 0.110000
vt -3.960000 0.110000
vt -3.960000 0.080000
vt -3.960000 0.110000
vt 3.960000 0.110000
vt 3.960000 0.080000
vt 0.180000 -3.950000
vt 0.460000 -3.950000
vt 0.460000 3.950000
vt 0.180000 3.950000
vt 0.180000 -3.950000
vt 0.180000 3.950000
vt 0.460000 3.950000
vt 0.460000 -3.950000
vt 0.180000 3.650000
vt 0.180000 3.900000
vt 0.460000 3.900000
vt 0.460000 3.650000
vt 0.180000 3.650000
vt 0.460000 3.650000
vt 0.460000 3.900000
vt 0.180000 3.900000
vt -3.950000 3.650000
vt 3.950000 3.650000
vt 3.950000 3.900000
vt -3.950000 3.900000
vt -3.950000 3.650000
vt -3.950000 3.900000
vt 3.950000 3.900000
vt 3.950000 3.650000
vt 0.340000 -3.920000
vt 0.520000 -3.920000
vt 0.520000 3.920000
vt 0.340000 3.920000
vt 0.340000 -3.920000
vt 0.340000 3.920000
vt 0.520000 3.920000
vt 0.520000 -3.920000
vt 0.340000 3.720000
vt 0.340000 3.840000
vt 0.520000 3.840000
vt 0.520000 3.720000
vt 0.340000 3.720000
vt 0.520000 3.720000
vt 0.520000 3.840000
vt 0.340000 3.840000
vt -3.920000 3.720000
vt 3.920000 3.720000
vt 3.920000 3.840000
vt -3.920000 3.840000
vt -3.920000 3.720000
vt -3.920000 3.840000
vt 3.920000 3.840000
vt 3.920000 3.720000
vt 0.200000 -2.930000
vt 0.500000 -2.930000
vt 0.500000 -2.170000
vt 0.200000 -2.170000
vt 0.200000 -2.930000
vt 0.200000 -2.170000
vt 0.500000 -2.170000
vt 0.500000 -2.930000
vt 0.200000 3.550000
vt 0.200000 4.050000
vt 0.500000 4.050000
vt 0.500000 3.550000
vt 0.200000 3.550000
vt 0.500000 3.550000
vt 0.500000 4.050000
vt 0.200000 4.050000
vt -2.930000 3.550000
vt -2.170000 3.550000
vt -2.170000 4.050000
vt -2.930000 4.050000
vt -2.930000 3.550000
vt -2.930000 4.050000
vt -2.170000 4.050000
vt -2.170000 3.550000
vt -2.645263 3.845000
vt -2.605000 3.885263
vt -2.550000 3.900000
vt -2.495000 3.885263
vt -2.454737 3.845000
vt -2.440000 3.790000
vt -2.454737 3.735000
vt -2.495000 3.694737
vt -2.550000 3.680000
vt -2.605000 3.694737
vt -2.645263 3.735000
vt -2.660000 3.790000
vt -2.660000 3.790000
vt -2.645263 3.735000
vt -2.605000 3.694737
vt -2.550000 3.680000
vt -2.495000 3.694737
vt -2.454737 3.735000
vt -2.440000 3.790000
vt -2.454737 3.845000
vt -2.495000 3.885263
vt -2.550000 3.900000
vt -2.605000 3.885263
vt -2.645263 3.845000
vt 0.140000 3.790000
vt 0.140000 3.735000
vt 0.540000 3.735000
vt 0.540000 3.790000
vt 0.140000 -2.645263
vt 0.140000 -2.605000
vt 0.540000 -2.605000
vt 0.540000 -2.645263
vt 0.140000 -2.605000
vt 0.140000 -2.550000
vt 0.540000 -2.550000
vt 0.540000 -2.605000
vt 0.140000 -2.550000
vt 0.140000 -2.495000
vt 0.540000 -2.495000
vt 0.540000 -2.550000
vt 0.140000 3.694737
vt 0.140000 3.735000
vt 0.540000 3.735000
vt 0.540000 3.694737
vt 0.140000 3.735000
vt 0.140000 3.790000
vt 0.540000 3.790000
vt 0.540000 3.735000
vt 0.140000 3.790000
vt 0.140000 3.845000
vt 0.540000 3.845000
vt 0.540000 3.790000
vt 0.140000 3.845000
vt 0.140000 3.885263
vt 0.540000 3.885263
vt 0.540000 3.845000
vt 0.140000 -2.495000
vt 0.140000 -2.550000
vt 0.540000 -2.550000
vt 0.540000 -2.495000
vt 0.140000 -2.550000
vt 0.140000 -2.605000
vt 0.540000 -2.605000
vt 0.540000 -2.550000
vt 0.140000 -2.605000
vt 0.140000 -2.645263
vt 0.540000 -2.645263
vt 0.540000 -2.605000
vt 0.140000 3.845000
vt 0.140000 3.790000
vt 0.540000 3.790000
vt 0.540000 3.845000
vt 0.200000 2.170000
vt 0.500000 2.170000
vt 0.500000 2.930000
vt 0.200000 2.930000
vt 0.200000 2.170000
vt 0.200000 2.930000
vt 0.500000 2.930000
vt 0.500000 2.170000
vt 0.200000 3.550000
vt 0.200000 4.050000
vt 0.500000 4.050000
vt 0.500000 3.550000
vt 0.200000 3.550000
vt 0.500000 3.550000
vt 0.500000 4.050000
vt 0.200000 4.050000
vt 2.170000 3.550000
vt 2.930000 3.550000
vt 2.930000 4.050000
vt 2.170000 4.050000
vt 2.170000 3.550000
vt 2.170000 4.050000
vt 2.930000 4.050000
vt 2.930000 3.550000
vt 2.454737 3.845000
vt 2.495000 3.885263
vt 2.550000 3.900000
vt 2.605000 3.885263
vt 2.645263 3.845000
vt 2.660000 3.790000
vt 2.645263 3.735000
vt 2.605000 3.694737
vt 2.550000 3.680000
vt 2.495000 3.694737
vt 2.454737 3.735000
vt 2.440000 3.790000
vt 2.440000 3.790000
vt 2.454737 3.735000
vt 2.495000 3.694737
vt 2.550000 3.680000
vt 2.605000 3.694737
vt 2.645263 3.735000
vt 2.660000 3.790000
vt 2.645263 3.845000
vt 2.605000 3.885263
vt 2.550000 3.900000
vt 2.495000 3.885263
vt 2.454737 3.845000
vt 0.140000 3.790000
vt 0.140000 3.735000
vt 0.540000 3.735000
vt 0.540000 3.790000
vt 0.140000 3.735000
vt 0.140000 3.694737
vt 0.540000 3.694737
vt 0.540000 3.735000
vt 0.140000 2.495000
vt 0.140000 2.550000
vt 0.540000 2.550000
vt 0.540000 2.495000
vt 0.140000 2.550000
vt 0.140000 2.605000
vt 0.540000 2.605000
vt 0.540000 2.550000
vt 0.140000 2.605000
vt 0.140000 2.645263
vt 0.540000 2.645263
vt 0.540000 2.605000
vt 0.140000 3.735000
vt 0.140000 3.790000
vt 0.540000 3.790000
vt 0.540000 3.735000
vt 0.140000 3.790000
vt 0.140000 3.845000
vt 0.540000 3.845000
vt 0.540000 3.790000
vt 0.140000 2.645263
vt 0.140000 2.605000
vt 0.540000 2.605000
vt 0.540000 2.645263
vt 0.140000 2.605000
vt 0.140000 2.550000
vt 0.540000 2.550000
vt 0.540000 2.605000
vt 0.140000 2.550000
vt 0.140000 2.495000
vt 0.540000 2.495000
vt 0.540000 2.550000
vt 0.140000 3.885263
vt 0.140000 3.845000
vt 0.540000 3.845000
vt 0.540000 3.885263
vt 0.140000 3.845000
vt 0.140000 3.790000
vt 0.540000 3.790000
vt 0.540000 3.845000
vt 0.180000 -4.480000
vt 0.480000 -4.480000
vt 0.480000 -4.000000
vt 0.180000 -4.000000
vt 0.180000 -4.480000
vt 0.180000 -4.000000
vt 0.480000 -4.000000
vt 0.480000 -4.480000
vt 0.180000 0.580000
vt 0.180000 1.060000
vt 0.480000 1.060000
vt 0.480000 0.580000
vt 0.180000 0.580000
vt 0.480000 0.580000
vt 0.480000 1.060000
vt 0.180000 1.060000
vt -4.480000 0.580000
vt -4.000000 0.580000
vt -4.000000 1.060000
vt -4.480000 1.060000
vt -4.480000 0.580000
vt -4.480000 1.060000
vt -4.000000 1.060000
vt -4.000000 0.580000
vt 0.380000 -4.033397
vt 0.416603 -4.070000
vt 0.430000 -4.120000
vt 0.416603 -4.170000
vt 0.380000 -4.206603
vt 0.330000 -4.220000
vt 0.280000 -4.206603
vt 0.243397 -4.170000
vt 0.230000 -4.120000
vt 0.243397 -4.070000
vt 0.280000 -4.033397
vt 0.330000 -4.020000
vt 0.330000 -4.020000
vt 0.280000 -4.033397
vt 0.243397 -4.070000
vt 0.230000 -4.120000
vt 0.243397 -4.170000
vt 0.280000 -4.206603
vt 0.330000 -4.220000
vt 0.380000 -4.206603
vt 0.416603 -4.170000
vt 0.430000 -4.120000
vt 0.416603 -4.070000
vt 0.380000 -4.033397
vt 0.330000 0.520000
vt 0.280000 0.520000
vt 0.280000 1.120000
vt 0.330000 1.120000
vt 0.280000 0.520000
vt 0.243397 0.520000
vt 0.243397 1.120000
vt 0.280000 1.120000
vt -4.070000 0.520000
vt -4.120000 0.520000
vt -4.120000 1.120000
vt -4.070000 1.120000
vt -4.120000 0.520000
vt -4.170000 0.520000
vt -4.170000 1.120000
vt -4.120000 1.120000
vt 0.243397 0.520000
vt 0.280000 0.520000
vt 0.280000 1.120000
vt 0.243397 1.120000
vt 0.280000 0.520000
vt 0.330000 0.520000
vt 0.330000 1.120000
vt 0.280000 1.120000
vt 0.330000 0.520000
vt 0.380000 0.520000
vt 0.380000 1.120000
vt 0.330000 1.120000
vt 0.380000 0.520000
vt 0.416603 0.520000
vt 0.416603 1.120000
vt 0.380000 1.120000
vt -4.170000 0.520000
vt -4.120000 0.520000
vt -4.120000 1.120000
vt -4.170000 1.120000
vt -4.120000 0.520000
vt -4.070000 0.520000
vt -4.070000 1.120000
vt -4.120000 1.120000
vt 0.416603 0.520000
vt 0.380000 0.520000
vt 0.380000 1.120000
vt 0.416603 1.120000
vt 0.380000 0.520000
vt 0.330000 0.520000
vt 0.330000 1.120000
vt 0.380000 1.120000
vt 0.180000 -4.480000
vt 0.480000 -4.480000
vt 0.480000 -4.000000
vt 0.180000 -4.000000
vt 0.180000 -4.480000
vt 0.180000 -4.000000
vt 0.480000 -4.000000
vt 0.480000 -4.480000
vt 0.180000 1.780000
vt 0.180000 2.260000
vt 0.480000 2.260000
vt 0.480000 1.780000
vt 0.180000 1.780000
vt 0.480000 1.780000
vt 0.480000 2.260000
vt 0.180000 2.260000
vt -4.480000 1.780000
vt -4.000000 1.780000
vt -4.000000 2.260000
vt -4.480000 2.260000
vt -4.480000 1.780000
vt -4.480000 2.260000
vt -4.000000 2.260000
vt -4.000000 1.780000
vt 0.380000 -4.033397
vt 0.416603 -4.070000
vt 0.430000 -4.120000
vt 0.416603 -4.170000
vt 0.380000 -4.206603
vt 0.330000 -4.220000
vt 0.280000 -4.206603
vt 0.243397 -4.170000
vt 0.230000 -4.120000
vt 0.243397 -4.070000
vt 0.280000 -4.033397
vt 0.330000 -4.020000
vt 0.330000 -4.020000
vt 0.280000 -4.033397
vt 0.243397 -4.070000
vt 0.230000 -4.120000
vt 0.243397 -4.170000
vt 0.280000 -4.206603
vt 0.330000 -4.220000
vt 0.380000 -4.206603
vt 0.416603 -4.170000
vt 0.430000 -4.120000
vt 0.416603 -4.070000
vt 0.380000 -4.033397
vt 0.330000 1.720000
vt 0.280000 1.720000
vt 0.280000 2.320000
vt 0.330000 2.320000
vt 0.280000 1.720000
vt 0.243397 1.720000
vt 0.243397 2.320000
vt 0.280000 2.320000
vt -4.070000 1.720000
vt -4.120000 1.720000
vt -4.120000 2.320000
vt -4.070000 2.320000
vt -4.120000 1.720000
vt -4.170000 1.720000
vt -4.170000 2.320000
vt -4.120000 2.320000
vt 0.243397 1.720000
vt 0.280000 1.720000
vt 0.280000 2.320000
vt 0.243397 2.320000
vt 0.280000 1.720000
vt 0.330000 1.720000
vt 0.330000 2.320000
vt 0.280000 2.320000
vt 0.330000 1.720000
vt 0.380000 1.720000
vt 0.380000 2.320000
vt 0.330000 2.320000
vt 0.380000 1.720000
vt 0.416603 1.720000
vt 0.416603 2.320000
vt 0.380000 2.320000
vt -4.170000 1.720000
vt -4.120000 1.720000
vt -4.120000 2.320000
vt -4.170000 2.320000
vt -4.120000 1.720000
vt -4.070000 1.720000
vt -4.070000 2.320000
vt -4.120000 2.320000
vt 0.416603 1.720000
vt 0.380000 1.720000
vt 0.380000 2.320000
vt 0.416603 2.320000
vt 0.380000 1.720000
vt 0.330000 1.720000
vt 0.330000 2.320000
vt 0.380000 2.320000
vt 0.180000 -4.480000
vt 0.480000 -4.480000
vt 0.480000 -4.000000
vt 0.180000 -4.000000
vt 0.180000 -4.480000
vt 0.180000 -4.000000
vt 0.480000 -4.000000
vt 0.480000 -4.480000
vt 0.180000 2.980000
vt 0.180000 3.460000
vt 0.480000 3.460000
vt 0.480000 2.980000
vt 0.180000 2.980000
vt 0.480000 2.980000
vt 0.480000 3.460000
vt 0.180000 3.460000
vt -4.480000 2.980000
vt -4.000000 2.980000
vt -4.000000 3.460000
vt -4.480000 3.460000
vt -4.480000 2.980000
vt -4.480000 3.460000
vt -4.000000 3.460000
vt -4.000000 2.980000
vt 0.380000 -4.033397
vt 0.416603 -4.070000
vt 0.430000 -4.120000
vt 0.416603 -4.170000
vt 0.380000 -4.206603
vt 0.330000 -4.220000
vt 0.280000 -4.206603
vt 0.243397 -4.170000
vt 0.230000 -4.120000
vt 0.243397 -4.070000
vt 0.280000 -4.033397
vt 0.330000 -4.020000
vt 0.330000 -4.020000
vt 0.280000 -4.033397
vt 0.243397 -4.070000
vt 0.230000 -4.120000
vt 0.243397 -4.170000
vt 0.280000 -4.206603
vt 0.330000 -4.220000
vt 0.380000 -4.206603
vt 0.416603 -4.170000
vt 0.430000 -4.120000
vt 0.416603 -4.070000
vt 0.380000 -4.033397
vt 0.330000 2.920000
vt 0.280000 2.920000
vt 0.280000 3.520000
vt 0.330000 3.520000
vt 0.280000 2.920000
vt 0.243397 2.920000
vt 0.243397 3.520000
vt 0.280000 3.520000
vt -4.070000 2.920000
vt -4.120000 2.920000
vt -4.120000 3.520000
vt -4.070000 3.520000
vt -4.120000 2.920000
vt -4.170000 2.920000
vt -4.170000 3.520000
vt -4.120000 3.520000
vt 0.243397 2.920000
vt 0.280000 2.920000
vt 0.280000 3.520000
vt 0.243397 3.520000
vt 0.280000 2.920000
vt 0.330000 2.920000
vt 0.330000 3.520000
vt 0.280000 3.520000
vt 0.330000 2.920000
vt 0.380000 2.920000
vt 0.380000 3.520000
vt 0.330000 3.520000
vt 0.380000 2.920000
vt 0.416603 2.920000
vt 0.416603 3.520000
vt 0.380000 3.520000
vt -4.170000 2.920000
vt -4.120000 2.920000
vt -4.120000 3.520000
vt -4.170000 3.520000
vt -4.120000 2.920000
vt -4.070000 2.920000
vt -4.070000 3.520000
vt -4.120000 3.520000
vt 0.416603 2.920000
vt 0.380000 2.920000
vt 0.380000 3.520000
vt 0.416603 3.520000
vt 0.380000 2.920000
vt 0.330000 2.920000
vt 0.330000 3.520000
vt 0.380000 3.520000
vt -4.680000 4.500000
vt -4.000000 4.500000
vt -4.000000 3.920000
vt -4.000000 3.920000
vt -4.000000 4.500000
vt -4.680000 4.500000
vt 0.300000 3.920000
vt 0.300000 4.500000
vt 0.480000 4.500000
vt 0.480000 3.920000
vt 0.300000 -4.000000
vt 0.300000 -4.680000
vt 0.480000 -4.680000
vt 0.480000 -4.000000
vt 0.300000 -4.680000
vt 0.300000 -4.000000
vt 0.480000 -4.000000
vt 0.480000 -4.680000
vt 0.180000 4.000000
vt 0.480000 4.000000
vt 0.480000 4.480000
vt 0.180000 4.480000
vt 0.180000 4.000000
vt 0.180000 4.480000
vt 0.480000 4.480000
vt 0.480000 4.000000
vt 0.180000 0.580000
vt 0.180000 1.060000
vt 0.480000 1.060000
vt 0.480000 0.580000
vt 0.180000 0.580000
vt 0.480000 0.580000
vt 0.480000 1.060000
vt 0.180000 1.060000
vt 4.000000 0.580000
vt 4.480000 0.580000
vt 4.480000 1.060000
vt 4.000000 1.060000
vt 4.000000 0.580000
vt 4.000000 1.060000
vt 4.480000 1.060000
vt 4.480000 0.580000
vt 0.380000 4.206603
vt 0.416603 4.170000
vt 0.430000 4.120000
vt 0.416603 4.070000
vt 0.380000 4.033397
vt 0.330000 4.020000
vt 0.280000 4.033397
vt 0.243397 4.070000
vt 0.230000 4.120000
vt 0.243397 4.170000
vt 0.280000 4.206603
vt 0.330000 4.220000
vt 0.330000 4.220000
vt 0.280000 4.206603
vt 0.243397 4.170000
vt 0.230000 4.120000
vt 0.243397 4.070000
vt 0.280000 4.033397
vt 0.330000 4.020000
vt 0.380000 4.033397
vt 0.416603 4.070000
vt 0.430000 4.120000
vt 0.416603 4.170000
vt 0.380000 4.206603
vt 0.330000 0.520000
vt 0.280000 0.520000
vt 0.280000 1.120000
vt 0.330000 1.120000
vt 0.280000 0.520000
vt 0.243397 0.520000
vt 0.243397 1.120000
vt 0.280000 1.120000
vt 4.170000 0.520000
vt 4.120000 0.520000
vt 4.120000 1.120000
vt 4.170000 1.120000
vt 4.120000 0.520000
vt 4.070000 0.520000
vt 4.070000 1.120000
vt 4.120000 1.120000
vt 0.243397 0.520000
vt 0.280000 0.520000
vt 0.280000 1.120000
vt 0.243397 1.120000
vt 0.280000 0.520000
vt 0.330000 0.520000
vt 0.330000 1.120000
vt 0.280000 1.120000
vt 0.330000 0.520000
vt 0.380000 0.520000
vt 0.380000 1.120000
vt 0.330000 1.120000
vt 0.380000 0.520000
vt 0.416603 0.520000
vt 0.416603 1.120000
vt 0.380000 1.120000
vt 4.070000 0.520000
vt 4.120000 0.520000
vt 4.120000 1.120000
vt 4.070000 1.120000
vt 4.120000 0.520000
vt 4.170000 0.520000
vt 4.170000 1.120000
vt 4.120000 1.120000
vt 0.416603 0.520000
vt 0.380000 0.520000
vt 0.380000 1.120000
vt 0.416603 1.120000
vt 0.380000 0.520000
vt 0.330000 0.520000
vt 0.330000 1.120000
vt 0.380000 1.120000
vt 0.180000 4.000000
vt 0.480000 4.000000
vt 0.480000 4.480000
vt 0.180000 4.480000
vt 0.180000 4.000000
vt 0.180000 4.480000
vt 0.480000 4.480000
vt 0.480000 4.000000
vt 0.180000 1.780000
vt 0.180000 2.260000
vt 0.480000 2.260000
vt 0.480000 1.780000
vt 0.180000 1.780000
vt 0.480000 1.780000
vt 0.480000 2.260000
vt 0.180000 2.260000
vt 4.000000 1.780000
vt 4.480000 1.780000
vt 4.480000 2.260000
vt 4.000000 2.260000
vt 4.000000 1.780000
vt 4.000000 2.260000
vt 4.480000 2.260000
vt 4.480000 1.780000
vt 0.380000 4.206603
vt 0.416603 4.170000
vt 0.430000 4.120000
vt 0.416603 4.070000
vt 0.380000 4.033397
vt 0.330000 4.020000
vt 0.280000 4.033397
vt 0.243397 4.070000
vt 0.230000 4.120000
vt 0.243397 4.170000
vt 0.280000 4.206603
vt 0.330000 4.220000
vt 0.330000 4.220000
vt 0.280000 4.206603
vt 0.243397 4.170000
vt 0.230000 4.120000
vt 0.243397 4.070000
vt 0.280000 4.033397
vt 0.330000 4.020000
vt 0.380000 4.033397
vt 0.416603 4.070000
vt 0.430000 4.120000
vt 0.416603 4.170000
vt 0.380000 4.206603
vt 0.330000 1.720000
vt 0.280000 1.720000
vt 0.280000 2.320000
vt 0.330000 2.320000
vt 0.280000 1.720000
vt 0.243397 1.720000
vt 0.243397 2.320000
vt 0.280000 2.320000
vt 4.170000 1.720000
vt 4.120000 1.720000
vt 4.120000 2.320000
vt 4.170000 2.320000
vt 4.120000 1.720000
vt 4.070000 1.720000
vt 4.070000 2.320000
vt 4.120000 2.320000
vt 0.243397 1.720000
vt 0.280000 1.720000
vt 0.280000 2.320000
vt 0.243397 2.320000
vt 0.280000 1.720000
vt 0.330000 1.720000
vt 0.330000 2.320000
vt 0.280000 2.320000
vt 0.330000 1.720000
vt 0.380000 1.720000
vt 0.380000 2.320000
vt 0.330000 2.320000
vt 0.380000 1.720000
vt 0.416603 1.720000
vt 0.416603 2.320000
vt 0.380000 2.320000
vt 4.070000 1.720000
vt 4.120000 1.720000
vt 4.120000 2.320000
vt 4.070000 2.320000
vt 4.120000 1.720000
vt 4.170000 1.720000
vt 4.170000 2.320000
vt 4.120000 2.320000
vt 0.416603 1.720000
vt 0.380000 1.720000
vt 0.380000 2.320000
vt 0.416603 2.320000
vt 0.380000 1.720000
vt 0.330000 1.720000
vt 0.330000 2.320000
vt 0.380000 2.320000
vt 0.180000 4.000000
vt 0.480000 4.000000
vt 0.480000 4.480000
vt 0.180000 4.480000
vt 0.180000 4.000000
vt 0.180000 4.480000
vt 0.480000 4.480000
vt 0.480000 4.000000
vt 0.180000 2.980000
vt 0.180000 3.460000
vt 0.480000 3.460000
vt 0.480000 2.980000
vt 0.180000 2.980000
vt 0.480000 2.980000
vt 0.480000 3.460000
vt 0.180000 3.460000
vt 4.000000 2.980000
vt 4.480000 2.980000
vt 4.480000 3.460000
vt 4.000000 3.460000
vt 4.000000 2.980000
vt 4.000000 3.460000
vt 4.480000 3.460000
vt 4.480000 2.980000
vt 0.380000 4.206603
vt 0.416603 4.170000
vt 0.430000 4.120000
vt 0.416603 4.070000
vt 0.380000 4.033397
vt 0.330000 4.020000
vt 0.280000 4.033397
vt 0.243397 4.070000
vt 0.230000 4.120000
vt 0.243397 4.170000
vt 0.280000 4.206603
vt 0.330000 4.220000
vt 0.330000 4.220000
vt 0.280000 4.206603
vt 0.243397 4.170000
vt 0.230000 4.120000
vt 0.243397 4.070000
vt 0.280000 4.033397
vt 0.330000 4.020000
vt 0.380000 4.033397
vt 0.416603 4.070000
vt 0.430000 4.120000
vt 0.416603 4.170000
vt 0.380000 4.206603
vt 0.330000 2.920000
vt 0.280000 2.920000
vt 0.280000 3.520000
vt 0.330000 3.520000
vt 0.280000 2.920000
vt 0.243397 2.920000
vt 0.243397 3.520000
vt 0.280000 3.520000
vt 4.170000 2.920000
vt 4.120000 2.920000
vt 4.120000 3.520000
vt 4.170000 3.520000
vt 4.120000 2.920000
vt 4.070000 2.920000
vt 4.070000 3.520000
vt 4.120000 3.520000
vt 0.243397 2.920000
vt 0.280000 2.920000
vt 0.280000 3.520000
vt 0.243397 3.520000
vt 0.280000 2.920000
vt 0.330000 2.920000
vt 0.330000 3.520000
vt 0.280000 3.520000
vt 0.330000 2.920000
vt 0.380000 2.920000
vt 0.380000 3.520000
vt 0.330000 3.520000
vt 0.380000 2.920000
vt 0.416603 2.920000
vt 0.416603 3.520000
vt 0.380000 3.520000
vt 4.070000 2.920000
vt 4.120000 2.920000
vt 4.120000 3.520000
vt 4.070000 3.520000
vt 4.120000 2.920000
vt 4.170000 2.920000
vt 4.170000 3.520000
vt 4.120000 3.520000
vt 0.416603 2.920000
vt 0.380000 2.920000
vt 0.380000 3.520000
vt 0.416603 3.520000
vt 0.380000 2.920000
vt 0.330000 2.920000
vt 0.330000 3.520000
vt 0.380000 3.520000
vt 4.000000 4.500000
vt 4.680000 4.500000
vt 4.000000 3.920000
vt 4.000000 3.920000
vt 4.680000 4.500000
vt 4.000000 4.500000
vt 0.300000 4.000000
vt 0.300000 4.680000
vt 0.480000 4.680000
vt 0.480000 4.000000
vt 0.300000 4.680000
vt 0.300000 4.000000
vt 0.480000 4.000000
vt 0.480000 4.680000
vt 0.300000 4.500000
vt 0.300000 3.920000
vt 0.480000 3.920000
vt 0.480000 4.500000
vt -4.904496 0.412328
vt -4.876996 0.432308
vt -4.843004 0.432308
vt -4.815504 0.412328
vt -4.805000 0.380000
vt -4.815504 0.347672
vt -4.843004 0.327692
vt -4.876996 0.327692
vt -4.904496 0.347672
vt -4.915000 0.380000
vt -4.915000 0.380000
vt -4.904496 0.347672
vt -4.876996 0.327692
vt -4.843004 0.327692
vt -4.815504 0.347672
vt -4.805000 0.380000
vt -4.815504 0.412328
vt -4.843004 0.432308
vt -4.876996 0.432308
vt -4.904496 0.412328
vt 0.300000 0.380000
vt 0.300000 0.347672
vt 0.380000 0.347672
vt 0.380000 0.380000
vt 0.300000 -4.904496
vt 0.300000 -4.876996
vt 0.380000 -4.876996
vt 0.380000 -4.904496
vt 0.300000 -4.876996
vt 0.300000 -4.843004
vt 0.380000 -4.843004
vt 0.380000 -4.876996
vt 0.300000 -4.843004
vt 0.300000 -4.815504
vt 0.380000 -4.815504
vt 0.380000 -4.843004
vt 0.300000 0.347672
vt 0.300000 0.380000
vt 0.380000 0.380000
vt 0.380000 0.347672
vt 0.300000 0.380000
vt 0.300000 0.412328
vt 0.380000 0.412328
vt 0.380000 0.380000
vt 0.300000 -4.815504
vt 0.300000 -4.843004
vt 0.380000 -4.843004
vt 0.380000 -4.815504
vt 0.300000 -4.843004
vt 0.300000 -4.876996
vt 0.380000 -4.876996
vt 0.380000 -4.843004
vt 0.300000 -4.876996
vt 0.300000 -4.904496
vt 0.380000 -4.904496
vt 0.380000 -4.876996
vt 0.300000 0.412328
vt 0.300000 0.380000
vt 0.380000 0.380000
vt 0.380000 0.412328
vt -4.904496 1.312328
vt -4.876996 1.332308
vt -4.843004 1.332308
vt -4.815504 1.312328
vt -4.805000 1.280000
vt -4.815504 1.247672
vt -4.843004 1.227692
vt -4.876996 1.227692
vt -4.904496 1.247672
vt -4.915000 1.280000
vt -4.915000 1.280000
vt -4.904496 1.247672
vt -4.876996 1.227692
vt -4.843004 1.227692
vt -4.815504 1.247672
vt -4.805000 1.280000
vt -4.815504 1.312328
vt -4.843004 1.332308
vt -4.876996 1.332308
vt -4.904496 1.312328
vt 0.300000 1.280000
vt 0.300000 1.247672
vt 0.380000 1.247672
vt 0.380000 1.280000
vt 0.300000 -4.904496
vt 0.300000 -4.876996
vt 0.380000 -4.876996
vt 0.380000 -4.904496
vt 0.300000 -4.876996
vt 0.300000 -4.843004
vt 0.380000 -4.843004
vt 0.380000 -4.876996
vt 0.300000 -4.843004
vt 0.300000 -4.815504
vt 0.380000 -4.815504
vt 0.380000 -4.843004
vt 0.300000 1.247672
vt 0.300000 1.280000
vt 0.380000 1.280000
vt 0.380000 1.247672
vt 0.300000 1.280000
vt 0.300000 1.312328
vt 0.380000 1.312328
vt 0.380000 1.280000
vt 0.300000 -4.815504
vt 0.300000 -4.843004
vt 0.380000 -4.843004
vt 0.380000 -4.815504
vt 0.300000 -4.843004
vt 0.300000 -4.876996
vt 0.380000 -4.876996
vt 0.380000 -4.843004
vt 0.300000 -4.876996
vt 0.300000 -4.904496
vt 0.380000 -4.904496
vt 0.380000 -4.876996
vt 0.300000 1.312328
vt 0.300000 1.280000
vt 0.380000 1.280000
vt 0.380000 1.312328
vt -4.904496 2.212328
vt -4.876996 2.232308
vt -4.843004 2.232308
vt -4.815504 2.212328
vt -4.805000 2.180000
vt -4.815504 2.147672
vt -4.843004 2.127692
vt -4.876996 2.127692
vt -4.904496 2.147672
vt -4.915000 2.180000
vt -4.915000 2.180000
vt -4.904496 2.147672
vt -4.876996 2.127692
vt -4.843004 2.127692
vt -4.815504 2.147672
vt -4.805000 2.180000
vt -4.815504 2.212328
vt -4.843004 2.232308
vt -4.876996 2.232308
vt -4.904496 2.212328
vt 0.300000 2.180000
vt 0.300000 2.147672
vt 0.380000 2.147672
vt 0.380000 2.180000
vt 0.300000 -4.904496
vt 0.300000 -4.876996
vt 0.380000 -4.876996
vt 0.380000 -4.904496
vt 0.300000 -4.876996
vt 0.300000 -4.843004
vt 0.380000 -4.843004
vt 0.380000 -4.876996
vt 0.300000 -4.843004
vt 0.300000 -4.815504
vt 0.380000 -4.815504
vt 0.380000 -4.843004
vt 0.300000 2.147672
vt 0.300000 2.180000
vt 0.380000 2.180000
vt 0.380000 2.147672
vt 0.300000 2.180000
vt 0.300000 2.212328
vt 0.380000 2.212328
vt 0.380000 2.180000
vt 0.300000 -4.815504
vt 0.300000 -4.843004
vt 0.380000 -4.843004
vt 0.380000 -4.815504
vt 0.300000 -4.843004
vt 0.300000 -4.876996
vt 0.380000 -4.876996
vt 0.380000 -4.843004
vt 0.300000 -4.876996
vt 0.300000 -4.904496
vt 0.380000 -4.904496
vt 0.380000 -4.876996
vt 0.300000 2.212328
vt 0.300000 2.180000
vt 0.380000 2.180000
vt 0.380000 2.212328
vt -4.904496 3.112328
vt -4.876996 3.132308
vt -4.843004 3.132308
vt -4.815504 3.112328
vt -4.805000 3.080000
vt -4.815504 3.047672
vt -4.843004 3.027692
vt -4.876996 3.027692
vt -4.904496 3.047672
vt -4.915000 3.080000
vt -4.915000 3.080000
vt -4.904496 3.047672
vt -4.876996 3.027692
vt -4.843004 3.027692
vt -4.815504 3.047672
vt -4.805000 3.080000
vt -4.815504 3.112328
vt -4.843004 3.132308
vt -4.876996 3.132308
vt -4.904496 3.112328
vt 0.300000 3.080000
vt 0.300000 3.047672
vt 0.380000 3.047672
vt 0.380000 3.080000
vt 0.300000 -4.904496
vt 0.300000 -4.876996
vt 0.380000 -4.876996
vt 0.380000 -4.904496
vt 0.300000 -4.876996
vt 0.300000 -4.843004
vt 0.380000 -4.843004
vt 0.380000 -4.876996
vt 0.300000 -4.843004
vt 0.300000 -4.815504
vt 0.380000 -4.815504
vt 0.380000 -4.843004
vt 0.300000 3.047672
vt 0.300000 3.080000
vt 0.380000 3.080000
vt 0.380000 3.047672
vt 0.300000 3.080000
vt 0.300000 3.112328
vt 0.380000 3.112328
vt 0.380000 3.080000
vt 0.300000 -4.815504
vt 0.300000 -4.843004
vt 0.380000 -4.843004
vt 0.380000 -4.815504
vt 0.300000 -4.843004
vt 0.300000 -4.876996
vt 0.380000 -4.876996
vt 0.380000 -4.843004
vt 0.300000 -4.876996
vt 0.300000 -4.904496
vt 0.380000 -4.904496
vt 0.380000 -4.876996
vt 0.300000 3.112328
vt 0.300000 3.080000
vt 0.380000 3.080000
vt 0.380000 3.112328
vt -4.904496 4.012328
vt -4.876996 4.032308
vt -4.843004 4.032308
vt -4.815504 4.012328
vt -4.805000 3.980000
vt -4.815504 3.947672
vt -4.843004 3.927692
vt -4.876996 3.927692
vt -4.904496 3.947672
vt -4.915000 3.980000
vt -4.915000 3.980000
vt -4.904496 3.947672
vt -4.876996 3.927692
vt -4.843004 3.927692
vt -4.815504 3.947672
vt -4.805000 3.980000
vt -4.815504 4.012328
vt -4.843004 4.032308
vt -4.876996 4.032308
vt -4.904496 4.012328
vt 0.300000 3.980000
vt 0.300000 3.947672
vt 0.380000 3.947672
vt 0.380000 3.980000
vt 0.300000 -4.904496
vt 0.300000 -4.876996
vt 0.380000 -4.876996
vt 0.380000 -4.904496
vt 0.300000 -4.876996
vt 0.300000 -4.843004
vt 0.380000 -4.843004
vt 0.380000 -4.876996
vt 0.300000 -4.843004
vt 0.300000 -4.815504
vt 0.380000 -4.815504
vt 0.380000 -4.843004
vt 0.300000 3.947672
vt 0.300000 3.980000
vt 0.380000 3.980000
vt 0.380000 3.947672
vt 0.300000 3.980000
vt 0.300000 4.012328
vt 0.380000 4.012328
vt 0.380000 3.980000
vt 0.300000 -4.815504
vt 0.300000 -4.843004
vt 0.380000 -4.843004
vt 0.380000 -4.815504
vt 0.300000 -4.843004
vt 0.300000 -4.876996
vt 0.380000 -4.876996
vt 0.380000 -4.843004
vt 0.300000 -4.876996
vt 0.300000 -4.904496
vt 0.380000 -4.904496
vt 0.380000 -4.876996
vt 0.300000 4.012328
vt 0.300000 3.980000
vt 0.380000 3.980000
vt 0.380000 4.012328
vt -4.904496 4.412328
vt -4.876996 4.432308
vt -4.843004 4.432308
vt -4.815504 4.412328
vt -4.805000 4.380000
vt -4.815504 4.347672
vt -4.843004 4.327692
vt -4.876996 4.327692
vt -4.904496 4.347672
vt -4.915000 4.380000
vt -4.915000 4.380000
vt -4.904496 4.347672
vt -4.876996 4.327692
vt -4.843004 4.327692
vt -4.815504 4.347672
vt -4.805000 4.380000
vt -4.815504 4.412328
vt -4.843004 4.432308
vt -4.876996 4.432308
vt -4.904496 4.412328
vt 0.300000 4.380000
vt 0.300000 4.347672
vt 0.380000 4.347672
vt 0.380000 4.380000
vt 0.300000 -4.904496
vt 0.300000 -4.876996
vt 0.380000 -4.876996
vt 0.380000 -4.904496
vt 0.300000 -4.876996
vt 0.300000 -4.843004
vt 0.380000 -4.843004
vt 0.380000 -4.876996
vt 0.300000 -4.843004
vt 0.300000 -4.815504
vt 0.380000 -4.815504
vt 0.380000 -4.843004
vt 0.300000 4.347672
vt 0.300000 4.380000
vt 0.380000 4.380000
vt 0.380000 4.347672
vt 0.300000 4.380000
vt 0.300000 4.412328
vt 0.380000 4.412328
vt 0.380000 4.380000
vt 0.300000 -4.815504
vt 0.300000 -4.843004
vt 0.380000 -4.843004
vt 0.380000 -4.815504
vt 0.300000 -4.843004
vt 0.300000 -4.876996
vt 0.380000 -4.876996
vt 0.380000 -4.843004
vt 0.300000 -4.876996
vt 0.300000 -4.904496
vt 0.380000 -4.904496
vt 0.380000 -4.876996
vt 0.300000 4.412328
vt 0.300000 4.380000
vt 0.380000 4.380000
vt 0.380000 4.412328
vt -4.384496 0.412328
vt -4.356996 0.432308
vt -4.323004 0.432308
vt -4.295504 0.412328
vt -4.285000 0.380000
vt -4.295504 0.347672
vt -4.323004 0.327692
vt -4.356996 0.327692
vt -4.384496 0.347672
vt -4.395000 0.380000
vt -4.395000 0.380000
vt -4.384496 0.347672
vt -4.356996 0.327692
vt -4.323004 0.327692
vt -4.295504 0.347672
vt -4.285000 0.380000
vt -4.295504 0.412328
vt -4.323004 0.432308
vt -4.356996 0.432308
vt -4.384496 0.412328
vt 0.300000 0.380000
vt 0.300000 0.347672
vt 0.380000 0.347672
vt 0.380000 0.380000
vt 0.300000 -4.384496
vt 0.300000 -4.356996
vt 0.380000 -4.356996
vt 0.380000 -4.384496
vt 0.300000 -4.356996
vt 0.300000 -4.323004
vt 0.380000 -4.323004
vt 0.380000 -4.356996
vt 0.300000 -4.323004
vt 0.300000 -4.295504
vt 0.380000 -4.295504
vt 0.380000 -4.323004
vt 0.300000 0.347672
vt 0.300000 0.380000
vt 0.380000 0.380000
vt 0.380000 0.347672
vt 0.300000 0.380000
vt 0.300000 0.412328
vt 0.380000 0.412328
vt 0.380000 0.380000
vt 0.300000 -4.295504
vt 0.300000 -4.323004
vt 0.380000 -4.323004
vt 0.380000 -4.295504
vt 0.300000 -4.323004
vt 0.300000 -4.356996
vt 0.380000 -4.356996
vt 0.380000 -4.323004
vt 0.300000 -4.356996
vt 0.300000 -4.384496
vt 0.380000 -4.384496
vt 0.380000 -4.356996
vt 0.300000 0.412328
vt 0.300000 0.380000
vt 0.380000 0.380000
vt 0.380000 0.412328
vt -4.384496 1.312328
vt -4.356996 1.332308
vt -4.323004 1.332308
vt -4.295504 1.312328
vt -4.285000 1.280000
vt -4.295504 1.247672
vt -4.323004 1.227692
vt -4.356996 1.227692
vt -4.384496 1.247672
vt -4.395000 1.280000
vt -4.395000 1.280000
vt -4.384496 1.247672
vt -4.356996 1.227692
vt -4.323004 1.227692
vt -4.295504 1.247672
vt -4.285000 1.280000
vt -4.295504 1.312328
vt -4.323004 1.332308
vt -4.356996 1.332308
vt -4.384496 1.312328
vt 0.300000 1.280000
vt 0.300000 1.247672
vt 0.380000 1.247672
vt 0.380000 1.280000
vt 0.300000 -4.384496
vt 0.300000 -4.356996
vt 0.380000 -4.356996
vt 0.380000 -4.384496
vt 0.300000 -4.356996
vt 0.300000 -4.323004
vt 0.380000 -4.323004
vt 0.380000 -4.356996
vt 0.300000 -4.323004
vt 0.300000 -4.295504
vt 0.380000 -4.295504
vt 0.380000 -4.323004
vt 0.300000 1.247672
vt 0.300000 1.280000
vt 0.380000 1.280000
vt 0.380000 1.247672
vt 0.300000 1.280000
vt 0.300000 1.312328
vt 0.380000 1.312328
vt 0.380000 1.280000
vt 0.300000 -4.295504
vt 0.300000 -4.323004
vt 0.380000 -4.323004
vt 0.380000 -4.295504
vt 0.300000 -4.323004
vt 0.300000 -4.356996
vt 0.380000 -4.356996
vt 0.380000 -4.323004
vt 0.300000 -4.356996
vt 0.300000 -4.384496
vt 0.380000 -4.384496
vt 0.380000 -4.356996
vt 0.300000 1.312328
vt 0.300000 1.280000
vt 0.380000 1.280000
vt 0.380000 1.312328
vt -4.384496 2.212328
vt -4.356996 2.232308
vt -4.323004 2.232308
vt -4.295504 2.212328
vt -4.285000 2.180000
vt -4.295504 2.147672
vt -4.323004 2.127692
vt -4.356996 2.127692
vt -4.384496 2.147672
vt -4.395000 2.180000
vt -4.395000 2.180000
vt -4.384496 2.147672
vt -4.356996 2.127692
vt -4.323004 2.127692
vt -4.295504 2.147672
vt -4.285000 2.180000
vt -4.295504 2.212328
vt -4.323004 2.232308
vt -4.356996 2.232308
vt -4.384496 2.212328
vt 0.300000 2.180000
vt 0.300000 2.147672
vt 0.380000 2.147672
vt 0.380000 2.180000
vt 0.300000 -4.384496
vt 0.300000 -4.356996
vt 0.380000 -4.356996
vt 0.380000 -4.384496
vt 0.300000 -4.356996
vt 0.300000 -4.323004
vt 0.380000 -4.323004
vt 0.380000 -4.356996
vt 0.300000 -4.323004
vt 0.300000 -4.295504
vt 0.380000 -4.295504
vt 0.380000 -4.323004
vt 0.300000 2.147672
vt 0.300000 2.180000
vt 0.380000 2.180000
vt 0.380000 2.147672
vt 0.300000 2.180000
vt 0.300000 2.212328
vt 0.380000 2.212328
vt 0.380000 2.180000
vt 0.300000 -4.295504
vt 0.300000 -4.323004
vt 0.380000 -4.323004
vt 0.380000 -4.295504
vt 0.300000 -4.323004
vt 0.300000 -4.356996
vt 0.380000 -4.356996
vt 0.380000 -4.323004
vt 0.300000 -4.356996
vt 0.300000 -4.384496
vt 0.380000 -4.384496
vt 0.380000 -4.356996
vt 0.300000 2.212328
vt 0.300000 2.180000
vt 0.380000 2.180000
vt 0.380000 2.212328
vt -4.384496 3.112328
vt -4.356996 3.132308
vt -4.323004 3.132308
vt -4.295504 3.112328
vt -4.285000 3.080000
vt -4.295504 3.047672
vt -4.323004 3.027692
vt -4.356996 3.027692
vt -4.384496 3.047672
vt -4.395000 3.080000
vt -4.395000 3.080000
vt -4.384496 3.047672
vt -4.356996 3.027692
vt -4.323004 3.027692
vt -4.295504 3.047672
vt -4.285000 3.080000
vt -4.295504 3.112328
vt -4.323004 3.132308
vt -4.356996 3.132308
vt -4.384496 3.112328
vt 0.300000 3.080000
vt 0.300000 3.047672
vt 0.380000 3.047672
vt 0.380000 3.080000
vt 0.300000 -4.384496
vt 0.300000 -4.356996
vt 0.380000 -4.356996
vt 0.380000 -4.384496
vt 0.300000 -4.356996
vt 0.300000 -4.323004
vt 0.380000 -4.323004
vt 0.380000 -4.356996
vt 0.300000 -4.323004
vt 0.300000 -4.295504
vt 0.380000 -4.295504
vt 0.380000 -4.323004
vt 0.300000 3.047672
vt 0.300000 3.080000
vt 0.380000 3.080000
vt 0.380000 3.047672
vt 0.300000 3.080000
vt 0.300000 3.112328
vt 0.380000 3.112328
vt 0.380000 3.080000
vt 0.300000 -4.295504
vt 0.300000 -4.323004
vt 0.380000 -4.323004
vt 0.380000 -4.295504
vt 0.300000 -4.323004
vt 0.300000 -4.356996
vt 0.380000 -4.356996
vt 0.380000 -4.323004
vt 0.300000 -4.356996
vt 0.300000 -4.384496
vt 0.380000 -4.384496
vt 0.380000 -4.356996
vt 0.300000 3.112328
vt 0.300000 3.080000
vt 0.380000 3.080000
vt 0.380000 3.112328
vt -4.384496 4.012328
vt -4.356996 4.032308
vt -4.323004 4.032308
vt -4.295504 4.012328
vt -4.285000 3.980000
vt -4.295504 3.947672
vt -4.323004 3.927692
vt -4.356996 3.927692
vt -4.384496 3.947672
vt -4.395000 3.980000
vt -4.395000 3.980000
vt -4.384496 3.947672
vt -4.356996 3.927692
vt -4.323004 3.927692
vt -4.295504 3.947672
vt -4.285000 3.980000
vt -4.295504 4.012328
vt -4.323004 4.032308
vt -4.356996 4.032308
vt -4.384496 4.012328
vt 0.300000 3.980000
vt 0.300000 3.947672
vt 0.380000 3.947672
vt 0.380000 3.980000
vt 0.300000 -4.384496
vt 0.300000 -4.356996
vt 0.380000 -4.356996
vt 0.380000 -4.384496
vt 0.300000 -4.356996
vt 0.300000 -4.323004
vt 0.380000 -4.323004
vt 0.380000 -4.356996
vt 0.300000 -4.323004
vt 0.300000 -4.295504
vt 0.380000 -4.295504
vt 0.380000 -4.323004
vt 0.300000 3.947672
vt 0.300000 3.980000
vt 0.380000 3.980000
vt 0.380000 3.947672
vt 0.300000 3.980000
vt 0.300000 4.012328
vt 0.380000 4.012328
vt 0.380000 3.980000
vt 0.300000 -4.295504
vt 0.300000 -4.323004
vt 0.380000 -4.323004
vt 0.380000 -4.295504
vt 0.300000 -4.323004
vt 0.300000 -4.356996
vt 0.380000 -4.356996
vt 0.380000 -4.323004
vt 0.300000 -4.356996
vt 0.300000 -4.384496
vt 0.380000 -4.384496
vt 0.380000 -4.356996
vt 0.300000 4.012328
vt 0.300000 3.980000
vt 0.380000 3.980000
vt 0.380000 4.012328
vt -4.384496 4.412328
vt -4.356996 4.432308
vt -4.323004 4.432308
vt -4.295504 4.412328
vt -4.285000 4.380000
vt -4.295504 4.347672
vt -4.323004 4.327692
vt -4.356996 4.327692
vt -4.384496 4.347672
vt -4.395000 4.380000
vt -4.395000 4.380000
vt -4.384496 4.347672
vt -4.356996 4.327692
vt -4.323004 4.327692
vt -4.295504 4.347672
vt -4.285000 4.380000
vt -4.295504 4.412328
vt -4.323004 4.432308
vt -4.356996 4.432308
vt -4.384496 4.412328
vt 0.300000 4.380000
vt 0.300000 4.347672
vt 0.380000 4.347672
vt 0.380000 4.380000
vt 0.300000 -4.384496
vt 0.300000 -4.356996
vt 0.380000 -4.356996
vt 0.380000 -4.384496
vt 0.300000 -4.356996
vt 0.300000 -4.323004
vt 0.380000 -4.323004
vt 0.380000 -4.356996
vt 0.300000 -4.323004
vt 0.300000 -4.295504
vt 0.380000 -4.295504
vt 0.380000 -4.323004
vt 0.300000 4.347672
vt 0.300000 4.380000
vt 0.380000 4.380000
vt 0.380000 4.347672
vt 0.300000 4.380000
vt 0.300000 4.412328
vt 0.380000 4.412328
vt 0.380000 4.380000
vt 0.300000 -4.295504
vt 0.300000 -4.323004
vt 0.380000 -4.323004
vt 0.380000 -4.295504
vt 0.300000 -4.323004
vt 0.300000 -4.356996
vt 0.380000 -4.356996
vt 0.380000 -4.323004
vt 0.300000 -4.356996
vt 0.300000 -4.384496
vt 0.380000 -4.384496
vt 0.380000 -4.356996
vt 0.300000 4.412328
vt 0.300000 4.380000
vt 0.380000 4.380000
vt 0.380000 4.412328
vt 4.295504 0.412328
vt 4.323004 0.432308
vt 4.356996 0.432308
vt 4.384496 0.412328
vt 4.395000 0.380000
vt 4.384496 0.347672
vt 4.356996 0.327692
vt 4.323004 0.327692
vt 4.295504 0.347672
vt 4.285000 0.380000
vt 4.285000 0.380000
vt 4.295504 0.347672
vt 4.323004 0.327692
vt 4.356996 0.327692
vt 4.384496 0.347672
vt 4.395000 0.380000
vt 4.384496 0.412328
vt 4.356996 0.432308
vt 4.323004 0.432308
vt 4.295504 0.412328
vt 0.300000 0.380000
vt 0.300000 0.347672
vt 0.380000 0.347672
vt 0.380000 0.380000
vt 0.300000 4.295504
vt 0.300000 4.323004
vt 0.380000 4.323004
vt 0.380000 4.295504
vt 0.300000 4.323004
vt 0.300000 4.356996
vt 0.380000 4.356996
vt 0.380000 4.323004
vt 0.300000 4.356996
vt 0.300000 4.384496
vt 0.380000 4.384496
vt 0.380000 4.356996
vt 0.300000 0.347672
vt 0.300000 0.380000
vt 0.380000 0.380000
vt 0.380000 0.347672
vt 0.300000 0.380000
vt 0.300000 0.412328
vt 0.380000 0.412328
vt 0.380000 0.380000
vt 0.300000 4.384496
vt 0.300000 4.356996
vt 0.380000 4.356996
vt 0.380000 4.384496
vt 0.300000 4.356996
vt 0.300000 4.323004
vt 0.380000 4.323004
vt 0.380000 4.356996
vt 0.300000 4.323004
vt 0.300000 4.295504
vt 0.380000 4.295504
vt 0.380000 4.323004
vt 0.300000 0.412328
vt 0.300000 0.380000
vt 0.380000 0.380000
vt 0.380000 0.412328
vt 4.295504 1.312328
vt 4.323004 1.332308
vt 4.356996 1.332308
vt 4.384496 1.312328
vt 4.395000 1.280000
vt 4.384496 1.247672
vt 4.356996 1.227692
vt 4.323004 1.227692
vt 4.295504 1.247672
vt 4.285000 1.280000
vt 4.285000 1.280000
vt 4.295504 1.247672
vt 4.323004 1.227692
vt 4.356996 1.227692
vt 4.384496 1.247672
vt 4.395000 1.280000
vt 4.384496 1.312328
vt 4.356996 1.332308
vt 4.323004 1.332308
vt 4.295504 1.312328
vt 0.300000 1.280000
vt 0.300000 1.247672
vt 0.380000 1.247672
vt 0.380000 1.280000
vt 0.300000 4.295504
vt 0.300000 4.323004
vt 0.380000 4.323004
vt 0.380000 4.295504
vt 0.300000 4.323004
vt 0.300000 4.356996
vt 0.380000 4.356996
vt 0.380000 4.323004
vt 0.300000 4.356996
vt 0.300000 4.384496
vt 0.380000 4.384496
vt 0.380000 4.356996
vt 0.300000 1.247672
vt 0.300000 1.280000
vt 0.380000 1.280000
vt 0.380000 1.247672
vt 0.300000 1.280000
vt 0.300000 1.312328
vt 0.380000 1.312328
vt 0.380000 1.280000
vt 0.300000 4.384496
vt 0.300000 4.356996
vt 0.380000 4.356996
vt 0.380000 4.384496
vt 0.300000 4.356996
vt 0.300000 4.323004
vt 0.380000 4.323004
vt 0.380000 4.356996
vt 0.300000 4.323004
vt 0.300000 4.295504
vt 0.380000 4.295504
vt 0.380000 4.323004
vt 0.300000 1.312328
vt 0.300000 1.280000
vt 0.380000 1.280000
vt 0.380000 1.312328
vt 4.295504 2.212328
vt 4.323004 2.232308
vt 4.356996 2.232308
vt 4.384496 2.212328
vt 4.395000 2.180000
vt 4.384496 2.147672
vt 4.356996 2.127692
vt 4.323004 2.127692
vt 4.295504 2.147672
vt 4.285000 2.180000
vt 4.285000 2.180000
vt 4.295504 2.147672
vt 4.323004 2.127692
vt 4.356996 2.127692
vt 4.384496 2.147672
vt 4.395000 2.180000
vt 4.384496 2.212328
vt 4.356996 2.232308
vt 4.323004 2.232308
vt 4.295504 2.212328
vt 0.300000 2.180000
vt 0.300000 2.147672
vt 0.380000 2.147672
vt 0.380000 2.180000
vt 0.300000 4.295504
vt 0.300000 4.323004
vt 0.380000 4.323004
vt 0.380000 4.295504
vt 0.300000 4.323004
vt 0.300000 4.356996
vt 0.380000 4.356996
vt 0.380000 4.323004
vt 0.300000 4.356996
vt 0.300000 4.384496
vt 0.380000 4.384496
vt 0.380000 4.356996
vt 0.300000 2.147672
vt 0.300000 2.180000
vt 0.380000 2.180000
vt 0.380000 2.147672
vt 0.300000 2.180000
vt 0.300000 2.212328
vt 0.380000 2.212328
vt 0.380000 2.180000
vt 0.300000 4.384496
vt 0.300000 4.356996
vt 0.380000 4.356996
vt 0.380000 4.384496
vt 0.300000 4.356996
vt 0.300000 4.323004
vt 0.380000 4.323004
vt 0.380000 4.356996
vt 0.300000 4.323004
vt 0.300000 4.295504
vt 0.380000 4.295504
vt 0.380000 4.323004
vt 0.300000 2.212328
vt 0.300000 2.180000
vt 0.380000 2.180000
vt 0.380000 2.212328
vt 4.295504 3.112328
vt 4.323004 3.132308
vt 4.356996 3.132308
vt 4.384496 3.112328
vt 4.395000 3.080000
vt 4.384496 3.047672
vt 4.356996 3.027692
vt 4.323004 3.027692
vt 4.295504 3.047672
vt 4.285000 3.080000
vt 4.285000 3.080000
vt 4.295504 3.047672
vt 4.323004 3.027692
vt 4.356996 3.027692
vt 4.384496 3.047672
vt 4.395000 3.080000
vt 4.384496 3.112328
vt 4.356996 3.132308
vt 4.323004 3.132308
vt 4.295504 3.112328
vt 0.300000 3.080000
vt 0.300000 3.047672
vt 0.380000 3.047672
vt 0.380000 3.080000
vt 0.300000 4.295504
vt 0.300000 4.323004
vt 0.380000 4.323004
vt 0.380000 4.295504
vt 0.300000 4.323004
vt 0.300000 4.356996
vt 0.380000 4.356996
vt 0.380000 4.323004
vt 0.300000 4.356996
vt 0.300000 4.384496
vt 0.380000 4.384496
vt 0.380000 4.356996
vt 0.300000 3.047672
vt 0.300000 3.080000
vt 0.380000 3.080000
vt 0.380000 3.047672
vt 0.300000 3.080000
vt 0.300000 3.112328
vt 0.380000 3.112328
vt 0.380000 3.080000
vt 0.300000 4.384496
vt 0.300000 4.356996
vt 0.380000 4.356996
vt 0.380000 4.384496
vt 0.300000 4.356996
vt 0.300000 4.323004
vt 0.380000 4.323004
vt 0.380000 4.356996
vt 0.300000 4.323004
vt 0.300000 4.295504
vt 0.380000 4.295504
vt 0.380000 4.323004
vt 0.300000 3.112328
vt 0.300000 3.080000
vt 0.380000 3.080000
vt 0.380000 3.112328
vt 4.295504 4.012328
vt 4.323004 4.032308
vt 4.356996 4.032308
vt 4.384496 4.012328
vt 4.395000 3.980000
vt 4.384496 3.947672
vt 4.356996 3.927692
vt 4.323004 3.927692
vt 4.295504 3.947672
vt 4.285000 3.980000
vt 4.285000 3.980000
vt 4.295504 3.947672
vt 4.323004 3.927692
vt 4.356996 3.927692
vt 4.384496 3.947672
vt 4.395000 3.980000
vt 4.384496 4.012328
vt 4.356996 4.032308
vt 4.323004 4.032308
vt 4.295504 4.012328
vt 0.300000 3.980000
vt 0.300000 3.947672
vt 0.380000 3.947672
vt 0.380000 3.980000
vt 0.300000 4.295504
vt 0.300000 4.323004
vt 0.380000 4.323004
vt 0.380000 4.295504
vt 0.300000 4.323004
vt 0.300000 4.356996
vt 0.380000 4.356996
vt 0.380000 4.323004
vt 0.300000 4.356996
vt 0.300000 4.384496
vt 0.380000 4.384496
vt 0.380000 4.356996
vt 0.300000 3.947672
vt 0.300000 3.980000
vt 0.380000 3.980000
vt 0.380000 3.947672
vt 0.300000 3.980000
vt 0.300000 4.012328
vt 0.380000 4.012328
vt 0.380000 3.980000
vt 0.300000 4.384496
vt 0.300000 4.356996
vt 0.380000 4.356996
vt 0.380000 4.384496
vt 0.300000 4.356996
vt 0.300000 4.323004
vt 0.380000 4.323004
vt 0.380000 4.356996
vt 0.300000 4.323004
vt 0.300000 4.295504
vt 0.380000 4.295504
vt 0.380000 4.323004
vt 0.300000 4.012328
vt 0.300000 3.980000
vt 0.380000 3.980000
vt 0.380000 4.012328
vt 4.295504 4.412328
vt 4.323004 4.432308
vt 4.356996 4.432308
vt 4.384496 4.412328
vt 4.395000 4.380000
vt 4.384496 4.347672
vt 4.356996 4.327692
vt 4.323004 4.327692
vt 4.295504 4.347672
vt 4.285000 4.380000
vt 4.285000 4.380000
vt 4.295504 4.347672
vt 4.323004 4.327692
vt 4.356996 4.327692
vt 4.384496 4.347672
vt 4.395000 4.380000
vt 4.384496 4.412328
vt 4.356996 4.432308
vt 4.323004 4.432308
vt 4.295504 4.412328
vt 0.300000 4.380000
vt 0.300000 4.347672
vt 0.380000 4.347672
vt 0.380000 4.380000
vt 0.300000 4.295504
vt 0.300000 4.323004
vt 0.380000 4.323004
vt 0.380000 4.295504
vt 0.300000 4.323004
vt 0.300000 4.356996
vt 0.380000 4.356996
vt 0.380000 4.323004
vt 0.300000 4.356996
vt 0.300000 4.384496
vt 0.380000 4.384496
vt 0.380000 4.356996
vt 0.300000 4.347672
vt 0.300000 4.380000
vt 0.380000 4.380000
vt 0.380000 4.347672
vt 0.300000 4.380000
vt 0.300000 4.412328
vt 0.380000 4.412328
vt 0.380000 4.380000
vt 0.300000 4.384496
vt 0.300000 4.356996
vt 0.380000 4.356996
vt 0.380000 4.384496
vt 0.300000 4.356996
vt 0.300000 4.323004
vt 0.380000 4.323004
vt 0.380000 4.356996
vt 0.300000 4.323004
vt 0.300000 4.295504
vt 0.380000 4.295504
vt 0.380000 4.323004
vt 0.300000 4.412328
vt 0.300000 4.380000
vt 0.380000 4.380000
vt 0.380000 4.412328
vt 4.815504 0.412328
vt 4.843004 0.432308
vt 4.876996 0.432308
vt 4.904496 0.412328
vt 4.915000 0.380000
vt 4.904496 0.347672
vt 4.876996 0.327692
vt 4.843004 0.327692
vt 4.815504 0.347672
vt 4.805000 0.380000
vt 4.805000 0.380000
vt 4.815504 0.347672
vt 4.843004 0.327692
vt 4.876996 0.327692
vt 4.904496 0.347672
vt 4.915000 0.380000
vt 4.904496 0.412328
vt 4.876996 0.432308
vt 4.843004 0.432308
vt 4.815504 0.412328
vt 0.300000 0.380000
vt 0.300000 0.347672
vt 0.380000 0.347672
vt 0.380000 0.380000
vt 0.300000 4.815504
vt 0.300000 4.843004
vt 0.380000 4.843004
vt 0.380000 4.815504
vt 0.300000 4.843004
vt 0.300000 4.876996
vt 0.380000 4.876996
vt 0.380000 4.843004
vt 0.300000 4.876996
vt 0.300000 4.904496
vt 0.380000 4.904496
vt 0.380000 4.876996
vt 0.300000 0.347672
vt 0.300000 0.380000
vt 0.380000 0.380000
vt 0.380000 0.347672
vt 0.300000 0.380000
vt 0.300000 0.412328
vt 0.380000 0.412328
vt 0.380000 0.380000
vt 0.300000 4.904496
vt 0.300000 4.876996
vt 0.380000 4.876996
vt 0.380000 4.904496
vt 0.300000 4.876996
vt 0.300000 4.843004
vt 0.380000 4.843004
vt 0.380000 4.876996
vt 0.300000 4.843004
vt 0.300000 4.815504
vt 0.380000 4.815504
vt 0.380000 4.843004
vt 0.300000 0.412328
vt 0.300000 0.380000
vt 0.380000 0.380000
vt 0.380000 0.412328
vt 4.815504 1.312328
vt 4.843004 1.332308
vt 4.876996 1.332308
vt 4.904496 1.312328
vt 4.915000 1.280000
vt 4.904496 1.247672
vt 4.876996 1.227692
vt 4.843004 1.227692
vt 4.815504 1.247672
vt 4.805000 1.280000
vt 4.805000 1.280000
vt 4.815504 1.247672
vt 4.843004 1.227692
vt 4.876996 1.227692
vt 4.904496 1.247672
vt 4.915000 1.280000
vt 4.904496 1.312328
vt 4.876996 1.332308
vt 4.843004 1.332308
vt 4.815504 1.312328
vt 0.300000 1.280000
vt 0.300000 1.247672
vt 0.380000 1.247672
vt 0.380000 1.280000
vt 0.300000 4.815504
vt 0.300000 4.843004
vt 0.380000 4.843004
vt 0.380000 4.815504
vt 0.300000 4.843004
vt 0.300000 4.876996
vt 0.380000 4.876996
vt 0.380000 4.843004
vt 0.300000 4.876996
vt 0.300000 4.904496
vt 0.380000 4.904496
vt 0.380000 4.876996
vt 0.300000 1.247672
vt 0.300000 1.280000
vt 0.380000 1.280000
vt 0.380000 1.247672
vt 0.300000 1.280000
vt 0.300000 1.312328
vt 0.380000 1.312328
vt 0.380000 1.280000
vt 0.300000 4.904496
vt 0.300000 4.876996
vt 0.380000 4.876996
vt 0.380000 4.904496
vt 0.300000 4.876996
vt 0.300000 4.843004
vt 0.380000 4.843004
vt 0.380000 4.876996
vt 0.300000 4.843004
vt 0.300000 4.815504
vt 0.380000 4.815504
vt 0.380000 4.843004
vt 0.300000 1.312328
vt 0.300000 1.280000
vt 0.380000 1.280000
vt 0.380000 1.312328
vt 4.815504 2.212328
vt 4.843004 2.232308
vt 4.876996 2.232308
vt 4.904496 2.212328
vt 4.915000 2.180000
vt 4.904496 2.147672
vt 4.876996 2.127692
vt 4.843004 2.127692
vt 4.815504 2.147672
vt 4.805000 2.180000
vt 4.805000 2.180000
vt 4.815504 2.147672
vt 4.843004 2.127692
vt 4.876996 2.127692
vt 4.904496 2.147672
vt 4.915000 2.180000
vt 4.904496 2.212328
vt 4.876996 2.232308
vt 4.843004 2.232308
vt 4.815504 2.212328
vt 0.300000 2.180000
vt 0.300000 2.147672
vt 0.380000 2.147672
vt 0.380000 2.180000
vt 0.300000 4.815504
vt 0.300000 4.843004
vt 0.380000 4.843004
vt 0.380000 4.815504
vt 0.300000 4.843004
vt 0.300000 4.876996
vt 0.380000 4.876996
vt 0.380000 4.843004
vt 0.300000 4.876996
vt 0.300000 4.904496
vt 0.380000 4.904496
vt 0.380000 4.876996
vt 0.300000 2.147672
vt 0.300000 2.180000
vt 0.380000 2.180000
vt 0.380000 2.147672
vt 0.300000 2.180000
vt 0.300000 2.212328
vt 0.380000 2.212328
vt 0.380000 2.180000
vt 0.300000 4.904496
vt 0.300000 4.876996
vt 0.380000 4.876996
vt 0.380000 4.904496
vt 0.300000 4.876996
vt 0.300000 4.843004
vt 0.380000 4.843004
vt 0.380000 4.876996
vt 0.300000 4.843004
vt 0.300000 4.815504
vt 0.380000 4.815504
vt 0.380000 4.843004
vt 0.300000 2.212328
vt 0.300000 2.180000
vt 0.380000 2.180000
vt 0.380000 2.212328
vt 4.815504 3.112328
vt 4.843004 3.132308
vt 4.876996 3.132308
vt 4.904496 3.112328
vt 4.915000 3.080000
vt 4.904496 3.047672
vt 4.876996 3.027692
vt 4.843004 3.027692
vt 4.815504 3.047672
vt 4.805000 3.080000
vt 4.805000 3.080000
vt 4.815504 3.047672
vt 4.843004 3.027692
vt 4.876996 3.027692
vt 4.904496 3.047672
vt 4.915000 3.080000
vt 4.904496 3.112328
vt 4.876996 3.132308
vt 4.843004 3.132308
vt 4.815504 3.112328
vt 0.300000 3.080000
vt 0.300000 3.047672
vt 0.380000 3.047672
vt 0.380000 3.080000
vt 0.300000 4.815504
vt 0.300000 4.843004
vt 0.380000 4.843004
vt 0.380000 4.815504
vt 0.300000 4.843004
vt 0.300000 4.876996
vt 0.380000 4.876996
vt 0.380000 4.843004
vt 0.300000 4.876996
vt 0.300000 4.904496
vt 0.380000 4.904496
vt 0.380000 4.876996
vt 0.300000 3.047672
vt 0.300000 3.080000
vt 0.380000 3.080000
vt 0.380000 3.047672
vt 0.300000 3.080000
vt 0.300000 3.112328
vt 0.380000 3.112328
vt 0.380000 3.080000
vt 0.300000 4.904496
vt 0.300000 4.876996
vt 0.380000 4.876996
vt 0.380000 4.904496
vt 0.300000 4.876996
vt 0.300000 4.843004
vt 0.380000 4.843004
vt 0.380000 4.876996
vt 0.300000 4.843004
vt 0.300000 4.815504
vt 0.380000 4.815504
vt 0.380000 4.843004
vt 0.300000 3.112328
vt 0.300000 3.080000
vt 0.380000 3.080000
vt 0.380000 3.112328
vt 4.815504 4.012328
vt 4.843004 4.032308
vt 4.876996 4.032308
vt 4.904496 4.012328
vt 4.915000 3.980000
vt 4.904496 3.947672
vt 4.876996 3.927692
vt 4.843004 3.927692
vt 4.815504 3.947672
vt 4.805000 3.980000
vt 4.805000 3.980000
vt 4.815504 3.947672
vt 4.843004 3.927692
vt 4.876996 3.927692
vt 4.904496 3.947672
vt 4.915000 3.980000
vt 4.904496 4.012328
vt 4.876996 4.032308
vt 4.843004 4.032308
vt 4.815504 4.012328
vt 0.300000 3.980000
vt 0.300000 3.947672
vt 0.380000 3.947672
vt 0.380000 3.980000
vt 0.300000 4.815504
vt 0.300000 4.843004
vt 0.380000 4.843004
vt 0.380000 4.815504
vt 0.300000 4.843004
vt 0.300000 4.876996
vt 0.380000 4.876996
vt 0.380000 4.843004
vt 0.300000 4.876996
vt 0.300000 4.904496
vt 0.380000 4.904496
vt 0.380000 4.876996
vt 0.300000 3.947672
vt 0.300000 3.980000
vt 0.380000 3.980000
vt 0.380000 3.947672
vt 0.300000 3.980000
vt 0.300000 4.012328
vt 0.380000 4.012328
vt 0.380000 3.980000
vt 0.300000 4.904496
vt 0.300000 4.876996
vt 0.380000 4.876996
vt 0.380000 4.904496
vt 0.300000 4.876996
vt 0.300000 4.843004
vt 0.380000 4.843004
vt 0.380000 4.876996
vt 0.300000 4.843004
vt 0.300000 4.815504
vt 0.380000 4.815504
vt 0.380000 4.843004
vt 0.300000 4.012328
vt 0.300000 3.980000
vt 0.380000 3.980000
vt 0.380000 4.012328
vt 4.815504 4.412328
vt 4.843004 4.432308
vt 4.876996 4.432308
vt 4.904496 4.412328
vt 4.915000 4.380000
vt 4.904496 4.347672
vt 4.876996 4.327692
vt 4.843004 4.327692
vt 4.815504 4.347672
vt 4.805000 4.380000
vt 4.805000 4.380000
vt 4.815504 4.347672
vt 4.843004 4.327692
vt 4.876996 4.327692
vt 4.904496 4.347672
vt 4.915000 4.380000
vt 4.904496 4.412328
vt 4.876996 4.432308
vt 4.843004 4.432308
vt 4.815504 4.412328
vt 0.300000 4.380000
vt 0.300000 4.347672
vt 0.380000 4.347672
vt 0.380000 4.380000
vt 0.300000 4.815504
vt 0.300000 4.843004
vt 0.380000 4.843004
vt 0.380000 4.815504
vt 0.300000 4.843004
vt 0.300000 4.876996
vt 0.380000 4.876996
vt 0.380000 4.843004
vt 0.300000 4.876996
vt 0.300000 4.904496
vt 0.380000 4.904496
vt 0.380000 4.876996
vt 0.300000 4.347672
vt 0.300000 4.380000
vt 0.380000 4.380000
vt 0.380000 4.347672
vt 0.300000 4.380000
vt 0.300000 4.412328
vt 0.380000 4.412328
vt 0.380000 4.380000
vt 0.300000 4.904496
vt 0.300000 4.876996
vt 0.380000 4.876996
vt 0.380000 4.904496
vt 0.300000 4.876996
vt 0.300000 4.843004
vt 0.380000 4.843004
vt 0.380000 4.876996
vt 0.300000 4.843004
vt 0.300000 4.815504
vt 0.380000 4.815504
vt 0.380000 4.843004
vt 0.300000 4.412328
vt 0.300000 4.380000
vt 0.380000 4.380000
vt 0.380000 4.412328
vt -3.644496 4.172328
vt -3.616996 4.192308
vt -3.583004 4.192308
vt -3.555504 4.172328
vt -3.545000 4.140000
vt -3.555504 4.107672
vt -3.583004 4.087692
vt -3.616996 4.087692
vt -3.644496 4.107672
vt -3.655000 4.140000
vt -3.655000 4.140000
vt -3.644496 4.107672
vt -3.616996 4.087692
vt -3.583004 4.087692
vt -3.555504 4.107672
vt -3.545000 4.140000
vt -3.555504 4.172328
vt -3.583004 4.192308
vt -3.616996 4.192308
vt -3.644496 4.172328
vt 0.300000 4.140000
vt 0.300000 4.107672
vt 0.380000 4.107672
vt 0.380000 4.140000
vt 0.300000 -3.644496
vt 0.300000 -3.616996
vt 0.380000 -3.616996
vt 0.380000 -3.644496
vt 0.300000 -3.616996
vt 0.300000 -3.583004
vt 0.380000 -3.583004
vt 0.380000 -3.616996
vt 0.300000 -3.583004
vt 0.300000 -3.555504
vt 0.380000 -3.555504
vt 0.380000 -3.583004
vt 0.300000 4.107672
vt 0.300000 4.140000
vt 0.380000 4.140000
vt 0.380000 4.107672
vt 0.300000 4.140000
vt 0.300000 4.172328
vt 0.380000 4.172328
vt 0.380000 4.140000
vt 0.300000 -3.555504
vt 0.300000 -3.583004
vt 0.380000 -3.583004
vt 0.380000 -3.555504
vt 0.300000 -3.583004
vt 0.300000 -3.616996
vt 0.380000 -3.616996
vt 0.380000 -3.583004
vt 0.300000 -3.616996
vt 0.300000 -3.644496
vt 0.380000 -3.644496
vt 0.380000 -3.616996
vt 0.300000 4.172328
vt 0.300000 4.140000
vt 0.380000 4.140000
vt 0.380000 4.172328
vt -3.644496 4.552328
vt -3.616996 4.572308
vt -3.583004 4.572308
vt -3.555504 4.552328
vt -3.545000 4.520000
vt -3.555504 4.487672
vt -3.583004 4.467692
vt -3.616996 4.467692
vt -3.644496 4.487672
vt -3.655000 4.520000
vt -3.655000 4.520000
vt -3.644496 4.487672
vt -3.616996 4.467692
vt -3.583004 4.467692
vt -3.555504 4.487672
vt -3.545000 4.520000
vt -3.555504 4.552328
vt -3.583004 4.572308
vt -3.616996 4.572308
vt -3.644496 4.552328
vt 0.300000 4.520000
vt 0.300000 4.487672
vt 0.380000 4.487672
vt 0.380000 4.520000
vt 0.300000 -3.644496
vt 0.300000 -3.616996
vt 0.380000 -3.616996
vt 0.380000 -3.644496
vt 0.300000 -3.616996
vt 0.300000 -3.583004
vt 0.380000 -3.583004
vt 0.380000 -3.616996
vt 0.300000 -3.583004
vt 0.300000 -3.555504
vt 0.380000 -3.555504
vt 0.380000 -3.583004
vt 0.300000 4.487672
vt 0.300000 4.520000
vt 0.380000 4.520000
vt 0.380000 4.487672
vt 0.300000 4.520000
vt 0.300000 4.552328
vt 0.380000 4.552328
vt 0.380000 4.520000
vt 0.300000 -3.555504
vt 0.300000 -3.583004
vt 0.380000 -3.583004
vt 0.380000 -3.555504
vt 0.300000 -3.583004
vt 0.300000 -3.616996
vt 0.380000 -3.616996
vt 0.380000 -3.583004
vt 0.300000 -3.616996
vt 0.300000 -3.644496
vt 0.380000 -3.644496
vt 0.380000 -3.616996
vt 0.300000 4.552328
vt 0.300000 4.520000
vt 0.380000 4.520000
vt 0.380000 4.552328
vt -2.444496 4.172328
vt -2.416996 4.192308
vt -2.383004 4.192308
vt -2.355504 4.172328
vt -2.345000 4.140000
vt -2.355504 4.107672
vt -2.383004 4.087692
vt -2.416996 4.087692
vt -2.444496 4.107672
vt -2.455000 4.140000
vt -2.455000 4.140000
vt -2.444496 4.107672
vt -2.416996 4.087692
vt -2.383004 4.087692
vt -2.355504 4.107672
vt -2.345000 4.140000
vt -2.355504 4.172328
vt -2.383004 4.192308
vt -2.416996 4.192308
vt -2.444496 4.172328
vt 0.300000 4.140000
vt 0.300000 4.107672
vt 0.380000 4.107672
vt 0.380000 4.140000
vt 0.300000 -2.444496
vt 0.300000 -2.416996
vt 0.380000 -2.416996
vt 0.380000 -2.444496
vt 0.300000 -2.416996
vt 0.300000 -2.383004
vt 0.380000 -2.383004
vt 0.380000 -2.416996
vt 0.300000 -2.383004
vt 0.300000 -2.355504
vt 0.380000 -2.355504
vt 0.380000 -2.383004
vt 0.300000 4.107672
vt 0.300000 4.140000
vt 0.380000 4.140000
vt 0.380000 4.107672
vt 0.300000 4.140000
vt 0.300000 4.172328
vt 0.380000 4.172328
vt 0.380000 4.140000
vt 0.300000 -2.355504
vt 0.300000 -2.383004
vt 0.380000 -2.383004
vt 0.380000 -2.355504
vt 0.300000 -2.383004
vt 0.300000 -2.416996
vt 0.380000 -2.416996
vt 0.380000 -2.383004
vt 0.300000 -2.416996
vt 0.300000 -2.444496
vt 0.380000 -2.444496
vt 0.380000 -2.416996
vt 0.300000 4.172328
vt 0.300000 4.140000
vt 0.380000 4.140000
vt 0.380000 4.172328
vt -2.444496 4.552328
vt -2.416996 4.572308
vt -2.383004 4.572308
vt -2.355504 4.552328
vt -2.345000 4.520000
vt -2.355504 4.487672
vt -2.383004 4.467692
vt -2.416996 4.467692
vt -2.444496 4.487672
vt -2.455000 4.520000
vt -2.455000 4.520000
vt -2.444496 4.487672
vt -2.416996 4.467692
vt -2.383004 4.467692
vt -2.355504 4.487672
vt -2.345000 4.520000
vt -2.355504 4.552328
vt -2.383004 4.572308
vt -2.416996 4.572308
vt -2.444496 4.552328
vt 0.300000 4.520000
vt 0.300000 4.487672
vt 0.380000 4.487672
vt 0.380000 4.520000
vt 0.300000 -2.444496
vt 0.300000 -2.416996
vt 0.380000 -2.416996
vt 0.380000 -2.444496
vt 0.300000 -2.416996
vt 0.300000 -2.383004
vt 0.380000 -2.383004
vt 0.380000 -2.416996
vt 0.300000 -2.383004
vt 0.300000 -2.355504
vt 0.380000 -2.355504
vt 0.380000 -2.383004
vt 0.300000 4.487672
vt 0.300000 4.520000
vt 0.380000 4.520000
vt 0.380000 4.487672
vt 0.300000 4.520000
vt 0.300000 4.552328
vt 0.380000 4.552328
vt 0.380000 4.520000
vt 0.300000 -2.355504
vt 0.300000 -2.383004
vt 0.380000 -2.383004
vt 0.380000 -2.355504
vt 0.300000 -2.383004
vt 0.300000 -2.416996
vt 0.380000 -2.416996
vt 0.380000 -2.383004
vt 0.300000 -2.416996
vt 0.300000 -2.444496
vt 0.380000 -2.444496
vt 0.380000 -2.416996
vt 0.300000 4.552328
vt 0.300000 4.520000
vt 0.380000 4.520000
vt 0.380000 4.552328
vt -1.244496 4.172328
vt -1.216996 4.192308
vt -1.183004 4.192308
vt -1.155504 4.172328
vt -1.145000 4.140000
vt -1.155504 4.107672
vt -1.183004 4.087692
vt -1.216996 4.087692
vt -1.244496 4.107672
vt -1.255000 4.140000
vt -1.255000 4.140000
vt -1.244496 4.107672
vt -1.216996 4.087692
vt -1.183004 4.087692
vt -1.155504 4.107672
vt -1.145000 4.140000
vt -1.155504 4.172328
vt -1.183004 4.192308
vt -1.216996 4.192308
vt -1.244496 4.172328
vt 0.300000 4.140000
vt 0.300000 4.107672
vt 0.380000 4.107672
vt 0.380000 4.140000
vt 0.300000 -1.244496
vt 0.300000 -1.216996
vt 0.380000 -1.216996
vt 0.380000 -1.244496
vt 0.300000 -1.216996
vt 0.300000 -1.183004
vt 0.380000 -1.183004
vt 0.380000 -1.216996
vt 0.300000 -1.183004
vt 0.300000 -1.155504
vt 0.380000 -1.155504
vt 0.380000 -1.183004
vt 0.300000 4.107672
vt 0.300000 4.140000
vt 0.380000 4.140000
vt 0.380000 4.107672
vt 0.300000 4.140000
vt 0.300000 4.172328
vt 0.380000 4.172328
vt 0.380000 4.140000
vt 0.300000 -1.155504
vt 0.300000 -1.183004
vt 0.380000 -1.183004
vt 0.380000 -1.155504
vt 0.300000 -1.183004
vt 0.300000 -1.216996
vt 0.380000 -1.216996
vt 0.380000 -1.183004
vt 0.300000 -1.216996
vt 0.300000 -1.244496
vt 0.380000 -1.244496
vt 0.380000 -1.216996
vt 0.300000 4.172328
vt 0.300000 4.140000
vt 0.380000 4.140000
vt 0.380000 4.172328
vt -1.244496 4.552328
vt -1.216996 4.572308
vt -1.183004 4.572308
vt -1.155504 4.552328
vt -1.145000 4.520000
vt -1.155504 4.487672
vt -1.183004 4.467692
vt -1.216996 4.467692
vt -1.244496 4.487672
vt -1.255000 4.520000
vt -1.255000 4.520000
vt -1.244496 4.487672
vt -1.216996 4.467692
vt -1.183004 4.467692
vt -1.155504 4.487672
vt -1.145000 4.520000
vt -1.155504 4.552328
vt -1.183004 4.572308
vt -1.216996 4.572308
vt -1.244496 4.552328
vt 0.300000 4.520000
vt 0.300000 4.487672
vt 0.380000 4.487672
vt 0.380000 4.520000
vt 0.300000 -1.244496
vt 0.300000 -1.216996
vt 0.380000 -1.216996
vt 0.380000 -1.244496
vt 0.300000 -1.216996
vt 0.300000 -1.183004
vt 0.380000 -1.183004
vt 0.380000 -1.216996
vt 0.300000 -1.183004
vt 0.300000 -1.155504
vt 0.380000 -1.155504
vt 0.380000 -1.183004
vt 0.300000 4.487672
vt 0.300000 4.520000
vt 0.380000 4.520000
vt 0.380000 4.487672
vt 0.300000 4.520000
vt 0.300000 4.552328
vt 0.380000 4.552328
vt 0.380000 4.520000
vt 0.300000 -1.155504
vt 0.300000 -1.183004
vt 0.380000 -1.183004
vt 0.380000 -1.155504
vt 0.300000 -1.183004
vt 0.300000 -1.216996
vt 0.380000 -1.216996
vt 0.380000 -1.183004
vt 0.300000 -1.216996
vt 0.300000 -1.244496
vt 0.380000 -1.244496
vt 0.380000 -1.216996
vt 0.300000 4.552328
vt 0.300000 4.520000
vt 0.380000 4.520000
vt 0.380000 4.552328
vt -0.044496 4.172328
vt -0.016996 4.192308
vt 0.016996 4.192308
vt 0.044496 4.172328
vt 0.055000 4.140000
vt 0.044496 4.107672
vt 0.016996 4.087692
vt -0.016996 4.087692
vt -0.044496 4.107672
vt -0.055000 4.140000
vt -0.055000 4.140000
vt -0.044496 4.107672
vt -0.016996 4.087692
vt 0.016996 4.087692
vt 0.044496 4.107672
vt 0.055000 4.140000
vt 0.044496 4.172328
vt 0.016996 4.192308
vt -0.016996 4.192308
vt -0.044496 4.172328
vt 0.300000 4.140000
vt 0.300000 4.107672
vt 0.380000 4.107672
vt 0.380000 4.140000
vt 0.300000 -0.044496
vt 0.300000 -0.016996
vt 0.380000 -0.016996
vt 0.380000 -0.044496
vt 0.300000 -0.016996
vt 0.300000 0.016996
vt 0.380000 0.016996
vt 0.380000 -0.016996
vt 0.300000 0.016996
vt 0.300000 0.044496
vt 0.380000 0.044496
vt 0.380000 0.016996
vt 0.300000 4.107672
vt 0.300000 4.140000
vt 0.380000 4.140000
vt 0.380000 4.107672
vt 0.300000 4.140000
vt 0.300000 4.172328
vt 0.380000 4.172328
vt 0.380000 4.140000
vt 0.300000 0.044496
vt 0.300000 0.016996
vt 0.380000 0.016996
vt 0.380000 0.044496
vt 0.300000 0.016996
vt 0.300000 -0.016996
vt 0.380000 -0.016996
vt 0.380000 0.016996
vt 0.300000 -0.016996
vt 0.300000 -0.044496
vt 0.380000 -0.044496
vt 0.380000 -0.016996
vt 0.300000 4.172328
vt 0.300000 4.140000
vt 0.380000 4.140000
vt 0.380000 4.172328
vt -0.044496 4.552328
vt -0.016996 4.572308
vt 0.016996 4.572308
vt 0.044496 4.552328
vt 0.055000 4.520000
vt 0.044496 4.487672
vt 0.016996 4.467692
vt -0.016996 4.467692
vt -0.044496 4.487672
vt -0.055000 4.520000
vt -0.055000 4.520000
vt -0.044496 4.487672
vt -0.016996 4.467692
vt 0.016996 4.467692
vt 0.044496 4.487672
vt 0.055000 4.520000
vt 0.044496 4.552328
vt 0.016996 4.572308
vt -0.016996 4.572308
vt -0.044496 4.552328
vt 0.300000 4.520000
vt 0.300000 4.487672
vt 0.380000 4.487672
vt 0.380000 4.520000
vt 0.300000 -0.044496
vt 0.300000 -0.016996
vt 0.380000 -0.016996
vt 0.380000 -0.044496
vt 0.300000 -0.016996
vt 0.300000 0.016996
vt 0.380000 0.016996
vt 0.380000 -0.016996
vt 0.300000 0.016996
vt 0.300000 0.044496
vt 0.380000 0.044496
vt 0.380000 0.016996
vt 0.300000 4.487672
vt 0.300000 4.520000
vt 0.380000 4.520000
vt 0.380000 4.487672
vt 0.300000 4.520000
vt 0.300000 4.552328
vt 0.380000 4.552328
vt 0.380000 4.520000
vt 0.300000 0.044496
vt 0.300000 0.016996
vt 0.380000 0.016996
vt 0.380000 0.044496
vt 0.300000 0.016996
vt 0.300000 -0.016996
vt 0.380000 -0.016996
vt 0.380000 0.016996
vt 0.300000 -0.016996
vt 0.300000 -0.044496
vt 0.380000 -0.044496
vt 0.380000 -0.016996
vt 0.300000 4.552328
vt 0.300000 4.520000
vt 0.380000 4.520000
vt 0.380000 4.552328
vt 1.155504 4.172328
vt 1.183004 4.192308
vt 1.216996 4.192308
vt 1.244496 4.172328
vt 1.255000 4.140000
vt 1.244496 4.107672
vt 1.216996 4.087692
vt 1.183004 4.087692
vt 1.155504 4.107672
vt 1.145000 4.140000
vt 1.145000 4.140000
vt 1.155504 4.107672
vt 1.183004 4.087692
vt 1.216996 4.087692
vt 1.244496 4.107672
vt 1.255000 4.140000
vt 1.244496 4.172328
vt 1.216996 4.192308
vt 1.183004 4.192308
vt 1.155504 4.172328
vt 0.300000 4.140000
vt 0.300000 4.107672
vt 0.380000 4.107672
vt 0.380000 4.140000
vt 0.300000 1.155504
vt 0.300000 1.183004
vt 0.380000 1.183004
vt 0.380000 1.155504
vt 0.300000 1.183004
vt 0.300000 1.216996
vt 0.380000 1.216996
vt 0.380000 1.183004
vt 0.300000 1.216996
vt 0.300000 1.244496
vt 0.380000 1.244496
vt 0.380000 1.216996
vt 0.300000 4.107672
vt 0.300000 4.140000
vt 0.380000 4.140000
vt 0.380000 4.107672
vt 0.300000 4.140000
vt 0.300000 4.172328
vt 0.380000 4.172328
vt 0.380000 4.140000
vt 0.300000 1.244496
vt 0.300000 1.216996
vt 0.380000 1.216996
vt 0.380000 1.244496
vt 0.300000 1.216996
vt 0.300000 1.183004
vt 0.380000 1.183004
vt 0.380000 1.216996
vt 0.300000 1.183004
vt 0.300000 1.155504
vt 0.380000 1.155504
vt 0.380000 1.183004
vt 0.300000 4.172328
vt 0.300000 4.140000
vt 0.380000 4.140000
vt 0.380000 4.172328
vt 1.155504 4.552328
vt 1.183004 4.572308
vt 1.216996 4.572308
vt 1.244496 4.552328
vt 1.255000 4.520000
vt 1.244496 4.487672
vt 1.216996 4.467692
vt 1.183004 4.467692
vt 1.155504 4.487672
vt 1.145000 4.520000
vt 1.145000 4.520000
vt 1.155504 4.487672
vt 1.183004 4.467692
vt 1.216996 4.467692
vt 1.244496 4.487672
vt 1.255000 4.520000
vt 1.244496 4.552328
vt 1.216996 4.572308
vt 1.183004 4.572308
vt 1.155504 4.552328
vt 0.300000 4.520000
vt 0.300000 4.487672
vt 0.380000 4.487672
vt 0.380000 4.520000
vt 0.300000 1.155504
vt 0.300000 1.183004
vt 0.380000 1.183004
vt 0.380000 1.155504
vt 0.300000 1.183004
vt 0.300000 1.216996
vt 0.380000 1.216996
vt 0.380000 1.183004
vt 0.300000 1.216996
vt 0.300000 1.244496
vt 0.380000 1.244496
vt 0.380000 1.216996
vt 0.300000 4.487672
vt 0.300000 4.520000
vt 0.380000 4.520000
vt 0.380000 4.487672
vt 0.300000 4.520000
vt 0.300000 4.552328
vt 0.380000 4.552328
vt 0.380000 4.520000
vt 0.300000 1.244496
vt 0.300000 1.216996
vt 0.380000 1.216996
vt 0.380000 1.244496
vt 0.300000 1.216996
vt 0.300000 1.183004
vt 0.380000 1.183004
vt 0.380000 1.216996
vt 0.300000 1.183004
vt 0.300000 1.155504
vt 0.380000 1.155504
vt 0.380000 1.183004
vt 0.300000 4.552328
vt 0.300000 4.520000
vt 0.380000 4.520000
vt 0.380000 4.552328
vt 2.355504 4.172328
vt 2.383004 4.192308
vt 2.416996 4.192308
vt 2.444496 4.172328
vt 2.455000 4.140000
vt 2.444496 4.107672
vt 2.416996 4.087692
vt 2.383004 4.087692
vt 2.355504 4.107672
vt 2.345000 4.140000
vt 2.345000 4.140000
vt 2.355504 4.107672
vt 2.383004 4.087692
vt 2.416996 4.087692
vt 2.444496 4.107672
vt 2.455000 4.140000
vt 2.444496 4.172328
vt 2.416996 4.192308
vt 2.383004 4.192308
vt 2.355504 4.172328
vt 0.300000 4.140000
vt 0.300000 4.107672
vt 0.380000 4.107672
vt 0.380000 4.140000
vt 0.300000 2.355504
vt 0.300000 2.383004
vt 0.380000 2.383004
vt 0.380000 2.355504
vt 0.300000 2.383004
vt 0.300000 2.416996
vt 0.380000 2.416996
vt 0.380000 2.383004
vt 0.300000 2.416996
vt 0.300000 2.444496
vt 0.380000 2.444496
vt 0.380000 2.416996
vt 0.300000 4.107672
vt 0.300000 4.140000
vt 0.380000 4.140000
vt 0.380000 4.107672
vt 0.300000 4.140000
vt 0.300000 4.172328
vt 0.380000 4.172328
vt 0.380000 4.140000
vt 0.300000 2.444496
vt 0.300000 2.416996
vt 0.380000 2.416996
vt 0.380000 2.444496
vt 0.300000 2.416996
vt 0.300000 2.383004
vt 0.380000 2.383004
vt 0.380000 2.416996
vt 0.300000 2.383004
vt 0.300000 2.355504
vt 0.380000 2.355504
vt 0.380000 2.383004
vt 0.300000 4.172328
vt 0.300000 4.140000
vt 0.380000 4.140000
vt 0.380000 4.172328
vt 2.355504 4.552328
vt 2.383004 4.572308
vt 2.416996 4.572308
vt 2.444496 4.552328
vt 2.455000 4.520000
vt 2.444496 4.487672
vt 2.416996 4.467692
vt 2.383004 4.467692
vt 2.355504 4.487672
vt 2.345000 4.520000
vt 2.345000 4.520000
vt 2.355504 4.487672
vt 2.383004 4.467692
vt 2.416996 4.467692
vt 2.444496 4.487672
vt 2.455000 4.520000
vt 2.444496 4.552328
vt 2.416996 4.572308
vt 2.383004 4.572308
vt 2.355504 4.552328
vt 0.300000 4.520000
vt 0.300000 4.487672
vt 0.380000 4.487672
vt 0.380000 4.520000
vt 0.300000 2.355504
vt 0.300000 2.383004
vt 0.380000 2.383004
vt 0.380000 2.355504
vt 0.300000 2.383004
vt 0.300000 2.416996
vt 0.380000 2.416996
vt 0.380000 2.383004
vt 0.300000 2.416996
vt 0.300000 2.444496
vt 0.380000 2.444496
vt 0.380000 2.416996
vt 0.300000 4.487672
vt 0.300000 4.520000
vt 0.380000 4.520000
vt 0.380000 4.487672
vt 0.300000 4.520000
vt 0.300000 4.552328
vt 0.380000 4.552328
vt 0.380000 4.520000
vt 0.300000 2.444496
vt 0.300000 2.416996
vt 0.380000 2.416996
vt 0.380000 2.444496
vt 0.300000 2.416996
vt 0.300000 2.383004
vt 0.380000 2.383004
vt 0.380000 2.416996
vt 0.300000 2.383004
vt 0.300000 2.355504
vt 0.380000 2.355504
vt 0.380000 2.383004
vt 0.300000 4.552328
vt 0.300000 4.520000
vt 0.380000 4.520000
vt 0.380000 4.552328
vt 3.555504 4.172328
vt 3.583004 4.192308
vt 3.616996 4.192308
vt 3.644496 4.172328
vt 3.655000 4.140000
vt 3.644496 4.107672
vt 3.616996 4.087692
vt 3.583004 4.087692
vt 3.555504 4.107672
vt 3.545000 4.140000
vt 3.545000 4.140000
vt 3.555504 4.107672
vt 3.583004 4.087692
vt 3.616996 4.087692
vt 3.644496 4.107672
vt 3.655000 4.140000
vt 3.644496 4.172328
vt 3.616996 4.192308
vt 3.583004 4.192308
vt 3.555504 4.172328
vt 0.300000 4.140000
vt 0.300000 4.107672
vt 0.380000 4.107672
vt 0.380000 4.140000
vt 0.300000 3.555504
vt 0.300000 3.583004
vt 0.380000 3.583004
vt 0.380000 3.555504
vt 0.300000 3.583004
vt 0.300000 3.616996
vt 0.380000 3.616996
vt 0.380000 3.583004
vt 0.300000 3.616996
vt 0.300000 3.644496
vt 0.380000 3.644496
vt 0.380000 3.616996
vt 0.300000 4.107672
vt 0.300000 4.140000
vt 0.380000 4.140000
vt 0.380000 4.107672
vt 0.300000 4.140000
vt 0.300000 4.172328
vt 0.380000 4.172328
vt 0.380000 4.140000
vt 0.300000 3.644496
vt 0.300000 3.616996
vt 0.380000 3.616996
vt 0.380000 3.644496
vt 0.300000 3.616996
vt 0.300000 3.583004
vt 0.380000 3.583004
vt 0.380000 3.616996
vt 0.300000 3.583004
vt 0.300000 3.555504
vt 0.380000 3.555504
vt 0.380000 3.583004
vt 0.300000 4.172328
vt 0.300000 4.140000
vt 0.380000 4.140000
vt 0.380000 4.172328
vt 3.555504 4.552328
vt 3.583004 4.572308
vt 3.616996 4.572308
vt 3.644496 4.552328
vt 3.655000 4.520000
vt 3.644496 4.487672
vt 3.616996 4.467692
vt 3.583004 4.467692
vt 3.555504 4.487672
vt 3.545000 4.520000
vt 3.545000 4.520000
vt 3.555504 4.487672
vt 3.583004 4.467692
vt 3.616996 4.467692
vt 3.644496 4.487672
vt 3.655000 4.520000
vt 3.644496 4.552328
vt 3.616996 4.572308
vt 3.583004 4.572308
vt 3.555504 4.552328
vt 0.300000 4.520000
vt 0.300000 4.487672
vt 0.380000 4.487672
vt 0.380000 4.520000
vt 0.300000 3.555504
vt 0.300000 3.583004
vt 0.380000 3.583004
vt 0.380000 3.555504
vt 0.300000 3.583004
vt 0.300000 3.616996
vt 0.380000 3.616996
vt 0.380000 3.583004
vt 0.300000 3.616996
vt 0.300000 3.644496
vt 0.380000 3.644496
vt 0.380000 3.616996
vt 0.300000 4.487672
vt 0.300000 4.520000
vt 0.380000 4.520000
vt 0.380000 4.487672
vt 0.300000 4.520000
vt 0.300000 4.552328
vt 0.380000 4.552328
vt 0.380000 4.520000
vt 0.300000 3.644496
vt 0.300000 3.616996
vt 0.380000 3.616996
vt 0.380000 3.644496
vt 0.300000 3.616996
vt 0.300000 3.583004
vt 0.380000 3.583004
vt 0.380000 3.616996
vt 0.300000 3.583004
vt 0.300000 3.555504
vt 0.380000 3.555504
vt 0.380000 3.583004
vt 0.300000 4.552328
vt 0.300000 4.520000
vt 0.380000 4.520000
vt 0.380000 4.552328
vt -0.720000 -4.000000
vt 0.180000 -4.000000
vt 0.180000 -3.940000
vt -0.720000 -3.940000
vt -0.720000 -4.000000
vt -0.720000 -3.940000
vt 0.180000 -3.940000
vt 0.180000 -4.000000
vt -0.720000 1.020000
vt -0.720000 1.880000
vt 0.180000 1.880000
vt 0.180000 1.020000
vt -0.720000 1.020000
vt 0.180000 1.020000
vt 0.180000 1.880000
vt -0.720000 1.880000
vt -4.000000 1.020000
vt -3.940000 1.020000
vt -3.940000 1.880000
vt -4.000000 1.880000
vt -4.000000 1.020000
vt -4.000000 1.880000
vt -3.940000 1.880000
vt -3.940000 1.020000
vt -0.480000 3.940000
vt 0.180000 3.940000
vt 0.180000 4.000000
vt -0.480000 4.000000
vt -0.480000 3.940000
vt -0.480000 4.000000
vt 0.180000 4.000000
vt 0.180000 3.940000
vt -0.480000 1.120000
vt -0.480000 2.050000
vt 0.180000 2.050000
vt 0.180000 1.120000
vt -0.480000 1.120000
vt 0.180000 1.120000
vt 0.180000 2.050000
vt -0.480000 2.050000
vt 3.940000 1.120000
vt 4.000000 1.120000
vt 4.000000 2.050000
vt 3.940000 2.050000
vt 3.940000 1.120000
vt 3.940000 2.050000
vt 4.000000 2.050000
vt 4.000000 1.120000
vt -0.583130 1.166870
vt -0.610000 1.178000
vt -0.636870 1.166870
vt -0.648000 1.140000
vt -0.636870 1.113130
vt -0.610000 1.102000
vt -0.583130 1.113130
vt -0.572000 1.140000
vt -0.572000 1.140000
vt -0.583130 1.113130
vt -0.610000 1.102000
vt -0.636870 1.113130
vt -0.648000 1.140000
vt -0.636870 1.166870
vt -0.610000 1.178000
vt -0.583130 1.166870
vt -3.910000 1.140000
vt -3.910000 1.113130
vt -3.850000 1.113130
vt -3.850000 1.140000
vt -0.583130 -3.910000
vt -0.610000 -3.910000
vt -0.610000 -3.850000
vt -0.583130 -3.850000
vt -0.610000 -3.910000
vt -0.636870 -3.910000
vt -0.636870 -3.850000
vt -0.610000 -3.850000
vt -3.910000 1.113130
vt -3.910000 1.140000
vt -3.850000 1.140000
vt -3.850000 1.113130
vt -3.910000 1.140000
vt -3.910000 1.166870
vt -3.850000 1.166870
vt -3.850000 1.140000
vt -0.636870 -3.910000
vt -0.610000 -3.910000
vt -0.610000 -3.850000
vt -0.636870 -3.850000
vt -0.610000 -3.910000
vt -0.583130 -3.910000
vt -0.583130 -3.850000
vt -0.610000 -3.850000
vt -3.910000 1.166870
vt -3.910000 1.140000
vt -3.850000 1.140000
vt -3.850000 1.166870
vt 0.096870 1.786870
vt 0.070000 1.798000
vt 0.043130 1.786870
vt 0.032000 1.760000
vt 0.043130 1.733130
vt 0.070000 1.722000
vt 0.096870 1.733130
vt 0.108000 1.760000
vt 0.108000 1.760000
vt 0.096870 1.733130
vt 0.070000 1.722000
vt 0.043130 1.733130
vt 0.032000 1.760000
vt 0.043130 1.786870
vt 0.070000 1.798000
vt 0.096870 1.786870
vt -3.910000 1.760000
vt -3.910000 1.733130
vt -3.850000 1.733130
vt -3.850000 1.760000
vt 0.096870 -3.910000
vt 0.070000 -3.910000
vt 0.070000 -3.850000
vt 0.096870 -3.850000
vt 0.070000 -3.910000
vt 0.043130 -3.910000
vt 0.043130 -3.850000
vt 0.070000 -3.850000
vt -3.910000 1.733130
vt -3.910000 1.760000
vt -3.850000 1.760000
vt -3.850000 1.733130
vt -3.910000 1.760000
vt -3.910000 1.786870
vt -3.850000 1.786870
vt -3.850000 1.760000
vt 0.043130 -3.910000
vt 0.070000 -3.910000
vt 0.070000 -3.850000
vt 0.043130 -3.850000
vt 0.070000 -3.910000
vt 0.096870 -3.910000
vt 0.096870 -3.850000
vt 0.070000 -3.850000
vt -3.910000 1.786870
vt -3.910000 1.760000
vt -3.850000 1.760000
vt -3.850000 1.786870
vt -0.396870 1.266870
vt -0.370000 1.278000
vt -0.343130 1.266870
vt -0.332000 1.240000
vt -0.343130 1.213130
vt -0.370000 1.202000
vt -0.396870 1.213130
vt -0.408000 1.240000
vt -0.408000 1.240000
vt -0.396870 1.213130
vt -0.370000 1.202000
vt -0.343130 1.213130
vt -0.332000 1.240000
vt -0.343130 1.266870
vt -0.370000 1.278000
vt -0.396870 1.266870
vt 3.910000 1.240000
vt 3.910000 1.213130
vt 3.850000 1.213130
vt 3.850000 1.240000
vt -0.396870 3.910000
vt -0.370000 3.910000
vt -0.370000 3.850000
vt -0.396870 3.850000
vt -0.370000 3.910000
vt -0.343130 3.910000
vt -0.343130 3.850000
vt -0.370000 3.850000
vt 3.910000 1.213130
vt 3.910000 1.240000
vt 3.850000 1.240000
vt 3.850000 1.213130
vt 3.910000 1.240000
vt 3.910000 1.266870
vt 3.850000 1.266870
vt 3.850000 1.240000
vt -0.343130 3.910000
vt -0.370000 3.910000
vt -0.370000 3.850000
vt -0.343130 3.850000
vt -0.370000 3.910000
vt -0.396870 3.910000
vt -0.396870 3.850000
vt -0.370000 3.850000
vt 3.910000 1.266870
vt 3.910000 1.240000
vt 3.850000 1.240000
vt 3.850000 1.266870
vt 0.043130 1.956870
vt 0.070000 1.968000
vt 0.096870 1.956870
vt 0.108000 1.930000
vt 0.096870 1.903130
vt 0.070000 1.892000
vt 0.043130 1.903130
vt 0.032000 1.930000
vt 0.032000 1.930000
vt 0.043130 1.903130
vt 0.070000 1.892000
vt 0.096870 1.903130
vt 0.108000 1.930000
vt 0.096870 1.956870
vt 0.070000 1.968000
vt 0.043130 1.956870
vt 3.910000 1.930000
vt 3.910000 1.903130
vt 3.850000 1.903130
vt 3.850000 1.930000
vt 0.043130 3.910000
vt 0.070000 3.910000
vt 0.070000 3.850000
vt 0.043130 3.850000
vt 0.070000 3.910000
vt 0.096870 3.910000
vt 0.096870 3.850000
vt 0.070000 3.850000
vt 3.910000 1.903130
vt 3.910000 1.930000
vt 3.850000 1.930000
vt 3.850000 1.903130
vt 3.910000 1.930000
vt 3.910000 1.956870
vt 3.850000 1.956870
vt 3.850000 1.930000
vt 0.096870 3.910000
vt 0.070000 3.910000
vt 0.070000 3.850000
vt 0.096870 3.850000
vt 0.070000 3.910000
vt 0.043130 3.910000
vt 0.043130 3.850000
vt 0.070000 3.850000
vt 3.910000 1.956870
vt 3.910000 1.930000
vt 3.850000 1.930000
vt 3.850000 1.956870
vt -1.320000 -3.200000
vt -1.290000 -3.200000
vt -1.290000 3.200000
vt -1.320000 3.200000
vt -1.320000 -3.200000
vt -1.320000 3.200000
vt -1.290000 3.200000
vt -1.290000 -3.200000
vt -1.320000 -0.480000
vt -1.320000 0.000000
vt -1.290000 0.000000
vt -1.290000 -0.480000
vt -1.320000 -0.480000
vt -1.290000 -0.480000
vt -1.290000 0.000000
vt -1.320000 0.000000
vt -3.200000 -0.480000
vt 3.200000 -0.480000
vt 3.200000 0.000000
vt -3.200000 0.000000
vt -3.200000 -0.480000
vt -3.200000 0.000000
vt 3.200000 0.000000
vt 3.200000 -0.480000
vt -1.320000 -5.050000
vt -1.290000 -5.050000
vt -1.290000 -4.300000
vt -1.320000 -4.300000
vt -1.320000 -5.050000
vt -1.320000 -4.300000
vt -1.290000 -4.300000
vt -1.290000 -5.050000
vt -1.320000 0.000000
vt -1.320000 1.040000
vt -1.290000 1.040000
vt -1.290000 0.000000
vt -1.320000 0.000000
vt -1.290000 0.000000
vt -1.290000 1.040000
vt -1.320000 1.040000
vt -5.050000 0.000000
vt -4.300000 0.000000
vt -4.300000 1.040000
vt -5.050000 1.040000
vt -5.050000 0.000000
vt -5.050000 1.040000
vt -4.300000 1.040000
vt -4.300000 0.000000
vt -1.320000 4.420000
vt -1.290000 4.420000
vt -1.290000 5.050000
vt -1.320000 5.050000
vt -1.320000 4.420000
vt -1.320000 5.050000
vt -1.290000 5.050000
vt -1.290000 4.420000
vt -1.320000 0.000000
vt -1.320000 0.760000
vt -1.290000 0.760000
vt -1.290000 0.000000
vt -1.320000 0.000000
vt -1.290000 0.000000
vt -1.290000 0.760000
vt -1.320000 0.760000
vt 4.420000 0.000000
vt 5.050000 0.000000
vt 5.050000 0.760000
vt 4.420000 0.760000
vt 4.420000 0.000000
vt 4.420000 0.760000
vt 5.050000 0.760000
vt 5.050000 0.000000
vt -1.320000 -3.180000
vt -1.290000 -3.180000
vt -1.290000 -2.720000
vt -1.320000 -2.720000
vt -1.320000 -3.180000
vt -1.320000 -2.720000
vt -1.290000 -2.720000
vt -1.290000 -3.180000
vt -1.320000 3.920000
vt -1.320000 4.520000
vt -1.290000 4.520000
vt -1.290000 3.920000
vt -1.320000 3.920000
vt -1.290000 3.920000
vt -1.290000 4.520000
vt -1.320000 4.520000
vt -3.180000 3.920000
vt -2.720000 3.920000
vt -2.720000 4.520000
vt -3.180000 4.520000
vt -3.180000 3.920000
vt -3.180000 4.520000
vt -2.720000 4.520000
vt -2.720000 3.920000
vt -1.320000 1.260000
vt -1.290000 1.260000
vt -1.290000 1.740000
vt -1.320000 1.740000
vt -1.320000 1.260000
vt -1.320000 1.740000
vt -1.290000 1.740000
vt -1.290000 1.260000
vt -1.320000 3.920000
vt -1.320000 4.360000
vt -1.290000 4.360000
vt -1.290000 3.920000
vt -1.320000 3.920000
vt -1.290000 3.920000
vt -1.290000 4.360000
vt -1.320000 4.360000
vt 1.260000 3.920000
vt 1.740000 3.920000
vt 1.740000 4.360000
vt 1.260000 4.360000
vt 1.260000 3.920000
vt 1.260000 4.360000
vt 1.740000 4.360000
vt 1.740000 3.920000
usemtl M_BlastSurround_CastConcrete
s 1
f 1/1 2/2 4/3 3/4
f 5/5 7/6 8/7 6/8
f 1/9 5/10 6/11 2/12
f 3/13 4/14 8/15 7/16
f 1/17 3/18 7/19 5/20
f 2/21 6/22 8/23 4/24
f 9/25 10/26 12/27 11/28
f 13/29 15/30 16/31 14/32
f 9/33 13/34 14/35 10/36
f 11/37 12/38 16/39 15/40
f 9/41 11/42 15/43 13/44
f 10/45 14/46 16/47 12/48
f 17/49 18/50 20/51 19/52
f 21/53 23/54 24/55 22/56
f 17/57 21/58 22/59 18/60
f 19/61 20/62 24/63 23/64
f 17/65 19/66 23/67 21/68
f 18/69 22/70 24/71 20/72
usemtl M_BlastSurround_AgedSteel
s 1
f 25/73 26/74 28/75 27/76
f 29/77 31/78 32/79 30/80
f 25/81 29/82 30/83 26/84
f 27/85 28/86 32/87 31/88
f 25/89 27/90 31/91 29/92
f 26/93 30/94 32/95 28/96
f 33/97 34/98 36/99 35/100
f 37/101 39/102 40/103 38/104
f 33/105 37/106 38/107 34/108
f 35/109 36/110 40/111 39/112
f 33/113 35/114 39/115 37/116
f 34/117 38/118 40/119 36/120
f 41/121 42/122 44/123 43/124
f 45/125 47/126 48/127 46/128
f 41/129 45/130 46/131 42/132
f 43/133 44/134 48/135 47/136
f 41/137 43/138 47/139 45/140
f 42/141 46/142 48/143 44/144
usemtl M_BlastSurround_ShadowSteel
s 1
f 49/145 50/146 52/147 51/148
f 53/149 55/150 56/151 54/152
f 49/153 53/154 54/155 50/156
f 51/157 52/158 56/159 55/160
f 49/161 51/162 55/163 53/164
f 50/165 54/166 56/167 52/168
f 57/169 58/170 60/171 59/172
f 61/173 63/174 64/175 62/176
f 57/177 61/178 62/179 58/180
f 59/181 60/182 64/183 63/184
f 57/185 59/186 63/187 61/188
f 58/189 62/190 64/191 60/192
f 65/193 66/194 68/195 67/196
f 69/197 71/198 72/199 70/200
f 65/201 69/202 70/203 66/204
f 67/205 68/206 72/207 71/208
f 65/209 67/210 71/211 69/212
f 66/213 70/214 72/215 68/216
usemtl M_BlastSurround_HandWear
s 1
f 73/217 74/218 76/219 75/220
f 77/221 79/222 80/223 78/224
f 73/225 77/226 78/227 74/228
f 75/229 76/230 80/231 79/232
f 73/233 75/234 79/235 77/236
f 74/237 78/238 80/239 76/240
usemtl M_BlastSurround_AgedSteel
s 1
f 81/241 82/242 84/243 83/244
f 85/245 87/246 88/247 86/248
f 81/249 85/250 86/251 82/252
f 83/253 84/254 88/255 87/256
f 81/257 83/258 87/259 85/260
f 82/261 86/262 88/263 84/264
f 89/265 90/266 92/267 91/268
f 93/269 95/270 96/271 94/272
f 89/273 93/274 94/275 90/276
f 91/277 92/278 96/279 95/280
f 89/281 91/282 95/283 93/284
f 90/285 94/286 96/287 92/288
f 97/289 98/290 100/291 99/292
f 101/293 103/294 104/295 102/296
f 97/297 101/298 102/299 98/300
f 99/301 100/302 104/303 103/304
f 97/305 99/306 103/307 101/308
f 98/309 102/310 104/311 100/312
f 105/313 106/314 108/315 107/316
f 109/317 111/318 112/319 110/320
f 105/321 109/322 110/323 106/324
f 107/325 108/326 112/327 111/328
f 105/329 107/330 111/331 109/332
f 106/333 110/334 112/335 108/336
f 113/337 114/338 116/339 115/340
f 117/341 119/342 120/343 118/344
f 113/345 117/346 118/347 114/348
f 115/349 116/350 120/351 119/352
f 113/353 115/354 119/355 117/356
f 114/357 118/358 120/359 116/360
usemtl M_BlastSurround_ShadowSteel
s 1
f 121/361 122/362 124/363 123/364
f 125/365 127/366 128/367 126/368
f 121/369 125/370 126/371 122/372
f 123/373 124/374 128/375 127/376
f 121/377 123/378 127/379 125/380
f 122/381 126/382 128/383 124/384
usemtl M_BlastSurround_AgedSteel
s 1
f 129/385 130/386 132/387 131/388
f 133/389 135/390 136/391 134/392
f 129/393 133/394 134/395 130/396
f 131/397 132/398 136/399 135/400
f 129/401 131/402 135/403 133/404
f 130/405 134/406 136/407 132/408
f 137/409 138/410 140/411 139/412
f 141/413 143/414 144/415 142/416
f 137/417 141/418 142/419 138/420
f 139/421 140/422 144/423 143/424
f 137/425 139/426 143/427 141/428
f 138/429 142/430 144/431 140/432
usemtl M_BlastSurround_BoltSteel
s 1
f 156/433 155/434 154/435 153/436 152/437 151/438 150/439 149/440 148/441 147/442 146/443 145/444
f 157/445 158/446 159/447 160/448 161/449 162/450 163/451 164/452 165/453 166/454 167/455 168/456
f 145/457 146/458 158/459 157/460
f 146/461 147/462 159/463 158/464
f 147/465 148/466 160/467 159/468
f 148/469 149/470 161/471 160/472
f 149/473 150/474 162/475 161/476
f 150/477 151/478 163/479 162/480
f 151/481 152/482 164/483 163/484
f 152/485 153/486 165/487 164/488
f 153/489 154/490 166/491 165/492
f 154/493 155/494 167/495 166/496
f 155/497 156/498 168/499 167/500
f 156/501 145/502 157/503 168/504
usemtl M_BlastSurround_AgedSteel
s 1
f 169/505 170/506 172/507 171/508
f 173/509 175/510 176/511 174/512
f 169/513 173/514 174/515 170/516
f 171/517 172/518 176/519 175/520
f 169/521 171/522 175/523 173/524
f 170/525 174/526 176/527 172/528
usemtl M_BlastSurround_BoltSteel
s 1
f 188/529 187/530 186/531 185/532 184/533 183/534 182/535 181/536 180/537 179/538 178/539 177/540
f 189/541 190/542 191/543 192/544 193/545 194/546 195/547 196/548 197/549 198/550 199/551 200/552
f 177/553 178/554 190/555 189/556
f 178/557 179/558 191/559 190/560
f 179/561 180/562 192/563 191/564
f 180/565 181/566 193/567 192/568
f 181/569 182/570 194/571 193/572
f 182/573 183/574 195/575 194/576
f 183/577 184/578 196/579 195/580
f 184/581 185/582 197/583 196/584
f 185/585 186/586 198/587 197/588
f 186/589 187/590 199/591 198/592
f 187/593 188/594 200/595 199/596
f 188/597 177/598 189/599 200/600
usemtl M_BlastSurround_AgedSteel
s 1
f 201/601 202/602 204/603 203/604
f 205/605 207/606 208/607 206/608
f 201/609 205/610 206/611 202/612
f 203/613 204/614 208/615 207/616
f 201/617 203/618 207/619 205/620
f 202/621 206/622 208/623 204/624
usemtl M_BlastSurround_BoltSteel
s 1
f 220/625 219/626 218/627 217/628 216/629 215/630 214/631 213/632 212/633 211/634 210/635 209/636
f 221/637 222/638 223/639 224/640 225/641 226/642 227/643 228/644 229/645 230/646 231/647 232/648
f 209/649 210/650 222/651 221/652
f 210/653 211/654 223/655 222/656
f 211/657 212/658 224/659 223/660
f 212/661 213/662 225/663 224/664
f 213/665 214/666 226/667 225/668
f 214/669 215/670 227/671 226/672
f 215/673 216/674 228/675 227/676
f 216/677 217/678 229/679 228/680
f 217/681 218/682 230/683 229/684
f 218/685 219/686 231/687 230/688
f 219/689 220/690 232/691 231/692
f 220/693 209/694 221/695 232/696
usemtl M_BlastSurround_AgedSteel
s 1
f 233/697 234/698 236/699 235/700
f 237/701 239/702 240/703 238/704
f 233/705 237/706 238/707 234/708
f 235/709 236/710 240/711 239/712
f 233/713 235/714 239/715 237/716
f 234/717 238/718 240/719 236/720
usemtl M_BlastSurround_BoltSteel
s 1
f 252/721 251/722 250/723 249/724 248/725 247/726 246/727 245/728 244/729 243/730 242/731 241/732
f 253/733 254/734 255/735 256/736 257/737 258/738 259/739 260/740 261/741 262/742 263/743 264/744
f 241/745 242/746 254/747 253/748
f 242/749 243/750 255/751 254/752
f 243/753 244/754 256/755 255/756
f 244/757 245/758 257/759 256/760
f 245/761 246/762 258/763 257/764
f 246/765 247/766 259/767 258/768
f 247/769 248/770 260/771 259/772
f 248/773 249/774 261/775 260/776
f 249/777 250/778 262/779 261/780
f 250/781 251/782 263/783 262/784
f 251/785 252/786 264/787 263/788
f 252/789 241/790 253/791 264/792
usemtl M_BlastSurround_AgedSteel
s 1
f 265/793 266/794 268/795 267/796
f 269/797 271/798 272/799 270/800
f 265/801 269/802 270/803 266/804
f 267/805 268/806 272/807 271/808
f 265/809 267/810 271/811 269/812
f 266/813 270/814 272/815 268/816
usemtl M_BlastSurround_BoltSteel
s 1
f 284/817 283/818 282/819 281/820 280/821 279/822 278/823 277/824 276/825 275/826 274/827 273/828
f 285/829 286/830 287/831 288/832 289/833 290/834 291/835 292/836 293/837 294/838 295/839 296/840
f 273/841 274/842 286/843 285/844
f 274/845 275/846 287/847 286/848
f 275/849 276/850 288/851 287/852
f 276/853 277/854 289/855 288/856
f 277/857 278/858 290/859 289/860
f 278/861 279/862 291/863 290/864
f 279/865 280/866 292/867 291/868
f 280/869 281/870 293/871 292/872
f 281/873 282/874 294/875 293/876
f 282/877 283/878 295/879 294/880
f 283/881 284/882 296/883 295/884
f 284/885 273/886 285/887 296/888
usemtl M_BlastSurround_AgedSteel
s 1
f 299/889 298/890 297/891
f 300/892 301/893 302/894
f 297/895 298/896 301/897 300/898
f 298/899 299/900 302/901 301/902
f 299/903 297/904 300/905 302/906
f 303/907 304/908 306/909 305/910
f 307/911 309/912 310/913 308/914
f 303/915 307/916 308/917 304/918
f 305/919 306/920 310/921 309/922
f 303/923 305/924 309/925 307/926
f 304/927 308/928 310/929 306/930
usemtl M_BlastSurround_BoltSteel
s 1
f 322/931 321/932 320/933 319/934 318/935 317/936 316/937 315/938 314/939 313/940 312/941 311/942
f 323/943 324/944 325/945 326/946 327/947 328/948 329/949 330/950 331/951 332/952 333/953 334/954
f 311/955 312/956 324/957 323/958
f 312/959 313/960 325/961 324/962
f 313/963 314/964 326/965 325/966
f 314/967 315/968 327/969 326/970
f 315/971 316/972 328/973 327/974
f 316/975 317/976 329/977 328/978
f 317/979 318/980 330/981 329/982
f 318/983 319/984 331/985 330/986
f 319/987 320/988 332/989 331/990
f 320/991 321/992 333/993 332/994
f 321/995 322/996 334/997 333/998
f 322/999 311/1000 323/1001 334/1002
usemtl M_BlastSurround_AgedSteel
s 1
f 335/1003 336/1004 338/1005 337/1006
f 339/1007 341/1008 342/1009 340/1010
f 335/1011 339/1012 340/1013 336/1014
f 337/1015 338/1016 342/1017 341/1018
f 335/1019 337/1020 341/1021 339/1022
f 336/1023 340/1024 342/1025 338/1026
usemtl M_BlastSurround_BoltSteel
s 1
f 354/1027 353/1028 352/1029 351/1030 350/1031 349/1032 348/1033 347/1034 346/1035 345/1036 344/1037 343/1038
f 355/1039 356/1040 357/1041 358/1042 359/1043 360/1044 361/1045 362/1046 363/1047 364/1048 365/1049 366/1050
f 343/1051 344/1052 356/1053 355/1054
f 344/1055 345/1056 357/1057 356/1058
f 345/1059 346/1060 358/1061 357/1062
f 346/1063 347/1064 359/1065 358/1066
f 347/1067 348/1068 360/1069 359/1070
f 348/1071 349/1072 361/1073 360/1074
f 349/1075 350/1076 362/1077 361/1078
f 350/1079 351/1080 363/1081 362/1082
f 351/1083 352/1084 364/1085 363/1086
f 352/1087 353/1088 365/1089 364/1090
f 353/1091 354/1092 366/1093 365/1094
f 354/1095 343/1096 355/1097 366/1098
usemtl M_BlastSurround_AgedSteel
s 1
f 367/1099 368/1100 370/1101 369/1102
f 371/1103 373/1104 374/1105 372/1106
f 367/1107 371/1108 372/1109 368/1110
f 369/1111 370/1112 374/1113 373/1114
f 367/1115 369/1116 373/1117 371/1118
f 368/1119 372/1120 374/1121 370/1122
usemtl M_BlastSurround_BoltSteel
s 1
f 386/1123 385/1124 384/1125 383/1126 382/1127 381/1128 380/1129 379/1130 378/1131 377/1132 376/1133 375/1134
f 387/1135 388/1136 389/1137 390/1138 391/1139 392/1140 393/1141 394/1142 395/1143 396/1144 397/1145 398/1146
f 375/1147 376/1148 388/1149 387/1150
f 376/1151 377/1152 389/1153 388/1154
f 377/1155 378/1156 390/1157 389/1158
f 378/1159 379/1160 391/1161 390/1162
f 379/1163 380/1164 392/1165 391/1166
f 380/1167 381/1168 393/1169 392/1170
f 381/1171 382/1172 394/1173 393/1174
f 382/1175 383/1176 395/1177 394/1178
f 383/1179 384/1180 396/1181 395/1182
f 384/1183 385/1184 397/1185 396/1186
f 385/1187 386/1188 398/1189 397/1190
f 386/1191 375/1192 387/1193 398/1194
usemtl M_BlastSurround_AgedSteel
s 1
f 401/1195 400/1196 399/1197
f 402/1198 403/1199 404/1200
f 399/1201 400/1202 403/1203 402/1204
f 400/1205 401/1206 404/1207 403/1208
f 401/1209 399/1210 402/1211 404/1212
usemtl M_BlastSurround_BoltSteel
s 1
f 414/1213 413/1214 412/1215 411/1216 410/1217 409/1218 408/1219 407/1220 406/1221 405/1222
f 415/1223 416/1224 417/1225 418/1226 419/1227 420/1228 421/1229 422/1230 423/1231 424/1232
f 405/1233 406/1234 416/1235 415/1236
f 406/1237 407/1238 417/1239 416/1240
f 407/1241 408/1242 418/1243 417/1244
f 408/1245 409/1246 419/1247 418/1248
f 409/1249 410/1250 420/1251 419/1252
f 410/1253 411/1254 421/1255 420/1256
f 411/1257 412/1258 422/1259 421/1260
f 412/1261 413/1262 423/1263 422/1264
f 413/1265 414/1266 424/1267 423/1268
f 414/1269 405/1270 415/1271 424/1272
f 434/1273 433/1274 432/1275 431/1276 430/1277 429/1278 428/1279 427/1280 426/1281 425/1282
f 435/1283 436/1284 437/1285 438/1286 439/1287 440/1288 441/1289 442/1290 443/1291 444/1292
f 425/1293 426/1294 436/1295 435/1296
f 426/1297 427/1298 437/1299 436/1300
f 427/1301 428/1302 438/1303 437/1304
f 428/1305 429/1306 439/1307 438/1308
f 429/1309 430/1310 440/1311 439/1312
f 430/1313 431/1314 441/1315 440/1316
f 431/1317 432/1318 442/1319 441/1320
f 432/1321 433/1322 443/1323 442/1324
f 433/1325 434/1326 444/1327 443/1328
f 434/1329 425/1330 435/1331 444/1332
f 454/1333 453/1334 452/1335 451/1336 450/1337 449/1338 448/1339 447/1340 446/1341 445/1342
f 455/1343 456/1344 457/1345 458/1346 459/1347 460/1348 461/1349 462/1350 463/1351 464/1352
f 445/1353 446/1354 456/1355 455/1356
f 446/1357 447/1358 457/1359 456/1360
f 447/1361 448/1362 458/1363 457/1364
f 448/1365 449/1366 459/1367 458/1368
f 449/1369 450/1370 460/1371 459/1372
f 450/1373 451/1374 461/1375 460/1376
f 451/1377 452/1378 462/1379 461/1380
f 452/1381 453/1382 463/1383 462/1384
f 453/1385 454/1386 464/1387 463/1388
f 454/1389 445/1390 455/1391 464/1392
f 474/1393 473/1394 472/1395 471/1396 470/1397 469/1398 468/1399 467/1400 466/1401 465/1402
f 475/1403 476/1404 477/1405 478/1406 479/1407 480/1408 481/1409 482/1410 483/1411 484/1412
f 465/1413 466/1414 476/1415 475/1416
f 466/1417 467/1418 477/1419 476/1420
f 467/1421 468/1422 478/1423 477/1424
f 468/1425 469/1426 479/1427 478/1428
f 469/1429 470/1430 480/1431 479/1432
f 470/1433 471/1434 481/1435 480/1436
f 471/1437 472/1438 482/1439 481/1440
f 472/1441 473/1442 483/1443 482/1444
f 473/1445 474/1446 484/1447 483/1448
f 474/1449 465/1450 475/1451 484/1452
f 494/1453 493/1454 492/1455 491/1456 490/1457 489/1458 488/1459 487/1460 486/1461 485/1462
f 495/1463 496/1464 497/1465 498/1466 499/1467 500/1468 501/1469 502/1470 503/1471 504/1472
f 485/1473 486/1474 496/1475 495/1476
f 486/1477 487/1478 497/1479 496/1480
f 487/1481 488/1482 498/1483 497/1484
f 488/1485 489/1486 499/1487 498/1488
f 489/1489 490/1490 500/1491 499/1492
f 490/1493 491/1494 501/1495 500/1496
f 491/1497 492/1498 502/1499 501/1500
f 492/1501 493/1502 503/1503 502/1504
f 493/1505 494/1506 504/1507 503/1508
f 494/1509 485/1510 495/1511 504/1512
f 514/1513 513/1514 512/1515 511/1516 510/1517 509/1518 508/1519 507/1520 506/1521 505/1522
f 515/1523 516/1524 517/1525 518/1526 519/1527 520/1528 521/1529 522/1530 523/1531 524/1532
f 505/1533 506/1534 516/1535 515/1536
f 506/1537 507/1538 517/1539 516/1540
f 507/1541 508/1542 518/1543 517/1544
f 508/1545 509/1546 519/1547 518/1548
f 509/1549 510/1550 520/1551 519/1552
f 510/1553 511/1554 521/1555 520/1556
f 511/1557 512/1558 522/1559 521/1560
f 512/1561 513/1562 523/1563 522/1564
f 513/1565 514/1566 524/1567 523/1568
f 514/1569 505/1570 515/1571 524/1572
f 534/1573 533/1574 532/1575 531/1576 530/1577 529/1578 528/1579 527/1580 526/1581 525/1582
f 535/1583 536/1584 537/1585 538/1586 539/1587 540/1588 541/1589 542/1590 543/1591 544/1592
f 525/1593 526/1594 536/1595 535/1596
f 526/1597 527/1598 537/1599 536/1600
f 527/1601 528/1602 538/1603 537/1604
f 528/1605 529/1606 539/1607 538/1608
f 529/1609 530/1610 540/1611 539/1612
f 530/1613 531/1614 541/1615 540/1616
f 531/1617 532/1618 542/1619 541/1620
f 532/1621 533/1622 543/1623 542/1624
f 533/1625 534/1626 544/1627 543/1628
f 534/1629 525/1630 535/1631 544/1632
f 554/1633 553/1634 552/1635 551/1636 550/1637 549/1638 548/1639 547/1640 546/1641 545/1642
f 555/1643 556/1644 557/1645 558/1646 559/1647 560/1648 561/1649 562/1650 563/1651 564/1652
f 545/1653 546/1654 556/1655 555/1656
f 546/1657 547/1658 557/1659 556/1660
f 547/1661 548/1662 558/1663 557/1664
f 548/1665 549/1666 559/1667 558/1668
f 549/1669 550/1670 560/1671 559/1672
f 550/1673 551/1674 561/1675 560/1676
f 551/1677 552/1678 562/1679 561/1680
f 552/1681 553/1682 563/1683 562/1684
f 553/1685 554/1686 564/1687 563/1688
f 554/1689 545/1690 555/1691 564/1692
f 574/1693 573/1694 572/1695 571/1696 570/1697 569/1698 568/1699 567/1700 566/1701 565/1702
f 575/1703 576/1704 577/1705 578/1706 579/1707 580/1708 581/1709 582/1710 583/1711 584/1712
f 565/1713 566/1714 576/1715 575/1716
f 566/1717 567/1718 577/1719 576/1720
f 567/1721 568/1722 578/1723 577/1724
f 568/1725 569/1726 579/1727 578/1728
f 569/1729 570/1730 580/1731 579/1732
f 570/1733 571/1734 581/1735 580/1736
f 571/1737 572/1738 582/1739 581/1740
f 572/1741 573/1742 583/1743 582/1744
f 573/1745 574/1746 584/1747 583/1748
f 574/1749 565/1750 575/1751 584/1752
f 594/1753 593/1754 592/1755 591/1756 590/1757 589/1758 588/1759 587/1760 586/1761 585/1762
f 595/1763 596/1764 597/1765 598/1766 599/1767 600/1768 601/1769 602/1770 603/1771 604/1772
f 585/1773 586/1774 596/1775 595/1776
f 586/1777 587/1778 597/1779 596/1780
f 587/1781 588/1782 598/1783 597/1784
f 588/1785 589/1786 599/1787 598/1788
f 589/1789 590/1790 600/1791 599/1792
f 590/1793 591/1794 601/1795 600/1796
f 591/1797 592/1798 602/1799 601/1800
f 592/1801 593/1802 603/1803 602/1804
f 593/1805 594/1806 604/1807 603/1808
f 594/1809 585/1810 595/1811 604/1812
f 614/1813 613/1814 612/1815 611/1816 610/1817 609/1818 608/1819 607/1820 606/1821 605/1822
f 615/1823 616/1824 617/1825 618/1826 619/1827 620/1828 621/1829 622/1830 623/1831 624/1832
f 605/1833 606/1834 616/1835 615/1836
f 606/1837 607/1838 617/1839 616/1840
f 607/1841 608/1842 618/1843 617/1844
f 608/1845 609/1846 619/1847 618/1848
f 609/1849 610/1850 620/1851 619/1852
f 610/1853 611/1854 621/1855 620/1856
f 611/1857 612/1858 622/1859 621/1860
f 612/1861 613/1862 623/1863 622/1864
f 613/1865 614/1866 624/1867 623/1868
f 614/1869 605/1870 615/1871 624/1872
f 634/1873 633/1874 632/1875 631/1876 630/1877 629/1878 628/1879 627/1880 626/1881 625/1882
f 635/1883 636/1884 637/1885 638/1886 639/1887 640/1888 641/1889 642/1890 643/1891 644/1892
f 625/1893 626/1894 636/1895 635/1896
f 626/1897 627/1898 637/1899 636/1900
f 627/1901 628/1902 638/1903 637/1904
f 628/1905 629/1906 639/1907 638/1908
f 629/1909 630/1910 640/1911 639/1912
f 630/1913 631/1914 641/1915 640/1916
f 631/1917 632/1918 642/1919 641/1920
f 632/1921 633/1922 643/1923 642/1924
f 633/1925 634/1926 644/1927 643/1928
f 634/1929 625/1930 635/1931 644/1932
f 654/1933 653/1934 652/1935 651/1936 650/1937 649/1938 648/1939 647/1940 646/1941 645/1942
f 655/1943 656/1944 657/1945 658/1946 659/1947 660/1948 661/1949 662/1950 663/1951 664/1952
f 645/1953 646/1954 656/1955 655/1956
f 646/1957 647/1958 657/1959 656/1960
f 647/1961 648/1962 658/1963 657/1964
f 648/1965 649/1966 659/1967 658/1968
f 649/1969 650/1970 660/1971 659/1972
f 650/1973 651/1974 661/1975 660/1976
f 651/1977 652/1978 662/1979 661/1980
f 652/1981 653/1982 663/1983 662/1984
f 653/1985 654/1986 664/1987 663/1988
f 654/1989 645/1990 655/1991 664/1992
f 674/1993 673/1994 672/1995 671/1996 670/1997 669/1998 668/1999 667/2000 666/2001 665/2002
f 675/2003 676/2004 677/2005 678/2006 679/2007 680/2008 681/2009 682/2010 683/2011 684/2012
f 665/2013 666/2014 676/2015 675/2016
f 666/2017 667/2018 677/2019 676/2020
f 667/2021 668/2022 678/2023 677/2024
f 668/2025 669/2026 679/2027 678/2028
f 669/2029 670/2030 680/2031 679/2032
f 670/2033 671/2034 681/2035 680/2036
f 671/2037 672/2038 682/2039 681/2040
f 672/2041 673/2042 683/2043 682/2044
f 673/2045 674/2046 684/2047 683/2048
f 674/2049 665/2050 675/2051 684/2052
f 694/2053 693/2054 692/2055 691/2056 690/2057 689/2058 688/2059 687/2060 686/2061 685/2062
f 695/2063 696/2064 697/2065 698/2066 699/2067 700/2068 701/2069 702/2070 703/2071 704/2072
f 685/2073 686/2074 696/2075 695/2076
f 686/2077 687/2078 697/2079 696/2080
f 687/2081 688/2082 698/2083 697/2084
f 688/2085 689/2086 699/2087 698/2088
f 689/2089 690/2090 700/2091 699/2092
f 690/2093 691/2094 701/2095 700/2096
f 691/2097 692/2098 702/2099 701/2100
f 692/2101 693/2102 703/2103 702/2104
f 693/2105 694/2106 704/2107 703/2108
f 694/2109 685/2110 695/2111 704/2112
f 714/2113 713/2114 712/2115 711/2116 710/2117 709/2118 708/2119 707/2120 706/2121 705/2122
f 715/2123 716/2124 717/2125 718/2126 719/2127 720/2128 721/2129 722/2130 723/2131 724/2132
f 705/2133 706/2134 716/2135 715/2136
f 706/2137 707/2138 717/2139 716/2140
f 707/2141 708/2142 718/2143 717/2144
f 708/2145 709/2146 719/2147 718/2148
f 709/2149 710/2150 720/2151 719/2152
f 710/2153 711/2154 721/2155 720/2156
f 711/2157 712/2158 722/2159 721/2160
f 712/2161 713/2162 723/2163 722/2164
f 713/2165 714/2166 724/2167 723/2168
f 714/2169 705/2170 715/2171 724/2172
f 734/2173 733/2174 732/2175 731/2176 730/2177 729/2178 728/2179 727/2180 726/2181 725/2182
f 735/2183 736/2184 737/2185 738/2186 739/2187 740/2188 741/2189 742/2190 743/2191 744/2192
f 725/2193 726/2194 736/2195 735/2196
f 726/2197 727/2198 737/2199 736/2200
f 727/2201 728/2202 738/2203 737/2204
f 728/2205 729/2206 739/2207 738/2208
f 729/2209 730/2210 740/2211 739/2212
f 730/2213 731/2214 741/2215 740/2216
f 731/2217 732/2218 742/2219 741/2220
f 732/2221 733/2222 743/2223 742/2224
f 733/2225 734/2226 744/2227 743/2228
f 734/2229 725/2230 735/2231 744/2232
f 754/2233 753/2234 752/2235 751/2236 750/2237 749/2238 748/2239 747/2240 746/2241 745/2242
f 755/2243 756/2244 757/2245 758/2246 759/2247 760/2248 761/2249 762/2250 763/2251 764/2252
f 745/2253 746/2254 756/2255 755/2256
f 746/2257 747/2258 757/2259 756/2260
f 747/2261 748/2262 758/2263 757/2264
f 748/2265 749/2266 759/2267 758/2268
f 749/2269 750/2270 760/2271 759/2272
f 750/2273 751/2274 761/2275 760/2276
f 751/2277 752/2278 762/2279 761/2280
f 752/2281 753/2282 763/2283 762/2284
f 753/2285 754/2286 764/2287 763/2288
f 754/2289 745/2290 755/2291 764/2292
f 774/2293 773/2294 772/2295 771/2296 770/2297 769/2298 768/2299 767/2300 766/2301 765/2302
f 775/2303 776/2304 777/2305 778/2306 779/2307 780/2308 781/2309 782/2310 783/2311 784/2312
f 765/2313 766/2314 776/2315 775/2316
f 766/2317 767/2318 777/2319 776/2320
f 767/2321 768/2322 778/2323 777/2324
f 768/2325 769/2326 779/2327 778/2328
f 769/2329 770/2330 780/2331 779/2332
f 770/2333 771/2334 781/2335 780/2336
f 771/2337 772/2338 782/2339 781/2340
f 772/2341 773/2342 783/2343 782/2344
f 773/2345 774/2346 784/2347 783/2348
f 774/2349 765/2350 775/2351 784/2352
f 794/2353 793/2354 792/2355 791/2356 790/2357 789/2358 788/2359 787/2360 786/2361 785/2362
f 795/2363 796/2364 797/2365 798/2366 799/2367 800/2368 801/2369 802/2370 803/2371 804/2372
f 785/2373 786/2374 796/2375 795/2376
f 786/2377 787/2378 797/2379 796/2380
f 787/2381 788/2382 798/2383 797/2384
f 788/2385 789/2386 799/2387 798/2388
f 789/2389 790/2390 800/2391 799/2392
f 790/2393 791/2394 801/2395 800/2396
f 791/2397 792/2398 802/2399 801/2400
f 792/2401 793/2402 803/2403 802/2404
f 793/2405 794/2406 804/2407 803/2408
f 794/2409 785/2410 795/2411 804/2412
f 814/2413 813/2414 812/2415 811/2416 810/2417 809/2418 808/2419 807/2420 806/2421 805/2422
f 815/2423 816/2424 817/2425 818/2426 819/2427 820/2428 821/2429 822/2430 823/2431 824/2432
f 805/2433 806/2434 816/2435 815/2436
f 806/2437 807/2438 817/2439 816/2440
f 807/2441 808/2442 818/2443 817/2444
f 808/2445 809/2446 819/2447 818/2448
f 809/2449 810/2450 820/2451 819/2452
f 810/2453 811/2454 821/2455 820/2456
f 811/2457 812/2458 822/2459 821/2460
f 812/2461 813/2462 823/2463 822/2464
f 813/2465 814/2466 824/2467 823/2468
f 814/2469 805/2470 815/2471 824/2472
f 834/2473 833/2474 832/2475 831/2476 830/2477 829/2478 828/2479 827/2480 826/2481 825/2482
f 835/2483 836/2484 837/2485 838/2486 839/2487 840/2488 841/2489 842/2490 843/2491 844/2492
f 825/2493 826/2494 836/2495 835/2496
f 826/2497 827/2498 837/2499 836/2500
f 827/2501 828/2502 838/2503 837/2504
f 828/2505 829/2506 839/2507 838/2508
f 829/2509 830/2510 840/2511 839/2512
f 830/2513 831/2514 841/2515 840/2516
f 831/2517 832/2518 842/2519 841/2520
f 832/2521 833/2522 843/2523 842/2524
f 833/2525 834/2526 844/2527 843/2528
f 834/2529 825/2530 835/2531 844/2532
f 854/2533 853/2534 852/2535 851/2536 850/2537 849/2538 848/2539 847/2540 846/2541 845/2542
f 855/2543 856/2544 857/2545 858/2546 859/2547 860/2548 861/2549 862/2550 863/2551 864/2552
f 845/2553 846/2554 856/2555 855/2556
f 846/2557 847/2558 857/2559 856/2560
f 847/2561 848/2562 858/2563 857/2564
f 848/2565 849/2566 859/2567 858/2568
f 849/2569 850/2570 860/2571 859/2572
f 850/2573 851/2574 861/2575 860/2576
f 851/2577 852/2578 862/2579 861/2580
f 852/2581 853/2582 863/2583 862/2584
f 853/2585 854/2586 864/2587 863/2588
f 854/2589 845/2590 855/2591 864/2592
f 874/2593 873/2594 872/2595 871/2596 870/2597 869/2598 868/2599 867/2600 866/2601 865/2602
f 875/2603 876/2604 877/2605 878/2606 879/2607 880/2608 881/2609 882/2610 883/2611 884/2612
f 865/2613 866/2614 876/2615 875/2616
f 866/2617 867/2618 877/2619 876/2620
f 867/2621 868/2622 878/2623 877/2624
f 868/2625 869/2626 879/2627 878/2628
f 869/2629 870/2630 880/2631 879/2632
f 870/2633 871/2634 881/2635 880/2636
f 871/2637 872/2638 882/2639 881/2640
f 872/2641 873/2642 883/2643 882/2644
f 873/2645 874/2646 884/2647 883/2648
f 874/2649 865/2650 875/2651 884/2652
f 894/2653 893/2654 892/2655 891/2656 890/2657 889/2658 888/2659 887/2660 886/2661 885/2662
f 895/2663 896/2664 897/2665 898/2666 899/2667 900/2668 901/2669 902/2670 903/2671 904/2672
f 885/2673 886/2674 896/2675 895/2676
f 886/2677 887/2678 897/2679 896/2680
f 887/2681 888/2682 898/2683 897/2684
f 888/2685 889/2686 899/2687 898/2688
f 889/2689 890/2690 900/2691 899/2692
f 890/2693 891/2694 901/2695 900/2696
f 891/2697 892/2698 902/2699 901/2700
f 892/2701 893/2702 903/2703 902/2704
f 893/2705 894/2706 904/2707 903/2708
f 894/2709 885/2710 895/2711 904/2712
f 914/2713 913/2714 912/2715 911/2716 910/2717 909/2718 908/2719 907/2720 906/2721 905/2722
f 915/2723 916/2724 917/2725 918/2726 919/2727 920/2728 921/2729 922/2730 923/2731 924/2732
f 905/2733 906/2734 916/2735 915/2736
f 906/2737 907/2738 917/2739 916/2740
f 907/2741 908/2742 918/2743 917/2744
f 908/2745 909/2746 919/2747 918/2748
f 909/2749 910/2750 920/2751 919/2752
f 910/2753 911/2754 921/2755 920/2756
f 911/2757 912/2758 922/2759 921/2760
f 912/2761 913/2762 923/2763 922/2764
f 913/2765 914/2766 924/2767 923/2768
f 914/2769 905/2770 915/2771 924/2772
f 934/2773 933/2774 932/2775 931/2776 930/2777 929/2778 928/2779 927/2780 926/2781 925/2782
f 935/2783 936/2784 937/2785 938/2786 939/2787 940/2788 941/2789 942/2790 943/2791 944/2792
f 925/2793 926/2794 936/2795 935/2796
f 926/2797 927/2798 937/2799 936/2800
f 927/2801 928/2802 938/2803 937/2804
f 928/2805 929/2806 939/2807 938/2808
f 929/2809 930/2810 940/2811 939/2812
f 930/2813 931/2814 941/2815 940/2816
f 931/2817 932/2818 942/2819 941/2820
f 932/2821 933/2822 943/2823 942/2824
f 933/2825 934/2826 944/2827 943/2828
f 934/2829 925/2830 935/2831 944/2832
f 954/2833 953/2834 952/2835 951/2836 950/2837 949/2838 948/2839 947/2840 946/2841 945/2842
f 955/2843 956/2844 957/2845 958/2846 959/2847 960/2848 961/2849 962/2850 963/2851 964/2852
f 945/2853 946/2854 956/2855 955/2856
f 946/2857 947/2858 957/2859 956/2860
f 947/2861 948/2862 958/2863 957/2864
f 948/2865 949/2866 959/2867 958/2868
f 949/2869 950/2870 960/2871 959/2872
f 950/2873 951/2874 961/2875 960/2876
f 951/2877 952/2878 962/2879 961/2880
f 952/2881 953/2882 963/2883 962/2884
f 953/2885 954/2886 964/2887 963/2888
f 954/2889 945/2890 955/2891 964/2892
f 974/2893 973/2894 972/2895 971/2896 970/2897 969/2898 968/2899 967/2900 966/2901 965/2902
f 975/2903 976/2904 977/2905 978/2906 979/2907 980/2908 981/2909 982/2910 983/2911 984/2912
f 965/2913 966/2914 976/2915 975/2916
f 966/2917 967/2918 977/2919 976/2920
f 967/2921 968/2922 978/2923 977/2924
f 968/2925 969/2926 979/2927 978/2928
f 969/2929 970/2930 980/2931 979/2932
f 970/2933 971/2934 981/2935 980/2936
f 971/2937 972/2938 982/2939 981/2940
f 972/2941 973/2942 983/2943 982/2944
f 973/2945 974/2946 984/2947 983/2948
f 974/2949 965/2950 975/2951 984/2952
f 994/2953 993/2954 992/2955 991/2956 990/2957 989/2958 988/2959 987/2960 986/2961 985/2962
f 995/2963 996/2964 997/2965 998/2966 999/2967 1000/2968 1001/2969 1002/2970 1003/2971 1004/2972
f 985/2973 986/2974 996/2975 995/2976
f 986/2977 987/2978 997/2979 996/2980
f 987/2981 988/2982 998/2983 997/2984
f 988/2985 989/2986 999/2987 998/2988
f 989/2989 990/2990 1000/2991 999/2992
f 990/2993 991/2994 1001/2995 1000/2996
f 991/2997 992/2998 1002/2999 1001/3000
f 992/3001 993/3002 1003/3003 1002/3004
f 993/3005 994/3006 1004/3007 1003/3008
f 994/3009 985/3010 995/3011 1004/3012
f 1014/3013 1013/3014 1012/3015 1011/3016 1010/3017 1009/3018 1008/3019 1007/3020 1006/3021 1005/3022
f 1015/3023 1016/3024 1017/3025 1018/3026 1019/3027 1020/3028 1021/3029 1022/3030 1023/3031 1024/3032
f 1005/3033 1006/3034 1016/3035 1015/3036
f 1006/3037 1007/3038 1017/3039 1016/3040
f 1007/3041 1008/3042 1018/3043 1017/3044
f 1008/3045 1009/3046 1019/3047 1018/3048
f 1009/3049 1010/3050 1020/3051 1019/3052
f 1010/3053 1011/3054 1021/3055 1020/3056
f 1011/3057 1012/3058 1022/3059 1021/3060
f 1012/3061 1013/3062 1023/3063 1022/3064
f 1013/3065 1014/3066 1024/3067 1023/3068
f 1014/3069 1005/3070 1015/3071 1024/3072
f 1034/3073 1033/3074 1032/3075 1031/3076 1030/3077 1029/3078 1028/3079 1027/3080 1026/3081 1025/3082
f 1035/3083 1036/3084 1037/3085 1038/3086 1039/3087 1040/3088 1041/3089 1042/3090 1043/3091 1044/3092
f 1025/3093 1026/3094 1036/3095 1035/3096
f 1026/3097 1027/3098 1037/3099 1036/3100
f 1027/3101 1028/3102 1038/3103 1037/3104
f 1028/3105 1029/3106 1039/3107 1038/3108
f 1029/3109 1030/3110 1040/3111 1039/3112
f 1030/3113 1031/3114 1041/3115 1040/3116
f 1031/3117 1032/3118 1042/3119 1041/3120
f 1032/3121 1033/3122 1043/3123 1042/3124
f 1033/3125 1034/3126 1044/3127 1043/3128
f 1034/3129 1025/3130 1035/3131 1044/3132
f 1054/3133 1053/3134 1052/3135 1051/3136 1050/3137 1049/3138 1048/3139 1047/3140 1046/3141 1045/3142
f 1055/3143 1056/3144 1057/3145 1058/3146 1059/3147 1060/3148 1061/3149 1062/3150 1063/3151 1064/3152
f 1045/3153 1046/3154 1056/3155 1055/3156
f 1046/3157 1047/3158 1057/3159 1056/3160
f 1047/3161 1048/3162 1058/3163 1057/3164
f 1048/3165 1049/3166 1059/3167 1058/3168
f 1049/3169 1050/3170 1060/3171 1059/3172
f 1050/3173 1051/3174 1061/3175 1060/3176
f 1051/3177 1052/3178 1062/3179 1061/3180
f 1052/3181 1053/3182 1063/3183 1062/3184
f 1053/3185 1054/3186 1064/3187 1063/3188
f 1054/3189 1045/3190 1055/3191 1064/3192
f 1074/3193 1073/3194 1072/3195 1071/3196 1070/3197 1069/3198 1068/3199 1067/3200 1066/3201 1065/3202
f 1075/3203 1076/3204 1077/3205 1078/3206 1079/3207 1080/3208 1081/3209 1082/3210 1083/3211 1084/3212
f 1065/3213 1066/3214 1076/3215 1075/3216
f 1066/3217 1067/3218 1077/3219 1076/3220
f 1067/3221 1068/3222 1078/3223 1077/3224
f 1068/3225 1069/3226 1079/3227 1078/3228
f 1069/3229 1070/3230 1080/3231 1079/3232
f 1070/3233 1071/3234 1081/3235 1080/3236
f 1071/3237 1072/3238 1082/3239 1081/3240
f 1072/3241 1073/3242 1083/3243 1082/3244
f 1073/3245 1074/3246 1084/3247 1083/3248
f 1074/3249 1065/3250 1075/3251 1084/3252
f 1094/3253 1093/3254 1092/3255 1091/3256 1090/3257 1089/3258 1088/3259 1087/3260 1086/3261 1085/3262
f 1095/3263 1096/3264 1097/3265 1098/3266 1099/3267 1100/3268 1101/3269 1102/3270 1103/3271 1104/3272
f 1085/3273 1086/3274 1096/3275 1095/3276
f 1086/3277 1087/3278 1097/3279 1096/3280
f 1087/3281 1088/3282 1098/3283 1097/3284
f 1088/3285 1089/3286 1099/3287 1098/3288
f 1089/3289 1090/3290 1100/3291 1099/3292
f 1090/3293 1091/3294 1101/3295 1100/3296
f 1091/3297 1092/3298 1102/3299 1101/3300
f 1092/3301 1093/3302 1103/3303 1102/3304
f 1093/3305 1094/3306 1104/3307 1103/3308
f 1094/3309 1085/3310 1095/3311 1104/3312
f 1114/3313 1113/3314 1112/3315 1111/3316 1110/3317 1109/3318 1108/3319 1107/3320 1106/3321 1105/3322
f 1115/3323 1116/3324 1117/3325 1118/3326 1119/3327 1120/3328 1121/3329 1122/3330 1123/3331 1124/3332
f 1105/3333 1106/3334 1116/3335 1115/3336
f 1106/3337 1107/3338 1117/3339 1116/3340
f 1107/3341 1108/3342 1118/3343 1117/3344
f 1108/3345 1109/3346 1119/3347 1118/3348
f 1109/3349 1110/3350 1120/3351 1119/3352
f 1110/3353 1111/3354 1121/3355 1120/3356
f 1111/3357 1112/3358 1122/3359 1121/3360
f 1112/3361 1113/3362 1123/3363 1122/3364
f 1113/3365 1114/3366 1124/3367 1123/3368
f 1114/3369 1105/3370 1115/3371 1124/3372
f 1134/3373 1133/3374 1132/3375 1131/3376 1130/3377 1129/3378 1128/3379 1127/3380 1126/3381 1125/3382
f 1135/3383 1136/3384 1137/3385 1138/3386 1139/3387 1140/3388 1141/3389 1142/3390 1143/3391 1144/3392
f 1125/3393 1126/3394 1136/3395 1135/3396
f 1126/3397 1127/3398 1137/3399 1136/3400
f 1127/3401 1128/3402 1138/3403 1137/3404
f 1128/3405 1129/3406 1139/3407 1138/3408
f 1129/3409 1130/3410 1140/3411 1139/3412
f 1130/3413 1131/3414 1141/3415 1140/3416
f 1131/3417 1132/3418 1142/3419 1141/3420
f 1132/3421 1133/3422 1143/3423 1142/3424
f 1133/3425 1134/3426 1144/3427 1143/3428
f 1134/3429 1125/3430 1135/3431 1144/3432
f 1154/3433 1153/3434 1152/3435 1151/3436 1150/3437 1149/3438 1148/3439 1147/3440 1146/3441 1145/3442
f 1155/3443 1156/3444 1157/3445 1158/3446 1159/3447 1160/3448 1161/3449 1162/3450 1163/3451 1164/3452
f 1145/3453 1146/3454 1156/3455 1155/3456
f 1146/3457 1147/3458 1157/3459 1156/3460
f 1147/3461 1148/3462 1158/3463 1157/3464
f 1148/3465 1149/3466 1159/3467 1158/3468
f 1149/3469 1150/3470 1160/3471 1159/3472
f 1150/3473 1151/3474 1161/3475 1160/3476
f 1151/3477 1152/3478 1162/3479 1161/3480
f 1152/3481 1153/3482 1163/3483 1162/3484
f 1153/3485 1154/3486 1164/3487 1163/3488
f 1154/3489 1145/3490 1155/3491 1164/3492
usemtl M_BlastSurround_HandWear
s 1
f 1165/3493 1166/3494 1168/3495 1167/3496
f 1169/3497 1171/3498 1172/3499 1170/3500
f 1165/3501 1169/3502 1170/3503 1166/3504
f 1167/3505 1168/3506 1172/3507 1171/3508
f 1165/3509 1167/3510 1171/3511 1169/3512
f 1166/3513 1170/3514 1172/3515 1168/3516
f 1173/3517 1174/3518 1176/3519 1175/3520
f 1177/3521 1179/3522 1180/3523 1178/3524
f 1173/3525 1177/3526 1178/3527 1174/3528
f 1175/3529 1176/3530 1180/3531 1179/3532
f 1173/3533 1175/3534 1179/3535 1177/3536
f 1174/3537 1178/3538 1180/3539 1176/3540
usemtl M_BlastSurround_BoltSteel
s 1
f 1188/3541 1187/3542 1186/3543 1185/3544 1184/3545 1183/3546 1182/3547 1181/3548
f 1189/3549 1190/3550 1191/3551 1192/3552 1193/3553 1194/3554 1195/3555 1196/3556
f 1181/3557 1182/3558 1190/3559 1189/3560
f 1182/3561 1183/3562 1191/3563 1190/3564
f 1183/3565 1184/3566 1192/3567 1191/3568
f 1184/3569 1185/3570 1193/3571 1192/3572
f 1185/3573 1186/3574 1194/3575 1193/3576
f 1186/3577 1187/3578 1195/3579 1194/3580
f 1187/3581 1188/3582 1196/3583 1195/3584
f 1188/3585 1181/3586 1189/3587 1196/3588
f 1204/3589 1203/3590 1202/3591 1201/3592 1200/3593 1199/3594 1198/3595 1197/3596
f 1205/3597 1206/3598 1207/3599 1208/3600 1209/3601 1210/3602 1211/3603 1212/3604
f 1197/3605 1198/3606 1206/3607 1205/3608
f 1198/3609 1199/3610 1207/3611 1206/3612
f 1199/3613 1200/3614 1208/3615 1207/3616
f 1200/3617 1201/3618 1209/3619 1208/3620
f 1201/3621 1202/3622 1210/3623 1209/3624
f 1202/3625 1203/3626 1211/3627 1210/3628
f 1203/3629 1204/3630 1212/3631 1211/3632
f 1204/3633 1197/3634 1205/3635 1212/3636
f 1220/3637 1219/3638 1218/3639 1217/3640 1216/3641 1215/3642 1214/3643 1213/3644
f 1221/3645 1222/3646 1223/3647 1224/3648 1225/3649 1226/3650 1227/3651 1228/3652
f 1213/3653 1214/3654 1222/3655 1221/3656
f 1214/3657 1215/3658 1223/3659 1222/3660
f 1215/3661 1216/3662 1224/3663 1223/3664
f 1216/3665 1217/3666 1225/3667 1224/3668
f 1217/3669 1218/3670 1226/3671 1225/3672
f 1218/3673 1219/3674 1227/3675 1226/3676
f 1219/3677 1220/3678 1228/3679 1227/3680
f 1220/3681 1213/3682 1221/3683 1228/3684
f 1236/3685 1235/3686 1234/3687 1233/3688 1232/3689 1231/3690 1230/3691 1229/3692
f 1237/3693 1238/3694 1239/3695 1240/3696 1241/3697 1242/3698 1243/3699 1244/3700
f 1229/3701 1230/3702 1238/3703 1237/3704
f 1230/3705 1231/3706 1239/3707 1238/3708
f 1231/3709 1232/3710 1240/3711 1239/3712
f 1232/3713 1233/3714 1241/3715 1240/3716
f 1233/3717 1234/3718 1242/3719 1241/3720
f 1234/3721 1235/3722 1243/3723 1242/3724
f 1235/3725 1236/3726 1244/3727 1243/3728
f 1236/3729 1229/3730 1237/3731 1244/3732
usemtl M_BlastSurround_WaterStain
s 1
f 1245/3733 1246/3734 1248/3735 1247/3736
f 1249/3737 1251/3738 1252/3739 1250/3740
f 1245/3741 1249/3742 1250/3743 1246/3744
f 1247/3745 1248/3746 1252/3747 1251/3748
f 1245/3749 1247/3750 1251/3751 1249/3752
f 1246/3753 1250/3754 1252/3755 1248/3756
f 1253/3757 1254/3758 1256/3759 1255/3760
f 1257/3761 1259/3762 1260/3763 1258/3764
f 1253/3765 1257/3766 1258/3767 1254/3768
f 1255/3769 1256/3770 1260/3771 1259/3772
f 1253/3773 1255/3774 1259/3775 1257/3776
f 1254/3777 1258/3778 1260/3779 1256/3780
f 1261/3781 1262/3782 1264/3783 1263/3784
f 1265/3785 1267/3786 1268/3787 1266/3788
f 1261/3789 1265/3790 1266/3791 1262/3792
f 1263/3793 1264/3794 1268/3795 1267/3796
f 1261/3797 1263/3798 1267/3799 1265/3800
f 1262/3801 1266/3802 1268/3803 1264/3804
f 1269/3805 1270/3806 1272/3807 1271/3808
f 1273/3809 1275/3810 1276/3811 1274/3812
f 1269/3813 1273/3814 1274/3815 1270/3816
f 1271/3817 1272/3818 1276/3819 1275/3820
f 1269/3821 1271/3822 1275/3823 1273/3824
f 1270/3825 1274/3826 1276/3827 1272/3828
f 1277/3829 1278/3830 1280/3831 1279/3832
f 1281/3833 1283/3834 1284/3835 1282/3836
f 1277/3837 1281/3838 1282/3839 1278/3840
f 1279/3841 1280/3842 1284/3843 1283/3844
f 1277/3845 1279/3846 1283/3847 1281/3848
f 1278/3849 1282/3850 1284/3851 1280/3852
