# Generated by generate_rootstead_west_entry_assets.py
mtllib VD_RootsteadEntryPortal.mtl
o VD_RootsteadEntryPortal
v 0.000000 -1450.000000 0.000000
v 120.000000 -1450.000000 0.000000
v 0.000000 -1000.000000 0.000000
v 120.000000 -1000.000000 0.000000
v 0.000000 -1450.000000 1200.000000
v 120.000000 -1450.000000 1200.000000
v 0.000000 -1000.000000 1200.000000
v 120.000000 -1000.000000 1200.000000
v 0.000000 1000.000000 0.000000
v 120.000000 1000.000000 0.000000
v 0.000000 1450.000000 0.000000
v 120.000000 1450.000000 0.000000
v 0.000000 1000.000000 1200.000000
v 120.000000 1000.000000 1200.000000
v 0.000000 1450.000000 1200.000000
v 120.000000 1450.000000 1200.000000
v 0.000000 -1000.000000 920.000000
v 120.000000 -1000.000000 920.000000
v 0.000000 1000.000000 920.000000
v 120.000000 1000.000000 920.000000
v 0.000000 -1000.000000 1200.000000
v 120.000000 -1000.000000 1200.000000
v 0.000000 1000.000000 1200.000000
v 120.000000 1000.000000 1200.000000
v 120.000000 -1040.000000 0.000000
v 128.000000 -1040.000000 0.000000
v 120.000000 -1000.000000 0.000000
v 128.000000 -1000.000000 0.000000
v 120.000000 -1040.000000 960.000000
v 128.000000 -1040.000000 960.000000
v 120.000000 -1000.000000 960.000000
v 128.000000 -1000.000000 960.000000
v 120.000000 1000.000000 0.000000
v 128.000000 1000.000000 0.000000
v 120.000000 1040.000000 0.000000
v 128.000000 1040.000000 0.000000
v 120.000000 1000.000000 960.000000
v 128.000000 1000.000000 960.000000
v 120.000000 1040.000000 960.000000
v 128.000000 1040.000000 960.000000
v 120.000000 -1000.000000 920.000000
v 128.000000 -1000.000000 920.000000
v 120.000000 1000.000000 920.000000
v 128.000000 1000.000000 920.000000
v 120.000000 -1000.000000 960.000000
v 128.000000 -1000.000000 960.000000
v 120.000000 1000.000000 960.000000
v 128.000000 1000.000000 960.000000
v 108.000000 -1080.000000 0.000000
v 120.000000 -1080.000000 0.000000
v 108.000000 -1040.000000 0.000000
v 120.000000 -1040.000000 0.000000
v 108.000000 -1080.000000 1020.000000
v 120.000000 -1080.000000 1020.000000
v 108.000000 -1040.000000 1020.000000
v 120.000000 -1040.000000 1020.000000
v 108.000000 1040.000000 0.000000
v 120.000000 1040.000000 0.000000
v 108.000000 1080.000000 0.000000
v 120.000000 1080.000000 0.000000
v 108.000000 1040.000000 1020.000000
v 120.000000 1040.000000 1020.000000
v 108.000000 1080.000000 1020.000000
v 120.000000 1080.000000 1020.000000
v 108.000000 -1040.000000 960.000000
v 120.000000 -1040.000000 960.000000
v 108.000000 1040.000000 960.000000
v 120.000000 1040.000000 960.000000
v 108.000000 -1040.000000 1020.000000
v 120.000000 -1040.000000 1020.000000
v 108.000000 1040.000000 1020.000000
v 120.000000 1040.000000 1020.000000
v 0.000000 -1000.000000 0.000000
v 0.000000 -1000.000000 920.000000
v -340.000000 -462.000000 450.000000
v -340.000000 -462.000000 0.000000
v 0.000000 -1020.000000 0.000000
v 0.000000 -1020.000000 920.000000
v -340.000000 -482.000000 450.000000
v -340.000000 -482.000000 0.000000
v 0.000000 1000.000000 0.000000
v -340.000000 462.000000 0.000000
v -340.000000 462.000000 450.000000
v 0.000000 1000.000000 920.000000
v 0.000000 1020.000000 0.000000
v -340.000000 482.000000 0.000000
v -340.000000 482.000000 450.000000
v 0.000000 1020.000000 920.000000
v 0.000000 -1000.000000 920.000000
v 0.000000 1000.000000 920.000000
v -340.000000 462.000000 450.000000
v -340.000000 -462.000000 450.000000
v 0.000000 -1000.000000 938.000000
v 0.000000 1000.000000 938.000000
v -340.000000 462.000000 468.000000
v -340.000000 -462.000000 468.000000
v -430.000000 -520.000000 0.000000
v -340.000000 -520.000000 0.000000
v -430.000000 -462.000000 0.000000
v -340.000000 -462.000000 0.000000
v -430.000000 -520.000000 470.000000
v -340.000000 -520.000000 470.000000
v -430.000000 -462.000000 470.000000
v -340.000000 -462.000000 470.000000
v -430.000000 462.000000 0.000000
v -340.000000 462.000000 0.000000
v -430.000000 520.000000 0.000000
v -340.000000 520.000000 0.000000
v -430.000000 462.000000 470.000000
v -340.000000 462.000000 470.000000
v -430.000000 520.000000 470.000000
v -340.000000 520.000000 470.000000
v -430.000000 -462.000000 450.000000
v -340.000000 -462.000000 450.000000
v -430.000000 462.000000 450.000000
v -340.000000 462.000000 450.000000
v -430.000000 -462.000000 500.000000
v -340.000000 -462.000000 500.000000
v -430.000000 462.000000 500.000000
v -340.000000 462.000000 500.000000
v -410.000000 -462.000000 8.000000
v -340.000000 -462.000000 8.000000
v -410.000000 -442.000000 8.000000
v -340.000000 -442.000000 8.000000
v -410.000000 -462.000000 450.000000
v -340.000000 -462.000000 450.000000
v -410.000000 -442.000000 450.000000
v -340.000000 -442.000000 450.000000
v -410.000000 442.000000 8.000000
v -340.000000 442.000000 8.000000
v -410.000000 462.000000 8.000000
v -340.000000 462.000000 8.000000
v -410.000000 442.000000 450.000000
v -340.000000 442.000000 450.000000
v -410.000000 462.000000 450.000000
v -340.000000 462.000000 450.000000
v -410.000000 -442.000000 430.000000
v -340.000000 -442.000000 430.000000
v -410.000000 442.000000 430.000000
v -340.000000 442.000000 430.000000
v -410.000000 -442.000000 450.000000
v -340.000000 -442.000000 450.000000
v -410.000000 442.000000 450.000000
v -340.000000 442.000000 450.000000
v -445.000000 -442.000000 0.000000
v -340.000000 -442.000000 0.000000
v -445.000000 442.000000 0.000000
v -340.000000 442.000000 0.000000
v -445.000000 -442.000000 8.000000
v -340.000000 -442.000000 8.000000
v -445.000000 442.000000 8.000000
v -340.000000 442.000000 8.000000
v -397.000000 -416.000000 8.000000
v -353.000000 -416.000000 8.000000
v -397.000000 -5.000000 8.000000
v -353.000000 -5.000000 8.000000
v -397.000000 -416.000000 392.000000
v -353.000000 -416.000000 392.000000
v -397.000000 -5.000000 392.000000
v -353.000000 -5.000000 392.000000
v -397.000000 5.000000 8.000000
v -353.000000 5.000000 8.000000
v -397.000000 416.000000 8.000000
v -353.000000 416.000000 8.000000
v -397.000000 5.000000 392.000000
v -353.000000 5.000000 392.000000
v -397.000000 416.000000 392.000000
v -353.000000 416.000000 392.000000
v -401.000000 -416.000000 8.000000
v -349.000000 -416.000000 8.000000
v -401.000000 -402.000000 8.000000
v -349.000000 -402.000000 8.000000
v -401.000000 -416.000000 392.000000
v -349.000000 -416.000000 392.000000
v -401.000000 -402.000000 392.000000
v -349.000000 -402.000000 392.000000
v -401.000000 -12.000000 8.000000
v -349.000000 -12.000000 8.000000
v -401.000000 0.000000 8.000000
v -349.000000 0.000000 8.000000
v -401.000000 -12.000000 392.000000
v -349.000000 -12.000000 392.000000
v -401.000000 0.000000 392.000000
v -349.000000 0.000000 392.000000
v -401.000000 0.000000 8.000000
v -349.000000 0.000000 8.000000
v -401.000000 12.000000 8.000000
v -349.000000 12.000000 8.000000
v -401.000000 0.000000 392.000000
v -349.000000 0.000000 392.000000
v -401.000000 12.000000 392.000000
v -349.000000 12.000000 392.000000
v -401.000000 402.000000 8.000000
v -349.000000 402.000000 8.000000
v -401.000000 416.000000 8.000000
v -349.000000 416.000000 8.000000
v -401.000000 402.000000 392.000000
v -349.000000 402.000000 392.000000
v -401.000000 416.000000 392.000000
v -349.000000 416.000000 392.000000
v -401.000000 -416.000000 8.000000
v -349.000000 -416.000000 8.000000
v -401.000000 416.000000 8.000000
v -349.000000 416.000000 8.000000
v -401.000000 -416.000000 22.000000
v -349.000000 -416.000000 22.000000
v -401.000000 416.000000 22.000000
v -349.000000 416.000000 22.000000
v -401.000000 -416.000000 378.000000
v -349.000000 -416.000000 378.000000
v -401.000000 416.000000 378.000000
v -349.000000 416.000000 378.000000
v -401.000000 -416.000000 392.000000
v -349.000000 -416.000000 392.000000
v -401.000000 416.000000 392.000000
v -349.000000 416.000000 392.000000
v -401.000000 -416.000000 190.000000
v -349.000000 -416.000000 190.000000
v -401.000000 416.000000 190.000000
v -349.000000 416.000000 190.000000
v -401.000000 -416.000000 206.000000
v -349.000000 -416.000000 206.000000
v -401.000000 416.000000 206.000000
v -349.000000 416.000000 206.000000
v 120.000000 -1393.000000 90.000000
v 115.885503 -1394.336881 90.000000
v 113.342604 -1397.836881 90.000000
v 113.342604 -1402.163119 90.000000
v 115.885503 -1405.663119 90.000000
v 120.000000 -1407.000000 90.000000
v 124.114497 -1405.663119 90.000000
v 126.657396 -1402.163119 90.000000
v 126.657396 -1397.836881 90.000000
v 124.114497 -1394.336881 90.000000
v 120.000000 -1393.000000 1110.000000
v 115.885503 -1394.336881 1110.000000
v 113.342604 -1397.836881 1110.000000
v 113.342604 -1402.163119 1110.000000
v 115.885503 -1405.663119 1110.000000
v 120.000000 -1407.000000 1110.000000
v 124.114497 -1405.663119 1110.000000
v 126.657396 -1402.163119 1110.000000
v 126.657396 -1397.836881 1110.000000
v 124.114497 -1394.336881 1110.000000
v 120.000000 -1243.000000 90.000000
v 115.885503 -1244.336881 90.000000
v 113.342604 -1247.836881 90.000000
v 113.342604 -1252.163119 90.000000
v 115.885503 -1255.663119 90.000000
v 120.000000 -1257.000000 90.000000
v 124.114497 -1255.663119 90.000000
v 126.657396 -1252.163119 90.000000
v 126.657396 -1247.836881 90.000000
v 124.114497 -1244.336881 90.000000
v 120.000000 -1243.000000 1110.000000
v 115.885503 -1244.336881 1110.000000
v 113.342604 -1247.836881 1110.000000
v 113.342604 -1252.163119 1110.000000
v 115.885503 -1255.663119 1110.000000
v 120.000000 -1257.000000 1110.000000
v 124.114497 -1255.663119 1110.000000
v 126.657396 -1252.163119 1110.000000
v 126.657396 -1247.836881 1110.000000
v 124.114497 -1244.336881 1110.000000
v 120.000000 -1093.000000 90.000000
v 115.885503 -1094.336881 90.000000
v 113.342604 -1097.836881 90.000000
v 113.342604 -1102.163119 90.000000
v 115.885503 -1105.663119 90.000000
v 120.000000 -1107.000000 90.000000
v 124.114497 -1105.663119 90.000000
v 126.657396 -1102.163119 90.000000
v 126.657396 -1097.836881 90.000000
v 124.114497 -1094.336881 90.000000
v 120.000000 -1093.000000 1110.000000
v 115.885503 -1094.336881 1110.000000
v 113.342604 -1097.836881 1110.000000
v 113.342604 -1102.163119 1110.000000
v 115.885503 -1105.663119 1110.000000
v 120.000000 -1107.000000 1110.000000
v 124.114497 -1105.663119 1110.000000
v 126.657396 -1102.163119 1110.000000
v 126.657396 -1097.836881 1110.000000
v 124.114497 -1094.336881 1110.000000
v 114.000000 -1100.000000 160.000000
v 115.145898 -1100.000000 156.473288
v 118.145898 -1100.000000 154.293661
v 121.854102 -1100.000000 154.293661
v 124.854102 -1100.000000 156.473288
v 126.000000 -1100.000000 160.000000
v 124.854102 -1100.000000 163.526712
v 121.854102 -1100.000000 165.706339
v 118.145898 -1100.000000 165.706339
v 115.145898 -1100.000000 163.526712
v 114.000000 -1400.000000 160.000000
v 115.145898 -1400.000000 156.473288
v 118.145898 -1400.000000 154.293661
v 121.854102 -1400.000000 154.293661
v 124.854102 -1400.000000 156.473288
v 126.000000 -1400.000000 160.000000
v 124.854102 -1400.000000 163.526712
v 121.854102 -1400.000000 165.706339
v 118.145898 -1400.000000 165.706339
v 115.145898 -1400.000000 163.526712
v 114.000000 -1100.000000 330.000000
v 115.145898 -1100.000000 326.473288
v 118.145898 -1100.000000 324.293661
v 121.854102 -1100.000000 324.293661
v 124.854102 -1100.000000 326.473288
v 126.000000 -1100.000000 330.000000
v 124.854102 -1100.000000 333.526712
v 121.854102 -1100.000000 335.706339
v 118.145898 -1100.000000 335.706339
v 115.145898 -1100.000000 333.526712
v 114.000000 -1400.000000 330.000000
v 115.145898 -1400.000000 326.473288
v 118.145898 -1400.000000 324.293661
v 121.854102 -1400.000000 324.293661
v 124.854102 -1400.000000 326.473288
v 126.000000 -1400.000000 330.000000
v 124.854102 -1400.000000 333.526712
v 121.854102 -1400.000000 335.706339
v 118.145898 -1400.000000 335.706339
v 115.145898 -1400.000000 333.526712
v 114.000000 -1100.000000 500.000000
v 115.145898 -1100.000000 496.473288
v 118.145898 -1100.000000 494.293661
v 121.854102 -1100.000000 494.293661
v 124.854102 -1100.000000 496.473288
v 126.000000 -1100.000000 500.000000
v 124.854102 -1100.000000 503.526712
v 121.854102 -1100.000000 505.706339
v 118.145898 -1100.000000 505.706339
v 115.145898 -1100.000000 503.526712
v 114.000000 -1400.000000 500.000000
v 115.145898 -1400.000000 496.473288
v 118.145898 -1400.000000 494.293661
v 121.854102 -1400.000000 494.293661
v 124.854102 -1400.000000 496.473288
v 126.000000 -1400.000000 500.000000
v 124.854102 -1400.000000 503.526712
v 121.854102 -1400.000000 505.706339
v 118.145898 -1400.000000 505.706339
v 115.145898 -1400.000000 503.526712
v 114.000000 -1100.000000 670.000000
v 115.145898 -1100.000000 666.473288
v 118.145898 -1100.000000 664.293661
v 121.854102 -1100.000000 664.293661
v 124.854102 -1100.000000 666.473288
v 126.000000 -1100.000000 670.000000
v 124.854102 -1100.000000 673.526712
v 121.854102 -1100.000000 675.706339
v 118.145898 -1100.000000 675.706339
v 115.145898 -1100.000000 673.526712
v 114.000000 -1400.000000 670.000000
v 115.145898 -1400.000000 666.473288
v 118.145898 -1400.000000 664.293661
v 121.854102 -1400.000000 664.293661
v 124.854102 -1400.000000 666.473288
v 126.000000 -1400.000000 670.000000
v 124.854102 -1400.000000 673.526712
v 121.854102 -1400.000000 675.706339
v 118.145898 -1400.000000 675.706339
v 115.145898 -1400.000000 673.526712
v 114.000000 -1100.000000 840.000000
v 115.145898 -1100.000000 836.473288
v 118.145898 -1100.000000 834.293661
v 121.854102 -1100.000000 834.293661
v 124.854102 -1100.000000 836.473288
v 126.000000 -1100.000000 840.000000
v 124.854102 -1100.000000 843.526712
v 121.854102 -1100.000000 845.706339
v 118.145898 -1100.000000 845.706339
v 115.145898 -1100.000000 843.526712
v 114.000000 -1400.000000 840.000000
v 115.145898 -1400.000000 836.473288
v 118.145898 -1400.000000 834.293661
v 121.854102 -1400.000000 834.293661
v 124.854102 -1400.000000 836.473288
v 126.000000 -1400.000000 840.000000
v 124.854102 -1400.000000 843.526712
v 121.854102 -1400.000000 845.706339
v 118.145898 -1400.000000 845.706339
v 115.145898 -1400.000000 843.526712
v 114.000000 -1100.000000 1010.000000
v 115.145898 -1100.000000 1006.473288
v 118.145898 -1100.000000 1004.293661
v 121.854102 -1100.000000 1004.293661
v 124.854102 -1100.000000 1006.473288
v 126.000000 -1100.000000 1010.000000
v 124.854102 -1100.000000 1013.526712
v 121.854102 -1100.000000 1015.706339
v 118.145898 -1100.000000 1015.706339
v 115.145898 -1100.000000 1013.526712
v 114.000000 -1400.000000 1010.000000
v 115.145898 -1400.000000 1006.473288
v 118.145898 -1400.000000 1004.293661
v 121.854102 -1400.000000 1004.293661
v 124.854102 -1400.000000 1006.473288
v 126.000000 -1400.000000 1010.000000
v 124.854102 -1400.000000 1013.526712
v 121.854102 -1400.000000 1015.706339
v 118.145898 -1400.000000 1015.706339
v 115.145898 -1400.000000 1013.526712
v 120.000000 -1113.000000 90.000000
v 120.000000 -1110.517221 82.358792
v 120.000000 -1104.017221 77.636265
v 120.000000 -1095.982779 77.636265
v 120.000000 -1089.482779 82.358792
v 120.000000 -1087.000000 90.000000
v 120.000000 -1089.482779 97.641208
v 120.000000 -1095.982779 102.363735
v 120.000000 -1104.017221 102.363735
v 120.000000 -1110.517221 97.641208
v 128.000000 -1113.000000 90.000000
v 128.000000 -1110.517221 82.358792
v 128.000000 -1104.017221 77.636265
v 128.000000 -1095.982779 77.636265
v 128.000000 -1089.482779 82.358792
v 128.000000 -1087.000000 90.000000
v 128.000000 -1089.482779 97.641208
v 128.000000 -1095.982779 102.363735
v 128.000000 -1104.017221 102.363735
v 128.000000 -1110.517221 97.641208
v 120.000000 -1113.000000 1110.000000
v 120.000000 -1110.517221 1102.358792
v 120.000000 -1104.017221 1097.636265
v 120.000000 -1095.982779 1097.636265
v 120.000000 -1089.482779 1102.358792
v 120.000000 -1087.000000 1110.000000
v 120.000000 -1089.482779 1117.641208
v 120.000000 -1095.982779 1122.363735
v 120.000000 -1104.017221 1122.363735
v 120.000000 -1110.517221 1117.641208
v 128.000000 -1113.000000 1110.000000
v 128.000000 -1110.517221 1102.358792
v 128.000000 -1104.017221 1097.636265
v 128.000000 -1095.982779 1097.636265
v 128.000000 -1089.482779 1102.358792
v 128.000000 -1087.000000 1110.000000
v 128.000000 -1089.482779 1117.641208
v 128.000000 -1095.982779 1122.363735
v 128.000000 -1104.017221 1122.363735
v 128.000000 -1110.517221 1117.641208
v 120.000000 -1413.000000 90.000000
v 120.000000 -1410.517221 82.358792
v 120.000000 -1404.017221 77.636265
v 120.000000 -1395.982779 77.636265
v 120.000000 -1389.482779 82.358792
v 120.000000 -1387.000000 90.000000
v 120.000000 -1389.482779 97.641208
v 120.000000 -1395.982779 102.363735
v 120.000000 -1404.017221 102.363735
v 120.000000 -1410.517221 97.641208
v 128.000000 -1413.000000 90.000000
v 128.000000 -1410.517221 82.358792
v 128.000000 -1404.017221 77.636265
v 128.000000 -1395.982779 77.636265
v 128.000000 -1389.482779 82.358792
v 128.000000 -1387.000000 90.000000
v 128.000000 -1389.482779 97.641208
v 128.000000 -1395.982779 102.363735
v 128.000000 -1404.017221 102.363735
v 128.000000 -1410.517221 97.641208
v 120.000000 -1413.000000 1110.000000
v 120.000000 -1410.517221 1102.358792
v 120.000000 -1404.017221 1097.636265
v 120.000000 -1395.982779 1097.636265
v 120.000000 -1389.482779 1102.358792
v 120.000000 -1387.000000 1110.000000
v 120.000000 -1389.482779 1117.641208
v 120.000000 -1395.982779 1122.363735
v 120.000000 -1404.017221 1122.363735
v 120.000000 -1410.517221 1117.641208
v 128.000000 -1413.000000 1110.000000
v 128.000000 -1410.517221 1102.358792
v 128.000000 -1404.017221 1097.636265
v 128.000000 -1395.982779 1097.636265
v 128.000000 -1389.482779 1102.358792
v 128.000000 -1387.000000 1110.000000
v 128.000000 -1389.482779 1117.641208
v 128.000000 -1395.982779 1122.363735
v 128.000000 -1404.017221 1122.363735
v 128.000000 -1410.517221 1117.641208
v 120.000000 1407.000000 90.000000
v 115.885503 1405.663119 90.000000
v 113.342604 1402.163119 90.000000
v 113.342604 1397.836881 90.000000
v 115.885503 1394.336881 90.000000
v 120.000000 1393.000000 90.000000
v 124.114497 1394.336881 90.000000
v 126.657396 1397.836881 90.000000
v 126.657396 1402.163119 90.000000
v 124.114497 1405.663119 90.000000
v 120.000000 1407.000000 1110.000000
v 115.885503 1405.663119 1110.000000
v 113.342604 1402.163119 1110.000000
v 113.342604 1397.836881 1110.000000
v 115.885503 1394.336881 1110.000000
v 120.000000 1393.000000 1110.000000
v 124.114497 1394.336881 1110.000000
v 126.657396 1397.836881 1110.000000
v 126.657396 1402.163119 1110.000000
v 124.114497 1405.663119 1110.000000
v 120.000000 1257.000000 90.000000
v 115.885503 1255.663119 90.000000
v 113.342604 1252.163119 90.000000
v 113.342604 1247.836881 90.000000
v 115.885503 1244.336881 90.000000
v 120.000000 1243.000000 90.000000
v 124.114497 1244.336881 90.000000
v 126.657396 1247.836881 90.000000
v 126.657396 1252.163119 90.000000
v 124.114497 1255.663119 90.000000
v 120.000000 1257.000000 1110.000000
v 115.885503 1255.663119 1110.000000
v 113.342604 1252.163119 1110.000000
v 113.342604 1247.836881 1110.000000
v 115.885503 1244.336881 1110.000000
v 120.000000 1243.000000 1110.000000
v 124.114497 1244.336881 1110.000000
v 126.657396 1247.836881 1110.000000
v 126.657396 1252.163119 1110.000000
v 124.114497 1255.663119 1110.000000
v 120.000000 1107.000000 90.000000
v 115.885503 1105.663119 90.000000
v 113.342604 1102.163119 90.000000
v 113.342604 1097.836881 90.000000
v 115.885503 1094.336881 90.000000
v 120.000000 1093.000000 90.000000
v 124.114497 1094.336881 90.000000
v 126.657396 1097.836881 90.000000
v 126.657396 1102.163119 90.000000
v 124.114497 1105.663119 90.000000
v 120.000000 1107.000000 1110.000000
v 115.885503 1105.663119 1110.000000
v 113.342604 1102.163119 1110.000000
v 113.342604 1097.836881 1110.000000
v 115.885503 1094.336881 1110.000000
v 120.000000 1093.000000 1110.000000
v 124.114497 1094.336881 1110.000000
v 126.657396 1097.836881 1110.000000
v 126.657396 1102.163119 1110.000000
v 124.114497 1105.663119 1110.000000
v 126.000000 1100.000000 160.000000
v 124.854102 1100.000000 156.473288
v 121.854102 1100.000000 154.293661
v 118.145898 1100.000000 154.293661
v 115.145898 1100.000000 156.473288
v 114.000000 1100.000000 160.000000
v 115.145898 1100.000000 163.526712
v 118.145898 1100.000000 165.706339
v 121.854102 1100.000000 165.706339
v 124.854102 1100.000000 163.526712
v 126.000000 1400.000000 160.000000
v 124.854102 1400.000000 156.473288
v 121.854102 1400.000000 154.293661
v 118.145898 1400.000000 154.293661
v 115.145898 1400.000000 156.473288
v 114.000000 1400.000000 160.000000
v 115.145898 1400.000000 163.526712
v 118.145898 1400.000000 165.706339
v 121.854102 1400.000000 165.706339
v 124.854102 1400.000000 163.526712
v 126.000000 1100.000000 330.000000
v 124.854102 1100.000000 326.473288
v 121.854102 1100.000000 324.293661
v 118.145898 1100.000000 324.293661
v 115.145898 1100.000000 326.473288
v 114.000000 1100.000000 330.000000
v 115.145898 1100.000000 333.526712
v 118.145898 1100.000000 335.706339
v 121.854102 1100.000000 335.706339
v 124.854102 1100.000000 333.526712
v 126.000000 1400.000000 330.000000
v 124.854102 1400.000000 326.473288
v 121.854102 1400.000000 324.293661
v 118.145898 1400.000000 324.293661
v 115.145898 1400.000000 326.473288
v 114.000000 1400.000000 330.000000
v 115.145898 1400.000000 333.526712
v 118.145898 1400.000000 335.706339
v 121.854102 1400.000000 335.706339
v 124.854102 1400.000000 333.526712
v 126.000000 1100.000000 500.000000
v 124.854102 1100.000000 496.473288
v 121.854102 1100.000000 494.293661
v 118.145898 1100.000000 494.293661
v 115.145898 1100.000000 496.473288
v 114.000000 1100.000000 500.000000
v 115.145898 1100.000000 503.526712
v 118.145898 1100.000000 505.706339
v 121.854102 1100.000000 505.706339
v 124.854102 1100.000000 503.526712
v 126.000000 1400.000000 500.000000
v 124.854102 1400.000000 496.473288
v 121.854102 1400.000000 494.293661
v 118.145898 1400.000000 494.293661
v 115.145898 1400.000000 496.473288
v 114.000000 1400.000000 500.000000
v 115.145898 1400.000000 503.526712
v 118.145898 1400.000000 505.706339
v 121.854102 1400.000000 505.706339
v 124.854102 1400.000000 503.526712
v 126.000000 1100.000000 670.000000
v 124.854102 1100.000000 666.473288
v 121.854102 1100.000000 664.293661
v 118.145898 1100.000000 664.293661
v 115.145898 1100.000000 666.473288
v 114.000000 1100.000000 670.000000
v 115.145898 1100.000000 673.526712
v 118.145898 1100.000000 675.706339
v 121.854102 1100.000000 675.706339
v 124.854102 1100.000000 673.526712
v 126.000000 1400.000000 670.000000
v 124.854102 1400.000000 666.473288
v 121.854102 1400.000000 664.293661
v 118.145898 1400.000000 664.293661
v 115.145898 1400.000000 666.473288
v 114.000000 1400.000000 670.000000
v 115.145898 1400.000000 673.526712
v 118.145898 1400.000000 675.706339
v 121.854102 1400.000000 675.706339
v 124.854102 1400.000000 673.526712
v 126.000000 1100.000000 840.000000
v 124.854102 1100.000000 836.473288
v 121.854102 1100.000000 834.293661
v 118.145898 1100.000000 834.293661
v 115.145898 1100.000000 836.473288
v 114.000000 1100.000000 840.000000
v 115.145898 1100.000000 843.526712
v 118.145898 1100.000000 845.706339
v 121.854102 1100.000000 845.706339
v 124.854102 1100.000000 843.526712
v 126.000000 1400.000000 840.000000
v 124.854102 1400.000000 836.473288
v 121.854102 1400.000000 834.293661
v 118.145898 1400.000000 834.293661
v 115.145898 1400.000000 836.473288
v 114.000000 1400.000000 840.000000
v 115.145898 1400.000000 843.526712
v 118.145898 1400.000000 845.706339
v 121.854102 1400.000000 845.706339
v 124.854102 1400.000000 843.526712
v 126.000000 1100.000000 1010.000000
v 124.854102 1100.000000 1006.473288
v 121.854102 1100.000000 1004.293661
v 118.145898 1100.000000 1004.293661
v 115.145898 1100.000000 1006.473288
v 114.000000 1100.000000 1010.000000
v 115.145898 1100.000000 1013.526712
v 118.145898 1100.000000 1015.706339
v 121.854102 1100.000000 1015.706339
v 124.854102 1100.000000 1013.526712
v 126.000000 1400.000000 1010.000000
v 124.854102 1400.000000 1006.473288
v 121.854102 1400.000000 1004.293661
v 118.145898 1400.000000 1004.293661
v 115.145898 1400.000000 1006.473288
v 114.000000 1400.000000 1010.000000
v 115.145898 1400.000000 1013.526712
v 118.145898 1400.000000 1015.706339
v 121.854102 1400.000000 1015.706339
v 124.854102 1400.000000 1013.526712
v 120.000000 1087.000000 90.000000
v 120.000000 1089.482779 82.358792
v 120.000000 1095.982779 77.636265
v 120.000000 1104.017221 77.636265
v 120.000000 1110.517221 82.358792
v 120.000000 1113.000000 90.000000
v 120.000000 1110.517221 97.641208
v 120.000000 1104.017221 102.363735
v 120.000000 1095.982779 102.363735
v 120.000000 1089.482779 97.641208
v 128.000000 1087.000000 90.000000
v 128.000000 1089.482779 82.358792
v 128.000000 1095.982779 77.636265
v 128.000000 1104.017221 77.636265
v 128.000000 1110.517221 82.358792
v 128.000000 1113.000000 90.000000
v 128.000000 1110.517221 97.641208
v 128.000000 1104.017221 102.363735
v 128.000000 1095.982779 102.363735
v 128.000000 1089.482779 97.641208
v 120.000000 1087.000000 1110.000000
v 120.000000 1089.482779 1102.358792
v 120.000000 1095.982779 1097.636265
v 120.000000 1104.017221 1097.636265
v 120.000000 1110.517221 1102.358792
v 120.000000 1113.000000 1110.000000
v 120.000000 1110.517221 1117.641208
v 120.000000 1104.017221 1122.363735
v 120.000000 1095.982779 1122.363735
v 120.000000 1089.482779 1117.641208
v 128.000000 1087.000000 1110.000000
v 128.000000 1089.482779 1102.358792
v 128.000000 1095.982779 1097.636265
v 128.000000 1104.017221 1097.636265
v 128.000000 1110.517221 1102.358792
v 128.000000 1113.000000 1110.000000
v 128.000000 1110.517221 1117.641208
v 128.000000 1104.017221 1122.363735
v 128.000000 1095.982779 1122.363735
v 128.000000 1089.482779 1117.641208
v 120.000000 1387.000000 90.000000
v 120.000000 1389.482779 82.358792
v 120.000000 1395.982779 77.636265
v 120.000000 1404.017221 77.636265
v 120.000000 1410.517221 82.358792
v 120.000000 1413.000000 90.000000
v 120.000000 1410.517221 97.641208
v 120.000000 1404.017221 102.363735
v 120.000000 1395.982779 102.363735
v 120.000000 1389.482779 97.641208
v 128.000000 1387.000000 90.000000
v 128.000000 1389.482779 82.358792
v 128.000000 1395.982779 77.636265
v 128.000000 1404.017221 77.636265
v 128.000000 1410.517221 82.358792
v 128.000000 1413.000000 90.000000
v 128.000000 1410.517221 97.641208
v 128.000000 1404.017221 102.363735
v 128.000000 1395.982779 102.363735
v 128.000000 1389.482779 97.641208
v 120.000000 1387.000000 1110.000000
v 120.000000 1389.482779 1102.358792
v 120.000000 1395.982779 1097.636265
v 120.000000 1404.017221 1097.636265
v 120.000000 1410.517221 1102.358792
v 120.000000 1413.000000 1110.000000
v 120.000000 1410.517221 1117.641208
v 120.000000 1404.017221 1122.363735
v 120.000000 1395.982779 1122.363735
v 120.000000 1389.482779 1117.641208
v 128.000000 1387.000000 1110.000000
v 128.000000 1389.482779 1102.358792
v 128.000000 1395.982779 1097.636265
v 128.000000 1404.017221 1097.636265
v 128.000000 1410.517221 1102.358792
v 128.000000 1413.000000 1110.000000
v 128.000000 1410.517221 1117.641208
v 128.000000 1404.017221 1122.363735
v 128.000000 1395.982779 1122.363735
v 128.000000 1389.482779 1117.641208
v -2.000000 -1430.000000 0.000000
v 0.000000 -1430.000000 0.000000
v -2.000000 -1190.000000 0.000000
v 0.000000 -1190.000000 0.000000
v -2.000000 -1430.000000 125.000000
v 0.000000 -1430.000000 125.000000
v -2.000000 -1190.000000 125.000000
v 0.000000 -1190.000000 125.000000
v -2.000000 1180.000000 0.000000
v 0.000000 1180.000000 0.000000
v -2.000000 1425.000000 0.000000
v 0.000000 1425.000000 0.000000
v -2.000000 1180.000000 165.000000
v 0.000000 1180.000000 165.000000
v -2.000000 1425.000000 165.000000
v 0.000000 1425.000000 165.000000
v -433.000000 -250.000000 0.000000
v -430.000000 -250.000000 0.000000
v -433.000000 210.000000 0.000000
v -430.000000 210.000000 0.000000
v -433.000000 -250.000000 70.000000
v -430.000000 -250.000000 70.000000
v -433.000000 210.000000 70.000000
v -430.000000 210.000000 70.000000
v 120.000000 -1387.000000 90.000000
v 120.000000 -1385.663119 85.885503
v 120.000000 -1382.163119 83.342604
v 120.000000 -1377.836881 83.342604
v 120.000000 -1374.336881 85.885503
v 120.000000 -1373.000000 90.000000
v 120.000000 -1374.336881 94.114497
v 120.000000 -1377.836881 96.657396
v 120.000000 -1382.163119 96.657396
v 120.000000 -1385.663119 94.114497
v 128.000000 -1387.000000 90.000000
v 128.000000 -1385.663119 85.885503
v 128.000000 -1382.163119 83.342604
v 128.000000 -1377.836881 83.342604
v 128.000000 -1374.336881 85.885503
v 128.000000 -1373.000000 90.000000
v 128.000000 -1374.336881 94.114497
v 128.000000 -1377.836881 96.657396
v 128.000000 -1382.163119 96.657396
v 128.000000 -1385.663119 94.114497
v 120.000000 -1387.000000 590.000000
v 120.000000 -1385.663119 585.885503
v 120.000000 -1382.163119 583.342604
v 120.000000 -1377.836881 583.342604
v 120.000000 -1374.336881 585.885503
v 120.000000 -1373.000000 590.000000
v 120.000000 -1374.336881 594.114497
v 120.000000 -1377.836881 596.657396
v 120.000000 -1382.163119 596.657396
v 120.000000 -1385.663119 594.114497
v 128.000000 -1387.000000 590.000000
v 128.000000 -1385.663119 585.885503
v 128.000000 -1382.163119 583.342604
v 128.000000 -1377.836881 583.342604
v 128.000000 -1374.336881 585.885503
v 128.000000 -1373.000000 590.000000
v 128.000000 -1374.336881 594.114497
v 128.000000 -1377.836881 596.657396
v 128.000000 -1382.163119 596.657396
v 128.000000 -1385.663119 594.114497
v 120.000000 -1387.000000 1090.000000
v 120.000000 -1385.663119 1085.885503
v 120.000000 -1382.163119 1083.342604
v 120.000000 -1377.836881 1083.342604
v 120.000000 -1374.336881 1085.885503
v 120.000000 -1373.000000 1090.000000
v 120.000000 -1374.336881 1094.114497
v 120.000000 -1377.836881 1096.657396
v 120.000000 -1382.163119 1096.657396
v 120.000000 -1385.663119 1094.114497
v 128.000000 -1387.000000 1090.000000
v 128.000000 -1385.663119 1085.885503
v 128.000000 -1382.163119 1083.342604
v 128.000000 -1377.836881 1083.342604
v 128.000000 -1374.336881 1085.885503
v 128.000000 -1373.000000 1090.000000
v 128.000000 -1374.336881 1094.114497
v 128.000000 -1377.836881 1096.657396
v 128.000000 -1382.163119 1096.657396
v 128.000000 -1385.663119 1094.114497
v 120.000000 -1287.000000 90.000000
v 120.000000 -1285.663119 85.885503
v 120.000000 -1282.163119 83.342604
v 120.000000 -1277.836881 83.342604
v 120.000000 -1274.336881 85.885503
v 120.000000 -1273.000000 90.000000
v 120.000000 -1274.336881 94.114497
v 120.000000 -1277.836881 96.657396
v 120.000000 -1282.163119 96.657396
v 120.000000 -1285.663119 94.114497
v 128.000000 -1287.000000 90.000000
v 128.000000 -1285.663119 85.885503
v 128.000000 -1282.163119 83.342604
v 128.000000 -1277.836881 83.342604
v 128.000000 -1274.336881 85.885503
v 128.000000 -1273.000000 90.000000
v 128.000000 -1274.336881 94.114497
v 128.000000 -1277.836881 96.657396
v 128.000000 -1282.163119 96.657396
v 128.000000 -1285.663119 94.114497
v 120.000000 -1287.000000 590.000000
v 120.000000 -1285.663119 585.885503
v 120.000000 -1282.163119 583.342604
v 120.000000 -1277.836881 583.342604
v 120.000000 -1274.336881 585.885503
v 120.000000 -1273.000000 590.000000
v 120.000000 -1274.336881 594.114497
v 120.000000 -1277.836881 596.657396
v 120.000000 -1282.163119 596.657396
v 120.000000 -1285.663119 594.114497
v 128.000000 -1287.000000 590.000000
v 128.000000 -1285.663119 585.885503
v 128.000000 -1282.163119 583.342604
v 128.000000 -1277.836881 583.342604
v 128.000000 -1274.336881 585.885503
v 128.000000 -1273.000000 590.000000
v 128.000000 -1274.336881 594.114497
v 128.000000 -1277.836881 596.657396
v 128.000000 -1282.163119 596.657396
v 128.000000 -1285.663119 594.114497
v 120.000000 -1287.000000 1090.000000
v 120.000000 -1285.663119 1085.885503
v 120.000000 -1282.163119 1083.342604
v 120.000000 -1277.836881 1083.342604
v 120.000000 -1274.336881 1085.885503
v 120.000000 -1273.000000 1090.000000
v 120.000000 -1274.336881 1094.114497
v 120.000000 -1277.836881 1096.657396
v 120.000000 -1282.163119 1096.657396
v 120.000000 -1285.663119 1094.114497
v 128.000000 -1287.000000 1090.000000
v 128.000000 -1285.663119 1085.885503
v 128.000000 -1282.163119 1083.342604
v 128.000000 -1277.836881 1083.342604
v 128.000000 -1274.336881 1085.885503
v 128.000000 -1273.000000 1090.000000
v 128.000000 -1274.336881 1094.114497
v 128.000000 -1277.836881 1096.657396
v 128.000000 -1282.163119 1096.657396
v 128.000000 -1285.663119 1094.114497
v 120.000000 -1167.000000 90.000000
v 120.000000 -1165.663119 85.885503
v 120.000000 -1162.163119 83.342604
v 120.000000 -1157.836881 83.342604
v 120.000000 -1154.336881 85.885503
v 120.000000 -1153.000000 90.000000
v 120.000000 -1154.336881 94.114497
v 120.000000 -1157.836881 96.657396
v 120.000000 -1162.163119 96.657396
v 120.000000 -1165.663119 94.114497
v 128.000000 -1167.000000 90.000000
v 128.000000 -1165.663119 85.885503
v 128.000000 -1162.163119 83.342604
v 128.000000 -1157.836881 83.342604
v 128.000000 -1154.336881 85.885503
v 128.000000 -1153.000000 90.000000
v 128.000000 -1154.336881 94.114497
v 128.000000 -1157.836881 96.657396
v 128.000000 -1162.163119 96.657396
v 128.000000 -1165.663119 94.114497
v 120.000000 -1167.000000 590.000000
v 120.000000 -1165.663119 585.885503
v 120.000000 -1162.163119 583.342604
v 120.000000 -1157.836881 583.342604
v 120.000000 -1154.336881 585.885503
v 120.000000 -1153.000000 590.000000
v 120.000000 -1154.336881 594.114497
v 120.000000 -1157.836881 596.657396
v 120.000000 -1162.163119 596.657396
v 120.000000 -1165.663119 594.114497
v 128.000000 -1167.000000 590.000000
v 128.000000 -1165.663119 585.885503
v 128.000000 -1162.163119 583.342604
v 128.000000 -1157.836881 583.342604
v 128.000000 -1154.336881 585.885503
v 128.000000 -1153.000000 590.000000
v 128.000000 -1154.336881 594.114497
v 128.000000 -1157.836881 596.657396
v 128.000000 -1162.163119 596.657396
v 128.000000 -1165.663119 594.114497
v 120.000000 -1167.000000 1090.000000
v 120.000000 -1165.663119 1085.885503
v 120.000000 -1162.163119 1083.342604
v 120.000000 -1157.836881 1083.342604
v 120.000000 -1154.336881 1085.885503
v 120.000000 -1153.000000 1090.000000
v 120.000000 -1154.336881 1094.114497
v 120.000000 -1157.836881 1096.657396
v 120.000000 -1162.163119 1096.657396
v 120.000000 -1165.663119 1094.114497
v 128.000000 -1167.000000 1090.000000
v 128.000000 -1165.663119 1085.885503
v 128.000000 -1162.163119 1083.342604
v 128.000000 -1157.836881 1083.342604
v 128.000000 -1154.336881 1085.885503
v 128.000000 -1153.000000 1090.000000
v 128.000000 -1154.336881 1094.114497
v 128.000000 -1157.836881 1096.657396
v 128.000000 -1162.163119 1096.657396
v 128.000000 -1165.663119 1094.114497
v 120.000000 1153.000000 90.000000
v 120.000000 1154.336881 85.885503
v 120.000000 1157.836881 83.342604
v 120.000000 1162.163119 83.342604
v 120.000000 1165.663119 85.885503
v 120.000000 1167.000000 90.000000
v 120.000000 1165.663119 94.114497
v 120.000000 1162.163119 96.657396
v 120.000000 1157.836881 96.657396
v 120.000000 1154.336881 94.114497
v 128.000000 1153.000000 90.000000
v 128.000000 1154.336881 85.885503
v 128.000000 1157.836881 83.342604
v 128.000000 1162.163119 83.342604
v 128.000000 1165.663119 85.885503
v 128.000000 1167.000000 90.000000
v 128.000000 1165.663119 94.114497
v 128.000000 1162.163119 96.657396
v 128.000000 1157.836881 96.657396
v 128.000000 1154.336881 94.114497
v 120.000000 1153.000000 590.000000
v 120.000000 1154.336881 585.885503
v 120.000000 1157.836881 583.342604
v 120.000000 1162.163119 583.342604
v 120.000000 1165.663119 585.885503
v 120.000000 1167.000000 590.000000
v 120.000000 1165.663119 594.114497
v 120.000000 1162.163119 596.657396
v 120.000000 1157.836881 596.657396
v 120.000000 1154.336881 594.114497
v 128.000000 1153.000000 590.000000
v 128.000000 1154.336881 585.885503
v 128.000000 1157.836881 583.342604
v 128.000000 1162.163119 583.342604
v 128.000000 1165.663119 585.885503
v 128.000000 1167.000000 590.000000
v 128.000000 1165.663119 594.114497
v 128.000000 1162.163119 596.657396
v 128.000000 1157.836881 596.657396
v 128.000000 1154.336881 594.114497
v 120.000000 1153.000000 1090.000000
v 120.000000 1154.336881 1085.885503
v 120.000000 1157.836881 1083.342604
v 120.000000 1162.163119 1083.342604
v 120.000000 1165.663119 1085.885503
v 120.000000 1167.000000 1090.000000
v 120.000000 1165.663119 1094.114497
v 120.000000 1162.163119 1096.657396
v 120.000000 1157.836881 1096.657396
v 120.000000 1154.336881 1094.114497
v 128.000000 1153.000000 1090.000000
v 128.000000 1154.336881 1085.885503
v 128.000000 1157.836881 1083.342604
v 128.000000 1162.163119 1083.342604
v 128.000000 1165.663119 1085.885503
v 128.000000 1167.000000 1090.000000
v 128.000000 1165.663119 1094.114497
v 128.000000 1162.163119 1096.657396
v 128.000000 1157.836881 1096.657396
v 128.000000 1154.336881 1094.114497
v 120.000000 1273.000000 90.000000
v 120.000000 1274.336881 85.885503
v 120.000000 1277.836881 83.342604
v 120.000000 1282.163119 83.342604
v 120.000000 1285.663119 85.885503
v 120.000000 1287.000000 90.000000
v 120.000000 1285.663119 94.114497
v 120.000000 1282.163119 96.657396
v 120.000000 1277.836881 96.657396
v 120.000000 1274.336881 94.114497
v 128.000000 1273.000000 90.000000
v 128.000000 1274.336881 85.885503
v 128.000000 1277.836881 83.342604
v 128.000000 1282.163119 83.342604
v 128.000000 1285.663119 85.885503
v 128.000000 1287.000000 90.000000
v 128.000000 1285.663119 94.114497
v 128.000000 1282.163119 96.657396
v 128.000000 1277.836881 96.657396
v 128.000000 1274.336881 94.114497
v 120.000000 1273.000000 590.000000
v 120.000000 1274.336881 585.885503
v 120.000000 1277.836881 583.342604
v 120.000000 1282.163119 583.342604
v 120.000000 1285.663119 585.885503
v 120.000000 1287.000000 590.000000
v 120.000000 1285.663119 594.114497
v 120.000000 1282.163119 596.657396
v 120.000000 1277.836881 596.657396
v 120.000000 1274.336881 594.114497
v 128.000000 1273.000000 590.000000
v 128.000000 1274.336881 585.885503
v 128.000000 1277.836881 583.342604
v 128.000000 1282.163119 583.342604
v 128.000000 1285.663119 585.885503
v 128.000000 1287.000000 590.000000
v 128.000000 1285.663119 594.114497
v 128.000000 1282.163119 596.657396
v 128.000000 1277.836881 596.657396
v 128.000000 1274.336881 594.114497
v 120.000000 1273.000000 1090.000000
v 120.000000 1274.336881 1085.885503
v 120.000000 1277.836881 1083.342604
v 120.000000 1282.163119 1083.342604
v 120.000000 1285.663119 1085.885503
v 120.000000 1287.000000 1090.000000
v 120.000000 1285.663119 1094.114497
v 120.000000 1282.163119 1096.657396
v 120.000000 1277.836881 1096.657396
v 120.000000 1274.336881 1094.114497
v 128.000000 1273.000000 1090.000000
v 128.000000 1274.336881 1085.885503
v 128.000000 1277.836881 1083.342604
v 128.000000 1282.163119 1083.342604
v 128.000000 1285.663119 1085.885503
v 128.000000 1287.000000 1090.000000
v 128.000000 1285.663119 1094.114497
v 128.000000 1282.163119 1096.657396
v 128.000000 1277.836881 1096.657396
v 128.000000 1274.336881 1094.114497
v 120.000000 1373.000000 90.000000
v 120.000000 1374.336881 85.885503
v 120.000000 1377.836881 83.342604
v 120.000000 1382.163119 83.342604
v 120.000000 1385.663119 85.885503
v 120.000000 1387.000000 90.000000
v 120.000000 1385.663119 94.114497
v 120.000000 1382.163119 96.657396
v 120.000000 1377.836881 96.657396
v 120.000000 1374.336881 94.114497
v 128.000000 1373.000000 90.000000
v 128.000000 1374.336881 85.885503
v 128.000000 1377.836881 83.342604
v 128.000000 1382.163119 83.342604
v 128.000000 1385.663119 85.885503
v 128.000000 1387.000000 90.000000
v 128.000000 1385.663119 94.114497
v 128.000000 1382.163119 96.657396
v 128.000000 1377.836881 96.657396
v 128.000000 1374.336881 94.114497
v 120.000000 1373.000000 590.000000
v 120.000000 1374.336881 585.885503
v 120.000000 1377.836881 583.342604
v 120.000000 1382.163119 583.342604
v 120.000000 1385.663119 585.885503
v 120.000000 1387.000000 590.000000
v 120.000000 1385.663119 594.114497
v 120.000000 1382.163119 596.657396
v 120.000000 1377.836881 596.657396
v 120.000000 1374.336881 594.114497
v 128.000000 1373.000000 590.000000
v 128.000000 1374.336881 585.885503
v 128.000000 1377.836881 583.342604
v 128.000000 1382.163119 583.342604
v 128.000000 1385.663119 585.885503
v 128.000000 1387.000000 590.000000
v 128.000000 1385.663119 594.114497
v 128.000000 1382.163119 596.657396
v 128.000000 1377.836881 596.657396
v 128.000000 1374.336881 594.114497
v 120.000000 1373.000000 1090.000000
v 120.000000 1374.336881 1085.885503
v 120.000000 1377.836881 1083.342604
v 120.000000 1382.163119 1083.342604
v 120.000000 1385.663119 1085.885503
v 120.000000 1387.000000 1090.000000
v 120.000000 1385.663119 1094.114497
v 120.000000 1382.163119 1096.657396
v 120.000000 1377.836881 1096.657396
v 120.000000 1374.336881 1094.114497
v 128.000000 1373.000000 1090.000000
v 128.000000 1374.336881 1085.885503
v 128.000000 1377.836881 1083.342604
v 128.000000 1382.163119 1083.342604
v 128.000000 1385.663119 1085.885503
v 128.000000 1387.000000 1090.000000
v 128.000000 1385.663119 1094.114497
v 128.000000 1382.163119 1096.657396
v 128.000000 1377.836881 1096.657396
v 128.000000 1374.336881 1094.114497
v 120.000000 -907.000000 1100.000000
v 120.000000 -905.663119 1095.885503
v 120.000000 -902.163119 1093.342604
v 120.000000 -897.836881 1093.342604
v 120.000000 -894.336881 1095.885503
v 120.000000 -893.000000 1100.000000
v 120.000000 -894.336881 1104.114497
v 120.000000 -897.836881 1106.657396
v 120.000000 -902.163119 1106.657396
v 120.000000 -905.663119 1104.114497
v 128.000000 -907.000000 1100.000000
v 128.000000 -905.663119 1095.885503
v 128.000000 -902.163119 1093.342604
v 128.000000 -897.836881 1093.342604
v 128.000000 -894.336881 1095.885503
v 128.000000 -893.000000 1100.000000
v 128.000000 -894.336881 1104.114497
v 128.000000 -897.836881 1106.657396
v 128.000000 -902.163119 1106.657396
v 128.000000 -905.663119 1104.114497
v 120.000000 -607.000000 1100.000000
v 120.000000 -605.663119 1095.885503
v 120.000000 -602.163119 1093.342604
v 120.000000 -597.836881 1093.342604
v 120.000000 -594.336881 1095.885503
v 120.000000 -593.000000 1100.000000
v 120.000000 -594.336881 1104.114497
v 120.000000 -597.836881 1106.657396
v 120.000000 -602.163119 1106.657396
v 120.000000 -605.663119 1104.114497
v 128.000000 -607.000000 1100.000000
v 128.000000 -605.663119 1095.885503
v 128.000000 -602.163119 1093.342604
v 128.000000 -597.836881 1093.342604
v 128.000000 -594.336881 1095.885503
v 128.000000 -593.000000 1100.000000
v 128.000000 -594.336881 1104.114497
v 128.000000 -597.836881 1106.657396
v 128.000000 -602.163119 1106.657396
v 128.000000 -605.663119 1104.114497
v 120.000000 -307.000000 1100.000000
v 120.000000 -305.663119 1095.885503
v 120.000000 -302.163119 1093.342604
v 120.000000 -297.836881 1093.342604
v 120.000000 -294.336881 1095.885503
v 120.000000 -293.000000 1100.000000
v 120.000000 -294.336881 1104.114497
v 120.000000 -297.836881 1106.657396
v 120.000000 -302.163119 1106.657396
v 120.000000 -305.663119 1104.114497
v 128.000000 -307.000000 1100.000000
v 128.000000 -305.663119 1095.885503
v 128.000000 -302.163119 1093.342604
v 128.000000 -297.836881 1093.342604
v 128.000000 -294.336881 1095.885503
v 128.000000 -293.000000 1100.000000
v 128.000000 -294.336881 1104.114497
v 128.000000 -297.836881 1106.657396
v 128.000000 -302.163119 1106.657396
v 128.000000 -305.663119 1104.114497
v 120.000000 -7.000000 1100.000000
v 120.000000 -5.663119 1095.885503
v 120.000000 -2.163119 1093.342604
v 120.000000 2.163119 1093.342604
v 120.000000 5.663119 1095.885503
v 120.000000 7.000000 1100.000000
v 120.000000 5.663119 1104.114497
v 120.000000 2.163119 1106.657396
v 120.000000 -2.163119 1106.657396
v 120.000000 -5.663119 1104.114497
v 128.000000 -7.000000 1100.000000
v 128.000000 -5.663119 1095.885503
v 128.000000 -2.163119 1093.342604
v 128.000000 2.163119 1093.342604
v 128.000000 5.663119 1095.885503
v 128.000000 7.000000 1100.000000
v 128.000000 5.663119 1104.114497
v 128.000000 2.163119 1106.657396
v 128.000000 -2.163119 1106.657396
v 128.000000 -5.663119 1104.114497
v 120.000000 293.000000 1100.000000
v 120.000000 294.336881 1095.885503
v 120.000000 297.836881 1093.342604
v 120.000000 302.163119 1093.342604
v 120.000000 305.663119 1095.885503
v 120.000000 307.000000 1100.000000
v 120.000000 305.663119 1104.114497
v 120.000000 302.163119 1106.657396
v 120.000000 297.836881 1106.657396
v 120.000000 294.336881 1104.114497
v 128.000000 293.000000 1100.000000
v 128.000000 294.336881 1095.885503
v 128.000000 297.836881 1093.342604
v 128.000000 302.163119 1093.342604
v 128.000000 305.663119 1095.885503
v 128.000000 307.000000 1100.000000
v 128.000000 305.663119 1104.114497
v 128.000000 302.163119 1106.657396
v 128.000000 297.836881 1106.657396
v 128.000000 294.336881 1104.114497
v 120.000000 593.000000 1100.000000
v 120.000000 594.336881 1095.885503
v 120.000000 597.836881 1093.342604
v 120.000000 602.163119 1093.342604
v 120.000000 605.663119 1095.885503
v 120.000000 607.000000 1100.000000
v 120.000000 605.663119 1104.114497
v 120.000000 602.163119 1106.657396
v 120.000000 597.836881 1106.657396
v 120.000000 594.336881 1104.114497
v 128.000000 593.000000 1100.000000
v 128.000000 594.336881 1095.885503
v 128.000000 597.836881 1093.342604
v 128.000000 602.163119 1093.342604
v 128.000000 605.663119 1095.885503
v 128.000000 607.000000 1100.000000
v 128.000000 605.663119 1104.114497
v 128.000000 602.163119 1106.657396
v 128.000000 597.836881 1106.657396
v 128.000000 594.336881 1104.114497
v 120.000000 893.000000 1100.000000
v 120.000000 894.336881 1095.885503
v 120.000000 897.836881 1093.342604
v 120.000000 902.163119 1093.342604
v 120.000000 905.663119 1095.885503
v 120.000000 907.000000 1100.000000
v 120.000000 905.663119 1104.114497
v 120.000000 902.163119 1106.657396
v 120.000000 897.836881 1106.657396
v 120.000000 894.336881 1104.114497
v 128.000000 893.000000 1100.000000
v 128.000000 894.336881 1095.885503
v 128.000000 897.836881 1093.342604
v 128.000000 902.163119 1093.342604
v 128.000000 905.663119 1095.885503
v 128.000000 907.000000 1100.000000
v 128.000000 905.663119 1104.114497
v 128.000000 902.163119 1106.657396
v 128.000000 897.836881 1106.657396
v 128.000000 894.336881 1104.114497
vt 0.000000 -14.500000
vt 1.200000 -14.500000
vt 1.200000 -10.000000
vt 0.000000 -10.000000
vt 0.000000 -14.500000
vt 0.000000 -10.000000
vt 1.200000 -10.000000
vt 1.200000 -14.500000
vt 0.000000 0.000000
vt 0.000000 12.000000
vt 1.200000 12.000000
vt 1.200000 0.000000
vt 0.000000 0.000000
vt 1.200000 0.000000
vt 1.200000 12.000000
vt 0.000000 12.000000
vt -14.500000 0.000000
vt -10.000000 0.000000
vt -10.000000 12.000000
vt -14.500000 12.000000
vt -14.500000 0.000000
vt -14.500000 12.000000
vt -10.000000 12.000000
vt -10.000000 0.000000
vt 0.000000 10.000000
vt 1.200000 10.000000
vt 1.200000 14.500000
vt 0.000000 14.500000
vt 0.000000 10.000000
vt 0.000000 14.500000
vt 1.200000 14.500000
vt 1.200000 10.000000
vt 0.000000 0.000000
vt 0.000000 12.000000
vt 1.200000 12.000000
vt 1.200000 0.000000
vt 0.000000 0.000000
vt 1.200000 0.000000
vt 1.200000 12.000000
vt 0.000000 12.000000
vt 10.000000 0.000000
vt 14.500000 0.000000
vt 14.500000 12.000000
vt 10.000000 12.000000
vt 10.000000 0.000000
vt 10.000000 12.000000
vt 14.500000 12.000000
vt 14.500000 0.000000
vt 0.000000 -10.000000
vt 1.200000 -10.000000
vt 1.200000 10.000000
vt 0.000000 10.000000
vt 0.000000 -10.000000
vt 0.000000 10.000000
vt 1.200000 10.000000
vt 1.200000 -10.000000
vt 0.000000 9.200000
vt 0.000000 12.000000
vt 1.200000 12.000000
vt 1.200000 9.200000
vt 0.000000 9.200000
vt 1.200000 9.200000
vt 1.200000 12.000000
vt 0.000000 12.000000
vt -10.000000 9.200000
vt 10.000000 9.200000
vt 10.000000 12.000000
vt -10.000000 12.000000
vt -10.000000 9.200000
vt -10.000000 12.000000
vt 10.000000 12.000000
vt 10.000000 9.200000
vt 1.200000 -10.400000
vt 1.280000 -10.400000
vt 1.280000 -10.000000
vt 1.200000 -10.000000
vt 1.200000 -10.400000
vt 1.200000 -10.000000
vt 1.280000 -10.000000
vt 1.280000 -10.400000
vt 1.200000 0.000000
vt 1.200000 9.600000
vt 1.280000 9.600000
vt 1.280000 0.000000
vt 1.200000 0.000000
vt 1.280000 0.000000
vt 1.280000 9.600000
vt 1.200000 9.600000
vt -10.400000 0.000000
vt -10.000000 0.000000
vt -10.000000 9.600000
vt -10.400000 9.600000
vt -10.400000 0.000000
vt -10.400000 9.600000
vt -10.000000 9.600000
vt -10.000000 0.000000
vt 1.200000 10.000000
vt 1.280000 10.000000
vt 1.280000 10.400000
vt 1.200000 10.400000
vt 1.200000 10.000000
vt 1.200000 10.400000
vt 1.280000 10.400000
vt 1.280000 10.000000
vt 1.200000 0.000000
vt 1.200000 9.600000
vt 1.280000 9.600000
vt 1.280000 0.000000
vt 1.200000 0.000000
vt 1.280000 0.000000
vt 1.280000 9.600000
vt 1.200000 9.600000
vt 10.000000 0.000000
vt 10.400000 0.000000
vt 10.400000 9.600000
vt 10.000000 9.600000
vt 10.000000 0.000000
vt 10.000000 9.600000
vt 10.400000 9.600000
vt 10.400000 0.000000
vt 1.200000 -10.000000
vt 1.280000 -10.000000
vt 1.280000 10.000000
vt 1.200000 10.000000
vt 1.200000 -10.000000
vt 1.200000 10.000000
vt 1.280000 10.000000
vt 1.280000 -10.000000
vt 1.200000 9.200000
vt 1.200000 9.600000
vt 1.280000 9.600000
vt 1.280000 9.200000
vt 1.200000 9.200000
vt 1.280000 9.200000
vt 1.280000 9.600000
vt 1.200000 9.600000
vt -10.000000 9.200000
vt 10.000000 9.200000
vt 10.000000 9.600000
vt -10.000000 9.600000
vt -10.000000 9.200000
vt -10.000000 9.600000
vt 10.000000 9.600000
vt 10.000000 9.200000
vt 1.080000 -10.800000
vt 1.200000 -10.800000
vt 1.200000 -10.400000
vt 1.080000 -10.400000
vt 1.080000 -10.800000
vt 1.080000 -10.400000
vt 1.200000 -10.400000
vt 1.200000 -10.800000
vt 1.080000 0.000000
vt 1.080000 10.200000
vt 1.200000 10.200000
vt 1.200000 0.000000
vt 1.080000 0.000000
vt 1.200000 0.000000
vt 1.200000 10.200000
vt 1.080000 10.200000
vt -10.800000 0.000000
vt -10.400000 0.000000
vt -10.400000 10.200000
vt -10.800000 10.200000
vt -10.800000 0.000000
vt -10.800000 10.200000
vt -10.400000 10.200000
vt -10.400000 0.000000
vt 1.080000 10.400000
vt 1.200000 10.400000
vt 1.200000 10.800000
vt 1.080000 10.800000
vt 1.080000 10.400000
vt 1.080000 10.800000
vt 1.200000 10.800000
vt 1.200000 10.400000
vt 1.080000 0.000000
vt 1.080000 10.200000
vt 1.200000 10.200000
vt 1.200000 0.000000
vt 1.080000 0.000000
vt 1.200000 0.000000
vt 1.200000 10.200000
vt 1.080000 10.200000
vt 10.400000 0.000000
vt 10.800000 0.000000
vt 10.800000 10.200000
vt 10.400000 10.200000
vt 10.400000 0.000000
vt 10.400000 10.200000
vt 10.800000 10.200000
vt 10.800000 0.000000
vt 1.080000 -10.400000
vt 1.200000 -10.400000
vt 1.200000 10.400000
vt 1.080000 10.400000
vt 1.080000 -10.400000
vt 1.080000 10.400000
vt 1.200000 10.400000
vt 1.200000 -10.400000
vt 1.080000 9.600000
vt 1.080000 10.200000
vt 1.200000 10.200000
vt 1.200000 9.600000
vt 1.080000 9.600000
vt 1.200000 9.600000
vt 1.200000 10.200000
vt 1.080000 10.200000
vt -10.400000 9.600000
vt 10.400000 9.600000
vt 10.400000 10.200000
vt -10.400000 10.200000
vt -10.400000 9.600000
vt -10.400000 10.200000
vt 10.400000 10.200000
vt 10.400000 9.600000
vt -4.620000 0.000000
vt -4.620000 4.500000
vt -10.000000 9.200000
vt -10.000000 0.000000
vt -10.200000 0.000000
vt -10.200000 9.200000
vt -4.820000 4.500000
vt -4.820000 0.000000
vt -10.000000 0.000000
vt -10.000000 9.200000
vt -10.200000 9.200000
vt -10.200000 0.000000
vt -10.000000 9.200000
vt -4.620000 4.500000
vt -4.820000 4.500000
vt -10.200000 9.200000
vt -4.620000 4.500000
vt -4.620000 0.000000
vt -4.820000 0.000000
vt -4.820000 4.500000
vt -3.400000 -4.620000
vt 0.000000 -10.000000
vt 0.000000 -10.200000
vt -3.400000 -4.820000
vt 10.000000 9.200000
vt 4.620000 4.500000
vt 4.620000 0.000000
vt 10.000000 0.000000
vt 10.200000 0.000000
vt 4.820000 0.000000
vt 4.820000 4.500000
vt 10.200000 9.200000
vt 0.000000 10.000000
vt -3.400000 4.620000
vt -3.400000 4.820000
vt 0.000000 10.200000
vt 4.620000 0.000000
vt 4.620000 4.500000
vt 4.820000 4.500000
vt 4.820000 0.000000
vt 4.620000 4.500000
vt 10.000000 9.200000
vt 10.200000 9.200000
vt 4.820000 4.500000
vt 10.000000 9.200000
vt 10.000000 0.000000
vt 10.200000 0.000000
vt 10.200000 9.200000
vt -4.620000 4.500000
vt 4.620000 4.500000
vt 10.000000 9.200000
vt -10.000000 9.200000
vt -10.000000 9.380000
vt 10.000000 9.380000
vt 4.620000 4.680000
vt -4.620000 4.680000
vt -10.000000 9.200000
vt 10.000000 9.200000
vt 10.000000 9.380000
vt -10.000000 9.380000
vt 10.000000 9.200000
vt 4.620000 4.500000
vt 4.620000 4.680000
vt 10.000000 9.380000
vt 4.620000 4.500000
vt -4.620000 4.500000
vt -4.620000 4.680000
vt 4.620000 4.680000
vt -4.620000 4.500000
vt -10.000000 9.200000
vt -10.000000 9.380000
vt -4.620000 4.680000
vt -4.300000 -5.200000
vt -3.400000 -5.200000
vt -3.400000 -4.620000
vt -4.300000 -4.620000
vt -4.300000 -5.200000
vt -4.300000 -4.620000
vt -3.400000 -4.620000
vt -3.400000 -5.200000
vt -4.300000 0.000000
vt -4.300000 4.700000
vt -3.400000 4.700000
vt -3.400000 0.000000
vt -4.300000 0.000000
vt -3.400000 0.000000
vt -3.400000 4.700000
vt -4.300000 4.700000
vt -5.200000 0.000000
vt -4.620000 0.000000
vt -4.620000 4.700000
vt -5.200000 4.700000
vt -5.200000 0.000000
vt -5.200000 4.700000
vt -4.620000 4.700000
vt -4.620000 0.000000
vt -4.300000 4.620000
vt -3.400000 4.620000
vt -3.400000 5.200000
vt -4.300000 5.200000
vt -4.300000 4.620000
vt -4.300000 5.200000
vt -3.400000 5.200000
vt -3.400000 4.620000
vt -4.300000 0.000000
vt -4.300000 4.700000
vt -3.400000 4.700000
vt -3.400000 0.000000
vt -4.300000 0.000000
vt -3.400000 0.000000
vt -3.400000 4.700000
vt -4.300000 4.700000
vt 4.620000 0.000000
vt 5.200000 0.000000
vt 5.200000 4.700000
vt 4.620000 4.700000
vt 4.620000 0.000000
vt 4.620000 4.700000
vt 5.200000 4.700000
vt 5.200000 0.000000
vt -4.300000 -4.620000
vt -3.400000 -4.620000
vt -3.400000 4.620000
vt -4.300000 4.620000
vt -4.300000 -4.620000
vt -4.300000 4.620000
vt -3.400000 4.620000
vt -3.400000 -4.620000
vt -4.300000 4.500000
vt -4.300000 5.000000
vt -3.400000 5.000000
vt -3.400000 4.500000
vt -4.300000 4.500000
vt -3.400000 4.500000
vt -3.400000 5.000000
vt -4.300000 5.000000
vt -4.620000 4.500000
vt 4.620000 4.500000
vt 4.620000 5.000000
vt -4.620000 5.000000
vt -4.620000 4.500000
vt -4.620000 5.000000
vt 4.620000 5.000000
vt 4.620000 4.500000
vt -4.100000 -4.620000
vt -3.400000 -4.620000
vt -3.400000 -4.420000
vt -4.100000 -4.420000
vt -4.100000 -4.620000
vt -4.100000 -4.420000
vt -3.400000 -4.420000
vt -3.400000 -4.620000
vt -4.100000 0.080000
vt -4.100000 4.500000
vt -3.400000 4.500000
vt -3.400000 0.080000
vt -4.100000 0.080000
vt -3.400000 0.080000
vt -3.400000 4.500000
vt -4.100000 4.500000
vt -4.620000 0.080000
vt -4.420000 0.080000
vt -4.420000 4.500000
vt -4.620000 4.500000
vt -4.620000 0.080000
vt -4.620000 4.500000
vt -4.420000 4.500000
vt -4.420000 0.080000
vt -4.100000 4.420000
vt -3.400000 4.420000
vt -3.400000 4.620000
vt -4.100000 4.620000
vt -4.100000 4.420000
vt -4.100000 4.620000
vt -3.400000 4.620000
vt -3.400000 4.420000
vt -4.100000 0.080000
vt -4.100000 4.500000
vt -3.400000 4.500000
vt -3.400000 0.080000
vt -4.100000 0.080000
vt -3.400000 0.080000
vt -3.400000 4.500000
vt -4.100000 4.500000
vt 4.420000 0.080000
vt 4.620000 0.080000
vt 4.620000 4.500000
vt 4.420000 4.500000
vt 4.420000 0.080000
vt 4.420000 4.500000
vt 4.620000 4.500000
vt 4.620000 0.080000
vt -4.100000 -4.420000
vt -3.400000 -4.420000
vt -3.400000 4.420000
vt -4.100000 4.420000
vt -4.100000 -4.420000
vt -4.100000 4.420000
vt -3.400000 4.420000
vt -3.400000 -4.420000
vt -4.100000 4.300000
vt -4.100000 4.500000
vt -3.400000 4.500000
vt -3.400000 4.300000
vt -4.100000 4.300000
vt -3.400000 4.300000
vt -3.400000 4.500000
vt -4.100000 4.500000
vt -4.420000 4.300000
vt 4.420000 4.300000
vt 4.420000 4.500000
vt -4.420000 4.500000
vt -4.420000 4.300000
vt -4.420000 4.500000
vt 4.420000 4.500000
vt 4.420000 4.300000
vt -4.450000 -4.420000
vt -3.400000 -4.420000
vt -3.400000 4.420000
vt -4.450000 4.420000
vt -4.450000 -4.420000
vt -4.450000 4.420000
vt -3.400000 4.420000
vt -3.400000 -4.420000
vt -4.450000 0.000000
vt -4.450000 0.080000
vt -3.400000 0.080000
vt -3.400000 0.000000
vt -4.450000 0.000000
vt -3.400000 0.000000
vt -3.400000 0.080000
vt -4.450000 0.080000
vt -4.420000 0.000000
vt 4.420000 0.000000
vt 4.420000 0.080000
vt -4.420000 0.080000
vt -4.420000 0.000000
vt -4.420000 0.080000
vt 4.420000 0.080000
vt 4.420000 0.000000
vt -3.970000 -4.160000
vt -3.530000 -4.160000
vt -3.530000 -0.050000
vt -3.970000 -0.050000
vt -3.970000 -4.160000
vt -3.970000 -0.050000
vt -3.530000 -0.050000
vt -3.530000 -4.160000
vt -3.970000 0.080000
vt -3.970000 3.920000
vt -3.530000 3.920000
vt -3.530000 0.080000
vt -3.970000 0.080000
vt -3.530000 0.080000
vt -3.530000 3.920000
vt -3.970000 3.920000
vt -4.160000 0.080000
vt -0.050000 0.080000
vt -0.050000 3.920000
vt -4.160000 3.920000
vt -4.160000 0.080000
vt -4.160000 3.920000
vt -0.050000 3.920000
vt -0.050000 0.080000
vt -3.970000 0.050000
vt -3.530000 0.050000
vt -3.530000 4.160000
vt -3.970000 4.160000
vt -3.970000 0.050000
vt -3.970000 4.160000
vt -3.530000 4.160000
vt -3.530000 0.050000
vt -3.970000 0.080000
vt -3.970000 3.920000
vt -3.530000 3.920000
vt -3.530000 0.080000
vt -3.970000 0.080000
vt -3.530000 0.080000
vt -3.530000 3.920000
vt -3.970000 3.920000
vt 0.050000 0.080000
vt 4.160000 0.080000
vt 4.160000 3.920000
vt 0.050000 3.920000
vt 0.050000 0.080000
vt 0.050000 3.920000
vt 4.160000 3.920000
vt 4.160000 0.080000
vt -4.010000 -4.160000
vt -3.490000 -4.160000
vt -3.490000 -4.020000
vt -4.010000 -4.020000
vt -4.010000 -4.160000
vt -4.010000 -4.020000
vt -3.490000 -4.020000
vt -3.490000 -4.160000
vt -4.010000 0.080000
vt -4.010000 3.920000
vt -3.490000 3.920000
vt -3.490000 0.080000
vt -4.010000 0.080000
vt -3.490000 0.080000
vt -3.490000 3.920000
vt -4.010000 3.920000
vt -4.160000 0.080000
vt -4.020000 0.080000
vt -4.020000 3.920000
vt -4.160000 3.920000
vt -4.160000 0.080000
vt -4.160000 3.920000
vt -4.020000 3.920000
vt -4.020000 0.080000
vt -4.010000 -0.120000
vt -3.490000 -0.120000
vt -3.490000 0.000000
vt -4.010000 0.000000
vt -4.010000 -0.120000
vt -4.010000 0.000000
vt -3.490000 0.000000
vt -3.490000 -0.120000
vt -4.010000 0.080000
vt -4.010000 3.920000
vt -3.490000 3.920000
vt -3.490000 0.080000
vt -4.010000 0.080000
vt -3.490000 0.080000
vt -3.490000 3.920000
vt -4.010000 3.920000
vt -0.120000 0.080000
vt 0.000000 0.080000
vt 0.000000 3.920000
vt -0.120000 3.920000
vt -0.120000 0.080000
vt -0.120000 3.920000
vt 0.000000 3.920000
vt 0.000000 0.080000
vt -4.010000 0.000000
vt -3.490000 0.000000
vt -3.490000 0.120000
vt -4.010000 0.120000
vt -4.010000 0.000000
vt -4.010000 0.120000
vt -3.490000 0.120000
vt -3.490000 0.000000
vt -4.010000 0.080000
vt -4.010000 3.920000
vt -3.490000 3.920000
vt -3.490000 0.080000
vt -4.010000 0.080000
vt -3.490000 0.080000
vt -3.490000 3.920000
vt -4.010000 3.920000
vt 0.000000 0.080000
vt 0.120000 0.080000
vt 0.120000 3.920000
vt 0.000000 3.920000
vt 0.000000 0.080000
vt 0.000000 3.920000
vt 0.120000 3.920000
vt 0.120000 0.080000
vt -4.010000 4.020000
vt -3.490000 4.020000
vt -3.490000 4.160000
vt -4.010000 4.160000
vt -4.010000 4.020000
vt -4.010000 4.160000
vt -3.490000 4.160000
vt -3.490000 4.020000
vt -4.010000 0.080000
vt -4.010000 3.920000
vt -3.490000 3.920000
vt -3.490000 0.080000
vt -4.010000 0.080000
vt -3.490000 0.080000
vt -3.490000 3.920000
vt -4.010000 3.920000
vt 4.020000 0.080000
vt 4.160000 0.080000
vt 4.160000 3.920000
vt 4.020000 3.920000
vt 4.020000 0.080000
vt 4.020000 3.920000
vt 4.160000 3.920000
vt 4.160000 0.080000
vt -4.010000 -4.160000
vt -3.490000 -4.160000
vt -3.490000 4.160000
vt -4.010000 4.160000
vt -4.010000 -4.160000
vt -4.010000 4.160000
vt -3.490000 4.160000
vt -3.490000 -4.160000
vt -4.010000 0.080000
vt -4.010000 0.220000
vt -3.490000 0.220000
vt -3.490000 0.080000
vt -4.010000 0.080000
vt -3.490000 0.080000
vt -3.490000 0.220000
vt -4.010000 0.220000
vt -4.160000 0.080000
vt 4.160000 0.080000
vt 4.160000 0.220000
vt -4.160000 0.220000
vt -4.160000 0.080000
vt -4.160000 0.220000
vt 4.160000 0.220000
vt 4.160000 0.080000
vt -4.010000 -4.160000
vt -3.490000 -4.160000
vt -3.490000 4.160000
vt -4.010000 4.160000
vt -4.010000 -4.160000
vt -4.010000 4.160000
vt -3.490000 4.160000
vt -3.490000 -4.160000
vt -4.010000 3.780000
vt -4.010000 3.920000
vt -3.490000 3.920000
vt -3.490000 3.780000
vt -4.010000 3.780000
vt -3.490000 3.780000
vt -3.490000 3.920000
vt -4.010000 3.920000
vt -4.160000 3.780000
vt 4.160000 3.780000
vt 4.160000 3.920000
vt -4.160000 3.920000
vt -4.160000 3.780000
vt -4.160000 3.920000
vt 4.160000 3.920000
vt 4.160000 3.780000
vt -4.010000 -4.160000
vt -3.490000 -4.160000
vt -3.490000 4.160000
vt -4.010000 4.160000
vt -4.010000 -4.160000
vt -4.010000 4.160000
vt -3.490000 4.160000
vt -3.490000 -4.160000
vt -4.010000 1.900000
vt -4.010000 2.060000
vt -3.490000 2.060000
vt -3.490000 1.900000
vt -4.010000 1.900000
vt -3.490000 1.900000
vt -3.490000 2.060000
vt -4.010000 2.060000
vt -4.160000 1.900000
vt 4.160000 1.900000
vt 4.160000 2.060000
vt -4.160000 2.060000
vt -4.160000 1.900000
vt -4.160000 2.060000
vt 4.160000 2.060000
vt 4.160000 1.900000
vt 1.241145 -13.943369
vt 1.266574 -13.978369
vt 1.266574 -14.021631
vt 1.241145 -14.056631
vt 1.200000 -14.070000
vt 1.158855 -14.056631
vt 1.133426 -14.021631
vt 1.133426 -13.978369
vt 1.158855 -13.943369
vt 1.200000 -13.930000
vt 1.200000 -13.930000
vt 1.158855 -13.943369
vt 1.133426 -13.978369
vt 1.133426 -14.021631
vt 1.158855 -14.056631
vt 1.200000 -14.070000
vt 1.241145 -14.056631
vt 1.266574 -14.021631
vt 1.266574 -13.978369
vt 1.241145 -13.943369
vt 1.200000 0.900000
vt 1.158855 0.900000
vt 1.158855 11.100000
vt 1.200000 11.100000
vt -13.943369 0.900000
vt -13.978369 0.900000
vt -13.978369 11.100000
vt -13.943369 11.100000
vt -13.978369 0.900000
vt -14.021631 0.900000
vt -14.021631 11.100000
vt -13.978369 11.100000
vt -14.021631 0.900000
vt -14.056631 0.900000
vt -14.056631 11.100000
vt -14.021631 11.100000
vt 1.158855 0.900000
vt 1.200000 0.900000
vt 1.200000 11.100000
vt 1.158855 11.100000
vt 1.200000 0.900000
vt 1.241145 0.900000
vt 1.241145 11.100000
vt 1.200000 11.100000
vt -14.056631 0.900000
vt -14.021631 0.900000
vt -14.021631 11.100000
vt -14.056631 11.100000
vt -14.021631 0.900000
vt -13.978369 0.900000
vt -13.978369 11.100000
vt -14.021631 11.100000
vt -13.978369 0.900000
vt -13.943369 0.900000
vt -13.943369 11.100000
vt -13.978369 11.100000
vt 1.241145 0.900000
vt 1.200000 0.900000
vt 1.200000 11.100000
vt 1.241145 11.100000
vt 1.241145 -12.443369
vt 1.266574 -12.478369
vt 1.266574 -12.521631
vt 1.241145 -12.556631
vt 1.200000 -12.570000
vt 1.158855 -12.556631
vt 1.133426 -12.521631
vt 1.133426 -12.478369
vt 1.158855 -12.443369
vt 1.200000 -12.430000
vt 1.200000 -12.430000
vt 1.158855 -12.443369
vt 1.133426 -12.478369
vt 1.133426 -12.521631
vt 1.158855 -12.556631
vt 1.200000 -12.570000
vt 1.241145 -12.556631
vt 1.266574 -12.521631
vt 1.266574 -12.478369
vt 1.241145 -12.443369
vt 1.200000 0.900000
vt 1.158855 0.900000
vt 1.158855 11.100000
vt 1.200000 11.100000
vt -12.443369 0.900000
vt -12.478369 0.900000
vt -12.478369 11.100000
vt -12.443369 11.100000
vt -12.478369 0.900000
vt -12.521631 0.900000
vt -12.521631 11.100000
vt -12.478369 11.100000
vt -12.521631 0.900000
vt -12.556631 0.900000
vt -12.556631 11.100000
vt -12.521631 11.100000
vt 1.158855 0.900000
vt 1.200000 0.900000
vt 1.200000 11.100000
vt 1.158855 11.100000
vt 1.200000 0.900000
vt 1.241145 0.900000
vt 1.241145 11.100000
vt 1.200000 11.100000
vt -12.556631 0.900000
vt -12.521631 0.900000
vt -12.521631 11.100000
vt -12.556631 11.100000
vt -12.521631 0.900000
vt -12.478369 0.900000
vt -12.478369 11.100000
vt -12.521631 11.100000
vt -12.478369 0.900000
vt -12.443369 0.900000
vt -12.443369 11.100000
vt -12.478369 11.100000
vt 1.241145 0.900000
vt 1.200000 0.900000
vt 1.200000 11.100000
vt 1.241145 11.100000
vt 1.241145 -10.943369
vt 1.266574 -10.978369
vt 1.266574 -11.021631
vt 1.241145 -11.056631
vt 1.200000 -11.070000
vt 1.158855 -11.056631
vt 1.133426 -11.021631
vt 1.133426 -10.978369
vt 1.158855 -10.943369
vt 1.200000 -10.930000
vt 1.200000 -10.930000
vt 1.158855 -10.943369
vt 1.133426 -10.978369
vt 1.133426 -11.021631
vt 1.158855 -11.056631
vt 1.200000 -11.070000
vt 1.241145 -11.056631
vt 1.266574 -11.021631
vt 1.266574 -10.978369
vt 1.241145 -10.943369
vt 1.200000 0.900000
vt 1.158855 0.900000
vt 1.158855 11.100000
vt 1.200000 11.100000
vt -10.943369 0.900000
vt -10.978369 0.900000
vt -10.978369 11.100000
vt -10.943369 11.100000
vt -10.978369 0.900000
vt -11.021631 0.900000
vt -11.021631 11.100000
vt -10.978369 11.100000
vt -11.021631 0.900000
vt -11.056631 0.900000
vt -11.056631 11.100000
vt -11.021631 11.100000
vt 1.158855 0.900000
vt 1.200000 0.900000
vt 1.200000 11.100000
vt 1.158855 11.100000
vt 1.200000 0.900000
vt 1.241145 0.900000
vt 1.241145 11.100000
vt 1.200000 11.100000
vt -11.056631 0.900000
vt -11.021631 0.900000
vt -11.021631 11.100000
vt -11.056631 11.100000
vt -11.021631 0.900000
vt -10.978369 0.900000
vt -10.978369 11.100000
vt -11.021631 11.100000
vt -10.978369 0.900000
vt -10.943369 0.900000
vt -10.943369 11.100000
vt -10.978369 11.100000
vt 1.241145 0.900000
vt 1.200000 0.900000
vt 1.200000 11.100000
vt 1.241145 11.100000
vt 1.151459 1.635267
vt 1.181459 1.657063
vt 1.218541 1.657063
vt 1.248541 1.635267
vt 1.260000 1.600000
vt 1.248541 1.564733
vt 1.218541 1.542937
vt 1.181459 1.542937
vt 1.151459 1.564733
vt 1.140000 1.600000
vt 1.140000 1.600000
vt 1.151459 1.564733
vt 1.181459 1.542937
vt 1.218541 1.542937
vt 1.248541 1.564733
vt 1.260000 1.600000
vt 1.248541 1.635267
vt 1.218541 1.657063
vt 1.181459 1.657063
vt 1.151459 1.635267
vt -11.000000 1.600000
vt -11.000000 1.564733
vt -14.000000 1.564733
vt -14.000000 1.600000
vt 1.151459 -11.000000
vt 1.181459 -11.000000
vt 1.181459 -14.000000
vt 1.151459 -14.000000
vt 1.181459 -11.000000
vt 1.218541 -11.000000
vt 1.218541 -14.000000
vt 1.181459 -14.000000
vt 1.218541 -11.000000
vt 1.248541 -11.000000
vt 1.248541 -14.000000
vt 1.218541 -14.000000
vt -11.000000 1.564733
vt -11.000000 1.600000
vt -14.000000 1.600000
vt -14.000000 1.564733
vt -11.000000 1.600000
vt -11.000000 1.635267
vt -14.000000 1.635267
vt -14.000000 1.600000
vt 1.248541 -11.000000
vt 1.218541 -11.000000
vt 1.218541 -14.000000
vt 1.248541 -14.000000
vt 1.218541 -11.000000
vt 1.181459 -11.000000
vt 1.181459 -14.000000
vt 1.218541 -14.000000
vt 1.181459 -11.000000
vt 1.151459 -11.000000
vt 1.151459 -14.000000
vt 1.181459 -14.000000
vt -11.000000 1.635267
vt -11.000000 1.600000
vt -14.000000 1.600000
vt -14.000000 1.635267
vt 1.151459 3.335267
vt 1.181459 3.357063
vt 1.218541 3.357063
vt 1.248541 3.335267
vt 1.260000 3.300000
vt 1.248541 3.264733
vt 1.218541 3.242937
vt 1.181459 3.242937
vt 1.151459 3.264733
vt 1.140000 3.300000
vt 1.140000 3.300000
vt 1.151459 3.264733
vt 1.181459 3.242937
vt 1.218541 3.242937
vt 1.248541 3.264733
vt 1.260000 3.300000
vt 1.248541 3.335267
vt 1.218541 3.357063
vt 1.181459 3.357063
vt 1.151459 3.335267
vt -11.000000 3.300000
vt -11.000000 3.264733
vt -14.000000 3.264733
vt -14.000000 3.300000
vt 1.151459 -11.000000
vt 1.181459 -11.000000
vt 1.181459 -14.000000
vt 1.151459 -14.000000
vt 1.181459 -11.000000
vt 1.218541 -11.000000
vt 1.218541 -14.000000
vt 1.181459 -14.000000
vt 1.218541 -11.000000
vt 1.248541 -11.000000
vt 1.248541 -14.000000
vt 1.218541 -14.000000
vt -11.000000 3.264733
vt -11.000000 3.300000
vt -14.000000 3.300000
vt -14.000000 3.264733
vt -11.000000 3.300000
vt -11.000000 3.335267
vt -14.000000 3.335267
vt -14.000000 3.300000
vt 1.248541 -11.000000
vt 1.218541 -11.000000
vt 1.218541 -14.000000
vt 1.248541 -14.000000
vt 1.218541 -11.000000
vt 1.181459 -11.000000
vt 1.181459 -14.000000
vt 1.218541 -14.000000
vt 1.181459 -11.000000
vt 1.151459 -11.000000
vt 1.151459 -14.000000
vt 1.181459 -14.000000
vt -11.000000 3.335267
vt -11.000000 3.300000
vt -14.000000 3.300000
vt -14.000000 3.335267
vt 1.151459 5.035267
vt 1.181459 5.057063
vt 1.218541 5.057063
vt 1.248541 5.035267
vt 1.260000 5.000000
vt 1.248541 4.964733
vt 1.218541 4.942937
vt 1.181459 4.942937
vt 1.151459 4.964733
vt 1.140000 5.000000
vt 1.140000 5.000000
vt 1.151459 4.964733
vt 1.181459 4.942937
vt 1.218541 4.942937
vt 1.248541 4.964733
vt 1.260000 5.000000
vt 1.248541 5.035267
vt 1.218541 5.057063
vt 1.181459 5.057063
vt 1.151459 5.035267
vt -11.000000 5.000000
vt -11.000000 4.964733
vt -14.000000 4.964733
vt -14.000000 5.000000
vt 1.151459 -11.000000
vt 1.181459 -11.000000
vt 1.181459 -14.000000
vt 1.151459 -14.000000
vt 1.181459 -11.000000
vt 1.218541 -11.000000
vt 1.218541 -14.000000
vt 1.181459 -14.000000
vt 1.218541 -11.000000
vt 1.248541 -11.000000
vt 1.248541 -14.000000
vt 1.218541 -14.000000
vt -11.000000 4.964733
vt -11.000000 5.000000
vt -14.000000 5.000000
vt -14.000000 4.964733
vt -11.000000 5.000000
vt -11.000000 5.035267
vt -14.000000 5.035267
vt -14.000000 5.000000
vt 1.248541 -11.000000
vt 1.218541 -11.000000
vt 1.218541 -14.000000
vt 1.248541 -14.000000
vt 1.218541 -11.000000
vt 1.181459 -11.000000
vt 1.181459 -14.000000
vt 1.218541 -14.000000
vt 1.181459 -11.000000
vt 1.151459 -11.000000
vt 1.151459 -14.000000
vt 1.181459 -14.000000
vt -11.000000 5.035267
vt -11.000000 5.000000
vt -14.000000 5.000000
vt -14.000000 5.035267
vt 1.151459 6.735267
vt 1.181459 6.757063
vt 1.218541 6.757063
vt 1.248541 6.735267
vt 1.260000 6.700000
vt 1.248541 6.664733
vt 1.218541 6.642937
vt 1.181459 6.642937
vt 1.151459 6.664733
vt 1.140000 6.700000
vt 1.140000 6.700000
vt 1.151459 6.664733
vt 1.181459 6.642937
vt 1.218541 6.642937
vt 1.248541 6.664733
vt 1.260000 6.700000
vt 1.248541 6.735267
vt 1.218541 6.757063
vt 1.181459 6.757063
vt 1.151459 6.735267
vt -11.000000 6.700000
vt -11.000000 6.664733
vt -14.000000 6.664733
vt -14.000000 6.700000
vt 1.151459 -11.000000
vt 1.181459 -11.000000
vt 1.181459 -14.000000
vt 1.151459 -14.000000
vt 1.181459 -11.000000
vt 1.218541 -11.000000
vt 1.218541 -14.000000
vt 1.181459 -14.000000
vt 1.218541 -11.000000
vt 1.248541 -11.000000
vt 1.248541 -14.000000
vt 1.218541 -14.000000
vt -11.000000 6.664733
vt -11.000000 6.700000
vt -14.000000 6.700000
vt -14.000000 6.664733
vt -11.000000 6.700000
vt -11.000000 6.735267
vt -14.000000 6.735267
vt -14.000000 6.700000
vt 1.248541 -11.000000
vt 1.218541 -11.000000
vt 1.218541 -14.000000
vt 1.248541 -14.000000
vt 1.218541 -11.000000
vt 1.181459 -11.000000
vt 1.181459 -14.000000
vt 1.218541 -14.000000
vt 1.181459 -11.000000
vt 1.151459 -11.000000
vt 1.151459 -14.000000
vt 1.181459 -14.000000
vt -11.000000 6.735267
vt -11.000000 6.700000
vt -14.000000 6.700000
vt -14.000000 6.735267
vt 1.151459 8.435267
vt 1.181459 8.457063
vt 1.218541 8.457063
vt 1.248541 8.435267
vt 1.260000 8.400000
vt 1.248541 8.364733
vt 1.218541 8.342937
vt 1.181459 8.342937
vt 1.151459 8.364733
vt 1.140000 8.400000
vt 1.140000 8.400000
vt 1.151459 8.364733
vt 1.181459 8.342937
vt 1.218541 8.342937
vt 1.248541 8.364733
vt 1.260000 8.400000
vt 1.248541 8.435267
vt 1.218541 8.457063
vt 1.181459 8.457063
vt 1.151459 8.435267
vt -11.000000 8.400000
vt -11.000000 8.364733
vt -14.000000 8.364733
vt -14.000000 8.400000
vt 1.151459 -11.000000
vt 1.181459 -11.000000
vt 1.181459 -14.000000
vt 1.151459 -14.000000
vt 1.181459 -11.000000
vt 1.218541 -11.000000
vt 1.218541 -14.000000
vt 1.181459 -14.000000
vt 1.218541 -11.000000
vt 1.248541 -11.000000
vt 1.248541 -14.000000
vt 1.218541 -14.000000
vt -11.000000 8.364733
vt -11.000000 8.400000
vt -14.000000 8.400000
vt -14.000000 8.364733
vt -11.000000 8.400000
vt -11.000000 8.435267
vt -14.000000 8.435267
vt -14.000000 8.400000
vt 1.248541 -11.000000
vt 1.218541 -11.000000
vt 1.218541 -14.000000
vt 1.248541 -14.000000
vt 1.218541 -11.000000
vt 1.181459 -11.000000
vt 1.181459 -14.000000
vt 1.218541 -14.000000
vt 1.181459 -11.000000
vt 1.151459 -11.000000
vt 1.151459 -14.000000
vt 1.181459 -14.000000
vt -11.000000 8.435267
vt -11.000000 8.400000
vt -14.000000 8.400000
vt -14.000000 8.435267
vt 1.151459 10.135267
vt 1.181459 10.157063
vt 1.218541 10.157063
vt 1.248541 10.135267
vt 1.260000 10.100000
vt 1.248541 10.064733
vt 1.218541 10.042937
vt 1.181459 10.042937
vt 1.151459 10.064733
vt 1.140000 10.100000
vt 1.140000 10.100000
vt 1.151459 10.064733
vt 1.181459 10.042937
vt 1.218541 10.042937
vt 1.248541 10.064733
vt 1.260000 10.100000
vt 1.248541 10.135267
vt 1.218541 10.157063
vt 1.181459 10.157063
vt 1.151459 10.135267
vt -11.000000 10.100000
vt -11.000000 10.064733
vt -14.000000 10.064733
vt -14.000000 10.100000
vt 1.151459 -11.000000
vt 1.181459 -11.000000
vt 1.181459 -14.000000
vt 1.151459 -14.000000
vt 1.181459 -11.000000
vt 1.218541 -11.000000
vt 1.218541 -14.000000
vt 1.181459 -14.000000
vt 1.218541 -11.000000
vt 1.248541 -11.000000
vt 1.248541 -14.000000
vt 1.218541 -14.000000
vt -11.000000 10.064733
vt -11.000000 10.100000
vt -14.000000 10.100000
vt -14.000000 10.064733
vt -11.000000 10.100000
vt -11.000000 10.135267
vt -14.000000 10.135267
vt -14.000000 10.100000
vt 1.248541 -11.000000
vt 1.218541 -11.000000
vt 1.218541 -14.000000
vt 1.248541 -14.000000
vt 1.218541 -11.000000
vt 1.181459 -11.000000
vt 1.181459 -14.000000
vt 1.218541 -14.000000
vt 1.181459 -11.000000
vt 1.151459 -11.000000
vt 1.151459 -14.000000
vt 1.181459 -14.000000
vt -11.000000 10.135267
vt -11.000000 10.100000
vt -14.000000 10.100000
vt -14.000000 10.135267
vt -11.105172 0.976412
vt -11.040172 1.023637
vt -10.959828 1.023637
vt -10.894828 0.976412
vt -10.870000 0.900000
vt -10.894828 0.823588
vt -10.959828 0.776363
vt -11.040172 0.776363
vt -11.105172 0.823588
vt -11.130000 0.900000
vt -11.130000 0.900000
vt -11.105172 0.823588
vt -11.040172 0.776363
vt -10.959828 0.776363
vt -10.894828 0.823588
vt -10.870000 0.900000
vt -10.894828 0.976412
vt -10.959828 1.023637
vt -11.040172 1.023637
vt -11.105172 0.976412
vt 1.200000 0.900000
vt 1.200000 0.823588
vt 1.280000 0.823588
vt 1.280000 0.900000
vt 1.200000 -11.105172
vt 1.200000 -11.040172
vt 1.280000 -11.040172
vt 1.280000 -11.105172
vt 1.200000 -11.040172
vt 1.200000 -10.959828
vt 1.280000 -10.959828
vt 1.280000 -11.040172
vt 1.200000 -10.959828
vt 1.200000 -10.894828
vt 1.280000 -10.894828
vt 1.280000 -10.959828
vt 1.200000 0.823588
vt 1.200000 0.900000
vt 1.280000 0.900000
vt 1.280000 0.823588
vt 1.200000 0.900000
vt 1.200000 0.976412
vt 1.280000 0.976412
vt 1.280000 0.900000
vt 1.200000 -10.894828
vt 1.200000 -10.959828
vt 1.280000 -10.959828
vt 1.280000 -10.894828
vt 1.200000 -10.959828
vt 1.200000 -11.040172
vt 1.280000 -11.040172
vt 1.280000 -10.959828
vt 1.200000 -11.040172
vt 1.200000 -11.105172
vt 1.280000 -11.105172
vt 1.280000 -11.040172
vt 1.200000 0.976412
vt 1.200000 0.900000
vt 1.280000 0.900000
vt 1.280000 0.976412
vt -11.105172 11.176412
vt -11.040172 11.223637
vt -10.959828 11.223637
vt -10.894828 11.176412
vt -10.870000 11.100000
vt -10.894828 11.023588
vt -10.959828 10.976363
vt -11.040172 10.976363
vt -11.105172 11.023588
vt -11.130000 11.100000
vt -11.130000 11.100000
vt -11.105172 11.023588
vt -11.040172 10.976363
vt -10.959828 10.976363
vt -10.894828 11.023588
vt -10.870000 11.100000
vt -10.894828 11.176412
vt -10.959828 11.223637
vt -11.040172 11.223637
vt -11.105172 11.176412
vt 1.200000 11.100000
vt 1.200000 11.023588
vt 1.280000 11.023588
vt 1.280000 11.100000
vt 1.200000 -11.105172
vt 1.200000 -11.040172
vt 1.280000 -11.040172
vt 1.280000 -11.105172
vt 1.200000 -11.040172
vt 1.200000 -10.959828
vt 1.280000 -10.959828
vt 1.280000 -11.040172
vt 1.200000 -10.959828
vt 1.200000 -10.894828
vt 1.280000 -10.894828
vt 1.280000 -10.959828
vt 1.200000 11.023588
vt 1.200000 11.100000
vt 1.280000 11.100000
vt 1.280000 11.023588
vt 1.200000 11.100000
vt 1.200000 11.176412
vt 1.280000 11.176412
vt 1.280000 11.100000
vt 1.200000 -10.894828
vt 1.200000 -10.959828
vt 1.280000 -10.959828
vt 1.280000 -10.894828
vt 1.200000 -10.959828
vt 1.200000 -11.040172
vt 1.280000 -11.040172
vt 1.280000 -10.959828
vt 1.200000 -11.040172
vt 1.200000 -11.105172
vt 1.280000 -11.105172
vt 1.280000 -11.040172
vt 1.200000 11.176412
vt 1.200000 11.100000
vt 1.280000 11.100000
vt 1.280000 11.176412
vt -14.105172 0.976412
vt -14.040172 1.023637
vt -13.959828 1.023637
vt -13.894828 0.976412
vt -13.870000 0.900000
vt -13.894828 0.823588
vt -13.959828 0.776363
vt -14.040172 0.776363
vt -14.105172 0.823588
vt -14.130000 0.900000
vt -14.130000 0.900000
vt -14.105172 0.823588
vt -14.040172 0.776363
vt -13.959828 0.776363
vt -13.894828 0.823588
vt -13.870000 0.900000
vt -13.894828 0.976412
vt -13.959828 1.023637
vt -14.040172 1.023637
vt -14.105172 0.976412
vt 1.200000 0.900000
vt 1.200000 0.823588
vt 1.280000 0.823588
vt 1.280000 0.900000
vt 1.200000 -14.105172
vt 1.200000 -14.040172
vt 1.280000 -14.040172
vt 1.280000 -14.105172
vt 1.200000 -14.040172
vt 1.200000 -13.959828
vt 1.280000 -13.959828
vt 1.280000 -14.040172
vt 1.200000 -13.959828
vt 1.200000 -13.894828
vt 1.280000 -13.894828
vt 1.280000 -13.959828
vt 1.200000 0.823588
vt 1.200000 0.900000
vt 1.280000 0.900000
vt 1.280000 0.823588
vt 1.200000 0.900000
vt 1.200000 0.976412
vt 1.280000 0.976412
vt 1.280000 0.900000
vt 1.200000 -13.894828
vt 1.200000 -13.959828
vt 1.280000 -13.959828
vt 1.280000 -13.894828
vt 1.200000 -13.959828
vt 1.200000 -14.040172
vt 1.280000 -14.040172
vt 1.280000 -13.959828
vt 1.200000 -14.040172
vt 1.200000 -14.105172
vt 1.280000 -14.105172
vt 1.280000 -14.040172
vt 1.200000 0.976412
vt 1.200000 0.900000
vt 1.280000 0.900000
vt 1.280000 0.976412
vt -14.105172 11.176412
vt -14.040172 11.223637
vt -13.959828 11.223637
vt -13.894828 11.176412
vt -13.870000 11.100000
vt -13.894828 11.023588
vt -13.959828 10.976363
vt -14.040172 10.976363
vt -14.105172 11.023588
vt -14.130000 11.100000
vt -14.130000 11.100000
vt -14.105172 11.023588
vt -14.040172 10.976363
vt -13.959828 10.976363
vt -13.894828 11.023588
vt -13.870000 11.100000
vt -13.894828 11.176412
vt -13.959828 11.223637
vt -14.040172 11.223637
vt -14.105172 11.176412
vt 1.200000 11.100000
vt 1.200000 11.023588
vt 1.280000 11.023588
vt 1.280000 11.100000
vt 1.200000 -14.105172
vt 1.200000 -14.040172
vt 1.280000 -14.040172
vt 1.280000 -14.105172
vt 1.200000 -14.040172
vt 1.200000 -13.959828
vt 1.280000 -13.959828
vt 1.280000 -14.040172
vt 1.200000 -13.959828
vt 1.200000 -13.894828
vt 1.280000 -13.894828
vt 1.280000 -13.959828
vt 1.200000 11.023588
vt 1.200000 11.100000
vt 1.280000 11.100000
vt 1.280000 11.023588
vt 1.200000 11.100000
vt 1.200000 11.176412
vt 1.280000 11.176412
vt 1.280000 11.100000
vt 1.200000 -13.894828
vt 1.200000 -13.959828
vt 1.280000 -13.959828
vt 1.280000 -13.894828
vt 1.200000 -13.959828
vt 1.200000 -14.040172
vt 1.280000 -14.040172
vt 1.280000 -13.959828
vt 1.200000 -14.040172
vt 1.200000 -14.105172
vt 1.280000 -14.105172
vt 1.280000 -14.040172
vt 1.200000 11.176412
vt 1.200000 11.100000
vt 1.280000 11.100000
vt 1.280000 11.176412
vt 1.241145 14.056631
vt 1.266574 14.021631
vt 1.266574 13.978369
vt 1.241145 13.943369
vt 1.200000 13.930000
vt 1.158855 13.943369
vt 1.133426 13.978369
vt 1.133426 14.021631
vt 1.158855 14.056631
vt 1.200000 14.070000
vt 1.200000 14.070000
vt 1.158855 14.056631
vt 1.133426 14.021631
vt 1.133426 13.978369
vt 1.158855 13.943369
vt 1.200000 13.930000
vt 1.241145 13.943369
vt 1.266574 13.978369
vt 1.266574 14.021631
vt 1.241145 14.056631
vt 1.200000 0.900000
vt 1.158855 0.900000
vt 1.158855 11.100000
vt 1.200000 11.100000
vt 14.056631 0.900000
vt 14.021631 0.900000
vt 14.021631 11.100000
vt 14.056631 11.100000
vt 14.021631 0.900000
vt 13.978369 0.900000
vt 13.978369 11.100000
vt 14.021631 11.100000
vt 13.978369 0.900000
vt 13.943369 0.900000
vt 13.943369 11.100000
vt 13.978369 11.100000
vt 1.158855 0.900000
vt 1.200000 0.900000
vt 1.200000 11.100000
vt 1.158855 11.100000
vt 1.200000 0.900000
vt 1.241145 0.900000
vt 1.241145 11.100000
vt 1.200000 11.100000
vt 13.943369 0.900000
vt 13.978369 0.900000
vt 13.978369 11.100000
vt 13.943369 11.100000
vt 13.978369 0.900000
vt 14.021631 0.900000
vt 14.021631 11.100000
vt 13.978369 11.100000
vt 14.021631 0.900000
vt 14.056631 0.900000
vt 14.056631 11.100000
vt 14.021631 11.100000
vt 1.241145 0.900000
vt 1.200000 0.900000
vt 1.200000 11.100000
vt 1.241145 11.100000
vt 1.241145 12.556631
vt 1.266574 12.521631
vt 1.266574 12.478369
vt 1.241145 12.443369
vt 1.200000 12.430000
vt 1.158855 12.443369
vt 1.133426 12.478369
vt 1.133426 12.521631
vt 1.158855 12.556631
vt 1.200000 12.570000
vt 1.200000 12.570000
vt 1.158855 12.556631
vt 1.133426 12.521631
vt 1.133426 12.478369
vt 1.158855 12.443369
vt 1.200000 12.430000
vt 1.241145 12.443369
vt 1.266574 12.478369
vt 1.266574 12.521631
vt 1.241145 12.556631
vt 1.200000 0.900000
vt 1.158855 0.900000
vt 1.158855 11.100000
vt 1.200000 11.100000
vt 12.556631 0.900000
vt 12.521631 0.900000
vt 12.521631 11.100000
vt 12.556631 11.100000
vt 12.521631 0.900000
vt 12.478369 0.900000
vt 12.478369 11.100000
vt 12.521631 11.100000
vt 12.478369 0.900000
vt 12.443369 0.900000
vt 12.443369 11.100000
vt 12.478369 11.100000
vt 1.158855 0.900000
vt 1.200000 0.900000
vt 1.200000 11.100000
vt 1.158855 11.100000
vt 1.200000 0.900000
vt 1.241145 0.900000
vt 1.241145 11.100000
vt 1.200000 11.100000
vt 12.443369 0.900000
vt 12.478369 0.900000
vt 12.478369 11.100000
vt 12.443369 11.100000
vt 12.478369 0.900000
vt 12.521631 0.900000
vt 12.521631 11.100000
vt 12.478369 11.100000
vt 12.521631 0.900000
vt 12.556631 0.900000
vt 12.556631 11.100000
vt 12.521631 11.100000
vt 1.241145 0.900000
vt 1.200000 0.900000
vt 1.200000 11.100000
vt 1.241145 11.100000
vt 1.241145 11.056631
vt 1.266574 11.021631
vt 1.266574 10.978369
vt 1.241145 10.943369
vt 1.200000 10.930000
vt 1.158855 10.943369
vt 1.133426 10.978369
vt 1.133426 11.021631
vt 1.158855 11.056631
vt 1.200000 11.070000
vt 1.200000 11.070000
vt 1.158855 11.056631
vt 1.133426 11.021631
vt 1.133426 10.978369
vt 1.158855 10.943369
vt 1.200000 10.930000
vt 1.241145 10.943369
vt 1.266574 10.978369
vt 1.266574 11.021631
vt 1.241145 11.056631
vt 1.200000 0.900000
vt 1.158855 0.900000
vt 1.158855 11.100000
vt 1.200000 11.100000
vt 11.056631 0.900000
vt 11.021631 0.900000
vt 11.021631 11.100000
vt 11.056631 11.100000
vt 11.021631 0.900000
vt 10.978369 0.900000
vt 10.978369 11.100000
vt 11.021631 11.100000
vt 10.978369 0.900000
vt 10.943369 0.900000
vt 10.943369 11.100000
vt 10.978369 11.100000
vt 1.158855 0.900000
vt 1.200000 0.900000
vt 1.200000 11.100000
vt 1.158855 11.100000
vt 1.200000 0.900000
vt 1.241145 0.900000
vt 1.241145 11.100000
vt 1.200000 11.100000
vt 10.943369 0.900000
vt 10.978369 0.900000
vt 10.978369 11.100000
vt 10.943369 11.100000
vt 10.978369 0.900000
vt 11.021631 0.900000
vt 11.021631 11.100000
vt 10.978369 11.100000
vt 11.021631 0.900000
vt 11.056631 0.900000
vt 11.056631 11.100000
vt 11.021631 11.100000
vt 1.241145 0.900000
vt 1.200000 0.900000
vt 1.200000 11.100000
vt 1.241145 11.100000
vt 1.248541 1.635267
vt 1.218541 1.657063
vt 1.181459 1.657063
vt 1.151459 1.635267
vt 1.140000 1.600000
vt 1.151459 1.564733
vt 1.181459 1.542937
vt 1.218541 1.542937
vt 1.248541 1.564733
vt 1.260000 1.600000
vt 1.260000 1.600000
vt 1.248541 1.564733
vt 1.218541 1.542937
vt 1.181459 1.542937
vt 1.151459 1.564733
vt 1.140000 1.600000
vt 1.151459 1.635267
vt 1.181459 1.657063
vt 1.218541 1.657063
vt 1.248541 1.635267
vt 11.000000 1.600000
vt 11.000000 1.564733
vt 14.000000 1.564733
vt 14.000000 1.600000
vt 1.248541 11.000000
vt 1.218541 11.000000
vt 1.218541 14.000000
vt 1.248541 14.000000
vt 1.218541 11.000000
vt 1.181459 11.000000
vt 1.181459 14.000000
vt 1.218541 14.000000
vt 1.181459 11.000000
vt 1.151459 11.000000
vt 1.151459 14.000000
vt 1.181459 14.000000
vt 11.000000 1.564733
vt 11.000000 1.600000
vt 14.000000 1.600000
vt 14.000000 1.564733
vt 11.000000 1.600000
vt 11.000000 1.635267
vt 14.000000 1.635267
vt 14.000000 1.600000
vt 1.151459 11.000000
vt 1.181459 11.000000
vt 1.181459 14.000000
vt 1.151459 14.000000
vt 1.181459 11.000000
vt 1.218541 11.000000
vt 1.218541 14.000000
vt 1.181459 14.000000
vt 1.218541 11.000000
vt 1.248541 11.000000
vt 1.248541 14.000000
vt 1.218541 14.000000
vt 11.000000 1.635267
vt 11.000000 1.600000
vt 14.000000 1.600000
vt 14.000000 1.635267
vt 1.248541 3.335267
vt 1.218541 3.357063
vt 1.181459 3.357063
vt 1.151459 3.335267
vt 1.140000 3.300000
vt 1.151459 3.264733
vt 1.181459 3.242937
vt 1.218541 3.242937
vt 1.248541 3.264733
vt 1.260000 3.300000
vt 1.260000 3.300000
vt 1.248541 3.264733
vt 1.218541 3.242937
vt 1.181459 3.242937
vt 1.151459 3.264733
vt 1.140000 3.300000
vt 1.151459 3.335267
vt 1.181459 3.357063
vt 1.218541 3.357063
vt 1.248541 3.335267
vt 11.000000 3.300000
vt 11.000000 3.264733
vt 14.000000 3.264733
vt 14.000000 3.300000
vt 1.248541 11.000000
vt 1.218541 11.000000
vt 1.218541 14.000000
vt 1.248541 14.000000
vt 1.218541 11.000000
vt 1.181459 11.000000
vt 1.181459 14.000000
vt 1.218541 14.000000
vt 1.181459 11.000000
vt 1.151459 11.000000
vt 1.151459 14.000000
vt 1.181459 14.000000
vt 11.000000 3.264733
vt 11.000000 3.300000
vt 14.000000 3.300000
vt 14.000000 3.264733
vt 11.000000 3.300000
vt 11.000000 3.335267
vt 14.000000 3.335267
vt 14.000000 3.300000
vt 1.151459 11.000000
vt 1.181459 11.000000
vt 1.181459 14.000000
vt 1.151459 14.000000
vt 1.181459 11.000000
vt 1.218541 11.000000
vt 1.218541 14.000000
vt 1.181459 14.000000
vt 1.218541 11.000000
vt 1.248541 11.000000
vt 1.248541 14.000000
vt 1.218541 14.000000
vt 11.000000 3.335267
vt 11.000000 3.300000
vt 14.000000 3.300000
vt 14.000000 3.335267
vt 1.248541 5.035267
vt 1.218541 5.057063
vt 1.181459 5.057063
vt 1.151459 5.035267
vt 1.140000 5.000000
vt 1.151459 4.964733
vt 1.181459 4.942937
vt 1.218541 4.942937
vt 1.248541 4.964733
vt 1.260000 5.000000
vt 1.260000 5.000000
vt 1.248541 4.964733
vt 1.218541 4.942937
vt 1.181459 4.942937
vt 1.151459 4.964733
vt 1.140000 5.000000
vt 1.151459 5.035267
vt 1.181459 5.057063
vt 1.218541 5.057063
vt 1.248541 5.035267
vt 11.000000 5.000000
vt 11.000000 4.964733
vt 14.000000 4.964733
vt 14.000000 5.000000
vt 1.248541 11.000000
vt 1.218541 11.000000
vt 1.218541 14.000000
vt 1.248541 14.000000
vt 1.218541 11.000000
vt 1.181459 11.000000
vt 1.181459 14.000000
vt 1.218541 14.000000
vt 1.181459 11.000000
vt 1.151459 11.000000
vt 1.151459 14.000000
vt 1.181459 14.000000
vt 11.000000 4.964733
vt 11.000000 5.000000
vt 14.000000 5.000000
vt 14.000000 4.964733
vt 11.000000 5.000000
vt 11.000000 5.035267
vt 14.000000 5.035267
vt 14.000000 5.000000
vt 1.151459 11.000000
vt 1.181459 11.000000
vt 1.181459 14.000000
vt 1.151459 14.000000
vt 1.181459 11.000000
vt 1.218541 11.000000
vt 1.218541 14.000000
vt 1.181459 14.000000
vt 1.218541 11.000000
vt 1.248541 11.000000
vt 1.248541 14.000000
vt 1.218541 14.000000
vt 11.000000 5.035267
vt 11.000000 5.000000
vt 14.000000 5.000000
vt 14.000000 5.035267
vt 1.248541 6.735267
vt 1.218541 6.757063
vt 1.181459 6.757063
vt 1.151459 6.735267
vt 1.140000 6.700000
vt 1.151459 6.664733
vt 1.181459 6.642937
vt 1.218541 6.642937
vt 1.248541 6.664733
vt 1.260000 6.700000
vt 1.260000 6.700000
vt 1.248541 6.664733
vt 1.218541 6.642937
vt 1.181459 6.642937
vt 1.151459 6.664733
vt 1.140000 6.700000
vt 1.151459 6.735267
vt 1.181459 6.757063
vt 1.218541 6.757063
vt 1.248541 6.735267
vt 11.000000 6.700000
vt 11.000000 6.664733
vt 14.000000 6.664733
vt 14.000000 6.700000
vt 1.248541 11.000000
vt 1.218541 11.000000
vt 1.218541 14.000000
vt 1.248541 14.000000
vt 1.218541 11.000000
vt 1.181459 11.000000
vt 1.181459 14.000000
vt 1.218541 14.000000
vt 1.181459 11.000000
vt 1.151459 11.000000
vt 1.151459 14.000000
vt 1.181459 14.000000
vt 11.000000 6.664733
vt 11.000000 6.700000
vt 14.000000 6.700000
vt 14.000000 6.664733
vt 11.000000 6.700000
vt 11.000000 6.735267
vt 14.000000 6.735267
vt 14.000000 6.700000
vt 1.151459 11.000000
vt 1.181459 11.000000
vt 1.181459 14.000000
vt 1.151459 14.000000
vt 1.181459 11.000000
vt 1.218541 11.000000
vt 1.218541 14.000000
vt 1.181459 14.000000
vt 1.218541 11.000000
vt 1.248541 11.000000
vt 1.248541 14.000000
vt 1.218541 14.000000
vt 11.000000 6.735267
vt 11.000000 6.700000
vt 14.000000 6.700000
vt 14.000000 6.735267
vt 1.248541 8.435267
vt 1.218541 8.457063
vt 1.181459 8.457063
vt 1.151459 8.435267
vt 1.140000 8.400000
vt 1.151459 8.364733
vt 1.181459 8.342937
vt 1.218541 8.342937
vt 1.248541 8.364733
vt 1.260000 8.400000
vt 1.260000 8.400000
vt 1.248541 8.364733
vt 1.218541 8.342937
vt 1.181459 8.342937
vt 1.151459 8.364733
vt 1.140000 8.400000
vt 1.151459 8.435267
vt 1.181459 8.457063
vt 1.218541 8.457063
vt 1.248541 8.435267
vt 11.000000 8.400000
vt 11.000000 8.364733
vt 14.000000 8.364733
vt 14.000000 8.400000
vt 1.248541 11.000000
vt 1.218541 11.000000
vt 1.218541 14.000000
vt 1.248541 14.000000
vt 1.218541 11.000000
vt 1.181459 11.000000
vt 1.181459 14.000000
vt 1.218541 14.000000
vt 1.181459 11.000000
vt 1.151459 11.000000
vt 1.151459 14.000000
vt 1.181459 14.000000
vt 11.000000 8.364733
vt 11.000000 8.400000
vt 14.000000 8.400000
vt 14.000000 8.364733
vt 11.000000 8.400000
vt 11.000000 8.435267
vt 14.000000 8.435267
vt 14.000000 8.400000
vt 1.151459 11.000000
vt 1.181459 11.000000
vt 1.181459 14.000000
vt 1.151459 14.000000
vt 1.181459 11.000000
vt 1.218541 11.000000
vt 1.218541 14.000000
vt 1.181459 14.000000
vt 1.218541 11.000000
vt 1.248541 11.000000
vt 1.248541 14.000000
vt 1.218541 14.000000
vt 11.000000 8.435267
vt 11.000000 8.400000
vt 14.000000 8.400000
vt 14.000000 8.435267
vt 1.248541 10.135267
vt 1.218541 10.157063
vt 1.181459 10.157063
vt 1.151459 10.135267
vt 1.140000 10.100000
vt 1.151459 10.064733
vt 1.181459 10.042937
vt 1.218541 10.042937
vt 1.248541 10.064733
vt 1.260000 10.100000
vt 1.260000 10.100000
vt 1.248541 10.064733
vt 1.218541 10.042937
vt 1.181459 10.042937
vt 1.151459 10.064733
vt 1.140000 10.100000
vt 1.151459 10.135267
vt 1.181459 10.157063
vt 1.218541 10.157063
vt 1.248541 10.135267
vt 11.000000 10.100000
vt 11.000000 10.064733
vt 14.000000 10.064733
vt 14.000000 10.100000
vt 1.248541 11.000000
vt 1.218541 11.000000
vt 1.218541 14.000000
vt 1.248541 14.000000
vt 1.218541 11.000000
vt 1.181459 11.000000
vt 1.181459 14.000000
vt 1.218541 14.000000
vt 1.181459 11.000000
vt 1.151459 11.000000
vt 1.151459 14.000000
vt 1.181459 14.000000
vt 11.000000 10.064733
vt 11.000000 10.100000
vt 14.000000 10.100000
vt 14.000000 10.064733
vt 11.000000 10.100000
vt 11.000000 10.135267
vt 14.000000 10.135267
vt 14.000000 10.100000
vt 1.151459 11.000000
vt 1.181459 11.000000
vt 1.181459 14.000000
vt 1.151459 14.000000
vt 1.181459 11.000000
vt 1.218541 11.000000
vt 1.218541 14.000000
vt 1.181459 14.000000
vt 1.218541 11.000000
vt 1.248541 11.000000
vt 1.248541 14.000000
vt 1.218541 14.000000
vt 11.000000 10.135267
vt 11.000000 10.100000
vt 14.000000 10.100000
vt 14.000000 10.135267
vt 10.894828 0.976412
vt 10.959828 1.023637
vt 11.040172 1.023637
vt 11.105172 0.976412
vt 11.130000 0.900000
vt 11.105172 0.823588
vt 11.040172 0.776363
vt 10.959828 0.776363
vt 10.894828 0.823588
vt 10.870000 0.900000
vt 10.870000 0.900000
vt 10.894828 0.823588
vt 10.959828 0.776363
vt 11.040172 0.776363
vt 11.105172 0.823588
vt 11.130000 0.900000
vt 11.105172 0.976412
vt 11.040172 1.023637
vt 10.959828 1.023637
vt 10.894828 0.976412
vt 1.200000 0.900000
vt 1.200000 0.823588
vt 1.280000 0.823588
vt 1.280000 0.900000
vt 1.200000 10.894828
vt 1.200000 10.959828
vt 1.280000 10.959828
vt 1.280000 10.894828
vt 1.200000 10.959828
vt 1.200000 11.040172
vt 1.280000 11.040172
vt 1.280000 10.959828
vt 1.200000 11.040172
vt 1.200000 11.105172
vt 1.280000 11.105172
vt 1.280000 11.040172
vt 1.200000 0.823588
vt 1.200000 0.900000
vt 1.280000 0.900000
vt 1.280000 0.823588
vt 1.200000 0.900000
vt 1.200000 0.976412
vt 1.280000 0.976412
vt 1.280000 0.900000
vt 1.200000 11.105172
vt 1.200000 11.040172
vt 1.280000 11.040172
vt 1.280000 11.105172
vt 1.200000 11.040172
vt 1.200000 10.959828
vt 1.280000 10.959828
vt 1.280000 11.040172
vt 1.200000 10.959828
vt 1.200000 10.894828
vt 1.280000 10.894828
vt 1.280000 10.959828
vt 1.200000 0.976412
vt 1.200000 0.900000
vt 1.280000 0.900000
vt 1.280000 0.976412
vt 10.894828 11.176412
vt 10.959828 11.223637
vt 11.040172 11.223637
vt 11.105172 11.176412
vt 11.130000 11.100000
vt 11.105172 11.023588
vt 11.040172 10.976363
vt 10.959828 10.976363
vt 10.894828 11.023588
vt 10.870000 11.100000
vt 10.870000 11.100000
vt 10.894828 11.023588
vt 10.959828 10.976363
vt 11.040172 10.976363
vt 11.105172 11.023588
vt 11.130000 11.100000
vt 11.105172 11.176412
vt 11.040172 11.223637
vt 10.959828 11.223637
vt 10.894828 11.176412
vt 1.200000 11.100000
vt 1.200000 11.023588
vt 1.280000 11.023588
vt 1.280000 11.100000
vt 1.200000 10.894828
vt 1.200000 10.959828
vt 1.280000 10.959828
vt 1.280000 10.894828
vt 1.200000 10.959828
vt 1.200000 11.040172
vt 1.280000 11.040172
vt 1.280000 10.959828
vt 1.200000 11.040172
vt 1.200000 11.105172
vt 1.280000 11.105172
vt 1.280000 11.040172
vt 1.200000 11.023588
vt 1.200000 11.100000
vt 1.280000 11.100000
vt 1.280000 11.023588
vt 1.200000 11.100000
vt 1.200000 11.176412
vt 1.280000 11.176412
vt 1.280000 11.100000
vt 1.200000 11.105172
vt 1.200000 11.040172
vt 1.280000 11.040172
vt 1.280000 11.105172
vt 1.200000 11.040172
vt 1.200000 10.959828
vt 1.280000 10.959828
vt 1.280000 11.040172
vt 1.200000 10.959828
vt 1.200000 10.894828
vt 1.280000 10.894828
vt 1.280000 10.959828
vt 1.200000 11.176412
vt 1.200000 11.100000
vt 1.280000 11.100000
vt 1.280000 11.176412
vt 13.894828 0.976412
vt 13.959828 1.023637
vt 14.040172 1.023637
vt 14.105172 0.976412
vt 14.130000 0.900000
vt 14.105172 0.823588
vt 14.040172 0.776363
vt 13.959828 0.776363
vt 13.894828 0.823588
vt 13.870000 0.900000
vt 13.870000 0.900000
vt 13.894828 0.823588
vt 13.959828 0.776363
vt 14.040172 0.776363
vt 14.105172 0.823588
vt 14.130000 0.900000
vt 14.105172 0.976412
vt 14.040172 1.023637
vt 13.959828 1.023637
vt 13.894828 0.976412
vt 1.200000 0.900000
vt 1.200000 0.823588
vt 1.280000 0.823588
vt 1.280000 0.900000
vt 1.200000 13.894828
vt 1.200000 13.959828
vt 1.280000 13.959828
vt 1.280000 13.894828
vt 1.200000 13.959828
vt 1.200000 14.040172
vt 1.280000 14.040172
vt 1.280000 13.959828
vt 1.200000 14.040172
vt 1.200000 14.105172
vt 1.280000 14.105172
vt 1.280000 14.040172
vt 1.200000 0.823588
vt 1.200000 0.900000
vt 1.280000 0.900000
vt 1.280000 0.823588
vt 1.200000 0.900000
vt 1.200000 0.976412
vt 1.280000 0.976412
vt 1.280000 0.900000
vt 1.200000 14.105172
vt 1.200000 14.040172
vt 1.280000 14.040172
vt 1.280000 14.105172
vt 1.200000 14.040172
vt 1.200000 13.959828
vt 1.280000 13.959828
vt 1.280000 14.040172
vt 1.200000 13.959828
vt 1.200000 13.894828
vt 1.280000 13.894828
vt 1.280000 13.959828
vt 1.200000 0.976412
vt 1.200000 0.900000
vt 1.280000 0.900000
vt 1.280000 0.976412
vt 13.894828 11.176412
vt 13.959828 11.223637
vt 14.040172 11.223637
vt 14.105172 11.176412
vt 14.130000 11.100000
vt 14.105172 11.023588
vt 14.040172 10.976363
vt 13.959828 10.976363
vt 13.894828 11.023588
vt 13.870000 11.100000
vt 13.870000 11.100000
vt 13.894828 11.023588
vt 13.959828 10.976363
vt 14.040172 10.976363
vt 14.105172 11.023588
vt 14.130000 11.100000
vt 14.105172 11.176412
vt 14.040172 11.223637
vt 13.959828 11.223637
vt 13.894828 11.176412
vt 1.200000 11.100000
vt 1.200000 11.023588
vt 1.280000 11.023588
vt 1.280000 11.100000
vt 1.200000 13.894828
vt 1.200000 13.959828
vt 1.280000 13.959828
vt 1.280000 13.894828
vt 1.200000 13.959828
vt 1.200000 14.040172
vt 1.280000 14.040172
vt 1.280000 13.959828
vt 1.200000 14.040172
vt 1.200000 14.105172
vt 1.280000 14.105172
vt 1.280000 14.040172
vt 1.200000 11.023588
vt 1.200000 11.100000
vt 1.280000 11.100000
vt 1.280000 11.023588
vt 1.200000 11.100000
vt 1.200000 11.176412
vt 1.280000 11.176412
vt 1.280000 11.100000
vt 1.200000 14.105172
vt 1.200000 14.040172
vt 1.280000 14.040172
vt 1.280000 14.105172
vt 1.200000 14.040172
vt 1.200000 13.959828
vt 1.280000 13.959828
vt 1.280000 14.040172
vt 1.200000 13.959828
vt 1.200000 13.894828
vt 1.280000 13.894828
vt 1.280000 13.959828
vt 1.200000 11.176412
vt 1.200000 11.100000
vt 1.280000 11.100000
vt 1.280000 11.176412
vt -0.020000 -14.300000
vt 0.000000 -14.300000
vt 0.000000 -11.900000
vt -0.020000 -11.900000
vt -0.020000 -14.300000
vt -0.020000 -11.900000
vt 0.000000 -11.900000
vt 0.000000 -14.300000
vt -0.020000 0.000000
vt -0.020000 1.250000
vt 0.000000 1.250000
vt 0.000000 0.000000
vt -0.020000 0.000000
vt 0.000000 0.000000
vt 0.000000 1.250000
vt -0.020000 1.250000
vt -14.300000 0.000000
vt -11.900000 0.000000
vt -11.900000 1.250000
vt -14.300000 1.250000
vt -14.300000 0.000000
vt -14.300000 1.250000
vt -11.900000 1.250000
vt -11.900000 0.000000
vt -0.020000 11.800000
vt 0.000000 11.800000
vt 0.000000 14.250000
vt -0.020000 14.250000
vt -0.020000 11.800000
vt -0.020000 14.250000
vt 0.000000 14.250000
vt 0.000000 11.800000
vt -0.020000 0.000000
vt -0.020000 1.650000
vt 0.000000 1.650000
vt 0.000000 0.000000
vt -0.020000 0.000000
vt 0.000000 0.000000
vt 0.000000 1.650000
vt -0.020000 1.650000
vt 11.800000 0.000000
vt 14.250000 0.000000
vt 14.250000 1.650000
vt 11.800000 1.650000
vt 11.800000 0.000000
vt 11.800000 1.650000
vt 14.250000 1.650000
vt 14.250000 0.000000
vt -4.330000 -2.500000
vt -4.300000 -2.500000
vt -4.300000 2.100000
vt -4.330000 2.100000
vt -4.330000 -2.500000
vt -4.330000 2.100000
vt -4.300000 2.100000
vt -4.300000 -2.500000
vt -4.330000 0.000000
vt -4.330000 0.700000
vt -4.300000 0.700000
vt -4.300000 0.000000
vt -4.330000 0.000000
vt -4.300000 0.000000
vt -4.300000 0.700000
vt -4.330000 0.700000
vt -2.500000 0.000000
vt 2.100000 0.000000
vt 2.100000 0.700000
vt -2.500000 0.700000
vt -2.500000 0.000000
vt -2.500000 0.700000
vt 2.100000 0.700000
vt 2.100000 0.000000
vt -13.856631 0.941145
vt -13.821631 0.966574
vt -13.778369 0.966574
vt -13.743369 0.941145
vt -13.730000 0.900000
vt -13.743369 0.858855
vt -13.778369 0.833426
vt -13.821631 0.833426
vt -13.856631 0.858855
vt -13.870000 0.900000
vt -13.870000 0.900000
vt -13.856631 0.858855
vt -13.821631 0.833426
vt -13.778369 0.833426
vt -13.743369 0.858855
vt -13.730000 0.900000
vt -13.743369 0.941145
vt -13.778369 0.966574
vt -13.821631 0.966574
vt -13.856631 0.941145
vt 1.200000 0.900000
vt 1.200000 0.858855
vt 1.280000 0.858855
vt 1.280000 0.900000
vt 1.200000 -13.856631
vt 1.200000 -13.821631
vt 1.280000 -13.821631
vt 1.280000 -13.856631
vt 1.200000 -13.821631
vt 1.200000 -13.778369
vt 1.280000 -13.778369
vt 1.280000 -13.821631
vt 1.200000 -13.778369
vt 1.200000 -13.743369
vt 1.280000 -13.743369
vt 1.280000 -13.778369
vt 1.200000 0.858855
vt 1.200000 0.900000
vt 1.280000 0.900000
vt 1.280000 0.858855
vt 1.200000 0.900000
vt 1.200000 0.941145
vt 1.280000 0.941145
vt 1.280000 0.900000
vt 1.200000 -13.743369
vt 1.200000 -13.778369
vt 1.280000 -13.778369
vt 1.280000 -13.743369
vt 1.200000 -13.778369
vt 1.200000 -13.821631
vt 1.280000 -13.821631
vt 1.280000 -13.778369
vt 1.200000 -13.821631
vt 1.200000 -13.856631
vt 1.280000 -13.856631
vt 1.280000 -13.821631
vt 1.200000 0.941145
vt 1.200000 0.900000
vt 1.280000 0.900000
vt 1.280000 0.941145
vt -13.856631 5.941145
vt -13.821631 5.966574
vt -13.778369 5.966574
vt -13.743369 5.941145
vt -13.730000 5.900000
vt -13.743369 5.858855
vt -13.778369 5.833426
vt -13.821631 5.833426
vt -13.856631 5.858855
vt -13.870000 5.900000
vt -13.870000 5.900000
vt -13.856631 5.858855
vt -13.821631 5.833426
vt -13.778369 5.833426
vt -13.743369 5.858855
vt -13.730000 5.900000
vt -13.743369 5.941145
vt -13.778369 5.966574
vt -13.821631 5.966574
vt -13.856631 5.941145
vt 1.200000 5.900000
vt 1.200000 5.858855
vt 1.280000 5.858855
vt 1.280000 5.900000
vt 1.200000 -13.856631
vt 1.200000 -13.821631
vt 1.280000 -13.821631
vt 1.280000 -13.856631
vt 1.200000 -13.821631
vt 1.200000 -13.778369
vt 1.280000 -13.778369
vt 1.280000 -13.821631
vt 1.200000 -13.778369
vt 1.200000 -13.743369
vt 1.280000 -13.743369
vt 1.280000 -13.778369
vt 1.200000 5.858855
vt 1.200000 5.900000
vt 1.280000 5.900000
vt 1.280000 5.858855
vt 1.200000 5.900000
vt 1.200000 5.941145
vt 1.280000 5.941145
vt 1.280000 5.900000
vt 1.200000 -13.743369
vt 1.200000 -13.778369
vt 1.280000 -13.778369
vt 1.280000 -13.743369
vt 1.200000 -13.778369
vt 1.200000 -13.821631
vt 1.280000 -13.821631
vt 1.280000 -13.778369
vt 1.200000 -13.821631
vt 1.200000 -13.856631
vt 1.280000 -13.856631
vt 1.280000 -13.821631
vt 1.200000 5.941145
vt 1.200000 5.900000
vt 1.280000 5.900000
vt 1.280000 5.941145
vt -13.856631 10.941145
vt -13.821631 10.966574
vt -13.778369 10.966574
vt -13.743369 10.941145
vt -13.730000 10.900000
vt -13.743369 10.858855
vt -13.778369 10.833426
vt -13.821631 10.833426
vt -13.856631 10.858855
vt -13.870000 10.900000
vt -13.870000 10.900000
vt -13.856631 10.858855
vt -13.821631 10.833426
vt -13.778369 10.833426
vt -13.743369 10.858855
vt -13.730000 10.900000
vt -13.743369 10.941145
vt -13.778369 10.966574
vt -13.821631 10.966574
vt -13.856631 10.941145
vt 1.200000 10.900000
vt 1.200000 10.858855
vt 1.280000 10.858855
vt 1.280000 10.900000
vt 1.200000 -13.856631
vt 1.200000 -13.821631
vt 1.280000 -13.821631
vt 1.280000 -13.856631
vt 1.200000 -13.821631
vt 1.200000 -13.778369
vt 1.280000 -13.778369
vt 1.280000 -13.821631
vt 1.200000 -13.778369
vt 1.200000 -13.743369
vt 1.280000 -13.743369
vt 1.280000 -13.778369
vt 1.200000 10.858855
vt 1.200000 10.900000
vt 1.280000 10.900000
vt 1.280000 10.858855
vt 1.200000 10.900000
vt 1.200000 10.941145
vt 1.280000 10.941145
vt 1.280000 10.900000
vt 1.200000 -13.743369
vt 1.200000 -13.778369
vt 1.280000 -13.778369
vt 1.280000 -13.743369
vt 1.200000 -13.778369
vt 1.200000 -13.821631
vt 1.280000 -13.821631
vt 1.280000 -13.778369
vt 1.200000 -13.821631
vt 1.200000 -13.856631
vt 1.280000 -13.856631
vt 1.280000 -13.821631
vt 1.200000 10.941145
vt 1.200000 10.900000
vt 1.280000 10.900000
vt 1.280000 10.941145
vt -12.856631 0.941145
vt -12.821631 0.966574
vt -12.778369 0.966574
vt -12.743369 0.941145
vt -12.730000 0.900000
vt -12.743369 0.858855
vt -12.778369 0.833426
vt -12.821631 0.833426
vt -12.856631 0.858855
vt -12.870000 0.900000
vt -12.870000 0.900000
vt -12.856631 0.858855
vt -12.821631 0.833426
vt -12.778369 0.833426
vt -12.743369 0.858855
vt -12.730000 0.900000
vt -12.743369 0.941145
vt -12.778369 0.966574
vt -12.821631 0.966574
vt -12.856631 0.941145
vt 1.200000 0.900000
vt 1.200000 0.858855
vt 1.280000 0.858855
vt 1.280000 0.900000
vt 1.200000 -12.856631
vt 1.200000 -12.821631
vt 1.280000 -12.821631
vt 1.280000 -12.856631
vt 1.200000 -12.821631
vt 1.200000 -12.778369
vt 1.280000 -12.778369
vt 1.280000 -12.821631
vt 1.200000 -12.778369
vt 1.200000 -12.743369
vt 1.280000 -12.743369
vt 1.280000 -12.778369
vt 1.200000 0.858855
vt 1.200000 0.900000
vt 1.280000 0.900000
vt 1.280000 0.858855
vt 1.200000 0.900000
vt 1.200000 0.941145
vt 1.280000 0.941145
vt 1.280000 0.900000
vt 1.200000 -12.743369
vt 1.200000 -12.778369
vt 1.280000 -12.778369
vt 1.280000 -12.743369
vt 1.200000 -12.778369
vt 1.200000 -12.821631
vt 1.280000 -12.821631
vt 1.280000 -12.778369
vt 1.200000 -12.821631
vt 1.200000 -12.856631
vt 1.280000 -12.856631
vt 1.280000 -12.821631
vt 1.200000 0.941145
vt 1.200000 0.900000
vt 1.280000 0.900000
vt 1.280000 0.941145
vt -12.856631 5.941145
vt -12.821631 5.966574
vt -12.778369 5.966574
vt -12.743369 5.941145
vt -12.730000 5.900000
vt -12.743369 5.858855
vt -12.778369 5.833426
vt -12.821631 5.833426
vt -12.856631 5.858855
vt -12.870000 5.900000
vt -12.870000 5.900000
vt -12.856631 5.858855
vt -12.821631 5.833426
vt -12.778369 5.833426
vt -12.743369 5.858855
vt -12.730000 5.900000
vt -12.743369 5.941145
vt -12.778369 5.966574
vt -12.821631 5.966574
vt -12.856631 5.941145
vt 1.200000 5.900000
vt 1.200000 5.858855
vt 1.280000 5.858855
vt 1.280000 5.900000
vt 1.200000 -12.856631
vt 1.200000 -12.821631
vt 1.280000 -12.821631
vt 1.280000 -12.856631
vt 1.200000 -12.821631
vt 1.200000 -12.778369
vt 1.280000 -12.778369
vt 1.280000 -12.821631
vt 1.200000 -12.778369
vt 1.200000 -12.743369
vt 1.280000 -12.743369
vt 1.280000 -12.778369
vt 1.200000 5.858855
vt 1.200000 5.900000
vt 1.280000 5.900000
vt 1.280000 5.858855
vt 1.200000 5.900000
vt 1.200000 5.941145
vt 1.280000 5.941145
vt 1.280000 5.900000
vt 1.200000 -12.743369
vt 1.200000 -12.778369
vt 1.280000 -12.778369
vt 1.280000 -12.743369
vt 1.200000 -12.778369
vt 1.200000 -12.821631
vt 1.280000 -12.821631
vt 1.280000 -12.778369
vt 1.200000 -12.821631
vt 1.200000 -12.856631
vt 1.280000 -12.856631
vt 1.280000 -12.821631
vt 1.200000 5.941145
vt 1.200000 5.900000
vt 1.280000 5.900000
vt 1.280000 5.941145
vt -12.856631 10.941145
vt -12.821631 10.966574
vt -12.778369 10.966574
vt -12.743369 10.941145
vt -12.730000 10.900000
vt -12.743369 10.858855
vt -12.778369 10.833426
vt -12.821631 10.833426
vt -12.856631 10.858855
vt -12.870000 10.900000
vt -12.870000 10.900000
vt -12.856631 10.858855
vt -12.821631 10.833426
vt -12.778369 10.833426
vt -12.743369 10.858855
vt -12.730000 10.900000
vt -12.743369 10.941145
vt -12.778369 10.966574
vt -12.821631 10.966574
vt -12.856631 10.941145
vt 1.200000 10.900000
vt 1.200000 10.858855
vt 1.280000 10.858855
vt 1.280000 10.900000
vt 1.200000 -12.856631
vt 1.200000 -12.821631
vt 1.280000 -12.821631
vt 1.280000 -12.856631
vt 1.200000 -12.821631
vt 1.200000 -12.778369
vt 1.280000 -12.778369
vt 1.280000 -12.821631
vt 1.200000 -12.778369
vt 1.200000 -12.743369
vt 1.280000 -12.743369
vt 1.280000 -12.778369
vt 1.200000 10.858855
vt 1.200000 10.900000
vt 1.280000 10.900000
vt 1.280000 10.858855
vt 1.200000 10.900000
vt 1.200000 10.941145
vt 1.280000 10.941145
vt 1.280000 10.900000
vt 1.200000 -12.743369
vt 1.200000 -12.778369
vt 1.280000 -12.778369
vt 1.280000 -12.743369
vt 1.200000 -12.778369
vt 1.200000 -12.821631
vt 1.280000 -12.821631
vt 1.280000 -12.778369
vt 1.200000 -12.821631
vt 1.200000 -12.856631
vt 1.280000 -12.856631
vt 1.280000 -12.821631
vt 1.200000 10.941145
vt 1.200000 10.900000
vt 1.280000 10.900000
vt 1.280000 10.941145
vt -11.656631 0.941145
vt -11.621631 0.966574
vt -11.578369 0.966574
vt -11.543369 0.941145
vt -11.530000 0.900000
vt -11.543369 0.858855
vt -11.578369 0.833426
vt -11.621631 0.833426
vt -11.656631 0.858855
vt -11.670000 0.900000
vt -11.670000 0.900000
vt -11.656631 0.858855
vt -11.621631 0.833426
vt -11.578369 0.833426
vt -11.543369 0.858855
vt -11.530000 0.900000
vt -11.543369 0.941145
vt -11.578369 0.966574
vt -11.621631 0.966574
vt -11.656631 0.941145
vt 1.200000 0.900000
vt 1.200000 0.858855
vt 1.280000 0.858855
vt 1.280000 0.900000
vt 1.200000 -11.656631
vt 1.200000 -11.621631
vt 1.280000 -11.621631
vt 1.280000 -11.656631
vt 1.200000 -11.621631
vt 1.200000 -11.578369
vt 1.280000 -11.578369
vt 1.280000 -11.621631
vt 1.200000 -11.578369
vt 1.200000 -11.543369
vt 1.280000 -11.543369
vt 1.280000 -11.578369
vt 1.200000 0.858855
vt 1.200000 0.900000
vt 1.280000 0.900000
vt 1.280000 0.858855
vt 1.200000 0.900000
vt 1.200000 0.941145
vt 1.280000 0.941145
vt 1.280000 0.900000
vt 1.200000 -11.543369
vt 1.200000 -11.578369
vt 1.280000 -11.578369
vt 1.280000 -11.543369
vt 1.200000 -11.578369
vt 1.200000 -11.621631
vt 1.280000 -11.621631
vt 1.280000 -11.578369
vt 1.200000 -11.621631
vt 1.200000 -11.656631
vt 1.280000 -11.656631
vt 1.280000 -11.621631
vt 1.200000 0.941145
vt 1.200000 0.900000
vt 1.280000 0.900000
vt 1.280000 0.941145
vt -11.656631 5.941145
vt -11.621631 5.966574
vt -11.578369 5.966574
vt -11.543369 5.941145
vt -11.530000 5.900000
vt -11.543369 5.858855
vt -11.578369 5.833426
vt -11.621631 5.833426
vt -11.656631 5.858855
vt -11.670000 5.900000
vt -11.670000 5.900000
vt -11.656631 5.858855
vt -11.621631 5.833426
vt -11.578369 5.833426
vt -11.543369 5.858855
vt -11.530000 5.900000
vt -11.543369 5.941145
vt -11.578369 5.966574
vt -11.621631 5.966574
vt -11.656631 5.941145
vt 1.200000 5.900000
vt 1.200000 5.858855
vt 1.280000 5.858855
vt 1.280000 5.900000
vt 1.200000 -11.656631
vt 1.200000 -11.621631
vt 1.280000 -11.621631
vt 1.280000 -11.656631
vt 1.200000 -11.621631
vt 1.200000 -11.578369
vt 1.280000 -11.578369
vt 1.280000 -11.621631
vt 1.200000 -11.578369
vt 1.200000 -11.543369
vt 1.280000 -11.543369
vt 1.280000 -11.578369
vt 1.200000 5.858855
vt 1.200000 5.900000
vt 1.280000 5.900000
vt 1.280000 5.858855
vt 1.200000 5.900000
vt 1.200000 5.941145
vt 1.280000 5.941145
vt 1.280000 5.900000
vt 1.200000 -11.543369
vt 1.200000 -11.578369
vt 1.280000 -11.578369
vt 1.280000 -11.543369
vt 1.200000 -11.578369
vt 1.200000 -11.621631
vt 1.280000 -11.621631
vt 1.280000 -11.578369
vt 1.200000 -11.621631
vt 1.200000 -11.656631
vt 1.280000 -11.656631
vt 1.280000 -11.621631
vt 1.200000 5.941145
vt 1.200000 5.900000
vt 1.280000 5.900000
vt 1.280000 5.941145
vt -11.656631 10.941145
vt -11.621631 10.966574
vt -11.578369 10.966574
vt -11.543369 10.941145
vt -11.530000 10.900000
vt -11.543369 10.858855
vt -11.578369 10.833426
vt -11.621631 10.833426
vt -11.656631 10.858855
vt -11.670000 10.900000
vt -11.670000 10.900000
vt -11.656631 10.858855
vt -11.621631 10.833426
vt -11.578369 10.833426
vt -11.543369 10.858855
vt -11.530000 10.900000
vt -11.543369 10.941145
vt -11.578369 10.966574
vt -11.621631 10.966574
vt -11.656631 10.941145
vt 1.200000 10.900000
vt 1.200000 10.858855
vt 1.280000 10.858855
vt 1.280000 10.900000
vt 1.200000 -11.656631
vt 1.200000 -11.621631
vt 1.280000 -11.621631
vt 1.280000 -11.656631
vt 1.200000 -11.621631
vt 1.200000 -11.578369
vt 1.280000 -11.578369
vt 1.280000 -11.621631
vt 1.200000 -11.578369
vt 1.200000 -11.543369
vt 1.280000 -11.543369
vt 1.280000 -11.578369
vt 1.200000 10.858855
vt 1.200000 10.900000
vt 1.280000 10.900000
vt 1.280000 10.858855
vt 1.200000 10.900000
vt 1.200000 10.941145
vt 1.280000 10.941145
vt 1.280000 10.900000
vt 1.200000 -11.543369
vt 1.200000 -11.578369
vt 1.280000 -11.578369
vt 1.280000 -11.543369
vt 1.200000 -11.578369
vt 1.200000 -11.621631
vt 1.280000 -11.621631
vt 1.280000 -11.578369
vt 1.200000 -11.621631
vt 1.200000 -11.656631
vt 1.280000 -11.656631
vt 1.280000 -11.621631
vt 1.200000 10.941145
vt 1.200000 10.900000
vt 1.280000 10.900000
vt 1.280000 10.941145
vt 11.543369 0.941145
vt 11.578369 0.966574
vt 11.621631 0.966574
vt 11.656631 0.941145
vt 11.670000 0.900000
vt 11.656631 0.858855
vt 11.621631 0.833426
vt 11.578369 0.833426
vt 11.543369 0.858855
vt 11.530000 0.900000
vt 11.530000 0.900000
vt 11.543369 0.858855
vt 11.578369 0.833426
vt 11.621631 0.833426
vt 11.656631 0.858855
vt 11.670000 0.900000
vt 11.656631 0.941145
vt 11.621631 0.966574
vt 11.578369 0.966574
vt 11.543369 0.941145
vt 1.200000 0.900000
vt 1.200000 0.858855
vt 1.280000 0.858855
vt 1.280000 0.900000
vt 1.200000 11.543369
vt 1.200000 11.578369
vt 1.280000 11.578369
vt 1.280000 11.543369
vt 1.200000 11.578369
vt 1.200000 11.621631
vt 1.280000 11.621631
vt 1.280000 11.578369
vt 1.200000 11.621631
vt 1.200000 11.656631
vt 1.280000 11.656631
vt 1.280000 11.621631
vt 1.200000 0.858855
vt 1.200000 0.900000
vt 1.280000 0.900000
vt 1.280000 0.858855
vt 1.200000 0.900000
vt 1.200000 0.941145
vt 1.280000 0.941145
vt 1.280000 0.900000
vt 1.200000 11.656631
vt 1.200000 11.621631
vt 1.280000 11.621631
vt 1.280000 11.656631
vt 1.200000 11.621631
vt 1.200000 11.578369
vt 1.280000 11.578369
vt 1.280000 11.621631
vt 1.200000 11.578369
vt 1.200000 11.543369
vt 1.280000 11.543369
vt 1.280000 11.578369
vt 1.200000 0.941145
vt 1.200000 0.900000
vt 1.280000 0.900000
vt 1.280000 0.941145
vt 11.543369 5.941145
vt 11.578369 5.966574
vt 11.621631 5.966574
vt 11.656631 5.941145
vt 11.670000 5.900000
vt 11.656631 5.858855
vt 11.621631 5.833426
vt 11.578369 5.833426
vt 11.543369 5.858855
vt 11.530000 5.900000
vt 11.530000 5.900000
vt 11.543369 5.858855
vt 11.578369 5.833426
vt 11.621631 5.833426
vt 11.656631 5.858855
vt 11.670000 5.900000
vt 11.656631 5.941145
vt 11.621631 5.966574
vt 11.578369 5.966574
vt 11.543369 5.941145
vt 1.200000 5.900000
vt 1.200000 5.858855
vt 1.280000 5.858855
vt 1.280000 5.900000
vt 1.200000 11.543369
vt 1.200000 11.578369
vt 1.280000 11.578369
vt 1.280000 11.543369
vt 1.200000 11.578369
vt 1.200000 11.621631
vt 1.280000 11.621631
vt 1.280000 11.578369
vt 1.200000 11.621631
vt 1.200000 11.656631
vt 1.280000 11.656631
vt 1.280000 11.621631
vt 1.200000 5.858855
vt 1.200000 5.900000
vt 1.280000 5.900000
vt 1.280000 5.858855
vt 1.200000 5.900000
vt 1.200000 5.941145
vt 1.280000 5.941145
vt 1.280000 5.900000
vt 1.200000 11.656631
vt 1.200000 11.621631
vt 1.280000 11.621631
vt 1.280000 11.656631
vt 1.200000 11.621631
vt 1.200000 11.578369
vt 1.280000 11.578369
vt 1.280000 11.621631
vt 1.200000 11.578369
vt 1.200000 11.543369
vt 1.280000 11.543369
vt 1.280000 11.578369
vt 1.200000 5.941145
vt 1.200000 5.900000
vt 1.280000 5.900000
vt 1.280000 5.941145
vt 11.543369 10.941145
vt 11.578369 10.966574
vt 11.621631 10.966574
vt 11.656631 10.941145
vt 11.670000 10.900000
vt 11.656631 10.858855
vt 11.621631 10.833426
vt 11.578369 10.833426
vt 11.543369 10.858855
vt 11.530000 10.900000
vt 11.530000 10.900000
vt 11.543369 10.858855
vt 11.578369 10.833426
vt 11.621631 10.833426
vt 11.656631 10.858855
vt 11.670000 10.900000
vt 11.656631 10.941145
vt 11.621631 10.966574
vt 11.578369 10.966574
vt 11.543369 10.941145
vt 1.200000 10.900000
vt 1.200000 10.858855
vt 1.280000 10.858855
vt 1.280000 10.900000
vt 1.200000 11.543369
vt 1.200000 11.578369
vt 1.280000 11.578369
vt 1.280000 11.543369
vt 1.200000 11.578369
vt 1.200000 11.621631
vt 1.280000 11.621631
vt 1.280000 11.578369
vt 1.200000 11.621631
vt 1.200000 11.656631
vt 1.280000 11.656631
vt 1.280000 11.621631
vt 1.200000 10.858855
vt 1.200000 10.900000
vt 1.280000 10.900000
vt 1.280000 10.858855
vt 1.200000 10.900000
vt 1.200000 10.941145
vt 1.280000 10.941145
vt 1.280000 10.900000
vt 1.200000 11.656631
vt 1.200000 11.621631
vt 1.280000 11.621631
vt 1.280000 11.656631
vt 1.200000 11.621631
vt 1.200000 11.578369
vt 1.280000 11.578369
vt 1.280000 11.621631
vt 1.200000 11.578369
vt 1.200000 11.543369
vt 1.280000 11.543369
vt 1.280000 11.578369
vt 1.200000 10.941145
vt 1.200000 10.900000
vt 1.280000 10.900000
vt 1.280000 10.941145
vt 12.743369 0.941145
vt 12.778369 0.966574
vt 12.821631 0.966574
vt 12.856631 0.941145
vt 12.870000 0.900000
vt 12.856631 0.858855
vt 12.821631 0.833426
vt 12.778369 0.833426
vt 12.743369 0.858855
vt 12.730000 0.900000
vt 12.730000 0.900000
vt 12.743369 0.858855
vt 12.778369 0.833426
vt 12.821631 0.833426
vt 12.856631 0.858855
vt 12.870000 0.900000
vt 12.856631 0.941145
vt 12.821631 0.966574
vt 12.778369 0.966574
vt 12.743369 0.941145
vt 1.200000 0.900000
vt 1.200000 0.858855
vt 1.280000 0.858855
vt 1.280000 0.900000
vt 1.200000 12.743369
vt 1.200000 12.778369
vt 1.280000 12.778369
vt 1.280000 12.743369
vt 1.200000 12.778369
vt 1.200000 12.821631
vt 1.280000 12.821631
vt 1.280000 12.778369
vt 1.200000 12.821631
vt 1.200000 12.856631
vt 1.280000 12.856631
vt 1.280000 12.821631
vt 1.200000 0.858855
vt 1.200000 0.900000
vt 1.280000 0.900000
vt 1.280000 0.858855
vt 1.200000 0.900000
vt 1.200000 0.941145
vt 1.280000 0.941145
vt 1.280000 0.900000
vt 1.200000 12.856631
vt 1.200000 12.821631
vt 1.280000 12.821631
vt 1.280000 12.856631
vt 1.200000 12.821631
vt 1.200000 12.778369
vt 1.280000 12.778369
vt 1.280000 12.821631
vt 1.200000 12.778369
vt 1.200000 12.743369
vt 1.280000 12.743369
vt 1.280000 12.778369
vt 1.200000 0.941145
vt 1.200000 0.900000
vt 1.280000 0.900000
vt 1.280000 0.941145
vt 12.743369 5.941145
vt 12.778369 5.966574
vt 12.821631 5.966574
vt 12.856631 5.941145
vt 12.870000 5.900000
vt 12.856631 5.858855
vt 12.821631 5.833426
vt 12.778369 5.833426
vt 12.743369 5.858855
vt 12.730000 5.900000
vt 12.730000 5.900000
vt 12.743369 5.858855
vt 12.778369 5.833426
vt 12.821631 5.833426
vt 12.856631 5.858855
vt 12.870000 5.900000
vt 12.856631 5.941145
vt 12.821631 5.966574
vt 12.778369 5.966574
vt 12.743369 5.941145
vt 1.200000 5.900000
vt 1.200000 5.858855
vt 1.280000 5.858855
vt 1.280000 5.900000
vt 1.200000 12.743369
vt 1.200000 12.778369
vt 1.280000 12.778369
vt 1.280000 12.743369
vt 1.200000 12.778369
vt 1.200000 12.821631
vt 1.280000 12.821631
vt 1.280000 12.778369
vt 1.200000 12.821631
vt 1.200000 12.856631
vt 1.280000 12.856631
vt 1.280000 12.821631
vt 1.200000 5.858855
vt 1.200000 5.900000
vt 1.280000 5.900000
vt 1.280000 5.858855
vt 1.200000 5.900000
vt 1.200000 5.941145
vt 1.280000 5.941145
vt 1.280000 5.900000
vt 1.200000 12.856631
vt 1.200000 12.821631
vt 1.280000 12.821631
vt 1.280000 12.856631
vt 1.200000 12.821631
vt 1.200000 12.778369
vt 1.280000 12.778369
vt 1.280000 12.821631
vt 1.200000 12.778369
vt 1.200000 12.743369
vt 1.280000 12.743369
vt 1.280000 12.778369
vt 1.200000 5.941145
vt 1.200000 5.900000
vt 1.280000 5.900000
vt 1.280000 5.941145
vt 12.743369 10.941145
vt 12.778369 10.966574
vt 12.821631 10.966574
vt 12.856631 10.941145
vt 12.870000 10.900000
vt 12.856631 10.858855
vt 12.821631 10.833426
vt 12.778369 10.833426
vt 12.743369 10.858855
vt 12.730000 10.900000
vt 12.730000 10.900000
vt 12.743369 10.858855
vt 12.778369 10.833426
vt 12.821631 10.833426
vt 12.856631 10.858855
vt 12.870000 10.900000
vt 12.856631 10.941145
vt 12.821631 10.966574
vt 12.778369 10.966574
vt 12.743369 10.941145
vt 1.200000 10.900000
vt 1.200000 10.858855
vt 1.280000 10.858855
vt 1.280000 10.900000
vt 1.200000 12.743369
vt 1.200000 12.778369
vt 1.280000 12.778369
vt 1.280000 12.743369
vt 1.200000 12.778369
vt 1.200000 12.821631
vt 1.280000 12.821631
vt 1.280000 12.778369
vt 1.200000 12.821631
vt 1.200000 12.856631
vt 1.280000 12.856631
vt 1.280000 12.821631
vt 1.200000 10.858855
vt 1.200000 10.900000
vt 1.280000 10.900000
vt 1.280000 10.858855
vt 1.200000 10.900000
vt 1.200000 10.941145
vt 1.280000 10.941145
vt 1.280000 10.900000
vt 1.200000 12.856631
vt 1.200000 12.821631
vt 1.280000 12.821631
vt 1.280000 12.856631
vt 1.200000 12.821631
vt 1.200000 12.778369
vt 1.280000 12.778369
vt 1.280000 12.821631
vt 1.200000 12.778369
vt 1.200000 12.743369
vt 1.280000 12.743369
vt 1.280000 12.778369
vt 1.200000 10.941145
vt 1.200000 10.900000
vt 1.280000 10.900000
vt 1.280000 10.941145
vt 13.743369 0.941145
vt 13.778369 0.966574
vt 13.821631 0.966574
vt 13.856631 0.941145
vt 13.870000 0.900000
vt 13.856631 0.858855
vt 13.821631 0.833426
vt 13.778369 0.833426
vt 13.743369 0.858855
vt 13.730000 0.900000
vt 13.730000 0.900000
vt 13.743369 0.858855
vt 13.778369 0.833426
vt 13.821631 0.833426
vt 13.856631 0.858855
vt 13.870000 0.900000
vt 13.856631 0.941145
vt 13.821631 0.966574
vt 13.778369 0.966574
vt 13.743369 0.941145
vt 1.200000 0.900000
vt 1.200000 0.858855
vt 1.280000 0.858855
vt 1.280000 0.900000
vt 1.200000 13.743369
vt 1.200000 13.778369
vt 1.280000 13.778369
vt 1.280000 13.743369
vt 1.200000 13.778369
vt 1.200000 13.821631
vt 1.280000 13.821631
vt 1.280000 13.778369
vt 1.200000 13.821631
vt 1.200000 13.856631
vt 1.280000 13.856631
vt 1.280000 13.821631
vt 1.200000 0.858855
vt 1.200000 0.900000
vt 1.280000 0.900000
vt 1.280000 0.858855
vt 1.200000 0.900000
vt 1.200000 0.941145
vt 1.280000 0.941145
vt 1.280000 0.900000
vt 1.200000 13.856631
vt 1.200000 13.821631
vt 1.280000 13.821631
vt 1.280000 13.856631
vt 1.200000 13.821631
vt 1.200000 13.778369
vt 1.280000 13.778369
vt 1.280000 13.821631
vt 1.200000 13.778369
vt 1.200000 13.743369
vt 1.280000 13.743369
vt 1.280000 13.778369
vt 1.200000 0.941145
vt 1.200000 0.900000
vt 1.280000 0.900000
vt 1.280000 0.941145
vt 13.743369 5.941145
vt 13.778369 5.966574
vt 13.821631 5.966574
vt 13.856631 5.941145
vt 13.870000 5.900000
vt 13.856631 5.858855
vt 13.821631 5.833426
vt 13.778369 5.833426
vt 13.743369 5.858855
vt 13.730000 5.900000
vt 13.730000 5.900000
vt 13.743369 5.858855
vt 13.778369 5.833426
vt 13.821631 5.833426
vt 13.856631 5.858855
vt 13.870000 5.900000
vt 13.856631 5.941145
vt 13.821631 5.966574
vt 13.778369 5.966574
vt 13.743369 5.941145
vt 1.200000 5.900000
vt 1.200000 5.858855
vt 1.280000 5.858855
vt 1.280000 5.900000
vt 1.200000 13.743369
vt 1.200000 13.778369
vt 1.280000 13.778369
vt 1.280000 13.743369
vt 1.200000 13.778369
vt 1.200000 13.821631
vt 1.280000 13.821631
vt 1.280000 13.778369
vt 1.200000 13.821631
vt 1.200000 13.856631
vt 1.280000 13.856631
vt 1.280000 13.821631
vt 1.200000 5.858855
vt 1.200000 5.900000
vt 1.280000 5.900000
vt 1.280000 5.858855
vt 1.200000 5.900000
vt 1.200000 5.941145
vt 1.280000 5.941145
vt 1.280000 5.900000
vt 1.200000 13.856631
vt 1.200000 13.821631
vt 1.280000 13.821631
vt 1.280000 13.856631
vt 1.200000 13.821631
vt 1.200000 13.778369
vt 1.280000 13.778369
vt 1.280000 13.821631
vt 1.200000 13.778369
vt 1.200000 13.743369
vt 1.280000 13.743369
vt 1.280000 13.778369
vt 1.200000 5.941145
vt 1.200000 5.900000
vt 1.280000 5.900000
vt 1.280000 5.941145
vt 13.743369 10.941145
vt 13.778369 10.966574
vt 13.821631 10.966574
vt 13.856631 10.941145
vt 13.870000 10.900000
vt 13.856631 10.858855
vt 13.821631 10.833426
vt 13.778369 10.833426
vt 13.743369 10.858855
vt 13.730000 10.900000
vt 13.730000 10.900000
vt 13.743369 10.858855
vt 13.778369 10.833426
vt 13.821631 10.833426
vt 13.856631 10.858855
vt 13.870000 10.900000
vt 13.856631 10.941145
vt 13.821631 10.966574
vt 13.778369 10.966574
vt 13.743369 10.941145
vt 1.200000 10.900000
vt 1.200000 10.858855
vt 1.280000 10.858855
vt 1.280000 10.900000
vt 1.200000 13.743369
vt 1.200000 13.778369
vt 1.280000 13.778369
vt 1.280000 13.743369
vt 1.200000 13.778369
vt 1.200000 13.821631
vt 1.280000 13.821631
vt 1.280000 13.778369
vt 1.200000 13.821631
vt 1.200000 13.856631
vt 1.280000 13.856631
vt 1.280000 13.821631
vt 1.200000 10.858855
vt 1.200000 10.900000
vt 1.280000 10.900000
vt 1.280000 10.858855
vt 1.200000 10.900000
vt 1.200000 10.941145
vt 1.280000 10.941145
vt 1.280000 10.900000
vt 1.200000 13.856631
vt 1.200000 13.821631
vt 1.280000 13.821631
vt 1.280000 13.856631
vt 1.200000 13.821631
vt 1.200000 13.778369
vt 1.280000 13.778369
vt 1.280000 13.821631
vt 1.200000 13.778369
vt 1.200000 13.743369
vt 1.280000 13.743369
vt 1.280000 13.778369
vt 1.200000 10.941145
vt 1.200000 10.900000
vt 1.280000 10.900000
vt 1.280000 10.941145
vt -9.056631 11.041145
vt -9.021631 11.066574
vt -8.978369 11.066574
vt -8.943369 11.041145
vt -8.930000 11.000000
vt -8.943369 10.958855
vt -8.978369 10.933426
vt -9.021631 10.933426
vt -9.056631 10.958855
vt -9.070000 11.000000
vt -9.070000 11.000000
vt -9.056631 10.958855
vt -9.021631 10.933426
vt -8.978369 10.933426
vt -8.943369 10.958855
vt -8.930000 11.000000
vt -8.943369 11.041145
vt -8.978369 11.066574
vt -9.021631 11.066574
vt -9.056631 11.041145
vt 1.200000 11.000000
vt 1.200000 10.958855
vt 1.280000 10.958855
vt 1.280000 11.000000
vt 1.200000 -9.056631
vt 1.200000 -9.021631
vt 1.280000 -9.021631
vt 1.280000 -9.056631
vt 1.200000 -9.021631
vt 1.200000 -8.978369
vt 1.280000 -8.978369
vt 1.280000 -9.021631
vt 1.200000 -8.978369
vt 1.200000 -8.943369
vt 1.280000 -8.943369
vt 1.280000 -8.978369
vt 1.200000 10.958855
vt 1.200000 11.000000
vt 1.280000 11.000000
vt 1.280000 10.958855
vt 1.200000 11.000000
vt 1.200000 11.041145
vt 1.280000 11.041145
vt 1.280000 11.000000
vt 1.200000 -8.943369
vt 1.200000 -8.978369
vt 1.280000 -8.978369
vt 1.280000 -8.943369
vt 1.200000 -8.978369
vt 1.200000 -9.021631
vt 1.280000 -9.021631
vt 1.280000 -8.978369
vt 1.200000 -9.021631
vt 1.200000 -9.056631
vt 1.280000 -9.056631
vt 1.280000 -9.021631
vt 1.200000 11.041145
vt 1.200000 11.000000
vt 1.280000 11.000000
vt 1.280000 11.041145
vt -6.056631 11.041145
vt -6.021631 11.066574
vt -5.978369 11.066574
vt -5.943369 11.041145
vt -5.930000 11.000000
vt -5.943369 10.958855
vt -5.978369 10.933426
vt -6.021631 10.933426
vt -6.056631 10.958855
vt -6.070000 11.000000
vt -6.070000 11.000000
vt -6.056631 10.958855
vt -6.021631 10.933426
vt -5.978369 10.933426
vt -5.943369 10.958855
vt -5.930000 11.000000
vt -5.943369 11.041145
vt -5.978369 11.066574
vt -6.021631 11.066574
vt -6.056631 11.041145
vt 1.200000 11.000000
vt 1.200000 10.958855
vt 1.280000 10.958855
vt 1.280000 11.000000
vt 1.200000 -6.056631
vt 1.200000 -6.021631
vt 1.280000 -6.021631
vt 1.280000 -6.056631
vt 1.200000 -6.021631
vt 1.200000 -5.978369
vt 1.280000 -5.978369
vt 1.280000 -6.021631
vt 1.200000 -5.978369
vt 1.200000 -5.943369
vt 1.280000 -5.943369
vt 1.280000 -5.978369
vt 1.200000 10.958855
vt 1.200000 11.000000
vt 1.280000 11.000000
vt 1.280000 10.958855
vt 1.200000 11.000000
vt 1.200000 11.041145
vt 1.280000 11.041145
vt 1.280000 11.000000
vt 1.200000 -5.943369
vt 1.200000 -5.978369
vt 1.280000 -5.978369
vt 1.280000 -5.943369
vt 1.200000 -5.978369
vt 1.200000 -6.021631
vt 1.280000 -6.021631
vt 1.280000 -5.978369
vt 1.200000 -6.021631
vt 1.200000 -6.056631
vt 1.280000 -6.056631
vt 1.280000 -6.021631
vt 1.200000 11.041145
vt 1.200000 11.000000
vt 1.280000 11.000000
vt 1.280000 11.041145
vt -3.056631 11.041145
vt -3.021631 11.066574
vt -2.978369 11.066574
vt -2.943369 11.041145
vt -2.930000 11.000000
vt -2.943369 10.958855
vt -2.978369 10.933426
vt -3.021631 10.933426
vt -3.056631 10.958855
vt -3.070000 11.000000
vt -3.070000 11.000000
vt -3.056631 10.958855
vt -3.021631 10.933426
vt -2.978369 10.933426
vt -2.943369 10.958855
vt -2.930000 11.000000
vt -2.943369 11.041145
vt -2.978369 11.066574
vt -3.021631 11.066574
vt -3.056631 11.041145
vt 1.200000 11.000000
vt 1.200000 10.958855
vt 1.280000 10.958855
vt 1.280000 11.000000
vt 1.200000 -3.056631
vt 1.200000 -3.021631
vt 1.280000 -3.021631
vt 1.280000 -3.056631
vt 1.200000 -3.021631
vt 1.200000 -2.978369
vt 1.280000 -2.978369
vt 1.280000 -3.021631
vt 1.200000 -2.978369
vt 1.200000 -2.943369
vt 1.280000 -2.943369
vt 1.280000 -2.978369
vt 1.200000 10.958855
vt 1.200000 11.000000
vt 1.280000 11.000000
vt 1.280000 10.958855
vt 1.200000 11.000000
vt 1.200000 11.041145
vt 1.280000 11.041145
vt 1.280000 11.000000
vt 1.200000 -2.943369
vt 1.200000 -2.978369
vt 1.280000 -2.978369
vt 1.280000 -2.943369
vt 1.200000 -2.978369
vt 1.200000 -3.021631
vt 1.280000 -3.021631
vt 1.280000 -2.978369
vt 1.200000 -3.021631
vt 1.200000 -3.056631
vt 1.280000 -3.056631
vt 1.280000 -3.021631
vt 1.200000 11.041145
vt 1.200000 11.000000
vt 1.280000 11.000000
vt 1.280000 11.041145
vt -0.056631 11.041145
vt -0.021631 11.066574
vt 0.021631 11.066574
vt 0.056631 11.041145
vt 0.070000 11.000000
vt 0.056631 10.958855
vt 0.021631 10.933426
vt -0.021631 10.933426
vt -0.056631 10.958855
vt -0.070000 11.000000
vt -0.070000 11.000000
vt -0.056631 10.958855
vt -0.021631 10.933426
vt 0.021631 10.933426
vt 0.056631 10.958855
vt 0.070000 11.000000
vt 0.056631 11.041145
vt 0.021631 11.066574
vt -0.021631 11.066574
vt -0.056631 11.041145
vt 1.200000 11.000000
vt 1.200000 10.958855
vt 1.280000 10.958855
vt 1.280000 11.000000
vt 1.200000 -0.056631
vt 1.200000 -0.021631
vt 1.280000 -0.021631
vt 1.280000 -0.056631
vt 1.200000 -0.021631
vt 1.200000 0.021631
vt 1.280000 0.021631
vt 1.280000 -0.021631
vt 1.200000 0.021631
vt 1.200000 0.056631
vt 1.280000 0.056631
vt 1.280000 0.021631
vt 1.200000 10.958855
vt 1.200000 11.000000
vt 1.280000 11.000000
vt 1.280000 10.958855
vt 1.200000 11.000000
vt 1.200000 11.041145
vt 1.280000 11.041145
vt 1.280000 11.000000
vt 1.200000 0.056631
vt 1.200000 0.021631
vt 1.280000 0.021631
vt 1.280000 0.056631
vt 1.200000 0.021631
vt 1.200000 -0.021631
vt 1.280000 -0.021631
vt 1.280000 0.021631
vt 1.200000 -0.021631
vt 1.200000 -0.056631
vt 1.280000 -0.056631
vt 1.280000 -0.021631
vt 1.200000 11.041145
vt 1.200000 11.000000
vt 1.280000 11.000000
vt 1.280000 11.041145
vt 2.943369 11.041145
vt 2.978369 11.066574
vt 3.021631 11.066574
vt 3.056631 11.041145
vt 3.070000 11.000000
vt 3.056631 10.958855
vt 3.021631 10.933426
vt 2.978369 10.933426
vt 2.943369 10.958855
vt 2.930000 11.000000
vt 2.930000 11.000000
vt 2.943369 10.958855
vt 2.978369 10.933426
vt 3.021631 10.933426
vt 3.056631 10.958855
vt 3.070000 11.000000
vt 3.056631 11.041145
vt 3.021631 11.066574
vt 2.978369 11.066574
vt 2.943369 11.041145
vt 1.200000 11.000000
vt 1.200000 10.958855
vt 1.280000 10.958855
vt 1.280000 11.000000
vt 1.200000 2.943369
vt 1.200000 2.978369
vt 1.280000 2.978369
vt 1.280000 2.943369
vt 1.200000 2.978369
vt 1.200000 3.021631
vt 1.280000 3.021631
vt 1.280000 2.978369
vt 1.200000 3.021631
vt 1.200000 3.056631
vt 1.280000 3.056631
vt 1.280000 3.021631
vt 1.200000 10.958855
vt 1.200000 11.000000
vt 1.280000 11.000000
vt 1.280000 10.958855
vt 1.200000 11.000000
vt 1.200000 11.041145
vt 1.280000 11.041145
vt 1.280000 11.000000
vt 1.200000 3.056631
vt 1.200000 3.021631
vt 1.280000 3.021631
vt 1.280000 3.056631
vt 1.200000 3.021631
vt 1.200000 2.978369
vt 1.280000 2.978369
vt 1.280000 3.021631
vt 1.200000 2.978369
vt 1.200000 2.943369
vt 1.280000 2.943369
vt 1.280000 2.978369
vt 1.200000 11.041145
vt 1.200000 11.000000
vt 1.280000 11.000000
vt 1.280000 11.041145
vt 5.943369 11.041145
vt 5.978369 11.066574
vt 6.021631 11.066574
vt 6.056631 11.041145
vt 6.070000 11.000000
vt 6.056631 10.958855
vt 6.021631 10.933426
vt 5.978369 10.933426
vt 5.943369 10.958855
vt 5.930000 11.000000
vt 5.930000 11.000000
vt 5.943369 10.958855
vt 5.978369 10.933426
vt 6.021631 10.933426
vt 6.056631 10.958855
vt 6.070000 11.000000
vt 6.056631 11.041145
vt 6.021631 11.066574
vt 5.978369 11.066574
vt 5.943369 11.041145
vt 1.200000 11.000000
vt 1.200000 10.958855
vt 1.280000 10.958855
vt 1.280000 11.000000
vt 1.200000 5.943369
vt 1.200000 5.978369
vt 1.280000 5.978369
vt 1.280000 5.943369
vt 1.200000 5.978369
vt 1.200000 6.021631
vt 1.280000 6.021631
vt 1.280000 5.978369
vt 1.200000 6.021631
vt 1.200000 6.056631
vt 1.280000 6.056631
vt 1.280000 6.021631
vt 1.200000 10.958855
vt 1.200000 11.000000
vt 1.280000 11.000000
vt 1.280000 10.958855
vt 1.200000 11.000000
vt 1.200000 11.041145
vt 1.280000 11.041145
vt 1.280000 11.000000
vt 1.200000 6.056631
vt 1.200000 6.021631
vt 1.280000 6.021631
vt 1.280000 6.056631
vt 1.200000 6.021631
vt 1.200000 5.978369
vt 1.280000 5.978369
vt 1.280000 6.021631
vt 1.200000 5.978369
vt 1.200000 5.943369
vt 1.280000 5.943369
vt 1.280000 5.978369
vt 1.200000 11.041145
vt 1.200000 11.000000
vt 1.280000 11.000000
vt 1.280000 11.041145
vt 8.943369 11.041145
vt 8.978369 11.066574
vt 9.021631 11.066574
vt 9.056631 11.041145
vt 9.070000 11.000000
vt 9.056631 10.958855
vt 9.021631 10.933426
vt 8.978369 10.933426
vt 8.943369 10.958855
vt 8.930000 11.000000
vt 8.930000 11.000000
vt 8.943369 10.958855
vt 8.978369 10.933426
vt 9.021631 10.933426
vt 9.056631 10.958855
vt 9.070000 11.000000
vt 9.056631 11.041145
vt 9.021631 11.066574
vt 8.978369 11.066574
vt 8.943369 11.041145
vt 1.200000 11.000000
vt 1.200000 10.958855
vt 1.280000 10.958855
vt 1.280000 11.000000
vt 1.200000 8.943369
vt 1.200000 8.978369
vt 1.280000 8.978369
vt 1.280000 8.943369
vt 1.200000 8.978369
vt 1.200000 9.021631
vt 1.280000 9.021631
vt 1.280000 8.978369
vt 1.200000 9.021631
vt 1.200000 9.056631
vt 1.280000 9.056631
vt 1.280000 9.021631
vt 1.200000 10.958855
vt 1.200000 11.000000
vt 1.280000 11.000000
vt 1.280000 10.958855
vt 1.200000 11.000000
vt 1.200000 11.041145
vt 1.280000 11.041145
vt 1.280000 11.000000
vt 1.200000 9.056631
vt 1.200000 9.021631
vt 1.280000 9.021631
vt 1.280000 9.056631
vt 1.200000 9.021631
vt 1.200000 8.978369
vt 1.280000 8.978369
vt 1.280000 9.021631
vt 1.200000 8.978369
vt 1.200000 8.943369
vt 1.280000 8.943369
vt 1.280000 8.978369
vt 1.200000 11.041145
vt 1.200000 11.000000
vt 1.280000 11.000000
vt 1.280000 11.041145
usemtl M_EntryPortal_FormedConcrete
s 1
f 1/1 2/2 4/3 3/4
f 5/5 7/6 8/7 6/8
f 1/9 5/10 6/11 2/12
f 3/13 4/14 8/15 7/16
f 1/17 3/18 7/19 5/20
f 2/21 6/22 8/23 4/24
f 9/25 10/26 12/27 11/28
f 13/29 15/30 16/31 14/32
f 9/33 13/34 14/35 10/36
f 11/37 12/38 16/39 15/40
f 9/41 11/42 15/43 13/44
f 10/45 14/46 16/47 12/48
f 17/49 18/50 20/51 19/52
f 21/53 23/54 24/55 22/56
f 17/57 21/58 22/59 18/60
f 19/61 20/62 24/63 23/64
f 17/65 19/66 23/67 21/68
f 18/69 22/70 24/71 20/72
usemtl M_EntryPortal_OxidisedAluminium
s 1
f 25/73 26/74 28/75 27/76
f 29/77 31/78 32/79 30/80
f 25/81 29/82 30/83 26/84
f 27/85 28/86 32/87 31/88
f 25/89 27/90 31/91 29/92
f 26/93 30/94 32/95 28/96
f 33/97 34/98 36/99 35/100
f 37/101 39/102 40/103 38/104
f 33/105 37/106 38/107 34/108
f 35/109 36/110 40/111 39/112
f 33/113 35/114 39/115 37/116
f 34/117 38/118 40/119 36/120
f 41/121 42/122 44/123 43/124
f 45/125 47/126 48/127 46/128
f 41/129 45/130 46/131 42/132
f 43/133 44/134 48/135 47/136
f 41/137 43/138 47/139 45/140
f 42/141 46/142 48/143 44/144
usemtl M_EntryPortal_RevealSteel
s 1
f 49/145 50/146 52/147 51/148
f 53/149 55/150 56/151 54/152
f 49/153 53/154 54/155 50/156
f 51/157 52/158 56/159 55/160
f 49/161 51/162 55/163 53/164
f 50/165 54/166 56/167 52/168
f 57/169 58/170 60/171 59/172
f 61/173 63/174 64/175 62/176
f 57/177 61/178 62/179 58/180
f 59/181 60/182 64/183 63/184
f 57/185 59/186 63/187 61/188
f 58/189 62/190 64/191 60/192
f 65/193 66/194 68/195 67/196
f 69/197 71/198 72/199 70/200
f 65/201 69/202 70/203 66/204
f 67/205 68/206 72/207 71/208
f 65/209 67/210 71/211 69/212
f 66/213 70/214 72/215 68/216
f 76/217 75/218 74/219 73/220
f 77/221 78/222 79/223 80/224
f 73/225 74/226 78/227 77/228
f 74/229 75/230 79/231 78/232
f 75/233 76/234 80/235 79/236
f 76/237 73/238 77/239 80/240
f 84/241 83/242 82/243 81/244
f 85/245 86/246 87/247 88/248
f 81/249 82/250 86/251 85/252
f 82/253 83/254 87/255 86/256
f 83/257 84/258 88/259 87/260
f 84/261 81/262 85/263 88/264
f 92/265 91/266 90/267 89/268
f 93/269 94/270 95/271 96/272
f 89/273 90/274 94/275 93/276
f 90/277 91/278 95/279 94/280
f 91/281 92/282 96/283 95/284
f 92/285 89/286 93/287 96/288
usemtl M_EntryPortal_FormedConcrete
s 1
f 97/289 98/290 100/291 99/292
f 101/293 103/294 104/295 102/296
f 97/297 101/298 102/299 98/300
f 99/301 100/302 104/303 103/304
f 97/305 99/306 103/307 101/308
f 98/309 102/310 104/311 100/312
f 105/313 106/314 108/315 107/316
f 109/317 111/318 112/319 110/320
f 105/321 109/322 110/323 106/324
f 107/325 108/326 112/327 111/328
f 105/329 107/330 111/331 109/332
f 106/333 110/334 112/335 108/336
f 113/337 114/338 116/339 115/340
f 117/341 119/342 120/343 118/344
f 113/345 117/346 118/347 114/348
f 115/349 116/350 120/351 119/352
f 113/353 115/354 119/355 117/356
f 114/357 118/358 120/359 116/360
usemtl M_EntryPortal_OxidisedAluminium
s 1
f 121/361 122/362 124/363 123/364
f 125/365 127/366 128/367 126/368
f 121/369 125/370 126/371 122/372
f 123/373 124/374 128/375 127/376
f 121/377 123/378 127/379 125/380
f 122/381 126/382 128/383 124/384
f 129/385 130/386 132/387 131/388
f 133/389 135/390 136/391 134/392
f 129/393 133/394 134/395 130/396
f 131/397 132/398 136/399 135/400
f 129/401 131/402 135/403 133/404
f 130/405 134/406 136/407 132/408
f 137/409 138/410 140/411 139/412
f 141/413 143/414 144/415 142/416
f 137/417 141/418 142/419 138/420
f 139/421 140/422 144/423 143/424
f 137/425 139/426 143/427 141/428
f 138/429 142/430 144/431 140/432
usemtl M_EntryPortal_RevealSteel
s 1
f 145/433 146/434 148/435 147/436
f 149/437 151/438 152/439 150/440
f 145/441 149/442 150/443 146/444
f 147/445 148/446 152/447 151/448
f 145/449 147/450 151/451 149/452
f 146/453 150/454 152/455 148/456
usemtl M_EntryPortal_FrostedGlass
s 1
f 153/457 154/458 156/459 155/460
f 157/461 159/462 160/463 158/464
f 153/465 157/466 158/467 154/468
f 155/469 156/470 160/471 159/472
f 153/473 155/474 159/475 157/476
f 154/477 158/478 160/479 156/480
f 161/481 162/482 164/483 163/484
f 165/485 167/486 168/487 166/488
f 161/489 165/490 166/491 162/492
f 163/493 164/494 168/495 167/496
f 161/497 163/498 167/499 165/500
f 162/501 166/502 168/503 164/504
usemtl M_EntryPortal_OxidisedAluminium
s 1
f 169/505 170/506 172/507 171/508
f 173/509 175/510 176/511 174/512
f 169/513 173/514 174/515 170/516
f 171/517 172/518 176/519 175/520
f 169/521 171/522 175/523 173/524
f 170/525 174/526 176/527 172/528
f 177/529 178/530 180/531 179/532
f 181/533 183/534 184/535 182/536
f 177/537 181/538 182/539 178/540
f 179/541 180/542 184/543 183/544
f 177/545 179/546 183/547 181/548
f 178/549 182/550 184/551 180/552
f 185/553 186/554 188/555 187/556
f 189/557 191/558 192/559 190/560
f 185/561 189/562 190/563 186/564
f 187/565 188/566 192/567 191/568
f 185/569 187/570 191/571 189/572
f 186/573 190/574 192/575 188/576
f 193/577 194/578 196/579 195/580
f 197/581 199/582 200/583 198/584
f 193/585 197/586 198/587 194/588
f 195/589 196/590 200/591 199/592
f 193/593 195/594 199/595 197/596
f 194/597 198/598 200/599 196/600
f 201/601 202/602 204/603 203/604
f 205/605 207/606 208/607 206/608
f 201/609 205/610 206/611 202/612
f 203/613 204/614 208/615 207/616
f 201/617 203/618 207/619 205/620
f 202/621 206/622 208/623 204/624
f 209/625 210/626 212/627 211/628
f 213/629 215/630 216/631 214/632
f 209/633 213/634 214/635 210/636
f 211/637 212/638 216/639 215/640
f 209/641 211/642 215/643 213/644
f 210/645 214/646 216/647 212/648
f 217/649 218/650 220/651 219/652
f 221/653 223/654 224/655 222/656
f 217/657 221/658 222/659 218/660
f 219/661 220/662 224/663 223/664
f 217/665 219/666 223/667 221/668
f 218/669 222/670 224/671 220/672
usemtl M_EntryPortal_TrellisSteel
s 1
f 234/673 233/674 232/675 231/676 230/677 229/678 228/679 227/680 226/681 225/682
f 235/683 236/684 237/685 238/686 239/687 240/688 241/689 242/690 243/691 244/692
f 225/693 226/694 236/695 235/696
f 226/697 227/698 237/699 236/700
f 227/701 228/702 238/703 237/704
f 228/705 229/706 239/707 238/708
f 229/709 230/710 240/711 239/712
f 230/713 231/714 241/715 240/716
f 231/717 232/718 242/719 241/720
f 232/721 233/722 243/723 242/724
f 233/725 234/726 244/727 243/728
f 234/729 225/730 235/731 244/732
f 254/733 253/734 252/735 251/736 250/737 249/738 248/739 247/740 246/741 245/742
f 255/743 256/744 257/745 258/746 259/747 260/748 261/749 262/750 263/751 264/752
f 245/753 246/754 256/755 255/756
f 246/757 247/758 257/759 256/760
f 247/761 248/762 258/763 257/764
f 248/765 249/766 259/767 258/768
f 249/769 250/770 260/771 259/772
f 250/773 251/774 261/775 260/776
f 251/777 252/778 262/779 261/780
f 252/781 253/782 263/783 262/784
f 253/785 254/786 264/787 263/788
f 254/789 245/790 255/791 264/792
f 274/793 273/794 272/795 271/796 270/797 269/798 268/799 267/800 266/801 265/802
f 275/803 276/804 277/805 278/806 279/807 280/808 281/809 282/810 283/811 284/812
f 265/813 266/814 276/815 275/816
f 266/817 267/818 277/819 276/820
f 267/821 268/822 278/823 277/824
f 268/825 269/826 279/827 278/828
f 269/829 270/830 280/831 279/832
f 270/833 271/834 281/835 280/836
f 271/837 272/838 282/839 281/840
f 272/841 273/842 283/843 282/844
f 273/845 274/846 284/847 283/848
f 274/849 265/850 275/851 284/852
f 294/853 293/854 292/855 291/856 290/857 289/858 288/859 287/860 286/861 285/862
f 295/863 296/864 297/865 298/866 299/867 300/868 301/869 302/870 303/871 304/872
f 285/873 286/874 296/875 295/876
f 286/877 287/878 297/879 296/880
f 287/881 288/882 298/883 297/884
f 288/885 289/886 299/887 298/888
f 289/889 290/890 300/891 299/892
f 290/893 291/894 301/895 300/896
f 291/897 292/898 302/899 301/900
f 292/901 293/902 303/903 302/904
f 293/905 294/906 304/907 303/908
f 294/909 285/910 295/911 304/912
f 314/913 313/914 312/915 311/916 310/917 309/918 308/919 307/920 306/921 305/922
f 315/923 316/924 317/925 318/926 319/927 320/928 321/929 322/930 323/931 324/932
f 305/933 306/934 316/935 315/936
f 306/937 307/938 317/939 316/940
f 307/941 308/942 318/943 317/944
f 308/945 309/946 319/947 318/948
f 309/949 310/950 320/951 319/952
f 310/953 311/954 321/955 320/956
f 311/957 312/958 322/959 321/960
f 312/961 313/962 323/963 322/964
f 313/965 314/966 324/967 323/968
f 314/969 305/970 315/971 324/972
f 334/973 333/974 332/975 331/976 330/977 329/978 328/979 327/980 326/981 325/982
f 335/983 336/984 337/985 338/986 339/987 340/988 341/989 342/990 343/991 344/992
f 325/993 326/994 336/995 335/996
f 326/997 327/998 337/999 336/1000
f 327/1001 328/1002 338/1003 337/1004
f 328/1005 329/1006 339/1007 338/1008
f 329/1009 330/1010 340/1011 339/1012
f 330/1013 331/1014 341/1015 340/1016
f 331/1017 332/1018 342/1019 341/1020
f 332/1021 333/1022 343/1023 342/1024
f 333/1025 334/1026 344/1027 343/1028
f 334/1029 325/1030 335/1031 344/1032
f 354/1033 353/1034 352/1035 351/1036 350/1037 349/1038 348/1039 347/1040 346/1041 345/1042
f 355/1043 356/1044 357/1045 358/1046 359/1047 360/1048 361/1049 362/1050 363/1051 364/1052
f 345/1053 346/1054 356/1055 355/1056
f 346/1057 347/1058 357/1059 356/1060
f 347/1061 348/1062 358/1063 357/1064
f 348/1065 349/1066 359/1067 358/1068
f 349/1069 350/1070 360/1071 359/1072
f 350/1073 351/1074 361/1075 360/1076
f 351/1077 352/1078 362/1079 361/1080
f 352/1081 353/1082 363/1083 362/1084
f 353/1085 354/1086 364/1087 363/1088
f 354/1089 345/1090 355/1091 364/1092
f 374/1093 373/1094 372/1095 371/1096 370/1097 369/1098 368/1099 367/1100 366/1101 365/1102
f 375/1103 376/1104 377/1105 378/1106 379/1107 380/1108 381/1109 382/1110 383/1111 384/1112
f 365/1113 366/1114 376/1115 375/1116
f 366/1117 367/1118 377/1119 376/1120
f 367/1121 368/1122 378/1123 377/1124
f 368/1125 369/1126 379/1127 378/1128
f 369/1129 370/1130 380/1131 379/1132
f 370/1133 371/1134 381/1135 380/1136
f 371/1137 372/1138 382/1139 381/1140
f 372/1141 373/1142 383/1143 382/1144
f 373/1145 374/1146 384/1147 383/1148
f 374/1149 365/1150 375/1151 384/1152
f 394/1153 393/1154 392/1155 391/1156 390/1157 389/1158 388/1159 387/1160 386/1161 385/1162
f 395/1163 396/1164 397/1165 398/1166 399/1167 400/1168 401/1169 402/1170 403/1171 404/1172
f 385/1173 386/1174 396/1175 395/1176
f 386/1177 387/1178 397/1179 396/1180
f 387/1181 388/1182 398/1183 397/1184
f 388/1185 389/1186 399/1187 398/1188
f 389/1189 390/1190 400/1191 399/1192
f 390/1193 391/1194 401/1195 400/1196
f 391/1197 392/1198 402/1199 401/1200
f 392/1201 393/1202 403/1203 402/1204
f 393/1205 394/1206 404/1207 403/1208
f 394/1209 385/1210 395/1211 404/1212
usemtl M_EntryPortal_BoltSteel
s 1
f 414/1213 413/1214 412/1215 411/1216 410/1217 409/1218 408/1219 407/1220 406/1221 405/1222
f 415/1223 416/1224 417/1225 418/1226 419/1227 420/1228 421/1229 422/1230 423/1231 424/1232
f 405/1233 406/1234 416/1235 415/1236
f 406/1237 407/1238 417/1239 416/1240
f 407/1241 408/1242 418/1243 417/1244
f 408/1245 409/1246 419/1247 418/1248
f 409/1249 410/1250 420/1251 419/1252
f 410/1253 411/1254 421/1255 420/1256
f 411/1257 412/1258 422/1259 421/1260
f 412/1261 413/1262 423/1263 422/1264
f 413/1265 414/1266 424/1267 423/1268
f 414/1269 405/1270 415/1271 424/1272
f 434/1273 433/1274 432/1275 431/1276 430/1277 429/1278 428/1279 427/1280 426/1281 425/1282
f 435/1283 436/1284 437/1285 438/1286 439/1287 440/1288 441/1289 442/1290 443/1291 444/1292
f 425/1293 426/1294 436/1295 435/1296
f 426/1297 427/1298 437/1299 436/1300
f 427/1301 428/1302 438/1303 437/1304
f 428/1305 429/1306 439/1307 438/1308
f 429/1309 430/1310 440/1311 439/1312
f 430/1313 431/1314 441/1315 440/1316
f 431/1317 432/1318 442/1319 441/1320
f 432/1321 433/1322 443/1323 442/1324
f 433/1325 434/1326 444/1327 443/1328
f 434/1329 425/1330 435/1331 444/1332
f 454/1333 453/1334 452/1335 451/1336 450/1337 449/1338 448/1339 447/1340 446/1341 445/1342
f 455/1343 456/1344 457/1345 458/1346 459/1347 460/1348 461/1349 462/1350 463/1351 464/1352
f 445/1353 446/1354 456/1355 455/1356
f 446/1357 447/1358 457/1359 456/1360
f 447/1361 448/1362 458/1363 457/1364
f 448/1365 449/1366 459/1367 458/1368
f 449/1369 450/1370 460/1371 459/1372
f 450/1373 451/1374 461/1375 460/1376
f 451/1377 452/1378 462/1379 461/1380
f 452/1381 453/1382 463/1383 462/1384
f 453/1385 454/1386 464/1387 463/1388
f 454/1389 445/1390 455/1391 464/1392
f 474/1393 473/1394 472/1395 471/1396 470/1397 469/1398 468/1399 467/1400 466/1401 465/1402
f 475/1403 476/1404 477/1405 478/1406 479/1407 480/1408 481/1409 482/1410 483/1411 484/1412
f 465/1413 466/1414 476/1415 475/1416
f 466/1417 467/1418 477/1419 476/1420
f 467/1421 468/1422 478/1423 477/1424
f 468/1425 469/1426 479/1427 478/1428
f 469/1429 470/1430 480/1431 479/1432
f 470/1433 471/1434 481/1435 480/1436
f 471/1437 472/1438 482/1439 481/1440
f 472/1441 473/1442 483/1443 482/1444
f 473/1445 474/1446 484/1447 483/1448
f 474/1449 465/1450 475/1451 484/1452
usemtl M_EntryPortal_TrellisSteel
s 1
f 494/1453 493/1454 492/1455 491/1456 490/1457 489/1458 488/1459 487/1460 486/1461 485/1462
f 495/1463 496/1464 497/1465 498/1466 499/1467 500/1468 501/1469 502/1470 503/1471 504/1472
f 485/1473 486/1474 496/1475 495/1476
f 486/1477 487/1478 497/1479 496/1480
f 487/1481 488/1482 498/1483 497/1484
f 488/1485 489/1486 499/1487 498/1488
f 489/1489 490/1490 500/1491 499/1492
f 490/1493 491/1494 501/1495 500/1496
f 491/1497 492/1498 502/1499 501/1500
f 492/1501 493/1502 503/1503 502/1504
f 493/1505 494/1506 504/1507 503/1508
f 494/1509 485/1510 495/1511 504/1512
f 514/1513 513/1514 512/1515 511/1516 510/1517 509/1518 508/1519 507/1520 506/1521 505/1522
f 515/1523 516/1524 517/1525 518/1526 519/1527 520/1528 521/1529 522/1530 523/1531 524/1532
f 505/1533 506/1534 516/1535 515/1536
f 506/1537 507/1538 517/1539 516/1540
f 507/1541 508/1542 518/1543 517/1544
f 508/1545 509/1546 519/1547 518/1548
f 509/1549 510/1550 520/1551 519/1552
f 510/1553 511/1554 521/1555 520/1556
f 511/1557 512/1558 522/1559 521/1560
f 512/1561 513/1562 523/1563 522/1564
f 513/1565 514/1566 524/1567 523/1568
f 514/1569 505/1570 515/1571 524/1572
f 534/1573 533/1574 532/1575 531/1576 530/1577 529/1578 528/1579 527/1580 526/1581 525/1582
f 535/1583 536/1584 537/1585 538/1586 539/1587 540/1588 541/1589 542/1590 543/1591 544/1592
f 525/1593 526/1594 536/1595 535/1596
f 526/1597 527/1598 537/1599 536/1600
f 527/1601 528/1602 538/1603 537/1604
f 528/1605 529/1606 539/1607 538/1608
f 529/1609 530/1610 540/1611 539/1612
f 530/1613 531/1614 541/1615 540/1616
f 531/1617 532/1618 542/1619 541/1620
f 532/1621 533/1622 543/1623 542/1624
f 533/1625 534/1626 544/1627 543/1628
f 534/1629 525/1630 535/1631 544/1632
f 554/1633 553/1634 552/1635 551/1636 550/1637 549/1638 548/1639 547/1640 546/1641 545/1642
f 555/1643 556/1644 557/1645 558/1646 559/1647 560/1648 561/1649 562/1650 563/1651 564/1652
f 545/1653 546/1654 556/1655 555/1656
f 546/1657 547/1658 557/1659 556/1660
f 547/1661 548/1662 558/1663 557/1664
f 548/1665 549/1666 559/1667 558/1668
f 549/1669 550/1670 560/1671 559/1672
f 550/1673 551/1674 561/1675 560/1676
f 551/1677 552/1678 562/1679 561/1680
f 552/1681 553/1682 563/1683 562/1684
f 553/1685 554/1686 564/1687 563/1688
f 554/1689 545/1690 555/1691 564/1692
f 574/1693 573/1694 572/1695 571/1696 570/1697 569/1698 568/1699 567/1700 566/1701 565/1702
f 575/1703 576/1704 577/1705 578/1706 579/1707 580/1708 581/1709 582/1710 583/1711 584/1712
f 565/1713 566/1714 576/1715 575/1716
f 566/1717 567/1718 577/1719 576/1720
f 567/1721 568/1722 578/1723 577/1724
f 568/1725 569/1726 579/1727 578/1728
f 569/1729 570/1730 580/1731 579/1732
f 570/1733 571/1734 581/1735 580/1736
f 571/1737 572/1738 582/1739 581/1740
f 572/1741 573/1742 583/1743 582/1744
f 573/1745 574/1746 584/1747 583/1748
f 574/1749 565/1750 575/1751 584/1752
f 594/1753 593/1754 592/1755 591/1756 590/1757 589/1758 588/1759 587/1760 586/1761 585/1762
f 595/1763 596/1764 597/1765 598/1766 599/1767 600/1768 601/1769 602/1770 603/1771 604/1772
f 585/1773 586/1774 596/1775 595/1776
f 586/1777 587/1778 597/1779 596/1780
f 587/1781 588/1782 598/1783 597/1784
f 588/1785 589/1786 599/1787 598/1788
f 589/1789 590/1790 600/1791 599/1792
f 590/1793 591/1794 601/1795 600/1796
f 591/1797 592/1798 602/1799 601/1800
f 592/1801 593/1802 603/1803 602/1804
f 593/1805 594/1806 604/1807 603/1808
f 594/1809 585/1810 595/1811 604/1812
f 614/1813 613/1814 612/1815 611/1816 610/1817 609/1818 608/1819 607/1820 606/1821 605/1822
f 615/1823 616/1824 617/1825 618/1826 619/1827 620/1828 621/1829 622/1830 623/1831 624/1832
f 605/1833 606/1834 616/1835 615/1836
f 606/1837 607/1838 617/1839 616/1840
f 607/1841 608/1842 618/1843 617/1844
f 608/1845 609/1846 619/1847 618/1848
f 609/1849 610/1850 620/1851 619/1852
f 610/1853 611/1854 621/1855 620/1856
f 611/1857 612/1858 622/1859 621/1860
f 612/1861 613/1862 623/1863 622/1864
f 613/1865 614/1866 624/1867 623/1868
f 614/1869 605/1870 615/1871 624/1872
f 634/1873 633/1874 632/1875 631/1876 630/1877 629/1878 628/1879 627/1880 626/1881 625/1882
f 635/1883 636/1884 637/1885 638/1886 639/1887 640/1888 641/1889 642/1890 643/1891 644/1892
f 625/1893 626/1894 636/1895 635/1896
f 626/1897 627/1898 637/1899 636/1900
f 627/1901 628/1902 638/1903 637/1904
f 628/1905 629/1906 639/1907 638/1908
f 629/1909 630/1910 640/1911 639/1912
f 630/1913 631/1914 641/1915 640/1916
f 631/1917 632/1918 642/1919 641/1920
f 632/1921 633/1922 643/1923 642/1924
f 633/1925 634/1926 644/1927 643/1928
f 634/1929 625/1930 635/1931 644/1932
f 654/1933 653/1934 652/1935 651/1936 650/1937 649/1938 648/1939 647/1940 646/1941 645/1942
f 655/1943 656/1944 657/1945 658/1946 659/1947 660/1948 661/1949 662/1950 663/1951 664/1952
f 645/1953 646/1954 656/1955 655/1956
f 646/1957 647/1958 657/1959 656/1960
f 647/1961 648/1962 658/1963 657/1964
f 648/1965 649/1966 659/1967 658/1968
f 649/1969 650/1970 660/1971 659/1972
f 650/1973 651/1974 661/1975 660/1976
f 651/1977 652/1978 662/1979 661/1980
f 652/1981 653/1982 663/1983 662/1984
f 653/1985 654/1986 664/1987 663/1988
f 654/1989 645/1990 655/1991 664/1992
usemtl M_EntryPortal_BoltSteel
s 1
f 674/1993 673/1994 672/1995 671/1996 670/1997 669/1998 668/1999 667/2000 666/2001 665/2002
f 675/2003 676/2004 677/2005 678/2006 679/2007 680/2008 681/2009 682/2010 683/2011 684/2012
f 665/2013 666/2014 676/2015 675/2016
f 666/2017 667/2018 677/2019 676/2020
f 667/2021 668/2022 678/2023 677/2024
f 668/2025 669/2026 679/2027 678/2028
f 669/2029 670/2030 680/2031 679/2032
f 670/2033 671/2034 681/2035 680/2036
f 671/2037 672/2038 682/2039 681/2040
f 672/2041 673/2042 683/2043 682/2044
f 673/2045 674/2046 684/2047 683/2048
f 674/2049 665/2050 675/2051 684/2052
f 694/2053 693/2054 692/2055 691/2056 690/2057 689/2058 688/2059 687/2060 686/2061 685/2062
f 695/2063 696/2064 697/2065 698/2066 699/2067 700/2068 701/2069 702/2070 703/2071 704/2072
f 685/2073 686/2074 696/2075 695/2076
f 686/2077 687/2078 697/2079 696/2080
f 687/2081 688/2082 698/2083 697/2084
f 688/2085 689/2086 699/2087 698/2088
f 689/2089 690/2090 700/2091 699/2092
f 690/2093 691/2094 701/2095 700/2096
f 691/2097 692/2098 702/2099 701/2100
f 692/2101 693/2102 703/2103 702/2104
f 693/2105 694/2106 704/2107 703/2108
f 694/2109 685/2110 695/2111 704/2112
f 714/2113 713/2114 712/2115 711/2116 710/2117 709/2118 708/2119 707/2120 706/2121 705/2122
f 715/2123 716/2124 717/2125 718/2126 719/2127 720/2128 721/2129 722/2130 723/2131 724/2132
f 705/2133 706/2134 716/2135 715/2136
f 706/2137 707/2138 717/2139 716/2140
f 707/2141 708/2142 718/2143 717/2144
f 708/2145 709/2146 719/2147 718/2148
f 709/2149 710/2150 720/2151 719/2152
f 710/2153 711/2154 721/2155 720/2156
f 711/2157 712/2158 722/2159 721/2160
f 712/2161 713/2162 723/2163 722/2164
f 713/2165 714/2166 724/2167 723/2168
f 714/2169 705/2170 715/2171 724/2172
f 734/2173 733/2174 732/2175 731/2176 730/2177 729/2178 728/2179 727/2180 726/2181 725/2182
f 735/2183 736/2184 737/2185 738/2186 739/2187 740/2188 741/2189 742/2190 743/2191 744/2192
f 725/2193 726/2194 736/2195 735/2196
f 726/2197 727/2198 737/2199 736/2200
f 727/2201 728/2202 738/2203 737/2204
f 728/2205 729/2206 739/2207 738/2208
f 729/2209 730/2210 740/2211 739/2212
f 730/2213 731/2214 741/2215 740/2216
f 731/2217 732/2218 742/2219 741/2220
f 732/2221 733/2222 743/2223 742/2224
f 733/2225 734/2226 744/2227 743/2228
f 734/2229 725/2230 735/2231 744/2232
usemtl M_EntryPortal_WaterStain
s 1
f 745/2233 746/2234 748/2235 747/2236
f 749/2237 751/2238 752/2239 750/2240
f 745/2241 749/2242 750/2243 746/2244
f 747/2245 748/2246 752/2247 751/2248
f 745/2249 747/2250 751/2251 749/2252
f 746/2253 750/2254 752/2255 748/2256
f 753/2257 754/2258 756/2259 755/2260
f 757/2261 759/2262 760/2263 758/2264
f 753/2265 757/2266 758/2267 754/2268
f 755/2269 756/2270 760/2271 759/2272
f 753/2273 755/2274 759/2275 757/2276
f 754/2277 758/2278 760/2279 756/2280
f 761/2281 762/2282 764/2283 763/2284
f 765/2285 767/2286 768/2287 766/2288
f 761/2289 765/2290 766/2291 762/2292
f 763/2293 764/2294 768/2295 767/2296
f 761/2297 763/2298 767/2299 765/2300
f 762/2301 766/2302 768/2303 764/2304
usemtl M_EntryPortal_BoltSteel
s 1
f 778/2305 777/2306 776/2307 775/2308 774/2309 773/2310 772/2311 771/2312 770/2313 769/2314
f 779/2315 780/2316 781/2317 782/2318 783/2319 784/2320 785/2321 786/2322 787/2323 788/2324
f 769/2325 770/2326 780/2327 779/2328
f 770/2329 771/2330 781/2331 780/2332
f 771/2333 772/2334 782/2335 781/2336
f 772/2337 773/2338 783/2339 782/2340
f 773/2341 774/2342 784/2343 783/2344
f 774/2345 775/2346 785/2347 784/2348
f 775/2349 776/2350 786/2351 785/2352
f 776/2353 777/2354 787/2355 786/2356
f 777/2357 778/2358 788/2359 787/2360
f 778/2361 769/2362 779/2363 788/2364
f 798/2365 797/2366 796/2367 795/2368 794/2369 793/2370 792/2371 791/2372 790/2373 789/2374
f 799/2375 800/2376 801/2377 802/2378 803/2379 804/2380 805/2381 806/2382 807/2383 808/2384
f 789/2385 790/2386 800/2387 799/2388
f 790/2389 791/2390 801/2391 800/2392
f 791/2393 792/2394 802/2395 801/2396
f 792/2397 793/2398 803/2399 802/2400
f 793/2401 794/2402 804/2403 803/2404
f 794/2405 795/2406 805/2407 804/2408
f 795/2409 796/2410 806/2411 805/2412
f 796/2413 797/2414 807/2415 806/2416
f 797/2417 798/2418 808/2419 807/2420
f 798/2421 789/2422 799/2423 808/2424
f 818/2425 817/2426 816/2427 815/2428 814/2429 813/2430 812/2431 811/2432 810/2433 809/2434
f 819/2435 820/2436 821/2437 822/2438 823/2439 824/2440 825/2441 826/2442 827/2443 828/2444
f 809/2445 810/2446 820/2447 819/2448
f 810/2449 811/2450 821/2451 820/2452
f 811/2453 812/2454 822/2455 821/2456
f 812/2457 813/2458 823/2459 822/2460
f 813/2461 814/2462 824/2463 823/2464
f 814/2465 815/2466 825/2467 824/2468
f 815/2469 816/2470 826/2471 825/2472
f 816/2473 817/2474 827/2475 826/2476
f 817/2477 818/2478 828/2479 827/2480
f 818/2481 809/2482 819/2483 828/2484
f 838/2485 837/2486 836/2487 835/2488 834/2489 833/2490 832/2491 831/2492 830/2493 829/2494
f 839/2495 840/2496 841/2497 842/2498 843/2499 844/2500 845/2501 846/2502 847/2503 848/2504
f 829/2505 830/2506 840/2507 839/2508
f 830/2509 831/2510 841/2511 840/2512
f 831/2513 832/2514 842/2515 841/2516
f 832/2517 833/2518 843/2519 842/2520
f 833/2521 834/2522 844/2523 843/2524
f 834/2525 835/2526 845/2527 844/2528
f 835/2529 836/2530 846/2531 845/2532
f 836/2533 837/2534 847/2535 846/2536
f 837/2537 838/2538 848/2539 847/2540
f 838/2541 829/2542 839/2543 848/2544
f 858/2545 857/2546 856/2547 855/2548 854/2549 853/2550 852/2551 851/2552 850/2553 849/2554
f 859/2555 860/2556 861/2557 862/2558 863/2559 864/2560 865/2561 866/2562 867/2563 868/2564
f 849/2565 850/2566 860/2567 859/2568
f 850/2569 851/2570 861/2571 860/2572
f 851/2573 852/2574 862/2575 861/2576
f 852/2577 853/2578 863/2579 862/2580
f 853/2581 854/2582 864/2583 863/2584
f 854/2585 855/2586 865/2587 864/2588
f 855/2589 856/2590 866/2591 865/2592
f 856/2593 857/2594 867/2595 866/2596
f 857/2597 858/2598 868/2599 867/2600
f 858/2601 849/2602 859/2603 868/2604
f 878/2605 877/2606 876/2607 875/2608 874/2609 873/2610 872/2611 871/2612 870/2613 869/2614
f 879/2615 880/2616 881/2617 882/2618 883/2619 884/2620 885/2621 886/2622 887/2623 888/2624
f 869/2625 870/2626 880/2627 879/2628
f 870/2629 871/2630 881/2631 880/2632
f 871/2633 872/2634 882/2635 881/2636
f 872/2637 873/2638 883/2639 882/2640
f 873/2641 874/2642 884/2643 883/2644
f 874/2645 875/2646 885/2647 884/2648
f 875/2649 876/2650 886/2651 885/2652
f 876/2653 877/2654 887/2655 886/2656
f 877/2657 878/2658 888/2659 887/2660
f 878/2661 869/2662 879/2663 888/2664
f 898/2665 897/2666 896/2667 895/2668 894/2669 893/2670 892/2671 891/2672 890/2673 889/2674
f 899/2675 900/2676 901/2677 902/2678 903/2679 904/2680 905/2681 906/2682 907/2683 908/2684
f 889/2685 890/2686 900/2687 899/2688
f 890/2689 891/2690 901/2691 900/2692
f 891/2693 892/2694 902/2695 901/2696
f 892/2697 893/2698 903/2699 902/2700
f 893/2701 894/2702 904/2703 903/2704
f 894/2705 895/2706 905/2707 904/2708
f 895/2709 896/2710 906/2711 905/2712
f 896/2713 897/2714 907/2715 906/2716
f 897/2717 898/2718 908/2719 907/2720
f 898/2721 889/2722 899/2723 908/2724
f 918/2725 917/2726 916/2727 915/2728 914/2729 913/2730 912/2731 911/2732 910/2733 909/2734
f 919/2735 920/2736 921/2737 922/2738 923/2739 924/2740 925/2741 926/2742 927/2743 928/2744
f 909/2745 910/2746 920/2747 919/2748
f 910/2749 911/2750 921/2751 920/2752
f 911/2753 912/2754 922/2755 921/2756
f 912/2757 913/2758 923/2759 922/2760
f 913/2761 914/2762 924/2763 923/2764
f 914/2765 915/2766 925/2767 924/2768
f 915/2769 916/2770 926/2771 925/2772
f 916/2773 917/2774 927/2775 926/2776
f 917/2777 918/2778 928/2779 927/2780
f 918/2781 909/2782 919/2783 928/2784
f 938/2785 937/2786 936/2787 935/2788 934/2789 933/2790 932/2791 931/2792 930/2793 929/2794
f 939/2795 940/2796 941/2797 942/2798 943/2799 944/2800 945/2801 946/2802 947/2803 948/2804
f 929/2805 930/2806 940/2807 939/2808
f 930/2809 931/2810 941/2811 940/2812
f 931/2813 932/2814 942/2815 941/2816
f 932/2817 933/2818 943/2819 942/2820
f 933/2821 934/2822 944/2823 943/2824
f 934/2825 935/2826 945/2827 944/2828
f 935/2829 936/2830 946/2831 945/2832
f 936/2833 937/2834 947/2835 946/2836
f 937/2837 938/2838 948/2839 947/2840
f 938/2841 929/2842 939/2843 948/2844
f 958/2845 957/2846 956/2847 955/2848 954/2849 953/2850 952/2851 951/2852 950/2853 949/2854
f 959/2855 960/2856 961/2857 962/2858 963/2859 964/2860 965/2861 966/2862 967/2863 968/2864
f 949/2865 950/2866 960/2867 959/2868
f 950/2869 951/2870 961/2871 960/2872
f 951/2873 952/2874 962/2875 961/2876
f 952/2877 953/2878 963/2879 962/2880
f 953/2881 954/2882 964/2883 963/2884
f 954/2885 955/2886 965/2887 964/2888
f 955/2889 956/2890 966/2891 965/2892
f 956/2893 957/2894 967/2895 966/2896
f 957/2897 958/2898 968/2899 967/2900
f 958/2901 949/2902 959/2903 968/2904
f 978/2905 977/2906 976/2907 975/2908 974/2909 973/2910 972/2911 971/2912 970/2913 969/2914
f 979/2915 980/2916 981/2917 982/2918 983/2919 984/2920 985/2921 986/2922 987/2923 988/2924
f 969/2925 970/2926 980/2927 979/2928
f 970/2929 971/2930 981/2931 980/2932
f 971/2933 972/2934 982/2935 981/2936
f 972/2937 973/2938 983/2939 982/2940
f 973/2941 974/2942 984/2943 983/2944
f 974/2945 975/2946 985/2947 984/2948
f 975/2949 976/2950 986/2951 985/2952
f 976/2953 977/2954 987/2955 986/2956
f 977/2957 978/2958 988/2959 987/2960
f 978/2961 969/2962 979/2963 988/2964
f 998/2965 997/2966 996/2967 995/2968 994/2969 993/2970 992/2971 991/2972 990/2973 989/2974
f 999/2975 1000/2976 1001/2977 1002/2978 1003/2979 1004/2980 1005/2981 1006/2982 1007/2983 1008/2984
f 989/2985 990/2986 1000/2987 999/2988
f 990/2989 991/2990 1001/2991 1000/2992
f 991/2993 992/2994 1002/2995 1001/2996
f 992/2997 993/2998 1003/2999 1002/3000
f 993/3001 994/3002 1004/3003 1003/3004
f 994/3005 995/3006 1005/3007 1004/3008
f 995/3009 996/3010 1006/3011 1005/3012
f 996/3013 997/3014 1007/3015 1006/3016
f 997/3017 998/3018 1008/3019 1007/3020
f 998/3021 989/3022 999/3023 1008/3024
f 1018/3025 1017/3026 1016/3027 1015/3028 1014/3029 1013/3030 1012/3031 1011/3032 1010/3033 1009/3034
f 1019/3035 1020/3036 1021/3037 1022/3038 1023/3039 1024/3040 1025/3041 1026/3042 1027/3043 1028/3044
f 1009/3045 1010/3046 1020/3047 1019/3048
f 1010/3049 1011/3050 1021/3051 1020/3052
f 1011/3053 1012/3054 1022/3055 1021/3056
f 1012/3057 1013/3058 1023/3059 1022/3060
f 1013/3061 1014/3062 1024/3063 1023/3064
f 1014/3065 1015/3066 1025/3067 1024/3068
f 1015/3069 1016/3070 1026/3071 1025/3072
f 1016/3073 1017/3074 1027/3075 1026/3076
f 1017/3077 1018/3078 1028/3079 1027/3080
f 1018/3081 1009/3082 1019/3083 1028/3084
f 1038/3085 1037/3086 1036/3087 1035/3088 1034/3089 1033/3090 1032/3091 1031/3092 1030/3093 1029/3094
f 1039/3095 1040/3096 1041/3097 1042/3098 1043/3099 1044/3100 1045/3101 1046/3102 1047/3103 1048/3104
f 1029/3105 1030/3106 1040/3107 1039/3108
f 1030/3109 1031/3110 1041/3111 1040/3112
f 1031/3113 1032/3114 1042/3115 1041/3116
f 1032/3117 1033/3118 1043/3119 1042/3120
f 1033/3121 1034/3122 1044/3123 1043/3124
f 1034/3125 1035/3126 1045/3127 1044/3128
f 1035/3129 1036/3130 1046/3131 1045/3132
f 1036/3133 1037/3134 1047/3135 1046/3136
f 1037/3137 1038/3138 1048/3139 1047/3140
f 1038/3141 1029/3142 1039/3143 1048/3144
f 1058/3145 1057/3146 1056/3147 1055/3148 1054/3149 1053/3150 1052/3151 1051/3152 1050/3153 1049/3154
f 1059/3155 1060/3156 1061/3157 1062/3158 1063/3159 1064/3160 1065/3161 1066/3162 1067/3163 1068/3164
f 1049/3165 1050/3166 1060/3167 1059/3168
f 1050/3169 1051/3170 1061/3171 1060/3172
f 1051/3173 1052/3174 1062/3175 1061/3176
f 1052/3177 1053/3178 1063/3179 1062/3180
f 1053/3181 1054/3182 1064/3183 1063/3184
f 1054/3185 1055/3186 1065/3187 1064/3188
f 1055/3189 1056/3190 1066/3191 1065/3192
f 1056/3193 1057/3194 1067/3195 1066/3196
f 1057/3197 1058/3198 1068/3199 1067/3200
f 1058/3201 1049/3202 1059/3203 1068/3204
f 1078/3205 1077/3206 1076/3207 1075/3208 1074/3209 1073/3210 1072/3211 1071/3212 1070/3213 1069/3214
f 1079/3215 1080/3216 1081/3217 1082/3218 1083/3219 1084/3220 1085/3221 1086/3222 1087/3223 1088/3224
f 1069/3225 1070/3226 1080/3227 1079/3228
f 1070/3229 1071/3230 1081/3231 1080/3232
f 1071/3233 1072/3234 1082/3235 1081/3236
f 1072/3237 1073/3238 1083/3239 1082/3240
f 1073/3241 1074/3242 1084/3243 1083/3244
f 1074/3245 1075/3246 1085/3247 1084/3248
f 1075/3249 1076/3250 1086/3251 1085/3252
f 1076/3253 1077/3254 1087/3255 1086/3256
f 1077/3257 1078/3258 1088/3259 1087/3260
f 1078/3261 1069/3262 1079/3263 1088/3264
f 1098/3265 1097/3266 1096/3267 1095/3268 1094/3269 1093/3270 1092/3271 1091/3272 1090/3273 1089/3274
f 1099/3275 1100/3276 1101/3277 1102/3278 1103/3279 1104/3280 1105/3281 1106/3282 1107/3283 1108/3284
f 1089/3285 1090/3286 1100/3287 1099/3288
f 1090/3289 1091/3290 1101/3291 1100/3292
f 1091/3293 1092/3294 1102/3295 1101/3296
f 1092/3297 1093/3298 1103/3299 1102/3300
f 1093/3301 1094/3302 1104/3303 1103/3304
f 1094/3305 1095/3306 1105/3307 1104/3308
f 1095/3309 1096/3310 1106/3311 1105/3312
f 1096/3313 1097/3314 1107/3315 1106/3316
f 1097/3317 1098/3318 1108/3319 1107/3320
f 1098/3321 1089/3322 1099/3323 1108/3324
f 1118/3325 1117/3326 1116/3327 1115/3328 1114/3329 1113/3330 1112/3331 1111/3332 1110/3333 1109/3334
f 1119/3335 1120/3336 1121/3337 1122/3338 1123/3339 1124/3340 1125/3341 1126/3342 1127/3343 1128/3344
f 1109/3345 1110/3346 1120/3347 1119/3348
f 1110/3349 1111/3350 1121/3351 1120/3352
f 1111/3353 1112/3354 1122/3355 1121/3356
f 1112/3357 1113/3358 1123/3359 1122/3360
f 1113/3361 1114/3362 1124/3363 1123/3364
f 1114/3365 1115/3366 1125/3367 1124/3368
f 1115/3369 1116/3370 1126/3371 1125/3372
f 1116/3373 1117/3374 1127/3375 1126/3376
f 1117/3377 1118/3378 1128/3379 1127/3380
f 1118/3381 1109/3382 1119/3383 1128/3384
f 1138/3385 1137/3386 1136/3387 1135/3388 1134/3389 1133/3390 1132/3391 1131/3392 1130/3393 1129/3394
f 1139/3395 1140/3396 1141/3397 1142/3398 1143/3399 1144/3400 1145/3401 1146/3402 1147/3403 1148/3404
f 1129/3405 1130/3406 1140/3407 1139/3408
f 1130/3409 1131/3410 1141/3411 1140/3412
f 1131/3413 1132/3414 1142/3415 1141/3416
f 1132/3417 1133/3418 1143/3419 1142/3420
f 1133/3421 1134/3422 1144/3423 1143/3424
f 1134/3425 1135/3426 1145/3427 1144/3428
f 1135/3429 1136/3430 1146/3431 1145/3432
f 1136/3433 1137/3434 1147/3435 1146/3436
f 1137/3437 1138/3438 1148/3439 1147/3440
f 1138/3441 1129/3442 1139/3443 1148/3444
f 1158/3445 1157/3446 1156/3447 1155/3448 1154/3449 1153/3450 1152/3451 1151/3452 1150/3453 1149/3454
f 1159/3455 1160/3456 1161/3457 1162/3458 1163/3459 1164/3460 1165/3461 1166/3462 1167/3463 1168/3464
f 1149/3465 1150/3466 1160/3467 1159/3468
f 1150/3469 1151/3470 1161/3471 1160/3472
f 1151/3473 1152/3474 1162/3475 1161/3476
f 1152/3477 1153/3478 1163/3479 1162/3480
f 1153/3481 1154/3482 1164/3483 1163/3484
f 1154/3485 1155/3486 1165/3487 1164/3488
f 1155/3489 1156/3490 1166/3491 1165/3492
f 1156/3493 1157/3494 1167/3495 1166/3496
f 1157/3497 1158/3498 1168/3499 1167/3500
f 1158/3501 1149/3502 1159/3503 1168/3504
f 1178/3505 1177/3506 1176/3507 1175/3508 1174/3509 1173/3510 1172/3511 1171/3512 1170/3513 1169/3514
f 1179/3515 1180/3516 1181/3517 1182/3518 1183/3519 1184/3520 1185/3521 1186/3522 1187/3523 1188/3524
f 1169/3525 1170/3526 1180/3527 1179/3528
f 1170/3529 1171/3530 1181/3531 1180/3532
f 1171/3533 1172/3534 1182/3535 1181/3536
f 1172/3537 1173/3538 1183/3539 1182/3540
f 1173/3541 1174/3542 1184/3543 1183/3544
f 1174/3545 1175/3546 1185/3547 1184/3548
f 1175/3549 1176/3550 1186/3551 1185/3552
f 1176/3553 1177/3554 1187/3555 1186/3556
f 1177/3557 1178/3558 1188/3559 1187/3560
f 1178/3561 1169/3562 1179/3563 1188/3564
f 1198/3565 1197/3566 1196/3567 1195/3568 1194/3569 1193/3570 1192/3571 1191/3572 1190/3573 1189/3574
f 1199/3575 1200/3576 1201/3577 1202/3578 1203/3579 1204/3580 1205/3581 1206/3582 1207/3583 1208/3584
f 1189/3585 1190/3586 1200/3587 1199/3588
f 1190/3589 1191/3590 1201/3591 1200/3592
f 1191/3593 1192/3594 1202/3595 1201/3596
f 1192/3597 1193/3598 1203/3599 1202/3600
f 1193/3601 1194/3602 1204/3603 1203/3604
f 1194/3605 1195/3606 1205/3607 1204/3608
f 1195/3609 1196/3610 1206/3611 1205/3612
f 1196/3613 1197/3614 1207/3615 1206/3616
f 1197/3617 1198/3618 1208/3619 1207/3620
f 1198/3621 1189/3622 1199/3623 1208/3624
f 1218/3625 1217/3626 1216/3627 1215/3628 1214/3629 1213/3630 1212/3631 1211/3632 1210/3633 1209/3634
f 1219/3635 1220/3636 1221/3637 1222/3638 1223/3639 1224/3640 1225/3641 1226/3642 1227/3643 1228/3644
f 1209/3645 1210/3646 1220/3647 1219/3648
f 1210/3649 1211/3650 1221/3651 1220/3652
f 1211/3653 1212/3654 1222/3655 1221/3656
f 1212/3657 1213/3658 1223/3659 1222/3660
f 1213/3661 1214/3662 1224/3663 1223/3664
f 1214/3665 1215/3666 1225/3667 1224/3668
f 1215/3669 1216/3670 1226/3671 1225/3672
f 1216/3673 1217/3674 1227/3675 1226/3676
f 1217/3677 1218/3678 1228/3679 1227/3680
f 1218/3681 1209/3682 1219/3683 1228/3684
f 1238/3685 1237/3686 1236/3687 1235/3688 1234/3689 1233/3690 1232/3691 1231/3692 1230/3693 1229/3694
f 1239/3695 1240/3696 1241/3697 1242/3698 1243/3699 1244/3700 1245/3701 1246/3702 1247/3703 1248/3704
f 1229/3705 1230/3706 1240/3707 1239/3708
f 1230/3709 1231/3710 1241/3711 1240/3712
f 1231/3713 1232/3714 1242/3715 1241/3716
f 1232/3717 1233/3718 1243/3719 1242/3720
f 1233/3721 1234/3722 1244/3723 1243/3724
f 1234/3725 1235/3726 1245/3727 1244/3728
f 1235/3729 1236/3730 1246/3731 1245/3732
f 1236/3733 1237/3734 1247/3735 1246/3736
f 1237/3737 1238/3738 1248/3739 1247/3740
f 1238/3741 1229/3742 1239/3743 1248/3744
f 1258/3745 1257/3746 1256/3747 1255/3748 1254/3749 1253/3750 1252/3751 1251/3752 1250/3753 1249/3754
f 1259/3755 1260/3756 1261/3757 1262/3758 1263/3759 1264/3760 1265/3761 1266/3762 1267/3763 1268/3764
f 1249/3765 1250/3766 1260/3767 1259/3768
f 1250/3769 1251/3770 1261/3771 1260/3772
f 1251/3773 1252/3774 1262/3775 1261/3776
f 1252/3777 1253/3778 1263/3779 1262/3780
f 1253/3781 1254/3782 1264/3783 1263/3784
f 1254/3785 1255/3786 1265/3787 1264/3788
f 1255/3789 1256/3790 1266/3791 1265/3792
f 1256/3793 1257/3794 1267/3795 1266/3796
f 1257/3797 1258/3798 1268/3799 1267/3800
f 1258/3801 1249/3802 1259/3803 1268/3804
