# Generated by scripts/generate_spire_landmark.py
mtllib VD_Spire_Landmark.mtl
o VD_Spire
v 739.103626 306.146746 0.000000
v 565.685425 565.685425 0.000000
v 306.146746 739.103626 0.000000
v 0.000000 800.000000 0.000000
v -306.146746 739.103626 0.000000
v -565.685425 565.685425 0.000000
v -739.103626 306.146746 0.000000
v -800.000000 0.000000 0.000000
v -739.103626 -306.146746 0.000000
v -565.685425 -565.685425 0.000000
v -306.146746 -739.103626 0.000000
v -0.000000 -800.000000 0.000000
v 306.146746 -739.103626 0.000000
v 565.685425 -565.685425 0.000000
v 739.103626 -306.146746 0.000000
v 800.000000 -0.000000 0.000000
v 600.521696 248.744231 4000.000000
v 459.619408 459.619408 4000.000000
v 248.744231 600.521696 4000.000000
v 0.000000 650.000000 4000.000000
v -248.744231 600.521696 4000.000000
v -459.619408 459.619408 4000.000000
v -600.521696 248.744231 4000.000000
v -650.000000 0.000000 4000.000000
v -600.521696 -248.744231 4000.000000
v -459.619408 -459.619408 4000.000000
v -248.744231 -600.521696 4000.000000
v -0.000000 -650.000000 4000.000000
v 248.744231 -600.521696 4000.000000
v 459.619408 -459.619408 4000.000000
v 600.521696 -248.744231 4000.000000
v 650.000000 -0.000000 4000.000000
v 600.521696 248.744231 4000.000000
v 459.619408 459.619408 4000.000000
v 248.744231 600.521696 4000.000000
v 0.000000 650.000000 4000.000000
v -248.744231 600.521696 4000.000000
v -459.619408 459.619408 4000.000000
v -600.521696 248.744231 4000.000000
v -650.000000 0.000000 4000.000000
v -600.521696 -248.744231 4000.000000
v -459.619408 -459.619408 4000.000000
v -248.744231 -600.521696 4000.000000
v -0.000000 -650.000000 4000.000000
v 248.744231 -600.521696 4000.000000
v 459.619408 -459.619408 4000.000000
v 600.521696 -248.744231 4000.000000
v 650.000000 -0.000000 4000.000000
v 461.939766 191.341716 9000.000000
v 353.553391 353.553391 9000.000000
v 191.341716 461.939766 9000.000000
v 0.000000 500.000000 9000.000000
v -191.341716 461.939766 9000.000000
v -353.553391 353.553391 9000.000000
v -461.939766 191.341716 9000.000000
v -500.000000 0.000000 9000.000000
v -461.939766 -191.341716 9000.000000
v -353.553391 -353.553391 9000.000000
v -191.341716 -461.939766 9000.000000
v -0.000000 -500.000000 9000.000000
v 191.341716 -461.939766 9000.000000
v 353.553391 -353.553391 9000.000000
v 461.939766 -191.341716 9000.000000
v 500.000000 -0.000000 9000.000000
v 461.939766 191.341716 9000.000000
v 353.553391 353.553391 9000.000000
v 191.341716 461.939766 9000.000000
v 0.000000 500.000000 9000.000000
v -191.341716 461.939766 9000.000000
v -353.553391 353.553391 9000.000000
v -461.939766 191.341716 9000.000000
v -500.000000 0.000000 9000.000000
v -461.939766 -191.341716 9000.000000
v -353.553391 -353.553391 9000.000000
v -191.341716 -461.939766 9000.000000
v -0.000000 -500.000000 9000.000000
v 191.341716 -461.939766 9000.000000
v 353.553391 -353.553391 9000.000000
v 461.939766 -191.341716 9000.000000
v 500.000000 -0.000000 9000.000000
v 360.313018 149.246539 14000.000000
v 275.771645 275.771645 14000.000000
v 149.246539 360.313018 14000.000000
v 0.000000 390.000000 14000.000000
v -149.246539 360.313018 14000.000000
v -275.771645 275.771645 14000.000000
v -360.313018 149.246539 14000.000000
v -390.000000 0.000000 14000.000000
v -360.313018 -149.246539 14000.000000
v -275.771645 -275.771645 14000.000000
v -149.246539 -360.313018 14000.000000
v -0.000000 -390.000000 14000.000000
v 149.246539 -360.313018 14000.000000
v 275.771645 -275.771645 14000.000000
v 360.313018 -149.246539 14000.000000
v 390.000000 -0.000000 14000.000000
v 360.313018 149.246539 14000.000000
v 275.771645 275.771645 14000.000000
v 149.246539 360.313018 14000.000000
v 0.000000 390.000000 14000.000000
v -149.246539 360.313018 14000.000000
v -275.771645 275.771645 14000.000000
v -360.313018 149.246539 14000.000000
v -390.000000 0.000000 14000.000000
v -360.313018 -149.246539 14000.000000
v -275.771645 -275.771645 14000.000000
v -149.246539 -360.313018 14000.000000
v -0.000000 -390.000000 14000.000000
v 149.246539 -360.313018 14000.000000
v 275.771645 -275.771645 14000.000000
v 360.313018 -149.246539 14000.000000
v 390.000000 -0.000000 14000.000000
v 277.163860 114.805030 17400.000000
v 212.132034 212.132034 17400.000000
v 114.805030 277.163860 17400.000000
v 0.000000 300.000000 17400.000000
v -114.805030 277.163860 17400.000000
v -212.132034 212.132034 17400.000000
v -277.163860 114.805030 17400.000000
v -300.000000 0.000000 17400.000000
v -277.163860 -114.805030 17400.000000
v -212.132034 -212.132034 17400.000000
v -114.805030 -277.163860 17400.000000
v -0.000000 -300.000000 17400.000000
v 114.805030 -277.163860 17400.000000
v 212.132034 -212.132034 17400.000000
v 277.163860 -114.805030 17400.000000
v 300.000000 -0.000000 17400.000000
v 277.163860 114.805030 17400.000000
v 212.132034 212.132034 17400.000000
v 114.805030 277.163860 17400.000000
v 0.000000 300.000000 17400.000000
v -114.805030 277.163860 17400.000000
v -212.132034 212.132034 17400.000000
v -277.163860 114.805030 17400.000000
v -300.000000 0.000000 17400.000000
v -277.163860 -114.805030 17400.000000
v -212.132034 -212.132034 17400.000000
v -114.805030 -277.163860 17400.000000
v -0.000000 -300.000000 17400.000000
v 114.805030 -277.163860 17400.000000
v 212.132034 -212.132034 17400.000000
v 277.163860 -114.805030 17400.000000
v 300.000000 -0.000000 17400.000000
v 258.686269 107.151361 17920.000000
v 197.989899 197.989899 17920.000000
v 107.151361 258.686269 17920.000000
v 0.000000 280.000000 17920.000000
v -107.151361 258.686269 17920.000000
v -197.989899 197.989899 17920.000000
v -258.686269 107.151361 17920.000000
v -280.000000 0.000000 17920.000000
v -258.686269 -107.151361 17920.000000
v -197.989899 -197.989899 17920.000000
v -107.151361 -258.686269 17920.000000
v -0.000000 -280.000000 17920.000000
v 107.151361 -258.686269 17920.000000
v 197.989899 -197.989899 17920.000000
v 258.686269 -107.151361 17920.000000
v 280.000000 -0.000000 17920.000000
v 304.880246 126.285533 17920.000000
v 233.345238 233.345238 17920.000000
v 126.285533 304.880246 17920.000000
v 0.000000 330.000000 17920.000000
v -126.285533 304.880246 17920.000000
v -233.345238 233.345238 17920.000000
v -304.880246 126.285533 17920.000000
v -330.000000 0.000000 17920.000000
v -304.880246 -126.285533 17920.000000
v -233.345238 -233.345238 17920.000000
v -126.285533 -304.880246 17920.000000
v -0.000000 -330.000000 17920.000000
v 126.285533 -304.880246 17920.000000
v 233.345238 -233.345238 17920.000000
v 304.880246 -126.285533 17920.000000
v 330.000000 -0.000000 17920.000000
v 304.880246 126.285533 18000.000000
v 233.345238 233.345238 18000.000000
v 126.285533 304.880246 18000.000000
v 0.000000 330.000000 18000.000000
v -126.285533 304.880246 18000.000000
v -233.345238 233.345238 18000.000000
v -304.880246 126.285533 18000.000000
v -330.000000 0.000000 18000.000000
v -304.880246 -126.285533 18000.000000
v -233.345238 -233.345238 18000.000000
v -126.285533 -304.880246 18000.000000
v -0.000000 -330.000000 18000.000000
v 126.285533 -304.880246 18000.000000
v 233.345238 -233.345238 18000.000000
v 304.880246 -126.285533 18000.000000
v 330.000000 -0.000000 18000.000000
v 249.447474 103.324527 17996.000000
v 190.918831 190.918831 17996.000000
v 103.324527 249.447474 17996.000000
v 0.000000 270.000000 17996.000000
v -103.324527 249.447474 17996.000000
v -190.918831 190.918831 17996.000000
v -249.447474 103.324527 17996.000000
v -270.000000 0.000000 17996.000000
v -249.447474 -103.324527 17996.000000
v -190.918831 -190.918831 17996.000000
v -103.324527 -249.447474 17996.000000
v -0.000000 -270.000000 17996.000000
v 103.324527 -249.447474 17996.000000
v 190.918831 -190.918831 17996.000000
v 249.447474 -103.324527 17996.000000
v 270.000000 -0.000000 17996.000000
v 249.447474 103.324527 18000.000000
v 190.918831 190.918831 18000.000000
v 103.324527 249.447474 18000.000000
v 0.000000 270.000000 18000.000000
v -103.324527 249.447474 18000.000000
v -190.918831 190.918831 18000.000000
v -249.447474 103.324527 18000.000000
v -270.000000 0.000000 18000.000000
v -249.447474 -103.324527 18000.000000
v -190.918831 -190.918831 18000.000000
v -103.324527 -249.447474 18000.000000
v -0.000000 -270.000000 18000.000000
v 103.324527 -249.447474 18000.000000
v 190.918831 -190.918831 18000.000000
v 249.447474 -103.324527 18000.000000
v 270.000000 -0.000000 18000.000000
v 810.000000 -36.000000 1200.000000
v 812.826440 -34.828427 1200.105992
v 813.997190 -32.000000 1200.149895
v 812.826440 -29.171573 1200.105992
v 810.000000 -28.000000 1200.000000
v 807.173560 -29.171573 1199.894008
v 806.002810 -32.000000 1199.850105
v 807.173560 -34.828427 1199.894008
v 808.687500 -36.000000 1235.000000
v 811.513940 -34.828427 1235.105992
v 812.684690 -32.000000 1235.149895
v 811.513940 -29.171573 1235.105992
v 808.687500 -28.000000 1235.000000
v 805.861060 -29.171573 1234.894008
v 804.690310 -32.000000 1234.850105
v 805.861060 -34.828427 1234.894008
v 810.000000 28.000000 1200.000000
v 812.826440 29.171573 1200.105992
v 813.997190 32.000000 1200.149895
v 812.826440 34.828427 1200.105992
v 810.000000 36.000000 1200.000000
v 807.173560 34.828427 1199.894008
v 806.002810 32.000000 1199.850105
v 807.173560 29.171573 1199.894008
v 808.687500 28.000000 1235.000000
v 811.513940 29.171573 1235.105992
v 812.684690 32.000000 1235.149895
v 811.513940 34.828427 1235.105992
v 808.687500 36.000000 1235.000000
v 805.861060 34.828427 1234.894008
v 804.690310 32.000000 1234.850105
v 805.861060 29.171573 1234.894008
v 808.687500 -36.000000 1235.000000
v 811.513940 -34.828427 1235.105992
v 812.684690 -32.000000 1235.149895
v 811.513940 -29.171573 1235.105992
v 808.687500 -28.000000 1235.000000
v 805.861060 -29.171573 1234.894008
v 804.690310 -32.000000 1234.850105
v 805.861060 -34.828427 1234.894008
v 807.375000 -36.000000 1270.000000
v 810.201440 -34.828427 1270.105992
v 811.372190 -32.000000 1270.149895
v 810.201440 -29.171573 1270.105992
v 807.375000 -28.000000 1270.000000
v 804.548560 -29.171573 1269.894008
v 803.377810 -32.000000 1269.850105
v 804.548560 -34.828427 1269.894008
v 808.687500 28.000000 1235.000000
v 811.513940 29.171573 1235.105992
v 812.684690 32.000000 1235.149895
v 811.513940 34.828427 1235.105992
v 808.687500 36.000000 1235.000000
v 805.861060 34.828427 1234.894008
v 804.690310 32.000000 1234.850105
v 805.861060 29.171573 1234.894008
v 807.375000 28.000000 1270.000000
v 810.201440 29.171573 1270.105992
v 811.372190 32.000000 1270.149895
v 810.201440 34.828427 1270.105992
v 807.375000 36.000000 1270.000000
v 804.548560 34.828427 1269.894008
v 803.377810 32.000000 1269.850105
v 804.548560 29.171573 1269.894008
v 807.375000 -36.000000 1270.000000
v 810.201440 -34.828427 1270.105992
v 811.372190 -32.000000 1270.149895
v 810.201440 -29.171573 1270.105992
v 807.375000 -28.000000 1270.000000
v 804.548560 -29.171573 1269.894008
v 803.377810 -32.000000 1269.850105
v 804.548560 -34.828427 1269.894008
v 806.062500 -36.000000 1305.000000
v 808.888940 -34.828427 1305.105992
v 810.059690 -32.000000 1305.149895
v 808.888940 -29.171573 1305.105992
v 806.062500 -28.000000 1305.000000
v 803.236060 -29.171573 1304.894008
v 802.065310 -32.000000 1304.850105
v 803.236060 -34.828427 1304.894008
v 807.375000 28.000000 1270.000000
v 810.201440 29.171573 1270.105992
v 811.372190 32.000000 1270.149895
v 810.201440 34.828427 1270.105992
v 807.375000 36.000000 1270.000000
v 804.548560 34.828427 1269.894008
v 803.377810 32.000000 1269.850105
v 804.548560 29.171573 1269.894008
v 806.062500 28.000000 1305.000000
v 808.888940 29.171573 1305.105992
v 810.059690 32.000000 1305.149895
v 808.888940 34.828427 1305.105992
v 806.062500 36.000000 1305.000000
v 803.236060 34.828427 1304.894008
v 802.065310 32.000000 1304.850105
v 803.236060 29.171573 1304.894008
v 806.062500 -36.000000 1305.000000
v 808.888940 -34.828427 1305.105992
v 810.059690 -32.000000 1305.149895
v 808.888940 -29.171573 1305.105992
v 806.062500 -28.000000 1305.000000
v 803.236060 -29.171573 1304.894008
v 802.065310 -32.000000 1304.850105
v 803.236060 -34.828427 1304.894008
v 804.750000 -36.000000 1340.000000
v 807.576440 -34.828427 1340.105992
v 808.747190 -32.000000 1340.149895
v 807.576440 -29.171573 1340.105992
v 804.750000 -28.000000 1340.000000
v 801.923560 -29.171573 1339.894008
v 800.752810 -32.000000 1339.850105
v 801.923560 -34.828427 1339.894008
v 806.062500 28.000000 1305.000000
v 808.888940 29.171573 1305.105992
v 810.059690 32.000000 1305.149895
v 808.888940 34.828427 1305.105992
v 806.062500 36.000000 1305.000000
v 803.236060 34.828427 1304.894008
v 802.065310 32.000000 1304.850105
v 803.236060 29.171573 1304.894008
v 804.750000 28.000000 1340.000000
v 807.576440 29.171573 1340.105992
v 808.747190 32.000000 1340.149895
v 807.576440 34.828427 1340.105992
v 804.750000 36.000000 1340.000000
v 801.923560 34.828427 1339.894008
v 800.752810 32.000000 1339.850105
v 801.923560 29.171573 1339.894008
v 804.750000 -36.000000 1340.000000
v 807.576440 -34.828427 1340.105992
v 808.747190 -32.000000 1340.149895
v 807.576440 -29.171573 1340.105992
v 804.750000 -28.000000 1340.000000
v 801.923560 -29.171573 1339.894008
v 800.752810 -32.000000 1339.850105
v 801.923560 -34.828427 1339.894008
v 803.437500 -36.000000 1375.000000
v 806.263940 -34.828427 1375.105992
v 807.434690 -32.000000 1375.149895
v 806.263940 -29.171573 1375.105992
v 803.437500 -28.000000 1375.000000
v 800.611060 -29.171573 1374.894008
v 799.440310 -32.000000 1374.850105
v 800.611060 -34.828427 1374.894008
v 804.750000 28.000000 1340.000000
v 807.576440 29.171573 1340.105992
v 808.747190 32.000000 1340.149895
v 807.576440 34.828427 1340.105992
v 804.750000 36.000000 1340.000000
v 801.923560 34.828427 1339.894008
v 800.752810 32.000000 1339.850105
v 801.923560 29.171573 1339.894008
v 803.437500 28.000000 1375.000000
v 806.263940 29.171573 1375.105992
v 807.434690 32.000000 1375.149895
v 806.263940 34.828427 1375.105992
v 803.437500 36.000000 1375.000000
v 800.611060 34.828427 1374.894008
v 799.440310 32.000000 1374.850105
v 800.611060 29.171573 1374.894008
v 803.437500 -36.000000 1375.000000
v 806.263940 -34.828427 1375.105992
v 807.434690 -32.000000 1375.149895
v 806.263940 -29.171573 1375.105992
v 803.437500 -28.000000 1375.000000
v 800.611060 -29.171573 1374.894008
v 799.440310 -32.000000 1374.850105
v 800.611060 -34.828427 1374.894008
v 802.125000 -36.000000 1410.000000
v 804.951440 -34.828427 1410.105992
v 806.122190 -32.000000 1410.149895
v 804.951440 -29.171573 1410.105992
v 802.125000 -28.000000 1410.000000
v 799.298560 -29.171573 1409.894008
v 798.127810 -32.000000 1409.850105
v 799.298560 -34.828427 1409.894008
v 803.437500 28.000000 1375.000000
v 806.263940 29.171573 1375.105992
v 807.434690 32.000000 1375.149895
v 806.263940 34.828427 1375.105992
v 803.437500 36.000000 1375.000000
v 800.611060 34.828427 1374.894008
v 799.440310 32.000000 1374.850105
v 800.611060 29.171573 1374.894008
v 802.125000 28.000000 1410.000000
v 804.951440 29.171573 1410.105992
v 806.122190 32.000000 1410.149895
v 804.951440 34.828427 1410.105992
v 802.125000 36.000000 1410.000000
v 799.298560 34.828427 1409.894008
v 798.127810 32.000000 1409.850105
v 799.298560 29.171573 1409.894008
v 802.125000 -36.000000 1410.000000
v 804.951440 -34.828427 1410.105992
v 806.122190 -32.000000 1410.149895
v 804.951440 -29.171573 1410.105992
v 802.125000 -28.000000 1410.000000
v 799.298560 -29.171573 1409.894008
v 798.127810 -32.000000 1409.850105
v 799.298560 -34.828427 1409.894008
v 800.812500 -36.000000 1445.000000
v 803.638940 -34.828427 1445.105992
v 804.809690 -32.000000 1445.149895
v 803.638940 -29.171573 1445.105992
v 800.812500 -28.000000 1445.000000
v 797.986060 -29.171573 1444.894008
v 796.815310 -32.000000 1444.850105
v 797.986060 -34.828427 1444.894008
v 802.125000 28.000000 1410.000000
v 804.951440 29.171573 1410.105992
v 806.122190 32.000000 1410.149895
v 804.951440 34.828427 1410.105992
v 802.125000 36.000000 1410.000000
v 799.298560 34.828427 1409.894008
v 798.127810 32.000000 1409.850105
v 799.298560 29.171573 1409.894008
v 800.812500 28.000000 1445.000000
v 803.638940 29.171573 1445.105992
v 804.809690 32.000000 1445.149895
v 803.638940 34.828427 1445.105992
v 800.812500 36.000000 1445.000000
v 797.986060 34.828427 1444.894008
v 796.815310 32.000000 1444.850105
v 797.986060 29.171573 1444.894008
v 800.812500 -36.000000 1445.000000
v 803.638940 -34.828427 1445.105992
v 804.809690 -32.000000 1445.149895
v 803.638940 -29.171573 1445.105992
v 800.812500 -28.000000 1445.000000
v 797.986060 -29.171573 1444.894008
v 796.815310 -32.000000 1444.850105
v 797.986060 -34.828427 1444.894008
v 799.500000 -36.000000 1480.000000
v 802.326440 -34.828427 1480.105992
v 803.497190 -32.000000 1480.149895
v 802.326440 -29.171573 1480.105992
v 799.500000 -28.000000 1480.000000
v 796.673560 -29.171573 1479.894008
v 795.502810 -32.000000 1479.850105
v 796.673560 -34.828427 1479.894008
v 800.812500 28.000000 1445.000000
v 803.638940 29.171573 1445.105992
v 804.809690 32.000000 1445.149895
v 803.638940 34.828427 1445.105992
v 800.812500 36.000000 1445.000000
v 797.986060 34.828427 1444.894008
v 796.815310 32.000000 1444.850105
v 797.986060 29.171573 1444.894008
v 799.500000 28.000000 1480.000000
v 802.326440 29.171573 1480.105992
v 803.497190 32.000000 1480.149895
v 802.326440 34.828427 1480.105992
v 799.500000 36.000000 1480.000000
v 796.673560 34.828427 1479.894008
v 795.502810 32.000000 1479.850105
v 796.673560 29.171573 1479.894008
v 799.500000 -36.000000 1480.000000
v 802.326440 -34.828427 1480.105992
v 803.497190 -32.000000 1480.149895
v 802.326440 -29.171573 1480.105992
v 799.500000 -28.000000 1480.000000
v 796.673560 -29.171573 1479.894008
v 795.502810 -32.000000 1479.850105
v 796.673560 -34.828427 1479.894008
v 798.187500 -36.000000 1515.000000
v 801.013940 -34.828427 1515.105992
v 802.184690 -32.000000 1515.149895
v 801.013940 -29.171573 1515.105992
v 798.187500 -28.000000 1515.000000
v 795.361060 -29.171573 1514.894008
v 794.190310 -32.000000 1514.850105
v 795.361060 -34.828427 1514.894008
v 799.500000 28.000000 1480.000000
v 802.326440 29.171573 1480.105992
v 803.497190 32.000000 1480.149895
v 802.326440 34.828427 1480.105992
v 799.500000 36.000000 1480.000000
v 796.673560 34.828427 1479.894008
v 795.502810 32.000000 1479.850105
v 796.673560 29.171573 1479.894008
v 798.187500 28.000000 1515.000000
v 801.013940 29.171573 1515.105992
v 802.184690 32.000000 1515.149895
v 801.013940 34.828427 1515.105992
v 798.187500 36.000000 1515.000000
v 795.361060 34.828427 1514.894008
v 794.190310 32.000000 1514.850105
v 795.361060 29.171573 1514.894008
v 798.187500 -36.000000 1515.000000
v 801.013940 -34.828427 1515.105992
v 802.184690 -32.000000 1515.149895
v 801.013940 -29.171573 1515.105992
v 798.187500 -28.000000 1515.000000
v 795.361060 -29.171573 1514.894008
v 794.190310 -32.000000 1514.850105
v 795.361060 -34.828427 1514.894008
v 796.875000 -36.000000 1550.000000
v 799.701440 -34.828427 1550.105992
v 800.872190 -32.000000 1550.149895
v 799.701440 -29.171573 1550.105992
v 796.875000 -28.000000 1550.000000
v 794.048560 -29.171573 1549.894008
v 792.877810 -32.000000 1549.850105
v 794.048560 -34.828427 1549.894008
v 798.187500 28.000000 1515.000000
v 801.013940 29.171573 1515.105992
v 802.184690 32.000000 1515.149895
v 801.013940 34.828427 1515.105992
v 798.187500 36.000000 1515.000000
v 795.361060 34.828427 1514.894008
v 794.190310 32.000000 1514.850105
v 795.361060 29.171573 1514.894008
v 796.875000 28.000000 1550.000000
v 799.701440 29.171573 1550.105992
v 800.872190 32.000000 1550.149895
v 799.701440 34.828427 1550.105992
v 796.875000 36.000000 1550.000000
v 794.048560 34.828427 1549.894008
v 792.877810 32.000000 1549.850105
v 794.048560 29.171573 1549.894008
v 796.875000 -36.000000 1550.000000
v 799.701440 -34.828427 1550.105992
v 800.872190 -32.000000 1550.149895
v 799.701440 -29.171573 1550.105992
v 796.875000 -28.000000 1550.000000
v 794.048560 -29.171573 1549.894008
v 792.877810 -32.000000 1549.850105
v 794.048560 -34.828427 1549.894008
v 795.562500 -36.000000 1585.000000
v 798.388940 -34.828427 1585.105992
v 799.559690 -32.000000 1585.149895
v 798.388940 -29.171573 1585.105992
v 795.562500 -28.000000 1585.000000
v 792.736060 -29.171573 1584.894008
v 791.565310 -32.000000 1584.850105
v 792.736060 -34.828427 1584.894008
v 796.875000 28.000000 1550.000000
v 799.701440 29.171573 1550.105992
v 800.872190 32.000000 1550.149895
v 799.701440 34.828427 1550.105992
v 796.875000 36.000000 1550.000000
v 794.048560 34.828427 1549.894008
v 792.877810 32.000000 1549.850105
v 794.048560 29.171573 1549.894008
v 795.562500 28.000000 1585.000000
v 798.388940 29.171573 1585.105992
v 799.559690 32.000000 1585.149895
v 798.388940 34.828427 1585.105992
v 795.562500 36.000000 1585.000000
v 792.736060 34.828427 1584.894008
v 791.565310 32.000000 1584.850105
v 792.736060 29.171573 1584.894008
v 795.562500 -36.000000 1585.000000
v 798.388940 -34.828427 1585.105992
v 799.559690 -32.000000 1585.149895
v 798.388940 -29.171573 1585.105992
v 795.562500 -28.000000 1585.000000
v 792.736060 -29.171573 1584.894008
v 791.565310 -32.000000 1584.850105
v 792.736060 -34.828427 1584.894008
v 794.250000 -36.000000 1620.000000
v 797.076440 -34.828427 1620.105992
v 798.247190 -32.000000 1620.149895
v 797.076440 -29.171573 1620.105992
v 794.250000 -28.000000 1620.000000
v 791.423560 -29.171573 1619.894008
v 790.252810 -32.000000 1619.850105
v 791.423560 -34.828427 1619.894008
v 795.562500 28.000000 1585.000000
v 798.388940 29.171573 1585.105992
v 799.559690 32.000000 1585.149895
v 798.388940 34.828427 1585.105992
v 795.562500 36.000000 1585.000000
v 792.736060 34.828427 1584.894008
v 791.565310 32.000000 1584.850105
v 792.736060 29.171573 1584.894008
v 794.250000 28.000000 1620.000000
v 797.076440 29.171573 1620.105992
v 798.247190 32.000000 1620.149895
v 797.076440 34.828427 1620.105992
v 794.250000 36.000000 1620.000000
v 791.423560 34.828427 1619.894008
v 790.252810 32.000000 1619.850105
v 791.423560 29.171573 1619.894008
v 794.250000 -36.000000 1620.000000
v 797.076440 -34.828427 1620.105992
v 798.247190 -32.000000 1620.149895
v 797.076440 -29.171573 1620.105992
v 794.250000 -28.000000 1620.000000
v 791.423560 -29.171573 1619.894008
v 790.252810 -32.000000 1619.850105
v 791.423560 -34.828427 1619.894008
v 792.937500 -36.000000 1655.000000
v 795.763940 -34.828427 1655.105992
v 796.934690 -32.000000 1655.149895
v 795.763940 -29.171573 1655.105992
v 792.937500 -28.000000 1655.000000
v 790.111060 -29.171573 1654.894008
v 788.940310 -32.000000 1654.850105
v 790.111060 -34.828427 1654.894008
v 794.250000 28.000000 1620.000000
v 797.076440 29.171573 1620.105992
v 798.247190 32.000000 1620.149895
v 797.076440 34.828427 1620.105992
v 794.250000 36.000000 1620.000000
v 791.423560 34.828427 1619.894008
v 790.252810 32.000000 1619.850105
v 791.423560 29.171573 1619.894008
v 792.937500 28.000000 1655.000000
v 795.763940 29.171573 1655.105992
v 796.934690 32.000000 1655.149895
v 795.763940 34.828427 1655.105992
v 792.937500 36.000000 1655.000000
v 790.111060 34.828427 1654.894008
v 788.940310 32.000000 1654.850105
v 790.111060 29.171573 1654.894008
v 792.937500 -36.000000 1655.000000
v 795.763940 -34.828427 1655.105992
v 796.934690 -32.000000 1655.149895
v 795.763940 -29.171573 1655.105992
v 792.937500 -28.000000 1655.000000
v 790.111060 -29.171573 1654.894008
v 788.940310 -32.000000 1654.850105
v 790.111060 -34.828427 1654.894008
v 791.625000 -36.000000 1690.000000
v 794.451440 -34.828427 1690.105992
v 795.622190 -32.000000 1690.149895
v 794.451440 -29.171573 1690.105992
v 791.625000 -28.000000 1690.000000
v 788.798560 -29.171573 1689.894008
v 787.627810 -32.000000 1689.850105
v 788.798560 -34.828427 1689.894008
v 792.937500 28.000000 1655.000000
v 795.763940 29.171573 1655.105992
v 796.934690 32.000000 1655.149895
v 795.763940 34.828427 1655.105992
v 792.937500 36.000000 1655.000000
v 790.111060 34.828427 1654.894008
v 788.940310 32.000000 1654.850105
v 790.111060 29.171573 1654.894008
v 791.625000 28.000000 1690.000000
v 794.451440 29.171573 1690.105992
v 795.622190 32.000000 1690.149895
v 794.451440 34.828427 1690.105992
v 791.625000 36.000000 1690.000000
v 788.798560 34.828427 1689.894008
v 787.627810 32.000000 1689.850105
v 788.798560 29.171573 1689.894008
v 791.625000 -36.000000 1690.000000
v 794.451440 -34.828427 1690.105992
v 795.622190 -32.000000 1690.149895
v 794.451440 -29.171573 1690.105992
v 791.625000 -28.000000 1690.000000
v 788.798560 -29.171573 1689.894008
v 787.627810 -32.000000 1689.850105
v 788.798560 -34.828427 1689.894008
v 790.312500 -36.000000 1725.000000
v 793.138940 -34.828427 1725.105992
v 794.309690 -32.000000 1725.149895
v 793.138940 -29.171573 1725.105992
v 790.312500 -28.000000 1725.000000
v 787.486060 -29.171573 1724.894008
v 786.315310 -32.000000 1724.850105
v 787.486060 -34.828427 1724.894008
v 791.625000 28.000000 1690.000000
v 794.451440 29.171573 1690.105992
v 795.622190 32.000000 1690.149895
v 794.451440 34.828427 1690.105992
v 791.625000 36.000000 1690.000000
v 788.798560 34.828427 1689.894008
v 787.627810 32.000000 1689.850105
v 788.798560 29.171573 1689.894008
v 790.312500 28.000000 1725.000000
v 793.138940 29.171573 1725.105992
v 794.309690 32.000000 1725.149895
v 793.138940 34.828427 1725.105992
v 790.312500 36.000000 1725.000000
v 787.486060 34.828427 1724.894008
v 786.315310 32.000000 1724.850105
v 787.486060 29.171573 1724.894008
v 790.312500 -36.000000 1725.000000
v 793.138940 -34.828427 1725.105992
v 794.309690 -32.000000 1725.149895
v 793.138940 -29.171573 1725.105992
v 790.312500 -28.000000 1725.000000
v 787.486060 -29.171573 1724.894008
v 786.315310 -32.000000 1724.850105
v 787.486060 -34.828427 1724.894008
v 789.000000 -36.000000 1760.000000
v 791.826440 -34.828427 1760.105992
v 792.997190 -32.000000 1760.149895
v 791.826440 -29.171573 1760.105992
v 789.000000 -28.000000 1760.000000
v 786.173560 -29.171573 1759.894008
v 785.002810 -32.000000 1759.850105
v 786.173560 -34.828427 1759.894008
v 790.312500 28.000000 1725.000000
v 793.138940 29.171573 1725.105992
v 794.309690 32.000000 1725.149895
v 793.138940 34.828427 1725.105992
v 790.312500 36.000000 1725.000000
v 787.486060 34.828427 1724.894008
v 786.315310 32.000000 1724.850105
v 787.486060 29.171573 1724.894008
v 789.000000 28.000000 1760.000000
v 791.826440 29.171573 1760.105992
v 792.997190 32.000000 1760.149895
v 791.826440 34.828427 1760.105992
v 789.000000 36.000000 1760.000000
v 786.173560 34.828427 1759.894008
v 785.002810 32.000000 1759.850105
v 786.173560 29.171573 1759.894008
v 789.000000 -36.000000 1760.000000
v 791.826440 -34.828427 1760.105992
v 792.997190 -32.000000 1760.149895
v 791.826440 -29.171573 1760.105992
v 789.000000 -28.000000 1760.000000
v 786.173560 -29.171573 1759.894008
v 785.002810 -32.000000 1759.850105
v 786.173560 -34.828427 1759.894008
v 787.687500 -36.000000 1795.000000
v 790.513940 -34.828427 1795.105992
v 791.684690 -32.000000 1795.149895
v 790.513940 -29.171573 1795.105992
v 787.687500 -28.000000 1795.000000
v 784.861060 -29.171573 1794.894008
v 783.690310 -32.000000 1794.850105
v 784.861060 -34.828427 1794.894008
v 789.000000 28.000000 1760.000000
v 791.826440 29.171573 1760.105992
v 792.997190 32.000000 1760.149895
v 791.826440 34.828427 1760.105992
v 789.000000 36.000000 1760.000000
v 786.173560 34.828427 1759.894008
v 785.002810 32.000000 1759.850105
v 786.173560 29.171573 1759.894008
v 787.687500 28.000000 1795.000000
v 790.513940 29.171573 1795.105992
v 791.684690 32.000000 1795.149895
v 790.513940 34.828427 1795.105992
v 787.687500 36.000000 1795.000000
v 784.861060 34.828427 1794.894008
v 783.690310 32.000000 1794.850105
v 784.861060 29.171573 1794.894008
v 787.687500 -36.000000 1795.000000
v 790.513940 -34.828427 1795.105992
v 791.684690 -32.000000 1795.149895
v 790.513940 -29.171573 1795.105992
v 787.687500 -28.000000 1795.000000
v 784.861060 -29.171573 1794.894008
v 783.690310 -32.000000 1794.850105
v 784.861060 -34.828427 1794.894008
v 786.375000 -36.000000 1830.000000
v 789.201440 -34.828427 1830.105992
v 790.372190 -32.000000 1830.149895
v 789.201440 -29.171573 1830.105992
v 786.375000 -28.000000 1830.000000
v 783.548560 -29.171573 1829.894008
v 782.377810 -32.000000 1829.850105
v 783.548560 -34.828427 1829.894008
v 787.687500 28.000000 1795.000000
v 790.513940 29.171573 1795.105992
v 791.684690 32.000000 1795.149895
v 790.513940 34.828427 1795.105992
v 787.687500 36.000000 1795.000000
v 784.861060 34.828427 1794.894008
v 783.690310 32.000000 1794.850105
v 784.861060 29.171573 1794.894008
v 786.375000 28.000000 1830.000000
v 789.201440 29.171573 1830.105992
v 790.372190 32.000000 1830.149895
v 789.201440 34.828427 1830.105992
v 786.375000 36.000000 1830.000000
v 783.548560 34.828427 1829.894008
v 782.377810 32.000000 1829.850105
v 783.548560 29.171573 1829.894008
v 786.375000 -36.000000 1830.000000
v 789.201440 -34.828427 1830.105992
v 790.372190 -32.000000 1830.149895
v 789.201440 -29.171573 1830.105992
v 786.375000 -28.000000 1830.000000
v 783.548560 -29.171573 1829.894008
v 782.377810 -32.000000 1829.850105
v 783.548560 -34.828427 1829.894008
v 785.062500 -36.000000 1865.000000
v 787.888940 -34.828427 1865.105992
v 789.059690 -32.000000 1865.149895
v 787.888940 -29.171573 1865.105992
v 785.062500 -28.000000 1865.000000
v 782.236060 -29.171573 1864.894008
v 781.065310 -32.000000 1864.850105
v 782.236060 -34.828427 1864.894008
v 786.375000 28.000000 1830.000000
v 789.201440 29.171573 1830.105992
v 790.372190 32.000000 1830.149895
v 789.201440 34.828427 1830.105992
v 786.375000 36.000000 1830.000000
v 783.548560 34.828427 1829.894008
v 782.377810 32.000000 1829.850105
v 783.548560 29.171573 1829.894008
v 785.062500 28.000000 1865.000000
v 787.888940 29.171573 1865.105992
v 789.059690 32.000000 1865.149895
v 787.888940 34.828427 1865.105992
v 785.062500 36.000000 1865.000000
v 782.236060 34.828427 1864.894008
v 781.065310 32.000000 1864.850105
v 782.236060 29.171573 1864.894008
v 785.062500 -36.000000 1865.000000
v 787.888940 -34.828427 1865.105992
v 789.059690 -32.000000 1865.149895
v 787.888940 -29.171573 1865.105992
v 785.062500 -28.000000 1865.000000
v 782.236060 -29.171573 1864.894008
v 781.065310 -32.000000 1864.850105
v 782.236060 -34.828427 1864.894008
v 783.750000 -36.000000 1900.000000
v 786.576440 -34.828427 1900.105992
v 787.747190 -32.000000 1900.149895
v 786.576440 -29.171573 1900.105992
v 783.750000 -28.000000 1900.000000
v 780.923560 -29.171573 1899.894008
v 779.752810 -32.000000 1899.850105
v 780.923560 -34.828427 1899.894008
v 785.062500 28.000000 1865.000000
v 787.888940 29.171573 1865.105992
v 789.059690 32.000000 1865.149895
v 787.888940 34.828427 1865.105992
v 785.062500 36.000000 1865.000000
v 782.236060 34.828427 1864.894008
v 781.065310 32.000000 1864.850105
v 782.236060 29.171573 1864.894008
v 783.750000 28.000000 1900.000000
v 786.576440 29.171573 1900.105992
v 787.747190 32.000000 1900.149895
v 786.576440 34.828427 1900.105992
v 783.750000 36.000000 1900.000000
v 780.923560 34.828427 1899.894008
v 779.752810 32.000000 1899.850105
v 780.923560 29.171573 1899.894008
v 783.750000 -36.000000 1900.000000
v 786.576440 -34.828427 1900.105992
v 787.747190 -32.000000 1900.149895
v 786.576440 -29.171573 1900.105992
v 783.750000 -28.000000 1900.000000
v 780.923560 -29.171573 1899.894008
v 779.752810 -32.000000 1899.850105
v 780.923560 -34.828427 1899.894008
v 782.437500 -36.000000 1935.000000
v 785.263940 -34.828427 1935.105992
v 786.434690 -32.000000 1935.149895
v 785.263940 -29.171573 1935.105992
v 782.437500 -28.000000 1935.000000
v 779.611060 -29.171573 1934.894008
v 778.440310 -32.000000 1934.850105
v 779.611060 -34.828427 1934.894008
v 783.750000 28.000000 1900.000000
v 786.576440 29.171573 1900.105992
v 787.747190 32.000000 1900.149895
v 786.576440 34.828427 1900.105992
v 783.750000 36.000000 1900.000000
v 780.923560 34.828427 1899.894008
v 779.752810 32.000000 1899.850105
v 780.923560 29.171573 1899.894008
v 782.437500 28.000000 1935.000000
v 785.263940 29.171573 1935.105992
v 786.434690 32.000000 1935.149895
v 785.263940 34.828427 1935.105992
v 782.437500 36.000000 1935.000000
v 779.611060 34.828427 1934.894008
v 778.440310 32.000000 1934.850105
v 779.611060 29.171573 1934.894008
v 782.437500 -36.000000 1935.000000
v 785.263940 -34.828427 1935.105992
v 786.434690 -32.000000 1935.149895
v 785.263940 -29.171573 1935.105992
v 782.437500 -28.000000 1935.000000
v 779.611060 -29.171573 1934.894008
v 778.440310 -32.000000 1934.850105
v 779.611060 -34.828427 1934.894008
v 781.125000 -36.000000 1970.000000
v 783.951440 -34.828427 1970.105992
v 785.122190 -32.000000 1970.149895
v 783.951440 -29.171573 1970.105992
v 781.125000 -28.000000 1970.000000
v 778.298560 -29.171573 1969.894008
v 777.127810 -32.000000 1969.850105
v 778.298560 -34.828427 1969.894008
v 782.437500 28.000000 1935.000000
v 785.263940 29.171573 1935.105992
v 786.434690 32.000000 1935.149895
v 785.263940 34.828427 1935.105992
v 782.437500 36.000000 1935.000000
v 779.611060 34.828427 1934.894008
v 778.440310 32.000000 1934.850105
v 779.611060 29.171573 1934.894008
v 781.125000 28.000000 1970.000000
v 783.951440 29.171573 1970.105992
v 785.122190 32.000000 1970.149895
v 783.951440 34.828427 1970.105992
v 781.125000 36.000000 1970.000000
v 778.298560 34.828427 1969.894008
v 777.127810 32.000000 1969.850105
v 778.298560 29.171573 1969.894008
v 781.125000 -36.000000 1970.000000
v 783.951440 -34.828427 1970.105992
v 785.122190 -32.000000 1970.149895
v 783.951440 -29.171573 1970.105992
v 781.125000 -28.000000 1970.000000
v 778.298560 -29.171573 1969.894008
v 777.127810 -32.000000 1969.850105
v 778.298560 -34.828427 1969.894008
v 779.812500 -36.000000 2005.000000
v 782.638940 -34.828427 2005.105992
v 783.809690 -32.000000 2005.149895
v 782.638940 -29.171573 2005.105992
v 779.812500 -28.000000 2005.000000
v 776.986060 -29.171573 2004.894008
v 775.815310 -32.000000 2004.850105
v 776.986060 -34.828427 2004.894008
v 781.125000 28.000000 1970.000000
v 783.951440 29.171573 1970.105992
v 785.122190 32.000000 1970.149895
v 783.951440 34.828427 1970.105992
v 781.125000 36.000000 1970.000000
v 778.298560 34.828427 1969.894008
v 777.127810 32.000000 1969.850105
v 778.298560 29.171573 1969.894008
v 779.812500 28.000000 2005.000000
v 782.638940 29.171573 2005.105992
v 783.809690 32.000000 2005.149895
v 782.638940 34.828427 2005.105992
v 779.812500 36.000000 2005.000000
v 776.986060 34.828427 2004.894008
v 775.815310 32.000000 2004.850105
v 776.986060 29.171573 2004.894008
v 779.812500 -36.000000 2005.000000
v 782.638940 -34.828427 2005.105992
v 783.809690 -32.000000 2005.149895
v 782.638940 -29.171573 2005.105992
v 779.812500 -28.000000 2005.000000
v 776.986060 -29.171573 2004.894008
v 775.815310 -32.000000 2004.850105
v 776.986060 -34.828427 2004.894008
v 778.500000 -36.000000 2040.000000
v 781.326440 -34.828427 2040.105992
v 782.497190 -32.000000 2040.149895
v 781.326440 -29.171573 2040.105992
v 778.500000 -28.000000 2040.000000
v 775.673560 -29.171573 2039.894008
v 774.502810 -32.000000 2039.850105
v 775.673560 -34.828427 2039.894008
v 779.812500 28.000000 2005.000000
v 782.638940 29.171573 2005.105992
v 783.809690 32.000000 2005.149895
v 782.638940 34.828427 2005.105992
v 779.812500 36.000000 2005.000000
v 776.986060 34.828427 2004.894008
v 775.815310 32.000000 2004.850105
v 776.986060 29.171573 2004.894008
v 778.500000 28.000000 2040.000000
v 781.326440 29.171573 2040.105992
v 782.497190 32.000000 2040.149895
v 781.326440 34.828427 2040.105992
v 778.500000 36.000000 2040.000000
v 775.673560 34.828427 2039.894008
v 774.502810 32.000000 2039.850105
v 775.673560 29.171573 2039.894008
v 778.500000 -36.000000 2040.000000
v 781.326440 -34.828427 2040.105992
v 782.497190 -32.000000 2040.149895
v 781.326440 -29.171573 2040.105992
v 778.500000 -28.000000 2040.000000
v 775.673560 -29.171573 2039.894008
v 774.502810 -32.000000 2039.850105
v 775.673560 -34.828427 2039.894008
v 777.187500 -36.000000 2075.000000
v 780.013940 -34.828427 2075.105992
v 781.184690 -32.000000 2075.149895
v 780.013940 -29.171573 2075.105992
v 777.187500 -28.000000 2075.000000
v 774.361060 -29.171573 2074.894008
v 773.190310 -32.000000 2074.850105
v 774.361060 -34.828427 2074.894008
v 778.500000 28.000000 2040.000000
v 781.326440 29.171573 2040.105992
v 782.497190 32.000000 2040.149895
v 781.326440 34.828427 2040.105992
v 778.500000 36.000000 2040.000000
v 775.673560 34.828427 2039.894008
v 774.502810 32.000000 2039.850105
v 775.673560 29.171573 2039.894008
v 777.187500 28.000000 2075.000000
v 780.013940 29.171573 2075.105992
v 781.184690 32.000000 2075.149895
v 780.013940 34.828427 2075.105992
v 777.187500 36.000000 2075.000000
v 774.361060 34.828427 2074.894008
v 773.190310 32.000000 2074.850105
v 774.361060 29.171573 2074.894008
v 777.187500 -36.000000 2075.000000
v 780.013940 -34.828427 2075.105992
v 781.184690 -32.000000 2075.149895
v 780.013940 -29.171573 2075.105992
v 777.187500 -28.000000 2075.000000
v 774.361060 -29.171573 2074.894008
v 773.190310 -32.000000 2074.850105
v 774.361060 -34.828427 2074.894008
v 775.875000 -36.000000 2110.000000
v 778.701440 -34.828427 2110.105992
v 779.872190 -32.000000 2110.149895
v 778.701440 -29.171573 2110.105992
v 775.875000 -28.000000 2110.000000
v 773.048560 -29.171573 2109.894008
v 771.877810 -32.000000 2109.850105
v 773.048560 -34.828427 2109.894008
v 777.187500 28.000000 2075.000000
v 780.013940 29.171573 2075.105992
v 781.184690 32.000000 2075.149895
v 780.013940 34.828427 2075.105992
v 777.187500 36.000000 2075.000000
v 774.361060 34.828427 2074.894008
v 773.190310 32.000000 2074.850105
v 774.361060 29.171573 2074.894008
v 775.875000 28.000000 2110.000000
v 778.701440 29.171573 2110.105992
v 779.872190 32.000000 2110.149895
v 778.701440 34.828427 2110.105992
v 775.875000 36.000000 2110.000000
v 773.048560 34.828427 2109.894008
v 771.877810 32.000000 2109.850105
v 773.048560 29.171573 2109.894008
v 775.875000 -36.000000 2110.000000
v 778.701440 -34.828427 2110.105992
v 779.872190 -32.000000 2110.149895
v 778.701440 -29.171573 2110.105992
v 775.875000 -28.000000 2110.000000
v 773.048560 -29.171573 2109.894008
v 771.877810 -32.000000 2109.850105
v 773.048560 -34.828427 2109.894008
v 774.562500 -36.000000 2145.000000
v 777.388940 -34.828427 2145.105992
v 778.559690 -32.000000 2145.149895
v 777.388940 -29.171573 2145.105992
v 774.562500 -28.000000 2145.000000
v 771.736060 -29.171573 2144.894008
v 770.565310 -32.000000 2144.850105
v 771.736060 -34.828427 2144.894008
v 775.875000 28.000000 2110.000000
v 778.701440 29.171573 2110.105992
v 779.872190 32.000000 2110.149895
v 778.701440 34.828427 2110.105992
v 775.875000 36.000000 2110.000000
v 773.048560 34.828427 2109.894008
v 771.877810 32.000000 2109.850105
v 773.048560 29.171573 2109.894008
v 774.562500 28.000000 2145.000000
v 777.388940 29.171573 2145.105992
v 778.559690 32.000000 2145.149895
v 777.388940 34.828427 2145.105992
v 774.562500 36.000000 2145.000000
v 771.736060 34.828427 2144.894008
v 770.565310 32.000000 2144.850105
v 771.736060 29.171573 2144.894008
v 774.562500 -36.000000 2145.000000
v 777.388940 -34.828427 2145.105992
v 778.559690 -32.000000 2145.149895
v 777.388940 -29.171573 2145.105992
v 774.562500 -28.000000 2145.000000
v 771.736060 -29.171573 2144.894008
v 770.565310 -32.000000 2144.850105
v 771.736060 -34.828427 2144.894008
v 773.250000 -36.000000 2180.000000
v 776.076440 -34.828427 2180.105992
v 777.247190 -32.000000 2180.149895
v 776.076440 -29.171573 2180.105992
v 773.250000 -28.000000 2180.000000
v 770.423560 -29.171573 2179.894008
v 769.252810 -32.000000 2179.850105
v 770.423560 -34.828427 2179.894008
v 774.562500 28.000000 2145.000000
v 777.388940 29.171573 2145.105992
v 778.559690 32.000000 2145.149895
v 777.388940 34.828427 2145.105992
v 774.562500 36.000000 2145.000000
v 771.736060 34.828427 2144.894008
v 770.565310 32.000000 2144.850105
v 771.736060 29.171573 2144.894008
v 773.250000 28.000000 2180.000000
v 776.076440 29.171573 2180.105992
v 777.247190 32.000000 2180.149895
v 776.076440 34.828427 2180.105992
v 773.250000 36.000000 2180.000000
v 770.423560 34.828427 2179.894008
v 769.252810 32.000000 2179.850105
v 770.423560 29.171573 2179.894008
v 773.250000 -36.000000 2180.000000
v 776.076440 -34.828427 2180.105992
v 777.247190 -32.000000 2180.149895
v 776.076440 -29.171573 2180.105992
v 773.250000 -28.000000 2180.000000
v 770.423560 -29.171573 2179.894008
v 769.252810 -32.000000 2179.850105
v 770.423560 -34.828427 2179.894008
v 771.937500 -36.000000 2215.000000
v 774.763940 -34.828427 2215.105992
v 775.934690 -32.000000 2215.149895
v 774.763940 -29.171573 2215.105992
v 771.937500 -28.000000 2215.000000
v 769.111060 -29.171573 2214.894008
v 767.940310 -32.000000 2214.850105
v 769.111060 -34.828427 2214.894008
v 773.250000 28.000000 2180.000000
v 776.076440 29.171573 2180.105992
v 777.247190 32.000000 2180.149895
v 776.076440 34.828427 2180.105992
v 773.250000 36.000000 2180.000000
v 770.423560 34.828427 2179.894008
v 769.252810 32.000000 2179.850105
v 770.423560 29.171573 2179.894008
v 771.937500 28.000000 2215.000000
v 774.763940 29.171573 2215.105992
v 775.934690 32.000000 2215.149895
v 774.763940 34.828427 2215.105992
v 771.937500 36.000000 2215.000000
v 769.111060 34.828427 2214.894008
v 767.940310 32.000000 2214.850105
v 769.111060 29.171573 2214.894008
v 771.937500 -36.000000 2215.000000
v 774.763940 -34.828427 2215.105992
v 775.934690 -32.000000 2215.149895
v 774.763940 -29.171573 2215.105992
v 771.937500 -28.000000 2215.000000
v 769.111060 -29.171573 2214.894008
v 767.940310 -32.000000 2214.850105
v 769.111060 -34.828427 2214.894008
v 770.625000 -36.000000 2250.000000
v 773.451440 -34.828427 2250.105992
v 774.622190 -32.000000 2250.149895
v 773.451440 -29.171573 2250.105992
v 770.625000 -28.000000 2250.000000
v 767.798560 -29.171573 2249.894008
v 766.627810 -32.000000 2249.850105
v 767.798560 -34.828427 2249.894008
v 771.937500 28.000000 2215.000000
v 774.763940 29.171573 2215.105992
v 775.934690 32.000000 2215.149895
v 774.763940 34.828427 2215.105992
v 771.937500 36.000000 2215.000000
v 769.111060 34.828427 2214.894008
v 767.940310 32.000000 2214.850105
v 769.111060 29.171573 2214.894008
v 770.625000 28.000000 2250.000000
v 773.451440 29.171573 2250.105992
v 774.622190 32.000000 2250.149895
v 773.451440 34.828427 2250.105992
v 770.625000 36.000000 2250.000000
v 767.798560 34.828427 2249.894008
v 766.627810 32.000000 2249.850105
v 767.798560 29.171573 2249.894008
v 770.625000 -36.000000 2250.000000
v 773.451440 -34.828427 2250.105992
v 774.622190 -32.000000 2250.149895
v 773.451440 -29.171573 2250.105992
v 770.625000 -28.000000 2250.000000
v 767.798560 -29.171573 2249.894008
v 766.627810 -32.000000 2249.850105
v 767.798560 -34.828427 2249.894008
v 769.312500 -36.000000 2285.000000
v 772.138940 -34.828427 2285.105992
v 773.309690 -32.000000 2285.149895
v 772.138940 -29.171573 2285.105992
v 769.312500 -28.000000 2285.000000
v 766.486060 -29.171573 2284.894008
v 765.315310 -32.000000 2284.850105
v 766.486060 -34.828427 2284.894008
v 770.625000 28.000000 2250.000000
v 773.451440 29.171573 2250.105992
v 774.622190 32.000000 2250.149895
v 773.451440 34.828427 2250.105992
v 770.625000 36.000000 2250.000000
v 767.798560 34.828427 2249.894008
v 766.627810 32.000000 2249.850105
v 767.798560 29.171573 2249.894008
v 769.312500 28.000000 2285.000000
v 772.138940 29.171573 2285.105992
v 773.309690 32.000000 2285.149895
v 772.138940 34.828427 2285.105992
v 769.312500 36.000000 2285.000000
v 766.486060 34.828427 2284.894008
v 765.315310 32.000000 2284.850105
v 766.486060 29.171573 2284.894008
v 769.312500 -36.000000 2285.000000
v 772.138940 -34.828427 2285.105992
v 773.309690 -32.000000 2285.149895
v 772.138940 -29.171573 2285.105992
v 769.312500 -28.000000 2285.000000
v 766.486060 -29.171573 2284.894008
v 765.315310 -32.000000 2284.850105
v 766.486060 -34.828427 2284.894008
v 768.000000 -36.000000 2320.000000
v 770.826440 -34.828427 2320.105992
v 771.997190 -32.000000 2320.149895
v 770.826440 -29.171573 2320.105992
v 768.000000 -28.000000 2320.000000
v 765.173560 -29.171573 2319.894008
v 764.002810 -32.000000 2319.850105
v 765.173560 -34.828427 2319.894008
v 769.312500 28.000000 2285.000000
v 772.138940 29.171573 2285.105992
v 773.309690 32.000000 2285.149895
v 772.138940 34.828427 2285.105992
v 769.312500 36.000000 2285.000000
v 766.486060 34.828427 2284.894008
v 765.315310 32.000000 2284.850105
v 766.486060 29.171573 2284.894008
v 768.000000 28.000000 2320.000000
v 770.826440 29.171573 2320.105992
v 771.997190 32.000000 2320.149895
v 770.826440 34.828427 2320.105992
v 768.000000 36.000000 2320.000000
v 765.173560 34.828427 2319.894008
v 764.002810 32.000000 2319.850105
v 765.173560 29.171573 2319.894008
v 768.000000 -36.000000 2320.000000
v 770.826440 -34.828427 2320.105992
v 771.997190 -32.000000 2320.149895
v 770.826440 -29.171573 2320.105992
v 768.000000 -28.000000 2320.000000
v 765.173560 -29.171573 2319.894008
v 764.002810 -32.000000 2319.850105
v 765.173560 -34.828427 2319.894008
v 766.687500 -36.000000 2355.000000
v 769.513940 -34.828427 2355.105992
v 770.684690 -32.000000 2355.149895
v 769.513940 -29.171573 2355.105992
v 766.687500 -28.000000 2355.000000
v 763.861060 -29.171573 2354.894008
v 762.690310 -32.000000 2354.850105
v 763.861060 -34.828427 2354.894008
v 768.000000 28.000000 2320.000000
v 770.826440 29.171573 2320.105992
v 771.997190 32.000000 2320.149895
v 770.826440 34.828427 2320.105992
v 768.000000 36.000000 2320.000000
v 765.173560 34.828427 2319.894008
v 764.002810 32.000000 2319.850105
v 765.173560 29.171573 2319.894008
v 766.687500 28.000000 2355.000000
v 769.513940 29.171573 2355.105992
v 770.684690 32.000000 2355.149895
v 769.513940 34.828427 2355.105992
v 766.687500 36.000000 2355.000000
v 763.861060 34.828427 2354.894008
v 762.690310 32.000000 2354.850105
v 763.861060 29.171573 2354.894008
v 766.687500 -36.000000 2355.000000
v 769.513940 -34.828427 2355.105992
v 770.684690 -32.000000 2355.149895
v 769.513940 -29.171573 2355.105992
v 766.687500 -28.000000 2355.000000
v 763.861060 -29.171573 2354.894008
v 762.690310 -32.000000 2354.850105
v 763.861060 -34.828427 2354.894008
v 765.375000 -36.000000 2390.000000
v 768.201440 -34.828427 2390.105992
v 769.372190 -32.000000 2390.149895
v 768.201440 -29.171573 2390.105992
v 765.375000 -28.000000 2390.000000
v 762.548560 -29.171573 2389.894008
v 761.377810 -32.000000 2389.850105
v 762.548560 -34.828427 2389.894008
v 766.687500 28.000000 2355.000000
v 769.513940 29.171573 2355.105992
v 770.684690 32.000000 2355.149895
v 769.513940 34.828427 2355.105992
v 766.687500 36.000000 2355.000000
v 763.861060 34.828427 2354.894008
v 762.690310 32.000000 2354.850105
v 763.861060 29.171573 2354.894008
v 765.375000 28.000000 2390.000000
v 768.201440 29.171573 2390.105992
v 769.372190 32.000000 2390.149895
v 768.201440 34.828427 2390.105992
v 765.375000 36.000000 2390.000000
v 762.548560 34.828427 2389.894008
v 761.377810 32.000000 2389.850105
v 762.548560 29.171573 2389.894008
v 765.375000 -36.000000 2390.000000
v 768.201440 -34.828427 2390.105992
v 769.372190 -32.000000 2390.149895
v 768.201440 -29.171573 2390.105992
v 765.375000 -28.000000 2390.000000
v 762.548560 -29.171573 2389.894008
v 761.377810 -32.000000 2389.850105
v 762.548560 -34.828427 2389.894008
v 764.062500 -36.000000 2425.000000
v 766.888940 -34.828427 2425.105992
v 768.059690 -32.000000 2425.149895
v 766.888940 -29.171573 2425.105992
v 764.062500 -28.000000 2425.000000
v 761.236060 -29.171573 2424.894008
v 760.065310 -32.000000 2424.850105
v 761.236060 -34.828427 2424.894008
v 765.375000 28.000000 2390.000000
v 768.201440 29.171573 2390.105992
v 769.372190 32.000000 2390.149895
v 768.201440 34.828427 2390.105992
v 765.375000 36.000000 2390.000000
v 762.548560 34.828427 2389.894008
v 761.377810 32.000000 2389.850105
v 762.548560 29.171573 2389.894008
v 764.062500 28.000000 2425.000000
v 766.888940 29.171573 2425.105992
v 768.059690 32.000000 2425.149895
v 766.888940 34.828427 2425.105992
v 764.062500 36.000000 2425.000000
v 761.236060 34.828427 2424.894008
v 760.065310 32.000000 2424.850105
v 761.236060 29.171573 2424.894008
v 764.062500 -36.000000 2425.000000
v 766.888940 -34.828427 2425.105992
v 768.059690 -32.000000 2425.149895
v 766.888940 -29.171573 2425.105992
v 764.062500 -28.000000 2425.000000
v 761.236060 -29.171573 2424.894008
v 760.065310 -32.000000 2424.850105
v 761.236060 -34.828427 2424.894008
v 762.750000 -36.000000 2460.000000
v 765.576440 -34.828427 2460.105992
v 766.747190 -32.000000 2460.149895
v 765.576440 -29.171573 2460.105992
v 762.750000 -28.000000 2460.000000
v 759.923560 -29.171573 2459.894008
v 758.752810 -32.000000 2459.850105
v 759.923560 -34.828427 2459.894008
v 764.062500 28.000000 2425.000000
v 766.888940 29.171573 2425.105992
v 768.059690 32.000000 2425.149895
v 766.888940 34.828427 2425.105992
v 764.062500 36.000000 2425.000000
v 761.236060 34.828427 2424.894008
v 760.065310 32.000000 2424.850105
v 761.236060 29.171573 2424.894008
v 762.750000 28.000000 2460.000000
v 765.576440 29.171573 2460.105992
v 766.747190 32.000000 2460.149895
v 765.576440 34.828427 2460.105992
v 762.750000 36.000000 2460.000000
v 759.923560 34.828427 2459.894008
v 758.752810 32.000000 2459.850105
v 759.923560 29.171573 2459.894008
v 762.750000 -36.000000 2460.000000
v 765.576440 -34.828427 2460.105992
v 766.747190 -32.000000 2460.149895
v 765.576440 -29.171573 2460.105992
v 762.750000 -28.000000 2460.000000
v 759.923560 -29.171573 2459.894008
v 758.752810 -32.000000 2459.850105
v 759.923560 -34.828427 2459.894008
v 761.437500 -36.000000 2495.000000
v 764.263940 -34.828427 2495.105992
v 765.434690 -32.000000 2495.149895
v 764.263940 -29.171573 2495.105992
v 761.437500 -28.000000 2495.000000
v 758.611060 -29.171573 2494.894008
v 757.440310 -32.000000 2494.850105
v 758.611060 -34.828427 2494.894008
v 762.750000 28.000000 2460.000000
v 765.576440 29.171573 2460.105992
v 766.747190 32.000000 2460.149895
v 765.576440 34.828427 2460.105992
v 762.750000 36.000000 2460.000000
v 759.923560 34.828427 2459.894008
v 758.752810 32.000000 2459.850105
v 759.923560 29.171573 2459.894008
v 761.437500 28.000000 2495.000000
v 764.263940 29.171573 2495.105992
v 765.434690 32.000000 2495.149895
v 764.263940 34.828427 2495.105992
v 761.437500 36.000000 2495.000000
v 758.611060 34.828427 2494.894008
v 757.440310 32.000000 2494.850105
v 758.611060 29.171573 2494.894008
v 761.437500 -36.000000 2495.000000
v 764.263940 -34.828427 2495.105992
v 765.434690 -32.000000 2495.149895
v 764.263940 -29.171573 2495.105992
v 761.437500 -28.000000 2495.000000
v 758.611060 -29.171573 2494.894008
v 757.440310 -32.000000 2494.850105
v 758.611060 -34.828427 2494.894008
v 760.125000 -36.000000 2530.000000
v 762.951440 -34.828427 2530.105992
v 764.122190 -32.000000 2530.149895
v 762.951440 -29.171573 2530.105992
v 760.125000 -28.000000 2530.000000
v 757.298560 -29.171573 2529.894008
v 756.127810 -32.000000 2529.850105
v 757.298560 -34.828427 2529.894008
v 761.437500 28.000000 2495.000000
v 764.263940 29.171573 2495.105992
v 765.434690 32.000000 2495.149895
v 764.263940 34.828427 2495.105992
v 761.437500 36.000000 2495.000000
v 758.611060 34.828427 2494.894008
v 757.440310 32.000000 2494.850105
v 758.611060 29.171573 2494.894008
v 760.125000 28.000000 2530.000000
v 762.951440 29.171573 2530.105992
v 764.122190 32.000000 2530.149895
v 762.951440 34.828427 2530.105992
v 760.125000 36.000000 2530.000000
v 757.298560 34.828427 2529.894008
v 756.127810 32.000000 2529.850105
v 757.298560 29.171573 2529.894008
v 760.125000 -36.000000 2530.000000
v 762.951440 -34.828427 2530.105992
v 764.122190 -32.000000 2530.149895
v 762.951440 -29.171573 2530.105992
v 760.125000 -28.000000 2530.000000
v 757.298560 -29.171573 2529.894008
v 756.127810 -32.000000 2529.850105
v 757.298560 -34.828427 2529.894008
v 758.812500 -36.000000 2565.000000
v 761.638940 -34.828427 2565.105992
v 762.809690 -32.000000 2565.149895
v 761.638940 -29.171573 2565.105992
v 758.812500 -28.000000 2565.000000
v 755.986060 -29.171573 2564.894008
v 754.815310 -32.000000 2564.850105
v 755.986060 -34.828427 2564.894008
v 760.125000 28.000000 2530.000000
v 762.951440 29.171573 2530.105992
v 764.122190 32.000000 2530.149895
v 762.951440 34.828427 2530.105992
v 760.125000 36.000000 2530.000000
v 757.298560 34.828427 2529.894008
v 756.127810 32.000000 2529.850105
v 757.298560 29.171573 2529.894008
v 758.812500 28.000000 2565.000000
v 761.638940 29.171573 2565.105992
v 762.809690 32.000000 2565.149895
v 761.638940 34.828427 2565.105992
v 758.812500 36.000000 2565.000000
v 755.986060 34.828427 2564.894008
v 754.815310 32.000000 2564.850105
v 755.986060 29.171573 2564.894008
v 758.812500 -36.000000 2565.000000
v 761.638940 -34.828427 2565.105992
v 762.809690 -32.000000 2565.149895
v 761.638940 -29.171573 2565.105992
v 758.812500 -28.000000 2565.000000
v 755.986060 -29.171573 2564.894008
v 754.815310 -32.000000 2564.850105
v 755.986060 -34.828427 2564.894008
v 757.500000 -36.000000 2600.000000
v 760.326440 -34.828427 2600.105992
v 761.497190 -32.000000 2600.149895
v 760.326440 -29.171573 2600.105992
v 757.500000 -28.000000 2600.000000
v 754.673560 -29.171573 2599.894008
v 753.502810 -32.000000 2599.850105
v 754.673560 -34.828427 2599.894008
v 758.812500 28.000000 2565.000000
v 761.638940 29.171573 2565.105992
v 762.809690 32.000000 2565.149895
v 761.638940 34.828427 2565.105992
v 758.812500 36.000000 2565.000000
v 755.986060 34.828427 2564.894008
v 754.815310 32.000000 2564.850105
v 755.986060 29.171573 2564.894008
v 757.500000 28.000000 2600.000000
v 760.326440 29.171573 2600.105992
v 761.497190 32.000000 2600.149895
v 760.326440 34.828427 2600.105992
v 757.500000 36.000000 2600.000000
v 754.673560 34.828427 2599.894008
v 753.502810 32.000000 2599.850105
v 754.673560 29.171573 2599.894008
v 757.500000 -36.000000 2600.000000
v 760.326440 -34.828427 2600.105992
v 761.497190 -32.000000 2600.149895
v 760.326440 -29.171573 2600.105992
v 757.500000 -28.000000 2600.000000
v 754.673560 -29.171573 2599.894008
v 753.502810 -32.000000 2599.850105
v 754.673560 -34.828427 2599.894008
v 756.187500 -36.000000 2635.000000
v 759.013940 -34.828427 2635.105992
v 760.184690 -32.000000 2635.149895
v 759.013940 -29.171573 2635.105992
v 756.187500 -28.000000 2635.000000
v 753.361060 -29.171573 2634.894008
v 752.190310 -32.000000 2634.850105
v 753.361060 -34.828427 2634.894008
v 757.500000 28.000000 2600.000000
v 760.326440 29.171573 2600.105992
v 761.497190 32.000000 2600.149895
v 760.326440 34.828427 2600.105992
v 757.500000 36.000000 2600.000000
v 754.673560 34.828427 2599.894008
v 753.502810 32.000000 2599.850105
v 754.673560 29.171573 2599.894008
v 756.187500 28.000000 2635.000000
v 759.013940 29.171573 2635.105992
v 760.184690 32.000000 2635.149895
v 759.013940 34.828427 2635.105992
v 756.187500 36.000000 2635.000000
v 753.361060 34.828427 2634.894008
v 752.190310 32.000000 2634.850105
v 753.361060 29.171573 2634.894008
v 756.187500 -36.000000 2635.000000
v 759.013940 -34.828427 2635.105992
v 760.184690 -32.000000 2635.149895
v 759.013940 -29.171573 2635.105992
v 756.187500 -28.000000 2635.000000
v 753.361060 -29.171573 2634.894008
v 752.190310 -32.000000 2634.850105
v 753.361060 -34.828427 2634.894008
v 754.875000 -36.000000 2670.000000
v 757.701440 -34.828427 2670.105992
v 758.872190 -32.000000 2670.149895
v 757.701440 -29.171573 2670.105992
v 754.875000 -28.000000 2670.000000
v 752.048560 -29.171573 2669.894008
v 750.877810 -32.000000 2669.850105
v 752.048560 -34.828427 2669.894008
v 756.187500 28.000000 2635.000000
v 759.013940 29.171573 2635.105992
v 760.184690 32.000000 2635.149895
v 759.013940 34.828427 2635.105992
v 756.187500 36.000000 2635.000000
v 753.361060 34.828427 2634.894008
v 752.190310 32.000000 2634.850105
v 753.361060 29.171573 2634.894008
v 754.875000 28.000000 2670.000000
v 757.701440 29.171573 2670.105992
v 758.872190 32.000000 2670.149895
v 757.701440 34.828427 2670.105992
v 754.875000 36.000000 2670.000000
v 752.048560 34.828427 2669.894008
v 750.877810 32.000000 2669.850105
v 752.048560 29.171573 2669.894008
v 754.875000 -36.000000 2670.000000
v 757.701440 -34.828427 2670.105992
v 758.872190 -32.000000 2670.149895
v 757.701440 -29.171573 2670.105992
v 754.875000 -28.000000 2670.000000
v 752.048560 -29.171573 2669.894008
v 750.877810 -32.000000 2669.850105
v 752.048560 -34.828427 2669.894008
v 753.562500 -36.000000 2705.000000
v 756.388940 -34.828427 2705.105992
v 757.559690 -32.000000 2705.149895
v 756.388940 -29.171573 2705.105992
v 753.562500 -28.000000 2705.000000
v 750.736060 -29.171573 2704.894008
v 749.565310 -32.000000 2704.850105
v 750.736060 -34.828427 2704.894008
v 754.875000 28.000000 2670.000000
v 757.701440 29.171573 2670.105992
v 758.872190 32.000000 2670.149895
v 757.701440 34.828427 2670.105992
v 754.875000 36.000000 2670.000000
v 752.048560 34.828427 2669.894008
v 750.877810 32.000000 2669.850105
v 752.048560 29.171573 2669.894008
v 753.562500 28.000000 2705.000000
v 756.388940 29.171573 2705.105992
v 757.559690 32.000000 2705.149895
v 756.388940 34.828427 2705.105992
v 753.562500 36.000000 2705.000000
v 750.736060 34.828427 2704.894008
v 749.565310 32.000000 2704.850105
v 750.736060 29.171573 2704.894008
v 753.562500 -36.000000 2705.000000
v 756.388940 -34.828427 2705.105992
v 757.559690 -32.000000 2705.149895
v 756.388940 -29.171573 2705.105992
v 753.562500 -28.000000 2705.000000
v 750.736060 -29.171573 2704.894008
v 749.565310 -32.000000 2704.850105
v 750.736060 -34.828427 2704.894008
v 752.250000 -36.000000 2740.000000
v 755.076440 -34.828427 2740.105992
v 756.247190 -32.000000 2740.149895
v 755.076440 -29.171573 2740.105992
v 752.250000 -28.000000 2740.000000
v 749.423560 -29.171573 2739.894008
v 748.252810 -32.000000 2739.850105
v 749.423560 -34.828427 2739.894008
v 753.562500 28.000000 2705.000000
v 756.388940 29.171573 2705.105992
v 757.559690 32.000000 2705.149895
v 756.388940 34.828427 2705.105992
v 753.562500 36.000000 2705.000000
v 750.736060 34.828427 2704.894008
v 749.565310 32.000000 2704.850105
v 750.736060 29.171573 2704.894008
v 752.250000 28.000000 2740.000000
v 755.076440 29.171573 2740.105992
v 756.247190 32.000000 2740.149895
v 755.076440 34.828427 2740.105992
v 752.250000 36.000000 2740.000000
v 749.423560 34.828427 2739.894008
v 748.252810 32.000000 2739.850105
v 749.423560 29.171573 2739.894008
v 752.250000 -36.000000 2740.000000
v 755.076440 -34.828427 2740.105992
v 756.247190 -32.000000 2740.149895
v 755.076440 -29.171573 2740.105992
v 752.250000 -28.000000 2740.000000
v 749.423560 -29.171573 2739.894008
v 748.252810 -32.000000 2739.850105
v 749.423560 -34.828427 2739.894008
v 750.937500 -36.000000 2775.000000
v 753.763940 -34.828427 2775.105992
v 754.934690 -32.000000 2775.149895
v 753.763940 -29.171573 2775.105992
v 750.937500 -28.000000 2775.000000
v 748.111060 -29.171573 2774.894008
v 746.940310 -32.000000 2774.850105
v 748.111060 -34.828427 2774.894008
v 752.250000 28.000000 2740.000000
v 755.076440 29.171573 2740.105992
v 756.247190 32.000000 2740.149895
v 755.076440 34.828427 2740.105992
v 752.250000 36.000000 2740.000000
v 749.423560 34.828427 2739.894008
v 748.252810 32.000000 2739.850105
v 749.423560 29.171573 2739.894008
v 750.937500 28.000000 2775.000000
v 753.763940 29.171573 2775.105992
v 754.934690 32.000000 2775.149895
v 753.763940 34.828427 2775.105992
v 750.937500 36.000000 2775.000000
v 748.111060 34.828427 2774.894008
v 746.940310 32.000000 2774.850105
v 748.111060 29.171573 2774.894008
v 750.937500 -36.000000 2775.000000
v 753.763940 -34.828427 2775.105992
v 754.934690 -32.000000 2775.149895
v 753.763940 -29.171573 2775.105992
v 750.937500 -28.000000 2775.000000
v 748.111060 -29.171573 2774.894008
v 746.940310 -32.000000 2774.850105
v 748.111060 -34.828427 2774.894008
v 749.625000 -36.000000 2810.000000
v 752.451440 -34.828427 2810.105992
v 753.622190 -32.000000 2810.149895
v 752.451440 -29.171573 2810.105992
v 749.625000 -28.000000 2810.000000
v 746.798560 -29.171573 2809.894008
v 745.627810 -32.000000 2809.850105
v 746.798560 -34.828427 2809.894008
v 750.937500 28.000000 2775.000000
v 753.763940 29.171573 2775.105992
v 754.934690 32.000000 2775.149895
v 753.763940 34.828427 2775.105992
v 750.937500 36.000000 2775.000000
v 748.111060 34.828427 2774.894008
v 746.940310 32.000000 2774.850105
v 748.111060 29.171573 2774.894008
v 749.625000 28.000000 2810.000000
v 752.451440 29.171573 2810.105992
v 753.622190 32.000000 2810.149895
v 752.451440 34.828427 2810.105992
v 749.625000 36.000000 2810.000000
v 746.798560 34.828427 2809.894008
v 745.627810 32.000000 2809.850105
v 746.798560 29.171573 2809.894008
v 749.625000 -36.000000 2810.000000
v 752.451440 -34.828427 2810.105992
v 753.622190 -32.000000 2810.149895
v 752.451440 -29.171573 2810.105992
v 749.625000 -28.000000 2810.000000
v 746.798560 -29.171573 2809.894008
v 745.627810 -32.000000 2809.850105
v 746.798560 -34.828427 2809.894008
v 748.312500 -36.000000 2845.000000
v 751.138940 -34.828427 2845.105992
v 752.309690 -32.000000 2845.149895
v 751.138940 -29.171573 2845.105992
v 748.312500 -28.000000 2845.000000
v 745.486060 -29.171573 2844.894008
v 744.315310 -32.000000 2844.850105
v 745.486060 -34.828427 2844.894008
v 749.625000 28.000000 2810.000000
v 752.451440 29.171573 2810.105992
v 753.622190 32.000000 2810.149895
v 752.451440 34.828427 2810.105992
v 749.625000 36.000000 2810.000000
v 746.798560 34.828427 2809.894008
v 745.627810 32.000000 2809.850105
v 746.798560 29.171573 2809.894008
v 748.312500 28.000000 2845.000000
v 751.138940 29.171573 2845.105992
v 752.309690 32.000000 2845.149895
v 751.138940 34.828427 2845.105992
v 748.312500 36.000000 2845.000000
v 745.486060 34.828427 2844.894008
v 744.315310 32.000000 2844.850105
v 745.486060 29.171573 2844.894008
v 748.312500 -36.000000 2845.000000
v 751.138940 -34.828427 2845.105992
v 752.309690 -32.000000 2845.149895
v 751.138940 -29.171573 2845.105992
v 748.312500 -28.000000 2845.000000
v 745.486060 -29.171573 2844.894008
v 744.315310 -32.000000 2844.850105
v 745.486060 -34.828427 2844.894008
v 747.000000 -36.000000 2880.000000
v 749.826440 -34.828427 2880.105992
v 750.997190 -32.000000 2880.149895
v 749.826440 -29.171573 2880.105992
v 747.000000 -28.000000 2880.000000
v 744.173560 -29.171573 2879.894008
v 743.002810 -32.000000 2879.850105
v 744.173560 -34.828427 2879.894008
v 748.312500 28.000000 2845.000000
v 751.138940 29.171573 2845.105992
v 752.309690 32.000000 2845.149895
v 751.138940 34.828427 2845.105992
v 748.312500 36.000000 2845.000000
v 745.486060 34.828427 2844.894008
v 744.315310 32.000000 2844.850105
v 745.486060 29.171573 2844.894008
v 747.000000 28.000000 2880.000000
v 749.826440 29.171573 2880.105992
v 750.997190 32.000000 2880.149895
v 749.826440 34.828427 2880.105992
v 747.000000 36.000000 2880.000000
v 744.173560 34.828427 2879.894008
v 743.002810 32.000000 2879.850105
v 744.173560 29.171573 2879.894008
v 747.000000 -36.000000 2880.000000
v 749.826440 -34.828427 2880.105992
v 750.997190 -32.000000 2880.149895
v 749.826440 -29.171573 2880.105992
v 747.000000 -28.000000 2880.000000
v 744.173560 -29.171573 2879.894008
v 743.002810 -32.000000 2879.850105
v 744.173560 -34.828427 2879.894008
v 745.687500 -36.000000 2915.000000
v 748.513940 -34.828427 2915.105992
v 749.684690 -32.000000 2915.149895
v 748.513940 -29.171573 2915.105992
v 745.687500 -28.000000 2915.000000
v 742.861060 -29.171573 2914.894008
v 741.690310 -32.000000 2914.850105
v 742.861060 -34.828427 2914.894008
v 747.000000 28.000000 2880.000000
v 749.826440 29.171573 2880.105992
v 750.997190 32.000000 2880.149895
v 749.826440 34.828427 2880.105992
v 747.000000 36.000000 2880.000000
v 744.173560 34.828427 2879.894008
v 743.002810 32.000000 2879.850105
v 744.173560 29.171573 2879.894008
v 745.687500 28.000000 2915.000000
v 748.513940 29.171573 2915.105992
v 749.684690 32.000000 2915.149895
v 748.513940 34.828427 2915.105992
v 745.687500 36.000000 2915.000000
v 742.861060 34.828427 2914.894008
v 741.690310 32.000000 2914.850105
v 742.861060 29.171573 2914.894008
v 745.687500 -36.000000 2915.000000
v 748.513940 -34.828427 2915.105992
v 749.684690 -32.000000 2915.149895
v 748.513940 -29.171573 2915.105992
v 745.687500 -28.000000 2915.000000
v 742.861060 -29.171573 2914.894008
v 741.690310 -32.000000 2914.850105
v 742.861060 -34.828427 2914.894008
v 744.375000 -36.000000 2950.000000
v 747.201440 -34.828427 2950.105992
v 748.372190 -32.000000 2950.149895
v 747.201440 -29.171573 2950.105992
v 744.375000 -28.000000 2950.000000
v 741.548560 -29.171573 2949.894008
v 740.377810 -32.000000 2949.850105
v 741.548560 -34.828427 2949.894008
v 745.687500 28.000000 2915.000000
v 748.513940 29.171573 2915.105992
v 749.684690 32.000000 2915.149895
v 748.513940 34.828427 2915.105992
v 745.687500 36.000000 2915.000000
v 742.861060 34.828427 2914.894008
v 741.690310 32.000000 2914.850105
v 742.861060 29.171573 2914.894008
v 744.375000 28.000000 2950.000000
v 747.201440 29.171573 2950.105992
v 748.372190 32.000000 2950.149895
v 747.201440 34.828427 2950.105992
v 744.375000 36.000000 2950.000000
v 741.548560 34.828427 2949.894008
v 740.377810 32.000000 2949.850105
v 741.548560 29.171573 2949.894008
v 744.375000 -36.000000 2950.000000
v 747.201440 -34.828427 2950.105992
v 748.372190 -32.000000 2950.149895
v 747.201440 -29.171573 2950.105992
v 744.375000 -28.000000 2950.000000
v 741.548560 -29.171573 2949.894008
v 740.377810 -32.000000 2949.850105
v 741.548560 -34.828427 2949.894008
v 743.062500 -36.000000 2985.000000
v 745.888940 -34.828427 2985.105992
v 747.059690 -32.000000 2985.149895
v 745.888940 -29.171573 2985.105992
v 743.062500 -28.000000 2985.000000
v 740.236060 -29.171573 2984.894008
v 739.065310 -32.000000 2984.850105
v 740.236060 -34.828427 2984.894008
v 744.375000 28.000000 2950.000000
v 747.201440 29.171573 2950.105992
v 748.372190 32.000000 2950.149895
v 747.201440 34.828427 2950.105992
v 744.375000 36.000000 2950.000000
v 741.548560 34.828427 2949.894008
v 740.377810 32.000000 2949.850105
v 741.548560 29.171573 2949.894008
v 743.062500 28.000000 2985.000000
v 745.888940 29.171573 2985.105992
v 747.059690 32.000000 2985.149895
v 745.888940 34.828427 2985.105992
v 743.062500 36.000000 2985.000000
v 740.236060 34.828427 2984.894008
v 739.065310 32.000000 2984.850105
v 740.236060 29.171573 2984.894008
v 743.062500 -36.000000 2985.000000
v 745.888940 -34.828427 2985.105992
v 747.059690 -32.000000 2985.149895
v 745.888940 -29.171573 2985.105992
v 743.062500 -28.000000 2985.000000
v 740.236060 -29.171573 2984.894008
v 739.065310 -32.000000 2984.850105
v 740.236060 -34.828427 2984.894008
v 741.750000 -36.000000 3020.000000
v 744.576440 -34.828427 3020.105992
v 745.747190 -32.000000 3020.149895
v 744.576440 -29.171573 3020.105992
v 741.750000 -28.000000 3020.000000
v 738.923560 -29.171573 3019.894008
v 737.752810 -32.000000 3019.850105
v 738.923560 -34.828427 3019.894008
v 743.062500 28.000000 2985.000000
v 745.888940 29.171573 2985.105992
v 747.059690 32.000000 2985.149895
v 745.888940 34.828427 2985.105992
v 743.062500 36.000000 2985.000000
v 740.236060 34.828427 2984.894008
v 739.065310 32.000000 2984.850105
v 740.236060 29.171573 2984.894008
v 741.750000 28.000000 3020.000000
v 744.576440 29.171573 3020.105992
v 745.747190 32.000000 3020.149895
v 744.576440 34.828427 3020.105992
v 741.750000 36.000000 3020.000000
v 738.923560 34.828427 3019.894008
v 737.752810 32.000000 3019.850105
v 738.923560 29.171573 3019.894008
v 741.750000 -36.000000 3020.000000
v 744.576440 -34.828427 3020.105992
v 745.747190 -32.000000 3020.149895
v 744.576440 -29.171573 3020.105992
v 741.750000 -28.000000 3020.000000
v 738.923560 -29.171573 3019.894008
v 737.752810 -32.000000 3019.850105
v 738.923560 -34.828427 3019.894008
v 740.437500 -36.000000 3055.000000
v 743.263940 -34.828427 3055.105992
v 744.434690 -32.000000 3055.149895
v 743.263940 -29.171573 3055.105992
v 740.437500 -28.000000 3055.000000
v 737.611060 -29.171573 3054.894008
v 736.440310 -32.000000 3054.850105
v 737.611060 -34.828427 3054.894008
v 741.750000 28.000000 3020.000000
v 744.576440 29.171573 3020.105992
v 745.747190 32.000000 3020.149895
v 744.576440 34.828427 3020.105992
v 741.750000 36.000000 3020.000000
v 738.923560 34.828427 3019.894008
v 737.752810 32.000000 3019.850105
v 738.923560 29.171573 3019.894008
v 740.437500 28.000000 3055.000000
v 743.263940 29.171573 3055.105992
v 744.434690 32.000000 3055.149895
v 743.263940 34.828427 3055.105992
v 740.437500 36.000000 3055.000000
v 737.611060 34.828427 3054.894008
v 736.440310 32.000000 3054.850105
v 737.611060 29.171573 3054.894008
v 740.437500 -36.000000 3055.000000
v 743.263940 -34.828427 3055.105992
v 744.434690 -32.000000 3055.149895
v 743.263940 -29.171573 3055.105992
v 740.437500 -28.000000 3055.000000
v 737.611060 -29.171573 3054.894008
v 736.440310 -32.000000 3054.850105
v 737.611060 -34.828427 3054.894008
v 739.125000 -36.000000 3090.000000
v 741.951440 -34.828427 3090.105992
v 743.122190 -32.000000 3090.149895
v 741.951440 -29.171573 3090.105992
v 739.125000 -28.000000 3090.000000
v 736.298560 -29.171573 3089.894008
v 735.127810 -32.000000 3089.850105
v 736.298560 -34.828427 3089.894008
v 740.437500 28.000000 3055.000000
v 743.263940 29.171573 3055.105992
v 744.434690 32.000000 3055.149895
v 743.263940 34.828427 3055.105992
v 740.437500 36.000000 3055.000000
v 737.611060 34.828427 3054.894008
v 736.440310 32.000000 3054.850105
v 737.611060 29.171573 3054.894008
v 739.125000 28.000000 3090.000000
v 741.951440 29.171573 3090.105992
v 743.122190 32.000000 3090.149895
v 741.951440 34.828427 3090.105992
v 739.125000 36.000000 3090.000000
v 736.298560 34.828427 3089.894008
v 735.127810 32.000000 3089.850105
v 736.298560 29.171573 3089.894008
v 739.125000 -36.000000 3090.000000
v 741.951440 -34.828427 3090.105992
v 743.122190 -32.000000 3090.149895
v 741.951440 -29.171573 3090.105992
v 739.125000 -28.000000 3090.000000
v 736.298560 -29.171573 3089.894008
v 735.127810 -32.000000 3089.850105
v 736.298560 -34.828427 3089.894008
v 737.812500 -36.000000 3125.000000
v 740.638940 -34.828427 3125.105992
v 741.809690 -32.000000 3125.149895
v 740.638940 -29.171573 3125.105992
v 737.812500 -28.000000 3125.000000
v 734.986060 -29.171573 3124.894008
v 733.815310 -32.000000 3124.850105
v 734.986060 -34.828427 3124.894008
v 739.125000 28.000000 3090.000000
v 741.951440 29.171573 3090.105992
v 743.122190 32.000000 3090.149895
v 741.951440 34.828427 3090.105992
v 739.125000 36.000000 3090.000000
v 736.298560 34.828427 3089.894008
v 735.127810 32.000000 3089.850105
v 736.298560 29.171573 3089.894008
v 737.812500 28.000000 3125.000000
v 740.638940 29.171573 3125.105992
v 741.809690 32.000000 3125.149895
v 740.638940 34.828427 3125.105992
v 737.812500 36.000000 3125.000000
v 734.986060 34.828427 3124.894008
v 733.815310 32.000000 3124.850105
v 734.986060 29.171573 3124.894008
v 737.812500 -36.000000 3125.000000
v 740.638940 -34.828427 3125.105992
v 741.809690 -32.000000 3125.149895
v 740.638940 -29.171573 3125.105992
v 737.812500 -28.000000 3125.000000
v 734.986060 -29.171573 3124.894008
v 733.815310 -32.000000 3124.850105
v 734.986060 -34.828427 3124.894008
v 736.500000 -36.000000 3160.000000
v 739.326440 -34.828427 3160.105992
v 740.497190 -32.000000 3160.149895
v 739.326440 -29.171573 3160.105992
v 736.500000 -28.000000 3160.000000
v 733.673560 -29.171573 3159.894008
v 732.502810 -32.000000 3159.850105
v 733.673560 -34.828427 3159.894008
v 737.812500 28.000000 3125.000000
v 740.638940 29.171573 3125.105992
v 741.809690 32.000000 3125.149895
v 740.638940 34.828427 3125.105992
v 737.812500 36.000000 3125.000000
v 734.986060 34.828427 3124.894008
v 733.815310 32.000000 3124.850105
v 734.986060 29.171573 3124.894008
v 736.500000 28.000000 3160.000000
v 739.326440 29.171573 3160.105992
v 740.497190 32.000000 3160.149895
v 739.326440 34.828427 3160.105992
v 736.500000 36.000000 3160.000000
v 733.673560 34.828427 3159.894008
v 732.502810 32.000000 3159.850105
v 733.673560 29.171573 3159.894008
v 736.500000 -36.000000 3160.000000
v 739.326440 -34.828427 3160.105992
v 740.497190 -32.000000 3160.149895
v 739.326440 -29.171573 3160.105992
v 736.500000 -28.000000 3160.000000
v 733.673560 -29.171573 3159.894008
v 732.502810 -32.000000 3159.850105
v 733.673560 -34.828427 3159.894008
v 735.187500 -36.000000 3195.000000
v 738.013940 -34.828427 3195.105992
v 739.184690 -32.000000 3195.149895
v 738.013940 -29.171573 3195.105992
v 735.187500 -28.000000 3195.000000
v 732.361060 -29.171573 3194.894008
v 731.190310 -32.000000 3194.850105
v 732.361060 -34.828427 3194.894008
v 736.500000 28.000000 3160.000000
v 739.326440 29.171573 3160.105992
v 740.497190 32.000000 3160.149895
v 739.326440 34.828427 3160.105992
v 736.500000 36.000000 3160.000000
v 733.673560 34.828427 3159.894008
v 732.502810 32.000000 3159.850105
v 733.673560 29.171573 3159.894008
v 735.187500 28.000000 3195.000000
v 738.013940 29.171573 3195.105992
v 739.184690 32.000000 3195.149895
v 738.013940 34.828427 3195.105992
v 735.187500 36.000000 3195.000000
v 732.361060 34.828427 3194.894008
v 731.190310 32.000000 3194.850105
v 732.361060 29.171573 3194.894008
v 735.187500 -36.000000 3195.000000
v 738.013940 -34.828427 3195.105992
v 739.184690 -32.000000 3195.149895
v 738.013940 -29.171573 3195.105992
v 735.187500 -28.000000 3195.000000
v 732.361060 -29.171573 3194.894008
v 731.190310 -32.000000 3194.850105
v 732.361060 -34.828427 3194.894008
v 733.875000 -36.000000 3230.000000
v 736.701440 -34.828427 3230.105992
v 737.872190 -32.000000 3230.149895
v 736.701440 -29.171573 3230.105992
v 733.875000 -28.000000 3230.000000
v 731.048560 -29.171573 3229.894008
v 729.877810 -32.000000 3229.850105
v 731.048560 -34.828427 3229.894008
v 735.187500 28.000000 3195.000000
v 738.013940 29.171573 3195.105992
v 739.184690 32.000000 3195.149895
v 738.013940 34.828427 3195.105992
v 735.187500 36.000000 3195.000000
v 732.361060 34.828427 3194.894008
v 731.190310 32.000000 3194.850105
v 732.361060 29.171573 3194.894008
v 733.875000 28.000000 3230.000000
v 736.701440 29.171573 3230.105992
v 737.872190 32.000000 3230.149895
v 736.701440 34.828427 3230.105992
v 733.875000 36.000000 3230.000000
v 731.048560 34.828427 3229.894008
v 729.877810 32.000000 3229.850105
v 731.048560 29.171573 3229.894008
v 733.875000 -36.000000 3230.000000
v 736.701440 -34.828427 3230.105992
v 737.872190 -32.000000 3230.149895
v 736.701440 -29.171573 3230.105992
v 733.875000 -28.000000 3230.000000
v 731.048560 -29.171573 3229.894008
v 729.877810 -32.000000 3229.850105
v 731.048560 -34.828427 3229.894008
v 732.562500 -36.000000 3265.000000
v 735.388940 -34.828427 3265.105992
v 736.559690 -32.000000 3265.149895
v 735.388940 -29.171573 3265.105992
v 732.562500 -28.000000 3265.000000
v 729.736060 -29.171573 3264.894008
v 728.565310 -32.000000 3264.850105
v 729.736060 -34.828427 3264.894008
v 733.875000 28.000000 3230.000000
v 736.701440 29.171573 3230.105992
v 737.872190 32.000000 3230.149895
v 736.701440 34.828427 3230.105992
v 733.875000 36.000000 3230.000000
v 731.048560 34.828427 3229.894008
v 729.877810 32.000000 3229.850105
v 731.048560 29.171573 3229.894008
v 732.562500 28.000000 3265.000000
v 735.388940 29.171573 3265.105992
v 736.559690 32.000000 3265.149895
v 735.388940 34.828427 3265.105992
v 732.562500 36.000000 3265.000000
v 729.736060 34.828427 3264.894008
v 728.565310 32.000000 3264.850105
v 729.736060 29.171573 3264.894008
v 732.562500 -36.000000 3265.000000
v 735.388940 -34.828427 3265.105992
v 736.559690 -32.000000 3265.149895
v 735.388940 -29.171573 3265.105992
v 732.562500 -28.000000 3265.000000
v 729.736060 -29.171573 3264.894008
v 728.565310 -32.000000 3264.850105
v 729.736060 -34.828427 3264.894008
v 731.250000 -36.000000 3300.000000
v 734.076440 -34.828427 3300.105992
v 735.247190 -32.000000 3300.149895
v 734.076440 -29.171573 3300.105992
v 731.250000 -28.000000 3300.000000
v 728.423560 -29.171573 3299.894008
v 727.252810 -32.000000 3299.850105
v 728.423560 -34.828427 3299.894008
v 732.562500 28.000000 3265.000000
v 735.388940 29.171573 3265.105992
v 736.559690 32.000000 3265.149895
v 735.388940 34.828427 3265.105992
v 732.562500 36.000000 3265.000000
v 729.736060 34.828427 3264.894008
v 728.565310 32.000000 3264.850105
v 729.736060 29.171573 3264.894008
v 731.250000 28.000000 3300.000000
v 734.076440 29.171573 3300.105992
v 735.247190 32.000000 3300.149895
v 734.076440 34.828427 3300.105992
v 731.250000 36.000000 3300.000000
v 728.423560 34.828427 3299.894008
v 727.252810 32.000000 3299.850105
v 728.423560 29.171573 3299.894008
v 731.250000 -36.000000 3300.000000
v 734.076440 -34.828427 3300.105992
v 735.247190 -32.000000 3300.149895
v 734.076440 -29.171573 3300.105992
v 731.250000 -28.000000 3300.000000
v 728.423560 -29.171573 3299.894008
v 727.252810 -32.000000 3299.850105
v 728.423560 -34.828427 3299.894008
v 729.937500 -36.000000 3335.000000
v 732.763940 -34.828427 3335.105992
v 733.934690 -32.000000 3335.149895
v 732.763940 -29.171573 3335.105992
v 729.937500 -28.000000 3335.000000
v 727.111060 -29.171573 3334.894008
v 725.940310 -32.000000 3334.850105
v 727.111060 -34.828427 3334.894008
v 731.250000 28.000000 3300.000000
v 734.076440 29.171573 3300.105992
v 735.247190 32.000000 3300.149895
v 734.076440 34.828427 3300.105992
v 731.250000 36.000000 3300.000000
v 728.423560 34.828427 3299.894008
v 727.252810 32.000000 3299.850105
v 728.423560 29.171573 3299.894008
v 729.937500 28.000000 3335.000000
v 732.763940 29.171573 3335.105992
v 733.934690 32.000000 3335.149895
v 732.763940 34.828427 3335.105992
v 729.937500 36.000000 3335.000000
v 727.111060 34.828427 3334.894008
v 725.940310 32.000000 3334.850105
v 727.111060 29.171573 3334.894008
v 729.937500 -36.000000 3335.000000
v 732.763940 -34.828427 3335.105992
v 733.934690 -32.000000 3335.149895
v 732.763940 -29.171573 3335.105992
v 729.937500 -28.000000 3335.000000
v 727.111060 -29.171573 3334.894008
v 725.940310 -32.000000 3334.850105
v 727.111060 -34.828427 3334.894008
v 728.625000 -36.000000 3370.000000
v 731.451440 -34.828427 3370.105992
v 732.622190 -32.000000 3370.149895
v 731.451440 -29.171573 3370.105992
v 728.625000 -28.000000 3370.000000
v 725.798560 -29.171573 3369.894008
v 724.627810 -32.000000 3369.850105
v 725.798560 -34.828427 3369.894008
v 729.937500 28.000000 3335.000000
v 732.763940 29.171573 3335.105992
v 733.934690 32.000000 3335.149895
v 732.763940 34.828427 3335.105992
v 729.937500 36.000000 3335.000000
v 727.111060 34.828427 3334.894008
v 725.940310 32.000000 3334.850105
v 727.111060 29.171573 3334.894008
v 728.625000 28.000000 3370.000000
v 731.451440 29.171573 3370.105992
v 732.622190 32.000000 3370.149895
v 731.451440 34.828427 3370.105992
v 728.625000 36.000000 3370.000000
v 725.798560 34.828427 3369.894008
v 724.627810 32.000000 3369.850105
v 725.798560 29.171573 3369.894008
v 728.625000 -36.000000 3370.000000
v 731.451440 -34.828427 3370.105992
v 732.622190 -32.000000 3370.149895
v 731.451440 -29.171573 3370.105992
v 728.625000 -28.000000 3370.000000
v 725.798560 -29.171573 3369.894008
v 724.627810 -32.000000 3369.850105
v 725.798560 -34.828427 3369.894008
v 727.312500 -36.000000 3405.000000
v 730.138940 -34.828427 3405.105992
v 731.309690 -32.000000 3405.149895
v 730.138940 -29.171573 3405.105992
v 727.312500 -28.000000 3405.000000
v 724.486060 -29.171573 3404.894008
v 723.315310 -32.000000 3404.850105
v 724.486060 -34.828427 3404.894008
v 728.625000 28.000000 3370.000000
v 731.451440 29.171573 3370.105992
v 732.622190 32.000000 3370.149895
v 731.451440 34.828427 3370.105992
v 728.625000 36.000000 3370.000000
v 725.798560 34.828427 3369.894008
v 724.627810 32.000000 3369.850105
v 725.798560 29.171573 3369.894008
v 727.312500 28.000000 3405.000000
v 730.138940 29.171573 3405.105992
v 731.309690 32.000000 3405.149895
v 730.138940 34.828427 3405.105992
v 727.312500 36.000000 3405.000000
v 724.486060 34.828427 3404.894008
v 723.315310 32.000000 3404.850105
v 724.486060 29.171573 3404.894008
v 727.312500 -36.000000 3405.000000
v 730.138940 -34.828427 3405.105992
v 731.309690 -32.000000 3405.149895
v 730.138940 -29.171573 3405.105992
v 727.312500 -28.000000 3405.000000
v 724.486060 -29.171573 3404.894008
v 723.315310 -32.000000 3404.850105
v 724.486060 -34.828427 3404.894008
v 726.000000 -36.000000 3440.000000
v 728.826440 -34.828427 3440.105992
v 729.997190 -32.000000 3440.149895
v 728.826440 -29.171573 3440.105992
v 726.000000 -28.000000 3440.000000
v 723.173560 -29.171573 3439.894008
v 722.002810 -32.000000 3439.850105
v 723.173560 -34.828427 3439.894008
v 727.312500 28.000000 3405.000000
v 730.138940 29.171573 3405.105992
v 731.309690 32.000000 3405.149895
v 730.138940 34.828427 3405.105992
v 727.312500 36.000000 3405.000000
v 724.486060 34.828427 3404.894008
v 723.315310 32.000000 3404.850105
v 724.486060 29.171573 3404.894008
v 726.000000 28.000000 3440.000000
v 728.826440 29.171573 3440.105992
v 729.997190 32.000000 3440.149895
v 728.826440 34.828427 3440.105992
v 726.000000 36.000000 3440.000000
v 723.173560 34.828427 3439.894008
v 722.002810 32.000000 3439.850105
v 723.173560 29.171573 3439.894008
v 726.000000 -36.000000 3440.000000
v 728.826440 -34.828427 3440.105992
v 729.997190 -32.000000 3440.149895
v 728.826440 -29.171573 3440.105992
v 726.000000 -28.000000 3440.000000
v 723.173560 -29.171573 3439.894008
v 722.002810 -32.000000 3439.850105
v 723.173560 -34.828427 3439.894008
v 724.687500 -36.000000 3475.000000
v 727.513940 -34.828427 3475.105992
v 728.684690 -32.000000 3475.149895
v 727.513940 -29.171573 3475.105992
v 724.687500 -28.000000 3475.000000
v 721.861060 -29.171573 3474.894008
v 720.690310 -32.000000 3474.850105
v 721.861060 -34.828427 3474.894008
v 726.000000 28.000000 3440.000000
v 728.826440 29.171573 3440.105992
v 729.997190 32.000000 3440.149895
v 728.826440 34.828427 3440.105992
v 726.000000 36.000000 3440.000000
v 723.173560 34.828427 3439.894008
v 722.002810 32.000000 3439.850105
v 723.173560 29.171573 3439.894008
v 724.687500 28.000000 3475.000000
v 727.513940 29.171573 3475.105992
v 728.684690 32.000000 3475.149895
v 727.513940 34.828427 3475.105992
v 724.687500 36.000000 3475.000000
v 721.861060 34.828427 3474.894008
v 720.690310 32.000000 3474.850105
v 721.861060 29.171573 3474.894008
v 724.687500 -36.000000 3475.000000
v 727.513940 -34.828427 3475.105992
v 728.684690 -32.000000 3475.149895
v 727.513940 -29.171573 3475.105992
v 724.687500 -28.000000 3475.000000
v 721.861060 -29.171573 3474.894008
v 720.690310 -32.000000 3474.850105
v 721.861060 -34.828427 3474.894008
v 723.375000 -36.000000 3510.000000
v 726.201440 -34.828427 3510.105992
v 727.372190 -32.000000 3510.149895
v 726.201440 -29.171573 3510.105992
v 723.375000 -28.000000 3510.000000
v 720.548560 -29.171573 3509.894008
v 719.377810 -32.000000 3509.850105
v 720.548560 -34.828427 3509.894008
v 724.687500 28.000000 3475.000000
v 727.513940 29.171573 3475.105992
v 728.684690 32.000000 3475.149895
v 727.513940 34.828427 3475.105992
v 724.687500 36.000000 3475.000000
v 721.861060 34.828427 3474.894008
v 720.690310 32.000000 3474.850105
v 721.861060 29.171573 3474.894008
v 723.375000 28.000000 3510.000000
v 726.201440 29.171573 3510.105992
v 727.372190 32.000000 3510.149895
v 726.201440 34.828427 3510.105992
v 723.375000 36.000000 3510.000000
v 720.548560 34.828427 3509.894008
v 719.377810 32.000000 3509.850105
v 720.548560 29.171573 3509.894008
v 723.375000 -36.000000 3510.000000
v 726.201440 -34.828427 3510.105992
v 727.372190 -32.000000 3510.149895
v 726.201440 -29.171573 3510.105992
v 723.375000 -28.000000 3510.000000
v 720.548560 -29.171573 3509.894008
v 719.377810 -32.000000 3509.850105
v 720.548560 -34.828427 3509.894008
v 722.062500 -36.000000 3545.000000
v 724.888940 -34.828427 3545.105992
v 726.059690 -32.000000 3545.149895
v 724.888940 -29.171573 3545.105992
v 722.062500 -28.000000 3545.000000
v 719.236060 -29.171573 3544.894008
v 718.065310 -32.000000 3544.850105
v 719.236060 -34.828427 3544.894008
v 723.375000 28.000000 3510.000000
v 726.201440 29.171573 3510.105992
v 727.372190 32.000000 3510.149895
v 726.201440 34.828427 3510.105992
v 723.375000 36.000000 3510.000000
v 720.548560 34.828427 3509.894008
v 719.377810 32.000000 3509.850105
v 720.548560 29.171573 3509.894008
v 722.062500 28.000000 3545.000000
v 724.888940 29.171573 3545.105992
v 726.059690 32.000000 3545.149895
v 724.888940 34.828427 3545.105992
v 722.062500 36.000000 3545.000000
v 719.236060 34.828427 3544.894008
v 718.065310 32.000000 3544.850105
v 719.236060 29.171573 3544.894008
v 722.062500 -36.000000 3545.000000
v 724.888940 -34.828427 3545.105992
v 726.059690 -32.000000 3545.149895
v 724.888940 -29.171573 3545.105992
v 722.062500 -28.000000 3545.000000
v 719.236060 -29.171573 3544.894008
v 718.065310 -32.000000 3544.850105
v 719.236060 -34.828427 3544.894008
v 720.750000 -36.000000 3580.000000
v 723.576440 -34.828427 3580.105992
v 724.747190 -32.000000 3580.149895
v 723.576440 -29.171573 3580.105992
v 720.750000 -28.000000 3580.000000
v 717.923560 -29.171573 3579.894008
v 716.752810 -32.000000 3579.850105
v 717.923560 -34.828427 3579.894008
v 722.062500 28.000000 3545.000000
v 724.888940 29.171573 3545.105992
v 726.059690 32.000000 3545.149895
v 724.888940 34.828427 3545.105992
v 722.062500 36.000000 3545.000000
v 719.236060 34.828427 3544.894008
v 718.065310 32.000000 3544.850105
v 719.236060 29.171573 3544.894008
v 720.750000 28.000000 3580.000000
v 723.576440 29.171573 3580.105992
v 724.747190 32.000000 3580.149895
v 723.576440 34.828427 3580.105992
v 720.750000 36.000000 3580.000000
v 717.923560 34.828427 3579.894008
v 716.752810 32.000000 3579.850105
v 717.923560 29.171573 3579.894008
v 720.750000 -36.000000 3580.000000
v 723.576440 -34.828427 3580.105992
v 724.747190 -32.000000 3580.149895
v 723.576440 -29.171573 3580.105992
v 720.750000 -28.000000 3580.000000
v 717.923560 -29.171573 3579.894008
v 716.752810 -32.000000 3579.850105
v 717.923560 -34.828427 3579.894008
v 719.437500 -36.000000 3615.000000
v 722.263940 -34.828427 3615.105992
v 723.434690 -32.000000 3615.149895
v 722.263940 -29.171573 3615.105992
v 719.437500 -28.000000 3615.000000
v 716.611060 -29.171573 3614.894008
v 715.440310 -32.000000 3614.850105
v 716.611060 -34.828427 3614.894008
v 720.750000 28.000000 3580.000000
v 723.576440 29.171573 3580.105992
v 724.747190 32.000000 3580.149895
v 723.576440 34.828427 3580.105992
v 720.750000 36.000000 3580.000000
v 717.923560 34.828427 3579.894008
v 716.752810 32.000000 3579.850105
v 717.923560 29.171573 3579.894008
v 719.437500 28.000000 3615.000000
v 722.263940 29.171573 3615.105992
v 723.434690 32.000000 3615.149895
v 722.263940 34.828427 3615.105992
v 719.437500 36.000000 3615.000000
v 716.611060 34.828427 3614.894008
v 715.440310 32.000000 3614.850105
v 716.611060 29.171573 3614.894008
v 719.437500 -36.000000 3615.000000
v 722.263940 -34.828427 3615.105992
v 723.434690 -32.000000 3615.149895
v 722.263940 -29.171573 3615.105992
v 719.437500 -28.000000 3615.000000
v 716.611060 -29.171573 3614.894008
v 715.440310 -32.000000 3614.850105
v 716.611060 -34.828427 3614.894008
v 718.125000 -36.000000 3650.000000
v 720.951440 -34.828427 3650.105992
v 722.122190 -32.000000 3650.149895
v 720.951440 -29.171573 3650.105992
v 718.125000 -28.000000 3650.000000
v 715.298560 -29.171573 3649.894008
v 714.127810 -32.000000 3649.850105
v 715.298560 -34.828427 3649.894008
v 719.437500 28.000000 3615.000000
v 722.263940 29.171573 3615.105992
v 723.434690 32.000000 3615.149895
v 722.263940 34.828427 3615.105992
v 719.437500 36.000000 3615.000000
v 716.611060 34.828427 3614.894008
v 715.440310 32.000000 3614.850105
v 716.611060 29.171573 3614.894008
v 718.125000 28.000000 3650.000000
v 720.951440 29.171573 3650.105992
v 722.122190 32.000000 3650.149895
v 720.951440 34.828427 3650.105992
v 718.125000 36.000000 3650.000000
v 715.298560 34.828427 3649.894008
v 714.127810 32.000000 3649.850105
v 715.298560 29.171573 3649.894008
v 718.125000 -36.000000 3650.000000
v 720.951440 -34.828427 3650.105992
v 722.122190 -32.000000 3650.149895
v 720.951440 -29.171573 3650.105992
v 718.125000 -28.000000 3650.000000
v 715.298560 -29.171573 3649.894008
v 714.127810 -32.000000 3649.850105
v 715.298560 -34.828427 3649.894008
v 716.812500 -36.000000 3685.000000
v 719.638940 -34.828427 3685.105992
v 720.809690 -32.000000 3685.149895
v 719.638940 -29.171573 3685.105992
v 716.812500 -28.000000 3685.000000
v 713.986060 -29.171573 3684.894008
v 712.815310 -32.000000 3684.850105
v 713.986060 -34.828427 3684.894008
v 718.125000 28.000000 3650.000000
v 720.951440 29.171573 3650.105992
v 722.122190 32.000000 3650.149895
v 720.951440 34.828427 3650.105992
v 718.125000 36.000000 3650.000000
v 715.298560 34.828427 3649.894008
v 714.127810 32.000000 3649.850105
v 715.298560 29.171573 3649.894008
v 716.812500 28.000000 3685.000000
v 719.638940 29.171573 3685.105992
v 720.809690 32.000000 3685.149895
v 719.638940 34.828427 3685.105992
v 716.812500 36.000000 3685.000000
v 713.986060 34.828427 3684.894008
v 712.815310 32.000000 3684.850105
v 713.986060 29.171573 3684.894008
v 716.812500 -36.000000 3685.000000
v 719.638940 -34.828427 3685.105992
v 720.809690 -32.000000 3685.149895
v 719.638940 -29.171573 3685.105992
v 716.812500 -28.000000 3685.000000
v 713.986060 -29.171573 3684.894008
v 712.815310 -32.000000 3684.850105
v 713.986060 -34.828427 3684.894008
v 715.500000 -36.000000 3720.000000
v 718.326440 -34.828427 3720.105992
v 719.497190 -32.000000 3720.149895
v 718.326440 -29.171573 3720.105992
v 715.500000 -28.000000 3720.000000
v 712.673560 -29.171573 3719.894008
v 711.502810 -32.000000 3719.850105
v 712.673560 -34.828427 3719.894008
v 716.812500 28.000000 3685.000000
v 719.638940 29.171573 3685.105992
v 720.809690 32.000000 3685.149895
v 719.638940 34.828427 3685.105992
v 716.812500 36.000000 3685.000000
v 713.986060 34.828427 3684.894008
v 712.815310 32.000000 3684.850105
v 713.986060 29.171573 3684.894008
v 715.500000 28.000000 3720.000000
v 718.326440 29.171573 3720.105992
v 719.497190 32.000000 3720.149895
v 718.326440 34.828427 3720.105992
v 715.500000 36.000000 3720.000000
v 712.673560 34.828427 3719.894008
v 711.502810 32.000000 3719.850105
v 712.673560 29.171573 3719.894008
v 715.500000 -36.000000 3720.000000
v 718.326440 -34.828427 3720.105992
v 719.497190 -32.000000 3720.149895
v 718.326440 -29.171573 3720.105992
v 715.500000 -28.000000 3720.000000
v 712.673560 -29.171573 3719.894008
v 711.502810 -32.000000 3719.850105
v 712.673560 -34.828427 3719.894008
v 714.187500 -36.000000 3755.000000
v 717.013940 -34.828427 3755.105992
v 718.184690 -32.000000 3755.149895
v 717.013940 -29.171573 3755.105992
v 714.187500 -28.000000 3755.000000
v 711.361060 -29.171573 3754.894008
v 710.190310 -32.000000 3754.850105
v 711.361060 -34.828427 3754.894008
v 715.500000 28.000000 3720.000000
v 718.326440 29.171573 3720.105992
v 719.497190 32.000000 3720.149895
v 718.326440 34.828427 3720.105992
v 715.500000 36.000000 3720.000000
v 712.673560 34.828427 3719.894008
v 711.502810 32.000000 3719.850105
v 712.673560 29.171573 3719.894008
v 714.187500 28.000000 3755.000000
v 717.013940 29.171573 3755.105992
v 718.184690 32.000000 3755.149895
v 717.013940 34.828427 3755.105992
v 714.187500 36.000000 3755.000000
v 711.361060 34.828427 3754.894008
v 710.190310 32.000000 3754.850105
v 711.361060 29.171573 3754.894008
v 714.187500 -36.000000 3755.000000
v 717.013940 -34.828427 3755.105992
v 718.184690 -32.000000 3755.149895
v 717.013940 -29.171573 3755.105992
v 714.187500 -28.000000 3755.000000
v 711.361060 -29.171573 3754.894008
v 710.190310 -32.000000 3754.850105
v 711.361060 -34.828427 3754.894008
v 712.875000 -36.000000 3790.000000
v 715.701440 -34.828427 3790.105992
v 716.872190 -32.000000 3790.149895
v 715.701440 -29.171573 3790.105992
v 712.875000 -28.000000 3790.000000
v 710.048560 -29.171573 3789.894008
v 708.877810 -32.000000 3789.850105
v 710.048560 -34.828427 3789.894008
v 714.187500 28.000000 3755.000000
v 717.013940 29.171573 3755.105992
v 718.184690 32.000000 3755.149895
v 717.013940 34.828427 3755.105992
v 714.187500 36.000000 3755.000000
v 711.361060 34.828427 3754.894008
v 710.190310 32.000000 3754.850105
v 711.361060 29.171573 3754.894008
v 712.875000 28.000000 3790.000000
v 715.701440 29.171573 3790.105992
v 716.872190 32.000000 3790.149895
v 715.701440 34.828427 3790.105992
v 712.875000 36.000000 3790.000000
v 710.048560 34.828427 3789.894008
v 708.877810 32.000000 3789.850105
v 710.048560 29.171573 3789.894008
v 712.875000 -36.000000 3790.000000
v 715.701440 -34.828427 3790.105992
v 716.872190 -32.000000 3790.149895
v 715.701440 -29.171573 3790.105992
v 712.875000 -28.000000 3790.000000
v 710.048560 -29.171573 3789.894008
v 708.877810 -32.000000 3789.850105
v 710.048560 -34.828427 3789.894008
v 711.562500 -36.000000 3825.000000
v 714.388940 -34.828427 3825.105992
v 715.559690 -32.000000 3825.149895
v 714.388940 -29.171573 3825.105992
v 711.562500 -28.000000 3825.000000
v 708.736060 -29.171573 3824.894008
v 707.565310 -32.000000 3824.850105
v 708.736060 -34.828427 3824.894008
v 712.875000 28.000000 3790.000000
v 715.701440 29.171573 3790.105992
v 716.872190 32.000000 3790.149895
v 715.701440 34.828427 3790.105992
v 712.875000 36.000000 3790.000000
v 710.048560 34.828427 3789.894008
v 708.877810 32.000000 3789.850105
v 710.048560 29.171573 3789.894008
v 711.562500 28.000000 3825.000000
v 714.388940 29.171573 3825.105992
v 715.559690 32.000000 3825.149895
v 714.388940 34.828427 3825.105992
v 711.562500 36.000000 3825.000000
v 708.736060 34.828427 3824.894008
v 707.565310 32.000000 3824.850105
v 708.736060 29.171573 3824.894008
v 711.562500 -36.000000 3825.000000
v 714.388940 -34.828427 3825.105992
v 715.559690 -32.000000 3825.149895
v 714.388940 -29.171573 3825.105992
v 711.562500 -28.000000 3825.000000
v 708.736060 -29.171573 3824.894008
v 707.565310 -32.000000 3824.850105
v 708.736060 -34.828427 3824.894008
v 710.250000 -36.000000 3860.000000
v 713.076440 -34.828427 3860.105992
v 714.247190 -32.000000 3860.149895
v 713.076440 -29.171573 3860.105992
v 710.250000 -28.000000 3860.000000
v 707.423560 -29.171573 3859.894008
v 706.252810 -32.000000 3859.850105
v 707.423560 -34.828427 3859.894008
v 711.562500 28.000000 3825.000000
v 714.388940 29.171573 3825.105992
v 715.559690 32.000000 3825.149895
v 714.388940 34.828427 3825.105992
v 711.562500 36.000000 3825.000000
v 708.736060 34.828427 3824.894008
v 707.565310 32.000000 3824.850105
v 708.736060 29.171573 3824.894008
v 710.250000 28.000000 3860.000000
v 713.076440 29.171573 3860.105992
v 714.247190 32.000000 3860.149895
v 713.076440 34.828427 3860.105992
v 710.250000 36.000000 3860.000000
v 707.423560 34.828427 3859.894008
v 706.252810 32.000000 3859.850105
v 707.423560 29.171573 3859.894008
v 710.250000 -36.000000 3860.000000
v 713.076440 -34.828427 3860.105992
v 714.247190 -32.000000 3860.149895
v 713.076440 -29.171573 3860.105992
v 710.250000 -28.000000 3860.000000
v 707.423560 -29.171573 3859.894008
v 706.252810 -32.000000 3859.850105
v 707.423560 -34.828427 3859.894008
v 708.937500 -36.000000 3895.000000
v 711.763940 -34.828427 3895.105992
v 712.934690 -32.000000 3895.149895
v 711.763940 -29.171573 3895.105992
v 708.937500 -28.000000 3895.000000
v 706.111060 -29.171573 3894.894008
v 704.940310 -32.000000 3894.850105
v 706.111060 -34.828427 3894.894008
v 710.250000 28.000000 3860.000000
v 713.076440 29.171573 3860.105992
v 714.247190 32.000000 3860.149895
v 713.076440 34.828427 3860.105992
v 710.250000 36.000000 3860.000000
v 707.423560 34.828427 3859.894008
v 706.252810 32.000000 3859.850105
v 707.423560 29.171573 3859.894008
v 708.937500 28.000000 3895.000000
v 711.763940 29.171573 3895.105992
v 712.934690 32.000000 3895.149895
v 711.763940 34.828427 3895.105992
v 708.937500 36.000000 3895.000000
v 706.111060 34.828427 3894.894008
v 704.940310 32.000000 3894.850105
v 706.111060 29.171573 3894.894008
v 708.937500 -36.000000 3895.000000
v 711.763940 -34.828427 3895.105992
v 712.934690 -32.000000 3895.149895
v 711.763940 -29.171573 3895.105992
v 708.937500 -28.000000 3895.000000
v 706.111060 -29.171573 3894.894008
v 704.940310 -32.000000 3894.850105
v 706.111060 -34.828427 3894.894008
v 707.625000 -36.000000 3930.000000
v 710.451440 -34.828427 3930.105992
v 711.622190 -32.000000 3930.149895
v 710.451440 -29.171573 3930.105992
v 707.625000 -28.000000 3930.000000
v 704.798560 -29.171573 3929.894008
v 703.627810 -32.000000 3929.850105
v 704.798560 -34.828427 3929.894008
v 708.937500 28.000000 3895.000000
v 711.763940 29.171573 3895.105992
v 712.934690 32.000000 3895.149895
v 711.763940 34.828427 3895.105992
v 708.937500 36.000000 3895.000000
v 706.111060 34.828427 3894.894008
v 704.940310 32.000000 3894.850105
v 706.111060 29.171573 3894.894008
v 707.625000 28.000000 3930.000000
v 710.451440 29.171573 3930.105992
v 711.622190 32.000000 3930.149895
v 710.451440 34.828427 3930.105992
v 707.625000 36.000000 3930.000000
v 704.798560 34.828427 3929.894008
v 703.627810 32.000000 3929.850105
v 704.798560 29.171573 3929.894008
v 707.625000 -36.000000 3930.000000
v 710.451440 -34.828427 3930.105992
v 711.622190 -32.000000 3930.149895
v 710.451440 -29.171573 3930.105992
v 707.625000 -28.000000 3930.000000
v 704.798560 -29.171573 3929.894008
v 703.627810 -32.000000 3929.850105
v 704.798560 -34.828427 3929.894008
v 706.312500 -36.000000 3965.000000
v 709.138940 -34.828427 3965.105992
v 710.309690 -32.000000 3965.149895
v 709.138940 -29.171573 3965.105992
v 706.312500 -28.000000 3965.000000
v 703.486060 -29.171573 3964.894008
v 702.315310 -32.000000 3964.850105
v 703.486060 -34.828427 3964.894008
v 707.625000 28.000000 3930.000000
v 710.451440 29.171573 3930.105992
v 711.622190 32.000000 3930.149895
v 710.451440 34.828427 3930.105992
v 707.625000 36.000000 3930.000000
v 704.798560 34.828427 3929.894008
v 703.627810 32.000000 3929.850105
v 704.798560 29.171573 3929.894008
v 706.312500 28.000000 3965.000000
v 709.138940 29.171573 3965.105992
v 710.309690 32.000000 3965.149895
v 709.138940 34.828427 3965.105992
v 706.312500 36.000000 3965.000000
v 703.486060 34.828427 3964.894008
v 702.315310 32.000000 3964.850105
v 703.486060 29.171573 3964.894008
v 706.312500 -36.000000 3965.000000
v 709.138940 -34.828427 3965.105992
v 710.309690 -32.000000 3965.149895
v 709.138940 -29.171573 3965.105992
v 706.312500 -28.000000 3965.000000
v 703.486060 -29.171573 3964.894008
v 702.315310 -32.000000 3964.850105
v 703.486060 -34.828427 3964.894008
v 705.000000 -36.000000 4000.000000
v 707.826440 -34.828427 4000.105992
v 708.997190 -32.000000 4000.149895
v 707.826440 -29.171573 4000.105992
v 705.000000 -28.000000 4000.000000
v 702.173560 -29.171573 3999.894008
v 701.002810 -32.000000 3999.850105
v 702.173560 -34.828427 3999.894008
v 706.312500 28.000000 3965.000000
v 709.138940 29.171573 3965.105992
v 710.309690 32.000000 3965.149895
v 709.138940 34.828427 3965.105992
v 706.312500 36.000000 3965.000000
v 703.486060 34.828427 3964.894008
v 702.315310 32.000000 3964.850105
v 703.486060 29.171573 3964.894008
v 705.000000 28.000000 4000.000000
v 707.826440 29.171573 4000.105992
v 708.997190 32.000000 4000.149895
v 707.826440 34.828427 4000.105992
v 705.000000 36.000000 4000.000000
v 702.173560 34.828427 3999.894008
v 701.002810 32.000000 3999.850105
v 702.173560 29.171573 3999.894008
v 805.687500 -32.000000 1235.000000
v 806.566180 -32.000000 1237.121320
v 808.687500 -32.000000 1238.000000
v 810.808820 -32.000000 1237.121320
v 811.687500 -32.000000 1235.000000
v 810.808820 -32.000000 1232.878680
v 808.687500 -32.000000 1232.000000
v 806.566180 -32.000000 1232.878680
v 805.687500 32.000000 1235.000000
v 806.566180 32.000000 1237.121320
v 808.687500 32.000000 1238.000000
v 810.808820 32.000000 1237.121320
v 811.687500 32.000000 1235.000000
v 810.808820 32.000000 1232.878680
v 808.687500 32.000000 1232.000000
v 806.566180 32.000000 1232.878680
v 804.375000 -32.000000 1270.000000
v 805.253680 -32.000000 1272.121320
v 807.375000 -32.000000 1273.000000
v 809.496320 -32.000000 1272.121320
v 810.375000 -32.000000 1270.000000
v 809.496320 -32.000000 1267.878680
v 807.375000 -32.000000 1267.000000
v 805.253680 -32.000000 1267.878680
v 804.375000 32.000000 1270.000000
v 805.253680 32.000000 1272.121320
v 807.375000 32.000000 1273.000000
v 809.496320 32.000000 1272.121320
v 810.375000 32.000000 1270.000000
v 809.496320 32.000000 1267.878680
v 807.375000 32.000000 1267.000000
v 805.253680 32.000000 1267.878680
v 803.062500 -32.000000 1305.000000
v 803.941180 -32.000000 1307.121320
v 806.062500 -32.000000 1308.000000
v 808.183820 -32.000000 1307.121320
v 809.062500 -32.000000 1305.000000
v 808.183820 -32.000000 1302.878680
v 806.062500 -32.000000 1302.000000
v 803.941180 -32.000000 1302.878680
v 803.062500 32.000000 1305.000000
v 803.941180 32.000000 1307.121320
v 806.062500 32.000000 1308.000000
v 808.183820 32.000000 1307.121320
v 809.062500 32.000000 1305.000000
v 808.183820 32.000000 1302.878680
v 806.062500 32.000000 1302.000000
v 803.941180 32.000000 1302.878680
v 801.750000 -32.000000 1340.000000
v 802.628680 -32.000000 1342.121320
v 804.750000 -32.000000 1343.000000
v 806.871320 -32.000000 1342.121320
v 807.750000 -32.000000 1340.000000
v 806.871320 -32.000000 1337.878680
v 804.750000 -32.000000 1337.000000
v 802.628680 -32.000000 1337.878680
v 801.750000 32.000000 1340.000000
v 802.628680 32.000000 1342.121320
v 804.750000 32.000000 1343.000000
v 806.871320 32.000000 1342.121320
v 807.750000 32.000000 1340.000000
v 806.871320 32.000000 1337.878680
v 804.750000 32.000000 1337.000000
v 802.628680 32.000000 1337.878680
v 800.437500 -32.000000 1375.000000
v 801.316180 -32.000000 1377.121320
v 803.437500 -32.000000 1378.000000
v 805.558820 -32.000000 1377.121320
v 806.437500 -32.000000 1375.000000
v 805.558820 -32.000000 1372.878680
v 803.437500 -32.000000 1372.000000
v 801.316180 -32.000000 1372.878680
v 800.437500 32.000000 1375.000000
v 801.316180 32.000000 1377.121320
v 803.437500 32.000000 1378.000000
v 805.558820 32.000000 1377.121320
v 806.437500 32.000000 1375.000000
v 805.558820 32.000000 1372.878680
v 803.437500 32.000000 1372.000000
v 801.316180 32.000000 1372.878680
v 799.125000 -32.000000 1410.000000
v 800.003680 -32.000000 1412.121320
v 802.125000 -32.000000 1413.000000
v 804.246320 -32.000000 1412.121320
v 805.125000 -32.000000 1410.000000
v 804.246320 -32.000000 1407.878680
v 802.125000 -32.000000 1407.000000
v 800.003680 -32.000000 1407.878680
v 799.125000 32.000000 1410.000000
v 800.003680 32.000000 1412.121320
v 802.125000 32.000000 1413.000000
v 804.246320 32.000000 1412.121320
v 805.125000 32.000000 1410.000000
v 804.246320 32.000000 1407.878680
v 802.125000 32.000000 1407.000000
v 800.003680 32.000000 1407.878680
v 797.812500 -32.000000 1445.000000
v 798.691180 -32.000000 1447.121320
v 800.812500 -32.000000 1448.000000
v 802.933820 -32.000000 1447.121320
v 803.812500 -32.000000 1445.000000
v 802.933820 -32.000000 1442.878680
v 800.812500 -32.000000 1442.000000
v 798.691180 -32.000000 1442.878680
v 797.812500 32.000000 1445.000000
v 798.691180 32.000000 1447.121320
v 800.812500 32.000000 1448.000000
v 802.933820 32.000000 1447.121320
v 803.812500 32.000000 1445.000000
v 802.933820 32.000000 1442.878680
v 800.812500 32.000000 1442.000000
v 798.691180 32.000000 1442.878680
v 796.500000 -32.000000 1480.000000
v 797.378680 -32.000000 1482.121320
v 799.500000 -32.000000 1483.000000
v 801.621320 -32.000000 1482.121320
v 802.500000 -32.000000 1480.000000
v 801.621320 -32.000000 1477.878680
v 799.500000 -32.000000 1477.000000
v 797.378680 -32.000000 1477.878680
v 796.500000 32.000000 1480.000000
v 797.378680 32.000000 1482.121320
v 799.500000 32.000000 1483.000000
v 801.621320 32.000000 1482.121320
v 802.500000 32.000000 1480.000000
v 801.621320 32.000000 1477.878680
v 799.500000 32.000000 1477.000000
v 797.378680 32.000000 1477.878680
v 795.187500 -32.000000 1515.000000
v 796.066180 -32.000000 1517.121320
v 798.187500 -32.000000 1518.000000
v 800.308820 -32.000000 1517.121320
v 801.187500 -32.000000 1515.000000
v 800.308820 -32.000000 1512.878680
v 798.187500 -32.000000 1512.000000
v 796.066180 -32.000000 1512.878680
v 795.187500 32.000000 1515.000000
v 796.066180 32.000000 1517.121320
v 798.187500 32.000000 1518.000000
v 800.308820 32.000000 1517.121320
v 801.187500 32.000000 1515.000000
v 800.308820 32.000000 1512.878680
v 798.187500 32.000000 1512.000000
v 796.066180 32.000000 1512.878680
v 793.875000 -32.000000 1550.000000
v 794.753680 -32.000000 1552.121320
v 796.875000 -32.000000 1553.000000
v 798.996320 -32.000000 1552.121320
v 799.875000 -32.000000 1550.000000
v 798.996320 -32.000000 1547.878680
v 796.875000 -32.000000 1547.000000
v 794.753680 -32.000000 1547.878680
v 793.875000 32.000000 1550.000000
v 794.753680 32.000000 1552.121320
v 796.875000 32.000000 1553.000000
v 798.996320 32.000000 1552.121320
v 799.875000 32.000000 1550.000000
v 798.996320 32.000000 1547.878680
v 796.875000 32.000000 1547.000000
v 794.753680 32.000000 1547.878680
v 792.562500 -32.000000 1585.000000
v 793.441180 -32.000000 1587.121320
v 795.562500 -32.000000 1588.000000
v 797.683820 -32.000000 1587.121320
v 798.562500 -32.000000 1585.000000
v 797.683820 -32.000000 1582.878680
v 795.562500 -32.000000 1582.000000
v 793.441180 -32.000000 1582.878680
v 792.562500 32.000000 1585.000000
v 793.441180 32.000000 1587.121320
v 795.562500 32.000000 1588.000000
v 797.683820 32.000000 1587.121320
v 798.562500 32.000000 1585.000000
v 797.683820 32.000000 1582.878680
v 795.562500 32.000000 1582.000000
v 793.441180 32.000000 1582.878680
v 791.250000 -32.000000 1620.000000
v 792.128680 -32.000000 1622.121320
v 794.250000 -32.000000 1623.000000
v 796.371320 -32.000000 1622.121320
v 797.250000 -32.000000 1620.000000
v 796.371320 -32.000000 1617.878680
v 794.250000 -32.000000 1617.000000
v 792.128680 -32.000000 1617.878680
v 791.250000 32.000000 1620.000000
v 792.128680 32.000000 1622.121320
v 794.250000 32.000000 1623.000000
v 796.371320 32.000000 1622.121320
v 797.250000 32.000000 1620.000000
v 796.371320 32.000000 1617.878680
v 794.250000 32.000000 1617.000000
v 792.128680 32.000000 1617.878680
v 789.937500 -32.000000 1655.000000
v 790.816180 -32.000000 1657.121320
v 792.937500 -32.000000 1658.000000
v 795.058820 -32.000000 1657.121320
v 795.937500 -32.000000 1655.000000
v 795.058820 -32.000000 1652.878680
v 792.937500 -32.000000 1652.000000
v 790.816180 -32.000000 1652.878680
v 789.937500 32.000000 1655.000000
v 790.816180 32.000000 1657.121320
v 792.937500 32.000000 1658.000000
v 795.058820 32.000000 1657.121320
v 795.937500 32.000000 1655.000000
v 795.058820 32.000000 1652.878680
v 792.937500 32.000000 1652.000000
v 790.816180 32.000000 1652.878680
v 788.625000 -32.000000 1690.000000
v 789.503680 -32.000000 1692.121320
v 791.625000 -32.000000 1693.000000
v 793.746320 -32.000000 1692.121320
v 794.625000 -32.000000 1690.000000
v 793.746320 -32.000000 1687.878680
v 791.625000 -32.000000 1687.000000
v 789.503680 -32.000000 1687.878680
v 788.625000 32.000000 1690.000000
v 789.503680 32.000000 1692.121320
v 791.625000 32.000000 1693.000000
v 793.746320 32.000000 1692.121320
v 794.625000 32.000000 1690.000000
v 793.746320 32.000000 1687.878680
v 791.625000 32.000000 1687.000000
v 789.503680 32.000000 1687.878680
v 787.312500 -32.000000 1725.000000
v 788.191180 -32.000000 1727.121320
v 790.312500 -32.000000 1728.000000
v 792.433820 -32.000000 1727.121320
v 793.312500 -32.000000 1725.000000
v 792.433820 -32.000000 1722.878680
v 790.312500 -32.000000 1722.000000
v 788.191180 -32.000000 1722.878680
v 787.312500 32.000000 1725.000000
v 788.191180 32.000000 1727.121320
v 790.312500 32.000000 1728.000000
v 792.433820 32.000000 1727.121320
v 793.312500 32.000000 1725.000000
v 792.433820 32.000000 1722.878680
v 790.312500 32.000000 1722.000000
v 788.191180 32.000000 1722.878680
v 786.000000 -32.000000 1760.000000
v 786.878680 -32.000000 1762.121320
v 789.000000 -32.000000 1763.000000
v 791.121320 -32.000000 1762.121320
v 792.000000 -32.000000 1760.000000
v 791.121320 -32.000000 1757.878680
v 789.000000 -32.000000 1757.000000
v 786.878680 -32.000000 1757.878680
v 786.000000 32.000000 1760.000000
v 786.878680 32.000000 1762.121320
v 789.000000 32.000000 1763.000000
v 791.121320 32.000000 1762.121320
v 792.000000 32.000000 1760.000000
v 791.121320 32.000000 1757.878680
v 789.000000 32.000000 1757.000000
v 786.878680 32.000000 1757.878680
v 784.687500 -32.000000 1795.000000
v 785.566180 -32.000000 1797.121320
v 787.687500 -32.000000 1798.000000
v 789.808820 -32.000000 1797.121320
v 790.687500 -32.000000 1795.000000
v 789.808820 -32.000000 1792.878680
v 787.687500 -32.000000 1792.000000
v 785.566180 -32.000000 1792.878680
v 784.687500 32.000000 1795.000000
v 785.566180 32.000000 1797.121320
v 787.687500 32.000000 1798.000000
v 789.808820 32.000000 1797.121320
v 790.687500 32.000000 1795.000000
v 789.808820 32.000000 1792.878680
v 787.687500 32.000000 1792.000000
v 785.566180 32.000000 1792.878680
v 783.375000 -32.000000 1830.000000
v 784.253680 -32.000000 1832.121320
v 786.375000 -32.000000 1833.000000
v 788.496320 -32.000000 1832.121320
v 789.375000 -32.000000 1830.000000
v 788.496320 -32.000000 1827.878680
v 786.375000 -32.000000 1827.000000
v 784.253680 -32.000000 1827.878680
v 783.375000 32.000000 1830.000000
v 784.253680 32.000000 1832.121320
v 786.375000 32.000000 1833.000000
v 788.496320 32.000000 1832.121320
v 789.375000 32.000000 1830.000000
v 788.496320 32.000000 1827.878680
v 786.375000 32.000000 1827.000000
v 784.253680 32.000000 1827.878680
v 782.062500 -32.000000 1865.000000
v 782.941180 -32.000000 1867.121320
v 785.062500 -32.000000 1868.000000
v 787.183820 -32.000000 1867.121320
v 788.062500 -32.000000 1865.000000
v 787.183820 -32.000000 1862.878680
v 785.062500 -32.000000 1862.000000
v 782.941180 -32.000000 1862.878680
v 782.062500 32.000000 1865.000000
v 782.941180 32.000000 1867.121320
v 785.062500 32.000000 1868.000000
v 787.183820 32.000000 1867.121320
v 788.062500 32.000000 1865.000000
v 787.183820 32.000000 1862.878680
v 785.062500 32.000000 1862.000000
v 782.941180 32.000000 1862.878680
v 780.750000 -32.000000 1900.000000
v 781.628680 -32.000000 1902.121320
v 783.750000 -32.000000 1903.000000
v 785.871320 -32.000000 1902.121320
v 786.750000 -32.000000 1900.000000
v 785.871320 -32.000000 1897.878680
v 783.750000 -32.000000 1897.000000
v 781.628680 -32.000000 1897.878680
v 780.750000 32.000000 1900.000000
v 781.628680 32.000000 1902.121320
v 783.750000 32.000000 1903.000000
v 785.871320 32.000000 1902.121320
v 786.750000 32.000000 1900.000000
v 785.871320 32.000000 1897.878680
v 783.750000 32.000000 1897.000000
v 781.628680 32.000000 1897.878680
v 779.437500 -32.000000 1935.000000
v 780.316180 -32.000000 1937.121320
v 782.437500 -32.000000 1938.000000
v 784.558820 -32.000000 1937.121320
v 785.437500 -32.000000 1935.000000
v 784.558820 -32.000000 1932.878680
v 782.437500 -32.000000 1932.000000
v 780.316180 -32.000000 1932.878680
v 779.437500 32.000000 1935.000000
v 780.316180 32.000000 1937.121320
v 782.437500 32.000000 1938.000000
v 784.558820 32.000000 1937.121320
v 785.437500 32.000000 1935.000000
v 784.558820 32.000000 1932.878680
v 782.437500 32.000000 1932.000000
v 780.316180 32.000000 1932.878680
v 778.125000 -32.000000 1970.000000
v 779.003680 -32.000000 1972.121320
v 781.125000 -32.000000 1973.000000
v 783.246320 -32.000000 1972.121320
v 784.125000 -32.000000 1970.000000
v 783.246320 -32.000000 1967.878680
v 781.125000 -32.000000 1967.000000
v 779.003680 -32.000000 1967.878680
v 778.125000 32.000000 1970.000000
v 779.003680 32.000000 1972.121320
v 781.125000 32.000000 1973.000000
v 783.246320 32.000000 1972.121320
v 784.125000 32.000000 1970.000000
v 783.246320 32.000000 1967.878680
v 781.125000 32.000000 1967.000000
v 779.003680 32.000000 1967.878680
v 776.812500 -32.000000 2005.000000
v 777.691180 -32.000000 2007.121320
v 779.812500 -32.000000 2008.000000
v 781.933820 -32.000000 2007.121320
v 782.812500 -32.000000 2005.000000
v 781.933820 -32.000000 2002.878680
v 779.812500 -32.000000 2002.000000
v 777.691180 -32.000000 2002.878680
v 776.812500 32.000000 2005.000000
v 777.691180 32.000000 2007.121320
v 779.812500 32.000000 2008.000000
v 781.933820 32.000000 2007.121320
v 782.812500 32.000000 2005.000000
v 781.933820 32.000000 2002.878680
v 779.812500 32.000000 2002.000000
v 777.691180 32.000000 2002.878680
v 775.500000 -32.000000 2040.000000
v 776.378680 -32.000000 2042.121320
v 778.500000 -32.000000 2043.000000
v 780.621320 -32.000000 2042.121320
v 781.500000 -32.000000 2040.000000
v 780.621320 -32.000000 2037.878680
v 778.500000 -32.000000 2037.000000
v 776.378680 -32.000000 2037.878680
v 775.500000 32.000000 2040.000000
v 776.378680 32.000000 2042.121320
v 778.500000 32.000000 2043.000000
v 780.621320 32.000000 2042.121320
v 781.500000 32.000000 2040.000000
v 780.621320 32.000000 2037.878680
v 778.500000 32.000000 2037.000000
v 776.378680 32.000000 2037.878680
v 774.187500 -32.000000 2075.000000
v 775.066180 -32.000000 2077.121320
v 777.187500 -32.000000 2078.000000
v 779.308820 -32.000000 2077.121320
v 780.187500 -32.000000 2075.000000
v 779.308820 -32.000000 2072.878680
v 777.187500 -32.000000 2072.000000
v 775.066180 -32.000000 2072.878680
v 774.187500 32.000000 2075.000000
v 775.066180 32.000000 2077.121320
v 777.187500 32.000000 2078.000000
v 779.308820 32.000000 2077.121320
v 780.187500 32.000000 2075.000000
v 779.308820 32.000000 2072.878680
v 777.187500 32.000000 2072.000000
v 775.066180 32.000000 2072.878680
v 772.875000 -32.000000 2110.000000
v 773.753680 -32.000000 2112.121320
v 775.875000 -32.000000 2113.000000
v 777.996320 -32.000000 2112.121320
v 778.875000 -32.000000 2110.000000
v 777.996320 -32.000000 2107.878680
v 775.875000 -32.000000 2107.000000
v 773.753680 -32.000000 2107.878680
v 772.875000 32.000000 2110.000000
v 773.753680 32.000000 2112.121320
v 775.875000 32.000000 2113.000000
v 777.996320 32.000000 2112.121320
v 778.875000 32.000000 2110.000000
v 777.996320 32.000000 2107.878680
v 775.875000 32.000000 2107.000000
v 773.753680 32.000000 2107.878680
v 771.562500 -32.000000 2145.000000
v 772.441180 -32.000000 2147.121320
v 774.562500 -32.000000 2148.000000
v 776.683820 -32.000000 2147.121320
v 777.562500 -32.000000 2145.000000
v 776.683820 -32.000000 2142.878680
v 774.562500 -32.000000 2142.000000
v 772.441180 -32.000000 2142.878680
v 771.562500 32.000000 2145.000000
v 772.441180 32.000000 2147.121320
v 774.562500 32.000000 2148.000000
v 776.683820 32.000000 2147.121320
v 777.562500 32.000000 2145.000000
v 776.683820 32.000000 2142.878680
v 774.562500 32.000000 2142.000000
v 772.441180 32.000000 2142.878680
v 770.250000 -32.000000 2180.000000
v 771.128680 -32.000000 2182.121320
v 773.250000 -32.000000 2183.000000
v 775.371320 -32.000000 2182.121320
v 776.250000 -32.000000 2180.000000
v 775.371320 -32.000000 2177.878680
v 773.250000 -32.000000 2177.000000
v 771.128680 -32.000000 2177.878680
v 770.250000 32.000000 2180.000000
v 771.128680 32.000000 2182.121320
v 773.250000 32.000000 2183.000000
v 775.371320 32.000000 2182.121320
v 776.250000 32.000000 2180.000000
v 775.371320 32.000000 2177.878680
v 773.250000 32.000000 2177.000000
v 771.128680 32.000000 2177.878680
v 768.937500 -32.000000 2215.000000
v 769.816180 -32.000000 2217.121320
v 771.937500 -32.000000 2218.000000
v 774.058820 -32.000000 2217.121320
v 774.937500 -32.000000 2215.000000
v 774.058820 -32.000000 2212.878680
v 771.937500 -32.000000 2212.000000
v 769.816180 -32.000000 2212.878680
v 768.937500 32.000000 2215.000000
v 769.816180 32.000000 2217.121320
v 771.937500 32.000000 2218.000000
v 774.058820 32.000000 2217.121320
v 774.937500 32.000000 2215.000000
v 774.058820 32.000000 2212.878680
v 771.937500 32.000000 2212.000000
v 769.816180 32.000000 2212.878680
v 767.625000 -32.000000 2250.000000
v 768.503680 -32.000000 2252.121320
v 770.625000 -32.000000 2253.000000
v 772.746320 -32.000000 2252.121320
v 773.625000 -32.000000 2250.000000
v 772.746320 -32.000000 2247.878680
v 770.625000 -32.000000 2247.000000
v 768.503680 -32.000000 2247.878680
v 767.625000 32.000000 2250.000000
v 768.503680 32.000000 2252.121320
v 770.625000 32.000000 2253.000000
v 772.746320 32.000000 2252.121320
v 773.625000 32.000000 2250.000000
v 772.746320 32.000000 2247.878680
v 770.625000 32.000000 2247.000000
v 768.503680 32.000000 2247.878680
v 766.312500 -32.000000 2285.000000
v 767.191180 -32.000000 2287.121320
v 769.312500 -32.000000 2288.000000
v 771.433820 -32.000000 2287.121320
v 772.312500 -32.000000 2285.000000
v 771.433820 -32.000000 2282.878680
v 769.312500 -32.000000 2282.000000
v 767.191180 -32.000000 2282.878680
v 766.312500 32.000000 2285.000000
v 767.191180 32.000000 2287.121320
v 769.312500 32.000000 2288.000000
v 771.433820 32.000000 2287.121320
v 772.312500 32.000000 2285.000000
v 771.433820 32.000000 2282.878680
v 769.312500 32.000000 2282.000000
v 767.191180 32.000000 2282.878680
v 765.000000 -32.000000 2320.000000
v 765.878680 -32.000000 2322.121320
v 768.000000 -32.000000 2323.000000
v 770.121320 -32.000000 2322.121320
v 771.000000 -32.000000 2320.000000
v 770.121320 -32.000000 2317.878680
v 768.000000 -32.000000 2317.000000
v 765.878680 -32.000000 2317.878680
v 765.000000 32.000000 2320.000000
v 765.878680 32.000000 2322.121320
v 768.000000 32.000000 2323.000000
v 770.121320 32.000000 2322.121320
v 771.000000 32.000000 2320.000000
v 770.121320 32.000000 2317.878680
v 768.000000 32.000000 2317.000000
v 765.878680 32.000000 2317.878680
v 763.687500 -32.000000 2355.000000
v 764.566180 -32.000000 2357.121320
v 766.687500 -32.000000 2358.000000
v 768.808820 -32.000000 2357.121320
v 769.687500 -32.000000 2355.000000
v 768.808820 -32.000000 2352.878680
v 766.687500 -32.000000 2352.000000
v 764.566180 -32.000000 2352.878680
v 763.687500 32.000000 2355.000000
v 764.566180 32.000000 2357.121320
v 766.687500 32.000000 2358.000000
v 768.808820 32.000000 2357.121320
v 769.687500 32.000000 2355.000000
v 768.808820 32.000000 2352.878680
v 766.687500 32.000000 2352.000000
v 764.566180 32.000000 2352.878680
v 762.375000 -32.000000 2390.000000
v 763.253680 -32.000000 2392.121320
v 765.375000 -32.000000 2393.000000
v 767.496320 -32.000000 2392.121320
v 768.375000 -32.000000 2390.000000
v 767.496320 -32.000000 2387.878680
v 765.375000 -32.000000 2387.000000
v 763.253680 -32.000000 2387.878680
v 762.375000 32.000000 2390.000000
v 763.253680 32.000000 2392.121320
v 765.375000 32.000000 2393.000000
v 767.496320 32.000000 2392.121320
v 768.375000 32.000000 2390.000000
v 767.496320 32.000000 2387.878680
v 765.375000 32.000000 2387.000000
v 763.253680 32.000000 2387.878680
v 761.062500 -32.000000 2425.000000
v 761.941180 -32.000000 2427.121320
v 764.062500 -32.000000 2428.000000
v 766.183820 -32.000000 2427.121320
v 767.062500 -32.000000 2425.000000
v 766.183820 -32.000000 2422.878680
v 764.062500 -32.000000 2422.000000
v 761.941180 -32.000000 2422.878680
v 761.062500 32.000000 2425.000000
v 761.941180 32.000000 2427.121320
v 764.062500 32.000000 2428.000000
v 766.183820 32.000000 2427.121320
v 767.062500 32.000000 2425.000000
v 766.183820 32.000000 2422.878680
v 764.062500 32.000000 2422.000000
v 761.941180 32.000000 2422.878680
v 759.750000 -32.000000 2460.000000
v 760.628680 -32.000000 2462.121320
v 762.750000 -32.000000 2463.000000
v 764.871320 -32.000000 2462.121320
v 765.750000 -32.000000 2460.000000
v 764.871320 -32.000000 2457.878680
v 762.750000 -32.000000 2457.000000
v 760.628680 -32.000000 2457.878680
v 759.750000 32.000000 2460.000000
v 760.628680 32.000000 2462.121320
v 762.750000 32.000000 2463.000000
v 764.871320 32.000000 2462.121320
v 765.750000 32.000000 2460.000000
v 764.871320 32.000000 2457.878680
v 762.750000 32.000000 2457.000000
v 760.628680 32.000000 2457.878680
v 758.437500 -32.000000 2495.000000
v 759.316180 -32.000000 2497.121320
v 761.437500 -32.000000 2498.000000
v 763.558820 -32.000000 2497.121320
v 764.437500 -32.000000 2495.000000
v 763.558820 -32.000000 2492.878680
v 761.437500 -32.000000 2492.000000
v 759.316180 -32.000000 2492.878680
v 758.437500 32.000000 2495.000000
v 759.316180 32.000000 2497.121320
v 761.437500 32.000000 2498.000000
v 763.558820 32.000000 2497.121320
v 764.437500 32.000000 2495.000000
v 763.558820 32.000000 2492.878680
v 761.437500 32.000000 2492.000000
v 759.316180 32.000000 2492.878680
v 757.125000 -32.000000 2530.000000
v 758.003680 -32.000000 2532.121320
v 760.125000 -32.000000 2533.000000
v 762.246320 -32.000000 2532.121320
v 763.125000 -32.000000 2530.000000
v 762.246320 -32.000000 2527.878680
v 760.125000 -32.000000 2527.000000
v 758.003680 -32.000000 2527.878680
v 757.125000 32.000000 2530.000000
v 758.003680 32.000000 2532.121320
v 760.125000 32.000000 2533.000000
v 762.246320 32.000000 2532.121320
v 763.125000 32.000000 2530.000000
v 762.246320 32.000000 2527.878680
v 760.125000 32.000000 2527.000000
v 758.003680 32.000000 2527.878680
v 755.812500 -32.000000 2565.000000
v 756.691180 -32.000000 2567.121320
v 758.812500 -32.000000 2568.000000
v 760.933820 -32.000000 2567.121320
v 761.812500 -32.000000 2565.000000
v 760.933820 -32.000000 2562.878680
v 758.812500 -32.000000 2562.000000
v 756.691180 -32.000000 2562.878680
v 755.812500 32.000000 2565.000000
v 756.691180 32.000000 2567.121320
v 758.812500 32.000000 2568.000000
v 760.933820 32.000000 2567.121320
v 761.812500 32.000000 2565.000000
v 760.933820 32.000000 2562.878680
v 758.812500 32.000000 2562.000000
v 756.691180 32.000000 2562.878680
v 754.500000 -32.000000 2600.000000
v 755.378680 -32.000000 2602.121320
v 757.500000 -32.000000 2603.000000
v 759.621320 -32.000000 2602.121320
v 760.500000 -32.000000 2600.000000
v 759.621320 -32.000000 2597.878680
v 757.500000 -32.000000 2597.000000
v 755.378680 -32.000000 2597.878680
v 754.500000 32.000000 2600.000000
v 755.378680 32.000000 2602.121320
v 757.500000 32.000000 2603.000000
v 759.621320 32.000000 2602.121320
v 760.500000 32.000000 2600.000000
v 759.621320 32.000000 2597.878680
v 757.500000 32.000000 2597.000000
v 755.378680 32.000000 2597.878680
v 753.187500 -32.000000 2635.000000
v 754.066180 -32.000000 2637.121320
v 756.187500 -32.000000 2638.000000
v 758.308820 -32.000000 2637.121320
v 759.187500 -32.000000 2635.000000
v 758.308820 -32.000000 2632.878680
v 756.187500 -32.000000 2632.000000
v 754.066180 -32.000000 2632.878680
v 753.187500 32.000000 2635.000000
v 754.066180 32.000000 2637.121320
v 756.187500 32.000000 2638.000000
v 758.308820 32.000000 2637.121320
v 759.187500 32.000000 2635.000000
v 758.308820 32.000000 2632.878680
v 756.187500 32.000000 2632.000000
v 754.066180 32.000000 2632.878680
v 751.875000 -32.000000 2670.000000
v 752.753680 -32.000000 2672.121320
v 754.875000 -32.000000 2673.000000
v 756.996320 -32.000000 2672.121320
v 757.875000 -32.000000 2670.000000
v 756.996320 -32.000000 2667.878680
v 754.875000 -32.000000 2667.000000
v 752.753680 -32.000000 2667.878680
v 751.875000 32.000000 2670.000000
v 752.753680 32.000000 2672.121320
v 754.875000 32.000000 2673.000000
v 756.996320 32.000000 2672.121320
v 757.875000 32.000000 2670.000000
v 756.996320 32.000000 2667.878680
v 754.875000 32.000000 2667.000000
v 752.753680 32.000000 2667.878680
v 750.562500 -32.000000 2705.000000
v 751.441180 -32.000000 2707.121320
v 753.562500 -32.000000 2708.000000
v 755.683820 -32.000000 2707.121320
v 756.562500 -32.000000 2705.000000
v 755.683820 -32.000000 2702.878680
v 753.562500 -32.000000 2702.000000
v 751.441180 -32.000000 2702.878680
v 750.562500 32.000000 2705.000000
v 751.441180 32.000000 2707.121320
v 753.562500 32.000000 2708.000000
v 755.683820 32.000000 2707.121320
v 756.562500 32.000000 2705.000000
v 755.683820 32.000000 2702.878680
v 753.562500 32.000000 2702.000000
v 751.441180 32.000000 2702.878680
v 749.250000 -32.000000 2740.000000
v 750.128680 -32.000000 2742.121320
v 752.250000 -32.000000 2743.000000
v 754.371320 -32.000000 2742.121320
v 755.250000 -32.000000 2740.000000
v 754.371320 -32.000000 2737.878680
v 752.250000 -32.000000 2737.000000
v 750.128680 -32.000000 2737.878680
v 749.250000 32.000000 2740.000000
v 750.128680 32.000000 2742.121320
v 752.250000 32.000000 2743.000000
v 754.371320 32.000000 2742.121320
v 755.250000 32.000000 2740.000000
v 754.371320 32.000000 2737.878680
v 752.250000 32.000000 2737.000000
v 750.128680 32.000000 2737.878680
v 747.937500 -32.000000 2775.000000
v 748.816180 -32.000000 2777.121320
v 750.937500 -32.000000 2778.000000
v 753.058820 -32.000000 2777.121320
v 753.937500 -32.000000 2775.000000
v 753.058820 -32.000000 2772.878680
v 750.937500 -32.000000 2772.000000
v 748.816180 -32.000000 2772.878680
v 747.937500 32.000000 2775.000000
v 748.816180 32.000000 2777.121320
v 750.937500 32.000000 2778.000000
v 753.058820 32.000000 2777.121320
v 753.937500 32.000000 2775.000000
v 753.058820 32.000000 2772.878680
v 750.937500 32.000000 2772.000000
v 748.816180 32.000000 2772.878680
v 746.625000 -32.000000 2810.000000
v 747.503680 -32.000000 2812.121320
v 749.625000 -32.000000 2813.000000
v 751.746320 -32.000000 2812.121320
v 752.625000 -32.000000 2810.000000
v 751.746320 -32.000000 2807.878680
v 749.625000 -32.000000 2807.000000
v 747.503680 -32.000000 2807.878680
v 746.625000 32.000000 2810.000000
v 747.503680 32.000000 2812.121320
v 749.625000 32.000000 2813.000000
v 751.746320 32.000000 2812.121320
v 752.625000 32.000000 2810.000000
v 751.746320 32.000000 2807.878680
v 749.625000 32.000000 2807.000000
v 747.503680 32.000000 2807.878680
v 745.312500 -32.000000 2845.000000
v 746.191180 -32.000000 2847.121320
v 748.312500 -32.000000 2848.000000
v 750.433820 -32.000000 2847.121320
v 751.312500 -32.000000 2845.000000
v 750.433820 -32.000000 2842.878680
v 748.312500 -32.000000 2842.000000
v 746.191180 -32.000000 2842.878680
v 745.312500 32.000000 2845.000000
v 746.191180 32.000000 2847.121320
v 748.312500 32.000000 2848.000000
v 750.433820 32.000000 2847.121320
v 751.312500 32.000000 2845.000000
v 750.433820 32.000000 2842.878680
v 748.312500 32.000000 2842.000000
v 746.191180 32.000000 2842.878680
v 744.000000 -32.000000 2880.000000
v 744.878680 -32.000000 2882.121320
v 747.000000 -32.000000 2883.000000
v 749.121320 -32.000000 2882.121320
v 750.000000 -32.000000 2880.000000
v 749.121320 -32.000000 2877.878680
v 747.000000 -32.000000 2877.000000
v 744.878680 -32.000000 2877.878680
v 744.000000 32.000000 2880.000000
v 744.878680 32.000000 2882.121320
v 747.000000 32.000000 2883.000000
v 749.121320 32.000000 2882.121320
v 750.000000 32.000000 2880.000000
v 749.121320 32.000000 2877.878680
v 747.000000 32.000000 2877.000000
v 744.878680 32.000000 2877.878680
v 742.687500 -32.000000 2915.000000
v 743.566180 -32.000000 2917.121320
v 745.687500 -32.000000 2918.000000
v 747.808820 -32.000000 2917.121320
v 748.687500 -32.000000 2915.000000
v 747.808820 -32.000000 2912.878680
v 745.687500 -32.000000 2912.000000
v 743.566180 -32.000000 2912.878680
v 742.687500 32.000000 2915.000000
v 743.566180 32.000000 2917.121320
v 745.687500 32.000000 2918.000000
v 747.808820 32.000000 2917.121320
v 748.687500 32.000000 2915.000000
v 747.808820 32.000000 2912.878680
v 745.687500 32.000000 2912.000000
v 743.566180 32.000000 2912.878680
v 741.375000 -32.000000 2950.000000
v 742.253680 -32.000000 2952.121320
v 744.375000 -32.000000 2953.000000
v 746.496320 -32.000000 2952.121320
v 747.375000 -32.000000 2950.000000
v 746.496320 -32.000000 2947.878680
v 744.375000 -32.000000 2947.000000
v 742.253680 -32.000000 2947.878680
v 741.375000 32.000000 2950.000000
v 742.253680 32.000000 2952.121320
v 744.375000 32.000000 2953.000000
v 746.496320 32.000000 2952.121320
v 747.375000 32.000000 2950.000000
v 746.496320 32.000000 2947.878680
v 744.375000 32.000000 2947.000000
v 742.253680 32.000000 2947.878680
v 740.062500 -32.000000 2985.000000
v 740.941180 -32.000000 2987.121320
v 743.062500 -32.000000 2988.000000
v 745.183820 -32.000000 2987.121320
v 746.062500 -32.000000 2985.000000
v 745.183820 -32.000000 2982.878680
v 743.062500 -32.000000 2982.000000
v 740.941180 -32.000000 2982.878680
v 740.062500 32.000000 2985.000000
v 740.941180 32.000000 2987.121320
v 743.062500 32.000000 2988.000000
v 745.183820 32.000000 2987.121320
v 746.062500 32.000000 2985.000000
v 745.183820 32.000000 2982.878680
v 743.062500 32.000000 2982.000000
v 740.941180 32.000000 2982.878680
v 738.750000 -32.000000 3020.000000
v 739.628680 -32.000000 3022.121320
v 741.750000 -32.000000 3023.000000
v 743.871320 -32.000000 3022.121320
v 744.750000 -32.000000 3020.000000
v 743.871320 -32.000000 3017.878680
v 741.750000 -32.000000 3017.000000
v 739.628680 -32.000000 3017.878680
v 738.750000 32.000000 3020.000000
v 739.628680 32.000000 3022.121320
v 741.750000 32.000000 3023.000000
v 743.871320 32.000000 3022.121320
v 744.750000 32.000000 3020.000000
v 743.871320 32.000000 3017.878680
v 741.750000 32.000000 3017.000000
v 739.628680 32.000000 3017.878680
v 737.437500 -32.000000 3055.000000
v 738.316180 -32.000000 3057.121320
v 740.437500 -32.000000 3058.000000
v 742.558820 -32.000000 3057.121320
v 743.437500 -32.000000 3055.000000
v 742.558820 -32.000000 3052.878680
v 740.437500 -32.000000 3052.000000
v 738.316180 -32.000000 3052.878680
v 737.437500 32.000000 3055.000000
v 738.316180 32.000000 3057.121320
v 740.437500 32.000000 3058.000000
v 742.558820 32.000000 3057.121320
v 743.437500 32.000000 3055.000000
v 742.558820 32.000000 3052.878680
v 740.437500 32.000000 3052.000000
v 738.316180 32.000000 3052.878680
v 736.125000 -32.000000 3090.000000
v 737.003680 -32.000000 3092.121320
v 739.125000 -32.000000 3093.000000
v 741.246320 -32.000000 3092.121320
v 742.125000 -32.000000 3090.000000
v 741.246320 -32.000000 3087.878680
v 739.125000 -32.000000 3087.000000
v 737.003680 -32.000000 3087.878680
v 736.125000 32.000000 3090.000000
v 737.003680 32.000000 3092.121320
v 739.125000 32.000000 3093.000000
v 741.246320 32.000000 3092.121320
v 742.125000 32.000000 3090.000000
v 741.246320 32.000000 3087.878680
v 739.125000 32.000000 3087.000000
v 737.003680 32.000000 3087.878680
v 734.812500 -32.000000 3125.000000
v 735.691180 -32.000000 3127.121320
v 737.812500 -32.000000 3128.000000
v 739.933820 -32.000000 3127.121320
v 740.812500 -32.000000 3125.000000
v 739.933820 -32.000000 3122.878680
v 737.812500 -32.000000 3122.000000
v 735.691180 -32.000000 3122.878680
v 734.812500 32.000000 3125.000000
v 735.691180 32.000000 3127.121320
v 737.812500 32.000000 3128.000000
v 739.933820 32.000000 3127.121320
v 740.812500 32.000000 3125.000000
v 739.933820 32.000000 3122.878680
v 737.812500 32.000000 3122.000000
v 735.691180 32.000000 3122.878680
v 733.500000 -32.000000 3160.000000
v 734.378680 -32.000000 3162.121320
v 736.500000 -32.000000 3163.000000
v 738.621320 -32.000000 3162.121320
v 739.500000 -32.000000 3160.000000
v 738.621320 -32.000000 3157.878680
v 736.500000 -32.000000 3157.000000
v 734.378680 -32.000000 3157.878680
v 733.500000 32.000000 3160.000000
v 734.378680 32.000000 3162.121320
v 736.500000 32.000000 3163.000000
v 738.621320 32.000000 3162.121320
v 739.500000 32.000000 3160.000000
v 738.621320 32.000000 3157.878680
v 736.500000 32.000000 3157.000000
v 734.378680 32.000000 3157.878680
v 732.187500 -32.000000 3195.000000
v 733.066180 -32.000000 3197.121320
v 735.187500 -32.000000 3198.000000
v 737.308820 -32.000000 3197.121320
v 738.187500 -32.000000 3195.000000
v 737.308820 -32.000000 3192.878680
v 735.187500 -32.000000 3192.000000
v 733.066180 -32.000000 3192.878680
v 732.187500 32.000000 3195.000000
v 733.066180 32.000000 3197.121320
v 735.187500 32.000000 3198.000000
v 737.308820 32.000000 3197.121320
v 738.187500 32.000000 3195.000000
v 737.308820 32.000000 3192.878680
v 735.187500 32.000000 3192.000000
v 733.066180 32.000000 3192.878680
v 730.875000 -32.000000 3230.000000
v 731.753680 -32.000000 3232.121320
v 733.875000 -32.000000 3233.000000
v 735.996320 -32.000000 3232.121320
v 736.875000 -32.000000 3230.000000
v 735.996320 -32.000000 3227.878680
v 733.875000 -32.000000 3227.000000
v 731.753680 -32.000000 3227.878680
v 730.875000 32.000000 3230.000000
v 731.753680 32.000000 3232.121320
v 733.875000 32.000000 3233.000000
v 735.996320 32.000000 3232.121320
v 736.875000 32.000000 3230.000000
v 735.996320 32.000000 3227.878680
v 733.875000 32.000000 3227.000000
v 731.753680 32.000000 3227.878680
v 729.562500 -32.000000 3265.000000
v 730.441180 -32.000000 3267.121320
v 732.562500 -32.000000 3268.000000
v 734.683820 -32.000000 3267.121320
v 735.562500 -32.000000 3265.000000
v 734.683820 -32.000000 3262.878680
v 732.562500 -32.000000 3262.000000
v 730.441180 -32.000000 3262.878680
v 729.562500 32.000000 3265.000000
v 730.441180 32.000000 3267.121320
v 732.562500 32.000000 3268.000000
v 734.683820 32.000000 3267.121320
v 735.562500 32.000000 3265.000000
v 734.683820 32.000000 3262.878680
v 732.562500 32.000000 3262.000000
v 730.441180 32.000000 3262.878680
v 728.250000 -32.000000 3300.000000
v 729.128680 -32.000000 3302.121320
v 731.250000 -32.000000 3303.000000
v 733.371320 -32.000000 3302.121320
v 734.250000 -32.000000 3300.000000
v 733.371320 -32.000000 3297.878680
v 731.250000 -32.000000 3297.000000
v 729.128680 -32.000000 3297.878680
v 728.250000 32.000000 3300.000000
v 729.128680 32.000000 3302.121320
v 731.250000 32.000000 3303.000000
v 733.371320 32.000000 3302.121320
v 734.250000 32.000000 3300.000000
v 733.371320 32.000000 3297.878680
v 731.250000 32.000000 3297.000000
v 729.128680 32.000000 3297.878680
v 726.937500 -32.000000 3335.000000
v 727.816180 -32.000000 3337.121320
v 729.937500 -32.000000 3338.000000
v 732.058820 -32.000000 3337.121320
v 732.937500 -32.000000 3335.000000
v 732.058820 -32.000000 3332.878680
v 729.937500 -32.000000 3332.000000
v 727.816180 -32.000000 3332.878680
v 726.937500 32.000000 3335.000000
v 727.816180 32.000000 3337.121320
v 729.937500 32.000000 3338.000000
v 732.058820 32.000000 3337.121320
v 732.937500 32.000000 3335.000000
v 732.058820 32.000000 3332.878680
v 729.937500 32.000000 3332.000000
v 727.816180 32.000000 3332.878680
v 725.625000 -32.000000 3370.000000
v 726.503680 -32.000000 3372.121320
v 728.625000 -32.000000 3373.000000
v 730.746320 -32.000000 3372.121320
v 731.625000 -32.000000 3370.000000
v 730.746320 -32.000000 3367.878680
v 728.625000 -32.000000 3367.000000
v 726.503680 -32.000000 3367.878680
v 725.625000 32.000000 3370.000000
v 726.503680 32.000000 3372.121320
v 728.625000 32.000000 3373.000000
v 730.746320 32.000000 3372.121320
v 731.625000 32.000000 3370.000000
v 730.746320 32.000000 3367.878680
v 728.625000 32.000000 3367.000000
v 726.503680 32.000000 3367.878680
v 724.312500 -32.000000 3405.000000
v 725.191180 -32.000000 3407.121320
v 727.312500 -32.000000 3408.000000
v 729.433820 -32.000000 3407.121320
v 730.312500 -32.000000 3405.000000
v 729.433820 -32.000000 3402.878680
v 727.312500 -32.000000 3402.000000
v 725.191180 -32.000000 3402.878680
v 724.312500 32.000000 3405.000000
v 725.191180 32.000000 3407.121320
v 727.312500 32.000000 3408.000000
v 729.433820 32.000000 3407.121320
v 730.312500 32.000000 3405.000000
v 729.433820 32.000000 3402.878680
v 727.312500 32.000000 3402.000000
v 725.191180 32.000000 3402.878680
v 723.000000 -32.000000 3440.000000
v 723.878680 -32.000000 3442.121320
v 726.000000 -32.000000 3443.000000
v 728.121320 -32.000000 3442.121320
v 729.000000 -32.000000 3440.000000
v 728.121320 -32.000000 3437.878680
v 726.000000 -32.000000 3437.000000
v 723.878680 -32.000000 3437.878680
v 723.000000 32.000000 3440.000000
v 723.878680 32.000000 3442.121320
v 726.000000 32.000000 3443.000000
v 728.121320 32.000000 3442.121320
v 729.000000 32.000000 3440.000000
v 728.121320 32.000000 3437.878680
v 726.000000 32.000000 3437.000000
v 723.878680 32.000000 3437.878680
v 721.687500 -32.000000 3475.000000
v 722.566180 -32.000000 3477.121320
v 724.687500 -32.000000 3478.000000
v 726.808820 -32.000000 3477.121320
v 727.687500 -32.000000 3475.000000
v 726.808820 -32.000000 3472.878680
v 724.687500 -32.000000 3472.000000
v 722.566180 -32.000000 3472.878680
v 721.687500 32.000000 3475.000000
v 722.566180 32.000000 3477.121320
v 724.687500 32.000000 3478.000000
v 726.808820 32.000000 3477.121320
v 727.687500 32.000000 3475.000000
v 726.808820 32.000000 3472.878680
v 724.687500 32.000000 3472.000000
v 722.566180 32.000000 3472.878680
v 720.375000 -32.000000 3510.000000
v 721.253680 -32.000000 3512.121320
v 723.375000 -32.000000 3513.000000
v 725.496320 -32.000000 3512.121320
v 726.375000 -32.000000 3510.000000
v 725.496320 -32.000000 3507.878680
v 723.375000 -32.000000 3507.000000
v 721.253680 -32.000000 3507.878680
v 720.375000 32.000000 3510.000000
v 721.253680 32.000000 3512.121320
v 723.375000 32.000000 3513.000000
v 725.496320 32.000000 3512.121320
v 726.375000 32.000000 3510.000000
v 725.496320 32.000000 3507.878680
v 723.375000 32.000000 3507.000000
v 721.253680 32.000000 3507.878680
v 719.062500 -32.000000 3545.000000
v 719.941180 -32.000000 3547.121320
v 722.062500 -32.000000 3548.000000
v 724.183820 -32.000000 3547.121320
v 725.062500 -32.000000 3545.000000
v 724.183820 -32.000000 3542.878680
v 722.062500 -32.000000 3542.000000
v 719.941180 -32.000000 3542.878680
v 719.062500 32.000000 3545.000000
v 719.941180 32.000000 3547.121320
v 722.062500 32.000000 3548.000000
v 724.183820 32.000000 3547.121320
v 725.062500 32.000000 3545.000000
v 724.183820 32.000000 3542.878680
v 722.062500 32.000000 3542.000000
v 719.941180 32.000000 3542.878680
v 717.750000 -32.000000 3580.000000
v 718.628680 -32.000000 3582.121320
v 720.750000 -32.000000 3583.000000
v 722.871320 -32.000000 3582.121320
v 723.750000 -32.000000 3580.000000
v 722.871320 -32.000000 3577.878680
v 720.750000 -32.000000 3577.000000
v 718.628680 -32.000000 3577.878680
v 717.750000 32.000000 3580.000000
v 718.628680 32.000000 3582.121320
v 720.750000 32.000000 3583.000000
v 722.871320 32.000000 3582.121320
v 723.750000 32.000000 3580.000000
v 722.871320 32.000000 3577.878680
v 720.750000 32.000000 3577.000000
v 718.628680 32.000000 3577.878680
v 716.437500 -32.000000 3615.000000
v 717.316180 -32.000000 3617.121320
v 719.437500 -32.000000 3618.000000
v 721.558820 -32.000000 3617.121320
v 722.437500 -32.000000 3615.000000
v 721.558820 -32.000000 3612.878680
v 719.437500 -32.000000 3612.000000
v 717.316180 -32.000000 3612.878680
v 716.437500 32.000000 3615.000000
v 717.316180 32.000000 3617.121320
v 719.437500 32.000000 3618.000000
v 721.558820 32.000000 3617.121320
v 722.437500 32.000000 3615.000000
v 721.558820 32.000000 3612.878680
v 719.437500 32.000000 3612.000000
v 717.316180 32.000000 3612.878680
v 715.125000 -32.000000 3650.000000
v 716.003680 -32.000000 3652.121320
v 718.125000 -32.000000 3653.000000
v 720.246320 -32.000000 3652.121320
v 721.125000 -32.000000 3650.000000
v 720.246320 -32.000000 3647.878680
v 718.125000 -32.000000 3647.000000
v 716.003680 -32.000000 3647.878680
v 715.125000 32.000000 3650.000000
v 716.003680 32.000000 3652.121320
v 718.125000 32.000000 3653.000000
v 720.246320 32.000000 3652.121320
v 721.125000 32.000000 3650.000000
v 720.246320 32.000000 3647.878680
v 718.125000 32.000000 3647.000000
v 716.003680 32.000000 3647.878680
v 713.812500 -32.000000 3685.000000
v 714.691180 -32.000000 3687.121320
v 716.812500 -32.000000 3688.000000
v 718.933820 -32.000000 3687.121320
v 719.812500 -32.000000 3685.000000
v 718.933820 -32.000000 3682.878680
v 716.812500 -32.000000 3682.000000
v 714.691180 -32.000000 3682.878680
v 713.812500 32.000000 3685.000000
v 714.691180 32.000000 3687.121320
v 716.812500 32.000000 3688.000000
v 718.933820 32.000000 3687.121320
v 719.812500 32.000000 3685.000000
v 718.933820 32.000000 3682.878680
v 716.812500 32.000000 3682.000000
v 714.691180 32.000000 3682.878680
v 712.500000 -32.000000 3720.000000
v 713.378680 -32.000000 3722.121320
v 715.500000 -32.000000 3723.000000
v 717.621320 -32.000000 3722.121320
v 718.500000 -32.000000 3720.000000
v 717.621320 -32.000000 3717.878680
v 715.500000 -32.000000 3717.000000
v 713.378680 -32.000000 3717.878680
v 712.500000 32.000000 3720.000000
v 713.378680 32.000000 3722.121320
v 715.500000 32.000000 3723.000000
v 717.621320 32.000000 3722.121320
v 718.500000 32.000000 3720.000000
v 717.621320 32.000000 3717.878680
v 715.500000 32.000000 3717.000000
v 713.378680 32.000000 3717.878680
v 711.187500 -32.000000 3755.000000
v 712.066180 -32.000000 3757.121320
v 714.187500 -32.000000 3758.000000
v 716.308820 -32.000000 3757.121320
v 717.187500 -32.000000 3755.000000
v 716.308820 -32.000000 3752.878680
v 714.187500 -32.000000 3752.000000
v 712.066180 -32.000000 3752.878680
v 711.187500 32.000000 3755.000000
v 712.066180 32.000000 3757.121320
v 714.187500 32.000000 3758.000000
v 716.308820 32.000000 3757.121320
v 717.187500 32.000000 3755.000000
v 716.308820 32.000000 3752.878680
v 714.187500 32.000000 3752.000000
v 712.066180 32.000000 3752.878680
v 709.875000 -32.000000 3790.000000
v 710.753680 -32.000000 3792.121320
v 712.875000 -32.000000 3793.000000
v 714.996320 -32.000000 3792.121320
v 715.875000 -32.000000 3790.000000
v 714.996320 -32.000000 3787.878680
v 712.875000 -32.000000 3787.000000
v 710.753680 -32.000000 3787.878680
v 709.875000 32.000000 3790.000000
v 710.753680 32.000000 3792.121320
v 712.875000 32.000000 3793.000000
v 714.996320 32.000000 3792.121320
v 715.875000 32.000000 3790.000000
v 714.996320 32.000000 3787.878680
v 712.875000 32.000000 3787.000000
v 710.753680 32.000000 3787.878680
v 708.562500 -32.000000 3825.000000
v 709.441180 -32.000000 3827.121320
v 711.562500 -32.000000 3828.000000
v 713.683820 -32.000000 3827.121320
v 714.562500 -32.000000 3825.000000
v 713.683820 -32.000000 3822.878680
v 711.562500 -32.000000 3822.000000
v 709.441180 -32.000000 3822.878680
v 708.562500 32.000000 3825.000000
v 709.441180 32.000000 3827.121320
v 711.562500 32.000000 3828.000000
v 713.683820 32.000000 3827.121320
v 714.562500 32.000000 3825.000000
v 713.683820 32.000000 3822.878680
v 711.562500 32.000000 3822.000000
v 709.441180 32.000000 3822.878680
v 707.250000 -32.000000 3860.000000
v 708.128680 -32.000000 3862.121320
v 710.250000 -32.000000 3863.000000
v 712.371320 -32.000000 3862.121320
v 713.250000 -32.000000 3860.000000
v 712.371320 -32.000000 3857.878680
v 710.250000 -32.000000 3857.000000
v 708.128680 -32.000000 3857.878680
v 707.250000 32.000000 3860.000000
v 708.128680 32.000000 3862.121320
v 710.250000 32.000000 3863.000000
v 712.371320 32.000000 3862.121320
v 713.250000 32.000000 3860.000000
v 712.371320 32.000000 3857.878680
v 710.250000 32.000000 3857.000000
v 708.128680 32.000000 3857.878680
v 705.937500 -32.000000 3895.000000
v 706.816180 -32.000000 3897.121320
v 708.937500 -32.000000 3898.000000
v 711.058820 -32.000000 3897.121320
v 711.937500 -32.000000 3895.000000
v 711.058820 -32.000000 3892.878680
v 708.937500 -32.000000 3892.000000
v 706.816180 -32.000000 3892.878680
v 705.937500 32.000000 3895.000000
v 706.816180 32.000000 3897.121320
v 708.937500 32.000000 3898.000000
v 711.058820 32.000000 3897.121320
v 711.937500 32.000000 3895.000000
v 711.058820 32.000000 3892.878680
v 708.937500 32.000000 3892.000000
v 706.816180 32.000000 3892.878680
v 704.625000 -32.000000 3930.000000
v 705.503680 -32.000000 3932.121320
v 707.625000 -32.000000 3933.000000
v 709.746320 -32.000000 3932.121320
v 710.625000 -32.000000 3930.000000
v 709.746320 -32.000000 3927.878680
v 707.625000 -32.000000 3927.000000
v 705.503680 -32.000000 3927.878680
v 704.625000 32.000000 3930.000000
v 705.503680 32.000000 3932.121320
v 707.625000 32.000000 3933.000000
v 709.746320 32.000000 3932.121320
v 710.625000 32.000000 3930.000000
v 709.746320 32.000000 3927.878680
v 707.625000 32.000000 3927.000000
v 705.503680 32.000000 3927.878680
v 703.312500 -32.000000 3965.000000
v 704.191180 -32.000000 3967.121320
v 706.312500 -32.000000 3968.000000
v 708.433820 -32.000000 3967.121320
v 709.312500 -32.000000 3965.000000
v 708.433820 -32.000000 3962.878680
v 706.312500 -32.000000 3962.000000
v 704.191180 -32.000000 3962.878680
v 703.312500 32.000000 3965.000000
v 704.191180 32.000000 3967.121320
v 706.312500 32.000000 3968.000000
v 708.433820 32.000000 3967.121320
v 709.312500 32.000000 3965.000000
v 708.433820 32.000000 3962.878680
v 706.312500 32.000000 3962.000000
v 704.191180 32.000000 3962.878680
v 749.750000 4.000000 1340.000000
v 749.750000 2.828427 1342.828427
v 749.750000 0.000000 1344.000000
v 749.750000 -2.828427 1342.828427
v 749.750000 -4.000000 1340.000000
v 749.750000 -2.828427 1337.171573
v 749.750000 -0.000000 1336.000000
v 749.750000 2.828427 1337.171573
v 804.750000 4.000000 1340.000000
v 804.750000 2.828427 1342.828427
v 804.750000 0.000000 1344.000000
v 804.750000 -2.828427 1342.828427
v 804.750000 -4.000000 1340.000000
v 804.750000 -2.828427 1337.171573
v 804.750000 -0.000000 1336.000000
v 804.750000 2.828427 1337.171573
v 744.500000 4.000000 1480.000000
v 744.500000 2.828427 1482.828427
v 744.500000 0.000000 1484.000000
v 744.500000 -2.828427 1482.828427
v 744.500000 -4.000000 1480.000000
v 744.500000 -2.828427 1477.171573
v 744.500000 -0.000000 1476.000000
v 744.500000 2.828427 1477.171573
v 799.500000 4.000000 1480.000000
v 799.500000 2.828427 1482.828427
v 799.500000 0.000000 1484.000000
v 799.500000 -2.828427 1482.828427
v 799.500000 -4.000000 1480.000000
v 799.500000 -2.828427 1477.171573
v 799.500000 -0.000000 1476.000000
v 799.500000 2.828427 1477.171573
v 739.250000 4.000000 1620.000000
v 739.250000 2.828427 1622.828427
v 739.250000 0.000000 1624.000000
v 739.250000 -2.828427 1622.828427
v 739.250000 -4.000000 1620.000000
v 739.250000 -2.828427 1617.171573
v 739.250000 -0.000000 1616.000000
v 739.250000 2.828427 1617.171573
v 794.250000 4.000000 1620.000000
v 794.250000 2.828427 1622.828427
v 794.250000 0.000000 1624.000000
v 794.250000 -2.828427 1622.828427
v 794.250000 -4.000000 1620.000000
v 794.250000 -2.828427 1617.171573
v 794.250000 -0.000000 1616.000000
v 794.250000 2.828427 1617.171573
v 734.000000 4.000000 1760.000000
v 734.000000 2.828427 1762.828427
v 734.000000 0.000000 1764.000000
v 734.000000 -2.828427 1762.828427
v 734.000000 -4.000000 1760.000000
v 734.000000 -2.828427 1757.171573
v 734.000000 -0.000000 1756.000000
v 734.000000 2.828427 1757.171573
v 789.000000 4.000000 1760.000000
v 789.000000 2.828427 1762.828427
v 789.000000 0.000000 1764.000000
v 789.000000 -2.828427 1762.828427
v 789.000000 -4.000000 1760.000000
v 789.000000 -2.828427 1757.171573
v 789.000000 -0.000000 1756.000000
v 789.000000 2.828427 1757.171573
v 728.750000 4.000000 1900.000000
v 728.750000 2.828427 1902.828427
v 728.750000 0.000000 1904.000000
v 728.750000 -2.828427 1902.828427
v 728.750000 -4.000000 1900.000000
v 728.750000 -2.828427 1897.171573
v 728.750000 -0.000000 1896.000000
v 728.750000 2.828427 1897.171573
v 783.750000 4.000000 1900.000000
v 783.750000 2.828427 1902.828427
v 783.750000 0.000000 1904.000000
v 783.750000 -2.828427 1902.828427
v 783.750000 -4.000000 1900.000000
v 783.750000 -2.828427 1897.171573
v 783.750000 -0.000000 1896.000000
v 783.750000 2.828427 1897.171573
v 723.500000 4.000000 2040.000000
v 723.500000 2.828427 2042.828427
v 723.500000 0.000000 2044.000000
v 723.500000 -2.828427 2042.828427
v 723.500000 -4.000000 2040.000000
v 723.500000 -2.828427 2037.171573
v 723.500000 -0.000000 2036.000000
v 723.500000 2.828427 2037.171573
v 778.500000 4.000000 2040.000000
v 778.500000 2.828427 2042.828427
v 778.500000 0.000000 2044.000000
v 778.500000 -2.828427 2042.828427
v 778.500000 -4.000000 2040.000000
v 778.500000 -2.828427 2037.171573
v 778.500000 -0.000000 2036.000000
v 778.500000 2.828427 2037.171573
v 718.250000 4.000000 2180.000000
v 718.250000 2.828427 2182.828427
v 718.250000 0.000000 2184.000000
v 718.250000 -2.828427 2182.828427
v 718.250000 -4.000000 2180.000000
v 718.250000 -2.828427 2177.171573
v 718.250000 -0.000000 2176.000000
v 718.250000 2.828427 2177.171573
v 773.250000 4.000000 2180.000000
v 773.250000 2.828427 2182.828427
v 773.250000 0.000000 2184.000000
v 773.250000 -2.828427 2182.828427
v 773.250000 -4.000000 2180.000000
v 773.250000 -2.828427 2177.171573
v 773.250000 -0.000000 2176.000000
v 773.250000 2.828427 2177.171573
v 713.000000 4.000000 2320.000000
v 713.000000 2.828427 2322.828427
v 713.000000 0.000000 2324.000000
v 713.000000 -2.828427 2322.828427
v 713.000000 -4.000000 2320.000000
v 713.000000 -2.828427 2317.171573
v 713.000000 -0.000000 2316.000000
v 713.000000 2.828427 2317.171573
v 768.000000 4.000000 2320.000000
v 768.000000 2.828427 2322.828427
v 768.000000 0.000000 2324.000000
v 768.000000 -2.828427 2322.828427
v 768.000000 -4.000000 2320.000000
v 768.000000 -2.828427 2317.171573
v 768.000000 -0.000000 2316.000000
v 768.000000 2.828427 2317.171573
v 707.750000 4.000000 2460.000000
v 707.750000 2.828427 2462.828427
v 707.750000 0.000000 2464.000000
v 707.750000 -2.828427 2462.828427
v 707.750000 -4.000000 2460.000000
v 707.750000 -2.828427 2457.171573
v 707.750000 -0.000000 2456.000000
v 707.750000 2.828427 2457.171573
v 762.750000 4.000000 2460.000000
v 762.750000 2.828427 2462.828427
v 762.750000 0.000000 2464.000000
v 762.750000 -2.828427 2462.828427
v 762.750000 -4.000000 2460.000000
v 762.750000 -2.828427 2457.171573
v 762.750000 -0.000000 2456.000000
v 762.750000 2.828427 2457.171573
v 702.500000 4.000000 2600.000000
v 702.500000 2.828427 2602.828427
v 702.500000 0.000000 2604.000000
v 702.500000 -2.828427 2602.828427
v 702.500000 -4.000000 2600.000000
v 702.500000 -2.828427 2597.171573
v 702.500000 -0.000000 2596.000000
v 702.500000 2.828427 2597.171573
v 757.500000 4.000000 2600.000000
v 757.500000 2.828427 2602.828427
v 757.500000 0.000000 2604.000000
v 757.500000 -2.828427 2602.828427
v 757.500000 -4.000000 2600.000000
v 757.500000 -2.828427 2597.171573
v 757.500000 -0.000000 2596.000000
v 757.500000 2.828427 2597.171573
v 697.250000 4.000000 2740.000000
v 697.250000 2.828427 2742.828427
v 697.250000 0.000000 2744.000000
v 697.250000 -2.828427 2742.828427
v 697.250000 -4.000000 2740.000000
v 697.250000 -2.828427 2737.171573
v 697.250000 -0.000000 2736.000000
v 697.250000 2.828427 2737.171573
v 752.250000 4.000000 2740.000000
v 752.250000 2.828427 2742.828427
v 752.250000 0.000000 2744.000000
v 752.250000 -2.828427 2742.828427
v 752.250000 -4.000000 2740.000000
v 752.250000 -2.828427 2737.171573
v 752.250000 -0.000000 2736.000000
v 752.250000 2.828427 2737.171573
v 692.000000 4.000000 2880.000000
v 692.000000 2.828427 2882.828427
v 692.000000 0.000000 2884.000000
v 692.000000 -2.828427 2882.828427
v 692.000000 -4.000000 2880.000000
v 692.000000 -2.828427 2877.171573
v 692.000000 -0.000000 2876.000000
v 692.000000 2.828427 2877.171573
v 747.000000 4.000000 2880.000000
v 747.000000 2.828427 2882.828427
v 747.000000 0.000000 2884.000000
v 747.000000 -2.828427 2882.828427
v 747.000000 -4.000000 2880.000000
v 747.000000 -2.828427 2877.171573
v 747.000000 -0.000000 2876.000000
v 747.000000 2.828427 2877.171573
v 686.750000 4.000000 3020.000000
v 686.750000 2.828427 3022.828427
v 686.750000 0.000000 3024.000000
v 686.750000 -2.828427 3022.828427
v 686.750000 -4.000000 3020.000000
v 686.750000 -2.828427 3017.171573
v 686.750000 -0.000000 3016.000000
v 686.750000 2.828427 3017.171573
v 741.750000 4.000000 3020.000000
v 741.750000 2.828427 3022.828427
v 741.750000 0.000000 3024.000000
v 741.750000 -2.828427 3022.828427
v 741.750000 -4.000000 3020.000000
v 741.750000 -2.828427 3017.171573
v 741.750000 -0.000000 3016.000000
v 741.750000 2.828427 3017.171573
v 681.500000 4.000000 3160.000000
v 681.500000 2.828427 3162.828427
v 681.500000 0.000000 3164.000000
v 681.500000 -2.828427 3162.828427
v 681.500000 -4.000000 3160.000000
v 681.500000 -2.828427 3157.171573
v 681.500000 -0.000000 3156.000000
v 681.500000 2.828427 3157.171573
v 736.500000 4.000000 3160.000000
v 736.500000 2.828427 3162.828427
v 736.500000 0.000000 3164.000000
v 736.500000 -2.828427 3162.828427
v 736.500000 -4.000000 3160.000000
v 736.500000 -2.828427 3157.171573
v 736.500000 -0.000000 3156.000000
v 736.500000 2.828427 3157.171573
v 676.250000 4.000000 3300.000000
v 676.250000 2.828427 3302.828427
v 676.250000 0.000000 3304.000000
v 676.250000 -2.828427 3302.828427
v 676.250000 -4.000000 3300.000000
v 676.250000 -2.828427 3297.171573
v 676.250000 -0.000000 3296.000000
v 676.250000 2.828427 3297.171573
v 731.250000 4.000000 3300.000000
v 731.250000 2.828427 3302.828427
v 731.250000 0.000000 3304.000000
v 731.250000 -2.828427 3302.828427
v 731.250000 -4.000000 3300.000000
v 731.250000 -2.828427 3297.171573
v 731.250000 -0.000000 3296.000000
v 731.250000 2.828427 3297.171573
v 671.000000 4.000000 3440.000000
v 671.000000 2.828427 3442.828427
v 671.000000 0.000000 3444.000000
v 671.000000 -2.828427 3442.828427
v 671.000000 -4.000000 3440.000000
v 671.000000 -2.828427 3437.171573
v 671.000000 -0.000000 3436.000000
v 671.000000 2.828427 3437.171573
v 726.000000 4.000000 3440.000000
v 726.000000 2.828427 3442.828427
v 726.000000 0.000000 3444.000000
v 726.000000 -2.828427 3442.828427
v 726.000000 -4.000000 3440.000000
v 726.000000 -2.828427 3437.171573
v 726.000000 -0.000000 3436.000000
v 726.000000 2.828427 3437.171573
v 665.750000 4.000000 3580.000000
v 665.750000 2.828427 3582.828427
v 665.750000 0.000000 3584.000000
v 665.750000 -2.828427 3582.828427
v 665.750000 -4.000000 3580.000000
v 665.750000 -2.828427 3577.171573
v 665.750000 -0.000000 3576.000000
v 665.750000 2.828427 3577.171573
v 720.750000 4.000000 3580.000000
v 720.750000 2.828427 3582.828427
v 720.750000 0.000000 3584.000000
v 720.750000 -2.828427 3582.828427
v 720.750000 -4.000000 3580.000000
v 720.750000 -2.828427 3577.171573
v 720.750000 -0.000000 3576.000000
v 720.750000 2.828427 3577.171573
v 660.500000 4.000000 3720.000000
v 660.500000 2.828427 3722.828427
v 660.500000 0.000000 3724.000000
v 660.500000 -2.828427 3722.828427
v 660.500000 -4.000000 3720.000000
v 660.500000 -2.828427 3717.171573
v 660.500000 -0.000000 3716.000000
v 660.500000 2.828427 3717.171573
v 715.500000 4.000000 3720.000000
v 715.500000 2.828427 3722.828427
v 715.500000 0.000000 3724.000000
v 715.500000 -2.828427 3722.828427
v 715.500000 -4.000000 3720.000000
v 715.500000 -2.828427 3717.171573
v 715.500000 -0.000000 3716.000000
v 715.500000 2.828427 3717.171573
v 655.250000 4.000000 3860.000000
v 655.250000 2.828427 3862.828427
v 655.250000 0.000000 3864.000000
v 655.250000 -2.828427 3862.828427
v 655.250000 -4.000000 3860.000000
v 655.250000 -2.828427 3857.171573
v 655.250000 -0.000000 3856.000000
v 655.250000 2.828427 3857.171573
v 710.250000 4.000000 3860.000000
v 710.250000 2.828427 3862.828427
v 710.250000 0.000000 3864.000000
v 710.250000 -2.828427 3862.828427
v 710.250000 -4.000000 3860.000000
v 710.250000 -2.828427 3857.171573
v 710.250000 -0.000000 3856.000000
v 710.250000 2.828427 3857.171573
v 706.250000 15.000000 1550.000000
v 706.250000 12.135255 1558.816779
v 706.250000 4.635255 1564.265848
v 706.250000 -4.635255 1564.265848
v 706.250000 -12.135255 1558.816779
v 706.250000 -15.000000 1550.000000
v 706.250000 -12.135255 1541.183221
v 706.250000 -4.635255 1535.734152
v 706.250000 4.635255 1535.734152
v 706.250000 12.135255 1541.183221
v 1030.000000 15.000000 1550.000000
v 1030.000000 12.135255 1558.816779
v 1030.000000 4.635255 1564.265848
v 1030.000000 -4.635255 1564.265848
v 1030.000000 -12.135255 1558.816779
v 1030.000000 -15.000000 1550.000000
v 1030.000000 -12.135255 1541.183221
v 1030.000000 -4.635255 1535.734152
v 1030.000000 4.635255 1535.734152
v 1030.000000 12.135255 1541.183221
v 706.250000 9.000000 1465.000000
v 704.686212 6.363961 1471.168838
v 704.038470 0.000000 1473.724055
v 704.686212 -6.363961 1471.168838
v 706.250000 -9.000000 1465.000000
v 707.813788 -6.363961 1458.831162
v 708.461530 -0.000000 1456.275945
v 707.813788 6.363961 1458.831162
v 1010.000000 9.000000 1542.000000
v 1008.436212 6.363961 1548.168838
v 1007.788470 0.000000 1550.724055
v 1008.436212 -6.363961 1548.168838
v 1010.000000 -9.000000 1542.000000
v 1011.563788 -6.363961 1535.831162
v 1012.211530 -0.000000 1533.275945
v 1011.563788 6.363961 1535.831162
v 1030.000000 50.000000 1550.000000
v 1030.000000 43.301270 1575.000000
v 1030.000000 25.000000 1593.301270
v 1030.000000 0.000000 1600.000000
v 1030.000000 -25.000000 1593.301270
v 1030.000000 -43.301270 1575.000000
v 1030.000000 -50.000000 1550.000000
v 1030.000000 -43.301270 1525.000000
v 1030.000000 -25.000000 1506.698730
v 1030.000000 -0.000000 1500.000000
v 1030.000000 25.000000 1506.698730
v 1030.000000 43.301270 1525.000000
v 1100.000000 50.000000 1550.000000
v 1100.000000 43.301270 1575.000000
v 1100.000000 25.000000 1593.301270
v 1100.000000 0.000000 1600.000000
v 1100.000000 -25.000000 1593.301270
v 1100.000000 -43.301270 1575.000000
v 1100.000000 -50.000000 1550.000000
v 1100.000000 -43.301270 1525.000000
v 1100.000000 -25.000000 1506.698730
v 1100.000000 -0.000000 1500.000000
v 1100.000000 25.000000 1506.698730
v 1100.000000 43.301270 1525.000000
v -15.000000 686.250000 2350.000000
v -12.135255 686.250000 2358.816779
v -4.635255 686.250000 2364.265848
v 4.635255 686.250000 2364.265848
v 12.135255 686.250000 2358.816779
v 15.000000 686.250000 2350.000000
v 12.135255 686.250000 2341.183221
v 4.635255 686.250000 2335.734152
v -4.635255 686.250000 2335.734152
v -12.135255 686.250000 2341.183221
v -15.000000 1030.000000 2350.000000
v -12.135255 1030.000000 2358.816779
v -4.635255 1030.000000 2364.265848
v 4.635255 1030.000000 2364.265848
v 12.135255 1030.000000 2358.816779
v 15.000000 1030.000000 2350.000000
v 12.135255 1030.000000 2341.183221
v 4.635255 1030.000000 2335.734152
v -4.635255 1030.000000 2335.734152
v -12.135255 1030.000000 2341.183221
v -9.000000 686.250000 2265.000000
v -6.363961 684.777484 2271.191260
v 0.000000 684.167548 2273.755763
v 6.363961 684.777484 2271.191260
v 9.000000 686.250000 2265.000000
v 6.363961 687.722516 2258.808740
v 0.000000 688.332452 2256.244237
v -6.363961 687.722516 2258.808740
v -9.000000 1010.000000 2342.000000
v -6.363961 1008.527484 2348.191260
v 0.000000 1007.917548 2350.755763
v 6.363961 1008.527484 2348.191260
v 9.000000 1010.000000 2342.000000
v 6.363961 1011.472516 2335.808740
v 0.000000 1012.082452 2333.244237
v -6.363961 1011.472516 2335.808740
v -50.000000 1030.000000 2350.000000
v -43.301270 1030.000000 2375.000000
v -25.000000 1030.000000 2393.301270
v 0.000000 1030.000000 2400.000000
v 25.000000 1030.000000 2393.301270
v 43.301270 1030.000000 2375.000000
v 50.000000 1030.000000 2350.000000
v 43.301270 1030.000000 2325.000000
v 25.000000 1030.000000 2306.698730
v 0.000000 1030.000000 2300.000000
v -25.000000 1030.000000 2306.698730
v -43.301270 1030.000000 2325.000000
v -50.000000 1100.000000 2350.000000
v -43.301270 1100.000000 2375.000000
v -25.000000 1100.000000 2393.301270
v 0.000000 1100.000000 2400.000000
v 25.000000 1100.000000 2393.301270
v 43.301270 1100.000000 2375.000000
v 50.000000 1100.000000 2350.000000
v 43.301270 1100.000000 2325.000000
v 25.000000 1100.000000 2306.698730
v 0.000000 1100.000000 2300.000000
v -25.000000 1100.000000 2306.698730
v -43.301270 1100.000000 2325.000000
v -666.250000 -15.000000 3150.000000
v -666.250000 -12.135255 3158.816779
v -666.250000 -4.635255 3164.265848
v -666.250000 4.635255 3164.265848
v -666.250000 12.135255 3158.816779
v -666.250000 15.000000 3150.000000
v -666.250000 12.135255 3141.183221
v -666.250000 4.635255 3135.734152
v -666.250000 -4.635255 3135.734152
v -666.250000 -12.135255 3141.183221
v -1030.000000 -15.000000 3150.000000
v -1030.000000 -12.135255 3158.816779
v -1030.000000 -4.635255 3164.265848
v -1030.000000 4.635255 3164.265848
v -1030.000000 12.135255 3158.816779
v -1030.000000 15.000000 3150.000000
v -1030.000000 12.135255 3141.183221
v -1030.000000 4.635255 3135.734152
v -1030.000000 -4.635255 3135.734152
v -1030.000000 -12.135255 3141.183221
v -666.250000 -9.000000 3065.000000
v -664.858944 -6.363961 3071.210070
v -664.282750 0.000000 3073.782365
v -664.858944 6.363961 3071.210070
v -666.250000 9.000000 3065.000000
v -667.641056 6.363961 3058.789930
v -668.217250 0.000000 3056.217635
v -667.641056 -6.363961 3058.789930
v -1010.000000 -9.000000 3142.000000
v -1008.608944 -6.363961 3148.210070
v -1008.032750 0.000000 3150.782365
v -1008.608944 6.363961 3148.210070
v -1010.000000 9.000000 3142.000000
v -1011.391056 6.363961 3135.789930
v -1011.967250 0.000000 3133.217635
v -1011.391056 -6.363961 3135.789930
v -1030.000000 -50.000000 3150.000000
v -1030.000000 -43.301270 3175.000000
v -1030.000000 -25.000000 3193.301270
v -1030.000000 0.000000 3200.000000
v -1030.000000 25.000000 3193.301270
v -1030.000000 43.301270 3175.000000
v -1030.000000 50.000000 3150.000000
v -1030.000000 43.301270 3125.000000
v -1030.000000 25.000000 3106.698730
v -1030.000000 0.000000 3100.000000
v -1030.000000 -25.000000 3106.698730
v -1030.000000 -43.301270 3125.000000
v -1100.000000 -50.000000 3150.000000
v -1100.000000 -43.301270 3175.000000
v -1100.000000 -25.000000 3193.301270
v -1100.000000 0.000000 3200.000000
v -1100.000000 25.000000 3193.301270
v -1100.000000 43.301270 3175.000000
v -1100.000000 50.000000 3150.000000
v -1100.000000 43.301270 3125.000000
v -1100.000000 25.000000 3106.698730
v -1100.000000 0.000000 3100.000000
v -1100.000000 -25.000000 3106.698730
v -1100.000000 -43.301270 3125.000000
v 15.000000 -646.250000 3950.000000
v 12.135255 -646.250000 3958.816779
v 4.635255 -646.250000 3964.265848
v -4.635255 -646.250000 3964.265848
v -12.135255 -646.250000 3958.816779
v -15.000000 -646.250000 3950.000000
v -12.135255 -646.250000 3941.183221
v -4.635255 -646.250000 3935.734152
v 4.635255 -646.250000 3935.734152
v 12.135255 -646.250000 3941.183221
v 15.000000 -1030.000000 3950.000000
v 12.135255 -1030.000000 3958.816779
v 4.635255 -1030.000000 3964.265848
v -4.635255 -1030.000000 3964.265848
v -12.135255 -1030.000000 3958.816779
v -15.000000 -1030.000000 3950.000000
v -12.135255 -1030.000000 3941.183221
v -4.635255 -1030.000000 3935.734152
v 4.635255 -1030.000000 3935.734152
v 12.135255 -1030.000000 3941.183221
v 9.000000 -646.250000 3865.000000
v 6.363961 -644.932057 3871.225996
v -0.000000 -644.386147 3873.804888
v -6.363961 -644.932057 3871.225996
v -9.000000 -646.250000 3865.000000
v -6.363961 -647.567943 3858.774004
v -0.000000 -648.113853 3856.195112
v 6.363961 -647.567943 3858.774004
v 9.000000 -1010.000000 3942.000000
v 6.363961 -1008.682057 3948.225996
v -0.000000 -1008.136147 3950.804888
v -6.363961 -1008.682057 3948.225996
v -9.000000 -1010.000000 3942.000000
v -6.363961 -1011.317943 3935.774004
v -0.000000 -1011.863853 3933.195112
v 6.363961 -1011.317943 3935.774004
v 50.000000 -1030.000000 3950.000000
v 43.301270 -1030.000000 3975.000000
v 25.000000 -1030.000000 3993.301270
v -0.000000 -1030.000000 4000.000000
v -25.000000 -1030.000000 3993.301270
v -43.301270 -1030.000000 3975.000000
v -50.000000 -1030.000000 3950.000000
v -43.301270 -1030.000000 3925.000000
v -25.000000 -1030.000000 3906.698730
v -0.000000 -1030.000000 3900.000000
v 25.000000 -1030.000000 3906.698730
v 43.301270 -1030.000000 3925.000000
v 50.000000 -1100.000000 3950.000000
v 43.301270 -1100.000000 3975.000000
v 25.000000 -1100.000000 3993.301270
v -0.000000 -1100.000000 4000.000000
v -25.000000 -1100.000000 3993.301270
v -43.301270 -1100.000000 3975.000000
v -50.000000 -1100.000000 3950.000000
v -43.301270 -1100.000000 3925.000000
v -25.000000 -1100.000000 3906.698730
v -0.000000 -1100.000000 3900.000000
v 25.000000 -1100.000000 3906.698730
v 43.301270 -1100.000000 3925.000000
v 905.401942 375.029764 1800.000000
v 692.964646 692.964646 1800.000000
v 375.029764 905.401942 1800.000000
v 0.000000 980.000000 1800.000000
v -375.029764 905.401942 1800.000000
v -692.964646 692.964646 1800.000000
v -905.401942 375.029764 1800.000000
v -980.000000 0.000000 1800.000000
v -905.401942 -375.029764 1800.000000
v -692.964646 -692.964646 1800.000000
v -375.029764 -905.401942 1800.000000
v -0.000000 -980.000000 1800.000000
v 375.029764 -905.401942 1800.000000
v 692.964646 -692.964646 1800.000000
v 905.401942 -375.029764 1800.000000
v 980.000000 -0.000000 1800.000000
v 905.401942 375.029764 1828.000000
v 692.964646 692.964646 1828.000000
v 375.029764 905.401942 1828.000000
v 0.000000 980.000000 1828.000000
v -375.029764 905.401942 1828.000000
v -692.964646 692.964646 1828.000000
v -905.401942 375.029764 1828.000000
v -980.000000 0.000000 1828.000000
v -905.401942 -375.029764 1828.000000
v -692.964646 -692.964646 1828.000000
v -375.029764 -905.401942 1828.000000
v -0.000000 -980.000000 1828.000000
v 375.029764 -905.401942 1828.000000
v 692.964646 -692.964646 1828.000000
v 905.401942 -375.029764 1828.000000
v 980.000000 -0.000000 1828.000000
v 980.000000 -5.000000 1828.000000
v 983.535534 -3.535534 1828.000000
v 985.000000 -0.000000 1828.000000
v 983.535534 3.535534 1828.000000
v 980.000000 5.000000 1828.000000
v 976.464466 3.535534 1828.000000
v 975.000000 0.000000 1828.000000
v 976.464466 -3.535534 1828.000000
v 980.000000 -5.000000 1938.000000
v 983.535534 -3.535534 1938.000000
v 985.000000 -0.000000 1938.000000
v 983.535534 3.535534 1938.000000
v 980.000000 5.000000 1938.000000
v 976.464466 3.535534 1938.000000
v 975.000000 0.000000 1938.000000
v 976.464466 -3.535534 1938.000000
v 905.401942 370.029764 1828.000000
v 908.937476 371.494230 1828.000000
v 910.401942 375.029764 1828.000000
v 908.937476 378.565298 1828.000000
v 905.401942 380.029764 1828.000000
v 901.866408 378.565298 1828.000000
v 900.401942 375.029764 1828.000000
v 901.866408 371.494230 1828.000000
v 905.401942 370.029764 1938.000000
v 908.937476 371.494230 1938.000000
v 910.401942 375.029764 1938.000000
v 908.937476 378.565298 1938.000000
v 905.401942 380.029764 1938.000000
v 901.866408 378.565298 1938.000000
v 900.401942 375.029764 1938.000000
v 901.866408 371.494230 1938.000000
v 692.964646 687.964646 1828.000000
v 696.500179 689.429112 1828.000000
v 697.964646 692.964646 1828.000000
v 696.500179 696.500179 1828.000000
v 692.964646 697.964646 1828.000000
v 689.429112 696.500179 1828.000000
v 687.964646 692.964646 1828.000000
v 689.429112 689.429112 1828.000000
v 692.964646 687.964646 1938.000000
v 696.500179 689.429112 1938.000000
v 697.964646 692.964646 1938.000000
v 696.500179 696.500179 1938.000000
v 692.964646 697.964646 1938.000000
v 689.429112 696.500179 1938.000000
v 687.964646 692.964646 1938.000000
v 689.429112 689.429112 1938.000000
v 375.029764 900.401942 1828.000000
v 378.565298 901.866408 1828.000000
v 380.029764 905.401942 1828.000000
v 378.565298 908.937476 1828.000000
v 375.029764 910.401942 1828.000000
v 371.494230 908.937476 1828.000000
v 370.029764 905.401942 1828.000000
v 371.494230 901.866408 1828.000000
v 375.029764 900.401942 1938.000000
v 378.565298 901.866408 1938.000000
v 380.029764 905.401942 1938.000000
v 378.565298 908.937476 1938.000000
v 375.029764 910.401942 1938.000000
v 371.494230 908.937476 1938.000000
v 370.029764 905.401942 1938.000000
v 371.494230 901.866408 1938.000000
v 0.000000 975.000000 1828.000000
v 3.535534 976.464466 1828.000000
v 5.000000 980.000000 1828.000000
v 3.535534 983.535534 1828.000000
v 0.000000 985.000000 1828.000000
v -3.535534 983.535534 1828.000000
v -5.000000 980.000000 1828.000000
v -3.535534 976.464466 1828.000000
v 0.000000 975.000000 1938.000000
v 3.535534 976.464466 1938.000000
v 5.000000 980.000000 1938.000000
v 3.535534 983.535534 1938.000000
v 0.000000 985.000000 1938.000000
v -3.535534 983.535534 1938.000000
v -5.000000 980.000000 1938.000000
v -3.535534 976.464466 1938.000000
v -375.029764 900.401942 1828.000000
v -371.494230 901.866408 1828.000000
v -370.029764 905.401942 1828.000000
v -371.494230 908.937476 1828.000000
v -375.029764 910.401942 1828.000000
v -378.565298 908.937476 1828.000000
v -380.029764 905.401942 1828.000000
v -378.565298 901.866408 1828.000000
v -375.029764 900.401942 1938.000000
v -371.494230 901.866408 1938.000000
v -370.029764 905.401942 1938.000000
v -371.494230 908.937476 1938.000000
v -375.029764 910.401942 1938.000000
v -378.565298 908.937476 1938.000000
v -380.029764 905.401942 1938.000000
v -378.565298 901.866408 1938.000000
v -692.964646 687.964646 1828.000000
v -689.429112 689.429112 1828.000000
v -687.964646 692.964646 1828.000000
v -689.429112 696.500179 1828.000000
v -692.964646 697.964646 1828.000000
v -696.500179 696.500179 1828.000000
v -697.964646 692.964646 1828.000000
v -696.500179 689.429112 1828.000000
v -692.964646 687.964646 1938.000000
v -689.429112 689.429112 1938.000000
v -687.964646 692.964646 1938.000000
v -689.429112 696.500179 1938.000000
v -692.964646 697.964646 1938.000000
v -696.500179 696.500179 1938.000000
v -697.964646 692.964646 1938.000000
v -696.500179 689.429112 1938.000000
v -905.401942 370.029764 1828.000000
v -901.866408 371.494230 1828.000000
v -900.401942 375.029764 1828.000000
v -901.866408 378.565298 1828.000000
v -905.401942 380.029764 1828.000000
v -908.937476 378.565298 1828.000000
v -910.401942 375.029764 1828.000000
v -908.937476 371.494230 1828.000000
v -905.401942 370.029764 1938.000000
v -901.866408 371.494230 1938.000000
v -900.401942 375.029764 1938.000000
v -901.866408 378.565298 1938.000000
v -905.401942 380.029764 1938.000000
v -908.937476 378.565298 1938.000000
v -910.401942 375.029764 1938.000000
v -908.937476 371.494230 1938.000000
v -980.000000 -5.000000 1828.000000
v -976.464466 -3.535534 1828.000000
v -975.000000 0.000000 1828.000000
v -976.464466 3.535534 1828.000000
v -980.000000 5.000000 1828.000000
v -983.535534 3.535534 1828.000000
v -985.000000 0.000000 1828.000000
v -983.535534 -3.535534 1828.000000
v -980.000000 -5.000000 1938.000000
v -976.464466 -3.535534 1938.000000
v -975.000000 0.000000 1938.000000
v -976.464466 3.535534 1938.000000
v -980.000000 5.000000 1938.000000
v -983.535534 3.535534 1938.000000
v -985.000000 0.000000 1938.000000
v -983.535534 -3.535534 1938.000000
v -905.401942 -380.029764 1828.000000
v -901.866408 -378.565298 1828.000000
v -900.401942 -375.029764 1828.000000
v -901.866408 -371.494230 1828.000000
v -905.401942 -370.029764 1828.000000
v -908.937476 -371.494230 1828.000000
v -910.401942 -375.029764 1828.000000
v -908.937476 -378.565298 1828.000000
v -905.401942 -380.029764 1938.000000
v -901.866408 -378.565298 1938.000000
v -900.401942 -375.029764 1938.000000
v -901.866408 -371.494230 1938.000000
v -905.401942 -370.029764 1938.000000
v -908.937476 -371.494230 1938.000000
v -910.401942 -375.029764 1938.000000
v -908.937476 -378.565298 1938.000000
v -692.964646 -697.964646 1828.000000
v -689.429112 -696.500179 1828.000000
v -687.964646 -692.964646 1828.000000
v -689.429112 -689.429112 1828.000000
v -692.964646 -687.964646 1828.000000
v -696.500179 -689.429112 1828.000000
v -697.964646 -692.964646 1828.000000
v -696.500179 -696.500179 1828.000000
v -692.964646 -697.964646 1938.000000
v -689.429112 -696.500179 1938.000000
v -687.964646 -692.964646 1938.000000
v -689.429112 -689.429112 1938.000000
v -692.964646 -687.964646 1938.000000
v -696.500179 -689.429112 1938.000000
v -697.964646 -692.964646 1938.000000
v -696.500179 -696.500179 1938.000000
v -375.029764 -910.401942 1828.000000
v -371.494230 -908.937476 1828.000000
v -370.029764 -905.401942 1828.000000
v -371.494230 -901.866408 1828.000000
v -375.029764 -900.401942 1828.000000
v -378.565298 -901.866408 1828.000000
v -380.029764 -905.401942 1828.000000
v -378.565298 -908.937476 1828.000000
v -375.029764 -910.401942 1938.000000
v -371.494230 -908.937476 1938.000000
v -370.029764 -905.401942 1938.000000
v -371.494230 -901.866408 1938.000000
v -375.029764 -900.401942 1938.000000
v -378.565298 -901.866408 1938.000000
v -380.029764 -905.401942 1938.000000
v -378.565298 -908.937476 1938.000000
v -0.000000 -985.000000 1828.000000
v 3.535534 -983.535534 1828.000000
v 5.000000 -980.000000 1828.000000
v 3.535534 -976.464466 1828.000000
v -0.000000 -975.000000 1828.000000
v -3.535534 -976.464466 1828.000000
v -5.000000 -980.000000 1828.000000
v -3.535534 -983.535534 1828.000000
v -0.000000 -985.000000 1938.000000
v 3.535534 -983.535534 1938.000000
v 5.000000 -980.000000 1938.000000
v 3.535534 -976.464466 1938.000000
v -0.000000 -975.000000 1938.000000
v -3.535534 -976.464466 1938.000000
v -5.000000 -980.000000 1938.000000
v -3.535534 -983.535534 1938.000000
v 375.029764 -910.401942 1828.000000
v 378.565298 -908.937476 1828.000000
v 380.029764 -905.401942 1828.000000
v 378.565298 -901.866408 1828.000000
v 375.029764 -900.401942 1828.000000
v 371.494230 -901.866408 1828.000000
v 370.029764 -905.401942 1828.000000
v 371.494230 -908.937476 1828.000000
v 375.029764 -910.401942 1938.000000
v 378.565298 -908.937476 1938.000000
v 380.029764 -905.401942 1938.000000
v 378.565298 -901.866408 1938.000000
v 375.029764 -900.401942 1938.000000
v 371.494230 -901.866408 1938.000000
v 370.029764 -905.401942 1938.000000
v 371.494230 -908.937476 1938.000000
v 692.964646 -697.964646 1828.000000
v 696.500179 -696.500179 1828.000000
v 697.964646 -692.964646 1828.000000
v 696.500179 -689.429112 1828.000000
v 692.964646 -687.964646 1828.000000
v 689.429112 -689.429112 1828.000000
v 687.964646 -692.964646 1828.000000
v 689.429112 -696.500179 1828.000000
v 692.964646 -697.964646 1938.000000
v 696.500179 -696.500179 1938.000000
v 697.964646 -692.964646 1938.000000
v 696.500179 -689.429112 1938.000000
v 692.964646 -687.964646 1938.000000
v 689.429112 -689.429112 1938.000000
v 687.964646 -692.964646 1938.000000
v 689.429112 -696.500179 1938.000000
v 905.401942 -380.029764 1828.000000
v 908.937476 -378.565298 1828.000000
v 910.401942 -375.029764 1828.000000
v 908.937476 -371.494230 1828.000000
v 905.401942 -370.029764 1828.000000
v 901.866408 -371.494230 1828.000000
v 900.401942 -375.029764 1828.000000
v 901.866408 -378.565298 1828.000000
v 905.401942 -380.029764 1938.000000
v 908.937476 -378.565298 1938.000000
v 910.401942 -375.029764 1938.000000
v 908.937476 -371.494230 1938.000000
v 905.401942 -370.029764 1938.000000
v 901.866408 -371.494230 1938.000000
v 900.401942 -375.029764 1938.000000
v 901.866408 -378.565298 1938.000000
v 975.096074 -0.975452 1938.000000
v 976.532400 -0.689748 1941.535534
v 980.000000 -0.000000 1943.000000
v 983.467600 0.689748 1941.535534
v 984.903926 0.975452 1938.000000
v 983.467600 0.689748 1934.464466
v 980.000000 0.000000 1933.000000
v 976.532400 -0.689748 1934.464466
v 900.498015 374.054312 1938.000000
v 901.934342 374.340015 1941.535534
v 905.401942 375.029764 1943.000000
v 908.869541 375.719512 1941.535534
v 910.305868 376.005215 1938.000000
v 908.869541 375.719512 1934.464466
v 905.401942 375.029764 1933.000000
v 901.934342 374.340015 1934.464466
v 901.244594 372.251913 1938.000000
v 902.462253 373.065526 1941.535534
v 905.401942 375.029764 1943.000000
v 908.341631 376.994001 1941.535534
v 909.559290 377.807615 1938.000000
v 908.341631 376.994001 1934.464466
v 905.401942 375.029764 1933.000000
v 902.462253 373.065526 1934.464466
v 688.807298 690.186794 1938.000000
v 690.024957 691.000408 1941.535534
v 692.964646 692.964646 1943.000000
v 695.904335 694.928883 1941.535534
v 697.121994 695.742497 1938.000000
v 695.904335 694.928883 1934.464466
v 692.964646 692.964646 1933.000000
v 690.024957 691.000408 1934.464466
v 690.186794 688.807298 1938.000000
v 691.000408 690.024957 1941.535534
v 692.964646 692.964646 1943.000000
v 694.928883 695.904335 1941.535534
v 695.742497 697.121994 1938.000000
v 694.928883 695.904335 1934.464466
v 692.964646 692.964646 1933.000000
v 691.000408 690.024957 1934.464466
v 372.251913 901.244594 1938.000000
v 373.065526 902.462253 1941.535534
v 375.029764 905.401942 1943.000000
v 376.994001 908.341631 1941.535534
v 377.807615 909.559290 1938.000000
v 376.994001 908.341631 1934.464466
v 375.029764 905.401942 1933.000000
v 373.065526 902.462253 1934.464466
v 374.054312 900.498015 1938.000000
v 374.340015 901.934342 1941.535534
v 375.029764 905.401942 1943.000000
v 375.719512 908.869541 1941.535534
v 376.005215 910.305868 1938.000000
v 375.719512 908.869541 1934.464466
v 375.029764 905.401942 1933.000000
v 374.340015 901.934342 1934.464466
v -0.975452 975.096074 1938.000000
v -0.689748 976.532400 1941.535534
v 0.000000 980.000000 1943.000000
v 0.689748 983.467600 1941.535534
v 0.975452 984.903926 1938.000000
v 0.689748 983.467600 1934.464466
v 0.000000 980.000000 1933.000000
v -0.689748 976.532400 1934.464466
v 0.975452 975.096074 1938.000000
v 0.689748 976.532400 1941.535534
v 0.000000 980.000000 1943.000000
v -0.689748 983.467600 1941.535534
v -0.975452 984.903926 1938.000000
v -0.689748 983.467600 1934.464466
v 0.000000 980.000000 1933.000000
v 0.689748 976.532400 1934.464466
v -374.054312 900.498015 1938.000000
v -374.340015 901.934342 1941.535534
v -375.029764 905.401942 1943.000000
v -375.719512 908.869541 1941.535534
v -376.005215 910.305868 1938.000000
v -375.719512 908.869541 1934.464466
v -375.029764 905.401942 1933.000000
v -374.340015 901.934342 1934.464466
v -372.251913 901.244594 1938.000000
v -373.065526 902.462253 1941.535534
v -375.029764 905.401942 1943.000000
v -376.994001 908.341631 1941.535534
v -377.807615 909.559290 1938.000000
v -376.994001 908.341631 1934.464466
v -375.029764 905.401942 1933.000000
v -373.065526 902.462253 1934.464466
v -690.186794 688.807298 1938.000000
v -691.000408 690.024957 1941.535534
v -692.964646 692.964646 1943.000000
v -694.928883 695.904335 1941.535534
v -695.742497 697.121994 1938.000000
v -694.928883 695.904335 1934.464466
v -692.964646 692.964646 1933.000000
v -691.000408 690.024957 1934.464466
v -688.807298 690.186794 1938.000000
v -690.024957 691.000408 1941.535534
v -692.964646 692.964646 1943.000000
v -695.904335 694.928883 1941.535534
v -697.121994 695.742497 1938.000000
v -695.904335 694.928883 1934.464466
v -692.964646 692.964646 1933.000000
v -690.024957 691.000408 1934.464466
v -901.244594 372.251913 1938.000000
v -902.462253 373.065526 1941.535534
v -905.401942 375.029764 1943.000000
v -908.341631 376.994001 1941.535534
v -909.559290 377.807615 1938.000000
v -908.341631 376.994001 1934.464466
v -905.401942 375.029764 1933.000000
v -902.462253 373.065526 1934.464466
v -900.498015 374.054312 1938.000000
v -901.934342 374.340015 1941.535534
v -905.401942 375.029764 1943.000000
v -908.869541 375.719512 1941.535534
v -910.305868 376.005215 1938.000000
v -908.869541 375.719512 1934.464466
v -905.401942 375.029764 1933.000000
v -901.934342 374.340015 1934.464466
v -975.096074 -0.975452 1938.000000
v -976.532400 -0.689748 1941.535534
v -980.000000 0.000000 1943.000000
v -983.467600 0.689748 1941.535534
v -984.903926 0.975452 1938.000000
v -983.467600 0.689748 1934.464466
v -980.000000 0.000000 1933.000000
v -976.532400 -0.689748 1934.464466
v -975.096074 0.975452 1938.000000
v -976.532400 0.689748 1941.535534
v -980.000000 0.000000 1943.000000
v -983.467600 -0.689748 1941.535534
v -984.903926 -0.975452 1938.000000
v -983.467600 -0.689748 1934.464466
v -980.000000 0.000000 1933.000000
v -976.532400 0.689748 1934.464466
v -900.498015 -374.054312 1938.000000
v -901.934342 -374.340015 1941.535534
v -905.401942 -375.029764 1943.000000
v -908.869541 -375.719512 1941.535534
v -910.305868 -376.005215 1938.000000
v -908.869541 -375.719512 1934.464466
v -905.401942 -375.029764 1933.000000
v -901.934342 -374.340015 1934.464466
v -901.244594 -372.251913 1938.000000
v -902.462253 -373.065526 1941.535534
v -905.401942 -375.029764 1943.000000
v -908.341631 -376.994001 1941.535534
v -909.559290 -377.807615 1938.000000
v -908.341631 -376.994001 1934.464466
v -905.401942 -375.029764 1933.000000
v -902.462253 -373.065526 1934.464466
v -688.807298 -690.186794 1938.000000
v -690.024957 -691.000408 1941.535534
v -692.964646 -692.964646 1943.000000
v -695.904335 -694.928883 1941.535534
v -697.121994 -695.742497 1938.000000
v -695.904335 -694.928883 1934.464466
v -692.964646 -692.964646 1933.000000
v -690.024957 -691.000408 1934.464466
v -690.186794 -688.807298 1938.000000
v -691.000408 -690.024957 1941.535534
v -692.964646 -692.964646 1943.000000
v -694.928883 -695.904335 1941.535534
v -695.742497 -697.121994 1938.000000
v -694.928883 -695.904335 1934.464466
v -692.964646 -692.964646 1933.000000
v -691.000408 -690.024957 1934.464466
v -372.251913 -901.244594 1938.000000
v -373.065526 -902.462253 1941.535534
v -375.029764 -905.401942 1943.000000
v -376.994001 -908.341631 1941.535534
v -377.807615 -909.559290 1938.000000
v -376.994001 -908.341631 1934.464466
v -375.029764 -905.401942 1933.000000
v -373.065526 -902.462253 1934.464466
v -374.054312 -900.498015 1938.000000
v -374.340015 -901.934342 1941.535534
v -375.029764 -905.401942 1943.000000
v -375.719512 -908.869541 1941.535534
v -376.005215 -910.305868 1938.000000
v -375.719512 -908.869541 1934.464466
v -375.029764 -905.401942 1933.000000
v -374.340015 -901.934342 1934.464466
v 0.975452 -975.096074 1938.000000
v 0.689748 -976.532400 1941.535534
v -0.000000 -980.000000 1943.000000
v -0.689748 -983.467600 1941.535534
v -0.975452 -984.903926 1938.000000
v -0.689748 -983.467600 1934.464466
v -0.000000 -980.000000 1933.000000
v 0.689748 -976.532400 1934.464466
v -0.975452 -975.096074 1938.000000
v -0.689748 -976.532400 1941.535534
v -0.000000 -980.000000 1943.000000
v 0.689748 -983.467600 1941.535534
v 0.975452 -984.903926 1938.000000
v 0.689748 -983.467600 1934.464466
v -0.000000 -980.000000 1933.000000
v -0.689748 -976.532400 1934.464466
v 374.054312 -900.498015 1938.000000
v 374.340015 -901.934342 1941.535534
v 375.029764 -905.401942 1943.000000
v 375.719512 -908.869541 1941.535534
v 376.005215 -910.305868 1938.000000
v 375.719512 -908.869541 1934.464466
v 375.029764 -905.401942 1933.000000
v 374.340015 -901.934342 1934.464466
v 372.251913 -901.244594 1938.000000
v 373.065526 -902.462253 1941.535534
v 375.029764 -905.401942 1943.000000
v 376.994001 -908.341631 1941.535534
v 377.807615 -909.559290 1938.000000
v 376.994001 -908.341631 1934.464466
v 375.029764 -905.401942 1933.000000
v 373.065526 -902.462253 1934.464466
v 690.186794 -688.807298 1938.000000
v 691.000408 -690.024957 1941.535534
v 692.964646 -692.964646 1943.000000
v 694.928883 -695.904335 1941.535534
v 695.742497 -697.121994 1938.000000
v 694.928883 -695.904335 1934.464466
v 692.964646 -692.964646 1933.000000
v 691.000408 -690.024957 1934.464466
v 688.807298 -690.186794 1938.000000
v 690.024957 -691.000408 1941.535534
v 692.964646 -692.964646 1943.000000
v 695.904335 -694.928883 1941.535534
v 697.121994 -695.742497 1938.000000
v 695.904335 -694.928883 1934.464466
v 692.964646 -692.964646 1933.000000
v 690.024957 -691.000408 1934.464466
v 901.244594 -372.251913 1938.000000
v 902.462253 -373.065526 1941.535534
v 905.401942 -375.029764 1943.000000
v 908.341631 -376.994001 1941.535534
v 909.559290 -377.807615 1938.000000
v 908.341631 -376.994001 1934.464466
v 905.401942 -375.029764 1933.000000
v 902.462253 -373.065526 1934.464466
v 900.498015 -374.054312 1938.000000
v 901.934342 -374.340015 1941.535534
v 905.401942 -375.029764 1943.000000
v 908.869541 -375.719512 1941.535534
v 910.305868 -376.005215 1938.000000
v 908.869541 -375.719512 1934.464466
v 905.401942 -375.029764 1933.000000
v 901.934342 -374.340015 1934.464466
v 975.096074 0.975452 1938.000000
v 976.532400 0.689748 1941.535534
v 980.000000 -0.000000 1943.000000
v 983.467600 -0.689748 1941.535534
v 984.903926 -0.975452 1938.000000
v 983.467600 -0.689748 1934.464466
v 980.000000 -0.000000 1933.000000
v 976.532400 0.689748 1934.464466
v 730.000000 9.000000 1720.000000
v 727.684096 6.363961 1725.927612
v 726.724817 0.000000 1728.382910
v 727.684096 -6.363961 1725.927612
v 730.000000 -9.000000 1720.000000
v 732.315904 -6.363961 1714.072388
v 733.275183 -0.000000 1711.617090
v 732.315904 6.363961 1714.072388
v 945.000000 9.000000 1804.000000
v 942.684096 6.363961 1809.927612
v 941.724817 0.000000 1812.382910
v 942.684096 -6.363961 1809.927612
v 945.000000 -9.000000 1804.000000
v 947.315904 -6.363961 1798.072388
v 948.275183 -0.000000 1795.617090
v 947.315904 6.363961 1798.072388
v -9.000000 730.000000 1720.000000
v -6.363961 727.684096 1725.927612
v 0.000000 726.724817 1728.382910
v 6.363961 727.684096 1725.927612
v 9.000000 730.000000 1720.000000
v 6.363961 732.315904 1714.072388
v 0.000000 733.275183 1711.617090
v -6.363961 732.315904 1714.072388
v -9.000000 945.000000 1804.000000
v -6.363961 942.684096 1809.927612
v 0.000000 941.724817 1812.382910
v 6.363961 942.684096 1809.927612
v 9.000000 945.000000 1804.000000
v 6.363961 947.315904 1798.072388
v 0.000000 948.275183 1795.617090
v -6.363961 947.315904 1798.072388
v -730.000000 -9.000000 1720.000000
v -727.684096 -6.363961 1725.927612
v -726.724817 0.000000 1728.382910
v -727.684096 6.363961 1725.927612
v -730.000000 9.000000 1720.000000
v -732.315904 6.363961 1714.072388
v -733.275183 0.000000 1711.617090
v -732.315904 -6.363961 1714.072388
v -945.000000 -9.000000 1804.000000
v -942.684096 -6.363961 1809.927612
v -941.724817 0.000000 1812.382910
v -942.684096 6.363961 1809.927612
v -945.000000 9.000000 1804.000000
v -947.315904 6.363961 1798.072388
v -948.275183 0.000000 1795.617090
v -947.315904 -6.363961 1798.072388
v 9.000000 -730.000000 1720.000000
v 6.363961 -727.684096 1725.927612
v -0.000000 -726.724817 1728.382910
v -6.363961 -727.684096 1725.927612
v -9.000000 -730.000000 1720.000000
v -6.363961 -732.315904 1714.072388
v -0.000000 -733.275183 1711.617090
v 6.363961 -732.315904 1714.072388
v 9.000000 -945.000000 1804.000000
v 6.363961 -942.684096 1809.927612
v -0.000000 -941.724817 1812.382910
v -6.363961 -942.684096 1809.927612
v -9.000000 -945.000000 1804.000000
v -6.363961 -947.315904 1798.072388
v -0.000000 -948.275183 1795.617090
v 6.363961 -947.315904 1798.072388
v 849.969170 352.068758 3600.000000
v 650.538239 650.538239 3600.000000
v 352.068758 849.969170 3600.000000
v 0.000000 920.000000 3600.000000
v -352.068758 849.969170 3600.000000
v -650.538239 650.538239 3600.000000
v -849.969170 352.068758 3600.000000
v -920.000000 0.000000 3600.000000
v -849.969170 -352.068758 3600.000000
v -650.538239 -650.538239 3600.000000
v -352.068758 -849.969170 3600.000000
v -0.000000 -920.000000 3600.000000
v 352.068758 -849.969170 3600.000000
v 650.538239 -650.538239 3600.000000
v 849.969170 -352.068758 3600.000000
v 920.000000 -0.000000 3600.000000
v 849.969170 352.068758 3628.000000
v 650.538239 650.538239 3628.000000
v 352.068758 849.969170 3628.000000
v 0.000000 920.000000 3628.000000
v -352.068758 849.969170 3628.000000
v -650.538239 650.538239 3628.000000
v -849.969170 352.068758 3628.000000
v -920.000000 0.000000 3628.000000
v -849.969170 -352.068758 3628.000000
v -650.538239 -650.538239 3628.000000
v -352.068758 -849.969170 3628.000000
v -0.000000 -920.000000 3628.000000
v 352.068758 -849.969170 3628.000000
v 650.538239 -650.538239 3628.000000
v 849.969170 -352.068758 3628.000000
v 920.000000 -0.000000 3628.000000
v 920.000000 -5.000000 3628.000000
v 923.535534 -3.535534 3628.000000
v 925.000000 -0.000000 3628.000000
v 923.535534 3.535534 3628.000000
v 920.000000 5.000000 3628.000000
v 916.464466 3.535534 3628.000000
v 915.000000 0.000000 3628.000000
v 916.464466 -3.535534 3628.000000
v 920.000000 -5.000000 3738.000000
v 923.535534 -3.535534 3738.000000
v 925.000000 -0.000000 3738.000000
v 923.535534 3.535534 3738.000000
v 920.000000 5.000000 3738.000000
v 916.464466 3.535534 3738.000000
v 915.000000 0.000000 3738.000000
v 916.464466 -3.535534 3738.000000
v 849.969170 347.068758 3628.000000
v 853.504704 348.533224 3628.000000
v 854.969170 352.068758 3628.000000
v 853.504704 355.604292 3628.000000
v 849.969170 357.068758 3628.000000
v 846.433636 355.604292 3628.000000
v 844.969170 352.068758 3628.000000
v 846.433636 348.533224 3628.000000
v 849.969170 347.068758 3738.000000
v 853.504704 348.533224 3738.000000
v 854.969170 352.068758 3738.000000
v 853.504704 355.604292 3738.000000
v 849.969170 357.068758 3738.000000
v 846.433636 355.604292 3738.000000
v 844.969170 352.068758 3738.000000
v 846.433636 348.533224 3738.000000
v 650.538239 645.538239 3628.000000
v 654.073773 647.002705 3628.000000
v 655.538239 650.538239 3628.000000
v 654.073773 654.073773 3628.000000
v 650.538239 655.538239 3628.000000
v 647.002705 654.073773 3628.000000
v 645.538239 650.538239 3628.000000
v 647.002705 647.002705 3628.000000
v 650.538239 645.538239 3738.000000
v 654.073773 647.002705 3738.000000
v 655.538239 650.538239 3738.000000
v 654.073773 654.073773 3738.000000
v 650.538239 655.538239 3738.000000
v 647.002705 654.073773 3738.000000
v 645.538239 650.538239 3738.000000
v 647.002705 647.002705 3738.000000
v 352.068758 844.969170 3628.000000
v 355.604292 846.433636 3628.000000
v 357.068758 849.969170 3628.000000
v 355.604292 853.504704 3628.000000
v 352.068758 854.969170 3628.000000
v 348.533224 853.504704 3628.000000
v 347.068758 849.969170 3628.000000
v 348.533224 846.433636 3628.000000
v 352.068758 844.969170 3738.000000
v 355.604292 846.433636 3738.000000
v 357.068758 849.969170 3738.000000
v 355.604292 853.504704 3738.000000
v 352.068758 854.969170 3738.000000
v 348.533224 853.504704 3738.000000
v 347.068758 849.969170 3738.000000
v 348.533224 846.433636 3738.000000
v 0.000000 915.000000 3628.000000
v 3.535534 916.464466 3628.000000
v 5.000000 920.000000 3628.000000
v 3.535534 923.535534 3628.000000
v 0.000000 925.000000 3628.000000
v -3.535534 923.535534 3628.000000
v -5.000000 920.000000 3628.000000
v -3.535534 916.464466 3628.000000
v 0.000000 915.000000 3738.000000
v 3.535534 916.464466 3738.000000
v 5.000000 920.000000 3738.000000
v 3.535534 923.535534 3738.000000
v 0.000000 925.000000 3738.000000
v -3.535534 923.535534 3738.000000
v -5.000000 920.000000 3738.000000
v -3.535534 916.464466 3738.000000
v -352.068758 844.969170 3628.000000
v -348.533224 846.433636 3628.000000
v -347.068758 849.969170 3628.000000
v -348.533224 853.504704 3628.000000
v -352.068758 854.969170 3628.000000
v -355.604292 853.504704 3628.000000
v -357.068758 849.969170 3628.000000
v -355.604292 846.433636 3628.000000
v -352.068758 844.969170 3738.000000
v -348.533224 846.433636 3738.000000
v -347.068758 849.969170 3738.000000
v -348.533224 853.504704 3738.000000
v -352.068758 854.969170 3738.000000
v -355.604292 853.504704 3738.000000
v -357.068758 849.969170 3738.000000
v -355.604292 846.433636 3738.000000
v -650.538239 645.538239 3628.000000
v -647.002705 647.002705 3628.000000
v -645.538239 650.538239 3628.000000
v -647.002705 654.073773 3628.000000
v -650.538239 655.538239 3628.000000
v -654.073773 654.073773 3628.000000
v -655.538239 650.538239 3628.000000
v -654.073773 647.002705 3628.000000
v -650.538239 645.538239 3738.000000
v -647.002705 647.002705 3738.000000
v -645.538239 650.538239 3738.000000
v -647.002705 654.073773 3738.000000
v -650.538239 655.538239 3738.000000
v -654.073773 654.073773 3738.000000
v -655.538239 650.538239 3738.000000
v -654.073773 647.002705 3738.000000
v -849.969170 347.068758 3628.000000
v -846.433636 348.533224 3628.000000
v -844.969170 352.068758 3628.000000
v -846.433636 355.604292 3628.000000
v -849.969170 357.068758 3628.000000
v -853.504704 355.604292 3628.000000
v -854.969170 352.068758 3628.000000
v -853.504704 348.533224 3628.000000
v -849.969170 347.068758 3738.000000
v -846.433636 348.533224 3738.000000
v -844.969170 352.068758 3738.000000
v -846.433636 355.604292 3738.000000
v -849.969170 357.068758 3738.000000
v -853.504704 355.604292 3738.000000
v -854.969170 352.068758 3738.000000
v -853.504704 348.533224 3738.000000
v -920.000000 -5.000000 3628.000000
v -916.464466 -3.535534 3628.000000
v -915.000000 0.000000 3628.000000
v -916.464466 3.535534 3628.000000
v -920.000000 5.000000 3628.000000
v -923.535534 3.535534 3628.000000
v -925.000000 0.000000 3628.000000
v -923.535534 -3.535534 3628.000000
v -920.000000 -5.000000 3738.000000
v -916.464466 -3.535534 3738.000000
v -915.000000 0.000000 3738.000000
v -916.464466 3.535534 3738.000000
v -920.000000 5.000000 3738.000000
v -923.535534 3.535534 3738.000000
v -925.000000 0.000000 3738.000000
v -923.535534 -3.535534 3738.000000
v -849.969170 -357.068758 3628.000000
v -846.433636 -355.604292 3628.000000
v -844.969170 -352.068758 3628.000000
v -846.433636 -348.533224 3628.000000
v -849.969170 -347.068758 3628.000000
v -853.504704 -348.533224 3628.000000
v -854.969170 -352.068758 3628.000000
v -853.504704 -355.604292 3628.000000
v -849.969170 -357.068758 3738.000000
v -846.433636 -355.604292 3738.000000
v -844.969170 -352.068758 3738.000000
v -846.433636 -348.533224 3738.000000
v -849.969170 -347.068758 3738.000000
v -853.504704 -348.533224 3738.000000
v -854.969170 -352.068758 3738.000000
v -853.504704 -355.604292 3738.000000
v -650.538239 -655.538239 3628.000000
v -647.002705 -654.073773 3628.000000
v -645.538239 -650.538239 3628.000000
v -647.002705 -647.002705 3628.000000
v -650.538239 -645.538239 3628.000000
v -654.073773 -647.002705 3628.000000
v -655.538239 -650.538239 3628.000000
v -654.073773 -654.073773 3628.000000
v -650.538239 -655.538239 3738.000000
v -647.002705 -654.073773 3738.000000
v -645.538239 -650.538239 3738.000000
v -647.002705 -647.002705 3738.000000
v -650.538239 -645.538239 3738.000000
v -654.073773 -647.002705 3738.000000
v -655.538239 -650.538239 3738.000000
v -654.073773 -654.073773 3738.000000
v -352.068758 -854.969170 3628.000000
v -348.533224 -853.504704 3628.000000
v -347.068758 -849.969170 3628.000000
v -348.533224 -846.433636 3628.000000
v -352.068758 -844.969170 3628.000000
v -355.604292 -846.433636 3628.000000
v -357.068758 -849.969170 3628.000000
v -355.604292 -853.504704 3628.000000
v -352.068758 -854.969170 3738.000000
v -348.533224 -853.504704 3738.000000
v -347.068758 -849.969170 3738.000000
v -348.533224 -846.433636 3738.000000
v -352.068758 -844.969170 3738.000000
v -355.604292 -846.433636 3738.000000
v -357.068758 -849.969170 3738.000000
v -355.604292 -853.504704 3738.000000
v -0.000000 -925.000000 3628.000000
v 3.535534 -923.535534 3628.000000
v 5.000000 -920.000000 3628.000000
v 3.535534 -916.464466 3628.000000
v -0.000000 -915.000000 3628.000000
v -3.535534 -916.464466 3628.000000
v -5.000000 -920.000000 3628.000000
v -3.535534 -923.535534 3628.000000
v -0.000000 -925.000000 3738.000000
v 3.535534 -923.535534 3738.000000
v 5.000000 -920.000000 3738.000000
v 3.535534 -916.464466 3738.000000
v -0.000000 -915.000000 3738.000000
v -3.535534 -916.464466 3738.000000
v -5.000000 -920.000000 3738.000000
v -3.535534 -923.535534 3738.000000
v 352.068758 -854.969170 3628.000000
v 355.604292 -853.504704 3628.000000
v 357.068758 -849.969170 3628.000000
v 355.604292 -846.433636 3628.000000
v 352.068758 -844.969170 3628.000000
v 348.533224 -846.433636 3628.000000
v 347.068758 -849.969170 3628.000000
v 348.533224 -853.504704 3628.000000
v 352.068758 -854.969170 3738.000000
v 355.604292 -853.504704 3738.000000
v 357.068758 -849.969170 3738.000000
v 355.604292 -846.433636 3738.000000
v 352.068758 -844.969170 3738.000000
v 348.533224 -846.433636 3738.000000
v 347.068758 -849.969170 3738.000000
v 348.533224 -853.504704 3738.000000
v 650.538239 -655.538239 3628.000000
v 654.073773 -654.073773 3628.000000
v 655.538239 -650.538239 3628.000000
v 654.073773 -647.002705 3628.000000
v 650.538239 -645.538239 3628.000000
v 647.002705 -647.002705 3628.000000
v 645.538239 -650.538239 3628.000000
v 647.002705 -654.073773 3628.000000
v 650.538239 -655.538239 3738.000000
v 654.073773 -654.073773 3738.000000
v 655.538239 -650.538239 3738.000000
v 654.073773 -647.002705 3738.000000
v 650.538239 -645.538239 3738.000000
v 647.002705 -647.002705 3738.000000
v 645.538239 -650.538239 3738.000000
v 647.002705 -654.073773 3738.000000
v 849.969170 -357.068758 3628.000000
v 853.504704 -355.604292 3628.000000
v 854.969170 -352.068758 3628.000000
v 853.504704 -348.533224 3628.000000
v 849.969170 -347.068758 3628.000000
v 846.433636 -348.533224 3628.000000
v 844.969170 -352.068758 3628.000000
v 846.433636 -355.604292 3628.000000
v 849.969170 -357.068758 3738.000000
v 853.504704 -355.604292 3738.000000
v 854.969170 -352.068758 3738.000000
v 853.504704 -348.533224 3738.000000
v 849.969170 -347.068758 3738.000000
v 846.433636 -348.533224 3738.000000
v 844.969170 -352.068758 3738.000000
v 846.433636 -355.604292 3738.000000
v 915.096074 -0.975452 3738.000000
v 916.532400 -0.689748 3741.535534
v 920.000000 -0.000000 3743.000000
v 923.467600 0.689748 3741.535534
v 924.903926 0.975452 3738.000000
v 923.467600 0.689748 3734.464466
v 920.000000 0.000000 3733.000000
v 916.532400 -0.689748 3734.464466
v 845.065244 351.093306 3738.000000
v 846.501570 351.379009 3741.535534
v 849.969170 352.068758 3743.000000
v 853.436770 352.758506 3741.535534
v 854.873096 353.044209 3738.000000
v 853.436770 352.758506 3734.464466
v 849.969170 352.068758 3733.000000
v 846.501570 351.379009 3734.464466
v 845.811822 349.290907 3738.000000
v 847.029481 350.104520 3741.535534
v 849.969170 352.068758 3743.000000
v 852.908859 354.032995 3741.535534
v 854.126518 354.846609 3738.000000
v 852.908859 354.032995 3734.464466
v 849.969170 352.068758 3733.000000
v 847.029481 350.104520 3734.464466
v 646.380891 647.760388 3738.000000
v 647.598550 648.574001 3741.535534
v 650.538239 650.538239 3743.000000
v 653.477928 652.502476 3741.535534
v 654.695587 653.316090 3738.000000
v 653.477928 652.502476 3734.464466
v 650.538239 650.538239 3733.000000
v 647.598550 648.574001 3734.464466
v 647.760388 646.380891 3738.000000
v 648.574001 647.598550 3741.535534
v 650.538239 650.538239 3743.000000
v 652.502476 653.477928 3741.535534
v 653.316090 654.695587 3738.000000
v 652.502476 653.477928 3734.464466
v 650.538239 650.538239 3733.000000
v 648.574001 647.598550 3734.464466
v 349.290907 845.811822 3738.000000
v 350.104520 847.029481 3741.535534
v 352.068758 849.969170 3743.000000
v 354.032995 852.908859 3741.535534
v 354.846609 854.126518 3738.000000
v 354.032995 852.908859 3734.464466
v 352.068758 849.969170 3733.000000
v 350.104520 847.029481 3734.464466
v 351.093306 845.065244 3738.000000
v 351.379009 846.501570 3741.535534
v 352.068758 849.969170 3743.000000
v 352.758506 853.436770 3741.535534
v 353.044209 854.873096 3738.000000
v 352.758506 853.436770 3734.464466
v 352.068758 849.969170 3733.000000
v 351.379009 846.501570 3734.464466
v -0.975452 915.096074 3738.000000
v -0.689748 916.532400 3741.535534
v 0.000000 920.000000 3743.000000
v 0.689748 923.467600 3741.535534
v 0.975452 924.903926 3738.000000
v 0.689748 923.467600 3734.464466
v 0.000000 920.000000 3733.000000
v -0.689748 916.532400 3734.464466
v 0.975452 915.096074 3738.000000
v 0.689748 916.532400 3741.535534
v 0.000000 920.000000 3743.000000
v -0.689748 923.467600 3741.535534
v -0.975452 924.903926 3738.000000
v -0.689748 923.467600 3734.464466
v 0.000000 920.000000 3733.000000
v 0.689748 916.532400 3734.464466
v -351.093306 845.065244 3738.000000
v -351.379009 846.501570 3741.535534
v -352.068758 849.969170 3743.000000
v -352.758506 853.436770 3741.535534
v -353.044209 854.873096 3738.000000
v -352.758506 853.436770 3734.464466
v -352.068758 849.969170 3733.000000
v -351.379009 846.501570 3734.464466
v -349.290907 845.811822 3738.000000
v -350.104520 847.029481 3741.535534
v -352.068758 849.969170 3743.000000
v -354.032995 852.908859 3741.535534
v -354.846609 854.126518 3738.000000
v -354.032995 852.908859 3734.464466
v -352.068758 849.969170 3733.000000
v -350.104520 847.029481 3734.464466
v -647.760388 646.380891 3738.000000
v -648.574001 647.598550 3741.535534
v -650.538239 650.538239 3743.000000
v -652.502476 653.477928 3741.535534
v -653.316090 654.695587 3738.000000
v -652.502476 653.477928 3734.464466
v -650.538239 650.538239 3733.000000
v -648.574001 647.598550 3734.464466
v -646.380891 647.760388 3738.000000
v -647.598550 648.574001 3741.535534
v -650.538239 650.538239 3743.000000
v -653.477928 652.502476 3741.535534
v -654.695587 653.316090 3738.000000
v -653.477928 652.502476 3734.464466
v -650.538239 650.538239 3733.000000
v -647.598550 648.574001 3734.464466
v -845.811822 349.290907 3738.000000
v -847.029481 350.104520 3741.535534
v -849.969170 352.068758 3743.000000
v -852.908859 354.032995 3741.535534
v -854.126518 354.846609 3738.000000
v -852.908859 354.032995 3734.464466
v -849.969170 352.068758 3733.000000
v -847.029481 350.104520 3734.464466
v -845.065244 351.093306 3738.000000
v -846.501570 351.379009 3741.535534
v -849.969170 352.068758 3743.000000
v -853.436770 352.758506 3741.535534
v -854.873096 353.044209 3738.000000
v -853.436770 352.758506 3734.464466
v -849.969170 352.068758 3733.000000
v -846.501570 351.379009 3734.464466
v -915.096074 -0.975452 3738.000000
v -916.532400 -0.689748 3741.535534
v -920.000000 0.000000 3743.000000
v -923.467600 0.689748 3741.535534
v -924.903926 0.975452 3738.000000
v -923.467600 0.689748 3734.464466
v -920.000000 0.000000 3733.000000
v -916.532400 -0.689748 3734.464466
v -915.096074 0.975452 3738.000000
v -916.532400 0.689748 3741.535534
v -920.000000 0.000000 3743.000000
v -923.467600 -0.689748 3741.535534
v -924.903926 -0.975452 3738.000000
v -923.467600 -0.689748 3734.464466
v -920.000000 0.000000 3733.000000
v -916.532400 0.689748 3734.464466
v -845.065244 -351.093306 3738.000000
v -846.501570 -351.379009 3741.535534
v -849.969170 -352.068758 3743.000000
v -853.436770 -352.758506 3741.535534
v -854.873096 -353.044209 3738.000000
v -853.436770 -352.758506 3734.464466
v -849.969170 -352.068758 3733.000000
v -846.501570 -351.379009 3734.464466
v -845.811822 -349.290907 3738.000000
v -847.029481 -350.104520 3741.535534
v -849.969170 -352.068758 3743.000000
v -852.908859 -354.032995 3741.535534
v -854.126518 -354.846609 3738.000000
v -852.908859 -354.032995 3734.464466
v -849.969170 -352.068758 3733.000000
v -847.029481 -350.104520 3734.464466
v -646.380891 -647.760388 3738.000000
v -647.598550 -648.574001 3741.535534
v -650.538239 -650.538239 3743.000000
v -653.477928 -652.502476 3741.535534
v -654.695587 -653.316090 3738.000000
v -653.477928 -652.502476 3734.464466
v -650.538239 -650.538239 3733.000000
v -647.598550 -648.574001 3734.464466
v -647.760388 -646.380891 3738.000000
v -648.574001 -647.598550 3741.535534
v -650.538239 -650.538239 3743.000000
v -652.502476 -653.477928 3741.535534
v -653.316090 -654.695587 3738.000000
v -652.502476 -653.477928 3734.464466
v -650.538239 -650.538239 3733.000000
v -648.574001 -647.598550 3734.464466
v -349.290907 -845.811822 3738.000000
v -350.104520 -847.029481 3741.535534
v -352.068758 -849.969170 3743.000000
v -354.032995 -852.908859 3741.535534
v -354.846609 -854.126518 3738.000000
v -354.032995 -852.908859 3734.464466
v -352.068758 -849.969170 3733.000000
v -350.104520 -847.029481 3734.464466
v -351.093306 -845.065244 3738.000000
v -351.379009 -846.501570 3741.535534
v -352.068758 -849.969170 3743.000000
v -352.758506 -853.436770 3741.535534
v -353.044209 -854.873096 3738.000000
v -352.758506 -853.436770 3734.464466
v -352.068758 -849.969170 3733.000000
v -351.379009 -846.501570 3734.464466
v 0.975452 -915.096074 3738.000000
v 0.689748 -916.532400 3741.535534
v -0.000000 -920.000000 3743.000000
v -0.689748 -923.467600 3741.535534
v -0.975452 -924.903926 3738.000000
v -0.689748 -923.467600 3734.464466
v -0.000000 -920.000000 3733.000000
v 0.689748 -916.532400 3734.464466
v -0.975452 -915.096074 3738.000000
v -0.689748 -916.532400 3741.535534
v -0.000000 -920.000000 3743.000000
v 0.689748 -923.467600 3741.535534
v 0.975452 -924.903926 3738.000000
v 0.689748 -923.467600 3734.464466
v -0.000000 -920.000000 3733.000000
v -0.689748 -916.532400 3734.464466
v 351.093306 -845.065244 3738.000000
v 351.379009 -846.501570 3741.535534
v 352.068758 -849.969170 3743.000000
v 352.758506 -853.436770 3741.535534
v 353.044209 -854.873096 3738.000000
v 352.758506 -853.436770 3734.464466
v 352.068758 -849.969170 3733.000000
v 351.379009 -846.501570 3734.464466
v 349.290907 -845.811822 3738.000000
v 350.104520 -847.029481 3741.535534
v 352.068758 -849.969170 3743.000000
v 354.032995 -852.908859 3741.535534
v 354.846609 -854.126518 3738.000000
v 354.032995 -852.908859 3734.464466
v 352.068758 -849.969170 3733.000000
v 350.104520 -847.029481 3734.464466
v 647.760388 -646.380891 3738.000000
v 648.574001 -647.598550 3741.535534
v 650.538239 -650.538239 3743.000000
v 652.502476 -653.477928 3741.535534
v 653.316090 -654.695587 3738.000000
v 652.502476 -653.477928 3734.464466
v 650.538239 -650.538239 3733.000000
v 648.574001 -647.598550 3734.464466
v 646.380891 -647.760388 3738.000000
v 647.598550 -648.574001 3741.535534
v 650.538239 -650.538239 3743.000000
v 653.477928 -652.502476 3741.535534
v 654.695587 -653.316090 3738.000000
v 653.477928 -652.502476 3734.464466
v 650.538239 -650.538239 3733.000000
v 647.598550 -648.574001 3734.464466
v 845.811822 -349.290907 3738.000000
v 847.029481 -350.104520 3741.535534
v 849.969170 -352.068758 3743.000000
v 852.908859 -354.032995 3741.535534
v 854.126518 -354.846609 3738.000000
v 852.908859 -354.032995 3734.464466
v 849.969170 -352.068758 3733.000000
v 847.029481 -350.104520 3734.464466
v 845.065244 -351.093306 3738.000000
v 846.501570 -351.379009 3741.535534
v 849.969170 -352.068758 3743.000000
v 853.436770 -352.758506 3741.535534
v 854.873096 -353.044209 3738.000000
v 853.436770 -352.758506 3734.464466
v 849.969170 -352.068758 3733.000000
v 846.501570 -351.379009 3734.464466
v 915.096074 0.975452 3738.000000
v 916.532400 0.689748 3741.535534
v 920.000000 -0.000000 3743.000000
v 923.467600 -0.689748 3741.535534
v 924.903926 -0.975452 3738.000000
v 923.467600 -0.689748 3734.464466
v 920.000000 -0.000000 3733.000000
v 916.532400 0.689748 3734.464466
v 665.000000 9.000000 3520.000000
v 662.729965 6.363961 3525.945329
v 661.789686 0.000000 3528.407965
v 662.729965 -6.363961 3525.945329
v 665.000000 -9.000000 3520.000000
v 667.270035 -6.363961 3514.054671
v 668.210314 -0.000000 3511.592035
v 667.270035 6.363961 3514.054671
v 885.000000 9.000000 3604.000000
v 882.729965 6.363961 3609.945329
v 881.789686 0.000000 3612.407965
v 882.729965 -6.363961 3609.945329
v 885.000000 -9.000000 3604.000000
v 887.270035 -6.363961 3598.054671
v 888.210314 -0.000000 3595.592035
v 887.270035 6.363961 3598.054671
v -9.000000 665.000000 3520.000000
v -6.363961 662.729965 3525.945329
v 0.000000 661.789686 3528.407965
v 6.363961 662.729965 3525.945329
v 9.000000 665.000000 3520.000000
v 6.363961 667.270035 3514.054671
v 0.000000 668.210314 3511.592035
v -6.363961 667.270035 3514.054671
v -9.000000 885.000000 3604.000000
v -6.363961 882.729965 3609.945329
v 0.000000 881.789686 3612.407965
v 6.363961 882.729965 3609.945329
v 9.000000 885.000000 3604.000000
v 6.363961 887.270035 3598.054671
v 0.000000 888.210314 3595.592035
v -6.363961 887.270035 3598.054671
v -665.000000 -9.000000 3520.000000
v -662.729965 -6.363961 3525.945329
v -661.789686 0.000000 3528.407965
v -662.729965 6.363961 3525.945329
v -665.000000 9.000000 3520.000000
v -667.270035 6.363961 3514.054671
v -668.210314 0.000000 3511.592035
v -667.270035 -6.363961 3514.054671
v -885.000000 -9.000000 3604.000000
v -882.729965 -6.363961 3609.945329
v -881.789686 0.000000 3612.407965
v -882.729965 6.363961 3609.945329
v -885.000000 9.000000 3604.000000
v -887.270035 6.363961 3598.054671
v -888.210314 0.000000 3595.592035
v -887.270035 -6.363961 3598.054671
v 9.000000 -665.000000 3520.000000
v 6.363961 -662.729965 3525.945329
v -0.000000 -661.789686 3528.407965
v -6.363961 -662.729965 3525.945329
v -9.000000 -665.000000 3520.000000
v -6.363961 -667.270035 3514.054671
v -0.000000 -668.210314 3511.592035
v 6.363961 -667.270035 3514.054671
v 9.000000 -885.000000 3604.000000
v 6.363961 -882.729965 3609.945329
v -0.000000 -881.789686 3612.407965
v -6.363961 -882.729965 3609.945329
v -9.000000 -885.000000 3604.000000
v -6.363961 -887.270035 3598.054671
v -0.000000 -888.210314 3595.592035
v 6.363961 -887.270035 3598.054671
v 683.670854 283.185740 8200.000000
v 523.259018 523.259018 8200.000000
v 283.185740 683.670854 8200.000000
v 0.000000 740.000000 8200.000000
v -283.185740 683.670854 8200.000000
v -523.259018 523.259018 8200.000000
v -683.670854 283.185740 8200.000000
v -740.000000 0.000000 8200.000000
v -683.670854 -283.185740 8200.000000
v -523.259018 -523.259018 8200.000000
v -283.185740 -683.670854 8200.000000
v -0.000000 -740.000000 8200.000000
v 283.185740 -683.670854 8200.000000
v 523.259018 -523.259018 8200.000000
v 683.670854 -283.185740 8200.000000
v 740.000000 -0.000000 8200.000000
v 683.670854 283.185740 8228.000000
v 523.259018 523.259018 8228.000000
v 283.185740 683.670854 8228.000000
v 0.000000 740.000000 8228.000000
v -283.185740 683.670854 8228.000000
v -523.259018 523.259018 8228.000000
v -683.670854 283.185740 8228.000000
v -740.000000 0.000000 8228.000000
v -683.670854 -283.185740 8228.000000
v -523.259018 -523.259018 8228.000000
v -283.185740 -683.670854 8228.000000
v -0.000000 -740.000000 8228.000000
v 283.185740 -683.670854 8228.000000
v 523.259018 -523.259018 8228.000000
v 683.670854 -283.185740 8228.000000
v 740.000000 -0.000000 8228.000000
v 740.000000 -5.000000 8228.000000
v 743.535534 -3.535534 8228.000000
v 745.000000 -0.000000 8228.000000
v 743.535534 3.535534 8228.000000
v 740.000000 5.000000 8228.000000
v 736.464466 3.535534 8228.000000
v 735.000000 0.000000 8228.000000
v 736.464466 -3.535534 8228.000000
v 740.000000 -5.000000 8338.000000
v 743.535534 -3.535534 8338.000000
v 745.000000 -0.000000 8338.000000
v 743.535534 3.535534 8338.000000
v 740.000000 5.000000 8338.000000
v 736.464466 3.535534 8338.000000
v 735.000000 0.000000 8338.000000
v 736.464466 -3.535534 8338.000000
v 523.259018 518.259018 8228.000000
v 526.794552 519.723484 8228.000000
v 528.259018 523.259018 8228.000000
v 526.794552 526.794552 8228.000000
v 523.259018 528.259018 8228.000000
v 519.723484 526.794552 8228.000000
v 518.259018 523.259018 8228.000000
v 519.723484 519.723484 8228.000000
v 523.259018 518.259018 8338.000000
v 526.794552 519.723484 8338.000000
v 528.259018 523.259018 8338.000000
v 526.794552 526.794552 8338.000000
v 523.259018 528.259018 8338.000000
v 519.723484 526.794552 8338.000000
v 518.259018 523.259018 8338.000000
v 519.723484 519.723484 8338.000000
v 0.000000 735.000000 8228.000000
v 3.535534 736.464466 8228.000000
v 5.000000 740.000000 8228.000000
v 3.535534 743.535534 8228.000000
v 0.000000 745.000000 8228.000000
v -3.535534 743.535534 8228.000000
v -5.000000 740.000000 8228.000000
v -3.535534 736.464466 8228.000000
v 0.000000 735.000000 8338.000000
v 3.535534 736.464466 8338.000000
v 5.000000 740.000000 8338.000000
v 3.535534 743.535534 8338.000000
v 0.000000 745.000000 8338.000000
v -3.535534 743.535534 8338.000000
v -5.000000 740.000000 8338.000000
v -3.535534 736.464466 8338.000000
v -523.259018 518.259018 8228.000000
v -519.723484 519.723484 8228.000000
v -518.259018 523.259018 8228.000000
v -519.723484 526.794552 8228.000000
v -523.259018 528.259018 8228.000000
v -526.794552 526.794552 8228.000000
v -528.259018 523.259018 8228.000000
v -526.794552 519.723484 8228.000000
v -523.259018 518.259018 8338.000000
v -519.723484 519.723484 8338.000000
v -518.259018 523.259018 8338.000000
v -519.723484 526.794552 8338.000000
v -523.259018 528.259018 8338.000000
v -526.794552 526.794552 8338.000000
v -528.259018 523.259018 8338.000000
v -526.794552 519.723484 8338.000000
v -740.000000 -5.000000 8228.000000
v -736.464466 -3.535534 8228.000000
v -735.000000 0.000000 8228.000000
v -736.464466 3.535534 8228.000000
v -740.000000 5.000000 8228.000000
v -743.535534 3.535534 8228.000000
v -745.000000 0.000000 8228.000000
v -743.535534 -3.535534 8228.000000
v -740.000000 -5.000000 8338.000000
v -736.464466 -3.535534 8338.000000
v -735.000000 0.000000 8338.000000
v -736.464466 3.535534 8338.000000
v -740.000000 5.000000 8338.000000
v -743.535534 3.535534 8338.000000
v -745.000000 0.000000 8338.000000
v -743.535534 -3.535534 8338.000000
v -523.259018 -528.259018 8228.000000
v -519.723484 -526.794552 8228.000000
v -518.259018 -523.259018 8228.000000
v -519.723484 -519.723484 8228.000000
v -523.259018 -518.259018 8228.000000
v -526.794552 -519.723484 8228.000000
v -528.259018 -523.259018 8228.000000
v -526.794552 -526.794552 8228.000000
v -523.259018 -528.259018 8338.000000
v -519.723484 -526.794552 8338.000000
v -518.259018 -523.259018 8338.000000
v -519.723484 -519.723484 8338.000000
v -523.259018 -518.259018 8338.000000
v -526.794552 -519.723484 8338.000000
v -528.259018 -523.259018 8338.000000
v -526.794552 -526.794552 8338.000000
v -0.000000 -745.000000 8228.000000
v 3.535534 -743.535534 8228.000000
v 5.000000 -740.000000 8228.000000
v 3.535534 -736.464466 8228.000000
v -0.000000 -735.000000 8228.000000
v -3.535534 -736.464466 8228.000000
v -5.000000 -740.000000 8228.000000
v -3.535534 -743.535534 8228.000000
v -0.000000 -745.000000 8338.000000
v 3.535534 -743.535534 8338.000000
v 5.000000 -740.000000 8338.000000
v 3.535534 -736.464466 8338.000000
v -0.000000 -735.000000 8338.000000
v -3.535534 -736.464466 8338.000000
v -5.000000 -740.000000 8338.000000
v -3.535534 -743.535534 8338.000000
v 523.259018 -528.259018 8228.000000
v 526.794552 -526.794552 8228.000000
v 528.259018 -523.259018 8228.000000
v 526.794552 -519.723484 8228.000000
v 523.259018 -518.259018 8228.000000
v 519.723484 -519.723484 8228.000000
v 518.259018 -523.259018 8228.000000
v 519.723484 -526.794552 8228.000000
v 523.259018 -528.259018 8338.000000
v 526.794552 -526.794552 8338.000000
v 528.259018 -523.259018 8338.000000
v 526.794552 -519.723484 8338.000000
v 523.259018 -518.259018 8338.000000
v 519.723484 -519.723484 8338.000000
v 518.259018 -523.259018 8338.000000
v 519.723484 -526.794552 8338.000000
v 735.380602 -1.913417 8338.000000
v 736.733593 -1.352990 8341.535534
v 740.000000 -0.000000 8343.000000
v 743.266407 1.352990 8341.535534
v 744.619398 1.913417 8338.000000
v 743.266407 1.352990 8334.464466
v 740.000000 0.000000 8333.000000
v 736.733593 -1.352990 8334.464466
v 518.639620 521.345601 8338.000000
v 519.992611 521.906028 8341.535534
v 523.259018 523.259018 8343.000000
v 526.525425 524.612008 8341.535534
v 527.878416 525.172435 8338.000000
v 526.525425 524.612008 8334.464466
v 523.259018 523.259018 8333.000000
v 519.992611 521.906028 8334.464466
v 521.345601 518.639620 8338.000000
v 521.906028 519.992611 8341.535534
v 523.259018 523.259018 8343.000000
v 524.612008 526.525425 8341.535534
v 525.172435 527.878416 8338.000000
v 524.612008 526.525425 8334.464466
v 523.259018 523.259018 8333.000000
v 521.906028 519.992611 8334.464466
v -1.913417 735.380602 8338.000000
v -1.352990 736.733593 8341.535534
v 0.000000 740.000000 8343.000000
v 1.352990 743.266407 8341.535534
v 1.913417 744.619398 8338.000000
v 1.352990 743.266407 8334.464466
v 0.000000 740.000000 8333.000000
v -1.352990 736.733593 8334.464466
v 1.913417 735.380602 8338.000000
v 1.352990 736.733593 8341.535534
v 0.000000 740.000000 8343.000000
v -1.352990 743.266407 8341.535534
v -1.913417 744.619398 8338.000000
v -1.352990 743.266407 8334.464466
v 0.000000 740.000000 8333.000000
v 1.352990 736.733593 8334.464466
v -521.345601 518.639620 8338.000000
v -521.906028 519.992611 8341.535534
v -523.259018 523.259018 8343.000000
v -524.612008 526.525425 8341.535534
v -525.172435 527.878416 8338.000000
v -524.612008 526.525425 8334.464466
v -523.259018 523.259018 8333.000000
v -521.906028 519.992611 8334.464466
v -518.639620 521.345601 8338.000000
v -519.992611 521.906028 8341.535534
v -523.259018 523.259018 8343.000000
v -526.525425 524.612008 8341.535534
v -527.878416 525.172435 8338.000000
v -526.525425 524.612008 8334.464466
v -523.259018 523.259018 8333.000000
v -519.992611 521.906028 8334.464466
v -735.380602 -1.913417 8338.000000
v -736.733593 -1.352990 8341.535534
v -740.000000 0.000000 8343.000000
v -743.266407 1.352990 8341.535534
v -744.619398 1.913417 8338.000000
v -743.266407 1.352990 8334.464466
v -740.000000 0.000000 8333.000000
v -736.733593 -1.352990 8334.464466
v -735.380602 1.913417 8338.000000
v -736.733593 1.352990 8341.535534
v -740.000000 0.000000 8343.000000
v -743.266407 -1.352990 8341.535534
v -744.619398 -1.913417 8338.000000
v -743.266407 -1.352990 8334.464466
v -740.000000 0.000000 8333.000000
v -736.733593 1.352990 8334.464466
v -518.639620 -521.345601 8338.000000
v -519.992611 -521.906028 8341.535534
v -523.259018 -523.259018 8343.000000
v -526.525425 -524.612008 8341.535534
v -527.878416 -525.172435 8338.000000
v -526.525425 -524.612008 8334.464466
v -523.259018 -523.259018 8333.000000
v -519.992611 -521.906028 8334.464466
v -521.345601 -518.639620 8338.000000
v -521.906028 -519.992611 8341.535534
v -523.259018 -523.259018 8343.000000
v -524.612008 -526.525425 8341.535534
v -525.172435 -527.878416 8338.000000
v -524.612008 -526.525425 8334.464466
v -523.259018 -523.259018 8333.000000
v -521.906028 -519.992611 8334.464466
v 1.913417 -735.380602 8338.000000
v 1.352990 -736.733593 8341.535534
v -0.000000 -740.000000 8343.000000
v -1.352990 -743.266407 8341.535534
v -1.913417 -744.619398 8338.000000
v -1.352990 -743.266407 8334.464466
v -0.000000 -740.000000 8333.000000
v 1.352990 -736.733593 8334.464466
v -1.913417 -735.380602 8338.000000
v -1.352990 -736.733593 8341.535534
v -0.000000 -740.000000 8343.000000
v 1.352990 -743.266407 8341.535534
v 1.913417 -744.619398 8338.000000
v 1.352990 -743.266407 8334.464466
v -0.000000 -740.000000 8333.000000
v -1.352990 -736.733593 8334.464466
v 521.345601 -518.639620 8338.000000
v 521.906028 -519.992611 8341.535534
v 523.259018 -523.259018 8343.000000
v 524.612008 -526.525425 8341.535534
v 525.172435 -527.878416 8338.000000
v 524.612008 -526.525425 8334.464466
v 523.259018 -523.259018 8333.000000
v 521.906028 -519.992611 8334.464466
v 518.639620 -521.345601 8338.000000
v 519.992611 -521.906028 8341.535534
v 523.259018 -523.259018 8343.000000
v 526.525425 -524.612008 8341.535534
v 527.878416 -525.172435 8338.000000
v 526.525425 -524.612008 8334.464466
v 523.259018 -523.259018 8333.000000
v 519.992611 -521.906028 8334.464466
v 735.380602 1.913417 8338.000000
v 736.733593 1.352990 8341.535534
v 740.000000 -0.000000 8343.000000
v 743.266407 -1.352990 8341.535534
v 744.619398 -1.913417 8338.000000
v 743.266407 -1.352990 8334.464466
v 740.000000 -0.000000 8333.000000
v 736.733593 1.352990 8334.464466
v 525.000000 7.000000 8120.000000
v 522.906824 4.949747 8124.485378
v 522.039802 0.000000 8126.343282
v 522.906824 -4.949747 8124.485378
v 525.000000 -7.000000 8120.000000
v 527.093176 -4.949747 8115.514622
v 527.960198 -0.000000 8113.656718
v 527.093176 4.949747 8115.514622
v 705.000000 7.000000 8204.000000
v 702.906824 4.949747 8208.485378
v 702.039802 0.000000 8210.343282
v 702.906824 -4.949747 8208.485378
v 705.000000 -7.000000 8204.000000
v 707.093176 -4.949747 8199.514622
v 707.960198 -0.000000 8197.656718
v 707.093176 4.949747 8199.514622
v -7.000000 525.000000 8120.000000
v -4.949747 522.906824 8124.485378
v 0.000000 522.039802 8126.343282
v 4.949747 522.906824 8124.485378
v 7.000000 525.000000 8120.000000
v 4.949747 527.093176 8115.514622
v 0.000000 527.960198 8113.656718
v -4.949747 527.093176 8115.514622
v -7.000000 705.000000 8204.000000
v -4.949747 702.906824 8208.485378
v 0.000000 702.039802 8210.343282
v 4.949747 702.906824 8208.485378
v 7.000000 705.000000 8204.000000
v 4.949747 707.093176 8199.514622
v 0.000000 707.960198 8197.656718
v -4.949747 707.093176 8199.514622
v -525.000000 -7.000000 8120.000000
v -522.906824 -4.949747 8124.485378
v -522.039802 0.000000 8126.343282
v -522.906824 4.949747 8124.485378
v -525.000000 7.000000 8120.000000
v -527.093176 4.949747 8115.514622
v -527.960198 0.000000 8113.656718
v -527.093176 -4.949747 8115.514622
v -705.000000 -7.000000 8204.000000
v -702.906824 -4.949747 8208.485378
v -702.039802 0.000000 8210.343282
v -702.906824 4.949747 8208.485378
v -705.000000 7.000000 8204.000000
v -707.093176 4.949747 8199.514622
v -707.960198 0.000000 8197.656718
v -707.093176 -4.949747 8199.514622
v 7.000000 -525.000000 8120.000000
v 4.949747 -522.906824 8124.485378
v -0.000000 -522.039802 8126.343282
v -4.949747 -522.906824 8124.485378
v -7.000000 -525.000000 8120.000000
v -4.949747 -527.093176 8115.514622
v -0.000000 -527.960198 8113.656718
v 4.949747 -527.093176 8115.514622
v 7.000000 -705.000000 8204.000000
v 4.949747 -702.906824 8208.485378
v -0.000000 -702.039802 8210.343282
v -4.949747 -702.906824 8208.485378
v -7.000000 -705.000000 8204.000000
v -4.949747 -707.093176 8199.514622
v -0.000000 -707.960198 8197.656718
v 4.949747 -707.093176 8199.514622
v 572.805310 237.263728 12600.000000
v 438.406204 438.406204 12600.000000
v 237.263728 572.805310 12600.000000
v 0.000000 620.000000 12600.000000
v -237.263728 572.805310 12600.000000
v -438.406204 438.406204 12600.000000
v -572.805310 237.263728 12600.000000
v -620.000000 0.000000 12600.000000
v -572.805310 -237.263728 12600.000000
v -438.406204 -438.406204 12600.000000
v -237.263728 -572.805310 12600.000000
v -0.000000 -620.000000 12600.000000
v 237.263728 -572.805310 12600.000000
v 438.406204 -438.406204 12600.000000
v 572.805310 -237.263728 12600.000000
v 620.000000 -0.000000 12600.000000
v 572.805310 237.263728 12628.000000
v 438.406204 438.406204 12628.000000
v 237.263728 572.805310 12628.000000
v 0.000000 620.000000 12628.000000
v -237.263728 572.805310 12628.000000
v -438.406204 438.406204 12628.000000
v -572.805310 237.263728 12628.000000
v -620.000000 0.000000 12628.000000
v -572.805310 -237.263728 12628.000000
v -438.406204 -438.406204 12628.000000
v -237.263728 -572.805310 12628.000000
v -0.000000 -620.000000 12628.000000
v 237.263728 -572.805310 12628.000000
v 438.406204 -438.406204 12628.000000
v 572.805310 -237.263728 12628.000000
v 620.000000 -0.000000 12628.000000
v 620.000000 -5.000000 12628.000000
v 623.535534 -3.535534 12628.000000
v 625.000000 -0.000000 12628.000000
v 623.535534 3.535534 12628.000000
v 620.000000 5.000000 12628.000000
v 616.464466 3.535534 12628.000000
v 615.000000 0.000000 12628.000000
v 616.464466 -3.535534 12628.000000
v 620.000000 -5.000000 12738.000000
v 623.535534 -3.535534 12738.000000
v 625.000000 -0.000000 12738.000000
v 623.535534 3.535534 12738.000000
v 620.000000 5.000000 12738.000000
v 616.464466 3.535534 12738.000000
v 615.000000 0.000000 12738.000000
v 616.464466 -3.535534 12738.000000
v 438.406204 433.406204 12628.000000
v 441.941738 434.870670 12628.000000
v 443.406204 438.406204 12628.000000
v 441.941738 441.941738 12628.000000
v 438.406204 443.406204 12628.000000
v 434.870670 441.941738 12628.000000
v 433.406204 438.406204 12628.000000
v 434.870670 434.870670 12628.000000
v 438.406204 433.406204 12738.000000
v 441.941738 434.870670 12738.000000
v 443.406204 438.406204 12738.000000
v 441.941738 441.941738 12738.000000
v 438.406204 443.406204 12738.000000
v 434.870670 441.941738 12738.000000
v 433.406204 438.406204 12738.000000
v 434.870670 434.870670 12738.000000
v 0.000000 615.000000 12628.000000
v 3.535534 616.464466 12628.000000
v 5.000000 620.000000 12628.000000
v 3.535534 623.535534 12628.000000
v 0.000000 625.000000 12628.000000
v -3.535534 623.535534 12628.000000
v -5.000000 620.000000 12628.000000
v -3.535534 616.464466 12628.000000
v 0.000000 615.000000 12738.000000
v 3.535534 616.464466 12738.000000
v 5.000000 620.000000 12738.000000
v 3.535534 623.535534 12738.000000
v 0.000000 625.000000 12738.000000
v -3.535534 623.535534 12738.000000
v -5.000000 620.000000 12738.000000
v -3.535534 616.464466 12738.000000
v -438.406204 433.406204 12628.000000
v -434.870670 434.870670 12628.000000
v -433.406204 438.406204 12628.000000
v -434.870670 441.941738 12628.000000
v -438.406204 443.406204 12628.000000
v -441.941738 441.941738 12628.000000
v -443.406204 438.406204 12628.000000
v -441.941738 434.870670 12628.000000
v -438.406204 433.406204 12738.000000
v -434.870670 434.870670 12738.000000
v -433.406204 438.406204 12738.000000
v -434.870670 441.941738 12738.000000
v -438.406204 443.406204 12738.000000
v -441.941738 441.941738 12738.000000
v -443.406204 438.406204 12738.000000
v -441.941738 434.870670 12738.000000
v -620.000000 -5.000000 12628.000000
v -616.464466 -3.535534 12628.000000
v -615.000000 0.000000 12628.000000
v -616.464466 3.535534 12628.000000
v -620.000000 5.000000 12628.000000
v -623.535534 3.535534 12628.000000
v -625.000000 0.000000 12628.000000
v -623.535534 -3.535534 12628.000000
v -620.000000 -5.000000 12738.000000
v -616.464466 -3.535534 12738.000000
v -615.000000 0.000000 12738.000000
v -616.464466 3.535534 12738.000000
v -620.000000 5.000000 12738.000000
v -623.535534 3.535534 12738.000000
v -625.000000 0.000000 12738.000000
v -623.535534 -3.535534 12738.000000
v -438.406204 -443.406204 12628.000000
v -434.870670 -441.941738 12628.000000
v -433.406204 -438.406204 12628.000000
v -434.870670 -434.870670 12628.000000
v -438.406204 -433.406204 12628.000000
v -441.941738 -434.870670 12628.000000
v -443.406204 -438.406204 12628.000000
v -441.941738 -441.941738 12628.000000
v -438.406204 -443.406204 12738.000000
v -434.870670 -441.941738 12738.000000
v -433.406204 -438.406204 12738.000000
v -434.870670 -434.870670 12738.000000
v -438.406204 -433.406204 12738.000000
v -441.941738 -434.870670 12738.000000
v -443.406204 -438.406204 12738.000000
v -441.941738 -441.941738 12738.000000
v -0.000000 -625.000000 12628.000000
v 3.535534 -623.535534 12628.000000
v 5.000000 -620.000000 12628.000000
v 3.535534 -616.464466 12628.000000
v -0.000000 -615.000000 12628.000000
v -3.535534 -616.464466 12628.000000
v -5.000000 -620.000000 12628.000000
v -3.535534 -623.535534 12628.000000
v -0.000000 -625.000000 12738.000000
v 3.535534 -623.535534 12738.000000
v 5.000000 -620.000000 12738.000000
v 3.535534 -616.464466 12738.000000
v -0.000000 -615.000000 12738.000000
v -3.535534 -616.464466 12738.000000
v -5.000000 -620.000000 12738.000000
v -3.535534 -623.535534 12738.000000
v 438.406204 -443.406204 12628.000000
v 441.941738 -441.941738 12628.000000
v 443.406204 -438.406204 12628.000000
v 441.941738 -434.870670 12628.000000
v 438.406204 -433.406204 12628.000000
v 434.870670 -434.870670 12628.000000
v 433.406204 -438.406204 12628.000000
v 434.870670 -441.941738 12628.000000
v 438.406204 -443.406204 12738.000000
v 441.941738 -441.941738 12738.000000
v 443.406204 -438.406204 12738.000000
v 441.941738 -434.870670 12738.000000
v 438.406204 -433.406204 12738.000000
v 434.870670 -434.870670 12738.000000
v 433.406204 -438.406204 12738.000000
v 434.870670 -441.941738 12738.000000
v 615.380602 -1.913417 12738.000000
v 616.733593 -1.352990 12741.535534
v 620.000000 -0.000000 12743.000000
v 623.266407 1.352990 12741.535534
v 624.619398 1.913417 12738.000000
v 623.266407 1.352990 12734.464466
v 620.000000 0.000000 12733.000000
v 616.733593 -1.352990 12734.464466
v 433.786807 436.492787 12738.000000
v 435.139797 437.053214 12741.535534
v 438.406204 438.406204 12743.000000
v 441.672612 439.759195 12741.535534
v 443.025602 440.319621 12738.000000
v 441.672612 439.759195 12734.464466
v 438.406204 438.406204 12733.000000
v 435.139797 437.053214 12734.464466
v 436.492787 433.786807 12738.000000
v 437.053214 435.139797 12741.535534
v 438.406204 438.406204 12743.000000
v 439.759195 441.672612 12741.535534
v 440.319621 443.025602 12738.000000
v 439.759195 441.672612 12734.464466
v 438.406204 438.406204 12733.000000
v 437.053214 435.139797 12734.464466
v -1.913417 615.380602 12738.000000
v -1.352990 616.733593 12741.535534
v 0.000000 620.000000 12743.000000
v 1.352990 623.266407 12741.535534
v 1.913417 624.619398 12738.000000
v 1.352990 623.266407 12734.464466
v 0.000000 620.000000 12733.000000
v -1.352990 616.733593 12734.464466
v 1.913417 615.380602 12738.000000
v 1.352990 616.733593 12741.535534
v 0.000000 620.000000 12743.000000
v -1.352990 623.266407 12741.535534
v -1.913417 624.619398 12738.000000
v -1.352990 623.266407 12734.464466
v 0.000000 620.000000 12733.000000
v 1.352990 616.733593 12734.464466
v -436.492787 433.786807 12738.000000
v -437.053214 435.139797 12741.535534
v -438.406204 438.406204 12743.000000
v -439.759195 441.672612 12741.535534
v -440.319621 443.025602 12738.000000
v -439.759195 441.672612 12734.464466
v -438.406204 438.406204 12733.000000
v -437.053214 435.139797 12734.464466
v -433.786807 436.492787 12738.000000
v -435.139797 437.053214 12741.535534
v -438.406204 438.406204 12743.000000
v -441.672612 439.759195 12741.535534
v -443.025602 440.319621 12738.000000
v -441.672612 439.759195 12734.464466
v -438.406204 438.406204 12733.000000
v -435.139797 437.053214 12734.464466
v -615.380602 -1.913417 12738.000000
v -616.733593 -1.352990 12741.535534
v -620.000000 0.000000 12743.000000
v -623.266407 1.352990 12741.535534
v -624.619398 1.913417 12738.000000
v -623.266407 1.352990 12734.464466
v -620.000000 0.000000 12733.000000
v -616.733593 -1.352990 12734.464466
v -615.380602 1.913417 12738.000000
v -616.733593 1.352990 12741.535534
v -620.000000 0.000000 12743.000000
v -623.266407 -1.352990 12741.535534
v -624.619398 -1.913417 12738.000000
v -623.266407 -1.352990 12734.464466
v -620.000000 0.000000 12733.000000
v -616.733593 1.352990 12734.464466
v -433.786807 -436.492787 12738.000000
v -435.139797 -437.053214 12741.535534
v -438.406204 -438.406204 12743.000000
v -441.672612 -439.759195 12741.535534
v -443.025602 -440.319621 12738.000000
v -441.672612 -439.759195 12734.464466
v -438.406204 -438.406204 12733.000000
v -435.139797 -437.053214 12734.464466
v -436.492787 -433.786807 12738.000000
v -437.053214 -435.139797 12741.535534
v -438.406204 -438.406204 12743.000000
v -439.759195 -441.672612 12741.535534
v -440.319621 -443.025602 12738.000000
v -439.759195 -441.672612 12734.464466
v -438.406204 -438.406204 12733.000000
v -437.053214 -435.139797 12734.464466
v 1.913417 -615.380602 12738.000000
v 1.352990 -616.733593 12741.535534
v -0.000000 -620.000000 12743.000000
v -1.352990 -623.266407 12741.535534
v -1.913417 -624.619398 12738.000000
v -1.352990 -623.266407 12734.464466
v -0.000000 -620.000000 12733.000000
v 1.352990 -616.733593 12734.464466
v -1.913417 -615.380602 12738.000000
v -1.352990 -616.733593 12741.535534
v -0.000000 -620.000000 12743.000000
v 1.352990 -623.266407 12741.535534
v 1.913417 -624.619398 12738.000000
v 1.352990 -623.266407 12734.464466
v -0.000000 -620.000000 12733.000000
v -1.352990 -616.733593 12734.464466
v 436.492787 -433.786807 12738.000000
v 437.053214 -435.139797 12741.535534
v 438.406204 -438.406204 12743.000000
v 439.759195 -441.672612 12741.535534
v 440.319621 -443.025602 12738.000000
v 439.759195 -441.672612 12734.464466
v 438.406204 -438.406204 12733.000000
v 437.053214 -435.139797 12734.464466
v 433.786807 -436.492787 12738.000000
v 435.139797 -437.053214 12741.535534
v 438.406204 -438.406204 12743.000000
v 441.672612 -439.759195 12741.535534
v 443.025602 -440.319621 12738.000000
v 441.672612 -439.759195 12734.464466
v 438.406204 -438.406204 12733.000000
v 435.139797 -437.053214 12734.464466
v 615.380602 1.913417 12738.000000
v 616.733593 1.352990 12741.535534
v 620.000000 -0.000000 12743.000000
v 623.266407 -1.352990 12741.535534
v 624.619398 -1.913417 12738.000000
v 623.266407 -1.352990 12734.464466
v 620.000000 -0.000000 12733.000000
v 616.733593 1.352990 12734.464466
v 420.000000 7.000000 12520.000000
v 417.754384 4.949747 12524.411032
v 416.824219 0.000000 12526.238142
v 417.754384 -4.949747 12524.411032
v 420.000000 -7.000000 12520.000000
v 422.245616 -4.949747 12515.588968
v 423.175781 -0.000000 12513.761858
v 422.245616 4.949747 12515.588968
v 585.000000 7.000000 12604.000000
v 582.754384 4.949747 12608.411032
v 581.824219 0.000000 12610.238142
v 582.754384 -4.949747 12608.411032
v 585.000000 -7.000000 12604.000000
v 587.245616 -4.949747 12599.588968
v 588.175781 -0.000000 12597.761858
v 587.245616 4.949747 12599.588968
v -7.000000 420.000000 12520.000000
v -4.949747 417.754384 12524.411032
v 0.000000 416.824219 12526.238142
v 4.949747 417.754384 12524.411032
v 7.000000 420.000000 12520.000000
v 4.949747 422.245616 12515.588968
v 0.000000 423.175781 12513.761858
v -4.949747 422.245616 12515.588968
v -7.000000 585.000000 12604.000000
v -4.949747 582.754384 12608.411032
v 0.000000 581.824219 12610.238142
v 4.949747 582.754384 12608.411032
v 7.000000 585.000000 12604.000000
v 4.949747 587.245616 12599.588968
v 0.000000 588.175781 12597.761858
v -4.949747 587.245616 12599.588968
v -420.000000 -7.000000 12520.000000
v -417.754384 -4.949747 12524.411032
v -416.824219 0.000000 12526.238142
v -417.754384 4.949747 12524.411032
v -420.000000 7.000000 12520.000000
v -422.245616 4.949747 12515.588968
v -423.175781 0.000000 12513.761858
v -422.245616 -4.949747 12515.588968
v -585.000000 -7.000000 12604.000000
v -582.754384 -4.949747 12608.411032
v -581.824219 0.000000 12610.238142
v -582.754384 4.949747 12608.411032
v -585.000000 7.000000 12604.000000
v -587.245616 4.949747 12599.588968
v -588.175781 0.000000 12597.761858
v -587.245616 -4.949747 12599.588968
v 7.000000 -420.000000 12520.000000
v 4.949747 -417.754384 12524.411032
v -0.000000 -416.824219 12526.238142
v -4.949747 -417.754384 12524.411032
v -7.000000 -420.000000 12520.000000
v -4.949747 -422.245616 12515.588968
v -0.000000 -423.175781 12513.761858
v 4.949747 -422.245616 12515.588968
v 7.000000 -585.000000 12604.000000
v 4.949747 -582.754384 12608.411032
v -0.000000 -581.824219 12610.238142
v -4.949747 -582.754384 12608.411032
v -7.000000 -585.000000 12604.000000
v -4.949747 -587.245616 12599.588968
v -0.000000 -588.175781 12597.761858
v 4.949747 -587.245616 12599.588968
v 461.939766 191.341716 16600.000000
v 353.553391 353.553391 16600.000000
v 191.341716 461.939766 16600.000000
v 0.000000 500.000000 16600.000000
v -191.341716 461.939766 16600.000000
v -353.553391 353.553391 16600.000000
v -461.939766 191.341716 16600.000000
v -500.000000 0.000000 16600.000000
v -461.939766 -191.341716 16600.000000
v -353.553391 -353.553391 16600.000000
v -191.341716 -461.939766 16600.000000
v -0.000000 -500.000000 16600.000000
v 191.341716 -461.939766 16600.000000
v 353.553391 -353.553391 16600.000000
v 461.939766 -191.341716 16600.000000
v 500.000000 -0.000000 16600.000000
v 461.939766 191.341716 16628.000000
v 353.553391 353.553391 16628.000000
v 191.341716 461.939766 16628.000000
v 0.000000 500.000000 16628.000000
v -191.341716 461.939766 16628.000000
v -353.553391 353.553391 16628.000000
v -461.939766 191.341716 16628.000000
v -500.000000 0.000000 16628.000000
v -461.939766 -191.341716 16628.000000
v -353.553391 -353.553391 16628.000000
v -191.341716 -461.939766 16628.000000
v -0.000000 -500.000000 16628.000000
v 191.341716 -461.939766 16628.000000
v 353.553391 -353.553391 16628.000000
v 461.939766 -191.341716 16628.000000
v 500.000000 -0.000000 16628.000000
v 500.000000 -5.000000 16628.000000
v 503.535534 -3.535534 16628.000000
v 505.000000 -0.000000 16628.000000
v 503.535534 3.535534 16628.000000
v 500.000000 5.000000 16628.000000
v 496.464466 3.535534 16628.000000
v 495.000000 0.000000 16628.000000
v 496.464466 -3.535534 16628.000000
v 500.000000 -5.000000 16738.000000
v 503.535534 -3.535534 16738.000000
v 505.000000 -0.000000 16738.000000
v 503.535534 3.535534 16738.000000
v 500.000000 5.000000 16738.000000
v 496.464466 3.535534 16738.000000
v 495.000000 0.000000 16738.000000
v 496.464466 -3.535534 16738.000000
v 353.553391 348.553391 16628.000000
v 357.088924 350.017857 16628.000000
v 358.553391 353.553391 16628.000000
v 357.088924 357.088924 16628.000000
v 353.553391 358.553391 16628.000000
v 350.017857 357.088924 16628.000000
v 348.553391 353.553391 16628.000000
v 350.017857 350.017857 16628.000000
v 353.553391 348.553391 16738.000000
v 357.088924 350.017857 16738.000000
v 358.553391 353.553391 16738.000000
v 357.088924 357.088924 16738.000000
v 353.553391 358.553391 16738.000000
v 350.017857 357.088924 16738.000000
v 348.553391 353.553391 16738.000000
v 350.017857 350.017857 16738.000000
v 0.000000 495.000000 16628.000000
v 3.535534 496.464466 16628.000000
v 5.000000 500.000000 16628.000000
v 3.535534 503.535534 16628.000000
v 0.000000 505.000000 16628.000000
v -3.535534 503.535534 16628.000000
v -5.000000 500.000000 16628.000000
v -3.535534 496.464466 16628.000000
v 0.000000 495.000000 16738.000000
v 3.535534 496.464466 16738.000000
v 5.000000 500.000000 16738.000000
v 3.535534 503.535534 16738.000000
v 0.000000 505.000000 16738.000000
v -3.535534 503.535534 16738.000000
v -5.000000 500.000000 16738.000000
v -3.535534 496.464466 16738.000000
v -353.553391 348.553391 16628.000000
v -350.017857 350.017857 16628.000000
v -348.553391 353.553391 16628.000000
v -350.017857 357.088924 16628.000000
v -353.553391 358.553391 16628.000000
v -357.088924 357.088924 16628.000000
v -358.553391 353.553391 16628.000000
v -357.088924 350.017857 16628.000000
v -353.553391 348.553391 16738.000000
v -350.017857 350.017857 16738.000000
v -348.553391 353.553391 16738.000000
v -350.017857 357.088924 16738.000000
v -353.553391 358.553391 16738.000000
v -357.088924 357.088924 16738.000000
v -358.553391 353.553391 16738.000000
v -357.088924 350.017857 16738.000000
v -500.000000 -5.000000 16628.000000
v -496.464466 -3.535534 16628.000000
v -495.000000 0.000000 16628.000000
v -496.464466 3.535534 16628.000000
v -500.000000 5.000000 16628.000000
v -503.535534 3.535534 16628.000000
v -505.000000 0.000000 16628.000000
v -503.535534 -3.535534 16628.000000
v -500.000000 -5.000000 16738.000000
v -496.464466 -3.535534 16738.000000
v -495.000000 0.000000 16738.000000
v -496.464466 3.535534 16738.000000
v -500.000000 5.000000 16738.000000
v -503.535534 3.535534 16738.000000
v -505.000000 0.000000 16738.000000
v -503.535534 -3.535534 16738.000000
v -353.553391 -358.553391 16628.000000
v -350.017857 -357.088924 16628.000000
v -348.553391 -353.553391 16628.000000
v -350.017857 -350.017857 16628.000000
v -353.553391 -348.553391 16628.000000
v -357.088924 -350.017857 16628.000000
v -358.553391 -353.553391 16628.000000
v -357.088924 -357.088924 16628.000000
v -353.553391 -358.553391 16738.000000
v -350.017857 -357.088924 16738.000000
v -348.553391 -353.553391 16738.000000
v -350.017857 -350.017857 16738.000000
v -353.553391 -348.553391 16738.000000
v -357.088924 -350.017857 16738.000000
v -358.553391 -353.553391 16738.000000
v -357.088924 -357.088924 16738.000000
v -0.000000 -505.000000 16628.000000
v 3.535534 -503.535534 16628.000000
v 5.000000 -500.000000 16628.000000
v 3.535534 -496.464466 16628.000000
v -0.000000 -495.000000 16628.000000
v -3.535534 -496.464466 16628.000000
v -5.000000 -500.000000 16628.000000
v -3.535534 -503.535534 16628.000000
v -0.000000 -505.000000 16738.000000
v 3.535534 -503.535534 16738.000000
v 5.000000 -500.000000 16738.000000
v 3.535534 -496.464466 16738.000000
v -0.000000 -495.000000 16738.000000
v -3.535534 -496.464466 16738.000000
v -5.000000 -500.000000 16738.000000
v -3.535534 -503.535534 16738.000000
v 353.553391 -358.553391 16628.000000
v 357.088924 -357.088924 16628.000000
v 358.553391 -353.553391 16628.000000
v 357.088924 -350.017857 16628.000000
v 353.553391 -348.553391 16628.000000
v 350.017857 -350.017857 16628.000000
v 348.553391 -353.553391 16628.000000
v 350.017857 -357.088924 16628.000000
v 353.553391 -358.553391 16738.000000
v 357.088924 -357.088924 16738.000000
v 358.553391 -353.553391 16738.000000
v 357.088924 -350.017857 16738.000000
v 353.553391 -348.553391 16738.000000
v 350.017857 -350.017857 16738.000000
v 348.553391 -353.553391 16738.000000
v 350.017857 -357.088924 16738.000000
v 495.380602 -1.913417 16738.000000
v 496.733593 -1.352990 16741.535534
v 500.000000 -0.000000 16743.000000
v 503.266407 1.352990 16741.535534
v 504.619398 1.913417 16738.000000
v 503.266407 1.352990 16734.464466
v 500.000000 0.000000 16733.000000
v 496.733593 -1.352990 16734.464466
v 348.933993 351.639973 16738.000000
v 350.286983 352.200400 16741.535534
v 353.553391 353.553391 16743.000000
v 356.819798 354.906381 16741.535534
v 358.172788 355.466808 16738.000000
v 356.819798 354.906381 16734.464466
v 353.553391 353.553391 16733.000000
v 350.286983 352.200400 16734.464466
v 351.639973 348.933993 16738.000000
v 352.200400 350.286983 16741.535534
v 353.553391 353.553391 16743.000000
v 354.906381 356.819798 16741.535534
v 355.466808 358.172788 16738.000000
v 354.906381 356.819798 16734.464466
v 353.553391 353.553391 16733.000000
v 352.200400 350.286983 16734.464466
v -1.913417 495.380602 16738.000000
v -1.352990 496.733593 16741.535534
v 0.000000 500.000000 16743.000000
v 1.352990 503.266407 16741.535534
v 1.913417 504.619398 16738.000000
v 1.352990 503.266407 16734.464466
v 0.000000 500.000000 16733.000000
v -1.352990 496.733593 16734.464466
v 1.913417 495.380602 16738.000000
v 1.352990 496.733593 16741.535534
v 0.000000 500.000000 16743.000000
v -1.352990 503.266407 16741.535534
v -1.913417 504.619398 16738.000000
v -1.352990 503.266407 16734.464466
v 0.000000 500.000000 16733.000000
v 1.352990 496.733593 16734.464466
v -351.639973 348.933993 16738.000000
v -352.200400 350.286983 16741.535534
v -353.553391 353.553391 16743.000000
v -354.906381 356.819798 16741.535534
v -355.466808 358.172788 16738.000000
v -354.906381 356.819798 16734.464466
v -353.553391 353.553391 16733.000000
v -352.200400 350.286983 16734.464466
v -348.933993 351.639973 16738.000000
v -350.286983 352.200400 16741.535534
v -353.553391 353.553391 16743.000000
v -356.819798 354.906381 16741.535534
v -358.172788 355.466808 16738.000000
v -356.819798 354.906381 16734.464466
v -353.553391 353.553391 16733.000000
v -350.286983 352.200400 16734.464466
v -495.380602 -1.913417 16738.000000
v -496.733593 -1.352990 16741.535534
v -500.000000 0.000000 16743.000000
v -503.266407 1.352990 16741.535534
v -504.619398 1.913417 16738.000000
v -503.266407 1.352990 16734.464466
v -500.000000 0.000000 16733.000000
v -496.733593 -1.352990 16734.464466
v -495.380602 1.913417 16738.000000
v -496.733593 1.352990 16741.535534
v -500.000000 0.000000 16743.000000
v -503.266407 -1.352990 16741.535534
v -504.619398 -1.913417 16738.000000
v -503.266407 -1.352990 16734.464466
v -500.000000 0.000000 16733.000000
v -496.733593 1.352990 16734.464466
v -348.933993 -351.639973 16738.000000
v -350.286983 -352.200400 16741.535534
v -353.553391 -353.553391 16743.000000
v -356.819798 -354.906381 16741.535534
v -358.172788 -355.466808 16738.000000
v -356.819798 -354.906381 16734.464466
v -353.553391 -353.553391 16733.000000
v -350.286983 -352.200400 16734.464466
v -351.639973 -348.933993 16738.000000
v -352.200400 -350.286983 16741.535534
v -353.553391 -353.553391 16743.000000
v -354.906381 -356.819798 16741.535534
v -355.466808 -358.172788 16738.000000
v -354.906381 -356.819798 16734.464466
v -353.553391 -353.553391 16733.000000
v -352.200400 -350.286983 16734.464466
v 1.913417 -495.380602 16738.000000
v 1.352990 -496.733593 16741.535534
v -0.000000 -500.000000 16743.000000
v -1.352990 -503.266407 16741.535534
v -1.913417 -504.619398 16738.000000
v -1.352990 -503.266407 16734.464466
v -0.000000 -500.000000 16733.000000
v 1.352990 -496.733593 16734.464466
v -1.913417 -495.380602 16738.000000
v -1.352990 -496.733593 16741.535534
v -0.000000 -500.000000 16743.000000
v 1.352990 -503.266407 16741.535534
v 1.913417 -504.619398 16738.000000
v 1.352990 -503.266407 16734.464466
v -0.000000 -500.000000 16733.000000
v -1.352990 -496.733593 16734.464466
v 351.639973 -348.933993 16738.000000
v 352.200400 -350.286983 16741.535534
v 353.553391 -353.553391 16743.000000
v 354.906381 -356.819798 16741.535534
v 355.466808 -358.172788 16738.000000
v 354.906381 -356.819798 16734.464466
v 353.553391 -353.553391 16733.000000
v 352.200400 -350.286983 16734.464466
v 348.933993 -351.639973 16738.000000
v 350.286983 -352.200400 16741.535534
v 353.553391 -353.553391 16743.000000
v 356.819798 -354.906381 16741.535534
v 358.172788 -355.466808 16738.000000
v 356.819798 -354.906381 16734.464466
v 353.553391 -353.553391 16733.000000
v 350.286983 -352.200400 16734.464466
v 495.380602 1.913417 16738.000000
v 496.733593 1.352990 16741.535534
v 500.000000 -0.000000 16743.000000
v 503.266407 -1.352990 16741.535534
v 504.619398 -1.913417 16738.000000
v 503.266407 -1.352990 16734.464466
v 500.000000 -0.000000 16733.000000
v 496.733593 1.352990 16734.464466
v 320.000000 7.000000 16520.000000
v 317.518833 4.949747 16524.282967
v 316.491100 0.000000 16526.057030
v 317.518833 -4.949747 16524.282967
v 320.000000 -7.000000 16520.000000
v 322.481167 -4.949747 16515.717033
v 323.508900 -0.000000 16513.942970
v 322.481167 4.949747 16515.717033
v 465.000000 7.000000 16604.000000
v 462.518833 4.949747 16608.282967
v 461.491100 0.000000 16610.057030
v 462.518833 -4.949747 16608.282967
v 465.000000 -7.000000 16604.000000
v 467.481167 -4.949747 16599.717033
v 468.508900 -0.000000 16597.942970
v 467.481167 4.949747 16599.717033
v -7.000000 320.000000 16520.000000
v -4.949747 317.518833 16524.282967
v 0.000000 316.491100 16526.057030
v 4.949747 317.518833 16524.282967
v 7.000000 320.000000 16520.000000
v 4.949747 322.481167 16515.717033
v 0.000000 323.508900 16513.942970
v -4.949747 322.481167 16515.717033
v -7.000000 465.000000 16604.000000
v -4.949747 462.518833 16608.282967
v 0.000000 461.491100 16610.057030
v 4.949747 462.518833 16608.282967
v 7.000000 465.000000 16604.000000
v 4.949747 467.481167 16599.717033
v 0.000000 468.508900 16597.942970
v -4.949747 467.481167 16599.717033
v -320.000000 -7.000000 16520.000000
v -317.518833 -4.949747 16524.282967
v -316.491100 0.000000 16526.057030
v -317.518833 4.949747 16524.282967
v -320.000000 7.000000 16520.000000
v -322.481167 4.949747 16515.717033
v -323.508900 0.000000 16513.942970
v -322.481167 -4.949747 16515.717033
v -465.000000 -7.000000 16604.000000
v -462.518833 -4.949747 16608.282967
v -461.491100 0.000000 16610.057030
v -462.518833 4.949747 16608.282967
v -465.000000 7.000000 16604.000000
v -467.481167 4.949747 16599.717033
v -468.508900 0.000000 16597.942970
v -467.481167 -4.949747 16599.717033
v 7.000000 -320.000000 16520.000000
v 4.949747 -317.518833 16524.282967
v -0.000000 -316.491100 16526.057030
v -4.949747 -317.518833 16524.282967
v -7.000000 -320.000000 16520.000000
v -4.949747 -322.481167 16515.717033
v -0.000000 -323.508900 16513.942970
v 4.949747 -322.481167 16515.717033
v 7.000000 -465.000000 16604.000000
v 4.949747 -462.518833 16608.282967
v -0.000000 -461.491100 16610.057030
v -4.949747 -462.518833 16608.282967
v -7.000000 -465.000000 16604.000000
v -4.949747 -467.481167 16599.717033
v -0.000000 -468.508900 16597.942970
v 4.949747 -467.481167 16599.717033
v 637.476877 264.051568 3950.000000
v 487.903679 487.903679 3950.000000
v 264.051568 637.476877 3950.000000
v 0.000000 690.000000 3950.000000
v -264.051568 637.476877 3950.000000
v -487.903679 487.903679 3950.000000
v -637.476877 264.051568 3950.000000
v -690.000000 0.000000 3950.000000
v -637.476877 -264.051568 3950.000000
v -487.903679 -487.903679 3950.000000
v -264.051568 -637.476877 3950.000000
v -0.000000 -690.000000 3950.000000
v 264.051568 -637.476877 3950.000000
v 487.903679 -487.903679 3950.000000
v 637.476877 -264.051568 3950.000000
v 690.000000 -0.000000 3950.000000
v 637.476877 264.051568 4005.000000
v 487.903679 487.903679 4005.000000
v 264.051568 637.476877 4005.000000
v 0.000000 690.000000 4005.000000
v -264.051568 637.476877 4005.000000
v -487.903679 487.903679 4005.000000
v -637.476877 264.051568 4005.000000
v -690.000000 0.000000 4005.000000
v -637.476877 -264.051568 4005.000000
v -487.903679 -487.903679 4005.000000
v -264.051568 -637.476877 4005.000000
v -0.000000 -690.000000 4005.000000
v 264.051568 -637.476877 4005.000000
v 487.903679 -487.903679 4005.000000
v 637.476877 -264.051568 4005.000000
v 690.000000 -0.000000 4005.000000
v 686.000000 4.000000 3977.000000
v 686.000000 2.828427 3979.828427
v 686.000000 0.000000 3981.000000
v 686.000000 -2.828427 3979.828427
v 686.000000 -4.000000 3977.000000
v 686.000000 -2.828427 3974.171573
v 686.000000 -0.000000 3973.000000
v 686.000000 2.828427 3974.171573
v 702.000000 4.000000 3977.000000
v 702.000000 2.828427 3979.828427
v 702.000000 0.000000 3981.000000
v 702.000000 -2.828427 3979.828427
v 702.000000 -4.000000 3977.000000
v 702.000000 -2.828427 3974.171573
v 702.000000 -0.000000 3973.000000
v 702.000000 2.828427 3974.171573
v 592.093427 346.464102 3977.000000
v 592.679213 345.449490 3979.828427
v 594.093427 343.000000 3981.000000
v 595.507641 340.550510 3979.828427
v 596.093427 339.535898 3977.000000
v 595.507641 340.550510 3974.171573
v 594.093427 343.000000 3973.000000
v 592.679213 345.449490 3974.171573
v 605.949833 354.464102 3977.000000
v 606.535620 353.449490 3979.828427
v 607.949833 351.000000 3981.000000
v 609.364047 348.550510 3979.828427
v 609.949833 347.535898 3977.000000
v 609.364047 348.550510 3974.171573
v 607.949833 351.000000 3973.000000
v 606.535620 353.449490 3974.171573
v 339.535898 596.093427 3977.000000
v 340.550510 595.507641 3979.828427
v 343.000000 594.093427 3981.000000
v 345.449490 592.679213 3979.828427
v 346.464102 592.093427 3977.000000
v 345.449490 592.679213 3974.171573
v 343.000000 594.093427 3973.000000
v 340.550510 595.507641 3974.171573
v 347.535898 609.949833 3977.000000
v 348.550510 609.364047 3979.828427
v 351.000000 607.949833 3981.000000
v 353.449490 606.535620 3979.828427
v 354.464102 605.949833 3977.000000
v 353.449490 606.535620 3974.171573
v 351.000000 607.949833 3973.000000
v 348.550510 609.364047 3974.171573
v -4.000000 686.000000 3977.000000
v -2.828427 686.000000 3979.828427
v 0.000000 686.000000 3981.000000
v 2.828427 686.000000 3979.828427
v 4.000000 686.000000 3977.000000
v 2.828427 686.000000 3974.171573
v 0.000000 686.000000 3973.000000
v -2.828427 686.000000 3974.171573
v -4.000000 702.000000 3977.000000
v -2.828427 702.000000 3979.828427
v 0.000000 702.000000 3981.000000
v 2.828427 702.000000 3979.828427
v 4.000000 702.000000 3977.000000
v 2.828427 702.000000 3974.171573
v 0.000000 702.000000 3973.000000
v -2.828427 702.000000 3974.171573
v -346.464102 592.093427 3977.000000
v -345.449490 592.679213 3979.828427
v -343.000000 594.093427 3981.000000
v -340.550510 595.507641 3979.828427
v -339.535898 596.093427 3977.000000
v -340.550510 595.507641 3974.171573
v -343.000000 594.093427 3973.000000
v -345.449490 592.679213 3974.171573
v -354.464102 605.949833 3977.000000
v -353.449490 606.535620 3979.828427
v -351.000000 607.949833 3981.000000
v -348.550510 609.364047 3979.828427
v -347.535898 609.949833 3977.000000
v -348.550510 609.364047 3974.171573
v -351.000000 607.949833 3973.000000
v -353.449490 606.535620 3974.171573
v -596.093427 339.535898 3977.000000
v -595.507641 340.550510 3979.828427
v -594.093427 343.000000 3981.000000
v -592.679213 345.449490 3979.828427
v -592.093427 346.464102 3977.000000
v -592.679213 345.449490 3974.171573
v -594.093427 343.000000 3973.000000
v -595.507641 340.550510 3974.171573
v -609.949833 347.535898 3977.000000
v -609.364047 348.550510 3979.828427
v -607.949833 351.000000 3981.000000
v -606.535620 353.449490 3979.828427
v -605.949833 354.464102 3977.000000
v -606.535620 353.449490 3974.171573
v -607.949833 351.000000 3973.000000
v -609.364047 348.550510 3974.171573
v -686.000000 -4.000000 3977.000000
v -686.000000 -2.828427 3979.828427
v -686.000000 0.000000 3981.000000
v -686.000000 2.828427 3979.828427
v -686.000000 4.000000 3977.000000
v -686.000000 2.828427 3974.171573
v -686.000000 0.000000 3973.000000
v -686.000000 -2.828427 3974.171573
v -702.000000 -4.000000 3977.000000
v -702.000000 -2.828427 3979.828427
v -702.000000 0.000000 3981.000000
v -702.000000 2.828427 3979.828427
v -702.000000 4.000000 3977.000000
v -702.000000 2.828427 3974.171573
v -702.000000 0.000000 3973.000000
v -702.000000 -2.828427 3974.171573
v -592.093427 -346.464102 3977.000000
v -592.679213 -345.449490 3979.828427
v -594.093427 -343.000000 3981.000000
v -595.507641 -340.550510 3979.828427
v -596.093427 -339.535898 3977.000000
v -595.507641 -340.550510 3974.171573
v -594.093427 -343.000000 3973.000000
v -592.679213 -345.449490 3974.171573
v -605.949833 -354.464102 3977.000000
v -606.535620 -353.449490 3979.828427
v -607.949833 -351.000000 3981.000000
v -609.364047 -348.550510 3979.828427
v -609.949833 -347.535898 3977.000000
v -609.364047 -348.550510 3974.171573
v -607.949833 -351.000000 3973.000000
v -606.535620 -353.449490 3974.171573
v -339.535898 -596.093427 3977.000000
v -340.550510 -595.507641 3979.828427
v -343.000000 -594.093427 3981.000000
v -345.449490 -592.679213 3979.828427
v -346.464102 -592.093427 3977.000000
v -345.449490 -592.679213 3974.171573
v -343.000000 -594.093427 3973.000000
v -340.550510 -595.507641 3974.171573
v -347.535898 -609.949833 3977.000000
v -348.550510 -609.364047 3979.828427
v -351.000000 -607.949833 3981.000000
v -353.449490 -606.535620 3979.828427
v -354.464102 -605.949833 3977.000000
v -353.449490 -606.535620 3974.171573
v -351.000000 -607.949833 3973.000000
v -348.550510 -609.364047 3974.171573
v 4.000000 -686.000000 3977.000000
v 2.828427 -686.000000 3979.828427
v -0.000000 -686.000000 3981.000000
v -2.828427 -686.000000 3979.828427
v -4.000000 -686.000000 3977.000000
v -2.828427 -686.000000 3974.171573
v -0.000000 -686.000000 3973.000000
v 2.828427 -686.000000 3974.171573
v 4.000000 -702.000000 3977.000000
v 2.828427 -702.000000 3979.828427
v -0.000000 -702.000000 3981.000000
v -2.828427 -702.000000 3979.828427
v -4.000000 -702.000000 3977.000000
v -2.828427 -702.000000 3974.171573
v -0.000000 -702.000000 3973.000000
v 2.828427 -702.000000 3974.171573
v 346.464102 -592.093427 3977.000000
v 345.449490 -592.679213 3979.828427
v 343.000000 -594.093427 3981.000000
v 340.550510 -595.507641 3979.828427
v 339.535898 -596.093427 3977.000000
v 340.550510 -595.507641 3974.171573
v 343.000000 -594.093427 3973.000000
v 345.449490 -592.679213 3974.171573
v 354.464102 -605.949833 3977.000000
v 353.449490 -606.535620 3979.828427
v 351.000000 -607.949833 3981.000000
v 348.550510 -609.364047 3979.828427
v 347.535898 -609.949833 3977.000000
v 348.550510 -609.364047 3974.171573
v 351.000000 -607.949833 3973.000000
v 353.449490 -606.535620 3974.171573
v 596.093427 -339.535898 3977.000000
v 595.507641 -340.550510 3979.828427
v 594.093427 -343.000000 3981.000000
v 592.679213 -345.449490 3979.828427
v 592.093427 -346.464102 3977.000000
v 592.679213 -345.449490 3974.171573
v 594.093427 -343.000000 3973.000000
v 595.507641 -340.550510 3974.171573
v 609.949833 -347.535898 3977.000000
v 609.364047 -348.550510 3979.828427
v 607.949833 -351.000000 3981.000000
v 606.535620 -353.449490 3979.828427
v 605.949833 -354.464102 3977.000000
v 606.535620 -353.449490 3974.171573
v 607.949833 -351.000000 3973.000000
v 609.364047 -348.550510 3974.171573
v 498.894948 206.649053 8950.000000
v 381.837662 381.837662 8950.000000
v 206.649053 498.894948 8950.000000
v 0.000000 540.000000 8950.000000
v -206.649053 498.894948 8950.000000
v -381.837662 381.837662 8950.000000
v -498.894948 206.649053 8950.000000
v -540.000000 0.000000 8950.000000
v -498.894948 -206.649053 8950.000000
v -381.837662 -381.837662 8950.000000
v -206.649053 -498.894948 8950.000000
v -0.000000 -540.000000 8950.000000
v 206.649053 -498.894948 8950.000000
v 381.837662 -381.837662 8950.000000
v 498.894948 -206.649053 8950.000000
v 540.000000 -0.000000 8950.000000
v 498.894948 206.649053 9005.000000
v 381.837662 381.837662 9005.000000
v 206.649053 498.894948 9005.000000
v 0.000000 540.000000 9005.000000
v -206.649053 498.894948 9005.000000
v -381.837662 381.837662 9005.000000
v -498.894948 206.649053 9005.000000
v -540.000000 0.000000 9005.000000
v -498.894948 -206.649053 9005.000000
v -381.837662 -381.837662 9005.000000
v -206.649053 -498.894948 9005.000000
v -0.000000 -540.000000 9005.000000
v 206.649053 -498.894948 9005.000000
v 381.837662 -381.837662 9005.000000
v 498.894948 -206.649053 9005.000000
v 540.000000 -0.000000 9005.000000
v 536.000000 4.000000 8977.000000
v 536.000000 2.828427 8979.828427
v 536.000000 0.000000 8981.000000
v 536.000000 -2.828427 8979.828427
v 536.000000 -4.000000 8977.000000
v 536.000000 -2.828427 8974.171573
v 536.000000 -0.000000 8973.000000
v 536.000000 2.828427 8974.171573
v 552.000000 4.000000 8977.000000
v 552.000000 2.828427 8979.828427
v 552.000000 0.000000 8981.000000
v 552.000000 -2.828427 8979.828427
v 552.000000 -4.000000 8977.000000
v 552.000000 -2.828427 8974.171573
v 552.000000 -0.000000 8973.000000
v 552.000000 2.828427 8974.171573
v 462.189616 271.464102 8977.000000
v 462.775403 270.449490 8979.828427
v 464.189616 268.000000 8981.000000
v 465.603830 265.550510 8979.828427
v 466.189616 264.535898 8977.000000
v 465.603830 265.550510 8974.171573
v 464.189616 268.000000 8973.000000
v 462.775403 270.449490 8974.171573
v 476.046023 279.464102 8977.000000
v 476.631809 278.449490 8979.828427
v 478.046023 276.000000 8981.000000
v 479.460236 273.550510 8979.828427
v 480.046023 272.535898 8977.000000
v 479.460236 273.550510 8974.171573
v 478.046023 276.000000 8973.000000
v 476.631809 278.449490 8974.171573
v 264.535898 466.189616 8977.000000
v 265.550510 465.603830 8979.828427
v 268.000000 464.189616 8981.000000
v 270.449490 462.775403 8979.828427
v 271.464102 462.189616 8977.000000
v 270.449490 462.775403 8974.171573
v 268.000000 464.189616 8973.000000
v 265.550510 465.603830 8974.171573
v 272.535898 480.046023 8977.000000
v 273.550510 479.460236 8979.828427
v 276.000000 478.046023 8981.000000
v 278.449490 476.631809 8979.828427
v 279.464102 476.046023 8977.000000
v 278.449490 476.631809 8974.171573
v 276.000000 478.046023 8973.000000
v 273.550510 479.460236 8974.171573
v -4.000000 536.000000 8977.000000
v -2.828427 536.000000 8979.828427
v 0.000000 536.000000 8981.000000
v 2.828427 536.000000 8979.828427
v 4.000000 536.000000 8977.000000
v 2.828427 536.000000 8974.171573
v 0.000000 536.000000 8973.000000
v -2.828427 536.000000 8974.171573
v -4.000000 552.000000 8977.000000
v -2.828427 552.000000 8979.828427
v 0.000000 552.000000 8981.000000
v 2.828427 552.000000 8979.828427
v 4.000000 552.000000 8977.000000
v 2.828427 552.000000 8974.171573
v 0.000000 552.000000 8973.000000
v -2.828427 552.000000 8974.171573
v -271.464102 462.189616 8977.000000
v -270.449490 462.775403 8979.828427
v -268.000000 464.189616 8981.000000
v -265.550510 465.603830 8979.828427
v -264.535898 466.189616 8977.000000
v -265.550510 465.603830 8974.171573
v -268.000000 464.189616 8973.000000
v -270.449490 462.775403 8974.171573
v -279.464102 476.046023 8977.000000
v -278.449490 476.631809 8979.828427
v -276.000000 478.046023 8981.000000
v -273.550510 479.460236 8979.828427
v -272.535898 480.046023 8977.000000
v -273.550510 479.460236 8974.171573
v -276.000000 478.046023 8973.000000
v -278.449490 476.631809 8974.171573
v -466.189616 264.535898 8977.000000
v -465.603830 265.550510 8979.828427
v -464.189616 268.000000 8981.000000
v -462.775403 270.449490 8979.828427
v -462.189616 271.464102 8977.000000
v -462.775403 270.449490 8974.171573
v -464.189616 268.000000 8973.000000
v -465.603830 265.550510 8974.171573
v -480.046023 272.535898 8977.000000
v -479.460236 273.550510 8979.828427
v -478.046023 276.000000 8981.000000
v -476.631809 278.449490 8979.828427
v -476.046023 279.464102 8977.000000
v -476.631809 278.449490 8974.171573
v -478.046023 276.000000 8973.000000
v -479.460236 273.550510 8974.171573
v -536.000000 -4.000000 8977.000000
v -536.000000 -2.828427 8979.828427
v -536.000000 0.000000 8981.000000
v -536.000000 2.828427 8979.828427
v -536.000000 4.000000 8977.000000
v -536.000000 2.828427 8974.171573
v -536.000000 0.000000 8973.000000
v -536.000000 -2.828427 8974.171573
v -552.000000 -4.000000 8977.000000
v -552.000000 -2.828427 8979.828427
v -552.000000 0.000000 8981.000000
v -552.000000 2.828427 8979.828427
v -552.000000 4.000000 8977.000000
v -552.000000 2.828427 8974.171573
v -552.000000 0.000000 8973.000000
v -552.000000 -2.828427 8974.171573
v -462.189616 -271.464102 8977.000000
v -462.775403 -270.449490 8979.828427
v -464.189616 -268.000000 8981.000000
v -465.603830 -265.550510 8979.828427
v -466.189616 -264.535898 8977.000000
v -465.603830 -265.550510 8974.171573
v -464.189616 -268.000000 8973.000000
v -462.775403 -270.449490 8974.171573
v -476.046023 -279.464102 8977.000000
v -476.631809 -278.449490 8979.828427
v -478.046023 -276.000000 8981.000000
v -479.460236 -273.550510 8979.828427
v -480.046023 -272.535898 8977.000000
v -479.460236 -273.550510 8974.171573
v -478.046023 -276.000000 8973.000000
v -476.631809 -278.449490 8974.171573
v -264.535898 -466.189616 8977.000000
v -265.550510 -465.603830 8979.828427
v -268.000000 -464.189616 8981.000000
v -270.449490 -462.775403 8979.828427
v -271.464102 -462.189616 8977.000000
v -270.449490 -462.775403 8974.171573
v -268.000000 -464.189616 8973.000000
v -265.550510 -465.603830 8974.171573
v -272.535898 -480.046023 8977.000000
v -273.550510 -479.460236 8979.828427
v -276.000000 -478.046023 8981.000000
v -278.449490 -476.631809 8979.828427
v -279.464102 -476.046023 8977.000000
v -278.449490 -476.631809 8974.171573
v -276.000000 -478.046023 8973.000000
v -273.550510 -479.460236 8974.171573
v 4.000000 -536.000000 8977.000000
v 2.828427 -536.000000 8979.828427
v -0.000000 -536.000000 8981.000000
v -2.828427 -536.000000 8979.828427
v -4.000000 -536.000000 8977.000000
v -2.828427 -536.000000 8974.171573
v -0.000000 -536.000000 8973.000000
v 2.828427 -536.000000 8974.171573
v 4.000000 -552.000000 8977.000000
v 2.828427 -552.000000 8979.828427
v -0.000000 -552.000000 8981.000000
v -2.828427 -552.000000 8979.828427
v -4.000000 -552.000000 8977.000000
v -2.828427 -552.000000 8974.171573
v -0.000000 -552.000000 8973.000000
v 2.828427 -552.000000 8974.171573
v 271.464102 -462.189616 8977.000000
v 270.449490 -462.775403 8979.828427
v 268.000000 -464.189616 8981.000000
v 265.550510 -465.603830 8979.828427
v 264.535898 -466.189616 8977.000000
v 265.550510 -465.603830 8974.171573
v 268.000000 -464.189616 8973.000000
v 270.449490 -462.775403 8974.171573
v 279.464102 -476.046023 8977.000000
v 278.449490 -476.631809 8979.828427
v 276.000000 -478.046023 8981.000000
v 273.550510 -479.460236 8979.828427
v 272.535898 -480.046023 8977.000000
v 273.550510 -479.460236 8974.171573
v 276.000000 -478.046023 8973.000000
v 278.449490 -476.631809 8974.171573
v 466.189616 -264.535898 8977.000000
v 465.603830 -265.550510 8979.828427
v 464.189616 -268.000000 8981.000000
v 462.775403 -270.449490 8979.828427
v 462.189616 -271.464102 8977.000000
v 462.775403 -270.449490 8974.171573
v 464.189616 -268.000000 8973.000000
v 465.603830 -265.550510 8974.171573
v 480.046023 -272.535898 8977.000000
v 479.460236 -273.550510 8979.828427
v 478.046023 -276.000000 8981.000000
v 476.631809 -278.449490 8979.828427
v 476.046023 -279.464102 8977.000000
v 476.631809 -278.449490 8974.171573
v 478.046023 -276.000000 8973.000000
v 479.460236 -273.550510 8974.171573
v 397.268199 164.553876 13950.000000
v 304.055916 304.055916 13950.000000
v 164.553876 397.268199 13950.000000
v 0.000000 430.000000 13950.000000
v -164.553876 397.268199 13950.000000
v -304.055916 304.055916 13950.000000
v -397.268199 164.553876 13950.000000
v -430.000000 0.000000 13950.000000
v -397.268199 -164.553876 13950.000000
v -304.055916 -304.055916 13950.000000
v -164.553876 -397.268199 13950.000000
v -0.000000 -430.000000 13950.000000
v 164.553876 -397.268199 13950.000000
v 304.055916 -304.055916 13950.000000
v 397.268199 -164.553876 13950.000000
v 430.000000 -0.000000 13950.000000
v 397.268199 164.553876 14005.000000
v 304.055916 304.055916 14005.000000
v 164.553876 397.268199 14005.000000
v 0.000000 430.000000 14005.000000
v -164.553876 397.268199 14005.000000
v -304.055916 304.055916 14005.000000
v -397.268199 164.553876 14005.000000
v -430.000000 0.000000 14005.000000
v -397.268199 -164.553876 14005.000000
v -304.055916 -304.055916 14005.000000
v -164.553876 -397.268199 14005.000000
v -0.000000 -430.000000 14005.000000
v 164.553876 -397.268199 14005.000000
v 304.055916 -304.055916 14005.000000
v 397.268199 -164.553876 14005.000000
v 430.000000 -0.000000 14005.000000
v 426.000000 4.000000 13977.000000
v 426.000000 2.828427 13979.828427
v 426.000000 0.000000 13981.000000
v 426.000000 -2.828427 13979.828427
v 426.000000 -4.000000 13977.000000
v 426.000000 -2.828427 13974.171573
v 426.000000 -0.000000 13973.000000
v 426.000000 2.828427 13974.171573
v 442.000000 4.000000 13977.000000
v 442.000000 2.828427 13979.828427
v 442.000000 0.000000 13981.000000
v 442.000000 -2.828427 13979.828427
v 442.000000 -4.000000 13977.000000
v 442.000000 -2.828427 13974.171573
v 442.000000 -0.000000 13973.000000
v 442.000000 2.828427 13974.171573
v 366.926822 216.464102 13977.000000
v 367.512608 215.449490 13979.828427
v 368.926822 213.000000 13981.000000
v 370.341036 210.550510 13979.828427
v 370.926822 209.535898 13977.000000
v 370.341036 210.550510 13974.171573
v 368.926822 213.000000 13973.000000
v 367.512608 215.449490 13974.171573
v 380.783228 224.464102 13977.000000
v 381.369015 223.449490 13979.828427
v 382.783228 221.000000 13981.000000
v 384.197442 218.550510 13979.828427
v 384.783228 217.535898 13977.000000
v 384.197442 218.550510 13974.171573
v 382.783228 221.000000 13973.000000
v 381.369015 223.449490 13974.171573
v 209.535898 370.926822 13977.000000
v 210.550510 370.341036 13979.828427
v 213.000000 368.926822 13981.000000
v 215.449490 367.512608 13979.828427
v 216.464102 366.926822 13977.000000
v 215.449490 367.512608 13974.171573
v 213.000000 368.926822 13973.000000
v 210.550510 370.341036 13974.171573
v 217.535898 384.783228 13977.000000
v 218.550510 384.197442 13979.828427
v 221.000000 382.783228 13981.000000
v 223.449490 381.369015 13979.828427
v 224.464102 380.783228 13977.000000
v 223.449490 381.369015 13974.171573
v 221.000000 382.783228 13973.000000
v 218.550510 384.197442 13974.171573
v -4.000000 426.000000 13977.000000
v -2.828427 426.000000 13979.828427
v 0.000000 426.000000 13981.000000
v 2.828427 426.000000 13979.828427
v 4.000000 426.000000 13977.000000
v 2.828427 426.000000 13974.171573
v 0.000000 426.000000 13973.000000
v -2.828427 426.000000 13974.171573
v -4.000000 442.000000 13977.000000
v -2.828427 442.000000 13979.828427
v 0.000000 442.000000 13981.000000
v 2.828427 442.000000 13979.828427
v 4.000000 442.000000 13977.000000
v 2.828427 442.000000 13974.171573
v 0.000000 442.000000 13973.000000
v -2.828427 442.000000 13974.171573
v -216.464102 366.926822 13977.000000
v -215.449490 367.512608 13979.828427
v -213.000000 368.926822 13981.000000
v -210.550510 370.341036 13979.828427
v -209.535898 370.926822 13977.000000
v -210.550510 370.341036 13974.171573
v -213.000000 368.926822 13973.000000
v -215.449490 367.512608 13974.171573
v -224.464102 380.783228 13977.000000
v -223.449490 381.369015 13979.828427
v -221.000000 382.783228 13981.000000
v -218.550510 384.197442 13979.828427
v -217.535898 384.783228 13977.000000
v -218.550510 384.197442 13974.171573
v -221.000000 382.783228 13973.000000
v -223.449490 381.369015 13974.171573
v -370.926822 209.535898 13977.000000
v -370.341036 210.550510 13979.828427
v -368.926822 213.000000 13981.000000
v -367.512608 215.449490 13979.828427
v -366.926822 216.464102 13977.000000
v -367.512608 215.449490 13974.171573
v -368.926822 213.000000 13973.000000
v -370.341036 210.550510 13974.171573
v -384.783228 217.535898 13977.000000
v -384.197442 218.550510 13979.828427
v -382.783228 221.000000 13981.000000
v -381.369015 223.449490 13979.828427
v -380.783228 224.464102 13977.000000
v -381.369015 223.449490 13974.171573
v -382.783228 221.000000 13973.000000
v -384.197442 218.550510 13974.171573
v -426.000000 -4.000000 13977.000000
v -426.000000 -2.828427 13979.828427
v -426.000000 0.000000 13981.000000
v -426.000000 2.828427 13979.828427
v -426.000000 4.000000 13977.000000
v -426.000000 2.828427 13974.171573
v -426.000000 0.000000 13973.000000
v -426.000000 -2.828427 13974.171573
v -442.000000 -4.000000 13977.000000
v -442.000000 -2.828427 13979.828427
v -442.000000 0.000000 13981.000000
v -442.000000 2.828427 13979.828427
v -442.000000 4.000000 13977.000000
v -442.000000 2.828427 13974.171573
v -442.000000 0.000000 13973.000000
v -442.000000 -2.828427 13974.171573
v -366.926822 -216.464102 13977.000000
v -367.512608 -215.449490 13979.828427
v -368.926822 -213.000000 13981.000000
v -370.341036 -210.550510 13979.828427
v -370.926822 -209.535898 13977.000000
v -370.341036 -210.550510 13974.171573
v -368.926822 -213.000000 13973.000000
v -367.512608 -215.449490 13974.171573
v -380.783228 -224.464102 13977.000000
v -381.369015 -223.449490 13979.828427
v -382.783228 -221.000000 13981.000000
v -384.197442 -218.550510 13979.828427
v -384.783228 -217.535898 13977.000000
v -384.197442 -218.550510 13974.171573
v -382.783228 -221.000000 13973.000000
v -381.369015 -223.449490 13974.171573
v -209.535898 -370.926822 13977.000000
v -210.550510 -370.341036 13979.828427
v -213.000000 -368.926822 13981.000000
v -215.449490 -367.512608 13979.828427
v -216.464102 -366.926822 13977.000000
v -215.449490 -367.512608 13974.171573
v -213.000000 -368.926822 13973.000000
v -210.550510 -370.341036 13974.171573
v -217.535898 -384.783228 13977.000000
v -218.550510 -384.197442 13979.828427
v -221.000000 -382.783228 13981.000000
v -223.449490 -381.369015 13979.828427
v -224.464102 -380.783228 13977.000000
v -223.449490 -381.369015 13974.171573
v -221.000000 -382.783228 13973.000000
v -218.550510 -384.197442 13974.171573
v 4.000000 -426.000000 13977.000000
v 2.828427 -426.000000 13979.828427
v -0.000000 -426.000000 13981.000000
v -2.828427 -426.000000 13979.828427
v -4.000000 -426.000000 13977.000000
v -2.828427 -426.000000 13974.171573
v -0.000000 -426.000000 13973.000000
v 2.828427 -426.000000 13974.171573
v 4.000000 -442.000000 13977.000000
v 2.828427 -442.000000 13979.828427
v -0.000000 -442.000000 13981.000000
v -2.828427 -442.000000 13979.828427
v -4.000000 -442.000000 13977.000000
v -2.828427 -442.000000 13974.171573
v -0.000000 -442.000000 13973.000000
v 2.828427 -442.000000 13974.171573
v 216.464102 -366.926822 13977.000000
v 215.449490 -367.512608 13979.828427
v 213.000000 -368.926822 13981.000000
v 210.550510 -370.341036 13979.828427
v 209.535898 -370.926822 13977.000000
v 210.550510 -370.341036 13974.171573
v 213.000000 -368.926822 13973.000000
v 215.449490 -367.512608 13974.171573
v 224.464102 -380.783228 13977.000000
v 223.449490 -381.369015 13979.828427
v 221.000000 -382.783228 13981.000000
v 218.550510 -384.197442 13979.828427
v 217.535898 -384.783228 13977.000000
v 218.550510 -384.197442 13974.171573
v 221.000000 -382.783228 13973.000000
v 223.449490 -381.369015 13974.171573
v 370.926822 -209.535898 13977.000000
v 370.341036 -210.550510 13979.828427
v 368.926822 -213.000000 13981.000000
v 367.512608 -215.449490 13979.828427
v 366.926822 -216.464102 13977.000000
v 367.512608 -215.449490 13974.171573
v 368.926822 -213.000000 13973.000000
v 370.341036 -210.550510 13974.171573
v 384.783228 -217.535898 13977.000000
v 384.197442 -218.550510 13979.828427
v 382.783228 -221.000000 13981.000000
v 381.369015 -223.449490 13979.828427
v 380.783228 -224.464102 13977.000000
v 381.369015 -223.449490 13974.171573
v 382.783228 -221.000000 13973.000000
v 384.197442 -218.550510 13974.171573
v 314.119041 130.112367 17350.000000
v 240.416306 240.416306 17350.000000
v 130.112367 314.119041 17350.000000
v 0.000000 340.000000 17350.000000
v -130.112367 314.119041 17350.000000
v -240.416306 240.416306 17350.000000
v -314.119041 130.112367 17350.000000
v -340.000000 0.000000 17350.000000
v -314.119041 -130.112367 17350.000000
v -240.416306 -240.416306 17350.000000
v -130.112367 -314.119041 17350.000000
v -0.000000 -340.000000 17350.000000
v 130.112367 -314.119041 17350.000000
v 240.416306 -240.416306 17350.000000
v 314.119041 -130.112367 17350.000000
v 340.000000 -0.000000 17350.000000
v 314.119041 130.112367 17405.000000
v 240.416306 240.416306 17405.000000
v 130.112367 314.119041 17405.000000
v 0.000000 340.000000 17405.000000
v -130.112367 314.119041 17405.000000
v -240.416306 240.416306 17405.000000
v -314.119041 130.112367 17405.000000
v -340.000000 0.000000 17405.000000
v -314.119041 -130.112367 17405.000000
v -240.416306 -240.416306 17405.000000
v -130.112367 -314.119041 17405.000000
v -0.000000 -340.000000 17405.000000
v 130.112367 -314.119041 17405.000000
v 240.416306 -240.416306 17405.000000
v 314.119041 -130.112367 17405.000000
v 340.000000 -0.000000 17405.000000
v 336.000000 4.000000 17377.000000
v 336.000000 2.828427 17379.828427
v 336.000000 0.000000 17381.000000
v 336.000000 -2.828427 17379.828427
v 336.000000 -4.000000 17377.000000
v 336.000000 -2.828427 17374.171573
v 336.000000 -0.000000 17373.000000
v 336.000000 2.828427 17374.171573
v 352.000000 4.000000 17377.000000
v 352.000000 2.828427 17379.828427
v 352.000000 0.000000 17381.000000
v 352.000000 -2.828427 17379.828427
v 352.000000 -4.000000 17377.000000
v 352.000000 -2.828427 17374.171573
v 352.000000 -0.000000 17373.000000
v 352.000000 2.828427 17374.171573
v 288.984536 171.464102 17377.000000
v 289.570322 170.449490 17379.828427
v 290.984536 168.000000 17381.000000
v 292.398749 165.550510 17379.828427
v 292.984536 164.535898 17377.000000
v 292.398749 165.550510 17374.171573
v 290.984536 168.000000 17373.000000
v 289.570322 170.449490 17374.171573
v 302.840942 179.464102 17377.000000
v 303.426729 178.449490 17379.828427
v 304.840942 176.000000 17381.000000
v 306.255156 173.550510 17379.828427
v 306.840942 172.535898 17377.000000
v 306.255156 173.550510 17374.171573
v 304.840942 176.000000 17373.000000
v 303.426729 178.449490 17374.171573
v 164.535898 292.984536 17377.000000
v 165.550510 292.398749 17379.828427
v 168.000000 290.984536 17381.000000
v 170.449490 289.570322 17379.828427
v 171.464102 288.984536 17377.000000
v 170.449490 289.570322 17374.171573
v 168.000000 290.984536 17373.000000
v 165.550510 292.398749 17374.171573
v 172.535898 306.840942 17377.000000
v 173.550510 306.255156 17379.828427
v 176.000000 304.840942 17381.000000
v 178.449490 303.426729 17379.828427
v 179.464102 302.840942 17377.000000
v 178.449490 303.426729 17374.171573
v 176.000000 304.840942 17373.000000
v 173.550510 306.255156 17374.171573
v -4.000000 336.000000 17377.000000
v -2.828427 336.000000 17379.828427
v 0.000000 336.000000 17381.000000
v 2.828427 336.000000 17379.828427
v 4.000000 336.000000 17377.000000
v 2.828427 336.000000 17374.171573
v 0.000000 336.000000 17373.000000
v -2.828427 336.000000 17374.171573
v -4.000000 352.000000 17377.000000
v -2.828427 352.000000 17379.828427
v 0.000000 352.000000 17381.000000
v 2.828427 352.000000 17379.828427
v 4.000000 352.000000 17377.000000
v 2.828427 352.000000 17374.171573
v 0.000000 352.000000 17373.000000
v -2.828427 352.000000 17374.171573
v -171.464102 288.984536 17377.000000
v -170.449490 289.570322 17379.828427
v -168.000000 290.984536 17381.000000
v -165.550510 292.398749 17379.828427
v -164.535898 292.984536 17377.000000
v -165.550510 292.398749 17374.171573
v -168.000000 290.984536 17373.000000
v -170.449490 289.570322 17374.171573
v -179.464102 302.840942 17377.000000
v -178.449490 303.426729 17379.828427
v -176.000000 304.840942 17381.000000
v -173.550510 306.255156 17379.828427
v -172.535898 306.840942 17377.000000
v -173.550510 306.255156 17374.171573
v -176.000000 304.840942 17373.000000
v -178.449490 303.426729 17374.171573
v -292.984536 164.535898 17377.000000
v -292.398749 165.550510 17379.828427
v -290.984536 168.000000 17381.000000
v -289.570322 170.449490 17379.828427
v -288.984536 171.464102 17377.000000
v -289.570322 170.449490 17374.171573
v -290.984536 168.000000 17373.000000
v -292.398749 165.550510 17374.171573
v -306.840942 172.535898 17377.000000
v -306.255156 173.550510 17379.828427
v -304.840942 176.000000 17381.000000
v -303.426729 178.449490 17379.828427
v -302.840942 179.464102 17377.000000
v -303.426729 178.449490 17374.171573
v -304.840942 176.000000 17373.000000
v -306.255156 173.550510 17374.171573
v -336.000000 -4.000000 17377.000000
v -336.000000 -2.828427 17379.828427
v -336.000000 0.000000 17381.000000
v -336.000000 2.828427 17379.828427
v -336.000000 4.000000 17377.000000
v -336.000000 2.828427 17374.171573
v -336.000000 0.000000 17373.000000
v -336.000000 -2.828427 17374.171573
v -352.000000 -4.000000 17377.000000
v -352.000000 -2.828427 17379.828427
v -352.000000 0.000000 17381.000000
v -352.000000 2.828427 17379.828427
v -352.000000 4.000000 17377.000000
v -352.000000 2.828427 17374.171573
v -352.000000 0.000000 17373.000000
v -352.000000 -2.828427 17374.171573
v -288.984536 -171.464102 17377.000000
v -289.570322 -170.449490 17379.828427
v -290.984536 -168.000000 17381.000000
v -292.398749 -165.550510 17379.828427
v -292.984536 -164.535898 17377.000000
v -292.398749 -165.550510 17374.171573
v -290.984536 -168.000000 17373.000000
v -289.570322 -170.449490 17374.171573
v -302.840942 -179.464102 17377.000000
v -303.426729 -178.449490 17379.828427
v -304.840942 -176.000000 17381.000000
v -306.255156 -173.550510 17379.828427
v -306.840942 -172.535898 17377.000000
v -306.255156 -173.550510 17374.171573
v -304.840942 -176.000000 17373.000000
v -303.426729 -178.449490 17374.171573
v -164.535898 -292.984536 17377.000000
v -165.550510 -292.398749 17379.828427
v -168.000000 -290.984536 17381.000000
v -170.449490 -289.570322 17379.828427
v -171.464102 -288.984536 17377.000000
v -170.449490 -289.570322 17374.171573
v -168.000000 -290.984536 17373.000000
v -165.550510 -292.398749 17374.171573
v -172.535898 -306.840942 17377.000000
v -173.550510 -306.255156 17379.828427
v -176.000000 -304.840942 17381.000000
v -178.449490 -303.426729 17379.828427
v -179.464102 -302.840942 17377.000000
v -178.449490 -303.426729 17374.171573
v -176.000000 -304.840942 17373.000000
v -173.550510 -306.255156 17374.171573
v 4.000000 -336.000000 17377.000000
v 2.828427 -336.000000 17379.828427
v -0.000000 -336.000000 17381.000000
v -2.828427 -336.000000 17379.828427
v -4.000000 -336.000000 17377.000000
v -2.828427 -336.000000 17374.171573
v -0.000000 -336.000000 17373.000000
v 2.828427 -336.000000 17374.171573
v 4.000000 -352.000000 17377.000000
v 2.828427 -352.000000 17379.828427
v -0.000000 -352.000000 17381.000000
v -2.828427 -352.000000 17379.828427
v -4.000000 -352.000000 17377.000000
v -2.828427 -352.000000 17374.171573
v -0.000000 -352.000000 17373.000000
v 2.828427 -352.000000 17374.171573
v 171.464102 -288.984536 17377.000000
v 170.449490 -289.570322 17379.828427
v 168.000000 -290.984536 17381.000000
v 165.550510 -292.398749 17379.828427
v 164.535898 -292.984536 17377.000000
v 165.550510 -292.398749 17374.171573
v 168.000000 -290.984536 17373.000000
v 170.449490 -289.570322 17374.171573
v 179.464102 -302.840942 17377.000000
v 178.449490 -303.426729 17379.828427
v 176.000000 -304.840942 17381.000000
v 173.550510 -306.255156 17379.828427
v 172.535898 -306.840942 17377.000000
v 173.550510 -306.255156 17374.171573
v 176.000000 -304.840942 17373.000000
v 178.449490 -303.426729 17374.171573
v 292.984536 -164.535898 17377.000000
v 292.398749 -165.550510 17379.828427
v 290.984536 -168.000000 17381.000000
v 289.570322 -170.449490 17379.828427
v 288.984536 -171.464102 17377.000000
v 289.570322 -170.449490 17374.171573
v 290.984536 -168.000000 17373.000000
v 292.398749 -165.550510 17374.171573
v 306.840942 -172.535898 17377.000000
v 306.255156 -173.550510 17379.828427
v 304.840942 -176.000000 17381.000000
v 303.426729 -178.449490 17379.828427
v 302.840942 -179.464102 17377.000000
v 303.426729 -178.449490 17374.171573
v 304.840942 -176.000000 17373.000000
v 306.255156 -173.550510 17374.171573
v -900.000000 12.000000 9000.000000
v -900.000000 10.392305 9006.000000
v -900.000000 6.000000 9010.392305
v -900.000000 0.000000 9012.000000
v -900.000000 -6.000000 9010.392305
v -900.000000 -10.392305 9006.000000
v -900.000000 -12.000000 9000.000000
v -900.000000 -10.392305 8994.000000
v -900.000000 -6.000000 8989.607695
v -900.000000 -0.000000 8988.000000
v -900.000000 6.000000 8989.607695
v -900.000000 10.392305 8994.000000
v 900.000000 12.000000 9000.000000
v 900.000000 10.392305 9006.000000
v 900.000000 6.000000 9010.392305
v 900.000000 0.000000 9012.000000
v 900.000000 -6.000000 9010.392305
v 900.000000 -10.392305 9006.000000
v 900.000000 -12.000000 9000.000000
v 900.000000 -10.392305 8994.000000
v 900.000000 -6.000000 8989.607695
v 900.000000 -0.000000 8988.000000
v 900.000000 6.000000 8989.607695
v 900.000000 10.392305 8994.000000
v -620.000000 -8.000000 8800.000000
v -616.378570 -5.656854 8804.345716
v -614.878525 -0.000000 8806.145770
v -616.378570 5.656854 8804.345716
v -620.000000 8.000000 8800.000000
v -623.621430 5.656854 8795.654284
v -625.121475 0.000000 8793.854230
v -623.621430 -5.656854 8795.654284
v -860.000000 -8.000000 9000.000000
v -856.378570 -5.656854 9004.345716
v -854.878525 -0.000000 9006.145770
v -856.378570 5.656854 9004.345716
v -860.000000 8.000000 9000.000000
v -863.621430 5.656854 8995.654284
v -865.121475 0.000000 8993.854230
v -863.621430 -5.656854 8995.654284
v 620.000000 8.000000 8800.000000
v 616.378570 5.656854 8804.345716
v 614.878525 0.000000 8806.145770
v 616.378570 -5.656854 8804.345716
v 620.000000 -8.000000 8800.000000
v 623.621430 -5.656854 8795.654284
v 625.121475 -0.000000 8793.854230
v 623.621430 5.656854 8795.654284
v 860.000000 8.000000 9000.000000
v 856.378570 5.656854 9004.345716
v 854.878525 0.000000 9006.145770
v 856.378570 -5.656854 9004.345716
v 860.000000 -8.000000 9000.000000
v 863.621430 -5.656854 8995.654284
v 865.121475 -0.000000 8993.854230
v 863.621430 5.656854 8995.654284
v -896.000000 -14.000000 8944.000000
v -854.000000 -14.000000 8944.000000
v -896.000000 14.000000 8944.000000
v -854.000000 14.000000 8944.000000
v -896.000000 -14.000000 9016.000000
v -854.000000 -14.000000 9016.000000
v -896.000000 14.000000 9016.000000
v -854.000000 14.000000 9016.000000
v 854.000000 -14.000000 8944.000000
v 896.000000 -14.000000 8944.000000
v 854.000000 14.000000 8944.000000
v 896.000000 14.000000 8944.000000
v 854.000000 -14.000000 9016.000000
v 896.000000 -14.000000 9016.000000
v 854.000000 14.000000 9016.000000
v 896.000000 14.000000 9016.000000
g VD_Spire_M_Spire_StackConcrete
usemtl M_Spire_StackConcrete
s 1
f 1 2 18 17
f 2 3 19 18
f 3 4 20 19
f 4 5 21 20
f 5 6 22 21
f 6 7 23 22
f 7 8 24 23
f 8 9 25 24
f 9 10 26 25
f 10 11 27 26
f 11 12 28 27
f 12 13 29 28
f 13 14 30 29
f 14 15 31 30
f 15 16 32 31
f 16 1 17 32
f 16 15 14 13 12 11 10 9 8 7 6 5 4 3 2 1
f 17 18 19 20 21 22 23 24 25 26 27 28 29 30 31 32
f 33 34 50 49
f 34 35 51 50
f 35 36 52 51
f 36 37 53 52
f 37 38 54 53
f 38 39 55 54
f 39 40 56 55
f 40 41 57 56
f 41 42 58 57
f 42 43 59 58
f 43 44 60 59
f 44 45 61 60
f 45 46 62 61
f 46 47 63 62
f 47 48 64 63
f 48 33 49 64
f 48 47 46 45 44 43 42 41 40 39 38 37 36 35 34 33
f 49 50 51 52 53 54 55 56 57 58 59 60 61 62 63 64
f 65 66 82 81
f 66 67 83 82
f 67 68 84 83
f 68 69 85 84
f 69 70 86 85
f 70 71 87 86
f 71 72 88 87
f 72 73 89 88
f 73 74 90 89
f 74 75 91 90
f 75 76 92 91
f 76 77 93 92
f 77 78 94 93
f 78 79 95 94
f 79 80 96 95
f 80 65 81 96
f 80 79 78 77 76 75 74 73 72 71 70 69 68 67 66 65
f 81 82 83 84 85 86 87 88 89 90 91 92 93 94 95 96
f 97 98 114 113
f 98 99 115 114
f 99 100 116 115
f 100 101 117 116
f 101 102 118 117
f 102 103 119 118
f 103 104 120 119
f 104 105 121 120
f 105 106 122 121
f 106 107 123 122
f 107 108 124 123
f 108 109 125 124
f 109 110 126 125
f 110 111 127 126
f 111 112 128 127
f 112 97 113 128
f 112 111 110 109 108 107 106 105 104 103 102 101 100 99 98 97
f 113 114 115 116 117 118 119 120 121 122 123 124 125 126 127 128
f 129 130 146 145
f 130 131 147 146
f 131 132 148 147
f 132 133 149 148
f 133 134 150 149
f 134 135 151 150
f 135 136 152 151
f 136 137 153 152
f 137 138 154 153
f 138 139 155 154
f 139 140 156 155
f 140 141 157 156
f 141 142 158 157
f 142 143 159 158
f 143 144 160 159
f 144 129 145 160
f 144 143 142 141 140 139 138 137 136 135 134 133 132 131 130 129
f 145 146 147 148 149 150 151 152 153 154 155 156 157 158 159 160
g VD_Spire_M_Spire_BareMetal
usemtl M_Spire_BareMetal
s 1
f 161 162 178 177
f 162 163 179 178
f 163 164 180 179
f 164 165 181 180
f 165 166 182 181
f 166 167 183 182
f 167 168 184 183
f 168 169 185 184
f 169 170 186 185
f 170 171 187 186
f 171 172 188 187
f 172 173 189 188
f 173 174 190 189
f 174 175 191 190
f 175 176 192 191
f 176 161 177 192
f 176 175 174 173 172 171 170 169 168 167 166 165 164 163 162 161
f 177 178 179 180 181 182 183 184 185 186 187 188 189 190 191 192
g VD_Spire_M_Spire_Soot
usemtl M_Spire_Soot
s 1
f 193 194 210 209
f 194 195 211 210
f 195 196 212 211
f 196 197 213 212
f 197 198 214 213
f 198 199 215 214
f 199 200 216 215
f 200 201 217 216
f 201 202 218 217
f 202 203 219 218
f 203 204 220 219
f 204 205 221 220
f 205 206 222 221
f 206 207 223 222
f 207 208 224 223
f 208 193 209 224
f 208 207 206 205 204 203 202 201 200 199 198 197 196 195 194 193
f 209 210 211 212 213 214 215 216 217 218 219 220 221 222 223 224
g VD_Spire_M_Spire_Fastener
usemtl M_Spire_Fastener
s 1
f 225 226 234 233
f 226 227 235 234
f 227 228 236 235
f 228 229 237 236
f 229 230 238 237
f 230 231 239 238
f 231 232 240 239
f 232 225 233 240
f 232 231 230 229 228 227 226 225
f 233 234 235 236 237 238 239 240
f 241 242 250 249
f 242 243 251 250
f 243 244 252 251
f 244 245 253 252
f 245 246 254 253
f 246 247 255 254
f 247 248 256 255
f 248 241 249 256
f 248 247 246 245 244 243 242 241
f 249 250 251 252 253 254 255 256
f 257 258 266 265
f 258 259 267 266
f 259 260 268 267
f 260 261 269 268
f 261 262 270 269
f 262 263 271 270
f 263 264 272 271
f 264 257 265 272
f 264 263 262 261 260 259 258 257
f 265 266 267 268 269 270 271 272
f 273 274 282 281
f 274 275 283 282
f 275 276 284 283
f 276 277 285 284
f 277 278 286 285
f 278 279 287 286
f 279 280 288 287
f 280 273 281 288
f 280 279 278 277 276 275 274 273
f 281 282 283 284 285 286 287 288
f 289 290 298 297
f 290 291 299 298
f 291 292 300 299
f 292 293 301 300
f 293 294 302 301
f 294 295 303 302
f 295 296 304 303
f 296 289 297 304
f 296 295 294 293 292 291 290 289
f 297 298 299 300 301 302 303 304
f 305 306 314 313
f 306 307 315 314
f 307 308 316 315
f 308 309 317 316
f 309 310 318 317
f 310 311 319 318
f 311 312 320 319
f 312 305 313 320
f 312 311 310 309 308 307 306 305
f 313 314 315 316 317 318 319 320
f 321 322 330 329
f 322 323 331 330
f 323 324 332 331
f 324 325 333 332
f 325 326 334 333
f 326 327 335 334
f 327 328 336 335
f 328 321 329 336
f 328 327 326 325 324 323 322 321
f 329 330 331 332 333 334 335 336
f 337 338 346 345
f 338 339 347 346
f 339 340 348 347
f 340 341 349 348
f 341 342 350 349
f 342 343 351 350
f 343 344 352 351
f 344 337 345 352
f 344 343 342 341 340 339 338 337
f 345 346 347 348 349 350 351 352
f 353 354 362 361
f 354 355 363 362
f 355 356 364 363
f 356 357 365 364
f 357 358 366 365
f 358 359 367 366
f 359 360 368 367
f 360 353 361 368
f 360 359 358 357 356 355 354 353
f 361 362 363 364 365 366 367 368
f 369 370 378 377
f 370 371 379 378
f 371 372 380 379
f 372 373 381 380
f 373 374 382 381
f 374 375 383 382
f 375 376 384 383
f 376 369 377 384
f 376 375 374 373 372 371 370 369
f 377 378 379 380 381 382 383 384
f 385 386 394 393
f 386 387 395 394
f 387 388 396 395
f 388 389 397 396
f 389 390 398 397
f 390 391 399 398
f 391 392 400 399
f 392 385 393 400
f 392 391 390 389 388 387 386 385
f 393 394 395 396 397 398 399 400
f 401 402 410 409
f 402 403 411 410
f 403 404 412 411
f 404 405 413 412
f 405 406 414 413
f 406 407 415 414
f 407 408 416 415
f 408 401 409 416
f 408 407 406 405 404 403 402 401
f 409 410 411 412 413 414 415 416
f 417 418 426 425
f 418 419 427 426
f 419 420 428 427
f 420 421 429 428
f 421 422 430 429
f 422 423 431 430
f 423 424 432 431
f 424 417 425 432
f 424 423 422 421 420 419 418 417
f 425 426 427 428 429 430 431 432
f 433 434 442 441
f 434 435 443 442
f 435 436 444 443
f 436 437 445 444
f 437 438 446 445
f 438 439 447 446
f 439 440 448 447
f 440 433 441 448
f 440 439 438 437 436 435 434 433
f 441 442 443 444 445 446 447 448
f 449 450 458 457
f 450 451 459 458
f 451 452 460 459
f 452 453 461 460
f 453 454 462 461
f 454 455 463 462
f 455 456 464 463
f 456 449 457 464
f 456 455 454 453 452 451 450 449
f 457 458 459 460 461 462 463 464
f 465 466 474 473
f 466 467 475 474
f 467 468 476 475
f 468 469 477 476
f 469 470 478 477
f 470 471 479 478
f 471 472 480 479
f 472 465 473 480
f 472 471 470 469 468 467 466 465
f 473 474 475 476 477 478 479 480
f 481 482 490 489
f 482 483 491 490
f 483 484 492 491
f 484 485 493 492
f 485 486 494 493
f 486 487 495 494
f 487 488 496 495
f 488 481 489 496
f 488 487 486 485 484 483 482 481
f 489 490 491 492 493 494 495 496
f 497 498 506 505
f 498 499 507 506
f 499 500 508 507
f 500 501 509 508
f 501 502 510 509
f 502 503 511 510
f 503 504 512 511
f 504 497 505 512
f 504 503 502 501 500 499 498 497
f 505 506 507 508 509 510 511 512
f 513 514 522 521
f 514 515 523 522
f 515 516 524 523
f 516 517 525 524
f 517 518 526 525
f 518 519 527 526
f 519 520 528 527
f 520 513 521 528
f 520 519 518 517 516 515 514 513
f 521 522 523 524 525 526 527 528
f 529 530 538 537
f 530 531 539 538
f 531 532 540 539
f 532 533 541 540
f 533 534 542 541
f 534 535 543 542
f 535 536 544 543
f 536 529 537 544
f 536 535 534 533 532 531 530 529
f 537 538 539 540 541 542 543 544
f 545 546 554 553
f 546 547 555 554
f 547 548 556 555
f 548 549 557 556
f 549 550 558 557
f 550 551 559 558
f 551 552 560 559
f 552 545 553 560
f 552 551 550 549 548 547 546 545
f 553 554 555 556 557 558 559 560
f 561 562 570 569
f 562 563 571 570
f 563 564 572 571
f 564 565 573 572
f 565 566 574 573
f 566 567 575 574
f 567 568 576 575
f 568 561 569 576
f 568 567 566 565 564 563 562 561
f 569 570 571 572 573 574 575 576
f 577 578 586 585
f 578 579 587 586
f 579 580 588 587
f 580 581 589 588
f 581 582 590 589
f 582 583 591 590
f 583 584 592 591
f 584 577 585 592
f 584 583 582 581 580 579 578 577
f 585 586 587 588 589 590 591 592
f 593 594 602 601
f 594 595 603 602
f 595 596 604 603
f 596 597 605 604
f 597 598 606 605
f 598 599 607 606
f 599 600 608 607
f 600 593 601 608
f 600 599 598 597 596 595 594 593
f 601 602 603 604 605 606 607 608
f 609 610 618 617
f 610 611 619 618
f 611 612 620 619
f 612 613 621 620
f 613 614 622 621
f 614 615 623 622
f 615 616 624 623
f 616 609 617 624
f 616 615 614 613 612 611 610 609
f 617 618 619 620 621 622 623 624
f 625 626 634 633
f 626 627 635 634
f 627 628 636 635
f 628 629 637 636
f 629 630 638 637
f 630 631 639 638
f 631 632 640 639
f 632 625 633 640
f 632 631 630 629 628 627 626 625
f 633 634 635 636 637 638 639 640
f 641 642 650 649
f 642 643 651 650
f 643 644 652 651
f 644 645 653 652
f 645 646 654 653
f 646 647 655 654
f 647 648 656 655
f 648 641 649 656
f 648 647 646 645 644 643 642 641
f 649 650 651 652 653 654 655 656
f 657 658 666 665
f 658 659 667 666
f 659 660 668 667
f 660 661 669 668
f 661 662 670 669
f 662 663 671 670
f 663 664 672 671
f 664 657 665 672
f 664 663 662 661 660 659 658 657
f 665 666 667 668 669 670 671 672
f 673 674 682 681
f 674 675 683 682
f 675 676 684 683
f 676 677 685 684
f 677 678 686 685
f 678 679 687 686
f 679 680 688 687
f 680 673 681 688
f 680 679 678 677 676 675 674 673
f 681 682 683 684 685 686 687 688
f 689 690 698 697
f 690 691 699 698
f 691 692 700 699
f 692 693 701 700
f 693 694 702 701
f 694 695 703 702
f 695 696 704 703
f 696 689 697 704
f 696 695 694 693 692 691 690 689
f 697 698 699 700 701 702 703 704
f 705 706 714 713
f 706 707 715 714
f 707 708 716 715
f 708 709 717 716
f 709 710 718 717
f 710 711 719 718
f 711 712 720 719
f 712 705 713 720
f 712 711 710 709 708 707 706 705
f 713 714 715 716 717 718 719 720
f 721 722 730 729
f 722 723 731 730
f 723 724 732 731
f 724 725 733 732
f 725 726 734 733
f 726 727 735 734
f 727 728 736 735
f 728 721 729 736
f 728 727 726 725 724 723 722 721
f 729 730 731 732 733 734 735 736
f 737 738 746 745
f 738 739 747 746
f 739 740 748 747
f 740 741 749 748
f 741 742 750 749
f 742 743 751 750
f 743 744 752 751
f 744 737 745 752
f 744 743 742 741 740 739 738 737
f 745 746 747 748 749 750 751 752
f 753 754 762 761
f 754 755 763 762
f 755 756 764 763
f 756 757 765 764
f 757 758 766 765
f 758 759 767 766
f 759 760 768 767
f 760 753 761 768
f 760 759 758 757 756 755 754 753
f 761 762 763 764 765 766 767 768
f 769 770 778 777
f 770 771 779 778
f 771 772 780 779
f 772 773 781 780
f 773 774 782 781
f 774 775 783 782
f 775 776 784 783
f 776 769 777 784
f 776 775 774 773 772 771 770 769
f 777 778 779 780 781 782 783 784
f 785 786 794 793
f 786 787 795 794
f 787 788 796 795
f 788 789 797 796
f 789 790 798 797
f 790 791 799 798
f 791 792 800 799
f 792 785 793 800
f 792 791 790 789 788 787 786 785
f 793 794 795 796 797 798 799 800
f 801 802 810 809
f 802 803 811 810
f 803 804 812 811
f 804 805 813 812
f 805 806 814 813
f 806 807 815 814
f 807 808 816 815
f 808 801 809 816
f 808 807 806 805 804 803 802 801
f 809 810 811 812 813 814 815 816
f 817 818 826 825
f 818 819 827 826
f 819 820 828 827
f 820 821 829 828
f 821 822 830 829
f 822 823 831 830
f 823 824 832 831
f 824 817 825 832
f 824 823 822 821 820 819 818 817
f 825 826 827 828 829 830 831 832
f 833 834 842 841
f 834 835 843 842
f 835 836 844 843
f 836 837 845 844
f 837 838 846 845
f 838 839 847 846
f 839 840 848 847
f 840 833 841 848
f 840 839 838 837 836 835 834 833
f 841 842 843 844 845 846 847 848
f 849 850 858 857
f 850 851 859 858
f 851 852 860 859
f 852 853 861 860
f 853 854 862 861
f 854 855 863 862
f 855 856 864 863
f 856 849 857 864
f 856 855 854 853 852 851 850 849
f 857 858 859 860 861 862 863 864
f 865 866 874 873
f 866 867 875 874
f 867 868 876 875
f 868 869 877 876
f 869 870 878 877
f 870 871 879 878
f 871 872 880 879
f 872 865 873 880
f 872 871 870 869 868 867 866 865
f 873 874 875 876 877 878 879 880
f 881 882 890 889
f 882 883 891 890
f 883 884 892 891
f 884 885 893 892
f 885 886 894 893
f 886 887 895 894
f 887 888 896 895
f 888 881 889 896
f 888 887 886 885 884 883 882 881
f 889 890 891 892 893 894 895 896
f 897 898 906 905
f 898 899 907 906
f 899 900 908 907
f 900 901 909 908
f 901 902 910 909
f 902 903 911 910
f 903 904 912 911
f 904 897 905 912
f 904 903 902 901 900 899 898 897
f 905 906 907 908 909 910 911 912
f 913 914 922 921
f 914 915 923 922
f 915 916 924 923
f 916 917 925 924
f 917 918 926 925
f 918 919 927 926
f 919 920 928 927
f 920 913 921 928
f 920 919 918 917 916 915 914 913
f 921 922 923 924 925 926 927 928
f 929 930 938 937
f 930 931 939 938
f 931 932 940 939
f 932 933 941 940
f 933 934 942 941
f 934 935 943 942
f 935 936 944 943
f 936 929 937 944
f 936 935 934 933 932 931 930 929
f 937 938 939 940 941 942 943 944
f 945 946 954 953
f 946 947 955 954
f 947 948 956 955
f 948 949 957 956
f 949 950 958 957
f 950 951 959 958
f 951 952 960 959
f 952 945 953 960
f 952 951 950 949 948 947 946 945
f 953 954 955 956 957 958 959 960
f 961 962 970 969
f 962 963 971 970
f 963 964 972 971
f 964 965 973 972
f 965 966 974 973
f 966 967 975 974
f 967 968 976 975
f 968 961 969 976
f 968 967 966 965 964 963 962 961
f 969 970 971 972 973 974 975 976
f 977 978 986 985
f 978 979 987 986
f 979 980 988 987
f 980 981 989 988
f 981 982 990 989
f 982 983 991 990
f 983 984 992 991
f 984 977 985 992
f 984 983 982 981 980 979 978 977
f 985 986 987 988 989 990 991 992
f 993 994 1002 1001
f 994 995 1003 1002
f 995 996 1004 1003
f 996 997 1005 1004
f 997 998 1006 1005
f 998 999 1007 1006
f 999 1000 1008 1007
f 1000 993 1001 1008
f 1000 999 998 997 996 995 994 993
f 1001 1002 1003 1004 1005 1006 1007 1008
f 1009 1010 1018 1017
f 1010 1011 1019 1018
f 1011 1012 1020 1019
f 1012 1013 1021 1020
f 1013 1014 1022 1021
f 1014 1015 1023 1022
f 1015 1016 1024 1023
f 1016 1009 1017 1024
f 1016 1015 1014 1013 1012 1011 1010 1009
f 1017 1018 1019 1020 1021 1022 1023 1024
f 1025 1026 1034 1033
f 1026 1027 1035 1034
f 1027 1028 1036 1035
f 1028 1029 1037 1036
f 1029 1030 1038 1037
f 1030 1031 1039 1038
f 1031 1032 1040 1039
f 1032 1025 1033 1040
f 1032 1031 1030 1029 1028 1027 1026 1025
f 1033 1034 1035 1036 1037 1038 1039 1040
f 1041 1042 1050 1049
f 1042 1043 1051 1050
f 1043 1044 1052 1051
f 1044 1045 1053 1052
f 1045 1046 1054 1053
f 1046 1047 1055 1054
f 1047 1048 1056 1055
f 1048 1041 1049 1056
f 1048 1047 1046 1045 1044 1043 1042 1041
f 1049 1050 1051 1052 1053 1054 1055 1056
f 1057 1058 1066 1065
f 1058 1059 1067 1066
f 1059 1060 1068 1067
f 1060 1061 1069 1068
f 1061 1062 1070 1069
f 1062 1063 1071 1070
f 1063 1064 1072 1071
f 1064 1057 1065 1072
f 1064 1063 1062 1061 1060 1059 1058 1057
f 1065 1066 1067 1068 1069 1070 1071 1072
f 1073 1074 1082 1081
f 1074 1075 1083 1082
f 1075 1076 1084 1083
f 1076 1077 1085 1084
f 1077 1078 1086 1085
f 1078 1079 1087 1086
f 1079 1080 1088 1087
f 1080 1073 1081 1088
f 1080 1079 1078 1077 1076 1075 1074 1073
f 1081 1082 1083 1084 1085 1086 1087 1088
f 1089 1090 1098 1097
f 1090 1091 1099 1098
f 1091 1092 1100 1099
f 1092 1093 1101 1100
f 1093 1094 1102 1101
f 1094 1095 1103 1102
f 1095 1096 1104 1103
f 1096 1089 1097 1104
f 1096 1095 1094 1093 1092 1091 1090 1089
f 1097 1098 1099 1100 1101 1102 1103 1104
f 1105 1106 1114 1113
f 1106 1107 1115 1114
f 1107 1108 1116 1115
f 1108 1109 1117 1116
f 1109 1110 1118 1117
f 1110 1111 1119 1118
f 1111 1112 1120 1119
f 1112 1105 1113 1120
f 1112 1111 1110 1109 1108 1107 1106 1105
f 1113 1114 1115 1116 1117 1118 1119 1120
f 1121 1122 1130 1129
f 1122 1123 1131 1130
f 1123 1124 1132 1131
f 1124 1125 1133 1132
f 1125 1126 1134 1133
f 1126 1127 1135 1134
f 1127 1128 1136 1135
f 1128 1121 1129 1136
f 1128 1127 1126 1125 1124 1123 1122 1121
f 1129 1130 1131 1132 1133 1134 1135 1136
f 1137 1138 1146 1145
f 1138 1139 1147 1146
f 1139 1140 1148 1147
f 1140 1141 1149 1148
f 1141 1142 1150 1149
f 1142 1143 1151 1150
f 1143 1144 1152 1151
f 1144 1137 1145 1152
f 1144 1143 1142 1141 1140 1139 1138 1137
f 1145 1146 1147 1148 1149 1150 1151 1152
f 1153 1154 1162 1161
f 1154 1155 1163 1162
f 1155 1156 1164 1163
f 1156 1157 1165 1164
f 1157 1158 1166 1165
f 1158 1159 1167 1166
f 1159 1160 1168 1167
f 1160 1153 1161 1168
f 1160 1159 1158 1157 1156 1155 1154 1153
f 1161 1162 1163 1164 1165 1166 1167 1168
f 1169 1170 1178 1177
f 1170 1171 1179 1178
f 1171 1172 1180 1179
f 1172 1173 1181 1180
f 1173 1174 1182 1181
f 1174 1175 1183 1182
f 1175 1176 1184 1183
f 1176 1169 1177 1184
f 1176 1175 1174 1173 1172 1171 1170 1169
f 1177 1178 1179 1180 1181 1182 1183 1184
f 1185 1186 1194 1193
f 1186 1187 1195 1194
f 1187 1188 1196 1195
f 1188 1189 1197 1196
f 1189 1190 1198 1197
f 1190 1191 1199 1198
f 1191 1192 1200 1199
f 1192 1185 1193 1200
f 1192 1191 1190 1189 1188 1187 1186 1185
f 1193 1194 1195 1196 1197 1198 1199 1200
f 1201 1202 1210 1209
f 1202 1203 1211 1210
f 1203 1204 1212 1211
f 1204 1205 1213 1212
f 1205 1206 1214 1213
f 1206 1207 1215 1214
f 1207 1208 1216 1215
f 1208 1201 1209 1216
f 1208 1207 1206 1205 1204 1203 1202 1201
f 1209 1210 1211 1212 1213 1214 1215 1216
f 1217 1218 1226 1225
f 1218 1219 1227 1226
f 1219 1220 1228 1227
f 1220 1221 1229 1228
f 1221 1222 1230 1229
f 1222 1223 1231 1230
f 1223 1224 1232 1231
f 1224 1217 1225 1232
f 1224 1223 1222 1221 1220 1219 1218 1217
f 1225 1226 1227 1228 1229 1230 1231 1232
f 1233 1234 1242 1241
f 1234 1235 1243 1242
f 1235 1236 1244 1243
f 1236 1237 1245 1244
f 1237 1238 1246 1245
f 1238 1239 1247 1246
f 1239 1240 1248 1247
f 1240 1233 1241 1248
f 1240 1239 1238 1237 1236 1235 1234 1233
f 1241 1242 1243 1244 1245 1246 1247 1248
f 1249 1250 1258 1257
f 1250 1251 1259 1258
f 1251 1252 1260 1259
f 1252 1253 1261 1260
f 1253 1254 1262 1261
f 1254 1255 1263 1262
f 1255 1256 1264 1263
f 1256 1249 1257 1264
f 1256 1255 1254 1253 1252 1251 1250 1249
f 1257 1258 1259 1260 1261 1262 1263 1264
f 1265 1266 1274 1273
f 1266 1267 1275 1274
f 1267 1268 1276 1275
f 1268 1269 1277 1276
f 1269 1270 1278 1277
f 1270 1271 1279 1278
f 1271 1272 1280 1279
f 1272 1265 1273 1280
f 1272 1271 1270 1269 1268 1267 1266 1265
f 1273 1274 1275 1276 1277 1278 1279 1280
f 1281 1282 1290 1289
f 1282 1283 1291 1290
f 1283 1284 1292 1291
f 1284 1285 1293 1292
f 1285 1286 1294 1293
f 1286 1287 1295 1294
f 1287 1288 1296 1295
f 1288 1281 1289 1296
f 1288 1287 1286 1285 1284 1283 1282 1281
f 1289 1290 1291 1292 1293 1294 1295 1296
f 1297 1298 1306 1305
f 1298 1299 1307 1306
f 1299 1300 1308 1307
f 1300 1301 1309 1308
f 1301 1302 1310 1309
f 1302 1303 1311 1310
f 1303 1304 1312 1311
f 1304 1297 1305 1312
f 1304 1303 1302 1301 1300 1299 1298 1297
f 1305 1306 1307 1308 1309 1310 1311 1312
f 1313 1314 1322 1321
f 1314 1315 1323 1322
f 1315 1316 1324 1323
f 1316 1317 1325 1324
f 1317 1318 1326 1325
f 1318 1319 1327 1326
f 1319 1320 1328 1327
f 1320 1313 1321 1328
f 1320 1319 1318 1317 1316 1315 1314 1313
f 1321 1322 1323 1324 1325 1326 1327 1328
f 1329 1330 1338 1337
f 1330 1331 1339 1338
f 1331 1332 1340 1339
f 1332 1333 1341 1340
f 1333 1334 1342 1341
f 1334 1335 1343 1342
f 1335 1336 1344 1343
f 1336 1329 1337 1344
f 1336 1335 1334 1333 1332 1331 1330 1329
f 1337 1338 1339 1340 1341 1342 1343 1344
f 1345 1346 1354 1353
f 1346 1347 1355 1354
f 1347 1348 1356 1355
f 1348 1349 1357 1356
f 1349 1350 1358 1357
f 1350 1351 1359 1358
f 1351 1352 1360 1359
f 1352 1345 1353 1360
f 1352 1351 1350 1349 1348 1347 1346 1345
f 1353 1354 1355 1356 1357 1358 1359 1360
f 1361 1362 1370 1369
f 1362 1363 1371 1370
f 1363 1364 1372 1371
f 1364 1365 1373 1372
f 1365 1366 1374 1373
f 1366 1367 1375 1374
f 1367 1368 1376 1375
f 1368 1361 1369 1376
f 1368 1367 1366 1365 1364 1363 1362 1361
f 1369 1370 1371 1372 1373 1374 1375 1376
f 1377 1378 1386 1385
f 1378 1379 1387 1386
f 1379 1380 1388 1387
f 1380 1381 1389 1388
f 1381 1382 1390 1389
f 1382 1383 1391 1390
f 1383 1384 1392 1391
f 1384 1377 1385 1392
f 1384 1383 1382 1381 1380 1379 1378 1377
f 1385 1386 1387 1388 1389 1390 1391 1392
f 1393 1394 1402 1401
f 1394 1395 1403 1402
f 1395 1396 1404 1403
f 1396 1397 1405 1404
f 1397 1398 1406 1405
f 1398 1399 1407 1406
f 1399 1400 1408 1407
f 1400 1393 1401 1408
f 1400 1399 1398 1397 1396 1395 1394 1393
f 1401 1402 1403 1404 1405 1406 1407 1408
f 1409 1410 1418 1417
f 1410 1411 1419 1418
f 1411 1412 1420 1419
f 1412 1413 1421 1420
f 1413 1414 1422 1421
f 1414 1415 1423 1422
f 1415 1416 1424 1423
f 1416 1409 1417 1424
f 1416 1415 1414 1413 1412 1411 1410 1409
f 1417 1418 1419 1420 1421 1422 1423 1424
f 1425 1426 1434 1433
f 1426 1427 1435 1434
f 1427 1428 1436 1435
f 1428 1429 1437 1436
f 1429 1430 1438 1437
f 1430 1431 1439 1438
f 1431 1432 1440 1439
f 1432 1425 1433 1440
f 1432 1431 1430 1429 1428 1427 1426 1425
f 1433 1434 1435 1436 1437 1438 1439 1440
f 1441 1442 1450 1449
f 1442 1443 1451 1450
f 1443 1444 1452 1451
f 1444 1445 1453 1452
f 1445 1446 1454 1453
f 1446 1447 1455 1454
f 1447 1448 1456 1455
f 1448 1441 1449 1456
f 1448 1447 1446 1445 1444 1443 1442 1441
f 1449 1450 1451 1452 1453 1454 1455 1456
f 1457 1458 1466 1465
f 1458 1459 1467 1466
f 1459 1460 1468 1467
f 1460 1461 1469 1468
f 1461 1462 1470 1469
f 1462 1463 1471 1470
f 1463 1464 1472 1471
f 1464 1457 1465 1472
f 1464 1463 1462 1461 1460 1459 1458 1457
f 1465 1466 1467 1468 1469 1470 1471 1472
f 1473 1474 1482 1481
f 1474 1475 1483 1482
f 1475 1476 1484 1483
f 1476 1477 1485 1484
f 1477 1478 1486 1485
f 1478 1479 1487 1486
f 1479 1480 1488 1487
f 1480 1473 1481 1488
f 1480 1479 1478 1477 1476 1475 1474 1473
f 1481 1482 1483 1484 1485 1486 1487 1488
f 1489 1490 1498 1497
f 1490 1491 1499 1498
f 1491 1492 1500 1499
f 1492 1493 1501 1500
f 1493 1494 1502 1501
f 1494 1495 1503 1502
f 1495 1496 1504 1503
f 1496 1489 1497 1504
f 1496 1495 1494 1493 1492 1491 1490 1489
f 1497 1498 1499 1500 1501 1502 1503 1504
f 1505 1506 1514 1513
f 1506 1507 1515 1514
f 1507 1508 1516 1515
f 1508 1509 1517 1516
f 1509 1510 1518 1517
f 1510 1511 1519 1518
f 1511 1512 1520 1519
f 1512 1505 1513 1520
f 1512 1511 1510 1509 1508 1507 1506 1505
f 1513 1514 1515 1516 1517 1518 1519 1520
f 1521 1522 1530 1529
f 1522 1523 1531 1530
f 1523 1524 1532 1531
f 1524 1525 1533 1532
f 1525 1526 1534 1533
f 1526 1527 1535 1534
f 1527 1528 1536 1535
f 1528 1521 1529 1536
f 1528 1527 1526 1525 1524 1523 1522 1521
f 1529 1530 1531 1532 1533 1534 1535 1536
f 1537 1538 1546 1545
f 1538 1539 1547 1546
f 1539 1540 1548 1547
f 1540 1541 1549 1548
f 1541 1542 1550 1549
f 1542 1543 1551 1550
f 1543 1544 1552 1551
f 1544 1537 1545 1552
f 1544 1543 1542 1541 1540 1539 1538 1537
f 1545 1546 1547 1548 1549 1550 1551 1552
f 1553 1554 1562 1561
f 1554 1555 1563 1562
f 1555 1556 1564 1563
f 1556 1557 1565 1564
f 1557 1558 1566 1565
f 1558 1559 1567 1566
f 1559 1560 1568 1567
f 1560 1553 1561 1568
f 1560 1559 1558 1557 1556 1555 1554 1553
f 1561 1562 1563 1564 1565 1566 1567 1568
f 1569 1570 1578 1577
f 1570 1571 1579 1578
f 1571 1572 1580 1579
f 1572 1573 1581 1580
f 1573 1574 1582 1581
f 1574 1575 1583 1582
f 1575 1576 1584 1583
f 1576 1569 1577 1584
f 1576 1575 1574 1573 1572 1571 1570 1569
f 1577 1578 1579 1580 1581 1582 1583 1584
f 1585 1586 1594 1593
f 1586 1587 1595 1594
f 1587 1588 1596 1595
f 1588 1589 1597 1596
f 1589 1590 1598 1597
f 1590 1591 1599 1598
f 1591 1592 1600 1599
f 1592 1585 1593 1600
f 1592 1591 1590 1589 1588 1587 1586 1585
f 1593 1594 1595 1596 1597 1598 1599 1600
f 1601 1602 1610 1609
f 1602 1603 1611 1610
f 1603 1604 1612 1611
f 1604 1605 1613 1612
f 1605 1606 1614 1613
f 1606 1607 1615 1614
f 1607 1608 1616 1615
f 1608 1601 1609 1616
f 1608 1607 1606 1605 1604 1603 1602 1601
f 1609 1610 1611 1612 1613 1614 1615 1616
f 1617 1618 1626 1625
f 1618 1619 1627 1626
f 1619 1620 1628 1627
f 1620 1621 1629 1628
f 1621 1622 1630 1629
f 1622 1623 1631 1630
f 1623 1624 1632 1631
f 1624 1617 1625 1632
f 1624 1623 1622 1621 1620 1619 1618 1617
f 1625 1626 1627 1628 1629 1630 1631 1632
f 1633 1634 1642 1641
f 1634 1635 1643 1642
f 1635 1636 1644 1643
f 1636 1637 1645 1644
f 1637 1638 1646 1645
f 1638 1639 1647 1646
f 1639 1640 1648 1647
f 1640 1633 1641 1648
f 1640 1639 1638 1637 1636 1635 1634 1633
f 1641 1642 1643 1644 1645 1646 1647 1648
f 1649 1650 1658 1657
f 1650 1651 1659 1658
f 1651 1652 1660 1659
f 1652 1653 1661 1660
f 1653 1654 1662 1661
f 1654 1655 1663 1662
f 1655 1656 1664 1663
f 1656 1649 1657 1664
f 1656 1655 1654 1653 1652 1651 1650 1649
f 1657 1658 1659 1660 1661 1662 1663 1664
f 1665 1666 1674 1673
f 1666 1667 1675 1674
f 1667 1668 1676 1675
f 1668 1669 1677 1676
f 1669 1670 1678 1677
f 1670 1671 1679 1678
f 1671 1672 1680 1679
f 1672 1665 1673 1680
f 1672 1671 1670 1669 1668 1667 1666 1665
f 1673 1674 1675 1676 1677 1678 1679 1680
f 1681 1682 1690 1689
f 1682 1683 1691 1690
f 1683 1684 1692 1691
f 1684 1685 1693 1692
f 1685 1686 1694 1693
f 1686 1687 1695 1694
f 1687 1688 1696 1695
f 1688 1681 1689 1696
f 1688 1687 1686 1685 1684 1683 1682 1681
f 1689 1690 1691 1692 1693 1694 1695 1696
f 1697 1698 1706 1705
f 1698 1699 1707 1706
f 1699 1700 1708 1707
f 1700 1701 1709 1708
f 1701 1702 1710 1709
f 1702 1703 1711 1710
f 1703 1704 1712 1711
f 1704 1697 1705 1712
f 1704 1703 1702 1701 1700 1699 1698 1697
f 1705 1706 1707 1708 1709 1710 1711 1712
f 1713 1714 1722 1721
f 1714 1715 1723 1722
f 1715 1716 1724 1723
f 1716 1717 1725 1724
f 1717 1718 1726 1725
f 1718 1719 1727 1726
f 1719 1720 1728 1727
f 1720 1713 1721 1728
f 1720 1719 1718 1717 1716 1715 1714 1713
f 1721 1722 1723 1724 1725 1726 1727 1728
f 1729 1730 1738 1737
f 1730 1731 1739 1738
f 1731 1732 1740 1739
f 1732 1733 1741 1740
f 1733 1734 1742 1741
f 1734 1735 1743 1742
f 1735 1736 1744 1743
f 1736 1729 1737 1744
f 1736 1735 1734 1733 1732 1731 1730 1729
f 1737 1738 1739 1740 1741 1742 1743 1744
f 1745 1746 1754 1753
f 1746 1747 1755 1754
f 1747 1748 1756 1755
f 1748 1749 1757 1756
f 1749 1750 1758 1757
f 1750 1751 1759 1758
f 1751 1752 1760 1759
f 1752 1745 1753 1760
f 1752 1751 1750 1749 1748 1747 1746 1745
f 1753 1754 1755 1756 1757 1758 1759 1760
f 1761 1762 1770 1769
f 1762 1763 1771 1770
f 1763 1764 1772 1771
f 1764 1765 1773 1772
f 1765 1766 1774 1773
f 1766 1767 1775 1774
f 1767 1768 1776 1775
f 1768 1761 1769 1776
f 1768 1767 1766 1765 1764 1763 1762 1761
f 1769 1770 1771 1772 1773 1774 1775 1776
f 1777 1778 1786 1785
f 1778 1779 1787 1786
f 1779 1780 1788 1787
f 1780 1781 1789 1788
f 1781 1782 1790 1789
f 1782 1783 1791 1790
f 1783 1784 1792 1791
f 1784 1777 1785 1792
f 1784 1783 1782 1781 1780 1779 1778 1777
f 1785 1786 1787 1788 1789 1790 1791 1792
f 1793 1794 1802 1801
f 1794 1795 1803 1802
f 1795 1796 1804 1803
f 1796 1797 1805 1804
f 1797 1798 1806 1805
f 1798 1799 1807 1806
f 1799 1800 1808 1807
f 1800 1793 1801 1808
f 1800 1799 1798 1797 1796 1795 1794 1793
f 1801 1802 1803 1804 1805 1806 1807 1808
f 1809 1810 1818 1817
f 1810 1811 1819 1818
f 1811 1812 1820 1819
f 1812 1813 1821 1820
f 1813 1814 1822 1821
f 1814 1815 1823 1822
f 1815 1816 1824 1823
f 1816 1809 1817 1824
f 1816 1815 1814 1813 1812 1811 1810 1809
f 1817 1818 1819 1820 1821 1822 1823 1824
f 1825 1826 1834 1833
f 1826 1827 1835 1834
f 1827 1828 1836 1835
f 1828 1829 1837 1836
f 1829 1830 1838 1837
f 1830 1831 1839 1838
f 1831 1832 1840 1839
f 1832 1825 1833 1840
f 1832 1831 1830 1829 1828 1827 1826 1825
f 1833 1834 1835 1836 1837 1838 1839 1840
f 1841 1842 1850 1849
f 1842 1843 1851 1850
f 1843 1844 1852 1851
f 1844 1845 1853 1852
f 1845 1846 1854 1853
f 1846 1847 1855 1854
f 1847 1848 1856 1855
f 1848 1841 1849 1856
f 1848 1847 1846 1845 1844 1843 1842 1841
f 1849 1850 1851 1852 1853 1854 1855 1856
f 1857 1858 1866 1865
f 1858 1859 1867 1866
f 1859 1860 1868 1867
f 1860 1861 1869 1868
f 1861 1862 1870 1869
f 1862 1863 1871 1870
f 1863 1864 1872 1871
f 1864 1857 1865 1872
f 1864 1863 1862 1861 1860 1859 1858 1857
f 1865 1866 1867 1868 1869 1870 1871 1872
f 1873 1874 1882 1881
f 1874 1875 1883 1882
f 1875 1876 1884 1883
f 1876 1877 1885 1884
f 1877 1878 1886 1885
f 1878 1879 1887 1886
f 1879 1880 1888 1887
f 1880 1873 1881 1888
f 1880 1879 1878 1877 1876 1875 1874 1873
f 1881 1882 1883 1884 1885 1886 1887 1888
f 1889 1890 1898 1897
f 1890 1891 1899 1898
f 1891 1892 1900 1899
f 1892 1893 1901 1900
f 1893 1894 1902 1901
f 1894 1895 1903 1902
f 1895 1896 1904 1903
f 1896 1889 1897 1904
f 1896 1895 1894 1893 1892 1891 1890 1889
f 1897 1898 1899 1900 1901 1902 1903 1904
f 1905 1906 1914 1913
f 1906 1907 1915 1914
f 1907 1908 1916 1915
f 1908 1909 1917 1916
f 1909 1910 1918 1917
f 1910 1911 1919 1918
f 1911 1912 1920 1919
f 1912 1905 1913 1920
f 1912 1911 1910 1909 1908 1907 1906 1905
f 1913 1914 1915 1916 1917 1918 1919 1920
f 1921 1922 1930 1929
f 1922 1923 1931 1930
f 1923 1924 1932 1931
f 1924 1925 1933 1932
f 1925 1926 1934 1933
f 1926 1927 1935 1934
f 1927 1928 1936 1935
f 1928 1921 1929 1936
f 1928 1927 1926 1925 1924 1923 1922 1921
f 1929 1930 1931 1932 1933 1934 1935 1936
f 1937 1938 1946 1945
f 1938 1939 1947 1946
f 1939 1940 1948 1947
f 1940 1941 1949 1948
f 1941 1942 1950 1949
f 1942 1943 1951 1950
f 1943 1944 1952 1951
f 1944 1937 1945 1952
f 1944 1943 1942 1941 1940 1939 1938 1937
f 1945 1946 1947 1948 1949 1950 1951 1952
f 1953 1954 1962 1961
f 1954 1955 1963 1962
f 1955 1956 1964 1963
f 1956 1957 1965 1964
f 1957 1958 1966 1965
f 1958 1959 1967 1966
f 1959 1960 1968 1967
f 1960 1953 1961 1968
f 1960 1959 1958 1957 1956 1955 1954 1953
f 1961 1962 1963 1964 1965 1966 1967 1968
f 1969 1970 1978 1977
f 1970 1971 1979 1978
f 1971 1972 1980 1979
f 1972 1973 1981 1980
f 1973 1974 1982 1981
f 1974 1975 1983 1982
f 1975 1976 1984 1983
f 1976 1969 1977 1984
f 1976 1975 1974 1973 1972 1971 1970 1969
f 1977 1978 1979 1980 1981 1982 1983 1984
f 1985 1986 1994 1993
f 1986 1987 1995 1994
f 1987 1988 1996 1995
f 1988 1989 1997 1996
f 1989 1990 1998 1997
f 1990 1991 1999 1998
f 1991 1992 2000 1999
f 1992 1985 1993 2000
f 1992 1991 1990 1989 1988 1987 1986 1985
f 1993 1994 1995 1996 1997 1998 1999 2000
f 2001 2002 2010 2009
f 2002 2003 2011 2010
f 2003 2004 2012 2011
f 2004 2005 2013 2012
f 2005 2006 2014 2013
f 2006 2007 2015 2014
f 2007 2008 2016 2015
f 2008 2001 2009 2016
f 2008 2007 2006 2005 2004 2003 2002 2001
f 2009 2010 2011 2012 2013 2014 2015 2016
f 2017 2018 2026 2025
f 2018 2019 2027 2026
f 2019 2020 2028 2027
f 2020 2021 2029 2028
f 2021 2022 2030 2029
f 2022 2023 2031 2030
f 2023 2024 2032 2031
f 2024 2017 2025 2032
f 2024 2023 2022 2021 2020 2019 2018 2017
f 2025 2026 2027 2028 2029 2030 2031 2032
f 2033 2034 2042 2041
f 2034 2035 2043 2042
f 2035 2036 2044 2043
f 2036 2037 2045 2044
f 2037 2038 2046 2045
f 2038 2039 2047 2046
f 2039 2040 2048 2047
f 2040 2033 2041 2048
f 2040 2039 2038 2037 2036 2035 2034 2033
f 2041 2042 2043 2044 2045 2046 2047 2048
f 2049 2050 2058 2057
f 2050 2051 2059 2058
f 2051 2052 2060 2059
f 2052 2053 2061 2060
f 2053 2054 2062 2061
f 2054 2055 2063 2062
f 2055 2056 2064 2063
f 2056 2049 2057 2064
f 2056 2055 2054 2053 2052 2051 2050 2049
f 2057 2058 2059 2060 2061 2062 2063 2064
f 2065 2066 2074 2073
f 2066 2067 2075 2074
f 2067 2068 2076 2075
f 2068 2069 2077 2076
f 2069 2070 2078 2077
f 2070 2071 2079 2078
f 2071 2072 2080 2079
f 2072 2065 2073 2080
f 2072 2071 2070 2069 2068 2067 2066 2065
f 2073 2074 2075 2076 2077 2078 2079 2080
f 2081 2082 2090 2089
f 2082 2083 2091 2090
f 2083 2084 2092 2091
f 2084 2085 2093 2092
f 2085 2086 2094 2093
f 2086 2087 2095 2094
f 2087 2088 2096 2095
f 2088 2081 2089 2096
f 2088 2087 2086 2085 2084 2083 2082 2081
f 2089 2090 2091 2092 2093 2094 2095 2096
f 2097 2098 2106 2105
f 2098 2099 2107 2106
f 2099 2100 2108 2107
f 2100 2101 2109 2108
f 2101 2102 2110 2109
f 2102 2103 2111 2110
f 2103 2104 2112 2111
f 2104 2097 2105 2112
f 2104 2103 2102 2101 2100 2099 2098 2097
f 2105 2106 2107 2108 2109 2110 2111 2112
f 2113 2114 2122 2121
f 2114 2115 2123 2122
f 2115 2116 2124 2123
f 2116 2117 2125 2124
f 2117 2118 2126 2125
f 2118 2119 2127 2126
f 2119 2120 2128 2127
f 2120 2113 2121 2128
f 2120 2119 2118 2117 2116 2115 2114 2113
f 2121 2122 2123 2124 2125 2126 2127 2128
f 2129 2130 2138 2137
f 2130 2131 2139 2138
f 2131 2132 2140 2139
f 2132 2133 2141 2140
f 2133 2134 2142 2141
f 2134 2135 2143 2142
f 2135 2136 2144 2143
f 2136 2129 2137 2144
f 2136 2135 2134 2133 2132 2131 2130 2129
f 2137 2138 2139 2140 2141 2142 2143 2144
f 2145 2146 2154 2153
f 2146 2147 2155 2154
f 2147 2148 2156 2155
f 2148 2149 2157 2156
f 2149 2150 2158 2157
f 2150 2151 2159 2158
f 2151 2152 2160 2159
f 2152 2145 2153 2160
f 2152 2151 2150 2149 2148 2147 2146 2145
f 2153 2154 2155 2156 2157 2158 2159 2160
f 2161 2162 2170 2169
f 2162 2163 2171 2170
f 2163 2164 2172 2171
f 2164 2165 2173 2172
f 2165 2166 2174 2173
f 2166 2167 2175 2174
f 2167 2168 2176 2175
f 2168 2161 2169 2176
f 2168 2167 2166 2165 2164 2163 2162 2161
f 2169 2170 2171 2172 2173 2174 2175 2176
f 2177 2178 2186 2185
f 2178 2179 2187 2186
f 2179 2180 2188 2187
f 2180 2181 2189 2188
f 2181 2182 2190 2189
f 2182 2183 2191 2190
f 2183 2184 2192 2191
f 2184 2177 2185 2192
f 2184 2183 2182 2181 2180 2179 2178 2177
f 2185 2186 2187 2188 2189 2190 2191 2192
f 2193 2194 2202 2201
f 2194 2195 2203 2202
f 2195 2196 2204 2203
f 2196 2197 2205 2204
f 2197 2198 2206 2205
f 2198 2199 2207 2206
f 2199 2200 2208 2207
f 2200 2193 2201 2208
f 2200 2199 2198 2197 2196 2195 2194 2193
f 2201 2202 2203 2204 2205 2206 2207 2208
f 2209 2210 2218 2217
f 2210 2211 2219 2218
f 2211 2212 2220 2219
f 2212 2213 2221 2220
f 2213 2214 2222 2221
f 2214 2215 2223 2222
f 2215 2216 2224 2223
f 2216 2209 2217 2224
f 2216 2215 2214 2213 2212 2211 2210 2209
f 2217 2218 2219 2220 2221 2222 2223 2224
f 2225 2226 2234 2233
f 2226 2227 2235 2234
f 2227 2228 2236 2235
f 2228 2229 2237 2236
f 2229 2230 2238 2237
f 2230 2231 2239 2238
f 2231 2232 2240 2239
f 2232 2225 2233 2240
f 2232 2231 2230 2229 2228 2227 2226 2225
f 2233 2234 2235 2236 2237 2238 2239 2240
f 2241 2242 2250 2249
f 2242 2243 2251 2250
f 2243 2244 2252 2251
f 2244 2245 2253 2252
f 2245 2246 2254 2253
f 2246 2247 2255 2254
f 2247 2248 2256 2255
f 2248 2241 2249 2256
f 2248 2247 2246 2245 2244 2243 2242 2241
f 2249 2250 2251 2252 2253 2254 2255 2256
f 2257 2258 2266 2265
f 2258 2259 2267 2266
f 2259 2260 2268 2267
f 2260 2261 2269 2268
f 2261 2262 2270 2269
f 2262 2263 2271 2270
f 2263 2264 2272 2271
f 2264 2257 2265 2272
f 2264 2263 2262 2261 2260 2259 2258 2257
f 2265 2266 2267 2268 2269 2270 2271 2272
f 2273 2274 2282 2281
f 2274 2275 2283 2282
f 2275 2276 2284 2283
f 2276 2277 2285 2284
f 2277 2278 2286 2285
f 2278 2279 2287 2286
f 2279 2280 2288 2287
f 2280 2273 2281 2288
f 2280 2279 2278 2277 2276 2275 2274 2273
f 2281 2282 2283 2284 2285 2286 2287 2288
f 2289 2290 2298 2297
f 2290 2291 2299 2298
f 2291 2292 2300 2299
f 2292 2293 2301 2300
f 2293 2294 2302 2301
f 2294 2295 2303 2302
f 2295 2296 2304 2303
f 2296 2289 2297 2304
f 2296 2295 2294 2293 2292 2291 2290 2289
f 2297 2298 2299 2300 2301 2302 2303 2304
f 2305 2306 2314 2313
f 2306 2307 2315 2314
f 2307 2308 2316 2315
f 2308 2309 2317 2316
f 2309 2310 2318 2317
f 2310 2311 2319 2318
f 2311 2312 2320 2319
f 2312 2305 2313 2320
f 2312 2311 2310 2309 2308 2307 2306 2305
f 2313 2314 2315 2316 2317 2318 2319 2320
f 2321 2322 2330 2329
f 2322 2323 2331 2330
f 2323 2324 2332 2331
f 2324 2325 2333 2332
f 2325 2326 2334 2333
f 2326 2327 2335 2334
f 2327 2328 2336 2335
f 2328 2321 2329 2336
f 2328 2327 2326 2325 2324 2323 2322 2321
f 2329 2330 2331 2332 2333 2334 2335 2336
f 2337 2338 2346 2345
f 2338 2339 2347 2346
f 2339 2340 2348 2347
f 2340 2341 2349 2348
f 2341 2342 2350 2349
f 2342 2343 2351 2350
f 2343 2344 2352 2351
f 2344 2337 2345 2352
f 2344 2343 2342 2341 2340 2339 2338 2337
f 2345 2346 2347 2348 2349 2350 2351 2352
f 2353 2354 2362 2361
f 2354 2355 2363 2362
f 2355 2356 2364 2363
f 2356 2357 2365 2364
f 2357 2358 2366 2365
f 2358 2359 2367 2366
f 2359 2360 2368 2367
f 2360 2353 2361 2368
f 2360 2359 2358 2357 2356 2355 2354 2353
f 2361 2362 2363 2364 2365 2366 2367 2368
f 2369 2370 2378 2377
f 2370 2371 2379 2378
f 2371 2372 2380 2379
f 2372 2373 2381 2380
f 2373 2374 2382 2381
f 2374 2375 2383 2382
f 2375 2376 2384 2383
f 2376 2369 2377 2384
f 2376 2375 2374 2373 2372 2371 2370 2369
f 2377 2378 2379 2380 2381 2382 2383 2384
f 2385 2386 2394 2393
f 2386 2387 2395 2394
f 2387 2388 2396 2395
f 2388 2389 2397 2396
f 2389 2390 2398 2397
f 2390 2391 2399 2398
f 2391 2392 2400 2399
f 2392 2385 2393 2400
f 2392 2391 2390 2389 2388 2387 2386 2385
f 2393 2394 2395 2396 2397 2398 2399 2400
f 2401 2402 2410 2409
f 2402 2403 2411 2410
f 2403 2404 2412 2411
f 2404 2405 2413 2412
f 2405 2406 2414 2413
f 2406 2407 2415 2414
f 2407 2408 2416 2415
f 2408 2401 2409 2416
f 2408 2407 2406 2405 2404 2403 2402 2401
f 2409 2410 2411 2412 2413 2414 2415 2416
f 2417 2418 2426 2425
f 2418 2419 2427 2426
f 2419 2420 2428 2427
f 2420 2421 2429 2428
f 2421 2422 2430 2429
f 2422 2423 2431 2430
f 2423 2424 2432 2431
f 2424 2417 2425 2432
f 2424 2423 2422 2421 2420 2419 2418 2417
f 2425 2426 2427 2428 2429 2430 2431 2432
f 2433 2434 2442 2441
f 2434 2435 2443 2442
f 2435 2436 2444 2443
f 2436 2437 2445 2444
f 2437 2438 2446 2445
f 2438 2439 2447 2446
f 2439 2440 2448 2447
f 2440 2433 2441 2448
f 2440 2439 2438 2437 2436 2435 2434 2433
f 2441 2442 2443 2444 2445 2446 2447 2448
f 2449 2450 2458 2457
f 2450 2451 2459 2458
f 2451 2452 2460 2459
f 2452 2453 2461 2460
f 2453 2454 2462 2461
f 2454 2455 2463 2462
f 2455 2456 2464 2463
f 2456 2449 2457 2464
f 2456 2455 2454 2453 2452 2451 2450 2449
f 2457 2458 2459 2460 2461 2462 2463 2464
f 2465 2466 2474 2473
f 2466 2467 2475 2474
f 2467 2468 2476 2475
f 2468 2469 2477 2476
f 2469 2470 2478 2477
f 2470 2471 2479 2478
f 2471 2472 2480 2479
f 2472 2465 2473 2480
f 2472 2471 2470 2469 2468 2467 2466 2465
f 2473 2474 2475 2476 2477 2478 2479 2480
f 2481 2482 2490 2489
f 2482 2483 2491 2490
f 2483 2484 2492 2491
f 2484 2485 2493 2492
f 2485 2486 2494 2493
f 2486 2487 2495 2494
f 2487 2488 2496 2495
f 2488 2481 2489 2496
f 2488 2487 2486 2485 2484 2483 2482 2481
f 2489 2490 2491 2492 2493 2494 2495 2496
f 2497 2498 2506 2505
f 2498 2499 2507 2506
f 2499 2500 2508 2507
f 2500 2501 2509 2508
f 2501 2502 2510 2509
f 2502 2503 2511 2510
f 2503 2504 2512 2511
f 2504 2497 2505 2512
f 2504 2503 2502 2501 2500 2499 2498 2497
f 2505 2506 2507 2508 2509 2510 2511 2512
f 2513 2514 2522 2521
f 2514 2515 2523 2522
f 2515 2516 2524 2523
f 2516 2517 2525 2524
f 2517 2518 2526 2525
f 2518 2519 2527 2526
f 2519 2520 2528 2527
f 2520 2513 2521 2528
f 2520 2519 2518 2517 2516 2515 2514 2513
f 2521 2522 2523 2524 2525 2526 2527 2528
f 2529 2530 2538 2537
f 2530 2531 2539 2538
f 2531 2532 2540 2539
f 2532 2533 2541 2540
f 2533 2534 2542 2541
f 2534 2535 2543 2542
f 2535 2536 2544 2543
f 2536 2529 2537 2544
f 2536 2535 2534 2533 2532 2531 2530 2529
f 2537 2538 2539 2540 2541 2542 2543 2544
f 2545 2546 2554 2553
f 2546 2547 2555 2554
f 2547 2548 2556 2555
f 2548 2549 2557 2556
f 2549 2550 2558 2557
f 2550 2551 2559 2558
f 2551 2552 2560 2559
f 2552 2545 2553 2560
f 2552 2551 2550 2549 2548 2547 2546 2545
f 2553 2554 2555 2556 2557 2558 2559 2560
f 2561 2562 2570 2569
f 2562 2563 2571 2570
f 2563 2564 2572 2571
f 2564 2565 2573 2572
f 2565 2566 2574 2573
f 2566 2567 2575 2574
f 2567 2568 2576 2575
f 2568 2561 2569 2576
f 2568 2567 2566 2565 2564 2563 2562 2561
f 2569 2570 2571 2572 2573 2574 2575 2576
f 2577 2578 2586 2585
f 2578 2579 2587 2586
f 2579 2580 2588 2587
f 2580 2581 2589 2588
f 2581 2582 2590 2589
f 2582 2583 2591 2590
f 2583 2584 2592 2591
f 2584 2577 2585 2592
f 2584 2583 2582 2581 2580 2579 2578 2577
f 2585 2586 2587 2588 2589 2590 2591 2592
f 2593 2594 2602 2601
f 2594 2595 2603 2602
f 2595 2596 2604 2603
f 2596 2597 2605 2604
f 2597 2598 2606 2605
f 2598 2599 2607 2606
f 2599 2600 2608 2607
f 2600 2593 2601 2608
f 2600 2599 2598 2597 2596 2595 2594 2593
f 2601 2602 2603 2604 2605 2606 2607 2608
f 2609 2610 2618 2617
f 2610 2611 2619 2618
f 2611 2612 2620 2619
f 2612 2613 2621 2620
f 2613 2614 2622 2621
f 2614 2615 2623 2622
f 2615 2616 2624 2623
f 2616 2609 2617 2624
f 2616 2615 2614 2613 2612 2611 2610 2609
f 2617 2618 2619 2620 2621 2622 2623 2624
f 2625 2626 2634 2633
f 2626 2627 2635 2634
f 2627 2628 2636 2635
f 2628 2629 2637 2636
f 2629 2630 2638 2637
f 2630 2631 2639 2638
f 2631 2632 2640 2639
f 2632 2625 2633 2640
f 2632 2631 2630 2629 2628 2627 2626 2625
f 2633 2634 2635 2636 2637 2638 2639 2640
f 2641 2642 2650 2649
f 2642 2643 2651 2650
f 2643 2644 2652 2651
f 2644 2645 2653 2652
f 2645 2646 2654 2653
f 2646 2647 2655 2654
f 2647 2648 2656 2655
f 2648 2641 2649 2656
f 2648 2647 2646 2645 2644 2643 2642 2641
f 2649 2650 2651 2652 2653 2654 2655 2656
f 2657 2658 2666 2665
f 2658 2659 2667 2666
f 2659 2660 2668 2667
f 2660 2661 2669 2668
f 2661 2662 2670 2669
f 2662 2663 2671 2670
f 2663 2664 2672 2671
f 2664 2657 2665 2672
f 2664 2663 2662 2661 2660 2659 2658 2657
f 2665 2666 2667 2668 2669 2670 2671 2672
f 2673 2674 2682 2681
f 2674 2675 2683 2682
f 2675 2676 2684 2683
f 2676 2677 2685 2684
f 2677 2678 2686 2685
f 2678 2679 2687 2686
f 2679 2680 2688 2687
f 2680 2673 2681 2688
f 2680 2679 2678 2677 2676 2675 2674 2673
f 2681 2682 2683 2684 2685 2686 2687 2688
f 2689 2690 2698 2697
f 2690 2691 2699 2698
f 2691 2692 2700 2699
f 2692 2693 2701 2700
f 2693 2694 2702 2701
f 2694 2695 2703 2702
f 2695 2696 2704 2703
f 2696 2689 2697 2704
f 2696 2695 2694 2693 2692 2691 2690 2689
f 2697 2698 2699 2700 2701 2702 2703 2704
f 2705 2706 2714 2713
f 2706 2707 2715 2714
f 2707 2708 2716 2715
f 2708 2709 2717 2716
f 2709 2710 2718 2717
f 2710 2711 2719 2718
f 2711 2712 2720 2719
f 2712 2705 2713 2720
f 2712 2711 2710 2709 2708 2707 2706 2705
f 2713 2714 2715 2716 2717 2718 2719 2720
f 2721 2722 2730 2729
f 2722 2723 2731 2730
f 2723 2724 2732 2731
f 2724 2725 2733 2732
f 2725 2726 2734 2733
f 2726 2727 2735 2734
f 2727 2728 2736 2735
f 2728 2721 2729 2736
f 2728 2727 2726 2725 2724 2723 2722 2721
f 2729 2730 2731 2732 2733 2734 2735 2736
f 2737 2738 2746 2745
f 2738 2739 2747 2746
f 2739 2740 2748 2747
f 2740 2741 2749 2748
f 2741 2742 2750 2749
f 2742 2743 2751 2750
f 2743 2744 2752 2751
f 2744 2737 2745 2752
f 2744 2743 2742 2741 2740 2739 2738 2737
f 2745 2746 2747 2748 2749 2750 2751 2752
f 2753 2754 2762 2761
f 2754 2755 2763 2762
f 2755 2756 2764 2763
f 2756 2757 2765 2764
f 2757 2758 2766 2765
f 2758 2759 2767 2766
f 2759 2760 2768 2767
f 2760 2753 2761 2768
f 2760 2759 2758 2757 2756 2755 2754 2753
f 2761 2762 2763 2764 2765 2766 2767 2768
f 2769 2770 2778 2777
f 2770 2771 2779 2778
f 2771 2772 2780 2779
f 2772 2773 2781 2780
f 2773 2774 2782 2781
f 2774 2775 2783 2782
f 2775 2776 2784 2783
f 2776 2769 2777 2784
f 2776 2775 2774 2773 2772 2771 2770 2769
f 2777 2778 2779 2780 2781 2782 2783 2784
f 2785 2786 2794 2793
f 2786 2787 2795 2794
f 2787 2788 2796 2795
f 2788 2789 2797 2796
f 2789 2790 2798 2797
f 2790 2791 2799 2798
f 2791 2792 2800 2799
f 2792 2785 2793 2800
f 2792 2791 2790 2789 2788 2787 2786 2785
f 2793 2794 2795 2796 2797 2798 2799 2800
f 2801 2802 2810 2809
f 2802 2803 2811 2810
f 2803 2804 2812 2811
f 2804 2805 2813 2812
f 2805 2806 2814 2813
f 2806 2807 2815 2814
f 2807 2808 2816 2815
f 2808 2801 2809 2816
f 2808 2807 2806 2805 2804 2803 2802 2801
f 2809 2810 2811 2812 2813 2814 2815 2816
f 2817 2818 2826 2825
f 2818 2819 2827 2826
f 2819 2820 2828 2827
f 2820 2821 2829 2828
f 2821 2822 2830 2829
f 2822 2823 2831 2830
f 2823 2824 2832 2831
f 2824 2817 2825 2832
f 2824 2823 2822 2821 2820 2819 2818 2817
f 2825 2826 2827 2828 2829 2830 2831 2832
f 2833 2834 2842 2841
f 2834 2835 2843 2842
f 2835 2836 2844 2843
f 2836 2837 2845 2844
f 2837 2838 2846 2845
f 2838 2839 2847 2846
f 2839 2840 2848 2847
f 2840 2833 2841 2848
f 2840 2839 2838 2837 2836 2835 2834 2833
f 2841 2842 2843 2844 2845 2846 2847 2848
f 2849 2850 2858 2857
f 2850 2851 2859 2858
f 2851 2852 2860 2859
f 2852 2853 2861 2860
f 2853 2854 2862 2861
f 2854 2855 2863 2862
f 2855 2856 2864 2863
f 2856 2849 2857 2864
f 2856 2855 2854 2853 2852 2851 2850 2849
f 2857 2858 2859 2860 2861 2862 2863 2864
f 2865 2866 2874 2873
f 2866 2867 2875 2874
f 2867 2868 2876 2875
f 2868 2869 2877 2876
f 2869 2870 2878 2877
f 2870 2871 2879 2878
f 2871 2872 2880 2879
f 2872 2865 2873 2880
f 2872 2871 2870 2869 2868 2867 2866 2865
f 2873 2874 2875 2876 2877 2878 2879 2880
f 2881 2882 2890 2889
f 2882 2883 2891 2890
f 2883 2884 2892 2891
f 2884 2885 2893 2892
f 2885 2886 2894 2893
f 2886 2887 2895 2894
f 2887 2888 2896 2895
f 2888 2881 2889 2896
f 2888 2887 2886 2885 2884 2883 2882 2881
f 2889 2890 2891 2892 2893 2894 2895 2896
f 2897 2898 2906 2905
f 2898 2899 2907 2906
f 2899 2900 2908 2907
f 2900 2901 2909 2908
f 2901 2902 2910 2909
f 2902 2903 2911 2910
f 2903 2904 2912 2911
f 2904 2897 2905 2912
f 2904 2903 2902 2901 2900 2899 2898 2897
f 2905 2906 2907 2908 2909 2910 2911 2912
f 2913 2914 2922 2921
f 2914 2915 2923 2922
f 2915 2916 2924 2923
f 2916 2917 2925 2924
f 2917 2918 2926 2925
f 2918 2919 2927 2926
f 2919 2920 2928 2927
f 2920 2913 2921 2928
f 2920 2919 2918 2917 2916 2915 2914 2913
f 2921 2922 2923 2924 2925 2926 2927 2928
f 2929 2930 2938 2937
f 2930 2931 2939 2938
f 2931 2932 2940 2939
f 2932 2933 2941 2940
f 2933 2934 2942 2941
f 2934 2935 2943 2942
f 2935 2936 2944 2943
f 2936 2929 2937 2944
f 2936 2935 2934 2933 2932 2931 2930 2929
f 2937 2938 2939 2940 2941 2942 2943 2944
f 2945 2946 2954 2953
f 2946 2947 2955 2954
f 2947 2948 2956 2955
f 2948 2949 2957 2956
f 2949 2950 2958 2957
f 2950 2951 2959 2958
f 2951 2952 2960 2959
f 2952 2945 2953 2960
f 2952 2951 2950 2949 2948 2947 2946 2945
f 2953 2954 2955 2956 2957 2958 2959 2960
f 2961 2962 2970 2969
f 2962 2963 2971 2970
f 2963 2964 2972 2971
f 2964 2965 2973 2972
f 2965 2966 2974 2973
f 2966 2967 2975 2974
f 2967 2968 2976 2975
f 2968 2961 2969 2976
f 2968 2967 2966 2965 2964 2963 2962 2961
f 2969 2970 2971 2972 2973 2974 2975 2976
f 2977 2978 2986 2985
f 2978 2979 2987 2986
f 2979 2980 2988 2987
f 2980 2981 2989 2988
f 2981 2982 2990 2989
f 2982 2983 2991 2990
f 2983 2984 2992 2991
f 2984 2977 2985 2992
f 2984 2983 2982 2981 2980 2979 2978 2977
f 2985 2986 2987 2988 2989 2990 2991 2992
f 2993 2994 3002 3001
f 2994 2995 3003 3002
f 2995 2996 3004 3003
f 2996 2997 3005 3004
f 2997 2998 3006 3005
f 2998 2999 3007 3006
f 2999 3000 3008 3007
f 3000 2993 3001 3008
f 3000 2999 2998 2997 2996 2995 2994 2993
f 3001 3002 3003 3004 3005 3006 3007 3008
f 3009 3010 3018 3017
f 3010 3011 3019 3018
f 3011 3012 3020 3019
f 3012 3013 3021 3020
f 3013 3014 3022 3021
f 3014 3015 3023 3022
f 3015 3016 3024 3023
f 3016 3009 3017 3024
f 3016 3015 3014 3013 3012 3011 3010 3009
f 3017 3018 3019 3020 3021 3022 3023 3024
f 3025 3026 3034 3033
f 3026 3027 3035 3034
f 3027 3028 3036 3035
f 3028 3029 3037 3036
f 3029 3030 3038 3037
f 3030 3031 3039 3038
f 3031 3032 3040 3039
f 3032 3025 3033 3040
f 3032 3031 3030 3029 3028 3027 3026 3025
f 3033 3034 3035 3036 3037 3038 3039 3040
f 3041 3042 3050 3049
f 3042 3043 3051 3050
f 3043 3044 3052 3051
f 3044 3045 3053 3052
f 3045 3046 3054 3053
f 3046 3047 3055 3054
f 3047 3048 3056 3055
f 3048 3041 3049 3056
f 3048 3047 3046 3045 3044 3043 3042 3041
f 3049 3050 3051 3052 3053 3054 3055 3056
f 3057 3058 3066 3065
f 3058 3059 3067 3066
f 3059 3060 3068 3067
f 3060 3061 3069 3068
f 3061 3062 3070 3069
f 3062 3063 3071 3070
f 3063 3064 3072 3071
f 3064 3057 3065 3072
f 3064 3063 3062 3061 3060 3059 3058 3057
f 3065 3066 3067 3068 3069 3070 3071 3072
f 3073 3074 3082 3081
f 3074 3075 3083 3082
f 3075 3076 3084 3083
f 3076 3077 3085 3084
f 3077 3078 3086 3085
f 3078 3079 3087 3086
f 3079 3080 3088 3087
f 3080 3073 3081 3088
f 3080 3079 3078 3077 3076 3075 3074 3073
f 3081 3082 3083 3084 3085 3086 3087 3088
f 3089 3090 3098 3097
f 3090 3091 3099 3098
f 3091 3092 3100 3099
f 3092 3093 3101 3100
f 3093 3094 3102 3101
f 3094 3095 3103 3102
f 3095 3096 3104 3103
f 3096 3089 3097 3104
f 3096 3095 3094 3093 3092 3091 3090 3089
f 3097 3098 3099 3100 3101 3102 3103 3104
f 3105 3106 3114 3113
f 3106 3107 3115 3114
f 3107 3108 3116 3115
f 3108 3109 3117 3116
f 3109 3110 3118 3117
f 3110 3111 3119 3118
f 3111 3112 3120 3119
f 3112 3105 3113 3120
f 3112 3111 3110 3109 3108 3107 3106 3105
f 3113 3114 3115 3116 3117 3118 3119 3120
f 3121 3122 3130 3129
f 3122 3123 3131 3130
f 3123 3124 3132 3131
f 3124 3125 3133 3132
f 3125 3126 3134 3133
f 3126 3127 3135 3134
f 3127 3128 3136 3135
f 3128 3121 3129 3136
f 3128 3127 3126 3125 3124 3123 3122 3121
f 3129 3130 3131 3132 3133 3134 3135 3136
f 3137 3138 3146 3145
f 3138 3139 3147 3146
f 3139 3140 3148 3147
f 3140 3141 3149 3148
f 3141 3142 3150 3149
f 3142 3143 3151 3150
f 3143 3144 3152 3151
f 3144 3137 3145 3152
f 3144 3143 3142 3141 3140 3139 3138 3137
f 3145 3146 3147 3148 3149 3150 3151 3152
f 3153 3154 3162 3161
f 3154 3155 3163 3162
f 3155 3156 3164 3163
f 3156 3157 3165 3164
f 3157 3158 3166 3165
f 3158 3159 3167 3166
f 3159 3160 3168 3167
f 3160 3153 3161 3168
f 3160 3159 3158 3157 3156 3155 3154 3153
f 3161 3162 3163 3164 3165 3166 3167 3168
f 3169 3170 3178 3177
f 3170 3171 3179 3178
f 3171 3172 3180 3179
f 3172 3173 3181 3180
f 3173 3174 3182 3181
f 3174 3175 3183 3182
f 3175 3176 3184 3183
f 3176 3169 3177 3184
f 3176 3175 3174 3173 3172 3171 3170 3169
f 3177 3178 3179 3180 3181 3182 3183 3184
f 3185 3186 3194 3193
f 3186 3187 3195 3194
f 3187 3188 3196 3195
f 3188 3189 3197 3196
f 3189 3190 3198 3197
f 3190 3191 3199 3198
f 3191 3192 3200 3199
f 3192 3185 3193 3200
f 3192 3191 3190 3189 3188 3187 3186 3185
f 3193 3194 3195 3196 3197 3198 3199 3200
f 3201 3202 3210 3209
f 3202 3203 3211 3210
f 3203 3204 3212 3211
f 3204 3205 3213 3212
f 3205 3206 3214 3213
f 3206 3207 3215 3214
f 3207 3208 3216 3215
f 3208 3201 3209 3216
f 3208 3207 3206 3205 3204 3203 3202 3201
f 3209 3210 3211 3212 3213 3214 3215 3216
f 3217 3218 3226 3225
f 3218 3219 3227 3226
f 3219 3220 3228 3227
f 3220 3221 3229 3228
f 3221 3222 3230 3229
f 3222 3223 3231 3230
f 3223 3224 3232 3231
f 3224 3217 3225 3232
f 3224 3223 3222 3221 3220 3219 3218 3217
f 3225 3226 3227 3228 3229 3230 3231 3232
f 3233 3234 3242 3241
f 3234 3235 3243 3242
f 3235 3236 3244 3243
f 3236 3237 3245 3244
f 3237 3238 3246 3245
f 3238 3239 3247 3246
f 3239 3240 3248 3247
f 3240 3233 3241 3248
f 3240 3239 3238 3237 3236 3235 3234 3233
f 3241 3242 3243 3244 3245 3246 3247 3248
f 3249 3250 3258 3257
f 3250 3251 3259 3258
f 3251 3252 3260 3259
f 3252 3253 3261 3260
f 3253 3254 3262 3261
f 3254 3255 3263 3262
f 3255 3256 3264 3263
f 3256 3249 3257 3264
f 3256 3255 3254 3253 3252 3251 3250 3249
f 3257 3258 3259 3260 3261 3262 3263 3264
f 3265 3266 3274 3273
f 3266 3267 3275 3274
f 3267 3268 3276 3275
f 3268 3269 3277 3276
f 3269 3270 3278 3277
f 3270 3271 3279 3278
f 3271 3272 3280 3279
f 3272 3265 3273 3280
f 3272 3271 3270 3269 3268 3267 3266 3265
f 3273 3274 3275 3276 3277 3278 3279 3280
f 3281 3282 3290 3289
f 3282 3283 3291 3290
f 3283 3284 3292 3291
f 3284 3285 3293 3292
f 3285 3286 3294 3293
f 3286 3287 3295 3294
f 3287 3288 3296 3295
f 3288 3281 3289 3296
f 3288 3287 3286 3285 3284 3283 3282 3281
f 3289 3290 3291 3292 3293 3294 3295 3296
f 3297 3298 3306 3305
f 3298 3299 3307 3306
f 3299 3300 3308 3307
f 3300 3301 3309 3308
f 3301 3302 3310 3309
f 3302 3303 3311 3310
f 3303 3304 3312 3311
f 3304 3297 3305 3312
f 3304 3303 3302 3301 3300 3299 3298 3297
f 3305 3306 3307 3308 3309 3310 3311 3312
f 3313 3314 3322 3321
f 3314 3315 3323 3322
f 3315 3316 3324 3323
f 3316 3317 3325 3324
f 3317 3318 3326 3325
f 3318 3319 3327 3326
f 3319 3320 3328 3327
f 3320 3313 3321 3328
f 3320 3319 3318 3317 3316 3315 3314 3313
f 3321 3322 3323 3324 3325 3326 3327 3328
f 3329 3330 3338 3337
f 3330 3331 3339 3338
f 3331 3332 3340 3339
f 3332 3333 3341 3340
f 3333 3334 3342 3341
f 3334 3335 3343 3342
f 3335 3336 3344 3343
f 3336 3329 3337 3344
f 3336 3335 3334 3333 3332 3331 3330 3329
f 3337 3338 3339 3340 3341 3342 3343 3344
f 3345 3346 3354 3353
f 3346 3347 3355 3354
f 3347 3348 3356 3355
f 3348 3349 3357 3356
f 3349 3350 3358 3357
f 3350 3351 3359 3358
f 3351 3352 3360 3359
f 3352 3345 3353 3360
f 3352 3351 3350 3349 3348 3347 3346 3345
f 3353 3354 3355 3356 3357 3358 3359 3360
f 3361 3362 3370 3369
f 3362 3363 3371 3370
f 3363 3364 3372 3371
f 3364 3365 3373 3372
f 3365 3366 3374 3373
f 3366 3367 3375 3374
f 3367 3368 3376 3375
f 3368 3361 3369 3376
f 3368 3367 3366 3365 3364 3363 3362 3361
f 3369 3370 3371 3372 3373 3374 3375 3376
f 3377 3378 3386 3385
f 3378 3379 3387 3386
f 3379 3380 3388 3387
f 3380 3381 3389 3388
f 3381 3382 3390 3389
f 3382 3383 3391 3390
f 3383 3384 3392 3391
f 3384 3377 3385 3392
f 3384 3383 3382 3381 3380 3379 3378 3377
f 3385 3386 3387 3388 3389 3390 3391 3392
f 3393 3394 3402 3401
f 3394 3395 3403 3402
f 3395 3396 3404 3403
f 3396 3397 3405 3404
f 3397 3398 3406 3405
f 3398 3399 3407 3406
f 3399 3400 3408 3407
f 3400 3393 3401 3408
f 3400 3399 3398 3397 3396 3395 3394 3393
f 3401 3402 3403 3404 3405 3406 3407 3408
f 3409 3410 3418 3417
f 3410 3411 3419 3418
f 3411 3412 3420 3419
f 3412 3413 3421 3420
f 3413 3414 3422 3421
f 3414 3415 3423 3422
f 3415 3416 3424 3423
f 3416 3409 3417 3424
f 3416 3415 3414 3413 3412 3411 3410 3409
f 3417 3418 3419 3420 3421 3422 3423 3424
f 3425 3426 3434 3433
f 3426 3427 3435 3434
f 3427 3428 3436 3435
f 3428 3429 3437 3436
f 3429 3430 3438 3437
f 3430 3431 3439 3438
f 3431 3432 3440 3439
f 3432 3425 3433 3440
f 3432 3431 3430 3429 3428 3427 3426 3425
f 3433 3434 3435 3436 3437 3438 3439 3440
f 3441 3442 3450 3449
f 3442 3443 3451 3450
f 3443 3444 3452 3451
f 3444 3445 3453 3452
f 3445 3446 3454 3453
f 3446 3447 3455 3454
f 3447 3448 3456 3455
f 3448 3441 3449 3456
f 3448 3447 3446 3445 3444 3443 3442 3441
f 3449 3450 3451 3452 3453 3454 3455 3456
f 3457 3458 3466 3465
f 3458 3459 3467 3466
f 3459 3460 3468 3467
f 3460 3461 3469 3468
f 3461 3462 3470 3469
f 3462 3463 3471 3470
f 3463 3464 3472 3471
f 3464 3457 3465 3472
f 3464 3463 3462 3461 3460 3459 3458 3457
f 3465 3466 3467 3468 3469 3470 3471 3472
f 3473 3474 3482 3481
f 3474 3475 3483 3482
f 3475 3476 3484 3483
f 3476 3477 3485 3484
f 3477 3478 3486 3485
f 3478 3479 3487 3486
f 3479 3480 3488 3487
f 3480 3473 3481 3488
f 3480 3479 3478 3477 3476 3475 3474 3473
f 3481 3482 3483 3484 3485 3486 3487 3488
f 3489 3490 3498 3497
f 3490 3491 3499 3498
f 3491 3492 3500 3499
f 3492 3493 3501 3500
f 3493 3494 3502 3501
f 3494 3495 3503 3502
f 3495 3496 3504 3503
f 3496 3489 3497 3504
f 3496 3495 3494 3493 3492 3491 3490 3489
f 3497 3498 3499 3500 3501 3502 3503 3504
f 3505 3506 3514 3513
f 3506 3507 3515 3514
f 3507 3508 3516 3515
f 3508 3509 3517 3516
f 3509 3510 3518 3517
f 3510 3511 3519 3518
f 3511 3512 3520 3519
f 3512 3505 3513 3520
f 3512 3511 3510 3509 3508 3507 3506 3505
f 3513 3514 3515 3516 3517 3518 3519 3520
f 3521 3522 3530 3529
f 3522 3523 3531 3530
f 3523 3524 3532 3531
f 3524 3525 3533 3532
f 3525 3526 3534 3533
f 3526 3527 3535 3534
f 3527 3528 3536 3535
f 3528 3521 3529 3536
f 3528 3527 3526 3525 3524 3523 3522 3521
f 3529 3530 3531 3532 3533 3534 3535 3536
f 3537 3538 3546 3545
f 3538 3539 3547 3546
f 3539 3540 3548 3547
f 3540 3541 3549 3548
f 3541 3542 3550 3549
f 3542 3543 3551 3550
f 3543 3544 3552 3551
f 3544 3537 3545 3552
f 3544 3543 3542 3541 3540 3539 3538 3537
f 3545 3546 3547 3548 3549 3550 3551 3552
f 3553 3554 3562 3561
f 3554 3555 3563 3562
f 3555 3556 3564 3563
f 3556 3557 3565 3564
f 3557 3558 3566 3565
f 3558 3559 3567 3566
f 3559 3560 3568 3567
f 3560 3553 3561 3568
f 3560 3559 3558 3557 3556 3555 3554 3553
f 3561 3562 3563 3564 3565 3566 3567 3568
f 3569 3570 3578 3577
f 3570 3571 3579 3578
f 3571 3572 3580 3579
f 3572 3573 3581 3580
f 3573 3574 3582 3581
f 3574 3575 3583 3582
f 3575 3576 3584 3583
f 3576 3569 3577 3584
f 3576 3575 3574 3573 3572 3571 3570 3569
f 3577 3578 3579 3580 3581 3582 3583 3584
f 3585 3586 3594 3593
f 3586 3587 3595 3594
f 3587 3588 3596 3595
f 3588 3589 3597 3596
f 3589 3590 3598 3597
f 3590 3591 3599 3598
f 3591 3592 3600 3599
f 3592 3585 3593 3600
f 3592 3591 3590 3589 3588 3587 3586 3585
f 3593 3594 3595 3596 3597 3598 3599 3600
f 3601 3602 3610 3609
f 3602 3603 3611 3610
f 3603 3604 3612 3611
f 3604 3605 3613 3612
f 3605 3606 3614 3613
f 3606 3607 3615 3614
f 3607 3608 3616 3615
f 3608 3601 3609 3616
f 3608 3607 3606 3605 3604 3603 3602 3601
f 3609 3610 3611 3612 3613 3614 3615 3616
f 3617 3618 3626 3625
f 3618 3619 3627 3626
f 3619 3620 3628 3627
f 3620 3621 3629 3628
f 3621 3622 3630 3629
f 3622 3623 3631 3630
f 3623 3624 3632 3631
f 3624 3617 3625 3632
f 3624 3623 3622 3621 3620 3619 3618 3617
f 3625 3626 3627 3628 3629 3630 3631 3632
f 3633 3634 3642 3641
f 3634 3635 3643 3642
f 3635 3636 3644 3643
f 3636 3637 3645 3644
f 3637 3638 3646 3645
f 3638 3639 3647 3646
f 3639 3640 3648 3647
f 3640 3633 3641 3648
f 3640 3639 3638 3637 3636 3635 3634 3633
f 3641 3642 3643 3644 3645 3646 3647 3648
f 3649 3650 3658 3657
f 3650 3651 3659 3658
f 3651 3652 3660 3659
f 3652 3653 3661 3660
f 3653 3654 3662 3661
f 3654 3655 3663 3662
f 3655 3656 3664 3663
f 3656 3649 3657 3664
f 3656 3655 3654 3653 3652 3651 3650 3649
f 3657 3658 3659 3660 3661 3662 3663 3664
f 3665 3666 3674 3673
f 3666 3667 3675 3674
f 3667 3668 3676 3675
f 3668 3669 3677 3676
f 3669 3670 3678 3677
f 3670 3671 3679 3678
f 3671 3672 3680 3679
f 3672 3665 3673 3680
f 3672 3671 3670 3669 3668 3667 3666 3665
f 3673 3674 3675 3676 3677 3678 3679 3680
f 3681 3682 3690 3689
f 3682 3683 3691 3690
f 3683 3684 3692 3691
f 3684 3685 3693 3692
f 3685 3686 3694 3693
f 3686 3687 3695 3694
f 3687 3688 3696 3695
f 3688 3681 3689 3696
f 3688 3687 3686 3685 3684 3683 3682 3681
f 3689 3690 3691 3692 3693 3694 3695 3696
f 3697 3698 3706 3705
f 3698 3699 3707 3706
f 3699 3700 3708 3707
f 3700 3701 3709 3708
f 3701 3702 3710 3709
f 3702 3703 3711 3710
f 3703 3704 3712 3711
f 3704 3697 3705 3712
f 3704 3703 3702 3701 3700 3699 3698 3697
f 3705 3706 3707 3708 3709 3710 3711 3712
f 3713 3714 3722 3721
f 3714 3715 3723 3722
f 3715 3716 3724 3723
f 3716 3717 3725 3724
f 3717 3718 3726 3725
f 3718 3719 3727 3726
f 3719 3720 3728 3727
f 3720 3713 3721 3728
f 3720 3719 3718 3717 3716 3715 3714 3713
f 3721 3722 3723 3724 3725 3726 3727 3728
f 3729 3730 3738 3737
f 3730 3731 3739 3738
f 3731 3732 3740 3739
f 3732 3733 3741 3740
f 3733 3734 3742 3741
f 3734 3735 3743 3742
f 3735 3736 3744 3743
f 3736 3729 3737 3744
f 3736 3735 3734 3733 3732 3731 3730 3729
f 3737 3738 3739 3740 3741 3742 3743 3744
f 3745 3746 3754 3753
f 3746 3747 3755 3754
f 3747 3748 3756 3755
f 3748 3749 3757 3756
f 3749 3750 3758 3757
f 3750 3751 3759 3758
f 3751 3752 3760 3759
f 3752 3745 3753 3760
f 3752 3751 3750 3749 3748 3747 3746 3745
f 3753 3754 3755 3756 3757 3758 3759 3760
f 3761 3762 3770 3769
f 3762 3763 3771 3770
f 3763 3764 3772 3771
f 3764 3765 3773 3772
f 3765 3766 3774 3773
f 3766 3767 3775 3774
f 3767 3768 3776 3775
f 3768 3761 3769 3776
f 3768 3767 3766 3765 3764 3763 3762 3761
f 3769 3770 3771 3772 3773 3774 3775 3776
f 3777 3778 3786 3785
f 3778 3779 3787 3786
f 3779 3780 3788 3787
f 3780 3781 3789 3788
f 3781 3782 3790 3789
f 3782 3783 3791 3790
f 3783 3784 3792 3791
f 3784 3777 3785 3792
f 3784 3783 3782 3781 3780 3779 3778 3777
f 3785 3786 3787 3788 3789 3790 3791 3792
f 3793 3794 3802 3801
f 3794 3795 3803 3802
f 3795 3796 3804 3803
f 3796 3797 3805 3804
f 3797 3798 3806 3805
f 3798 3799 3807 3806
f 3799 3800 3808 3807
f 3800 3793 3801 3808
f 3800 3799 3798 3797 3796 3795 3794 3793
f 3801 3802 3803 3804 3805 3806 3807 3808
f 3809 3810 3818 3817
f 3810 3811 3819 3818
f 3811 3812 3820 3819
f 3812 3813 3821 3820
f 3813 3814 3822 3821
f 3814 3815 3823 3822
f 3815 3816 3824 3823
f 3816 3809 3817 3824
f 3816 3815 3814 3813 3812 3811 3810 3809
f 3817 3818 3819 3820 3821 3822 3823 3824
f 3825 3826 3834 3833
f 3826 3827 3835 3834
f 3827 3828 3836 3835
f 3828 3829 3837 3836
f 3829 3830 3838 3837
f 3830 3831 3839 3838
f 3831 3832 3840 3839
f 3832 3825 3833 3840
f 3832 3831 3830 3829 3828 3827 3826 3825
f 3833 3834 3835 3836 3837 3838 3839 3840
f 3841 3842 3850 3849
f 3842 3843 3851 3850
f 3843 3844 3852 3851
f 3844 3845 3853 3852
f 3845 3846 3854 3853
f 3846 3847 3855 3854
f 3847 3848 3856 3855
f 3848 3841 3849 3856
f 3848 3847 3846 3845 3844 3843 3842 3841
f 3849 3850 3851 3852 3853 3854 3855 3856
f 3857 3858 3866 3865
f 3858 3859 3867 3866
f 3859 3860 3868 3867
f 3860 3861 3869 3868
f 3861 3862 3870 3869
f 3862 3863 3871 3870
f 3863 3864 3872 3871
f 3864 3857 3865 3872
f 3864 3863 3862 3861 3860 3859 3858 3857
f 3865 3866 3867 3868 3869 3870 3871 3872
f 3873 3874 3882 3881
f 3874 3875 3883 3882
f 3875 3876 3884 3883
f 3876 3877 3885 3884
f 3877 3878 3886 3885
f 3878 3879 3887 3886
f 3879 3880 3888 3887
f 3880 3873 3881 3888
f 3880 3879 3878 3877 3876 3875 3874 3873
f 3881 3882 3883 3884 3885 3886 3887 3888
f 3889 3890 3898 3897
f 3890 3891 3899 3898
f 3891 3892 3900 3899
f 3892 3893 3901 3900
f 3893 3894 3902 3901
f 3894 3895 3903 3902
f 3895 3896 3904 3903
f 3896 3889 3897 3904
f 3896 3895 3894 3893 3892 3891 3890 3889
f 3897 3898 3899 3900 3901 3902 3903 3904
f 3905 3906 3914 3913
f 3906 3907 3915 3914
f 3907 3908 3916 3915
f 3908 3909 3917 3916
f 3909 3910 3918 3917
f 3910 3911 3919 3918
f 3911 3912 3920 3919
f 3912 3905 3913 3920
f 3912 3911 3910 3909 3908 3907 3906 3905
f 3913 3914 3915 3916 3917 3918 3919 3920
f 3921 3922 3930 3929
f 3922 3923 3931 3930
f 3923 3924 3932 3931
f 3924 3925 3933 3932
f 3925 3926 3934 3933
f 3926 3927 3935 3934
f 3927 3928 3936 3935
f 3928 3921 3929 3936
f 3928 3927 3926 3925 3924 3923 3922 3921
f 3929 3930 3931 3932 3933 3934 3935 3936
f 3937 3938 3946 3945
f 3938 3939 3947 3946
f 3939 3940 3948 3947
f 3940 3941 3949 3948
f 3941 3942 3950 3949
f 3942 3943 3951 3950
f 3943 3944 3952 3951
f 3944 3937 3945 3952
f 3944 3943 3942 3941 3940 3939 3938 3937
f 3945 3946 3947 3948 3949 3950 3951 3952
f 3953 3954 3962 3961
f 3954 3955 3963 3962
f 3955 3956 3964 3963
f 3956 3957 3965 3964
f 3957 3958 3966 3965
f 3958 3959 3967 3966
f 3959 3960 3968 3967
f 3960 3953 3961 3968
f 3960 3959 3958 3957 3956 3955 3954 3953
f 3961 3962 3963 3964 3965 3966 3967 3968
f 3969 3970 3978 3977
f 3970 3971 3979 3978
f 3971 3972 3980 3979
f 3972 3973 3981 3980
f 3973 3974 3982 3981
f 3974 3975 3983 3982
f 3975 3976 3984 3983
f 3976 3969 3977 3984
f 3976 3975 3974 3973 3972 3971 3970 3969
f 3977 3978 3979 3980 3981 3982 3983 3984
f 3985 3986 3994 3993
f 3986 3987 3995 3994
f 3987 3988 3996 3995
f 3988 3989 3997 3996
f 3989 3990 3998 3997
f 3990 3991 3999 3998
f 3991 3992 4000 3999
f 3992 3985 3993 4000
f 3992 3991 3990 3989 3988 3987 3986 3985
f 3993 3994 3995 3996 3997 3998 3999 4000
f 4001 4002 4010 4009
f 4002 4003 4011 4010
f 4003 4004 4012 4011
f 4004 4005 4013 4012
f 4005 4006 4014 4013
f 4006 4007 4015 4014
f 4007 4008 4016 4015
f 4008 4001 4009 4016
f 4008 4007 4006 4005 4004 4003 4002 4001
f 4009 4010 4011 4012 4013 4014 4015 4016
f 4017 4018 4026 4025
f 4018 4019 4027 4026
f 4019 4020 4028 4027
f 4020 4021 4029 4028
f 4021 4022 4030 4029
f 4022 4023 4031 4030
f 4023 4024 4032 4031
f 4024 4017 4025 4032
f 4024 4023 4022 4021 4020 4019 4018 4017
f 4025 4026 4027 4028 4029 4030 4031 4032
f 4033 4034 4042 4041
f 4034 4035 4043 4042
f 4035 4036 4044 4043
f 4036 4037 4045 4044
f 4037 4038 4046 4045
f 4038 4039 4047 4046
f 4039 4040 4048 4047
f 4040 4033 4041 4048
f 4040 4039 4038 4037 4036 4035 4034 4033
f 4041 4042 4043 4044 4045 4046 4047 4048
g VD_Spire_M_Spire_BareMetal
usemtl M_Spire_BareMetal
s 1
f 4049 4050 4058 4057
f 4050 4051 4059 4058
f 4051 4052 4060 4059
f 4052 4053 4061 4060
f 4053 4054 4062 4061
f 4054 4055 4063 4062
f 4055 4056 4064 4063
f 4056 4049 4057 4064
f 4056 4055 4054 4053 4052 4051 4050 4049
f 4057 4058 4059 4060 4061 4062 4063 4064
f 4065 4066 4074 4073
f 4066 4067 4075 4074
f 4067 4068 4076 4075
f 4068 4069 4077 4076
f 4069 4070 4078 4077
f 4070 4071 4079 4078
f 4071 4072 4080 4079
f 4072 4065 4073 4080
f 4072 4071 4070 4069 4068 4067 4066 4065
f 4073 4074 4075 4076 4077 4078 4079 4080
f 4081 4082 4090 4089
f 4082 4083 4091 4090
f 4083 4084 4092 4091
f 4084 4085 4093 4092
f 4085 4086 4094 4093
f 4086 4087 4095 4094
f 4087 4088 4096 4095
f 4088 4081 4089 4096
f 4088 4087 4086 4085 4084 4083 4082 4081
f 4089 4090 4091 4092 4093 4094 4095 4096
f 4097 4098 4106 4105
f 4098 4099 4107 4106
f 4099 4100 4108 4107
f 4100 4101 4109 4108
f 4101 4102 4110 4109
f 4102 4103 4111 4110
f 4103 4104 4112 4111
f 4104 4097 4105 4112
f 4104 4103 4102 4101 4100 4099 4098 4097
f 4105 4106 4107 4108 4109 4110 4111 4112
f 4113 4114 4122 4121
f 4114 4115 4123 4122
f 4115 4116 4124 4123
f 4116 4117 4125 4124
f 4117 4118 4126 4125
f 4118 4119 4127 4126
f 4119 4120 4128 4127
f 4120 4113 4121 4128
f 4120 4119 4118 4117 4116 4115 4114 4113
f 4121 4122 4123 4124 4125 4126 4127 4128
f 4129 4130 4138 4137
f 4130 4131 4139 4138
f 4131 4132 4140 4139
f 4132 4133 4141 4140
f 4133 4134 4142 4141
f 4134 4135 4143 4142
f 4135 4136 4144 4143
f 4136 4129 4137 4144
f 4136 4135 4134 4133 4132 4131 4130 4129
f 4137 4138 4139 4140 4141 4142 4143 4144
f 4145 4146 4154 4153
f 4146 4147 4155 4154
f 4147 4148 4156 4155
f 4148 4149 4157 4156
f 4149 4150 4158 4157
f 4150 4151 4159 4158
f 4151 4152 4160 4159
f 4152 4145 4153 4160
f 4152 4151 4150 4149 4148 4147 4146 4145
f 4153 4154 4155 4156 4157 4158 4159 4160
f 4161 4162 4170 4169
f 4162 4163 4171 4170
f 4163 4164 4172 4171
f 4164 4165 4173 4172
f 4165 4166 4174 4173
f 4166 4167 4175 4174
f 4167 4168 4176 4175
f 4168 4161 4169 4176
f 4168 4167 4166 4165 4164 4163 4162 4161
f 4169 4170 4171 4172 4173 4174 4175 4176
f 4177 4178 4186 4185
f 4178 4179 4187 4186
f 4179 4180 4188 4187
f 4180 4181 4189 4188
f 4181 4182 4190 4189
f 4182 4183 4191 4190
f 4183 4184 4192 4191
f 4184 4177 4185 4192
f 4184 4183 4182 4181 4180 4179 4178 4177
f 4185 4186 4187 4188 4189 4190 4191 4192
f 4193 4194 4202 4201
f 4194 4195 4203 4202
f 4195 4196 4204 4203
f 4196 4197 4205 4204
f 4197 4198 4206 4205
f 4198 4199 4207 4206
f 4199 4200 4208 4207
f 4200 4193 4201 4208
f 4200 4199 4198 4197 4196 4195 4194 4193
f 4201 4202 4203 4204 4205 4206 4207 4208
f 4209 4210 4218 4217
f 4210 4211 4219 4218
f 4211 4212 4220 4219
f 4212 4213 4221 4220
f 4213 4214 4222 4221
f 4214 4215 4223 4222
f 4215 4216 4224 4223
f 4216 4209 4217 4224
f 4216 4215 4214 4213 4212 4211 4210 4209
f 4217 4218 4219 4220 4221 4222 4223 4224
f 4225 4226 4234 4233
f 4226 4227 4235 4234
f 4227 4228 4236 4235
f 4228 4229 4237 4236
f 4229 4230 4238 4237
f 4230 4231 4239 4238
f 4231 4232 4240 4239
f 4232 4225 4233 4240
f 4232 4231 4230 4229 4228 4227 4226 4225
f 4233 4234 4235 4236 4237 4238 4239 4240
f 4241 4242 4250 4249
f 4242 4243 4251 4250
f 4243 4244 4252 4251
f 4244 4245 4253 4252
f 4245 4246 4254 4253
f 4246 4247 4255 4254
f 4247 4248 4256 4255
f 4248 4241 4249 4256
f 4248 4247 4246 4245 4244 4243 4242 4241
f 4249 4250 4251 4252 4253 4254 4255 4256
f 4257 4258 4266 4265
f 4258 4259 4267 4266
f 4259 4260 4268 4267
f 4260 4261 4269 4268
f 4261 4262 4270 4269
f 4262 4263 4271 4270
f 4263 4264 4272 4271
f 4264 4257 4265 4272
f 4264 4263 4262 4261 4260 4259 4258 4257
f 4265 4266 4267 4268 4269 4270 4271 4272
f 4273 4274 4282 4281
f 4274 4275 4283 4282
f 4275 4276 4284 4283
f 4276 4277 4285 4284
f 4277 4278 4286 4285
f 4278 4279 4287 4286
f 4279 4280 4288 4287
f 4280 4273 4281 4288
f 4280 4279 4278 4277 4276 4275 4274 4273
f 4281 4282 4283 4284 4285 4286 4287 4288
f 4289 4290 4298 4297
f 4290 4291 4299 4298
f 4291 4292 4300 4299
f 4292 4293 4301 4300
f 4293 4294 4302 4301
f 4294 4295 4303 4302
f 4295 4296 4304 4303
f 4296 4289 4297 4304
f 4296 4295 4294 4293 4292 4291 4290 4289
f 4297 4298 4299 4300 4301 4302 4303 4304
f 4305 4306 4314 4313
f 4306 4307 4315 4314
f 4307 4308 4316 4315
f 4308 4309 4317 4316
f 4309 4310 4318 4317
f 4310 4311 4319 4318
f 4311 4312 4320 4319
f 4312 4305 4313 4320
f 4312 4311 4310 4309 4308 4307 4306 4305
f 4313 4314 4315 4316 4317 4318 4319 4320
f 4321 4322 4330 4329
f 4322 4323 4331 4330
f 4323 4324 4332 4331
f 4324 4325 4333 4332
f 4325 4326 4334 4333
f 4326 4327 4335 4334
f 4327 4328 4336 4335
f 4328 4321 4329 4336
f 4328 4327 4326 4325 4324 4323 4322 4321
f 4329 4330 4331 4332 4333 4334 4335 4336
f 4337 4338 4346 4345
f 4338 4339 4347 4346
f 4339 4340 4348 4347
f 4340 4341 4349 4348
f 4341 4342 4350 4349
f 4342 4343 4351 4350
f 4343 4344 4352 4351
f 4344 4337 4345 4352
f 4344 4343 4342 4341 4340 4339 4338 4337
f 4345 4346 4347 4348 4349 4350 4351 4352
f 4353 4354 4364 4363
f 4354 4355 4365 4364
f 4355 4356 4366 4365
f 4356 4357 4367 4366
f 4357 4358 4368 4367
f 4358 4359 4369 4368
f 4359 4360 4370 4369
f 4360 4361 4371 4370
f 4361 4362 4372 4371
f 4362 4353 4363 4372
f 4362 4361 4360 4359 4358 4357 4356 4355 4354 4353
f 4363 4364 4365 4366 4367 4368 4369 4370 4371 4372
f 4373 4374 4382 4381
f 4374 4375 4383 4382
f 4375 4376 4384 4383
f 4376 4377 4385 4384
f 4377 4378 4386 4385
f 4378 4379 4387 4386
f 4379 4380 4388 4387
f 4380 4373 4381 4388
f 4380 4379 4378 4377 4376 4375 4374 4373
f 4381 4382 4383 4384 4385 4386 4387 4388
g VD_Spire_M_Spire_ServicePanel
usemtl M_Spire_ServicePanel
s 1
f 4389 4390 4402 4401
f 4390 4391 4403 4402
f 4391 4392 4404 4403
f 4392 4393 4405 4404
f 4393 4394 4406 4405
f 4394 4395 4407 4406
f 4395 4396 4408 4407
f 4396 4397 4409 4408
f 4397 4398 4410 4409
f 4398 4399 4411 4410
f 4399 4400 4412 4411
f 4400 4389 4401 4412
f 4400 4399 4398 4397 4396 4395 4394 4393 4392 4391 4390 4389
f 4401 4402 4403 4404 4405 4406 4407 4408 4409 4410 4411 4412
g VD_Spire_M_Spire_BareMetal
usemtl M_Spire_BareMetal
s 1
f 4413 4414 4424 4423
f 4414 4415 4425 4424
f 4415 4416 4426 4425
f 4416 4417 4427 4426
f 4417 4418 4428 4427
f 4418 4419 4429 4428
f 4419 4420 4430 4429
f 4420 4421 4431 4430
f 4421 4422 4432 4431
f 4422 4413 4423 4432
f 4422 4421 4420 4419 4418 4417 4416 4415 4414 4413
f 4423 4424 4425 4426 4427 4428 4429 4430 4431 4432
f 4433 4434 4442 4441
f 4434 4435 4443 4442
f 4435 4436 4444 4443
f 4436 4437 4445 4444
f 4437 4438 4446 4445
f 4438 4439 4447 4446
f 4439 4440 4448 4447
f 4440 4433 4441 4448
f 4440 4439 4438 4437 4436 4435 4434 4433
f 4441 4442 4443 4444 4445 4446 4447 4448
g VD_Spire_M_Spire_ServicePanel
usemtl M_Spire_ServicePanel
s 1
f 4449 4450 4462 4461
f 4450 4451 4463 4462
f 4451 4452 4464 4463
f 4452 4453 4465 4464
f 4453 4454 4466 4465
f 4454 4455 4467 4466
f 4455 4456 4468 4467
f 4456 4457 4469 4468
f 4457 4458 4470 4469
f 4458 4459 4471 4470
f 4459 4460 4472 4471
f 4460 4449 4461 4472
f 4460 4459 4458 4457 4456 4455 4454 4453 4452 4451 4450 4449
f 4461 4462 4463 4464 4465 4466 4467 4468 4469 4470 4471 4472
g VD_Spire_M_Spire_BareMetal
usemtl M_Spire_BareMetal
s 1
f 4473 4474 4484 4483
f 4474 4475 4485 4484
f 4475 4476 4486 4485
f 4476 4477 4487 4486
f 4477 4478 4488 4487
f 4478 4479 4489 4488
f 4479 4480 4490 4489
f 4480 4481 4491 4490
f 4481 4482 4492 4491
f 4482 4473 4483 4492
f 4482 4481 4480 4479 4478 4477 4476 4475 4474 4473
f 4483 4484 4485 4486 4487 4488 4489 4490 4491 4492
f 4493 4494 4502 4501
f 4494 4495 4503 4502
f 4495 4496 4504 4503
f 4496 4497 4505 4504
f 4497 4498 4506 4505
f 4498 4499 4507 4506
f 4499 4500 4508 4507
f 4500 4493 4501 4508
f 4500 4499 4498 4497 4496 4495 4494 4493
f 4501 4502 4503 4504 4505 4506 4507 4508
g VD_Spire_M_Spire_ServicePanel
usemtl M_Spire_ServicePanel
s 1
f 4509 4510 4522 4521
f 4510 4511 4523 4522
f 4511 4512 4524 4523
f 4512 4513 4525 4524
f 4513 4514 4526 4525
f 4514 4515 4527 4526
f 4515 4516 4528 4527
f 4516 4517 4529 4528
f 4517 4518 4530 4529
f 4518 4519 4531 4530
f 4519 4520 4532 4531
f 4520 4509 4521 4532
f 4520 4519 4518 4517 4516 4515 4514 4513 4512 4511 4510 4509
f 4521 4522 4523 4524 4525 4526 4527 4528 4529 4530 4531 4532
g VD_Spire_M_Spire_BareMetal
usemtl M_Spire_BareMetal
s 1
f 4533 4534 4544 4543
f 4534 4535 4545 4544
f 4535 4536 4546 4545
f 4536 4537 4547 4546
f 4537 4538 4548 4547
f 4538 4539 4549 4548
f 4539 4540 4550 4549
f 4540 4541 4551 4550
f 4541 4542 4552 4551
f 4542 4533 4543 4552
f 4542 4541 4540 4539 4538 4537 4536 4535 4534 4533
f 4543 4544 4545 4546 4547 4548 4549 4550 4551 4552
f 4553 4554 4562 4561
f 4554 4555 4563 4562
f 4555 4556 4564 4563
f 4556 4557 4565 4564
f 4557 4558 4566 4565
f 4558 4559 4567 4566
f 4559 4560 4568 4567
f 4560 4553 4561 4568
f 4560 4559 4558 4557 4556 4555 4554 4553
f 4561 4562 4563 4564 4565 4566 4567 4568
g VD_Spire_M_Spire_ServicePanel
usemtl M_Spire_ServicePanel
s 1
f 4569 4570 4582 4581
f 4570 4571 4583 4582
f 4571 4572 4584 4583
f 4572 4573 4585 4584
f 4573 4574 4586 4585
f 4574 4575 4587 4586
f 4575 4576 4588 4587
f 4576 4577 4589 4588
f 4577 4578 4590 4589
f 4578 4579 4591 4590
f 4579 4580 4592 4591
f 4580 4569 4581 4592
f 4580 4579 4578 4577 4576 4575 4574 4573 4572 4571 4570 4569
f 4581 4582 4583 4584 4585 4586 4587 4588 4589 4590 4591 4592
g VD_Spire_M_Spire_BareMetal
usemtl M_Spire_BareMetal
s 1
f 4593 4594 4610 4609
f 4594 4595 4611 4610
f 4595 4596 4612 4611
f 4596 4597 4613 4612
f 4597 4598 4614 4613
f 4598 4599 4615 4614
f 4599 4600 4616 4615
f 4600 4601 4617 4616
f 4601 4602 4618 4617
f 4602 4603 4619 4618
f 4603 4604 4620 4619
f 4604 4605 4621 4620
f 4605 4606 4622 4621
f 4606 4607 4623 4622
f 4607 4608 4624 4623
f 4608 4593 4609 4624
f 4608 4607 4606 4605 4604 4603 4602 4601 4600 4599 4598 4597 4596 4595 4594 4593
f 4609 4610 4611 4612 4613 4614 4615 4616 4617 4618 4619 4620 4621 4622 4623 4624
g VD_Spire_M_Spire_Fastener
usemtl M_Spire_Fastener
s 1
f 4625 4626 4634 4633
f 4626 4627 4635 4634
f 4627 4628 4636 4635
f 4628 4629 4637 4636
f 4629 4630 4638 4637
f 4630 4631 4639 4638
f 4631 4632 4640 4639
f 4632 4625 4633 4640
f 4632 4631 4630 4629 4628 4627 4626 4625
f 4633 4634 4635 4636 4637 4638 4639 4640
f 4641 4642 4650 4649
f 4642 4643 4651 4650
f 4643 4644 4652 4651
f 4644 4645 4653 4652
f 4645 4646 4654 4653
f 4646 4647 4655 4654
f 4647 4648 4656 4655
f 4648 4641 4649 4656
f 4648 4647 4646 4645 4644 4643 4642 4641
f 4649 4650 4651 4652 4653 4654 4655 4656
f 4657 4658 4666 4665
f 4658 4659 4667 4666
f 4659 4660 4668 4667
f 4660 4661 4669 4668
f 4661 4662 4670 4669
f 4662 4663 4671 4670
f 4663 4664 4672 4671
f 4664 4657 4665 4672
f 4664 4663 4662 4661 4660 4659 4658 4657
f 4665 4666 4667 4668 4669 4670 4671 4672
f 4673 4674 4682 4681
f 4674 4675 4683 4682
f 4675 4676 4684 4683
f 4676 4677 4685 4684
f 4677 4678 4686 4685
f 4678 4679 4687 4686
f 4679 4680 4688 4687
f 4680 4673 4681 4688
f 4680 4679 4678 4677 4676 4675 4674 4673
f 4681 4682 4683 4684 4685 4686 4687 4688
f 4689 4690 4698 4697
f 4690 4691 4699 4698
f 4691 4692 4700 4699
f 4692 4693 4701 4700
f 4693 4694 4702 4701
f 4694 4695 4703 4702
f 4695 4696 4704 4703
f 4696 4689 4697 4704
f 4696 4695 4694 4693 4692 4691 4690 4689
f 4697 4698 4699 4700 4701 4702 4703 4704
f 4705 4706 4714 4713
f 4706 4707 4715 4714
f 4707 4708 4716 4715
f 4708 4709 4717 4716
f 4709 4710 4718 4717
f 4710 4711 4719 4718
f 4711 4712 4720 4719
f 4712 4705 4713 4720
f 4712 4711 4710 4709 4708 4707 4706 4705
f 4713 4714 4715 4716 4717 4718 4719 4720
f 4721 4722 4730 4729
f 4722 4723 4731 4730
f 4723 4724 4732 4731
f 4724 4725 4733 4732
f 4725 4726 4734 4733
f 4726 4727 4735 4734
f 4727 4728 4736 4735
f 4728 4721 4729 4736
f 4728 4727 4726 4725 4724 4723 4722 4721
f 4729 4730 4731 4732 4733 4734 4735 4736
f 4737 4738 4746 4745
f 4738 4739 4747 4746
f 4739 4740 4748 4747
f 4740 4741 4749 4748
f 4741 4742 4750 4749
f 4742 4743 4751 4750
f 4743 4744 4752 4751
f 4744 4737 4745 4752
f 4744 4743 4742 4741 4740 4739 4738 4737
f 4745 4746 4747 4748 4749 4750 4751 4752
f 4753 4754 4762 4761
f 4754 4755 4763 4762
f 4755 4756 4764 4763
f 4756 4757 4765 4764
f 4757 4758 4766 4765
f 4758 4759 4767 4766
f 4759 4760 4768 4767
f 4760 4753 4761 4768
f 4760 4759 4758 4757 4756 4755 4754 4753
f 4761 4762 4763 4764 4765 4766 4767 4768
f 4769 4770 4778 4777
f 4770 4771 4779 4778
f 4771 4772 4780 4779
f 4772 4773 4781 4780
f 4773 4774 4782 4781
f 4774 4775 4783 4782
f 4775 4776 4784 4783
f 4776 4769 4777 4784
f 4776 4775 4774 4773 4772 4771 4770 4769
f 4777 4778 4779 4780 4781 4782 4783 4784
f 4785 4786 4794 4793
f 4786 4787 4795 4794
f 4787 4788 4796 4795
f 4788 4789 4797 4796
f 4789 4790 4798 4797
f 4790 4791 4799 4798
f 4791 4792 4800 4799
f 4792 4785 4793 4800
f 4792 4791 4790 4789 4788 4787 4786 4785
f 4793 4794 4795 4796 4797 4798 4799 4800
f 4801 4802 4810 4809
f 4802 4803 4811 4810
f 4803 4804 4812 4811
f 4804 4805 4813 4812
f 4805 4806 4814 4813
f 4806 4807 4815 4814
f 4807 4808 4816 4815
f 4808 4801 4809 4816
f 4808 4807 4806 4805 4804 4803 4802 4801
f 4809 4810 4811 4812 4813 4814 4815 4816
f 4817 4818 4826 4825
f 4818 4819 4827 4826
f 4819 4820 4828 4827
f 4820 4821 4829 4828
f 4821 4822 4830 4829
f 4822 4823 4831 4830
f 4823 4824 4832 4831
f 4824 4817 4825 4832
f 4824 4823 4822 4821 4820 4819 4818 4817
f 4825 4826 4827 4828 4829 4830 4831 4832
f 4833 4834 4842 4841
f 4834 4835 4843 4842
f 4835 4836 4844 4843
f 4836 4837 4845 4844
f 4837 4838 4846 4845
f 4838 4839 4847 4846
f 4839 4840 4848 4847
f 4840 4833 4841 4848
f 4840 4839 4838 4837 4836 4835 4834 4833
f 4841 4842 4843 4844 4845 4846 4847 4848
f 4849 4850 4858 4857
f 4850 4851 4859 4858
f 4851 4852 4860 4859
f 4852 4853 4861 4860
f 4853 4854 4862 4861
f 4854 4855 4863 4862
f 4855 4856 4864 4863
f 4856 4849 4857 4864
f 4856 4855 4854 4853 4852 4851 4850 4849
f 4857 4858 4859 4860 4861 4862 4863 4864
f 4865 4866 4874 4873
f 4866 4867 4875 4874
f 4867 4868 4876 4875
f 4868 4869 4877 4876
f 4869 4870 4878 4877
f 4870 4871 4879 4878
f 4871 4872 4880 4879
f 4872 4865 4873 4880
f 4872 4871 4870 4869 4868 4867 4866 4865
f 4873 4874 4875 4876 4877 4878 4879 4880
f 4881 4882 4890 4889
f 4882 4883 4891 4890
f 4883 4884 4892 4891
f 4884 4885 4893 4892
f 4885 4886 4894 4893
f 4886 4887 4895 4894
f 4887 4888 4896 4895
f 4888 4881 4889 4896
f 4888 4887 4886 4885 4884 4883 4882 4881
f 4889 4890 4891 4892 4893 4894 4895 4896
f 4897 4898 4906 4905
f 4898 4899 4907 4906
f 4899 4900 4908 4907
f 4900 4901 4909 4908
f 4901 4902 4910 4909
f 4902 4903 4911 4910
f 4903 4904 4912 4911
f 4904 4897 4905 4912
f 4904 4903 4902 4901 4900 4899 4898 4897
f 4905 4906 4907 4908 4909 4910 4911 4912
f 4913 4914 4922 4921
f 4914 4915 4923 4922
f 4915 4916 4924 4923
f 4916 4917 4925 4924
f 4917 4918 4926 4925
f 4918 4919 4927 4926
f 4919 4920 4928 4927
f 4920 4913 4921 4928
f 4920 4919 4918 4917 4916 4915 4914 4913
f 4921 4922 4923 4924 4925 4926 4927 4928
f 4929 4930 4938 4937
f 4930 4931 4939 4938
f 4931 4932 4940 4939
f 4932 4933 4941 4940
f 4933 4934 4942 4941
f 4934 4935 4943 4942
f 4935 4936 4944 4943
f 4936 4929 4937 4944
f 4936 4935 4934 4933 4932 4931 4930 4929
f 4937 4938 4939 4940 4941 4942 4943 4944
f 4945 4946 4954 4953
f 4946 4947 4955 4954
f 4947 4948 4956 4955
f 4948 4949 4957 4956
f 4949 4950 4958 4957
f 4950 4951 4959 4958
f 4951 4952 4960 4959
f 4952 4945 4953 4960
f 4952 4951 4950 4949 4948 4947 4946 4945
f 4953 4954 4955 4956 4957 4958 4959 4960
f 4961 4962 4970 4969
f 4962 4963 4971 4970
f 4963 4964 4972 4971
f 4964 4965 4973 4972
f 4965 4966 4974 4973
f 4966 4967 4975 4974
f 4967 4968 4976 4975
f 4968 4961 4969 4976
f 4968 4967 4966 4965 4964 4963 4962 4961
f 4969 4970 4971 4972 4973 4974 4975 4976
f 4977 4978 4986 4985
f 4978 4979 4987 4986
f 4979 4980 4988 4987
f 4980 4981 4989 4988
f 4981 4982 4990 4989
f 4982 4983 4991 4990
f 4983 4984 4992 4991
f 4984 4977 4985 4992
f 4984 4983 4982 4981 4980 4979 4978 4977
f 4985 4986 4987 4988 4989 4990 4991 4992
f 4993 4994 5002 5001
f 4994 4995 5003 5002
f 4995 4996 5004 5003
f 4996 4997 5005 5004
f 4997 4998 5006 5005
f 4998 4999 5007 5006
f 4999 5000 5008 5007
f 5000 4993 5001 5008
f 5000 4999 4998 4997 4996 4995 4994 4993
f 5001 5002 5003 5004 5005 5006 5007 5008
f 5009 5010 5018 5017
f 5010 5011 5019 5018
f 5011 5012 5020 5019
f 5012 5013 5021 5020
f 5013 5014 5022 5021
f 5014 5015 5023 5022
f 5015 5016 5024 5023
f 5016 5009 5017 5024
f 5016 5015 5014 5013 5012 5011 5010 5009
f 5017 5018 5019 5020 5021 5022 5023 5024
f 5025 5026 5034 5033
f 5026 5027 5035 5034
f 5027 5028 5036 5035
f 5028 5029 5037 5036
f 5029 5030 5038 5037
f 5030 5031 5039 5038
f 5031 5032 5040 5039
f 5032 5025 5033 5040
f 5032 5031 5030 5029 5028 5027 5026 5025
f 5033 5034 5035 5036 5037 5038 5039 5040
f 5041 5042 5050 5049
f 5042 5043 5051 5050
f 5043 5044 5052 5051
f 5044 5045 5053 5052
f 5045 5046 5054 5053
f 5046 5047 5055 5054
f 5047 5048 5056 5055
f 5048 5041 5049 5056
f 5048 5047 5046 5045 5044 5043 5042 5041
f 5049 5050 5051 5052 5053 5054 5055 5056
f 5057 5058 5066 5065
f 5058 5059 5067 5066
f 5059 5060 5068 5067
f 5060 5061 5069 5068
f 5061 5062 5070 5069
f 5062 5063 5071 5070
f 5063 5064 5072 5071
f 5064 5057 5065 5072
f 5064 5063 5062 5061 5060 5059 5058 5057
f 5065 5066 5067 5068 5069 5070 5071 5072
f 5073 5074 5082 5081
f 5074 5075 5083 5082
f 5075 5076 5084 5083
f 5076 5077 5085 5084
f 5077 5078 5086 5085
f 5078 5079 5087 5086
f 5079 5080 5088 5087
f 5080 5073 5081 5088
f 5080 5079 5078 5077 5076 5075 5074 5073
f 5081 5082 5083 5084 5085 5086 5087 5088
f 5089 5090 5098 5097
f 5090 5091 5099 5098
f 5091 5092 5100 5099
f 5092 5093 5101 5100
f 5093 5094 5102 5101
f 5094 5095 5103 5102
f 5095 5096 5104 5103
f 5096 5089 5097 5104
f 5096 5095 5094 5093 5092 5091 5090 5089
f 5097 5098 5099 5100 5101 5102 5103 5104
f 5105 5106 5114 5113
f 5106 5107 5115 5114
f 5107 5108 5116 5115
f 5108 5109 5117 5116
f 5109 5110 5118 5117
f 5110 5111 5119 5118
f 5111 5112 5120 5119
f 5112 5105 5113 5120
f 5112 5111 5110 5109 5108 5107 5106 5105
f 5113 5114 5115 5116 5117 5118 5119 5120
f 5121 5122 5130 5129
f 5122 5123 5131 5130
f 5123 5124 5132 5131
f 5124 5125 5133 5132
f 5125 5126 5134 5133
f 5126 5127 5135 5134
f 5127 5128 5136 5135
f 5128 5121 5129 5136
f 5128 5127 5126 5125 5124 5123 5122 5121
f 5129 5130 5131 5132 5133 5134 5135 5136
g VD_Spire_M_Spire_BareMetal
usemtl M_Spire_BareMetal
s 1
f 5137 5138 5146 5145
f 5138 5139 5147 5146
f 5139 5140 5148 5147
f 5140 5141 5149 5148
f 5141 5142 5150 5149
f 5142 5143 5151 5150
f 5143 5144 5152 5151
f 5144 5137 5145 5152
f 5144 5143 5142 5141 5140 5139 5138 5137
f 5145 5146 5147 5148 5149 5150 5151 5152
f 5153 5154 5162 5161
f 5154 5155 5163 5162
f 5155 5156 5164 5163
f 5156 5157 5165 5164
f 5157 5158 5166 5165
f 5158 5159 5167 5166
f 5159 5160 5168 5167
f 5160 5153 5161 5168
f 5160 5159 5158 5157 5156 5155 5154 5153
f 5161 5162 5163 5164 5165 5166 5167 5168
f 5169 5170 5178 5177
f 5170 5171 5179 5178
f 5171 5172 5180 5179
f 5172 5173 5181 5180
f 5173 5174 5182 5181
f 5174 5175 5183 5182
f 5175 5176 5184 5183
f 5176 5169 5177 5184
f 5176 5175 5174 5173 5172 5171 5170 5169
f 5177 5178 5179 5180 5181 5182 5183 5184
f 5185 5186 5194 5193
f 5186 5187 5195 5194
f 5187 5188 5196 5195
f 5188 5189 5197 5196
f 5189 5190 5198 5197
f 5190 5191 5199 5198
f 5191 5192 5200 5199
f 5192 5185 5193 5200
f 5192 5191 5190 5189 5188 5187 5186 5185
f 5193 5194 5195 5196 5197 5198 5199 5200
f 5201 5202 5218 5217
f 5202 5203 5219 5218
f 5203 5204 5220 5219
f 5204 5205 5221 5220
f 5205 5206 5222 5221
f 5206 5207 5223 5222
f 5207 5208 5224 5223
f 5208 5209 5225 5224
f 5209 5210 5226 5225
f 5210 5211 5227 5226
f 5211 5212 5228 5227
f 5212 5213 5229 5228
f 5213 5214 5230 5229
f 5214 5215 5231 5230
f 5215 5216 5232 5231
f 5216 5201 5217 5232
f 5216 5215 5214 5213 5212 5211 5210 5209 5208 5207 5206 5205 5204 5203 5202 5201
f 5217 5218 5219 5220 5221 5222 5223 5224 5225 5226 5227 5228 5229 5230 5231 5232
g VD_Spire_M_Spire_Fastener
usemtl M_Spire_Fastener
s 1
f 5233 5234 5242 5241
f 5234 5235 5243 5242
f 5235 5236 5244 5243
f 5236 5237 5245 5244
f 5237 5238 5246 5245
f 5238 5239 5247 5246
f 5239 5240 5248 5247
f 5240 5233 5241 5248
f 5240 5239 5238 5237 5236 5235 5234 5233
f 5241 5242 5243 5244 5245 5246 5247 5248
f 5249 5250 5258 5257
f 5250 5251 5259 5258
f 5251 5252 5260 5259
f 5252 5253 5261 5260
f 5253 5254 5262 5261
f 5254 5255 5263 5262
f 5255 5256 5264 5263
f 5256 5249 5257 5264
f 5256 5255 5254 5253 5252 5251 5250 5249
f 5257 5258 5259 5260 5261 5262 5263 5264
f 5265 5266 5274 5273
f 5266 5267 5275 5274
f 5267 5268 5276 5275
f 5268 5269 5277 5276
f 5269 5270 5278 5277
f 5270 5271 5279 5278
f 5271 5272 5280 5279
f 5272 5265 5273 5280
f 5272 5271 5270 5269 5268 5267 5266 5265
f 5273 5274 5275 5276 5277 5278 5279 5280
f 5281 5282 5290 5289
f 5282 5283 5291 5290
f 5283 5284 5292 5291
f 5284 5285 5293 5292
f 5285 5286 5294 5293
f 5286 5287 5295 5294
f 5287 5288 5296 5295
f 5288 5281 5289 5296
f 5288 5287 5286 5285 5284 5283 5282 5281
f 5289 5290 5291 5292 5293 5294 5295 5296
f 5297 5298 5306 5305
f 5298 5299 5307 5306
f 5299 5300 5308 5307
f 5300 5301 5309 5308
f 5301 5302 5310 5309
f 5302 5303 5311 5310
f 5303 5304 5312 5311
f 5304 5297 5305 5312
f 5304 5303 5302 5301 5300 5299 5298 5297
f 5305 5306 5307 5308 5309 5310 5311 5312
f 5313 5314 5322 5321
f 5314 5315 5323 5322
f 5315 5316 5324 5323
f 5316 5317 5325 5324
f 5317 5318 5326 5325
f 5318 5319 5327 5326
f 5319 5320 5328 5327
f 5320 5313 5321 5328
f 5320 5319 5318 5317 5316 5315 5314 5313
f 5321 5322 5323 5324 5325 5326 5327 5328
f 5329 5330 5338 5337
f 5330 5331 5339 5338
f 5331 5332 5340 5339
f 5332 5333 5341 5340
f 5333 5334 5342 5341
f 5334 5335 5343 5342
f 5335 5336 5344 5343
f 5336 5329 5337 5344
f 5336 5335 5334 5333 5332 5331 5330 5329
f 5337 5338 5339 5340 5341 5342 5343 5344
f 5345 5346 5354 5353
f 5346 5347 5355 5354
f 5347 5348 5356 5355
f 5348 5349 5357 5356
f 5349 5350 5358 5357
f 5350 5351 5359 5358
f 5351 5352 5360 5359
f 5352 5345 5353 5360
f 5352 5351 5350 5349 5348 5347 5346 5345
f 5353 5354 5355 5356 5357 5358 5359 5360
f 5361 5362 5370 5369
f 5362 5363 5371 5370
f 5363 5364 5372 5371
f 5364 5365 5373 5372
f 5365 5366 5374 5373
f 5366 5367 5375 5374
f 5367 5368 5376 5375
f 5368 5361 5369 5376
f 5368 5367 5366 5365 5364 5363 5362 5361
f 5369 5370 5371 5372 5373 5374 5375 5376
f 5377 5378 5386 5385
f 5378 5379 5387 5386
f 5379 5380 5388 5387
f 5380 5381 5389 5388
f 5381 5382 5390 5389
f 5382 5383 5391 5390
f 5383 5384 5392 5391
f 5384 5377 5385 5392
f 5384 5383 5382 5381 5380 5379 5378 5377
f 5385 5386 5387 5388 5389 5390 5391 5392
f 5393 5394 5402 5401
f 5394 5395 5403 5402
f 5395 5396 5404 5403
f 5396 5397 5405 5404
f 5397 5398 5406 5405
f 5398 5399 5407 5406
f 5399 5400 5408 5407
f 5400 5393 5401 5408
f 5400 5399 5398 5397 5396 5395 5394 5393
f 5401 5402 5403 5404 5405 5406 5407 5408
f 5409 5410 5418 5417
f 5410 5411 5419 5418
f 5411 5412 5420 5419
f 5412 5413 5421 5420
f 5413 5414 5422 5421
f 5414 5415 5423 5422
f 5415 5416 5424 5423
f 5416 5409 5417 5424
f 5416 5415 5414 5413 5412 5411 5410 5409
f 5417 5418 5419 5420 5421 5422 5423 5424
f 5425 5426 5434 5433
f 5426 5427 5435 5434
f 5427 5428 5436 5435
f 5428 5429 5437 5436
f 5429 5430 5438 5437
f 5430 5431 5439 5438
f 5431 5432 5440 5439
f 5432 5425 5433 5440
f 5432 5431 5430 5429 5428 5427 5426 5425
f 5433 5434 5435 5436 5437 5438 5439 5440
f 5441 5442 5450 5449
f 5442 5443 5451 5450
f 5443 5444 5452 5451
f 5444 5445 5453 5452
f 5445 5446 5454 5453
f 5446 5447 5455 5454
f 5447 5448 5456 5455
f 5448 5441 5449 5456
f 5448 5447 5446 5445 5444 5443 5442 5441
f 5449 5450 5451 5452 5453 5454 5455 5456
f 5457 5458 5466 5465
f 5458 5459 5467 5466
f 5459 5460 5468 5467
f 5460 5461 5469 5468
f 5461 5462 5470 5469
f 5462 5463 5471 5470
f 5463 5464 5472 5471
f 5464 5457 5465 5472
f 5464 5463 5462 5461 5460 5459 5458 5457
f 5465 5466 5467 5468 5469 5470 5471 5472
f 5473 5474 5482 5481
f 5474 5475 5483 5482
f 5475 5476 5484 5483
f 5476 5477 5485 5484
f 5477 5478 5486 5485
f 5478 5479 5487 5486
f 5479 5480 5488 5487
f 5480 5473 5481 5488
f 5480 5479 5478 5477 5476 5475 5474 5473
f 5481 5482 5483 5484 5485 5486 5487 5488
f 5489 5490 5498 5497
f 5490 5491 5499 5498
f 5491 5492 5500 5499
f 5492 5493 5501 5500
f 5493 5494 5502 5501
f 5494 5495 5503 5502
f 5495 5496 5504 5503
f 5496 5489 5497 5504
f 5496 5495 5494 5493 5492 5491 5490 5489
f 5497 5498 5499 5500 5501 5502 5503 5504
f 5505 5506 5514 5513
f 5506 5507 5515 5514
f 5507 5508 5516 5515
f 5508 5509 5517 5516
f 5509 5510 5518 5517
f 5510 5511 5519 5518
f 5511 5512 5520 5519
f 5512 5505 5513 5520
f 5512 5511 5510 5509 5508 5507 5506 5505
f 5513 5514 5515 5516 5517 5518 5519 5520
f 5521 5522 5530 5529
f 5522 5523 5531 5530
f 5523 5524 5532 5531
f 5524 5525 5533 5532
f 5525 5526 5534 5533
f 5526 5527 5535 5534
f 5527 5528 5536 5535
f 5528 5521 5529 5536
f 5528 5527 5526 5525 5524 5523 5522 5521
f 5529 5530 5531 5532 5533 5534 5535 5536
f 5537 5538 5546 5545
f 5538 5539 5547 5546
f 5539 5540 5548 5547
f 5540 5541 5549 5548
f 5541 5542 5550 5549
f 5542 5543 5551 5550
f 5543 5544 5552 5551
f 5544 5537 5545 5552
f 5544 5543 5542 5541 5540 5539 5538 5537
f 5545 5546 5547 5548 5549 5550 5551 5552
f 5553 5554 5562 5561
f 5554 5555 5563 5562
f 5555 5556 5564 5563
f 5556 5557 5565 5564
f 5557 5558 5566 5565
f 5558 5559 5567 5566
f 5559 5560 5568 5567
f 5560 5553 5561 5568
f 5560 5559 5558 5557 5556 5555 5554 5553
f 5561 5562 5563 5564 5565 5566 5567 5568
f 5569 5570 5578 5577
f 5570 5571 5579 5578
f 5571 5572 5580 5579
f 5572 5573 5581 5580
f 5573 5574 5582 5581
f 5574 5575 5583 5582
f 5575 5576 5584 5583
f 5576 5569 5577 5584
f 5576 5575 5574 5573 5572 5571 5570 5569
f 5577 5578 5579 5580 5581 5582 5583 5584
f 5585 5586 5594 5593
f 5586 5587 5595 5594
f 5587 5588 5596 5595
f 5588 5589 5597 5596
f 5589 5590 5598 5597
f 5590 5591 5599 5598
f 5591 5592 5600 5599
f 5592 5585 5593 5600
f 5592 5591 5590 5589 5588 5587 5586 5585
f 5593 5594 5595 5596 5597 5598 5599 5600
f 5601 5602 5610 5609
f 5602 5603 5611 5610
f 5603 5604 5612 5611
f 5604 5605 5613 5612
f 5605 5606 5614 5613
f 5606 5607 5615 5614
f 5607 5608 5616 5615
f 5608 5601 5609 5616
f 5608 5607 5606 5605 5604 5603 5602 5601
f 5609 5610 5611 5612 5613 5614 5615 5616
f 5617 5618 5626 5625
f 5618 5619 5627 5626
f 5619 5620 5628 5627
f 5620 5621 5629 5628
f 5621 5622 5630 5629
f 5622 5623 5631 5630
f 5623 5624 5632 5631
f 5624 5617 5625 5632
f 5624 5623 5622 5621 5620 5619 5618 5617
f 5625 5626 5627 5628 5629 5630 5631 5632
f 5633 5634 5642 5641
f 5634 5635 5643 5642
f 5635 5636 5644 5643
f 5636 5637 5645 5644
f 5637 5638 5646 5645
f 5638 5639 5647 5646
f 5639 5640 5648 5647
f 5640 5633 5641 5648
f 5640 5639 5638 5637 5636 5635 5634 5633
f 5641 5642 5643 5644 5645 5646 5647 5648
f 5649 5650 5658 5657
f 5650 5651 5659 5658
f 5651 5652 5660 5659
f 5652 5653 5661 5660
f 5653 5654 5662 5661
f 5654 5655 5663 5662
f 5655 5656 5664 5663
f 5656 5649 5657 5664
f 5656 5655 5654 5653 5652 5651 5650 5649
f 5657 5658 5659 5660 5661 5662 5663 5664
f 5665 5666 5674 5673
f 5666 5667 5675 5674
f 5667 5668 5676 5675
f 5668 5669 5677 5676
f 5669 5670 5678 5677
f 5670 5671 5679 5678
f 5671 5672 5680 5679
f 5672 5665 5673 5680
f 5672 5671 5670 5669 5668 5667 5666 5665
f 5673 5674 5675 5676 5677 5678 5679 5680
f 5681 5682 5690 5689
f 5682 5683 5691 5690
f 5683 5684 5692 5691
f 5684 5685 5693 5692
f 5685 5686 5694 5693
f 5686 5687 5695 5694
f 5687 5688 5696 5695
f 5688 5681 5689 5696
f 5688 5687 5686 5685 5684 5683 5682 5681
f 5689 5690 5691 5692 5693 5694 5695 5696
f 5697 5698 5706 5705
f 5698 5699 5707 5706
f 5699 5700 5708 5707
f 5700 5701 5709 5708
f 5701 5702 5710 5709
f 5702 5703 5711 5710
f 5703 5704 5712 5711
f 5704 5697 5705 5712
f 5704 5703 5702 5701 5700 5699 5698 5697
f 5705 5706 5707 5708 5709 5710 5711 5712
f 5713 5714 5722 5721
f 5714 5715 5723 5722
f 5715 5716 5724 5723
f 5716 5717 5725 5724
f 5717 5718 5726 5725
f 5718 5719 5727 5726
f 5719 5720 5728 5727
f 5720 5713 5721 5728
f 5720 5719 5718 5717 5716 5715 5714 5713
f 5721 5722 5723 5724 5725 5726 5727 5728
f 5729 5730 5738 5737
f 5730 5731 5739 5738
f 5731 5732 5740 5739
f 5732 5733 5741 5740
f 5733 5734 5742 5741
f 5734 5735 5743 5742
f 5735 5736 5744 5743
f 5736 5729 5737 5744
f 5736 5735 5734 5733 5732 5731 5730 5729
f 5737 5738 5739 5740 5741 5742 5743 5744
g VD_Spire_M_Spire_BareMetal
usemtl M_Spire_BareMetal
s 1
f 5745 5746 5754 5753
f 5746 5747 5755 5754
f 5747 5748 5756 5755
f 5748 5749 5757 5756
f 5749 5750 5758 5757
f 5750 5751 5759 5758
f 5751 5752 5760 5759
f 5752 5745 5753 5760
f 5752 5751 5750 5749 5748 5747 5746 5745
f 5753 5754 5755 5756 5757 5758 5759 5760
f 5761 5762 5770 5769
f 5762 5763 5771 5770
f 5763 5764 5772 5771
f 5764 5765 5773 5772
f 5765 5766 5774 5773
f 5766 5767 5775 5774
f 5767 5768 5776 5775
f 5768 5761 5769 5776
f 5768 5767 5766 5765 5764 5763 5762 5761
f 5769 5770 5771 5772 5773 5774 5775 5776
f 5777 5778 5786 5785
f 5778 5779 5787 5786
f 5779 5780 5788 5787
f 5780 5781 5789 5788
f 5781 5782 5790 5789
f 5782 5783 5791 5790
f 5783 5784 5792 5791
f 5784 5777 5785 5792
f 5784 5783 5782 5781 5780 5779 5778 5777
f 5785 5786 5787 5788 5789 5790 5791 5792
f 5793 5794 5802 5801
f 5794 5795 5803 5802
f 5795 5796 5804 5803
f 5796 5797 5805 5804
f 5797 5798 5806 5805
f 5798 5799 5807 5806
f 5799 5800 5808 5807
f 5800 5793 5801 5808
f 5800 5799 5798 5797 5796 5795 5794 5793
f 5801 5802 5803 5804 5805 5806 5807 5808
f 5809 5810 5826 5825
f 5810 5811 5827 5826
f 5811 5812 5828 5827
f 5812 5813 5829 5828
f 5813 5814 5830 5829
f 5814 5815 5831 5830
f 5815 5816 5832 5831
f 5816 5817 5833 5832
f 5817 5818 5834 5833
f 5818 5819 5835 5834
f 5819 5820 5836 5835
f 5820 5821 5837 5836
f 5821 5822 5838 5837
f 5822 5823 5839 5838
f 5823 5824 5840 5839
f 5824 5809 5825 5840
f 5824 5823 5822 5821 5820 5819 5818 5817 5816 5815 5814 5813 5812 5811 5810 5809
f 5825 5826 5827 5828 5829 5830 5831 5832 5833 5834 5835 5836 5837 5838 5839 5840
g VD_Spire_M_Spire_Fastener
usemtl M_Spire_Fastener
s 1
f 5841 5842 5850 5849
f 5842 5843 5851 5850
f 5843 5844 5852 5851
f 5844 5845 5853 5852
f 5845 5846 5854 5853
f 5846 5847 5855 5854
f 5847 5848 5856 5855
f 5848 5841 5849 5856
f 5848 5847 5846 5845 5844 5843 5842 5841
f 5849 5850 5851 5852 5853 5854 5855 5856
f 5857 5858 5866 5865
f 5858 5859 5867 5866
f 5859 5860 5868 5867
f 5860 5861 5869 5868
f 5861 5862 5870 5869
f 5862 5863 5871 5870
f 5863 5864 5872 5871
f 5864 5857 5865 5872
f 5864 5863 5862 5861 5860 5859 5858 5857
f 5865 5866 5867 5868 5869 5870 5871 5872
f 5873 5874 5882 5881
f 5874 5875 5883 5882
f 5875 5876 5884 5883
f 5876 5877 5885 5884
f 5877 5878 5886 5885
f 5878 5879 5887 5886
f 5879 5880 5888 5887
f 5880 5873 5881 5888
f 5880 5879 5878 5877 5876 5875 5874 5873
f 5881 5882 5883 5884 5885 5886 5887 5888
f 5889 5890 5898 5897
f 5890 5891 5899 5898
f 5891 5892 5900 5899
f 5892 5893 5901 5900
f 5893 5894 5902 5901
f 5894 5895 5903 5902
f 5895 5896 5904 5903
f 5896 5889 5897 5904
f 5896 5895 5894 5893 5892 5891 5890 5889
f 5897 5898 5899 5900 5901 5902 5903 5904
f 5905 5906 5914 5913
f 5906 5907 5915 5914
f 5907 5908 5916 5915
f 5908 5909 5917 5916
f 5909 5910 5918 5917
f 5910 5911 5919 5918
f 5911 5912 5920 5919
f 5912 5905 5913 5920
f 5912 5911 5910 5909 5908 5907 5906 5905
f 5913 5914 5915 5916 5917 5918 5919 5920
f 5921 5922 5930 5929
f 5922 5923 5931 5930
f 5923 5924 5932 5931
f 5924 5925 5933 5932
f 5925 5926 5934 5933
f 5926 5927 5935 5934
f 5927 5928 5936 5935
f 5928 5921 5929 5936
f 5928 5927 5926 5925 5924 5923 5922 5921
f 5929 5930 5931 5932 5933 5934 5935 5936
f 5937 5938 5946 5945
f 5938 5939 5947 5946
f 5939 5940 5948 5947
f 5940 5941 5949 5948
f 5941 5942 5950 5949
f 5942 5943 5951 5950
f 5943 5944 5952 5951
f 5944 5937 5945 5952
f 5944 5943 5942 5941 5940 5939 5938 5937
f 5945 5946 5947 5948 5949 5950 5951 5952
f 5953 5954 5962 5961
f 5954 5955 5963 5962
f 5955 5956 5964 5963
f 5956 5957 5965 5964
f 5957 5958 5966 5965
f 5958 5959 5967 5966
f 5959 5960 5968 5967
f 5960 5953 5961 5968
f 5960 5959 5958 5957 5956 5955 5954 5953
f 5961 5962 5963 5964 5965 5966 5967 5968
f 5969 5970 5978 5977
f 5970 5971 5979 5978
f 5971 5972 5980 5979
f 5972 5973 5981 5980
f 5973 5974 5982 5981
f 5974 5975 5983 5982
f 5975 5976 5984 5983
f 5976 5969 5977 5984
f 5976 5975 5974 5973 5972 5971 5970 5969
f 5977 5978 5979 5980 5981 5982 5983 5984
f 5985 5986 5994 5993
f 5986 5987 5995 5994
f 5987 5988 5996 5995
f 5988 5989 5997 5996
f 5989 5990 5998 5997
f 5990 5991 5999 5998
f 5991 5992 6000 5999
f 5992 5985 5993 6000
f 5992 5991 5990 5989 5988 5987 5986 5985
f 5993 5994 5995 5996 5997 5998 5999 6000
f 6001 6002 6010 6009
f 6002 6003 6011 6010
f 6003 6004 6012 6011
f 6004 6005 6013 6012
f 6005 6006 6014 6013
f 6006 6007 6015 6014
f 6007 6008 6016 6015
f 6008 6001 6009 6016
f 6008 6007 6006 6005 6004 6003 6002 6001
f 6009 6010 6011 6012 6013 6014 6015 6016
f 6017 6018 6026 6025
f 6018 6019 6027 6026
f 6019 6020 6028 6027
f 6020 6021 6029 6028
f 6021 6022 6030 6029
f 6022 6023 6031 6030
f 6023 6024 6032 6031
f 6024 6017 6025 6032
f 6024 6023 6022 6021 6020 6019 6018 6017
f 6025 6026 6027 6028 6029 6030 6031 6032
f 6033 6034 6042 6041
f 6034 6035 6043 6042
f 6035 6036 6044 6043
f 6036 6037 6045 6044
f 6037 6038 6046 6045
f 6038 6039 6047 6046
f 6039 6040 6048 6047
f 6040 6033 6041 6048
f 6040 6039 6038 6037 6036 6035 6034 6033
f 6041 6042 6043 6044 6045 6046 6047 6048
f 6049 6050 6058 6057
f 6050 6051 6059 6058
f 6051 6052 6060 6059
f 6052 6053 6061 6060
f 6053 6054 6062 6061
f 6054 6055 6063 6062
f 6055 6056 6064 6063
f 6056 6049 6057 6064
f 6056 6055 6054 6053 6052 6051 6050 6049
f 6057 6058 6059 6060 6061 6062 6063 6064
f 6065 6066 6074 6073
f 6066 6067 6075 6074
f 6067 6068 6076 6075
f 6068 6069 6077 6076
f 6069 6070 6078 6077
f 6070 6071 6079 6078
f 6071 6072 6080 6079
f 6072 6065 6073 6080
f 6072 6071 6070 6069 6068 6067 6066 6065
f 6073 6074 6075 6076 6077 6078 6079 6080
f 6081 6082 6090 6089
f 6082 6083 6091 6090
f 6083 6084 6092 6091
f 6084 6085 6093 6092
f 6085 6086 6094 6093
f 6086 6087 6095 6094
f 6087 6088 6096 6095
f 6088 6081 6089 6096
f 6088 6087 6086 6085 6084 6083 6082 6081
f 6089 6090 6091 6092 6093 6094 6095 6096
g VD_Spire_M_Spire_BareMetal
usemtl M_Spire_BareMetal
s 1
f 6097 6098 6106 6105
f 6098 6099 6107 6106
f 6099 6100 6108 6107
f 6100 6101 6109 6108
f 6101 6102 6110 6109
f 6102 6103 6111 6110
f 6103 6104 6112 6111
f 6104 6097 6105 6112
f 6104 6103 6102 6101 6100 6099 6098 6097
f 6105 6106 6107 6108 6109 6110 6111 6112
f 6113 6114 6122 6121
f 6114 6115 6123 6122
f 6115 6116 6124 6123
f 6116 6117 6125 6124
f 6117 6118 6126 6125
f 6118 6119 6127 6126
f 6119 6120 6128 6127
f 6120 6113 6121 6128
f 6120 6119 6118 6117 6116 6115 6114 6113
f 6121 6122 6123 6124 6125 6126 6127 6128
f 6129 6130 6138 6137
f 6130 6131 6139 6138
f 6131 6132 6140 6139
f 6132 6133 6141 6140
f 6133 6134 6142 6141
f 6134 6135 6143 6142
f 6135 6136 6144 6143
f 6136 6129 6137 6144
f 6136 6135 6134 6133 6132 6131 6130 6129
f 6137 6138 6139 6140 6141 6142 6143 6144
f 6145 6146 6154 6153
f 6146 6147 6155 6154
f 6147 6148 6156 6155
f 6148 6149 6157 6156
f 6149 6150 6158 6157
f 6150 6151 6159 6158
f 6151 6152 6160 6159
f 6152 6145 6153 6160
f 6152 6151 6150 6149 6148 6147 6146 6145
f 6153 6154 6155 6156 6157 6158 6159 6160
f 6161 6162 6178 6177
f 6162 6163 6179 6178
f 6163 6164 6180 6179
f 6164 6165 6181 6180
f 6165 6166 6182 6181
f 6166 6167 6183 6182
f 6167 6168 6184 6183
f 6168 6169 6185 6184
f 6169 6170 6186 6185
f 6170 6171 6187 6186
f 6171 6172 6188 6187
f 6172 6173 6189 6188
f 6173 6174 6190 6189
f 6174 6175 6191 6190
f 6175 6176 6192 6191
f 6176 6161 6177 6192
f 6176 6175 6174 6173 6172 6171 6170 6169 6168 6167 6166 6165 6164 6163 6162 6161
f 6177 6178 6179 6180 6181 6182 6183 6184 6185 6186 6187 6188 6189 6190 6191 6192
g VD_Spire_M_Spire_Fastener
usemtl M_Spire_Fastener
s 1
f 6193 6194 6202 6201
f 6194 6195 6203 6202
f 6195 6196 6204 6203
f 6196 6197 6205 6204
f 6197 6198 6206 6205
f 6198 6199 6207 6206
f 6199 6200 6208 6207
f 6200 6193 6201 6208
f 6200 6199 6198 6197 6196 6195 6194 6193
f 6201 6202 6203 6204 6205 6206 6207 6208
f 6209 6210 6218 6217
f 6210 6211 6219 6218
f 6211 6212 6220 6219
f 6212 6213 6221 6220
f 6213 6214 6222 6221
f 6214 6215 6223 6222
f 6215 6216 6224 6223
f 6216 6209 6217 6224
f 6216 6215 6214 6213 6212 6211 6210 6209
f 6217 6218 6219 6220 6221 6222 6223 6224
f 6225 6226 6234 6233
f 6226 6227 6235 6234
f 6227 6228 6236 6235
f 6228 6229 6237 6236
f 6229 6230 6238 6237
f 6230 6231 6239 6238
f 6231 6232 6240 6239
f 6232 6225 6233 6240
f 6232 6231 6230 6229 6228 6227 6226 6225
f 6233 6234 6235 6236 6237 6238 6239 6240
f 6241 6242 6250 6249
f 6242 6243 6251 6250
f 6243 6244 6252 6251
f 6244 6245 6253 6252
f 6245 6246 6254 6253
f 6246 6247 6255 6254
f 6247 6248 6256 6255
f 6248 6241 6249 6256
f 6248 6247 6246 6245 6244 6243 6242 6241
f 6249 6250 6251 6252 6253 6254 6255 6256
f 6257 6258 6266 6265
f 6258 6259 6267 6266
f 6259 6260 6268 6267
f 6260 6261 6269 6268
f 6261 6262 6270 6269
f 6262 6263 6271 6270
f 6263 6264 6272 6271
f 6264 6257 6265 6272
f 6264 6263 6262 6261 6260 6259 6258 6257
f 6265 6266 6267 6268 6269 6270 6271 6272
f 6273 6274 6282 6281
f 6274 6275 6283 6282
f 6275 6276 6284 6283
f 6276 6277 6285 6284
f 6277 6278 6286 6285
f 6278 6279 6287 6286
f 6279 6280 6288 6287
f 6280 6273 6281 6288
f 6280 6279 6278 6277 6276 6275 6274 6273
f 6281 6282 6283 6284 6285 6286 6287 6288
f 6289 6290 6298 6297
f 6290 6291 6299 6298
f 6291 6292 6300 6299
f 6292 6293 6301 6300
f 6293 6294 6302 6301
f 6294 6295 6303 6302
f 6295 6296 6304 6303
f 6296 6289 6297 6304
f 6296 6295 6294 6293 6292 6291 6290 6289
f 6297 6298 6299 6300 6301 6302 6303 6304
f 6305 6306 6314 6313
f 6306 6307 6315 6314
f 6307 6308 6316 6315
f 6308 6309 6317 6316
f 6309 6310 6318 6317
f 6310 6311 6319 6318
f 6311 6312 6320 6319
f 6312 6305 6313 6320
f 6312 6311 6310 6309 6308 6307 6306 6305
f 6313 6314 6315 6316 6317 6318 6319 6320
f 6321 6322 6330 6329
f 6322 6323 6331 6330
f 6323 6324 6332 6331
f 6324 6325 6333 6332
f 6325 6326 6334 6333
f 6326 6327 6335 6334
f 6327 6328 6336 6335
f 6328 6321 6329 6336
f 6328 6327 6326 6325 6324 6323 6322 6321
f 6329 6330 6331 6332 6333 6334 6335 6336
f 6337 6338 6346 6345
f 6338 6339 6347 6346
f 6339 6340 6348 6347
f 6340 6341 6349 6348
f 6341 6342 6350 6349
f 6342 6343 6351 6350
f 6343 6344 6352 6351
f 6344 6337 6345 6352
f 6344 6343 6342 6341 6340 6339 6338 6337
f 6345 6346 6347 6348 6349 6350 6351 6352
f 6353 6354 6362 6361
f 6354 6355 6363 6362
f 6355 6356 6364 6363
f 6356 6357 6365 6364
f 6357 6358 6366 6365
f 6358 6359 6367 6366
f 6359 6360 6368 6367
f 6360 6353 6361 6368
f 6360 6359 6358 6357 6356 6355 6354 6353
f 6361 6362 6363 6364 6365 6366 6367 6368
f 6369 6370 6378 6377
f 6370 6371 6379 6378
f 6371 6372 6380 6379
f 6372 6373 6381 6380
f 6373 6374 6382 6381
f 6374 6375 6383 6382
f 6375 6376 6384 6383
f 6376 6369 6377 6384
f 6376 6375 6374 6373 6372 6371 6370 6369
f 6377 6378 6379 6380 6381 6382 6383 6384
f 6385 6386 6394 6393
f 6386 6387 6395 6394
f 6387 6388 6396 6395
f 6388 6389 6397 6396
f 6389 6390 6398 6397
f 6390 6391 6399 6398
f 6391 6392 6400 6399
f 6392 6385 6393 6400
f 6392 6391 6390 6389 6388 6387 6386 6385
f 6393 6394 6395 6396 6397 6398 6399 6400
f 6401 6402 6410 6409
f 6402 6403 6411 6410
f 6403 6404 6412 6411
f 6404 6405 6413 6412
f 6405 6406 6414 6413
f 6406 6407 6415 6414
f 6407 6408 6416 6415
f 6408 6401 6409 6416
f 6408 6407 6406 6405 6404 6403 6402 6401
f 6409 6410 6411 6412 6413 6414 6415 6416
f 6417 6418 6426 6425
f 6418 6419 6427 6426
f 6419 6420 6428 6427
f 6420 6421 6429 6428
f 6421 6422 6430 6429
f 6422 6423 6431 6430
f 6423 6424 6432 6431
f 6424 6417 6425 6432
f 6424 6423 6422 6421 6420 6419 6418 6417
f 6425 6426 6427 6428 6429 6430 6431 6432
f 6433 6434 6442 6441
f 6434 6435 6443 6442
f 6435 6436 6444 6443
f 6436 6437 6445 6444
f 6437 6438 6446 6445
f 6438 6439 6447 6446
f 6439 6440 6448 6447
f 6440 6433 6441 6448
f 6440 6439 6438 6437 6436 6435 6434 6433
f 6441 6442 6443 6444 6445 6446 6447 6448
g VD_Spire_M_Spire_BareMetal
usemtl M_Spire_BareMetal
s 1
f 6449 6450 6458 6457
f 6450 6451 6459 6458
f 6451 6452 6460 6459
f 6452 6453 6461 6460
f 6453 6454 6462 6461
f 6454 6455 6463 6462
f 6455 6456 6464 6463
f 6456 6449 6457 6464
f 6456 6455 6454 6453 6452 6451 6450 6449
f 6457 6458 6459 6460 6461 6462 6463 6464
f 6465 6466 6474 6473
f 6466 6467 6475 6474
f 6467 6468 6476 6475
f 6468 6469 6477 6476
f 6469 6470 6478 6477
f 6470 6471 6479 6478
f 6471 6472 6480 6479
f 6472 6465 6473 6480
f 6472 6471 6470 6469 6468 6467 6466 6465
f 6473 6474 6475 6476 6477 6478 6479 6480
f 6481 6482 6490 6489
f 6482 6483 6491 6490
f 6483 6484 6492 6491
f 6484 6485 6493 6492
f 6485 6486 6494 6493
f 6486 6487 6495 6494
f 6487 6488 6496 6495
f 6488 6481 6489 6496
f 6488 6487 6486 6485 6484 6483 6482 6481
f 6489 6490 6491 6492 6493 6494 6495 6496
f 6497 6498 6506 6505
f 6498 6499 6507 6506
f 6499 6500 6508 6507
f 6500 6501 6509 6508
f 6501 6502 6510 6509
f 6502 6503 6511 6510
f 6503 6504 6512 6511
f 6504 6497 6505 6512
f 6504 6503 6502 6501 6500 6499 6498 6497
f 6505 6506 6507 6508 6509 6510 6511 6512
f 6513 6514 6530 6529
f 6514 6515 6531 6530
f 6515 6516 6532 6531
f 6516 6517 6533 6532
f 6517 6518 6534 6533
f 6518 6519 6535 6534
f 6519 6520 6536 6535
f 6520 6521 6537 6536
f 6521 6522 6538 6537
f 6522 6523 6539 6538
f 6523 6524 6540 6539
f 6524 6525 6541 6540
f 6525 6526 6542 6541
f 6526 6527 6543 6542
f 6527 6528 6544 6543
f 6528 6513 6529 6544
f 6528 6527 6526 6525 6524 6523 6522 6521 6520 6519 6518 6517 6516 6515 6514 6513
f 6529 6530 6531 6532 6533 6534 6535 6536 6537 6538 6539 6540 6541 6542 6543 6544
g VD_Spire_M_Spire_Fastener
usemtl M_Spire_Fastener
s 1
f 6545 6546 6554 6553
f 6546 6547 6555 6554
f 6547 6548 6556 6555
f 6548 6549 6557 6556
f 6549 6550 6558 6557
f 6550 6551 6559 6558
f 6551 6552 6560 6559
f 6552 6545 6553 6560
f 6552 6551 6550 6549 6548 6547 6546 6545
f 6553 6554 6555 6556 6557 6558 6559 6560
f 6561 6562 6570 6569
f 6562 6563 6571 6570
f 6563 6564 6572 6571
f 6564 6565 6573 6572
f 6565 6566 6574 6573
f 6566 6567 6575 6574
f 6567 6568 6576 6575
f 6568 6561 6569 6576
f 6568 6567 6566 6565 6564 6563 6562 6561
f 6569 6570 6571 6572 6573 6574 6575 6576
f 6577 6578 6586 6585
f 6578 6579 6587 6586
f 6579 6580 6588 6587
f 6580 6581 6589 6588
f 6581 6582 6590 6589
f 6582 6583 6591 6590
f 6583 6584 6592 6591
f 6584 6577 6585 6592
f 6584 6583 6582 6581 6580 6579 6578 6577
f 6585 6586 6587 6588 6589 6590 6591 6592
f 6593 6594 6602 6601
f 6594 6595 6603 6602
f 6595 6596 6604 6603
f 6596 6597 6605 6604
f 6597 6598 6606 6605
f 6598 6599 6607 6606
f 6599 6600 6608 6607
f 6600 6593 6601 6608
f 6600 6599 6598 6597 6596 6595 6594 6593
f 6601 6602 6603 6604 6605 6606 6607 6608
f 6609 6610 6618 6617
f 6610 6611 6619 6618
f 6611 6612 6620 6619
f 6612 6613 6621 6620
f 6613 6614 6622 6621
f 6614 6615 6623 6622
f 6615 6616 6624 6623
f 6616 6609 6617 6624
f 6616 6615 6614 6613 6612 6611 6610 6609
f 6617 6618 6619 6620 6621 6622 6623 6624
f 6625 6626 6634 6633
f 6626 6627 6635 6634
f 6627 6628 6636 6635
f 6628 6629 6637 6636
f 6629 6630 6638 6637
f 6630 6631 6639 6638
f 6631 6632 6640 6639
f 6632 6625 6633 6640
f 6632 6631 6630 6629 6628 6627 6626 6625
f 6633 6634 6635 6636 6637 6638 6639 6640
f 6641 6642 6650 6649
f 6642 6643 6651 6650
f 6643 6644 6652 6651
f 6644 6645 6653 6652
f 6645 6646 6654 6653
f 6646 6647 6655 6654
f 6647 6648 6656 6655
f 6648 6641 6649 6656
f 6648 6647 6646 6645 6644 6643 6642 6641
f 6649 6650 6651 6652 6653 6654 6655 6656
f 6657 6658 6666 6665
f 6658 6659 6667 6666
f 6659 6660 6668 6667
f 6660 6661 6669 6668
f 6661 6662 6670 6669
f 6662 6663 6671 6670
f 6663 6664 6672 6671
f 6664 6657 6665 6672
f 6664 6663 6662 6661 6660 6659 6658 6657
f 6665 6666 6667 6668 6669 6670 6671 6672
f 6673 6674 6682 6681
f 6674 6675 6683 6682
f 6675 6676 6684 6683
f 6676 6677 6685 6684
f 6677 6678 6686 6685
f 6678 6679 6687 6686
f 6679 6680 6688 6687
f 6680 6673 6681 6688
f 6680 6679 6678 6677 6676 6675 6674 6673
f 6681 6682 6683 6684 6685 6686 6687 6688
f 6689 6690 6698 6697
f 6690 6691 6699 6698
f 6691 6692 6700 6699
f 6692 6693 6701 6700
f 6693 6694 6702 6701
f 6694 6695 6703 6702
f 6695 6696 6704 6703
f 6696 6689 6697 6704
f 6696 6695 6694 6693 6692 6691 6690 6689
f 6697 6698 6699 6700 6701 6702 6703 6704
f 6705 6706 6714 6713
f 6706 6707 6715 6714
f 6707 6708 6716 6715
f 6708 6709 6717 6716
f 6709 6710 6718 6717
f 6710 6711 6719 6718
f 6711 6712 6720 6719
f 6712 6705 6713 6720
f 6712 6711 6710 6709 6708 6707 6706 6705
f 6713 6714 6715 6716 6717 6718 6719 6720
f 6721 6722 6730 6729
f 6722 6723 6731 6730
f 6723 6724 6732 6731
f 6724 6725 6733 6732
f 6725 6726 6734 6733
f 6726 6727 6735 6734
f 6727 6728 6736 6735
f 6728 6721 6729 6736
f 6728 6727 6726 6725 6724 6723 6722 6721
f 6729 6730 6731 6732 6733 6734 6735 6736
f 6737 6738 6746 6745
f 6738 6739 6747 6746
f 6739 6740 6748 6747
f 6740 6741 6749 6748
f 6741 6742 6750 6749
f 6742 6743 6751 6750
f 6743 6744 6752 6751
f 6744 6737 6745 6752
f 6744 6743 6742 6741 6740 6739 6738 6737
f 6745 6746 6747 6748 6749 6750 6751 6752
f 6753 6754 6762 6761
f 6754 6755 6763 6762
f 6755 6756 6764 6763
f 6756 6757 6765 6764
f 6757 6758 6766 6765
f 6758 6759 6767 6766
f 6759 6760 6768 6767
f 6760 6753 6761 6768
f 6760 6759 6758 6757 6756 6755 6754 6753
f 6761 6762 6763 6764 6765 6766 6767 6768
f 6769 6770 6778 6777
f 6770 6771 6779 6778
f 6771 6772 6780 6779
f 6772 6773 6781 6780
f 6773 6774 6782 6781
f 6774 6775 6783 6782
f 6775 6776 6784 6783
f 6776 6769 6777 6784
f 6776 6775 6774 6773 6772 6771 6770 6769
f 6777 6778 6779 6780 6781 6782 6783 6784
f 6785 6786 6794 6793
f 6786 6787 6795 6794
f 6787 6788 6796 6795
f 6788 6789 6797 6796
f 6789 6790 6798 6797
f 6790 6791 6799 6798
f 6791 6792 6800 6799
f 6792 6785 6793 6800
f 6792 6791 6790 6789 6788 6787 6786 6785
f 6793 6794 6795 6796 6797 6798 6799 6800
g VD_Spire_M_Spire_BareMetal
usemtl M_Spire_BareMetal
s 1
f 6801 6802 6810 6809
f 6802 6803 6811 6810
f 6803 6804 6812 6811
f 6804 6805 6813 6812
f 6805 6806 6814 6813
f 6806 6807 6815 6814
f 6807 6808 6816 6815
f 6808 6801 6809 6816
f 6808 6807 6806 6805 6804 6803 6802 6801
f 6809 6810 6811 6812 6813 6814 6815 6816
f 6817 6818 6826 6825
f 6818 6819 6827 6826
f 6819 6820 6828 6827
f 6820 6821 6829 6828
f 6821 6822 6830 6829
f 6822 6823 6831 6830
f 6823 6824 6832 6831
f 6824 6817 6825 6832
f 6824 6823 6822 6821 6820 6819 6818 6817
f 6825 6826 6827 6828 6829 6830 6831 6832
f 6833 6834 6842 6841
f 6834 6835 6843 6842
f 6835 6836 6844 6843
f 6836 6837 6845 6844
f 6837 6838 6846 6845
f 6838 6839 6847 6846
f 6839 6840 6848 6847
f 6840 6833 6841 6848
f 6840 6839 6838 6837 6836 6835 6834 6833
f 6841 6842 6843 6844 6845 6846 6847 6848
f 6849 6850 6858 6857
f 6850 6851 6859 6858
f 6851 6852 6860 6859
f 6852 6853 6861 6860
f 6853 6854 6862 6861
f 6854 6855 6863 6862
f 6855 6856 6864 6863
f 6856 6849 6857 6864
f 6856 6855 6854 6853 6852 6851 6850 6849
f 6857 6858 6859 6860 6861 6862 6863 6864
f 6865 6866 6882 6881
f 6866 6867 6883 6882
f 6867 6868 6884 6883
f 6868 6869 6885 6884
f 6869 6870 6886 6885
f 6870 6871 6887 6886
f 6871 6872 6888 6887
f 6872 6873 6889 6888
f 6873 6874 6890 6889
f 6874 6875 6891 6890
f 6875 6876 6892 6891
f 6876 6877 6893 6892
f 6877 6878 6894 6893
f 6878 6879 6895 6894
f 6879 6880 6896 6895
f 6880 6865 6881 6896
f 6880 6879 6878 6877 6876 6875 6874 6873 6872 6871 6870 6869 6868 6867 6866 6865
f 6881 6882 6883 6884 6885 6886 6887 6888 6889 6890 6891 6892 6893 6894 6895 6896
g VD_Spire_M_Spire_Fastener
usemtl M_Spire_Fastener
s 1
f 6897 6898 6906 6905
f 6898 6899 6907 6906
f 6899 6900 6908 6907
f 6900 6901 6909 6908
f 6901 6902 6910 6909
f 6902 6903 6911 6910
f 6903 6904 6912 6911
f 6904 6897 6905 6912
f 6904 6903 6902 6901 6900 6899 6898 6897
f 6905 6906 6907 6908 6909 6910 6911 6912
f 6913 6914 6922 6921
f 6914 6915 6923 6922
f 6915 6916 6924 6923
f 6916 6917 6925 6924
f 6917 6918 6926 6925
f 6918 6919 6927 6926
f 6919 6920 6928 6927
f 6920 6913 6921 6928
f 6920 6919 6918 6917 6916 6915 6914 6913
f 6921 6922 6923 6924 6925 6926 6927 6928
f 6929 6930 6938 6937
f 6930 6931 6939 6938
f 6931 6932 6940 6939
f 6932 6933 6941 6940
f 6933 6934 6942 6941
f 6934 6935 6943 6942
f 6935 6936 6944 6943
f 6936 6929 6937 6944
f 6936 6935 6934 6933 6932 6931 6930 6929
f 6937 6938 6939 6940 6941 6942 6943 6944
f 6945 6946 6954 6953
f 6946 6947 6955 6954
f 6947 6948 6956 6955
f 6948 6949 6957 6956
f 6949 6950 6958 6957
f 6950 6951 6959 6958
f 6951 6952 6960 6959
f 6952 6945 6953 6960
f 6952 6951 6950 6949 6948 6947 6946 6945
f 6953 6954 6955 6956 6957 6958 6959 6960
f 6961 6962 6970 6969
f 6962 6963 6971 6970
f 6963 6964 6972 6971
f 6964 6965 6973 6972
f 6965 6966 6974 6973
f 6966 6967 6975 6974
f 6967 6968 6976 6975
f 6968 6961 6969 6976
f 6968 6967 6966 6965 6964 6963 6962 6961
f 6969 6970 6971 6972 6973 6974 6975 6976
f 6977 6978 6986 6985
f 6978 6979 6987 6986
f 6979 6980 6988 6987
f 6980 6981 6989 6988
f 6981 6982 6990 6989
f 6982 6983 6991 6990
f 6983 6984 6992 6991
f 6984 6977 6985 6992
f 6984 6983 6982 6981 6980 6979 6978 6977
f 6985 6986 6987 6988 6989 6990 6991 6992
f 6993 6994 7002 7001
f 6994 6995 7003 7002
f 6995 6996 7004 7003
f 6996 6997 7005 7004
f 6997 6998 7006 7005
f 6998 6999 7007 7006
f 6999 7000 7008 7007
f 7000 6993 7001 7008
f 7000 6999 6998 6997 6996 6995 6994 6993
f 7001 7002 7003 7004 7005 7006 7007 7008
f 7009 7010 7018 7017
f 7010 7011 7019 7018
f 7011 7012 7020 7019
f 7012 7013 7021 7020
f 7013 7014 7022 7021
f 7014 7015 7023 7022
f 7015 7016 7024 7023
f 7016 7009 7017 7024
f 7016 7015 7014 7013 7012 7011 7010 7009
f 7017 7018 7019 7020 7021 7022 7023 7024
f 7025 7026 7034 7033
f 7026 7027 7035 7034
f 7027 7028 7036 7035
f 7028 7029 7037 7036
f 7029 7030 7038 7037
f 7030 7031 7039 7038
f 7031 7032 7040 7039
f 7032 7025 7033 7040
f 7032 7031 7030 7029 7028 7027 7026 7025
f 7033 7034 7035 7036 7037 7038 7039 7040
f 7041 7042 7050 7049
f 7042 7043 7051 7050
f 7043 7044 7052 7051
f 7044 7045 7053 7052
f 7045 7046 7054 7053
f 7046 7047 7055 7054
f 7047 7048 7056 7055
f 7048 7041 7049 7056
f 7048 7047 7046 7045 7044 7043 7042 7041
f 7049 7050 7051 7052 7053 7054 7055 7056
f 7057 7058 7066 7065
f 7058 7059 7067 7066
f 7059 7060 7068 7067
f 7060 7061 7069 7068
f 7061 7062 7070 7069
f 7062 7063 7071 7070
f 7063 7064 7072 7071
f 7064 7057 7065 7072
f 7064 7063 7062 7061 7060 7059 7058 7057
f 7065 7066 7067 7068 7069 7070 7071 7072
f 7073 7074 7082 7081
f 7074 7075 7083 7082
f 7075 7076 7084 7083
f 7076 7077 7085 7084
f 7077 7078 7086 7085
f 7078 7079 7087 7086
f 7079 7080 7088 7087
f 7080 7073 7081 7088
f 7080 7079 7078 7077 7076 7075 7074 7073
f 7081 7082 7083 7084 7085 7086 7087 7088
g VD_Spire_M_Spire_BareMetal
usemtl M_Spire_BareMetal
s 1
f 7089 7090 7106 7105
f 7090 7091 7107 7106
f 7091 7092 7108 7107
f 7092 7093 7109 7108
f 7093 7094 7110 7109
f 7094 7095 7111 7110
f 7095 7096 7112 7111
f 7096 7097 7113 7112
f 7097 7098 7114 7113
f 7098 7099 7115 7114
f 7099 7100 7116 7115
f 7100 7101 7117 7116
f 7101 7102 7118 7117
f 7102 7103 7119 7118
f 7103 7104 7120 7119
f 7104 7089 7105 7120
f 7104 7103 7102 7101 7100 7099 7098 7097 7096 7095 7094 7093 7092 7091 7090 7089
f 7105 7106 7107 7108 7109 7110 7111 7112 7113 7114 7115 7116 7117 7118 7119 7120
g VD_Spire_M_Spire_Fastener
usemtl M_Spire_Fastener
s 1
f 7121 7122 7130 7129
f 7122 7123 7131 7130
f 7123 7124 7132 7131
f 7124 7125 7133 7132
f 7125 7126 7134 7133
f 7126 7127 7135 7134
f 7127 7128 7136 7135
f 7128 7121 7129 7136
f 7128 7127 7126 7125 7124 7123 7122 7121
f 7129 7130 7131 7132 7133 7134 7135 7136
f 7137 7138 7146 7145
f 7138 7139 7147 7146
f 7139 7140 7148 7147
f 7140 7141 7149 7148
f 7141 7142 7150 7149
f 7142 7143 7151 7150
f 7143 7144 7152 7151
f 7144 7137 7145 7152
f 7144 7143 7142 7141 7140 7139 7138 7137
f 7145 7146 7147 7148 7149 7150 7151 7152
f 7153 7154 7162 7161
f 7154 7155 7163 7162
f 7155 7156 7164 7163
f 7156 7157 7165 7164
f 7157 7158 7166 7165
f 7158 7159 7167 7166
f 7159 7160 7168 7167
f 7160 7153 7161 7168
f 7160 7159 7158 7157 7156 7155 7154 7153
f 7161 7162 7163 7164 7165 7166 7167 7168
f 7169 7170 7178 7177
f 7170 7171 7179 7178
f 7171 7172 7180 7179
f 7172 7173 7181 7180
f 7173 7174 7182 7181
f 7174 7175 7183 7182
f 7175 7176 7184 7183
f 7176 7169 7177 7184
f 7176 7175 7174 7173 7172 7171 7170 7169
f 7177 7178 7179 7180 7181 7182 7183 7184
f 7185 7186 7194 7193
f 7186 7187 7195 7194
f 7187 7188 7196 7195
f 7188 7189 7197 7196
f 7189 7190 7198 7197
f 7190 7191 7199 7198
f 7191 7192 7200 7199
f 7192 7185 7193 7200
f 7192 7191 7190 7189 7188 7187 7186 7185
f 7193 7194 7195 7196 7197 7198 7199 7200
f 7201 7202 7210 7209
f 7202 7203 7211 7210
f 7203 7204 7212 7211
f 7204 7205 7213 7212
f 7205 7206 7214 7213
f 7206 7207 7215 7214
f 7207 7208 7216 7215
f 7208 7201 7209 7216
f 7208 7207 7206 7205 7204 7203 7202 7201
f 7209 7210 7211 7212 7213 7214 7215 7216
f 7217 7218 7226 7225
f 7218 7219 7227 7226
f 7219 7220 7228 7227
f 7220 7221 7229 7228
f 7221 7222 7230 7229
f 7222 7223 7231 7230
f 7223 7224 7232 7231
f 7224 7217 7225 7232
f 7224 7223 7222 7221 7220 7219 7218 7217
f 7225 7226 7227 7228 7229 7230 7231 7232
f 7233 7234 7242 7241
f 7234 7235 7243 7242
f 7235 7236 7244 7243
f 7236 7237 7245 7244
f 7237 7238 7246 7245
f 7238 7239 7247 7246
f 7239 7240 7248 7247
f 7240 7233 7241 7248
f 7240 7239 7238 7237 7236 7235 7234 7233
f 7241 7242 7243 7244 7245 7246 7247 7248
f 7249 7250 7258 7257
f 7250 7251 7259 7258
f 7251 7252 7260 7259
f 7252 7253 7261 7260
f 7253 7254 7262 7261
f 7254 7255 7263 7262
f 7255 7256 7264 7263
f 7256 7249 7257 7264
f 7256 7255 7254 7253 7252 7251 7250 7249
f 7257 7258 7259 7260 7261 7262 7263 7264
f 7265 7266 7274 7273
f 7266 7267 7275 7274
f 7267 7268 7276 7275
f 7268 7269 7277 7276
f 7269 7270 7278 7277
f 7270 7271 7279 7278
f 7271 7272 7280 7279
f 7272 7265 7273 7280
f 7272 7271 7270 7269 7268 7267 7266 7265
f 7273 7274 7275 7276 7277 7278 7279 7280
f 7281 7282 7290 7289
f 7282 7283 7291 7290
f 7283 7284 7292 7291
f 7284 7285 7293 7292
f 7285 7286 7294 7293
f 7286 7287 7295 7294
f 7287 7288 7296 7295
f 7288 7281 7289 7296
f 7288 7287 7286 7285 7284 7283 7282 7281
f 7289 7290 7291 7292 7293 7294 7295 7296
f 7297 7298 7306 7305
f 7298 7299 7307 7306
f 7299 7300 7308 7307
f 7300 7301 7309 7308
f 7301 7302 7310 7309
f 7302 7303 7311 7310
f 7303 7304 7312 7311
f 7304 7297 7305 7312
f 7304 7303 7302 7301 7300 7299 7298 7297
f 7305 7306 7307 7308 7309 7310 7311 7312
g VD_Spire_M_Spire_BareMetal
usemtl M_Spire_BareMetal
s 1
f 7313 7314 7330 7329
f 7314 7315 7331 7330
f 7315 7316 7332 7331
f 7316 7317 7333 7332
f 7317 7318 7334 7333
f 7318 7319 7335 7334
f 7319 7320 7336 7335
f 7320 7321 7337 7336
f 7321 7322 7338 7337
f 7322 7323 7339 7338
f 7323 7324 7340 7339
f 7324 7325 7341 7340
f 7325 7326 7342 7341
f 7326 7327 7343 7342
f 7327 7328 7344 7343
f 7328 7313 7329 7344
f 7328 7327 7326 7325 7324 7323 7322 7321 7320 7319 7318 7317 7316 7315 7314 7313
f 7329 7330 7331 7332 7333 7334 7335 7336 7337 7338 7339 7340 7341 7342 7343 7344
g VD_Spire_M_Spire_Fastener
usemtl M_Spire_Fastener
s 1
f 7345 7346 7354 7353
f 7346 7347 7355 7354
f 7347 7348 7356 7355
f 7348 7349 7357 7356
f 7349 7350 7358 7357
f 7350 7351 7359 7358
f 7351 7352 7360 7359
f 7352 7345 7353 7360
f 7352 7351 7350 7349 7348 7347 7346 7345
f 7353 7354 7355 7356 7357 7358 7359 7360
f 7361 7362 7370 7369
f 7362 7363 7371 7370
f 7363 7364 7372 7371
f 7364 7365 7373 7372
f 7365 7366 7374 7373
f 7366 7367 7375 7374
f 7367 7368 7376 7375
f 7368 7361 7369 7376
f 7368 7367 7366 7365 7364 7363 7362 7361
f 7369 7370 7371 7372 7373 7374 7375 7376
f 7377 7378 7386 7385
f 7378 7379 7387 7386
f 7379 7380 7388 7387
f 7380 7381 7389 7388
f 7381 7382 7390 7389
f 7382 7383 7391 7390
f 7383 7384 7392 7391
f 7384 7377 7385 7392
f 7384 7383 7382 7381 7380 7379 7378 7377
f 7385 7386 7387 7388 7389 7390 7391 7392
f 7393 7394 7402 7401
f 7394 7395 7403 7402
f 7395 7396 7404 7403
f 7396 7397 7405 7404
f 7397 7398 7406 7405
f 7398 7399 7407 7406
f 7399 7400 7408 7407
f 7400 7393 7401 7408
f 7400 7399 7398 7397 7396 7395 7394 7393
f 7401 7402 7403 7404 7405 7406 7407 7408
f 7409 7410 7418 7417
f 7410 7411 7419 7418
f 7411 7412 7420 7419
f 7412 7413 7421 7420
f 7413 7414 7422 7421
f 7414 7415 7423 7422
f 7415 7416 7424 7423
f 7416 7409 7417 7424
f 7416 7415 7414 7413 7412 7411 7410 7409
f 7417 7418 7419 7420 7421 7422 7423 7424
f 7425 7426 7434 7433
f 7426 7427 7435 7434
f 7427 7428 7436 7435
f 7428 7429 7437 7436
f 7429 7430 7438 7437
f 7430 7431 7439 7438
f 7431 7432 7440 7439
f 7432 7425 7433 7440
f 7432 7431 7430 7429 7428 7427 7426 7425
f 7433 7434 7435 7436 7437 7438 7439 7440
f 7441 7442 7450 7449
f 7442 7443 7451 7450
f 7443 7444 7452 7451
f 7444 7445 7453 7452
f 7445 7446 7454 7453
f 7446 7447 7455 7454
f 7447 7448 7456 7455
f 7448 7441 7449 7456
f 7448 7447 7446 7445 7444 7443 7442 7441
f 7449 7450 7451 7452 7453 7454 7455 7456
f 7457 7458 7466 7465
f 7458 7459 7467 7466
f 7459 7460 7468 7467
f 7460 7461 7469 7468
f 7461 7462 7470 7469
f 7462 7463 7471 7470
f 7463 7464 7472 7471
f 7464 7457 7465 7472
f 7464 7463 7462 7461 7460 7459 7458 7457
f 7465 7466 7467 7468 7469 7470 7471 7472
f 7473 7474 7482 7481
f 7474 7475 7483 7482
f 7475 7476 7484 7483
f 7476 7477 7485 7484
f 7477 7478 7486 7485
f 7478 7479 7487 7486
f 7479 7480 7488 7487
f 7480 7473 7481 7488
f 7480 7479 7478 7477 7476 7475 7474 7473
f 7481 7482 7483 7484 7485 7486 7487 7488
f 7489 7490 7498 7497
f 7490 7491 7499 7498
f 7491 7492 7500 7499
f 7492 7493 7501 7500
f 7493 7494 7502 7501
f 7494 7495 7503 7502
f 7495 7496 7504 7503
f 7496 7489 7497 7504
f 7496 7495 7494 7493 7492 7491 7490 7489
f 7497 7498 7499 7500 7501 7502 7503 7504
f 7505 7506 7514 7513
f 7506 7507 7515 7514
f 7507 7508 7516 7515
f 7508 7509 7517 7516
f 7509 7510 7518 7517
f 7510 7511 7519 7518
f 7511 7512 7520 7519
f 7512 7505 7513 7520
f 7512 7511 7510 7509 7508 7507 7506 7505
f 7513 7514 7515 7516 7517 7518 7519 7520
f 7521 7522 7530 7529
f 7522 7523 7531 7530
f 7523 7524 7532 7531
f 7524 7525 7533 7532
f 7525 7526 7534 7533
f 7526 7527 7535 7534
f 7527 7528 7536 7535
f 7528 7521 7529 7536
f 7528 7527 7526 7525 7524 7523 7522 7521
f 7529 7530 7531 7532 7533 7534 7535 7536
g VD_Spire_M_Spire_BareMetal
usemtl M_Spire_BareMetal
s 1
f 7537 7538 7554 7553
f 7538 7539 7555 7554
f 7539 7540 7556 7555
f 7540 7541 7557 7556
f 7541 7542 7558 7557
f 7542 7543 7559 7558
f 7543 7544 7560 7559
f 7544 7545 7561 7560
f 7545 7546 7562 7561
f 7546 7547 7563 7562
f 7547 7548 7564 7563
f 7548 7549 7565 7564
f 7549 7550 7566 7565
f 7550 7551 7567 7566
f 7551 7552 7568 7567
f 7552 7537 7553 7568
f 7552 7551 7550 7549 7548 7547 7546 7545 7544 7543 7542 7541 7540 7539 7538 7537
f 7553 7554 7555 7556 7557 7558 7559 7560 7561 7562 7563 7564 7565 7566 7567 7568
g VD_Spire_M_Spire_Fastener
usemtl M_Spire_Fastener
s 1
f 7569 7570 7578 7577
f 7570 7571 7579 7578
f 7571 7572 7580 7579
f 7572 7573 7581 7580
f 7573 7574 7582 7581
f 7574 7575 7583 7582
f 7575 7576 7584 7583
f 7576 7569 7577 7584
f 7576 7575 7574 7573 7572 7571 7570 7569
f 7577 7578 7579 7580 7581 7582 7583 7584
f 7585 7586 7594 7593
f 7586 7587 7595 7594
f 7587 7588 7596 7595
f 7588 7589 7597 7596
f 7589 7590 7598 7597
f 7590 7591 7599 7598
f 7591 7592 7600 7599
f 7592 7585 7593 7600
f 7592 7591 7590 7589 7588 7587 7586 7585
f 7593 7594 7595 7596 7597 7598 7599 7600
f 7601 7602 7610 7609
f 7602 7603 7611 7610
f 7603 7604 7612 7611
f 7604 7605 7613 7612
f 7605 7606 7614 7613
f 7606 7607 7615 7614
f 7607 7608 7616 7615
f 7608 7601 7609 7616
f 7608 7607 7606 7605 7604 7603 7602 7601
f 7609 7610 7611 7612 7613 7614 7615 7616
f 7617 7618 7626 7625
f 7618 7619 7627 7626
f 7619 7620 7628 7627
f 7620 7621 7629 7628
f 7621 7622 7630 7629
f 7622 7623 7631 7630
f 7623 7624 7632 7631
f 7624 7617 7625 7632
f 7624 7623 7622 7621 7620 7619 7618 7617
f 7625 7626 7627 7628 7629 7630 7631 7632
f 7633 7634 7642 7641
f 7634 7635 7643 7642
f 7635 7636 7644 7643
f 7636 7637 7645 7644
f 7637 7638 7646 7645
f 7638 7639 7647 7646
f 7639 7640 7648 7647
f 7640 7633 7641 7648
f 7640 7639 7638 7637 7636 7635 7634 7633
f 7641 7642 7643 7644 7645 7646 7647 7648
f 7649 7650 7658 7657
f 7650 7651 7659 7658
f 7651 7652 7660 7659
f 7652 7653 7661 7660
f 7653 7654 7662 7661
f 7654 7655 7663 7662
f 7655 7656 7664 7663
f 7656 7649 7657 7664
f 7656 7655 7654 7653 7652 7651 7650 7649
f 7657 7658 7659 7660 7661 7662 7663 7664
f 7665 7666 7674 7673
f 7666 7667 7675 7674
f 7667 7668 7676 7675
f 7668 7669 7677 7676
f 7669 7670 7678 7677
f 7670 7671 7679 7678
f 7671 7672 7680 7679
f 7672 7665 7673 7680
f 7672 7671 7670 7669 7668 7667 7666 7665
f 7673 7674 7675 7676 7677 7678 7679 7680
f 7681 7682 7690 7689
f 7682 7683 7691 7690
f 7683 7684 7692 7691
f 7684 7685 7693 7692
f 7685 7686 7694 7693
f 7686 7687 7695 7694
f 7687 7688 7696 7695
f 7688 7681 7689 7696
f 7688 7687 7686 7685 7684 7683 7682 7681
f 7689 7690 7691 7692 7693 7694 7695 7696
f 7697 7698 7706 7705
f 7698 7699 7707 7706
f 7699 7700 7708 7707
f 7700 7701 7709 7708
f 7701 7702 7710 7709
f 7702 7703 7711 7710
f 7703 7704 7712 7711
f 7704 7697 7705 7712
f 7704 7703 7702 7701 7700 7699 7698 7697
f 7705 7706 7707 7708 7709 7710 7711 7712
f 7713 7714 7722 7721
f 7714 7715 7723 7722
f 7715 7716 7724 7723
f 7716 7717 7725 7724
f 7717 7718 7726 7725
f 7718 7719 7727 7726
f 7719 7720 7728 7727
f 7720 7713 7721 7728
f 7720 7719 7718 7717 7716 7715 7714 7713
f 7721 7722 7723 7724 7725 7726 7727 7728
f 7729 7730 7738 7737
f 7730 7731 7739 7738
f 7731 7732 7740 7739
f 7732 7733 7741 7740
f 7733 7734 7742 7741
f 7734 7735 7743 7742
f 7735 7736 7744 7743
f 7736 7729 7737 7744
f 7736 7735 7734 7733 7732 7731 7730 7729
f 7737 7738 7739 7740 7741 7742 7743 7744
f 7745 7746 7754 7753
f 7746 7747 7755 7754
f 7747 7748 7756 7755
f 7748 7749 7757 7756
f 7749 7750 7758 7757
f 7750 7751 7759 7758
f 7751 7752 7760 7759
f 7752 7745 7753 7760
f 7752 7751 7750 7749 7748 7747 7746 7745
f 7753 7754 7755 7756 7757 7758 7759 7760
g VD_Spire_M_Spire_BareMetal
usemtl M_Spire_BareMetal
s 1
f 7761 7762 7774 7773
f 7762 7763 7775 7774
f 7763 7764 7776 7775
f 7764 7765 7777 7776
f 7765 7766 7778 7777
f 7766 7767 7779 7778
f 7767 7768 7780 7779
f 7768 7769 7781 7780
f 7769 7770 7782 7781
f 7770 7771 7783 7782
f 7771 7772 7784 7783
f 7772 7761 7773 7784
f 7772 7771 7770 7769 7768 7767 7766 7765 7764 7763 7762 7761
f 7773 7774 7775 7776 7777 7778 7779 7780 7781 7782 7783 7784
f 7785 7786 7794 7793
f 7786 7787 7795 7794
f 7787 7788 7796 7795
f 7788 7789 7797 7796
f 7789 7790 7798 7797
f 7790 7791 7799 7798
f 7791 7792 7800 7799
f 7792 7785 7793 7800
f 7792 7791 7790 7789 7788 7787 7786 7785
f 7793 7794 7795 7796 7797 7798 7799 7800
f 7801 7802 7810 7809
f 7802 7803 7811 7810
f 7803 7804 7812 7811
f 7804 7805 7813 7812
f 7805 7806 7814 7813
f 7806 7807 7815 7814
f 7807 7808 7816 7815
f 7808 7801 7809 7816
f 7808 7807 7806 7805 7804 7803 7802 7801
f 7809 7810 7811 7812 7813 7814 7815 7816
g VD_Spire_M_Spire_ServicePanel
usemtl M_Spire_ServicePanel
s 1
f 7817 7818 7820 7819
f 7821 7823 7824 7822
f 7817 7821 7822 7818
f 7819 7820 7824 7823
f 7817 7819 7823 7821
f 7818 7822 7824 7820
f 7825 7826 7828 7827
f 7829 7831 7832 7830
f 7825 7829 7830 7826
f 7827 7828 7832 7831
f 7825 7827 7831 7829
f 7826 7830 7832 7828
