# Generated by scripts/generate_entrance_terrace_reveal_kit.py
# Vertex RGB encodes wind stiffness: 0=root/rigid, 1=free tip
mtllib VD_EntranceTerraceReveal.mtl
o VD_Aloe_Specimen
v 10.903556 2.367943 0.000000 0.000000 0.000000 0.000000
v 9.913990 7.342827 0.000000 0.000000 0.000000 0.000000
v 7.095944 11.560331 0.000000 0.000000 0.000000 0.000000
v 2.878441 14.378377 0.000000 0.000000 0.000000 0.000000
v -2.096444 15.367943 0.000000 0.000000 0.000000 0.000000
v -7.071328 14.378377 0.000000 0.000000 0.000000 0.000000
v -11.288832 11.560331 0.000000 0.000000 0.000000 0.000000
v -14.106878 7.342827 0.000000 0.000000 0.000000 0.000000
v -15.096444 2.367943 0.000000 0.000000 0.000000 0.000000
v -14.106878 -2.606942 0.000000 0.000000 0.000000 0.000000
v -11.288832 -6.824446 0.000000 0.000000 0.000000 0.000000
v -7.071328 -9.642491 0.000000 0.000000 0.000000 0.000000
v -2.096444 -10.632057 0.000000 0.000000 0.000000 0.000000
v 2.878441 -9.642491 0.000000 0.000000 0.000000 0.000000
v 7.095944 -6.824446 0.000000 0.000000 0.000000 0.000000
v 9.913990 -2.606942 0.000000 0.000000 0.000000 0.000000
v 7.263556 2.367943 6.000000 0.000000 0.000000 0.000000
v 6.551069 5.949860 6.000000 0.000000 0.000000 0.000000
v 4.522076 8.986462 6.000000 0.000000 0.000000 0.000000
v 1.485473 11.015455 6.000000 0.000000 0.000000 0.000000
v -2.096444 11.727943 6.000000 0.000000 0.000000 0.000000
v -5.678361 11.015455 6.000000 0.000000 0.000000 0.000000
v -8.714963 8.986462 6.000000 0.000000 0.000000 0.000000
v -10.743956 5.949860 6.000000 0.000000 0.000000 0.000000
v -11.456444 2.367943 6.000000 0.000000 0.000000 0.000000
v -10.743956 -1.213974 6.000000 0.000000 0.000000 0.000000
v -8.714963 -4.250577 6.000000 0.000000 0.000000 0.000000
v -5.678361 -6.279570 6.000000 0.000000 0.000000 0.000000
v -2.096444 -6.992057 6.000000 0.000000 0.000000 0.000000
v 1.485473 -6.279570 6.000000 0.000000 0.000000 0.000000
v 4.522076 -4.250577 6.000000 0.000000 0.000000 0.000000
v 6.551069 -1.213974 6.000000 0.000000 0.000000 0.000000
v -2.096444 2.367943 8.500000 0.000000 0.000000 0.000000
v -2.096444 2.367943 0.000000 0.000000 0.000000 0.000000
v 1.640046 2.524714 5.889774 0.000000 0.000000 0.000000
v 2.478967 -1.243431 5.000000 0.000000 0.000000 0.000000
v 3.581831 2.606185 3.347563 0.000000 0.000000 0.000000
v 2.160375 6.349888 5.000000 0.000000 0.000000 0.000000
v 6.975964 2.748592 9.545552 0.040192 0.040192 0.040192
v 7.675636 -0.709203 8.689119 0.040192 0.040192 0.040192
v 8.557735 2.814958 7.098600 0.040192 0.040192 0.040192
v 7.383531 6.252843 8.689119 0.040192 0.040192 0.040192
v 12.828307 2.994137 12.939622 0.098963 0.098963 0.098963
v 13.401446 -0.136496 12.137311 0.098963 0.098963 0.098963
v 14.088339 3.047004 10.647305 0.098963 0.098963 0.098963
v 13.137191 6.161777 12.137311 0.098963 0.098963 0.098963
v 13.006337 9.280559 12.137311 0.098963 0.098963 0.098963
v 13.532300 -3.255278 12.137311 0.098963 0.098963 0.098963
v 19.196946 3.261344 16.074310 0.167645 0.167645 0.167645
v 19.656236 0.478490 15.344576 0.167645 0.167645 0.167645
v 20.173885 3.302334 13.989355 0.167645 0.167645 0.167645
v 19.421513 6.072892 15.344576 0.167645 0.167645 0.167645
v 26.082461 3.550238 18.951057 0.243676 0.243676 0.243676
v 26.439769 1.141434 18.310913 0.243676 0.243676 0.243676
v 26.813295 3.580902 17.122075 0.243676 0.243676 0.243676
v 26.236737 5.980507 18.310913 0.243676 0.243676 0.243676
v 26.130372 8.515609 18.310913 0.243676 0.243676 0.243676
v 26.546133 -1.393668 18.310913 0.243676 0.243676 0.243676
v 33.485918 3.860864 21.569928 0.325683 0.325683 0.325683
v 33.751655 1.861597 21.036324 0.325683 0.325683 0.325683
v 34.004586 3.882625 20.045345 0.325683 0.325683 0.325683
v 33.583250 5.875363 21.036324 0.325683 0.325683 0.325683
v 41.408822 4.193283 23.928546 0.412792 0.412792 0.412792
v 41.591168 2.656296 23.520808 0.412792 0.412792 0.412792
v 41.744968 4.207387 22.763582 0.412792 0.412792 0.412792
v 41.461779 5.740142 23.520808 0.412792 0.412792 0.412792
v 41.384872 7.573153 23.520808 0.412792 0.412792 0.412792
v 41.668075 0.823285 23.520808 0.412792 0.412792 0.412792
v 49.853583 4.547598 26.018203 0.504384 0.504384 0.504384
v 49.956545 3.567551 25.764365 0.504384 0.504384 0.504384
v 50.029964 4.554998 25.292953 0.504384 0.504384 0.504384
v 49.874088 5.532825 25.764365 0.504384 0.504384 0.504384
v 62.903993 5.095151 28.610467 0.600000 0.600000 0.600000
v -4.737530 5.075885 5.920956 0.000000 0.000000 0.000000
v -2.462174 8.185385 5.000000 0.000000 0.000000 0.000000
v -6.009019 6.379559 3.289654 0.000000 0.000000 0.000000
v -7.902929 2.878956 5.000000 0.000000 0.000000 0.000000
v -8.162646 8.587703 8.934851 0.040192 0.040192 0.040192
v -6.026611 11.387591 8.053178 0.040192 0.040192 0.040192
v -9.186023 9.636985 6.415786 0.040192 0.040192 0.040192
v -11.015046 6.522313 8.053178 0.040192 0.040192 0.040192
v -11.916798 12.436886 11.708870 0.098963 0.098963 0.098963
v -9.942176 14.926519 10.886890 0.098963 0.098963 0.098963
v -12.721922 13.262391 9.360357 0.098963 0.098963 0.098963
v -14.455006 10.525105 10.886890 0.098963 0.098963 0.098963
v -16.689671 8.345611 10.886890 0.098963 0.098963 0.098963
v -7.707511 17.106013 10.886890 0.098963 0.098963 0.098963
v -16.000204 16.623658 14.245618 0.167645 0.167645 0.167645
v -14.211593 18.799517 13.501137 0.167645 0.167645 0.167645
v -16.616307 17.255356 12.118530 0.167645 0.167645 0.167645
v -18.220086 14.889988 13.501137 0.167645 0.167645 0.167645
v -20.413524 21.148695 16.546639 0.243676 0.243676 0.243676
v -18.838931 23.002613 15.895918 0.243676 0.243676 0.243676
v -20.867954 21.614628 14.687437 0.243676 0.243676 0.243676
v -22.306217 19.620930 15.895918 0.243676 0.243676 0.243676
v -24.122665 17.849328 15.895918 0.243676 0.243676 0.243676
v -17.022484 24.774215 15.895918 0.243676 0.243676 0.243676
v -25.157674 26.012937 18.611990 0.325683 0.325683 0.325683
v -23.830826 27.529338 18.071234 0.325683 0.325683 0.325683
v -25.475161 26.338460 17.066972 0.325683 0.325683 0.325683
v -26.706763 24.724403 18.071234 0.325683 0.325683 0.325683
v -30.233769 31.217526 20.439217 0.412792 0.412792 0.412792
v -29.199684 32.367589 20.027084 0.412792 0.412792 0.412792
v -30.435860 31.424733 19.261694 0.412792 0.412792 0.412792
v -31.409317 30.212509 20.027084 0.412792 0.412792 0.412792
v -32.722703 28.931548 20.027084 0.412792 0.412792 0.412792
v -27.886298 33.648549 20.027084 0.412792 0.412792 0.412792
v -35.643365 36.764060 22.019484 0.504384 0.504384 0.504384
v -34.975615 37.488001 21.763468 0.504384 0.504384 0.504384
v -35.747157 36.870479 21.288010 0.504384 0.504384 0.504384
v -36.383770 36.114611 21.763468 0.504384 0.504384 0.504384
v -44.258276 45.597045 23.974064 0.600000 0.600000 0.600000
v -1.973018 -1.444703 5.942307 0.000000 0.000000 0.000000
v -5.751441 -2.172695 5.000000 0.000000 0.000000 0.000000
v -1.917055 -3.173389 3.250001 0.000000 0.000000 0.000000
v 1.844580 -1.926791 5.000000 0.000000 0.000000 0.000000
v -1.797283 -6.873164 9.037765 0.040192 0.040192 0.040192
v -5.263927 -7.468323 8.139138 0.040192 0.040192 0.040192
v -1.752662 -8.251530 6.470258 0.040192 0.040192 0.040192
v 1.700596 -7.242861 8.139138 0.040192 0.040192 0.040192
v -1.604599 -12.825190 11.870407 0.098963 0.098963 0.098963
v -4.742690 -13.303001 11.035457 0.098963 0.098963 0.098963
v -1.569838 -13.898986 9.484836 0.098963 0.098963 0.098963
v 1.557824 -13.099036 11.035457 0.098963 0.098963 0.098963
v 4.677716 -12.998036 11.035457 0.098963 0.098963 0.098963
v -7.862581 -13.404001 11.035457 0.098963 0.098963 0.098963
v -1.394945 -19.301443 14.442990 0.167645 0.167645 0.167645
v -4.183928 -19.676609 13.688959 0.167645 0.167645 0.167645
v -1.368623 -20.114528 12.288616 0.167645 0.167645 0.167645
v 1.412464 -19.495438 13.688959 0.167645 0.167645 0.167645
v -1.168280 -26.303131 16.757090 0.243676 0.243676 0.243676
v -3.581961 -26.588960 16.099642 0.243676 0.243676 0.243676
v -1.149090 -26.895915 14.878667 0.243676 0.243676 0.243676
v 1.258833 -26.432250 16.099642 0.243676 0.243676 0.243676
v 3.794837 -26.350153 16.099642 0.243676 0.243676 0.243676
v -6.117965 -26.671058 16.099642 0.243676 0.243676 0.243676
v -0.924558 -33.831731 18.812728 0.325683 0.325683 0.325683
v -2.927525 -34.039757 18.267507 0.325683 0.325683 0.325683
v -0.911329 -34.240402 17.254955 0.325683 0.325683 0.325683
v 1.087669 -33.909774 18.267507 0.325683 0.325683 0.325683
v -0.663726 -41.888887 20.607375 0.412792 0.412792 0.412792
v -2.203296 -42.028438 20.192554 0.412792 0.412792 0.412792
v -0.655437 -42.144934 19.422173 0.412792 0.412792 0.412792
v 0.881647 -41.928569 20.192554 0.412792 0.412792 0.412792
v 2.715310 -41.869209 20.192554 0.412792 0.412792 0.412792
v -4.036959 -42.087799 20.192554 0.412792 0.412792 0.412792
v -0.385714 -50.476690 22.132101 0.504384 0.504384 0.504384
v -1.367240 -50.553642 21.874783 0.504384 0.504384 0.504384
v -0.381540 -50.605632 21.396908 0.504384 0.504384 0.504384
v 0.598733 -50.489997 21.874783 0.504384 0.504384 0.504384
v 0.043032 -63.720722 23.902681 0.600000 0.600000 0.600000
v 0.150348 5.403375 5.916680 0.000000 0.000000 0.000000
v 3.587519 3.659829 5.000000 0.000000 0.000000 0.000000
v 1.244196 6.881172 3.297594 0.000000 0.000000 0.000000
v -2.521130 8.181379 5.000000 0.000000 0.000000 0.000000
v 3.259222 9.603487 9.183717 0.040192 0.040192 0.040192
v 6.368305 7.947693 8.305473 0.040192 0.040192 0.040192
v 4.141168 10.795004 6.674447 0.040192 0.040192 0.040192
v 0.767501 12.093343 8.305473 0.040192 0.040192 0.040192
v 6.667932 14.208681 12.195950 0.098963 0.098963 0.098963
v 9.444633 12.662175 11.376618 0.098963 0.098963 0.098963
v 7.363057 15.147801 9.855000 0.098963 0.098963 0.098963
v 4.377819 16.412571 11.376618 0.098963 0.098963 0.098963
v 1.868831 18.269694 11.376618 0.098963 0.098963 0.098963
v 11.953620 10.805052 11.376618 0.098963 0.098963 0.098963
v 10.376627 19.219156 14.955949 0.167645 0.167645 0.167645
v 12.813446 17.805535 14.213435 0.167645 0.167645 0.167645
v 10.909588 19.939190 12.834480 0.167645 0.167645 0.167645
v 8.312880 21.136801 14.213435 0.167645 0.167645 0.167645
v 14.385837 24.635629 17.465248 0.243676 0.243676 0.243676
v 16.470175 23.381156 16.815925 0.243676 0.243676 0.243676
v 14.779774 25.167841 15.610039 0.243676 0.243676 0.243676
v 12.577254 26.262650 16.815925 0.243676 0.243676 0.243676
v 10.537824 27.772213 16.815925 0.243676 0.243676 0.243676
v 18.509606 21.871593 16.815925 0.243676 0.243676 0.243676
v 18.696323 30.459129 19.723906 0.325683 0.325683 0.325683
v 20.407371 29.394552 19.184086 0.325683 0.325683 0.325683
v 18.972201 30.831843 18.181564 0.325683 0.325683 0.325683
v 17.178390 31.784606 19.184086 0.325683 0.325683 0.325683
v 23.309028 36.690929 21.729483 0.412792 0.412792 0.412792
v 24.611102 35.856035 21.317920 0.412792 0.412792 0.412792
v 23.485122 36.928832 20.553589 0.412792 0.412792 0.412792
v 22.130220 37.692355 21.317920 0.412792 0.412792 0.412792
v 20.655605 38.783848 21.317920 0.412792 0.412792 0.412792
v 26.085717 34.764543 21.317920 0.412792 0.412792 0.412792
v 28.225295 43.332843 23.473163 0.504384 0.504384 0.504384
v 29.047565 42.790627 23.217427 0.504384 0.504384 0.504384
v 28.316040 43.455440 22.742487 0.504384 0.504384 0.504384
v 27.466547 43.960877 23.217427 0.504384 0.504384 0.504384
v 35.890245 53.688249 25.597061 0.600000 0.600000 0.600000
v -5.749478 1.554083 5.891922 0.000000 0.000000 0.000000
v -7.237014 5.115840 5.000000 0.000000 0.000000 0.000000
v -7.638601 1.133205 3.343574 0.000000 0.000000 0.000000
v -5.584329 -2.302289 5.000000 0.000000 0.000000 0.000000
v -10.713724 0.448098 9.343616 0.040192 0.040192 0.040192
v -12.009557 3.728905 8.485427 0.040192 0.040192 0.040192
v -12.251406 0.105518 6.891647 0.040192 0.040192 0.040192
v -10.494268 -3.072515 8.485427 0.040192 0.040192 0.040192
v -16.157108 -0.764633 12.545497 0.098963 0.098963 0.098963
v -17.270893 2.216409 11.741804 0.098963 0.098963 0.098963
v -17.381039 -1.037313 10.249232 0.098963 0.098963 0.098963
v -15.900075 -3.936552 11.741804 0.098963 0.098963 0.098963
v -15.221272 -6.983378 11.741804 0.098963 0.098963 0.098963
v -17.949696 5.263235 11.741804 0.098963 0.098963 0.098963
v -22.079530 -2.084090 15.499910 0.167645 0.167645 0.167645
v -23.020195 0.574641 14.769131 0.167645 0.167645 0.167645
v -23.027687 -2.295330 13.411968 0.167645 0.167645 0.167645
v -21.802574 -4.890689 14.769131 0.167645 0.167645 0.167645
v -28.481580 -3.510403 18.208308 0.243676 0.243676 0.243676
v -29.256227 -1.201949 17.567407 0.243676 0.243676 0.243676
v -29.190252 -3.668288 16.377163 0.243676 0.243676 0.243676
v -28.203003 -5.929377 17.567407 0.243676 0.243676 0.243676
v -27.651239 -8.405989 17.567407 0.243676 0.243676 0.243676
v -29.807992 1.274663 17.567407 0.243676 0.243676 0.243676
v -35.364318 -5.043809 20.670754 0.325683 0.325683 0.325683
v -35.976973 -3.122408 20.136633 0.325683 0.325683 0.325683
v -35.866769 -5.155750 19.144695 0.325683 0.325683 0.325683
v -35.103378 -7.043569 20.136633 0.325683 0.325683 0.325683
v -42.729218 -6.684635 22.884867 0.412792 0.412792 0.412792
v -43.178665 -5.203651 22.476809 0.412792 0.412792 0.412792
v -43.054497 -6.757104 21.718987 0.412792 0.412792 0.412792
v -42.507466 -8.216347 22.476809 0.412792 0.412792 0.412792
v -42.108511 -10.007068 22.476809 0.412792 0.412792 0.412792
v -43.577619 -3.412931 22.476809 0.412792 0.412792 0.412792
v -50.578624 -8.433405 24.841933 0.504384 0.504384 0.504384
v -50.852156 -7.486731 24.587935 0.504384 0.504384 0.504384
v -50.749084 -8.471382 24.116224 0.504384 0.504384 0.504384
v -50.424414 -9.406663 24.587935 0.504384 0.504384 0.504384
v -62.903993 -11.179374 27.303280 0.600000 0.600000 0.600000
v 1.231913 0.484233 5.948528 0.000000 0.000000 0.000000
v -0.121450 -3.116198 5.000000 0.000000 0.000000 0.000000
v 2.712799 -0.353887 3.238448 0.000000 0.000000 0.000000
v 3.621897 3.497980 5.000000 0.000000 0.000000 0.000000
v 5.749559 -2.072566 8.830736 0.040192 0.040192 0.040192
v 4.445543 -5.337924 7.927221 0.040192 0.040192 0.040192
v 6.926859 -2.738868 6.249266 0.040192 0.040192 0.040192
v 7.877686 0.726382 7.927221 0.040192 0.040192 0.040192
v 10.701616 -4.875222 11.461443 0.098963 0.098963 0.098963
v 9.469163 -7.799394 10.622794 0.098963 0.098963 0.098963
v 11.615917 -5.392677 9.065303 0.098963 0.098963 0.098963
v 12.574080 -2.313269 10.622794 0.098963 0.098963 0.098963
v 14.111574 0.403353 10.622794 0.098963 0.098963 0.098963
v 7.931670 -10.516016 10.622794 0.098963 0.098963 0.098963
v 16.088754 -7.924115 13.843446 0.167645 0.167645 0.167645
v 14.951284 -10.497297 13.086719 0.167645 0.167645 0.167645
v 16.778729 -8.314612 11.681369 0.167645 0.167645 0.167645
v 17.709206 -5.624281 13.086719 0.167645 0.167645 0.167645
v 21.912091 -11.219879 15.978322 0.243676 0.243676 0.243676
v 20.894704 -13.426687 15.318995 0.243676 0.243676 0.243676
v 22.413216 -11.503495 14.094531 0.243676 0.243676 0.243676
v 23.280265 -9.211602 15.318995 0.243676 0.243676 0.243676
v 24.530017 -7.003396 15.318995 0.243676 0.243676 0.243676
v 19.644952 -15.634894 15.318995 0.243676 0.243676 0.243676
v 28.172955 -14.763265 17.866076 0.325683 0.325683 0.325683
v 27.303989 -16.579498 17.319623 0.325683 0.325683 0.325683
v 28.516912 -14.957930 16.304781 0.325683 0.325683 0.325683
v 29.282691 -13.083298 17.319623 0.325683 0.325683 0.325683
v 34.872791 -18.555091 19.504156 0.412792 0.412792 0.412792
v 34.187676 -19.940645 19.088602 0.412792 0.412792 0.412792
v 35.087136 -18.676401 18.316859 0.412792 0.412792 0.412792
v 35.707947 -17.254454 19.088602 0.412792 0.412792 0.412792
v 36.611583 -15.657805 19.088602 0.412792 0.412792 0.412792
v 33.284040 -21.537293 19.088602 0.412792 0.412792 0.412792
v 42.013378 -22.596363 20.883601 0.504384 0.504384 0.504384
v 41.566480 -23.473527 20.625933 0.504384 0.504384 0.504384
v 42.120582 -22.657036 20.147409 0.504384 0.504384 0.504384
v 42.535319 -21.761670 20.625933 0.504384 0.504384 0.504384
v 53.190357 -28.922064 22.488944 0.600000 0.600000 0.600000
v -3.015987 6.044374 5.925798 0.000000 0.000000 0.000000
v 0.517509 7.577899 5.000000 0.000000 0.000000 0.000000
v -3.452965 7.791458 3.280661 0.000000 0.000000 0.000000
v -6.855368 5.733807 5.000000 0.000000 0.000000 0.000000
v -4.270033 11.058180 9.052762 0.040192 0.040192 0.040192
v -1.012915 12.394731 8.167220 0.040192 0.040192 0.040192
v -4.621026 12.461490 6.522643 0.040192 0.040192 0.040192
v -7.772846 10.703947 8.167220 0.040192 0.040192 0.040192
v -5.644858 16.554876 11.928058 0.098963 0.098963 0.098963
v -2.683587 17.705258 11.103101 0.098963 0.098963 0.098963
v -5.920411 17.656565 9.571038 0.098963 0.098963 0.098963
v -8.799015 16.175677 11.103101 0.098963 0.098963 0.098963
v -11.827255 15.418258 11.103101 0.098963 0.098963 0.098963
v 0.344653 18.462677 11.103101 0.098963 0.098963 0.098963
v -7.140557 22.534840 14.554328 0.167645 0.167645 0.167645
v -4.498196 23.508559 13.807642 0.167645 0.167645 0.167645
v -7.350942 23.375979 12.420939 0.167645 0.167645 0.167645
v -9.930187 22.149918 13.807642 0.167645 0.167645 0.167645
v -8.757374 28.999044 16.933127 0.243676 0.243676 0.243676
v -6.462257 29.803254 16.280843 0.243676 0.243676 0.243676
v -8.912168 29.617925 15.069459 0.243676 0.243676 0.243676
v -11.160846 28.628050 16.280843 0.243676 0.243676 0.243676
v -13.622352 28.012382 16.280843 0.243676 0.243676 0.243676
v -4.000752 30.418922 16.280843 0.243676 0.243676 0.243676
v -10.495636 35.948798 19.064504 0.325683 0.325683 0.325683
v -8.584760 36.587095 18.522704 0.325683 0.325683 0.325683
v -10.603480 36.379971 17.516504 0.325683 0.325683 0.325683
v -12.482002 35.612323 18.522704 0.325683 0.325683 0.325683
v -12.355733 43.385663 20.945991 0.412792 0.412792 0.412792
v -10.882521 43.855875 20.533226 0.412792 0.412792 0.412792
v -12.424154 43.659219 19.766661 0.412792 0.412792 0.412792
v -13.876840 43.106940 20.533226 0.412792 0.412792 0.412792
v -15.656637 42.661780 20.533226 0.412792 0.412792 0.412792
v -9.102724 44.301035 20.533226 0.412792 0.412792 0.412792
v -14.338199 51.311773 22.568732 0.504384 0.504384 0.504384
v -13.396339 51.599390 22.312407 0.504384 0.504384 0.504384
v -14.373199 51.451705 21.836375 0.504384 0.504384 0.504384
v -15.304559 51.122109 22.312407 0.504384 0.504384 0.504384
v -17.441907 63.720722 24.530287 0.600000 0.600000 0.600000
v -3.708976 -1.043449 5.914434 0.000000 0.000000 0.000000
v -7.420865 -0.004175 5.000000 0.000000 0.000000 0.000000
v -4.498591 -2.713919 3.301765 0.000000 0.000000 0.000000
v -0.549818 -3.252053 5.000000 0.000000 0.000000 0.000000
v -6.027160 -5.947683 9.337055 0.040192 0.040192 0.040192
v -9.400100 -4.930581 8.460616 0.040192 0.040192 0.040192
v -6.664388 -7.295770 6.832942 0.040192 0.040192 0.040192
v -3.100280 -7.908446 8.460616 0.040192 0.040192 0.040192
v -8.569411 -11.325940 12.495598 0.098963 0.098963 0.098963
v -11.594955 -10.351199 11.677663 0.098963 0.098963 0.098963
v -9.072130 -12.389467 10.158639 0.098963 0.098963 0.098963
v -5.895770 -13.045149 11.677663 0.098963 0.098963 0.098963
v -3.073645 -14.379141 11.677663 0.098963 0.098963 0.098963
v -14.417080 -9.017208 11.677663 0.098963 0.098963 0.098963
v -11.335819 -17.178414 15.392615 0.167645 0.167645 0.167645
v -14.001991 -16.267654 14.651141 0.167645 0.167645 0.167645
v -11.721645 -17.994648 13.274118 0.167645 0.167645 0.167645
v -8.939726 -18.660538 14.651141 0.167645 0.167645 0.167645
v -14.326756 -23.505889 18.029632 0.243676 0.243676 0.243676
v -16.616070 -22.682375 17.381050 0.243676 0.243676 0.243676
v -14.612248 -24.109861 16.176541 0.243676 0.243676 0.243676
v -12.237287 -24.752183 17.381050 0.243676 0.243676 0.243676
v -9.943322 -25.836518 17.381050 0.243676 0.243676 0.243676
v -18.910034 -21.598040 17.381050 0.243676 0.243676 0.243676
v -17.542760 -30.309504 20.406713 0.325683 0.325683 0.325683
v -19.428811 -29.599322 19.867391 0.325683 0.325683 0.325683
v -17.742936 -30.732987 18.865793 0.325683 0.325683 0.325683
v -15.796832 -31.316123 19.867391 0.325683 0.325683 0.325683
v -20.984504 -37.590685 22.521423 0.412792 0.412792 0.412792
v -22.424544 -37.025903 22.110163 0.412792 0.412792 0.412792
v -21.112458 -37.861377 21.346396 0.412792 0.412792 0.412792
v -19.634032 -38.344952 22.110163 0.412792 0.412792 0.412792
v -17.975376 -39.128982 22.110163 0.412792 0.412792 0.412792
v -24.083200 -36.241873 22.110163 0.412792 0.412792 0.412792
v -24.652961 -45.351487 24.364954 0.504384 0.504384 0.504384
v -25.565248 -44.980091 24.109367 0.504384 0.504384 0.504384
v -24.719011 -45.491218 23.634704 0.504384 0.504384 0.504384
v -23.786909 -45.820695 24.109367 0.504384 0.504384 0.504384
v -30.303746 -57.306003 26.590339 0.600000 0.600000 0.600000
v 1.501863 3.407290 5.894047 0.000000 0.000000 0.000000
v 3.204462 -0.056268 5.000000 0.000000 0.000000 0.000000
v 3.353581 3.942147 3.339626 0.000000 0.000000 0.000000
v 1.095466 7.245248 5.000000 0.000000 0.000000 0.000000
v 6.169076 4.755385 9.162974 0.040192 0.040192 0.040192
v 7.663032 1.560390 8.303049 0.040192 0.040192 0.040192
v 7.675145 5.190403 6.706046 0.040192 0.040192 0.040192
v 5.729368 8.254892 8.303049 0.040192 0.040192 0.040192
v 11.285531 6.233240 12.192733 0.098963 0.098963 0.098963
v 12.579418 3.326214 11.387677 0.098963 0.098963 0.098963
v 12.483343 6.579220 9.892573 0.098963 0.098963 0.098963
v 10.830113 9.382452 11.387677 0.098963 0.098963 0.098963
v 9.963891 12.381382 11.387677 0.098963 0.098963 0.098963
v 13.445640 0.327284 11.387677 0.098963 0.098963 0.098963
v 16.851158 7.840835 14.985694 0.167645 0.167645 0.167645
v 17.952564 5.244858 14.253884 0.167645 0.167645 0.167645
v 17.778306 8.108636 12.894808 0.167645 0.167645 0.167645
v 16.398755 10.624273 14.253884 0.167645 0.167645 0.167645
v 22.866559 9.578345 17.543315 0.243676 0.243676 0.243676
v 23.780894 7.321783 16.901670 0.243676 0.243676 0.243676
v 23.558913 9.778327 15.710043 0.243676 0.243676 0.243676
v 22.436872 11.974895 16.901670 0.243676 0.243676 0.243676
v 21.732764 14.412576 16.901670 0.243676 0.243676 0.243676
v 24.485002 4.884102 16.901670 0.243676 0.243676 0.243676
v 29.332794 11.446076 19.865663 0.325683 0.325683 0.325683
v 30.061834 9.565893 19.331035 0.325683 0.325683 0.325683
v 29.823197 11.587725 18.338154 0.325683 0.325683 0.325683
v 28.947036 13.425413 19.331035 0.325683 0.325683 0.325683
v 36.251321 13.444448 21.950351 0.412792 0.412792 0.412792
v 36.790576 11.993839 21.541979 0.412792 0.412792 0.412792
v 36.568451 13.536048 20.783573 0.412792 0.412792 0.412792
v 35.934057 14.959176 21.541979 0.412792 0.412792 0.412792
v 35.424950 16.721747 21.541979 0.412792 0.412792 0.412792
v 37.299683 10.231269 21.541979 0.412792 0.412792 0.412792
v 43.624436 15.574124 23.788657 0.504384 0.504384 0.504384
v 43.955448 14.646028 23.534501 0.504384 0.504384 0.504384
v 43.790411 15.622065 23.062498 0.504384 0.504384 0.504384
v 43.409606 16.535779 23.534501 0.504384 0.504384 0.504384
v 55.382662 18.970412 26.131761 0.600000 0.600000 0.600000
v -5.582967 3.729000 5.892053 0.000000 0.000000 0.000000
v -4.831963 7.515110 5.000000 0.000000 0.000000 0.000000
v -7.385438 4.432642 3.343330 0.000000 0.000000 0.000000
v -7.595701 0.435439 5.000000 0.000000 0.000000 0.000000
v -10.486370 5.643174 9.467199 0.040192 0.040192 0.040192
v -9.732861 9.089174 8.608902 0.040192 0.040192 0.040192
v -11.953449 6.215887 7.014923 0.040192 0.040192 0.040192
v -12.266835 2.598073 8.608902 0.040192 0.040192 0.040192
v -15.863890 7.742432 12.784326 0.098963 0.098963 0.098963
v -15.126387 10.838088 11.980549 0.098963 0.098963 0.098963
v -17.031568 8.198266 10.487821 0.098963 0.098963 0.098963
v -17.418767 4.965859 11.980549 0.098963 0.098963 0.098963
v -18.553909 2.058047 11.980549 0.098963 0.098963 0.098963
v -13.991244 13.745901 11.980549 0.098963 0.098963 0.098963
v -21.715434 10.026738 15.845785 0.167645 0.167645 0.167645
v -21.013923 12.758311 15.114941 0.167645 0.167645 0.167645
v -22.619965 10.379846 13.757660 0.167645 0.167645 0.167645
v -23.050116 7.542340 15.114941 0.167645 0.167645 0.167645
v -28.041566 12.496312 18.653024 0.243676 0.243676 0.243676
v -27.397538 14.844546 18.012077 0.243676 0.243676 0.243676
v -28.717595 12.760218 16.821748 0.243676 0.243676 0.243676
v -29.158814 10.332811 18.012077 0.243676 0.243676 0.243676
v -30.081514 7.969196 18.012077 0.243676 0.243676 0.243676
v -26.474838 17.208162 18.012077 0.243676 0.243676 0.243676
v -34.843298 15.151549 21.206110 0.325683 0.325683 0.325683
v -34.280601 17.088162 20.671958 0.325683 0.325683 0.325683
v -35.322577 15.338648 19.679962 0.325683 0.325683 0.325683
v -35.741490 13.345906 20.671958 0.325683 0.325683 0.325683
v -42.122039 17.992999 23.502661 0.412792 0.412792 0.412792
v -41.669416 19.473010 23.094583 0.412792 0.412792 0.412792
v -42.432296 18.114116 22.336726 0.412792 0.412792 0.412792
v -42.791842 16.597770 23.094583 0.412792 0.412792 0.412792
v -43.459003 14.888753 23.094583 0.412792 0.412792 0.412792
v -41.002255 21.182028 23.094583 0.412792 0.412792 0.412792
v -49.880024 21.021535 25.533961 0.504384 0.504384 0.504384
v -49.579275 21.959915 25.279953 0.504384 0.504384 0.504384
v -50.042600 21.085001 24.808225 0.504384 0.504384 0.504384
v -50.294576 20.127581 25.279953 0.504384 0.504384 0.504384
v -61.926707 25.724279 28.060714 0.600000 0.600000 0.600000
v -0.431409 -1.021488 5.916555 0.000000 0.000000 0.000000
v -3.558286 -3.274700 5.000000 0.000000 0.000000 0.000000
v 0.379474 -2.672162 3.297826 0.000000 0.000000 0.000000
v 3.263086 0.076253 5.000000 0.000000 0.000000 0.000000
v 1.930041 -5.828577 9.269478 0.040192 0.040192 0.040192
v -0.968255 -7.830603 8.391334 0.040192 0.040192 0.040192
v 2.583872 -7.159549 6.760494 0.040192 0.040192 0.040192
v 5.286020 -4.758232 8.391334 0.040192 0.040192 0.040192
v 4.519546 -11.099907 12.361605 0.098963 0.098963 0.098963
v 1.870931 -12.856811 11.542350 0.098963 0.098963 0.098963
v 5.034905 -12.148997 10.020876 0.098963 0.098963 0.098963
v 7.528913 -10.077366 11.542350 0.098963 0.098963 0.098963
v 10.330635 -8.701039 11.542350 0.098963 0.098963 0.098963
v -0.930791 -14.233138 11.542350 0.098963 0.098963 0.098963
v 7.337215 -16.835699 15.195504 0.167645 0.167645 0.167645
v 4.962685 -18.351649 14.453048 0.167645 0.167645 0.167645
v 7.732369 -17.640093 13.074200 0.167645 0.167645 0.167645
v 9.988353 -15.882824 14.453048 0.167645 0.167645 0.167645
v 10.383441 -23.036752 17.772710 0.243676 0.243676 0.243676
v 8.312111 -24.312611 17.123428 0.243676 0.243676 0.243676
v 10.675535 -23.631354 15.917619 0.243676 0.243676 0.243676
v 12.659237 -22.177114 17.123428 0.243676 0.243676 0.243676
v 14.936617 -21.058367 17.123428 0.243676 0.243676 0.243676
v 6.034731 -25.431358 17.123428 0.243676 0.243676 0.243676
v 13.658786 -29.704213 20.093282 0.325683 0.325683 0.325683
v 11.927526 -30.735608 19.553490 0.325683 0.325683 0.325683
v 13.863357 -30.120648 18.551019 0.325683 0.325683 0.325683
v 15.533246 -28.964323 19.553490 0.325683 0.325683 0.325683
v 17.163950 -36.839505 22.154780 0.412792 0.412792 0.412792
v 15.824487 -37.613001 21.743234 0.412792 0.412792 0.412792
v 17.294538 -37.105337 20.978934 0.412792 0.412792 0.412792
v 18.594825 -36.252091 21.743234 0.412792 0.412792 0.412792
v 20.241489 -35.443178 21.743234 0.412792 0.412792 0.412792
v 14.177823 -38.421914 21.743234 0.412792 0.412792 0.412792
v 20.899928 -44.444653 23.948389 0.504384 0.504384 0.504384
v 20.040742 -44.926244 23.692660 0.504384 0.504384 0.504384
v 20.967229 -44.581655 23.217736 0.504384 0.504384 0.504384
v 21.806224 -44.058963 23.692660 0.504384 0.504384 0.504384
v 26.678774 -56.208369 26.116830 0.600000 0.600000 0.600000
v -1.020896 5.797186 7.089809 0.000000 0.000000 0.000000
v 2.470489 5.567869 6.500000 0.000000 0.000000 0.000000
v -0.314590 8.049149 5.404641 0.000000 0.000000 0.000000
v -4.017866 7.602877 6.500000 0.000000 0.000000 0.000000
v 0.337728 10.128978 12.893314 0.046890 0.046890 0.046890
v 3.525919 9.877481 12.306324 0.046890 0.046890 0.046890
v 0.948355 12.075882 11.216199 0.046890 0.046890 0.046890
v -2.423024 11.743308 12.306324 0.046890 0.046890 0.046890
v 1.830290 14.887815 18.452291 0.115457 0.115457 0.115457
v 4.702223 14.621111 17.884254 0.115457 0.115457 0.115457
v 2.347585 16.537142 16.829328 0.115457 0.115457 0.115457
v -0.679537 16.309047 17.884254 0.115457 0.115457 0.115457
v -3.404743 17.163781 17.884254 0.115457 0.115457 0.115457
v 7.427430 13.766377 17.884254 0.115457 0.115457 0.115457
v 3.456451 20.072615 23.766541 0.195586 0.195586 0.195586
v 5.996156 19.799778 23.233791 0.195586 0.195586 0.195586
v 3.883729 21.434934 22.244397 0.195586 0.195586 0.195586
v 1.215841 21.299076 23.233791 0.195586 0.195586 0.195586
v 5.215999 25.682703 28.835729 0.284288 0.284288 0.284288
v 7.402863 25.415003 28.354935 0.284288 0.284288 0.284288
v 5.557182 26.770517 27.462030 0.284288 0.284288 0.284288
v 3.267963 26.711873 28.354935 0.284288 0.284288 0.284288
v 1.041501 27.410181 28.354935 0.284288 0.284288 0.284288
v 9.629326 24.716695 28.354935 0.284288 0.284288 0.284288
v 7.108896 31.717955 33.658932 0.379964 0.379964 0.379964
v 8.914433 31.469268 33.247685 0.379964 0.379964 0.379964
v 7.368014 32.544118 32.483940 0.379964 0.379964 0.379964
v 5.484743 32.544956 33.247685 0.379964 0.379964 0.379964
v 9.135389 38.179161 38.233638 0.481590 0.481590 0.481590
v 10.516067 37.967215 37.912042 0.481590 0.481590 0.481590
v 9.315767 38.754272 37.314791 0.481590 0.481590 0.481590
v 7.880976 38.793685 37.912042 0.481590 0.481590 0.481590
v 6.254438 39.303832 37.912042 0.481590 0.481590 0.481590
v 12.142605 37.457067 37.912042 0.481590 0.481590 0.481590
v 11.296442 45.069390 42.552369 0.588449 0.588449 0.588449
v 12.171861 44.920104 42.348005 0.588449 0.588449 0.588449
v 11.398652 45.395275 41.968472 0.588449 0.588449 0.588449
v 10.492570 45.446797 42.348005 0.588449 0.588449 0.588449
v 14.627469 55.689931 48.367261 0.700000 0.700000 0.700000
v -5.236643 0.610448 7.096207 0.000000 0.000000 0.000000
v -7.613973 3.176197 6.500000 0.000000 0.000000 0.000000
v -7.284671 -0.535784 5.392759 0.000000 0.000000 0.000000
v -4.292933 -2.757663 6.500000 0.000000 0.000000 0.000000
v -9.477698 -1.763169 13.216364 0.046890 0.046890 0.046890
v -11.619094 0.610708 12.623486 0.046890 0.046890 0.046890
v -11.246052 -2.752874 11.522427 0.046890 0.046890 0.046890
v -8.574150 -4.829839 12.623486 0.046890 0.046890 0.046890
v -14.137508 -4.371153 19.076567 0.115457 0.115457 0.115457
v -16.038447 -2.203293 18.503316 0.115457 0.115457 0.115457
v -15.633572 -5.208464 17.438707 0.115457 0.115457 0.115457
v -13.283814 -7.125129 18.503316 0.115457 0.115457 0.115457
v -11.888927 -9.617440 18.503316 0.115457 0.115457 0.115457
v -17.433334 0.289017 18.503316 0.115457 0.115457 0.115457
v -19.215075 -7.212945 24.676673 0.195586 0.195586 0.195586
v -20.870371 -5.268776 24.139490 0.195586 0.195586 0.195586
v -20.449083 -7.903590 23.141865 0.195586 0.195586 0.195586
v -18.423585 -9.640566 24.139490 0.195586 0.195586 0.195586
v -24.709781 -10.288200 30.016397 0.284288 0.284288 0.284288
v -26.112381 -8.590177 29.532008 0.284288 0.284288 0.284288
v -25.693735 -10.838896 28.632430 0.284288 0.284288 0.284288
v -23.995948 -12.371710 29.532008 0.284288 0.284288 0.284288
v -22.856342 -14.407899 29.532008 0.284288 0.284288 0.284288
v -27.251987 -6.553989 29.532008 0.284288 0.284288 0.284288
v -30.621521 -13.596859 35.094858 0.379964 0.379964 0.379964
v -31.760428 -12.174735 34.680871 0.379964 0.379964 0.379964
v -31.367721 -14.014490 33.912037 0.379964 0.379964 0.379964
v -30.004954 -15.311325 34.680871 0.379964 0.379964 0.379964
v -36.951017 -17.139327 39.909570 0.481590 0.481590 0.481590
v -37.806936 -16.035982 39.586077 0.481590 0.481590 0.481590
v -37.469700 -17.429621 38.985305 0.481590 0.481590 0.481590
v -36.458175 -18.445878 39.586077 0.481590 0.481590 0.481590
v -35.625638 -19.933412 39.586077 0.481590 0.481590 0.481590
v -38.639474 -14.548447 39.586077 0.481590 0.481590 0.481590
v -43.701045 -20.917156 44.453052 0.588449 0.588449 0.588449
v -44.233530 -20.206753 44.247628 0.588449 0.588449 0.588449
v -43.994517 -21.081405 43.866127 0.588449 0.588449 0.588449
v -43.373991 -21.742533 44.247628 0.588449 0.588449 0.588449
v -53.904100 -26.627561 50.447027 0.700000 0.700000 0.700000
v 1.424902 1.683808 7.080214 0.000000 0.000000 0.000000
v 1.593993 -1.812617 6.500000 0.000000 0.000000 0.000000
v 3.760692 1.230005 5.422460 0.000000 0.000000 0.000000
v 2.890863 4.862571 6.500000 0.000000 0.000000 0.000000
v 6.130636 0.769567 13.372448 0.046890 0.046890 0.046890
v 6.244205 -2.428125 12.794317 0.046890 0.046890 0.046890
v 8.153768 0.376509 11.720645 0.046890 0.046890 0.046890
v 7.433259 3.692119 12.794317 0.046890 0.046890 0.046890
v 11.301407 -0.235022 19.405377 0.115457 0.115457 0.115457
v 11.364613 -3.120159 18.845213 0.115457 0.115457 0.115457
v 13.018691 -0.568659 17.804908 0.115457 0.115457 0.115457
v 12.440301 2.416570 18.845213 0.115457 0.115457 0.115457
v 12.985006 5.220249 18.845213 0.115457 0.115457 0.115457
v 10.819908 -5.923838 18.845213 0.115457 0.115457 0.115457
v 16.936125 -1.329747 25.178722 0.195586 0.195586 0.195586
v 16.955866 -3.885381 24.652688 0.195586 0.195586 0.195586
v 18.357488 -1.605892 23.675767 0.195586 0.195586 0.195586
v 17.911339 1.032585 24.652688 0.195586 0.195586 0.195586
v 23.034094 -2.514474 30.692071 0.284288 0.284288 0.284288
v 23.018933 -4.718795 30.216741 0.284288 0.284288 0.284288
v 24.171449 -2.735442 29.333987 0.284288 0.284288 0.284288
v 23.845403 -0.464830 30.216741 0.284288 0.284288 0.284288
v 24.290421 1.825744 30.216741 0.284288 0.284288 0.284288
v 22.573916 -7.009369 30.216741 0.284288 0.284288 0.284288
v 29.595180 -3.789176 35.944440 0.379964 0.379964 0.379964
v 29.555398 -5.612263 35.537374 0.379964 0.379964 0.379964
v 30.460824 -3.957355 34.781395 0.379964 0.379964 0.379964
v 30.240913 -2.083815 35.537374 0.379964 0.379964 0.379964
v 36.620196 -5.154012 40.933278 0.481590 0.481590 0.481590
v 36.568216 -6.550561 40.614586 0.481590 0.481590 0.481590
v 37.224102 -5.271340 40.022729 0.481590 0.481590 0.481590
v 37.094909 -3.839592 40.614586 0.481590 0.481590 0.481590
v 37.420016 -2.166218 40.614586 0.481590 0.481590 0.481590
v 36.243109 -8.223935 40.614586 0.481590 0.481590 0.481590
v 44.112356 -6.609605 45.651111 0.588449 0.588449 0.588449
v 44.064566 -7.496749 45.448376 0.588449 0.588449 0.588449
v 44.455313 -6.676236 45.071867 0.588449 0.588449 0.588449
v 44.400217 -5.769102 45.448376 0.588449 0.588449 0.588449
v 55.444873 -8.811312 51.895723 0.700000 0.700000 0.700000
v -4.293487 5.157993 7.024879 0.000000 0.000000 0.000000
v -2.159734 7.943998 6.500000 0.000000 0.000000 0.000000
v -5.829108 7.108095 5.525224 0.000000 0.000000 0.000000
v -7.502174 3.737059 6.500000 0.000000 0.000000 0.000000
v -6.967517 8.553774 13.567798 0.046890 0.046890 0.046890
v -4.988509 11.079406 13.041415 0.046890 0.046890 0.046890
v -8.310772 10.259589 12.063845 0.046890 0.046890 0.046890
v -9.886803 7.222212 13.041415 0.046890 0.046890 0.046890
v -9.906147 12.285574 19.865608 0.115457 0.115457 0.115457
v -8.093805 14.542449 19.352063 0.115457 0.115457 0.115457
v -11.058430 13.748871 18.398336 0.115457 0.115457 0.115457
v -12.525087 11.053007 19.352063 0.115457 0.115457 0.115457
v -14.768992 9.286029 19.352063 0.115457 0.115457 0.115457
v -5.849900 16.309427 19.352063 0.115457 0.115457 0.115457
v -13.108803 16.352664 25.917638 0.195586 0.195586 0.195586
v -11.478295 18.331024 25.431944 0.195586 0.195586 0.195586
v -14.073150 17.577299 24.529941 0.195586 0.195586 0.195586
v -15.414354 15.231548 25.431944 0.195586 0.195586 0.195586
v -16.575098 20.754551 31.723085 0.284288 0.284288 0.284288
v -15.145975 22.441982 31.281059 0.284288 0.284288 0.284288
v -17.355650 21.745783 30.460154 0.284288 0.284288 0.284288
v -18.550607 19.760983 31.281059 0.284288 0.284288 0.284288
v -20.383852 18.317382 31.281059 0.284288 0.284288 0.284288
v -13.312731 23.885582 31.281059 0.284288 0.284288 0.284288
v -20.304966 25.491154 37.280623 0.379964 0.379964 0.379964
v -19.103362 26.870194 36.899408 0.379964 0.379964 0.379964
v -20.906052 26.254479 36.191437 0.379964 0.379964 0.379964
v -21.927331 24.646441 36.899408 0.379964 0.379964 0.379964
v -24.298962 30.563174 42.587473 0.481590 0.481590 0.481590
v -23.362637 31.606065 42.286990 0.481590 0.481590 0.481590
v -24.723327 31.102080 41.728949 0.481590 0.481590 0.481590
v -25.532342 29.897517 42.286990 0.481590 0.481590 0.481590
v -26.871616 28.842897 42.286990 0.481590 0.481590 0.481590
v -22.023364 32.660685 42.286990 0.481590 0.481590 0.481590
v -28.559350 35.973489 47.636189 0.588449 0.588449 0.588449
v -27.953366 36.626316 47.443805 0.588449 0.588449 0.588449
v -28.803269 36.283245 47.086519 0.588449 0.588449 0.588449
v -29.336077 35.537492 47.443805 0.588449 0.588449 0.588449
v -35.117970 44.302356 54.488621 0.700000 0.700000 0.700000
v -2.487852 -1.178723 7.051958 0.000000 0.000000 0.000000
v -5.960772 -1.652427 6.500000 0.000000 0.000000 0.000000
v -2.754815 -3.597757 5.474935 0.000000 0.000000 0.000000
v 0.798194 -2.398343 6.500000 0.000000 0.000000 0.000000
v -2.980874 -5.646147 13.393950 0.046890 0.046890 0.046890
v -6.160756 -6.041360 12.842107 0.046890 0.046890 0.046890
v -3.213312 -7.752332 11.817254 0.046890 0.046890 0.046890
v 0.036301 -6.725264 12.842107 0.046890 0.046890 0.046890
v -3.522636 -10.555209 19.487091 0.115457 0.115457 0.115457
v -6.395184 -10.875069 18.950476 0.115457 0.115457 0.115457
v -3.721034 -12.352950 17.953908 0.115457 0.115457 0.115457
v -0.788966 -11.493768 18.950476 0.115457 0.115457 0.115457
v 2.049901 -11.807064 18.950476 0.115457 0.115457 0.115457
v -9.234051 -10.561773 18.950476 0.115457 0.115457 0.115457
v -4.113023 -15.904884 25.330884 0.195586 0.195586 0.195586
v -6.660676 -16.153926 24.825110 0.195586 0.195586 0.195586
v -4.278190 -17.401511 23.885814 0.195586 0.195586 0.195586
v -1.680987 -16.703482 24.825110 0.195586 0.195586 0.195586
v -4.751962 -21.694495 30.924710 0.284288 0.284288 0.284288
v -6.952175 -21.878489 30.466006 0.284288 0.284288 0.284288
v -4.884920 -22.899275 29.614129 0.284288 0.284288 0.284288
v -2.644819 -22.353847 30.466006 0.284288 0.284288 0.284288
v -0.325498 -22.609806 30.466006 0.284288 0.284288 0.284288
v -9.271496 -21.622530 30.466006 0.284288 0.284288 0.284288
v -5.439436 -27.923906 36.267404 0.379964 0.379964 0.379964
v -7.261438 -28.049669 35.873166 0.379964 0.379964 0.379964
v -5.541252 -28.846493 35.141011 0.379964 0.379964 0.379964
v -3.688705 -28.443954 35.873166 0.379964 0.379964 0.379964
v -6.175540 -34.593960 41.356300 0.481590 0.481590 0.481590
v -7.573052 -34.669166 41.046590 0.481590 0.481590 0.481590
v -6.247013 -35.241600 40.471414 0.481590 0.481590 0.481590
v -4.828059 -34.972102 41.046590 0.481590 0.481590 0.481590
v -3.133682 -35.159093 41.046590 0.481590 0.481590 0.481590
v -9.267428 -34.482176 41.046590 0.481590 0.481590 0.481590
v -6.960652 -41.708096 46.183936 0.588449 0.588449 0.588449
v -7.849613 -41.741108 45.986276 0.588449 0.588449 0.588449
v -7.001497 -42.078209 45.619195 0.588449 0.588449 0.588449
v -6.100283 -41.934163 45.986276 0.588449 0.588449 0.588449
v -8.163581 -52.608199 52.682779 0.700000 0.700000 0.700000
v 0.702458 4.575326 7.046370 0.000000 0.000000 0.000000
v 3.479563 2.435374 6.500000 0.000000 0.000000 0.000000
v 2.621465 6.088770 5.485313 0.000000 0.000000 0.000000
v -0.731342 7.774688 6.500000 0.000000 0.000000 0.000000
v 3.984089 7.163417 13.019450 0.046890 0.046890 0.046890
v 6.499870 5.177358 12.472840 0.046890 0.046890 0.046890
v 5.656563 8.482431 11.457706 0.046890 0.046890 0.046890
v 2.639039 10.072786 12.472840 0.046890 0.046890 0.046890
v 7.589580 10.006925 18.759463 0.115457 0.115457 0.115457
v 9.836115 8.187043 18.227571 0.115457 0.115457 0.115457
v 9.018634 11.133964 17.239770 0.115457 0.115457 0.115457
v 6.343383 12.615734 18.227571 0.115457 0.115457 0.115457
v 4.574739 14.858326 18.227571 0.115457 0.115457 0.115457
v 11.604758 5.944451 18.227571 0.115457 0.115457 0.115457
v 11.518138 13.105223 24.265877 0.195586 0.195586 0.195586
v 13.486192 11.467102 23.764193 0.195586 0.195586 0.195586
v 12.709154 14.044530 22.832496 0.195586 0.195586 0.195586
v 10.383794 15.400859 23.764193 0.195586 0.195586 0.195586
v 15.769235 16.457894 29.538029 0.284288 0.284288 0.284288
v 17.446952 15.021528 29.082707 0.284288 0.284288 0.284288
v 16.729102 17.214903 28.237111 0.284288 0.284288 0.284288
v 14.763425 18.424167 29.082707 0.284288 0.284288 0.284288
v 13.318463 20.256339 29.082707 0.284288 0.284288 0.284288
v 18.891913 13.189356 29.082707 0.284288 0.284288 0.284288
v 20.342766 20.064857 34.574722 0.379964 0.379964 0.379964
v 21.713258 18.856832 34.183113 0.379964 0.379964 0.379964
v 21.078671 20.645236 33.455839 0.379964 0.379964 0.379964
v 19.487408 21.679149 34.183113 0.379964 0.379964 0.379964
v 25.239405 23.926642 39.373266 0.481590 0.481590 0.481590
v 26.275508 22.985190 39.065410 0.481590 0.481590 0.481590
v 25.756615 24.334545 38.493677 0.481590 0.481590 0.481590
v 24.565349 25.153626 39.065410 0.481590 0.481590 0.481590
v 23.509735 26.492116 39.065410 0.481590 0.481590 0.481590
v 27.331122 21.646700 39.065410 0.481590 0.481590 0.481590
v 30.461898 28.045415 43.926203 0.588449 0.588449 0.588449
v 31.110399 27.436151 43.729598 0.588449 0.588449 0.588449
v 30.757830 28.278805 43.364477 0.588449 0.588449 0.588449
v 30.020549 28.818052 43.729598 0.588449 0.588449 0.588449
v 38.638016 34.493595 50.192679 0.700000 0.700000 0.700000
v -5.647609 2.682448 7.047094 0.000000 0.000000 0.000000
v -6.199268 6.144613 6.500000 0.000000 0.000000 0.000000
v -8.080756 2.897936 5.483969 0.000000 0.000000 0.000000
v -6.799154 -0.628875 6.500000 0.000000 0.000000 0.000000
v -10.206023 3.086158 13.590214 0.046890 0.046890 0.046890
v -10.673118 6.257068 13.042925 0.046890 0.046890 0.046890
v -12.326317 3.273940 12.026531 0.046890 0.046890 0.046890
v -11.223133 0.046696 13.042925 0.046890 0.046890 0.046890
v -15.215465 3.529814 19.879145 0.115457 0.115457 0.115457
v -15.600685 6.395096 19.346640 0.115457 0.115457 0.115457
v -17.026915 3.690243 18.357701 0.115457 0.115457 0.115457
v -16.098260 0.776832 19.346640 0.115457 0.115457 0.115457
v -16.350221 -2.068135 19.346640 0.115457 0.115457 0.115457
v -15.348724 9.240063 19.346640 0.115457 0.115457 0.115457
v -20.674926 4.013325 25.913359 0.195586 0.195586 0.195586
v -20.982267 6.555310 25.411145 0.195586 0.195586 0.195586
v -22.184427 4.147012 24.478460 0.195586 0.195586 0.195586
v -21.424235 1.564921 25.411145 0.195586 0.195586 0.195586
v -26.583736 4.536632 31.692200 0.284288 0.284288 0.284288
v -26.818314 6.732641 31.236439 0.284288 0.284288 0.284288
v -27.800096 4.644357 30.390026 0.284288 0.284288 0.284288
v -27.200610 2.416031 31.236439 0.284288 0.284288 0.284288
v -27.406460 0.091726 31.236439 0.284288 0.284288 0.284288
v -26.612465 9.056946 31.236439 0.284288 0.284288 0.284288
v -32.941762 5.099723 37.214475 0.379964 0.379964 0.379964
v -33.109558 6.918830 36.822524 0.379964 0.379964 0.379964
v -33.874172 5.182301 36.094614 0.379964 0.379964 0.379964
v -33.426653 3.338421 36.822524 0.379964 0.379964 0.379964
v -39.749854 5.702674 42.477496 0.481590 0.481590 0.481590
v -39.857365 7.098429 42.169398 0.481590 0.481590 0.481590
v -40.405071 5.760703 41.597216 0.481590 0.481590 0.481590
v -40.100995 4.347539 42.169398 0.481590 0.481590 0.481590
v -40.251378 2.649522 42.169398 0.481590 0.481590 0.481590
v -39.706983 8.796446 42.169398 0.481590 0.481590 0.481590
v -47.011494 6.345793 47.473804 0.588449 0.588449 0.588449
v -47.065057 7.233956 47.277062 0.588449 0.588449 0.588449
v -47.386331 6.378990 46.911685 0.588449 0.588449 0.588449
v -47.220317 5.480868 47.277062 0.588449 0.588449 0.588449
v -58.062308 7.324496 54.159091 0.700000 0.700000 0.700000
v 0.604698 0.037395 7.051001 0.000000 0.000000 0.000000
v -0.970979 -3.093717 6.500000 0.000000 0.000000 0.000000
v 2.448694 -1.553607 5.476712 0.000000 0.000000 0.000000
v 3.471172 2.054806 6.500000 0.000000 0.000000 0.000000
v 4.070979 -2.953316 13.530157 0.046890 0.046890 0.046890
v 2.596579 -5.798482 12.979209 0.046890 0.046890 0.046890
v 5.676767 -4.338792 11.956018 0.046890 0.046890 0.046890
v 6.669431 -1.077983 12.979209 0.046890 0.046890 0.046890
v 7.880132 -6.239858 19.755813 0.115457 0.115457 0.115457
v 6.517669 -8.789054 19.220006 0.115457 0.115457 0.115457
v 9.251007 -7.422650 18.224935 0.115457 0.115457 0.115457
v 10.202208 -4.518616 19.220006 0.115457 0.115457 0.115457
v 12.067978 -2.356159 19.220006 0.115457 0.115457 0.115457
v 4.651898 -10.951511 19.220006 0.115457 0.115457 0.115457
v 12.031379 -9.821558 25.727467 0.195586 0.195586 0.195586
v 10.794512 -12.062857 25.222391 0.195586 0.195586 0.195586
v 13.172857 -10.806426 24.284393 0.195586 0.195586 0.195586
v 14.067281 -8.269666 25.222391 0.195586 0.195586 0.195586
v 16.524205 -13.697973 31.444492 0.284288 0.284288 0.284288
v 15.430431 -15.616040 30.986366 0.284288 0.284288 0.284288
v 17.443272 -14.490945 30.135560 0.284288 0.284288 0.284288
v 18.261326 -12.334987 30.986366 0.284288 0.284288 0.284288
v 19.785639 -10.568285 30.986366 0.284288 0.284288 0.284288
v 13.906118 -17.382742 30.986366 0.284288 0.284288 0.284288
v 21.358507 -17.869014 36.905719 0.379964 0.379964 0.379964
v 20.430843 -19.442323 36.511929 0.379964 0.379964 0.379964
v 22.062446 -18.476373 35.780605 0.379964 0.379964 0.379964
v 22.778928 -16.720857 36.511929 0.379964 0.379964 0.379964
v 26.534928 -22.335236 42.108475 0.481590 0.481590 0.481590
v 25.805880 -23.529966 41.799080 0.481590 0.481590 0.481590
v 27.029183 -22.761679 41.224491 0.481590 0.481590 0.481590
v 27.609954 -21.439016 41.799080 0.481590 0.481590 0.481590
v 28.723538 -20.148354 41.799080 0.481590 0.481590 0.481590
v 24.692296 -24.820628 41.799080 0.481590 0.481590 0.481590
v 32.056094 -27.098903 47.045300 0.588449 0.588449 0.588449
v 31.580123 -27.850478 46.847821 0.588449 0.588449 0.588449
v 32.338608 -27.342657 46.481073 0.588449 0.588449 0.588449
v 32.729824 -26.517956 46.847821 0.588449 0.588449 0.588449
v 40.465628 -34.354659 53.653230 0.700000 0.700000 0.700000
v -2.481150 5.922383 7.062615 0.000000 0.000000 0.000000
v 0.808204 7.128134 6.500000 0.000000 0.000000 0.000000
v -2.740877 8.322087 5.455144 0.000000 0.000000 0.000000
v -5.952313 6.396425 6.500000 0.000000 0.000000 0.000000
v -2.936976 10.133920 12.866471 0.046890 0.046890 0.046890
v 0.083268 11.199229 12.304679 0.046890 0.046890 0.046890
v -3.162678 12.219263 11.261350 0.046890 0.046890 0.046890
v -6.115212 10.528351 12.304679 0.046890 0.046890 0.046890
v -3.437745 14.760698 18.437134 0.115457 0.115457 0.115457
v -0.701280 15.685861 17.891575 0.115457 0.115457 0.115457
v -3.629998 16.536999 16.878393 0.115457 0.115457 0.115457
v -6.308787 15.078946 17.891575 0.115457 0.115457 0.115457
v -9.148306 14.771617 17.891575 0.115457 0.115457 0.115457
v 2.138239 15.993190 17.891575 0.115457 0.115457 0.115457
v -3.983341 19.801660 23.774187 0.195586 0.195586 0.195586
v -1.548823 20.587664 23.260688 0.195586 0.195586 0.195586
v -4.143049 21.277259 22.307046 0.195586 0.195586 0.195586
v -6.529656 20.048576 23.260688 0.195586 0.195586 0.195586
v -4.573691 25.256115 28.877084 0.284288 0.284288 0.284288
v -2.464417 25.904091 28.412017 0.284288 0.284288 0.284288
v -4.701970 26.441327 27.548322 0.284288 0.284288 0.284288
v -6.772761 25.437787 28.412017 0.284288 0.284288 0.284288
v -9.092616 25.186703 28.412017 0.284288 0.284288 0.284288
v -0.144562 26.155175 28.412017 0.284288 0.284288 0.284288
v -5.208780 31.123921 33.744730 0.379964 0.379964 0.379964
v -3.456306 31.634249 33.345564 0.379964 0.379964 0.379964
v -5.306789 32.029463 32.604255 0.379964 0.379964 0.379964
v -7.029860 31.247473 33.345564 0.379964 0.379964 0.379964
v -5.888696 37.405912 38.374502 0.481590 0.481590 0.481590
v -4.539909 37.776469 38.061328 0.481590 0.481590 0.481590
v -5.957338 38.040122 37.479719 0.481590 0.481590 0.481590
v -7.285533 37.479303 38.061328 0.481590 0.481590 0.481590
v -8.980298 37.295874 38.061328 0.481590 0.481590 0.481590
v -2.845144 37.959898 38.061328 0.481590 0.481590 0.481590
v -6.613806 44.105456 42.758932 0.588449 0.588449 0.588449
v -5.752637 44.326702 42.559308 0.588449 0.588449 0.588449
v -6.652942 44.467047 42.188578 0.588449 0.588449 0.588449
v -7.502369 44.137324 42.559308 0.588449 0.588449 0.588449
v -7.748990 54.593830 48.779649 0.700000 0.700000 0.700000
v -4.410239 -0.325496 7.769465 0.000000 0.000000 0.000000
v -7.176395 0.904899 7.500000 0.000000 0.000000 0.000000
v -6.028481 -2.209255 6.999565 0.000000 0.000000 0.000000
v -2.776853 -2.874523 7.500000 0.000000 0.000000 0.000000
v -6.250056 -2.467186 16.085890 0.053589 0.053589 0.053589
v -8.776315 -1.327520 15.810455 0.053589 0.053589 0.053589
v -7.705391 -4.161309 15.298934 0.053589 0.053589 0.053589
v -4.742531 -4.792738 15.810455 0.053589 0.053589 0.053589
v -8.272921 -4.821959 24.174282 0.131951 0.131951 0.131951
v -10.548122 -3.779076 23.899721 0.131951 0.131951 0.131951
v -9.560357 -6.320635 23.389821 0.131951 0.131951 0.131951
v -6.898925 -6.913915 23.899721 0.131951 0.131951 0.131951
v -4.984122 -8.558825 23.899721 0.131951 0.131951 0.131951
v -12.462926 -2.134166 23.899721 0.131951 0.131951 0.131951
v -10.478951 -7.389951 32.033689 0.223527 0.223527 0.223527
v -12.489614 -6.451661 31.767797 0.223527 0.223527 0.223527
v -11.593165 -8.686982 31.273998 0.223527 0.223527 0.223527
v -9.248238 -9.236162 31.767797 0.223527 0.223527 0.223527
v -12.868404 -10.171459 39.662909 0.324901 0.324901 0.324901
v -14.597501 -9.348101 39.414683 0.324901 0.324901 0.324901
v -13.803336 -11.259794 38.953692 0.324901 0.324901 0.324901
v -11.793759 -11.756652 39.414683 0.324901 0.324901 0.324901
v -10.217138 -13.111047 39.414683 0.324901 0.324901 0.324901
v -16.174123 -7.993706 39.414683 0.324901 0.324901 0.324901
v -15.441844 -13.167144 47.060281 0.434244 0.434244 0.434244
v -16.866416 -12.473005 46.840380 0.434244 0.434244 0.434244
v -16.189821 -14.037849 46.431994 0.434244 0.434244 0.434244
v -14.540855 -14.470776 46.840380 0.434244 0.434244 0.434244
v -18.200583 -16.378532 54.223104 0.550389 0.550389 0.550389
v -19.286328 -15.834993 54.044888 0.550389 0.550389 0.550389
v -18.750184 -17.018310 53.713915 0.550389 0.550389 0.550389
v -17.499558 -17.369915 54.044888 0.550389 0.550389 0.550389
v -16.329726 -18.374859 54.044888 0.550389 0.550389 0.550389
v -20.456160 -14.830050 54.044888 0.550389 0.550389 0.550389
v -21.148307 -19.809914 61.145586 0.672513 0.672513 0.672513
v -21.832888 -19.454979 61.028206 0.672513 0.672513 0.672513
v -21.477577 -20.193209 60.810214 0.672513 0.672513 0.672513
v -20.694215 -20.433155 61.028206 0.672513 0.672513 0.672513
v -25.660846 -25.062861 70.653562 0.800000 0.800000 0.800000
v 1.380386 3.121081 7.790059 0.000000 0.000000 0.000000
v 2.837318 0.469419 7.500000 0.000000 0.000000 0.000000
v 3.788911 3.642807 6.961319 0.000000 0.000000 0.000000
v 1.609421 6.137952 7.500000 0.000000 0.000000 0.000000
v 4.490271 3.794733 16.456538 0.053589 0.053589 0.053589
v 5.809746 1.359979 16.160482 0.053589 0.053589 0.053589
v 6.651891 4.262976 15.610663 0.053589 0.053589 0.053589
v 4.683930 6.557257 16.160482 0.053589 0.053589 0.053589
v 7.910061 4.535516 24.879836 0.131951 0.131951 0.131951
v 9.087017 2.329274 24.585221 0.131951 0.131951 0.131951
v 9.817824 4.948769 24.038078 0.131951 0.131951 0.131951
v 8.068539 7.031035 24.585221 0.131951 0.131951 0.131951
v 7.534123 9.498139 24.585221 0.131951 0.131951 0.131951
v 9.621433 -0.137830 24.585221 0.131951 0.131951 0.131951
v 11.639833 5.343446 33.058972 0.223527 0.223527 0.223527
v 12.668518 3.380140 32.774217 0.223527 0.223527 0.223527
v 13.286566 5.700156 32.245387 0.223527 0.223527 0.223527
v 11.763861 7.556449 32.774217 0.223527 0.223527 0.223527
v 15.679866 6.218584 40.992720 0.324901 0.324901 0.324901
v 16.553330 4.516815 40.727470 0.324901 0.324901 0.324901
v 17.057599 6.517024 40.234864 0.324901 0.324901 0.324901
v 15.770815 8.129260 40.727470 0.324901 0.324901 0.324901
v 15.330785 10.160638 40.727470 0.324901 0.324901 0.324901
v 16.993359 2.485438 40.727470 0.324901 0.324901 0.324901
v 20.030880 7.161085 48.679389 0.434244 0.434244 0.434244
v 20.739954 5.746215 48.444981 0.434244 0.434244 0.434244
v 21.129584 7.399083 48.009652 0.434244 0.434244 0.434244
v 20.090898 8.742554 48.444981 0.434244 0.434244 0.434244
v 24.694674 8.171340 56.116217 0.550389 0.550389 0.550389
v 25.225592 7.081264 55.926749 0.550389 0.550389 0.550389
v 25.499183 8.345610 55.574880 0.550389 0.550389 0.550389
v 24.726911 9.383404 55.926749 0.550389 0.550389 0.550389
v 24.400415 10.890660 55.926749 0.550389 0.550389 0.550389
v 25.552089 5.574008 55.926749 0.550389 0.550389 0.550389
v 29.676480 9.250481 63.297209 0.672513 0.672513 0.672513
v 30.003449 8.553333 63.172774 0.672513 0.672513 0.672513
v 30.156676 9.354499 62.941682 0.672513 0.672513 0.672513
v 29.685649 10.020442 63.172774 0.672513 0.672513 0.672513
v 37.153650 10.870159 72.957267 0.800000 0.800000 0.800000
v -4.985620 4.426191 7.758051 0.000000 0.000000 0.000000
v -4.013715 7.294450 7.500000 0.000000 0.000000 0.000000
v -7.016289 5.872839 7.020763 0.000000 0.000000 0.000000
v -7.378994 2.570585 7.500000 0.000000 0.000000 0.000000
v -7.372992 6.126954 16.822693 0.053589 0.053589 0.053589
v -6.470107 8.748368 16.558726 0.053589 0.053589 0.053589
v -9.201187 7.429359 16.068503 0.053589 0.053589 0.053589
v -9.555613 4.417224 16.558726 0.053589 0.053589 0.053589
v -9.998204 7.997154 25.642542 0.131951 0.131951 0.131951
v -9.169279 10.360002 25.379178 0.131951 0.131951 0.131951
v -11.617460 9.150711 24.890074 0.131951 0.131951 0.131951
v -11.960608 6.441796 25.379178 0.131951 0.131951 0.131951
v -13.425271 4.385838 25.379178 0.131951 0.131951 0.131951
v -7.704615 12.415960 25.379178 0.131951 0.131951 0.131951
v -12.861439 10.036922 34.216667 0.223527 0.223527 0.223527
v -12.112913 12.126988 33.961356 0.223527 0.223527 0.223527
v -14.264765 11.036650 33.487206 0.223527 0.223527 0.223527
v -14.592293 8.646666 33.961356 0.223527 0.223527 0.223527
v -15.963071 12.246523 42.543887 0.324901 0.324901 0.324901
v -15.303527 14.045792 42.305259 0.324901 0.324901 0.324901
v -17.142412 13.086685 41.862093 0.324901 0.324901 0.324901
v -17.448153 11.035367 42.305259 0.324901 0.324901 0.324901
v -18.654136 9.342521 42.305259 0.324901 0.324901 0.324901
v -14.097544 15.738638 42.305259 0.324901 0.324901 0.324901
v -19.303863 14.626502 50.622561 0.434244 0.434244 0.434244
v -18.745224 16.110655 50.410887 0.434244 0.434244 0.434244
v -20.248980 15.299803 50.017779 0.434244 0.434244 0.434244
v -20.524083 13.613660 50.410887 0.434244 0.434244 0.434244
v -22.885535 17.178084 58.450037 0.550389 0.550389 0.550389
v -22.445680 18.310803 58.278241 0.550389 0.550389 0.550389
v -23.581277 17.673730 57.959193 0.550389 0.550389 0.550389
v -23.812408 16.392317 58.278241 0.550389 0.550389 0.550389
v -24.707232 15.136248 58.278241 0.550389 0.550389 0.550389
v -21.550857 19.566872 58.278241 0.550389 0.550389 0.550389
v -26.712832 19.904649 66.020648 0.672513 0.672513 0.672513
v -26.423517 20.620094 65.907321 0.672513 0.672513 0.672513
v -27.130489 20.202188 65.696857 0.672513 0.672513 0.672513
v -27.294506 19.397481 65.907321 0.672513 0.672513 0.672513
v -32.450497 23.992160 76.209400 0.800000 0.800000 0.800000
v -1.534261 -1.137750 7.768405 0.000000 0.000000 0.000000
v -4.259997 -2.455483 7.500000 0.000000 0.000000 0.000000
v -1.140891 -3.590743 7.001534 0.000000 0.000000 0.000000
v 1.466834 -1.537112 7.500000 0.000000 0.000000 0.000000
v -1.079929 -3.970896 16.261135 0.053589 0.053589 0.053589
v -3.581462 -5.164104 15.986765 0.053589 0.053589 0.053589
v -0.726124 -6.177172 15.477220 0.053589 0.053589 0.053589
v 1.669267 -4.322082 15.986765 0.053589 0.053589 0.053589
v -0.580376 -7.086035 24.521422 0.131951 0.131951 0.131951
v -2.845876 -8.150095 24.247899 0.131951 0.131951 0.131951
v -0.267353 -9.038003 23.739927 0.131951 0.131951 0.131951
v 1.904240 -7.388352 24.247899 0.131951 0.131951 0.131951
v 4.396717 -6.988651 24.247899 0.131951 0.131951 0.131951
v -5.338353 -8.549796 24.247899 0.131951 0.131951 0.131951
v -0.035574 -10.483345 32.548316 0.223527 0.223527 0.223527
v -2.050374 -11.412996 32.283403 0.223527 0.223527 0.223527
v 0.235368 -12.172900 31.791423 0.223527 0.223527 0.223527
v 2.168887 -10.736383 32.283403 0.223527 0.223527 0.223527
v 0.554543 -14.163223 40.340617 0.324901 0.324901 0.324901
v -1.190673 -14.952120 40.093278 0.324901 0.324901 0.324901
v 0.781922 -15.581129 39.633934 0.324901 0.324901 0.324901
v 2.458924 -14.366860 40.093278 0.324901 0.324901 0.324901
v 4.511193 -14.037752 40.093278 0.324901 0.324901 0.324901
v -3.242942 -15.281228 40.093278 0.324901 0.324901 0.324901
v 1.190110 -18.126532 47.896664 0.434244 0.434244 0.434244
v -0.259788 -18.766348 47.677522 0.434244 0.434244 0.434244
v 1.372051 -19.261086 47.270545 0.434244 0.434244 0.434244
v 2.767367 -18.280904 47.677522 0.434244 0.434244 0.434244
v 1.871450 -22.375268 55.213762 0.550389 0.550389 0.550389
v 0.755341 -22.853584 55.036137 0.550389 0.550389 0.550389
v 2.005160 -23.209064 54.706262 0.550389 0.550389 0.550389
v 3.081157 -22.480610 55.036137 0.550389 0.550389 0.550389
v 4.603914 -22.236416 55.036137 0.550389 0.550389 0.550389
v -0.767417 -23.097778 55.036137 0.550389 0.550389 0.550389
v 2.599460 -26.915034 62.286129 0.672513 0.672513 0.672513
v 1.886405 -27.208748 62.169121 0.672513 0.672513 0.672513
v 2.679582 -27.414660 61.951821 0.672513 0.672513 0.672513
v 3.368601 -26.971058 62.169121 0.672513 0.672513 0.672513
v 3.707479 -33.824476 71.944208 0.800000 0.800000 0.800000
v -0.430385 5.504038 7.770635 0.000000 0.000000 0.000000
v 2.538263 4.910754 7.500000 0.000000 0.000000 0.000000
v 0.734230 7.696244 6.997392 0.000000 0.000000 0.000000
v -2.583802 7.631865 7.500000 0.000000 0.000000 0.000000
v 0.878737 7.968255 15.947452 0.053589 0.053589 0.053589
v 3.593397 7.410764 15.670844 0.053589 0.053589 0.053589
v 1.925994 9.939553 15.157142 0.053589 0.053589 0.053589
v -1.102843 9.905654 15.670844 0.053589 0.053589 0.053589
v 2.318066 10.677567 23.899650 0.131951 0.131951 0.131951
v 4.766524 10.159332 23.623944 0.131951 0.131951 0.131951
v 3.244384 12.421215 23.111919 0.131951 0.131951 0.131951
v 0.518031 12.416355 23.623944 0.131951 0.131951 0.131951
v -1.711235 13.600659 23.623944 0.131951 0.131951 0.131951
v 6.995790 8.975028 23.623944 0.131951 0.131951 0.131951
v 3.887683 13.632125 31.626274 0.223527 0.223527 0.223527
v 6.055081 13.157820 31.359303 0.223527 0.223527 0.223527
v 4.689251 15.140951 30.863499 0.223527 0.223527 0.223527
v 2.281383 15.162607 31.359303 0.223527 0.223527 0.223527
v 5.587770 16.832273 39.126121 0.324901 0.324901 0.324901
v 7.455236 16.408264 38.876918 0.324901 0.324901 0.324901
v 6.260255 18.098120 38.414111 0.324901 0.324901 0.324901
v 4.191044 18.142375 38.876918 0.324901 0.324901 0.324901
v 2.355499 19.117513 38.876918 0.324901 0.324901 0.324901
v 9.290781 15.433126 38.876918 0.324901 0.324901 0.324901
v 7.418732 20.278772 46.397527 0.434244 0.434244 0.434244
v 8.960743 19.913982 46.176790 0.434244 0.434244 0.434244
v 7.956647 21.291312 45.766851 0.434244 0.434244 0.434244
v 6.253261 21.352339 46.176790 0.434244 0.434244 0.434244
v 9.381507 23.973389 53.437787 0.550389 0.550389 0.550389
v 10.559921 23.681180 53.258920 0.550389 0.550389 0.550389
v 9.776681 24.717242 52.926739 0.550389 0.550389 0.550389
v 8.479716 24.786295 53.258920 0.550389 0.550389 0.550389
v 7.117765 25.509835 53.258920 0.550389 0.550389 0.550389
v 11.921871 22.957640 53.258920 0.550389 0.550389 0.550389
v 11.478742 27.921105 60.241097 0.672513 0.672513 0.672513
v 12.224425 27.724916 60.123307 0.672513 0.672513 0.672513
v 11.715444 28.366660 59.904555 0.672513 0.672513 0.672513
v 10.898751 28.429184 60.123307 0.672513 0.672513 0.672513
v 14.704194 33.992514 69.628200 0.800000 0.800000 0.800000
v -5.453003 1.185219 7.794108 0.000000 0.000000 0.000000
v -7.228988 3.634193 7.500000 0.000000 0.000000 0.000000
v -7.773618 0.367522 6.953800 0.000000 0.000000 0.000000
v -5.301449 -1.836144 7.500000 0.000000 0.000000 0.000000
v -8.507898 0.108789 16.483838 0.053589 0.053589 0.053589
v -10.120189 2.359822 16.183739 0.053589 0.053589 0.053589
v -10.589739 -0.624772 15.626412 0.053589 0.053589 0.053589
v -8.352896 -2.655737 16.183739 0.053589 0.053589 0.053589
v -11.867271 -1.074926 24.928549 0.131951 0.131951 0.131951
v -13.309433 0.967272 24.630014 0.131951 0.131951 0.131951
v -13.703740 -1.722028 24.075592 0.131951 0.131951 0.131951
v -11.710637 -3.570095 24.630014 0.131951 0.131951 0.131951
v -10.871718 -5.950939 24.630014 0.131951 0.131951 0.131951
v -14.148352 3.348116 24.630014 0.131951 0.131951 0.131951
v -15.531178 -2.365948 33.127254 0.223527 0.223527 0.223527
v -16.795757 -0.546195 32.838827 0.223527 0.223527 0.223527
v -17.115517 -2.924209 32.303175 0.223527 0.223527 0.223527
v -15.375636 -4.576483 32.838827 0.223527 0.223527 0.223527
v -19.499867 -3.764363 41.078726 0.324901 0.324901 0.324901
v -20.577718 -2.184670 40.810175 0.324901 0.324901 0.324901
v -20.824608 -4.231152 40.311438 0.324901 0.324901 0.324901
v -19.349335 -5.670808 40.810175 0.324901 0.324901 0.324901
v -18.658581 -7.631161 40.810175 0.324901 0.324901 0.324901
v -21.268472 -0.224318 40.810175 0.324901 0.324901 0.324901
v -23.774010 -5.270409 48.781269 0.434244 0.434244 0.434244
v -24.652965 -3.954825 48.544061 0.434244 0.434244 0.434244
v -24.829767 -5.642418 48.103531 0.434244 0.434244 0.434244
v -23.634084 -6.846400 48.544061 0.434244 0.434244 0.434244
v -28.355310 -6.884685 56.232112 0.550389 0.550389 0.550389
v -29.017104 -5.869134 56.040483 0.550389 0.550389 0.550389
v -29.127829 -7.156892 55.684601 0.550389 0.550389 0.550389
v -28.234280 -8.090781 56.040483 0.550389 0.550389 0.550389
v -27.721749 -9.545337 56.040483 0.550389 0.550389 0.550389
v -29.529634 -4.414578 56.040483 0.550389 0.550389 0.550389
v -33.248763 -8.608952 63.425224 0.672513 0.672513 0.672513
v -33.659467 -7.957870 63.299442 0.672513 0.672513 0.672513
v -33.709519 -8.771305 63.065846 0.672513 0.672513 0.672513
v -33.160588 -9.373682 63.299442 0.672513 0.672513 0.672513
v -40.576457 -11.190954 73.077328 0.800000 0.800000 0.800000
v 1.204974 1.069081 7.759321 0.000000 0.000000 0.000000
v 0.954962 -1.948922 7.500000 0.000000 0.000000 0.000000
v 3.524140 0.156662 7.018405 0.000000 0.000000 0.000000
v 3.078402 3.448392 7.500000 0.000000 0.000000 0.000000
v 3.881271 0.016158 16.600336 0.053589 0.053589 0.053589
v 3.638507 -2.745617 16.335092 0.053589 0.053589 0.053589
v 5.968955 -0.805189 15.842497 0.053589 0.053589 0.053589
v 5.585414 2.202990 16.335092 0.053589 0.053589 0.053589
v 6.824070 -1.141613 25.202104 0.131951 0.131951 0.131951
v 6.590522 -3.634596 24.937492 0.131951 0.131951 0.131951
v 8.672913 -1.868995 24.446068 0.131951 0.131951 0.131951
v 8.351808 0.842202 24.937492 0.131951 0.131951 0.131951
v 9.275989 3.191264 24.937492 0.131951 0.131951 0.131951
v 5.666342 -5.983658 24.937492 0.131951 0.131951 0.131951
v 10.033578 -2.404315 33.563692 0.223527 0.223527 0.223527
v 9.812071 -4.613160 33.307199 0.223527 0.223527 0.223527
v 11.635632 -3.034604 32.830855 0.223527 0.223527 0.223527
v 11.376522 -0.636672 33.307199 0.223527 0.223527 0.223527
v 13.510211 -3.772111 41.683915 0.324901 0.324901 0.324901
v 13.304741 -5.677272 41.444214 0.324901 0.324901 0.324901
v 14.856336 -4.301710 40.999054 0.324901 0.324901 0.324901
v 14.657968 -2.237670 41.444214 0.324901 0.324901 0.324901
v 15.418925 -0.303486 41.444214 0.324901 0.324901 0.324901
v 12.543785 -7.611455 41.444214 0.324901 0.324901 0.324901
v 17.254838 -5.245342 49.561132 0.434244 0.434244 0.434244
v 17.071123 -6.820348 49.348536 0.434244 0.434244 0.434244
v 18.333413 -5.669681 48.953716 0.434244 0.434244 0.434244
v 18.193556 -3.967373 49.348536 0.434244 0.434244 0.434244
v 21.269412 -6.824777 57.192682 0.550389 0.550389 0.550389
v 21.116058 -8.030081 57.020166 0.550389 0.550389 0.550389
v 22.063237 -7.137088 56.699780 0.550389 0.550389 0.550389
v 21.978443 -5.838090 57.020166 0.550389 0.550389 0.550389
v 22.543063 -4.402951 57.020166 0.550389 0.550389 0.550389
v 20.551438 -9.465220 57.020166 0.550389 0.550389 0.550389
v 25.559338 -8.512542 64.572887 0.672513 0.672513 0.672513
v 25.451298 -9.276603 64.459104 0.672513 0.672513 0.672513
v 26.035770 -8.699983 64.247793 0.672513 0.672513 0.672513
v 26.000879 -7.879690 64.459104 0.672513 0.672513 0.672513
v 32.033760 -11.059744 74.571327 0.800000 0.800000 0.800000
v -4.347462 7.042327 7.946725 0.000000 0.000000 0.000000
v -6.086414 5.352324 8.000000 0.000000 0.000000 0.000000
v -3.395221 5.064937 8.098939 0.000000 0.000000 0.000000
v -1.941941 7.348156 8.000000 0.000000 0.000000 0.000000
v -4.644324 7.658779 18.188407 0.056938 0.056938 0.056938
v -6.240946 6.113925 18.243327 0.056938 0.056938 0.056938
v -3.777644 5.859063 18.345322 0.056938 0.056938 0.056938
v -2.441026 7.943832 18.243327 0.056938 0.056938 0.056938
v -4.973122 8.341549 28.193910 0.140198 0.140198 0.140198
v -6.419844 6.948810 28.249221 0.140198 0.140198 0.140198
v -4.195714 6.727211 28.351941 0.140198 0.140198 0.140198
v -2.982214 8.604251 28.249221 0.140198 0.140198 0.140198
v -1.066579 9.526754 28.249221 0.140198 0.140198 0.140198
v -8.335479 6.026307 28.249221 0.140198 0.140198 0.140198
v -5.333574 9.090051 37.963464 0.237498 0.237498 0.237498
v -6.621033 7.857979 38.017681 0.237498 0.237498 0.237498
v -4.649952 7.670467 38.118372 0.237498 0.237498 0.237498
v -3.567580 9.328414 38.017681 0.237498 0.237498 0.237498
v -5.725262 9.903417 47.497374 0.345207 0.345207 0.345207
v -6.841414 8.842925 47.548709 0.345207 0.345207 0.345207
v -5.141138 8.690445 47.644046 0.345207 0.345207 0.345207
v -4.200223 10.114829 47.548709 0.345207 0.345207 0.345207
v -2.603163 10.883917 47.548709 0.345207 0.345207 0.345207
v -8.438474 8.073837 47.548709 0.345207 0.345207 0.345207
v -6.147509 10.780238 56.796083 0.461384 0.461384 0.461384
v -7.075933 9.906081 56.842303 0.461384 0.461384 0.461384
v -5.670529 9.789760 56.928141 0.461384 0.461384 0.461384
v -4.885199 10.961061 56.842303 0.461384 0.461384 0.461384
v -6.599055 11.717903 65.860310 0.584788 0.584788 0.584788
v -7.315137 11.051999 65.898464 0.584788 0.584788 0.584788
v -6.240462 10.973263 65.969323 0.584788 0.584788 0.584788
v -5.631958 11.862559 65.898464 0.584788 0.584788 0.584788
v -4.418103 12.447109 65.898464 0.584788 0.584788 0.584788
v -8.528992 10.467450 65.898464 0.584788 0.584788 0.584788
v -7.076893 12.710165 74.691538 0.714545 0.714545 0.714545
v -7.536092 12.291725 74.717192 0.714545 0.714545 0.714545
v -6.856524 12.252555 74.764837 0.714545 0.714545 0.714545
v -6.463436 12.808278 74.717192 0.714545 0.714545 0.714545
v -7.767313 14.143867 86.371281 0.850000 0.850000 0.850000
v -3.520759 -2.621031 7.948972 0.000000 0.000000 0.000000
v -1.098206 -2.513647 8.000000 0.000000 0.000000 0.000000
v -2.918134 -0.510205 8.094767 0.000000 0.000000 0.000000
v -5.521475 -1.250836 8.000000 0.000000 0.000000 0.000000
v -3.694478 -3.229518 17.913476 0.056938 0.056938 0.056938
v -1.474730 -3.135987 17.966083 0.056938 0.056938 0.056938
v -3.145969 -1.308248 18.063781 0.056938 0.056938 0.056938
v -5.530269 -1.978160 17.966083 0.056938 0.056938 0.056938
v -3.886967 -3.903752 27.648333 0.140198 0.140198 0.140198
v -1.880313 -3.824251 27.701316 0.140198 0.140198 0.140198
v -3.394924 -2.180266 27.799714 0.140198 0.140198 0.140198
v -5.549190 -2.776813 27.701316 0.140198 0.140198 0.140198
v -7.593689 -2.193123 27.701316 0.140198 0.140198 0.140198
v 0.164186 -4.407940 27.701316 0.140198 0.140198 0.140198
v -4.098047 -4.643106 37.153761 0.237498 0.237498 0.237498
v -2.317167 -4.577807 37.205700 0.237498 0.237498 0.237498
v -3.665331 -3.127424 37.302159 0.237498 0.237498 0.237498
v -5.576025 -3.647427 37.205700 0.237498 0.237498 0.237498
v -4.327452 -5.446649 46.430053 0.345207 0.345207 0.345207
v -2.788602 -5.395712 46.479235 0.345207 0.345207 0.345207
v -3.957682 -4.151450 46.570571 0.345207 0.345207 0.345207
v -5.607464 -4.590947 46.479235 0.345207 0.345207 0.345207
v -7.311957 -4.104327 46.479235 0.345207 0.345207 0.345207
v -1.084109 -5.882332 46.479235 0.345207 0.345207 0.345207
v -4.574754 -6.312875 55.477634 0.461384 0.461384 0.461384
v -3.300011 -6.276424 55.521919 0.461384 0.461384 0.461384
v -4.272779 -5.255142 55.604163 0.461384 0.461384 0.461384
v -5.638114 -5.608913 55.521919 0.461384 0.461384 0.461384
v -4.839152 -7.238989 64.297194 0.584788 0.584788 0.584788
v -3.861482 -7.217065 64.333754 0.584788 0.584788 0.584788
v -4.612101 -6.443691 64.401652 0.584788 0.584788 0.584788
v -5.657887 -6.704204 64.333754 0.584788 0.584788 0.584788
v -6.953397 -6.334345 64.333754 0.584788 0.584788 0.584788
v -2.565971 -7.586923 64.333754 0.584788 0.584788 0.584788
v -5.118741 -8.218310 72.890154 0.714545 0.714545 0.714545
v -4.497492 -8.210645 72.914740 0.714545 0.714545 0.714545
v -4.979190 -7.729503 72.960399 0.714545 0.714545 0.714545
v -5.642305 -7.883810 72.914740 0.714545 0.714545 0.714545
v -5.525903 -9.644482 84.340714 0.850000 0.850000 0.850000
v 2.418318 4.920961 7.927883 0.000000 0.000000 0.000000
v 0.618874 6.545675 8.000000 0.000000 0.000000 0.000000
v 0.511715 3.842810 8.133931 0.000000 0.000000 0.000000
v 2.883141 2.541541 8.000000 0.000000 0.000000 0.000000
v 3.148810 5.334041 17.033407 0.056938 0.056938 0.056938
v 1.503788 6.826413 17.107721 0.056938 0.056938 0.056938
v 1.414500 4.353319 17.245734 0.056938 0.056938 0.056938
v 3.579815 3.155164 17.107721 0.056938 0.056938 0.056938
v 3.957138 5.791136 25.928075 0.140198 0.140198 0.140198
v 2.473968 7.144058 26.002880 0.140198 0.140198 0.140198
v 2.402502 4.912017 26.141805 0.140198 0.140198 0.140198
v 4.352063 3.822831 26.002880 0.140198 0.140198 0.140198
v 5.398640 1.972062 26.002880 0.140198 0.140198 0.140198
v 1.427391 8.994827 26.002880 0.140198 0.140198 0.140198
v 4.842758 6.291938 34.612194 0.237498 0.237498 0.237498
v 3.530547 7.496606 34.685477 0.237498 0.237498 0.237498
v 3.476735 5.519477 34.821574 0.237498 0.237498 0.237498
v 5.198753 4.546547 34.685477 0.237498 0.237498 0.237498
v 5.804857 6.835988 43.086174 0.345207 0.345207 0.345207
v 4.675217 7.881063 43.155511 0.345207 0.345207 0.345207
v 4.638704 6.176550 43.284280 0.345207 0.345207 0.345207
v 6.118190 5.329307 43.155511 0.345207 0.345207 0.345207
v 6.990718 3.786326 43.155511 0.345207 0.345207 0.345207
v 3.802688 9.424044 43.155511 0.345207 0.345207 0.345207
v 6.842115 7.422540 51.350607 0.461384 0.461384 0.461384
v 5.910740 8.292545 51.412983 0.461384 0.461384 0.461384
v 5.890863 6.884623 51.528823 0.461384 0.461384 0.461384
v 7.107613 6.175993 51.412983 0.461384 0.461384 0.461384
v 7.952072 8.050201 59.406454 0.584788 0.584788 0.584788
v 7.242281 8.721921 59.457893 0.584788 0.584788 0.584788
v 7.237780 7.646282 59.553422 0.584788 0.584788 0.584788
v 8.161859 7.095737 59.457893 0.584788 0.584788 0.584788
v 8.825030 5.922985 59.457893 0.584788 0.584788 0.584788
v 6.579110 9.894673 59.457893 0.584788 0.584788 0.584788
v 9.128806 8.715623 67.255693 0.714545 0.714545 0.714545
v 8.682368 9.147033 67.290240 0.714545 0.714545 0.714545
v 8.690453 8.467742 67.354398 0.714545 0.714545 0.714545
v 9.268397 8.110698 67.290240 0.714545 0.714545 0.714545
v 10.890642 9.711911 77.952385 0.850000 0.850000 0.850000
v -7.003244 4.048721 7.928625 0.000000 0.000000 0.000000
v -7.023260 1.624385 8.000000 0.000000 0.000000 0.000000
v -4.930921 3.338866 8.132554 0.000000 0.000000 0.000000
v -5.532601 5.976159 8.000000 0.000000 0.000000 0.000000
v -7.885227 4.350836 18.072615 0.056938 0.056938 0.056938
v -7.908807 2.129839 18.146166 0.056938 0.056938 0.056938
v -6.000124 3.705112 18.282762 0.056938 0.056938 0.056938
v -6.542075 6.119826 18.146166 0.056938 0.056938 0.056938
v -8.860758 4.684995 27.981568 0.140198 0.140198 0.140198
v -8.887521 2.677612 28.055607 0.140198 0.140198 0.140198
v -7.170902 4.106151 28.193108 0.140198 0.140198 0.140198
v -7.651095 6.287187 28.055607 0.140198 0.140198 0.140198
v -6.962091 8.298640 28.055607 0.140198 0.140198 0.140198
v -9.576526 0.666159 28.055607 0.140198 0.140198 0.140198
v -9.929244 5.050995 37.655788 0.237498 0.237498 0.237498
v -9.958656 3.269881 37.728322 0.237498 0.237498 0.237498
v -8.444354 4.542360 37.863029 0.237498 0.237498 0.237498
v -8.860408 6.476064 37.728322 0.237498 0.237498 0.237498
v -11.089801 5.448533 47.095682 0.345207 0.345207 0.345207
v -11.121097 3.909902 47.164313 0.345207 0.345207 0.345207
v -9.822122 5.014301 47.291770 0.345207 0.345207 0.345207
v -10.171130 6.683202 47.164313 0.345207 0.345207 0.345207
v -9.596709 8.360144 47.164313 0.345207 0.345207 0.345207
v -11.695518 2.232959 47.164313 0.345207 0.345207 0.345207
v -12.340993 5.877117 56.301835 0.461384 0.461384 0.461384
v -12.373027 4.602982 56.363577 0.461384 0.461384 0.461384
v -11.306875 5.522890 56.478242 0.461384 0.461384 0.461384
v -11.585077 6.903293 56.363577 0.461384 0.461384 0.461384
v -13.680141 6.335830 65.275197 0.584788 0.584788 0.584788
v -13.711045 5.359044 65.326117 0.584788 0.584788 0.584788
v -12.903585 6.069828 65.420681 0.584788 0.584788 0.584788
v -13.105649 7.126414 65.326117 0.584788 0.584788 0.584788
v -12.669057 8.400984 65.326117 0.584788 0.584788 0.584788
v -14.147637 4.084474 65.326117 0.584788 0.584788 0.584788
v -15.100807 6.822465 74.017731 0.714545 0.714545 0.714545
v -15.126902 6.202172 74.051931 0.714545 0.714545 0.714545
v -14.624213 6.659212 74.115445 0.714545 0.714545 0.714545
v -14.741095 7.328482 74.051931 0.714545 0.714545 0.714545
v -17.160186 7.527886 85.584740 0.850000 0.850000 0.850000
v 0.995434 -1.798449 7.948965 0.000000 0.000000 0.000000
v 2.384556 0.189171 8.000000 0.000000 0.000000 0.000000
v -0.312734 -0.035657 8.094780 0.000000 0.000000 0.000000
v -1.309405 -2.552115 8.000000 0.000000 0.000000 0.000000
v 1.346348 -2.271316 17.288059 0.056938 0.056938 0.056938
v 2.623037 -0.453050 17.340673 0.056938 0.056938 0.056938
v 0.155656 -0.666826 17.438384 0.056938 0.056938 0.056938
v -0.763825 -2.966439 17.340673 0.056938 0.056938 0.056938
v 1.735345 -2.795500 26.411992 0.140198 0.140198 0.140198
v 2.893481 -1.154861 26.464982 0.140198 0.140198 0.140198
v 0.667229 -1.356184 26.563393 0.140198 0.140198 0.140198
v -0.170472 -3.428619 26.464982 0.140198 0.140198 0.140198
v -1.877875 -4.695681 26.464982 0.140198 0.140198 0.140198
v 4.600883 0.112202 26.464982 0.140198 0.140198 0.140198
v 2.162036 -3.370478 35.320982 0.237498 0.237498 0.237498
v 3.194039 -1.917631 35.372929 0.237498 0.237498 0.237498
v 1.222705 -2.104704 35.469401 0.237498 0.237498 0.237498
v 0.472501 -3.937283 35.372929 0.237498 0.237498 0.237498
v 2.625844 -3.995474 44.015324 0.345207 0.345207 0.345207
v 3.521948 -2.743414 44.064512 0.345207 0.345207 0.345207
v 1.823156 -2.913828 44.155861 0.345207 0.345207 0.345207
v 1.167859 -4.490382 44.064512 0.345207 0.345207 0.345207
v -0.255597 -5.546728 44.064512 0.345207 0.345207 0.345207
v 4.945404 -1.687067 44.064512 0.345207 0.345207 0.345207
v 3.125836 -4.669227 52.495440 0.461384 0.461384 0.461384
v 3.872703 -3.635550 52.539731 0.461384 0.461384 0.461384
v 2.470316 -3.785895 52.621986 0.461384 0.461384 0.461384
v 1.920106 -5.084571 52.539731 0.461384 0.461384 0.461384
v 3.660280 -5.389405 60.762022 0.584788 0.584788 0.584788
v 4.237880 -4.600292 60.798588 0.584788 0.584788 0.584788
v 3.167401 -4.725237 60.866495 0.584788 0.584788 0.584788
v 2.737665 -5.713600 60.798588 0.584788 0.584788 0.584788
v 1.655759 -6.516483 60.798588 0.584788 0.584788 0.584788
v 5.319786 -3.797410 60.798588 0.584788 0.584788 0.584788
v 4.225035 -6.150428 68.816491 0.714545 0.714545 0.714545
v 4.597037 -5.652810 68.841081 0.714545 0.714545 0.714545
v 3.922101 -5.742217 68.886746 0.714545 0.714545 0.714545
v 3.640980 -6.362299 68.841081 0.714545 0.714545 0.714545
v 5.064096 -7.281087 79.743039 0.850000 0.850000 0.850000
vt 0.023679 0.000000
vt 0.073428 0.000000
vt 0.059499 0.060000
vt 0.023679 0.060000
vt 0.073428 0.000000
vt 0.115603 0.000000
vt 0.089865 0.060000
vt 0.059499 0.060000
vt 0.070959 0.000000
vt 0.028784 0.000000
vt 0.014855 0.060000
vt 0.045221 0.060000
vt 0.028784 0.000000
vt -0.020964 0.000000
vt -0.020964 0.060000
vt 0.014855 0.060000
vt -0.020964 0.000000
vt -0.070713 0.000000
vt -0.056784 0.060000
vt -0.020964 0.060000
vt -0.070713 0.000000
vt -0.112888 0.000000
vt -0.087150 0.060000
vt -0.056784 0.060000
vt 0.115603 0.000000
vt 0.073428 0.000000
vt 0.059499 0.060000
vt 0.089865 0.060000
vt 0.073428 0.000000
vt 0.023679 0.000000
vt 0.023679 0.060000
vt 0.059499 0.060000
vt 0.023679 0.000000
vt -0.026069 0.000000
vt -0.012140 0.060000
vt 0.023679 0.060000
vt -0.026069 0.000000
vt -0.068244 0.000000
vt -0.042506 0.060000
vt -0.012140 0.060000
vt -0.112888 0.000000
vt -0.070713 0.000000
vt -0.056784 0.060000
vt -0.087150 0.060000
vt -0.070713 0.000000
vt -0.020964 0.000000
vt -0.020964 0.060000
vt -0.056784 0.060000
vt -0.020964 0.000000
vt 0.028784 0.000000
vt 0.014855 0.060000
vt -0.020964 0.060000
vt 0.028784 0.000000
vt 0.070959 0.000000
vt 0.045221 0.060000
vt 0.014855 0.060000
vt -0.068244 0.000000
vt -0.026069 0.000000
vt -0.012140 0.060000
vt -0.042506 0.060000
vt -0.026069 0.000000
vt 0.023679 0.000000
vt 0.023679 0.060000
vt -0.012140 0.060000
vt -0.020964 0.023679
vt 0.072636 0.023679
vt 0.065511 0.059499
vt -0.020964 0.023679
vt 0.065511 0.059499
vt 0.045221 0.089865
vt -0.020964 0.023679
vt 0.045221 0.089865
vt 0.014855 0.110155
vt -0.020964 0.023679
vt 0.014855 0.110155
vt -0.020964 0.117279
vt -0.020964 0.023679
vt -0.020964 0.117279
vt -0.056784 0.110155
vt -0.020964 0.023679
vt -0.056784 0.110155
vt -0.087150 0.089865
vt -0.020964 0.023679
vt -0.087150 0.089865
vt -0.107440 0.059499
vt -0.020964 0.023679
vt -0.107440 0.059499
vt -0.114564 0.023679
vt -0.020964 0.023679
vt -0.114564 0.023679
vt -0.107440 -0.012140
vt -0.020964 0.023679
vt -0.107440 -0.012140
vt -0.087150 -0.042506
vt -0.020964 0.023679
vt -0.087150 -0.042506
vt -0.056784 -0.062796
vt -0.020964 0.023679
vt -0.056784 -0.062796
vt -0.020964 -0.069921
vt -0.020964 0.023679
vt -0.020964 -0.069921
vt 0.014855 -0.062796
vt -0.020964 0.023679
vt 0.014855 -0.062796
vt 0.045221 -0.042506
vt -0.020964 0.023679
vt 0.045221 -0.042506
vt 0.065511 -0.012140
vt -0.020964 0.023679
vt 0.065511 -0.012140
vt 0.072636 0.023679
vt -0.020964 0.023679
vt 0.099140 0.073428
vt 0.109036 0.023679
vt -0.020964 0.023679
vt 0.070959 0.115603
vt 0.099140 0.073428
vt -0.020964 0.023679
vt 0.028784 0.143784
vt 0.070959 0.115603
vt -0.020964 0.023679
vt -0.020964 0.153679
vt 0.028784 0.143784
vt -0.020964 0.023679
vt -0.070713 0.143784
vt -0.020964 0.153679
vt -0.020964 0.023679
vt -0.112888 0.115603
vt -0.070713 0.143784
vt -0.020964 0.023679
vt -0.141069 0.073428
vt -0.112888 0.115603
vt -0.020964 0.023679
vt -0.150964 0.023679
vt -0.141069 0.073428
vt -0.020964 0.023679
vt -0.141069 -0.026069
vt -0.150964 0.023679
vt -0.020964 0.023679
vt -0.112888 -0.068244
vt -0.141069 -0.026069
vt -0.020964 0.023679
vt -0.070713 -0.096425
vt -0.112888 -0.068244
vt -0.020964 0.023679
vt -0.020964 -0.106321
vt -0.070713 -0.096425
vt -0.020964 0.023679
vt 0.028784 -0.096425
vt -0.020964 -0.106321
vt -0.020964 0.023679
vt 0.070959 -0.068244
vt 0.028784 -0.096425
vt -0.020964 0.023679
vt 0.099140 -0.026069
vt 0.070959 -0.068244
vt -0.020964 0.023679
vt 0.109036 0.023679
vt 0.099140 -0.026069
vt 0.016400 0.025247
vt 0.024790 -0.012434
vt 0.076756 -0.007092
vt 0.069760 0.027486
vt 0.024790 -0.012434
vt 0.035818 0.026062
vt 0.085577 0.028150
vt 0.076756 -0.007092
vt 0.035818 0.026062
vt 0.021604 0.063499
vt 0.073835 0.062528
vt 0.085577 0.028150
vt 0.021604 0.063499
vt 0.016400 0.025247
vt 0.069760 0.027486
vt 0.073835 0.062528
vt 0.069760 0.027486
vt 0.076756 -0.007092
vt 0.134014 -0.001365
vt 0.128283 0.029941
vt 0.076756 -0.007092
vt 0.085577 0.028150
vt 0.140883 0.030470
vt 0.134014 -0.001365
vt 0.085577 0.028150
vt 0.073835 0.062528
vt 0.131372 0.061618
vt 0.140883 0.030470
vt 0.073835 0.062528
vt 0.069760 0.027486
vt 0.128283 0.029941
vt 0.131372 0.061618
vt 0.073835 0.062528
vt 0.131372 0.061618
vt 0.130063 0.092806
vt 0.134014 -0.001365
vt 0.076756 -0.007092
vt 0.135323 -0.032553
vt 0.128283 0.029941
vt 0.134014 -0.001365
vt 0.196562 0.004785
vt 0.191969 0.032613
vt 0.134014 -0.001365
vt 0.140883 0.030470
vt 0.201739 0.033023
vt 0.196562 0.004785
vt 0.140883 0.030470
vt 0.131372 0.061618
vt 0.194215 0.060729
vt 0.201739 0.033023
vt 0.131372 0.061618
vt 0.128283 0.029941
vt 0.191969 0.032613
vt 0.194215 0.060729
vt 0.191969 0.032613
vt 0.196562 0.004785
vt 0.264398 0.011414
vt 0.260825 0.035502
vt 0.196562 0.004785
vt 0.201739 0.033023
vt 0.268133 0.035809
vt 0.264398 0.011414
vt 0.201739 0.033023
vt 0.194215 0.060729
vt 0.262367 0.059805
vt 0.268133 0.035809
vt 0.194215 0.060729
vt 0.191969 0.032613
vt 0.260825 0.035502
vt 0.262367 0.059805
vt 0.194215 0.060729
vt 0.262367 0.059805
vt 0.261304 0.085156
vt 0.264398 0.011414
vt 0.196562 0.004785
vt 0.265461 -0.013937
vt 0.260825 0.035502
vt 0.264398 0.011414
vt 0.337517 0.018616
vt 0.334859 0.038609
vt 0.264398 0.011414
vt 0.268133 0.035809
vt 0.340046 0.038826
vt 0.337517 0.018616
vt 0.268133 0.035809
vt 0.262367 0.059805
vt 0.335832 0.058754
vt 0.340046 0.038826
vt 0.262367 0.059805
vt 0.260825 0.035502
vt 0.334859 0.038609
vt 0.335832 0.058754
vt 0.334859 0.038609
vt 0.337517 0.018616
vt 0.415912 0.026563
vt 0.414088 0.041933
vt 0.337517 0.018616
vt 0.340046 0.038826
vt 0.417450 0.042074
vt 0.415912 0.026563
vt 0.340046 0.038826
vt 0.335832 0.058754
vt 0.414618 0.057401
vt 0.417450 0.042074
vt 0.335832 0.058754
vt 0.334859 0.038609
vt 0.414088 0.041933
vt 0.414618 0.057401
vt 0.335832 0.058754
vt 0.414618 0.057401
vt 0.413849 0.075732
vt 0.415912 0.026563
vt 0.337517 0.018616
vt 0.416681 0.008233
vt 0.414088 0.041933
vt 0.415912 0.026563
vt 0.499565 0.035676
vt 0.498536 0.045476
vt 0.415912 0.026563
vt 0.417450 0.042074
vt 0.500300 0.045550
vt 0.499565 0.035676
vt 0.417450 0.042074
vt 0.414618 0.057401
vt 0.498741 0.055328
vt 0.500300 0.045550
vt 0.414618 0.057401
vt 0.414088 0.041933
vt 0.498536 0.045476
vt 0.498741 0.055328
vt 0.498536 0.045476
vt 0.499565 0.035676
vt 0.629040 0.050952
vt 0.499565 0.035676
vt 0.500300 0.045550
vt 0.629040 0.050952
vt 0.500300 0.045550
vt 0.498741 0.055328
vt 0.629040 0.050952
vt 0.498741 0.055328
vt 0.498536 0.045476
vt 0.629040 0.050952
vt -0.047375 0.050759
vt -0.024622 0.081854
vt -0.060266 0.113876
vt -0.081626 0.085877
vt -0.024622 0.081854
vt -0.060090 0.063796
vt -0.091860 0.096370
vt -0.060266 0.113876
vt -0.060090 0.063796
vt -0.079029 0.028790
vt -0.110150 0.065223
vt -0.091860 0.096370
vt -0.079029 0.028790
vt -0.047375 0.050759
vt -0.081626 0.085877
vt -0.110150 0.065223
vt -0.081626 0.085877
vt -0.060266 0.113876
vt -0.099422 0.149265
vt -0.119168 0.124369
vt -0.060266 0.113876
vt -0.091860 0.096370
vt -0.127219 0.132624
vt -0.099422 0.149265
vt -0.091860 0.096370
vt -0.110150 0.065223
vt -0.144550 0.105251
vt -0.127219 0.132624
vt -0.110150 0.065223
vt -0.081626 0.085877
vt -0.119168 0.124369
vt -0.144550 0.105251
vt -0.110150 0.065223
vt -0.144550 0.105251
vt -0.166897 0.083456
vt -0.099422 0.149265
vt -0.060266 0.113876
vt -0.077075 0.171060
vt -0.119168 0.124369
vt -0.099422 0.149265
vt -0.142116 0.187995
vt -0.160002 0.166237
vt -0.099422 0.149265
vt -0.127219 0.132624
vt -0.166163 0.172554
vt -0.142116 0.187995
vt -0.127219 0.132624
vt -0.144550 0.105251
vt -0.182201 0.148900
vt -0.166163 0.172554
vt -0.144550 0.105251
vt -0.119168 0.124369
vt -0.160002 0.166237
vt -0.182201 0.148900
vt -0.160002 0.166237
vt -0.142116 0.187995
vt -0.188389 0.230026
vt -0.204135 0.211487
vt -0.142116 0.187995
vt -0.166163 0.172554
vt -0.208680 0.216146
vt -0.188389 0.230026
vt -0.166163 0.172554
vt -0.182201 0.148900
vt -0.223062 0.196209
vt -0.208680 0.216146
vt -0.182201 0.148900
vt -0.160002 0.166237
vt -0.204135 0.211487
vt -0.223062 0.196209
vt -0.182201 0.148900
vt -0.223062 0.196209
vt -0.241227 0.178493
vt -0.188389 0.230026
vt -0.142116 0.187995
vt -0.170225 0.247742
vt -0.204135 0.211487
vt -0.188389 0.230026
vt -0.238308 0.275293
vt -0.251577 0.260129
vt -0.188389 0.230026
vt -0.208680 0.216146
vt -0.254752 0.263385
vt -0.238308 0.275293
vt -0.208680 0.216146
vt -0.223062 0.196209
vt -0.267068 0.247244
vt -0.254752 0.263385
vt -0.223062 0.196209
vt -0.204135 0.211487
vt -0.251577 0.260129
vt -0.267068 0.247244
vt -0.251577 0.260129
vt -0.238308 0.275293
vt -0.291997 0.323676
vt -0.302338 0.312175
vt -0.238308 0.275293
vt -0.254752 0.263385
vt -0.304359 0.314247
vt -0.291997 0.323676
vt -0.254752 0.263385
vt -0.267068 0.247244
vt -0.314093 0.302125
vt -0.304359 0.314247
vt -0.267068 0.247244
vt -0.251577 0.260129
vt -0.302338 0.312175
vt -0.314093 0.302125
vt -0.267068 0.247244
vt -0.314093 0.302125
vt -0.327227 0.289315
vt -0.291997 0.323676
vt -0.238308 0.275293
vt -0.278863 0.336485
vt -0.302338 0.312175
vt -0.291997 0.323676
vt -0.349756 0.374880
vt -0.356434 0.367641
vt -0.291997 0.323676
vt -0.304359 0.314247
vt -0.357472 0.368705
vt -0.349756 0.374880
vt -0.304359 0.314247
vt -0.314093 0.302125
vt -0.363838 0.361146
vt -0.357472 0.368705
vt -0.314093 0.302125
vt -0.302338 0.312175
vt -0.356434 0.367641
vt -0.363838 0.361146
vt -0.356434 0.367641
vt -0.349756 0.374880
vt -0.442583 0.455970
vt -0.349756 0.374880
vt -0.357472 0.368705
vt -0.442583 0.455970
vt -0.357472 0.368705
vt -0.363838 0.361146
vt -0.442583 0.455970
vt -0.363838 0.361146
vt -0.356434 0.367641
vt -0.442583 0.455970
vt -0.019730 -0.014447
vt -0.057514 -0.021727
vt -0.052639 -0.074683
vt -0.017973 -0.068732
vt -0.057514 -0.021727
vt -0.019171 -0.031734
vt -0.017527 -0.082515
vt -0.052639 -0.074683
vt -0.019171 -0.031734
vt 0.018446 -0.019268
vt 0.017006 -0.072429
vt -0.017527 -0.082515
vt 0.018446 -0.019268
vt -0.019730 -0.014447
vt -0.017973 -0.068732
vt 0.017006 -0.072429
vt -0.017973 -0.068732
vt -0.052639 -0.074683
vt -0.047427 -0.133030
vt -0.016046 -0.128252
vt -0.052639 -0.074683
vt -0.017527 -0.082515
vt -0.015698 -0.138990
vt -0.047427 -0.133030
vt -0.017527 -0.082515
vt 0.017006 -0.072429
vt 0.015578 -0.130990
vt -0.015698 -0.138990
vt 0.017006 -0.072429
vt -0.017973 -0.068732
vt -0.016046 -0.128252
vt 0.015578 -0.130990
vt 0.017006 -0.072429
vt 0.015578 -0.130990
vt 0.046777 -0.129980
vt -0.047427 -0.133030
vt -0.052639 -0.074683
vt -0.078626 -0.134040
vt -0.016046 -0.128252
vt -0.047427 -0.133030
vt -0.041839 -0.196766
vt -0.013949 -0.193014
vt -0.047427 -0.133030
vt -0.015698 -0.138990
vt -0.013686 -0.201145
vt -0.041839 -0.196766
vt -0.015698 -0.138990
vt 0.015578 -0.130990
vt 0.014125 -0.194954
vt -0.013686 -0.201145
vt 0.015578 -0.130990
vt -0.016046 -0.128252
vt -0.013949 -0.193014
vt 0.014125 -0.194954
vt -0.013949 -0.193014
vt -0.041839 -0.196766
vt -0.035820 -0.265890
vt -0.011683 -0.263031
vt -0.041839 -0.196766
vt -0.013686 -0.201145
vt -0.011491 -0.268959
vt -0.035820 -0.265890
vt -0.013686 -0.201145
vt 0.014125 -0.194954
vt 0.012588 -0.264323
vt -0.011491 -0.268959
vt 0.014125 -0.194954
vt -0.013949 -0.193014
vt -0.011683 -0.263031
vt 0.012588 -0.264323
vt 0.014125 -0.194954
vt 0.012588 -0.264323
vt 0.037948 -0.263502
vt -0.035820 -0.265890
vt -0.041839 -0.196766
vt -0.061180 -0.266711
vt -0.011683 -0.263031
vt -0.035820 -0.265890
vt -0.029275 -0.340398
vt -0.009246 -0.338317
vt -0.035820 -0.265890
vt -0.011491 -0.268959
vt -0.009113 -0.342404
vt -0.029275 -0.340398
vt -0.011491 -0.268959
vt 0.012588 -0.264323
vt 0.010877 -0.339098
vt -0.009113 -0.342404
vt 0.012588 -0.264323
vt -0.011683 -0.263031
vt -0.009246 -0.338317
vt 0.010877 -0.339098
vt -0.009246 -0.338317
vt -0.029275 -0.340398
vt -0.022033 -0.420284
vt -0.006637 -0.418889
vt -0.029275 -0.340398
vt -0.009113 -0.342404
vt -0.006554 -0.421449
vt -0.022033 -0.420284
vt -0.009113 -0.342404
vt 0.010877 -0.339098
vt 0.008816 -0.419286
vt -0.006554 -0.421449
vt 0.010877 -0.339098
vt -0.009246 -0.338317
vt -0.006637 -0.418889
vt 0.008816 -0.419286
vt 0.010877 -0.339098
vt 0.008816 -0.419286
vt 0.027153 -0.418692
vt -0.022033 -0.420284
vt -0.029275 -0.340398
vt -0.040370 -0.420878
vt -0.006637 -0.418889
vt -0.022033 -0.420284
vt -0.013672 -0.505536
vt -0.003857 -0.504767
vt -0.022033 -0.420284
vt -0.006554 -0.421449
vt -0.003815 -0.506056
vt -0.013672 -0.505536
vt -0.006554 -0.421449
vt 0.008816 -0.419286
vt 0.005987 -0.504900
vt -0.003815 -0.506056
vt 0.008816 -0.419286
vt -0.006637 -0.418889
vt -0.003857 -0.504767
vt 0.005987 -0.504900
vt -0.003857 -0.504767
vt -0.013672 -0.505536
vt 0.000430 -0.637207
vt -0.013672 -0.505536
vt -0.003815 -0.506056
vt 0.000430 -0.637207
vt -0.003815 -0.506056
vt 0.005987 -0.504900
vt 0.000430 -0.637207
vt 0.005987 -0.504900
vt -0.003857 -0.504767
vt 0.000430 -0.637207
vt 0.001503 0.054034
vt 0.035875 0.036598
vt 0.063683 0.079477
vt 0.032592 0.096035
vt 0.035875 0.036598
vt 0.012442 0.068812
vt 0.041412 0.107950
vt 0.063683 0.079477
vt 0.012442 0.068812
vt -0.025211 0.081814
vt 0.007675 0.120933
vt 0.041412 0.107950
vt -0.025211 0.081814
vt 0.001503 0.054034
vt 0.032592 0.096035
vt 0.007675 0.120933
vt 0.032592 0.096035
vt 0.063683 0.079477
vt 0.094446 0.126622
vt 0.066679 0.142087
vt 0.063683 0.079477
vt 0.041412 0.107950
vt 0.073631 0.151478
vt 0.094446 0.126622
vt 0.041412 0.107950
vt 0.007675 0.120933
vt 0.043778 0.164126
vt 0.073631 0.151478
vt 0.007675 0.120933
vt 0.032592 0.096035
vt 0.066679 0.142087
vt 0.043778 0.164126
vt 0.007675 0.120933
vt 0.043778 0.164126
vt 0.018688 0.182697
vt 0.094446 0.126622
vt 0.063683 0.079477
vt 0.119536 0.108051
vt 0.066679 0.142087
vt 0.094446 0.126622
vt 0.128134 0.178055
vt 0.103766 0.192192
vt 0.094446 0.126622
vt 0.073631 0.151478
vt 0.109096 0.199392
vt 0.128134 0.178055
vt 0.073631 0.151478
vt 0.043778 0.164126
vt 0.083129 0.211368
vt 0.109096 0.199392
vt 0.043778 0.164126
vt 0.066679 0.142087
vt 0.103766 0.192192
vt 0.083129 0.211368
vt 0.103766 0.192192
vt 0.128134 0.178055
vt 0.164702 0.233812
vt 0.143858 0.246356
vt 0.128134 0.178055
vt 0.109096 0.199392
vt 0.147798 0.251678
vt 0.164702 0.233812
vt 0.109096 0.199392
vt 0.083129 0.211368
vt 0.125773 0.262627
vt 0.147798 0.251678
vt 0.083129 0.211368
vt 0.103766 0.192192
vt 0.143858 0.246356
vt 0.125773 0.262627
vt 0.083129 0.211368
vt 0.125773 0.262627
vt 0.105378 0.277722
vt 0.164702 0.233812
vt 0.128134 0.178055
vt 0.185096 0.218716
vt 0.143858 0.246356
vt 0.164702 0.233812
vt 0.204074 0.293946
vt 0.186963 0.304591
vt 0.164702 0.233812
vt 0.147798 0.251678
vt 0.189722 0.308318
vt 0.204074 0.293946
vt 0.147798 0.251678
vt 0.125773 0.262627
vt 0.171784 0.317846
vt 0.189722 0.308318
vt 0.125773 0.262627
vt 0.143858 0.246356
vt 0.186963 0.304591
vt 0.171784 0.317846
vt 0.186963 0.304591
vt 0.204074 0.293946
vt 0.246111 0.358560
vt 0.233090 0.366909
vt 0.204074 0.293946
vt 0.189722 0.308318
vt 0.234851 0.369288
vt 0.246111 0.358560
vt 0.189722 0.308318
vt 0.171784 0.317846
vt 0.221302 0.376924
vt 0.234851 0.369288
vt 0.171784 0.317846
vt 0.186963 0.304591
vt 0.233090 0.366909
vt 0.221302 0.376924
vt 0.171784 0.317846
vt 0.221302 0.376924
vt 0.206556 0.387838
vt 0.246111 0.358560
vt 0.204074 0.293946
vt 0.260857 0.347645
vt 0.233090 0.366909
vt 0.246111 0.358560
vt 0.290476 0.427906
vt 0.282253 0.433328
vt 0.246111 0.358560
vt 0.234851 0.369288
vt 0.283160 0.434554
vt 0.290476 0.427906
vt 0.234851 0.369288
vt 0.221302 0.376924
vt 0.274665 0.439609
vt 0.283160 0.434554
vt 0.221302 0.376924
vt 0.233090 0.366909
vt 0.282253 0.433328
vt 0.274665 0.439609
vt 0.282253 0.433328
vt 0.290476 0.427906
vt 0.358902 0.536882
vt 0.290476 0.427906
vt 0.283160 0.434554
vt 0.358902 0.536882
vt 0.283160 0.434554
vt 0.274665 0.439609
vt 0.358902 0.536882
vt 0.274665 0.439609
vt 0.282253 0.433328
vt 0.358902 0.536882
vt -0.057495 0.015541
vt -0.072370 0.051158
vt -0.120096 0.037289
vt -0.107137 0.004481
vt -0.072370 0.051158
vt -0.076386 0.011332
vt -0.122514 0.001055
vt -0.120096 0.037289
vt -0.076386 0.011332
vt -0.055843 -0.023023
vt -0.104943 -0.030725
vt -0.122514 0.001055
vt -0.055843 -0.023023
vt -0.057495 0.015541
vt -0.107137 0.004481
vt -0.104943 -0.030725
vt -0.107137 0.004481
vt -0.120096 0.037289
vt -0.172709 0.022164
vt -0.161571 -0.007646
vt -0.120096 0.037289
vt -0.122514 0.001055
vt -0.173810 -0.010373
vt -0.172709 0.022164
vt -0.122514 0.001055
vt -0.104943 -0.030725
vt -0.159001 -0.039366
vt -0.173810 -0.010373
vt -0.104943 -0.030725
vt -0.107137 0.004481
vt -0.161571 -0.007646
vt -0.159001 -0.039366
vt -0.104943 -0.030725
vt -0.159001 -0.039366
vt -0.152213 -0.069834
vt -0.172709 0.022164
vt -0.120096 0.037289
vt -0.179497 0.052632
vt -0.161571 -0.007646
vt -0.172709 0.022164
vt -0.230202 0.005746
vt -0.220795 -0.020841
vt -0.172709 0.022164
vt -0.173810 -0.010373
vt -0.230277 -0.022953
vt -0.230202 0.005746
vt -0.173810 -0.010373
vt -0.159001 -0.039366
vt -0.218026 -0.048907
vt -0.230277 -0.022953
vt -0.159001 -0.039366
vt -0.161571 -0.007646
vt -0.220795 -0.020841
vt -0.218026 -0.048907
vt -0.220795 -0.020841
vt -0.230202 0.005746
vt -0.292562 -0.012019
vt -0.284816 -0.035104
vt -0.230202 0.005746
vt -0.230277 -0.022953
vt -0.291903 -0.036683
vt -0.292562 -0.012019
vt -0.230277 -0.022953
vt -0.218026 -0.048907
vt -0.282030 -0.059294
vt -0.291903 -0.036683
vt -0.218026 -0.048907
vt -0.220795 -0.020841
vt -0.284816 -0.035104
vt -0.282030 -0.059294
vt -0.218026 -0.048907
vt -0.282030 -0.059294
vt -0.276512 -0.084060
vt -0.292562 -0.012019
vt -0.230202 0.005746
vt -0.298080 0.012747
vt -0.284816 -0.035104
vt -0.292562 -0.012019
vt -0.359770 -0.031224
vt -0.353643 -0.050438
vt -0.292562 -0.012019
vt -0.291903 -0.036683
vt -0.358668 -0.051557
vt -0.359770 -0.031224
vt -0.291903 -0.036683
vt -0.282030 -0.059294
vt -0.351034 -0.070436
vt -0.358668 -0.051557
vt -0.282030 -0.059294
vt -0.284816 -0.035104
vt -0.353643 -0.050438
vt -0.351034 -0.070436
vt -0.353643 -0.050438
vt -0.359770 -0.031224
vt -0.431787 -0.052037
vt -0.427292 -0.066846
vt -0.359770 -0.031224
vt -0.358668 -0.051557
vt -0.430545 -0.067571
vt -0.431787 -0.052037
vt -0.358668 -0.051557
vt -0.351034 -0.070436
vt -0.425075 -0.082163
vt -0.430545 -0.067571
vt -0.351034 -0.070436
vt -0.353643 -0.050438
vt -0.427292 -0.066846
vt -0.425075 -0.082163
vt -0.351034 -0.070436
vt -0.425075 -0.082163
vt -0.421085 -0.100071
vt -0.431787 -0.052037
vt -0.359770 -0.031224
vt -0.435776 -0.034129
vt -0.427292 -0.066846
vt -0.431787 -0.052037
vt -0.508522 -0.074867
vt -0.505786 -0.084334
vt -0.431787 -0.052037
vt -0.430545 -0.067571
vt -0.507491 -0.084714
vt -0.508522 -0.074867
vt -0.430545 -0.067571
vt -0.425075 -0.082163
vt -0.504244 -0.094067
vt -0.507491 -0.084714
vt -0.425075 -0.082163
vt -0.427292 -0.066846
vt -0.505786 -0.084334
vt -0.504244 -0.094067
vt -0.505786 -0.084334
vt -0.508522 -0.074867
vt -0.629040 -0.111794
vt -0.508522 -0.074867
vt -0.507491 -0.084714
vt -0.629040 -0.111794
vt -0.507491 -0.084714
vt -0.504244 -0.094067
vt -0.629040 -0.111794
vt -0.504244 -0.094067
vt -0.505786 -0.084334
vt -0.629040 -0.111794
vt 0.012319 0.004842
vt -0.001215 -0.031162
vt 0.044455 -0.053379
vt 0.057496 -0.020726
vt -0.001215 -0.031162
vt 0.027128 -0.003539
vt 0.069269 -0.027389
vt 0.044455 -0.053379
vt 0.027128 -0.003539
vt 0.036219 0.034980
vt 0.078777 0.007264
vt 0.069269 -0.027389
vt 0.036219 0.034980
vt 0.012319 0.004842
vt 0.057496 -0.020726
vt 0.078777 0.007264
vt 0.057496 -0.020726
vt 0.044455 -0.053379
vt 0.094692 -0.077994
vt 0.107016 -0.048752
vt 0.044455 -0.053379
vt 0.069269 -0.027389
vt 0.116159 -0.053927
vt 0.094692 -0.077994
vt 0.069269 -0.027389
vt 0.078777 0.007264
vt 0.125741 -0.023133
vt 0.116159 -0.053927
vt 0.078777 0.007264
vt 0.057496 -0.020726
vt 0.107016 -0.048752
vt 0.125741 -0.023133
vt 0.078777 0.007264
vt 0.125741 -0.023133
vt 0.141116 0.004034
vt 0.094692 -0.077994
vt 0.044455 -0.053379
vt 0.079317 -0.105160
vt 0.107016 -0.048752
vt 0.094692 -0.077994
vt 0.149513 -0.104973
vt 0.160888 -0.079241
vt 0.094692 -0.077994
vt 0.116159 -0.053927
vt 0.167787 -0.083146
vt 0.149513 -0.104973
vt 0.116159 -0.053927
vt 0.125741 -0.023133
vt 0.177092 -0.056243
vt 0.167787 -0.083146
vt 0.125741 -0.023133
vt 0.107016 -0.048752
vt 0.160888 -0.079241
vt 0.177092 -0.056243
vt 0.160888 -0.079241
vt 0.149513 -0.104973
vt 0.208947 -0.134267
vt 0.219121 -0.112199
vt 0.149513 -0.104973
vt 0.167787 -0.083146
vt 0.224132 -0.115035
vt 0.208947 -0.134267
vt 0.167787 -0.083146
vt 0.177092 -0.056243
vt 0.232803 -0.092116
vt 0.224132 -0.115035
vt 0.177092 -0.056243
vt 0.160888 -0.079241
vt 0.219121 -0.112199
vt 0.232803 -0.092116
vt 0.177092 -0.056243
vt 0.232803 -0.092116
vt 0.245300 -0.070034
vt 0.208947 -0.134267
vt 0.149513 -0.104973
vt 0.196450 -0.156349
vt 0.219121 -0.112199
vt 0.208947 -0.134267
vt 0.273040 -0.165795
vt 0.281730 -0.147633
vt 0.208947 -0.134267
vt 0.224132 -0.115035
vt 0.285169 -0.149579
vt 0.273040 -0.165795
vt 0.224132 -0.115035
vt 0.232803 -0.092116
vt 0.292827 -0.130833
vt 0.285169 -0.149579
vt 0.232803 -0.092116
vt 0.219121 -0.112199
vt 0.281730 -0.147633
vt 0.292827 -0.130833
vt 0.281730 -0.147633
vt 0.273040 -0.165795
vt 0.341877 -0.199406
vt 0.348728 -0.185551
vt 0.273040 -0.165795
vt 0.285169 -0.149579
vt 0.350871 -0.186764
vt 0.341877 -0.199406
vt 0.285169 -0.149579
vt 0.292827 -0.130833
vt 0.357079 -0.172545
vt 0.350871 -0.186764
vt 0.292827 -0.130833
vt 0.281730 -0.147633
vt 0.348728 -0.185551
vt 0.357079 -0.172545
vt 0.292827 -0.130833
vt 0.357079 -0.172545
vt 0.366116 -0.156578
vt 0.341877 -0.199406
vt 0.273040 -0.165795
vt 0.332840 -0.215373
vt 0.348728 -0.185551
vt 0.341877 -0.199406
vt 0.415665 -0.234735
vt 0.420134 -0.225964
vt 0.341877 -0.199406
vt 0.350871 -0.186764
vt 0.421206 -0.226570
vt 0.415665 -0.234735
vt 0.350871 -0.186764
vt 0.357079 -0.172545
vt 0.425353 -0.217617
vt 0.421206 -0.226570
vt 0.357079 -0.172545
vt 0.348728 -0.185551
vt 0.420134 -0.225964
vt 0.425353 -0.217617
vt 0.420134 -0.225964
vt 0.415665 -0.234735
vt 0.531904 -0.289221
vt 0.415665 -0.234735
vt 0.421206 -0.226570
vt 0.531904 -0.289221
vt 0.421206 -0.226570
vt 0.425353 -0.217617
vt 0.531904 -0.289221
vt 0.425353 -0.217617
vt 0.420134 -0.225964
vt 0.531904 -0.289221
vt -0.030160 0.060444
vt 0.005175 0.075779
vt -0.010129 0.123947
vt -0.042700 0.110582
vt 0.005175 0.075779
vt -0.034530 0.077915
vt -0.046210 0.124615
vt -0.010129 0.123947
vt -0.034530 0.077915
vt -0.068554 0.057338
vt -0.077728 0.107039
vt -0.046210 0.124615
vt -0.068554 0.057338
vt -0.030160 0.060444
vt -0.042700 0.110582
vt -0.077728 0.107039
vt -0.042700 0.110582
vt -0.010129 0.123947
vt -0.026836 0.177053
vt -0.056449 0.165549
vt -0.010129 0.123947
vt -0.046210 0.124615
vt -0.059204 0.176566
vt -0.026836 0.177053
vt -0.046210 0.124615
vt -0.077728 0.107039
vt -0.087990 0.161757
vt -0.059204 0.176566
vt -0.077728 0.107039
vt -0.042700 0.110582
vt -0.056449 0.165549
vt -0.087990 0.161757
vt -0.077728 0.107039
vt -0.087990 0.161757
vt -0.118273 0.154183
vt -0.026836 0.177053
vt -0.010129 0.123947
vt 0.003447 0.184627
vt -0.056449 0.165549
vt -0.026836 0.177053
vt -0.044982 0.235086
vt -0.071406 0.225348
vt -0.026836 0.177053
vt -0.059204 0.176566
vt -0.073509 0.233760
vt -0.044982 0.235086
vt -0.059204 0.176566
vt -0.087990 0.161757
vt -0.099302 0.221499
vt -0.073509 0.233760
vt -0.087990 0.161757
vt -0.056449 0.165549
vt -0.071406 0.225348
vt -0.099302 0.221499
vt -0.071406 0.225348
vt -0.044982 0.235086
vt -0.064623 0.298033
vt -0.087574 0.289990
vt -0.044982 0.235086
vt -0.073509 0.233760
vt -0.089122 0.296179
vt -0.064623 0.298033
vt -0.073509 0.233760
vt -0.099302 0.221499
vt -0.111608 0.286281
vt -0.089122 0.296179
vt -0.099302 0.221499
vt -0.071406 0.225348
vt -0.087574 0.289990
vt -0.111608 0.286281
vt -0.099302 0.221499
vt -0.111608 0.286281
vt -0.136224 0.280124
vt -0.064623 0.298033
vt -0.044982 0.235086
vt -0.040008 0.304189
vt -0.087574 0.289990
vt -0.064623 0.298033
vt -0.085848 0.365871
vt -0.104956 0.359488
vt -0.064623 0.298033
vt -0.089122 0.296179
vt -0.106035 0.363800
vt -0.085848 0.365871
vt -0.089122 0.296179
vt -0.111608 0.286281
vt -0.124820 0.356123
vt -0.106035 0.363800
vt -0.111608 0.286281
vt -0.087574 0.289990
vt -0.104956 0.359488
vt -0.124820 0.356123
vt -0.104956 0.359488
vt -0.085848 0.365871
vt -0.108825 0.438559
vt -0.123557 0.433857
vt -0.085848 0.365871
vt -0.106035 0.363800
vt -0.124242 0.436592
vt -0.108825 0.438559
vt -0.106035 0.363800
vt -0.124820 0.356123
vt -0.138768 0.431069
vt -0.124242 0.436592
vt -0.124820 0.356123
vt -0.104956 0.359488
vt -0.123557 0.433857
vt -0.138768 0.431069
vt -0.124820 0.356123
vt -0.138768 0.431069
vt -0.156566 0.426618
vt -0.108825 0.438559
vt -0.085848 0.365871
vt -0.091027 0.443010
vt -0.123557 0.433857
vt -0.108825 0.438559
vt -0.133963 0.515994
vt -0.143382 0.513118
vt -0.108825 0.438559
vt -0.124242 0.436592
vt -0.143732 0.514517
vt -0.133963 0.515994
vt -0.124242 0.436592
vt -0.138768 0.431069
vt -0.153046 0.511221
vt -0.143732 0.514517
vt -0.138768 0.431069
vt -0.123557 0.433857
vt -0.143382 0.513118
vt -0.153046 0.511221
vt -0.143382 0.513118
vt -0.133963 0.515994
vt -0.174419 0.637207
vt -0.133963 0.515994
vt -0.143732 0.514517
vt -0.174419 0.637207
vt -0.143732 0.514517
vt -0.153046 0.511221
vt -0.174419 0.637207
vt -0.153046 0.511221
vt -0.143382 0.513118
vt -0.174419 0.637207
vt -0.037090 -0.010434
vt -0.074209 -0.000042
vt -0.094001 -0.049306
vt -0.060272 -0.059477
vt -0.074209 -0.000042
vt -0.044986 -0.027139
vt -0.066644 -0.072958
vt -0.094001 -0.049306
vt -0.044986 -0.027139
vt -0.005498 -0.032521
vt -0.031003 -0.079084
vt -0.066644 -0.072958
vt -0.005498 -0.032521
vt -0.037090 -0.010434
vt -0.060272 -0.059477
vt -0.031003 -0.079084
vt -0.060272 -0.059477
vt -0.094001 -0.049306
vt -0.115950 -0.103512
vt -0.085694 -0.113259
vt -0.094001 -0.049306
vt -0.066644 -0.072958
vt -0.090721 -0.123895
vt -0.115950 -0.103512
vt -0.066644 -0.072958
vt -0.031003 -0.079084
vt -0.058958 -0.130451
vt -0.090721 -0.123895
vt -0.031003 -0.079084
vt -0.060272 -0.059477
vt -0.085694 -0.113259
vt -0.058958 -0.130451
vt -0.031003 -0.079084
vt -0.058958 -0.130451
vt -0.030736 -0.143791
vt -0.115950 -0.103512
vt -0.094001 -0.049306
vt -0.144171 -0.090172
vt -0.085694 -0.113259
vt -0.115950 -0.103512
vt -0.140020 -0.162677
vt -0.113358 -0.171784
vt -0.115950 -0.103512
vt -0.090721 -0.123895
vt -0.117216 -0.179946
vt -0.140020 -0.162677
vt -0.090721 -0.123895
vt -0.058958 -0.130451
vt -0.089397 -0.186605
vt -0.117216 -0.179946
vt -0.058958 -0.130451
vt -0.085694 -0.113259
vt -0.113358 -0.171784
vt -0.089397 -0.186605
vt -0.113358 -0.171784
vt -0.140020 -0.162677
vt -0.166161 -0.226824
vt -0.143268 -0.235059
vt -0.140020 -0.162677
vt -0.117216 -0.179946
vt -0.146122 -0.241099
vt -0.166161 -0.226824
vt -0.117216 -0.179946
vt -0.089397 -0.186605
vt -0.122373 -0.247522
vt -0.146122 -0.241099
vt -0.089397 -0.186605
vt -0.113358 -0.171784
vt -0.143268 -0.235059
vt -0.122373 -0.247522
vt -0.089397 -0.186605
vt -0.122373 -0.247522
vt -0.099433 -0.258365
vt -0.166161 -0.226824
vt -0.140020 -0.162677
vt -0.189100 -0.215980
vt -0.143268 -0.235059
vt -0.166161 -0.226824
vt -0.194288 -0.295993
vt -0.175428 -0.303095
vt -0.166161 -0.226824
vt -0.146122 -0.241099
vt -0.177429 -0.307330
vt -0.194288 -0.295993
vt -0.146122 -0.241099
vt -0.122373 -0.247522
vt -0.157968 -0.313161
vt -0.177429 -0.307330
vt -0.122373 -0.247522
vt -0.143268 -0.235059
vt -0.175428 -0.303095
vt -0.157968 -0.313161
vt -0.175428 -0.303095
vt -0.194288 -0.295993
vt -0.224245 -0.370259
vt -0.209845 -0.375907
vt -0.194288 -0.295993
vt -0.177429 -0.307330
vt -0.211125 -0.378614
vt -0.224245 -0.370259
vt -0.177429 -0.307330
vt -0.157968 -0.313161
vt -0.196340 -0.383450
vt -0.211125 -0.378614
vt -0.157968 -0.313161
vt -0.175428 -0.303095
vt -0.209845 -0.375907
vt -0.196340 -0.383450
vt -0.157968 -0.313161
vt -0.196340 -0.383450
vt -0.179754 -0.391290
vt -0.224245 -0.370259
vt -0.194288 -0.295993
vt -0.240832 -0.362419
vt -0.209845 -0.375907
vt -0.224245 -0.370259
vt -0.255652 -0.449801
vt -0.246530 -0.453515
vt -0.224245 -0.370259
vt -0.211125 -0.378614
vt -0.247190 -0.454912
vt -0.255652 -0.449801
vt -0.211125 -0.378614
vt -0.196340 -0.383450
vt -0.237869 -0.458207
vt -0.247190 -0.454912
vt -0.196340 -0.383450
vt -0.209845 -0.375907
vt -0.246530 -0.453515
vt -0.237869 -0.458207
vt -0.246530 -0.453515
vt -0.255652 -0.449801
vt -0.303037 -0.573060
vt -0.255652 -0.449801
vt -0.247190 -0.454912
vt -0.303037 -0.573060
vt -0.247190 -0.454912
vt -0.237869 -0.458207
vt -0.303037 -0.573060
vt -0.237869 -0.458207
vt -0.246530 -0.453515
vt -0.303037 -0.573060
vt 0.015019 0.034073
vt 0.032045 -0.000563
vt 0.076630 0.015604
vt 0.061691 0.047554
vt 0.032045 -0.000563
vt 0.033536 0.039421
vt 0.076751 0.051904
vt 0.076630 0.015604
vt 0.033536 0.039421
vt 0.010955 0.072452
vt 0.057294 0.082549
vt 0.076751 0.051904
vt 0.010955 0.072452
vt 0.015019 0.034073
vt 0.061691 0.047554
vt 0.057294 0.082549
vt 0.061691 0.047554
vt 0.076630 0.015604
vt 0.125794 0.033262
vt 0.112855 0.062332
vt 0.076630 0.015604
vt 0.076751 0.051904
vt 0.124833 0.065792
vt 0.125794 0.033262
vt 0.076751 0.051904
vt 0.057294 0.082549
vt 0.108301 0.093825
vt 0.124833 0.065792
vt 0.057294 0.082549
vt 0.061691 0.047554
vt 0.112855 0.062332
vt 0.108301 0.093825
vt 0.057294 0.082549
vt 0.108301 0.093825
vt 0.099639 0.123814
vt 0.125794 0.033262
vt 0.076630 0.015604
vt 0.134456 0.003273
vt 0.112855 0.062332
vt 0.125794 0.033262
vt 0.179526 0.052449
vt 0.168512 0.078408
vt 0.125794 0.033262
vt 0.124833 0.065792
vt 0.177783 0.081086
vt 0.179526 0.052449
vt 0.124833 0.065792
vt 0.108301 0.093825
vt 0.163988 0.106243
vt 0.177783 0.081086
vt 0.108301 0.093825
vt 0.112855 0.062332
vt 0.168512 0.078408
vt 0.163988 0.106243
vt 0.168512 0.078408
vt 0.179526 0.052449
vt 0.237809 0.073218
vt 0.228666 0.095783
vt 0.179526 0.052449
vt 0.177783 0.081086
vt 0.235589 0.097783
vt 0.237809 0.073218
vt 0.177783 0.081086
vt 0.163988 0.106243
vt 0.224369 0.119749
vt 0.235589 0.097783
vt 0.163988 0.106243
vt 0.168512 0.078408
vt 0.228666 0.095783
vt 0.224369 0.119749
vt 0.163988 0.106243
vt 0.224369 0.119749
vt 0.217328 0.144126
vt 0.237809 0.073218
vt 0.179526 0.052449
vt 0.244850 0.048841
vt 0.228666 0.095783
vt 0.237809 0.073218
vt 0.300618 0.095659
vt 0.293328 0.114461
vt 0.237809 0.073218
vt 0.235589 0.097783
vt 0.298232 0.115877
vt 0.300618 0.095659
vt 0.235589 0.097783
vt 0.224369 0.119749
vt 0.289470 0.134254
vt 0.298232 0.115877
vt 0.224369 0.119749
vt 0.228666 0.095783
vt 0.293328 0.114461
vt 0.289470 0.134254
vt 0.293328 0.114461
vt 0.300618 0.095659
vt 0.367906 0.119938
vt 0.362513 0.134444
vt 0.300618 0.095659
vt 0.298232 0.115877
vt 0.365685 0.135360
vt 0.367906 0.119938
vt 0.298232 0.115877
vt 0.289470 0.134254
vt 0.359341 0.149592
vt 0.365685 0.135360
vt 0.289470 0.134254
vt 0.293328 0.114461
vt 0.362513 0.134444
vt 0.359341 0.149592
vt 0.289470 0.134254
vt 0.359341 0.149592
vt 0.354250 0.167217
vt 0.367906 0.119938
vt 0.300618 0.095659
vt 0.372997 0.102313
vt 0.362513 0.134444
vt 0.367906 0.119938
vt 0.439554 0.146460
vt 0.436244 0.155741
vt 0.367906 0.119938
vt 0.365685 0.135360
vt 0.437904 0.156221
vt 0.439554 0.146460
vt 0.365685 0.135360
vt 0.359341 0.149592
vt 0.434096 0.165358
vt 0.437904 0.156221
vt 0.359341 0.149592
vt 0.362513 0.134444
vt 0.436244 0.155741
vt 0.434096 0.165358
vt 0.436244 0.155741
vt 0.439554 0.146460
vt 0.553827 0.189704
vt 0.439554 0.146460
vt 0.437904 0.156221
vt 0.553827 0.189704
vt 0.437904 0.156221
vt 0.434096 0.165358
vt 0.553827 0.189704
vt 0.434096 0.165358
vt 0.436244 0.155741
vt 0.553827 0.189704
vt -0.055830 0.037290
vt -0.048320 0.075151
vt -0.097329 0.090892
vt -0.104864 0.056432
vt -0.048320 0.075151
vt -0.073854 0.044326
vt -0.119534 0.062159
vt -0.097329 0.090892
vt -0.073854 0.044326
vt -0.075957 0.004354
vt -0.122668 0.025981
vt -0.119534 0.062159
vt -0.075957 0.004354
vt -0.055830 0.037290
vt -0.104864 0.056432
vt -0.122668 0.025981
vt -0.104864 0.056432
vt -0.097329 0.090892
vt -0.151264 0.108381
vt -0.158639 0.077424
vt -0.097329 0.090892
vt -0.119534 0.062159
vt -0.170316 0.081983
vt -0.151264 0.108381
vt -0.119534 0.062159
vt -0.122668 0.025981
vt -0.174188 0.049659
vt -0.170316 0.081983
vt -0.122668 0.025981
vt -0.104864 0.056432
vt -0.158639 0.077424
vt -0.174188 0.049659
vt -0.122668 0.025981
vt -0.174188 0.049659
vt -0.185539 0.020580
vt -0.151264 0.108381
vt -0.097329 0.090892
vt -0.139912 0.137459
vt -0.158639 0.077424
vt -0.151264 0.108381
vt -0.210139 0.127583
vt -0.217154 0.100267
vt -0.151264 0.108381
vt -0.170316 0.081983
vt -0.226200 0.103798
vt -0.210139 0.127583
vt -0.170316 0.081983
vt -0.174188 0.049659
vt -0.230501 0.075423
vt -0.226200 0.103798
vt -0.174188 0.049659
vt -0.158639 0.077424
vt -0.217154 0.100267
vt -0.230501 0.075423
vt -0.217154 0.100267
vt -0.210139 0.127583
vt -0.273975 0.148445
vt -0.280416 0.124963
vt -0.210139 0.127583
vt -0.226200 0.103798
vt -0.287176 0.127602
vt -0.273975 0.148445
vt -0.226200 0.103798
vt -0.230501 0.075423
vt -0.291588 0.103328
vt -0.287176 0.127602
vt -0.230501 0.075423
vt -0.217154 0.100267
vt -0.280416 0.124963
vt -0.291588 0.103328
vt -0.230501 0.075423
vt -0.291588 0.103328
vt -0.300815 0.079692
vt -0.273975 0.148445
vt -0.210139 0.127583
vt -0.264748 0.172082
vt -0.280416 0.124963
vt -0.273975 0.148445
vt -0.342806 0.170882
vt -0.348433 0.151515
vt -0.273975 0.148445
vt -0.287176 0.127602
vt -0.353226 0.153386
vt -0.342806 0.170882
vt -0.287176 0.127602
vt -0.291588 0.103328
vt -0.357415 0.133459
vt -0.353226 0.153386
vt -0.291588 0.103328
vt -0.280416 0.124963
vt -0.348433 0.151515
vt -0.357415 0.133459
vt -0.348433 0.151515
vt -0.342806 0.170882
vt -0.416694 0.194730
vt -0.421220 0.179930
vt -0.342806 0.170882
vt -0.353226 0.153386
vt -0.424323 0.181141
vt -0.416694 0.194730
vt -0.353226 0.153386
vt -0.357415 0.133459
vt -0.427918 0.165978
vt -0.424323 0.181141
vt -0.357415 0.133459
vt -0.348433 0.151515
vt -0.421220 0.179930
vt -0.427918 0.165978
vt -0.357415 0.133459
vt -0.427918 0.165978
vt -0.434590 0.148888
vt -0.416694 0.194730
vt -0.342806 0.170882
vt -0.410023 0.211820
vt -0.421220 0.179930
vt -0.416694 0.194730
vt -0.495793 0.219599
vt -0.498800 0.210215
vt -0.416694 0.194730
vt -0.424323 0.181141
vt -0.500426 0.210850
vt -0.495793 0.219599
vt -0.424323 0.181141
vt -0.427918 0.165978
vt -0.502946 0.201276
vt -0.500426 0.210850
vt -0.427918 0.165978
vt -0.421220 0.179930
vt -0.498800 0.210215
vt -0.502946 0.201276
vt -0.498800 0.210215
vt -0.495793 0.219599
vt -0.619267 0.257243
vt -0.495793 0.219599
vt -0.500426 0.210850
vt -0.619267 0.257243
vt -0.500426 0.210850
vt -0.502946 0.201276
vt -0.619267 0.257243
vt -0.502946 0.201276
vt -0.498800 0.210215
vt -0.619267 0.257243
vt -0.004314 -0.010215
vt -0.035583 -0.032747
vt -0.009683 -0.078306
vt 0.019300 -0.058286
vt -0.035583 -0.032747
vt 0.003795 -0.026722
vt 0.025839 -0.071595
vt -0.009683 -0.078306
vt 0.003795 -0.026722
vt 0.032631 0.000763
vt 0.052860 -0.047582
vt 0.025839 -0.071595
vt 0.032631 0.000763
vt -0.004314 -0.010215
vt 0.019300 -0.058286
vt 0.052860 -0.047582
vt 0.019300 -0.058286
vt -0.009683 -0.078306
vt 0.018709 -0.128568
vt 0.045195 -0.110999
vt -0.009683 -0.078306
vt 0.025839 -0.071595
vt 0.050349 -0.121490
vt 0.018709 -0.128568
vt 0.025839 -0.071595
vt 0.052860 -0.047582
vt 0.075289 -0.100774
vt 0.050349 -0.121490
vt 0.052860 -0.047582
vt 0.019300 -0.058286
vt 0.045195 -0.110999
vt 0.075289 -0.100774
vt 0.052860 -0.047582
vt 0.075289 -0.100774
vt 0.103306 -0.087010
vt 0.018709 -0.128568
vt -0.009683 -0.078306
vt -0.009308 -0.142331
vt 0.045195 -0.110999
vt 0.018709 -0.128568
vt 0.049627 -0.183516
vt 0.073372 -0.168357
vt 0.018709 -0.128568
vt 0.050349 -0.121490
vt 0.077324 -0.176401
vt 0.049627 -0.183516
vt 0.050349 -0.121490
vt 0.075289 -0.100774
vt 0.099884 -0.158828
vt 0.077324 -0.176401
vt 0.075289 -0.100774
vt 0.045195 -0.110999
vt 0.073372 -0.168357
vt 0.099884 -0.158828
vt 0.073372 -0.168357
vt 0.049627 -0.183516
vt 0.083121 -0.243126
vt 0.103834 -0.230368
vt 0.049627 -0.183516
vt 0.077324 -0.176401
vt 0.106755 -0.236314
vt 0.083121 -0.243126
vt 0.077324 -0.176401
vt 0.099884 -0.158828
vt 0.126592 -0.221771
vt 0.106755 -0.236314
vt 0.099884 -0.158828
vt 0.073372 -0.168357
vt 0.103834 -0.230368
vt 0.126592 -0.221771
vt 0.099884 -0.158828
vt 0.126592 -0.221771
vt 0.149366 -0.210584
vt 0.083121 -0.243126
vt 0.049627 -0.183516
vt 0.060347 -0.254314
vt 0.103834 -0.230368
vt 0.083121 -0.243126
vt 0.119275 -0.307356
vt 0.136588 -0.297042
vt 0.083121 -0.243126
vt 0.106755 -0.236314
vt 0.138634 -0.301206
vt 0.119275 -0.307356
vt 0.106755 -0.236314
vt 0.126592 -0.221771
vt 0.155332 -0.289643
vt 0.138634 -0.301206
vt 0.126592 -0.221771
vt 0.103834 -0.230368
vt 0.136588 -0.297042
vt 0.155332 -0.289643
vt 0.136588 -0.297042
vt 0.119275 -0.307356
vt 0.158245 -0.376130
vt 0.171640 -0.368395
vt 0.119275 -0.307356
vt 0.138634 -0.301206
vt 0.172945 -0.371053
vt 0.158245 -0.376130
vt 0.138634 -0.301206
vt 0.155332 -0.289643
vt 0.185948 -0.362521
vt 0.172945 -0.371053
vt 0.155332 -0.289643
vt 0.136588 -0.297042
vt 0.171640 -0.368395
vt 0.185948 -0.362521
vt 0.155332 -0.289643
vt 0.185948 -0.362521
vt 0.202415 -0.354432
vt 0.158245 -0.376130
vt 0.119275 -0.307356
vt 0.141778 -0.384219
vt 0.171640 -0.368395
vt 0.158245 -0.376130
vt 0.200407 -0.449262
vt 0.208999 -0.444447
vt 0.158245 -0.376130
vt 0.172945 -0.371053
vt 0.209672 -0.445817
vt 0.200407 -0.449262
vt 0.172945 -0.371053
vt 0.185948 -0.362521
vt 0.218062 -0.440590
vt 0.209672 -0.445817
vt 0.185948 -0.362521
vt 0.171640 -0.368395
vt 0.208999 -0.444447
vt 0.218062 -0.440590
vt 0.208999 -0.444447
vt 0.200407 -0.449262
vt 0.266788 -0.562084
vt 0.200407 -0.449262
vt 0.209672 -0.445817
vt 0.266788 -0.562084
vt 0.209672 -0.445817
vt 0.218062 -0.440590
vt 0.266788 -0.562084
vt 0.218062 -0.440590
vt 0.208999 -0.444447
vt 0.266788 -0.562084
vt -0.010209 0.070898
vt 0.024705 0.065000
vt 0.035259 0.123063
vt 0.003377 0.128933
vt 0.055679 0.065000
vt 0.080491 0.054046
vt 0.120759 0.112162
vt 0.098775 0.123063
vt -0.003146 0.054046
vt -0.040179 0.065000
vt -0.024230 0.123063
vt 0.009484 0.112162
vt -0.040179 0.065000
vt -0.010209 0.070898
vt 0.003377 0.128933
vt -0.024230 0.123063
vt 0.003377 0.128933
vt 0.035259 0.123063
vt 0.047022 0.178843
vt 0.018303 0.184523
vt 0.098775 0.123063
vt 0.120759 0.112162
vt 0.165371 0.168293
vt 0.146211 0.178843
vt 0.009484 0.112162
vt -0.024230 0.123063
vt -0.006795 0.178843
vt 0.023476 0.168293
vt -0.024230 0.117433
vt 0.003377 0.101290
vt 0.018303 0.148878
vt -0.006795 0.163090
vt -0.024230 0.123063
vt -0.006795 0.178843
vt -0.034047 0.178843
vt 0.047022 0.178843
vt 0.035259 0.123063
vt 0.074274 0.178843
vt 0.018303 0.184523
vt 0.047022 0.178843
vt 0.059962 0.232338
vt 0.034565 0.237665
vt 0.146211 0.178843
vt 0.165371 0.168293
vt 0.214349 0.222444
vt 0.197998 0.232338
vt 0.023476 0.168293
vt -0.006795 0.178843
vt 0.012158 0.232338
vt 0.038837 0.222444
vt -0.006795 0.163090
vt 0.018303 0.148878
vt 0.034565 0.200726
vt 0.012158 0.212991
vt 0.034565 0.200726
vt 0.059962 0.197998
vt 0.074029 0.254150
vt 0.052160 0.256827
vt 0.059962 0.197998
vt 0.038837 0.214349
vt 0.055572 0.267705
vt 0.074029 0.254150
vt 0.038837 0.222444
vt 0.012158 0.232338
vt 0.032680 0.283549
vt 0.055572 0.274620
vt 0.012158 0.212991
vt 0.034565 0.200726
vt 0.052160 0.256827
vt 0.032680 0.267119
vt 0.012158 0.212991
vt 0.032680 0.267119
vt 0.010415 0.274102
vt 0.074029 0.254150
vt 0.059962 0.197998
vt 0.096293 0.247167
vt 0.052160 0.256827
vt 0.074029 0.254150
vt 0.089144 0.314693
vt 0.071089 0.317180
vt 0.074029 0.254150
vt 0.055572 0.267705
vt 0.073680 0.325441
vt 0.089144 0.314693
vt 0.055572 0.267705
vt 0.032680 0.267119
vt 0.054847 0.325450
vt 0.073680 0.325441
vt 0.032680 0.267119
vt 0.052160 0.256827
vt 0.071089 0.317180
vt 0.054847 0.325450
vt 0.071089 0.317180
vt 0.089144 0.314693
vt 0.105161 0.379672
vt 0.091354 0.381792
vt 0.089144 0.314693
vt 0.073680 0.325441
vt 0.093158 0.387543
vt 0.105161 0.379672
vt 0.073680 0.325441
vt 0.054847 0.325450
vt 0.078810 0.387937
vt 0.093158 0.387543
vt 0.054847 0.325450
vt 0.071089 0.317180
vt 0.091354 0.381792
vt 0.078810 0.387937
vt 0.054847 0.325450
vt 0.078810 0.387937
vt 0.062544 0.393038
vt 0.105161 0.379672
vt 0.089144 0.314693
vt 0.121426 0.374571
vt 0.091354 0.381792
vt 0.105161 0.379672
vt 0.121719 0.449201
vt 0.112964 0.450694
vt 0.105161 0.379672
vt 0.093158 0.387543
vt 0.113987 0.453953
vt 0.121719 0.449201
vt 0.093158 0.387543
vt 0.078810 0.387937
vt 0.104926 0.454468
vt 0.113987 0.453953
vt 0.078810 0.387937
vt 0.091354 0.381792
vt 0.112964 0.450694
vt 0.104926 0.454468
vt 0.112964 0.450694
vt 0.121719 0.449201
vt 0.146275 0.556899
vt 0.121719 0.449201
vt 0.113987 0.453953
vt 0.146275 0.556899
vt 0.113987 0.453953
vt 0.104926 0.454468
vt 0.146275 0.556899
vt 0.104926 0.454468
vt 0.112964 0.450694
vt 0.146275 0.556899
vt -0.052366 0.070962
vt -0.076140 0.065000
vt -0.116191 0.126235
vt -0.094777 0.132164
vt 0.031762 0.065000
vt -0.005358 0.053928
vt -0.027529 0.115224
vt 0.006107 0.126235
vt -0.072847 0.053928
vt -0.042929 0.065000
vt -0.085742 0.126235
vt -0.112461 0.115224
vt -0.027577 0.065000
vt 0.006104 0.070962
vt -0.017632 0.132164
vt -0.048298 0.126235
vt -0.094777 -0.017632
vt -0.116191 0.006107
vt -0.160384 -0.022033
vt -0.141375 -0.043712
vt 0.006107 0.126235
vt -0.027529 0.115224
vt -0.052085 0.174387
vt -0.022033 0.185033
vt -0.112461 0.115224
vt -0.085742 0.126235
vt -0.132838 0.185033
vt -0.156336 0.174387
vt -0.048298 0.126235
vt -0.017632 0.132164
vt -0.043712 0.190766
vt -0.071251 0.185033
vt -0.085742 -0.048298
vt -0.132838 -0.071251
vt -0.118889 -0.096174
vt -0.160384 -0.022033
vt -0.116191 0.006107
vt -0.174333 0.002890
vt -0.141375 -0.043712
vt -0.160384 -0.022033
vt -0.208704 -0.052688
vt -0.192151 -0.072129
vt -0.022033 0.185033
vt -0.052085 0.174387
vt -0.079036 0.231419
vt -0.052688 0.241395
vt -0.156336 0.174387
vt -0.132838 0.185033
vt -0.184236 0.241395
vt -0.204491 0.231419
vt -0.071251 0.185033
vt -0.043712 0.190766
vt -0.072129 0.246767
vt -0.096406 0.241395
vt -0.192151 -0.072129
vt -0.208704 -0.052688
vt -0.261124 -0.085902
vt -0.247098 -0.102882
vt -0.052688 0.241395
vt -0.079036 0.231419
vt -0.108389 0.286324
vt -0.085902 0.295320
vt -0.204491 0.231419
vt -0.184236 0.241395
vt -0.239959 0.295320
vt -0.256937 0.286324
vt -0.184236 -0.096406
vt -0.192151 -0.072129
vt -0.247098 -0.102882
vt -0.239959 -0.123717
vt -0.184236 -0.096406
vt -0.239959 -0.123717
vt -0.228563 -0.144079
vt -0.261124 -0.085902
vt -0.208704 -0.052688
vt -0.272520 -0.065540
vt -0.247098 -0.102882
vt -0.261124 -0.085902
vt -0.317604 -0.121747
vt -0.306215 -0.135969
vt -0.085902 0.295320
vt -0.108389 0.286324
vt -0.140145 0.339120
vt -0.121747 0.346809
vt -0.256937 -0.108389
vt -0.239959 -0.123717
vt -0.300050 -0.153113
vt -0.313677 -0.140145
vt -0.239959 -0.123717
vt -0.247098 -0.102882
vt -0.306215 -0.135969
vt -0.300050 -0.153113
vt -0.306215 -0.135969
vt -0.317604 -0.121747
vt -0.378069 -0.160360
vt -0.369510 -0.171393
vt -0.317604 -0.121747
vt -0.313677 -0.140145
vt -0.374697 -0.174296
vt -0.378069 -0.160360
vt -0.313677 -0.140145
vt -0.300050 -0.153113
vt -0.364582 -0.184459
vt -0.374697 -0.174296
vt -0.300050 -0.153113
vt -0.306215 -0.135969
vt -0.369510 -0.171393
vt -0.364582 -0.184459
vt -0.300050 -0.153113
vt -0.364582 -0.184459
vt -0.356256 -0.199334
vt -0.378069 -0.160360
vt -0.317604 -0.121747
vt -0.386395 -0.145484
vt -0.369510 -0.171393
vt -0.378069 -0.160360
vt -0.442335 -0.202068
vt -0.437010 -0.209172
vt -0.378069 -0.160360
vt -0.374697 -0.174296
vt -0.439945 -0.210814
vt -0.442335 -0.202068
vt -0.374697 -0.174296
vt -0.364582 -0.184459
vt -0.433740 -0.217425
vt -0.439945 -0.210814
vt -0.364582 -0.184459
vt -0.369510 -0.171393
vt -0.437010 -0.209172
vt -0.433740 -0.217425
vt -0.437010 -0.209172
vt -0.442335 -0.202068
vt -0.539041 -0.266276
vt -0.442335 -0.202068
vt -0.439945 -0.210814
vt -0.539041 -0.266276
vt -0.439945 -0.210814
vt -0.433740 -0.217425
vt -0.539041 -0.266276
vt -0.433740 -0.217425
vt -0.437010 -0.209172
vt -0.539041 -0.266276
vt 0.016838 0.070802
vt -0.018126 0.065000
vt -0.024281 0.127943
vt 0.007696 0.133724
vt 0.015940 0.065000
vt 0.037607 0.054225
vt 0.081538 0.117206
vt 0.062442 0.127943
vt 0.012300 0.054225
vt 0.048626 0.065000
vt 0.036921 0.127943
vt 0.003765 0.117206
vt 0.048626 0.065000
vt 0.016838 0.070802
vt 0.007696 0.133724
vt 0.036921 0.127943
vt 0.007696 0.133724
vt -0.024281 0.127943
vt -0.031202 0.188452
vt -0.002350 0.194054
vt 0.062442 0.127943
vt 0.081538 0.117206
vt 0.130187 0.178049
vt 0.113646 0.188452
vt 0.003765 0.117206
vt 0.036921 0.127943
vt 0.024166 0.188452
vt -0.005687 0.178049
vt 0.036921 0.127943
vt 0.007696 0.133724
vt -0.002350 0.194054
vt 0.024166 0.188452
vt 0.036921 0.127943
vt 0.024166 0.188452
vt 0.052202 0.188452
vt -0.031202 0.188452
vt -0.024281 0.127943
vt -0.059238 0.188452
vt -0.002350 0.194054
vt -0.031202 0.188452
vt -0.038854 0.246527
vt -0.013297 0.251787
vt 0.113646 -0.031202
vt 0.130187 -0.005687
vt 0.183575 -0.016059
vt 0.169559 -0.038854
vt -0.005687 0.178049
vt 0.024166 0.188452
vt 0.010326 0.246527
vt -0.016059 0.236758
vt 0.124403 0.024166
vt 0.113014 -0.002350
vt 0.169361 -0.013297
vt 0.179113 0.010326
vt 0.169361 -0.013297
vt 0.169559 -0.038854
vt 0.230189 -0.047188
vt 0.230341 -0.025145
vt 0.169559 -0.038854
vt 0.183575 -0.016059
vt 0.241714 -0.027354
vt 0.230189 -0.047188
vt -0.016059 0.236758
vt 0.010326 0.246527
vt -0.004648 0.302167
vt -0.027354 0.293340
vt 0.179113 0.010326
vt 0.169361 -0.013297
vt 0.230341 -0.025145
vt 0.238454 -0.004648
vt 0.179113 0.010326
vt 0.238454 -0.004648
vt 0.242904 0.018257
vt 0.230189 -0.047188
vt 0.169559 -0.038854
vt 0.225739 -0.070094
vt 0.230341 -0.025145
vt 0.230189 -0.047188
vt 0.295554 -0.056123
vt 0.295952 -0.037892
vt 0.230189 -0.047188
vt 0.241714 -0.027354
vt 0.304608 -0.039574
vt 0.295554 -0.056123
vt 0.241714 -0.027354
vt 0.238454 -0.004648
vt 0.302409 -0.020838
vt 0.304608 -0.039574
vt 0.238454 -0.004648
vt 0.230341 -0.025145
vt 0.295952 -0.037892
vt 0.302409 -0.020838
vt 0.295952 -0.037892
vt 0.295554 -0.056123
vt 0.365682 -0.065506
vt 0.366202 -0.051540
vt 0.295554 -0.056123
vt 0.304608 -0.039574
vt 0.372241 -0.052713
vt 0.365682 -0.065506
vt 0.304608 -0.039574
vt 0.302409 -0.020838
vt 0.370949 -0.038396
vt 0.372241 -0.052713
vt 0.302409 -0.020838
vt 0.295952 -0.037892
vt 0.366202 -0.051540
vt 0.370949 -0.038396
vt 0.302409 -0.020838
vt 0.370949 -0.038396
vt 0.374200 -0.021662
vt 0.365682 -0.065506
vt 0.295554 -0.056123
vt 0.362431 -0.082239
vt 0.366202 -0.051540
vt 0.365682 -0.065506
vt 0.440646 -0.074967
vt 0.441124 -0.066096
vt 0.365682 -0.065506
vt 0.372241 -0.052713
vt 0.444553 -0.066762
vt 0.440646 -0.074967
vt 0.372241 -0.052713
vt 0.370949 -0.038396
vt 0.444002 -0.057691
vt 0.444553 -0.066762
vt 0.370949 -0.038396
vt 0.366202 -0.051540
vt 0.441124 -0.066096
vt 0.444002 -0.057691
vt 0.441124 -0.066096
vt 0.440646 -0.074967
vt 0.554449 -0.088113
vt 0.440646 -0.074967
vt 0.444553 -0.066762
vt 0.554449 -0.088113
vt 0.444553 -0.066762
vt 0.444002 -0.057691
vt 0.554449 -0.088113
vt 0.444002 -0.057691
vt 0.441124 -0.066096
vt 0.554449 -0.088113
vt 0.051580 0.070249
vt 0.079440 0.065000
vt 0.110794 0.130414
vt 0.085538 0.135678
vt -0.021597 0.065000
vt -0.058291 0.055252
vt -0.083108 0.120638
vt -0.049885 0.130414
vt 0.071081 0.055252
vt 0.037371 0.065000
vt 0.072222 0.130414
vt 0.102596 0.120638
vt -0.075022 0.065000
vt -0.042935 0.070249
vt -0.069675 0.135678
vt -0.098868 0.130414
vt 0.085538 0.135678
vt 0.110794 0.130414
vt 0.145424 0.193521
vt 0.122856 0.198656
vt -0.049885 0.130414
vt -0.083108 0.120638
vt -0.110584 0.183983
vt -0.080938 0.193521
vt 0.102596 0.120638
vt 0.072222 0.130414
vt 0.110530 0.193521
vt 0.137489 0.183983
vt -0.098868 0.130414
vt -0.069675 0.135678
vt -0.099061 0.198656
vt -0.125251 0.193521
vt -0.098868 0.130414
vt -0.125251 0.193521
vt -0.147690 0.193521
vt -0.080938 0.193521
vt -0.049885 0.130414
vt -0.058499 0.193521
vt 0.122856 0.198656
vt 0.145424 0.193521
vt 0.183310 0.254319
vt 0.163527 0.259176
vt -0.080938 0.193521
vt -0.110584 0.183983
vt -0.140731 0.245299
vt -0.114783 0.254319
vt 0.137489 0.183983
vt 0.110530 0.193521
vt 0.152315 0.254319
vt 0.175773 0.245299
vt -0.125251 0.193521
vt -0.099061 0.198656
vt -0.131088 0.259176
vt -0.154144 0.254319
vt -0.131088 0.163527
vt -0.114783 0.183310
vt -0.151460 0.224420
vt -0.165751 0.207546
vt -0.114783 0.254319
vt -0.140731 0.245299
vt -0.173556 0.304602
vt -0.151460 0.312811
vt 0.175773 0.245299
vt 0.152315 0.254319
vt 0.197610 0.312811
vt 0.217458 0.304602
vt -0.154144 0.254319
vt -0.131088 0.259176
vt -0.165751 0.317231
vt -0.185506 0.312811
vt -0.154144 0.152315
vt -0.185506 0.197610
vt -0.203839 0.183174
vt -0.151460 0.224420
vt -0.114783 0.183310
vt -0.133127 0.238856
vt -0.165751 0.207546
vt -0.151460 0.224420
vt -0.191034 0.268702
vt -0.203050 0.254912
vt -0.151460 0.312811
vt -0.173556 0.304602
vt -0.209061 0.361914
vt -0.191034 0.368994
vt 0.217458 0.304602
vt 0.197610 0.312811
vt 0.246464 0.368994
vt 0.262545 0.361914
vt -0.185506 0.197610
vt -0.165751 0.207546
vt -0.203050 0.254912
vt -0.219273 0.246464
vt -0.203050 0.254912
vt -0.191034 0.268702
vt -0.233626 0.316061
vt -0.242990 0.305632
vt -0.191034 0.368994
vt -0.209061 0.361914
vt -0.247233 0.417289
vt -0.233626 0.422870
vt 0.262545 0.361914
vt 0.246464 0.368994
vt 0.298975 0.422870
vt 0.311021 0.417289
vt -0.219273 0.246464
vt -0.203050 0.254912
vt -0.242990 0.305632
vt -0.255323 0.298975
vt -0.219273 0.246464
vt -0.255323 0.298975
vt -0.268716 0.288429
vt -0.233626 0.316061
vt -0.191034 0.268702
vt -0.220234 0.326607
vt -0.242990 0.305632
vt -0.233626 0.316061
vt -0.279534 0.366263
vt -0.285593 0.359735
vt -0.233626 0.422870
vt -0.247233 0.417289
vt -0.288033 0.470865
vt -0.279534 0.474438
vt 0.311021 0.417289
vt 0.298975 0.422870
vt 0.355375 0.474438
vt 0.362832 0.470865
vt -0.255323 0.298975
vt -0.242990 0.305632
vt -0.285593 0.359735
vt -0.293361 0.355375
vt -0.285593 0.359735
vt -0.279534 0.366263
vt -0.351180 0.443024
vt -0.279534 0.366263
vt -0.288033 0.362832
vt -0.351180 0.443024
vt -0.288033 0.362832
vt -0.293361 0.355375
vt -0.351180 0.443024
vt -0.293361 0.355375
vt -0.285593 0.359735
vt -0.351180 0.443024
vt -0.024879 0.070520
vt -0.059608 0.065000
vt -0.061608 0.128421
vt -0.029809 0.133940
vt -0.059608 0.065000
vt -0.027548 0.054749
vt -0.032133 0.118173
vt -0.061608 0.128421
vt -0.027548 0.054749
vt 0.007982 0.065000
vt 0.000363 0.128421
vt -0.032133 0.118173
vt 0.007982 0.065000
vt -0.024879 0.070520
vt -0.029809 0.133940
vt 0.000363 0.128421
vt -0.029809 0.133940
vt -0.061608 0.128421
vt -0.063952 0.189505
vt -0.035226 0.194871
vt -0.061608 0.128421
vt -0.032133 0.118173
vt -0.037210 0.179539
vt -0.063952 0.189505
vt -0.032133 0.118173
vt 0.000363 0.128421
vt -0.007890 0.189505
vt -0.037210 0.179539
vt 0.000363 0.128421
vt -0.029809 0.133940
vt -0.035226 0.194871
vt -0.007890 0.189505
vt 0.000363 0.128421
vt -0.007890 0.189505
vt 0.020499 0.189505
vt -0.063952 0.189505
vt -0.061608 0.128421
vt -0.092341 0.189505
vt -0.035226 0.194871
vt -0.063952 0.189505
vt -0.066607 0.248251
vt -0.041130 0.253309
vt -0.063952 0.189505
vt -0.037210 0.179539
vt -0.042782 0.238858
vt -0.066607 0.248251
vt -0.037210 0.179539
vt -0.007890 0.189505
vt -0.016810 0.248251
vt -0.042782 0.238858
vt -0.007890 0.189505
vt -0.035226 0.194871
vt -0.041130 0.253309
vt -0.016810 0.248251
vt -0.041130 -0.159049
vt -0.066607 -0.161539
vt -0.069522 -0.218785
vt -0.047520 -0.216945
vt -0.066607 -0.161539
vt -0.042782 -0.174015
vt -0.048849 -0.228993
vt -0.069522 -0.218785
vt -0.042782 0.238858
vt -0.016810 0.248251
vt -0.026448 0.304660
vt -0.048849 0.296141
vt -0.016810 -0.167035
vt -0.041130 -0.159049
vt -0.047520 -0.216945
vt -0.026448 -0.223538
vt -0.016810 -0.167035
vt -0.026448 -0.223538
vt -0.003255 -0.226098
vt -0.069522 -0.218785
vt -0.066607 -0.161539
vt -0.092715 -0.216225
vt -0.047520 -0.216945
vt -0.069522 -0.218785
vt -0.072614 -0.280497
vt -0.054394 -0.279239
vt -0.069522 -0.218785
vt -0.048849 -0.228993
vt -0.055413 -0.288465
vt -0.072614 -0.280497
vt -0.048849 -0.228993
vt -0.026448 -0.223538
vt -0.036887 -0.284440
vt -0.055413 -0.288465
vt -0.026448 -0.223538
vt -0.047520 -0.216945
vt -0.054394 -0.279239
vt -0.036887 -0.284440
vt -0.054394 -0.279239
vt -0.072614 -0.280497
vt -0.075731 -0.346692
vt -0.061755 -0.345940
vt -0.072614 -0.280497
vt -0.055413 -0.288465
vt -0.062470 -0.352416
vt -0.075731 -0.346692
vt -0.055413 -0.288465
vt -0.036887 -0.284440
vt -0.048281 -0.349721
vt -0.062470 -0.352416
vt -0.036887 -0.284440
vt -0.054394 -0.279239
vt -0.061755 -0.345940
vt -0.048281 -0.349721
vt -0.036887 -0.284440
vt -0.048281 -0.349721
vt -0.031337 -0.351591
vt -0.075731 -0.346692
vt -0.072614 -0.280497
vt -0.092674 -0.344822
vt -0.061755 -0.345940
vt -0.075731 -0.346692
vt -0.078496 -0.417411
vt -0.069607 -0.417081
vt -0.075731 -0.346692
vt -0.062470 -0.352416
vt -0.070015 -0.420782
vt -0.078496 -0.417411
vt -0.062470 -0.352416
vt -0.048281 -0.349721
vt -0.061003 -0.419342
vt -0.070015 -0.420782
vt -0.048281 -0.349721
vt -0.061755 -0.345940
vt -0.069607 -0.417081
vt -0.061003 -0.419342
vt -0.069607 -0.417081
vt -0.078496 -0.417411
vt -0.081636 -0.526082
vt -0.078496 -0.417411
vt -0.070015 -0.420782
vt -0.081636 -0.526082
vt -0.070015 -0.420782
vt -0.061003 -0.419342
vt -0.081636 -0.526082
vt -0.061003 -0.419342
vt -0.069607 -0.417081
vt -0.081636 -0.526082
vt 0.007025 0.070464
vt 0.034796 0.065000
vt 0.064999 0.124728
vt 0.039841 0.130195
vt 0.024354 0.065000
vt 0.060888 0.054853
vt 0.084824 0.114577
vt 0.051774 0.124728
vt 0.026215 0.054853
vt -0.007313 0.065000
vt 0.026390 0.124728
vt 0.056566 0.114577
vt 0.077747 0.065000
vt 0.045753 0.070464
vt 0.071634 0.130195
vt 0.100728 0.124728
vt 0.039841 0.130195
vt 0.064999 0.124728
vt 0.098361 0.182276
vt 0.075896 0.187595
vt 0.051774 0.124728
vt 0.084824 0.114577
vt 0.111340 0.172398
vt 0.081870 0.182276
vt 0.056566 0.114577
vt 0.026390 0.124728
vt 0.063434 0.182276
vt 0.090186 0.172398
vt 0.100728 0.124728
vt 0.071634 0.130195
vt 0.100069 0.187595
vt 0.126157 0.182276
vt 0.100728 0.124728
vt 0.126157 0.182276
vt 0.148583 0.182276
vt 0.081870 0.182276
vt 0.051774 0.124728
vt 0.059445 0.182276
vt 0.075896 0.187595
vt 0.098361 0.182276
vt 0.134862 0.237642
vt 0.115181 0.242659
vt 0.081870 0.182276
vt 0.111340 0.172398
vt 0.140445 0.228325
vt 0.114671 0.237642
vt 0.090186 0.172398
vt 0.063434 0.182276
vt 0.103838 0.237642
vt 0.127092 0.228325
vt 0.126157 0.182276
vt 0.100069 0.187595
vt 0.131052 0.242659
vt 0.154009 0.237642
vt 0.115181 0.131052
vt 0.134862 0.114671
vt 0.174470 0.150215
vt 0.157692 0.164579
vt 0.114671 0.237642
vt 0.140445 0.228325
vt 0.172149 0.282371
vt 0.150215 0.290827
vt 0.127092 0.228325
vt 0.103838 0.237642
vt 0.147634 0.290827
vt 0.167291 0.282371
vt 0.154009 0.237642
vt 0.131052 0.242659
vt 0.164579 0.295380
vt 0.184242 0.290827
vt 0.103838 0.154009
vt 0.147634 0.184242
vt 0.133185 0.202563
vt 0.174470 0.150215
vt 0.134862 0.114671
vt 0.188919 0.131894
vt 0.157692 0.164579
vt 0.174470 0.150215
vt 0.217133 0.188568
vt 0.203428 0.200649
vt 0.150215 0.290827
vt 0.172149 0.282371
vt 0.206452 0.334558
vt 0.188568 0.341831
vt 0.167291 0.282371
vt 0.147634 0.290827
vt 0.194874 0.341831
vt 0.210787 0.334558
vt 0.147634 0.184242
vt 0.157692 0.164579
vt 0.203428 0.200649
vt 0.194874 0.216791
vt 0.203428 0.200649
vt 0.217133 0.188568
vt 0.262755 0.229852
vt 0.252394 0.239266
vt 0.188568 0.341831
vt 0.206452 0.334558
vt 0.243345 0.384937
vt 0.229852 0.390654
vt 0.210787 0.334558
vt 0.194874 0.341831
vt 0.245653 0.390654
vt 0.257566 0.384937
vt 0.194874 0.216791
vt 0.203428 0.200649
vt 0.252394 0.239266
vt 0.245653 0.251536
vt 0.194874 0.216791
vt 0.245653 0.251536
vt 0.235097 0.264921
vt 0.262755 0.229852
vt 0.217133 0.188568
vt 0.273311 0.216467
vt 0.252394 0.239266
vt 0.262755 0.229852
vt 0.311104 0.274362
vt 0.304619 0.280454
vt 0.262755 0.229852
vt 0.257566 0.243345
vt 0.307578 0.282788
vt 0.311104 0.274362
vt 0.257566 0.243345
vt 0.245653 0.251536
vt 0.300205 0.288181
vt 0.307578 0.282788
vt 0.245653 0.251536
vt 0.252394 0.239266
vt 0.304619 0.280454
vt 0.300205 0.288181
vt 0.304619 0.280454
vt 0.311104 0.274362
vt 0.386380 0.344936
vt 0.311104 0.274362
vt 0.307578 0.282788
vt 0.386380 0.344936
vt 0.307578 0.282788
vt 0.300205 0.288181
vt 0.386380 0.344936
vt 0.300205 0.288181
vt 0.304619 0.280454
vt 0.386380 0.344936
vt 0.026824 0.070471
vt 0.061446 0.065000
vt 0.062571 0.130429
vt 0.030862 0.135902
vt 0.061446 0.065000
vt 0.028979 0.054840
vt 0.032739 0.120265
vt 0.062571 0.130429
vt 0.028979 0.054840
vt -0.006289 0.065000
vt 0.000467 0.130429
vt 0.032739 0.120265
vt -0.006289 0.065000
vt 0.026824 0.070471
vt 0.030862 0.135902
vt 0.000467 0.130429
vt 0.030862 0.135902
vt 0.062571 0.130429
vt 0.063951 0.193466
vt 0.035298 0.198791
vt 0.062571 0.130429
vt 0.032739 0.120265
vt 0.036902 0.183577
vt 0.063951 0.193466
vt 0.032739 0.120265
vt 0.000467 0.130429
vt 0.007768 0.193466
vt 0.036902 0.183577
vt 0.000467 0.130429
vt 0.030862 0.135902
vt 0.035298 0.198791
vt 0.007768 0.193466
vt 0.000467 0.130429
vt 0.007768 0.193466
vt -0.020681 0.193466
vt 0.063951 0.193466
vt 0.062571 0.130429
vt 0.092401 0.193466
vt 0.035298 0.198791
vt 0.063951 0.193466
vt 0.065553 0.254111
vt 0.040133 0.259134
vt 0.063951 0.193466
vt 0.036902 0.183577
vt 0.041470 0.244785
vt 0.065553 0.254111
vt 0.036902 0.183577
vt 0.007768 0.193466
vt 0.015649 0.254111
vt 0.041470 0.244785
vt 0.007768 0.193466
vt 0.035298 0.198791
vt 0.040133 0.259134
vt 0.015649 0.254111
vt 0.040133 0.259134
vt 0.065553 0.254111
vt 0.067326 0.312364
vt 0.045366 0.316922
vt -0.209823 0.065553
vt -0.221844 0.041470
vt -0.278001 0.046444
vt -0.268183 0.067326
vt 0.041470 0.244785
vt 0.015649 0.254111
vt 0.024160 0.312364
vt 0.046444 0.303900
vt -0.214242 0.015649
vt -0.206749 0.040133
vt -0.265837 0.045366
vt -0.272006 0.024160
vt -0.214242 0.015649
vt -0.272006 0.024160
vt -0.274065 0.000917
vt -0.268183 0.067326
vt -0.209823 0.065553
vt -0.266125 0.090569
vt -0.265837 0.045366
vt -0.268183 0.067326
vt -0.331096 0.069188
vt -0.329418 0.050997
vt -0.268183 0.067326
vt -0.278001 0.046444
vt -0.338742 0.051823
vt -0.331096 0.069188
vt -0.278001 0.046444
vt -0.272006 0.024160
vt -0.334267 0.033384
vt -0.338742 0.051823
vt -0.272006 0.024160
vt -0.265837 0.045366
vt -0.329418 0.050997
vt -0.334267 0.033384
vt -0.329418 0.050997
vt -0.331096 0.069188
vt -0.398574 0.070984
vt -0.397499 0.057027
vt -0.331096 0.069188
vt -0.338742 0.051823
vt -0.404051 0.057607
vt -0.398574 0.070984
vt -0.338742 0.051823
vt -0.334267 0.033384
vt -0.401010 0.043475
vt -0.404051 0.057607
vt -0.334267 0.033384
vt -0.329418 0.050997
vt -0.397499 0.057027
vt -0.401010 0.043475
vt -0.334267 0.033384
vt -0.401010 0.043475
vt -0.402514 0.026495
vt -0.398574 0.070984
vt -0.331096 0.069188
vt -0.397070 0.087964
vt -0.397499 0.057027
vt -0.398574 0.070984
vt -0.470651 0.072340
vt -0.470115 0.063458
vt -0.398574 0.070984
vt -0.404051 0.057607
vt -0.473863 0.063790
vt -0.470651 0.072340
vt -0.404051 0.057607
vt -0.401010 0.043475
vt -0.472203 0.054809
vt -0.473863 0.063790
vt -0.401010 0.043475
vt -0.397499 0.057027
vt -0.470115 0.063458
vt -0.472203 0.054809
vt -0.470115 0.063458
vt -0.470651 0.072340
vt -0.580623 0.073245
vt -0.470651 0.072340
vt -0.473863 0.063790
vt -0.580623 0.073245
vt -0.473863 0.063790
vt -0.472203 0.054809
vt -0.580623 0.073245
vt -0.472203 0.054809
vt -0.470115 0.063458
vt -0.580623 0.073245
vt 0.000374 0.070510
vt -0.030937 0.065000
vt -0.057985 0.129792
vt -0.029533 0.135302
vt -0.009710 0.065000
vt 0.024487 0.054767
vt 0.056768 0.119560
vt 0.025966 0.129792
vt -0.015536 0.054767
vt 0.020548 0.065000
vt -0.010780 0.129792
vt -0.043388 0.119560
vt 0.034712 0.065000
vt 0.006047 0.070510
vt 0.040710 0.135302
vt 0.066694 0.129792
vt -0.029533 0.135302
vt -0.057985 0.129792
vt -0.087891 0.192200
vt -0.062399 0.197558
vt 0.025966 0.129792
vt 0.056768 0.119560
vt 0.092510 0.182249
vt 0.065177 0.192200
vt -0.043388 0.119560
vt -0.010780 0.129792
vt -0.045186 0.192200
vt -0.074227 0.182249
vt 0.066694 0.129792
vt 0.040710 0.135302
vt 0.078801 0.197558
vt 0.102022 0.192200
vt 0.066694 -0.010780
vt 0.102022 -0.045186
vt 0.120680 -0.023562
vt 0.065177 -0.087891
vt 0.025966 -0.057985
vt 0.046519 -0.109515
vt -0.062399 0.197558
vt -0.087891 0.192200
vt -0.120629 0.252224
vt -0.098216 0.257275
vt 0.065177 0.192200
vt 0.092510 0.182249
vt 0.131729 0.242844
vt 0.107945 0.252224
vt -0.074227 0.182249
vt -0.045186 0.192200
vt -0.082697 0.252224
vt -0.108064 0.242844
vt 0.102022 0.192200
vt 0.078801 0.197558
vt 0.120314 0.257275
vt 0.140673 0.252224
vt 0.120314 -0.098216
vt 0.107945 -0.120629
vt 0.154304 -0.156160
vt 0.165242 -0.136980
vt 0.107945 0.252224
vt 0.131729 0.242844
vt 0.174433 0.301356
vt 0.154304 0.309864
vt -0.108064 0.242844
vt -0.082697 0.252224
vt -0.123350 0.309864
vt -0.144909 0.301356
vt 0.140673 -0.082697
vt 0.120314 -0.098216
vt 0.165242 -0.136980
vt 0.182613 -0.123350
vt 0.140673 -0.082697
vt 0.182613 -0.123350
vt 0.197856 -0.105683
vt 0.154304 -0.156160
vt 0.107945 -0.120629
vt 0.139061 -0.173827
vt 0.165242 -0.136980
vt 0.154304 -0.156160
vt 0.204308 -0.194423
vt 0.213585 -0.178690
vt 0.154304 0.309864
vt 0.174433 0.301356
vt 0.220624 0.357806
vt 0.204308 0.365119
vt -0.144909 0.301356
vt -0.123350 0.309864
vt -0.167209 0.365119
vt -0.184764 0.357806
vt 0.182613 -0.123350
vt 0.165242 -0.136980
vt 0.213585 -0.178690
vt 0.227789 -0.167209
vt 0.213585 -0.178690
vt 0.204308 -0.194423
vt 0.258059 -0.235300
vt 0.265349 -0.223352
vt 0.204308 0.365119
vt 0.220624 0.357806
vt 0.270292 0.412245
vt 0.258059 0.417991
vt -0.184764 0.357806
vt -0.167209 0.365119
vt -0.214390 0.417991
vt -0.227617 0.412245
vt 0.227789 -0.167209
vt 0.213585 -0.178690
vt 0.265349 -0.223352
vt 0.276100 -0.214390
vt 0.227789 -0.167209
vt 0.276100 -0.214390
vt 0.287235 -0.201484
vt 0.258059 -0.235300
vt 0.204308 -0.194423
vt 0.246923 -0.248206
vt 0.265349 -0.223352
vt 0.258059 -0.235300
vt 0.315801 -0.278505
vt 0.320561 -0.270989
vt 0.258059 -0.235300
vt 0.270292 -0.227617
vt 0.323386 -0.273427
vt 0.315801 -0.278505
vt 0.270292 -0.227617
vt 0.276100 -0.214390
vt 0.327298 -0.265180
vt 0.323386 -0.273427
vt 0.276100 -0.214390
vt 0.265349 -0.223352
vt 0.320561 -0.270989
vt 0.327298 -0.265180
vt 0.320561 -0.270989
vt 0.315801 -0.278505
vt 0.404656 -0.343547
vt 0.315801 -0.278505
vt 0.323386 -0.273427
vt 0.404656 -0.343547
vt 0.323386 -0.273427
vt 0.327298 -0.265180
vt 0.404656 -0.343547
vt 0.327298 -0.265180
vt 0.320561 -0.270989
vt 0.404656 -0.343547
vt -0.024812 0.070626
vt 0.008082 0.065000
vt 0.000833 0.123047
vt -0.029370 0.128665
vt 0.008082 0.065000
vt -0.027409 0.054551
vt -0.031627 0.112614
vt 0.000833 0.123047
vt -0.027409 0.054551
vt -0.059523 0.065000
vt -0.061152 0.123047
vt -0.031627 0.112614
vt -0.059523 0.065000
vt -0.024812 0.070626
vt -0.029370 0.128665
vt -0.061152 0.123047
vt -0.029370 0.128665
vt 0.000833 0.123047
vt -0.007013 0.178916
vt -0.034377 0.184371
vt 0.000833 0.123047
vt -0.031627 0.112614
vt -0.036300 0.168784
vt -0.007013 0.178916
vt -0.031627 0.112614
vt -0.061152 0.123047
vt -0.063088 0.178916
vt -0.036300 0.168784
vt -0.061152 0.123047
vt -0.029370 0.128665
vt -0.034377 0.184371
vt -0.063088 0.178916
vt -0.061152 0.123047
vt -0.063088 0.178916
vt -0.091483 0.178916
vt -0.007013 0.178916
vt 0.000833 0.123047
vt 0.021382 0.178916
vt -0.034377 0.184371
vt -0.007013 0.178916
vt -0.015488 0.232607
vt -0.039833 0.237742
vt -0.007013 0.178916
vt -0.036300 0.168784
vt -0.041430 0.223070
vt -0.015488 0.232607
vt -0.036300 0.168784
vt -0.063088 0.178916
vt -0.065297 0.232607
vt -0.041430 0.223070
vt -0.063088 0.178916
vt -0.034377 0.184371
vt -0.039833 0.237742
vt -0.065297 0.232607
vt -0.039833 0.198017
vt -0.015488 0.205877
vt -0.024644 0.259041
vt -0.045737 0.252561
vt -0.015488 0.232607
vt -0.041430 0.223070
vt -0.047020 0.275483
vt -0.024644 0.284120
vt -0.041430 0.212773
vt -0.065297 0.200486
vt -0.067728 0.254378
vt -0.047020 0.264413
vt -0.065297 0.200486
vt -0.039833 0.198017
vt -0.045737 0.252561
vt -0.067728 0.254378
vt -0.065297 0.200486
vt -0.067728 0.254378
vt -0.090926 0.251867
vt -0.024644 0.259041
vt -0.015488 0.205877
vt -0.001446 0.261552
vt -0.045737 0.252561
vt -0.024644 0.259041
vt -0.034563 0.316342
vt -0.052088 0.311239
vt -0.024644 0.259041
vt -0.047020 0.264413
vt -0.053068 0.320295
vt -0.034563 0.316342
vt -0.047020 0.264413
vt -0.067728 0.254378
vt -0.070299 0.312475
vt -0.053068 0.320295
vt -0.067728 0.254378
vt -0.045737 0.252561
vt -0.052088 0.311239
vt -0.070299 0.312475
vt -0.052088 0.311239
vt -0.034563 0.316342
vt -0.045399 0.377765
vt -0.058887 0.374059
vt -0.034563 0.316342
vt -0.053068 0.320295
vt -0.059573 0.380401
vt -0.045399 0.377765
vt -0.053068 0.320295
vt -0.070299 0.312475
vt -0.072855 0.374793
vt -0.059573 0.380401
vt -0.070299 0.312475
vt -0.052088 0.311239
vt -0.058887 0.374059
vt -0.072855 0.374793
vt -0.070299 0.312475
vt -0.072855 0.374793
vt -0.089803 0.372959
vt -0.045399 0.377765
vt -0.034563 0.316342
vt -0.028451 0.379599
vt -0.058887 0.374059
vt -0.045399 0.377765
vt -0.057526 0.443267
vt -0.066138 0.441055
vt -0.045399 0.377765
vt -0.059573 0.380401
vt -0.066529 0.444670
vt -0.057526 0.443267
vt -0.059573 0.380401
vt -0.072855 0.374793
vt -0.075024 0.441373
vt -0.066529 0.444670
vt -0.072855 0.374793
vt -0.058887 0.374059
vt -0.066138 0.441055
vt -0.075024 0.441373
vt -0.066138 0.441055
vt -0.057526 0.443267
vt -0.077490 0.545938
vt -0.057526 0.443267
vt -0.066529 0.444670
vt -0.077490 0.545938
vt -0.066529 0.444670
vt -0.075024 0.441373
vt -0.077490 0.545938
vt -0.075024 0.441373
vt -0.066138 0.441055
vt -0.077490 0.545938
vt -0.044102 0.077695
vt -0.071764 0.075000
vt -0.087763 0.158105
vt -0.062501 0.160859
vt 0.009049 0.075000
vt -0.022093 0.069996
vt -0.041613 0.152989
vt -0.013275 0.158105
vt -0.060285 0.069996
vt -0.027769 0.075000
vt -0.047425 0.158105
vt -0.077054 0.152989
vt -0.028745 0.075000
vt -0.003255 0.077695
vt -0.024672 0.160859
vt -0.047927 0.158105
vt -0.062501 0.160859
vt -0.087763 0.158105
vt -0.105481 0.238997
vt -0.082729 0.241743
vt -0.013275 0.158105
vt -0.041613 0.152989
vt -0.063206 0.233898
vt -0.037791 0.238997
vt -0.077054 0.152989
vt -0.047425 0.158105
vt -0.068989 0.238997
vt -0.095604 0.233898
vt -0.047927 0.158105
vt -0.024672 0.160859
vt -0.048220 0.241743
vt -0.069139 0.238997
vt -0.047425 0.158105
vt -0.068989 0.238997
vt -0.049841 0.238997
vt -0.105481 0.238997
vt -0.087763 0.158105
vt -0.124629 0.238997
vt -0.082729 0.241743
vt -0.105481 0.238997
vt -0.124896 0.317678
vt -0.104790 0.320337
vt -0.037791 0.238997
vt -0.063206 0.233898
vt -0.086870 0.312740
vt -0.064517 0.317678
vt -0.095604 0.233898
vt -0.068989 0.238997
vt -0.092482 0.317678
vt -0.115932 0.312740
vt -0.069139 0.238997
vt -0.048220 0.241743
vt -0.073900 0.320337
vt -0.092362 0.317678
vt -0.104790 0.320337
vt -0.124896 0.317678
vt -0.145975 0.394147
vt -0.128684 0.396629
vt -0.064517 0.317678
vt -0.086870 0.312740
vt -0.112598 0.389537
vt -0.093481 0.394147
vt -0.115932 0.312740
vt -0.092482 0.317678
vt -0.117938 0.394147
vt -0.138033 0.389537
vt -0.092362 0.317678
vt -0.073900 0.320337
vt -0.101715 0.396629
vt -0.117567 0.394147
vt -0.092482 0.317678
vt -0.117938 0.394147
vt -0.102171 0.394147
vt -0.145975 0.394147
vt -0.124896 0.317678
vt -0.161741 0.394147
vt -0.128684 0.396629
vt -0.145975 0.394147
vt -0.168664 0.468404
vt -0.154418 0.470603
vt -0.093481 0.394147
vt -0.112598 0.389537
vt -0.140378 0.464320
vt -0.124730 0.468404
vt -0.138033 0.389537
vt -0.117938 0.394147
vt -0.145409 0.468404
vt -0.161898 0.464320
vt -0.117567 0.394147
vt -0.101715 0.396629
vt -0.131671 0.470603
vt -0.144708 0.468404
vt -0.154418 0.470603
vt -0.168664 0.468404
vt -0.192863 0.540449
vt -0.182006 0.542231
vt -0.124730 0.468404
vt -0.140378 0.464320
vt -0.170183 0.537139
vt -0.158350 0.540449
vt -0.161898 0.464320
vt -0.145409 0.468404
vt -0.174996 0.540449
vt -0.187502 0.537139
vt -0.144708 0.468404
vt -0.131671 0.470603
vt -0.163785 0.542231
vt -0.173699 0.540449
vt -0.145409 0.468404
vt -0.174996 0.540449
vt -0.163297 0.540449
vt -0.192863 0.540449
vt -0.168664 0.468404
vt -0.204562 0.540449
vt -0.182006 0.542231
vt -0.192863 0.540449
vt -0.218329 0.610282
vt -0.211483 0.611456
vt -0.158350 0.540449
vt -0.170183 0.537139
vt -0.201932 0.608102
vt -0.194550 0.610282
vt -0.187502 0.537139
vt -0.174996 0.540449
vt -0.206942 0.610282
vt -0.214776 0.608102
vt -0.173699 0.540449
vt -0.163785 0.542231
vt -0.198099 0.611456
vt -0.204332 0.610282
vt -0.211483 0.611456
vt -0.218329 0.610282
vt -0.256608 0.706536
vt -0.194550 0.610282
vt -0.201932 0.608102
vt -0.250629 0.706536
vt -0.214776 0.608102
vt -0.206942 0.610282
vt -0.256608 0.706536
vt -0.204332 0.610282
vt -0.198099 0.611456
vt -0.250629 0.706536
vt 0.031211 0.077901
vt 0.004694 0.075000
vt 0.013600 0.161605
vt 0.037947 0.164565
vt 0.004694 0.075000
vt 0.036428 0.069613
vt 0.042630 0.156107
vt 0.013600 0.161605
vt 0.036428 0.069613
vt 0.061380 0.075000
vt 0.065573 0.161605
vt 0.042630 0.156107
vt 0.061380 0.075000
vt 0.031211 0.077901
vt 0.037947 0.164565
vt 0.065573 0.161605
vt 0.037947 0.164565
vt 0.013600 0.161605
vt 0.023293 0.245852
vt 0.045355 0.248798
vt 0.013600 0.161605
vt 0.042630 0.156107
vt 0.049488 0.240381
vt 0.023293 0.245852
vt 0.042630 0.156107
vt 0.065573 0.161605
vt 0.070310 0.245852
vt 0.049488 0.240381
vt 0.065573 0.161605
vt 0.037947 0.164565
vt 0.045355 0.248798
vt 0.070310 0.245852
vt 0.065573 0.161605
vt 0.070310 0.245852
vt 0.094981 0.245852
vt 0.023293 0.245852
vt 0.013600 0.161605
vt -0.001378 0.245852
vt 0.045355 0.248798
vt 0.023293 0.245852
vt 0.033801 0.327742
vt 0.053434 0.330590
vt 0.023293 0.245852
vt 0.049488 0.240381
vt 0.057002 0.322454
vt 0.033801 0.327742
vt 0.049488 0.240381
vt 0.070310 0.245852
vt 0.075564 0.327742
vt 0.057002 0.322454
vt 0.070310 0.245852
vt 0.045355 0.248798
vt 0.053434 0.330590
vt 0.075564 0.327742
vt 0.053434 0.330590
vt 0.033801 0.327742
vt 0.045168 0.407275
vt 0.062186 0.409927
vt 0.033801 0.327742
vt 0.057002 0.322454
vt 0.065170 0.402349
vt 0.045168 0.407275
vt 0.057002 0.322454
vt 0.075564 0.327742
vt 0.081293 0.407275
vt 0.065170 0.402349
vt 0.075564 0.327742
vt 0.053434 0.330590
vt 0.062186 0.409927
vt 0.081293 0.407275
vt 0.075564 0.327742
vt 0.081293 0.407275
vt 0.101606 0.407275
vt 0.045168 0.407275
vt 0.033801 0.327742
vt 0.024854 0.407275
vt 0.062186 0.409927
vt 0.045168 0.407275
vt 0.057462 0.484450
vt 0.071611 0.486794
vt 0.045168 0.407275
vt 0.065170 0.402349
vt 0.073991 0.480097
vt 0.057462 0.484450
vt 0.065170 0.402349
vt 0.081293 0.407275
vt 0.087426 0.484450
vt 0.073991 0.480097
vt 0.081293 0.407275
vt 0.062186 0.409927
vt 0.071611 0.486794
vt 0.087426 0.484450
vt 0.071611 0.486794
vt 0.057462 0.484450
vt 0.070813 0.559267
vt 0.081713 0.561162
vt 0.057462 0.484450
vt 0.073991 0.480097
vt 0.083456 0.555749
vt 0.070813 0.559267
vt 0.073991 0.480097
vt 0.087426 0.484450
vt 0.093834 0.559267
vt 0.083456 0.555749
vt 0.087426 0.484450
vt 0.071611 0.486794
vt 0.081713 0.561162
vt 0.093834 0.559267
vt 0.087426 0.484450
vt 0.093834 0.559267
vt 0.108907 0.559267
vt 0.070813 0.559267
vt 0.057462 0.484450
vt 0.055740 0.559267
vt 0.081713 0.561162
vt 0.070813 0.559267
vt 0.085533 0.631728
vt 0.092505 0.632972
vt 0.070813 0.559267
vt 0.083456 0.555749
vt 0.093545 0.629417
vt 0.085533 0.631728
vt 0.083456 0.555749
vt 0.093834 0.559267
vt 0.100204 0.631728
vt 0.093545 0.629417
vt 0.093834 0.559267
vt 0.081713 0.561162
vt 0.092505 0.632972
vt 0.100204 0.631728
vt 0.092505 0.632972
vt 0.085533 0.631728
vt 0.108702 0.729573
vt 0.085533 0.631728
vt 0.093545 0.629417
vt 0.108702 0.729573
vt 0.301567 0.629417
vt 0.296856 0.631728
vt 0.371536 0.729573
vt 0.100204 0.631728
vt 0.092505 0.632972
vt 0.108702 0.729573
vt 0.044262 0.077581
vt 0.072944 0.075000
vt 0.087484 0.165587
vt 0.061270 0.168227
vt -0.040137 0.075000
vt -0.070163 0.070208
vt -0.092012 0.160685
vt -0.064701 0.165587
vt 0.058728 0.070208
vt 0.025706 0.075000
vt 0.044172 0.165587
vt 0.074294 0.160685
vt -0.073790 0.075000
vt -0.049856 0.077581
vt -0.073730 0.168227
vt -0.095556 0.165587
vt 0.061270 0.168227
vt 0.087484 0.165587
vt 0.103600 0.253792
vt 0.079972 0.256425
vt -0.064701 0.165587
vt -0.092012 0.160685
vt -0.116175 0.248901
vt -0.091693 0.253792
vt 0.074294 0.160685
vt 0.044172 0.165587
vt 0.064418 0.253792
vt 0.091507 0.248901
vt -0.095556 0.165587
vt -0.073730 0.168227
vt -0.099982 0.256425
vt -0.119606 0.253792
vt 0.044172 0.165587
vt 0.064418 0.253792
vt 0.043858 0.253792
vt 0.103600 0.253792
vt 0.087484 0.165587
vt 0.124160 0.253792
vt 0.079972 0.256425
vt 0.103600 0.253792
vt 0.121270 0.339614
vt 0.100369 0.342167
vt -0.091693 0.253792
vt -0.116175 0.248901
vt -0.142648 0.334872
vt -0.121129 0.339614
vt 0.091507 0.248901
vt 0.064418 0.253792
vt 0.086467 0.339614
vt 0.110367 0.334872
vt -0.119606 0.253792
vt -0.099982 0.256425
vt -0.128614 0.342167
vt -0.145923 0.339614
vt 0.100369 0.342167
vt 0.121270 0.339614
vt 0.140458 0.423053
vt 0.122465 0.425439
vt -0.121129 0.339614
vt -0.142648 0.334872
vt -0.171424 0.418621
vt -0.153035 0.423053
vt 0.110367 0.334872
vt 0.086467 0.339614
vt 0.110354 0.423053
vt 0.130867 0.418621
vt -0.145923 0.339614
vt -0.128614 0.342167
vt -0.159631 0.425439
vt -0.174482 0.423053
vt 0.086467 0.339614
vt 0.110354 0.423053
vt 0.093425 0.423053
vt 0.140458 0.423053
vt 0.121270 0.339614
vt 0.157386 0.423053
vt 0.122465 0.425439
vt 0.140458 0.423053
vt 0.161107 0.504109
vt 0.146265 0.506226
vt -0.153035 0.423053
vt -0.171424 0.418621
vt -0.202490 0.500178
vt -0.187452 0.504109
vt 0.130867 0.418621
vt 0.110354 0.423053
vt 0.136137 0.504109
vt 0.152998 0.500178
vt -0.174482 0.423053
vt -0.159631 0.425439
vt -0.193039 0.506226
vt -0.205241 0.504109
vt 0.146265 0.506226
vt 0.161107 0.504109
vt 0.183108 0.582782
vt 0.171781 0.584500
vt -0.187452 0.504109
vt -0.202490 0.500178
vt -0.235813 0.579592
vt -0.224457 0.582782
vt 0.152998 0.500178
vt 0.136137 0.504109
vt 0.163923 0.582782
vt 0.176737 0.579592
vt -0.205241 0.504109
vt -0.193039 0.506226
vt -0.228855 0.584500
vt -0.238124 0.582782
vt 0.136137 0.504109
vt 0.163923 0.582782
vt 0.151362 0.582782
vt 0.183108 0.582782
vt 0.161107 0.504109
vt 0.195669 0.582782
vt 0.171781 0.584500
vt 0.183108 0.582782
vt 0.206201 0.659073
vt 0.199046 0.660206
vt -0.224457 0.582782
vt -0.235813 0.579592
vt -0.271305 0.656969
vt -0.264235 0.659073
vt 0.176737 0.579592
vt 0.163923 0.582782
vt 0.193975 0.659073
vt 0.202022 0.656969
vt -0.238124 0.582782
vt -0.228855 0.584500
vt -0.267128 0.660206
vt -0.272945 0.659073
vt 0.199046 0.660206
vt 0.206201 0.659073
vt 0.239922 0.762094
vt -0.264235 0.659073
vt -0.271305 0.656969
vt -0.324505 0.762094
vt 0.202022 0.656969
vt 0.193975 0.659073
vt 0.239922 0.762094
vt -0.272945 0.659073
vt -0.267128 0.660206
vt -0.324505 0.762094
vt -0.015343 0.077684
vt -0.042600 0.075000
vt -0.035815 0.159868
vt -0.010799 0.162611
vt -0.042600 0.075000
vt -0.011409 0.070015
vt -0.007261 0.154772
vt -0.035815 0.159868
vt -0.011409 0.070015
vt 0.014668 0.075000
vt 0.016693 0.159868
vt -0.007261 0.154772
vt 0.014668 0.075000
vt -0.015343 0.077684
vt -0.010799 0.162611
vt 0.016693 0.159868
vt -0.010799 0.162611
vt -0.035815 0.159868
vt -0.028459 0.242479
vt -0.005804 0.245214
vt -0.035815 0.159868
vt -0.007261 0.154772
vt -0.002674 0.237399
vt -0.028459 0.242479
vt -0.007261 0.154772
vt 0.016693 0.159868
vt 0.019042 0.242479
vt -0.002674 0.237399
vt 0.016693 0.159868
vt -0.010799 0.162611
vt -0.005804 0.245214
vt 0.019042 0.242479
vt 0.016693 0.159868
vt 0.019042 0.242479
vt 0.043967 0.242479
vt -0.028459 0.242479
vt -0.035815 0.159868
vt -0.053384 0.242479
vt -0.005804 0.245214
vt -0.028459 0.242479
vt -0.020504 0.322834
vt -0.000356 0.325483
vt -0.028459 0.242479
vt -0.002674 0.237399
vt 0.002354 0.317914
vt -0.020504 0.322834
vt -0.002674 0.237399
vt 0.019042 0.242479
vt 0.021689 0.322834
vt 0.002354 0.317914
vt 0.019042 0.242479
vt -0.005804 0.245214
vt -0.000356 0.325483
vt 0.021689 0.322834
vt -0.000356 0.325483
vt -0.020504 0.322834
vt -0.011907 0.400933
vt 0.005545 0.403406
vt -0.020504 0.322834
vt 0.002354 0.317914
vt 0.007819 0.396339
vt -0.011907 0.400933
vt 0.002354 0.317914
vt 0.021689 0.322834
vt 0.024589 0.400933
vt 0.007819 0.396339
vt 0.021689 0.322834
vt -0.000356 0.325483
vt 0.005545 0.403406
vt 0.024589 0.400933
vt 0.021689 0.322834
vt 0.024589 0.400933
vt 0.045112 0.400933
vt -0.011907 0.400933
vt -0.020504 0.322834
vt -0.032429 0.400933
vt 0.005545 0.403406
vt -0.011907 0.400933
vt -0.002598 0.476775
vt 0.011901 0.478967
vt -0.011907 0.400933
vt 0.007819 0.396339
vt 0.013721 0.472705
vt -0.002598 0.476775
vt 0.007819 0.396339
vt 0.024589 0.400933
vt 0.027674 0.476775
vt 0.013721 0.472705
vt 0.024589 0.400933
vt 0.005545 0.403406
vt 0.011901 0.478967
vt 0.027674 0.476775
vt 0.011901 0.478967
vt -0.002598 0.476775
vt 0.007553 0.550361
vt 0.018715 0.552138
vt -0.002598 0.476775
vt 0.013721 0.472705
vt 0.020052 0.547063
vt 0.007553 0.550361
vt 0.013721 0.472705
vt 0.027674 0.476775
vt 0.030812 0.550361
vt 0.020052 0.547063
vt 0.027674 0.476775
vt 0.011901 0.478967
vt 0.018715 0.552138
vt 0.030812 0.550361
vt 0.027674 0.476775
vt 0.030812 0.550361
vt 0.046039 0.550361
vt 0.007553 0.550361
vt -0.002598 0.476775
vt -0.007674 0.550361
vt 0.018715 0.552138
vt 0.007553 0.550361
vt 0.018864 0.621691
vt 0.025995 0.622861
vt 0.007553 0.550361
vt 0.020052 0.547063
vt 0.026796 0.619518
vt 0.018864 0.621691
vt 0.020052 0.547063
vt 0.030812 0.550361
vt 0.033686 0.621691
vt 0.026796 0.619518
vt 0.030812 0.550361
vt 0.018715 0.552138
vt 0.025995 0.622861
vt 0.033686 0.621691
vt 0.025995 0.622861
vt 0.018864 0.621691
vt 0.037075 0.719442
vt 0.018864 0.621691
vt 0.026796 0.619518
vt 0.037075 0.719442
vt 0.026796 0.619518
vt 0.033686 0.621691
vt 0.037075 0.719442
vt 0.033686 0.621691
vt 0.025995 0.622861
vt 0.037075 0.719442
vt -0.004304 0.077706
vt 0.025383 0.075000
vt 0.035934 0.156708
vt 0.008787 0.159475
vt 0.049108 0.075000
vt 0.076962 0.069974
vt 0.099396 0.151571
vt 0.074108 0.156708
vt 0.007342 0.069974
vt -0.025838 0.075000
vt -0.011028 0.156708
vt 0.019260 0.151571
vt 0.076319 0.075000
vt 0.055040 0.077706
vt 0.079683 0.159475
vt 0.099057 0.156708
vt 0.008787 0.159475
vt 0.035934 0.156708
vt 0.047665 0.236239
vt 0.023181 0.238997
vt 0.074108 0.156708
vt 0.099396 0.151571
vt 0.124212 0.231119
vt 0.101593 0.236239
vt 0.019260 0.151571
vt -0.011028 0.156708
vt 0.005180 0.236239
vt 0.032444 0.231119
vt 0.099057 0.156708
vt 0.079683 0.159475
vt 0.106776 0.238997
vt 0.124164 0.236239
vt -0.011028 0.156708
vt 0.005180 0.236239
vt -0.017112 0.236239
vt 0.047665 0.236239
vt 0.035934 0.156708
vt 0.069958 0.236239
vt 0.023181 0.238997
vt 0.047665 0.236239
vt 0.060551 0.313593
vt 0.038877 0.316263
vt 0.101593 0.236239
vt 0.124212 0.231119
vt 0.151410 0.308635
vt 0.131578 0.313593
vt 0.032444 0.231119
vt 0.005180 0.236239
vt 0.022814 0.313593
vt 0.046893 0.308635
vt 0.124164 0.236239
vt 0.106776 0.238997
vt 0.136321 0.316263
vt 0.151626 0.313593
vt 0.038877 0.316263
vt 0.060551 0.313593
vt 0.074552 0.388769
vt 0.055878 0.391261
vt 0.131578 0.313593
vt 0.151410 0.308635
vt 0.180981 0.384141
vt 0.164083 0.388769
vt 0.046893 0.308635
vt 0.022814 0.313593
vt 0.041910 0.388769
vt 0.062603 0.384141
vt 0.151626 0.313593
vt 0.136321 0.316263
vt 0.168323 0.391261
vt 0.181424 0.388769
vt 0.022814 0.313593
vt 0.041910 0.388769
vt 0.023555 0.388769
vt 0.074552 0.388769
vt 0.060551 0.313593
vt 0.092908 0.388769
vt 0.055878 0.391261
vt 0.074552 0.388769
vt 0.089607 0.461768
vt 0.074187 0.463975
vt 0.164083 0.388769
vt 0.180981 0.384141
vt 0.212913 0.457669
vt 0.199140 0.461768
vt 0.062603 0.384141
vt 0.041910 0.388769
vt 0.062533 0.461768
vt 0.079566 0.457669
vt 0.181424 0.388769
vt 0.168323 0.391261
vt 0.202788 0.463975
vt 0.213523 0.461768
vt 0.074187 0.463975
vt 0.089607 0.461768
vt 0.105599 0.532589
vt 0.093815 0.534378
vt 0.199140 0.461768
vt 0.212913 0.457669
vt 0.247172 0.529267
vt 0.236812 0.532589
vt 0.079566 0.457669
vt 0.062533 0.461768
vt 0.084797 0.532589
vt 0.097767 0.529267
vt 0.213523 0.461768
vt 0.202788 0.463975
vt 0.239734 0.534378
vt 0.247863 0.532589
vt 0.062533 0.461768
vt 0.084797 0.532589
vt 0.071178 0.532589
vt 0.105599 0.532589
vt 0.089607 0.461768
vt 0.119219 0.532589
vt 0.093815 0.534378
vt 0.105599 0.532589
vt 0.122244 0.601233
vt 0.114787 0.602411
vt 0.236812 0.532589
vt 0.247172 0.529267
vt 0.283667 0.599046
vt 0.277249 0.601233
vt 0.097767 0.529267
vt 0.084797 0.532589
vt 0.108988 0.601233
vt 0.117154 0.599046
vt 0.247863 0.532589
vt 0.239734 0.534378
vt 0.279211 0.602411
vt 0.284292 0.601233
vt 0.114787 0.602411
vt 0.122244 0.601233
vt 0.147042 0.696282
vt 0.277249 0.601233
vt 0.283667 0.599046
vt 0.339925 0.696282
vt 0.117154 0.599046
vt 0.108988 0.601233
vt 0.147042 0.696282
vt 0.284292 0.601233
vt 0.279211 0.602411
vt 0.339925 0.696282
vt 0.011852 0.077941
vt 0.036342 0.075000
vt 0.023598 0.161837
vt 0.001088 0.164838
vt 0.036342 0.075000
vt 0.003675 0.069538
vt -0.006248 0.156264
vt 0.023598 0.161837
vt -0.077736 0.069538
vt -0.053014 0.075000
vt -0.083529 0.161837
vt -0.105897 0.156264
vt -0.018361 0.075000
vt 0.011852 0.077941
vt 0.001088 0.164838
vt -0.026557 0.161837
vt 0.001088 0.164838
vt 0.023598 0.161837
vt 0.009673 0.246300
vt -0.010749 0.249285
vt 0.023598 0.161837
vt -0.006248 0.156264
vt -0.017220 0.240756
vt 0.009673 0.246300
vt -0.105897 0.156264
vt -0.083529 0.161837
vt -0.117106 0.246300
vt -0.137037 0.240756
vt -0.026557 0.161837
vt 0.001088 0.164838
vt -0.010749 0.249285
vt -0.035701 0.246300
vt -0.026557 0.161837
vt -0.035701 0.246300
vt -0.059509 0.246300
vt 0.009673 0.246300
vt 0.023598 0.161837
vt 0.033481 0.246300
vt -0.010749 0.249285
vt 0.009673 0.246300
vt -0.005462 0.328388
vt -0.023659 0.331273
vt 0.009673 0.246300
vt -0.017220 0.240756
vt -0.029242 0.323032
vt -0.005462 0.328388
vt -0.137037 0.240756
vt -0.117106 0.246300
vt -0.153756 0.328388
vt -0.171155 0.323032
vt -0.035701 0.246300
vt -0.010749 0.249285
vt -0.023659 0.331273
vt -0.045765 0.328388
vt -0.023659 0.331273
vt -0.005462 0.328388
vt -0.021847 0.408102
vt -0.037644 0.410787
vt -0.005462 0.328388
vt -0.029242 0.323032
vt -0.042312 0.403114
vt -0.021847 0.408102
vt -0.171155 0.323032
vt -0.153756 0.328388
vt -0.193493 0.408102
vt -0.208246 0.403114
vt -0.045765 0.328388
vt -0.023659 0.331273
vt -0.037644 0.410787
vt -0.056708 0.408102
vt -0.045765 0.328388
vt -0.056708 0.408102
vt -0.076312 0.408102
vt -0.021847 0.408102
vt -0.005462 0.328388
vt -0.002243 0.408102
vt -0.037644 0.410787
vt -0.021847 0.408102
vt -0.039548 0.485441
vt -0.052704 0.487813
vt -0.021847 0.408102
vt -0.042312 0.403114
vt -0.056424 0.481035
vt -0.039548 0.485441
vt -0.208246 0.403114
vt -0.193493 0.408102
vt -0.236341 0.485441
vt -0.248298 0.481035
vt -0.056708 0.408102
vt -0.037644 0.410787
vt -0.052704 0.487813
vt -0.068464 0.485441
vt -0.052704 0.487813
vt -0.039548 0.485441
vt -0.058691 0.560405
vt -0.068847 0.562321
vt -0.039548 0.485441
vt -0.056424 0.481035
vt -0.071569 0.556846
vt -0.058691 0.560405
vt -0.248298 0.481035
vt -0.236341 0.485441
vt -0.282343 0.560405
vt -0.291278 0.556846
vt -0.068464 0.485441
vt -0.052704 0.487813
vt -0.068847 0.562321
vt -0.080908 0.560405
vt -0.068464 0.485441
vt -0.080908 0.560405
vt -0.095453 0.560405
vt -0.058691 0.560405
vt -0.039548 0.485441
vt -0.044146 0.560405
vt -0.068847 0.562321
vt -0.058691 0.560405
vt -0.079579 0.632994
vt -0.086090 0.634252
vt -0.058691 0.560405
vt -0.071569 0.556846
vt -0.087713 0.630658
vt -0.079579 0.632994
vt -0.291278 0.556846
vt -0.282343 0.560405
vt -0.331606 0.632994
vt -0.337095 0.630658
vt -0.080908 0.560405
vt -0.068847 0.562321
vt -0.086090 0.634252
vt -0.093737 0.632994
vt -0.086090 0.634252
vt -0.079579 0.632994
vt -0.111910 0.730773
vt -0.079579 0.632994
vt -0.087713 0.630658
vt -0.111910 0.730773
vt -0.337095 0.630658
vt -0.331606 0.632994
vt -0.405765 0.730773
vt -0.093737 0.632994
vt -0.086090 0.634252
vt -0.111910 0.730773
vt 0.010691 0.077593
vt -0.019489 0.075000
vt -0.027456 0.163351
vt 0.000162 0.166003
vt 0.009550 0.075000
vt 0.035241 0.070184
vt 0.059690 0.158425
vt 0.036385 0.163351
vt 0.001567 0.070184
vt 0.034484 0.075000
vt 0.022030 0.163351
vt -0.008052 0.158425
vt 0.034484 0.075000
vt 0.010691 0.077593
vt 0.000162 0.166003
vt 0.022030 0.163351
vt 0.000162 0.166003
vt -0.027456 0.163351
vt -0.036346 0.249375
vt -0.011416 0.252021
vt 0.036385 0.163351
vt 0.059690 0.158425
vt 0.086729 0.244461
vt 0.065905 0.249375
vt -0.008052 0.158425
vt 0.022030 0.163351
vt 0.008422 0.249375
vt -0.018690 0.244461
vt 0.022030 0.163351
vt 0.000162 0.166003
vt -0.011416 0.252021
vt 0.008422 0.249375
vt 0.022030 0.163351
vt 0.008422 0.249375
vt 0.031913 0.249375
vt -0.036346 0.249375
vt -0.027456 0.163351
vt -0.059837 0.249375
vt -0.011416 0.252021
vt -0.036346 0.249375
vt -0.046132 0.333072
vt -0.024043 0.335637
vt 0.065905 0.249375
vt 0.086729 0.244461
vt 0.116356 0.328309
vt 0.098121 0.333072
vt -0.018690 0.244461
vt 0.008422 0.249375
vt -0.006367 0.333072
vt -0.030346 0.328309
vt 0.008422 0.249375
vt -0.011416 0.252021
vt -0.024043 0.335637
vt -0.006367 0.333072
vt -0.024043 0.335637
vt -0.046132 0.333072
vt -0.056773 0.414442
vt -0.037721 0.416839
vt 0.098121 0.333072
vt 0.116356 0.328309
vt 0.148563 0.409991
vt 0.133047 0.414442
vt -0.030346 0.328309
vt -0.006367 0.333072
vt -0.022377 0.414442
vt -0.043017 0.409991
vt -0.006367 0.333072
vt -0.024043 0.335637
vt -0.037721 0.416839
vt -0.022377 0.414442
vt -0.006367 0.333072
vt -0.022377 0.414442
vt -0.003035 0.414442
vt -0.056773 0.414442
vt -0.046132 0.333072
vt -0.076115 0.414442
vt -0.037721 0.416839
vt -0.056773 0.414442
vt -0.068203 0.493485
vt -0.052453 0.495611
vt 0.133047 0.414442
vt 0.148563 0.409991
vt 0.183334 0.489537
vt 0.170711 0.493485
vt -0.043017 0.409991
vt -0.022377 0.414442
vt -0.039674 0.493485
vt -0.056697 0.489537
vt -0.022377 0.414442
vt -0.037721 0.416839
vt -0.052453 0.495611
vt -0.039674 0.493485
vt -0.052453 0.495611
vt -0.068203 0.493485
vt -0.080301 0.570202
vt -0.068248 0.571927
vt 0.170711 0.493485
vt 0.183334 0.489537
vt 0.220632 0.566998
vt 0.211161 0.570202
vt -0.056697 0.489537
vt -0.039674 0.493485
vt -0.058381 0.570202
vt -0.071371 0.566998
vt -0.039674 0.493485
vt -0.052453 0.495611
vt -0.068248 0.571927
vt -0.058381 0.570202
vt -0.039674 0.493485
vt -0.058381 0.570202
vt -0.044030 0.570202
vt -0.080301 0.570202
vt -0.068203 0.493485
vt -0.094652 0.570202
vt -0.068248 0.571927
vt -0.080301 0.570202
vt -0.092766 0.644591
vt -0.085125 0.645729
vt 0.211161 0.570202
vt 0.220632 0.566998
vt 0.260358 0.642478
vt 0.254513 0.644591
vt -0.071371 0.566998
vt -0.058381 0.570202
vt -0.078797 0.644591
vt -0.087000 0.642478
vt -0.058381 0.570202
vt -0.068248 0.571927
vt -0.085125 0.645729
vt -0.078797 0.644591
vt -0.085125 0.645729
vt -0.092766 0.644591
vt -0.110597 0.745713
vt 0.254513 0.644591
vt 0.260358 0.642478
vt 0.320338 0.745713
vt -0.087000 0.642478
vt -0.078797 0.644591
vt -0.110597 0.745713
vt -0.078797 0.644591
vt -0.085125 0.645729
vt -0.110597 0.745713
vt -0.043475 0.079467
vt -0.060864 0.080000
vt -0.062409 0.182433
vt -0.046443 0.181884
vt -0.060864 0.080000
vt -0.033952 0.080989
vt -0.037776 0.183453
vt -0.062409 0.182433
vt 0.050649 0.080989
vt 0.073482 0.080000
vt 0.079438 0.182433
vt 0.058591 0.183453
vt -0.019419 0.080000
vt -0.043475 0.079467
vt -0.046443 0.181884
vt -0.024410 0.182433
vt -0.046443 0.181884
vt -0.062409 0.182433
vt -0.064198 0.282492
vt -0.049731 0.281939
vt -0.062409 0.182433
vt -0.037776 0.183453
vt -0.041957 0.283519
vt -0.064198 0.282492
vt 0.058591 0.183453
vt 0.079438 0.182433
vt 0.086043 0.282492
vt 0.067272 0.283519
vt -0.024410 0.182433
vt -0.046443 0.181884
vt -0.049731 0.281939
vt -0.029822 0.282492
vt -0.024410 0.182433
vt -0.029822 0.282492
vt -0.010666 0.282492
vt -0.064198 0.282492
vt -0.062409 0.182433
vt -0.083355 0.282492
vt -0.049731 0.281939
vt -0.064198 0.282492
vt -0.066210 0.380177
vt -0.053336 0.379635
vt -0.064198 0.282492
vt -0.041957 0.283519
vt -0.046500 0.381184
vt -0.066210 0.380177
vt 0.067272 0.283519
vt 0.086043 0.282492
vt 0.093284 0.380177
vt 0.076705 0.381184
vt -0.029822 0.282492
vt -0.049731 0.281939
vt -0.053336 0.379635
vt -0.035676 0.380177
vt -0.053336 0.379635
vt -0.066210 0.380177
vt -0.068414 0.475487
vt -0.057253 0.474974
vt -0.066210 0.380177
vt -0.046500 0.381184
vt -0.051411 0.476440
vt -0.068414 0.475487
vt 0.076705 0.381184
vt 0.093284 0.380177
vt 0.101148 0.475487
vt 0.086904 0.476440
vt -0.035676 0.380177
vt -0.053336 0.379635
vt -0.057253 0.474974
vt -0.042002 0.475487
vt -0.035676 0.380177
vt -0.042002 0.475487
vt -0.026032 0.475487
vt -0.068414 0.475487
vt -0.066210 0.380177
vt -0.084385 0.475487
vt -0.057253 0.474974
vt -0.068414 0.475487
vt -0.070759 0.568423
vt -0.061475 0.567961
vt -0.068414 0.475487
vt -0.051411 0.476440
vt -0.056705 0.569281
vt -0.070759 0.568423
vt 0.086904 0.476440
vt 0.101148 0.475487
vt 0.109611 0.568423
vt 0.097898 0.569281
vt -0.042002 0.475487
vt -0.057253 0.474974
vt -0.061475 0.567961
vt -0.048852 0.568423
vt -0.061475 0.567961
vt -0.070759 0.568423
vt -0.073151 0.658985
vt -0.065991 0.658603
vt -0.070759 0.568423
vt -0.056705 0.569281
vt -0.062405 0.659693
vt -0.073151 0.658985
vt 0.097898 0.569281
vt 0.109611 0.568423
vt 0.118626 0.658985
vt 0.109733 0.659693
vt -0.048852 0.568423
vt -0.061475 0.567961
vt -0.065991 0.658603
vt -0.056320 0.658985
vt -0.048852 0.568423
vt -0.056320 0.658985
vt -0.044181 0.658985
vt -0.073151 0.658985
vt -0.070759 0.568423
vt -0.085290 0.658985
vt -0.065991 0.658603
vt -0.073151 0.658985
vt -0.075361 0.747172
vt -0.070769 0.746915
vt -0.073151 0.658985
vt -0.062405 0.659693
vt -0.068565 0.747648
vt -0.075361 0.747172
vt 0.109733 0.659693
vt 0.118626 0.658985
vt 0.128083 0.747172
vt 0.122526 0.747648
vt -0.056320 0.658985
vt -0.065991 0.658603
vt -0.070769 0.746915
vt -0.064634 0.747172
vt -0.070769 0.746915
vt -0.075361 0.747172
vt -0.077673 0.863713
vt -0.075361 0.747172
vt -0.068565 0.747648
vt -0.077673 0.863713
vt 0.122526 0.747648
vt 0.128083 0.747172
vt 0.141439 0.863713
vt -0.064634 0.747172
vt -0.070769 0.746915
vt -0.077673 0.863713
vt -0.035208 0.079490
vt -0.010982 0.080000
vt -0.014747 0.179661
vt -0.036945 0.179135
vt -0.025136 0.080000
vt -0.005102 0.080948
vt -0.013082 0.180638
vt -0.031360 0.179661
vt -0.029181 0.080948
vt -0.055215 0.080000
vt -0.055303 0.179661
vt -0.031460 0.180638
vt -0.055215 0.080000
vt -0.035208 0.079490
vt -0.036945 0.179135
vt -0.055303 0.179661
vt -0.036945 0.179135
vt -0.014747 0.179661
vt -0.018803 0.277013
vt -0.038870 0.276483
vt -0.031360 0.179661
vt -0.013082 0.180638
vt -0.021803 0.277997
vt -0.038243 0.277013
vt -0.031460 0.180638
vt -0.055303 0.179661
vt -0.055492 0.277013
vt -0.033949 0.277997
vt -0.055303 0.179661
vt -0.036945 0.179135
vt -0.038870 0.276483
vt -0.055492 0.277013
vt -0.055303 0.179661
vt -0.055492 0.277013
vt -0.075937 0.277013
vt -0.018803 0.277013
vt -0.014747 0.179661
vt 0.001642 0.277013
vt -0.038870 0.276483
vt -0.018803 0.277013
vt -0.023172 0.372057
vt -0.040980 0.371538
vt -0.038243 0.277013
vt -0.021803 0.277997
vt -0.031274 0.373022
vt -0.045778 0.372057
vt -0.033949 0.277997
vt -0.055492 0.277013
vt -0.055760 0.372057
vt -0.036653 0.373022
vt -0.055492 0.277013
vt -0.038870 0.276483
vt -0.040980 0.371538
vt -0.055760 0.372057
vt -0.040980 0.371538
vt -0.023172 0.372057
vt -0.027886 0.464792
vt -0.043275 0.464301
vt -0.045778 0.372057
vt -0.031274 0.373022
vt -0.041514 0.465706
vt -0.053957 0.464792
vt -0.036653 0.373022
vt -0.055760 0.372057
vt -0.056075 0.464792
vt -0.039577 0.465706
vt -0.055760 0.372057
vt -0.040980 0.371538
vt -0.043275 0.464301
vt -0.056075 0.464792
vt -0.055760 0.372057
vt -0.056075 0.464792
vt -0.073120 0.464792
vt -0.027886 0.464792
vt -0.023172 0.372057
vt -0.010841 0.464792
vt -0.043275 0.464301
vt -0.027886 0.464792
vt -0.033000 0.555219
vt -0.045748 0.554776
vt -0.053957 0.464792
vt -0.041514 0.465706
vt -0.052551 0.556042
vt -0.062764 0.555219
vt -0.039577 0.465706
vt -0.056075 0.464792
vt -0.056381 0.555219
vt -0.042728 0.556042
vt -0.056075 0.464792
vt -0.043275 0.464301
vt -0.045748 0.554776
vt -0.056381 0.555219
vt -0.045748 0.554776
vt -0.033000 0.555219
vt -0.038615 0.643338
vt -0.048392 0.642972
vt -0.062764 0.555219
vt -0.052551 0.556042
vt -0.064437 0.644017
vt -0.072171 0.643338
vt -0.042728 0.556042
vt -0.056381 0.555219
vt -0.056579 0.643338
vt -0.046121 0.644017
vt -0.056381 0.555219
vt -0.045748 0.554776
vt -0.048392 0.642972
vt -0.056579 0.643338
vt -0.056381 0.555219
vt -0.056579 0.643338
vt -0.069534 0.643338
vt -0.038615 0.643338
vt -0.033000 0.555219
vt -0.025660 0.643338
vt -0.048392 0.642972
vt -0.038615 0.643338
vt -0.044975 0.729147
vt -0.051187 0.728902
vt -0.072171 0.643338
vt -0.064437 0.644017
vt -0.077295 0.729604
vt -0.082106 0.729147
vt -0.046121 0.644017
vt -0.056579 0.643338
vt -0.056423 0.729147
vt -0.049792 0.729604
vt -0.056579 0.643338
vt -0.048392 0.642972
vt -0.051187 0.728902
vt -0.056423 0.729147
vt -0.051187 0.728902
vt -0.044975 0.729147
vt -0.055259 0.843407
vt -0.082106 0.729147
vt -0.077295 0.729604
vt -0.096445 0.843407
vt -0.049792 0.729604
vt -0.056423 0.729147
vt -0.055259 0.843407
vt -0.056423 0.729147
vt -0.051187 0.728902
vt -0.055259 0.843407
vt 0.024183 0.079279
vt 0.006189 0.080000
vt 0.015038 0.171077
vt 0.031488 0.170334
vt 0.065457 0.080000
vt 0.038428 0.081339
vt 0.043533 0.172457
vt 0.068264 0.171077
vt 0.005117 0.081339
vt 0.028831 0.080000
vt 0.035798 0.171077
vt 0.014145 0.172457
vt 0.025415 0.080000
vt 0.049210 0.079279
vt 0.053340 0.170334
vt 0.031552 0.171077
vt 0.031488 0.170334
vt 0.015038 0.171077
vt 0.024740 0.260029
vt 0.039571 0.259281
vt 0.068264 0.171077
vt 0.043533 0.172457
vt 0.049120 0.261418
vt 0.071441 0.260029
vt 0.014145 0.172457
vt 0.035798 0.171077
vt 0.043521 0.260029
vt 0.024025 0.261418
vt 0.031552 0.171077
vt 0.053340 0.170334
vt 0.057911 0.259281
vt 0.038228 0.260029
vt 0.031552 0.171077
vt 0.038228 0.260029
vt 0.019721 0.260029
vt 0.071441 0.260029
vt 0.068264 0.171077
vt 0.089948 0.260029
vt 0.039571 0.259281
vt 0.024740 0.260029
vt 0.035305 0.346855
vt 0.048428 0.346122
vt 0.071441 0.260029
vt 0.049120 0.261418
vt 0.055195 0.348216
vt 0.074966 0.346855
vt 0.024025 0.261418
vt 0.043521 0.260029
vt 0.051988 0.346855
vt 0.034767 0.348216
vt 0.038228 0.260029
vt 0.057911 0.259281
vt 0.062919 0.346122
vt 0.045465 0.346855
vt 0.048428 0.346122
vt 0.035305 0.346855
vt 0.046752 0.431555
vt 0.058049 0.430862
vt 0.074966 0.346855
vt 0.055195 0.348216
vt 0.061765 0.432843
vt 0.078811 0.431555
vt 0.034767 0.348216
vt 0.051988 0.346855
vt 0.061182 0.431555
vt 0.046387 0.432843
vt 0.045465 0.346855
vt 0.062919 0.346122
vt 0.068360 0.430862
vt 0.053293 0.431555
vt 0.045465 0.346855
vt 0.053293 0.431555
vt 0.037863 0.431555
vt 0.078811 0.431555
vt 0.074966 0.346855
vt 0.094240 0.431555
vt 0.058049 0.430862
vt 0.046752 0.431555
vt 0.059107 0.514130
vt 0.068421 0.513506
vt 0.078811 0.431555
vt 0.061765 0.432843
vt 0.068846 0.515288
vt 0.082925 0.514130
vt 0.046387 0.432843
vt 0.061182 0.431555
vt 0.071076 0.514130
vt 0.058909 0.515288
vt 0.053293 0.431555
vt 0.068360 0.430862
vt 0.074225 0.513506
vt 0.061760 0.514130
vt 0.068421 0.513506
vt 0.059107 0.514130
vt 0.072423 0.594579
vt 0.079521 0.594065
vt 0.082925 0.514130
vt 0.068846 0.515288
vt 0.076463 0.595534
vt 0.087219 0.594579
vt 0.058909 0.515288
vt 0.071076 0.514130
vt 0.081619 0.594579
vt 0.072378 0.595534
vt 0.061760 0.514130
vt 0.074225 0.513506
vt 0.080502 0.594065
vt 0.070957 0.594579
vt 0.061760 0.514130
vt 0.070957 0.594579
vt 0.059230 0.594579
vt 0.087219 0.594579
vt 0.082925 0.514130
vt 0.098947 0.594579
vt 0.079521 0.594065
vt 0.072423 0.594579
vt 0.086824 0.672902
vt 0.091288 0.672557
vt 0.087219 0.594579
vt 0.076463 0.595534
vt 0.084677 0.673544
vt 0.091470 0.672902
vt 0.072378 0.595534
vt 0.081619 0.594579
vt 0.092684 0.672902
vt 0.086905 0.673544
vt 0.070957 0.594579
vt 0.080502 0.594065
vt 0.087156 0.672557
vt 0.081107 0.672902
vt 0.091288 0.672557
vt 0.086824 0.672902
vt 0.108906 0.779524
vt 0.091470 0.672902
vt 0.084677 0.673544
vt 0.097119 0.779524
vt 0.086905 0.673544
vt 0.092684 0.672902
vt 0.108906 0.779524
vt 0.081107 0.672902
vt 0.087156 0.672557
vt 0.097119 0.779524
vt 0.040487 0.079286
vt 0.016244 0.080000
vt 0.021298 0.181462
vt 0.043508 0.180726
vt -0.070233 0.080000
vt -0.049309 0.081326
vt -0.060001 0.182828
vt -0.079088 0.181462
vt 0.033389 0.081326
vt 0.059762 0.080000
vt 0.061198 0.181462
vt 0.037051 0.182828
vt 0.059762 0.080000
vt 0.040487 0.079286
vt 0.043508 0.180726
vt 0.061198 0.181462
vt 0.043508 0.180726
vt 0.021298 0.181462
vt 0.026776 0.280556
vt 0.046850 0.279816
vt -0.079088 0.181462
vt -0.060001 0.182828
vt -0.071709 0.281931
vt -0.088875 0.280556
vt 0.037051 0.182828
vt 0.061198 0.181462
vt 0.062872 0.280556
vt 0.041062 0.281931
vt 0.061198 0.181462
vt 0.043508 0.180726
vt 0.046850 0.279816
vt 0.062872 0.280556
vt 0.061198 0.181462
vt 0.062872 0.280556
vt 0.082986 0.280556
vt 0.026776 0.280556
vt 0.021298 0.181462
vt 0.006662 0.280556
vt 0.046850 0.279816
vt 0.026776 0.280556
vt 0.032699 0.377283
vt 0.050510 0.376558
vt -0.088875 0.280556
vt -0.071709 0.281931
vt -0.084444 0.378630
vt -0.099587 0.377283
vt 0.041062 0.281931
vt 0.062872 0.280556
vt 0.064761 0.377283
vt 0.045424 0.378630
vt 0.062872 0.280556
vt 0.046850 0.279816
vt 0.050510 0.376558
vt 0.064761 0.377283
vt 0.050510 0.376558
vt 0.032699 0.377283
vt 0.039099 0.471643
vt 0.054485 0.470957
vt -0.099587 0.377283
vt -0.084444 0.378630
vt -0.098221 0.472918
vt -0.111211 0.471643
vt 0.045424 0.378630
vt 0.064761 0.377283
vt 0.066832 0.471643
vt 0.050143 0.472918
vt 0.064761 0.377283
vt 0.050510 0.376558
vt 0.054485 0.470957
vt 0.066832 0.471643
vt 0.064761 0.377283
vt 0.066832 0.471643
vt 0.083601 0.471643
vt 0.039099 0.471643
vt 0.032699 0.377283
vt 0.022330 0.471643
vt 0.054485 0.470957
vt 0.039099 0.471643
vt 0.046030 0.563636
vt 0.058771 0.563018
vt -0.111211 0.471643
vt -0.098221 0.472918
vt -0.113069 0.564782
vt -0.123730 0.563636
vt 0.050143 0.472918
vt 0.066832 0.471643
vt 0.069033 0.563636
vt 0.055229 0.564782
vt 0.066832 0.471643
vt 0.054485 0.470957
vt 0.058771 0.563018
vt 0.069033 0.563636
vt 0.058771 0.563018
vt 0.046030 0.563636
vt 0.053590 0.653261
vt 0.063358 0.652752
vt -0.123730 0.563636
vt -0.113069 0.564782
vt -0.129036 0.654207
vt -0.137110 0.653261
vt 0.055229 0.564782
vt 0.069033 0.563636
vt 0.071264 0.653261
vt 0.060698 0.654207
vt 0.069033 0.563636
vt 0.058771 0.563018
vt 0.063358 0.652752
vt 0.071264 0.653261
vt 0.069033 0.563636
vt 0.071264 0.653261
vt 0.084010 0.653261
vt 0.053590 0.653261
vt 0.046030 0.563636
vt 0.040845 0.653261
vt 0.063358 0.652752
vt 0.053590 0.653261
vt 0.062022 0.740519
vt 0.068225 0.740177
vt -0.137110 0.653261
vt -0.129036 0.654207
vt -0.146242 0.741154
vt -0.151269 0.740519
vt 0.060698 0.654207
vt 0.071264 0.653261
vt 0.073285 0.740519
vt 0.066592 0.741154
vt 0.071264 0.653261
vt 0.063358 0.652752
vt 0.068225 0.740177
vt 0.073285 0.740519
vt 0.068225 0.740177
vt 0.062022 0.740519
vt 0.075279 0.855847
vt -0.151269 0.740519
vt -0.146242 0.741154
vt -0.171602 0.855847
vt 0.066592 0.741154
vt 0.073285 0.740519
vt 0.075279 0.855847
vt 0.073285 0.740519
vt 0.068225 0.740177
vt 0.075279 0.855847
vt -0.017984 0.079490
vt 0.001892 0.080000
vt -0.004531 0.173407
vt -0.022713 0.172881
vt 0.023846 0.080000
vt -0.003127 0.080948
vt 0.001557 0.174384
vt 0.026230 0.173407
vt -0.000357 0.080948
vt -0.025521 0.080000
vt -0.029664 0.173407
vt -0.006668 0.174384
vt -0.013094 0.080000
vt 0.009954 0.079490
vt 0.013463 0.172881
vt -0.007638 0.173407
vt -0.022713 0.172881
vt -0.004531 0.173407
vt -0.011549 0.264650
vt -0.027955 0.264120
vt 0.026230 0.173407
vt 0.001557 0.174384
vt 0.006672 0.265634
vt 0.028935 0.264650
vt -0.006668 0.174384
vt -0.029664 0.173407
vt -0.034286 0.264650
vt -0.013562 0.265634
vt -0.007638 0.173407
vt 0.013463 0.172881
vt 0.017353 0.264120
vt -0.001705 0.264650
vt -0.007638 0.173407
vt -0.001705 0.264650
vt -0.018779 0.264650
vt 0.028935 0.264650
vt 0.026230 0.173407
vt 0.046009 0.264650
vt -0.027955 0.264120
vt -0.011549 0.264650
vt -0.019176 0.353729
vt -0.033705 0.353210
vt 0.028935 0.264650
vt 0.006672 0.265634
vt 0.012227 0.354694
vt 0.031940 0.353729
vt -0.013562 0.265634
vt -0.034286 0.264650
vt -0.039373 0.353729
vt -0.021047 0.354694
vt -0.001705 0.264650
vt 0.017353 0.264120
vt 0.021620 0.353210
vt 0.004725 0.353729
vt -0.033705 0.353210
vt -0.019176 0.353729
vt -0.027434 0.440645
vt -0.039955 0.440153
vt 0.031940 0.353729
vt 0.012227 0.354694
vt 0.018232 0.441559
vt 0.035219 0.440645
vt -0.021047 0.354694
vt -0.039373 0.353729
vt -0.044904 0.440645
vt -0.029138 0.441559
vt 0.004725 0.353729
vt 0.021620 0.353210
vt 0.026258 0.440153
vt 0.011679 0.440645
vt 0.004725 0.353729
vt 0.011679 0.440645
vt -0.002556 0.440645
vt 0.035219 0.440645
vt 0.031940 0.353729
vt 0.049454 0.440645
vt -0.039955 0.440153
vt -0.027434 0.440645
vt -0.036355 0.525397
vt -0.046692 0.524954
vt 0.035219 0.440645
vt 0.018232 0.441559
vt 0.024703 0.526220
vt 0.038727 0.525397
vt -0.029138 0.441559
vt -0.044904 0.440645
vt -0.050846 0.525397
vt -0.037859 0.526220
vt 0.011679 0.440645
vt 0.026258 0.440153
vt 0.031258 0.524954
vt 0.019201 0.525397
vt -0.046692 0.524954
vt -0.036355 0.525397
vt -0.046003 0.607986
vt -0.053894 0.607620
vt 0.038727 0.525397
vt 0.024703 0.526220
vt 0.031674 0.608665
vt 0.042379 0.607986
vt -0.037859 0.526220
vt -0.050846 0.525397
vt -0.057136 0.607986
vt -0.047252 0.608665
vt 0.019201 0.525397
vt 0.031258 0.524954
vt 0.036603 0.607620
vt 0.027377 0.607986
vt 0.019201 0.525397
vt 0.027377 0.607986
vt 0.016558 0.607986
vt 0.042379 0.607986
vt 0.038727 0.525397
vt 0.053198 0.607986
vt -0.053894 0.607620
vt -0.046003 0.607986
vt -0.056528 0.688411
vt -0.061504 0.688165
vt 0.042379 0.607986
vt 0.031674 0.608665
vt 0.039221 0.688867
vt 0.045970 0.688411
vt -0.047252 0.608665
vt -0.057136 0.607986
vt -0.063623 0.688411
vt -0.057422 0.688867
vt 0.027377 0.607986
vt 0.036603 0.607620
vt 0.042250 0.688165
vt 0.036410 0.688411
vt -0.061504 0.688165
vt -0.056528 0.688411
vt -0.072811 0.797430
vt 0.045970 0.688411
vt 0.039221 0.688867
vt 0.050641 0.797430
vt -0.057422 0.688867
vt -0.063623 0.688411
vt -0.072811 0.797430
vt 0.036410 0.688411
vt 0.042250 0.688165
vt 0.050641 0.797430
usemtl M_Aloe_Base
s 1
f 1/1 2/2 18/3 17/4
f 2/5 3/6 19/7 18/8
f 3/9 4/10 20/11 19/12
f 4/13 5/14 21/15 20/16
f 5/17 6/18 22/19 21/20
f 6/21 7/22 23/23 22/24
f 7/25 8/26 24/27 23/28
f 8/29 9/30 25/31 24/32
f 9/33 10/34 26/35 25/36
f 10/37 11/38 27/39 26/40
f 11/41 12/42 28/43 27/44
f 12/45 13/46 29/47 28/48
f 13/49 14/50 30/51 29/52
f 14/53 15/54 31/55 30/56
f 15/57 16/58 32/59 31/60
f 16/61 1/62 17/63 32/64
f 33/65 17/66 18/67
f 33/68 18/69 19/70
f 33/71 19/72 20/73
f 33/74 20/75 21/76
f 33/77 21/78 22/79
f 33/80 22/81 23/82
f 33/83 23/84 24/85
f 33/86 24/87 25/88
f 33/89 25/90 26/91
f 33/92 26/93 27/94
f 33/95 27/96 28/97
f 33/98 28/99 29/100
f 33/101 29/102 30/103
f 33/104 30/105 31/106
f 33/107 31/108 32/109
f 33/110 32/111 17/112
f 34/113 2/114 1/115
f 34/116 3/117 2/118
f 34/119 4/120 3/121
f 34/122 5/123 4/124
f 34/125 6/126 5/127
f 34/128 7/129 6/130
f 34/131 8/132 7/133
f 34/134 9/135 8/136
f 34/137 10/138 9/139
f 34/140 11/141 10/142
f 34/143 12/144 11/145
f 34/146 13/147 12/148
f 34/149 14/150 13/151
f 34/152 15/153 14/154
f 34/155 16/156 15/157
f 34/158 1/159 16/160
usemtl M_Aloe_Leaf
s 1
f 35/161 36/162 40/163 39/164
f 36/165 37/166 41/167 40/168
f 37/169 38/170 42/171 41/172
f 38/173 35/174 39/175 42/176
f 39/177 40/178 44/179 43/180
f 40/181 41/182 45/183 44/184
f 41/185 42/186 46/187 45/188
f 42/189 39/190 43/191 46/192
f 42/193 46/194 47/195
f 44/196 40/197 48/198
f 43/199 44/200 50/201 49/202
f 44/203 45/204 51/205 50/206
f 45/207 46/208 52/209 51/210
f 46/211 43/212 49/213 52/214
f 49/215 50/216 54/217 53/218
f 50/219 51/220 55/221 54/222
f 51/223 52/224 56/225 55/226
f 52/227 49/228 53/229 56/230
f 52/231 56/232 57/233
f 54/234 50/235 58/236
f 53/237 54/238 60/239 59/240
f 54/241 55/242 61/243 60/244
f 55/245 56/246 62/247 61/248
f 56/249 53/250 59/251 62/252
f 59/253 60/254 64/255 63/256
f 60/257 61/258 65/259 64/260
f 61/261 62/262 66/263 65/264
f 62/265 59/266 63/267 66/268
f 62/269 66/270 67/271
f 64/272 60/273 68/274
f 63/275 64/276 70/277 69/278
f 64/279 65/280 71/281 70/282
f 65/283 66/284 72/285 71/286
f 66/287 63/288 69/289 72/290
f 69/291 70/292 73/293
f 70/294 71/295 73/296
f 71/297 72/298 73/299
f 72/300 69/301 73/302
f 74/303 75/304 79/305 78/306
f 75/307 76/308 80/309 79/310
f 76/311 77/312 81/313 80/314
f 77/315 74/316 78/317 81/318
f 78/319 79/320 83/321 82/322
f 79/323 80/324 84/325 83/326
f 80/327 81/328 85/329 84/330
f 81/331 78/332 82/333 85/334
f 81/335 85/336 86/337
f 83/338 79/339 87/340
f 82/341 83/342 89/343 88/344
f 83/345 84/346 90/347 89/348
f 84/349 85/350 91/351 90/352
f 85/353 82/354 88/355 91/356
f 88/357 89/358 93/359 92/360
f 89/361 90/362 94/363 93/364
f 90/365 91/366 95/367 94/368
f 91/369 88/370 92/371 95/372
f 91/373 95/374 96/375
f 93/376 89/377 97/378
f 92/379 93/380 99/381 98/382
f 93/383 94/384 100/385 99/386
f 94/387 95/388 101/389 100/390
f 95/391 92/392 98/393 101/394
f 98/395 99/396 103/397 102/398
f 99/399 100/400 104/401 103/402
f 100/403 101/404 105/405 104/406
f 101/407 98/408 102/409 105/410
f 101/411 105/412 106/413
f 103/414 99/415 107/416
f 102/417 103/418 109/419 108/420
f 103/421 104/422 110/423 109/424
f 104/425 105/426 111/427 110/428
f 105/429 102/430 108/431 111/432
f 108/433 109/434 112/435
f 109/436 110/437 112/438
f 110/439 111/440 112/441
f 111/442 108/443 112/444
f 113/445 114/446 118/447 117/448
f 114/449 115/450 119/451 118/452
f 115/453 116/454 120/455 119/456
f 116/457 113/458 117/459 120/460
f 117/461 118/462 122/463 121/464
f 118/465 119/466 123/467 122/468
f 119/469 120/470 124/471 123/472
f 120/473 117/474 121/475 124/476
f 120/477 124/478 125/479
f 122/480 118/481 126/482
f 121/483 122/484 128/485 127/486
f 122/487 123/488 129/489 128/490
f 123/491 124/492 130/493 129/494
f 124/495 121/496 127/497 130/498
f 127/499 128/500 132/501 131/502
f 128/503 129/504 133/505 132/506
f 129/507 130/508 134/509 133/510
f 130/511 127/512 131/513 134/514
f 130/515 134/516 135/517
f 132/518 128/519 136/520
f 131/521 132/522 138/523 137/524
f 132/525 133/526 139/527 138/528
f 133/529 134/530 140/531 139/532
f 134/533 131/534 137/535 140/536
f 137/537 138/538 142/539 141/540
f 138/541 139/542 143/543 142/544
f 139/545 140/546 144/547 143/548
f 140/549 137/550 141/551 144/552
f 140/553 144/554 145/555
f 142/556 138/557 146/558
f 141/559 142/560 148/561 147/562
f 142/563 143/564 149/565 148/566
f 143/567 144/568 150/569 149/570
f 144/571 141/572 147/573 150/574
f 147/575 148/576 151/577
f 148/578 149/579 151/580
f 149/581 150/582 151/583
f 150/584 147/585 151/586
f 152/587 153/588 157/589 156/590
f 153/591 154/592 158/593 157/594
f 154/595 155/596 159/597 158/598
f 155/599 152/600 156/601 159/602
f 156/603 157/604 161/605 160/606
f 157/607 158/608 162/609 161/610
f 158/611 159/612 163/613 162/614
f 159/615 156/616 160/617 163/618
f 159/619 163/620 164/621
f 161/622 157/623 165/624
f 160/625 161/626 167/627 166/628
f 161/629 162/630 168/631 167/632
f 162/633 163/634 169/635 168/636
f 163/637 160/638 166/639 169/640
f 166/641 167/642 171/643 170/644
f 167/645 168/646 172/647 171/648
f 168/649 169/650 173/651 172/652
f 169/653 166/654 170/655 173/656
f 169/657 173/658 174/659
f 171/660 167/661 175/662
f 170/663 171/664 177/665 176/666
f 171/667 172/668 178/669 177/670
f 172/671 173/672 179/673 178/674
f 173/675 170/676 176/677 179/678
f 176/679 177/680 181/681 180/682
f 177/683 178/684 182/685 181/686
f 178/687 179/688 183/689 182/690
f 179/691 176/692 180/693 183/694
f 179/695 183/696 184/697
f 181/698 177/699 185/700
f 180/701 181/702 187/703 186/704
f 181/705 182/706 188/707 187/708
f 182/709 183/710 189/711 188/712
f 183/713 180/714 186/715 189/716
f 186/717 187/718 190/719
f 187/720 188/721 190/722
f 188/723 189/724 190/725
f 189/726 186/727 190/728
f 191/729 192/730 196/731 195/732
f 192/733 193/734 197/735 196/736
f 193/737 194/738 198/739 197/740
f 194/741 191/742 195/743 198/744
f 195/745 196/746 200/747 199/748
f 196/749 197/750 201/751 200/752
f 197/753 198/754 202/755 201/756
f 198/757 195/758 199/759 202/760
f 198/761 202/762 203/763
f 200/764 196/765 204/766
f 199/767 200/768 206/769 205/770
f 200/771 201/772 207/773 206/774
f 201/775 202/776 208/777 207/778
f 202/779 199/780 205/781 208/782
f 205/783 206/784 210/785 209/786
f 206/787 207/788 211/789 210/790
f 207/791 208/792 212/793 211/794
f 208/795 205/796 209/797 212/798
f 208/799 212/800 213/801
f 210/802 206/803 214/804
f 209/805 210/806 216/807 215/808
f 210/809 211/810 217/811 216/812
f 211/813 212/814 218/815 217/816
f 212/817 209/818 215/819 218/820
f 215/821 216/822 220/823 219/824
f 216/825 217/826 221/827 220/828
f 217/829 218/830 222/831 221/832
f 218/833 215/834 219/835 222/836
f 218/837 222/838 223/839
f 220/840 216/841 224/842
f 219/843 220/844 226/845 225/846
f 220/847 221/848 227/849 226/850
f 221/851 222/852 228/853 227/854
f 222/855 219/856 225/857 228/858
f 225/859 226/860 229/861
f 226/862 227/863 229/864
f 227/865 228/866 229/867
f 228/868 225/869 229/870
f 230/871 231/872 235/873 234/874
f 231/875 232/876 236/877 235/878
f 232/879 233/880 237/881 236/882
f 233/883 230/884 234/885 237/886
f 234/887 235/888 239/889 238/890
f 235/891 236/892 240/893 239/894
f 236/895 237/896 241/897 240/898
f 237/899 234/900 238/901 241/902
f 237/903 241/904 242/905
f 239/906 235/907 243/908
f 238/909 239/910 245/911 244/912
f 239/913 240/914 246/915 245/916
f 240/917 241/918 247/919 246/920
f 241/921 238/922 244/923 247/924
f 244/925 245/926 249/927 248/928
f 245/929 246/930 250/931 249/932
f 246/933 247/934 251/935 250/936
f 247/937 244/938 248/939 251/940
f 247/941 251/942 252/943
f 249/944 245/945 253/946
f 248/947 249/948 255/949 254/950
f 249/951 250/952 256/953 255/954
f 250/955 251/956 257/957 256/958
f 251/959 248/960 254/961 257/962
f 254/963 255/964 259/965 258/966
f 255/967 256/968 260/969 259/970
f 256/971 257/972 261/973 260/974
f 257/975 254/976 258/977 261/978
f 257/979 261/980 262/981
f 259/982 255/983 263/984
f 258/985 259/986 265/987 264/988
f 259/989 260/990 266/991 265/992
f 260/993 261/994 267/995 266/996
f 261/997 258/998 264/999 267/1000
f 264/1001 265/1002 268/1003
f 265/1004 266/1005 268/1006
f 266/1007 267/1008 268/1009
f 267/1010 264/1011 268/1012
f 269/1013 270/1014 274/1015 273/1016
f 270/1017 271/1018 275/1019 274/1020
f 271/1021 272/1022 276/1023 275/1024
f 272/1025 269/1026 273/1027 276/1028
f 273/1029 274/1030 278/1031 277/1032
f 274/1033 275/1034 279/1035 278/1036
f 275/1037 276/1038 280/1039 279/1040
f 276/1041 273/1042 277/1043 280/1044
f 276/1045 280/1046 281/1047
f 278/1048 274/1049 282/1050
f 277/1051 278/1052 284/1053 283/1054
f 278/1055 279/1056 285/1057 284/1058
f 279/1059 280/1060 286/1061 285/1062
f 280/1063 277/1064 283/1065 286/1066
f 283/1067 284/1068 288/1069 287/1070
f 284/1071 285/1072 289/1073 288/1074
f 285/1075 286/1076 290/1077 289/1078
f 286/1079 283/1080 287/1081 290/1082
f 286/1083 290/1084 291/1085
f 288/1086 284/1087 292/1088
f 287/1089 288/1090 294/1091 293/1092
f 288/1093 289/1094 295/1095 294/1096
f 289/1097 290/1098 296/1099 295/1100
f 290/1101 287/1102 293/1103 296/1104
f 293/1105 294/1106 298/1107 297/1108
f 294/1109 295/1110 299/1111 298/1112
f 295/1113 296/1114 300/1115 299/1116
f 296/1117 293/1118 297/1119 300/1120
f 296/1121 300/1122 301/1123
f 298/1124 294/1125 302/1126
f 297/1127 298/1128 304/1129 303/1130
f 298/1131 299/1132 305/1133 304/1134
f 299/1135 300/1136 306/1137 305/1138
f 300/1139 297/1140 303/1141 306/1142
f 303/1143 304/1144 307/1145
f 304/1146 305/1147 307/1148
f 305/1149 306/1150 307/1151
f 306/1152 303/1153 307/1154
f 308/1155 309/1156 313/1157 312/1158
f 309/1159 310/1160 314/1161 313/1162
f 310/1163 311/1164 315/1165 314/1166
f 311/1167 308/1168 312/1169 315/1170
f 312/1171 313/1172 317/1173 316/1174
f 313/1175 314/1176 318/1177 317/1178
f 314/1179 315/1180 319/1181 318/1182
f 315/1183 312/1184 316/1185 319/1186
f 315/1187 319/1188 320/1189
f 317/1190 313/1191 321/1192
f 316/1193 317/1194 323/1195 322/1196
f 317/1197 318/1198 324/1199 323/1200
f 318/1201 319/1202 325/1203 324/1204
f 319/1205 316/1206 322/1207 325/1208
f 322/1209 323/1210 327/1211 326/1212
f 323/1213 324/1214 328/1215 327/1216
f 324/1217 325/1218 329/1219 328/1220
f 325/1221 322/1222 326/1223 329/1224
f 325/1225 329/1226 330/1227
f 327/1228 323/1229 331/1230
f 326/1231 327/1232 333/1233 332/1234
f 327/1235 328/1236 334/1237 333/1238
f 328/1239 329/1240 335/1241 334/1242
f 329/1243 326/1244 332/1245 335/1246
f 332/1247 333/1248 337/1249 336/1250
f 333/1251 334/1252 338/1253 337/1254
f 334/1255 335/1256 339/1257 338/1258
f 335/1259 332/1260 336/1261 339/1262
f 335/1263 339/1264 340/1265
f 337/1266 333/1267 341/1268
f 336/1269 337/1270 343/1271 342/1272
f 337/1273 338/1274 344/1275 343/1276
f 338/1277 339/1278 345/1279 344/1280
f 339/1281 336/1282 342/1283 345/1284
f 342/1285 343/1286 346/1287
f 343/1288 344/1289 346/1290
f 344/1291 345/1292 346/1293
f 345/1294 342/1295 346/1296
f 347/1297 348/1298 352/1299 351/1300
f 348/1301 349/1302 353/1303 352/1304
f 349/1305 350/1306 354/1307 353/1308
f 350/1309 347/1310 351/1311 354/1312
f 351/1313 352/1314 356/1315 355/1316
f 352/1317 353/1318 357/1319 356/1320
f 353/1321 354/1322 358/1323 357/1324
f 354/1325 351/1326 355/1327 358/1328
f 354/1329 358/1330 359/1331
f 356/1332 352/1333 360/1334
f 355/1335 356/1336 362/1337 361/1338
f 356/1339 357/1340 363/1341 362/1342
f 357/1343 358/1344 364/1345 363/1346
f 358/1347 355/1348 361/1349 364/1350
f 361/1351 362/1352 366/1353 365/1354
f 362/1355 363/1356 367/1357 366/1358
f 363/1359 364/1360 368/1361 367/1362
f 364/1363 361/1364 365/1365 368/1366
f 364/1367 368/1368 369/1369
f 366/1370 362/1371 370/1372
f 365/1373 366/1374 372/1375 371/1376
f 366/1377 367/1378 373/1379 372/1380
f 367/1381 368/1382 374/1383 373/1384
f 368/1385 365/1386 371/1387 374/1388
f 371/1389 372/1390 376/1391 375/1392
f 372/1393 373/1394 377/1395 376/1396
f 373/1397 374/1398 378/1399 377/1400
f 374/1401 371/1402 375/1403 378/1404
f 374/1405 378/1406 379/1407
f 376/1408 372/1409 380/1410
f 375/1411 376/1412 382/1413 381/1414
f 376/1415 377/1416 383/1417 382/1418
f 377/1419 378/1420 384/1421 383/1422
f 378/1423 375/1424 381/1425 384/1426
f 381/1427 382/1428 385/1429
f 382/1430 383/1431 385/1432
f 383/1433 384/1434 385/1435
f 384/1436 381/1437 385/1438
f 386/1439 387/1440 391/1441 390/1442
f 387/1443 388/1444 392/1445 391/1446
f 388/1447 389/1448 393/1449 392/1450
f 389/1451 386/1452 390/1453 393/1454
f 390/1455 391/1456 395/1457 394/1458
f 391/1459 392/1460 396/1461 395/1462
f 392/1463 393/1464 397/1465 396/1466
f 393/1467 390/1468 394/1469 397/1470
f 393/1471 397/1472 398/1473
f 395/1474 391/1475 399/1476
f 394/1477 395/1478 401/1479 400/1480
f 395/1481 396/1482 402/1483 401/1484
f 396/1485 397/1486 403/1487 402/1488
f 397/1489 394/1490 400/1491 403/1492
f 400/1493 401/1494 405/1495 404/1496
f 401/1497 402/1498 406/1499 405/1500
f 402/1501 403/1502 407/1503 406/1504
f 403/1505 400/1506 404/1507 407/1508
f 403/1509 407/1510 408/1511
f 405/1512 401/1513 409/1514
f 404/1515 405/1516 411/1517 410/1518
f 405/1519 406/1520 412/1521 411/1522
f 406/1523 407/1524 413/1525 412/1526
f 407/1527 404/1528 410/1529 413/1530
f 410/1531 411/1532 415/1533 414/1534
f 411/1535 412/1536 416/1537 415/1538
f 412/1539 413/1540 417/1541 416/1542
f 413/1543 410/1544 414/1545 417/1546
f 413/1547 417/1548 418/1549
f 415/1550 411/1551 419/1552
f 414/1553 415/1554 421/1555 420/1556
f 415/1557 416/1558 422/1559 421/1560
f 416/1561 417/1562 423/1563 422/1564
f 417/1565 414/1566 420/1567 423/1568
f 420/1569 421/1570 424/1571
f 421/1572 422/1573 424/1574
f 422/1575 423/1576 424/1577
f 423/1578 420/1579 424/1580
f 425/1581 426/1582 430/1583 429/1584
f 426/1585 427/1586 431/1587 430/1588
f 427/1589 428/1590 432/1591 431/1592
f 428/1593 425/1594 429/1595 432/1596
f 429/1597 430/1598 434/1599 433/1600
f 430/1601 431/1602 435/1603 434/1604
f 431/1605 432/1606 436/1607 435/1608
f 432/1609 429/1610 433/1611 436/1612
f 432/1613 436/1614 437/1615
f 434/1616 430/1617 438/1618
f 433/1619 434/1620 440/1621 439/1622
f 434/1623 435/1624 441/1625 440/1626
f 435/1627 436/1628 442/1629 441/1630
f 436/1631 433/1632 439/1633 442/1634
f 439/1635 440/1636 444/1637 443/1638
f 440/1639 441/1640 445/1641 444/1642
f 441/1643 442/1644 446/1645 445/1646
f 442/1647 439/1648 443/1649 446/1650
f 442/1651 446/1652 447/1653
f 444/1654 440/1655 448/1656
f 443/1657 444/1658 450/1659 449/1660
f 444/1661 445/1662 451/1663 450/1664
f 445/1665 446/1666 452/1667 451/1668
f 446/1669 443/1670 449/1671 452/1672
f 449/1673 450/1674 454/1675 453/1676
f 450/1677 451/1678 455/1679 454/1680
f 451/1681 452/1682 456/1683 455/1684
f 452/1685 449/1686 453/1687 456/1688
f 452/1689 456/1690 457/1691
f 454/1692 450/1693 458/1694
f 453/1695 454/1696 460/1697 459/1698
f 454/1699 455/1700 461/1701 460/1702
f 455/1703 456/1704 462/1705 461/1706
f 456/1707 453/1708 459/1709 462/1710
f 459/1711 460/1712 463/1713
f 460/1714 461/1715 463/1716
f 461/1717 462/1718 463/1719
f 462/1720 459/1721 463/1722
f 464/1723 465/1724 469/1725 468/1726
f 465/1727 466/1728 470/1729 469/1730
f 466/1731 467/1732 471/1733 470/1734
f 467/1735 464/1736 468/1737 471/1738
f 468/1739 469/1740 473/1741 472/1742
f 469/1743 470/1744 474/1745 473/1746
f 470/1747 471/1748 475/1749 474/1750
f 471/1751 468/1752 472/1753 475/1754
f 471/1755 475/1756 476/1757
f 473/1758 469/1759 477/1760
f 472/1761 473/1762 479/1763 478/1764
f 473/1765 474/1766 480/1767 479/1768
f 474/1769 475/1770 481/1771 480/1772
f 475/1773 472/1774 478/1775 481/1776
f 478/1777 479/1778 483/1779 482/1780
f 479/1781 480/1782 484/1783 483/1784
f 480/1785 481/1786 485/1787 484/1788
f 481/1789 478/1790 482/1791 485/1792
f 481/1793 485/1794 486/1795
f 483/1796 479/1797 487/1798
f 482/1799 483/1800 489/1801 488/1802
f 483/1803 484/1804 490/1805 489/1806
f 484/1807 485/1808 491/1809 490/1810
f 485/1811 482/1812 488/1813 491/1814
f 488/1815 489/1816 493/1817 492/1818
f 489/1819 490/1820 494/1821 493/1822
f 490/1823 491/1824 495/1825 494/1826
f 491/1827 488/1828 492/1829 495/1830
f 491/1831 495/1832 496/1833
f 493/1834 489/1835 497/1836
f 492/1837 493/1838 499/1839 498/1840
f 493/1841 494/1842 500/1843 499/1844
f 494/1845 495/1846 501/1847 500/1848
f 495/1849 492/1850 498/1851 501/1852
f 498/1853 499/1854 502/1855
f 499/1856 500/1857 502/1858
f 500/1859 501/1860 502/1861
f 501/1862 498/1863 502/1864
f 503/1865 504/1866 508/1867 507/1868
f 504/1869 505/1870 509/1871 508/1872
f 505/1873 506/1874 510/1875 509/1876
f 506/1877 503/1878 507/1879 510/1880
f 507/1881 508/1882 512/1883 511/1884
f 508/1885 509/1886 513/1887 512/1888
f 509/1889 510/1890 514/1891 513/1892
f 510/1893 507/1894 511/1895 514/1896
f 510/1897 514/1898 515/1899
f 512/1900 508/1901 516/1902
f 511/1903 512/1904 518/1905 517/1906
f 512/1907 513/1908 519/1909 518/1910
f 513/1911 514/1912 520/1913 519/1914
f 514/1915 511/1916 517/1917 520/1918
f 517/1919 518/1920 522/1921 521/1922
f 518/1923 519/1924 523/1925 522/1926
f 519/1927 520/1928 524/1929 523/1930
f 520/1931 517/1932 521/1933 524/1934
f 520/1935 524/1936 525/1937
f 522/1938 518/1939 526/1940
f 521/1941 522/1942 528/1943 527/1944
f 522/1945 523/1946 529/1947 528/1948
f 523/1949 524/1950 530/1951 529/1952
f 524/1953 521/1954 527/1955 530/1956
f 527/1957 528/1958 532/1959 531/1960
f 528/1961 529/1962 533/1963 532/1964
f 529/1965 530/1966 534/1967 533/1968
f 530/1969 527/1970 531/1971 534/1972
f 530/1973 534/1974 535/1975
f 532/1976 528/1977 536/1978
f 531/1979 532/1980 538/1981 537/1982
f 532/1983 533/1984 539/1985 538/1986
f 533/1987 534/1988 540/1989 539/1990
f 534/1991 531/1992 537/1993 540/1994
f 537/1995 538/1996 541/1997
f 538/1998 539/1999 541/2000
f 539/2001 540/2002 541/2003
f 540/2004 537/2005 541/2006
f 542/2007 543/2008 547/2009 546/2010
f 543/2011 544/2012 548/2013 547/2014
f 544/2015 545/2016 549/2017 548/2018
f 545/2019 542/2020 546/2021 549/2022
f 546/2023 547/2024 551/2025 550/2026
f 547/2027 548/2028 552/2029 551/2030
f 548/2031 549/2032 553/2033 552/2034
f 549/2035 546/2036 550/2037 553/2038
f 549/2039 553/2040 554/2041
f 551/2042 547/2043 555/2044
f 550/2045 551/2046 557/2047 556/2048
f 551/2049 552/2050 558/2051 557/2052
f 552/2053 553/2054 559/2055 558/2056
f 553/2057 550/2058 556/2059 559/2060
f 556/2061 557/2062 561/2063 560/2064
f 557/2065 558/2066 562/2067 561/2068
f 558/2069 559/2070 563/2071 562/2072
f 559/2073 556/2074 560/2075 563/2076
f 559/2077 563/2078 564/2079
f 561/2080 557/2081 565/2082
f 560/2083 561/2084 567/2085 566/2086
f 561/2087 562/2088 568/2089 567/2090
f 562/2091 563/2092 569/2093 568/2094
f 563/2095 560/2096 566/2097 569/2098
f 566/2099 567/2100 571/2101 570/2102
f 567/2103 568/2104 572/2105 571/2106
f 568/2107 569/2108 573/2109 572/2110
f 569/2111 566/2112 570/2113 573/2114
f 569/2115 573/2116 574/2117
f 571/2118 567/2119 575/2120
f 570/2121 571/2122 577/2123 576/2124
f 571/2125 572/2126 578/2127 577/2128
f 572/2129 573/2130 579/2131 578/2132
f 573/2133 570/2134 576/2135 579/2136
f 576/2137 577/2138 580/2139
f 577/2140 578/2141 580/2142
f 578/2143 579/2144 580/2145
f 579/2146 576/2147 580/2148
f 581/2149 582/2150 586/2151 585/2152
f 582/2153 583/2154 587/2155 586/2156
f 583/2157 584/2158 588/2159 587/2160
f 584/2161 581/2162 585/2163 588/2164
f 585/2165 586/2166 590/2167 589/2168
f 586/2169 587/2170 591/2171 590/2172
f 587/2173 588/2174 592/2175 591/2176
f 588/2177 585/2178 589/2179 592/2180
f 588/2181 592/2182 593/2183
f 590/2184 586/2185 594/2186
f 589/2187 590/2188 596/2189 595/2190
f 590/2191 591/2192 597/2193 596/2194
f 591/2195 592/2196 598/2197 597/2198
f 592/2199 589/2200 595/2201 598/2202
f 595/2203 596/2204 600/2205 599/2206
f 596/2207 597/2208 601/2209 600/2210
f 597/2211 598/2212 602/2213 601/2214
f 598/2215 595/2216 599/2217 602/2218
f 598/2219 602/2220 603/2221
f 600/2222 596/2223 604/2224
f 599/2225 600/2226 606/2227 605/2228
f 600/2229 601/2230 607/2231 606/2232
f 601/2233 602/2234 608/2235 607/2236
f 602/2237 599/2238 605/2239 608/2240
f 605/2241 606/2242 610/2243 609/2244
f 606/2245 607/2246 611/2247 610/2248
f 607/2249 608/2250 612/2251 611/2252
f 608/2253 605/2254 609/2255 612/2256
f 608/2257 612/2258 613/2259
f 610/2260 606/2261 614/2262
f 609/2263 610/2264 616/2265 615/2266
f 610/2267 611/2268 617/2269 616/2270
f 611/2271 612/2272 618/2273 617/2274
f 612/2275 609/2276 615/2277 618/2278
f 615/2279 616/2280 619/2281
f 616/2282 617/2283 619/2284
f 617/2285 618/2286 619/2287
f 618/2288 615/2289 619/2290
f 620/2291 621/2292 625/2293 624/2294
f 621/2295 622/2296 626/2297 625/2298
f 622/2299 623/2300 627/2301 626/2302
f 623/2303 620/2304 624/2305 627/2306
f 624/2307 625/2308 629/2309 628/2310
f 625/2311 626/2312 630/2313 629/2314
f 626/2315 627/2316 631/2317 630/2318
f 627/2319 624/2320 628/2321 631/2322
f 627/2323 631/2324 632/2325
f 629/2326 625/2327 633/2328
f 628/2329 629/2330 635/2331 634/2332
f 629/2333 630/2334 636/2335 635/2336
f 630/2337 631/2338 637/2339 636/2340
f 631/2341 628/2342 634/2343 637/2344
f 634/2345 635/2346 639/2347 638/2348
f 635/2349 636/2350 640/2351 639/2352
f 636/2353 637/2354 641/2355 640/2356
f 637/2357 634/2358 638/2359 641/2360
f 637/2361 641/2362 642/2363
f 639/2364 635/2365 643/2366
f 638/2367 639/2368 645/2369 644/2370
f 639/2371 640/2372 646/2373 645/2374
f 640/2375 641/2376 647/2377 646/2378
f 641/2379 638/2380 644/2381 647/2382
f 644/2383 645/2384 649/2385 648/2386
f 645/2387 646/2388 650/2389 649/2390
f 646/2391 647/2392 651/2393 650/2394
f 647/2395 644/2396 648/2397 651/2398
f 647/2399 651/2400 652/2401
f 649/2402 645/2403 653/2404
f 648/2405 649/2406 655/2407 654/2408
f 649/2409 650/2410 656/2411 655/2412
f 650/2413 651/2414 657/2415 656/2416
f 651/2417 648/2418 654/2419 657/2420
f 654/2421 655/2422 658/2423
f 655/2424 656/2425 658/2426
f 656/2427 657/2428 658/2429
f 657/2430 654/2431 658/2432
f 659/2433 660/2434 664/2435 663/2436
f 660/2437 661/2438 665/2439 664/2440
f 661/2441 662/2442 666/2443 665/2444
f 662/2445 659/2446 663/2447 666/2448
f 663/2449 664/2450 668/2451 667/2452
f 664/2453 665/2454 669/2455 668/2456
f 665/2457 666/2458 670/2459 669/2460
f 666/2461 663/2462 667/2463 670/2464
f 666/2465 670/2466 671/2467
f 668/2468 664/2469 672/2470
f 667/2471 668/2472 674/2473 673/2474
f 668/2475 669/2476 675/2477 674/2478
f 669/2479 670/2480 676/2481 675/2482
f 670/2483 667/2484 673/2485 676/2486
f 673/2487 674/2488 678/2489 677/2490
f 674/2491 675/2492 679/2493 678/2494
f 675/2495 676/2496 680/2497 679/2498
f 676/2499 673/2500 677/2501 680/2502
f 676/2503 680/2504 681/2505
f 678/2506 674/2507 682/2508
f 677/2509 678/2510 684/2511 683/2512
f 678/2513 679/2514 685/2515 684/2516
f 679/2517 680/2518 686/2519 685/2520
f 680/2521 677/2522 683/2523 686/2524
f 683/2525 684/2526 688/2527 687/2528
f 684/2529 685/2530 689/2531 688/2532
f 685/2533 686/2534 690/2535 689/2536
f 686/2537 683/2538 687/2539 690/2540
f 686/2541 690/2542 691/2543
f 688/2544 684/2545 692/2546
f 687/2547 688/2548 694/2549 693/2550
f 688/2551 689/2552 695/2553 694/2554
f 689/2555 690/2556 696/2557 695/2558
f 690/2559 687/2560 693/2561 696/2562
f 693/2563 694/2564 697/2565
f 694/2566 695/2567 697/2568
f 695/2569 696/2570 697/2571
f 696/2572 693/2573 697/2574
f 698/2575 699/2576 703/2577 702/2578
f 699/2579 700/2580 704/2581 703/2582
f 700/2583 701/2584 705/2585 704/2586
f 701/2587 698/2588 702/2589 705/2590
f 702/2591 703/2592 707/2593 706/2594
f 703/2595 704/2596 708/2597 707/2598
f 704/2599 705/2600 709/2601 708/2602
f 705/2603 702/2604 706/2605 709/2606
f 705/2607 709/2608 710/2609
f 707/2610 703/2611 711/2612
f 706/2613 707/2614 713/2615 712/2616
f 707/2617 708/2618 714/2619 713/2620
f 708/2621 709/2622 715/2623 714/2624
f 709/2625 706/2626 712/2627 715/2628
f 712/2629 713/2630 717/2631 716/2632
f 713/2633 714/2634 718/2635 717/2636
f 714/2637 715/2638 719/2639 718/2640
f 715/2641 712/2642 716/2643 719/2644
f 715/2645 719/2646 720/2647
f 717/2648 713/2649 721/2650
f 716/2651 717/2652 723/2653 722/2654
f 717/2655 718/2656 724/2657 723/2658
f 718/2659 719/2660 725/2661 724/2662
f 719/2663 716/2664 722/2665 725/2666
f 722/2667 723/2668 727/2669 726/2670
f 723/2671 724/2672 728/2673 727/2674
f 724/2675 725/2676 729/2677 728/2678
f 725/2679 722/2680 726/2681 729/2682
f 725/2683 729/2684 730/2685
f 727/2686 723/2687 731/2688
f 726/2689 727/2690 733/2691 732/2692
f 727/2693 728/2694 734/2695 733/2696
f 728/2697 729/2698 735/2699 734/2700
f 729/2701 726/2702 732/2703 735/2704
f 732/2705 733/2706 736/2707
f 733/2708 734/2709 736/2710
f 734/2711 735/2712 736/2713
f 735/2714 732/2715 736/2716
f 737/2717 738/2718 742/2719 741/2720
f 738/2721 739/2722 743/2723 742/2724
f 739/2725 740/2726 744/2727 743/2728
f 740/2729 737/2730 741/2731 744/2732
f 741/2733 742/2734 746/2735 745/2736
f 742/2737 743/2738 747/2739 746/2740
f 743/2741 744/2742 748/2743 747/2744
f 744/2745 741/2746 745/2747 748/2748
f 744/2749 748/2750 749/2751
f 746/2752 742/2753 750/2754
f 745/2755 746/2756 752/2757 751/2758
f 746/2759 747/2760 753/2761 752/2762
f 747/2763 748/2764 754/2765 753/2766
f 748/2767 745/2768 751/2769 754/2770
f 751/2771 752/2772 756/2773 755/2774
f 752/2775 753/2776 757/2777 756/2778
f 753/2779 754/2780 758/2781 757/2782
f 754/2783 751/2784 755/2785 758/2786
f 754/2787 758/2788 759/2789
f 756/2790 752/2791 760/2792
f 755/2793 756/2794 762/2795 761/2796
f 756/2797 757/2798 763/2799 762/2800
f 757/2801 758/2802 764/2803 763/2804
f 758/2805 755/2806 761/2807 764/2808
f 761/2809 762/2810 766/2811 765/2812
f 762/2813 763/2814 767/2815 766/2816
f 763/2817 764/2818 768/2819 767/2820
f 764/2821 761/2822 765/2823 768/2824
f 764/2825 768/2826 769/2827
f 766/2828 762/2829 770/2830
f 765/2831 766/2832 772/2833 771/2834
f 766/2835 767/2836 773/2837 772/2838
f 767/2839 768/2840 774/2841 773/2842
f 768/2843 765/2844 771/2845 774/2846
f 771/2847 772/2848 775/2849
f 772/2850 773/2851 775/2852
f 773/2853 774/2854 775/2855
f 774/2856 771/2857 775/2858
f 776/2859 777/2860 781/2861 780/2862
f 777/2863 778/2864 782/2865 781/2866
f 778/2867 779/2868 783/2869 782/2870
f 779/2871 776/2872 780/2873 783/2874
f 780/2875 781/2876 785/2877 784/2878
f 781/2879 782/2880 786/2881 785/2882
f 782/2883 783/2884 787/2885 786/2886
f 783/2887 780/2888 784/2889 787/2890
f 783/2891 787/2892 788/2893
f 785/2894 781/2895 789/2896
f 784/2897 785/2898 791/2899 790/2900
f 785/2901 786/2902 792/2903 791/2904
f 786/2905 787/2906 793/2907 792/2908
f 787/2909 784/2910 790/2911 793/2912
f 790/2913 791/2914 795/2915 794/2916
f 791/2917 792/2918 796/2919 795/2920
f 792/2921 793/2922 797/2923 796/2924
f 793/2925 790/2926 794/2927 797/2928
f 793/2929 797/2930 798/2931
f 795/2932 791/2933 799/2934
f 794/2935 795/2936 801/2937 800/2938
f 795/2939 796/2940 802/2941 801/2942
f 796/2943 797/2944 803/2945 802/2946
f 797/2947 794/2948 800/2949 803/2950
f 800/2951 801/2952 805/2953 804/2954
f 801/2955 802/2956 806/2957 805/2958
f 802/2959 803/2960 807/2961 806/2962
f 803/2963 800/2964 804/2965 807/2966
f 803/2967 807/2968 808/2969
f 805/2970 801/2971 809/2972
f 804/2973 805/2974 811/2975 810/2976
f 805/2977 806/2978 812/2979 811/2980
f 806/2981 807/2982 813/2983 812/2984
f 807/2985 804/2986 810/2987 813/2988
f 810/2989 811/2990 814/2991
f 811/2992 812/2993 814/2994
f 812/2995 813/2996 814/2997
f 813/2998 810/2999 814/3000
f 815/3001 816/3002 820/3003 819/3004
f 816/3005 817/3006 821/3007 820/3008
f 817/3009 818/3010 822/3011 821/3012
f 818/3013 815/3014 819/3015 822/3016
f 819/3017 820/3018 824/3019 823/3020
f 820/3021 821/3022 825/3023 824/3024
f 821/3025 822/3026 826/3027 825/3028
f 822/3029 819/3030 823/3031 826/3032
f 822/3033 826/3034 827/3035
f 824/3036 820/3037 828/3038
f 823/3039 824/3040 830/3041 829/3042
f 824/3043 825/3044 831/3045 830/3046
f 825/3047 826/3048 832/3049 831/3050
f 826/3051 823/3052 829/3053 832/3054
f 829/3055 830/3056 834/3057 833/3058
f 830/3059 831/3060 835/3061 834/3062
f 831/3063 832/3064 836/3065 835/3066
f 832/3067 829/3068 833/3069 836/3070
f 832/3071 836/3072 837/3073
f 834/3074 830/3075 838/3076
f 833/3077 834/3078 840/3079 839/3080
f 834/3081 835/3082 841/3083 840/3084
f 835/3085 836/3086 842/3087 841/3088
f 836/3089 833/3090 839/3091 842/3092
f 839/3093 840/3094 844/3095 843/3096
f 840/3097 841/3098 845/3099 844/3100
f 841/3101 842/3102 846/3103 845/3104
f 842/3105 839/3106 843/3107 846/3108
f 842/3109 846/3110 847/3111
f 844/3112 840/3113 848/3114
f 843/3115 844/3116 850/3117 849/3118
f 844/3119 845/3120 851/3121 850/3122
f 845/3123 846/3124 852/3125 851/3126
f 846/3127 843/3128 849/3129 852/3130
f 849/3131 850/3132 853/3133
f 850/3134 851/3135 853/3136
f 851/3137 852/3138 853/3139
f 852/3140 849/3141 853/3142
f 854/3143 855/3144 859/3145 858/3146
f 855/3147 856/3148 860/3149 859/3150
f 856/3151 857/3152 861/3153 860/3154
f 857/3155 854/3156 858/3157 861/3158
f 858/3159 859/3160 863/3161 862/3162
f 859/3163 860/3164 864/3165 863/3166
f 860/3167 861/3168 865/3169 864/3170
f 861/3171 858/3172 862/3173 865/3174
f 861/3175 865/3176 866/3177
f 863/3178 859/3179 867/3180
f 862/3181 863/3182 869/3183 868/3184
f 863/3185 864/3186 870/3187 869/3188
f 864/3189 865/3190 871/3191 870/3192
f 865/3193 862/3194 868/3195 871/3196
f 868/3197 869/3198 873/3199 872/3200
f 869/3201 870/3202 874/3203 873/3204
f 870/3205 871/3206 875/3207 874/3208
f 871/3209 868/3210 872/3211 875/3212
f 871/3213 875/3214 876/3215
f 873/3216 869/3217 877/3218
f 872/3219 873/3220 879/3221 878/3222
f 873/3223 874/3224 880/3225 879/3226
f 874/3227 875/3228 881/3229 880/3230
f 875/3231 872/3232 878/3233 881/3234
f 878/3235 879/3236 883/3237 882/3238
f 879/3239 880/3240 884/3241 883/3242
f 880/3243 881/3244 885/3245 884/3246
f 881/3247 878/3248 882/3249 885/3250
f 881/3251 885/3252 886/3253
f 883/3254 879/3255 887/3256
f 882/3257 883/3258 889/3259 888/3260
f 883/3261 884/3262 890/3263 889/3264
f 884/3265 885/3266 891/3267 890/3268
f 885/3269 882/3270 888/3271 891/3272
f 888/3273 889/3274 892/3275
f 889/3276 890/3277 892/3278
f 890/3279 891/3280 892/3281
f 891/3282 888/3283 892/3284
f 893/3285 894/3286 898/3287 897/3288
f 894/3289 895/3290 899/3291 898/3292
f 895/3293 896/3294 900/3295 899/3296
f 896/3297 893/3298 897/3299 900/3300
f 897/3301 898/3302 902/3303 901/3304
f 898/3305 899/3306 903/3307 902/3308
f 899/3309 900/3310 904/3311 903/3312
f 900/3313 897/3314 901/3315 904/3316
f 900/3317 904/3318 905/3319
f 902/3320 898/3321 906/3322
f 901/3323 902/3324 908/3325 907/3326
f 902/3327 903/3328 909/3329 908/3330
f 903/3331 904/3332 910/3333 909/3334
f 904/3335 901/3336 907/3337 910/3338
f 907/3339 908/3340 912/3341 911/3342
f 908/3343 909/3344 913/3345 912/3346
f 909/3347 910/3348 914/3349 913/3350
f 910/3351 907/3352 911/3353 914/3354
f 910/3355 914/3356 915/3357
f 912/3358 908/3359 916/3360
f 911/3361 912/3362 918/3363 917/3364
f 912/3365 913/3366 919/3367 918/3368
f 913/3369 914/3370 920/3371 919/3372
f 914/3373 911/3374 917/3375 920/3376
f 917/3377 918/3378 922/3379 921/3380
f 918/3381 919/3382 923/3383 922/3384
f 919/3385 920/3386 924/3387 923/3388
f 920/3389 917/3390 921/3391 924/3392
f 920/3393 924/3394 925/3395
f 922/3396 918/3397 926/3398
f 921/3399 922/3400 928/3401 927/3402
f 922/3403 923/3404 929/3405 928/3406
f 923/3407 924/3408 930/3409 929/3410
f 924/3411 921/3412 927/3413 930/3414
f 927/3415 928/3416 931/3417
f 928/3418 929/3419 931/3420
f 929/3421 930/3422 931/3423
f 930/3424 927/3425 931/3426
f 932/3427 933/3428 937/3429 936/3430
f 933/3431 934/3432 938/3433 937/3434
f 934/3435 935/3436 939/3437 938/3438
f 935/3439 932/3440 936/3441 939/3442
f 936/3443 937/3444 941/3445 940/3446
f 937/3447 938/3448 942/3449 941/3450
f 938/3451 939/3452 943/3453 942/3454
f 939/3455 936/3456 940/3457 943/3458
f 939/3459 943/3460 944/3461
f 941/3462 937/3463 945/3464
f 940/3465 941/3466 947/3467 946/3468
f 941/3469 942/3470 948/3471 947/3472
f 942/3473 943/3474 949/3475 948/3476
f 943/3477 940/3478 946/3479 949/3480
f 946/3481 947/3482 951/3483 950/3484
f 947/3485 948/3486 952/3487 951/3488
f 948/3489 949/3490 953/3491 952/3492
f 949/3493 946/3494 950/3495 953/3496
f 949/3497 953/3498 954/3499
f 951/3500 947/3501 955/3502
f 950/3503 951/3504 957/3505 956/3506
f 951/3507 952/3508 958/3509 957/3510
f 952/3511 953/3512 959/3513 958/3514
f 953/3515 950/3516 956/3517 959/3518
f 956/3519 957/3520 961/3521 960/3522
f 957/3523 958/3524 962/3525 961/3526
f 958/3527 959/3528 963/3529 962/3530
f 959/3531 956/3532 960/3533 963/3534
f 959/3535 963/3536 964/3537
f 961/3538 957/3539 965/3540
f 960/3541 961/3542 967/3543 966/3544
f 961/3545 962/3546 968/3547 967/3548
f 962/3549 963/3550 969/3551 968/3552
f 963/3553 960/3554 966/3555 969/3556
f 966/3557 967/3558 970/3559
f 967/3560 968/3561 970/3562
f 968/3563 969/3564 970/3565
f 969/3566 966/3567 970/3568
f 971/3569 972/3570 976/3571 975/3572
f 972/3573 973/3574 977/3575 976/3576
f 973/3577 974/3578 978/3579 977/3580
f 974/3581 971/3582 975/3583 978/3584
f 975/3585 976/3586 980/3587 979/3588
f 976/3589 977/3590 981/3591 980/3592
f 977/3593 978/3594 982/3595 981/3596
f 978/3597 975/3598 979/3599 982/3600
f 978/3601 982/3602 983/3603
f 980/3604 976/3605 984/3606
f 979/3607 980/3608 986/3609 985/3610
f 980/3611 981/3612 987/3613 986/3614
f 981/3615 982/3616 988/3617 987/3618
f 982/3619 979/3620 985/3621 988/3622
f 985/3623 986/3624 990/3625 989/3626
f 986/3627 987/3628 991/3629 990/3630
f 987/3631 988/3632 992/3633 991/3634
f 988/3635 985/3636 989/3637 992/3638
f 988/3639 992/3640 993/3641
f 990/3642 986/3643 994/3644
f 989/3645 990/3646 996/3647 995/3648
f 990/3649 991/3650 997/3651 996/3652
f 991/3653 992/3654 998/3655 997/3656
f 992/3657 989/3658 995/3659 998/3660
f 995/3661 996/3662 1000/3663 999/3664
f 996/3665 997/3666 1001/3667 1000/3668
f 997/3669 998/3670 1002/3671 1001/3672
f 998/3673 995/3674 999/3675 1002/3676
f 998/3677 1002/3678 1003/3679
f 1000/3680 996/3681 1004/3682
f 999/3683 1000/3684 1006/3685 1005/3686
f 1000/3687 1001/3688 1007/3689 1006/3690
f 1001/3691 1002/3692 1008/3693 1007/3694
f 1002/3695 999/3696 1005/3697 1008/3698
f 1005/3699 1006/3700 1009/3701
f 1006/3702 1007/3703 1009/3704
f 1007/3705 1008/3706 1009/3707
f 1008/3708 1005/3709 1009/3710
f 1010/3711 1011/3712 1015/3713 1014/3714
f 1011/3715 1012/3716 1016/3717 1015/3718
f 1012/3719 1013/3720 1017/3721 1016/3722
f 1013/3723 1010/3724 1014/3725 1017/3726
f 1014/3727 1015/3728 1019/3729 1018/3730
f 1015/3731 1016/3732 1020/3733 1019/3734
f 1016/3735 1017/3736 1021/3737 1020/3738
f 1017/3739 1014/3740 1018/3741 1021/3742
f 1017/3743 1021/3744 1022/3745
f 1019/3746 1015/3747 1023/3748
f 1018/3749 1019/3750 1025/3751 1024/3752
f 1019/3753 1020/3754 1026/3755 1025/3756
f 1020/3757 1021/3758 1027/3759 1026/3760
f 1021/3761 1018/3762 1024/3763 1027/3764
f 1024/3765 1025/3766 1029/3767 1028/3768
f 1025/3769 1026/3770 1030/3771 1029/3772
f 1026/3773 1027/3774 1031/3775 1030/3776
f 1027/3777 1024/3778 1028/3779 1031/3780
f 1027/3781 1031/3782 1032/3783
f 1029/3784 1025/3785 1033/3786
f 1028/3787 1029/3788 1035/3789 1034/3790
f 1029/3791 1030/3792 1036/3793 1035/3794
f 1030/3795 1031/3796 1037/3797 1036/3798
f 1031/3799 1028/3800 1034/3801 1037/3802
f 1034/3803 1035/3804 1039/3805 1038/3806
f 1035/3807 1036/3808 1040/3809 1039/3810
f 1036/3811 1037/3812 1041/3813 1040/3814
f 1037/3815 1034/3816 1038/3817 1041/3818
f 1037/3819 1041/3820 1042/3821
f 1039/3822 1035/3823 1043/3824
f 1038/3825 1039/3826 1045/3827 1044/3828
f 1039/3829 1040/3830 1046/3831 1045/3832
f 1040/3833 1041/3834 1047/3835 1046/3836
f 1041/3837 1038/3838 1044/3839 1047/3840
f 1044/3841 1045/3842 1048/3843
f 1045/3844 1046/3845 1048/3846
f 1046/3847 1047/3848 1048/3849
f 1047/3850 1044/3851 1048/3852
f 1049/3853 1050/3854 1054/3855 1053/3856
f 1050/3857 1051/3858 1055/3859 1054/3860
f 1051/3861 1052/3862 1056/3863 1055/3864
f 1052/3865 1049/3866 1053/3867 1056/3868
f 1053/3869 1054/3870 1058/3871 1057/3872
f 1054/3873 1055/3874 1059/3875 1058/3876
f 1055/3877 1056/3878 1060/3879 1059/3880
f 1056/3881 1053/3882 1057/3883 1060/3884
f 1056/3885 1060/3886 1061/3887
f 1058/3888 1054/3889 1062/3890
f 1057/3891 1058/3892 1064/3893 1063/3894
f 1058/3895 1059/3896 1065/3897 1064/3898
f 1059/3899 1060/3900 1066/3901 1065/3902
f 1060/3903 1057/3904 1063/3905 1066/3906
f 1063/3907 1064/3908 1068/3909 1067/3910
f 1064/3911 1065/3912 1069/3913 1068/3914
f 1065/3915 1066/3916 1070/3917 1069/3918
f 1066/3919 1063/3920 1067/3921 1070/3922
f 1066/3923 1070/3924 1071/3925
f 1068/3926 1064/3927 1072/3928
f 1067/3929 1068/3930 1074/3931 1073/3932
f 1068/3933 1069/3934 1075/3935 1074/3936
f 1069/3937 1070/3938 1076/3939 1075/3940
f 1070/3941 1067/3942 1073/3943 1076/3944
f 1073/3945 1074/3946 1078/3947 1077/3948
f 1074/3949 1075/3950 1079/3951 1078/3952
f 1075/3953 1076/3954 1080/3955 1079/3956
f 1076/3957 1073/3958 1077/3959 1080/3960
f 1076/3961 1080/3962 1081/3963
f 1078/3964 1074/3965 1082/3966
f 1077/3967 1078/3968 1084/3969 1083/3970
f 1078/3971 1079/3972 1085/3973 1084/3974
f 1079/3975 1080/3976 1086/3977 1085/3978
f 1080/3979 1077/3980 1083/3981 1086/3982
f 1083/3983 1084/3984 1087/3985
f 1084/3986 1085/3987 1087/3988
f 1085/3989 1086/3990 1087/3991
f 1086/3992 1083/3993 1087/3994
f 1088/3995 1089/3996 1093/3997 1092/3998
f 1089/3999 1090/4000 1094/4001 1093/4002
f 1090/4003 1091/4004 1095/4005 1094/4006
f 1091/4007 1088/4008 1092/4009 1095/4010
f 1092/4011 1093/4012 1097/4013 1096/4014
f 1093/4015 1094/4016 1098/4017 1097/4018
f 1094/4019 1095/4020 1099/4021 1098/4022
f 1095/4023 1092/4024 1096/4025 1099/4026
f 1095/4027 1099/4028 1100/4029
f 1097/4030 1093/4031 1101/4032
f 1096/4033 1097/4034 1103/4035 1102/4036
f 1097/4037 1098/4038 1104/4039 1103/4040
f 1098/4041 1099/4042 1105/4043 1104/4044
f 1099/4045 1096/4046 1102/4047 1105/4048
f 1102/4049 1103/4050 1107/4051 1106/4052
f 1103/4053 1104/4054 1108/4055 1107/4056
f 1104/4057 1105/4058 1109/4059 1108/4060
f 1105/4061 1102/4062 1106/4063 1109/4064
f 1105/4065 1109/4066 1110/4067
f 1107/4068 1103/4069 1111/4070
f 1106/4071 1107/4072 1113/4073 1112/4074
f 1107/4075 1108/4076 1114/4077 1113/4078
f 1108/4079 1109/4080 1115/4081 1114/4082
f 1109/4083 1106/4084 1112/4085 1115/4086
f 1112/4087 1113/4088 1117/4089 1116/4090
f 1113/4091 1114/4092 1118/4093 1117/4094
f 1114/4095 1115/4096 1119/4097 1118/4098
f 1115/4099 1112/4100 1116/4101 1119/4102
f 1115/4103 1119/4104 1120/4105
f 1117/4106 1113/4107 1121/4108
f 1116/4109 1117/4110 1123/4111 1122/4112
f 1117/4113 1118/4114 1124/4115 1123/4116
f 1118/4117 1119/4118 1125/4119 1124/4120
f 1119/4121 1116/4122 1122/4123 1125/4124
f 1122/4125 1123/4126 1126/4127
f 1123/4128 1124/4129 1126/4130
f 1124/4131 1125/4132 1126/4133
f 1125/4134 1122/4135 1126/4136
f 1127/4137 1128/4138 1132/4139 1131/4140
f 1128/4141 1129/4142 1133/4143 1132/4144
f 1129/4145 1130/4146 1134/4147 1133/4148
f 1130/4149 1127/4150 1131/4151 1134/4152
f 1131/4153 1132/4154 1136/4155 1135/4156
f 1132/4157 1133/4158 1137/4159 1136/4160
f 1133/4161 1134/4162 1138/4163 1137/4164
f 1134/4165 1131/4166 1135/4167 1138/4168
f 1134/4169 1138/4170 1139/4171
f 1136/4172 1132/4173 1140/4174
f 1135/4175 1136/4176 1142/4177 1141/4178
f 1136/4179 1137/4180 1143/4181 1142/4182
f 1137/4183 1138/4184 1144/4185 1143/4186
f 1138/4187 1135/4188 1141/4189 1144/4190
f 1141/4191 1142/4192 1146/4193 1145/4194
f 1142/4195 1143/4196 1147/4197 1146/4198
f 1143/4199 1144/4200 1148/4201 1147/4202
f 1144/4203 1141/4204 1145/4205 1148/4206
f 1144/4207 1148/4208 1149/4209
f 1146/4210 1142/4211 1150/4212
f 1145/4213 1146/4214 1152/4215 1151/4216
f 1146/4217 1147/4218 1153/4219 1152/4220
f 1147/4221 1148/4222 1154/4223 1153/4224
f 1148/4225 1145/4226 1151/4227 1154/4228
f 1151/4229 1152/4230 1156/4231 1155/4232
f 1152/4233 1153/4234 1157/4235 1156/4236
f 1153/4237 1154/4238 1158/4239 1157/4240
f 1154/4241 1151/4242 1155/4243 1158/4244
f 1154/4245 1158/4246 1159/4247
f 1156/4248 1152/4249 1160/4250
f 1155/4251 1156/4252 1162/4253 1161/4254
f 1156/4255 1157/4256 1163/4257 1162/4258
f 1157/4259 1158/4260 1164/4261 1163/4262
f 1158/4263 1155/4264 1161/4265 1164/4266
f 1161/4267 1162/4268 1165/4269
f 1162/4270 1163/4271 1165/4272
f 1163/4273 1164/4274 1165/4275
f 1164/4276 1161/4277 1165/4278
f 1166/4279 1167/4280 1171/4281 1170/4282
f 1167/4283 1168/4284 1172/4285 1171/4286
f 1168/4287 1169/4288 1173/4289 1172/4290
f 1169/4291 1166/4292 1170/4293 1173/4294
f 1170/4295 1171/4296 1175/4297 1174/4298
f 1171/4299 1172/4300 1176/4301 1175/4302
f 1172/4303 1173/4304 1177/4305 1176/4306
f 1173/4307 1170/4308 1174/4309 1177/4310
f 1173/4311 1177/4312 1178/4313
f 1175/4314 1171/4315 1179/4316
f 1174/4317 1175/4318 1181/4319 1180/4320
f 1175/4321 1176/4322 1182/4323 1181/4324
f 1176/4325 1177/4326 1183/4327 1182/4328
f 1177/4329 1174/4330 1180/4331 1183/4332
f 1180/4333 1181/4334 1185/4335 1184/4336
f 1181/4337 1182/4338 1186/4339 1185/4340
f 1182/4341 1183/4342 1187/4343 1186/4344
f 1183/4345 1180/4346 1184/4347 1187/4348
f 1183/4349 1187/4350 1188/4351
f 1185/4352 1181/4353 1189/4354
f 1184/4355 1185/4356 1191/4357 1190/4358
f 1185/4359 1186/4360 1192/4361 1191/4362
f 1186/4363 1187/4364 1193/4365 1192/4366
f 1187/4367 1184/4368 1190/4369 1193/4370
f 1190/4371 1191/4372 1195/4373 1194/4374
f 1191/4375 1192/4376 1196/4377 1195/4378
f 1192/4379 1193/4380 1197/4381 1196/4382
f 1193/4383 1190/4384 1194/4385 1197/4386
f 1193/4387 1197/4388 1198/4389
f 1195/4390 1191/4391 1199/4392
f 1194/4393 1195/4394 1201/4395 1200/4396
f 1195/4397 1196/4398 1202/4399 1201/4400
f 1196/4401 1197/4402 1203/4403 1202/4404
f 1197/4405 1194/4406 1200/4407 1203/4408
f 1200/4409 1201/4410 1204/4411
f 1201/4412 1202/4413 1204/4414
f 1202/4415 1203/4416 1204/4417
f 1203/4418 1200/4419 1204/4420
f 1205/4421 1206/4422 1210/4423 1209/4424
f 1206/4425 1207/4426 1211/4427 1210/4428
f 1207/4429 1208/4430 1212/4431 1211/4432
f 1208/4433 1205/4434 1209/4435 1212/4436
f 1209/4437 1210/4438 1214/4439 1213/4440
f 1210/4441 1211/4442 1215/4443 1214/4444
f 1211/4445 1212/4446 1216/4447 1215/4448
f 1212/4449 1209/4450 1213/4451 1216/4452
f 1212/4453 1216/4454 1217/4455
f 1214/4456 1210/4457 1218/4458
f 1213/4459 1214/4460 1220/4461 1219/4462
f 1214/4463 1215/4464 1221/4465 1220/4466
f 1215/4467 1216/4468 1222/4469 1221/4470
f 1216/4471 1213/4472 1219/4473 1222/4474
f 1219/4475 1220/4476 1224/4477 1223/4478
f 1220/4479 1221/4480 1225/4481 1224/4482
f 1221/4483 1222/4484 1226/4485 1225/4486
f 1222/4487 1219/4488 1223/4489 1226/4490
f 1222/4491 1226/4492 1227/4493
f 1224/4494 1220/4495 1228/4496
f 1223/4497 1224/4498 1230/4499 1229/4500
f 1224/4501 1225/4502 1231/4503 1230/4504
f 1225/4505 1226/4506 1232/4507 1231/4508
f 1226/4509 1223/4510 1229/4511 1232/4512
f 1229/4513 1230/4514 1234/4515 1233/4516
f 1230/4517 1231/4518 1235/4519 1234/4520
f 1231/4521 1232/4522 1236/4523 1235/4524
f 1232/4525 1229/4526 1233/4527 1236/4528
f 1232/4529 1236/4530 1237/4531
f 1234/4532 1230/4533 1238/4534
f 1233/4535 1234/4536 1240/4537 1239/4538
f 1234/4539 1235/4540 1241/4541 1240/4542
f 1235/4543 1236/4544 1242/4545 1241/4546
f 1236/4547 1233/4548 1239/4549 1242/4550
f 1239/4551 1240/4552 1243/4553
f 1240/4554 1241/4555 1243/4556
f 1241/4557 1242/4558 1243/4559
f 1242/4560 1239/4561 1243/4562
f 1244/4563 1245/4564 1249/4565 1248/4566
f 1245/4567 1246/4568 1250/4569 1249/4570
f 1246/4571 1247/4572 1251/4573 1250/4574
f 1247/4575 1244/4576 1248/4577 1251/4578
f 1248/4579 1249/4580 1253/4581 1252/4582
f 1249/4583 1250/4584 1254/4585 1253/4586
f 1250/4587 1251/4588 1255/4589 1254/4590
f 1251/4591 1248/4592 1252/4593 1255/4594
f 1251/4595 1255/4596 1256/4597
f 1253/4598 1249/4599 1257/4600
f 1252/4601 1253/4602 1259/4603 1258/4604
f 1253/4605 1254/4606 1260/4607 1259/4608
f 1254/4609 1255/4610 1261/4611 1260/4612
f 1255/4613 1252/4614 1258/4615 1261/4616
f 1258/4617 1259/4618 1263/4619 1262/4620
f 1259/4621 1260/4622 1264/4623 1263/4624
f 1260/4625 1261/4626 1265/4627 1264/4628
f 1261/4629 1258/4630 1262/4631 1265/4632
f 1261/4633 1265/4634 1266/4635
f 1263/4636 1259/4637 1267/4638
f 1262/4639 1263/4640 1269/4641 1268/4642
f 1263/4643 1264/4644 1270/4645 1269/4646
f 1264/4647 1265/4648 1271/4649 1270/4650
f 1265/4651 1262/4652 1268/4653 1271/4654
f 1268/4655 1269/4656 1273/4657 1272/4658
f 1269/4659 1270/4660 1274/4661 1273/4662
f 1270/4663 1271/4664 1275/4665 1274/4666
f 1271/4667 1268/4668 1272/4669 1275/4670
f 1271/4671 1275/4672 1276/4673
f 1273/4674 1269/4675 1277/4676
f 1272/4677 1273/4678 1279/4679 1278/4680
f 1273/4681 1274/4682 1280/4683 1279/4684
f 1274/4685 1275/4686 1281/4687 1280/4688
f 1275/4689 1272/4690 1278/4691 1281/4692
f 1278/4693 1279/4694 1282/4695
f 1279/4696 1280/4697 1282/4698
f 1280/4699 1281/4700 1282/4701
f 1281/4702 1278/4703 1282/4704
