# Generated by scripts/generate_entrance_terrace_reveal_kit.py
mtllib VD_EntranceTerraceReveal.mtl
o VD_Banner_Institute_Faded
v -85.000000 -6.418348 320.000000
v -74.375000 -6.944945 320.000000
v -63.750000 -6.908590 320.000000
v -53.125000 -6.745517 320.000000
v -42.500000 -7.366844 320.000000
v -31.875000 -6.634429 320.000000
v -21.250000 -7.571556 320.000000
v -10.625000 -6.716775 320.000000
v 0.000000 -7.433372 320.000000
v 10.625000 -6.963439 320.000000
v 21.250000 -7.039679 320.000000
v 31.875000 -7.223275 320.000000
v 42.500000 -6.601779 320.000000
v 53.125000 -7.313342 320.000000
v 63.750000 -6.336032 320.000000
v 74.375000 -7.133904 320.000000
v 85.000000 -6.347359 320.000000
v -85.000000 -6.201194 306.666667
v -74.375000 -6.669098 306.666667
v -63.750000 -6.608581 306.666667
v -53.125000 -6.465342 306.666667
v -42.500000 -7.170276 306.666667
v -31.875000 -6.351843 306.666667
v -21.250000 -7.285936 306.666667
v -10.625000 -6.435976 306.666667
v 0.000000 -7.238249 306.666667
v 10.625000 -6.687994 306.666667
v 21.250000 -6.742515 306.666667
v 31.875000 -6.953470 306.666667
v 42.500000 -6.388607 306.666667
v 53.125000 -7.045491 306.666667
v 63.750000 -6.023596 306.666667
v 74.375000 -6.862159 306.666667
v 85.000000 -6.128665 306.666667
v -85.000000 -5.978404 293.333333
v -74.375000 -6.350110 293.333333
v -63.750000 -6.249989 293.333333
v -53.125000 -6.139260 293.333333
v -42.500000 -6.981228 293.333333
v -31.875000 -6.021808 293.333333
v -21.250000 -6.950928 293.333333
v -10.625000 -6.108871 293.333333
v 0.000000 -7.051567 293.333333
v 10.625000 -6.369664 293.333333
v 21.250000 -6.388586 293.333333
v 31.875000 -6.644383 293.333333
v 42.500000 -6.172342 293.333333
v 53.125000 -6.739608 293.333333
v 63.750000 -5.644635 293.333333
v 74.375000 -6.549893 293.333333
v 85.000000 -5.903349 293.333333
v -85.000000 -5.752284 280.000000
v -74.375000 -6.005635 280.000000
v -63.750000 -5.856789 280.000000
v -53.125000 -5.786056 280.000000
v -42.500000 -6.796622 280.000000
v -31.875000 -5.663743 280.000000
v -21.250000 -6.586744 280.000000
v -10.625000 -5.754410 280.000000
v 0.000000 -6.869872 280.000000
v 10.625000 -6.025998 280.000000
v 21.250000 -6.001123 280.000000
v 31.875000 -6.312090 280.000000
v 42.500000 -5.954250 280.000000
v 53.125000 -6.411257 280.000000
v 63.750000 -5.226375 280.000000
v 74.375000 -6.213688 280.000000
v 85.000000 -5.674122 280.000000
v -85.000000 -5.523586 266.666667
v -74.375000 -5.641423 266.666667
v -63.750000 -5.436787 266.666667
v -53.125000 -5.411850 266.666667
v -42.500000 -6.615455 266.666667
v -31.875000 -5.283970 266.666667
v -21.250000 -6.199966 266.666667
v -10.625000 -5.378763 266.666667
v 0.000000 -6.692039 266.666667
v 10.625000 -5.662713 266.666667
v 21.250000 -5.587691 266.666667
v 31.875000 -5.961826 266.666667
v 42.500000 -5.734744 266.666667
v 53.125000 -6.065506 266.666667
v 63.750000 -4.777681 266.666667
v 74.375000 -5.858945 266.666667
v 85.000000 -5.441866 266.666667
v -85.000000 -5.292727 253.333333
v -74.375000 -5.260670 253.333333
v -63.750000 -4.994325 253.333333
v -53.125000 -5.020043 253.333333
v -42.500000 -6.437171 253.333333
v -31.875000 -4.886006 253.333333
v -21.250000 -5.794252 253.333333
v -10.625000 -4.985363 253.333333
v 0.000000 -6.517443 253.333333
v 10.625000 -5.282986 253.333333
v 21.250000 -5.152496 253.333333
v 31.875000 -5.596501 253.333333
v 42.500000 -5.514052 253.333333
v 53.125000 -5.705174 253.333333
v 63.750000 -4.303482 253.333333
v 74.375000 -5.488667 253.333333
v 85.000000 -5.207072 253.333333
v -85.000000 -5.059980 240.000000
v -74.375000 -4.865477 240.000000
v -63.750000 -4.532254 240.000000
v -53.125000 -4.612870 240.000000
v -42.500000 -6.261404 240.000000
v -31.875000 -4.472158 240.000000
v -21.250000 -5.372007 240.000000
v -10.625000 -4.576463 240.000000
v 0.000000 -6.345673 240.000000
v 10.625000 -4.888903 240.000000
v 21.250000 -4.698299 240.000000
v 31.875000 -5.218028 240.000000
v 42.500000 -5.292326 240.000000
v 53.125000 -5.332111 240.000000
v 63.750000 -3.807016 240.000000
v 74.375000 -5.104824 240.000000
v 85.000000 -4.970062 240.000000
v -85.000000 -4.825545 226.666667
v -74.375000 -4.457351 226.666667
v -63.750000 -4.052622 226.666667
v -53.125000 -4.191935 226.666667
v -42.500000 -6.087890 226.666667
v -31.875000 -4.044088 226.666667
v -21.250000 -4.934958 226.666667
v -10.625000 -4.153682 226.666667
v 0.000000 -6.176432 226.666667
v 10.625000 -4.481966 226.666667
v 21.250000 -4.227087 226.666667
v 31.875000 -4.827779 226.666667
v 42.500000 -5.069672 226.666667
v 53.125000 -4.947648 226.666667
v 63.750000 -3.290608 226.666667
v 74.375000 -4.708836 226.666667
v 85.000000 -4.731066 226.666667
v -85.000000 -4.589570 213.333333
v -74.375000 -4.037443 213.333333
v -63.750000 -3.556991 213.333333
v -53.125000 -3.758462 213.333333
v -42.500000 -5.916430 213.333333
v -31.875000 -3.603060 213.333333
v -21.250000 -4.484421 213.333333
v -10.625000 -3.718254 213.333333
v 0.000000 -6.009497 213.333333
v 10.625000 -4.063316 213.333333
v 21.250000 -3.740373 213.333333
v 31.875000 -4.426803 213.333333
v 42.500000 -4.846173 213.333333
v 53.125000 -4.552798 213.333333
v 63.750000 -2.756033 213.333333
v 74.375000 -4.301781 213.333333
v 85.000000 -4.490263 213.333333
v -85.000000 -4.352175 200.000000
v -74.375000 -3.606665 200.000000
v -63.750000 -3.046599 200.000000
v -53.125000 -3.313422 200.000000
v -42.500000 -5.746865 200.000000
v -31.875000 -3.150075 200.000000
v -21.250000 -4.021439 200.000000
v -10.625000 -3.271159 200.000000
v 0.000000 -5.844690 200.000000
v 10.625000 -3.633860 200.000000
v 21.250000 -3.239355 200.000000
v 31.875000 -4.015929 200.000000
v 42.500000 -4.621896 200.000000
v 53.125000 -4.148364 200.000000
v 63.750000 -2.204695 200.000000
v 74.375000 -3.884515 200.000000
v 85.000000 -4.247791 200.000000
v -85.000000 -4.113457 186.666667
v -74.375000 -3.165760 186.666667
v -63.750000 -2.522455 186.666667
v -53.125000 -2.857606 186.666667
v -42.500000 -5.579064 186.666667
v -31.875000 -2.685953 186.666667
v -21.250000 -3.546865 186.666667
v -10.625000 -2.813193 186.666667
v 0.000000 -5.681863 186.666667
v 10.625000 -3.194337 186.666667
v 21.250000 -2.725013 186.666667
v 31.875000 -3.595834 186.666667
v 42.500000 -4.396893 186.666667
v 53.125000 -3.735004 186.666667
v 63.750000 -1.637743 186.666667
v 74.375000 -3.457738 186.666667
v 85.000000 -4.003765 186.666667
v -85.000000 -3.873497 173.333333
v -74.375000 -2.715350 173.333333
v -63.750000 -1.985406 173.333333
v -53.125000 -2.391676 173.333333
v -42.500000 -5.412920 173.333333
v -31.875000 -2.211378 173.333333
v -21.250000 -3.061410 173.333333
v -10.625000 -2.345027 173.333333
v 0.000000 -5.520897 173.333333
v 10.625000 -2.745367 173.333333
v 21.250000 -2.198165 173.333333
v 31.875000 -3.167085 173.333333
v 42.500000 -4.171208 173.333333
v 53.125000 -3.313264 173.333333
v 63.750000 -1.056135 173.333333
v 74.375000 -3.022034 173.333333
v 85.000000 -3.758281 173.333333
v -85.000000 -3.632364 160.000000
v -74.375000 -2.255965 160.000000
v -63.750000 -1.436170 160.000000
v -53.125000 -1.916196 160.000000
v -42.500000 -5.248340 160.000000
v -31.875000 -1.726932 160.000000
v -21.250000 -2.565681 160.000000
v -10.625000 -1.867227 160.000000
v 0.000000 -5.361686 160.000000
v 10.625000 -2.287475 160.000000
v 21.250000 -1.659509 160.000000
v 31.875000 -2.730165 160.000000
v 42.500000 -3.944880 160.000000
v 53.125000 -2.883613 160.000000
v 63.750000 -0.460687 160.000000
v 74.375000 -2.577901 160.000000
v 85.000000 -3.511419 160.000000
v -85.000000 -3.390119 146.666667
v -74.375000 -1.788063 146.666667
v -63.750000 -0.875367 146.666667
v -53.125000 -1.431652 146.666667
v -42.500000 -5.085245 146.666667
v -31.875000 -1.233118 146.666667
v -21.250000 -2.060202 146.666667
v -10.625000 -1.380285 146.666667
v 0.000000 -5.204142 146.666667
v 10.625000 -1.821117 146.666667
v 21.250000 -1.109646 146.666667
v 31.875000 -2.285489 146.666667
v 42.500000 -3.717942 146.666667
v 53.125000 -2.446453 146.666667
v 63.750000 0.147893 146.666667
v 74.375000 -2.125767 146.666667
v 85.000000 -3.263250 146.666667
v -85.000000 -3.146813 133.333333
v -74.375000 -1.312044 133.333333
v -63.750000 -0.303542 133.333333
v -53.125000 -0.938471 133.333333
v -42.500000 -4.923564 133.333333
v -31.875000 -0.730377 133.333333
v -21.250000 -1.545430 133.333333
v -10.625000 -0.884630 133.333333
v 0.000000 -5.048186 133.333333
v 10.625000 -1.346689 133.333333
v 21.250000 -0.549102 133.333333
v 31.875000 -1.833422 133.333333
v 42.500000 -3.490422 133.333333
v 53.125000 -2.002137 133.333333
v 63.750000 0.768991 133.333333
v 74.375000 -1.666009 133.333333
v 85.000000 -3.013835 133.333333
v -85.000000 -2.902493 120.000000
v -74.375000 -0.828261 120.000000
v -63.750000 0.278825 120.000000
v -53.125000 -0.437028 120.000000
v -42.500000 -4.763236 120.000000
v -31.875000 -0.219097 120.000000
v -21.250000 -1.021770 120.000000
v -10.625000 -0.380642 120.000000
v 0.000000 -4.893750 120.000000
v 10.625000 -0.864544 120.000000
v 21.250000 0.021657 120.000000
v 31.875000 -1.374286 120.000000
v 42.500000 -3.262345 120.000000
v 53.125000 -1.550976 120.000000
v 63.750000 1.402060 120.000000
v 74.375000 -1.198959 120.000000
v 85.000000 -2.763228 120.000000
v -85.000000 -2.657200 106.666667
v -74.375000 -0.337029 106.666667
v -63.750000 0.871307 106.666667
v -53.125000 0.072341 106.666667
v -42.500000 -4.604207 106.666667
v -31.875000 0.300376 106.666667
v -21.250000 -0.489584 106.666667
v -10.625000 0.131342 106.666667
v 0.000000 -4.740771 106.666667
v 10.625000 -0.374994 106.666667
v 21.250000 0.602216 106.666667
v 31.875000 -0.908367 106.666667
v 42.500000 -3.033735 106.666667
v 53.125000 -1.093250 106.666667
v 63.750000 2.046615 106.666667
v 74.375000 -0.724912 106.666667
v 85.000000 -2.511479 106.666667
v -85.000000 -2.410971 93.333333
v -74.375000 0.161368 93.333333
v -63.750000 1.473519 93.333333
v -53.125000 0.589335 93.333333
v -42.500000 -4.446426 93.333333
v -31.875000 0.827729 93.333333
v -21.250000 0.050806 93.333333
v -10.625000 0.651016 93.333333
v 0.000000 -4.589194 93.333333
v 10.625000 0.121679 93.333333
v 21.250000 1.192204 93.333333
v 31.875000 -0.435925 93.333333
v 42.500000 -2.804610 93.333333
v 53.125000 -0.629206 93.333333
v 63.750000 2.702219 93.333333
v 74.375000 -0.244136 93.333333
v 85.000000 -2.258630 93.333333
v -85.000000 -2.163839 80.000000
v -74.375000 0.666674 80.000000
v -63.750000 2.085112 80.000000
v -53.125000 1.113682 80.000000
v -42.500000 -4.289849 80.000000
v -31.875000 1.362681 80.000000
v -21.250000 0.599104 80.000000
v -10.625000 1.178106 80.000000
v 0.000000 -4.438969 80.000000
v 10.625000 0.625219 80.000000
v 21.250000 1.791282 80.000000
v 31.875000 0.042808 80.000000
v 42.500000 -2.574991 80.000000
v 53.125000 -0.159071 80.000000
v 63.750000 3.368476 80.000000
v 74.375000 0.243130 80.000000
v 85.000000 -2.004720 80.000000
v -85.000000 -1.915834 66.666667
v -74.375000 1.178657 66.666667
v -63.750000 2.705772 66.666667
v -53.125000 1.645132 66.666667
v -42.500000 -4.134436 66.666667
v -31.875000 1.904975 66.666667
v -21.250000 1.155046 66.666667
v -10.625000 1.712362 66.666667
v 0.000000 -4.290050 66.666667
v 10.625000 1.135396 66.666667
v 21.250000 2.399145 66.666667
v 31.875000 0.527620 66.666667
v 42.500000 -2.344893 66.666667
v 53.125000 0.316948 66.666667
v 63.750000 4.045028 66.666667
v 74.375000 0.736666 66.666667
v 85.000000 -1.749786 66.666667
v -85.000000 -1.666986 53.333333
v -74.375000 1.697102 53.333333
v -63.750000 3.335207 53.333333
v -53.125000 2.183459 53.333333
v -42.500000 -3.980149 53.333333
v -31.875000 2.454378 53.333333
v -21.250000 1.718385 53.333333
v -10.625000 2.253555 53.333333
v 0.000000 -4.142396 53.333333
v 10.625000 1.651997 53.333333
v 21.250000 3.015511 53.333333
v 31.875000 1.018317 53.333333
v 42.500000 -2.114332 53.333333
v 53.125000 0.798666 53.333333
v 63.750000 4.731545 53.333333
v 74.375000 1.236273 53.333333
v 85.000000 -1.493860 53.333333
v -85.000000 -1.417319 40.000000
v -74.375000 2.221814 40.000000
v -63.750000 3.973151 40.000000
v -53.125000 2.728455 40.000000
v -42.500000 -3.826954 40.000000
v -31.875000 3.010673 40.000000
v -21.250000 2.288899 40.000000
v -10.625000 2.801475 40.000000
v 0.000000 -3.995968 40.000000
v 10.625000 2.174828 40.000000
v 21.250000 3.640122 40.000000
v 31.875000 1.514720 40.000000
v 42.500000 -1.883322 40.000000
v 53.125000 1.285908 40.000000
v 63.750000 5.427725 40.000000
v 74.375000 1.741766 40.000000
v 85.000000 -1.236973 40.000000
v -85.000000 -1.166856 26.666667
v -74.375000 2.752612 26.666667
v -63.750000 4.619360 26.666667
v -53.125000 3.279927 26.666667
v -42.500000 -3.674820 26.666667
v -31.875000 3.573661 26.666667
v -21.250000 2.866380 26.666667
v -10.625000 3.355926 26.666667
v 0.000000 -3.850731 26.666667
v 10.625000 2.703709 26.666667
v 21.250000 4.272741 26.666667
v 31.875000 2.016663 26.666667
v 42.500000 -1.651875 26.666667
v 53.125000 1.778515 26.666667
v 63.750000 6.133290 26.666667
v 74.375000 2.252974 26.666667
v 85.000000 -0.979151 26.666667
v -85.000000 -0.915621 13.333333
v -74.375000 3.289328 13.333333
v -63.750000 5.273605 13.333333
v -53.125000 3.837697 13.333333
v -42.500000 -3.523718 13.333333
v -31.875000 4.143158 13.333333
v -21.250000 3.450635 13.333333
v -10.625000 3.916730 13.333333
v 0.000000 -3.706652 13.333333
v 10.625000 3.238472 13.333333
v 21.250000 4.913147 13.333333
v 31.875000 2.523996 13.333333
v 42.500000 -1.420005 13.333333
v 53.125000 2.276339 13.333333
v 63.750000 6.847980 13.333333
v 74.375000 2.769742 13.333333
v 85.000000 -0.720421 13.333333
v -85.000000 -0.663632 0.000000
v -74.375000 3.831806 0.000000
v -63.750000 5.935675 0.000000
v -53.125000 4.401599 0.000000
v -42.500000 -3.373619 0.000000
v -31.875000 4.718993 0.000000
v -21.250000 4.041487 0.000000
v -10.625000 4.483720 0.000000
v 0.000000 -3.563700 0.000000
v 10.625000 3.778964 0.000000
v 21.250000 5.561136 0.000000
v 31.875000 3.036576 0.000000
v 42.500000 -1.187721 0.000000
v 53.125000 2.779243 0.000000
v 63.750000 7.571556 0.000000
v 74.375000 3.291922 0.000000
v 85.000000 -0.460807 0.000000
vt 0.000000 0.000000
vt 0.062500 0.000000
vt 0.062500 0.041667
vt 0.000000 0.041667
vt 0.000000 0.041667
vt 0.062500 0.041667
vt 0.062500 0.000000
vt 0.000000 0.000000
vt 0.062500 0.000000
vt 0.125000 0.000000
vt 0.125000 0.041667
vt 0.062500 0.041667
vt 0.062500 0.041667
vt 0.125000 0.041667
vt 0.125000 0.000000
vt 0.062500 0.000000
vt 0.125000 0.000000
vt 0.187500 0.000000
vt 0.187500 0.041667
vt 0.125000 0.041667
vt 0.125000 0.041667
vt 0.187500 0.041667
vt 0.187500 0.000000
vt 0.125000 0.000000
vt 0.187500 0.000000
vt 0.250000 0.000000
vt 0.250000 0.041667
vt 0.187500 0.041667
vt 0.187500 0.041667
vt 0.250000 0.041667
vt 0.250000 0.000000
vt 0.187500 0.000000
vt 0.250000 0.000000
vt 0.312500 0.000000
vt 0.312500 0.041667
vt 0.250000 0.041667
vt 0.250000 0.041667
vt 0.312500 0.041667
vt 0.312500 0.000000
vt 0.250000 0.000000
vt 0.312500 0.000000
vt 0.375000 0.000000
vt 0.375000 0.041667
vt 0.312500 0.041667
vt 0.312500 0.041667
vt 0.375000 0.041667
vt 0.375000 0.000000
vt 0.312500 0.000000
vt 0.375000 0.000000
vt 0.437500 0.000000
vt 0.437500 0.041667
vt 0.375000 0.041667
vt 0.375000 0.041667
vt 0.437500 0.041667
vt 0.437500 0.000000
vt 0.375000 0.000000
vt 0.437500 0.000000
vt 0.500000 0.000000
vt 0.500000 0.041667
vt 0.437500 0.041667
vt 0.437500 0.041667
vt 0.500000 0.041667
vt 0.500000 0.000000
vt 0.437500 0.000000
vt 0.500000 0.000000
vt 0.562500 0.000000
vt 0.562500 0.041667
vt 0.500000 0.041667
vt 0.500000 0.041667
vt 0.562500 0.041667
vt 0.562500 0.000000
vt 0.500000 0.000000
vt 0.562500 0.000000
vt 0.625000 0.000000
vt 0.625000 0.041667
vt 0.562500 0.041667
vt 0.562500 0.041667
vt 0.625000 0.041667
vt 0.625000 0.000000
vt 0.562500 0.000000
vt 0.625000 0.000000
vt 0.687500 0.000000
vt 0.687500 0.041667
vt 0.625000 0.041667
vt 0.625000 0.041667
vt 0.687500 0.041667
vt 0.687500 0.000000
vt 0.625000 0.000000
vt 0.687500 0.000000
vt 0.750000 0.000000
vt 0.750000 0.041667
vt 0.687500 0.041667
vt 0.687500 0.041667
vt 0.750000 0.041667
vt 0.750000 0.000000
vt 0.687500 0.000000
vt 0.750000 0.000000
vt 0.812500 0.000000
vt 0.812500 0.041667
vt 0.750000 0.041667
vt 0.750000 0.041667
vt 0.812500 0.041667
vt 0.812500 0.000000
vt 0.750000 0.000000
vt 0.812500 0.000000
vt 0.875000 0.000000
vt 0.875000 0.041667
vt 0.812500 0.041667
vt 0.812500 0.041667
vt 0.875000 0.041667
vt 0.875000 0.000000
vt 0.812500 0.000000
vt 0.875000 0.000000
vt 0.937500 0.000000
vt 0.937500 0.041667
vt 0.875000 0.041667
vt 0.875000 0.041667
vt 0.937500 0.041667
vt 0.937500 0.000000
vt 0.875000 0.000000
vt 0.937500 0.000000
vt 1.000000 0.000000
vt 1.000000 0.041667
vt 0.937500 0.041667
vt 0.937500 0.041667
vt 1.000000 0.041667
vt 1.000000 0.000000
vt 0.937500 0.000000
vt 0.000000 0.041667
vt 0.062500 0.041667
vt 0.062500 0.083333
vt 0.000000 0.083333
vt 0.000000 0.083333
vt 0.062500 0.083333
vt 0.062500 0.041667
vt 0.000000 0.041667
vt 0.062500 0.041667
vt 0.125000 0.041667
vt 0.125000 0.083333
vt 0.062500 0.083333
vt 0.062500 0.083333
vt 0.125000 0.083333
vt 0.125000 0.041667
vt 0.062500 0.041667
vt 0.125000 0.041667
vt 0.187500 0.041667
vt 0.187500 0.083333
vt 0.125000 0.083333
vt 0.125000 0.083333
vt 0.187500 0.083333
vt 0.187500 0.041667
vt 0.125000 0.041667
vt 0.187500 0.041667
vt 0.250000 0.041667
vt 0.250000 0.083333
vt 0.187500 0.083333
vt 0.187500 0.083333
vt 0.250000 0.083333
vt 0.250000 0.041667
vt 0.187500 0.041667
vt 0.250000 0.041667
vt 0.312500 0.041667
vt 0.312500 0.083333
vt 0.250000 0.083333
vt 0.250000 0.083333
vt 0.312500 0.083333
vt 0.312500 0.041667
vt 0.250000 0.041667
vt 0.312500 0.041667
vt 0.375000 0.041667
vt 0.375000 0.083333
vt 0.312500 0.083333
vt 0.312500 0.083333
vt 0.375000 0.083333
vt 0.375000 0.041667
vt 0.312500 0.041667
vt 0.375000 0.041667
vt 0.437500 0.041667
vt 0.437500 0.083333
vt 0.375000 0.083333
vt 0.375000 0.083333
vt 0.437500 0.083333
vt 0.437500 0.041667
vt 0.375000 0.041667
vt 0.437500 0.041667
vt 0.500000 0.041667
vt 0.500000 0.083333
vt 0.437500 0.083333
vt 0.437500 0.083333
vt 0.500000 0.083333
vt 0.500000 0.041667
vt 0.437500 0.041667
vt 0.500000 0.041667
vt 0.562500 0.041667
vt 0.562500 0.083333
vt 0.500000 0.083333
vt 0.500000 0.083333
vt 0.562500 0.083333
vt 0.562500 0.041667
vt 0.500000 0.041667
vt 0.562500 0.041667
vt 0.625000 0.041667
vt 0.625000 0.083333
vt 0.562500 0.083333
vt 0.562500 0.083333
vt 0.625000 0.083333
vt 0.625000 0.041667
vt 0.562500 0.041667
vt 0.625000 0.041667
vt 0.687500 0.041667
vt 0.687500 0.083333
vt 0.625000 0.083333
vt 0.625000 0.083333
vt 0.687500 0.083333
vt 0.687500 0.041667
vt 0.625000 0.041667
vt 0.687500 0.041667
vt 0.750000 0.041667
vt 0.750000 0.083333
vt 0.687500 0.083333
vt 0.687500 0.083333
vt 0.750000 0.083333
vt 0.750000 0.041667
vt 0.687500 0.041667
vt 0.750000 0.041667
vt 0.812500 0.041667
vt 0.812500 0.083333
vt 0.750000 0.083333
vt 0.750000 0.083333
vt 0.812500 0.083333
vt 0.812500 0.041667
vt 0.750000 0.041667
vt 0.812500 0.041667
vt 0.875000 0.041667
vt 0.875000 0.083333
vt 0.812500 0.083333
vt 0.812500 0.083333
vt 0.875000 0.083333
vt 0.875000 0.041667
vt 0.812500 0.041667
vt 0.875000 0.041667
vt 0.937500 0.041667
vt 0.937500 0.083333
vt 0.875000 0.083333
vt 0.875000 0.083333
vt 0.937500 0.083333
vt 0.937500 0.041667
vt 0.875000 0.041667
vt 0.937500 0.041667
vt 1.000000 0.041667
vt 1.000000 0.083333
vt 0.937500 0.083333
vt 0.937500 0.083333
vt 1.000000 0.083333
vt 1.000000 0.041667
vt 0.937500 0.041667
vt 0.000000 0.083333
vt 0.062500 0.083333
vt 0.062500 0.125000
vt 0.000000 0.125000
vt 0.000000 0.125000
vt 0.062500 0.125000
vt 0.062500 0.083333
vt 0.000000 0.083333
vt 0.062500 0.083333
vt 0.125000 0.083333
vt 0.125000 0.125000
vt 0.062500 0.125000
vt 0.062500 0.125000
vt 0.125000 0.125000
vt 0.125000 0.083333
vt 0.062500 0.083333
vt 0.125000 0.083333
vt 0.187500 0.083333
vt 0.187500 0.125000
vt 0.125000 0.125000
vt 0.125000 0.125000
vt 0.187500 0.125000
vt 0.187500 0.083333
vt 0.125000 0.083333
vt 0.187500 0.083333
vt 0.250000 0.083333
vt 0.250000 0.125000
vt 0.187500 0.125000
vt 0.187500 0.125000
vt 0.250000 0.125000
vt 0.250000 0.083333
vt 0.187500 0.083333
vt 0.250000 0.083333
vt 0.312500 0.083333
vt 0.312500 0.125000
vt 0.250000 0.125000
vt 0.250000 0.125000
vt 0.312500 0.125000
vt 0.312500 0.083333
vt 0.250000 0.083333
vt 0.312500 0.083333
vt 0.375000 0.083333
vt 0.375000 0.125000
vt 0.312500 0.125000
vt 0.312500 0.125000
vt 0.375000 0.125000
vt 0.375000 0.083333
vt 0.312500 0.083333
vt 0.375000 0.083333
vt 0.437500 0.083333
vt 0.437500 0.125000
vt 0.375000 0.125000
vt 0.375000 0.125000
vt 0.437500 0.125000
vt 0.437500 0.083333
vt 0.375000 0.083333
vt 0.437500 0.083333
vt 0.500000 0.083333
vt 0.500000 0.125000
vt 0.437500 0.125000
vt 0.437500 0.125000
vt 0.500000 0.125000
vt 0.500000 0.083333
vt 0.437500 0.083333
vt 0.500000 0.083333
vt 0.562500 0.083333
vt 0.562500 0.125000
vt 0.500000 0.125000
vt 0.500000 0.125000
vt 0.562500 0.125000
vt 0.562500 0.083333
vt 0.500000 0.083333
vt 0.562500 0.083333
vt 0.625000 0.083333
vt 0.625000 0.125000
vt 0.562500 0.125000
vt 0.562500 0.125000
vt 0.625000 0.125000
vt 0.625000 0.083333
vt 0.562500 0.083333
vt 0.625000 0.083333
vt 0.687500 0.083333
vt 0.687500 0.125000
vt 0.625000 0.125000
vt 0.625000 0.125000
vt 0.687500 0.125000
vt 0.687500 0.083333
vt 0.625000 0.083333
vt 0.687500 0.083333
vt 0.750000 0.083333
vt 0.750000 0.125000
vt 0.687500 0.125000
vt 0.687500 0.125000
vt 0.750000 0.125000
vt 0.750000 0.083333
vt 0.687500 0.083333
vt 0.750000 0.083333
vt 0.812500 0.083333
vt 0.812500 0.125000
vt 0.750000 0.125000
vt 0.750000 0.125000
vt 0.812500 0.125000
vt 0.812500 0.083333
vt 0.750000 0.083333
vt 0.812500 0.083333
vt 0.875000 0.083333
vt 0.875000 0.125000
vt 0.812500 0.125000
vt 0.812500 0.125000
vt 0.875000 0.125000
vt 0.875000 0.083333
vt 0.812500 0.083333
vt 0.875000 0.083333
vt 0.937500 0.083333
vt 0.937500 0.125000
vt 0.875000 0.125000
vt 0.875000 0.125000
vt 0.937500 0.125000
vt 0.937500 0.083333
vt 0.875000 0.083333
vt 0.937500 0.083333
vt 1.000000 0.083333
vt 1.000000 0.125000
vt 0.937500 0.125000
vt 0.937500 0.125000
vt 1.000000 0.125000
vt 1.000000 0.083333
vt 0.937500 0.083333
vt 0.000000 0.125000
vt 0.062500 0.125000
vt 0.062500 0.166667
vt 0.000000 0.166667
vt 0.000000 0.166667
vt 0.062500 0.166667
vt 0.062500 0.125000
vt 0.000000 0.125000
vt 0.062500 0.125000
vt 0.125000 0.125000
vt 0.125000 0.166667
vt 0.062500 0.166667
vt 0.062500 0.166667
vt 0.125000 0.166667
vt 0.125000 0.125000
vt 0.062500 0.125000
vt 0.125000 0.125000
vt 0.187500 0.125000
vt 0.187500 0.166667
vt 0.125000 0.166667
vt 0.125000 0.166667
vt 0.187500 0.166667
vt 0.187500 0.125000
vt 0.125000 0.125000
vt 0.187500 0.125000
vt 0.250000 0.125000
vt 0.250000 0.166667
vt 0.187500 0.166667
vt 0.187500 0.166667
vt 0.250000 0.166667
vt 0.250000 0.125000
vt 0.187500 0.125000
vt 0.250000 0.125000
vt 0.312500 0.125000
vt 0.312500 0.166667
vt 0.250000 0.166667
vt 0.250000 0.166667
vt 0.312500 0.166667
vt 0.312500 0.125000
vt 0.250000 0.125000
vt 0.312500 0.125000
vt 0.375000 0.125000
vt 0.375000 0.166667
vt 0.312500 0.166667
vt 0.312500 0.166667
vt 0.375000 0.166667
vt 0.375000 0.125000
vt 0.312500 0.125000
vt 0.375000 0.125000
vt 0.437500 0.125000
vt 0.437500 0.166667
vt 0.375000 0.166667
vt 0.375000 0.166667
vt 0.437500 0.166667
vt 0.437500 0.125000
vt 0.375000 0.125000
vt 0.437500 0.125000
vt 0.500000 0.125000
vt 0.500000 0.166667
vt 0.437500 0.166667
vt 0.437500 0.166667
vt 0.500000 0.166667
vt 0.500000 0.125000
vt 0.437500 0.125000
vt 0.500000 0.125000
vt 0.562500 0.125000
vt 0.562500 0.166667
vt 0.500000 0.166667
vt 0.500000 0.166667
vt 0.562500 0.166667
vt 0.562500 0.125000
vt 0.500000 0.125000
vt 0.562500 0.125000
vt 0.625000 0.125000
vt 0.625000 0.166667
vt 0.562500 0.166667
vt 0.562500 0.166667
vt 0.625000 0.166667
vt 0.625000 0.125000
vt 0.562500 0.125000
vt 0.625000 0.125000
vt 0.687500 0.125000
vt 0.687500 0.166667
vt 0.625000 0.166667
vt 0.625000 0.166667
vt 0.687500 0.166667
vt 0.687500 0.125000
vt 0.625000 0.125000
vt 0.687500 0.125000
vt 0.750000 0.125000
vt 0.750000 0.166667
vt 0.687500 0.166667
vt 0.687500 0.166667
vt 0.750000 0.166667
vt 0.750000 0.125000
vt 0.687500 0.125000
vt 0.750000 0.125000
vt 0.812500 0.125000
vt 0.812500 0.166667
vt 0.750000 0.166667
vt 0.750000 0.166667
vt 0.812500 0.166667
vt 0.812500 0.125000
vt 0.750000 0.125000
vt 0.812500 0.125000
vt 0.875000 0.125000
vt 0.875000 0.166667
vt 0.812500 0.166667
vt 0.812500 0.166667
vt 0.875000 0.166667
vt 0.875000 0.125000
vt 0.812500 0.125000
vt 0.875000 0.125000
vt 0.937500 0.125000
vt 0.937500 0.166667
vt 0.875000 0.166667
vt 0.875000 0.166667
vt 0.937500 0.166667
vt 0.937500 0.125000
vt 0.875000 0.125000
vt 0.937500 0.125000
vt 1.000000 0.125000
vt 1.000000 0.166667
vt 0.937500 0.166667
vt 0.937500 0.166667
vt 1.000000 0.166667
vt 1.000000 0.125000
vt 0.937500 0.125000
vt 0.000000 0.166667
vt 0.062500 0.166667
vt 0.062500 0.208333
vt 0.000000 0.208333
vt 0.000000 0.208333
vt 0.062500 0.208333
vt 0.062500 0.166667
vt 0.000000 0.166667
vt 0.062500 0.166667
vt 0.125000 0.166667
vt 0.125000 0.208333
vt 0.062500 0.208333
vt 0.062500 0.208333
vt 0.125000 0.208333
vt 0.125000 0.166667
vt 0.062500 0.166667
vt 0.125000 0.166667
vt 0.187500 0.166667
vt 0.187500 0.208333
vt 0.125000 0.208333
vt 0.125000 0.208333
vt 0.187500 0.208333
vt 0.187500 0.166667
vt 0.125000 0.166667
vt 0.187500 0.166667
vt 0.250000 0.166667
vt 0.250000 0.208333
vt 0.187500 0.208333
vt 0.187500 0.208333
vt 0.250000 0.208333
vt 0.250000 0.166667
vt 0.187500 0.166667
vt 0.250000 0.166667
vt 0.312500 0.166667
vt 0.312500 0.208333
vt 0.250000 0.208333
vt 0.250000 0.208333
vt 0.312500 0.208333
vt 0.312500 0.166667
vt 0.250000 0.166667
vt 0.312500 0.166667
vt 0.375000 0.166667
vt 0.375000 0.208333
vt 0.312500 0.208333
vt 0.312500 0.208333
vt 0.375000 0.208333
vt 0.375000 0.166667
vt 0.312500 0.166667
vt 0.375000 0.166667
vt 0.437500 0.166667
vt 0.437500 0.208333
vt 0.375000 0.208333
vt 0.375000 0.208333
vt 0.437500 0.208333
vt 0.437500 0.166667
vt 0.375000 0.166667
vt 0.437500 0.166667
vt 0.500000 0.166667
vt 0.500000 0.208333
vt 0.437500 0.208333
vt 0.437500 0.208333
vt 0.500000 0.208333
vt 0.500000 0.166667
vt 0.437500 0.166667
vt 0.500000 0.166667
vt 0.562500 0.166667
vt 0.562500 0.208333
vt 0.500000 0.208333
vt 0.500000 0.208333
vt 0.562500 0.208333
vt 0.562500 0.166667
vt 0.500000 0.166667
vt 0.562500 0.166667
vt 0.625000 0.166667
vt 0.625000 0.208333
vt 0.562500 0.208333
vt 0.562500 0.208333
vt 0.625000 0.208333
vt 0.625000 0.166667
vt 0.562500 0.166667
vt 0.625000 0.166667
vt 0.687500 0.166667
vt 0.687500 0.208333
vt 0.625000 0.208333
vt 0.625000 0.208333
vt 0.687500 0.208333
vt 0.687500 0.166667
vt 0.625000 0.166667
vt 0.687500 0.166667
vt 0.750000 0.166667
vt 0.750000 0.208333
vt 0.687500 0.208333
vt 0.687500 0.208333
vt 0.750000 0.208333
vt 0.750000 0.166667
vt 0.687500 0.166667
vt 0.750000 0.166667
vt 0.812500 0.166667
vt 0.812500 0.208333
vt 0.750000 0.208333
vt 0.750000 0.208333
vt 0.812500 0.208333
vt 0.812500 0.166667
vt 0.750000 0.166667
vt 0.812500 0.166667
vt 0.875000 0.166667
vt 0.875000 0.208333
vt 0.812500 0.208333
vt 0.812500 0.208333
vt 0.875000 0.208333
vt 0.875000 0.166667
vt 0.812500 0.166667
vt 0.875000 0.166667
vt 0.937500 0.166667
vt 0.937500 0.208333
vt 0.875000 0.208333
vt 0.875000 0.208333
vt 0.937500 0.208333
vt 0.937500 0.166667
vt 0.875000 0.166667
vt 0.937500 0.166667
vt 1.000000 0.166667
vt 1.000000 0.208333
vt 0.937500 0.208333
vt 0.937500 0.208333
vt 1.000000 0.208333
vt 1.000000 0.166667
vt 0.937500 0.166667
vt 0.000000 0.208333
vt 0.062500 0.208333
vt 0.062500 0.250000
vt 0.000000 0.250000
vt 0.000000 0.250000
vt 0.062500 0.250000
vt 0.062500 0.208333
vt 0.000000 0.208333
vt 0.062500 0.208333
vt 0.125000 0.208333
vt 0.125000 0.250000
vt 0.062500 0.250000
vt 0.062500 0.250000
vt 0.125000 0.250000
vt 0.125000 0.208333
vt 0.062500 0.208333
vt 0.125000 0.208333
vt 0.187500 0.208333
vt 0.187500 0.250000
vt 0.125000 0.250000
vt 0.125000 0.250000
vt 0.187500 0.250000
vt 0.187500 0.208333
vt 0.125000 0.208333
vt 0.187500 0.208333
vt 0.250000 0.208333
vt 0.250000 0.250000
vt 0.187500 0.250000
vt 0.187500 0.250000
vt 0.250000 0.250000
vt 0.250000 0.208333
vt 0.187500 0.208333
vt 0.250000 0.208333
vt 0.312500 0.208333
vt 0.312500 0.250000
vt 0.250000 0.250000
vt 0.250000 0.250000
vt 0.312500 0.250000
vt 0.312500 0.208333
vt 0.250000 0.208333
vt 0.312500 0.208333
vt 0.375000 0.208333
vt 0.375000 0.250000
vt 0.312500 0.250000
vt 0.312500 0.250000
vt 0.375000 0.250000
vt 0.375000 0.208333
vt 0.312500 0.208333
vt 0.375000 0.208333
vt 0.437500 0.208333
vt 0.437500 0.250000
vt 0.375000 0.250000
vt 0.375000 0.250000
vt 0.437500 0.250000
vt 0.437500 0.208333
vt 0.375000 0.208333
vt 0.437500 0.208333
vt 0.500000 0.208333
vt 0.500000 0.250000
vt 0.437500 0.250000
vt 0.437500 0.250000
vt 0.500000 0.250000
vt 0.500000 0.208333
vt 0.437500 0.208333
vt 0.500000 0.208333
vt 0.562500 0.208333
vt 0.562500 0.250000
vt 0.500000 0.250000
vt 0.500000 0.250000
vt 0.562500 0.250000
vt 0.562500 0.208333
vt 0.500000 0.208333
vt 0.562500 0.208333
vt 0.625000 0.208333
vt 0.625000 0.250000
vt 0.562500 0.250000
vt 0.562500 0.250000
vt 0.625000 0.250000
vt 0.625000 0.208333
vt 0.562500 0.208333
vt 0.625000 0.208333
vt 0.687500 0.208333
vt 0.687500 0.250000
vt 0.625000 0.250000
vt 0.625000 0.250000
vt 0.687500 0.250000
vt 0.687500 0.208333
vt 0.625000 0.208333
vt 0.687500 0.208333
vt 0.750000 0.208333
vt 0.750000 0.250000
vt 0.687500 0.250000
vt 0.687500 0.250000
vt 0.750000 0.250000
vt 0.750000 0.208333
vt 0.687500 0.208333
vt 0.750000 0.208333
vt 0.812500 0.208333
vt 0.812500 0.250000
vt 0.750000 0.250000
vt 0.750000 0.250000
vt 0.812500 0.250000
vt 0.812500 0.208333
vt 0.750000 0.208333
vt 0.812500 0.208333
vt 0.875000 0.208333
vt 0.875000 0.250000
vt 0.812500 0.250000
vt 0.812500 0.250000
vt 0.875000 0.250000
vt 0.875000 0.208333
vt 0.812500 0.208333
vt 0.875000 0.208333
vt 0.937500 0.208333
vt 0.937500 0.250000
vt 0.875000 0.250000
vt 0.875000 0.250000
vt 0.937500 0.250000
vt 0.937500 0.208333
vt 0.875000 0.208333
vt 0.937500 0.208333
vt 1.000000 0.208333
vt 1.000000 0.250000
vt 0.937500 0.250000
vt 0.937500 0.250000
vt 1.000000 0.250000
vt 1.000000 0.208333
vt 0.937500 0.208333
vt 0.000000 0.250000
vt 0.062500 0.250000
vt 0.062500 0.291667
vt 0.000000 0.291667
vt 0.000000 0.291667
vt 0.062500 0.291667
vt 0.062500 0.250000
vt 0.000000 0.250000
vt 0.062500 0.250000
vt 0.125000 0.250000
vt 0.125000 0.291667
vt 0.062500 0.291667
vt 0.062500 0.291667
vt 0.125000 0.291667
vt 0.125000 0.250000
vt 0.062500 0.250000
vt 0.125000 0.250000
vt 0.187500 0.250000
vt 0.187500 0.291667
vt 0.125000 0.291667
vt 0.125000 0.291667
vt 0.187500 0.291667
vt 0.187500 0.250000
vt 0.125000 0.250000
vt 0.187500 0.250000
vt 0.250000 0.250000
vt 0.250000 0.291667
vt 0.187500 0.291667
vt 0.187500 0.291667
vt 0.250000 0.291667
vt 0.250000 0.250000
vt 0.187500 0.250000
vt 0.250000 0.250000
vt 0.312500 0.250000
vt 0.312500 0.291667
vt 0.250000 0.291667
vt 0.250000 0.291667
vt 0.312500 0.291667
vt 0.312500 0.250000
vt 0.250000 0.250000
vt 0.312500 0.250000
vt 0.375000 0.250000
vt 0.375000 0.291667
vt 0.312500 0.291667
vt 0.312500 0.291667
vt 0.375000 0.291667
vt 0.375000 0.250000
vt 0.312500 0.250000
vt 0.375000 0.250000
vt 0.437500 0.250000
vt 0.437500 0.291667
vt 0.375000 0.291667
vt 0.375000 0.291667
vt 0.437500 0.291667
vt 0.437500 0.250000
vt 0.375000 0.250000
vt 0.437500 0.250000
vt 0.500000 0.250000
vt 0.500000 0.291667
vt 0.437500 0.291667
vt 0.437500 0.291667
vt 0.500000 0.291667
vt 0.500000 0.250000
vt 0.437500 0.250000
vt 0.500000 0.250000
vt 0.562500 0.250000
vt 0.562500 0.291667
vt 0.500000 0.291667
vt 0.500000 0.291667
vt 0.562500 0.291667
vt 0.562500 0.250000
vt 0.500000 0.250000
vt 0.562500 0.250000
vt 0.625000 0.250000
vt 0.625000 0.291667
vt 0.562500 0.291667
vt 0.562500 0.291667
vt 0.625000 0.291667
vt 0.625000 0.250000
vt 0.562500 0.250000
vt 0.625000 0.250000
vt 0.687500 0.250000
vt 0.687500 0.291667
vt 0.625000 0.291667
vt 0.625000 0.291667
vt 0.687500 0.291667
vt 0.687500 0.250000
vt 0.625000 0.250000
vt 0.687500 0.250000
vt 0.750000 0.250000
vt 0.750000 0.291667
vt 0.687500 0.291667
vt 0.687500 0.291667
vt 0.750000 0.291667
vt 0.750000 0.250000
vt 0.687500 0.250000
vt 0.750000 0.250000
vt 0.812500 0.250000
vt 0.812500 0.291667
vt 0.750000 0.291667
vt 0.750000 0.291667
vt 0.812500 0.291667
vt 0.812500 0.250000
vt 0.750000 0.250000
vt 0.812500 0.250000
vt 0.875000 0.250000
vt 0.875000 0.291667
vt 0.812500 0.291667
vt 0.812500 0.291667
vt 0.875000 0.291667
vt 0.875000 0.250000
vt 0.812500 0.250000
vt 0.875000 0.250000
vt 0.937500 0.250000
vt 0.937500 0.291667
vt 0.875000 0.291667
vt 0.875000 0.291667
vt 0.937500 0.291667
vt 0.937500 0.250000
vt 0.875000 0.250000
vt 0.937500 0.250000
vt 1.000000 0.250000
vt 1.000000 0.291667
vt 0.937500 0.291667
vt 0.937500 0.291667
vt 1.000000 0.291667
vt 1.000000 0.250000
vt 0.937500 0.250000
vt 0.000000 0.291667
vt 0.062500 0.291667
vt 0.062500 0.333333
vt 0.000000 0.333333
vt 0.000000 0.333333
vt 0.062500 0.333333
vt 0.062500 0.291667
vt 0.000000 0.291667
vt 0.062500 0.291667
vt 0.125000 0.291667
vt 0.125000 0.333333
vt 0.062500 0.333333
vt 0.062500 0.333333
vt 0.125000 0.333333
vt 0.125000 0.291667
vt 0.062500 0.291667
vt 0.125000 0.291667
vt 0.187500 0.291667
vt 0.187500 0.333333
vt 0.125000 0.333333
vt 0.125000 0.333333
vt 0.187500 0.333333
vt 0.187500 0.291667
vt 0.125000 0.291667
vt 0.187500 0.291667
vt 0.250000 0.291667
vt 0.250000 0.333333
vt 0.187500 0.333333
vt 0.187500 0.333333
vt 0.250000 0.333333
vt 0.250000 0.291667
vt 0.187500 0.291667
vt 0.250000 0.291667
vt 0.312500 0.291667
vt 0.312500 0.333333
vt 0.250000 0.333333
vt 0.250000 0.333333
vt 0.312500 0.333333
vt 0.312500 0.291667
vt 0.250000 0.291667
vt 0.312500 0.291667
vt 0.375000 0.291667
vt 0.375000 0.333333
vt 0.312500 0.333333
vt 0.312500 0.333333
vt 0.375000 0.333333
vt 0.375000 0.291667
vt 0.312500 0.291667
vt 0.375000 0.291667
vt 0.437500 0.291667
vt 0.437500 0.333333
vt 0.375000 0.333333
vt 0.375000 0.333333
vt 0.437500 0.333333
vt 0.437500 0.291667
vt 0.375000 0.291667
vt 0.437500 0.291667
vt 0.500000 0.291667
vt 0.500000 0.333333
vt 0.437500 0.333333
vt 0.437500 0.333333
vt 0.500000 0.333333
vt 0.500000 0.291667
vt 0.437500 0.291667
vt 0.500000 0.291667
vt 0.562500 0.291667
vt 0.562500 0.333333
vt 0.500000 0.333333
vt 0.500000 0.333333
vt 0.562500 0.333333
vt 0.562500 0.291667
vt 0.500000 0.291667
vt 0.562500 0.291667
vt 0.625000 0.291667
vt 0.625000 0.333333
vt 0.562500 0.333333
vt 0.562500 0.333333
vt 0.625000 0.333333
vt 0.625000 0.291667
vt 0.562500 0.291667
vt 0.625000 0.291667
vt 0.687500 0.291667
vt 0.687500 0.333333
vt 0.625000 0.333333
vt 0.625000 0.333333
vt 0.687500 0.333333
vt 0.687500 0.291667
vt 0.625000 0.291667
vt 0.687500 0.291667
vt 0.750000 0.291667
vt 0.750000 0.333333
vt 0.687500 0.333333
vt 0.687500 0.333333
vt 0.750000 0.333333
vt 0.750000 0.291667
vt 0.687500 0.291667
vt 0.750000 0.291667
vt 0.812500 0.291667
vt 0.812500 0.333333
vt 0.750000 0.333333
vt 0.750000 0.333333
vt 0.812500 0.333333
vt 0.812500 0.291667
vt 0.750000 0.291667
vt 0.812500 0.291667
vt 0.875000 0.291667
vt 0.875000 0.333333
vt 0.812500 0.333333
vt 0.812500 0.333333
vt 0.875000 0.333333
vt 0.875000 0.291667
vt 0.812500 0.291667
vt 0.875000 0.291667
vt 0.937500 0.291667
vt 0.937500 0.333333
vt 0.875000 0.333333
vt 0.875000 0.333333
vt 0.937500 0.333333
vt 0.937500 0.291667
vt 0.875000 0.291667
vt 0.937500 0.291667
vt 1.000000 0.291667
vt 1.000000 0.333333
vt 0.937500 0.333333
vt 0.937500 0.333333
vt 1.000000 0.333333
vt 1.000000 0.291667
vt 0.937500 0.291667
vt 0.000000 0.333333
vt 0.062500 0.333333
vt 0.062500 0.375000
vt 0.000000 0.375000
vt 0.000000 0.375000
vt 0.062500 0.375000
vt 0.062500 0.333333
vt 0.000000 0.333333
vt 0.062500 0.333333
vt 0.125000 0.333333
vt 0.125000 0.375000
vt 0.062500 0.375000
vt 0.062500 0.375000
vt 0.125000 0.375000
vt 0.125000 0.333333
vt 0.062500 0.333333
vt 0.125000 0.333333
vt 0.187500 0.333333
vt 0.187500 0.375000
vt 0.125000 0.375000
vt 0.125000 0.375000
vt 0.187500 0.375000
vt 0.187500 0.333333
vt 0.125000 0.333333
vt 0.187500 0.333333
vt 0.250000 0.333333
vt 0.250000 0.375000
vt 0.187500 0.375000
vt 0.187500 0.375000
vt 0.250000 0.375000
vt 0.250000 0.333333
vt 0.187500 0.333333
vt 0.250000 0.333333
vt 0.312500 0.333333
vt 0.312500 0.375000
vt 0.250000 0.375000
vt 0.250000 0.375000
vt 0.312500 0.375000
vt 0.312500 0.333333
vt 0.250000 0.333333
vt 0.312500 0.333333
vt 0.375000 0.333333
vt 0.375000 0.375000
vt 0.312500 0.375000
vt 0.312500 0.375000
vt 0.375000 0.375000
vt 0.375000 0.333333
vt 0.312500 0.333333
vt 0.375000 0.333333
vt 0.437500 0.333333
vt 0.437500 0.375000
vt 0.375000 0.375000
vt 0.375000 0.375000
vt 0.437500 0.375000
vt 0.437500 0.333333
vt 0.375000 0.333333
vt 0.437500 0.333333
vt 0.500000 0.333333
vt 0.500000 0.375000
vt 0.437500 0.375000
vt 0.437500 0.375000
vt 0.500000 0.375000
vt 0.500000 0.333333
vt 0.437500 0.333333
vt 0.500000 0.333333
vt 0.562500 0.333333
vt 0.562500 0.375000
vt 0.500000 0.375000
vt 0.500000 0.375000
vt 0.562500 0.375000
vt 0.562500 0.333333
vt 0.500000 0.333333
vt 0.562500 0.333333
vt 0.625000 0.333333
vt 0.625000 0.375000
vt 0.562500 0.375000
vt 0.562500 0.375000
vt 0.625000 0.375000
vt 0.625000 0.333333
vt 0.562500 0.333333
vt 0.625000 0.333333
vt 0.687500 0.333333
vt 0.687500 0.375000
vt 0.625000 0.375000
vt 0.625000 0.375000
vt 0.687500 0.375000
vt 0.687500 0.333333
vt 0.625000 0.333333
vt 0.687500 0.333333
vt 0.750000 0.333333
vt 0.750000 0.375000
vt 0.687500 0.375000
vt 0.687500 0.375000
vt 0.750000 0.375000
vt 0.750000 0.333333
vt 0.687500 0.333333
vt 0.750000 0.333333
vt 0.812500 0.333333
vt 0.812500 0.375000
vt 0.750000 0.375000
vt 0.750000 0.375000
vt 0.812500 0.375000
vt 0.812500 0.333333
vt 0.750000 0.333333
vt 0.812500 0.333333
vt 0.875000 0.333333
vt 0.875000 0.375000
vt 0.812500 0.375000
vt 0.812500 0.375000
vt 0.875000 0.375000
vt 0.875000 0.333333
vt 0.812500 0.333333
vt 0.875000 0.333333
vt 0.937500 0.333333
vt 0.937500 0.375000
vt 0.875000 0.375000
vt 0.875000 0.375000
vt 0.937500 0.375000
vt 0.937500 0.333333
vt 0.875000 0.333333
vt 0.937500 0.333333
vt 1.000000 0.333333
vt 1.000000 0.375000
vt 0.937500 0.375000
vt 0.937500 0.375000
vt 1.000000 0.375000
vt 1.000000 0.333333
vt 0.937500 0.333333
vt 0.000000 0.375000
vt 0.062500 0.375000
vt 0.062500 0.416667
vt 0.000000 0.416667
vt 0.000000 0.416667
vt 0.062500 0.416667
vt 0.062500 0.375000
vt 0.000000 0.375000
vt 0.062500 0.375000
vt 0.125000 0.375000
vt 0.125000 0.416667
vt 0.062500 0.416667
vt 0.062500 0.416667
vt 0.125000 0.416667
vt 0.125000 0.375000
vt 0.062500 0.375000
vt 0.125000 0.375000
vt 0.187500 0.375000
vt 0.187500 0.416667
vt 0.125000 0.416667
vt 0.125000 0.416667
vt 0.187500 0.416667
vt 0.187500 0.375000
vt 0.125000 0.375000
vt 0.187500 0.375000
vt 0.250000 0.375000
vt 0.250000 0.416667
vt 0.187500 0.416667
vt 0.187500 0.416667
vt 0.250000 0.416667
vt 0.250000 0.375000
vt 0.187500 0.375000
vt 0.250000 0.375000
vt 0.312500 0.375000
vt 0.312500 0.416667
vt 0.250000 0.416667
vt 0.250000 0.416667
vt 0.312500 0.416667
vt 0.312500 0.375000
vt 0.250000 0.375000
vt 0.312500 0.375000
vt 0.375000 0.375000
vt 0.375000 0.416667
vt 0.312500 0.416667
vt 0.312500 0.416667
vt 0.375000 0.416667
vt 0.375000 0.375000
vt 0.312500 0.375000
vt 0.375000 0.375000
vt 0.437500 0.375000
vt 0.437500 0.416667
vt 0.375000 0.416667
vt 0.375000 0.416667
vt 0.437500 0.416667
vt 0.437500 0.375000
vt 0.375000 0.375000
vt 0.437500 0.375000
vt 0.500000 0.375000
vt 0.500000 0.416667
vt 0.437500 0.416667
vt 0.437500 0.416667
vt 0.500000 0.416667
vt 0.500000 0.375000
vt 0.437500 0.375000
vt 0.500000 0.375000
vt 0.562500 0.375000
vt 0.562500 0.416667
vt 0.500000 0.416667
vt 0.500000 0.416667
vt 0.562500 0.416667
vt 0.562500 0.375000
vt 0.500000 0.375000
vt 0.562500 0.375000
vt 0.625000 0.375000
vt 0.625000 0.416667
vt 0.562500 0.416667
vt 0.562500 0.416667
vt 0.625000 0.416667
vt 0.625000 0.375000
vt 0.562500 0.375000
vt 0.625000 0.375000
vt 0.687500 0.375000
vt 0.687500 0.416667
vt 0.625000 0.416667
vt 0.625000 0.416667
vt 0.687500 0.416667
vt 0.687500 0.375000
vt 0.625000 0.375000
vt 0.687500 0.375000
vt 0.750000 0.375000
vt 0.750000 0.416667
vt 0.687500 0.416667
vt 0.687500 0.416667
vt 0.750000 0.416667
vt 0.750000 0.375000
vt 0.687500 0.375000
vt 0.750000 0.375000
vt 0.812500 0.375000
vt 0.812500 0.416667
vt 0.750000 0.416667
vt 0.750000 0.416667
vt 0.812500 0.416667
vt 0.812500 0.375000
vt 0.750000 0.375000
vt 0.812500 0.375000
vt 0.875000 0.375000
vt 0.875000 0.416667
vt 0.812500 0.416667
vt 0.812500 0.416667
vt 0.875000 0.416667
vt 0.875000 0.375000
vt 0.812500 0.375000
vt 0.875000 0.375000
vt 0.937500 0.375000
vt 0.937500 0.416667
vt 0.875000 0.416667
vt 0.875000 0.416667
vt 0.937500 0.416667
vt 0.937500 0.375000
vt 0.875000 0.375000
vt 0.937500 0.375000
vt 1.000000 0.375000
vt 1.000000 0.416667
vt 0.937500 0.416667
vt 0.937500 0.416667
vt 1.000000 0.416667
vt 1.000000 0.375000
vt 0.937500 0.375000
vt 0.000000 0.416667
vt 0.062500 0.416667
vt 0.062500 0.458333
vt 0.000000 0.458333
vt 0.000000 0.458333
vt 0.062500 0.458333
vt 0.062500 0.416667
vt 0.000000 0.416667
vt 0.062500 0.416667
vt 0.125000 0.416667
vt 0.125000 0.458333
vt 0.062500 0.458333
vt 0.062500 0.458333
vt 0.125000 0.458333
vt 0.125000 0.416667
vt 0.062500 0.416667
vt 0.125000 0.416667
vt 0.187500 0.416667
vt 0.187500 0.458333
vt 0.125000 0.458333
vt 0.125000 0.458333
vt 0.187500 0.458333
vt 0.187500 0.416667
vt 0.125000 0.416667
vt 0.187500 0.416667
vt 0.250000 0.416667
vt 0.250000 0.458333
vt 0.187500 0.458333
vt 0.187500 0.458333
vt 0.250000 0.458333
vt 0.250000 0.416667
vt 0.187500 0.416667
vt 0.250000 0.416667
vt 0.312500 0.416667
vt 0.312500 0.458333
vt 0.250000 0.458333
vt 0.250000 0.458333
vt 0.312500 0.458333
vt 0.312500 0.416667
vt 0.250000 0.416667
vt 0.312500 0.416667
vt 0.375000 0.416667
vt 0.375000 0.458333
vt 0.312500 0.458333
vt 0.312500 0.458333
vt 0.375000 0.458333
vt 0.375000 0.416667
vt 0.312500 0.416667
vt 0.375000 0.416667
vt 0.437500 0.416667
vt 0.437500 0.458333
vt 0.375000 0.458333
vt 0.375000 0.458333
vt 0.437500 0.458333
vt 0.437500 0.416667
vt 0.375000 0.416667
vt 0.437500 0.416667
vt 0.500000 0.416667
vt 0.500000 0.458333
vt 0.437500 0.458333
vt 0.437500 0.458333
vt 0.500000 0.458333
vt 0.500000 0.416667
vt 0.437500 0.416667
vt 0.500000 0.416667
vt 0.562500 0.416667
vt 0.562500 0.458333
vt 0.500000 0.458333
vt 0.500000 0.458333
vt 0.562500 0.458333
vt 0.562500 0.416667
vt 0.500000 0.416667
vt 0.562500 0.416667
vt 0.625000 0.416667
vt 0.625000 0.458333
vt 0.562500 0.458333
vt 0.562500 0.458333
vt 0.625000 0.458333
vt 0.625000 0.416667
vt 0.562500 0.416667
vt 0.625000 0.416667
vt 0.687500 0.416667
vt 0.687500 0.458333
vt 0.625000 0.458333
vt 0.625000 0.458333
vt 0.687500 0.458333
vt 0.687500 0.416667
vt 0.625000 0.416667
vt 0.687500 0.416667
vt 0.750000 0.416667
vt 0.750000 0.458333
vt 0.687500 0.458333
vt 0.687500 0.458333
vt 0.750000 0.458333
vt 0.750000 0.416667
vt 0.687500 0.416667
vt 0.750000 0.416667
vt 0.812500 0.416667
vt 0.812500 0.458333
vt 0.750000 0.458333
vt 0.750000 0.458333
vt 0.812500 0.458333
vt 0.812500 0.416667
vt 0.750000 0.416667
vt 0.812500 0.416667
vt 0.875000 0.416667
vt 0.875000 0.458333
vt 0.812500 0.458333
vt 0.812500 0.458333
vt 0.875000 0.458333
vt 0.875000 0.416667
vt 0.812500 0.416667
vt 0.875000 0.416667
vt 0.937500 0.416667
vt 0.937500 0.458333
vt 0.875000 0.458333
vt 0.875000 0.458333
vt 0.937500 0.458333
vt 0.937500 0.416667
vt 0.875000 0.416667
vt 0.937500 0.416667
vt 1.000000 0.416667
vt 1.000000 0.458333
vt 0.937500 0.458333
vt 0.937500 0.458333
vt 1.000000 0.458333
vt 1.000000 0.416667
vt 0.937500 0.416667
vt 0.000000 0.458333
vt 0.062500 0.458333
vt 0.062500 0.500000
vt 0.000000 0.500000
vt 0.000000 0.500000
vt 0.062500 0.500000
vt 0.062500 0.458333
vt 0.000000 0.458333
vt 0.062500 0.458333
vt 0.125000 0.458333
vt 0.125000 0.500000
vt 0.062500 0.500000
vt 0.062500 0.500000
vt 0.125000 0.500000
vt 0.125000 0.458333
vt 0.062500 0.458333
vt 0.125000 0.458333
vt 0.187500 0.458333
vt 0.187500 0.500000
vt 0.125000 0.500000
vt 0.125000 0.500000
vt 0.187500 0.500000
vt 0.187500 0.458333
vt 0.125000 0.458333
vt 0.187500 0.458333
vt 0.250000 0.458333
vt 0.250000 0.500000
vt 0.187500 0.500000
vt 0.187500 0.500000
vt 0.250000 0.500000
vt 0.250000 0.458333
vt 0.187500 0.458333
vt 0.250000 0.458333
vt 0.312500 0.458333
vt 0.312500 0.500000
vt 0.250000 0.500000
vt 0.250000 0.500000
vt 0.312500 0.500000
vt 0.312500 0.458333
vt 0.250000 0.458333
vt 0.312500 0.458333
vt 0.375000 0.458333
vt 0.375000 0.500000
vt 0.312500 0.500000
vt 0.312500 0.500000
vt 0.375000 0.500000
vt 0.375000 0.458333
vt 0.312500 0.458333
vt 0.375000 0.458333
vt 0.437500 0.458333
vt 0.437500 0.500000
vt 0.375000 0.500000
vt 0.375000 0.500000
vt 0.437500 0.500000
vt 0.437500 0.458333
vt 0.375000 0.458333
vt 0.437500 0.458333
vt 0.500000 0.458333
vt 0.500000 0.500000
vt 0.437500 0.500000
vt 0.437500 0.500000
vt 0.500000 0.500000
vt 0.500000 0.458333
vt 0.437500 0.458333
vt 0.500000 0.458333
vt 0.562500 0.458333
vt 0.562500 0.500000
vt 0.500000 0.500000
vt 0.500000 0.500000
vt 0.562500 0.500000
vt 0.562500 0.458333
vt 0.500000 0.458333
vt 0.562500 0.458333
vt 0.625000 0.458333
vt 0.625000 0.500000
vt 0.562500 0.500000
vt 0.562500 0.500000
vt 0.625000 0.500000
vt 0.625000 0.458333
vt 0.562500 0.458333
vt 0.625000 0.458333
vt 0.687500 0.458333
vt 0.687500 0.500000
vt 0.625000 0.500000
vt 0.625000 0.500000
vt 0.687500 0.500000
vt 0.687500 0.458333
vt 0.625000 0.458333
vt 0.687500 0.458333
vt 0.750000 0.458333
vt 0.750000 0.500000
vt 0.687500 0.500000
vt 0.687500 0.500000
vt 0.750000 0.500000
vt 0.750000 0.458333
vt 0.687500 0.458333
vt 0.750000 0.458333
vt 0.812500 0.458333
vt 0.812500 0.500000
vt 0.750000 0.500000
vt 0.750000 0.500000
vt 0.812500 0.500000
vt 0.812500 0.458333
vt 0.750000 0.458333
vt 0.812500 0.458333
vt 0.875000 0.458333
vt 0.875000 0.500000
vt 0.812500 0.500000
vt 0.812500 0.500000
vt 0.875000 0.500000
vt 0.875000 0.458333
vt 0.812500 0.458333
vt 0.875000 0.458333
vt 0.937500 0.458333
vt 0.937500 0.500000
vt 0.875000 0.500000
vt 0.875000 0.500000
vt 0.937500 0.500000
vt 0.937500 0.458333
vt 0.875000 0.458333
vt 0.937500 0.458333
vt 1.000000 0.458333
vt 1.000000 0.500000
vt 0.937500 0.500000
vt 0.937500 0.500000
vt 1.000000 0.500000
vt 1.000000 0.458333
vt 0.937500 0.458333
vt 0.000000 0.500000
vt 0.062500 0.500000
vt 0.062500 0.541667
vt 0.000000 0.541667
vt 0.000000 0.541667
vt 0.062500 0.541667
vt 0.062500 0.500000
vt 0.000000 0.500000
vt 0.062500 0.500000
vt 0.125000 0.500000
vt 0.125000 0.541667
vt 0.062500 0.541667
vt 0.062500 0.541667
vt 0.125000 0.541667
vt 0.125000 0.500000
vt 0.062500 0.500000
vt 0.125000 0.500000
vt 0.187500 0.500000
vt 0.187500 0.541667
vt 0.125000 0.541667
vt 0.125000 0.541667
vt 0.187500 0.541667
vt 0.187500 0.500000
vt 0.125000 0.500000
vt 0.187500 0.500000
vt 0.250000 0.500000
vt 0.250000 0.541667
vt 0.187500 0.541667
vt 0.187500 0.541667
vt 0.250000 0.541667
vt 0.250000 0.500000
vt 0.187500 0.500000
vt 0.250000 0.500000
vt 0.312500 0.500000
vt 0.312500 0.541667
vt 0.250000 0.541667
vt 0.250000 0.541667
vt 0.312500 0.541667
vt 0.312500 0.500000
vt 0.250000 0.500000
vt 0.312500 0.500000
vt 0.375000 0.500000
vt 0.375000 0.541667
vt 0.312500 0.541667
vt 0.312500 0.541667
vt 0.375000 0.541667
vt 0.375000 0.500000
vt 0.312500 0.500000
vt 0.375000 0.500000
vt 0.437500 0.500000
vt 0.437500 0.541667
vt 0.375000 0.541667
vt 0.375000 0.541667
vt 0.437500 0.541667
vt 0.437500 0.500000
vt 0.375000 0.500000
vt 0.437500 0.500000
vt 0.500000 0.500000
vt 0.500000 0.541667
vt 0.437500 0.541667
vt 0.437500 0.541667
vt 0.500000 0.541667
vt 0.500000 0.500000
vt 0.437500 0.500000
vt 0.500000 0.500000
vt 0.562500 0.500000
vt 0.562500 0.541667
vt 0.500000 0.541667
vt 0.500000 0.541667
vt 0.562500 0.541667
vt 0.562500 0.500000
vt 0.500000 0.500000
vt 0.562500 0.500000
vt 0.625000 0.500000
vt 0.625000 0.541667
vt 0.562500 0.541667
vt 0.562500 0.541667
vt 0.625000 0.541667
vt 0.625000 0.500000
vt 0.562500 0.500000
vt 0.625000 0.500000
vt 0.687500 0.500000
vt 0.687500 0.541667
vt 0.625000 0.541667
vt 0.625000 0.541667
vt 0.687500 0.541667
vt 0.687500 0.500000
vt 0.625000 0.500000
vt 0.687500 0.500000
vt 0.750000 0.500000
vt 0.750000 0.541667
vt 0.687500 0.541667
vt 0.687500 0.541667
vt 0.750000 0.541667
vt 0.750000 0.500000
vt 0.687500 0.500000
vt 0.750000 0.500000
vt 0.812500 0.500000
vt 0.812500 0.541667
vt 0.750000 0.541667
vt 0.750000 0.541667
vt 0.812500 0.541667
vt 0.812500 0.500000
vt 0.750000 0.500000
vt 0.812500 0.500000
vt 0.875000 0.500000
vt 0.875000 0.541667
vt 0.812500 0.541667
vt 0.812500 0.541667
vt 0.875000 0.541667
vt 0.875000 0.500000
vt 0.812500 0.500000
vt 0.875000 0.500000
vt 0.937500 0.500000
vt 0.937500 0.541667
vt 0.875000 0.541667
vt 0.875000 0.541667
vt 0.937500 0.541667
vt 0.937500 0.500000
vt 0.875000 0.500000
vt 0.937500 0.500000
vt 1.000000 0.500000
vt 1.000000 0.541667
vt 0.937500 0.541667
vt 0.937500 0.541667
vt 1.000000 0.541667
vt 1.000000 0.500000
vt 0.937500 0.500000
vt 0.000000 0.541667
vt 0.062500 0.541667
vt 0.062500 0.583333
vt 0.000000 0.583333
vt 0.000000 0.583333
vt 0.062500 0.583333
vt 0.062500 0.541667
vt 0.000000 0.541667
vt 0.062500 0.541667
vt 0.125000 0.541667
vt 0.125000 0.583333
vt 0.062500 0.583333
vt 0.062500 0.583333
vt 0.125000 0.583333
vt 0.125000 0.541667
vt 0.062500 0.541667
vt 0.125000 0.541667
vt 0.187500 0.541667
vt 0.187500 0.583333
vt 0.125000 0.583333
vt 0.125000 0.583333
vt 0.187500 0.583333
vt 0.187500 0.541667
vt 0.125000 0.541667
vt 0.187500 0.541667
vt 0.250000 0.541667
vt 0.250000 0.583333
vt 0.187500 0.583333
vt 0.187500 0.583333
vt 0.250000 0.583333
vt 0.250000 0.541667
vt 0.187500 0.541667
vt 0.250000 0.541667
vt 0.312500 0.541667
vt 0.312500 0.583333
vt 0.250000 0.583333
vt 0.250000 0.583333
vt 0.312500 0.583333
vt 0.312500 0.541667
vt 0.250000 0.541667
vt 0.312500 0.541667
vt 0.375000 0.541667
vt 0.375000 0.583333
vt 0.312500 0.583333
vt 0.312500 0.583333
vt 0.375000 0.583333
vt 0.375000 0.541667
vt 0.312500 0.541667
vt 0.375000 0.541667
vt 0.437500 0.541667
vt 0.437500 0.583333
vt 0.375000 0.583333
vt 0.375000 0.583333
vt 0.437500 0.583333
vt 0.437500 0.541667
vt 0.375000 0.541667
vt 0.437500 0.541667
vt 0.500000 0.541667
vt 0.500000 0.583333
vt 0.437500 0.583333
vt 0.437500 0.583333
vt 0.500000 0.583333
vt 0.500000 0.541667
vt 0.437500 0.541667
vt 0.500000 0.541667
vt 0.562500 0.541667
vt 0.562500 0.583333
vt 0.500000 0.583333
vt 0.500000 0.583333
vt 0.562500 0.583333
vt 0.562500 0.541667
vt 0.500000 0.541667
vt 0.562500 0.541667
vt 0.625000 0.541667
vt 0.625000 0.583333
vt 0.562500 0.583333
vt 0.562500 0.583333
vt 0.625000 0.583333
vt 0.625000 0.541667
vt 0.562500 0.541667
vt 0.625000 0.541667
vt 0.687500 0.541667
vt 0.687500 0.583333
vt 0.625000 0.583333
vt 0.625000 0.583333
vt 0.687500 0.583333
vt 0.687500 0.541667
vt 0.625000 0.541667
vt 0.687500 0.541667
vt 0.750000 0.541667
vt 0.750000 0.583333
vt 0.687500 0.583333
vt 0.687500 0.583333
vt 0.750000 0.583333
vt 0.750000 0.541667
vt 0.687500 0.541667
vt 0.750000 0.541667
vt 0.812500 0.541667
vt 0.812500 0.583333
vt 0.750000 0.583333
vt 0.750000 0.583333
vt 0.812500 0.583333
vt 0.812500 0.541667
vt 0.750000 0.541667
vt 0.812500 0.541667
vt 0.875000 0.541667
vt 0.875000 0.583333
vt 0.812500 0.583333
vt 0.812500 0.583333
vt 0.875000 0.583333
vt 0.875000 0.541667
vt 0.812500 0.541667
vt 0.875000 0.541667
vt 0.937500 0.541667
vt 0.937500 0.583333
vt 0.875000 0.583333
vt 0.875000 0.583333
vt 0.937500 0.583333
vt 0.937500 0.541667
vt 0.875000 0.541667
vt 0.937500 0.541667
vt 1.000000 0.541667
vt 1.000000 0.583333
vt 0.937500 0.583333
vt 0.937500 0.583333
vt 1.000000 0.583333
vt 1.000000 0.541667
vt 0.937500 0.541667
vt 0.000000 0.583333
vt 0.062500 0.583333
vt 0.062500 0.625000
vt 0.000000 0.625000
vt 0.000000 0.625000
vt 0.062500 0.625000
vt 0.062500 0.583333
vt 0.000000 0.583333
vt 0.062500 0.583333
vt 0.125000 0.583333
vt 0.125000 0.625000
vt 0.062500 0.625000
vt 0.062500 0.625000
vt 0.125000 0.625000
vt 0.125000 0.583333
vt 0.062500 0.583333
vt 0.125000 0.583333
vt 0.187500 0.583333
vt 0.187500 0.625000
vt 0.125000 0.625000
vt 0.125000 0.625000
vt 0.187500 0.625000
vt 0.187500 0.583333
vt 0.125000 0.583333
vt 0.187500 0.583333
vt 0.250000 0.583333
vt 0.250000 0.625000
vt 0.187500 0.625000
vt 0.187500 0.625000
vt 0.250000 0.625000
vt 0.250000 0.583333
vt 0.187500 0.583333
vt 0.250000 0.583333
vt 0.312500 0.583333
vt 0.312500 0.625000
vt 0.250000 0.625000
vt 0.250000 0.625000
vt 0.312500 0.625000
vt 0.312500 0.583333
vt 0.250000 0.583333
vt 0.312500 0.583333
vt 0.375000 0.583333
vt 0.375000 0.625000
vt 0.312500 0.625000
vt 0.312500 0.625000
vt 0.375000 0.625000
vt 0.375000 0.583333
vt 0.312500 0.583333
vt 0.375000 0.583333
vt 0.437500 0.583333
vt 0.437500 0.625000
vt 0.375000 0.625000
vt 0.375000 0.625000
vt 0.437500 0.625000
vt 0.437500 0.583333
vt 0.375000 0.583333
vt 0.437500 0.583333
vt 0.500000 0.583333
vt 0.500000 0.625000
vt 0.437500 0.625000
vt 0.437500 0.625000
vt 0.500000 0.625000
vt 0.500000 0.583333
vt 0.437500 0.583333
vt 0.500000 0.583333
vt 0.562500 0.583333
vt 0.562500 0.625000
vt 0.500000 0.625000
vt 0.500000 0.625000
vt 0.562500 0.625000
vt 0.562500 0.583333
vt 0.500000 0.583333
vt 0.562500 0.583333
vt 0.625000 0.583333
vt 0.625000 0.625000
vt 0.562500 0.625000
vt 0.562500 0.625000
vt 0.625000 0.625000
vt 0.625000 0.583333
vt 0.562500 0.583333
vt 0.625000 0.583333
vt 0.687500 0.583333
vt 0.687500 0.625000
vt 0.625000 0.625000
vt 0.625000 0.625000
vt 0.687500 0.625000
vt 0.687500 0.583333
vt 0.625000 0.583333
vt 0.687500 0.583333
vt 0.750000 0.583333
vt 0.750000 0.625000
vt 0.687500 0.625000
vt 0.687500 0.625000
vt 0.750000 0.625000
vt 0.750000 0.583333
vt 0.687500 0.583333
vt 0.750000 0.583333
vt 0.812500 0.583333
vt 0.812500 0.625000
vt 0.750000 0.625000
vt 0.750000 0.625000
vt 0.812500 0.625000
vt 0.812500 0.583333
vt 0.750000 0.583333
vt 0.812500 0.583333
vt 0.875000 0.583333
vt 0.875000 0.625000
vt 0.812500 0.625000
vt 0.812500 0.625000
vt 0.875000 0.625000
vt 0.875000 0.583333
vt 0.812500 0.583333
vt 0.875000 0.583333
vt 0.937500 0.583333
vt 0.937500 0.625000
vt 0.875000 0.625000
vt 0.875000 0.625000
vt 0.937500 0.625000
vt 0.937500 0.583333
vt 0.875000 0.583333
vt 0.937500 0.583333
vt 1.000000 0.583333
vt 1.000000 0.625000
vt 0.937500 0.625000
vt 0.937500 0.625000
vt 1.000000 0.625000
vt 1.000000 0.583333
vt 0.937500 0.583333
vt 0.000000 0.625000
vt 0.062500 0.625000
vt 0.062500 0.666667
vt 0.000000 0.666667
vt 0.000000 0.666667
vt 0.062500 0.666667
vt 0.062500 0.625000
vt 0.000000 0.625000
vt 0.062500 0.625000
vt 0.125000 0.625000
vt 0.125000 0.666667
vt 0.062500 0.666667
vt 0.062500 0.666667
vt 0.125000 0.666667
vt 0.125000 0.625000
vt 0.062500 0.625000
vt 0.125000 0.625000
vt 0.187500 0.625000
vt 0.187500 0.666667
vt 0.125000 0.666667
vt 0.125000 0.666667
vt 0.187500 0.666667
vt 0.187500 0.625000
vt 0.125000 0.625000
vt 0.187500 0.625000
vt 0.250000 0.625000
vt 0.250000 0.666667
vt 0.187500 0.666667
vt 0.187500 0.666667
vt 0.250000 0.666667
vt 0.250000 0.625000
vt 0.187500 0.625000
vt 0.250000 0.625000
vt 0.312500 0.625000
vt 0.312500 0.666667
vt 0.250000 0.666667
vt 0.250000 0.666667
vt 0.312500 0.666667
vt 0.312500 0.625000
vt 0.250000 0.625000
vt 0.312500 0.625000
vt 0.375000 0.625000
vt 0.375000 0.666667
vt 0.312500 0.666667
vt 0.312500 0.666667
vt 0.375000 0.666667
vt 0.375000 0.625000
vt 0.312500 0.625000
vt 0.375000 0.625000
vt 0.437500 0.625000
vt 0.437500 0.666667
vt 0.375000 0.666667
vt 0.375000 0.666667
vt 0.437500 0.666667
vt 0.437500 0.625000
vt 0.375000 0.625000
vt 0.437500 0.625000
vt 0.500000 0.625000
vt 0.500000 0.666667
vt 0.437500 0.666667
vt 0.437500 0.666667
vt 0.500000 0.666667
vt 0.500000 0.625000
vt 0.437500 0.625000
vt 0.500000 0.625000
vt 0.562500 0.625000
vt 0.562500 0.666667
vt 0.500000 0.666667
vt 0.500000 0.666667
vt 0.562500 0.666667
vt 0.562500 0.625000
vt 0.500000 0.625000
vt 0.562500 0.625000
vt 0.625000 0.625000
vt 0.625000 0.666667
vt 0.562500 0.666667
vt 0.562500 0.666667
vt 0.625000 0.666667
vt 0.625000 0.625000
vt 0.562500 0.625000
vt 0.625000 0.625000
vt 0.687500 0.625000
vt 0.687500 0.666667
vt 0.625000 0.666667
vt 0.625000 0.666667
vt 0.687500 0.666667
vt 0.687500 0.625000
vt 0.625000 0.625000
vt 0.687500 0.625000
vt 0.750000 0.625000
vt 0.750000 0.666667
vt 0.687500 0.666667
vt 0.687500 0.666667
vt 0.750000 0.666667
vt 0.750000 0.625000
vt 0.687500 0.625000
vt 0.750000 0.625000
vt 0.812500 0.625000
vt 0.812500 0.666667
vt 0.750000 0.666667
vt 0.750000 0.666667
vt 0.812500 0.666667
vt 0.812500 0.625000
vt 0.750000 0.625000
vt 0.812500 0.625000
vt 0.875000 0.625000
vt 0.875000 0.666667
vt 0.812500 0.666667
vt 0.812500 0.666667
vt 0.875000 0.666667
vt 0.875000 0.625000
vt 0.812500 0.625000
vt 0.875000 0.625000
vt 0.937500 0.625000
vt 0.937500 0.666667
vt 0.875000 0.666667
vt 0.875000 0.666667
vt 0.937500 0.666667
vt 0.937500 0.625000
vt 0.875000 0.625000
vt 0.937500 0.625000
vt 1.000000 0.625000
vt 1.000000 0.666667
vt 0.937500 0.666667
vt 0.937500 0.666667
vt 1.000000 0.666667
vt 1.000000 0.625000
vt 0.937500 0.625000
vt 0.000000 0.666667
vt 0.062500 0.666667
vt 0.062500 0.708333
vt 0.000000 0.708333
vt 0.000000 0.708333
vt 0.062500 0.708333
vt 0.062500 0.666667
vt 0.000000 0.666667
vt 0.062500 0.666667
vt 0.125000 0.666667
vt 0.125000 0.708333
vt 0.062500 0.708333
vt 0.062500 0.708333
vt 0.125000 0.708333
vt 0.125000 0.666667
vt 0.062500 0.666667
vt 0.125000 0.666667
vt 0.187500 0.666667
vt 0.187500 0.708333
vt 0.125000 0.708333
vt 0.125000 0.708333
vt 0.187500 0.708333
vt 0.187500 0.666667
vt 0.125000 0.666667
vt 0.187500 0.666667
vt 0.250000 0.666667
vt 0.250000 0.708333
vt 0.187500 0.708333
vt 0.187500 0.708333
vt 0.250000 0.708333
vt 0.250000 0.666667
vt 0.187500 0.666667
vt 0.250000 0.666667
vt 0.312500 0.666667
vt 0.312500 0.708333
vt 0.250000 0.708333
vt 0.250000 0.708333
vt 0.312500 0.708333
vt 0.312500 0.666667
vt 0.250000 0.666667
vt 0.312500 0.666667
vt 0.375000 0.666667
vt 0.375000 0.708333
vt 0.312500 0.708333
vt 0.312500 0.708333
vt 0.375000 0.708333
vt 0.375000 0.666667
vt 0.312500 0.666667
vt 0.375000 0.666667
vt 0.437500 0.666667
vt 0.437500 0.708333
vt 0.375000 0.708333
vt 0.375000 0.708333
vt 0.437500 0.708333
vt 0.437500 0.666667
vt 0.375000 0.666667
vt 0.437500 0.666667
vt 0.500000 0.666667
vt 0.500000 0.708333
vt 0.437500 0.708333
vt 0.437500 0.708333
vt 0.500000 0.708333
vt 0.500000 0.666667
vt 0.437500 0.666667
vt 0.500000 0.666667
vt 0.562500 0.666667
vt 0.562500 0.708333
vt 0.500000 0.708333
vt 0.500000 0.708333
vt 0.562500 0.708333
vt 0.562500 0.666667
vt 0.500000 0.666667
vt 0.562500 0.666667
vt 0.625000 0.666667
vt 0.625000 0.708333
vt 0.562500 0.708333
vt 0.562500 0.708333
vt 0.625000 0.708333
vt 0.625000 0.666667
vt 0.562500 0.666667
vt 0.625000 0.666667
vt 0.687500 0.666667
vt 0.687500 0.708333
vt 0.625000 0.708333
vt 0.625000 0.708333
vt 0.687500 0.708333
vt 0.687500 0.666667
vt 0.625000 0.666667
vt 0.687500 0.666667
vt 0.750000 0.666667
vt 0.750000 0.708333
vt 0.687500 0.708333
vt 0.687500 0.708333
vt 0.750000 0.708333
vt 0.750000 0.666667
vt 0.687500 0.666667
vt 0.750000 0.666667
vt 0.812500 0.666667
vt 0.812500 0.708333
vt 0.750000 0.708333
vt 0.750000 0.708333
vt 0.812500 0.708333
vt 0.812500 0.666667
vt 0.750000 0.666667
vt 0.812500 0.666667
vt 0.875000 0.666667
vt 0.875000 0.708333
vt 0.812500 0.708333
vt 0.812500 0.708333
vt 0.875000 0.708333
vt 0.875000 0.666667
vt 0.812500 0.666667
vt 0.875000 0.666667
vt 0.937500 0.666667
vt 0.937500 0.708333
vt 0.875000 0.708333
vt 0.875000 0.708333
vt 0.937500 0.708333
vt 0.937500 0.666667
vt 0.875000 0.666667
vt 0.937500 0.666667
vt 1.000000 0.666667
vt 1.000000 0.708333
vt 0.937500 0.708333
vt 0.937500 0.708333
vt 1.000000 0.708333
vt 1.000000 0.666667
vt 0.937500 0.666667
vt 0.000000 0.708333
vt 0.062500 0.708333
vt 0.062500 0.750000
vt 0.000000 0.750000
vt 0.000000 0.750000
vt 0.062500 0.750000
vt 0.062500 0.708333
vt 0.000000 0.708333
vt 0.062500 0.708333
vt 0.125000 0.708333
vt 0.125000 0.750000
vt 0.062500 0.750000
vt 0.062500 0.750000
vt 0.125000 0.750000
vt 0.125000 0.708333
vt 0.062500 0.708333
vt 0.125000 0.708333
vt 0.187500 0.708333
vt 0.187500 0.750000
vt 0.125000 0.750000
vt 0.125000 0.750000
vt 0.187500 0.750000
vt 0.187500 0.708333
vt 0.125000 0.708333
vt 0.187500 0.708333
vt 0.250000 0.708333
vt 0.250000 0.750000
vt 0.187500 0.750000
vt 0.187500 0.750000
vt 0.250000 0.750000
vt 0.250000 0.708333
vt 0.187500 0.708333
vt 0.250000 0.708333
vt 0.312500 0.708333
vt 0.312500 0.750000
vt 0.250000 0.750000
vt 0.250000 0.750000
vt 0.312500 0.750000
vt 0.312500 0.708333
vt 0.250000 0.708333
vt 0.312500 0.708333
vt 0.375000 0.708333
vt 0.375000 0.750000
vt 0.312500 0.750000
vt 0.312500 0.750000
vt 0.375000 0.750000
vt 0.375000 0.708333
vt 0.312500 0.708333
vt 0.375000 0.708333
vt 0.437500 0.708333
vt 0.437500 0.750000
vt 0.375000 0.750000
vt 0.375000 0.750000
vt 0.437500 0.750000
vt 0.437500 0.708333
vt 0.375000 0.708333
vt 0.437500 0.708333
vt 0.500000 0.708333
vt 0.500000 0.750000
vt 0.437500 0.750000
vt 0.437500 0.750000
vt 0.500000 0.750000
vt 0.500000 0.708333
vt 0.437500 0.708333
vt 0.500000 0.708333
vt 0.562500 0.708333
vt 0.562500 0.750000
vt 0.500000 0.750000
vt 0.500000 0.750000
vt 0.562500 0.750000
vt 0.562500 0.708333
vt 0.500000 0.708333
vt 0.562500 0.708333
vt 0.625000 0.708333
vt 0.625000 0.750000
vt 0.562500 0.750000
vt 0.562500 0.750000
vt 0.625000 0.750000
vt 0.625000 0.708333
vt 0.562500 0.708333
vt 0.625000 0.708333
vt 0.687500 0.708333
vt 0.687500 0.750000
vt 0.625000 0.750000
vt 0.625000 0.750000
vt 0.687500 0.750000
vt 0.687500 0.708333
vt 0.625000 0.708333
vt 0.687500 0.708333
vt 0.750000 0.708333
vt 0.750000 0.750000
vt 0.687500 0.750000
vt 0.687500 0.750000
vt 0.750000 0.750000
vt 0.750000 0.708333
vt 0.687500 0.708333
vt 0.750000 0.708333
vt 0.812500 0.708333
vt 0.812500 0.750000
vt 0.750000 0.750000
vt 0.750000 0.750000
vt 0.812500 0.750000
vt 0.812500 0.708333
vt 0.750000 0.708333
vt 0.812500 0.708333
vt 0.875000 0.708333
vt 0.875000 0.750000
vt 0.812500 0.750000
vt 0.812500 0.750000
vt 0.875000 0.750000
vt 0.875000 0.708333
vt 0.812500 0.708333
vt 0.875000 0.708333
vt 0.937500 0.708333
vt 0.937500 0.750000
vt 0.875000 0.750000
vt 0.875000 0.750000
vt 0.937500 0.750000
vt 0.937500 0.708333
vt 0.875000 0.708333
vt 0.937500 0.708333
vt 1.000000 0.708333
vt 1.000000 0.750000
vt 0.937500 0.750000
vt 0.937500 0.750000
vt 1.000000 0.750000
vt 1.000000 0.708333
vt 0.937500 0.708333
vt 0.000000 0.750000
vt 0.062500 0.750000
vt 0.062500 0.791667
vt 0.000000 0.791667
vt 0.000000 0.791667
vt 0.062500 0.791667
vt 0.062500 0.750000
vt 0.000000 0.750000
vt 0.062500 0.750000
vt 0.125000 0.750000
vt 0.125000 0.791667
vt 0.062500 0.791667
vt 0.062500 0.791667
vt 0.125000 0.791667
vt 0.125000 0.750000
vt 0.062500 0.750000
vt 0.125000 0.750000
vt 0.187500 0.750000
vt 0.187500 0.791667
vt 0.125000 0.791667
vt 0.125000 0.791667
vt 0.187500 0.791667
vt 0.187500 0.750000
vt 0.125000 0.750000
vt 0.187500 0.750000
vt 0.250000 0.750000
vt 0.250000 0.791667
vt 0.187500 0.791667
vt 0.187500 0.791667
vt 0.250000 0.791667
vt 0.250000 0.750000
vt 0.187500 0.750000
vt 0.250000 0.750000
vt 0.312500 0.750000
vt 0.312500 0.791667
vt 0.250000 0.791667
vt 0.250000 0.791667
vt 0.312500 0.791667
vt 0.312500 0.750000
vt 0.250000 0.750000
vt 0.312500 0.750000
vt 0.375000 0.750000
vt 0.375000 0.791667
vt 0.312500 0.791667
vt 0.312500 0.791667
vt 0.375000 0.791667
vt 0.375000 0.750000
vt 0.312500 0.750000
vt 0.375000 0.750000
vt 0.437500 0.750000
vt 0.437500 0.791667
vt 0.375000 0.791667
vt 0.375000 0.791667
vt 0.437500 0.791667
vt 0.437500 0.750000
vt 0.375000 0.750000
vt 0.437500 0.750000
vt 0.500000 0.750000
vt 0.500000 0.791667
vt 0.437500 0.791667
vt 0.437500 0.791667
vt 0.500000 0.791667
vt 0.500000 0.750000
vt 0.437500 0.750000
vt 0.500000 0.750000
vt 0.562500 0.750000
vt 0.562500 0.791667
vt 0.500000 0.791667
vt 0.500000 0.791667
vt 0.562500 0.791667
vt 0.562500 0.750000
vt 0.500000 0.750000
vt 0.562500 0.750000
vt 0.625000 0.750000
vt 0.625000 0.791667
vt 0.562500 0.791667
vt 0.562500 0.791667
vt 0.625000 0.791667
vt 0.625000 0.750000
vt 0.562500 0.750000
vt 0.625000 0.750000
vt 0.687500 0.750000
vt 0.687500 0.791667
vt 0.625000 0.791667
vt 0.625000 0.791667
vt 0.687500 0.791667
vt 0.687500 0.750000
vt 0.625000 0.750000
vt 0.687500 0.750000
vt 0.750000 0.750000
vt 0.750000 0.791667
vt 0.687500 0.791667
vt 0.687500 0.791667
vt 0.750000 0.791667
vt 0.750000 0.750000
vt 0.687500 0.750000
vt 0.750000 0.750000
vt 0.812500 0.750000
vt 0.812500 0.791667
vt 0.750000 0.791667
vt 0.750000 0.791667
vt 0.812500 0.791667
vt 0.812500 0.750000
vt 0.750000 0.750000
vt 0.812500 0.750000
vt 0.875000 0.750000
vt 0.875000 0.791667
vt 0.812500 0.791667
vt 0.812500 0.791667
vt 0.875000 0.791667
vt 0.875000 0.750000
vt 0.812500 0.750000
vt 0.875000 0.750000
vt 0.937500 0.750000
vt 0.937500 0.791667
vt 0.875000 0.791667
vt 0.875000 0.791667
vt 0.937500 0.791667
vt 0.937500 0.750000
vt 0.875000 0.750000
vt 0.937500 0.750000
vt 1.000000 0.750000
vt 1.000000 0.791667
vt 0.937500 0.791667
vt 0.937500 0.791667
vt 1.000000 0.791667
vt 1.000000 0.750000
vt 0.937500 0.750000
vt 0.000000 0.791667
vt 0.062500 0.791667
vt 0.062500 0.833333
vt 0.000000 0.833333
vt 0.000000 0.833333
vt 0.062500 0.833333
vt 0.062500 0.791667
vt 0.000000 0.791667
vt 0.062500 0.791667
vt 0.125000 0.791667
vt 0.125000 0.833333
vt 0.062500 0.833333
vt 0.062500 0.833333
vt 0.125000 0.833333
vt 0.125000 0.791667
vt 0.062500 0.791667
vt 0.125000 0.791667
vt 0.187500 0.791667
vt 0.187500 0.833333
vt 0.125000 0.833333
vt 0.125000 0.833333
vt 0.187500 0.833333
vt 0.187500 0.791667
vt 0.125000 0.791667
vt 0.187500 0.791667
vt 0.250000 0.791667
vt 0.250000 0.833333
vt 0.187500 0.833333
vt 0.187500 0.833333
vt 0.250000 0.833333
vt 0.250000 0.791667
vt 0.187500 0.791667
vt 0.250000 0.791667
vt 0.312500 0.791667
vt 0.312500 0.833333
vt 0.250000 0.833333
vt 0.250000 0.833333
vt 0.312500 0.833333
vt 0.312500 0.791667
vt 0.250000 0.791667
vt 0.312500 0.791667
vt 0.375000 0.791667
vt 0.375000 0.833333
vt 0.312500 0.833333
vt 0.312500 0.833333
vt 0.375000 0.833333
vt 0.375000 0.791667
vt 0.312500 0.791667
vt 0.375000 0.791667
vt 0.437500 0.791667
vt 0.437500 0.833333
vt 0.375000 0.833333
vt 0.375000 0.833333
vt 0.437500 0.833333
vt 0.437500 0.791667
vt 0.375000 0.791667
vt 0.437500 0.791667
vt 0.500000 0.791667
vt 0.500000 0.833333
vt 0.437500 0.833333
vt 0.437500 0.833333
vt 0.500000 0.833333
vt 0.500000 0.791667
vt 0.437500 0.791667
vt 0.500000 0.791667
vt 0.562500 0.791667
vt 0.562500 0.833333
vt 0.500000 0.833333
vt 0.500000 0.833333
vt 0.562500 0.833333
vt 0.562500 0.791667
vt 0.500000 0.791667
vt 0.562500 0.791667
vt 0.625000 0.791667
vt 0.625000 0.833333
vt 0.562500 0.833333
vt 0.562500 0.833333
vt 0.625000 0.833333
vt 0.625000 0.791667
vt 0.562500 0.791667
vt 0.625000 0.791667
vt 0.687500 0.791667
vt 0.687500 0.833333
vt 0.625000 0.833333
vt 0.625000 0.833333
vt 0.687500 0.833333
vt 0.687500 0.791667
vt 0.625000 0.791667
vt 0.687500 0.791667
vt 0.750000 0.791667
vt 0.750000 0.833333
vt 0.687500 0.833333
vt 0.687500 0.833333
vt 0.750000 0.833333
vt 0.750000 0.791667
vt 0.687500 0.791667
vt 0.750000 0.791667
vt 0.812500 0.791667
vt 0.812500 0.833333
vt 0.750000 0.833333
vt 0.750000 0.833333
vt 0.812500 0.833333
vt 0.812500 0.791667
vt 0.750000 0.791667
vt 0.812500 0.791667
vt 0.875000 0.791667
vt 0.875000 0.833333
vt 0.812500 0.833333
vt 0.812500 0.833333
vt 0.875000 0.833333
vt 0.875000 0.791667
vt 0.812500 0.791667
vt 0.875000 0.791667
vt 0.937500 0.791667
vt 0.937500 0.833333
vt 0.875000 0.833333
vt 0.875000 0.833333
vt 0.937500 0.833333
vt 0.937500 0.791667
vt 0.875000 0.791667
vt 0.937500 0.791667
vt 1.000000 0.791667
vt 1.000000 0.833333
vt 0.937500 0.833333
vt 0.937500 0.833333
vt 1.000000 0.833333
vt 1.000000 0.791667
vt 0.937500 0.791667
vt 0.000000 0.833333
vt 0.062500 0.833333
vt 0.062500 0.875000
vt 0.000000 0.875000
vt 0.000000 0.875000
vt 0.062500 0.875000
vt 0.062500 0.833333
vt 0.000000 0.833333
vt 0.062500 0.833333
vt 0.125000 0.833333
vt 0.125000 0.875000
vt 0.062500 0.875000
vt 0.062500 0.875000
vt 0.125000 0.875000
vt 0.125000 0.833333
vt 0.062500 0.833333
vt 0.125000 0.833333
vt 0.187500 0.833333
vt 0.187500 0.875000
vt 0.125000 0.875000
vt 0.125000 0.875000
vt 0.187500 0.875000
vt 0.187500 0.833333
vt 0.125000 0.833333
vt 0.187500 0.833333
vt 0.250000 0.833333
vt 0.250000 0.875000
vt 0.187500 0.875000
vt 0.187500 0.875000
vt 0.250000 0.875000
vt 0.250000 0.833333
vt 0.187500 0.833333
vt 0.250000 0.833333
vt 0.312500 0.833333
vt 0.312500 0.875000
vt 0.250000 0.875000
vt 0.250000 0.875000
vt 0.312500 0.875000
vt 0.312500 0.833333
vt 0.250000 0.833333
vt 0.312500 0.833333
vt 0.375000 0.833333
vt 0.375000 0.875000
vt 0.312500 0.875000
vt 0.312500 0.875000
vt 0.375000 0.875000
vt 0.375000 0.833333
vt 0.312500 0.833333
vt 0.375000 0.833333
vt 0.437500 0.833333
vt 0.437500 0.875000
vt 0.375000 0.875000
vt 0.375000 0.875000
vt 0.437500 0.875000
vt 0.437500 0.833333
vt 0.375000 0.833333
vt 0.437500 0.833333
vt 0.500000 0.833333
vt 0.500000 0.875000
vt 0.437500 0.875000
vt 0.437500 0.875000
vt 0.500000 0.875000
vt 0.500000 0.833333
vt 0.437500 0.833333
vt 0.500000 0.833333
vt 0.562500 0.833333
vt 0.562500 0.875000
vt 0.500000 0.875000
vt 0.500000 0.875000
vt 0.562500 0.875000
vt 0.562500 0.833333
vt 0.500000 0.833333
vt 0.562500 0.833333
vt 0.625000 0.833333
vt 0.625000 0.875000
vt 0.562500 0.875000
vt 0.562500 0.875000
vt 0.625000 0.875000
vt 0.625000 0.833333
vt 0.562500 0.833333
vt 0.625000 0.833333
vt 0.687500 0.833333
vt 0.687500 0.875000
vt 0.625000 0.875000
vt 0.625000 0.875000
vt 0.687500 0.875000
vt 0.687500 0.833333
vt 0.625000 0.833333
vt 0.687500 0.833333
vt 0.750000 0.833333
vt 0.750000 0.875000
vt 0.687500 0.875000
vt 0.687500 0.875000
vt 0.750000 0.875000
vt 0.750000 0.833333
vt 0.687500 0.833333
vt 0.750000 0.833333
vt 0.812500 0.833333
vt 0.812500 0.875000
vt 0.750000 0.875000
vt 0.750000 0.875000
vt 0.812500 0.875000
vt 0.812500 0.833333
vt 0.750000 0.833333
vt 0.812500 0.833333
vt 0.875000 0.833333
vt 0.875000 0.875000
vt 0.812500 0.875000
vt 0.812500 0.875000
vt 0.875000 0.875000
vt 0.875000 0.833333
vt 0.812500 0.833333
vt 0.875000 0.833333
vt 0.937500 0.833333
vt 0.937500 0.875000
vt 0.875000 0.875000
vt 0.875000 0.875000
vt 0.937500 0.875000
vt 0.937500 0.833333
vt 0.875000 0.833333
vt 0.937500 0.833333
vt 1.000000 0.833333
vt 1.000000 0.875000
vt 0.937500 0.875000
vt 0.937500 0.875000
vt 1.000000 0.875000
vt 1.000000 0.833333
vt 0.937500 0.833333
vt 0.000000 0.875000
vt 0.062500 0.875000
vt 0.062500 0.916667
vt 0.000000 0.916667
vt 0.000000 0.916667
vt 0.062500 0.916667
vt 0.062500 0.875000
vt 0.000000 0.875000
vt 0.062500 0.875000
vt 0.125000 0.875000
vt 0.125000 0.916667
vt 0.062500 0.916667
vt 0.062500 0.916667
vt 0.125000 0.916667
vt 0.125000 0.875000
vt 0.062500 0.875000
vt 0.125000 0.875000
vt 0.187500 0.875000
vt 0.187500 0.916667
vt 0.125000 0.916667
vt 0.125000 0.916667
vt 0.187500 0.916667
vt 0.187500 0.875000
vt 0.125000 0.875000
vt 0.187500 0.875000
vt 0.250000 0.875000
vt 0.250000 0.916667
vt 0.187500 0.916667
vt 0.187500 0.916667
vt 0.250000 0.916667
vt 0.250000 0.875000
vt 0.187500 0.875000
vt 0.250000 0.875000
vt 0.312500 0.875000
vt 0.312500 0.916667
vt 0.250000 0.916667
vt 0.250000 0.916667
vt 0.312500 0.916667
vt 0.312500 0.875000
vt 0.250000 0.875000
vt 0.312500 0.875000
vt 0.375000 0.875000
vt 0.375000 0.916667
vt 0.312500 0.916667
vt 0.312500 0.916667
vt 0.375000 0.916667
vt 0.375000 0.875000
vt 0.312500 0.875000
vt 0.375000 0.875000
vt 0.437500 0.875000
vt 0.437500 0.916667
vt 0.375000 0.916667
vt 0.375000 0.916667
vt 0.437500 0.916667
vt 0.437500 0.875000
vt 0.375000 0.875000
vt 0.437500 0.875000
vt 0.500000 0.875000
vt 0.500000 0.916667
vt 0.437500 0.916667
vt 0.437500 0.916667
vt 0.500000 0.916667
vt 0.500000 0.875000
vt 0.437500 0.875000
vt 0.500000 0.875000
vt 0.562500 0.875000
vt 0.562500 0.916667
vt 0.500000 0.916667
vt 0.500000 0.916667
vt 0.562500 0.916667
vt 0.562500 0.875000
vt 0.500000 0.875000
vt 0.562500 0.875000
vt 0.625000 0.875000
vt 0.625000 0.916667
vt 0.562500 0.916667
vt 0.562500 0.916667
vt 0.625000 0.916667
vt 0.625000 0.875000
vt 0.562500 0.875000
vt 0.625000 0.875000
vt 0.687500 0.875000
vt 0.687500 0.916667
vt 0.625000 0.916667
vt 0.625000 0.916667
vt 0.687500 0.916667
vt 0.687500 0.875000
vt 0.625000 0.875000
vt 0.687500 0.875000
vt 0.750000 0.875000
vt 0.750000 0.916667
vt 0.687500 0.916667
vt 0.687500 0.916667
vt 0.750000 0.916667
vt 0.750000 0.875000
vt 0.687500 0.875000
vt 0.750000 0.875000
vt 0.812500 0.875000
vt 0.812500 0.916667
vt 0.750000 0.916667
vt 0.750000 0.916667
vt 0.812500 0.916667
vt 0.812500 0.875000
vt 0.750000 0.875000
vt 0.812500 0.875000
vt 0.875000 0.875000
vt 0.875000 0.916667
vt 0.812500 0.916667
vt 0.812500 0.916667
vt 0.875000 0.916667
vt 0.875000 0.875000
vt 0.812500 0.875000
vt 0.875000 0.875000
vt 0.937500 0.875000
vt 0.937500 0.916667
vt 0.875000 0.916667
vt 0.875000 0.916667
vt 0.937500 0.916667
vt 0.937500 0.875000
vt 0.875000 0.875000
vt 0.937500 0.875000
vt 1.000000 0.875000
vt 1.000000 0.916667
vt 0.937500 0.916667
vt 0.937500 0.916667
vt 1.000000 0.916667
vt 1.000000 0.875000
vt 0.937500 0.875000
vt 0.000000 0.916667
vt 0.062500 0.916667
vt 0.062500 0.958333
vt 0.000000 0.958333
vt 0.000000 0.958333
vt 0.062500 0.958333
vt 0.062500 0.916667
vt 0.000000 0.916667
vt 0.062500 0.916667
vt 0.125000 0.916667
vt 0.125000 0.958333
vt 0.062500 0.958333
vt 0.062500 0.958333
vt 0.125000 0.958333
vt 0.125000 0.916667
vt 0.062500 0.916667
vt 0.125000 0.916667
vt 0.187500 0.916667
vt 0.187500 0.958333
vt 0.125000 0.958333
vt 0.125000 0.958333
vt 0.187500 0.958333
vt 0.187500 0.916667
vt 0.125000 0.916667
vt 0.187500 0.916667
vt 0.250000 0.916667
vt 0.250000 0.958333
vt 0.187500 0.958333
vt 0.187500 0.958333
vt 0.250000 0.958333
vt 0.250000 0.916667
vt 0.187500 0.916667
vt 0.250000 0.916667
vt 0.312500 0.916667
vt 0.312500 0.958333
vt 0.250000 0.958333
vt 0.250000 0.958333
vt 0.312500 0.958333
vt 0.312500 0.916667
vt 0.250000 0.916667
vt 0.312500 0.916667
vt 0.375000 0.916667
vt 0.375000 0.958333
vt 0.312500 0.958333
vt 0.312500 0.958333
vt 0.375000 0.958333
vt 0.375000 0.916667
vt 0.312500 0.916667
vt 0.375000 0.916667
vt 0.437500 0.916667
vt 0.437500 0.958333
vt 0.375000 0.958333
vt 0.375000 0.958333
vt 0.437500 0.958333
vt 0.437500 0.916667
vt 0.375000 0.916667
vt 0.437500 0.916667
vt 0.500000 0.916667
vt 0.500000 0.958333
vt 0.437500 0.958333
vt 0.437500 0.958333
vt 0.500000 0.958333
vt 0.500000 0.916667
vt 0.437500 0.916667
vt 0.500000 0.916667
vt 0.562500 0.916667
vt 0.562500 0.958333
vt 0.500000 0.958333
vt 0.500000 0.958333
vt 0.562500 0.958333
vt 0.562500 0.916667
vt 0.500000 0.916667
vt 0.562500 0.916667
vt 0.625000 0.916667
vt 0.625000 0.958333
vt 0.562500 0.958333
vt 0.562500 0.958333
vt 0.625000 0.958333
vt 0.625000 0.916667
vt 0.562500 0.916667
vt 0.625000 0.916667
vt 0.687500 0.916667
vt 0.687500 0.958333
vt 0.625000 0.958333
vt 0.625000 0.958333
vt 0.687500 0.958333
vt 0.687500 0.916667
vt 0.625000 0.916667
vt 0.687500 0.916667
vt 0.750000 0.916667
vt 0.750000 0.958333
vt 0.687500 0.958333
vt 0.687500 0.958333
vt 0.750000 0.958333
vt 0.750000 0.916667
vt 0.687500 0.916667
vt 0.750000 0.916667
vt 0.812500 0.916667
vt 0.812500 0.958333
vt 0.750000 0.958333
vt 0.750000 0.958333
vt 0.812500 0.958333
vt 0.812500 0.916667
vt 0.750000 0.916667
vt 0.812500 0.916667
vt 0.875000 0.916667
vt 0.875000 0.958333
vt 0.812500 0.958333
vt 0.812500 0.958333
vt 0.875000 0.958333
vt 0.875000 0.916667
vt 0.812500 0.916667
vt 0.875000 0.916667
vt 0.937500 0.916667
vt 0.937500 0.958333
vt 0.875000 0.958333
vt 0.875000 0.958333
vt 0.937500 0.958333
vt 0.937500 0.916667
vt 0.875000 0.916667
vt 0.937500 0.916667
vt 1.000000 0.916667
vt 1.000000 0.958333
vt 0.937500 0.958333
vt 0.937500 0.958333
vt 1.000000 0.958333
vt 1.000000 0.916667
vt 0.937500 0.916667
vt 0.000000 0.958333
vt 0.062500 0.958333
vt 0.062500 1.000000
vt 0.000000 1.000000
vt 0.000000 1.000000
vt 0.062500 1.000000
vt 0.062500 0.958333
vt 0.000000 0.958333
vt 0.062500 0.958333
vt 0.125000 0.958333
vt 0.125000 1.000000
vt 0.062500 1.000000
vt 0.062500 1.000000
vt 0.125000 1.000000
vt 0.125000 0.958333
vt 0.062500 0.958333
vt 0.125000 0.958333
vt 0.187500 0.958333
vt 0.187500 1.000000
vt 0.125000 1.000000
vt 0.125000 1.000000
vt 0.187500 1.000000
vt 0.187500 0.958333
vt 0.125000 0.958333
vt 0.187500 0.958333
vt 0.250000 0.958333
vt 0.250000 1.000000
vt 0.187500 1.000000
vt 0.187500 1.000000
vt 0.250000 1.000000
vt 0.250000 0.958333
vt 0.187500 0.958333
vt 0.250000 0.958333
vt 0.312500 0.958333
vt 0.312500 1.000000
vt 0.250000 1.000000
vt 0.250000 1.000000
vt 0.312500 1.000000
vt 0.312500 0.958333
vt 0.250000 0.958333
vt 0.312500 0.958333
vt 0.375000 0.958333
vt 0.375000 1.000000
vt 0.312500 1.000000
vt 0.312500 1.000000
vt 0.375000 1.000000
vt 0.375000 0.958333
vt 0.312500 0.958333
vt 0.375000 0.958333
vt 0.437500 0.958333
vt 0.437500 1.000000
vt 0.375000 1.000000
vt 0.375000 1.000000
vt 0.437500 1.000000
vt 0.437500 0.958333
vt 0.375000 0.958333
vt 0.437500 0.958333
vt 0.500000 0.958333
vt 0.500000 1.000000
vt 0.437500 1.000000
vt 0.437500 1.000000
vt 0.500000 1.000000
vt 0.500000 0.958333
vt 0.437500 0.958333
vt 0.500000 0.958333
vt 0.562500 0.958333
vt 0.562500 1.000000
vt 0.500000 1.000000
vt 0.500000 1.000000
vt 0.562500 1.000000
vt 0.562500 0.958333
vt 0.500000 0.958333
vt 0.562500 0.958333
vt 0.625000 0.958333
vt 0.625000 1.000000
vt 0.562500 1.000000
vt 0.562500 1.000000
vt 0.625000 1.000000
vt 0.625000 0.958333
vt 0.562500 0.958333
vt 0.625000 0.958333
vt 0.687500 0.958333
vt 0.687500 1.000000
vt 0.625000 1.000000
vt 0.625000 1.000000
vt 0.687500 1.000000
vt 0.687500 0.958333
vt 0.625000 0.958333
vt 0.687500 0.958333
vt 0.750000 0.958333
vt 0.750000 1.000000
vt 0.687500 1.000000
vt 0.687500 1.000000
vt 0.750000 1.000000
vt 0.750000 0.958333
vt 0.687500 0.958333
vt 0.750000 0.958333
vt 0.812500 0.958333
vt 0.812500 1.000000
vt 0.750000 1.000000
vt 0.750000 1.000000
vt 0.812500 1.000000
vt 0.812500 0.958333
vt 0.750000 0.958333
vt 0.812500 0.958333
vt 0.875000 0.958333
vt 0.875000 1.000000
vt 0.812500 1.000000
vt 0.812500 1.000000
vt 0.875000 1.000000
vt 0.875000 0.958333
vt 0.812500 0.958333
vt 0.875000 0.958333
vt 0.937500 0.958333
vt 0.937500 1.000000
vt 0.875000 1.000000
vt 0.875000 1.000000
vt 0.937500 1.000000
vt 0.937500 0.958333
vt 0.875000 0.958333
vt 0.937500 0.958333
vt 1.000000 0.958333
vt 1.000000 1.000000
vt 0.937500 1.000000
vt 0.937500 1.000000
vt 1.000000 1.000000
vt 1.000000 0.958333
vt 0.937500 0.958333
usemtl M_Banner_Institute_Faded
s 1
f 1/1 2/2 19/3 18/4
f 18/5 19/6 2/7 1/8
f 2/9 3/10 20/11 19/12
f 19/13 20/14 3/15 2/16
f 3/17 4/18 21/19 20/20
f 20/21 21/22 4/23 3/24
f 4/25 5/26 22/27 21/28
f 21/29 22/30 5/31 4/32
f 5/33 6/34 23/35 22/36
f 22/37 23/38 6/39 5/40
f 6/41 7/42 24/43 23/44
f 23/45 24/46 7/47 6/48
f 7/49 8/50 25/51 24/52
f 24/53 25/54 8/55 7/56
f 8/57 9/58 26/59 25/60
f 25/61 26/62 9/63 8/64
f 9/65 10/66 27/67 26/68
f 26/69 27/70 10/71 9/72
f 10/73 11/74 28/75 27/76
f 27/77 28/78 11/79 10/80
f 11/81 12/82 29/83 28/84
f 28/85 29/86 12/87 11/88
f 12/89 13/90 30/91 29/92
f 29/93 30/94 13/95 12/96
f 13/97 14/98 31/99 30/100
f 30/101 31/102 14/103 13/104
f 14/105 15/106 32/107 31/108
f 31/109 32/110 15/111 14/112
f 15/113 16/114 33/115 32/116
f 32/117 33/118 16/119 15/120
f 16/121 17/122 34/123 33/124
f 33/125 34/126 17/127 16/128
f 18/129 19/130 36/131 35/132
f 35/133 36/134 19/135 18/136
f 19/137 20/138 37/139 36/140
f 36/141 37/142 20/143 19/144
f 20/145 21/146 38/147 37/148
f 37/149 38/150 21/151 20/152
f 21/153 22/154 39/155 38/156
f 38/157 39/158 22/159 21/160
f 22/161 23/162 40/163 39/164
f 39/165 40/166 23/167 22/168
f 23/169 24/170 41/171 40/172
f 40/173 41/174 24/175 23/176
f 24/177 25/178 42/179 41/180
f 41/181 42/182 25/183 24/184
f 25/185 26/186 43/187 42/188
f 42/189 43/190 26/191 25/192
f 26/193 27/194 44/195 43/196
f 43/197 44/198 27/199 26/200
f 27/201 28/202 45/203 44/204
f 44/205 45/206 28/207 27/208
f 28/209 29/210 46/211 45/212
f 45/213 46/214 29/215 28/216
f 29/217 30/218 47/219 46/220
f 46/221 47/222 30/223 29/224
f 30/225 31/226 48/227 47/228
f 47/229 48/230 31/231 30/232
f 31/233 32/234 49/235 48/236
f 48/237 49/238 32/239 31/240
f 32/241 33/242 50/243 49/244
f 49/245 50/246 33/247 32/248
f 33/249 34/250 51/251 50/252
f 50/253 51/254 34/255 33/256
f 35/257 36/258 53/259 52/260
f 52/261 53/262 36/263 35/264
f 36/265 37/266 54/267 53/268
f 53/269 54/270 37/271 36/272
f 37/273 38/274 55/275 54/276
f 54/277 55/278 38/279 37/280
f 38/281 39/282 56/283 55/284
f 55/285 56/286 39/287 38/288
f 39/289 40/290 57/291 56/292
f 56/293 57/294 40/295 39/296
f 40/297 41/298 58/299 57/300
f 57/301 58/302 41/303 40/304
f 41/305 42/306 59/307 58/308
f 58/309 59/310 42/311 41/312
f 42/313 43/314 60/315 59/316
f 59/317 60/318 43/319 42/320
f 43/321 44/322 61/323 60/324
f 60/325 61/326 44/327 43/328
f 44/329 45/330 62/331 61/332
f 61/333 62/334 45/335 44/336
f 45/337 46/338 63/339 62/340
f 62/341 63/342 46/343 45/344
f 46/345 47/346 64/347 63/348
f 63/349 64/350 47/351 46/352
f 47/353 48/354 65/355 64/356
f 64/357 65/358 48/359 47/360
f 48/361 49/362 66/363 65/364
f 65/365 66/366 49/367 48/368
f 49/369 50/370 67/371 66/372
f 66/373 67/374 50/375 49/376
f 50/377 51/378 68/379 67/380
f 67/381 68/382 51/383 50/384
f 52/385 53/386 70/387 69/388
f 69/389 70/390 53/391 52/392
f 53/393 54/394 71/395 70/396
f 70/397 71/398 54/399 53/400
f 54/401 55/402 72/403 71/404
f 71/405 72/406 55/407 54/408
f 55/409 56/410 73/411 72/412
f 72/413 73/414 56/415 55/416
f 56/417 57/418 74/419 73/420
f 73/421 74/422 57/423 56/424
f 57/425 58/426 75/427 74/428
f 74/429 75/430 58/431 57/432
f 58/433 59/434 76/435 75/436
f 75/437 76/438 59/439 58/440
f 59/441 60/442 77/443 76/444
f 76/445 77/446 60/447 59/448
f 60/449 61/450 78/451 77/452
f 77/453 78/454 61/455 60/456
f 61/457 62/458 79/459 78/460
f 78/461 79/462 62/463 61/464
f 62/465 63/466 80/467 79/468
f 79/469 80/470 63/471 62/472
f 63/473 64/474 81/475 80/476
f 80/477 81/478 64/479 63/480
f 64/481 65/482 82/483 81/484
f 81/485 82/486 65/487 64/488
f 65/489 66/490 83/491 82/492
f 82/493 83/494 66/495 65/496
f 66/497 67/498 84/499 83/500
f 83/501 84/502 67/503 66/504
f 67/505 68/506 85/507 84/508
f 84/509 85/510 68/511 67/512
f 69/513 70/514 87/515 86/516
f 86/517 87/518 70/519 69/520
f 70/521 71/522 88/523 87/524
f 87/525 88/526 71/527 70/528
f 71/529 72/530 89/531 88/532
f 88/533 89/534 72/535 71/536
f 72/537 73/538 90/539 89/540
f 89/541 90/542 73/543 72/544
f 73/545 74/546 91/547 90/548
f 90/549 91/550 74/551 73/552
f 74/553 75/554 92/555 91/556
f 91/557 92/558 75/559 74/560
f 75/561 76/562 93/563 92/564
f 92/565 93/566 76/567 75/568
f 76/569 77/570 94/571 93/572
f 93/573 94/574 77/575 76/576
f 77/577 78/578 95/579 94/580
f 94/581 95/582 78/583 77/584
f 78/585 79/586 96/587 95/588
f 95/589 96/590 79/591 78/592
f 79/593 80/594 97/595 96/596
f 96/597 97/598 80/599 79/600
f 80/601 81/602 98/603 97/604
f 97/605 98/606 81/607 80/608
f 81/609 82/610 99/611 98/612
f 98/613 99/614 82/615 81/616
f 82/617 83/618 100/619 99/620
f 99/621 100/622 83/623 82/624
f 83/625 84/626 101/627 100/628
f 100/629 101/630 84/631 83/632
f 84/633 85/634 102/635 101/636
f 101/637 102/638 85/639 84/640
f 86/641 87/642 104/643 103/644
f 103/645 104/646 87/647 86/648
f 87/649 88/650 105/651 104/652
f 104/653 105/654 88/655 87/656
f 88/657 89/658 106/659 105/660
f 105/661 106/662 89/663 88/664
f 89/665 90/666 107/667 106/668
f 106/669 107/670 90/671 89/672
f 90/673 91/674 108/675 107/676
f 107/677 108/678 91/679 90/680
f 91/681 92/682 109/683 108/684
f 108/685 109/686 92/687 91/688
f 92/689 93/690 110/691 109/692
f 109/693 110/694 93/695 92/696
f 93/697 94/698 111/699 110/700
f 110/701 111/702 94/703 93/704
f 94/705 95/706 112/707 111/708
f 111/709 112/710 95/711 94/712
f 95/713 96/714 113/715 112/716
f 112/717 113/718 96/719 95/720
f 96/721 97/722 114/723 113/724
f 113/725 114/726 97/727 96/728
f 97/729 98/730 115/731 114/732
f 114/733 115/734 98/735 97/736
f 98/737 99/738 116/739 115/740
f 115/741 116/742 99/743 98/744
f 99/745 100/746 117/747 116/748
f 116/749 117/750 100/751 99/752
f 100/753 101/754 118/755 117/756
f 117/757 118/758 101/759 100/760
f 101/761 102/762 119/763 118/764
f 118/765 119/766 102/767 101/768
f 103/769 104/770 121/771 120/772
f 120/773 121/774 104/775 103/776
f 104/777 105/778 122/779 121/780
f 121/781 122/782 105/783 104/784
f 105/785 106/786 123/787 122/788
f 122/789 123/790 106/791 105/792
f 106/793 107/794 124/795 123/796
f 123/797 124/798 107/799 106/800
f 107/801 108/802 125/803 124/804
f 124/805 125/806 108/807 107/808
f 108/809 109/810 126/811 125/812
f 125/813 126/814 109/815 108/816
f 109/817 110/818 127/819 126/820
f 126/821 127/822 110/823 109/824
f 110/825 111/826 128/827 127/828
f 127/829 128/830 111/831 110/832
f 111/833 112/834 129/835 128/836
f 128/837 129/838 112/839 111/840
f 112/841 113/842 130/843 129/844
f 129/845 130/846 113/847 112/848
f 113/849 114/850 131/851 130/852
f 130/853 131/854 114/855 113/856
f 114/857 115/858 132/859 131/860
f 131/861 132/862 115/863 114/864
f 115/865 116/866 133/867 132/868
f 132/869 133/870 116/871 115/872
f 116/873 117/874 134/875 133/876
f 133/877 134/878 117/879 116/880
f 117/881 118/882 135/883 134/884
f 134/885 135/886 118/887 117/888
f 118/889 119/890 136/891 135/892
f 135/893 136/894 119/895 118/896
f 120/897 121/898 138/899 137/900
f 137/901 138/902 121/903 120/904
f 121/905 122/906 139/907 138/908
f 138/909 139/910 122/911 121/912
f 122/913 123/914 140/915 139/916
f 139/917 140/918 123/919 122/920
f 123/921 124/922 141/923 140/924
f 140/925 141/926 124/927 123/928
f 124/929 125/930 142/931 141/932
f 141/933 142/934 125/935 124/936
f 125/937 126/938 143/939 142/940
f 142/941 143/942 126/943 125/944
f 126/945 127/946 144/947 143/948
f 143/949 144/950 127/951 126/952
f 127/953 128/954 145/955 144/956
f 144/957 145/958 128/959 127/960
f 128/961 129/962 146/963 145/964
f 145/965 146/966 129/967 128/968
f 129/969 130/970 147/971 146/972
f 146/973 147/974 130/975 129/976
f 130/977 131/978 148/979 147/980
f 147/981 148/982 131/983 130/984
f 131/985 132/986 149/987 148/988
f 148/989 149/990 132/991 131/992
f 132/993 133/994 150/995 149/996
f 149/997 150/998 133/999 132/1000
f 133/1001 134/1002 151/1003 150/1004
f 150/1005 151/1006 134/1007 133/1008
f 134/1009 135/1010 152/1011 151/1012
f 151/1013 152/1014 135/1015 134/1016
f 135/1017 136/1018 153/1019 152/1020
f 152/1021 153/1022 136/1023 135/1024
f 137/1025 138/1026 155/1027 154/1028
f 154/1029 155/1030 138/1031 137/1032
f 138/1033 139/1034 156/1035 155/1036
f 155/1037 156/1038 139/1039 138/1040
f 139/1041 140/1042 157/1043 156/1044
f 156/1045 157/1046 140/1047 139/1048
f 140/1049 141/1050 158/1051 157/1052
f 157/1053 158/1054 141/1055 140/1056
f 141/1057 142/1058 159/1059 158/1060
f 158/1061 159/1062 142/1063 141/1064
f 142/1065 143/1066 160/1067 159/1068
f 159/1069 160/1070 143/1071 142/1072
f 143/1073 144/1074 161/1075 160/1076
f 160/1077 161/1078 144/1079 143/1080
f 144/1081 145/1082 162/1083 161/1084
f 161/1085 162/1086 145/1087 144/1088
f 145/1089 146/1090 163/1091 162/1092
f 162/1093 163/1094 146/1095 145/1096
f 146/1097 147/1098 164/1099 163/1100
f 163/1101 164/1102 147/1103 146/1104
f 147/1105 148/1106 165/1107 164/1108
f 164/1109 165/1110 148/1111 147/1112
f 148/1113 149/1114 166/1115 165/1116
f 165/1117 166/1118 149/1119 148/1120
f 149/1121 150/1122 167/1123 166/1124
f 166/1125 167/1126 150/1127 149/1128
f 150/1129 151/1130 168/1131 167/1132
f 167/1133 168/1134 151/1135 150/1136
f 151/1137 152/1138 169/1139 168/1140
f 168/1141 169/1142 152/1143 151/1144
f 152/1145 153/1146 170/1147 169/1148
f 169/1149 170/1150 153/1151 152/1152
f 154/1153 155/1154 172/1155 171/1156
f 171/1157 172/1158 155/1159 154/1160
f 155/1161 156/1162 173/1163 172/1164
f 172/1165 173/1166 156/1167 155/1168
f 156/1169 157/1170 174/1171 173/1172
f 173/1173 174/1174 157/1175 156/1176
f 157/1177 158/1178 175/1179 174/1180
f 174/1181 175/1182 158/1183 157/1184
f 158/1185 159/1186 176/1187 175/1188
f 175/1189 176/1190 159/1191 158/1192
f 159/1193 160/1194 177/1195 176/1196
f 176/1197 177/1198 160/1199 159/1200
f 160/1201 161/1202 178/1203 177/1204
f 177/1205 178/1206 161/1207 160/1208
f 161/1209 162/1210 179/1211 178/1212
f 178/1213 179/1214 162/1215 161/1216
f 162/1217 163/1218 180/1219 179/1220
f 179/1221 180/1222 163/1223 162/1224
f 163/1225 164/1226 181/1227 180/1228
f 180/1229 181/1230 164/1231 163/1232
f 164/1233 165/1234 182/1235 181/1236
f 181/1237 182/1238 165/1239 164/1240
f 165/1241 166/1242 183/1243 182/1244
f 182/1245 183/1246 166/1247 165/1248
f 166/1249 167/1250 184/1251 183/1252
f 183/1253 184/1254 167/1255 166/1256
f 167/1257 168/1258 185/1259 184/1260
f 184/1261 185/1262 168/1263 167/1264
f 168/1265 169/1266 186/1267 185/1268
f 185/1269 186/1270 169/1271 168/1272
f 169/1273 170/1274 187/1275 186/1276
f 186/1277 187/1278 170/1279 169/1280
f 171/1281 172/1282 189/1283 188/1284
f 188/1285 189/1286 172/1287 171/1288
f 172/1289 173/1290 190/1291 189/1292
f 189/1293 190/1294 173/1295 172/1296
f 173/1297 174/1298 191/1299 190/1300
f 190/1301 191/1302 174/1303 173/1304
f 174/1305 175/1306 192/1307 191/1308
f 191/1309 192/1310 175/1311 174/1312
f 175/1313 176/1314 193/1315 192/1316
f 192/1317 193/1318 176/1319 175/1320
f 176/1321 177/1322 194/1323 193/1324
f 193/1325 194/1326 177/1327 176/1328
f 177/1329 178/1330 195/1331 194/1332
f 194/1333 195/1334 178/1335 177/1336
f 178/1337 179/1338 196/1339 195/1340
f 195/1341 196/1342 179/1343 178/1344
f 179/1345 180/1346 197/1347 196/1348
f 196/1349 197/1350 180/1351 179/1352
f 180/1353 181/1354 198/1355 197/1356
f 197/1357 198/1358 181/1359 180/1360
f 181/1361 182/1362 199/1363 198/1364
f 198/1365 199/1366 182/1367 181/1368
f 182/1369 183/1370 200/1371 199/1372
f 199/1373 200/1374 183/1375 182/1376
f 183/1377 184/1378 201/1379 200/1380
f 200/1381 201/1382 184/1383 183/1384
f 184/1385 185/1386 202/1387 201/1388
f 201/1389 202/1390 185/1391 184/1392
f 185/1393 186/1394 203/1395 202/1396
f 202/1397 203/1398 186/1399 185/1400
f 186/1401 187/1402 204/1403 203/1404
f 203/1405 204/1406 187/1407 186/1408
f 188/1409 189/1410 206/1411 205/1412
f 205/1413 206/1414 189/1415 188/1416
f 189/1417 190/1418 207/1419 206/1420
f 206/1421 207/1422 190/1423 189/1424
f 190/1425 191/1426 208/1427 207/1428
f 207/1429 208/1430 191/1431 190/1432
f 191/1433 192/1434 209/1435 208/1436
f 208/1437 209/1438 192/1439 191/1440
f 192/1441 193/1442 210/1443 209/1444
f 209/1445 210/1446 193/1447 192/1448
f 193/1449 194/1450 211/1451 210/1452
f 210/1453 211/1454 194/1455 193/1456
f 194/1457 195/1458 212/1459 211/1460
f 211/1461 212/1462 195/1463 194/1464
f 195/1465 196/1466 213/1467 212/1468
f 212/1469 213/1470 196/1471 195/1472
f 196/1473 197/1474 214/1475 213/1476
f 213/1477 214/1478 197/1479 196/1480
f 197/1481 198/1482 215/1483 214/1484
f 214/1485 215/1486 198/1487 197/1488
f 198/1489 199/1490 216/1491 215/1492
f 215/1493 216/1494 199/1495 198/1496
f 199/1497 200/1498 217/1499 216/1500
f 216/1501 217/1502 200/1503 199/1504
f 200/1505 201/1506 218/1507 217/1508
f 217/1509 218/1510 201/1511 200/1512
f 201/1513 202/1514 219/1515 218/1516
f 218/1517 219/1518 202/1519 201/1520
f 202/1521 203/1522 220/1523 219/1524
f 219/1525 220/1526 203/1527 202/1528
f 203/1529 204/1530 221/1531 220/1532
f 220/1533 221/1534 204/1535 203/1536
f 205/1537 206/1538 223/1539 222/1540
f 222/1541 223/1542 206/1543 205/1544
f 206/1545 207/1546 224/1547 223/1548
f 223/1549 224/1550 207/1551 206/1552
f 207/1553 208/1554 225/1555 224/1556
f 224/1557 225/1558 208/1559 207/1560
f 208/1561 209/1562 226/1563 225/1564
f 225/1565 226/1566 209/1567 208/1568
f 209/1569 210/1570 227/1571 226/1572
f 226/1573 227/1574 210/1575 209/1576
f 210/1577 211/1578 228/1579 227/1580
f 227/1581 228/1582 211/1583 210/1584
f 211/1585 212/1586 229/1587 228/1588
f 228/1589 229/1590 212/1591 211/1592
f 212/1593 213/1594 230/1595 229/1596
f 229/1597 230/1598 213/1599 212/1600
f 213/1601 214/1602 231/1603 230/1604
f 230/1605 231/1606 214/1607 213/1608
f 214/1609 215/1610 232/1611 231/1612
f 231/1613 232/1614 215/1615 214/1616
f 215/1617 216/1618 233/1619 232/1620
f 232/1621 233/1622 216/1623 215/1624
f 216/1625 217/1626 234/1627 233/1628
f 233/1629 234/1630 217/1631 216/1632
f 217/1633 218/1634 235/1635 234/1636
f 234/1637 235/1638 218/1639 217/1640
f 218/1641 219/1642 236/1643 235/1644
f 235/1645 236/1646 219/1647 218/1648
f 219/1649 220/1650 237/1651 236/1652
f 236/1653 237/1654 220/1655 219/1656
f 220/1657 221/1658 238/1659 237/1660
f 237/1661 238/1662 221/1663 220/1664
f 222/1665 223/1666 240/1667 239/1668
f 239/1669 240/1670 223/1671 222/1672
f 223/1673 224/1674 241/1675 240/1676
f 240/1677 241/1678 224/1679 223/1680
f 224/1681 225/1682 242/1683 241/1684
f 241/1685 242/1686 225/1687 224/1688
f 225/1689 226/1690 243/1691 242/1692
f 242/1693 243/1694 226/1695 225/1696
f 226/1697 227/1698 244/1699 243/1700
f 243/1701 244/1702 227/1703 226/1704
f 227/1705 228/1706 245/1707 244/1708
f 244/1709 245/1710 228/1711 227/1712
f 228/1713 229/1714 246/1715 245/1716
f 245/1717 246/1718 229/1719 228/1720
f 229/1721 230/1722 247/1723 246/1724
f 246/1725 247/1726 230/1727 229/1728
f 230/1729 231/1730 248/1731 247/1732
f 247/1733 248/1734 231/1735 230/1736
f 231/1737 232/1738 249/1739 248/1740
f 248/1741 249/1742 232/1743 231/1744
f 232/1745 233/1746 250/1747 249/1748
f 249/1749 250/1750 233/1751 232/1752
f 233/1753 234/1754 251/1755 250/1756
f 250/1757 251/1758 234/1759 233/1760
f 234/1761 235/1762 252/1763 251/1764
f 251/1765 252/1766 235/1767 234/1768
f 235/1769 236/1770 253/1771 252/1772
f 252/1773 253/1774 236/1775 235/1776
f 236/1777 237/1778 254/1779 253/1780
f 253/1781 254/1782 237/1783 236/1784
f 237/1785 238/1786 255/1787 254/1788
f 254/1789 255/1790 238/1791 237/1792
f 239/1793 240/1794 257/1795 256/1796
f 256/1797 257/1798 240/1799 239/1800
f 240/1801 241/1802 258/1803 257/1804
f 257/1805 258/1806 241/1807 240/1808
f 241/1809 242/1810 259/1811 258/1812
f 258/1813 259/1814 242/1815 241/1816
f 242/1817 243/1818 260/1819 259/1820
f 259/1821 260/1822 243/1823 242/1824
f 243/1825 244/1826 261/1827 260/1828
f 260/1829 261/1830 244/1831 243/1832
f 244/1833 245/1834 262/1835 261/1836
f 261/1837 262/1838 245/1839 244/1840
f 245/1841 246/1842 263/1843 262/1844
f 262/1845 263/1846 246/1847 245/1848
f 246/1849 247/1850 264/1851 263/1852
f 263/1853 264/1854 247/1855 246/1856
f 247/1857 248/1858 265/1859 264/1860
f 264/1861 265/1862 248/1863 247/1864
f 248/1865 249/1866 266/1867 265/1868
f 265/1869 266/1870 249/1871 248/1872
f 249/1873 250/1874 267/1875 266/1876
f 266/1877 267/1878 250/1879 249/1880
f 250/1881 251/1882 268/1883 267/1884
f 267/1885 268/1886 251/1887 250/1888
f 251/1889 252/1890 269/1891 268/1892
f 268/1893 269/1894 252/1895 251/1896
f 252/1897 253/1898 270/1899 269/1900
f 269/1901 270/1902 253/1903 252/1904
f 253/1905 254/1906 271/1907 270/1908
f 270/1909 271/1910 254/1911 253/1912
f 254/1913 255/1914 272/1915 271/1916
f 271/1917 272/1918 255/1919 254/1920
f 256/1921 257/1922 274/1923 273/1924
f 273/1925 274/1926 257/1927 256/1928
f 257/1929 258/1930 275/1931 274/1932
f 274/1933 275/1934 258/1935 257/1936
f 258/1937 259/1938 276/1939 275/1940
f 275/1941 276/1942 259/1943 258/1944
f 259/1945 260/1946 277/1947 276/1948
f 276/1949 277/1950 260/1951 259/1952
f 260/1953 261/1954 278/1955 277/1956
f 277/1957 278/1958 261/1959 260/1960
f 261/1961 262/1962 279/1963 278/1964
f 278/1965 279/1966 262/1967 261/1968
f 262/1969 263/1970 280/1971 279/1972
f 279/1973 280/1974 263/1975 262/1976
f 263/1977 264/1978 281/1979 280/1980
f 280/1981 281/1982 264/1983 263/1984
f 264/1985 265/1986 282/1987 281/1988
f 281/1989 282/1990 265/1991 264/1992
f 265/1993 266/1994 283/1995 282/1996
f 282/1997 283/1998 266/1999 265/2000
f 266/2001 267/2002 284/2003 283/2004
f 283/2005 284/2006 267/2007 266/2008
f 267/2009 268/2010 285/2011 284/2012
f 284/2013 285/2014 268/2015 267/2016
f 268/2017 269/2018 286/2019 285/2020
f 285/2021 286/2022 269/2023 268/2024
f 269/2025 270/2026 287/2027 286/2028
f 286/2029 287/2030 270/2031 269/2032
f 270/2033 271/2034 288/2035 287/2036
f 287/2037 288/2038 271/2039 270/2040
f 271/2041 272/2042 289/2043 288/2044
f 288/2045 289/2046 272/2047 271/2048
f 273/2049 274/2050 291/2051 290/2052
f 290/2053 291/2054 274/2055 273/2056
f 274/2057 275/2058 292/2059 291/2060
f 291/2061 292/2062 275/2063 274/2064
f 275/2065 276/2066 293/2067 292/2068
f 292/2069 293/2070 276/2071 275/2072
f 276/2073 277/2074 294/2075 293/2076
f 293/2077 294/2078 277/2079 276/2080
f 277/2081 278/2082 295/2083 294/2084
f 294/2085 295/2086 278/2087 277/2088
f 278/2089 279/2090 296/2091 295/2092
f 295/2093 296/2094 279/2095 278/2096
f 279/2097 280/2098 297/2099 296/2100
f 296/2101 297/2102 280/2103 279/2104
f 280/2105 281/2106 298/2107 297/2108
f 297/2109 298/2110 281/2111 280/2112
f 281/2113 282/2114 299/2115 298/2116
f 298/2117 299/2118 282/2119 281/2120
f 282/2121 283/2122 300/2123 299/2124
f 299/2125 300/2126 283/2127 282/2128
f 283/2129 284/2130 301/2131 300/2132
f 300/2133 301/2134 284/2135 283/2136
f 284/2137 285/2138 302/2139 301/2140
f 301/2141 302/2142 285/2143 284/2144
f 285/2145 286/2146 303/2147 302/2148
f 302/2149 303/2150 286/2151 285/2152
f 286/2153 287/2154 304/2155 303/2156
f 303/2157 304/2158 287/2159 286/2160
f 287/2161 288/2162 305/2163 304/2164
f 304/2165 305/2166 288/2167 287/2168
f 288/2169 289/2170 306/2171 305/2172
f 305/2173 306/2174 289/2175 288/2176
f 290/2177 291/2178 308/2179 307/2180
f 307/2181 308/2182 291/2183 290/2184
f 291/2185 292/2186 309/2187 308/2188
f 308/2189 309/2190 292/2191 291/2192
f 292/2193 293/2194 310/2195 309/2196
f 309/2197 310/2198 293/2199 292/2200
f 293/2201 294/2202 311/2203 310/2204
f 310/2205 311/2206 294/2207 293/2208
f 294/2209 295/2210 312/2211 311/2212
f 311/2213 312/2214 295/2215 294/2216
f 295/2217 296/2218 313/2219 312/2220
f 312/2221 313/2222 296/2223 295/2224
f 296/2225 297/2226 314/2227 313/2228
f 313/2229 314/2230 297/2231 296/2232
f 297/2233 298/2234 315/2235 314/2236
f 314/2237 315/2238 298/2239 297/2240
f 298/2241 299/2242 316/2243 315/2244
f 315/2245 316/2246 299/2247 298/2248
f 299/2249 300/2250 317/2251 316/2252
f 316/2253 317/2254 300/2255 299/2256
f 300/2257 301/2258 318/2259 317/2260
f 317/2261 318/2262 301/2263 300/2264
f 301/2265 302/2266 319/2267 318/2268
f 318/2269 319/2270 302/2271 301/2272
f 302/2273 303/2274 320/2275 319/2276
f 319/2277 320/2278 303/2279 302/2280
f 303/2281 304/2282 321/2283 320/2284
f 320/2285 321/2286 304/2287 303/2288
f 304/2289 305/2290 322/2291 321/2292
f 321/2293 322/2294 305/2295 304/2296
f 305/2297 306/2298 323/2299 322/2300
f 322/2301 323/2302 306/2303 305/2304
f 307/2305 308/2306 325/2307 324/2308
f 324/2309 325/2310 308/2311 307/2312
f 308/2313 309/2314 326/2315 325/2316
f 325/2317 326/2318 309/2319 308/2320
f 309/2321 310/2322 327/2323 326/2324
f 326/2325 327/2326 310/2327 309/2328
f 310/2329 311/2330 328/2331 327/2332
f 327/2333 328/2334 311/2335 310/2336
f 311/2337 312/2338 329/2339 328/2340
f 328/2341 329/2342 312/2343 311/2344
f 312/2345 313/2346 330/2347 329/2348
f 329/2349 330/2350 313/2351 312/2352
f 313/2353 314/2354 331/2355 330/2356
f 330/2357 331/2358 314/2359 313/2360
f 314/2361 315/2362 332/2363 331/2364
f 331/2365 332/2366 315/2367 314/2368
f 315/2369 316/2370 333/2371 332/2372
f 332/2373 333/2374 316/2375 315/2376
f 316/2377 317/2378 334/2379 333/2380
f 333/2381 334/2382 317/2383 316/2384
f 317/2385 318/2386 335/2387 334/2388
f 334/2389 335/2390 318/2391 317/2392
f 318/2393 319/2394 336/2395 335/2396
f 335/2397 336/2398 319/2399 318/2400
f 319/2401 320/2402 337/2403 336/2404
f 336/2405 337/2406 320/2407 319/2408
f 320/2409 321/2410 338/2411 337/2412
f 337/2413 338/2414 321/2415 320/2416
f 321/2417 322/2418 339/2419 338/2420
f 338/2421 339/2422 322/2423 321/2424
f 322/2425 323/2426 340/2427 339/2428
f 339/2429 340/2430 323/2431 322/2432
f 324/2433 325/2434 342/2435 341/2436
f 341/2437 342/2438 325/2439 324/2440
f 325/2441 326/2442 343/2443 342/2444
f 342/2445 343/2446 326/2447 325/2448
f 326/2449 327/2450 344/2451 343/2452
f 343/2453 344/2454 327/2455 326/2456
f 327/2457 328/2458 345/2459 344/2460
f 344/2461 345/2462 328/2463 327/2464
f 328/2465 329/2466 346/2467 345/2468
f 345/2469 346/2470 329/2471 328/2472
f 329/2473 330/2474 347/2475 346/2476
f 346/2477 347/2478 330/2479 329/2480
f 330/2481 331/2482 348/2483 347/2484
f 347/2485 348/2486 331/2487 330/2488
f 331/2489 332/2490 349/2491 348/2492
f 348/2493 349/2494 332/2495 331/2496
f 332/2497 333/2498 350/2499 349/2500
f 349/2501 350/2502 333/2503 332/2504
f 333/2505 334/2506 351/2507 350/2508
f 350/2509 351/2510 334/2511 333/2512
f 334/2513 335/2514 352/2515 351/2516
f 351/2517 352/2518 335/2519 334/2520
f 335/2521 336/2522 353/2523 352/2524
f 352/2525 353/2526 336/2527 335/2528
f 336/2529 337/2530 354/2531 353/2532
f 353/2533 354/2534 337/2535 336/2536
f 337/2537 338/2538 355/2539 354/2540
f 354/2541 355/2542 338/2543 337/2544
f 338/2545 339/2546 356/2547 355/2548
f 355/2549 356/2550 339/2551 338/2552
f 339/2553 340/2554 357/2555 356/2556
f 356/2557 357/2558 340/2559 339/2560
f 341/2561 342/2562 359/2563 358/2564
f 358/2565 359/2566 342/2567 341/2568
f 342/2569 343/2570 360/2571 359/2572
f 359/2573 360/2574 343/2575 342/2576
f 343/2577 344/2578 361/2579 360/2580
f 360/2581 361/2582 344/2583 343/2584
f 344/2585 345/2586 362/2587 361/2588
f 361/2589 362/2590 345/2591 344/2592
f 345/2593 346/2594 363/2595 362/2596
f 362/2597 363/2598 346/2599 345/2600
f 346/2601 347/2602 364/2603 363/2604
f 363/2605 364/2606 347/2607 346/2608
f 347/2609 348/2610 365/2611 364/2612
f 364/2613 365/2614 348/2615 347/2616
f 348/2617 349/2618 366/2619 365/2620
f 365/2621 366/2622 349/2623 348/2624
f 349/2625 350/2626 367/2627 366/2628
f 366/2629 367/2630 350/2631 349/2632
f 350/2633 351/2634 368/2635 367/2636
f 367/2637 368/2638 351/2639 350/2640
f 351/2641 352/2642 369/2643 368/2644
f 368/2645 369/2646 352/2647 351/2648
f 352/2649 353/2650 370/2651 369/2652
f 369/2653 370/2654 353/2655 352/2656
f 353/2657 354/2658 371/2659 370/2660
f 370/2661 371/2662 354/2663 353/2664
f 354/2665 355/2666 372/2667 371/2668
f 371/2669 372/2670 355/2671 354/2672
f 355/2673 356/2674 373/2675 372/2676
f 372/2677 373/2678 356/2679 355/2680
f 356/2681 357/2682 374/2683 373/2684
f 373/2685 374/2686 357/2687 356/2688
f 358/2689 359/2690 376/2691 375/2692
f 375/2693 376/2694 359/2695 358/2696
f 359/2697 360/2698 377/2699 376/2700
f 376/2701 377/2702 360/2703 359/2704
f 360/2705 361/2706 378/2707 377/2708
f 377/2709 378/2710 361/2711 360/2712
f 361/2713 362/2714 379/2715 378/2716
f 378/2717 379/2718 362/2719 361/2720
f 362/2721 363/2722 380/2723 379/2724
f 379/2725 380/2726 363/2727 362/2728
f 363/2729 364/2730 381/2731 380/2732
f 380/2733 381/2734 364/2735 363/2736
f 364/2737 365/2738 382/2739 381/2740
f 381/2741 382/2742 365/2743 364/2744
f 365/2745 366/2746 383/2747 382/2748
f 382/2749 383/2750 366/2751 365/2752
f 366/2753 367/2754 384/2755 383/2756
f 383/2757 384/2758 367/2759 366/2760
f 367/2761 368/2762 385/2763 384/2764
f 384/2765 385/2766 368/2767 367/2768
f 368/2769 369/2770 386/2771 385/2772
f 385/2773 386/2774 369/2775 368/2776
f 369/2777 370/2778 387/2779 386/2780
f 386/2781 387/2782 370/2783 369/2784
f 370/2785 371/2786 388/2787 387/2788
f 387/2789 388/2790 371/2791 370/2792
f 371/2793 372/2794 389/2795 388/2796
f 388/2797 389/2798 372/2799 371/2800
f 372/2801 373/2802 390/2803 389/2804
f 389/2805 390/2806 373/2807 372/2808
f 373/2809 374/2810 391/2811 390/2812
f 390/2813 391/2814 374/2815 373/2816
f 375/2817 376/2818 393/2819 392/2820
f 392/2821 393/2822 376/2823 375/2824
f 376/2825 377/2826 394/2827 393/2828
f 393/2829 394/2830 377/2831 376/2832
f 377/2833 378/2834 395/2835 394/2836
f 394/2837 395/2838 378/2839 377/2840
f 378/2841 379/2842 396/2843 395/2844
f 395/2845 396/2846 379/2847 378/2848
f 379/2849 380/2850 397/2851 396/2852
f 396/2853 397/2854 380/2855 379/2856
f 380/2857 381/2858 398/2859 397/2860
f 397/2861 398/2862 381/2863 380/2864
f 381/2865 382/2866 399/2867 398/2868
f 398/2869 399/2870 382/2871 381/2872
f 382/2873 383/2874 400/2875 399/2876
f 399/2877 400/2878 383/2879 382/2880
f 383/2881 384/2882 401/2883 400/2884
f 400/2885 401/2886 384/2887 383/2888
f 384/2889 385/2890 402/2891 401/2892
f 401/2893 402/2894 385/2895 384/2896
f 385/2897 386/2898 403/2899 402/2900
f 402/2901 403/2902 386/2903 385/2904
f 386/2905 387/2906 404/2907 403/2908
f 403/2909 404/2910 387/2911 386/2912
f 387/2913 388/2914 405/2915 404/2916
f 404/2917 405/2918 388/2919 387/2920
f 388/2921 389/2922 406/2923 405/2924
f 405/2925 406/2926 389/2927 388/2928
f 389/2929 390/2930 407/2931 406/2932
f 406/2933 407/2934 390/2935 389/2936
f 390/2937 391/2938 408/2939 407/2940
f 407/2941 408/2942 391/2943 390/2944
f 392/2945 393/2946 410/2947 409/2948
f 409/2949 410/2950 393/2951 392/2952
f 393/2953 394/2954 411/2955 410/2956
f 410/2957 411/2958 394/2959 393/2960
f 394/2961 395/2962 412/2963 411/2964
f 411/2965 412/2966 395/2967 394/2968
f 395/2969 396/2970 413/2971 412/2972
f 412/2973 413/2974 396/2975 395/2976
f 396/2977 397/2978 414/2979 413/2980
f 413/2981 414/2982 397/2983 396/2984
f 397/2985 398/2986 415/2987 414/2988
f 414/2989 415/2990 398/2991 397/2992
f 398/2993 399/2994 416/2995 415/2996
f 415/2997 416/2998 399/2999 398/3000
f 399/3001 400/3002 417/3003 416/3004
f 416/3005 417/3006 400/3007 399/3008
f 400/3009 401/3010 418/3011 417/3012
f 417/3013 418/3014 401/3015 400/3016
f 401/3017 402/3018 419/3019 418/3020
f 418/3021 419/3022 402/3023 401/3024
f 402/3025 403/3026 420/3027 419/3028
f 419/3029 420/3030 403/3031 402/3032
f 403/3033 404/3034 421/3035 420/3036
f 420/3037 421/3038 404/3039 403/3040
f 404/3041 405/3042 422/3043 421/3044
f 421/3045 422/3046 405/3047 404/3048
f 405/3049 406/3050 423/3051 422/3052
f 422/3053 423/3054 406/3055 405/3056
f 406/3057 407/3058 424/3059 423/3060
f 423/3061 424/3062 407/3063 406/3064
f 407/3065 408/3066 425/3067 424/3068
f 424/3069 425/3070 408/3071 407/3072
