# Generated by scripts/generate_entrance_terrace_reveal_kit.py
# Vertex RGB encodes wind stiffness: 0=root/rigid, 1=free tip
mtllib VD_EntranceTerraceReveal.mtl
o VD_DatePalm_Hero
v 24.496664 -1.928983 0.000000 0.000000 0.000000 0.000000
v 21.013324 11.071017 0.000000 0.000000 0.000000 0.000000
v 11.496664 20.587678 0.000000 0.000000 0.000000 0.000000
v -1.503336 24.071017 0.000000 0.000000 0.000000 0.000000
v -14.503336 20.587678 0.000000 0.000000 0.000000 0.000000
v -24.019997 11.071017 0.000000 0.000000 0.000000 0.000000
v -27.503336 -1.928983 0.000000 0.000000 0.000000 0.000000
v -24.019997 -14.928983 0.000000 0.000000 0.000000 0.000000
v -14.503336 -24.445643 0.000000 0.000000 0.000000 0.000000
v -1.503336 -27.928983 0.000000 0.000000 0.000000 0.000000
v 11.496664 -24.445643 0.000000 0.000000 0.000000 0.000000
v 21.013324 -14.928983 0.000000 0.000000 0.000000 0.000000
v 23.853807 -1.928983 19.142857 0.000000 0.000000 0.000000
v 20.456594 10.749588 19.142857 0.000000 0.000000 0.000000
v 11.175235 20.030947 19.142857 0.000000 0.000000 0.000000
v -1.503336 23.428160 19.142857 0.000000 0.000000 0.000000
v -14.181908 20.030947 19.142857 0.000000 0.000000 0.000000
v -23.463266 10.749588 19.142857 0.000000 0.000000 0.000000
v -26.860479 -1.928983 19.142857 0.000000 0.000000 0.000000
v -23.463266 -14.607554 19.142857 0.000000 0.000000 0.000000
v -14.181908 -23.888913 19.142857 0.000000 0.000000 0.000000
v -1.503336 -27.286126 19.142857 0.000000 0.000000 0.000000
v 11.175235 -23.888913 19.142857 0.000000 0.000000 0.000000
v 20.456594 -14.607554 19.142857 0.000000 0.000000 0.000000
v 23.210949 -1.928983 38.285714 0.000000 0.000000 0.000000
v 19.899863 10.428160 38.285714 0.000000 0.000000 0.000000
v 10.853807 19.474216 38.285714 0.000000 0.000000 0.000000
v -1.503336 22.785303 38.285714 0.000000 0.000000 0.000000
v -13.860479 19.474216 38.285714 0.000000 0.000000 0.000000
v -22.906536 10.428160 38.285714 0.000000 0.000000 0.000000
v -26.217622 -1.928983 38.285714 0.000000 0.000000 0.000000
v -22.906536 -14.286126 38.285714 0.000000 0.000000 0.000000
v -13.860479 -23.332182 38.285714 0.000000 0.000000 0.000000
v -1.503336 -26.643269 38.285714 0.000000 0.000000 0.000000
v 10.853807 -23.332182 38.285714 0.000000 0.000000 0.000000
v 19.899863 -14.286126 38.285714 0.000000 0.000000 0.000000
v 22.568092 -1.928983 57.428571 0.000000 0.000000 0.000000
v 19.343132 10.106731 57.428571 0.000000 0.000000 0.000000
v 10.532378 18.917486 57.428571 0.000000 0.000000 0.000000
v -1.503336 22.142446 57.428571 0.000000 0.000000 0.000000
v -13.539051 18.917486 57.428571 0.000000 0.000000 0.000000
v -22.349805 10.106731 57.428571 0.000000 0.000000 0.000000
v -25.574765 -1.928983 57.428571 0.000000 0.000000 0.000000
v -22.349805 -13.964697 57.428571 0.000000 0.000000 0.000000
v -13.539051 -22.775452 57.428571 0.000000 0.000000 0.000000
v -1.503336 -26.000412 57.428571 0.000000 0.000000 0.000000
v 10.532378 -22.775452 57.428571 0.000000 0.000000 0.000000
v 19.343132 -13.964697 57.428571 0.000000 0.000000 0.000000
v 21.925235 -1.928983 76.571429 0.000000 0.000000 0.000000
v 18.786402 9.785303 76.571429 0.000000 0.000000 0.000000
v 10.210949 18.360755 76.571429 0.000000 0.000000 0.000000
v -1.503336 21.499588 76.571429 0.000000 0.000000 0.000000
v -13.217622 18.360755 76.571429 0.000000 0.000000 0.000000
v -21.793074 9.785303 76.571429 0.000000 0.000000 0.000000
v -24.931908 -1.928983 76.571429 0.000000 0.000000 0.000000
v -21.793074 -13.643269 76.571429 0.000000 0.000000 0.000000
v -13.217622 -22.218721 76.571429 0.000000 0.000000 0.000000
v -1.503336 -25.357554 76.571429 0.000000 0.000000 0.000000
v 10.210949 -22.218721 76.571429 0.000000 0.000000 0.000000
v 18.786402 -13.643269 76.571429 0.000000 0.000000 0.000000
v 21.282378 -1.928983 95.714286 0.000000 0.000000 0.000000
v 18.229671 9.463874 95.714286 0.000000 0.000000 0.000000
v 9.889521 17.804024 95.714286 0.000000 0.000000 0.000000
v -1.503336 20.856731 95.714286 0.000000 0.000000 0.000000
v -12.896193 17.804024 95.714286 0.000000 0.000000 0.000000
v -21.236344 9.463874 95.714286 0.000000 0.000000 0.000000
v -24.289051 -1.928983 95.714286 0.000000 0.000000 0.000000
v -21.236344 -13.321840 95.714286 0.000000 0.000000 0.000000
v -12.896193 -21.661990 95.714286 0.000000 0.000000 0.000000
v -1.503336 -24.714697 95.714286 0.000000 0.000000 0.000000
v 9.889521 -21.661990 95.714286 0.000000 0.000000 0.000000
v 18.229671 -13.321840 95.714286 0.000000 0.000000 0.000000
v 20.639521 -1.928983 114.857143 0.000000 0.000000 0.000000
v 17.672941 9.142446 114.857143 0.000000 0.000000 0.000000
v 9.568092 17.247294 114.857143 0.000000 0.000000 0.000000
v -1.503336 20.213874 114.857143 0.000000 0.000000 0.000000
v -12.574765 17.247294 114.857143 0.000000 0.000000 0.000000
v -20.679613 9.142446 114.857143 0.000000 0.000000 0.000000
v -23.646193 -1.928983 114.857143 0.000000 0.000000 0.000000
v -20.679613 -13.000412 114.857143 0.000000 0.000000 0.000000
v -12.574765 -21.105260 114.857143 0.000000 0.000000 0.000000
v -1.503336 -24.071840 114.857143 0.000000 0.000000 0.000000
v 9.568092 -21.105260 114.857143 0.000000 0.000000 0.000000
v 17.672941 -13.000412 114.857143 0.000000 0.000000 0.000000
v 19.996664 -1.928983 134.000000 0.000000 0.000000 0.000000
v 17.116210 8.821017 134.000000 0.000000 0.000000 0.000000
v 9.246664 16.690563 134.000000 0.000000 0.000000 0.000000
v -1.503336 19.571017 134.000000 0.000000 0.000000 0.000000
v -12.253336 16.690563 134.000000 0.000000 0.000000 0.000000
v -20.122882 8.821017 134.000000 0.000000 0.000000 0.000000
v -23.003336 -1.928983 134.000000 0.000000 0.000000 0.000000
v -20.122882 -12.678983 134.000000 0.000000 0.000000 0.000000
v -12.253336 -20.548529 134.000000 0.000000 0.000000 0.000000
v -1.503336 -23.428983 134.000000 0.000000 0.000000 0.000000
v 9.246664 -20.548529 134.000000 0.000000 0.000000 0.000000
v 17.116210 -12.678983 134.000000 0.000000 0.000000 0.000000
v 19.353807 -1.928983 153.142857 0.000000 0.000000 0.000000
v 16.559479 8.499588 153.142857 0.000000 0.000000 0.000000
v 8.925235 16.133833 153.142857 0.000000 0.000000 0.000000
v -1.503336 18.928160 153.142857 0.000000 0.000000 0.000000
v -11.931908 16.133833 153.142857 0.000000 0.000000 0.000000
v -19.566152 8.499588 153.142857 0.000000 0.000000 0.000000
v -22.360479 -1.928983 153.142857 0.000000 0.000000 0.000000
v -19.566152 -12.357554 153.142857 0.000000 0.000000 0.000000
v -11.931908 -19.991799 153.142857 0.000000 0.000000 0.000000
v -1.503336 -22.786126 153.142857 0.000000 0.000000 0.000000
v 8.925235 -19.991799 153.142857 0.000000 0.000000 0.000000
v 16.559479 -12.357554 153.142857 0.000000 0.000000 0.000000
v 18.710949 -1.928983 172.285714 0.000000 0.000000 0.000000
v 16.002749 8.178160 172.285714 0.000000 0.000000 0.000000
v 8.603807 15.577102 172.285714 0.000000 0.000000 0.000000
v -1.503336 18.285303 172.285714 0.000000 0.000000 0.000000
v -11.610479 15.577102 172.285714 0.000000 0.000000 0.000000
v -19.009421 8.178160 172.285714 0.000000 0.000000 0.000000
v -21.717622 -1.928983 172.285714 0.000000 0.000000 0.000000
v -19.009421 -12.036126 172.285714 0.000000 0.000000 0.000000
v -11.610479 -19.435068 172.285714 0.000000 0.000000 0.000000
v -1.503336 -22.143269 172.285714 0.000000 0.000000 0.000000
v 8.603807 -19.435068 172.285714 0.000000 0.000000 0.000000
v 16.002749 -12.036126 172.285714 0.000000 0.000000 0.000000
v 18.068092 -1.928983 191.428571 0.000000 0.000000 0.000000
v 15.446018 7.856731 191.428571 0.000000 0.000000 0.000000
v 8.282378 15.020371 191.428571 0.000000 0.000000 0.000000
v -1.503336 17.642446 191.428571 0.000000 0.000000 0.000000
v -11.289051 15.020371 191.428571 0.000000 0.000000 0.000000
v -18.452691 7.856731 191.428571 0.000000 0.000000 0.000000
v -21.074765 -1.928983 191.428571 0.000000 0.000000 0.000000
v -18.452691 -11.714697 191.428571 0.000000 0.000000 0.000000
v -11.289051 -18.878337 191.428571 0.000000 0.000000 0.000000
v -1.503336 -21.500412 191.428571 0.000000 0.000000 0.000000
v 8.282378 -18.878337 191.428571 0.000000 0.000000 0.000000
v 15.446018 -11.714697 191.428571 0.000000 0.000000 0.000000
v 17.425235 -1.928983 210.571429 0.000000 0.000000 0.000000
v 14.889287 7.535303 210.571429 0.000000 0.000000 0.000000
v 7.960949 14.463641 210.571429 0.000000 0.000000 0.000000
v -1.503336 16.999588 210.571429 0.000000 0.000000 0.000000
v -10.967622 14.463641 210.571429 0.000000 0.000000 0.000000
v -17.895960 7.535303 210.571429 0.000000 0.000000 0.000000
v -20.431908 -1.928983 210.571429 0.000000 0.000000 0.000000
v -17.895960 -11.393269 210.571429 0.000000 0.000000 0.000000
v -10.967622 -18.321607 210.571429 0.000000 0.000000 0.000000
v -1.503336 -20.857554 210.571429 0.000000 0.000000 0.000000
v 7.960949 -18.321607 210.571429 0.000000 0.000000 0.000000
v 14.889287 -11.393269 210.571429 0.000000 0.000000 0.000000
v 16.782378 -1.928983 229.714286 0.000000 0.000000 0.000000
v 14.332557 7.213874 229.714286 0.000000 0.000000 0.000000
v 7.639521 13.906910 229.714286 0.000000 0.000000 0.000000
v -1.503336 16.356731 229.714286 0.000000 0.000000 0.000000
v -10.646193 13.906910 229.714286 0.000000 0.000000 0.000000
v -17.339229 7.213874 229.714286 0.000000 0.000000 0.000000
v -19.789051 -1.928983 229.714286 0.000000 0.000000 0.000000
v -17.339229 -11.071840 229.714286 0.000000 0.000000 0.000000
v -10.646193 -17.764876 229.714286 0.000000 0.000000 0.000000
v -1.503336 -20.214697 229.714286 0.000000 0.000000 0.000000
v 7.639521 -17.764876 229.714286 0.000000 0.000000 0.000000
v 14.332557 -11.071840 229.714286 0.000000 0.000000 0.000000
v 16.139521 -1.928983 248.857143 0.000000 0.000000 0.000000
v 13.775826 6.892446 248.857143 0.000000 0.000000 0.000000
v 7.318092 13.350180 248.857143 0.000000 0.000000 0.000000
v -1.503336 15.713874 248.857143 0.000000 0.000000 0.000000
v -10.324765 13.350180 248.857143 0.000000 0.000000 0.000000
v -16.782499 6.892446 248.857143 0.000000 0.000000 0.000000
v -19.146193 -1.928983 248.857143 0.000000 0.000000 0.000000
v -16.782499 -10.750412 248.857143 0.000000 0.000000 0.000000
v -10.324765 -17.208145 248.857143 0.000000 0.000000 0.000000
v -1.503336 -19.571840 248.857143 0.000000 0.000000 0.000000
v 7.318092 -17.208145 248.857143 0.000000 0.000000 0.000000
v 13.775826 -10.750412 248.857143 0.000000 0.000000 0.000000
v 15.496664 -1.928983 268.000000 0.000000 0.000000 0.000000
v 13.219096 6.571017 268.000000 0.000000 0.000000 0.000000
v 6.996664 12.793449 268.000000 0.000000 0.000000 0.000000
v -1.503336 15.071017 268.000000 0.000000 0.000000 0.000000
v -10.003336 12.793449 268.000000 0.000000 0.000000 0.000000
v -16.225768 6.571017 268.000000 0.000000 0.000000 0.000000
v -18.503336 -1.928983 268.000000 0.000000 0.000000 0.000000
v -16.225768 -10.428983 268.000000 0.000000 0.000000 0.000000
v -10.003336 -16.651415 268.000000 0.000000 0.000000 0.000000
v -1.503336 -18.928983 268.000000 0.000000 0.000000 0.000000
v 6.996664 -16.651415 268.000000 0.000000 0.000000 0.000000
v 13.219096 -10.428983 268.000000 0.000000 0.000000 0.000000
v -1.503336 -1.928983 0.000000 0.000000 0.000000 0.000000
v 24.026515 -1.928983 22.820000 0.000000 0.000000 0.000000
v 24.026515 -1.928983 5.180000 0.000000 0.000000 0.000000
v 22.776995 -9.818141 14.000000 0.000000 0.000000 0.000000
v 22.776995 5.960175 14.000000 0.000000 0.000000 0.000000
v 28.226515 -1.928983 14.000000 0.000000 0.000000 0.000000
v 16.548994 16.123348 22.820000 0.000000 0.000000 0.000000
v 16.548994 16.123348 5.180000 0.000000 0.000000 0.000000
v 21.243927 9.661327 14.000000 0.000000 0.000000 0.000000
v 10.086973 20.818281 14.000000 0.000000 0.000000 0.000000
v 19.518843 19.093196 14.000000 0.000000 0.000000 0.000000
v -1.503336 23.600868 22.820000 0.000000 0.000000 0.000000
v -1.503336 23.600868 5.180000 0.000000 0.000000 0.000000
v 6.385821 22.351348 14.000000 0.000000 0.000000 0.000000
v -9.392494 22.351348 14.000000 0.000000 0.000000 0.000000
v -1.503336 27.800868 14.000000 0.000000 0.000000 0.000000
v -19.555667 16.123348 22.820000 0.000000 0.000000 0.000000
v -19.555667 16.123348 5.180000 0.000000 0.000000 0.000000
v -13.093646 20.818281 14.000000 0.000000 0.000000 0.000000
v -24.250600 9.661327 14.000000 0.000000 0.000000 0.000000
v -22.525515 19.093196 14.000000 0.000000 0.000000 0.000000
v -27.033187 -1.928983 22.820000 0.000000 0.000000 0.000000
v -27.033187 -1.928983 5.180000 0.000000 0.000000 0.000000
v -25.783667 5.960175 14.000000 0.000000 0.000000 0.000000
v -25.783667 -9.818141 14.000000 0.000000 0.000000 0.000000
v -31.233187 -1.928983 14.000000 0.000000 0.000000 0.000000
v -19.555667 -19.981314 22.820000 0.000000 0.000000 0.000000
v -19.555667 -19.981314 5.180000 0.000000 0.000000 0.000000
v -24.250600 -13.519293 14.000000 0.000000 0.000000 0.000000
v -13.093646 -24.676247 14.000000 0.000000 0.000000 0.000000
v -22.525515 -22.951162 14.000000 0.000000 0.000000 0.000000
v -1.503336 -27.458834 22.820000 0.000000 0.000000 0.000000
v -1.503336 -27.458834 5.180000 0.000000 0.000000 0.000000
v -9.392494 -26.209314 14.000000 0.000000 0.000000 0.000000
v 6.385821 -26.209314 14.000000 0.000000 0.000000 0.000000
v -1.503336 -31.658834 14.000000 0.000000 0.000000 0.000000
v 16.548994 -19.981314 22.820000 0.000000 0.000000 0.000000
v 16.548994 -19.981314 5.180000 0.000000 0.000000 0.000000
v 10.086973 -24.676247 14.000000 0.000000 0.000000 0.000000
v 21.243927 -13.519293 14.000000 0.000000 0.000000 0.000000
v 19.518843 -22.951162 14.000000 0.000000 0.000000 0.000000
v 21.431628 7.570990 43.820000 0.000000 0.000000 0.000000
v 21.431628 7.570990 26.180000 0.000000 0.000000 0.000000
v 23.244765 0.018735 35.000000 0.000000 0.000000 0.000000
v 17.373458 14.193322 35.000000 0.000000 0.000000 0.000000
v 25.311922 9.178261 35.000000 0.000000 0.000000 0.000000
v 7.996637 21.005982 43.820000 0.000000 0.000000 0.000000
v 7.996637 21.005982 26.180000 0.000000 0.000000 0.000000
v 14.618969 16.947811 35.000000 0.000000 0.000000 0.000000
v 0.444382 22.819118 35.000000 0.000000 0.000000 0.000000
v 9.603908 24.886276 35.000000 0.000000 0.000000 0.000000
v -11.003310 21.005982 43.820000 0.000000 0.000000 0.000000
v -11.003310 21.005982 26.180000 0.000000 0.000000 0.000000
v -3.451054 22.819118 35.000000 0.000000 0.000000 0.000000
v -17.625642 16.947811 35.000000 0.000000 0.000000 0.000000
v -12.610580 24.886276 35.000000 0.000000 0.000000 0.000000
v -24.438301 7.570990 43.820000 0.000000 0.000000 0.000000
v -24.438301 7.570990 26.180000 0.000000 0.000000 0.000000
v -20.380131 14.193322 35.000000 0.000000 0.000000 0.000000
v -26.251437 0.018735 35.000000 0.000000 0.000000 0.000000
v -28.318595 9.178261 35.000000 0.000000 0.000000 0.000000
v -24.438301 -11.428956 43.820000 0.000000 0.000000 0.000000
v -24.438301 -11.428956 26.180000 0.000000 0.000000 0.000000
v -26.251437 -3.876701 35.000000 0.000000 0.000000 0.000000
v -20.380131 -18.051288 35.000000 0.000000 0.000000 0.000000
v -28.318595 -13.036227 35.000000 0.000000 0.000000 0.000000
v -11.003310 -24.863948 43.820000 0.000000 0.000000 0.000000
v -11.003310 -24.863948 26.180000 0.000000 0.000000 0.000000
v -17.625642 -20.805777 35.000000 0.000000 0.000000 0.000000
v -3.451054 -26.677084 35.000000 0.000000 0.000000 0.000000
v -12.610580 -28.744242 35.000000 0.000000 0.000000 0.000000
v 7.996637 -24.863948 43.820000 0.000000 0.000000 0.000000
v 7.996637 -24.863948 26.180000 0.000000 0.000000 0.000000
v 0.444382 -26.677084 35.000000 0.000000 0.000000 0.000000
v 14.618969 -20.805777 35.000000 0.000000 0.000000 0.000000
v 9.603908 -28.744242 35.000000 0.000000 0.000000 0.000000
v 21.431628 -11.428956 43.820000 0.000000 0.000000 0.000000
v 21.431628 -11.428956 26.180000 0.000000 0.000000 0.000000
v 17.373458 -18.051288 35.000000 0.000000 0.000000 0.000000
v 23.244765 -3.876701 35.000000 0.000000 0.000000 0.000000
v 25.311922 -13.036227 35.000000 0.000000 0.000000 0.000000
v 22.616067 -1.928983 64.820000 0.000000 0.000000 0.000000
v 22.616067 -1.928983 47.180000 0.000000 0.000000 0.000000
v 21.435579 -9.382288 56.000000 0.000000 0.000000 0.000000
v 21.435579 5.524322 56.000000 0.000000 0.000000 0.000000
v 26.816067 -1.928983 56.000000 0.000000 0.000000 0.000000
v 15.551657 15.126010 64.820000 0.000000 0.000000 0.000000
v 15.551657 15.126010 47.180000 0.000000 0.000000 0.000000
v 19.987209 9.020997 56.000000 0.000000 0.000000 0.000000
v 9.446644 19.561562 56.000000 0.000000 0.000000 0.000000
v 18.521506 18.095859 56.000000 0.000000 0.000000 0.000000
v -1.503336 22.190420 64.820000 0.000000 0.000000 0.000000
v -1.503336 22.190420 47.180000 0.000000 0.000000 0.000000
v 5.949969 21.009932 56.000000 0.000000 0.000000 0.000000
v -8.956642 21.009932 56.000000 0.000000 0.000000 0.000000
v -1.503336 26.390420 56.000000 0.000000 0.000000 0.000000
v -18.558330 15.126010 64.820000 0.000000 0.000000 0.000000
v -18.558330 15.126010 47.180000 0.000000 0.000000 0.000000
v -12.453316 19.561562 56.000000 0.000000 0.000000 0.000000
v -22.993882 9.020997 56.000000 0.000000 0.000000 0.000000
v -21.528178 18.095859 56.000000 0.000000 0.000000 0.000000
v -25.622739 -1.928983 64.820000 0.000000 0.000000 0.000000
v -25.622739 -1.928983 47.180000 0.000000 0.000000 0.000000
v -24.442252 5.524322 56.000000 0.000000 0.000000 0.000000
v -24.442252 -9.382288 56.000000 0.000000 0.000000 0.000000
v -29.822739 -1.928983 56.000000 0.000000 0.000000 0.000000
v -18.558330 -18.983976 64.820000 0.000000 0.000000 0.000000
v -18.558330 -18.983976 47.180000 0.000000 0.000000 0.000000
v -22.993882 -12.878963 56.000000 0.000000 0.000000 0.000000
v -12.453316 -23.419528 56.000000 0.000000 0.000000 0.000000
v -21.528178 -21.953825 56.000000 0.000000 0.000000 0.000000
v -1.503336 -26.048386 64.820000 0.000000 0.000000 0.000000
v -1.503336 -26.048386 47.180000 0.000000 0.000000 0.000000
v -8.956642 -24.867898 56.000000 0.000000 0.000000 0.000000
v 5.949969 -24.867898 56.000000 0.000000 0.000000 0.000000
v -1.503336 -30.248386 56.000000 0.000000 0.000000 0.000000
v 15.551657 -18.983976 64.820000 0.000000 0.000000 0.000000
v 15.551657 -18.983976 47.180000 0.000000 0.000000 0.000000
v 9.446644 -23.419528 56.000000 0.000000 0.000000 0.000000
v 19.987209 -12.878963 56.000000 0.000000 0.000000 0.000000
v 18.521506 -21.953825 56.000000 0.000000 0.000000 0.000000
v 20.128545 7.031235 85.820000 0.000000 0.000000 0.000000
v 20.128545 7.031235 68.180000 0.000000 0.000000 0.000000
v 21.838665 -0.091928 77.000000 0.000000 0.000000 0.000000
v 16.300945 13.277310 77.000000 0.000000 0.000000 0.000000
v 24.008839 8.638506 77.000000 0.000000 0.000000 0.000000
v 7.456882 19.702898 85.820000 0.000000 0.000000 0.000000
v 7.456882 19.702898 68.180000 0.000000 0.000000 0.000000
v 13.702957 15.875298 77.000000 0.000000 0.000000 0.000000
v 0.333719 21.413018 77.000000 0.000000 0.000000 0.000000
v 9.064153 23.583192 77.000000 0.000000 0.000000 0.000000
v -10.463555 19.702898 85.820000 0.000000 0.000000 0.000000
v -10.463555 19.702898 68.180000 0.000000 0.000000 0.000000
v -3.340392 21.413018 77.000000 0.000000 0.000000 0.000000
v -16.709629 15.875298 77.000000 0.000000 0.000000 0.000000
v -12.070825 23.583192 77.000000 0.000000 0.000000 0.000000
v -23.135217 7.031235 85.820000 0.000000 0.000000 0.000000
v -23.135217 7.031235 68.180000 0.000000 0.000000 0.000000
v -19.307618 13.277310 77.000000 0.000000 0.000000 0.000000
v -24.845337 -0.091928 77.000000 0.000000 0.000000 0.000000
v -27.015511 8.638506 77.000000 0.000000 0.000000 0.000000
v -23.135217 -10.889201 85.820000 0.000000 0.000000 0.000000
v -23.135217 -10.889201 68.180000 0.000000 0.000000 0.000000
v -24.845337 -3.766038 77.000000 0.000000 0.000000 0.000000
v -19.307618 -17.135276 77.000000 0.000000 0.000000 0.000000
v -27.015511 -12.496472 77.000000 0.000000 0.000000 0.000000
v -10.463555 -23.560864 85.820000 0.000000 0.000000 0.000000
v -10.463555 -23.560864 68.180000 0.000000 0.000000 0.000000
v -16.709629 -19.733264 77.000000 0.000000 0.000000 0.000000
v -3.340392 -25.270984 77.000000 0.000000 0.000000 0.000000
v -12.070825 -27.441158 77.000000 0.000000 0.000000 0.000000
v 7.456882 -23.560864 85.820000 0.000000 0.000000 0.000000
v 7.456882 -23.560864 68.180000 0.000000 0.000000 0.000000
v 0.333719 -25.270984 77.000000 0.000000 0.000000 0.000000
v 13.702957 -19.733264 77.000000 0.000000 0.000000 0.000000
v 9.064153 -27.441158 77.000000 0.000000 0.000000 0.000000
v 20.128545 -10.889201 85.820000 0.000000 0.000000 0.000000
v 20.128545 -10.889201 68.180000 0.000000 0.000000 0.000000
v 16.300945 -17.135276 77.000000 0.000000 0.000000 0.000000
v 21.838665 -3.766038 77.000000 0.000000 0.000000 0.000000
v 24.008839 -12.496472 77.000000 0.000000 0.000000 0.000000
v 21.205619 -1.928983 106.820000 0.000000 0.000000 0.000000
v 21.205619 -1.928983 89.180000 0.000000 0.000000 0.000000
v 20.094164 -8.946436 98.000000 0.000000 0.000000 0.000000
v 20.094164 5.088470 98.000000 0.000000 0.000000 0.000000
v 25.405619 -1.928983 98.000000 0.000000 0.000000 0.000000
v 14.554320 14.128673 106.820000 0.000000 0.000000 0.000000
v 14.554320 14.128673 89.180000 0.000000 0.000000 0.000000
v 18.730491 8.380667 98.000000 0.000000 0.000000 0.000000
v 8.806314 18.304844 98.000000 0.000000 0.000000 0.000000
v 17.524168 17.098522 98.000000 0.000000 0.000000 0.000000
v -1.503336 20.779972 106.820000 0.000000 0.000000 0.000000
v -1.503336 20.779972 89.180000 0.000000 0.000000 0.000000
v 5.514117 19.668517 98.000000 0.000000 0.000000 0.000000
v -8.520789 19.668517 98.000000 0.000000 0.000000 0.000000
v -1.503336 24.979972 98.000000 0.000000 0.000000 0.000000
v -17.560992 14.128673 106.820000 0.000000 0.000000 0.000000
v -17.560992 14.128673 89.180000 0.000000 0.000000 0.000000
v -11.812986 18.304844 98.000000 0.000000 0.000000 0.000000
v -21.737164 8.380667 98.000000 0.000000 0.000000 0.000000
v -20.530841 17.098522 98.000000 0.000000 0.000000 0.000000
v -24.212291 -1.928983 106.820000 0.000000 0.000000 0.000000
v -24.212291 -1.928983 89.180000 0.000000 0.000000 0.000000
v -23.100836 5.088470 98.000000 0.000000 0.000000 0.000000
v -23.100836 -8.946436 98.000000 0.000000 0.000000 0.000000
v -28.412291 -1.928983 98.000000 0.000000 0.000000 0.000000
v -17.560992 -17.986639 106.820000 0.000000 0.000000 0.000000
v -17.560992 -17.986639 89.180000 0.000000 0.000000 0.000000
v -21.737164 -12.238633 98.000000 0.000000 0.000000 0.000000
v -11.812986 -22.162810 98.000000 0.000000 0.000000 0.000000
v -20.530841 -20.956488 98.000000 0.000000 0.000000 0.000000
v -1.503336 -24.637938 106.820000 0.000000 0.000000 0.000000
v -1.503336 -24.637938 89.180000 0.000000 0.000000 0.000000
v -8.520789 -23.526483 98.000000 0.000000 0.000000 0.000000
v 5.514117 -23.526483 98.000000 0.000000 0.000000 0.000000
v -1.503336 -28.837938 98.000000 0.000000 0.000000 0.000000
v 14.554320 -17.986639 106.820000 0.000000 0.000000 0.000000
v 14.554320 -17.986639 89.180000 0.000000 0.000000 0.000000
v 8.806314 -22.162810 98.000000 0.000000 0.000000 0.000000
v 18.730491 -12.238633 98.000000 0.000000 0.000000 0.000000
v 17.524168 -20.956488 98.000000 0.000000 0.000000 0.000000
v 18.825461 6.491480 127.820000 0.000000 0.000000 0.000000
v 18.825461 6.491480 110.180000 0.000000 0.000000 0.000000
v 20.432565 -0.202590 119.000000 0.000000 0.000000 0.000000
v 15.228432 12.361297 119.000000 0.000000 0.000000 0.000000
v 22.705755 8.098751 119.000000 0.000000 0.000000 0.000000
v 6.917127 18.399814 127.820000 0.000000 0.000000 0.000000
v 6.917127 18.399814 110.180000 0.000000 0.000000 0.000000
v 12.786944 14.802786 119.000000 0.000000 0.000000 0.000000
v 0.223057 20.006918 119.000000 0.000000 0.000000 0.000000
v 8.524398 22.280108 119.000000 0.000000 0.000000 0.000000
v -9.923800 18.399814 127.820000 0.000000 0.000000 0.000000
v -9.923800 18.399814 110.180000 0.000000 0.000000 0.000000
v -3.229729 20.006918 119.000000 0.000000 0.000000 0.000000
v -15.793617 14.802786 119.000000 0.000000 0.000000 0.000000
v -11.531070 22.280108 119.000000 0.000000 0.000000 0.000000
v -21.832133 6.491480 127.820000 0.000000 0.000000 0.000000
v -21.832133 6.491480 110.180000 0.000000 0.000000 0.000000
v -18.235105 12.361297 119.000000 0.000000 0.000000 0.000000
v -23.439237 -0.202590 119.000000 0.000000 0.000000 0.000000
v -25.712427 8.098751 119.000000 0.000000 0.000000 0.000000
v -21.832133 -10.349446 127.820000 0.000000 0.000000 0.000000
v -21.832133 -10.349446 110.180000 0.000000 0.000000 0.000000
v -23.439237 -3.655376 119.000000 0.000000 0.000000 0.000000
v -18.235105 -16.219263 119.000000 0.000000 0.000000 0.000000
v -25.712427 -11.956717 119.000000 0.000000 0.000000 0.000000
v -9.923800 -22.257780 127.820000 0.000000 0.000000 0.000000
v -9.923800 -22.257780 110.180000 0.000000 0.000000 0.000000
v -15.793617 -18.660752 119.000000 0.000000 0.000000 0.000000
v -3.229729 -23.864884 119.000000 0.000000 0.000000 0.000000
v -11.531070 -26.138074 119.000000 0.000000 0.000000 0.000000
v 6.917127 -22.257780 127.820000 0.000000 0.000000 0.000000
v 6.917127 -22.257780 110.180000 0.000000 0.000000 0.000000
v 0.223057 -23.864884 119.000000 0.000000 0.000000 0.000000
v 12.786944 -18.660752 119.000000 0.000000 0.000000 0.000000
v 8.524398 -26.138074 119.000000 0.000000 0.000000 0.000000
v 18.825461 -10.349446 127.820000 0.000000 0.000000 0.000000
v 18.825461 -10.349446 110.180000 0.000000 0.000000 0.000000
v 15.228432 -16.219263 119.000000 0.000000 0.000000 0.000000
v 20.432565 -3.655376 119.000000 0.000000 0.000000 0.000000
v 22.705755 -11.956717 119.000000 0.000000 0.000000 0.000000
v 19.795171 -1.928983 148.820000 0.000000 0.000000 0.000000
v 19.795171 -1.928983 131.180000 0.000000 0.000000 0.000000
v 18.752748 -8.510584 140.000000 0.000000 0.000000 0.000000
v 18.752748 4.652618 140.000000 0.000000 0.000000 0.000000
v 23.995171 -1.928983 140.000000 0.000000 0.000000 0.000000
v 13.556983 13.131336 148.820000 0.000000 0.000000 0.000000
v 13.556983 13.131336 131.180000 0.000000 0.000000 0.000000
v 17.473773 7.740337 140.000000 0.000000 0.000000 0.000000
v 8.165984 17.048126 140.000000 0.000000 0.000000 0.000000
v 16.526831 16.101185 140.000000 0.000000 0.000000 0.000000
v -1.503336 19.369524 148.820000 0.000000 0.000000 0.000000
v -1.503336 19.369524 131.180000 0.000000 0.000000 0.000000
v 5.078265 18.327101 140.000000 0.000000 0.000000 0.000000
v -8.084937 18.327101 140.000000 0.000000 0.000000 0.000000
v -1.503336 23.569524 140.000000 0.000000 0.000000 0.000000
v -16.563655 13.131336 148.820000 0.000000 0.000000 0.000000
v -16.563655 13.131336 131.180000 0.000000 0.000000 0.000000
v -11.172656 17.048126 140.000000 0.000000 0.000000 0.000000
v -20.480445 7.740337 140.000000 0.000000 0.000000 0.000000
v -19.533504 16.101185 140.000000 0.000000 0.000000 0.000000
v -22.801844 -1.928983 148.820000 0.000000 0.000000 0.000000
v -22.801844 -1.928983 131.180000 0.000000 0.000000 0.000000
v -21.759421 4.652618 140.000000 0.000000 0.000000 0.000000
v -21.759421 -8.510584 140.000000 0.000000 0.000000 0.000000
v -27.001844 -1.928983 140.000000 0.000000 0.000000 0.000000
v -16.563655 -16.989302 148.820000 0.000000 0.000000 0.000000
v -16.563655 -16.989302 131.180000 0.000000 0.000000 0.000000
v -20.480445 -11.598303 140.000000 0.000000 0.000000 0.000000
v -11.172656 -20.906092 140.000000 0.000000 0.000000 0.000000
v -19.533504 -19.959151 140.000000 0.000000 0.000000 0.000000
v -1.503336 -23.227490 148.820000 0.000000 0.000000 0.000000
v -1.503336 -23.227490 131.180000 0.000000 0.000000 0.000000
v -8.084937 -22.185067 140.000000 0.000000 0.000000 0.000000
v 5.078265 -22.185067 140.000000 0.000000 0.000000 0.000000
v -1.503336 -27.427490 140.000000 0.000000 0.000000 0.000000
v 13.556983 -16.989302 148.820000 0.000000 0.000000 0.000000
v 13.556983 -16.989302 131.180000 0.000000 0.000000 0.000000
v 8.165984 -20.906092 140.000000 0.000000 0.000000 0.000000
v 17.473773 -11.598303 140.000000 0.000000 0.000000 0.000000
v 16.526831 -19.959151 140.000000 0.000000 0.000000 0.000000
v 17.522377 5.951725 169.820000 0.000000 0.000000 0.000000
v 17.522377 5.951725 152.180000 0.000000 0.000000 0.000000
v 19.026465 -0.313253 161.000000 0.000000 0.000000 0.000000
v 14.155919 11.445285 161.000000 0.000000 0.000000 0.000000
v 21.402671 7.558996 161.000000 0.000000 0.000000 0.000000
v 6.377372 17.096730 169.820000 0.000000 0.000000 0.000000
v 6.377372 17.096730 152.180000 0.000000 0.000000 0.000000
v 11.870932 13.730273 161.000000 0.000000 0.000000 0.000000
v 0.112394 18.600818 161.000000 0.000000 0.000000 0.000000
v 7.984643 20.977024 161.000000 0.000000 0.000000 0.000000
v -9.384045 17.096730 169.820000 0.000000 0.000000 0.000000
v -9.384045 17.096730 152.180000 0.000000 0.000000 0.000000
v -3.119067 18.600818 161.000000 0.000000 0.000000 0.000000
v -14.877604 13.730273 161.000000 0.000000 0.000000 0.000000
v -10.991315 20.977024 161.000000 0.000000 0.000000 0.000000
v -20.529049 5.951725 169.820000 0.000000 0.000000 0.000000
v -20.529049 5.951725 152.180000 0.000000 0.000000 0.000000
v -17.162592 11.445285 161.000000 0.000000 0.000000 0.000000
v -22.033138 -0.313253 161.000000 0.000000 0.000000 0.000000
v -24.409343 7.558996 161.000000 0.000000 0.000000 0.000000
v -20.529049 -9.809691 169.820000 0.000000 0.000000 0.000000
v -20.529049 -9.809691 152.180000 0.000000 0.000000 0.000000
v -22.033138 -3.544713 161.000000 0.000000 0.000000 0.000000
v -17.162592 -15.303251 161.000000 0.000000 0.000000 0.000000
v -24.409343 -11.416962 161.000000 0.000000 0.000000 0.000000
v -9.384045 -20.954696 169.820000 0.000000 0.000000 0.000000
v -9.384045 -20.954696 152.180000 0.000000 0.000000 0.000000
v -14.877604 -17.588239 161.000000 0.000000 0.000000 0.000000
v -3.119067 -22.458784 161.000000 0.000000 0.000000 0.000000
v -10.991315 -24.834990 161.000000 0.000000 0.000000 0.000000
v 6.377372 -20.954696 169.820000 0.000000 0.000000 0.000000
v 6.377372 -20.954696 152.180000 0.000000 0.000000 0.000000
v 0.112394 -22.458784 161.000000 0.000000 0.000000 0.000000
v 11.870932 -17.588239 161.000000 0.000000 0.000000 0.000000
v 7.984643 -24.834990 161.000000 0.000000 0.000000 0.000000
v 17.522377 -9.809691 169.820000 0.000000 0.000000 0.000000
v 17.522377 -9.809691 152.180000 0.000000 0.000000 0.000000
v 14.155919 -15.303251 161.000000 0.000000 0.000000 0.000000
v 19.026465 -3.544713 161.000000 0.000000 0.000000 0.000000
v 21.402671 -11.416962 161.000000 0.000000 0.000000 0.000000
v 18.384723 -1.928983 190.820000 0.000000 0.000000 0.000000
v 18.384723 -1.928983 173.180000 0.000000 0.000000 0.000000
v 17.411333 -8.074731 182.000000 0.000000 0.000000 0.000000
v 17.411333 4.216765 182.000000 0.000000 0.000000 0.000000
v 22.584723 -1.928983 182.000000 0.000000 0.000000 0.000000
v 12.559646 12.133999 190.820000 0.000000 0.000000 0.000000
v 12.559646 12.133999 173.180000 0.000000 0.000000 0.000000
v 16.217055 7.100007 182.000000 0.000000 0.000000 0.000000
v 7.525654 15.791408 182.000000 0.000000 0.000000 0.000000
v 15.529494 15.103847 182.000000 0.000000 0.000000 0.000000
v -1.503336 17.959077 190.820000 0.000000 0.000000 0.000000
v -1.503336 17.959077 173.180000 0.000000 0.000000 0.000000
v 4.642412 16.985686 182.000000 0.000000 0.000000 0.000000
v -7.649085 16.985686 182.000000 0.000000 0.000000 0.000000
v -1.503336 22.159077 182.000000 0.000000 0.000000 0.000000
v -15.566318 12.133999 190.820000 0.000000 0.000000 0.000000
v -15.566318 12.133999 173.180000 0.000000 0.000000 0.000000
v -10.532326 15.791408 182.000000 0.000000 0.000000 0.000000
v -19.223727 7.100007 182.000000 0.000000 0.000000 0.000000
v -18.536167 15.103847 182.000000 0.000000 0.000000 0.000000
v -21.391396 -1.928983 190.820000 0.000000 0.000000 0.000000
v -21.391396 -1.928983 173.180000 0.000000 0.000000 0.000000
v -20.418005 4.216765 182.000000 0.000000 0.000000 0.000000
v -20.418005 -8.074731 182.000000 0.000000 0.000000 0.000000
v -25.591396 -1.928983 182.000000 0.000000 0.000000 0.000000
v -15.566318 -15.991965 190.820000 0.000000 0.000000 0.000000
v -15.566318 -15.991965 173.180000 0.000000 0.000000 0.000000
v -19.223727 -10.957973 182.000000 0.000000 0.000000 0.000000
v -10.532326 -19.649374 182.000000 0.000000 0.000000 0.000000
v -18.536167 -18.961813 182.000000 0.000000 0.000000 0.000000
v -1.503336 -21.817043 190.820000 0.000000 0.000000 0.000000
v -1.503336 -21.817043 173.180000 0.000000 0.000000 0.000000
v -7.649085 -20.843652 182.000000 0.000000 0.000000 0.000000
v 4.642412 -20.843652 182.000000 0.000000 0.000000 0.000000
v -1.503336 -26.017043 182.000000 0.000000 0.000000 0.000000
v 12.559646 -15.991965 190.820000 0.000000 0.000000 0.000000
v 12.559646 -15.991965 173.180000 0.000000 0.000000 0.000000
v 7.525654 -19.649374 182.000000 0.000000 0.000000 0.000000
v 16.217055 -10.957973 182.000000 0.000000 0.000000 0.000000
v 15.529494 -18.961813 182.000000 0.000000 0.000000 0.000000
v 16.219293 5.411970 211.820000 0.000000 0.000000 0.000000
v 16.219293 5.411970 194.180000 0.000000 0.000000 0.000000
v 17.620365 -0.423915 203.000000 0.000000 0.000000 0.000000
v 13.083407 10.529272 203.000000 0.000000 0.000000 0.000000
v 20.099587 7.019241 203.000000 0.000000 0.000000 0.000000
v 5.837617 15.793646 211.820000 0.000000 0.000000 0.000000
v 5.837617 15.793646 194.180000 0.000000 0.000000 0.000000
v 10.954919 12.657760 203.000000 0.000000 0.000000 0.000000
v 0.001732 17.194719 203.000000 0.000000 0.000000 0.000000
v 7.444888 19.673940 203.000000 0.000000 0.000000 0.000000
v -8.844290 15.793646 211.820000 0.000000 0.000000 0.000000
v -8.844290 15.793646 194.180000 0.000000 0.000000 0.000000
v -3.008404 17.194719 203.000000 0.000000 0.000000 0.000000
v -13.961592 12.657760 203.000000 0.000000 0.000000 0.000000
v -10.451560 19.673940 203.000000 0.000000 0.000000 0.000000
v -19.225966 5.411970 211.820000 0.000000 0.000000 0.000000
v -19.225966 5.411970 194.180000 0.000000 0.000000 0.000000
v -16.090079 10.529272 203.000000 0.000000 0.000000 0.000000
v -20.627038 -0.423915 203.000000 0.000000 0.000000 0.000000
v -23.106260 7.019241 203.000000 0.000000 0.000000 0.000000
v -19.225966 -9.269936 211.820000 0.000000 0.000000 0.000000
v -19.225966 -9.269936 194.180000 0.000000 0.000000 0.000000
v -20.627038 -3.434051 203.000000 0.000000 0.000000 0.000000
v -16.090079 -14.387238 203.000000 0.000000 0.000000 0.000000
v -23.106260 -10.877207 203.000000 0.000000 0.000000 0.000000
v -8.844290 -19.651612 211.820000 0.000000 0.000000 0.000000
v -8.844290 -19.651612 194.180000 0.000000 0.000000 0.000000
v -13.961592 -16.515726 203.000000 0.000000 0.000000 0.000000
v -3.008404 -21.052685 203.000000 0.000000 0.000000 0.000000
v -10.451560 -23.531906 203.000000 0.000000 0.000000 0.000000
v 5.837617 -19.651612 211.820000 0.000000 0.000000 0.000000
v 5.837617 -19.651612 194.180000 0.000000 0.000000 0.000000
v 0.001732 -21.052685 203.000000 0.000000 0.000000 0.000000
v 10.954919 -16.515726 203.000000 0.000000 0.000000 0.000000
v 7.444888 -23.531906 203.000000 0.000000 0.000000 0.000000
v 16.219293 -9.269936 211.820000 0.000000 0.000000 0.000000
v 16.219293 -9.269936 194.180000 0.000000 0.000000 0.000000
v 13.083407 -14.387238 203.000000 0.000000 0.000000 0.000000
v 17.620365 -3.434051 203.000000 0.000000 0.000000 0.000000
v 20.099587 -10.877207 203.000000 0.000000 0.000000 0.000000
v 16.974276 -1.928983 232.820000 0.000000 0.000000 0.000000
v 16.974276 -1.928983 215.180000 0.000000 0.000000 0.000000
v 16.069917 -7.638879 224.000000 0.000000 0.000000 0.000000
v 16.069917 3.780913 224.000000 0.000000 0.000000 0.000000
v 21.174276 -1.928983 224.000000 0.000000 0.000000 0.000000
v 11.562308 11.136662 232.820000 0.000000 0.000000 0.000000
v 11.562308 11.136662 215.180000 0.000000 0.000000 0.000000
v 14.960337 6.459677 224.000000 0.000000 0.000000 0.000000
v 6.885324 14.534690 224.000000 0.000000 0.000000 0.000000
v 14.532157 14.106510 224.000000 0.000000 0.000000 0.000000
v -1.503336 16.548629 232.820000 0.000000 0.000000 0.000000
v -1.503336 16.548629 215.180000 0.000000 0.000000 0.000000
v 4.206560 15.644270 224.000000 0.000000 0.000000 0.000000
v -7.213232 15.644270 224.000000 0.000000 0.000000 0.000000
v -1.503336 20.748629 224.000000 0.000000 0.000000 0.000000
v -14.568981 11.136662 232.820000 0.000000 0.000000 0.000000
v -14.568981 11.136662 215.180000 0.000000 0.000000 0.000000
v -9.891997 14.534690 224.000000 0.000000 0.000000 0.000000
v -17.967009 6.459677 224.000000 0.000000 0.000000 0.000000
v -17.538829 14.106510 224.000000 0.000000 0.000000 0.000000
v -19.980948 -1.928983 232.820000 0.000000 0.000000 0.000000
v -19.980948 -1.928983 215.180000 0.000000 0.000000 0.000000
v -19.076589 3.780913 224.000000 0.000000 0.000000 0.000000
v -19.076589 -7.638879 224.000000 0.000000 0.000000 0.000000
v -24.180948 -1.928983 224.000000 0.000000 0.000000 0.000000
v -14.568981 -14.994628 232.820000 0.000000 0.000000 0.000000
v -14.568981 -14.994628 215.180000 0.000000 0.000000 0.000000
v -17.967009 -10.317643 224.000000 0.000000 0.000000 0.000000
v -9.891997 -18.392656 224.000000 0.000000 0.000000 0.000000
v -17.538829 -17.964476 224.000000 0.000000 0.000000 0.000000
v -1.503336 -20.406595 232.820000 0.000000 0.000000 0.000000
v -1.503336 -20.406595 215.180000 0.000000 0.000000 0.000000
v -7.213232 -19.502236 224.000000 0.000000 0.000000 0.000000
v 4.206560 -19.502236 224.000000 0.000000 0.000000 0.000000
v -1.503336 -24.606595 224.000000 0.000000 0.000000 0.000000
v 11.562308 -14.994628 232.820000 0.000000 0.000000 0.000000
v 11.562308 -14.994628 215.180000 0.000000 0.000000 0.000000
v 6.885324 -18.392656 224.000000 0.000000 0.000000 0.000000
v 14.960337 -10.317643 224.000000 0.000000 0.000000 0.000000
v 14.532157 -17.964476 224.000000 0.000000 0.000000 0.000000
v 14.916209 4.872215 253.820000 0.000000 0.000000 0.000000
v 14.916209 4.872215 236.180000 0.000000 0.000000 0.000000
v 16.214265 -0.534577 245.000000 0.000000 0.000000 0.000000
v 12.010894 9.613260 245.000000 0.000000 0.000000 0.000000
v 18.796503 6.479486 245.000000 0.000000 0.000000 0.000000
v 5.297862 14.490563 253.820000 0.000000 0.000000 0.000000
v 5.297862 14.490563 236.180000 0.000000 0.000000 0.000000
v 10.038906 11.585247 245.000000 0.000000 0.000000 0.000000
v -0.108931 15.788619 245.000000 0.000000 0.000000 0.000000
v 6.905133 18.370857 245.000000 0.000000 0.000000 0.000000
v -8.304535 14.490563 253.820000 0.000000 0.000000 0.000000
v -8.304535 14.490563 236.180000 0.000000 0.000000 0.000000
v -2.897742 15.788619 245.000000 0.000000 0.000000 0.000000
v -13.045579 11.585247 245.000000 0.000000 0.000000 0.000000
v -9.911805 18.370857 245.000000 0.000000 0.000000 0.000000
v -17.922882 4.872215 253.820000 0.000000 0.000000 0.000000
v -17.922882 4.872215 236.180000 0.000000 0.000000 0.000000
v -15.017566 9.613260 245.000000 0.000000 0.000000 0.000000
v -19.220938 -0.534577 245.000000 0.000000 0.000000 0.000000
v -21.803176 6.479486 245.000000 0.000000 0.000000 0.000000
v -17.922882 -8.730181 253.820000 0.000000 0.000000 0.000000
v -17.922882 -8.730181 236.180000 0.000000 0.000000 0.000000
v -19.220938 -3.323388 245.000000 0.000000 0.000000 0.000000
v -15.017566 -13.471226 245.000000 0.000000 0.000000 0.000000
v -21.803176 -10.337452 245.000000 0.000000 0.000000 0.000000
v -8.304535 -18.348529 253.820000 0.000000 0.000000 0.000000
v -8.304535 -18.348529 236.180000 0.000000 0.000000 0.000000
v -13.045579 -15.443213 245.000000 0.000000 0.000000 0.000000
v -2.897742 -19.646585 245.000000 0.000000 0.000000 0.000000
v -9.911805 -22.228823 245.000000 0.000000 0.000000 0.000000
v 5.297862 -18.348529 253.820000 0.000000 0.000000 0.000000
v 5.297862 -18.348529 236.180000 0.000000 0.000000 0.000000
v -0.108931 -19.646585 245.000000 0.000000 0.000000 0.000000
v 10.038906 -15.443213 245.000000 0.000000 0.000000 0.000000
v 6.905133 -22.228823 245.000000 0.000000 0.000000 0.000000
v 14.916209 -8.730181 253.820000 0.000000 0.000000 0.000000
v 14.916209 -8.730181 236.180000 0.000000 0.000000 0.000000
v 12.010894 -13.471226 245.000000 0.000000 0.000000 0.000000
v 16.214265 -3.323388 245.000000 0.000000 0.000000 0.000000
v 18.796503 -10.337452 245.000000 0.000000 0.000000 0.000000
v -1.503336 0.270864 267.974072 0.000000 0.000000 0.000000
v -3.299246 -0.821562 268.623159 0.000000 0.000000 0.000000
v -3.299246 -3.021409 268.649087 0.000000 0.000000 0.000000
v -1.503336 -4.128830 268.025928 0.000000 0.000000 0.000000
v 0.292573 -3.036404 267.376841 0.000000 0.000000 0.000000
v 0.292573 -0.836557 267.350913 0.000000 0.000000 0.000000
v 12.635934 0.521293 307.889287 0.135714 0.135714 0.135714
v 11.019615 -0.461891 308.473465 0.135714 0.135714 0.135714
v 11.019615 -2.441754 308.496800 0.135714 0.135714 0.135714
v 12.635934 -3.438432 307.935956 0.135714 0.135714 0.135714
v 14.252253 -2.455249 307.351779 0.135714 0.135714 0.135714
v 14.252253 -0.475386 307.328444 0.135714 0.135714 0.135714
v 12.635934 0.521185 307.881465 0.128571 0.128571 0.128571
v 11.085835 -0.457156 308.630092 0.128571 0.128571 0.128571
v 11.085835 -2.436911 308.661248 0.128571 0.128571 0.128571
v 12.635934 -3.438325 307.943778 0.128571 0.128571 0.128571
v 14.186033 -2.459984 307.195152 0.128571 0.128571 0.128571
v 14.186033 -0.480229 307.163996 0.128571 0.128571 0.128571
v 27.938744 0.810336 340.236151 0.271429 0.271429 0.271429
v 26.560878 -0.059300 340.901596 0.271429 0.271429 0.271429
v 26.560878 -1.819083 340.929291 0.271429 0.271429 0.271429
v 27.938744 -2.709228 340.291540 0.271429 0.271429 0.271429
v 29.316610 -1.839591 339.626094 0.271429 0.271429 0.271429
v 29.316610 -0.079809 339.598400 0.271429 0.271429 0.271429
v 27.997266 -2.708473 340.263845 0.257143 0.257143 0.257143
v 29.236724 -1.786749 339.420181 0.257143 0.257143 0.257143
v 29.178201 -0.027722 339.420181 0.257143 0.257143 0.257143
v 27.880221 0.809581 340.263845 0.257143 0.257143 0.257143
v 26.640763 -0.112143 341.107510 0.257143 0.257143 0.257143
v 26.699286 -1.871170 341.107510 0.257143 0.257143 0.257143
v 44.456300 -1.940759 365.053671 0.407143 0.407143 0.407143
v 45.540826 -1.134251 364.315464 0.407143 0.407143 0.407143
v 45.489619 0.404897 364.315464 0.407143 0.407143 0.407143
v 44.353886 1.137537 365.053671 0.407143 0.407143 0.407143
v 43.269360 0.331029 365.791877 0.407143 0.407143 0.407143
v 43.320567 -1.208119 365.791877 0.407143 0.407143 0.407143
v 44.456300 -1.940759 365.053671 0.385714 0.385714 0.385714
v 45.362048 -1.140199 364.099562 0.385714 0.385714 0.385714
v 45.310841 0.398949 364.099562 0.385714 0.385714 0.385714
v 44.353886 1.137537 365.053671 0.385714 0.385714 0.385714
v 43.448138 0.336977 366.007780 0.385714 0.385714 0.385714
v 43.499345 -1.202171 366.007780 0.385714 0.385714 0.385714
v 62.078874 -1.134335 382.282098 0.542857 0.542857 0.542857
v 62.855230 -0.448141 381.464291 0.542857 0.542857 0.542857
v 62.811338 0.871129 381.464291 0.542857 0.542857 0.542857
v 61.991090 1.504205 382.282098 0.542857 0.542857 0.542857
v 61.214735 0.818010 383.099906 0.542857 0.542857 0.542857
v 61.258627 -0.501260 383.099906 0.542857 0.542857 0.542857
v 62.078874 -1.134335 382.282098 0.514286 0.514286 0.514286
v 62.579308 -0.457321 381.265429 0.514286 0.514286 0.514286
v 62.535416 0.861949 381.265429 0.514286 0.514286 0.514286
v 61.991090 1.504205 382.282098 0.514286 0.514286 0.514286
v 61.490656 0.827190 383.298768 0.514286 0.514286 0.514286
v 61.534548 -0.492080 383.298768 0.514286 0.514286 0.514286
v 80.864988 -0.289200 391.949128 0.678571 0.678571 0.678571
v 81.282016 0.274979 391.101903 0.678571 0.678571 0.678571
v 81.245439 1.374370 391.101903 0.678571 0.678571 0.678571
v 80.791834 1.909583 391.949128 0.678571 0.678571 0.678571
v 80.374806 1.345404 392.796353 0.678571 0.678571 0.678571
v 80.411383 0.246013 392.796353 0.678571 0.678571 0.678571
v 80.864988 -0.289200 391.949128 0.642857 0.642857 0.642857
v 80.946545 0.263818 391.001753 0.642857 0.642857 0.642857
v 80.909968 1.363209 391.001753 0.642857 0.642857 0.642857
v 80.791834 1.909583 391.949128 0.642857 0.642857 0.642857
v 80.710277 1.356566 392.896503 0.642857 0.642857 0.642857
v 80.746854 0.257174 392.896503 0.642857 0.642857 0.642857
v 100.814641 0.594646 394.054759 0.814286 0.814286 0.814286
v 100.879887 1.037060 393.296859 0.814286 0.814286 0.814286
v 100.850625 1.916573 393.296859 0.814286 0.814286 0.814286
v 100.756118 2.353673 394.054759 0.814286 0.814286 0.814286
v 100.690872 1.911259 394.812659 0.814286 0.814286 0.814286
v 100.720134 1.031745 394.812659 0.814286 0.814286 0.814286
v 100.814641 0.594646 394.054759 0.771429 0.771429 0.771429
v 100.609608 1.028068 393.316852 0.771429 0.771429 0.771429
v 100.580346 1.907581 393.316852 0.771429 0.771429 0.771429
v 100.756118 2.353673 394.054759 0.771429 0.771429 0.771429
v 100.961151 1.920251 394.792666 0.771429 0.771429 0.771429
v 100.990413 1.040737 394.792666 0.771429 0.771429 0.771429
v 121.927834 1.517203 388.598993 0.950000 0.950000 0.950000
v 121.774059 1.842269 388.045562 0.950000 0.950000 0.950000
v 121.752113 2.501904 388.045562 0.950000 0.950000 0.950000
v 121.883942 2.836473 388.598993 0.950000 0.950000 0.950000
v 122.037717 2.511406 389.152423 0.950000 0.950000 0.950000
v 122.059663 1.851771 389.152423 0.950000 0.950000 0.950000
v 6.144086 -1.933367 297.541126 0.090000 0.090000 0.090000
v 10.399876 -1.274150 295.924438 0.090000 0.090000 0.090000
v 8.632872 11.493592 307.767912 0.345000 0.345000 0.345000
v 11.718320 11.971524 306.595813 0.345000 0.345000 0.345000
v 11.121659 24.920552 317.994697 0.600000 0.600000 0.600000
v 13.036764 25.217199 317.267188 0.600000 0.600000 0.600000
v 10.417079 -1.791204 295.924438 0.090000 0.090000 0.090000
v 6.126884 -1.416313 297.541126 0.090000 0.090000 0.090000
v 12.612999 -14.919956 306.595813 0.345000 0.345000 0.345000
v 9.502608 -14.648160 307.767912 0.345000 0.345000 0.345000
v 14.808919 -28.048708 317.267188 0.600000 0.600000 0.600000
v 12.878332 -27.880007 317.994697 0.600000 0.600000 0.600000
v 9.969111 -1.823056 307.385924 0.123652 0.123652 0.123652
v 14.177980 -1.131505 305.663373 0.123652 0.123652 0.123652
v 12.808912 12.920679 318.554755 0.371174 0.371174 0.371174
v 15.860342 13.422053 317.305905 0.371174 0.371174 0.371174
v 15.648714 27.664415 329.723585 0.618696 0.618696 0.618696
v 17.542704 27.975612 328.948437 0.618696 0.618696 0.618696
v 14.196309 -1.682417 305.663373 0.123652 0.123652 0.123652
v 9.950783 -1.272144 307.385924 0.123652 0.123652 0.123652
v 16.842273 -16.091973 317.305905 0.371174 0.371174 0.371174
v 13.764266 -15.794525 318.554755 0.371174 0.371174 0.371174
v 19.488237 -30.501528 328.948437 0.618696 0.618696 0.618696
v 17.577750 -30.316905 329.723585 0.618696 0.618696 0.618696
v 13.877596 -1.711278 316.716802 0.157304 0.157304 0.157304
v 18.032047 -0.985023 314.880204 0.157304 0.157304 0.157304
v 17.102218 14.287380 328.753263 0.397348 0.397348 0.397348
v 20.114195 14.813915 327.421730 0.397348 0.397348 0.397348
v 20.326839 30.286039 340.789725 0.637391 0.637391 0.637391
v 22.196342 30.612854 339.963256 0.637391 0.637391 0.637391
v 18.051589 -1.572409 314.880204 0.157304 0.157304 0.157304
v 13.858053 -1.123892 316.716802 0.157304 0.157304 0.157304
v 21.179231 -17.198018 327.421730 0.397348 0.397348 0.397348
v 18.138917 -16.872843 328.753263 0.397348 0.397348 0.397348
v 24.306872 -32.823627 339.963256 0.637391 0.637391 0.637391
v 22.419781 -32.621794 340.789725 0.637391 0.637391 0.637391
v 17.870230 -1.598114 325.534082 0.190957 0.190957 0.190957
v 21.961386 -0.834624 323.574611 0.190957 0.190957 0.190957
v 21.512874 15.577608 338.347041 0.423522 0.423522 0.423522
v 24.478962 16.131138 336.926425 0.423522 0.423522 0.423522
v 25.155518 32.753329 351.160001 0.656087 0.656087 0.656087
v 26.996538 33.096900 350.278239 0.656087 0.656087 0.656087
v 21.982236 -1.461308 323.574611 0.190957 0.190957 0.190957
v 17.849380 -0.971430 325.534082 0.190957 0.190957 0.190957
v 25.621897 -18.222218 336.926425 0.423522 0.423522 0.423522
v 22.625577 -17.867057 338.347041 0.423522 0.423522 0.423522
v 29.261558 -34.983129 350.278239 0.656087 0.656087 0.656087
v 27.401773 -34.762684 351.160001 0.656087 0.656087 0.656087
v 21.947839 -1.483634 333.838073 0.224609 0.224609 0.224609
v 25.965173 -0.680235 331.746284 0.224609 0.224609 0.224609
v 26.040376 16.776521 347.320212 0.449696 0.449696 0.449696
v 28.952943 17.358986 345.803665 0.449696 0.449696 0.449696
v 30.132913 35.036677 360.802351 0.674783 0.674783 0.674783
v 31.940713 35.398207 359.861046 0.674783 0.674783 0.674783
v 25.987430 -1.349237 331.746284 0.224609 0.224609 0.224609
v 21.925581 -0.814632 333.838073 0.224609 0.224609 0.224609
v 30.167595 -19.149981 345.803665 0.449696 0.449696 0.449696
v 27.222754 -18.762393 347.320212 0.449696 0.449696 0.449696
v 34.347760 -36.950725 359.861046 0.674783 0.674783 0.674783
v 32.519927 -36.710153 360.802351 0.674783 0.674783 0.674783
v 26.111402 -1.367894 341.629046 0.258261 0.258261 0.258261
v 30.042427 -0.521804 339.394952 0.258261 0.258261 0.258261
v 30.683456 17.870752 355.657548 0.475870 0.475870 0.475870
v 33.533449 18.484167 354.037829 0.475870 0.475870 0.475870
v 35.255510 37.109398 369.686050 0.693478 0.693478 0.693478
v 37.024471 37.490138 368.680707 0.693478 0.693478 0.693478
v 30.066198 -1.236318 339.394952 0.258261 0.258261 0.258261
v 26.087630 -0.653380 341.629046 0.258261 0.258261 0.258261
v 34.812759 -19.968225 354.037829 0.475870 0.475870 0.475870
v 31.928297 -19.545595 355.657548 0.475870 0.475870 0.475870
v 39.559319 -38.700132 368.680707 0.693478 0.693478 0.693478
v 37.768963 -38.437810 369.686050 0.693478 0.693478 0.693478
v 30.362076 -1.250919 348.907201 0.291913 0.291913 0.291913
v 34.191993 -0.359303 346.520414 0.291913 0.291913 0.291913
v 35.439855 18.848601 363.344608 0.502043 0.502043 0.502043
v 38.216545 19.495022 361.614187 0.502043 0.502043 0.502043
v 40.517635 38.948120 377.782015 0.712174 0.712174 0.712174
v 42.241098 39.349347 376.707960 0.712174 0.712174 0.712174
v 34.217389 -1.122653 346.520414 0.291913 0.291913 0.291913
v 30.336679 -0.487569 348.907201 0.291913 0.291913 0.291913
v 39.552687 -20.665576 361.614187 0.502043 0.502043 0.502043
v 36.739172 -20.205141 363.344608 0.502043 0.502043 0.502043
v 44.887985 -40.208500 376.707960 0.712174 0.712174 0.712174
v 43.141665 -39.922712 377.782015 0.712174 0.712174 0.712174
v 34.701204 -1.132688 355.672616 0.325565 0.325565 0.325565
v 38.412526 -0.192754 353.122594 0.325565 0.325565 0.325565
v 40.306007 19.700210 370.367893 0.528217 0.528217 0.528217
v 42.996716 20.381662 368.519127 0.528217 0.528217 0.528217
v 45.910810 40.533109 385.063171 0.730870 0.730870 0.730870
v 47.580905 40.956079 383.915661 0.730870 0.730870 0.730870
v 38.439660 -1.008310 353.122594 0.325565 0.325565 0.325565
v 34.674070 -0.317133 355.672616 0.325565 0.325565 0.325565
v 44.381219 -21.232535 368.519127 0.528217 0.528217 0.528217
v 41.651167 -20.731432 370.367893 0.528217 0.528217 0.528217
v 50.322778 -41.456761 383.915661 0.730870 0.730870 0.730870
v 48.628263 -41.145731 385.063171 0.730870 0.730870 0.730870
v 39.130324 -1.013114 361.925173 0.359217 0.359217 0.359217
v 42.702490 -0.022245 359.201608 0.359217 0.359217 0.359217
v 45.276623 20.417689 376.715062 0.554391 0.554391 0.554391
v 47.866444 21.136069 374.740478 0.554391 0.554391 0.554391
v 51.422923 41.848492 391.504952 0.749565 0.749565 0.749565
v 53.030398 42.294383 390.279347 0.749565 0.749565 0.749565
v 42.731470 -0.893304 359.201608 0.359217 0.359217 0.359217
v 39.101343 -0.142055 361.925173 0.359217 0.359217 0.359217
v 49.290321 -21.661601 374.740478 0.554391 0.554391 0.554391
v 46.658479 -21.116945 376.715062 0.554391 0.554391 0.554391
v 55.849172 -42.429897 390.279347 0.749565 0.749565 0.749565
v 54.215615 -42.091835 391.504952 0.749565 0.749565 0.749565
v 43.651141 -0.892011 367.664473 0.392870 0.392870 0.392870
v 47.060179 0.152040 364.757857 0.392870 0.392870 0.392870
v 50.344167 20.995181 382.375260 0.580565 0.580565 0.580565
v 52.815719 21.752118 380.267964 0.580565 0.580565 0.580565
v 57.037192 42.882374 397.086048 0.768261 0.768261 0.768261
v 58.571260 43.352196 395.778071 0.768261 0.768261 0.768261
v 47.091107 -0.777563 364.757857 0.392870 0.392870 0.392870
v 43.620213 0.037592 367.664473 0.392870 0.392870 0.392870
v 54.269598 -21.947327 380.267964 0.580565 0.580565 0.580565
v 51.753200 -21.356339 382.375260 0.580565 0.580565 0.580565
v 61.448090 -43.117091 395.778071 0.768261 0.768261 0.768261
v 59.886188 -42.750271 397.086048 0.768261 0.768261 0.768261
v 48.265472 -0.769065 372.889721 0.426522 0.426522 0.426522
v 51.483776 0.329785 369.792134 0.426522 0.426522 0.426522
v 55.498223 21.428860 387.339635 0.606739 0.606739 0.606739
v 57.831493 22.225525 385.093884 0.606739 0.606739 0.606739
v 62.730974 43.626784 401.789549 0.786957 0.786957 0.786957
v 64.179211 44.121266 400.395635 0.786957 0.786957 0.786957
v 51.516736 -0.660895 369.792134 0.426522 0.426522 0.426522
v 48.232512 0.221615 372.889721 0.426522 0.426522 0.426522
v 59.305747 -22.086307 385.093884 0.606739 0.606739 0.606739
v 56.924684 -21.446487 387.339635 0.606739 0.606739 0.606739
v 67.094757 -43.511719 400.395635 0.786957 0.786957 0.786957
v 65.616856 -43.114589 401.789549 0.786957 0.786957 0.786957
v 52.975124 -0.643794 377.599606 0.460174 0.460174 0.460174
v 55.971474 0.510510 374.305752 0.460174 0.460174 0.460174
v 60.724830 21.716814 391.602137 0.632913 0.632913 0.632913
v 62.897184 22.553684 389.214093 0.632913 0.632913 0.632913
v 68.474536 44.077422 405.604668 0.805652 0.805652 0.805652
v 69.822893 44.596859 404.122434 0.805652 0.805652 0.805652
v 56.006522 -0.542940 374.305752 0.460174 0.460174 0.460174
v 52.940076 0.409656 377.599606 0.460174 0.460174 0.460174
v 64.382046 -22.077043 389.214093 0.632913 0.632913 0.632913
v 62.158873 -21.386411 391.602137 0.632913 0.632913 0.632913
v 72.757571 -43.611145 404.122434 0.805652 0.805652 0.805652
v 71.377670 -43.182477 405.604668 0.805652 0.805652 0.805652
v 57.781704 -0.515525 381.792183 0.493826 0.493826 0.493826
v 60.521666 0.693540 378.300654 0.493826 0.493826 0.493826
v 66.005908 21.858816 395.160698 0.659087 0.659087 0.659087
v 67.992380 22.735388 392.629340 0.659087 0.659087 0.659087
v 74.230112 44.233157 408.529213 0.824348 0.824348 0.824348
v 75.463095 44.777236 406.958025 0.824348 0.824348 0.824348
v 60.558817 -0.423131 378.300654 0.493826 0.493826 0.493826
v 57.744553 0.601146 381.792183 0.493826 0.493826 0.493826
v 69.478053 -21.919685 392.629340 0.659087 0.659087 0.659087
v 67.437711 -21.177085 395.160698 0.659087 0.659087 0.659087
v 78.397289 -43.416240 406.958025 0.824348 0.824348 0.824348
v 77.130870 -42.955316 408.529213 0.824348 0.824348 0.824348
v 62.686336 -0.383374 385.464813 0.527478 0.527478 0.527478
v 65.133228 0.877993 381.779481 0.527478 0.527478 0.527478
v 71.319039 21.855946 398.018830 0.685261 0.685261 0.685261
v 73.093035 22.770437 395.346964 0.685261 0.685261 0.685261
v 79.951741 44.095267 410.572847 0.843043 0.843043 0.843043
v 81.052842 44.662882 408.914447 0.843043 0.843043 0.843043
v 65.172441 -0.300661 381.779481 0.527478 0.527478 0.527478
v 62.647123 0.795280 385.464813 0.527478 0.527478 0.527478
v 74.569758 -21.615635 395.346964 0.685261 0.685261 0.685261
v 72.738902 -20.821077 398.018830 0.685261 0.685261 0.685261
v 83.967075 -42.930609 408.914447 0.843043 0.843043 0.843043
v 82.830681 -42.437435 410.572847 0.843043 0.843043 0.843043
v 67.689315 -0.246274 388.614194 0.561130 0.561130 0.561130
v 69.805866 1.062800 384.745533 0.561130 0.561130 0.561130
v 76.637980 21.710105 400.187536 0.711435 0.711435 0.711435
v 78.172480 22.659183 397.382756 0.711435 0.711435 0.711435
v 85.586646 43.666483 411.760877 0.861739 0.861739 0.861739
v 86.539094 44.255567 410.019980 0.861739 0.861739 0.861739
v 69.847030 -0.174487 384.745533 0.561130 0.561130 0.561130
v 67.648150 0.991013 388.614194 0.561130 0.561130 0.561130
v 79.630576 -21.167015 397.382756 0.711435 0.711435 0.711435
v 78.036388 -20.322028 400.187536 0.711435 0.711435 0.711435
v 89.414122 -42.159543 410.019980 0.861739 0.861739 0.861739
v 88.424626 -41.635068 411.760877 0.861739 0.861739 0.861739
v 72.789740 -0.103046 391.236551 0.594783 0.594783 0.594783
v 74.540478 1.246784 387.202586 0.594783 0.594783 0.594783
v 81.934324 21.423485 401.687169 0.737609 0.737609 0.737609
v 83.203609 22.402111 398.762544 0.737609 0.737609 0.737609
v 91.078907 42.950016 412.137787 0.880435 0.880435 0.880435
v 91.866739 43.557439 410.322502 0.880435 0.880435 0.880435
v 74.583402 -0.043371 387.202586 0.594783 0.594783 0.594783
v 72.746817 1.187109 391.236551 0.594783 0.594783 0.594783
v 84.633493 -20.576111 398.762544 0.737609 0.737609 0.737609
v 83.301969 -19.684013 401.687169 0.737609 0.737609 0.737609
v 94.683584 -41.108850 410.322502 0.880435 0.880435 0.880435
v 93.857120 -40.555134 412.137787 0.880435 0.880435 0.880435
v 77.985253 0.047469 393.328017 0.628435 0.628435 0.628435
v 79.339427 1.428784 389.154508 0.628435 0.628435 0.628435
v 87.180546 20.998182 402.548571 0.763783 0.763783 0.763783
v 88.162323 21.999636 399.522777 0.763783 0.763783 0.763783
v 96.375840 41.948896 411.769124 0.899130 0.899130 0.899130
v 96.985219 42.570487 409.891045 0.899130 0.899130 0.899130
v 79.383835 0.094000 389.154508 0.628435 0.628435 0.628435
v 77.940844 1.382253 393.328017 0.628435 0.628435 0.628435
v 89.554490 -19.844937 399.522777 0.763783 0.763783 0.763783
v 88.508322 -18.910953 402.548571 0.763783 0.763783 0.763783
v 99.725145 -39.783874 409.891045 0.899130 0.899130 0.899130
v 99.075800 -39.204160 411.769124 0.899130 0.899130 0.899130
v 83.271978 0.206242 394.885159 0.662087 0.662087 0.662087
v 84.206584 1.607831 390.604731 0.662087 0.662087 0.662087
v 92.354230 20.436146 402.812599 0.789957 0.789957 0.789957
v 93.031820 21.452298 399.709289 0.789957 0.789957 0.789957
v 101.436483 40.666051 410.740040 0.917826 0.917826 0.917826
v 101.857055 41.296766 408.813847 0.917826 0.917826 0.917826
v 84.252130 0.238851 390.604731 0.662087 0.662087 0.662087
v 83.226432 1.575221 394.885159 0.662087 0.662087 0.662087
v 94.376840 -18.975152 399.709289 0.789957 0.789957 0.789957
v 93.633209 -18.006284 402.812599 0.789957 0.789957 0.789957
v 104.501550 -38.189156 408.813847 0.917826 0.917826 0.917826
v 104.039986 -37.587789 410.740040 0.917826 0.917826 0.917826
v 88.644798 0.373881 395.905542 0.695739 0.695739 0.695739
v 89.147068 1.783315 391.555689 0.695739 0.695739 0.695739
v 97.442527 19.739651 402.527398 0.816130 0.816130 0.816130
v 97.806673 20.761491 399.373755 0.816130 0.816130 0.816130
v 106.240256 39.105422 409.149254 0.936522 0.936522 0.936522
v 106.466277 39.739667 407.191820 0.936522 0.936522 0.936522
v 89.193353 0.392131 391.555689 0.695739 0.695739 0.695739
v 88.598514 1.765064 395.905542 0.695739 0.695739 0.695739
v 99.095218 -17.968505 399.373755 0.816130 0.816130 0.816130
v 98.663960 -16.973129 402.527398 0.816130 0.816130 0.816130
v 108.997084 -36.329142 407.191820 0.936522 0.936522 0.936522
v 108.729407 -35.711322 409.149254 0.936522 0.936522 0.936522
v 94.097927 0.550517 396.388161 0.729391 0.729391 0.729391
v 94.166666 1.955106 392.008389 0.729391 0.729391 0.729391
v 102.445428 18.912301 401.743477 0.842304 0.842304 0.842304
v 102.495263 19.930628 398.568142 0.842304 0.842304 0.842304
v 110.792928 37.274085 407.098793 0.955217 0.955217 0.955217
v 110.823861 37.906151 405.127896 0.955217 0.955217 0.955217
v 94.213269 0.554354 392.008389 0.729391 0.729391 0.729391
v 94.051324 1.951269 396.388161 0.729391 0.729391 0.729391
v 103.718217 -16.827847 398.568142 0.842304 0.842304 0.842304
v 103.600807 -15.815084 401.743477 0.842304 0.842304 0.842304
v 113.223164 -34.210047 405.127896 0.955217 0.955217 0.955217
v 113.150289 -33.581436 407.098793 0.955217 0.955217 0.955217
v 99.625661 0.735780 396.333574 0.763043 0.763043 0.763043
v 99.271082 2.123574 391.962270 0.763043 0.763043 0.763043
v 107.376529 17.960311 400.507686 0.868478 0.868478 0.868478
v 107.119460 18.966462 397.338491 0.868478 0.868478 0.868478
v 115.127398 35.184842 404.681799 0.973913 0.973913 0.973913
v 114.967838 35.809349 402.714712 0.973913 0.973913 0.973913
v 99.317594 0.725530 391.962270 0.763043 0.763043 0.763043
v 99.579148 2.133824 396.333574 0.763043 0.763043 0.763043
v 108.268103 -15.558459 397.338491 0.868478 0.868478 0.868478
v 108.457729 -14.537446 400.507686 0.868478 0.868478 0.868478
v 117.218611 -31.842448 402.714712 0.973913 0.973913 0.973913
v 117.336310 -31.208716 404.681799 0.973913 0.973913 0.973913
v 105.223082 0.928887 395.743720 0.796696 0.796696 0.796696
v 104.465231 2.289503 391.415397 0.796696 0.796696 0.796696
v 112.260896 16.893658 398.857816 0.894652 0.894652 0.894652
v 111.711454 17.880105 395.719781 0.894652 0.894652 0.894652
v 119.298711 32.858430 401.971911 0.992609 0.992609 0.992609
v 118.957678 33.470707 400.024166 0.992609 0.992609 0.992609
v 104.511287 0.905205 391.415397 0.796696 0.796696 0.796696
v 105.177026 2.313184 395.743720 0.796696 0.796696 0.796696
v 112.777737 -14.169291 395.719781 0.894652 0.894652 0.894652
v 113.260398 -13.148506 398.857816 0.894652 0.894652 0.894652
v 121.044187 -29.243787 400.024166 0.992609 0.992609 0.992609
v 121.343770 -28.610196 401.971911 0.992609 0.992609 0.992609
v 110.886537 1.128793 394.621479 0.830348 0.830348 0.830348
v 109.752769 2.453935 390.364887 0.830348 0.830348 0.830348
v 117.130803 15.726702 396.819307 0.915174 0.915174 0.915174
v 116.308821 16.687430 393.733279 0.915174 0.915174 0.915174
v 123.375070 30.324610 399.017136 1.000000 1.000000 1.000000
v 122.864874 30.920924 397.101670 1.000000 1.000000 1.000000
v 109.798061 1.092580 390.364887 0.830348 0.830348 0.830348
v 110.841245 2.490149 394.621479 0.830348 0.830348 0.830348
v 117.285665 -12.673683 393.733279 0.915174 0.915174 0.915174
v 118.041973 -11.660445 396.819307 0.915174 0.915174 0.915174
v 124.773268 -26.439945 397.101670 1.000000 1.000000 1.000000
v 125.242701 -25.811039 399.017136 1.000000 1.000000 1.000000
v 116.613795 1.334368 392.970153 0.864000 0.864000 0.864000
v 115.135927 2.618004 388.807439 0.864000 0.864000 0.864000
v 122.020849 14.478109 394.404644 0.932000 0.932000 0.932000
v 120.949395 15.408745 391.386677 0.932000 0.932000 0.932000
v 127.427904 27.621850 395.839135 1.000000 1.000000 1.000000
v 126.762863 28.199487 393.965914 1.000000 1.000000 1.000000
v 115.180220 1.286673 388.807439 0.864000 0.864000 0.864000
v 116.569501 2.665699 392.970153 0.864000 0.864000 0.864000
v 121.830987 -11.089384 391.386677 0.932000 0.932000 0.932000
v 122.838216 -10.089590 394.404644 0.932000 0.932000 0.932000
v 128.481754 -23.465441 393.965914 1.000000 1.000000 1.000000
v 129.106930 -22.844879 395.839135 1.000000 1.000000 1.000000
v -0.736953 -3.991180 268.000000 0.000000 0.000000 0.000000
v 0.464609 -2.371133 267.121538 0.000000 0.000000 0.000000
v -0.301774 -0.308936 267.121538 0.000000 0.000000 0.000000
v -2.269719 0.133214 268.000000 0.000000 0.000000 0.000000
v -3.471281 -1.486833 268.878462 0.000000 0.000000 0.000000
v -2.704898 -3.549030 268.878462 0.000000 0.000000 0.000000
v 14.529187 1.916941 299.501228 0.135714 0.135714 0.135714
v 15.610593 3.374984 298.710612 0.135714 0.135714 0.135714
v 14.920848 5.230961 298.710612 0.135714 0.135714 0.135714
v 13.149698 5.628896 299.501228 0.135714 0.135714 0.135714
v 12.068292 4.170854 300.291844 0.135714 0.135714 0.135714
v 12.758037 2.314876 300.291844 0.135714 0.135714 0.135714
v 14.529187 1.916941 299.501228 0.128571 0.128571 0.128571
v 15.434126 3.309403 298.423018 0.128571 0.128571 0.128571
v 14.744381 5.165380 298.423018 0.128571 0.128571 0.128571
v 13.149698 5.628896 299.501228 0.128571 0.128571 0.128571
v 12.244759 4.236435 300.579438 0.128571 0.128571 0.128571
v 12.934504 2.380457 300.579438 0.128571 0.128571 0.128571
v 32.090810 8.678142 322.770442 0.271429 0.271429 0.271429
v 32.895200 9.915886 321.812033 0.271429 0.271429 0.271429
v 32.282094 11.565644 321.812033 0.271429 0.271429 0.271429
v 30.864597 11.977658 322.770442 0.271429 0.271429 0.271429
v 30.060207 10.739915 323.728851 0.271429 0.271429 0.271429
v 30.673313 9.090157 323.728851 0.271429 0.271429 0.271429
v 32.090810 8.678142 322.770442 0.257143 0.257143 0.257143
v 32.609136 9.809575 321.525935 0.257143 0.257143 0.257143
v 31.996030 11.459333 321.525935 0.257143 0.257143 0.257143
v 30.864597 11.977658 322.770442 0.257143 0.257143 0.257143
v 30.346271 10.846226 324.014950 0.257143 0.257143 0.257143
v 30.959377 9.196468 324.014950 0.257143 0.257143 0.257143
v 51.947915 16.292423 337.807643 0.407143 0.407143 0.407143
v 52.401450 17.282427 336.718699 0.407143 0.407143 0.407143
v 51.864982 18.725965 336.718699 0.407143 0.407143 0.407143
v 50.874978 19.179499 337.807643 0.407143 0.407143 0.407143
v 50.421443 18.189496 338.896587 0.407143 0.407143 0.407143
v 50.957911 16.745958 338.896587 0.407143 0.407143 0.407143
v 51.947915 16.292423 337.807643 0.385714 0.385714 0.385714
v 52.024506 17.142341 336.525702 0.385714 0.385714 0.385714
v 51.488038 18.585879 336.525702 0.385714 0.385714 0.385714
v 50.874978 19.179499 337.807643 0.385714 0.385714 0.385714
v 50.798387 18.329582 339.089585 0.385714 0.385714 0.385714
v 51.334855 16.886044 339.089585 0.385714 0.385714 0.385714
v 74.100501 24.759784 344.612831 0.542857 0.542857 0.542857
v 74.166151 25.488285 343.514024 0.542857 0.542857 0.542857
v 73.706321 26.725603 343.514024 0.542857 0.542857 0.542857
v 73.180842 27.234421 344.612831 0.542857 0.542857 0.542857
v 73.115192 26.505920 345.711637 0.542857 0.542857 0.542857
v 73.575022 25.268601 345.711637 0.542857 0.542857 0.542857
v 74.100501 24.759784 344.612831 0.514286 0.514286 0.514286
v 73.812236 25.356758 343.471373 0.514286 0.514286 0.514286
v 73.352407 26.594076 343.471373 0.514286 0.514286 0.514286
v 73.180842 27.234421 344.612831 0.514286 0.514286 0.514286
v 73.469107 26.637446 345.754288 0.514286 0.514286 0.514286
v 73.928937 25.400128 345.754288 0.514286 0.514286 0.514286
v 98.548570 34.080224 343.186004 0.678571 0.678571 0.678571
v 98.308350 34.577703 342.234790 0.678571 0.678571 0.678571
v 97.925158 35.608801 342.234790 0.678571 0.678571 0.678571
v 97.782187 36.142421 343.186004 0.678571 0.678571 0.678571
v 98.022408 35.644943 344.137219 0.678571 0.678571 0.678571
v 98.405600 34.613844 344.137219 0.678571 0.678571 0.678571
v 98.548570 34.080224 343.186004 0.642857 0.642857 0.642857
v 98.071369 34.489633 342.283417 0.642857 0.642857 0.642857
v 97.688177 35.520731 342.283417 0.642857 0.642857 0.642857
v 97.782187 36.142421 343.186004 0.642857 0.642857 0.642857
v 98.259389 35.733013 344.088591 0.642857 0.642857 0.642857
v 98.642581 34.701915 344.088591 0.642857 0.642857 0.642857
v 125.292122 44.253744 333.527164 0.814286 0.814286 0.814286
v 124.910360 44.581271 332.805095 0.814286 0.814286 0.814286
v 124.603807 45.406150 332.805095 0.814286 0.814286 0.814286
v 124.679015 45.903502 333.527164 0.814286 0.814286 0.814286
v 125.060776 45.575975 334.249234 0.814286 0.814286 0.814286
v 125.367330 44.751097 334.249234 0.814286 0.814286 0.814286
v 125.292122 44.253744 333.527164 0.771429 0.771429 0.771429
v 124.782296 44.533678 332.866775 0.771429 0.771429 0.771429
v 124.475742 45.358557 332.866775 0.771429 0.771429 0.771429
v 124.679015 45.903502 333.527164 0.771429 0.771429 0.771429
v 125.188841 45.623569 334.187554 0.771429 0.771429 0.771429
v 125.495394 44.798690 334.187554 0.771429 0.771429 0.771429
v 154.331155 55.280344 315.636311 0.950000 0.950000 0.950000
v 153.948785 55.490294 315.141019 0.950000 0.950000 0.950000
v 153.718870 56.108953 315.141019 0.950000 0.950000 0.950000
v 153.871325 56.517662 315.636311 0.950000 0.950000 0.950000
v 154.253694 56.307712 316.131603 0.950000 0.950000 0.950000
v 154.483609 55.689053 316.131603 0.950000 0.950000 0.950000
v 7.274157 0.947486 292.044590 0.090000 0.090000 0.090000
v 10.717010 2.998064 289.785852 0.090000 0.090000 0.090000
v 6.207555 14.902995 301.800129 0.345000 0.345000 0.345000
v 8.703623 16.389664 300.162545 0.345000 0.345000 0.345000
v 5.140953 28.858505 311.555669 0.600000 0.600000 0.600000
v 6.690237 29.781265 310.539237 0.600000 0.600000 0.600000
v 10.968800 2.320542 289.785852 0.090000 0.090000 0.090000
v 7.022367 1.625008 292.044590 0.090000 0.090000 0.090000
v 18.189742 -9.135753 300.162545 0.345000 0.345000 0.345000
v 15.328578 -9.640015 301.800129 0.345000 0.345000 0.345000
v 25.410684 -20.592047 310.539237 0.600000 0.600000 0.600000
v 23.634789 -20.905038 311.555669 0.600000 0.600000 0.600000
v 11.558436 2.507456 299.671153 0.123652 0.123652 0.123652
v 14.861927 4.570671 297.223687 0.123652 0.123652 0.123652
v 10.613136 17.938610 310.214913 0.371174 0.371174 0.371174
v 13.008167 19.434441 308.440500 0.371174 0.371174 0.371174
v 9.667837 33.369764 320.758673 0.618696 0.618696 0.618696
v 11.154408 34.298211 319.657313 0.618696 0.618696 0.618696
v 15.134755 3.836539 297.223687 0.123652 0.123652 0.123652
v 11.285607 3.241588 299.671153 0.123652 0.123652 0.123652
v 23.438014 -8.630376 308.440500 0.371174 0.371174 0.371174
v 20.647381 -9.061715 310.214913 0.371174 0.371174 0.371174
v 31.741272 -21.097291 319.657313 0.618696 0.618696 0.618696
v 30.009156 -21.365019 320.758673 0.618696 0.618696 0.618696
v 16.011070 4.128368 306.738525 0.157304 0.157304 0.157304
v 19.153002 6.199222 304.092806 0.157304 0.157304 0.157304
v 15.259999 21.005056 317.956589 0.397348 0.397348 0.397348
v 17.537899 22.506425 316.038443 0.397348 0.397348 0.397348
v 14.508927 37.881743 329.174653 0.637391 0.637391 0.637391
v 15.922796 38.813628 327.984080 0.637391 0.637391 0.637391
v 19.447931 5.405623 304.092806 0.157304 0.157304 0.157304
v 15.716142 4.921967 306.738525 0.157304 0.157304 0.157304
v 28.874588 -7.998539 316.038443 0.397348 0.397348 0.397348
v 26.169041 -8.349190 317.956589 0.397348 0.397348 0.397348
v 38.301245 -21.402702 327.984080 0.637391 0.637391 0.637391
v 36.621940 -21.620347 329.174653 0.637391 0.637391 0.637391
v 20.633416 5.811022 313.245833 0.190957 0.190957 0.190957
v 23.588882 7.882914 310.394082 0.190957 0.190957 0.190957
v 20.148289 24.087323 325.001158 0.423522 0.423522 0.423522
v 22.291002 25.589445 322.933639 0.423522 0.423522 0.423522
v 19.663162 42.363624 336.756484 0.656087 0.656087 0.656087
v 20.993121 43.295975 335.473196 0.656087 0.656087 0.656087
v 23.906778 7.027515 310.394082 0.190957 0.190957 0.190957
v 20.315520 6.666421 313.245833 0.190957 0.190957 0.190957
v 34.487527 -7.229184 322.933639 0.423522 0.423522 0.423522
v 31.883866 -7.490977 325.001158 0.423522 0.423522 0.423522
v 45.068277 -21.485883 335.473196 0.656087 0.656087 0.656087
v 43.452211 -21.648375 336.756484 0.656087 0.656087 0.656087
v 25.426698 7.556332 319.191735 0.224609 0.224609 0.224609
v 28.168340 9.620836 316.128857 0.224609 0.224609 0.224609
v 25.273719 27.170141 331.325378 0.449696 0.449696 0.449696
v 27.261409 28.666907 329.104791 0.449696 0.449696 0.449696
v 25.120739 46.783951 343.459021 0.674783 0.674783 0.674783
v 26.354478 47.712978 342.080726 0.674783 0.674783 0.674783
v 28.509771 8.702107 316.128857 0.224609 0.224609 0.224609
v 25.085267 8.475060 319.191735 0.224609 0.224609 0.224609
v 40.261401 -6.313703 329.104791 0.449696 0.449696 0.449696
v 37.778635 -6.478312 331.325378 0.449696 0.449696 0.449696
v 52.013030 -21.329513 342.080726 0.674783 0.674783 0.674783
v 50.472004 -21.431684 343.459021 0.674783 0.674783 0.674783
v 30.391839 9.365282 324.574351 0.258261 0.258261 0.258261
v 32.890455 11.412001 321.299010 0.258261 0.258261 0.258261
v 30.626607 30.237613 336.907994 0.475870 0.475870 0.475870
v 32.438104 31.721484 334.533371 0.475870 0.475870 0.475870
v 30.861375 51.109943 349.241636 0.693478 0.693478 0.693478
v 31.985752 52.030967 347.767733 0.693478 0.693478 0.693478
v 33.255570 10.429543 321.299010 0.258261 0.258261 0.258261
v 30.026724 10.347740 324.574351 0.258261 0.258261 0.258261
v 46.176550 -5.246171 334.533371 0.475870 0.475870 0.475870
v 43.835636 -5.305478 336.907994 0.475870 0.475870 0.475870
v 59.097529 -20.921886 347.767733 0.693478 0.693478 0.693478
v 57.644548 -20.958697 349.241636 0.693478 0.693478 0.693478
v 35.529240 11.238852 329.391251 0.291913 0.291913 0.291913
v 37.754823 13.255430 325.906973 0.291913 0.291913 0.291913
v 36.191175 33.272774 341.731485 0.502043 0.502043 0.502043
v 37.804723 34.734793 339.205384 0.502043 0.502043 0.502043
v 36.853110 55.306696 354.071720 0.712174 0.712174 0.712174
v 37.854623 56.214156 352.503795 0.712174 0.712174 0.712174
v 38.143229 12.210300 325.906973 0.291913 0.291913 0.291913
v 35.140834 12.283982 329.391251 0.291913 0.291913 0.291913
v 52.208577 -4.023353 339.205384 0.502043 0.502043 0.502043
v 50.031840 -3.969934 341.731485 0.502043 0.502043 0.502043
v 66.273924 -20.257007 352.503795 0.712174 0.712174 0.712174
v 64.922847 -20.223850 354.071720 0.712174 0.712174 0.712174
v 40.838557 13.177906 333.639530 0.325565 0.325565 0.325565
v 42.761791 15.150262 329.955649 0.325565 0.325565 0.325565
v 41.945428 36.257209 345.784293 0.528217 0.528217 0.528217
v 43.339773 37.687167 343.113479 0.528217 0.528217 0.528217
v 43.052299 59.336511 357.929057 0.730870 0.730870 0.730870
v 43.917755 60.224072 356.271310 0.730870 0.730870 0.730870
v 43.172448 14.045259 329.955649 0.325565 0.325565 0.325565
v 40.427901 14.282908 333.639530 0.325565 0.325565 0.325565
v 58.328361 -2.644392 343.113479 0.528217 0.528217 0.528217
v 56.338564 -2.472097 345.784293 0.528217 0.528217 0.528217
v 73.484273 -19.334043 356.271310 0.730870 0.730870 0.730870
v 72.249227 -19.227102 357.929057 0.730870 0.730870 0.730870
v 46.318499 15.183049 337.316004 0.359217 0.359217 0.359217
v 47.912650 17.095887 333.448222 0.359217 0.359217 0.359217
v 47.861992 39.170885 349.063280 0.554391 0.554391 0.554391
v 49.017752 40.557693 346.259138 0.554391 0.554391 0.554391
v 49.405486 63.158721 360.810556 0.749565 0.749565 0.749565
v 50.122854 64.019498 359.070054 0.749565 0.749565 0.749565
v 48.343806 15.935723 333.448222 0.359217 0.359217 0.359217
v 45.887342 16.343213 337.316004 0.359217 0.359217 0.359217
v 64.502931 -1.110105 346.259138 0.554391 0.554391 0.554391
v 62.721995 -0.814674 349.063280 0.554391 0.554391 0.554391
v 80.662056 -18.155933 359.070054 0.749565 0.749565 0.749565
v 79.556648 -17.972562 360.810556 0.749565 0.749565 0.749565
v 51.966738 17.254496 340.417517 0.392870 0.392870 0.392870
v 53.209725 19.092094 336.387850 0.392870 0.392870 0.392870
v 53.910194 41.992448 351.575911 0.580565 0.580565 0.580565
v 54.811360 43.324707 348.654403 0.580565 0.580565 0.580565
v 55.853649 66.730400 362.734305 0.768261 0.768261 0.768261
v 56.412994 67.557319 360.920955 0.768261 0.768261 0.768261
v 53.658928 17.883372 336.387850 0.392870 0.392870 0.392870
v 51.517535 18.463218 340.417517 0.392870 0.392870 0.392870
v 70.697467 0.578086 348.654403 0.580565 0.580565 0.580565
v 69.144957 0.998474 351.575911 0.580565 0.580565 0.580565
v 87.736006 -16.727201 360.920955 0.768261 0.768261 0.768261
v 86.772379 -16.466270 362.734305 0.768261 0.768261 0.768261
v 57.779986 19.391959 342.941326 0.426522 0.426522 0.426522
v 58.656307 21.139169 338.777275 0.426522 0.426522 0.426522
v 60.059328 44.700117 353.341435 0.606739 0.606739 0.606739
v 60.694661 45.966844 350.322498 0.606739 0.606739 0.606739
v 62.338670 70.008275 363.741544 0.786957 0.786957 0.786957
v 62.733014 70.794519 361.867721 0.786957 0.786957 0.786957
v 59.120490 19.890137 338.777275 0.426522 0.426522 0.426522
v 57.315803 20.640991 342.941326 0.426522 0.426522 0.426522
v 76.878374 2.419421 350.322498 0.606739 0.606739 0.606739
v 75.569975 2.963790 353.341435 0.606739 0.606739 0.606739
v 94.636257 -15.051296 361.867721 0.786957 0.786957 0.786957
v 93.824148 -14.713411 363.741544 0.786957 0.786957 0.786957
v 63.754256 21.594627 344.885472 0.460174 0.460174 0.460174
v 64.256381 23.237924 340.618454 0.460174 0.460174 0.460174
v 66.282601 47.273217 354.390371 0.632913 0.632913 0.632913
v 66.646642 48.464607 351.296783 0.632913 0.632913 0.632913
v 68.810946 72.951807 363.895270 0.805652 0.805652 0.805652
v 69.036902 73.691291 361.975112 0.805652 0.805652 0.805652
v 64.732042 21.958006 340.618454 0.460174 0.460174 0.460174
v 63.278595 22.874545 344.885472 0.460174 0.460174 0.460174
v 83.017005 4.414943 351.296783 0.632913 0.632913 0.632913
v 81.963255 5.079433 354.390371 0.632913 0.632913 0.632913
v 101.301967 -13.128120 361.975112 0.805652 0.805652 0.805652
v 100.647915 -12.715678 363.895270 0.805652 0.805652 0.805652
v 69.885283 23.861225 346.249044 0.493826 0.493826 0.493826
v 70.014214 25.389633 341.912301 0.493826 0.493826 0.493826
v 72.560804 49.694085 354.762023 0.659087 0.659087 0.659087
v 72.654279 50.802180 351.617884 0.659087 0.659087 0.659087
v 75.236325 75.526944 363.275001 0.824348 0.824348 0.824348
v 75.294344 76.214728 361.323467 0.824348 0.824348 0.824348
v 70.497648 24.088801 341.912301 0.493826 0.493826 0.493826
v 69.401849 25.162057 346.249044 0.493826 0.493826 0.493826
v 89.093169 6.568124 351.617884 0.659087 0.659087 0.659087
v 88.298714 7.346235 354.762023 0.659087 0.659087 0.659087
v 107.688689 -10.952553 361.323467 0.824348 0.824348 0.824348
v 107.195580 -10.469588 363.275001 0.824348 0.824348 0.824348
v 76.168989 26.190168 347.032246 0.527478 0.527478 0.527478
v 75.933882 27.595881 342.658610 0.527478 0.527478 0.527478
v 78.884693 51.949948 354.500377 0.685261 0.685261 0.685261
v 78.714241 52.969090 351.329490 0.685261 0.685261 0.685261
v 81.600398 77.709727 361.968507 0.843043 0.843043 0.843043
v 81.494600 78.342298 360.000371 0.843043 0.843043 0.843043
v 76.421429 26.283983 342.658610 0.527478 0.527478 0.527478
v 75.681443 27.502066 347.032246 0.527478 0.527478 0.527478
v 95.097502 8.884719 351.329490 0.685261 0.685261 0.685261
v 94.561012 9.767829 354.500377 0.685261 0.685261 0.685261
v 113.773575 -8.514545 360.000371 0.843043 0.843043 0.843043
v 113.440582 -7.966407 361.968507 0.843043 0.843043 0.843043
v 82.601901 28.579756 347.236277 0.561130 0.561130 0.561130
v 82.018860 29.858369 342.856184 0.561130 0.561130 0.561130
v 85.255455 54.034312 353.649361 0.711435 0.711435 0.711435
v 84.832751 54.961306 350.473794 0.711435 0.711435 0.711435
v 87.909010 79.488868 360.062445 0.861739 0.861739 0.861739
v 87.646641 80.064244 358.091404 0.861739 0.861739 0.861739
v 82.507126 28.544535 342.856184 0.561130 0.561130 0.561130
v 82.113635 29.893591 347.236277 0.561130 0.561130 0.561130
v 101.032087 11.371845 350.473794 0.711435 0.711435 0.711435
v 100.746805 12.349911 353.649361 0.711435 0.711435 0.711435
v 119.557047 -5.800845 358.091404 0.861739 0.861739 0.861739
v 119.379976 -5.193769 360.062445 0.861739 0.861739 0.861739
v 89.181407 31.028363 346.863057 0.594783 0.594783 0.594783
v 88.271758 32.178723 342.503101 0.594783 0.594783 0.594783
v 91.683287 55.947569 352.248601 0.737609 0.737609 0.737609
v 91.023791 56.781581 349.087633 0.737609 0.737609 0.737609
v 94.185167 80.866776 357.634145 0.880435 0.880435 0.880435
v 93.775825 81.384438 355.672165 0.880435 0.880435 0.880435
v 88.757779 30.870929 342.503101 0.594783 0.594783 0.594783
v 88.695385 32.336157 346.863057 0.594783 0.594783 0.594783
v 106.909308 14.036550 349.087633 0.737609 0.737609 0.737609
v 106.864072 15.098841 352.248601 0.737609 0.737609 0.737609
v 125.060836 -2.797828 355.672165 0.880435 0.880435 0.880435
v 125.032759 -2.138475 357.634145 0.880435 0.880435 0.880435
v 95.905844 33.534580 345.914903 0.628435 0.628435 0.628435
v 94.694240 34.558352 341.597044 0.628435 0.628435 0.628435
v 98.184732 57.696811 350.330519 0.763783 0.763783 0.763783
v 97.306318 58.439046 347.200071 0.763783 0.763783 0.763783
v 100.463619 81.859043 354.746135 0.899130 0.899130 0.899130
v 99.918397 82.319740 352.803098 0.899130 0.899130 0.899130
v 95.175568 33.263184 341.597044 0.628435 0.628435 0.628435
v 95.424516 34.829747 345.914903 0.628435 0.628435 0.628435
v 112.749486 16.884297 347.200071 0.763783 0.763783 0.763783
v 112.929972 18.020055 350.330519 0.763783 0.763783 0.763783
v 130.323403 0.505409 352.803098 0.899130 0.899130 0.899130
v 130.435429 1.210363 354.746135 0.899130 0.899130 0.899130
v 102.774432 36.097293 344.394226 0.662087 0.662087 0.662087
v 101.287086 36.998368 340.135604 0.662087 0.662087 0.662087
v 104.779629 59.295037 347.919069 0.789957 0.789957 0.789957
v 103.701304 59.948316 344.831568 0.789957 0.789957 0.789957
v 106.784827 82.492781 351.443912 0.917826 0.917826 0.917826
v 106.115521 82.898265 349.527532 0.917826 0.917826 0.917826
v 101.761811 35.720969 340.135604 0.662087 0.662087 0.662087
v 102.299707 37.374692 344.394226 0.662087 0.662087 0.662087
v 118.578045 19.917714 344.831568 0.789957 0.789957 0.789957
v 118.968020 21.116664 347.919069 0.789957 0.789957 0.789957
v 135.394280 4.114460 349.527532 0.917826 0.917826 0.917826
v 135.636333 4.858636 351.443912 0.917826 0.917826 0.917826
v 109.787111 38.715705 342.303300 0.695739 0.695739 0.695739
v 108.050356 39.499570 338.116506 0.695739 0.695739 0.695739
v 111.488395 60.760059 345.029868 0.816130 0.816130 0.816130
v 110.229248 61.328361 341.994442 0.816130 0.816130 0.816130
v 113.189679 82.804413 347.756436 0.936522 0.936522 0.936522
v 112.408139 83.157152 345.872379 0.936522 0.936522 0.936522
v 108.517074 38.243716 338.116506 0.695739 0.695739 0.695739
v 109.320392 39.971559 342.303300 0.695739 0.695739 0.695739
v 124.422901 23.135825 341.994442 0.816130 0.816130 0.816130
v 125.005307 24.388511 345.029868 0.816130 0.816130 0.816130
v 140.328728 8.027935 345.872379 0.936522 0.936522 0.936522
v 140.690221 8.805464 347.756436 0.936522 0.936522 0.936522
v 116.944347 41.389307 339.644121 0.729391 0.729391 0.729391
v 114.983583 42.062466 335.537753 0.729391 0.729391 0.729391
v 118.330018 62.113351 341.671243 0.842304 0.842304 0.842304
v 116.908464 62.601391 338.694126 0.842304 0.842304 0.842304
v 119.715689 82.837395 343.698365 0.955217 0.955217 0.955217
v 118.833345 83.140316 341.850499 0.955217 0.955217 0.955217
v 115.441336 40.830737 335.537753 0.729391 0.729391 0.729391
v 116.486594 42.621037 339.644121 0.729391 0.729391 0.729391
v 130.312427 26.533770 338.694126 0.842304 0.842304 0.842304
v 131.070239 27.831737 341.671243 0.842304 0.842304 0.842304
v 145.183517 12.236802 341.850499 0.955217 0.955217 0.955217
v 145.653884 13.042437 343.698365 0.955217 0.955217 0.955217
v 124.246950 44.117832 336.418353 0.763043 0.763043 0.763043
v 122.085959 44.687325 332.397682 0.763043 0.763043 0.763043
v 125.320861 63.379012 337.845700 0.868478 0.868478 0.868478
v 123.754143 63.791894 334.930713 0.868478 0.868478 0.868478
v 126.394772 82.640191 339.273047 0.973913 0.973913 0.973913
v 125.422326 82.896463 337.463745 0.973913 0.973913 0.973913
v 122.534159 43.481300 332.397682 0.763043 0.763043 0.763043
v 123.798750 45.323856 336.418353 0.763043 0.763043 0.763043
v 136.274117 30.102924 334.930713 0.868478 0.868478 0.868478
v 137.190945 31.438777 337.845700 0.868478 0.868478 0.868478
v 150.014075 16.724547 337.463745 0.973913 0.973913 0.973913
v 150.583140 17.553697 339.273047 0.973913 0.973913 0.973913
v 131.695912 46.901198 332.627317 0.796696 0.796696 0.796696
v 129.356490 47.374226 328.694971 0.796696 0.796696 0.796696
v 132.474123 64.582905 333.551420 0.894652 0.894652 0.894652
v 130.778042 64.925851 330.700469 0.894652 0.894652 0.894652
v 133.252333 82.264612 334.475522 0.992609 0.992609 0.992609
v 132.199593 82.477475 332.705966 0.992609 0.992609 0.992609
v 129.794844 46.194696 328.694971 0.796696 0.796696 0.796696
v 131.257559 48.080728 332.627317 0.796696 0.796696 0.796696
v 142.333845 33.831290 330.700469 0.894652 0.894652 0.894652
v 143.394313 35.198664 333.551420 0.894652 0.894652 0.894652
v 154.872845 21.467885 332.705966 0.992609 0.992609 0.992609
v 155.531067 22.316599 334.475522 0.992609 0.992609 0.992609
v 139.292302 49.739456 328.272024 0.830348 0.830348 0.830348
v 136.794109 50.123120 324.428610 0.830348 0.830348 0.830348
v 139.799785 65.751983 328.783585 0.915174 0.915174 0.915174
v 137.988595 66.030139 325.997110 0.915174 0.915174 0.915174
v 140.307268 81.764509 329.295145 1.000000 1.000000 1.000000
v 139.183081 81.937158 327.565609 1.000000 1.000000 1.000000
v 137.222549 48.970265 324.428610 0.830348 0.830348 0.830348
v 138.863862 50.892311 328.272024 0.830348 0.830348 0.830348
v 148.515549 37.704023 325.997110 0.915174 0.915174 0.915174
v 149.705501 39.097507 328.783585 0.915174 0.915174 0.915174
v 159.808549 26.437782 327.565609 1.000000 1.000000 1.000000
v 160.547140 27.302702 329.295145 1.000000 1.000000 1.000000
v 147.037179 52.632747 323.353220 0.864000 0.864000 0.864000
v 144.397756 52.933866 319.597854 0.864000 0.864000 0.864000
v 147.304838 66.913751 323.535447 0.932000 0.932000 0.932000
v 145.391256 67.132063 320.812806 0.932000 0.932000 0.932000
v 147.572496 81.194756 323.717673 1.000000 1.000000 1.000000
v 146.384756 81.330260 322.027759 1.000000 1.000000 1.000000
v 144.816381 51.807422 319.597854 0.864000 0.864000 0.864000
v 146.618554 53.759191 323.353220 0.864000 0.864000 0.864000
v 154.841192 41.704007 320.812806 0.932000 0.932000 0.932000
v 156.147767 43.119039 323.535447 0.932000 0.932000 0.932000
v 164.866003 31.600592 322.027759 1.000000 1.000000 1.000000
v 165.676980 32.478888 323.717673 1.000000 1.000000 1.000000
v 0.094895 -3.440822 268.000000 0.000000 0.000000 0.000000
v 0.317930 -1.604342 266.809371 0.000000 0.000000 0.000000
v -1.280301 -0.092503 266.809371 0.000000 0.000000 0.000000
v -3.101567 -0.417144 268.000000 0.000000 0.000000 0.000000
v -3.324603 -2.253624 269.190629 0.000000 0.000000 0.000000
v -1.726372 -3.765463 269.190629 0.000000 0.000000 0.000000
v 11.800382 9.253701 289.570101 0.135714 0.135714 0.135714
v 12.001114 10.906533 288.498535 0.135714 0.135714 0.135714
v 10.562706 12.267189 288.498535 0.135714 0.135714 0.135714
v 8.923566 11.975012 289.570101 0.135714 0.135714 0.135714
v 8.722834 10.322180 290.641666 0.135714 0.135714 0.135714
v 10.161242 8.961524 290.641666 0.135714 0.135714 0.135714
v 11.800382 9.253701 289.570101 0.128571 0.128571 0.128571
v 11.740496 10.631023 288.148904 0.128571 0.128571 0.128571
v 10.302088 11.991678 288.148904 0.128571 0.128571 0.128571
v 8.923566 11.975012 289.570101 0.128571 0.128571 0.128571
v 8.983452 10.597690 290.991297 0.128571 0.128571 0.128571
v 10.421860 9.237035 290.991297 0.128571 0.128571 0.128571
v 25.667705 24.233596 303.349949 0.271429 0.271429 0.271429
v 25.614473 25.457881 302.086663 0.271429 0.271429 0.271429
v 24.335888 26.667352 302.086663 0.271429 0.271429 0.271429
v 23.110535 26.652538 303.349949 0.271429 0.271429 0.271429
v 23.163767 25.428252 304.613234 0.271429 0.271429 0.271429
v 24.442352 24.218781 304.613234 0.271429 0.271429 0.271429
v 25.667705 24.233596 303.349949 0.257143 0.257143 0.257143
v 25.286510 25.111178 301.872742 0.257143 0.257143 0.257143
v 24.007926 26.320649 301.872742 0.257143 0.257143 0.257143
v 23.110535 26.652538 303.349949 0.257143 0.257143 0.257143
v 23.491729 25.774955 304.827156 0.257143 0.257143 0.257143
v 24.770314 24.565484 304.827156 0.257143 0.257143 0.257143
v 41.696862 41.498860 309.339544 0.407143 0.407143 0.407143
v 41.363317 42.266745 308.046988 0.407143 0.407143 0.407143
v 40.244556 43.325032 308.046988 0.407143 0.407143 0.407143
v 39.459339 43.615435 309.339544 0.407143 0.407143 0.407143
v 39.792884 42.847550 310.632100 0.407143 0.407143 0.407143
v 40.911646 41.789263 310.632100 0.407143 0.407143 0.407143
v 41.696862 41.498860 309.339544 0.385714 0.385714 0.385714
v 41.075821 41.962820 308.008887 0.385714 0.385714 0.385714
v 39.957059 43.021107 308.008887 0.385714 0.385714 0.385714
v 39.459339 43.615435 309.339544 0.385714 0.385714 0.385714
v 40.080380 43.151475 310.670201 0.385714 0.385714 0.385714
v 41.199142 42.093188 310.670201 0.385714 0.385714 0.385714
v 59.887855 61.049496 307.538887 0.542857 0.542857 0.542857
v 59.355534 61.447175 306.398323 0.542857 0.542857 0.542857
v 58.396595 62.354279 306.398323 0.542857 0.542857 0.542857
v 57.969978 62.863703 307.538887 0.542857 0.542857 0.542857
v 58.502299 62.466023 308.679450 0.542857 0.542857 0.542857
v 59.461238 61.558920 308.679450 0.542857 0.542857 0.542857
v 59.887855 61.049496 307.538887 0.514286 0.514286 0.514286
v 59.168075 61.249004 306.450534 0.514286 0.514286 0.514286
v 58.209136 62.156108 306.450534 0.514286 0.514286 0.514286
v 57.969978 62.863703 307.538887 0.514286 0.514286 0.514286
v 58.689758 62.664194 308.627240 0.514286 0.514286 0.514286
v 59.648697 61.757091 308.627240 0.514286 0.514286 0.514286
v 80.240684 82.885502 297.947977 0.678571 0.678571 0.678571
v 79.640867 83.051759 297.041016 0.678571 0.678571 0.678571
v 78.841751 83.807679 297.041016 0.678571 0.678571 0.678571
v 78.642452 84.397341 297.947977 0.678571 0.678571 0.678571
v 79.242269 84.231084 298.854938 0.678571 0.678571 0.678571
v 80.041385 83.475165 298.854938 0.678571 0.678571 0.678571
v 80.240684 82.885502 297.947977 0.642857 0.642857 0.642857
v 79.536019 82.940920 297.105138 0.642857 0.642857 0.642857
v 78.736904 83.696840 297.105138 0.642857 0.642857 0.642857
v 78.642452 84.397341 297.947977 0.642857 0.642857 0.642857
v 79.347117 84.341923 298.790815 0.642857 0.642857 0.642857
v 80.146232 83.586003 298.790815 0.642857 0.642857 0.642857
v 102.755347 107.006879 280.566814 0.814286 0.814286 0.814286
v 102.191615 107.051214 279.892543 0.814286 0.814286 0.814286
v 101.552323 107.655949 279.892543 0.814286 0.814286 0.814286
v 101.476762 108.216350 280.566814 0.814286 0.814286 0.814286
v 102.040493 108.172016 281.241085 0.814286 0.814286 0.814286
v 102.679786 107.567280 281.241085 0.814286 0.814286 0.814286
v 102.755347 107.006879 280.566814 0.771429 0.771429 0.771429
v 102.136388 106.992830 279.941441 0.771429 0.771429 0.771429
v 101.497095 107.597566 279.941441 0.771429 0.771429 0.771429
v 101.476762 108.216350 280.566814 0.771429 0.771429 0.771429
v 102.095721 108.230399 281.192188 0.771429 0.771429 0.771429
v 102.735014 107.625664 281.192188 0.771429 0.771429 0.771429
v 127.431845 133.413627 255.395399 0.950000 0.950000 0.950000
v 126.967626 133.403090 254.926369 0.950000 0.950000 0.950000
v 126.488157 133.856642 254.926369 0.950000 0.950000 0.950000
v 126.472907 134.320730 255.395399 0.950000 0.950000 0.950000
v 126.937126 134.331267 255.864429 0.950000 0.950000 0.950000
v 127.416595 133.877715 255.864429 0.950000 0.950000 0.950000
v 5.786127 5.071478 285.432215 0.090000 0.090000 0.090000
v 7.364650 8.151304 282.401879 0.090000 0.090000 0.090000
v -0.690846 18.100709 294.340211 0.345000 0.345000 0.345000
v 0.453583 20.333583 292.143218 0.345000 0.345000 0.345000
v -7.167820 31.129940 303.248207 0.600000 0.600000 0.600000
v -6.457484 32.515861 301.884556 0.600000 0.600000 0.600000
v 8.069112 7.484922 282.401879 0.090000 0.090000 0.090000
v 5.081665 5.737860 285.432215 0.090000 0.090000 0.090000
v 20.616263 1.260794 292.143218 0.345000 0.345000 0.345000
v 18.450364 -0.005825 294.340211 0.345000 0.345000 0.345000
v 33.163414 -4.963333 301.884556 0.600000 0.600000 0.600000
v 31.819063 -5.749511 303.248207 0.600000 0.600000 0.600000
v 9.193313 8.618952 290.520155 0.123652 0.123652 0.123652
v 10.543132 11.565828 287.256122 0.123652 0.123652 0.123652
v 2.275788 23.224607 299.954542 0.371174 0.371174 0.371174
v 3.254406 25.361092 297.588118 0.371174 0.371174 0.371174
v -4.641738 37.830262 309.388929 0.618696 0.618696 0.618696
v -4.034319 39.156356 307.920114 0.618696 0.618696 0.618696
v 11.301922 10.848055 287.256122 0.123652 0.123652 0.123652
v 8.434523 9.336725 290.520155 0.123652 0.123652 0.123652
v 25.480536 4.336394 297.588118 0.371174 0.371174 0.371174
v 23.401672 3.240680 299.954542 0.371174 0.371174 0.371174
v 39.659151 -2.175267 307.920114 0.618696 0.618696 0.618696
v 38.368821 -2.855365 309.388929 0.618696 0.618696 0.618696
v 12.759212 12.336062 295.070426 0.157304 0.157304 0.157304
v 13.859105 15.123846 291.580656 0.157304 0.157304 0.157304
v 5.462320 28.522637 304.867457 0.397348 0.397348 0.397348
v 6.259742 30.543781 302.337373 0.397348 0.397348 0.397348
v -1.834572 44.709212 314.664487 0.637391 0.637391 0.637391
v -1.339620 45.963715 313.094091 0.637391 0.637391 0.637391
v 14.670372 14.356433 291.580656 0.157304 0.157304 0.157304
v 11.947945 13.103476 295.070426 0.157304 0.157304 0.157304
v 30.488396 7.624805 302.337373 0.397348 0.397348 0.397348
v 28.514637 6.716412 304.867457 0.397348 0.397348 0.397348
v 46.306420 0.893178 313.094091 0.637391 0.637391 0.637391
v 45.081328 0.329347 314.664487 0.637391 0.637391 0.637391
v 16.482377 16.222858 299.079634 0.190957 0.190957 0.190957
v 17.314015 18.825308 295.378872 0.190957 0.190957 0.190957
v 8.860327 33.965288 309.057445 0.423522 0.423522 0.423522
v 9.463264 35.852064 306.374393 0.423522 0.423522 0.423522
v 1.238277 51.707718 319.035257 0.656087 0.656087 0.656087
v 1.612514 52.878821 317.369915 0.656087 0.656087 0.656087
v 18.174331 18.011496 295.378872 0.190957 0.190957 0.190957
v 15.622061 17.036670 299.079634 0.190957 0.190957 0.190957
v 35.610654 11.118069 306.374393 0.423522 0.423522 0.423522
v 33.760259 10.411320 309.057445 0.423522 0.423522 0.423522
v 53.046978 4.224642 317.369915 0.656087 0.656087 0.656087
v 51.898457 3.785970 319.035257 0.656087 0.656087 0.656087
v 20.360569 20.278543 302.544405 0.224609 0.224609 0.224609
v 20.910102 22.671010 298.654146 0.224609 0.224609 0.224609
v 12.456859 39.517410 312.511732 0.449696 0.449696 0.449696
v 12.855270 41.251948 309.691294 0.449696 0.449696 0.449696
v 4.553149 58.756276 322.479059 0.674783 0.674783 0.674783
v 4.800439 59.832886 320.728442 0.674783 0.674783 0.674783
v 21.814470 21.815527 298.654146 0.224609 0.224609 0.224609
v 19.456200 21.134026 302.544405 0.224609 0.224609 0.224609
v 40.813908 14.804611 309.691294 0.449696 0.449696 0.449696
v 39.104162 14.310524 312.511732 0.449696 0.449696 0.449696
v 59.813346 7.793696 320.728442 0.674783 0.674783 0.674783
v 58.752125 7.487021 322.479059 0.674783 0.674783 0.674783
v 24.390880 24.501416 305.461797 0.258261 0.258261 0.258261
v 24.650272 26.662653 301.409419 0.258261 0.258261 0.258261
v 16.236467 45.139715 315.228794 0.475870 0.475870 0.475870
v 16.424525 46.706611 312.290820 0.475870 0.475870 0.475870
v 8.082053 65.778013 324.995791 0.693478 0.693478 0.693478
v 8.198779 66.750569 323.172221 0.693478 0.693478 0.693478
v 25.592328 25.771520 301.409419 0.258261 0.258261 0.258261
v 23.448824 25.392550 305.461797 0.258261 0.258261 0.258261
v 46.062018 18.671171 312.290820 0.475870 0.475870 0.475870
v 44.507977 18.396418 315.228794 0.475870 0.475870 0.475870
v 66.531708 11.570822 323.172221 0.693478 0.693478 0.693478
v 65.567131 11.400285 324.995791 0.693478 0.693478 0.693478
v 28.570013 28.888976 307.829691 0.291913 0.291913 0.291913
v 28.537824 30.802740 303.646812 0.291913 0.291913 0.291913
v 20.183990 50.791455 317.219540 0.502043 0.502043 0.502043
v 20.160654 52.178934 314.186953 0.502043 0.502043 0.502043
v 11.797968 72.693935 326.609389 0.712174 0.712174 0.712174
v 11.783483 73.555129 324.727094 0.712174 0.712174 0.712174
v 29.510218 29.882909 303.646812 0.291913 0.291913 0.291913
v 27.597619 29.808807 307.829691 0.291913 0.291913 0.291913
v 51.318496 22.705326 314.186953 0.502043 0.502043 0.502043
v 49.931862 22.651603 317.219540 0.502043 0.502043 0.502043
v 73.126774 15.527744 324.727094 0.712174 0.712174 0.712174
v 72.266104 15.494398 326.609389 0.712174 0.712174 0.712174
v 32.894636 33.438184 309.647052 0.325565 0.325565 0.325565
v 32.576089 35.094308 305.367358 0.325565 0.325565 0.325565
v 24.287443 56.433839 318.506551 0.528217 0.528217 0.528217
v 24.056496 57.634528 315.403773 0.528217 0.528217 0.528217
v 15.680250 79.429494 327.366051 0.730870 0.730870 0.730870
v 15.536904 80.174749 325.440189 0.730870 0.730870 0.730870
v 33.570989 34.153186 305.367358 0.325565 0.325565 0.325565
v 31.899736 34.379305 309.647052 0.325565 0.325565 0.325565
v 56.549405 26.898021 315.403773 0.528217 0.528217 0.528217
v 55.337746 27.061957 318.506551 0.528217 0.528217 0.528217
v 79.527821 19.642855 325.440189 0.730870 0.730870 0.730870
v 78.775757 19.744609 327.366051 0.730870 0.730870 0.730870
v 37.361757 38.145820 310.913998 0.359217 0.359217 0.359217
v 36.768059 39.540577 306.570938 0.359217 0.359217 0.359217
v 28.540209 62.033393 319.121389 0.554391 0.554391 0.554391
v 28.109778 63.044592 315.972670 0.554391 0.554391 0.554391
v 19.718661 85.920967 327.328779 0.749565 0.749565 0.749565
v 19.451497 86.548608 325.374402 0.749565 0.749565 0.749565
v 37.777691 38.585521 306.570938 0.359217 0.359217 0.359217
v 36.352126 39.100875 310.913998 0.359217 0.359217 0.359217
v 61.726114 31.245384 315.972670 0.554391 0.554391 0.554391
v 60.692580 31.619017 319.121389 0.554391 0.554391 0.554391
v 85.674537 23.905248 325.374402 0.749565 0.749565 0.749565
v 85.033033 24.137158 327.328779 0.749565 0.749565 0.749565
v 41.968997 43.008843 311.631659 0.392870 0.392870 0.392870
v 41.116115 44.144588 307.256425 0.392870 0.392870 0.392870
v 32.941973 67.564506 319.100617 0.580565 0.580565 0.580565
v 32.323634 68.387920 315.928572 0.580565 0.580565 0.580565
v 23.914949 92.120168 326.569574 0.768261 0.768261 0.768261
v 23.531152 92.631253 324.600719 0.768261 0.768261 0.768261
v 42.133226 43.182457 307.256425 0.392870 0.392870 0.392870
v 40.951886 43.970974 311.631659 0.392870 0.392870 0.392870
v 66.827276 35.749369 315.928572 0.580565 0.580565 0.580565
v 65.970805 36.321044 319.100617 0.580565 0.580565 0.580565
v 91.521326 28.316282 324.600719 0.768261 0.768261 0.768261
v 90.989724 28.671115 326.569574 0.768261 0.768261 0.768261
v 46.714729 48.024672 311.801891 0.426522 0.426522 0.426522
v 45.621881 48.908923 307.421961 0.426522 0.426522 0.426522
v 37.498264 73.010648 318.481584 0.606739 0.606739 0.606739
v 36.705949 73.651730 315.306135 0.606739 0.606739 0.606739
v 28.281799 97.996624 325.161277 0.786957 0.786957 0.786957
v 27.790017 98.394537 323.190308 0.786957 0.786957 0.786957
v 46.640083 47.945760 307.421961 0.426522 0.426522 0.426522
v 45.696527 48.987835 311.801891 0.426522 0.426522 0.426522
v 71.839690 40.417140 315.306135 0.606739 0.606739 0.606739
v 71.155612 41.172644 318.481584 0.606739 0.606739 0.606739
v 97.039298 32.888520 323.190308 0.786957 0.786957 0.786957
v 96.614698 33.357454 325.161277 0.786957 0.786957 0.786957
v 51.598084 53.191335 311.426947 0.460174 0.460174 0.460174
v 50.286227 53.835553 307.065294 0.460174 0.460174 0.460174
v 42.218962 78.364294 317.298902 0.632913 0.632913 0.632913
v 41.267866 78.831352 314.136704 0.632913 0.632913 0.632913
v 32.839841 103.537252 323.170857 0.805652 0.805652 0.805652
v 32.249505 103.827150 321.208113 0.805652 0.805652 0.805652
v 51.300181 52.876409 307.065294 0.460174 0.460174 0.460174
v 50.584130 54.150480 311.426947 0.460174 0.460174 0.460174
v 76.758076 45.259562 314.136704 0.632913 0.632913 0.632913
v 76.238939 46.183263 317.298902 0.632913 0.632913 0.632913
v 102.215971 37.642715 321.208113 0.805652 0.805652 0.805652
v 101.893748 38.216047 323.170857 0.805652 0.805652 0.805652
v 56.618841 58.507507 310.509178 0.493826 0.493826 0.493826
v 55.109374 58.925804 306.184072 0.493826 0.493826 0.493826
v 47.116327 83.625886 315.582155 0.659087 0.659087 0.659087
v 46.021963 83.929151 312.446454 0.659087 0.659087 0.659087
v 37.613812 108.744265 320.655133 0.824348 0.824348 0.824348
v 36.934552 108.932499 318.708835 0.824348 0.824348 0.824348
v 56.114832 57.974697 306.184072 0.493826 0.493826 0.493826
v 55.613384 59.458615 310.509178 0.493826 0.493826 0.493826
v 81.584097 50.289325 312.446454 0.659087 0.659087 0.659087
v 81.220548 51.365166 315.582155 0.659087 0.659087 0.659087
v 107.053363 42.603954 318.708835 0.824348 0.824348 0.824348
v 106.827712 43.271717 320.655133 0.824348 0.824348 0.824348
v 61.777279 63.972446 309.050807 0.527478 0.527478 0.527478
v 60.091045 64.180418 304.776072 0.527478 0.527478 0.527478
v 52.203071 88.802342 313.354884 0.685261 0.685261 0.685261
v 50.980551 88.953121 310.255701 0.685261 0.685261 0.685261
v 42.628863 113.632238 317.658961 0.843043 0.843043 0.843043
v 41.870057 113.725825 315.735330 0.843043 0.843043 0.843043
v 61.084792 63.240387 304.776072 0.527478 0.527478 0.527478
v 60.783532 64.912477 309.050807 0.527478 0.527478 0.527478
v 86.325051 55.519165 310.255701 0.685261 0.685261 0.685261
v 86.106637 56.731430 313.354884 0.685261 0.685261 0.685261
v 111.565310 47.797943 315.735330 0.843043 0.843043 0.843043
v 111.429743 48.550383 317.658961 0.843043 0.843043 0.843043
v 67.074010 69.585884 307.053799 0.561130 0.561130 0.561130
v 65.230625 69.599662 302.839331 0.561130 0.561130 0.561130
v 57.490823 93.905505 310.634579 0.711435 0.711435 0.711435
v 56.154369 93.915494 307.579089 0.711435 0.711435 0.711435
v 47.907636 118.225125 314.215358 0.861739 0.861739 0.861739
v 47.078113 118.231325 312.318848 0.861739 0.861739 0.861739
v 66.210363 68.672884 302.839331 0.561130 0.561130 0.561130
v 66.094273 70.512662 307.053799 0.561130 0.561130 0.561130
v 90.992553 60.960484 307.579089 0.711435 0.711435 0.711435
v 90.908388 62.294323 310.634579 0.711435 0.711435 0.711435
v 115.774744 53.248084 312.318848 0.861739 0.861739 0.861739
v 115.722504 54.075984 314.215358 0.861739 0.861739 0.861739
v 72.509839 75.347907 304.519797 0.594783 0.594783 0.594783
v 70.527311 75.183450 300.372203 0.594783 0.594783 0.594783
v 62.989080 98.950809 307.433299 0.737609 0.737609 0.737609
v 61.551747 98.831578 304.426294 0.737609 0.737609 0.737609
v 53.468321 122.553711 310.346801 0.880435 0.880435 0.880435
v 52.576183 122.479706 308.480384 0.880435 0.880435 0.880435
v 71.491502 74.271379 300.372203 0.594783 0.594783 0.594783
v 71.545648 76.259979 304.519797 0.594783 0.594783 0.594783
v 95.601429 66.622449 304.426294 0.737609 0.737609 0.737609
v 95.640684 68.064184 307.433299 0.737609 0.737609 0.737609
v 119.711356 58.973519 308.480384 0.880435 0.880435 0.880435
v 119.735721 59.868389 310.346801 0.880435 0.880435 0.880435
v 78.085655 81.258840 301.450124 0.628435 0.628435 0.628435
v 75.980213 80.931458 297.373368 0.628435 0.628435 0.628435
v 68.704631 103.956237 303.758577 0.763783 0.763783 0.763783
v 67.178186 103.718886 300.802930 0.763783 0.763783 0.763783
v 59.323607 126.653635 306.067031 0.899130 0.899130 0.899130
v 58.376158 126.506313 304.232491 0.899130 0.899130 0.899130
v 76.927936 80.034964 297.373368 0.628435 0.628435 0.628435
v 77.137932 82.155334 301.450124 0.628435 0.628435 0.628435
v 100.168856 72.511523 300.802930 0.763783 0.763783 0.763783
v 100.321103 74.048791 303.758577 0.763783 0.763783 0.763783
v 123.409776 64.988082 304.232491 0.899130 0.899130 0.899130
v 123.504274 65.942248 306.067031 0.899130 0.899130 0.899130
v 83.802356 87.319154 297.845803 0.662087 0.662087 0.662087
v 81.588433 86.843215 293.841801 0.662087 0.662087 0.662087
v 74.641348 108.941568 299.614361 0.789957 0.789957 0.789957
v 73.036254 108.596512 296.711460 0.789957 0.789957 0.789957
v 65.480341 130.563983 301.382919 0.917826 0.917826 0.917826
v 64.484076 130.349810 299.581118 0.917826 0.917826 0.917826
v 82.519243 85.962719 293.841801 0.662087 0.662087 0.662087
v 82.871546 88.199649 297.845803 0.662087 0.662087 0.662087
v 104.713758 78.631333 296.711460 0.789957 0.789957 0.789957
v 104.969178 80.253107 299.614361 0.789957 0.789957 0.789957
v 126.908273 71.299947 299.581118 0.917826 0.917826 0.917826
v 127.066809 72.306565 301.382919 0.917826 0.917826 0.917826
v 89.660798 93.529396 293.707605 0.695739 0.695739 0.695739
v 87.351116 92.918173 289.776731 0.695739 0.695739 0.695739
v 80.800222 113.927855 295.001874 0.816130 0.816130 0.816130
v 79.125702 113.484718 292.151990 0.816130 0.816130 0.816130
v 71.939646 134.326314 296.296144 0.936522 0.936522 0.936522
v 70.900289 134.051264 294.527250 0.936522 0.936522 0.936522
v 88.264926 92.053758 289.776731 0.695739 0.695739 0.695739
v 88.746988 94.393810 293.707605 0.695739 0.695739 0.695739
v 109.256379 84.982753 292.151990 0.816130 0.816130 0.816130
v 109.605874 86.679290 295.001874 0.816130 0.816130 0.816130
v 130.247832 77.911747 294.527250 0.936522 0.936522 0.936522
v 130.464760 78.964770 296.296144 0.936522 0.936522 0.936522
v 95.661771 99.890138 289.036094 0.729391 0.729391 0.729391
v 93.267471 99.155760 285.177595 0.729391 0.729391 0.729391
v 87.179555 118.937066 289.920330 0.842304 0.842304 0.842304
v 85.443688 118.404641 287.122918 0.842304 0.842304 0.842304
v 78.697340 137.983993 290.804565 0.955217 0.955217 0.955217
v 77.619905 137.653523 289.068241 0.955217 0.955217 0.955217
v 94.164456 98.307261 285.177595 0.729391 0.729391 0.729391
v 94.764785 100.738637 289.036094 0.729391 0.729391 0.729391
v 113.817981 91.564118 287.122918 0.842304 0.842304 0.842304
v 114.253220 93.326866 289.920330 0.842304 0.842304 0.842304
v 133.471506 84.820975 289.068241 0.955217 0.955217 0.955217
v 133.741654 85.915094 290.804565 0.955217 0.955217 0.955217
v 101.805984 106.401946 283.831666 0.763043 0.763043 0.763043
v 99.336788 105.555410 280.043996 0.763043 0.763043 0.763043
v 93.775240 123.991821 284.367488 0.868478 0.868478 0.868478
v 91.985073 123.378083 281.621427 0.868478 0.868478 0.868478
v 85.744496 141.581696 284.903311 0.973913 0.973913 0.973913
v 84.633358 141.200755 283.198859 0.973913 0.973913 0.973913
v 100.217308 104.722487 280.043996 0.763043 0.763043 0.763043
v 100.925465 107.234870 283.831666 0.763043 0.763043 0.763043
v 118.420617 98.371510 281.621427 0.868478 0.868478 0.868478
v 118.934030 100.192987 284.367488 0.868478 0.868478 0.868478
v 136.623925 92.020533 283.198859 0.973913 0.973913 0.973913
v 136.942596 93.151105 284.903311 0.973913 0.973913 0.973913
v 108.094068 113.065360 278.094591 0.796696 0.796696 0.796696
v 105.558440 112.116585 274.375665 0.796696 0.796696 0.796696
v 100.581071 129.115188 278.340089 0.894652 0.894652 0.894652
v 98.742741 128.427326 275.643867 0.894652 0.894652 0.894652
v 93.068074 145.165015 278.585586 0.992609 0.992609 0.992609
v 91.927041 144.738066 276.912069 0.992609 0.992609 0.992609
v 106.422978 111.298779 274.375665 0.796696 0.796696 0.796696
v 107.229529 113.883166 278.094591 0.796696 0.796696 0.796696
v 123.086931 105.399058 275.643867 0.894652 0.894652 0.894652
v 123.671680 107.272739 278.340089 0.894652 0.894652 0.894652
v 139.750883 99.499338 276.912069 0.992609 0.992609 0.992609
v 140.113831 100.662312 278.585586 0.992609 0.992609 0.992609
v 114.526570 119.880880 271.825042 0.830348 0.830348 0.830348
v 111.931875 118.838783 268.172428 0.830348 0.830348 0.830348
v 107.589066 134.330489 271.834162 0.915174 0.915174 0.915174
v 105.707912 133.574968 269.186017 0.915174 0.915174 0.915174
v 100.651562 148.780098 271.843283 1.000000 1.000000 1.000000
v 99.483949 148.311154 270.199606 1.000000 1.000000 1.000000
v 112.780998 118.035559 268.172428 0.830348 0.830348 0.830348
v 113.677447 120.684104 271.825042 0.830348 0.830348 0.830348
v 127.839974 112.639253 269.186017 0.915174 0.915174 0.915174
v 128.489900 114.559448 271.834162 0.915174 0.915174 0.915174
v 142.898950 107.242946 270.199606 1.000000 1.000000 1.000000
v 143.302352 108.434792 271.843283 1.000000 1.000000 1.000000
v 121.103970 126.848965 265.023119 0.864000 0.864000 0.864000
v 118.456616 125.721546 261.434186 0.864000 0.864000 0.864000
v 114.789789 139.661124 264.845269 0.932000 0.932000 0.932000
v 112.870457 138.843745 262.243292 0.932000 0.932000 0.932000
v 108.475608 152.473283 264.667418 1.000000 1.000000 1.000000
v 107.284298 151.965945 263.052398 1.000000 1.000000 1.000000
v 119.290935 124.932326 261.434186 0.864000 0.864000 0.864000
v 120.269651 127.638185 265.023119 0.864000 0.864000 0.864000
v 132.703007 120.083242 262.243292 0.932000 0.932000 0.932000
v 133.412576 122.044990 264.845269 0.932000 0.932000 0.932000
v 146.115079 115.234158 263.052398 1.000000 1.000000 1.000000
v 146.555501 116.451795 264.667418 1.000000 1.000000 1.000000
v 0.549115 -2.721097 268.000000 0.000000 0.000000 0.000000
v -0.100931 -1.350318 266.406762 0.000000 0.000000 0.000000
v -2.153382 -0.558204 266.406762 0.000000 0.000000 0.000000
v -3.555787 -1.136869 268.000000 0.000000 0.000000 0.000000
v -2.905742 -2.507648 269.593238 0.000000 0.000000 0.000000
v -0.853291 -3.299762 269.593238 0.000000 0.000000 0.000000
v 6.696315 13.817972 279.569804 0.135714 0.135714 0.135714
v 6.111274 15.051673 278.135890 0.135714 0.135714 0.135714
v 4.264068 15.764576 278.135890 0.135714 0.135714 0.135714
v 3.001903 15.243777 279.569804 0.135714 0.135714 0.135714
v 3.586944 14.010076 281.003718 0.135714 0.135714 0.135714
v 5.434150 13.297174 281.003718 0.135714 0.135714 0.135714
v 6.696315 13.817972 279.569804 0.128571 0.128571 0.128571
v 5.889828 14.477883 277.886208 0.128571 0.128571 0.128571
v 4.042622 15.190786 277.886208 0.128571 0.128571 0.128571
v 3.001903 15.243777 279.569804 0.128571 0.128571 0.128571
v 3.808390 14.583867 281.253400 0.128571 0.128571 0.128571
v 5.655596 13.870964 281.253400 0.128571 0.128571 0.128571
v 13.765391 32.745717 283.473178 0.271429 0.271429 0.271429
v 13.048513 33.332305 281.976648 0.271429 0.271429 0.271429
v 11.406552 33.965996 281.976648 0.271429 0.271429 0.271429
v 10.481469 34.013100 283.473178 0.271429 0.271429 0.271429
v 11.198346 33.426512 284.969708 0.271429 0.271429 0.271429
v 12.840307 32.792821 284.969708 0.271429 0.271429 0.271429
v 13.765391 32.745717 283.473178 0.257143 0.257143 0.257143
v 12.854905 32.830646 281.969382 0.257143 0.257143 0.257143
v 11.212944 33.464337 281.969382 0.257143 0.257143 0.257143
v 10.481469 34.013100 283.473178 0.257143 0.257143 0.257143
v 11.391954 33.928171 284.976975 0.257143 0.257143 0.257143
v 13.033915 33.294480 284.976975 0.257143 0.257143 0.257143
v 21.756341 54.062138 279.710123 0.407143 0.407143 0.407143
v 20.959667 54.136451 278.394302 0.407143 0.407143 0.407143
v 19.522951 54.690931 278.394302 0.407143 0.407143 0.407143
v 18.882910 55.171098 279.710123 0.407143 0.407143 0.407143
v 19.679585 55.096785 281.025945 0.407143 0.407143 0.407143
v 21.116300 54.542305 281.025945 0.407143 0.407143 0.407143
v 21.756341 54.062138 279.710123 0.385714 0.385714 0.385714
v 20.840447 53.827540 278.494516 0.385714 0.385714 0.385714
v 19.403731 54.382020 278.494516 0.385714 0.385714 0.385714
v 18.882910 55.171098 279.710123 0.385714 0.385714 0.385714
v 19.798804 55.405695 280.925731 0.385714 0.385714 0.385714
v 21.235520 54.851216 280.925731 0.385714 0.385714 0.385714
v 30.669167 77.767235 268.280639 0.542857 0.542857 0.542857
v 29.884115 77.566151 267.238689 0.542857 0.542857 0.542857
v 28.652644 78.041419 267.238689 0.542857 0.542857 0.542857
v 28.206226 78.717772 268.280639 0.542857 0.542857 0.542857
v 28.991278 78.918855 269.322588 0.542857 0.542857 0.542857
v 30.222749 78.443587 269.322588 0.542857 0.542857 0.542857
v 30.669167 77.767235 268.280639 0.514286 0.514286 0.514286
v 29.820871 77.402279 267.337452 0.514286 0.514286 0.514286
v 28.589400 77.877548 267.337452 0.514286 0.514286 0.514286
v 28.206226 78.717772 268.280639 0.514286 0.514286 0.514286
v 29.054522 79.082727 269.223825 0.514286 0.514286 0.514286
v 30.285993 78.607459 269.223825 0.514286 0.514286 0.514286
v 40.503868 103.861007 249.184725 0.678571 0.678571 0.678571
v 39.796954 103.556878 248.398736 0.678571 0.678571 0.678571
v 38.770729 103.952935 248.398736 0.678571 0.678571 0.678571
v 38.451417 104.653121 249.184725 0.678571 0.678571 0.678571
v 39.158330 104.957251 249.970714 0.678571 0.678571 0.678571
v 40.184556 104.561194 249.970714 0.678571 0.678571 0.678571
v 40.503868 103.861007 249.184725 0.642857 0.642857 0.642857
v 39.764303 103.472274 248.469232 0.642857 0.642857 0.642857
v 38.738077 103.868331 248.469232 0.642857 0.642857 0.642857
v 38.451417 104.653121 249.184725 0.642857 0.642857 0.642857
v 39.190982 105.041855 249.900218 0.642857 0.642857 0.642857
v 40.217207 104.645798 249.900218 0.642857 0.642857 0.642857
v 51.260444 132.343455 222.422381 0.814286 0.814286 0.814286
v 50.668792 132.032469 221.849987 0.814286 0.814286 0.814286
v 49.847811 132.349314 221.849987 0.814286 0.814286 0.814286
v 49.618483 132.977147 222.422381 0.814286 0.814286 0.814286
v 50.210135 133.288133 222.994775 0.814286 0.814286 0.814286
v 51.031115 132.971288 222.994775 0.814286 0.814286 0.814286
v 51.260444 132.343455 222.422381 0.771429 0.771429 0.771429
v 50.651875 131.988636 221.894985 0.771429 0.771429 0.771429
v 49.830894 132.305482 221.894985 0.771429 0.771429 0.771429
v 49.618483 132.977147 222.422381 0.771429 0.771429 0.771429
v 50.227051 133.331966 222.949778 0.771429 0.771429 0.771429
v 51.048032 133.015121 222.949778 0.771429 0.771429 0.771429
v 62.938895 163.214580 187.993608 0.950000 0.950000 0.950000
v 62.482468 162.948465 187.598061 0.950000 0.950000 0.950000
v 61.866733 163.186099 187.598061 0.950000 0.950000 0.950000
v 61.707424 163.689848 187.993608 0.950000 0.950000 0.950000
v 62.163850 163.955963 188.389156 0.950000 0.950000 0.950000
v 62.779586 163.718328 188.389156 0.950000 0.950000 0.950000
v 3.052986 8.142510 278.855341 0.090000 0.090000 0.090000
v 2.640171 10.541703 274.952335 0.090000 0.090000 0.090000
v -7.768880 19.196694 286.049551 0.345000 0.345000 0.345000
v -8.068171 20.936109 283.219871 0.345000 0.345000 0.345000
v -18.590746 30.250879 293.243761 0.600000 0.600000 0.600000
v -18.776513 31.330516 291.487408 0.600000 0.600000 0.600000
v 3.805368 10.092012 274.952335 0.090000 0.090000 0.090000
v 1.887789 8.592201 278.855341 0.090000 0.090000 0.090000
v 18.720354 10.597463 283.219871 0.345000 0.345000 0.345000
v 17.330109 9.510100 286.049551 0.345000 0.345000 0.345000
v 33.635339 11.102915 291.487408 0.600000 0.600000 0.600000
v 32.772429 10.428000 293.243761 0.600000 0.600000 0.600000
v 4.896763 12.841017 281.308478 0.123652 0.123652 0.123652
v 4.281433 14.873299 277.227890 0.123652 0.123652 0.123652
v -6.994187 25.315258 288.601185 0.371174 0.371174 0.371174
v -7.440302 26.788663 285.642759 0.371174 0.371174 0.371174
v -18.885138 37.789499 295.893893 0.618696 0.618696 0.618696
v -19.162037 38.704026 294.057628 0.618696 0.618696 0.618696
v 5.499645 14.403148 277.227890 0.123652 0.123652 0.123652
v 3.678551 13.311169 281.308478 0.123652 0.123652 0.123652
v 22.187067 15.354406 285.642759 0.371174 0.371174 0.371174
v 20.866774 14.562721 288.601185 0.371174 0.371174 0.371174
v 38.874489 16.305663 294.057628 0.618696 0.618696 0.618696
v 38.054997 15.814272 295.893893 0.618696 0.618696 0.618696
v 6.801360 17.714503 283.216843 0.157304 0.157304 0.157304
v 5.988186 19.357201 278.997803 0.157304 0.157304 0.157304
v -6.139354 31.568965 290.415695 0.397348 0.397348 0.397348
v -6.728905 32.759921 287.356892 0.397348 0.397348 0.397348
v -19.080068 45.423427 297.614548 0.637391 0.637391 0.637391
v -19.445996 46.162641 295.715980 0.637391 0.637391 0.637391
v 7.247731 18.871097 278.997803 0.157304 0.157304 0.157304
v 5.541815 18.200607 283.216843 0.157304 0.157304 0.157304
v 25.671656 20.255390 287.356892 0.397348 0.397348 0.397348
v 24.434867 19.769284 290.415695 0.397348 0.397348 0.397348
v 44.095582 21.639682 295.715980 0.637391 0.637391 0.637391
v 43.327920 21.337961 297.614548 0.637391 0.637391 0.637391
v 8.763904 22.757176 284.578578 0.190957 0.190957 0.190957
v 7.763301 23.999199 280.263932 0.190957 0.190957 0.190957
v -5.201603 37.905013 291.503451 0.423522 0.423522 0.423522
v -5.927040 38.805479 288.375332 0.423522 0.423522 0.423522
v -19.167110 53.052850 298.428323 0.656087 0.656087 0.656087
v -19.617382 53.611760 296.486732 0.656087 0.656087 0.656087
v 9.051389 23.502080 280.263932 0.190957 0.190957 0.190957
v 7.475816 23.254295 284.578578 0.190957 0.190957 0.190957
v 29.139149 25.272188 288.375332 0.423522 0.423522 0.423522
v 27.996859 25.092544 291.503451 0.423522 0.423522 0.423522
v 49.226909 27.042296 296.486732 0.656087 0.656087 0.656087
v 48.517901 26.930792 298.428323 0.656087 0.656087 0.656087
v 10.782067 27.962988 285.393704 0.224609 0.224609 0.224609
v 9.609108 28.805343 281.026256 0.224609 0.224609 0.224609
v -4.173620 44.274730 291.890220 0.449696 0.449696 0.449696
v -5.024016 44.885437 288.723820 0.449696 0.449696 0.449696
v -19.129308 60.586471 298.386735 0.674783 0.674783 0.674783
v -19.657140 60.965531 296.421383 0.674783 0.674783 0.674783
v 10.912958 28.302140 281.026256 0.224609 0.224609 0.224609
v 9.478217 28.466190 285.393704 0.224609 0.224609 0.224609
v 32.554819 30.382426 288.723820 0.449696 0.449696 0.449696
v 31.514632 30.501362 291.890220 0.449696 0.449696 0.449696
v 54.196680 32.462711 296.421383 0.674783 0.674783 0.674783
v 53.551047 32.536533 298.386735 0.674783 0.674783 0.674783
v 12.854326 33.326471 285.663925 0.258261 0.258261 0.258261
v 11.527130 33.781098 281.283072 0.258261 0.258261 0.258261
v -3.042806 50.639001 291.612503 0.475870 0.475870 0.475870
v -4.005022 50.968605 288.436385 0.475870 0.475870 0.475870
v -18.939937 67.951530 297.561081 0.693478 0.693478 0.693478
v -19.537175 68.156112 295.589697 0.693478 0.693478 0.693478
v 12.834982 33.276351 281.283072 0.258261 0.258261 0.258261
v 11.546473 33.831218 285.663925 0.258261 0.258261 0.258261
v 35.886746 35.572951 288.436385 0.475870 0.475870 0.475870
v 34.952577 35.975229 291.612503 0.475870 0.475870 0.475870
v 58.938509 37.869550 295.589697 0.693478 0.693478 0.693478
v 58.358680 38.119240 297.561081 0.693478 0.693478 0.693478
v 14.980013 38.843344 285.392118 0.291913 0.291913 0.291913
v 13.518034 38.930748 281.031502 0.291913 0.291913 0.291913
v -1.792025 56.971150 290.711389 0.502043 0.502043 0.502043
v -2.851960 57.034518 287.549942 0.502043 0.502043 0.502043
v -18.564063 75.098956 296.030660 0.712174 0.712174 0.712174
v -19.221954 75.138287 294.068383 0.712174 0.712174 0.712174
v 14.819845 38.428332 281.031502 0.291913 0.291913 0.291913
v 13.678202 39.345760 285.392118 0.291913 0.291913 0.291913
v 39.107771 40.840762 287.549942 0.502043 0.502043 0.502043
v 38.280080 41.505897 290.711389 0.502043 0.502043 0.502043
v 63.395697 43.253193 294.068383 0.712174 0.712174 0.712174
v 62.881958 43.666035 296.030660 0.712174 0.712174 0.712174
v 17.159209 44.510759 284.581721 0.325565 0.325565 0.325565
v 15.581739 44.257139 280.268107 0.325565 0.325565 0.325565
v -0.401421 63.256996 289.226887 0.528217 0.528217 0.528217
v -1.545086 63.073121 286.099517 0.528217 0.528217 0.528217
v -17.962050 82.003232 293.872052 0.730870 0.730870 0.730870
v -18.671912 81.889103 291.930926 0.730870 0.730870 0.730870
v 16.869518 43.760139 280.268107 0.325565 0.325565 0.325565
v 15.871430 45.007759 284.581721 0.325565 0.325565 0.325565
v 42.196519 46.191678 286.099517 0.528217 0.528217 0.528217
v 41.472905 47.096202 289.226887 0.528217 0.528217 0.528217
v 67.523519 48.623216 291.930926 0.730870 0.730870 0.730870
v 67.074379 49.184645 293.872052 0.730870 0.730870 0.730870
v 19.392530 50.327239 283.236190 0.359217 0.359217 0.359217
v 17.717631 49.761750 278.989434 0.359217 0.359217 0.359217
v 1.149423 69.492881 287.194011 0.554391 0.554391 0.554391
v -0.064879 69.082902 284.115113 0.554391 0.554391 0.554391
v -17.093684 88.658523 291.151832 0.749565 0.749565 0.749565
v -17.847389 88.404053 289.240792 0.749565 0.749565 0.749565
v 18.985450 49.272453 278.989434 0.359217 0.359217 0.359217
v 18.124710 50.816535 283.236190 0.359217 0.359217 0.359217
v 45.137510 51.637690 284.115113 0.554391 0.554391 0.554391
v 44.513473 52.757149 287.194011 0.554391 0.554391 0.554391
v 71.289569 54.002926 289.240792 0.749565 0.749565 0.749565
v 70.902236 54.697763 291.151832 0.749565 0.749565 0.749565
v 21.680903 56.292422 281.358637 0.392870 0.392870 0.392870
v 19.924780 55.444941 277.192367 0.392870 0.392870 0.392870
v 2.879562 75.682863 284.640931 0.580565 0.580565 0.580565
v 1.606373 75.068439 281.620386 0.580565 0.580565 0.580565
v -15.921778 95.073304 287.923225 0.768261 0.768261 0.768261
v -16.712033 94.691937 286.048404 0.768261 0.768261 0.768261
v 21.168571 54.964917 277.192367 0.392870 0.392870 0.392870
v 20.437111 56.772445 281.358637 0.392870 0.392870 0.392870
v 47.920702 57.194089 281.620386 0.580565 0.580565 0.580565
v 47.390394 58.504547 284.640931 0.580565 0.580565 0.580565
v 74.672833 59.423262 286.048404 0.768261 0.768261 0.768261
v 74.343676 60.236649 287.923225 0.768261 0.768261 0.768261
v 24.025385 62.406742 278.951657 0.426522 0.426522 0.426522
v 22.202130 61.306279 274.874315 0.426522 0.426522 0.426522
v 4.805338 81.835999 281.588757 0.606739 0.606739 0.606739
v 3.483479 81.038163 278.632684 0.606739 0.606739 0.606739
v -14.414709 101.265256 284.225857 0.786957 0.786957 0.786957
v -15.235173 100.770047 282.391053 0.786957 0.786957 0.786957
v 23.419374 60.836501 274.874315 0.426522 0.426522 0.426522
v 22.808142 62.876519 278.951657 0.426522 0.426522 0.426522
v 50.540791 62.877070 278.632684 0.606739 0.606739 0.606739
v 50.097648 64.356083 281.588757 0.606739 0.606739 0.606739
v 77.662208 64.917638 282.391053 0.786957 0.786957 0.786957
v 77.387154 65.835647 284.225857 0.786957 0.786957 0.786957
v 26.427032 68.671126 276.017281 0.460174 0.460174 0.460174
v 24.548627 67.344836 272.033244 0.460174 0.460174 0.460174
v 6.939590 87.964232 278.052293 0.632913 0.632913 0.632913
v 5.577746 87.002672 275.163866 0.632913 0.632913 0.632913
v -12.547853 107.257337 280.087305 0.805652 0.805652 0.805652
v -13.393135 106.660507 278.294488 0.805652 0.805652 0.805652
v 25.738015 66.885809 272.033244 0.460174 0.460174 0.460174
v 25.237645 69.130153 276.017281 0.460174 0.460174 0.460174
v 52.996518 68.702078 275.163866 0.632913 0.632913 0.632913
v 52.633749 70.329228 278.052293 0.632913 0.632913 0.632913
v 80.255021 70.518347 278.294488 0.805652 0.805652 0.805652
v 80.029854 71.528302 280.087305 0.805652 0.805652 0.805652
v 28.886820 75.086759 272.557024 0.493826 0.493826 0.493826
v 26.963293 73.559428 268.667641 0.493826 0.493826 0.493826
v 9.291334 94.080969 274.041195 0.659087 0.659087 0.659087
v 7.896777 92.973654 271.221392 0.659087 0.659087 0.659087
v -10.304153 113.075179 275.525366 0.824348 0.824348 0.824348
v -11.169740 112.387880 273.775144 0.824348 0.824348 0.824348
v 28.124423 73.111307 268.667641 0.493826 0.493826 0.493826
v 27.725690 75.534881 272.557024 0.493826 0.493826 0.493826
v 55.290106 74.682880 271.221392 0.659087 0.659087 0.659087
v 55.001025 76.439971 274.041195 0.659087 0.659087 0.659087
v 82.455790 76.254452 273.775144 0.824348 0.824348 0.824348
v 82.276360 77.345061 275.525366 0.824348 0.824348 0.824348
v 31.405612 81.654917 268.571966 0.527478 0.527478 0.527478
v 29.445265 79.948780 264.776424 0.527478 0.527478 0.527478
v 11.865751 100.200256 269.561158 0.685261 0.685261 0.685261
v 10.444499 98.963306 266.809390 0.685261 0.685261 0.685261
v -7.674111 118.745594 270.550349 0.843043 0.843043 0.843043
v -8.556267 117.977832 268.842356 0.843043 0.843043 0.843043
v 30.578380 79.511471 264.776424 0.527478 0.527478 0.527478
v 30.272498 82.092226 268.571966 0.527478 0.527478 0.527478
v 57.426839 80.831147 266.809390 0.685261 0.685261 0.685261
v 57.205075 82.702195 269.561158 0.685261 0.685261 0.685261
v 84.275299 82.150824 268.842356 0.843043 0.843043 0.843043
v 84.137652 83.312164 270.550349 0.843043 0.843043 0.843043
v 33.984146 88.376858 264.062842 0.561130 0.561130 0.561130
v 31.993807 86.511633 260.358860 0.561130 0.561130 0.561130
v 14.664343 106.336362 264.614937 0.711435 0.711435 0.711435
v 13.221347 104.984074 261.929550 0.711435 0.711435 0.711435
v -4.655461 124.295866 265.167033 0.861739 0.861739 0.861739
v -5.551113 123.456515 263.500241 0.861739 0.861739 0.861739
v 33.099587 86.084872 260.358860 0.561130 0.561130 0.561130
v 32.878365 88.803618 264.062842 0.561130 0.561130 0.561130
v 59.414758 87.156391 261.929550 0.711435 0.711435 0.711435
v 59.254372 89.127481 264.614937 0.711435 0.711435 0.711435
v 85.729928 88.227909 263.500241 0.861739 0.861739 0.861739
v 85.630378 89.451345 265.167033 0.861739 0.861739 0.861739
v 36.623040 95.253761 259.030126 0.594783 0.594783 0.594783
v 34.608299 93.246806 255.414473 0.594783 0.594783 0.594783
v 17.685182 112.503630 259.203168 0.737609 0.737609 0.737609
v 16.224495 111.048587 256.581819 0.737609 0.737609 0.737609
v -1.252675 129.753498 259.376210 0.880435 0.880435 0.880435
v -2.159308 128.850368 257.749166 0.880435 0.880435 0.880435
v 35.687710 92.830223 255.414473 0.594783 0.594783 0.594783
v 35.543628 95.670344 259.030126 0.594783 0.594783 0.594783
v 61.264437 93.666069 256.581819 0.737609 0.737609 0.737609
v 61.159979 95.725157 259.203168 0.737609 0.737609 0.737609
v 86.841165 94.501915 257.749166 0.880435 0.880435 0.880435
v 86.776329 95.779970 259.376210 0.880435 0.880435 0.880435
v 39.322804 102.286701 253.474101 0.628435 0.628435 0.628435
v 37.288230 100.153226 249.942982 0.628435 0.628435 0.628435
v 20.923198 118.716451 253.324966 0.763783 0.763783 0.763783
v 19.448132 117.169682 250.764906 0.763783 0.763783 0.763783
v 2.523592 135.146202 253.175832 0.899130 0.899130 0.899130
v 1.608034 134.186138 251.586829 0.899130 0.899130 0.899130
v 38.342404 99.746383 249.942982 0.628435 0.628435 0.628435
v 38.268630 102.693545 253.474101 0.628435 0.628435 0.628435
v 62.988808 100.365784 250.764906 0.763783 0.763783 0.763783
v 62.935321 102.502476 253.324966 0.763783 0.763783 0.763783
v 87.635212 100.985185 251.586829 0.899130 0.899130 0.899130
v 87.602013 102.311408 253.175832 0.899130 0.899130 0.899130
v 42.083857 109.476633 247.394910 0.662087 0.662087 0.662087
v 40.033183 107.229939 243.944243 0.662087 0.662087 0.662087
v 24.370468 124.989305 246.978371 0.789957 0.789957 0.789957
v 22.883729 123.360452 244.476637 0.789957 0.789957 0.789957
v 6.657078 140.501977 246.561832 0.917826 0.917826 0.917826
v 5.734275 139.490965 245.009032 0.917826 0.917826 0.917826
v 41.063340 106.832365 243.944243 0.662087 0.662087 0.662087
v 41.053700 109.874207 247.394910 0.662087 0.662087 0.662087
v 64.602982 107.259506 244.476637 0.789957 0.789957 0.789957
v 64.595994 109.464841 246.978371 0.789957 0.789957 0.789957
v 88.142625 107.686647 245.009032 0.917826 0.917826 0.917826
v 88.138287 109.055476 246.561832 0.917826 0.917826 0.917826
v 44.906540 116.824395 240.792605 0.695739 0.695739 0.695739
v 42.842817 114.476106 237.418204 0.695739 0.695739 0.695739
v 28.016516 131.336796 240.160650 0.816130 0.816130 0.816130
v 26.520317 129.634287 237.714209 0.816130 0.816130 0.816130
v 11.126493 145.849198 239.528694 0.936522 0.936522 0.936522
v 10.197817 144.792468 238.010213 0.936522 0.936522 0.936522
v 43.850205 114.087319 237.418204 0.695739 0.695739 0.695739
v 43.899152 117.213182 240.792605 0.695739 0.695739 0.695739
v 66.124082 114.349783 237.714209 0.816130 0.816130 0.816130
v 66.159568 116.616034 240.160650 0.816130 0.816130 0.816130
v 88.397958 114.612248 238.010213 0.936522 0.936522 0.936522
v 88.419984 116.018886 239.528694 0.936522 0.936522 0.936522
v 47.791131 124.330717 233.667172 0.729391 0.729391 0.729391
v 45.716854 121.890996 230.364879 0.729391 0.729391 0.729391
v 31.848608 137.773686 232.868515 0.842304 0.842304 0.842304
v 30.344758 136.004888 230.474353 0.842304 0.842304 0.842304
v 15.906086 151.216656 232.069858 0.955217 0.955217 0.955217
v 14.972661 150.118781 230.583827 0.955217 0.955217 0.955217
v 46.702715 121.510517 230.364879 0.729391 0.729391 0.729391
v 46.805270 124.711196 233.667172 0.729391 0.729391 0.729391
v 67.571042 121.637939 230.474353 0.842304 0.842304 0.842304
v 67.645394 123.958431 232.868515 0.842304 0.842304 0.842304
v 88.439369 121.765361 230.583827 0.955217 0.955217 0.955217
v 88.485519 123.205667 232.069858 0.955217 0.955217 0.955217
v 50.737853 131.996233 226.018554 0.763043 0.763043 0.763043
v 48.655069 129.473976 222.784326 0.763043 0.763043 0.763043
v 35.852039 144.314888 225.098276 0.868478 0.868478 0.868478
v 34.342020 142.486252 222.753461 0.868478 0.868478 0.868478
v 20.966224 156.633544 224.177998 0.973913 0.973913 0.973913
v 20.028972 155.498528 222.722596 0.973913 0.973913 0.973913
v 49.620610 129.101339 222.784326 0.763043 0.763043 0.763043
v 49.772312 132.368870 226.018554 0.763043 0.763043 0.763043
v 68.964399 129.124242 222.753461 0.868478 0.868478 0.868478
v 69.074383 131.493202 225.098276 0.868478 0.868478 0.868478
v 88.308188 129.147146 222.722596 0.973913 0.973913 0.973913
v 88.376454 130.617535 224.177998 0.973913 0.973913 0.973913
v 53.746890 139.821489 217.846669 0.796696 0.796696 0.796696
v 51.657280 137.224500 214.676625 0.796696 0.796696 0.796696
v 40.010429 150.975436 216.845946 0.894652 0.894652 0.894652
v 38.495461 149.092618 214.547665 0.894652 0.894652 0.894652
v 26.273967 162.129382 215.845224 0.992609 0.992609 0.992609
v 25.333643 160.960737 214.418704 0.992609 0.992609 0.992609
v 52.603660 136.859258 214.676625 0.796696 0.796696 0.796696
v 52.800511 140.186731 217.846669 0.796696 0.796696 0.796696
v 70.326050 136.808060 214.547665 0.894652 0.894652 0.894652
v 70.468767 139.220478 216.845946 0.894652 0.894652 0.894652
v 88.048439 136.756863 214.418704 0.992609 0.992609 0.992609
v 88.137022 138.254226 215.845224 0.992609 0.992609 0.992609
v 56.818391 147.806956 209.151420 0.830348 0.830348 0.830348
v 54.723338 145.142096 206.041874 0.830348 0.830348 0.830348
v 44.306018 157.770421 208.107326 0.915174 0.915174 0.915174
v 42.787105 155.838397 205.852906 0.915174 0.915174 0.915174
v 31.793645 167.733886 207.063232 1.000000 1.000000 1.000000
v 30.850871 166.534699 205.663937 1.000000 1.000000 1.000000
v 55.651657 144.783825 206.041874 0.830348 0.830348 0.830348
v 55.890072 148.165227 209.151420 0.830348 0.830348 0.830348
v 71.678988 144.687990 205.852906 0.915174 0.915174 0.915174
v 71.851839 147.139507 208.107326 0.915174 0.915174 0.915174
v 87.706320 144.592156 205.663937 1.000000 1.000000 1.000000
v 87.813607 146.113787 207.063232 1.000000 1.000000 1.000000
v 59.952476 155.953041 199.932704 0.864000 0.864000 0.864000
v 57.853122 153.226358 196.880178 0.864000 0.864000 0.864000
v 48.719963 164.714909 198.878066 0.932000 0.932000 0.932000
v 47.197931 162.738064 196.664985 0.932000 0.932000 0.932000
v 37.487450 173.476777 197.823428 1.000000 1.000000 1.000000
v 36.542741 172.249769 196.449792 1.000000 1.000000 1.000000
v 58.764418 152.874657 196.880178 0.864000 0.864000 0.864000
v 59.041180 156.304743 199.932704 0.864000 0.864000 0.864000
v 73.047028 152.761977 196.664985 0.932000 0.932000 0.932000
v 73.247680 155.248789 198.878066 0.932000 0.932000 0.932000
v 87.329637 152.649297 196.449792 1.000000 1.000000 1.000000
v 87.454180 154.192835 197.823428 1.000000 1.000000 1.000000
v -1.503336 0.187697 267.400280 0.000000 0.000000 0.000000
v -3.408538 -0.866722 267.713980 0.000000 0.000000 0.000000
v -3.408538 -2.983402 268.313700 0.000000 0.000000 0.000000
v -1.503336 -4.045663 268.599720 0.000000 0.000000 0.000000
v 0.401865 -2.991244 268.286020 0.000000 0.000000 0.000000
v 0.401865 -0.874564 267.686300 0.000000 0.000000 0.000000
v -1.188384 11.347263 307.594411 0.135714 0.135714 0.135714
v -2.903065 10.398286 307.876741 0.135714 0.135714 0.135714
v -2.903065 8.493274 308.416489 0.135714 0.135714 0.135714
v -1.188384 7.537239 308.673907 0.135714 0.135714 0.135714
v 0.526297 8.486216 308.391577 0.135714 0.135714 0.135714
v 0.526297 10.391228 307.851829 0.135714 0.135714 0.135714
v -1.188384 11.280326 307.398033 0.128571 0.128571 0.128571
v -2.903023 10.367853 307.782486 0.128571 0.128571 0.128571
v -2.903023 8.529778 308.518613 0.128571 0.128571 0.128571
v -1.188384 7.604176 308.870285 0.128571 0.128571 0.128571
v 0.526255 8.516649 308.485831 0.128571 0.128571 0.128571
v 0.526255 10.354724 307.749705 0.128571 0.128571 0.128571
v -0.829394 24.037287 339.843343 0.271429 0.271429 0.271429
v -2.353518 23.226200 340.185079 0.271429 0.271429 0.271429
v -2.353518 21.592356 340.839414 0.271429 0.271429 0.271429
v -0.829394 20.769599 341.152012 0.271429 0.271429 0.271429
v 0.694730 21.580686 340.810275 0.271429 0.271429 0.271429
v 0.694730 23.214530 340.155940 0.271429 0.271429 0.271429
v 0.929931 22.354715 340.497677 0.257143 0.257143 0.257143
v 0.086584 23.690230 339.721298 0.257143 0.257143 0.257143
v -1.672742 23.738958 339.721298 0.257143 0.257143 0.257143
v -2.588720 22.452172 340.497677 0.257143 0.257143 0.257143
v -1.745372 21.116656 341.274056 0.257143 0.257143 0.257143
v 0.013953 21.067928 341.274056 0.257143 0.257143 0.257143
v 1.113043 36.911956 365.090554 0.407143 0.407143 0.407143
v 0.375114 38.080532 364.411223 0.407143 0.407143 0.407143
v -1.164296 38.123169 364.411223 0.407143 0.407143 0.407143
v -1.965777 36.997231 365.090554 0.407143 0.407143 0.407143
v -1.227848 35.828655 365.769886 0.407143 0.407143 0.407143
v 0.311562 35.786017 365.769886 0.407143 0.407143 0.407143
v 1.113043 36.911956 365.090554 0.385714 0.385714 0.385714
v 0.369977 37.895063 364.167000 0.385714 0.385714 0.385714
v -1.169433 37.937701 364.167000 0.385714 0.385714 0.385714
v -1.965777 36.997231 365.090554 0.385714 0.385714 0.385714
v -1.222711 36.014123 366.014109 0.385714 0.385714 0.385714
v 0.316699 35.971486 366.014109 0.385714 0.385714 0.385714
v 1.340192 53.059155 381.912791 0.542857 0.542857 0.542857
v 0.703278 53.901819 381.121173 0.542857 0.542857 0.542857
v -0.616216 53.938365 381.121173 0.542857 0.542857 0.542857
v -1.298796 53.132248 381.912791 0.542857 0.542857 0.542857
v -0.661883 52.289584 382.704409 0.542857 0.542857 0.542857
v 0.657611 52.253038 382.704409 0.542857 0.542857 0.542857
v 1.340192 53.059155 381.912791 0.514286 0.514286 0.514286
v 0.694831 53.596834 380.894552 0.514286 0.514286 0.514286
v -0.624663 53.633381 380.894552 0.514286 0.514286 0.514286
v -1.298796 53.132248 381.912791 0.514286 0.514286 0.514286
v -0.653435 52.594569 382.931030 0.514286 0.514286 0.514286
v 0.666058 52.558022 382.931030 0.514286 0.514286 0.514286
v 1.611378 70.796313 390.964387 0.678571 0.678571 0.678571
v 1.073577 71.244379 390.115854 0.678571 0.678571 0.678571
v -0.026001 71.274834 390.115854 0.678571 0.678571 0.678571
v -0.587778 70.857223 390.964387 0.678571 0.678571 0.678571
v -0.049978 70.409157 391.812919 0.678571 0.678571 0.678571
v 1.049601 70.378702 391.812919 0.678571 0.678571 0.678571
v 1.611378 70.796313 390.964387 0.642857 0.642857 0.642857
v 1.063333 70.874511 390.013844 0.642857 0.642857 0.642857
v -0.036245 70.904967 390.013844 0.642857 0.642857 0.642857
v -0.587778 70.857223 390.964387 0.642857 0.642857 0.642857
v -0.039733 70.779024 391.914930 0.642857 0.642857 0.642857
v 1.059845 70.748569 391.914930 0.642857 0.642857 0.642857
v 1.926602 90.123428 392.245342 0.814286 0.814286 0.814286
v 1.488166 90.185987 391.484908 0.814286 0.814286 0.814286
v 0.608504 90.210351 391.484908 0.814286 0.814286 0.814286
v 0.167277 90.172157 392.245342 0.814286 0.814286 0.814286
v 0.605713 90.109597 393.005776 0.814286 0.814286 0.814286
v 1.485376 90.085233 393.005776 0.814286 0.814286 0.814286
v 1.926602 90.123428 392.245342 0.771429 0.771429 0.771429
v 1.480519 89.909887 391.517461 0.771429 0.771429 0.771429
v 0.600856 89.934251 391.517461 0.771429 0.771429 0.771429
v 0.167277 90.172157 392.245342 0.771429 0.771429 0.771429
v 0.613360 90.385698 392.973222 0.771429 0.771429 0.771429
v 1.493023 90.361333 392.973222 0.771429 0.771429 0.771429
v 2.285864 111.040502 385.755656 0.950000 0.950000 0.950000
v 1.951301 110.880346 385.209746 0.950000 0.950000 0.950000
v 1.291554 110.898619 385.209746 0.950000 0.950000 0.950000
v 0.966370 111.077048 385.755656 0.950000 0.950000 0.950000
v 1.300932 111.237204 386.301566 0.950000 0.950000 0.950000
v 1.960679 111.218931 386.301566 0.950000 0.950000 0.950000
v -1.133320 3.669543 297.581299 0.090000 0.090000 0.090000
v -1.441668 8.058328 296.238359 0.090000 0.090000 0.090000
v -14.356046 6.579834 307.961768 0.345000 0.345000 0.345000
v -14.579599 9.761703 306.988136 0.345000 0.345000 0.345000
v -27.578773 9.490125 318.342237 0.600000 0.600000 0.600000
v -27.717530 11.465079 317.737914 0.600000 0.600000 0.600000
v -1.012092 8.046430 296.238359 0.090000 0.090000 0.090000
v -1.562896 3.681441 297.581299 0.090000 0.090000 0.090000
v 12.199983 9.019982 306.988136 0.345000 0.345000 0.345000
v 11.800650 5.855365 307.961768 0.345000 0.345000 0.345000
v 25.412057 9.993534 317.737914 0.600000 0.600000 0.600000
v 25.164196 8.029289 318.342237 0.600000 0.600000 0.600000
v -1.028571 6.802884 307.469145 0.123652 0.123652 0.123652
v -1.373919 11.152966 306.013973 0.123652 0.123652 0.123652
v -15.540926 10.113335 318.810108 0.371174 0.371174 0.371174
v -15.791303 13.267144 317.755109 0.371174 0.371174 0.371174
v -30.053280 13.423786 330.151071 0.618696 0.618696 0.618696
v -30.208687 15.381323 329.496244 0.618696 0.618696 0.618696
v -0.908442 11.140073 306.013973 0.123652 0.123652 0.123652
v -1.494047 6.815776 307.469145 0.123652 0.123652 0.123652
v 13.603863 12.452978 317.755109 0.371174 0.371174 0.371174
v 13.179299 9.317863 318.810108 0.371174 0.371174 0.371174
v 28.116168 13.765883 329.496244 0.618696 0.618696 0.618696
v 27.852646 11.819949 330.151071 0.618696 0.618696 0.618696
v -0.919163 10.048846 316.829454 0.157304 0.157304 0.157304
v -1.304795 14.352831 315.252433 0.157304 0.157304 0.157304
v -16.657049 13.795092 329.057138 0.397348 0.397348 0.397348
v -16.936632 16.915482 327.913798 0.397348 0.397348 0.397348
v -32.394935 17.541338 341.284822 0.637391 0.637391 0.637391
v -32.568469 19.478132 340.575162 0.637391 0.637391 0.637391
v -0.800341 14.338859 315.252433 0.157304 0.157304 0.157304
v -1.423616 10.062818 316.829454 0.157304 0.157304 0.157304
v 14.949379 16.032326 327.913798 0.397348 0.397348 0.397348
v 14.497504 12.932196 329.057138 0.397348 0.397348 0.397348
v 30.699099 17.725793 340.575162 0.637391 0.637391 0.637391
v 30.418625 15.801574 341.284822 0.637391 0.637391 0.637391
v -0.804931 13.408206 325.662677 0.190957 0.190957 0.190957
v -1.234461 17.657146 323.953287 0.190957 0.190957 0.190957
v -17.688395 17.625624 338.686048 0.423522 0.423522 0.423522
v -17.999805 20.706106 337.446740 0.423522 0.423522 0.423522
v -34.571860 21.843043 351.709420 0.656087 0.656087 0.656087
v -34.765149 23.755066 350.940194 0.656087 0.656087 0.656087
v -0.687666 17.642001 323.953287 0.190957 0.190957 0.190957
v -1.351726 13.423351 325.662677 0.190957 0.190957 0.190957
v 16.220741 19.758290 337.446740 0.423522 0.423522 0.423522
v 15.739298 16.699768 338.686048 0.423522 0.423522 0.423522
v 33.129148 21.874579 350.940194 0.656087 0.656087 0.656087
v 32.830321 19.976186 351.709420 0.656087 0.656087 0.656087
v -0.685703 16.881917 333.969264 0.224609 0.224609 0.224609
v -1.163089 21.064957 332.116084 0.224609 0.224609 0.224609
v -18.620267 21.605014 347.680354 0.449696 0.449696 0.449696
v -18.966372 24.637718 346.336799 0.449696 0.449696 0.449696
v -36.554830 26.328111 361.391445 0.674783 0.674783 0.674783
v -36.769654 28.210479 360.557514 0.674783 0.674783 0.674783
v -0.570299 21.048538 332.116084 0.224609 0.224609 0.224609
v -1.278493 16.898336 333.969264 0.224609 0.224609 0.224609
v 17.403449 23.630373 346.336799 0.449696 0.449696 0.449696
v 16.890008 20.621476 347.680354 0.449696 0.449696 0.449696
v 35.377197 26.212208 360.557514 0.674783 0.674783 0.674783
v 35.058510 24.344616 361.391445 0.674783 0.674783 0.674783
v -0.561313 20.471138 341.749639 0.258261 0.258261 0.258261
v -1.090846 24.575106 339.740401 0.258261 0.258261 0.258261
v -19.439536 25.732718 356.023969 0.475870 0.475870 0.475870
v -19.823448 28.708096 354.567272 0.475870 0.475870 0.475870
v -38.317758 30.994299 370.298299 0.693478 0.693478 0.693478
v -38.556049 32.841085 369.394142 0.693478 0.693478 0.693478
v -0.448137 24.557305 339.740401 0.258261 0.258261 0.258261
v -1.204022 20.488939 341.749639 0.258261 0.258261 0.258261
v 18.484515 27.647070 354.567272 0.475870 0.475870 0.475870
v 17.936498 24.697504 356.023969 0.475870 0.475870 0.475870
v 37.417166 30.736834 369.394142 0.693478 0.693478 0.693478
v 37.077018 28.906069 370.298299 0.693478 0.693478 0.693478
v -0.431609 24.177270 349.004150 0.291913 0.291913 0.291913
v -1.017883 28.186192 346.825889 0.291913 0.291913 0.291913
v -20.134878 30.007297 363.701265 0.502043 0.502043 0.502043
v -20.559927 32.913766 362.122026 0.502043 0.502043 0.502043
v -39.838148 35.837324 378.398381 0.712174 0.712174 0.712174
v -40.101971 37.641339 377.418163 0.712174 0.712174 0.712174
v -0.321107 28.166894 346.825889 0.291913 0.291913 0.291913
v -1.128385 24.196568 349.004150 0.291913 0.291913 0.291913
v 19.452658 31.805526 362.122026 0.502043 0.502043 0.502043
v 18.867382 28.927040 363.701265 0.502043 0.502043 0.502043
v 39.226423 35.444158 377.418163 0.712174 0.712174 0.712174
v 38.863148 33.657512 378.398381 0.712174 0.712174 0.712174
v -0.296479 28.001985 355.733004 0.325565 0.325565 0.325565
v -0.944312 31.896543 353.372342 0.325565 0.325565 0.325565
v -20.696987 34.425999 370.697161 0.528217 0.528217 0.528217
v -21.166665 37.249554 368.985681 0.528217 0.528217 0.528217
v -41.097494 40.850013 385.661318 0.730870 0.730870 0.730870
v -41.389019 42.602565 384.599020 0.730870 0.730870 0.730870
v -0.189190 31.875628 353.372342 0.325565 0.325565 0.325565
v -1.051602 28.022899 355.733004 0.325565 0.325565 0.325565
v 20.298461 36.101083 368.985681 0.528217 0.528217 0.528217
v 19.673212 33.307854 370.697161 0.528217 0.528217 0.528217
v 40.786112 40.326537 384.599020 0.730870 0.730870 0.730870
v 40.398026 38.592809 385.661318 0.730870 0.730870 0.730870
v -0.155882 31.947238 361.936163 0.359217 0.359217 0.359217
v -0.870175 35.704203 359.379798 0.359217 0.359217 0.359217
v -21.118743 38.984188 376.997270 0.554391 0.554391 0.554391
v -21.636605 41.707987 375.143905 0.554391 0.554391 0.554391
v -42.081603 46.021139 392.058377 0.749565 0.749565 0.749565
v -42.403035 47.711772 390.908012 0.749565 0.749565 0.749565
v -0.052451 35.681554 359.379798 0.359217 0.359217 0.359217
v -0.973605 31.969887 361.936163 0.359217 0.359217 0.359217
v 21.014464 40.526669 375.143905 0.554391 0.554391 0.554391
v 20.346627 37.835711 376.997270 0.554391 0.554391 0.554391
v 42.081379 45.371784 390.908012 0.749565 0.749565 0.749565
v 41.666860 43.701534 392.058377 0.749565 0.749565 0.749565
v -0.009889 36.015250 367.613209 0.392870 0.392870 0.392870
v -0.795399 39.606951 364.848674 0.392870 0.392870 0.392870
v -21.395342 43.674553 382.588207 0.580565 0.580565 0.580565
v -21.964837 46.278536 380.583919 0.580565 0.580565 0.580565
v -42.780794 51.333855 397.563205 0.768261 0.768261 0.768261
v -43.134274 52.950120 396.319164 0.768261 0.768261 0.768261
v 0.088913 39.582458 364.848674 0.392870 0.392870 0.392870
v -0.894201 36.039744 367.613209 0.392870 0.392870 0.392870
v 21.595181 45.072042 380.583919 0.580565 0.580565 0.580565
v 20.882424 42.503574 382.588207 0.580565 0.580565 0.580565
v 43.101450 50.561626 396.319164 0.768261 0.768261 0.768261
v 42.659049 48.967404 397.563205 0.768261 0.768261 0.768261
v 0.141256 40.208423 372.763174 0.426522 0.426522 0.426522
v -0.719742 43.602387 369.779939 0.426522 0.426522 0.426522
v -21.524325 48.486099 387.458180 0.606739 0.606739 0.606739
v -22.148548 50.946723 385.295335 0.606739 0.606739 0.606739
v -43.189906 56.763775 402.153187 0.786957 0.786957 0.786957
v -43.577355 58.291059 400.810731 0.786957 0.786957 0.786957
v 0.234527 43.575957 369.779939 0.426522 0.426522 0.426522
v -0.813013 40.234854 372.763174 0.426522 0.426522 0.426522
v 22.037006 49.722904 385.295335 0.606739 0.606739 0.606739
v 21.277539 47.300604 387.458180 0.606739 0.606739 0.606739
v 43.839484 55.869850 400.810731 0.786957 0.786957 0.786957
v 43.368091 54.366354 402.153187 0.786957 0.786957 0.786957
v 0.297070 44.529164 377.384342 0.460174 0.460174 0.460174
v -0.642720 47.688103 374.175308 0.460174 0.460174 0.460174
v -21.505481 53.403004 391.598045 0.632913 0.632913 0.632913
v -22.186829 55.693235 389.271496 0.632913 0.632913 0.632913
v -43.308031 62.276843 405.811749 0.805652 0.805652 0.805652
v -43.730937 63.698366 404.367684 0.805652 0.805652 0.805652
v 0.383777 47.659672 374.175308 0.460174 0.460174 0.460174
v -0.729427 44.557595 377.384342 0.460174 0.460174 0.460174
v 22.337956 54.460019 389.271496 0.632913 0.632913 0.632913
v 21.530884 52.211014 391.598045 0.632913 0.632913 0.632913
v 44.292136 61.260367 404.367684 0.805652 0.805652 0.805652
v 43.791195 59.864432 405.811749 0.805652 0.805652 0.805652
v 0.456770 48.979582 381.474081 0.493826 0.493826 0.493826
v -0.563550 51.861989 378.037415 0.493826 0.493826 0.493826
v -21.340543 58.403542 395.003013 0.659087 0.659087 0.659087
v -22.080275 60.493287 392.511430 0.659087 0.659087 0.659087
v -43.137855 67.827502 408.531945 0.824348 0.824348 0.824348
v -43.596999 69.124585 406.985445 0.824348 0.824348 0.824348
v 0.535761 51.831541 378.037415 0.493826 0.493826 0.493826
v -0.642542 49.010030 381.474081 0.493826 0.493826 0.493826
v 22.497259 59.258611 392.511430 0.659087 0.659087 0.659087
v 21.642989 57.213015 395.003013 0.659087 0.659087 0.659087
v 44.458756 66.685680 406.985445 0.824348 0.824348 0.824348
v 43.928520 65.416000 408.531945 0.824348 0.824348 0.824348
v 0.619228 53.561039 385.028753 0.527478 0.527478 0.527478
v -0.481105 56.122684 381.369895 0.527478 0.527478 0.527478
v -21.032645 63.459542 397.675109 0.685261 0.685261 0.685261
v -21.830386 65.316734 395.022437 0.685261 0.685261 0.685261
v -42.684518 73.358045 410.321465 0.843043 0.843043 0.843043
v -43.179667 74.510785 408.674979 0.843043 0.843043 0.843043
v 0.689281 56.090267 381.369895 0.527478 0.527478 0.527478
v -0.551158 53.593455 385.028753 0.527478 0.527478 0.527478
v 22.514741 64.088495 395.022437 0.685261 0.685261 0.685261
v 21.615423 62.278306 397.675109 0.685261 0.685261 0.685261
v 44.340202 72.086723 408.674979 0.843043 0.843043 0.843043
v 43.782004 70.963158 410.321465 0.843043 0.843043 0.843043
v 0.782994 58.273598 388.043823 0.561130 0.561130 0.561130
v -0.393934 60.470124 384.177286 0.561130 0.561130 0.561130
v -20.585516 68.537064 399.626200 0.711435 0.711435 0.711435
v -21.438789 70.129546 396.822960 0.711435 0.711435 0.711435
v -41.954026 78.800529 411.208576 0.861739 0.861739 0.861739
v -42.483644 79.788967 409.468635 0.861739 0.861739 0.861739
v 0.842883 60.435868 384.177286 0.561130 0.561130 0.561130
v -0.453823 58.307854 388.043823 0.561130 0.561130 0.561130
v 22.390144 68.915603 396.822960 0.711435 0.711435 0.711435
v 21.450031 67.372793 399.626200 0.711435 0.711435 0.711435
v 43.937404 77.395339 409.468635 0.861739 0.861739 0.861739
v 43.353886 76.437733 411.208576 0.861739 0.861739 0.861739
v 0.946405 63.115495 390.514245 0.594783 0.594783 0.594783
v -0.300374 64.906075 386.464632 0.594783 0.594783 0.594783
v -20.002538 73.599054 400.880879 0.737609 0.737609 0.737609
v -20.906453 74.897224 397.944909 0.737609 0.737609 0.737609
v -40.951482 84.082613 411.247513 0.880435 0.880435 0.880435
v -41.512532 84.888374 409.425187 0.880435 0.880435 0.880435
v 0.995006 64.870196 386.464632 0.594783 0.594783 0.594783
v -0.348974 63.151373 390.514245 0.594783 0.594783 0.594783
v 22.122525 73.705439 397.944909 0.737609 0.737609 0.737609
v 21.148139 72.459292 400.880879 0.737609 0.737609 0.737609
v 43.250044 82.540682 409.425187 0.880435 0.880435 0.880435
v 42.645253 81.767211 411.247513 0.880435 0.880435 0.880435
v 1.107795 68.082844 392.435153 0.628435 0.628435 0.628435
v -0.198758 69.434421 388.236801 0.628435 0.628435 0.628435
v -19.285961 78.610313 401.477916 0.763783 0.763783 0.763783
v -20.233211 79.590206 398.434111 0.763783 0.763783 0.763783
v -39.679716 89.137782 410.520680 0.899130 0.899130 0.899130
v -40.267665 89.745991 408.631421 0.899130 0.899130 0.899130
v 1.144199 69.397224 388.236801 0.628435 0.628435 0.628435
v -0.235163 68.120040 392.435153 0.628435 0.628435 0.628435
v 21.710082 78.428491 398.434111 0.763783 0.763783 0.763783
v 20.710044 77.502532 401.477916 0.763783 0.763783 0.763783
v 42.275964 87.459758 408.631421 0.899130 0.899130 0.899130
v 41.655251 86.885025 410.520680 0.899130 0.899130 0.899130
v 1.265774 73.169789 393.802714 0.662087 0.662087 0.662087
v -0.087699 74.061018 389.497622 0.662087 0.662087 0.662087
v -18.436679 83.544062 401.468773 0.789957 0.789957 0.789957
v -19.417948 84.190202 398.347581 0.789957 0.789957 0.789957
v -38.139133 93.918334 409.134832 0.917826 0.917826 0.917826
v -38.748196 94.319387 407.197540 0.917826 0.917826 0.917826
v 1.289402 74.022876 389.497622 0.662087 0.662087 0.662087
v -0.111327 73.207931 393.802714 0.662087 0.662087 0.662087
v 21.150687 83.066561 398.347581 0.789957 0.789957 0.789957
v 20.135158 82.475727 401.468773 0.789957 0.789957 0.789957
v 41.011972 92.110247 407.197540 0.917826 0.917826 0.917826
v 40.381643 91.743522 409.134832 0.917826 0.917826 0.917826
v 1.419493 78.369193 394.614892 0.695739 0.695739 0.695739
v 0.033654 78.793004 390.249135 0.695739 0.695739 0.695739
v -17.454928 88.388134 400.912440 0.816130 0.816130 0.816130
v -18.459662 88.695397 397.747266 0.816130 0.816130 0.816130
v -36.329350 98.407075 407.209987 0.936522 0.936522 0.936522
v -36.952977 98.597790 405.245397 0.936522 0.936522 0.936522
v 1.430161 78.754325 390.249135 0.695739 0.695739 0.695739
v 0.022987 78.407872 394.614892 0.695739 0.695739 0.695739
v 20.443242 87.617893 397.747266 0.816130 0.816130 0.816130
v 19.423041 87.366715 400.912440 0.816130 0.816130 0.816130
v 39.456324 96.481461 405.245397 0.936522 0.936522 0.936522
v 38.823096 96.325557 407.209987 0.936522 0.936522 0.936522
v 1.568785 83.673696 394.871799 0.729391 0.729391 0.729391
v 0.165469 83.637739 390.491227 0.729391 0.729391 0.729391
v -16.341835 93.148284 399.867514 0.842304 0.842304 0.842304
v -17.359240 93.122215 396.691599 0.842304 0.842304 0.842304
v -34.252456 102.622871 404.863229 0.955217 0.955217 0.955217
v -34.883948 102.606690 402.891972 0.955217 0.955217 0.955217
v 1.566714 83.598928 390.491227 0.729391 0.729391 0.729391
v 0.167539 83.712507 394.871799 0.729391 0.729391 0.729391
v 19.589541 92.098834 396.691599 0.842304 0.842304 0.842304
v 18.575139 92.181179 399.867514 0.842304 0.842304 0.842304
v 37.612368 100.598740 402.891972 0.955217 0.955217 0.955217
v 36.982739 100.649850 404.863229 0.955217 0.955217 0.955217
v 1.714140 89.076814 394.575530 0.763043 0.763043 0.763043
v 0.307254 88.601707 390.221802 0.763043 0.763043 0.763043
v -15.101352 97.847118 398.384026 0.868478 0.868478 0.868478
v -16.121344 97.502666 395.227574 0.868478 0.868478 0.868478
v -31.916844 106.617422 402.192523 0.973913 0.973913 0.973913
v -32.549942 106.403625 400.233345 0.973913 0.973913 0.973913
v 1.699912 88.563134 390.221802 0.763043 0.763043 0.763043
v 0.321481 89.115386 394.575530 0.763043 0.763043 0.763043
v 18.596010 96.541090 395.227574 0.868478 0.868478 0.868478
v 17.596648 96.941473 398.384026 0.868478 0.868478 0.868478
v 35.492108 104.519045 400.233345 0.973913 0.973913 0.973913
v 34.871814 104.767559 402.192523 0.973913 0.973913 0.973913
v 1.856537 94.573701 393.729563 0.796696 0.796696 0.796696
v 0.458030 93.689753 389.437383 0.796696 0.796696 0.796696
v -13.741815 102.519201 396.497737 0.894652 0.894652 0.894652
v -14.755733 101.878338 393.385906 0.894652 0.894652 0.894652
v -29.340167 110.464701 399.265910 0.992609 0.992609 0.992609
v -29.969496 110.066924 397.334429 0.992609 0.992609 0.992609
v 1.831001 93.651725 389.437383 0.796696 0.796696 0.796696
v 0.483566 94.611729 393.729563 0.796696 0.796696 0.796696
v 17.474695 100.985643 393.385906 0.894652 0.894652 0.894652
v 16.497805 101.681646 396.497737 0.894652 0.894652 0.894652
v 33.118389 108.319562 397.334429 0.992609 0.992609 0.992609
v 32.512043 108.751563 399.265910 0.992609 0.992609 0.992609
v 1.997209 100.161437 392.337998 0.830348 0.830348 0.830348
v 0.616566 98.904798 388.133870 0.830348 0.830348 0.830348
v -12.276635 107.204479 394.228286 0.915174 0.915174 0.915174
v -13.277600 106.293416 391.180293 0.915174 0.915174 0.915174
v -26.550478 114.247521 396.118574 1.000000 1.000000 1.000000
v -27.171767 113.682034 394.226717 1.000000 1.000000 1.000000
v 1.961372 98.867551 388.133870 0.830348 0.830348 0.830348
v 0.652404 100.198684 392.337998 0.830348 0.830348 0.830348
v 16.243213 105.475770 391.180293 0.915174 0.915174 0.915174
v 15.294211 106.440842 394.228286 0.915174 0.915174 0.915174
v 30.525054 112.083989 394.226717 1.000000 1.000000 1.000000
v 29.936018 112.682999 396.118574 1.000000 1.000000 1.000000
v 2.137418 105.838867 390.404883 0.864000 0.864000 0.864000
v 0.781599 104.247996 386.307215 0.864000 0.864000 0.864000
v -10.724024 111.942352 391.580780 0.932000 0.932000 0.932000
v -11.706993 110.788971 388.609970 0.932000 0.932000 0.932000
v -23.585465 118.045837 392.756677 1.000000 1.000000 1.000000
v -24.195584 117.329945 390.912726 1.000000 1.000000 1.000000
v 2.092350 104.211692 386.307215 0.864000 0.864000 0.864000
v 0.826667 105.875172 390.404883 0.864000 0.864000 0.864000
v 14.923851 110.051369 388.609970 0.932000 0.932000 0.932000
v 14.006231 111.257391 391.580780 0.932000 0.932000 0.932000
v 27.755353 115.891045 390.912726 1.000000 1.000000 1.000000
v 27.185796 116.639611 392.756677 1.000000 1.000000 1.000000
v 0.549160 -1.136986 268.000000 0.000000 0.000000 0.000000
v -1.074303 0.014723 267.063016 0.000000 0.000000 0.000000
v -3.126799 -0.777275 267.063016 0.000000 0.000000 0.000000
v -3.555832 -2.720980 268.000000 0.000000 0.000000 0.000000
v -1.932370 -3.872689 268.936984 0.000000 0.000000 0.000000
v 0.120126 -3.080691 268.936984 0.000000 0.000000 0.000000
v -5.922152 15.022590 298.817029 0.135714 0.135714 0.135714
v -7.383268 16.059127 297.973744 0.135714 0.135714 0.135714
v -9.230515 15.346330 297.973744 0.135714 0.135714 0.135714
v -9.616645 13.596994 298.817029 0.135714 0.135714 0.135714
v -8.155529 12.560457 299.660314 0.135714 0.135714 0.135714
v -6.308283 13.273255 299.660314 0.135714 0.135714 0.135714
v -5.922152 15.022590 298.817029 0.128571 0.128571 0.128571
v -7.312918 15.876812 297.696103 0.128571 0.128571 0.128571
v -9.160165 15.164014 297.696103 0.128571 0.128571 0.128571
v -9.616645 13.596994 298.817029 0.128571 0.128571 0.128571
v -8.225879 12.742772 299.937955 0.128571 0.128571 0.128571
v -6.378633 13.455570 299.937955 0.128571 0.128571 0.128571
v -13.217581 33.317899 321.616657 0.271429 0.271429 0.271429
v -14.453817 34.077208 320.620279 0.271429 0.271429 0.271429
v -16.095814 33.443610 320.620279 0.271429 0.271429 0.271429
v -16.501575 32.050703 321.616657 0.271429 0.271429 0.271429
v -15.265338 31.291395 322.613036 0.271429 0.271429 0.271429
v -13.623341 31.924993 322.613036 0.271429 0.271429 0.271429
v -13.217581 33.317899 321.616657 0.257143 0.257143 0.257143
v -14.344755 33.794569 320.351800 0.257143 0.257143 0.257143
v -15.986752 33.160971 320.351800 0.257143 0.257143 0.257143
v -16.501575 32.050703 321.616657 0.257143 0.257143 0.257143
v -15.374400 31.574034 322.881514 0.257143 0.257143 0.257143
v -13.732403 32.207632 322.881514 0.257143 0.257143 0.257143
v -21.337126 53.748943 336.398884 0.407143 0.407143 0.407143
v -22.323404 54.166029 335.292134 0.407143 0.407143 0.407143
v -23.760151 53.611630 335.292134 0.407143 0.407143 0.407143
v -24.210621 52.640146 336.398884 0.407143 0.407143 0.407143
v -23.224343 52.223060 337.505634 0.407143 0.407143 0.407143
v -21.787596 52.777458 337.505634 0.407143 0.407143 0.407143
v -21.337126 53.748943 336.398884 0.385714 0.385714 0.385714
v -22.184394 53.805780 335.114164 0.385714 0.385714 0.385714
v -23.621142 53.251381 335.114164 0.385714 0.385714 0.385714
v -24.210621 52.640146 336.398884 0.385714 0.385714 0.385714
v -23.363352 52.583309 337.683605 0.385714 0.385714 0.385714
v -21.926605 53.137707 337.683605 0.385714 0.385714 0.385714
v -30.280788 76.315720 343.163710 0.542857 0.542857 0.542857
v -31.007018 76.364437 342.062522 0.542857 0.542857 0.542857
v -32.238515 75.889239 342.062522 0.542857 0.542857 0.542857
v -32.743783 75.365323 343.163710 0.542857 0.542857 0.542857
v -32.017553 75.316606 344.264899 0.542857 0.542857 0.542857
v -30.786055 75.791804 344.264899 0.542857 0.542857 0.542857
v -30.280788 76.315720 343.163710 0.514286 0.514286 0.514286
v -30.877152 76.027885 342.021826 0.514286 0.514286 0.514286
v -32.108650 75.552686 342.021826 0.514286 0.514286 0.514286
v -32.743783 75.365323 343.163710 0.514286 0.514286 0.514286
v -32.147419 75.653158 344.305595 0.514286 0.514286 0.514286
v -30.915921 76.128357 344.305595 0.514286 0.514286 0.514286
v -40.048566 101.018231 341.911135 0.678571 0.678571 0.678571
v -40.545536 100.778369 340.959565 0.678571 0.678571 0.678571
v -41.571784 100.382370 340.959565 0.678571 0.678571 0.678571
v -42.101062 100.226234 341.911135 0.678571 0.678571 0.678571
v -41.604092 100.466096 342.862706 0.678571 0.678571 0.678571
v -40.577844 100.862095 342.862706 0.678571 0.678571 0.678571
v -40.048566 101.018231 341.911135 0.642857 0.642857 0.642857
v -40.456785 100.548366 341.004171 0.642857 0.642857 0.642857
v -41.483033 100.152368 341.004171 0.642857 0.642857 0.642857
v -42.101062 100.226234 341.911135 0.642857 0.642857 0.642857
v -41.692843 100.696099 342.818100 0.642857 0.642857 0.642857
v -40.666595 101.092097 342.818100 0.642857 0.642857 0.642857
v -50.640461 127.856476 332.641159 0.814286 0.814286 0.814286
v -50.967036 127.480585 331.915588 0.814286 0.814286 0.814286
v -51.788034 127.163786 331.915588 0.814286 0.814286 0.814286
v -52.282457 127.222878 332.641159 0.814286 0.814286 0.814286
v -51.955882 127.598770 333.366731 0.814286 0.814286 0.814286
v -51.134884 127.915569 333.366731 0.814286 0.814286 0.814286
v -50.640461 127.856476 332.641159 0.771429 0.771429 0.771429
v -50.917799 127.352984 331.974842 0.771429 0.771429 0.771429
v -51.738797 127.036185 331.974842 0.771429 0.771429 0.771429
v -52.282457 127.222878 332.641159 0.771429 0.771429 0.771429
v -52.005119 127.726371 333.307477 0.771429 0.771429 0.771429
v -51.184121 128.043170 333.307477 0.771429 0.771429 0.771429
v -62.056472 156.830456 315.353782 0.950000 0.950000 0.950000
v -62.264475 156.452836 314.854044 0.950000 0.950000 0.950000
v -62.880224 156.215237 314.854044 0.950000 0.950000 0.950000
v -63.287969 156.355257 315.353782 0.950000 0.950000 0.950000
v -63.079966 156.732876 315.853520 0.950000 0.950000 0.950000
v -62.464217 156.970476 315.853520 0.950000 0.950000 0.950000
v -4.752325 7.553442 291.609087 0.090000 0.090000 0.090000
v -6.853770 10.874373 289.218408 0.090000 0.090000 0.090000
v -18.790380 6.483211 301.245065 0.345000 0.345000 0.345000
v -20.313927 8.890886 299.511822 0.345000 0.345000 0.345000
v -32.828435 5.412980 310.881042 0.600000 0.600000 0.600000
v -33.774085 6.907399 309.805236 0.600000 0.600000 0.600000
v -6.140045 11.149778 289.218408 0.090000 0.090000 0.090000
v -5.466050 7.278037 291.609087 0.090000 0.090000 0.090000
v 5.163618 18.721916 299.511822 0.345000 0.345000 0.345000
v 5.652264 15.914903 301.245065 0.345000 0.345000 0.345000
v 16.467280 26.294054 309.805236 0.600000 0.600000 0.600000
v 16.770578 24.551770 310.881042 0.600000 0.600000 0.600000
v -6.460253 12.060564 299.071863 0.123652 0.123652 0.123652
v -8.568730 15.237812 296.499039 0.123652 0.123652 0.123652
v -21.983097 11.102386 309.478984 0.371174 0.371174 0.371174
v -23.511743 13.405891 307.613687 0.371174 0.371174 0.371174
v -37.505941 10.144209 319.886105 0.618696 0.618696 0.618696
v -38.454756 11.573970 318.728335 0.618696 0.618696 0.618696
v -7.800626 15.534201 296.499039 0.123652 0.123652 0.123652
v -7.228356 11.764176 299.071863 0.123652 0.123652 0.123652
v 4.499728 24.214688 307.613687 0.371174 0.371174 0.371174
v 4.914624 21.481420 309.478984 0.371174 0.371174 0.371174
v 16.800082 32.895176 318.728335 0.618696 0.618696 0.618696
v 17.057603 31.198665 319.886105 0.618696 0.618696 0.618696
v -8.227374 16.724547 305.989276 0.157304 0.157304 0.157304
v -10.337411 19.737018 303.226530 0.157304 0.157304 0.157304
v -25.203880 15.946810 317.053862 0.397348 0.397348 0.397348
v -26.733657 18.130851 315.050871 0.397348 0.397348 0.397348
v -42.180386 15.169073 328.118447 0.637391 0.637391 0.637391
v -43.129902 16.524685 326.875211 0.637391 0.637391 0.637391
v -9.512607 20.055285 303.226530 0.157304 0.157304 0.157304
v -9.052178 16.406280 305.989276 0.157304 0.157304 0.157304
v 3.712659 29.879183 315.050871 0.397348 0.397348 0.397348
v 4.046470 27.233654 317.053862 0.397348 0.397348 0.397348
v 16.937925 39.703081 326.875211 0.637391 0.637391 0.637391
v 17.145118 38.061028 328.118447 0.637391 0.637391 0.637391
v -10.054433 21.546503 312.360412 0.190957 0.190957 0.190957
v -12.159072 24.370877 309.401797 0.190957 0.190957 0.190957
v -28.436998 21.015652 323.946857 0.423522 0.423522 0.423522
v -29.962861 23.063323 321.801860 0.423522 0.423522 0.423522
v -46.819564 20.484801 335.533301 0.656087 0.656087 0.656087
v -47.766651 21.755770 334.201924 0.656087 0.656087 0.656087
v -11.275792 24.711709 309.401797 0.190957 0.190957 0.190957
v -10.937713 21.205672 312.360412 0.190957 0.190957 0.190957
v 2.791600 35.702300 321.801860 0.423522 0.423522 0.423522
v 3.036708 33.160423 323.946857 0.423522 0.423522 0.423522
v 16.858992 46.692892 334.201924 0.656087 0.656087 0.656087
v 17.011128 45.115175 335.533301 0.656087 0.656087 0.656087
v -11.942250 26.527384 318.183948 0.224609 0.224609 0.224609
v -14.032890 29.138439 315.026161 0.224609 0.224609 0.224609
v -31.666382 26.303886 330.136307 0.449696 0.449696 0.449696
v -33.182096 28.196901 327.846912 0.449696 0.449696 0.449696
v -51.390514 26.080389 342.088666 0.674783 0.674783 0.674783
v -52.331302 27.255363 340.667662 0.674783 0.674783 0.674783
v -13.090149 29.502215 315.026161 0.224609 0.224609 0.224609
v -12.884991 26.163608 318.183948 0.224609 0.224609 0.224609
v 1.728068 41.667700 327.846912 0.449696 0.449696 0.449696
v 1.876808 39.247210 330.136307 0.449696 0.449696 0.449696
v 16.546285 53.833185 340.667662 0.674783 0.674783 0.674783
v 16.638606 52.330812 342.088666 0.674783 0.674783 0.674783
v -13.891681 31.667835 323.458115 0.258261 0.258261 0.258261
v -15.958011 34.039057 320.101392 0.258261 0.258261 0.258261
v -34.875333 31.801572 335.602929 0.475870 0.475870 0.475870
v -36.373422 33.520708 333.169305 0.475870 0.475870 0.475870
v -55.858985 31.935308 347.747743 0.693478 0.693478 0.693478
v -56.788833 33.002358 346.237218 0.693478 0.693478 0.693478
v -14.955879 34.425750 320.101392 0.258261 0.258261 0.258261
v -14.893813 31.281142 323.458115 0.258261 0.258261 0.258261
v 0.516080 47.755274 333.169305 0.475870 0.475870 0.475870
v 0.561077 45.475433 335.602929 0.475870 0.475870 0.475870
v 15.988038 61.084798 346.237218 0.693478 0.693478 0.693478
v 16.015967 59.669724 347.747743 0.693478 0.693478 0.693478
v -15.903545 36.968023 328.180710 0.291913 0.291913 0.291913
v -17.933614 39.072566 324.629693 0.291913 0.291913 0.291913
v -38.046211 37.493419 340.331412 0.502043 0.502043 0.502043
v -39.518011 39.019212 337.756924 0.502043 0.502043 0.502043
v -60.188877 38.018814 352.482113 0.712174 0.712174 0.712174
v -61.102408 38.965858 350.884155 0.712174 0.712174 0.712174
v -16.873476 39.481641 324.629693 0.291913 0.291913 0.291913
v -16.963683 36.558948 328.180710 0.291913 0.291913 0.291913
v -0.847880 53.940871 337.756924 0.502043 0.502043 0.502043
v -0.913280 51.821918 340.331412 0.502043 0.502043 0.502043
v 15.177717 68.400100 350.884155 0.712174 0.712174 0.712174
v 15.137123 67.084888 352.482113 0.712174 0.712174 0.712174
v -17.978532 42.427461 332.349178 0.325565 0.325565 0.325565
v -19.959011 44.239451 328.613619 0.325565 0.325565 0.325565
v -41.160206 43.358899 344.312333 0.528217 0.528217 0.528217
v -42.596053 44.672591 341.604053 0.528217 0.528217 0.528217
v -64.341879 44.290336 356.275489 0.730870 0.730870 0.730870
v -65.233095 45.105731 354.594488 0.730870 0.730870 0.730870
v -18.843779 44.669786 328.613619 0.325565 0.325565 0.325565
v -19.093764 41.997126 332.349178 0.325565 0.325565 0.325565
v -2.365171 60.196497 341.604053 0.528217 0.528217 0.528217
v -2.546410 58.258819 344.312333 0.528217 0.528217 0.528217
v 14.113437 75.723209 354.594488 0.730870 0.730870 0.730870
v 14.000944 74.520512 356.275489 0.730870 0.730870 0.730870
v -20.117087 48.044871 335.960779 0.359217 0.359217 0.359217
v -22.033755 49.540993 332.055910 0.359217 0.359217 0.359217
v -44.197327 49.373167 347.544165 0.554391 0.554391 0.554391
v -45.586911 50.457855 344.713134 0.554391 0.554391 0.554391
v -68.277567 50.701463 359.127551 0.749565 0.749565 0.749565
v -69.140067 51.374717 357.370359 0.749565 0.749565 0.749565
v -20.867976 49.990832 332.055910 0.359217 0.359217 0.359217
v -21.282866 47.595031 335.960779 0.359217 0.359217 0.359217
v -4.035637 66.491261 344.713134 0.554391 0.554391 0.554391
v -4.336433 64.754306 347.544165 0.554391 0.554391 0.554391
v 12.796702 82.991690 357.370359 0.749565 0.749565 0.749565
v 12.610001 81.913580 359.127551 0.749565 0.749565 0.749565
v -22.319309 53.818134 339.012847 0.392870 0.392870 0.392870
v -24.157750 54.979307 334.959230 0.392870 0.392870 0.392870
v -47.136796 55.508960 350.034937 0.580565 0.580565 0.580565
v -48.469666 56.350811 347.096065 0.580565 0.580565 0.580565
v -71.954284 57.199786 361.057027 0.768261 0.768261 0.768261
v -72.781583 57.722314 359.232899 0.768261 0.768261 0.768261
v -22.947563 55.446283 334.959230 0.392870 0.392870 0.392870
v -23.529495 53.351159 339.012847 0.392870 0.392870 0.392870
v -5.858526 72.793188 347.096065 0.580565 0.580565 0.580565
v -6.280427 71.274223 350.034937 0.580565 0.580565 0.580565
v 11.230510 90.140093 359.232899 0.768261 0.768261 0.768261
v 10.968641 89.197287 361.057027 0.768261 0.768261 0.768261
v -24.584871 59.744368 341.503088 0.426522 0.426522 0.426522
v -26.331320 60.557277 337.325877 0.426522 0.426522 0.426522
v -49.957926 61.739372 351.803019 0.606739 0.606739 0.606739
v -51.224101 62.328731 348.774541 0.606739 0.606739 0.606739
v -75.330981 63.734375 362.102950 0.786957 0.786957 0.786957
v -76.116883 64.100184 360.223205 0.786957 0.786957 0.786957
v -25.084234 61.038491 337.325877 0.426522 0.426522 0.426522
v -25.831956 59.263155 341.503088 0.426522 0.426522 0.426522
v -7.833548 79.071861 348.774541 0.606739 0.606739 0.606739
v -8.375646 77.784742 351.803019 0.606739 0.606739 0.606739
v 9.417139 97.105231 360.223205 0.786957 0.786957 0.786957
v 9.080664 96.306330 362.102950 0.786957 0.786957 0.786957
v -26.913013 65.820146 343.429864 0.460174 0.460174 0.460174
v -28.555226 66.278332 339.157487 0.460174 0.460174 0.460174
v -52.641473 68.041075 352.876526 0.632913 0.632913 0.632913
v -53.832077 68.373260 349.779053 0.632913 0.632913 0.632913
v -78.369933 70.262005 362.323188 0.805652 0.805652 0.805652
v -79.108929 70.468188 360.400619 0.805652 0.805652 0.805652
v -27.279729 66.770508 339.157487 0.460174 0.460174 0.460174
v -28.188509 65.327970 343.429864 0.460174 0.460174 0.460174
v -9.961809 85.301497 349.779053 0.632913 0.632913 0.632913
v -10.620674 84.255657 352.876526 0.632913 0.632913 0.632913
v 7.356112 103.832487 360.400619 0.805652 0.805652 0.805652
v 6.947161 103.183345 362.323188 0.805652 0.805652 0.805652
v -29.302595 72.041816 344.792389 0.493826 0.493826 0.493826
v -30.830608 72.146121 340.454844 0.493826 0.493826 0.493826
v -55.171269 74.397272 353.291175 0.659087 0.659087 0.659087
v -56.279079 74.472894 350.146455 0.659087 0.659087 0.659087
v -81.039943 76.752729 361.789961 0.824348 0.824348 0.824348
v -81.727549 76.799667 359.838066 0.824348 0.824348 0.824348
v -29.535656 72.645805 340.454844 0.493826 0.493826 0.493826
v -30.597547 71.542132 344.792389 0.493826 0.493826 0.493826
v -12.246335 91.463826 350.146455 0.659087 0.659087 0.659087
v -13.016206 90.663663 353.291175 0.659087 0.659087 0.659087
v 5.042985 110.281847 359.838066 0.824348 0.824348 0.824348
v 4.565135 109.785194 361.789961 0.824348 0.824348 0.824348
v -31.752218 78.405870 345.590795 0.527478 0.527478 0.527478
v -33.158865 78.164153 341.217819 0.527478 0.527478 0.527478
v -57.535793 80.799627 353.086894 0.685261 0.685261 0.685261
v -58.555611 80.624382 349.916486 0.685261 0.685261 0.685261
v -83.319367 83.193384 360.582992 0.843043 0.843043 0.843043
v -83.952358 83.084611 358.615153 0.843043 0.843043 0.843043
v -31.853335 78.667918 341.217819 0.527478 0.527478 0.527478
v -33.057748 77.902104 345.590795 0.527478 0.527478 0.527478
v -14.691977 97.550059 349.916486 0.685261 0.685261 0.685261
v -15.565177 96.994845 353.086894 0.685261 0.685261 0.685261
v 2.469380 116.432201 358.615153 0.843043 0.843043 0.843043
v 1.927394 116.087585 360.582992 0.843043 0.843043 0.843043
v -34.260383 84.909268 345.826037 0.561130 0.561130 0.561130
v -35.541497 84.335467 341.445455 0.561130 0.561130 0.561130
v -59.729342 87.248704 352.303889 0.711435 0.711435 0.711435
v -60.658150 86.832698 349.127967 0.711435 0.711435 0.711435
v -85.198302 89.588139 358.781740 0.861739 0.861739 0.861739
v -85.774803 89.329928 356.810478 0.861739 0.861739 0.861739
v -34.233696 84.840108 341.445455 0.561130 0.561130 0.561130
v -35.568183 84.404627 345.826037 0.561130 0.561130 0.561130
v -17.304687 103.561515 349.127967 0.711435 0.711435 0.711435
v -18.272190 103.245791 352.303889 0.711435 0.711435 0.711435
v -0.375678 122.282922 356.810478 0.861739 0.861739 0.861739
v -0.976197 122.086956 358.781740 0.861739 0.861739 0.861739
v -36.825638 91.549657 345.499698 0.594783 0.594783 0.594783
v -37.979954 90.662418 341.136172 0.594783 0.594783 0.594783
v -61.752585 93.752925 350.979044 0.737609 0.737609 0.737609
v -62.589465 93.109676 347.815488 0.737609 0.737609 0.737609
v -86.679533 95.956193 356.458390 0.880435 0.880435 0.880435
v -87.198976 95.556935 354.494803 0.880435 0.880435 0.880435
v -36.677246 91.165094 341.136172 0.594783 0.594783 0.594783
v -38.128346 91.046981 345.499698 0.594783 0.594783 0.594783
v -20.090362 109.508822 347.815488 0.737609 0.737609 0.737609
v -21.142409 109.423190 350.979044 0.737609 0.737609 0.737609
v -3.503477 127.852550 354.494803 0.880435 0.880435 0.880435
v -4.156472 127.799399 356.458390 0.880435 0.880435 0.880435
v -39.446702 98.325455 344.613729 0.628435 0.628435 0.628435
v -40.475519 97.146588 340.288014 0.628435 0.628435 0.628435
v -63.612446 100.326476 349.143316 0.763783 0.763783 0.763783
v -64.358338 99.471798 346.007173 0.763783 0.763783 0.763783
v -87.778190 102.327498 353.672903 0.899130 0.899130 0.899130
v -88.241157 101.797008 351.726331 0.899130 0.899130 0.899130
v -39.184099 97.644908 340.288014 0.628435 0.628435 0.628435
v -40.738122 97.827134 344.613729 0.628435 0.628435 0.628435
v -23.053566 115.410087 346.007173 0.763783 0.763783 0.763783
v -24.180232 115.542200 349.143316 0.763783 0.763783 0.763783
v -6.923033 133.175265 351.726331 0.899130 0.899130 0.899130
v -7.622343 133.257266 353.672903 0.899130 0.899130 0.899130
v -42.122537 105.235818 343.170214 0.662087 0.662087 0.662087
v -43.029229 103.788818 338.898902 0.662087 0.662087 0.662087
v -65.321476 106.986804 346.820409 0.789957 0.789957 0.789957
v -65.978828 105.937728 343.723709 0.789957 0.789957 0.789957
v -88.520415 108.737789 350.470605 0.917826 0.917826 0.917826
v -88.928427 108.086639 348.548515 0.917826 0.917826 0.917826
v -41.754051 104.280871 338.898902 0.662087 0.662087 0.662087
v -43.397715 104.743765 343.170214 0.662087 0.662087 0.662087
v -26.196424 121.288580 343.723709 0.789957 0.789957 0.789957
v -27.388080 121.624178 346.820409 0.789957 0.789957 0.789957
v -10.638797 138.296289 348.548515 0.917826 0.917826 0.917826
v -11.378446 138.504591 350.470605 0.917826 0.917826 0.917826
v -44.852371 112.280538 341.171164 0.695739 0.695739 0.695739
v -45.641856 110.589319 336.966822 0.695739 0.695739 0.695739
v -66.896926 113.752273 344.026623 0.816130 0.816130 0.816130
v -67.469303 112.526139 340.978475 0.816130 0.816130 0.816130
v -88.941482 115.224007 346.882082 0.936522 0.936522 0.936522
v -89.296750 114.462959 344.990129 0.936522 0.936522 0.936522
v -44.386671 111.073658 336.966822 0.695739 0.695739 0.695739
v -46.107555 111.796200 341.171164 0.695739 0.695739 0.695739
v -29.517870 127.170473 340.978475 0.816130 0.816130 0.816130
v -30.765511 127.694316 344.026623 0.816130 0.816130 0.816130
v -14.649069 143.267289 344.990129 0.936522 0.936522 0.936522
v -15.423467 143.592433 346.882082 0.936522 0.936522 0.936522
v -47.635685 119.459885 338.618396 0.729391 0.729391 0.729391
v -48.313918 117.547820 334.489957 0.729391 0.729391 0.729391
v -68.359724 120.640346 340.771537 0.842304 0.842304 0.842304
v -68.851443 119.254099 337.778419 0.842304 0.842304 0.842304
v -89.083764 121.820806 342.924677 0.955217 0.955217 0.955217
v -89.388968 120.960377 341.066880 0.955217 0.955217 0.955217
v -47.081394 118.023415 334.489957 0.729391 0.729391 0.729391
v -48.868210 118.984291 338.618396 0.729391 0.729391 0.729391
v -33.013309 133.082974 337.778419 0.842304 0.842304 0.842304
v -34.308750 133.779608 340.771537 0.842304 0.842304 0.842304
v -18.945224 148.142532 341.066880 0.955217 0.955217 0.955217
v -19.749291 148.574926 342.924677 0.955217 0.955217 0.955217
v -50.472182 126.774463 335.513462 0.763043 0.763043 0.763043
v -51.045715 124.663718 331.466758 0.763043 0.763043 0.763043
v -69.733516 127.666384 337.059140 0.868478 0.868478 0.868478
v -70.149328 126.136094 334.125279 0.868478 0.868478 0.868478
v -88.994850 128.558305 338.604818 0.973913 0.973913 0.973913
v -89.252940 127.608470 336.783801 0.973913 0.973913 0.973913
v -49.837592 125.129897 331.466758 0.763043 0.763043 0.763043
v -51.680304 126.308284 335.513462 0.763043 0.763043 0.763043
v -36.674634 139.052987 334.125279 0.868478 0.868478 0.868478
v -38.010601 139.907318 337.059140 0.868478 0.868478 0.868478
v -23.511676 152.976078 336.783801 0.973913 0.973913 0.973913
v -24.340897 153.506352 338.604818 0.973913 0.973913 0.973913
v -53.361735 134.225075 331.857628 0.796696 0.796696 0.796696
v -53.837371 131.936208 327.895955 0.796696 0.796696 0.796696
v -71.043832 134.843032 332.889091 0.894652 0.894652 0.894652
v -71.388668 133.183603 330.016878 0.894652 0.894652 0.894652
v -88.725930 135.460988 333.920554 0.992609 0.992609 0.992609
v -88.939966 134.430997 332.137801 0.992609 0.992609 0.992609
v -52.654634 132.392591 327.895955 0.796696 0.796696 0.796696
v -54.544472 133.768692 331.857628 0.796696 0.796696 0.796696
v -40.490508 145.106288 330.016878 0.894652 0.894652 0.894652
v -41.860641 146.103961 332.889091 0.894652 0.894652 0.894652
v -28.326382 157.819985 332.137801 0.992609 0.992609 0.992609
v -29.176810 158.439230 333.920554 0.992609 0.992609 0.992609
v -56.304351 141.812625 327.651893 0.830348 0.830348 0.830348
v -56.688880 139.364388 323.776551 0.830348 0.830348 0.830348
v -72.317409 142.180032 328.257898 0.915174 0.915174 0.915174
v -72.596192 140.405060 325.448276 0.915174 0.915174 0.915174
v -88.330466 142.547439 328.863903 1.000000 1.000000 1.000000
v -88.503504 141.445732 327.120000 1.000000 1.000000 1.000000
v -55.531916 139.810826 323.776551 0.830348 0.830348 0.830348
v -57.461315 141.366187 327.651893 0.830348 0.830348 0.830348
v -44.446797 151.267078 325.448276 0.915174 0.915174 0.915174
v -45.845611 152.394715 328.257898 0.915174 0.915174 0.915174
v -33.361678 162.723330 327.120000 1.000000 1.000000 1.000000
v -34.229907 163.423243 328.863903 1.000000 1.000000 1.000000
v -59.300127 149.538036 322.897016 0.864000 0.864000 0.864000
v -59.600145 146.947332 319.107788 0.864000 0.864000 0.864000
v -73.581634 149.684339 323.159913 0.932000 0.932000 0.932000
v -73.799147 147.806079 320.412723 0.932000 0.932000 0.932000
v -87.863140 149.830642 323.422810 1.000000 1.000000 1.000000
v -87.998148 148.664825 321.717658 1.000000 1.000000 1.000000
v -58.468891 147.383850 319.107788 0.864000 0.864000 0.864000
v -60.431382 149.101519 322.897016 0.864000 0.864000 0.864000
v -48.527087 157.557818 320.412723 0.932000 0.932000 0.932000
v -49.949893 158.803128 323.159913 0.932000 0.932000 0.932000
v -38.585284 167.731786 321.717658 1.000000 1.000000 1.000000
v -39.468405 168.504737 323.422810 1.000000 1.000000 1.000000
v 0.082342 -0.403983 268.000000 0.000000 0.000000 0.000000
v -1.703618 -0.133847 266.744065 0.000000 0.000000 0.000000
v -3.289296 -1.658846 266.744065 0.000000 0.000000 0.000000
v -3.089015 -3.453983 268.000000 0.000000 0.000000 0.000000
v -1.303054 -3.724119 269.255935 0.000000 0.000000 0.000000
v 0.282624 -2.199120 269.255935 0.000000 0.000000 0.000000
v -12.271510 12.124042 288.069329 0.135714 0.135714 0.135714
v -13.878874 12.367165 286.938987 0.135714 0.135714 0.135714
v -15.305985 10.994665 286.938987 0.135714 0.135714 0.135714
v -15.125731 9.379042 288.069329 0.135714 0.135714 0.135714
v -13.518367 9.135919 289.199670 0.135714 0.135714 0.135714
v -12.091256 10.508419 289.199670 0.135714 0.135714 0.135714
v -12.271510 12.124042 288.069329 0.128571 0.128571 0.128571
v -13.605307 12.082713 286.606565 0.128571 0.128571 0.128571
v -15.032418 10.710213 286.606565 0.128571 0.128571 0.128571
v -15.125731 9.379042 288.069329 0.128571 0.128571 0.128571
v -13.791934 9.420371 289.532092 0.128571 0.128571 0.128571
v -12.364823 10.792871 289.532092 0.128571 0.128571 0.128571
v -26.771142 26.883226 300.724685 0.271429 0.271429 0.271429
v -27.956739 26.846489 299.424451 0.271429 0.271429 0.271429
v -29.225282 25.626489 299.424451 0.271429 0.271429 0.271429
v -29.308227 24.443226 300.724685 0.271429 0.271429 0.271429
v -28.122629 24.479963 302.024919 0.271429 0.271429 0.271429
v -26.854087 25.699963 302.024919 0.271429 0.271429 0.271429
v -26.771142 26.883226 300.724685 0.257143 0.257143 0.257143
v -27.632791 26.509651 299.236195 0.257143 0.257143 0.257143
v -28.901334 25.289651 299.236195 0.257143 0.257143 0.257143
v -29.308227 24.443226 300.724685 0.257143 0.257143 0.257143
v -28.446578 24.816801 302.213175 0.257143 0.257143 0.257143
v -27.178035 26.036801 302.213175 0.257143 0.257143 0.257143
v -43.416553 43.873569 305.966069 0.407143 0.407143 0.407143
v -44.170497 43.546691 304.663641 0.407143 0.407143 0.407143
v -45.280471 42.479191 304.663641 0.407143 0.407143 0.407143
v -45.636503 41.738569 305.966069 0.407143 0.407143 0.407143
v -44.882560 42.065447 307.268498 0.407143 0.407143 0.407143
v -43.772585 43.132947 307.268498 0.407143 0.407143 0.407143
v -43.416553 43.873569 305.966069 0.385714 0.385714 0.385714
v -43.897062 43.262376 304.636725 0.385714 0.385714 0.385714
v -45.007036 42.194876 304.636725 0.385714 0.385714 0.385714
v -45.636503 41.738569 305.966069 0.385714 0.385714 0.385714
v -45.155995 42.349761 307.295413 0.385714 0.385714 0.385714
v -44.046020 43.417261 307.295413 0.385714 0.385714 0.385714
v -62.207745 63.095070 303.793481 0.542857 0.542857 0.542857
v -62.619609 62.571191 302.654043 0.542857 0.542857 0.542857
v -63.571016 61.656191 302.654043 0.542857 0.542857 0.542857
v -64.110559 61.265070 303.793481 0.542857 0.542857 0.542857
v -63.698695 61.788950 304.932919 0.542857 0.542857 0.542857
v -62.747288 62.703949 304.932919 0.542857 0.542857 0.542857
v -62.207745 63.095070 303.793481 0.514286 0.514286 0.514286
v -62.442067 62.386585 302.704655 0.514286 0.514286 0.514286
v -63.393474 61.471585 302.704655 0.514286 0.514286 0.514286
v -64.110559 61.265070 303.793481 0.514286 0.514286 0.514286
v -63.876236 61.973556 304.882307 0.514286 0.514286 0.514286
v -62.924829 62.888555 304.882307 0.514286 0.514286 0.514286
v -83.144716 84.547730 294.206921 0.678571 0.678571 0.678571
v -83.339985 83.957326 293.299566 0.678571 0.678571 0.678571
v -84.132824 83.194826 293.299566 0.678571 0.678571 0.678571
v -84.730394 83.022730 294.206921 0.678571 0.678571 0.678571
v -84.535126 83.613135 295.114276 0.678571 0.678571 0.678571
v -83.742287 84.375635 295.114276 0.678571 0.678571 0.678571
v -83.144716 84.547730 294.206921 0.642857 0.642857 0.642857
v -83.239232 83.852564 293.359684 0.642857 0.642857 0.642857
v -84.032071 83.090064 293.359684 0.642857 0.642857 0.642857
v -84.730394 83.022730 294.206921 0.642857 0.642857 0.642857
v -84.635878 83.717896 295.054158 0.642857 0.642857 0.642857
v -83.843039 84.480396 295.054158 0.642857 0.642857 0.642857
v -106.227467 108.231549 277.206389 0.814286 0.814286 0.814286
v -106.303080 107.675416 276.528599 0.814286 0.814286 0.814286
v -106.937351 107.065417 276.528599 0.814286 0.814286 0.814286
v -107.496010 107.011549 277.206389 0.814286 0.814286 0.814286
v -107.420397 107.567682 277.884178 0.814286 0.814286 0.814286
v -106.786125 108.177682 277.884178 0.814286 0.814286 0.814286
v -106.227467 108.231549 277.206389 0.771429 0.771429 0.771429
v -106.249029 107.619215 276.574738 0.771429 0.771429 0.771429
v -106.883301 107.009215 276.574738 0.771429 0.771429 0.771429
v -107.496010 107.011549 277.206389 0.771429 0.771429 0.771429
v -107.474447 107.623883 277.838039 0.771429 0.771429 0.771429
v -106.840176 108.233883 277.838039 0.771429 0.771429 0.771429
v -131.455998 134.146527 252.791884 0.950000 0.950000 0.950000
v -131.472170 133.687276 252.318146 0.950000 0.950000 0.950000
v -131.947873 133.229776 252.318146 0.950000 0.950000 0.950000
v -132.407405 133.231527 252.791884 0.950000 0.950000 0.950000
v -132.391233 133.690777 253.265622 0.950000 0.950000 0.950000
v -131.915530 134.148277 253.265622 0.950000 0.950000 0.950000
v -8.349174 5.921397 284.412979 0.090000 0.090000 0.090000
v -11.280282 7.504829 281.241016 0.090000 0.090000 0.090000
v -21.856990 0.190546 293.117040 0.345000 0.345000 0.345000
v -23.982044 1.338534 290.817367 0.345000 0.345000 0.345000
v -35.364806 -5.540305 301.821102 0.600000 0.600000 0.600000
v -36.683805 -4.827761 300.393718 0.600000 0.600000 0.600000
v -10.548688 8.208428 281.241016 0.090000 0.090000 0.090000
v -9.080769 5.217798 284.412979 0.090000 0.090000 0.090000
v -3.891738 20.660052 290.817367 0.345000 0.345000 0.345000
v -2.827496 18.491846 293.117040 0.345000 0.345000 0.345000
v 2.765213 33.111676 300.393718 0.600000 0.600000 0.600000
v 3.425776 31.765893 301.821102 0.600000 0.600000 0.600000
v -11.793229 9.553920 289.135259 0.123652 0.123652 0.123652
v -14.591850 10.896728 285.740470 0.123652 0.123652 0.123652
v -26.909653 3.458415 298.328925 0.371174 0.371174 0.371174
v -28.938653 4.431950 295.867703 0.371174 0.371174 0.371174
v -42.026077 -2.637091 307.522591 0.618696 0.618696 0.618696
v -43.285457 -2.032828 305.994937 0.618696 0.618696 0.618696
v -13.808862 11.649754 285.740470 0.123652 0.123652 0.123652
v -12.576217 8.800895 289.135259 0.123652 0.123652 0.123652
v -6.789502 25.733529 295.867703 0.371174 0.371174 0.371174
v -5.895834 23.668106 298.328925 0.371174 0.371174 0.371174
v 0.229859 39.817303 305.994937 0.618696 0.618696 0.618696
v 0.784549 38.535317 307.522591 0.618696 0.618696 0.618696
v -15.396065 13.348885 293.343867 0.157304 0.157304 0.157304
v -18.038638 14.431888 289.737773 0.157304 0.157304 0.157304
v -32.115476 6.943001 302.865296 0.397348 0.397348 0.397348
v -34.031341 7.728178 300.250878 0.397348 0.397348 0.397348
v -48.834887 0.537117 312.386726 0.637391 0.637391 0.637391
v -50.024045 1.024468 310.763984 0.637391 0.637391 0.637391
v -17.206914 15.231785 289.737773 0.157304 0.157304 0.157304
v -16.227790 12.548988 293.343867 0.157304 0.157304 0.157304
v -9.884616 30.950890 300.250878 0.397348 0.397348 0.397348
v -9.174751 29.005861 302.865296 0.397348 0.397348 0.397348
v -2.562318 46.669994 310.763984 0.637391 0.637391 0.637391
v -2.121712 45.462735 312.386726 0.637391 0.637391 0.637391
v -19.157327 17.304504 297.035738 0.190957 0.190957 0.190957
v -21.621005 18.112095 293.235990 0.190957 0.190957 0.190957
v -37.443507 10.633936 306.708657 0.423522 0.423522 0.423522
v -39.229673 11.219440 303.953839 0.423522 0.423522 0.423522
v -55.729687 3.963368 316.381575 0.656087 0.656087 0.656087
v -56.838342 4.326784 314.671688 0.656087 0.656087 0.656087
v -20.744615 18.954949 293.235990 0.190957 0.190957 0.190957
v -20.033717 16.461650 297.035738 0.190957 0.190957 0.190957
v -13.170496 36.281420 303.953839 0.423522 0.423522 0.423522
v -12.655095 34.473779 306.708657 0.423522 0.423522 0.423522
v -5.596376 53.607892 314.671688 0.656087 0.656087 0.656087
v -5.276472 52.485908 316.381575 0.656087 0.656087 0.656087
v -23.075914 21.418330 300.208050 0.224609 0.224609 0.224609
v -25.340050 21.939796 296.237942 0.224609 0.224609 0.224609
v -42.858411 14.517359 309.850645 0.449696 0.449696 0.449696
v -44.499909 14.895422 306.972317 0.449696 0.449696 0.449696
v -62.640907 7.616387 319.493241 0.674783 0.674783 0.674783
v -63.659769 7.851047 317.706692 0.674783 0.674783 0.674783
v -24.424368 22.820438 296.237942 0.224609 0.224609 0.224609
v -23.991596 20.537688 300.208050 0.224609 0.224609 0.224609
v -16.638152 41.691004 306.972317 0.449696 0.449696 0.449696
v -16.324392 40.036010 309.850645 0.449696 0.449696 0.449696
v -8.851935 60.561570 317.706692 0.674783 0.674783 0.674783
v -8.657187 59.534332 319.493241 0.674783 0.674783 0.674783
v -27.150009 25.687443 302.858566 0.258261 0.258261 0.258261
v -29.197591 25.917913 298.745867 0.258261 0.258261 0.258261
v -48.322243 18.578112 312.293710 0.475870 0.475870 0.475870
v -49.806740 18.745203 309.312004 0.475870 0.475870 0.475870
v -69.494477 11.468780 321.728855 0.693478 0.693478 0.693478
v -70.415889 11.572492 319.878141 0.693478 0.693478 0.693478
v -28.249021 26.830184 298.745867 0.258261 0.258261 0.258261
v -28.098578 24.775172 302.858566 0.258261 0.258261 0.258261
v -20.278047 47.143932 309.312004 0.475870 0.475870 0.475870
v -20.168976 45.654048 312.293710 0.475870 0.475870 0.475870
v -12.307072 67.457680 319.878141 0.693478 0.693478 0.693478
v -12.239373 66.532925 321.728855 0.693478 0.693478 0.693478
v -31.377233 30.108730 304.985903 0.291913 0.291913 0.291913
v -33.196006 30.049557 300.761147 0.291913 0.291913 0.291913
v -53.797032 22.802346 314.051366 0.502043 0.502043 0.502043
v -55.115642 22.759446 310.988418 0.502043 0.502043 0.502043
v -76.216831 15.495963 323.116828 0.712174 0.712174 0.712174
v -77.035279 15.469335 321.215688 0.712174 0.712174 0.712174
v -32.221591 30.986684 300.761147 0.291913 0.291913 0.291913
v -32.351648 29.171603 304.985903 0.291913 0.291913 0.291913
v -24.082198 52.605345 310.988418 0.502043 0.502043 0.502043
v -24.176490 51.289410 314.051366 0.502043 0.502043 0.502043
v -15.942805 74.224005 321.215688 0.712174 0.712174 0.712174
v -16.001331 73.407218 323.116828 0.712174 0.712174 0.712174
v -35.754901 34.679217 306.589666 0.325565 0.325565 0.325565
v -37.337981 34.337703 302.284178 0.325565 0.325565 0.325565
v -59.247685 27.179918 315.146783 0.528217 0.528217 0.528217
v -60.395418 26.932321 312.025304 0.528217 0.528217 0.528217
v -82.740470 19.680620 323.703900 0.730870 0.730870 0.730870
v -83.452856 19.526938 321.766431 0.730870 0.730870 0.730870
v -36.344945 35.292738 302.284178 0.325565 0.325565 0.325565
v -36.747936 33.724181 306.589666 0.325565 0.325565 0.325565
v -28.045997 58.043839 312.025304 0.528217 0.528217 0.528217
v -28.338165 56.906635 315.146783 0.528217 0.528217 0.528217
v -19.747048 80.794939 321.766431 0.730870 0.730870 0.730870
v -19.928394 80.089089 323.703900 0.730870 0.730870 0.730870
v -40.280311 39.396347 307.670404 0.359217 0.359217 0.359217
v -41.626217 38.784907 303.314411 0.359217 0.359217 0.359217
v -64.644590 31.705952 315.609980 0.554391 0.554391 0.554391
v -65.620372 31.262659 312.451884 0.554391 0.554391 0.554391
v -89.008870 24.015558 323.549555 0.749565 0.749565 0.749565
v -89.614527 23.740410 321.589358 0.749565 0.749565 0.749565
v -40.621532 39.751145 303.314411 0.359217 0.359217 0.359217
v -41.284995 38.430108 307.670404 0.359217 0.359217 0.359217
v -32.169276 63.433693 312.451884 0.554391 0.554391 0.554391
v -32.650287 62.475942 315.609980 0.554391 0.554391 0.554391
v -23.717021 87.116241 321.589358 0.749565 0.749565 0.749565
v -24.015579 86.521775 323.549555 0.749565 0.749565 0.749565
v -44.951009 44.258175 308.229431 0.392870 0.392870 0.392870
v -46.063168 43.393114 303.850530 0.392870 0.392870 0.392870
v -69.965391 36.381261 315.474287 0.580565 0.580565 0.580565
v -70.771707 35.754092 312.299585 0.580565 0.580565 0.580565
v -94.979773 28.504346 322.719144 0.768261 0.768261 0.768261
v -95.480245 28.115069 320.748639 0.768261 0.768261 0.768261
v -45.053201 44.364434 303.850530 0.392870 0.392870 0.392870
v -45.960976 43.286856 308.229431 0.392870 0.392870 0.392870
v -36.456400 68.756267 312.299585 0.580565 0.580565 0.580565
v -37.114537 67.975023 315.474287 0.580565 0.580565 0.580565
v -27.859599 93.148101 320.748639 0.768261 0.768261 0.768261
v -28.268098 92.663191 322.719144 0.768261 0.768261 0.768261
v -49.764969 49.263436 308.268565 0.426522 0.426522 0.426522
v -50.650861 48.163591 303.890719 0.426522 0.426522 0.426522
v -75.195711 41.211658 314.772929 0.606739 0.606739 0.606739
v -75.837983 40.414270 311.598990 0.606739 0.606739 0.606739
v -100.626454 33.159880 321.277292 0.786957 0.786957 0.786957
v -101.025105 32.664950 319.307261 0.786957 0.786957 0.786957
v -49.641136 49.134677 303.890719 0.426522 0.426522 0.426522
v -50.774693 48.292351 308.268565 0.426522 0.426522 0.426522
v -40.915457 74.000428 311.598990 0.606739 0.606739 0.606739
v -41.737286 73.389742 314.772929 0.606739 0.606739 0.606739
v -32.189778 98.866180 319.307261 0.786957 0.786957 0.786957
v -32.699879 98.487133 321.277292 0.786957 0.786957 0.786957
v -54.720681 54.411506 307.789861 0.460174 0.460174 0.460174
v -55.390805 53.096960 303.432924 0.460174 0.460174 0.460174
v -80.328927 46.206541 313.536329 0.632913 0.632913 0.632913
v -80.814767 45.253495 310.377549 0.632913 0.632913 0.632913
v -105.937174 38.001576 319.282796 0.805652 0.805652 0.805652
v -106.238729 37.410030 317.322175 0.805652 0.805652 0.805652
v -54.385903 54.063408 303.432924 0.460174 0.460174 0.460174
v -55.725583 53.445059 307.789861 0.460174 0.460174 0.460174
v -45.556915 79.162148 310.377549 0.632913 0.632913 0.632913
v -46.528183 78.713845 313.536329 0.632913 0.632913 0.632913
v -36.727927 104.260888 317.322175 0.805652 0.805652 0.805652
v -37.330783 103.982631 319.282796 0.805652 0.805652 0.805652
v -59.817148 59.702301 306.795380 0.493826 0.493826 0.493826
v -60.283998 58.193306 302.475081 0.493826 0.493826 0.493826
v -85.365291 51.377189 311.790454 0.659087 0.659087 0.659087
v -85.703757 50.283168 308.658237 0.659087 0.659087 0.659087
v -110.913433 43.052076 316.785527 0.824348 0.824348 0.824348
v -111.123516 42.373029 314.841393 0.824348 0.824348 0.824348
v -59.287547 59.151627 302.475081 0.493826 0.493826 0.493826
v -60.813599 58.743980 306.795380 0.493826 0.493826 0.493826
v -50.392100 84.243567 308.658237 0.659087 0.659087 0.659087
v -51.498488 83.948023 311.790454 0.659087 0.659087 0.659087
v -41.496652 109.335507 314.841393 0.824348 0.824348 0.824348
v -42.183376 109.152066 316.785527 0.824348 0.824348 0.824348
v -65.053823 65.136135 305.287036 0.527478 0.527478 0.527478
v -65.330986 63.452314 301.015277 0.527478 0.527478 0.527478
v -90.310759 56.735163 309.556127 0.685261 0.685261 0.685261
v -90.511702 55.514392 306.459101 0.685261 0.685261 0.685261
v -115.567694 48.334190 313.825217 0.843043 0.843043 0.843043
v -115.692418 47.576471 311.902925 0.843043 0.843043 0.843043
v -64.345730 64.399868 301.015277 0.527478 0.527478 0.527478
v -66.039079 64.188582 305.287036 0.527478 0.527478 0.527478
v -55.431843 89.251863 306.459101 0.685261 0.685261 0.685261
v -56.659522 89.098681 309.556127 0.685261 0.685261 0.685261
v -46.517956 114.103858 311.902925 0.843043 0.843043 0.843043
v -47.279964 114.008780 313.825217 0.843043 0.843043 0.843043
v -70.430527 70.713595 303.266503 0.561130 0.561130 0.561130
v -70.531949 68.873398 299.051839 0.561130 0.561130 0.561130
v -95.175813 62.291047 306.849084 0.711435 0.711435 0.711435
v -95.249345 60.956904 303.793453 0.711435 0.711435 0.711435
v -119.921100 53.868498 310.431665 0.861739 0.861739 0.861739
v -119.966740 53.040409 308.535066 0.861739 0.861739 0.861739
v -69.559862 69.808287 299.051839 0.561130 0.561130 0.561130
v -71.402614 69.778706 303.266503 0.561130 0.561130 0.561130
v -60.685455 94.198150 303.793453 0.711435 0.711435 0.711435
v -62.021450 94.176704 306.849084 0.711435 0.711435 0.711435
v -51.811048 118.588013 308.535066 0.861739 0.861739 0.861739
v -52.640286 118.574701 310.431665 0.861739 0.861739 0.861739
v -75.947348 76.435418 300.735179 0.594783 0.594783 0.594783
v -75.886799 74.455821 296.583369 0.594783 0.594783 0.594783
v -99.974422 68.053578 303.680485 0.737609 0.737609 0.737609
v -99.930524 66.618370 300.670422 0.737609 0.737609 0.737609
v -124.001496 59.671738 306.625790 0.880435 0.880435 0.880435
v -123.974248 58.780919 304.757476 0.880435 0.880435 0.880435
v -74.929208 75.376768 296.583369 0.594783 0.594783 0.594783
v -76.904939 75.514472 300.735179 0.594783 0.594783 0.594783
v -66.160056 99.096555 300.670422 0.737609 0.737609 0.737609
v -67.592461 99.196390 303.680485 0.737609 0.737609 0.737609
v -57.390905 122.816343 304.757476 0.880435 0.880435 0.880435
v -58.279983 122.878309 306.625790 0.880435 0.880435 0.880435
v -81.604559 82.302409 297.694192 0.628435 0.628435 0.628435
v -81.395262 80.198778 293.608738 0.628435 0.628435 0.628435
v -104.723209 74.029160 300.057624 0.763783 0.763783 0.763783
v -104.571468 72.504027 297.095671 0.763783 0.763783 0.763783
v -127.841858 65.755910 302.421057 0.899130 0.899130 0.899130
v -127.747674 64.809276 300.582603 0.899130 0.899130 0.899130
v -80.452976 81.105005 293.608738 0.628435 0.628435 0.628435
v -82.546845 81.396181 297.694192 0.628435 0.628435 0.628435
v -71.860247 103.963499 297.095671 0.763783 0.763783 0.763783
v -73.378302 104.174602 300.057624 0.763783 0.763783 0.763783
v -63.267519 126.821993 300.582603 0.899130 0.899130 0.899130
v -64.209760 126.953022 302.421057 0.899130 0.899130 0.899130
v -87.402547 88.315376 294.144422 0.662087 0.662087 0.662087
v -87.056951 86.101460 290.127067 0.662087 0.662087 0.662087
v -109.440827 80.221655 295.984682 0.789957 0.789957 0.789957
v -109.190270 78.616566 293.072100 0.789957 0.789957 0.789957
v -131.479107 72.127935 297.824942 0.917826 0.917826 0.917826
v -131.323589 71.131673 296.017132 0.917826 0.917826 0.917826
v -86.130372 86.992582 290.127067 0.662087 0.662087 0.662087
v -88.329126 87.424254 294.144422 0.662087 0.662087 0.662087
v -77.788012 108.817166 293.072100 0.789957 0.789957 0.789957
v -79.382109 109.130128 295.984682 0.789957 0.789957 0.789957
v -69.445651 130.641750 296.017132 0.917826 0.917826 0.917826
v -70.435091 130.836002 297.824942 0.917826 0.917826 0.917826
v -93.341759 94.475093 290.086538 0.695739 0.695739 0.695739
v -92.871419 92.163093 286.137686 0.695739 0.695739 0.695739
v -114.147492 86.632401 291.463404 0.816130 0.816130 0.816130
v -113.806495 84.956201 288.600486 0.816130 0.816130 0.816130
v -134.953224 78.789709 292.840270 0.936522 0.936522 0.936522
v -134.741571 77.749308 291.063286 0.936522 0.936522 0.936522
v -91.960640 93.039020 286.137686 0.695739 0.695739 0.695739
v -94.252539 93.599166 290.086538 0.695739 0.695739 0.695739
v -83.942799 113.677114 288.600486 0.816130 0.816130 0.816130
v -85.604426 114.083220 291.463404 0.816130 0.816130 0.816130
v -75.924958 134.315208 291.063286 0.936522 0.936522 0.936522
v -76.956312 134.567274 292.840270 0.936522 0.936522 0.936522
v -99.422666 100.782279 285.521036 0.729391 0.729391 0.729391
v -98.838196 98.382960 281.640100 0.729391 0.729391 0.729391
v -118.864624 93.260340 286.493685 0.842304 0.842304 0.842304
v -118.440883 91.520834 283.680006 0.842304 0.842304 0.842304
v -138.306581 85.738402 287.466333 0.955217 0.955217 0.955217
v -138.043569 84.658709 285.719912 0.955217 0.955217 0.955217
v -97.943081 99.243822 281.640100 0.729391 0.729391 0.729391
v -100.317781 99.921417 285.521036 0.729391 0.729391 0.729391
v -90.321706 118.563986 283.680006 0.842304 0.842304 0.842304
v -92.043363 119.055242 286.493685 0.842304 0.842304 0.842304
v -82.700330 137.884149 285.719912 0.955217 0.955217 0.955217
v -83.768945 138.189066 287.466333 0.955217 0.955217 0.955217
v -105.645735 107.237582 280.448270 0.763043 0.763043 0.763043
v -104.956815 104.760411 276.633953 0.763043 0.763043 0.763043
v -123.614570 100.102244 281.074032 0.868478 0.868478 0.868478
v -123.115103 98.306295 278.308653 0.868478 0.868478 0.868478
v -141.583405 92.966907 281.699794 0.973913 0.973913 0.973913
v -141.273391 91.852180 279.983352 0.973913 0.973913 0.973913
v -104.077065 105.606496 276.633953 0.763043 0.763043 0.763043
v -106.525485 106.391497 280.448270 0.763043 0.763043 0.763043
v -96.919718 123.499271 278.308653 0.868478 0.868478 0.868478
v -98.694823 124.068397 281.074032 0.868478 0.868478 0.868478
v -89.762371 141.392046 279.983352 0.973913 0.973913 0.973913
v -90.864160 141.745297 281.699794 0.973913 0.973913 0.973913
v -112.011415 113.841583 274.868488 0.796696 0.796696 0.796696
v -111.226827 111.294866 271.119001 0.796696 0.796696 0.796696
v -128.420362 107.152965 275.201935 0.894652 0.894652 0.894652
v -127.851536 105.306595 272.483557 0.894652 0.894652 0.894652
v -144.829310 100.464347 275.535383 0.992609 0.992609 0.992609
v -144.476245 99.318324 273.848113 0.992609 0.992609 0.992609
v -110.362030 112.126570 271.119001 0.796696 0.796696 0.796696
v -112.876212 113.009878 274.868488 0.796696 0.796696 0.796696
v -103.729980 128.505100 272.483557 0.894652 0.894652 0.894652
v -105.552762 129.145499 275.201935 0.894652 0.894652 0.894652
v -97.097930 144.883630 273.848113 0.992609 0.992609 0.992609
v -98.229312 145.281119 275.535383 0.992609 0.992609 0.992609
v -118.520124 120.594793 268.781851 0.830348 0.830348 0.830348
v -117.647812 117.985813 265.095078 0.830348 0.830348 0.830348
v -133.305488 114.405709 268.874139 0.915174 0.915174 0.915174
v -132.673061 112.514199 266.201229 0.915174 0.915174 0.915174
v -148.090851 108.216626 268.966428 1.000000 1.000000 1.000000
v -147.698311 107.042585 267.307380 1.000000 1.000000 1.000000
v -116.797480 118.803606 265.095078 0.830348 0.830348 0.830348
v -119.370457 119.777000 268.781851 0.830348 0.830348 0.830348
v -110.744070 133.604042 266.201229 0.915174 0.915174 0.915174
v -112.609478 134.309752 268.874139 0.915174 0.915174 0.915174
v -104.690660 148.404477 267.307380 1.000000 1.000000 1.000000
v -105.848500 148.842505 268.966428 1.000000 1.000000 1.000000
v -125.172251 127.497661 262.188460 0.864000 0.864000 0.864000
v -124.219384 124.832804 258.562087 0.864000 0.864000 0.864000
v -138.293672 121.852316 262.086863 0.932000 0.932000 0.932000
v -137.602844 119.920294 259.457743 0.932000 0.932000 0.932000
v -151.415093 116.206971 261.985267 1.000000 1.000000 1.000000
v -150.986303 115.007785 260.353399 1.000000 1.000000 1.000000
v -123.382982 125.637199 258.562087 0.864000 0.864000 0.864000
v -126.008652 126.693266 262.188460 0.864000 0.864000 0.864000
v -117.952279 138.818898 259.457743 0.932000 0.932000 0.932000
v -119.855889 139.584547 262.086863 0.932000 0.932000 0.932000
v -112.521575 152.000598 260.353399 1.000000 1.000000 1.000000
v -113.703126 152.475828 261.985267 1.000000 1.000000 1.000000
v -0.584484 0.069944 268.000000 0.000000 0.000000 0.000000
v -2.072857 -0.456540 266.467825 0.000000 0.000000 0.000000
v -2.991710 -2.455468 266.467825 0.000000 0.000000 0.000000
v -2.422189 -3.927910 268.000000 0.000000 0.000000 0.000000
v -0.933815 -3.401426 269.532175 0.000000 0.000000 0.000000
v -0.014963 -1.402498 269.532175 0.000000 0.000000 0.000000
v -16.031087 6.928198 280.490449 0.135714 0.135714 0.135714
v -17.370623 6.454362 279.111492 0.135714 0.135714 0.135714
v -18.197590 4.655327 279.111492 0.135714 0.135714 0.135714
v -17.685021 3.330129 280.490449 0.135714 0.135714 0.135714
v -16.345485 3.803965 281.869406 0.135714 0.135714 0.135714
v -15.518518 5.602999 281.869406 0.135714 0.135714 0.135714
v -16.031087 6.928198 280.490449 0.128571 0.128571 0.128571
v -16.794549 6.189556 278.819541 0.128571 0.128571 0.128571
v -17.621516 4.390521 278.819541 0.128571 0.128571 0.128571
v -17.685021 3.330129 280.490449 0.128571 0.128571 0.128571
v -16.921560 4.068771 282.161357 0.128571 0.128571 0.128571
v -16.094592 5.867805 282.161357 0.128571 0.128571 0.128571
v -33.908058 14.903625 285.002724 0.271429 0.271429 0.271429
v -34.586691 14.247055 283.517472 0.271429 0.271429 0.271429
v -35.321773 12.647913 283.517472 0.271429 0.271429 0.271429
v -35.378222 11.705342 285.002724 0.271429 0.271429 0.271429
v -34.699590 12.361912 286.487976 0.271429 0.271429 0.271429
v -33.964508 13.961054 286.487976 0.271429 0.271429 0.271429
v -33.908058 14.903625 285.002724 0.257143 0.257143 0.257143
v -34.062434 14.006068 283.496683 0.257143 0.257143 0.257143
v -34.797515 12.406926 283.496683 0.257143 0.257143 0.257143
v -35.378222 11.705342 285.002724 0.257143 0.257143 0.257143
v -35.223847 12.602899 286.508765 0.257143 0.257143 0.257143
v -34.488765 14.202041 286.508765 0.257143 0.257143 0.257143
v -54.215398 23.996227 281.536825 0.407143 0.407143 0.407143
v -54.350477 23.210865 280.219039 0.407143 0.407143 0.407143
v -54.993673 21.811615 280.219039 0.407143 0.407143 0.407143
v -55.501792 21.197729 281.536825 0.407143 0.407143 0.407143
v -55.366714 21.983092 282.854611 0.407143 0.407143 0.407143
v -54.723517 23.382341 282.854611 0.407143 0.407143 0.407143
v -54.215398 23.996227 281.536825 0.385714 0.385714 0.385714
v -54.031346 23.064169 280.324805 0.385714 0.385714 0.385714
v -54.674543 21.664920 280.324805 0.385714 0.385714 0.385714
v -55.501792 21.197729 281.536825 0.385714 0.385714 0.385714
v -55.685844 22.129788 282.748844 0.385714 0.385714 0.385714
v -55.042648 23.529037 282.748844 0.385714 0.385714 0.385714
v -76.953107 34.206004 270.092752 0.542857 0.542857 0.542857
v -76.795348 33.407096 269.053878 0.542857 0.542857 0.542857
v -77.346659 32.207740 269.053878 0.542857 0.542857 0.542857
v -78.055730 31.807291 270.092752 0.542857 0.542857 0.542857
v -78.213489 32.606198 271.131626 0.542857 0.542857 0.542857
v -77.662178 33.805554 271.131626 0.542857 0.542857 0.542857
v -76.953107 34.206004 270.092752 0.514286 0.514286 0.514286
v -76.630993 33.331547 269.157890 0.514286 0.514286 0.514286
v -77.182304 32.132190 269.157890 0.514286 0.514286 0.514286
v -78.055730 31.807291 270.092752 0.514286 0.514286 0.514286
v -78.377844 32.681748 271.027614 0.514286 0.514286 0.514286
v -77.826533 33.881104 271.027614 0.514286 0.514286 0.514286
v -102.121184 45.532954 250.670505 0.678571 0.678571 0.678571
v -101.852755 44.804240 249.891453 0.678571 0.678571 0.678571
v -102.312181 43.804776 249.891453 0.678571 0.678571 0.678571
v -103.040036 43.534027 250.670505 0.678571 0.678571 0.678571
v -103.308465 44.262741 251.449557 0.678571 0.678571 0.678571
v -102.849039 45.262204 251.449557 0.678571 0.678571 0.678571
v -102.121184 45.532954 250.670505 0.642857 0.642857 0.642857
v -101.770062 44.766228 249.964216 0.642857 0.642857 0.642857
v -102.229489 43.766765 249.964216 0.642857 0.642857 0.642857
v -103.040036 43.534027 250.670505 0.642857 0.642857 0.642857
v -103.391158 44.300753 251.376795 0.642857 0.642857 0.642857
v -102.931732 45.300216 251.376795 0.642857 0.642857 0.642857
v -129.719629 57.977079 223.270085 0.814286 0.814286 0.814286
v -129.438732 57.363698 222.705053 0.814286 0.814286 0.814286
v -129.806273 56.564127 222.705053 0.814286 0.814286 0.814286
v -130.454711 56.377937 223.270085 0.814286 0.814286 0.814286
v -130.735608 56.991318 223.835117 0.814286 0.814286 0.814286
v -130.368068 57.790889 223.835117 0.814286 0.814286 0.814286
v -129.719629 57.977079 223.270085 0.771429 0.771429 0.771429
v -129.396669 57.344363 222.750693 0.771429 0.771429 0.771429
v -129.764210 56.544792 222.750693 0.771429 0.771429 0.771429
v -130.454711 56.377937 223.270085 0.771429 0.771429 0.771429
v -130.777671 57.010653 223.789477 0.771429 0.771429 0.771429
v -130.410130 57.810224 223.789477 0.771429 0.771429 0.771429
v -159.748443 71.538378 187.891491 0.950000 0.950000 0.950000
v -159.506223 71.063841 187.501947 0.950000 0.950000 0.950000
v -159.781879 70.464163 187.501947 0.950000 0.950000 0.950000
v -160.299755 70.339022 187.891491 0.950000 0.950000 0.950000
v -160.541975 70.813558 188.281034 0.950000 0.950000 0.950000
v -160.266319 71.413236 188.281034 0.950000 0.950000 0.950000
v -10.698660 2.966144 279.478546 0.090000 0.090000 0.090000
v -13.294240 2.822688 275.683499 0.090000 0.090000 0.090000
v -22.211468 -7.154147 286.968499 0.345000 0.345000 0.345000
v -24.093263 -7.258153 284.217090 0.345000 0.345000 0.345000
v -33.724276 -17.274439 294.458452 0.600000 0.600000 0.600000
v -34.892286 -17.338994 292.750681 0.600000 0.600000 0.600000
v -12.787027 3.926110 275.683499 0.090000 0.090000 0.090000
v -11.205873 1.862722 279.478546 0.090000 0.090000 0.090000
v -12.167380 18.686133 284.217090 0.345000 0.345000 0.345000
v -11.021044 17.190178 286.968499 0.345000 0.345000 0.345000
v -11.547734 33.446157 292.750681 0.600000 0.600000 0.600000
v -10.836215 32.517633 294.458452 0.600000 0.600000 0.600000
v -15.107902 5.029375 282.160282 0.123652 0.123652 0.123652
v -17.343807 4.647741 278.158397 0.123652 0.123652 0.123652
v -28.128021 -6.053701 289.764683 0.371174 0.371174 0.371174
v -29.749052 -6.330386 286.863316 0.371174 0.371174 0.371174
v -41.148139 -17.136777 297.369083 0.618696 0.618696 0.618696
v -42.154297 -17.308512 295.568235 0.618696 0.618696 0.618696
v -16.808950 5.811301 278.158397 0.123652 0.123652 0.123652
v -15.642759 3.865815 282.160282 0.123652 0.123652 0.123652
v -16.554129 22.374647 286.863316 0.371174 0.371174 0.371174
v -15.708640 20.964170 289.764683 0.371174 0.371174 0.371174
v -16.299308 38.937993 295.568235 0.618696 0.618696 0.618696
v -15.774522 38.062524 297.369083 0.618696 0.618696 0.618696
v -19.699099 7.169048 284.275013 0.157304 0.157304 0.157304
v -21.544414 6.549422 280.107174 0.157304 0.157304 0.157304
v -34.195854 -4.859889 291.783703 0.397348 0.397348 0.397348
v -35.533707 -5.309118 288.762020 0.397348 0.397348 0.397348
v -48.692610 -16.888826 299.292393 0.637391 0.637391 0.637391
v -49.523001 -17.167658 297.416866 0.637391 0.637391 0.637391
v -20.987377 7.761234 280.107174 0.157304 0.157304 0.157304
v -20.256136 5.957236 284.275013 0.157304 0.157304 0.157304
v -21.095750 26.100088 288.762020 0.397348 0.397348 0.397348
v -20.565601 24.792189 291.783703 0.397348 0.397348 0.397348
v -21.204123 44.438941 297.416866 0.637391 0.637391 0.637391
v -20.875065 43.627142 299.292393 0.637391 0.637391 0.637391
v -24.466010 9.381190 285.819612 0.190957 0.190957 0.190957
v -25.902303 8.531702 281.532954 0.190957 0.190957 0.190957
v -40.356179 -3.577043 293.032997 0.423522 0.423522 0.423522
v -41.397492 -4.192922 289.925170 0.423522 0.423522 0.423522
v -56.246348 -16.535276 300.246382 0.656087 0.656087 0.656087
v -56.892680 -16.917546 298.317386 0.656087 0.656087 0.656087
v -25.329386 9.778061 281.532954 0.190957 0.190957 0.190957
v -25.038927 8.134831 285.819612 0.190957 0.190957 0.190957
v -25.760941 29.823775 289.925170 0.423522 0.423522 0.423522
v -25.550358 28.632434 293.032997 0.423522 0.423522 0.423522
v -26.192496 49.869490 298.317386 0.656087 0.656087 0.656087
v -26.061790 49.130037 300.246382 0.656087 0.656087 0.656087
v -29.401597 11.662286 286.793277 0.224609 0.224609 0.224609
v -30.424513 10.598098 282.436541 0.224609 0.224609 0.224609
v -46.552662 -2.204245 293.539425 0.449696 0.449696 0.449696
v -47.294276 -2.975781 290.380791 0.449696 0.449696 0.449696
v -63.703727 -16.070777 300.285573 0.674783 0.674783 0.674783
v -64.164039 -16.549661 298.325042 0.674783 0.674783 0.674783
v -29.842230 11.864833 282.436541 0.224609 0.224609 0.224609
v -29.983881 10.395552 286.793277 0.224609 0.224609 0.224609
v -30.524234 33.506782 290.380791 0.449696 0.449696 0.449696
v -30.626931 32.441553 293.539425 0.449696 0.449696 0.449696
v -31.206238 55.148732 298.325042 0.674783 0.674783 0.674783
v -31.269981 54.487555 300.285573 0.674783 0.674783 0.674783
v -34.499165 14.009774 287.197479 0.258261 0.258261 0.258261
v -35.117739 12.751172 282.816465 0.258261 0.258261 0.258261
v -52.738886 -0.733311 293.344187 0.475870 0.475870 0.475870
v -53.187353 -1.645798 290.167952 0.475870 0.475870 0.475870
v -70.978608 -15.476396 299.490896 0.693478 0.693478 0.693478
v -71.256967 -16.042768 297.519440 0.693478 0.693478 0.693478
v -34.532211 14.024965 282.816465 0.258261 0.258261 0.258261
v -35.084693 12.735981 287.197479 0.258261 0.258261 0.258261
v -35.370758 37.113501 290.167952 0.475870 0.475870 0.475870
v -35.771306 36.178988 293.344187 0.475870 0.475870 0.475870
v -36.209304 60.202037 297.519440 0.693478 0.693478 0.693478
v -36.457920 59.621995 299.490896 0.693478 0.693478 0.693478
v -39.753276 16.422270 287.035380 0.291913 0.291913 0.291913
v -39.987418 14.992306 282.669560 0.291913 0.291913 0.291913
v -58.882834 0.850974 292.495051 0.502043 0.502043 0.502043
v -59.052587 -0.185750 289.329832 0.502043 0.502043 0.502043
v -78.012391 -14.720321 297.954722 0.712174 0.712174 0.712174
v -78.117756 -15.363805 295.990103 0.712174 0.712174 0.712174
v -39.403921 16.261681 282.669560 0.291913 0.291913 0.291913
v -40.336773 15.152895 287.035380 0.291913 0.291913 0.291913
v -40.297868 40.614400 289.329832 0.502043 0.502043 0.502043
v -40.974186 39.810530 292.495051 0.502043 0.502043 0.502043
v -41.191815 64.967118 295.990103 0.712174 0.712174 0.712174
v -41.611599 64.468164 297.954722 0.712174 0.712174 0.712174
v -45.160216 18.899489 286.311020 0.325565 0.325565 0.325565
v -45.037264 17.321787 281.991791 0.325565 0.325565 0.325565
v -64.967527 2.568736 291.038765 0.528217 0.528217 0.528217
v -64.878387 1.424902 287.907324 0.528217 0.528217 0.528217
v -84.774838 -13.762018 295.766511 0.730870 0.730870 0.730870
v -84.719509 -14.471984 293.822858 0.730870 0.730870 0.730870
v -44.459993 18.577616 281.991791 0.325565 0.325565 0.325565
v -45.737486 17.643660 286.311020 0.325565 0.325565 0.325565
v -45.313606 43.987309 287.907324 0.528217 0.528217 0.528217
v -46.239788 43.310191 291.038765 0.528217 0.528217 0.528217
v -46.167219 69.397001 293.822858 0.730870 0.730870 0.730870
v -46.742090 68.976721 295.766511 0.730870 0.730870 0.730870
v -50.717993 21.441979 285.028555 0.359217 0.359217 0.359217
v -50.269269 19.739067 280.778998 0.359217 0.359217 0.359217
v -70.988719 4.442071 289.015772 0.554391 0.554391 0.554391
v -70.663394 3.207459 285.934844 0.554391 0.554391 0.554391
v -91.259445 -12.557838 293.002990 0.749565 0.749565 0.749565
v -91.057520 -13.324149 291.090689 0.749565 0.749565 0.749565
v -49.701311 20.974638 280.778998 0.359217 0.359217 0.359217
v -51.285952 20.206408 285.028555 0.359217 0.359217 0.359217
v -50.433256 47.217326 285.934844 0.554391 0.554391 0.554391
v -51.582120 46.660359 289.015772 0.554391 0.554391 0.554391
v -51.165201 73.460013 291.090689 0.749565 0.749565 0.749565
v -51.878289 73.114310 293.002990 0.749565 0.749565 0.749565
v -56.426036 24.050801 283.191743 0.392870 0.392870 0.392870
v -55.684005 22.243083 279.027425 0.392870 0.392870 0.392870
v -76.951293 6.492334 286.457796 0.580565 0.580565 0.580565
v -76.413320 5.181739 283.438666 0.580565 0.580565 0.580565
v -97.476549 -11.066133 289.723850 0.768261 0.768261 0.768261
v -97.142636 -11.879606 287.849907 0.768261 0.768261 0.768261
v -55.127439 23.453872 279.027425 0.392870 0.392870 0.392870
v -56.982602 22.840013 283.191743 0.392870 0.392870 0.392870
v -55.675576 50.295882 283.438666 0.580565 0.580565 0.580565
v -57.020569 49.850835 286.457796 0.580565 0.580565 0.580565
v -56.223712 77.137893 287.849907 0.768261 0.768261 0.768261
v -57.058536 76.861657 289.723850 0.768261 0.768261 0.768261
v -62.284782 26.727249 280.803685 0.426522 0.426522 0.426522
v -61.281034 24.832544 276.733970 0.426522 0.426522 0.426522
v -82.865775 8.738196 283.387723 0.606739 0.606739 0.606739
v -82.138057 7.364535 280.437179 0.606739 0.606739 0.606739
v -103.446767 -9.250857 285.971761 0.786957 0.786957 0.786957
v -102.995080 -10.103475 284.140389 0.786957 0.786957 0.786957
v -60.737111 26.015826 276.733970 0.426522 0.426522 0.426522
v -62.828705 25.543967 280.803685 0.426522 0.426522 0.426522
v -61.059753 53.219552 280.437179 0.606739 0.606739 0.606739
v -62.576158 52.877453 283.387723 0.606739 0.606739 0.606739
v -61.382395 80.423277 284.140389 0.786957 0.786957 0.786957
v -62.323612 80.210940 285.971761 0.786957 0.786957 0.786957
v -68.295287 29.472648 277.866773 0.460174 0.460174 0.460174
v -67.059300 27.506122 273.896242 0.460174 0.460174 0.460174
v -88.745681 11.194550 279.820778 0.632913 0.632913 0.632913
v -87.849590 9.768818 276.942144 0.632913 0.632913 0.632913
v -109.196074 -7.083548 281.774784 0.805652 0.805652 0.805652
v -108.639880 -7.968485 279.988045 0.805652 0.805652 0.805652
v -66.528634 28.660566 273.896242 0.460174 0.460174 0.460174
v -68.825954 28.318205 277.866773 0.460174 0.460174 0.460174
v -66.603437 55.988985 276.942144 0.632913 0.632913 0.632913
v -68.268994 55.740773 279.820778 0.632913 0.632913 0.632913
v -66.678240 83.317404 279.988045 0.805652 0.805652 0.805652
v -67.712034 83.163342 281.774784 0.805652 0.805652 0.805652
v -74.458916 32.288242 274.382748 0.493826 0.493826 0.493826
v -73.017439 30.262576 270.512500 0.493826 0.493826 0.493826
v -94.605818 13.872098 275.766167 0.659087 0.659087 0.659087
v -93.560747 12.403490 272.960236 0.659087 0.659087 0.659087
v -114.752720 -4.544045 277.149585 0.824348 0.824348 0.824348
v -114.104056 -5.455595 275.407973 0.824348 0.824348 0.824348
v -72.500176 31.387862 270.512500 0.493826 0.493826 0.493826
v -74.976179 31.162955 274.382748 0.493826 0.493826 0.493826
v -72.321735 58.608123 272.960236 0.659087 0.659087 0.659087
v -74.116837 58.445065 275.766167 0.659087 0.659087 0.659087
v -72.143294 85.828384 275.407973 0.824348 0.824348 0.824348
v -73.257495 85.727176 277.149585 0.824348 0.824348 0.824348
v -80.777131 35.175127 270.352820 0.527478 0.527478 0.527478
v -79.153988 33.100807 266.581533 0.527478 0.527478 0.527478
v -100.461369 16.777356 271.228656 0.685261 0.685261 0.685261
v -99.284590 15.273474 268.494473 0.685261 0.685261 0.685261
v -120.145606 -1.620415 272.104493 0.843043 0.843043 0.843043
v -119.415192 -2.553859 270.407414 0.843043 0.843043 0.843043
v -78.649951 34.197320 266.581533 0.527478 0.527478 0.527478
v -81.281168 34.078614 270.352820 0.527478 0.527478 0.527478
v -78.226888 61.083672 268.494473 0.685261 0.685261 0.685261
v -80.134520 60.997610 271.228656 0.685261 0.685261 0.685261
v -77.803825 87.970025 270.407414 0.843043 0.843043 0.843043
v -78.987873 87.916607 272.104493 0.843043 0.843043 0.843043
v -87.251365 38.134242 265.777782 0.561130 0.561130 0.561130
v -85.467514 36.019878 262.102548 0.561130 0.561130 0.561130
v -106.327501 19.912888 266.209890 0.711435 0.711435 0.711435
v -105.034210 18.379974 263.545345 0.711435 0.711435 0.711435
v -125.403638 1.691535 266.641997 0.861739 0.861739 0.861739
v -124.600905 0.740071 264.988142 0.861739 0.861739 0.861739
v -84.976315 37.088463 262.102548 0.561130 0.561130 0.561130
v -87.742564 37.065656 265.777782 0.561130 0.561130 0.561130
v -84.328335 63.424785 263.545345 0.711435 0.711435 0.711435
v -86.333867 63.408250 266.209890 0.711435 0.711435 0.711435
v -83.680356 89.761107 264.988142 0.861739 0.861739 0.861739
v -84.925169 89.750844 266.641997 0.861739 0.861739 0.861739
v -93.882946 41.166369 260.658123 0.594783 0.594783 0.594783
v -91.956690 39.019005 257.075057 0.594783 0.594783 0.594783
v -112.219281 23.277643 260.709370 0.737609 0.737609 0.737609
v -110.822745 21.720804 258.111647 0.737609 0.737609 0.737609
v -130.555617 5.388917 260.760616 0.880435 0.880435 0.880435
v -129.688801 4.422603 259.148237 0.880435 0.880435 0.880435
v -91.477808 40.060792 257.075057 0.594783 0.594783 0.594783
v -94.361827 40.124582 260.658123 0.594783 0.594783 0.594783
v -90.632972 65.642858 258.111647 0.737609 0.737609 0.737609
v -92.723886 65.689105 260.709370 0.737609 0.737609 0.737609
v -89.788135 91.224924 259.148237 0.880435 0.880435 0.880435
v -91.085944 91.253629 260.760616 0.880435 0.880435 0.880435
v -100.673068 44.272153 254.994115 0.628435 0.628435 0.628435
v -98.620320 42.097545 251.498789 0.628435 0.628435 0.628435
v -118.151724 26.867306 254.725164 0.763783 0.763783 0.763783
v -116.663482 25.290716 252.191053 0.763783 0.763783 0.763783
v -135.630380 9.462460 254.456213 0.899130 0.899130 0.899130
v -134.706643 8.483886 252.883317 0.899130 0.899130 0.899130
v -98.153165 43.113822 251.498789 0.628435 0.628435 0.628435
v -101.140223 43.255876 254.994115 0.628435 0.628435 0.628435
v -97.145465 67.751390 252.191053 0.763783 0.763783 0.763783
v -99.311082 67.854379 254.725164 0.763783 0.763783 0.763783
v -96.137764 92.388957 252.883317 0.899130 0.899130 0.899130
v -97.481941 92.452882 254.456213 0.899130 0.899130 0.899130
v -107.622783 47.452119 248.785876 0.662087 0.662087 0.662087
v -105.457355 45.254973 245.373623 0.662087 0.662087 0.662087
v -124.139895 30.674658 248.254382 0.789957 0.789957 0.789957
v -122.569959 29.081727 245.780499 0.789957 0.789957 0.789957
v -140.657007 13.897198 247.722889 0.917826 0.917826 0.917826
v -139.682564 12.908482 246.187375 0.917826 0.917826 0.917826
v -105.001303 46.247096 245.373623 0.662087 0.662087 0.662087
v -108.078835 46.459996 248.785876 0.662087 0.662087 0.662087
v -103.868573 69.765855 245.780499 0.789957 0.789957 0.789957
v -106.099783 69.920208 248.254382 0.789957 0.789957 0.789957
v -102.735842 93.284614 246.187375 0.917826 0.917826 0.917826
v -104.120732 93.380419 247.722889 0.917826 0.917826 0.917826
v -114.733003 50.706693 242.033425 0.695739 0.695739 0.695739
v -112.466880 48.490862 238.699541 0.695739 0.695739 0.695739
v -130.198999 34.689904 241.293497 0.816130 0.816130 0.816130
v -128.556060 33.083426 238.876432 0.816130 0.816130 0.816130
v -145.664996 18.673115 240.553569 0.936522 0.936522 0.936522
v -144.645241 17.675990 239.053322 0.936522 0.936522 0.936522
v -112.021303 49.460198 238.699541 0.695739 0.695739 0.695739
v -115.178581 49.737356 242.033425 0.695739 0.695739 0.695739
v -110.803431 71.703570 238.876432 0.816130 0.816130 0.816130
v -113.092457 71.904509 241.293497 0.816130 0.816130 0.816130
v -109.585559 93.946941 239.053322 0.936522 0.936522 0.936522
v -111.006334 94.071662 240.553569 0.936522 0.936522 0.936522
v -122.004515 54.036221 234.736716 0.729391 0.729391 0.729391
v -119.648110 51.804866 231.476591 0.729391 0.729391 0.729391
v -136.344442 38.900994 233.838555 0.842304 0.842304 0.842304
v -134.636049 37.283262 231.474965 0.842304 0.842304 0.842304
v -150.684370 23.765768 232.940394 0.955217 0.955217 0.955217
v -149.623988 22.761658 231.473338 0.955217 0.955217 0.955217
v -119.212390 52.752757 231.476591 0.729391 0.729391 0.729391
v -122.440235 53.088330 234.736716 0.729391 0.729391 0.729391
v -117.949802 73.583532 231.474965 0.842304 0.842304 0.842304
v -120.289989 73.826822 233.838555 0.842304 0.842304 0.842304
v -116.687214 94.414306 231.473338 0.955217 0.955217 0.955217
v -118.139744 94.565314 232.940394 0.955217 0.955217 0.955217
v -129.437995 57.440982 226.895660 0.763043 0.763043 0.763043
v -127.000368 55.196707 223.704860 0.763043 0.763043 0.763043
v -142.591847 43.293932 225.885314 0.868478 0.868478 0.868478
v -140.824567 41.666832 223.571984 0.868478 0.868478 0.868478
v -155.745699 29.146881 224.874968 0.973913 0.973913 0.973913
v -154.648767 28.136958 223.439108 0.973913 0.973913 0.973913
v -126.573914 56.124442 223.704860 0.763043 0.763043 0.763043
v -129.864450 56.513247 226.895660 0.763043 0.763043 0.763043
v -125.306289 75.426232 223.571984 0.868478 0.868478 0.868478
v -127.691928 75.708116 225.885314 0.868478 0.868478 0.868478
v -124.038665 94.728023 223.439108 0.973913 0.973913 0.973913
v -125.519406 94.902985 224.874968 0.973913 0.973913 0.973913
v -137.034021 60.921203 218.510147 0.796696 0.796696 0.796696
v -134.523076 58.666157 215.384459 0.796696 0.796696 0.796696
v -148.957028 47.853069 217.429337 0.894652 0.894652 0.894652
v -147.136593 46.218161 215.163213 0.894652 0.894652 0.894652
v -160.880034 34.784936 216.348527 0.992609 0.992609 0.992609
v -159.750109 33.770165 214.941967 0.992609 0.992609 0.992609
v -134.105324 59.574960 215.384459 0.796696 0.796696 0.796696
v -137.451773 60.012399 218.510147 0.796696 0.796696 0.796696
v -132.870519 77.253440 215.163213 0.894652 0.894652 0.894652
v -135.296695 77.570584 217.429337 0.894652 0.894652 0.894652
v -131.635714 94.931920 214.941967 0.992609 0.992609 0.992609
v -133.141616 95.128768 216.348527 0.992609 0.992609 0.992609
v -144.793088 64.477067 209.580053 0.830348 0.830348 0.830348
v -142.215740 62.213033 206.515510 0.830348 0.830348 0.830348
v -155.455932 52.561404 208.466058 0.915174 0.915174 0.915174
v -153.587354 50.919979 206.244265 0.915174 0.915174 0.915174
v -166.118775 40.645741 207.352064 1.000000 1.000000 1.000000
v -164.958969 39.626926 205.973019 1.000000 1.000000 1.000000
v -141.806160 63.104058 206.515510 0.830348 0.830348 0.830348
v -145.202668 63.586042 209.580053 0.830348 0.830348 0.830348
v -140.639300 79.087959 206.244265 0.915174 0.915174 0.915174
v -143.101769 79.437398 208.466058 0.915174 0.915174 0.915174
v -139.472440 95.071861 205.973019 1.000000 1.000000 1.000000
v -141.000869 95.288754 207.352064 1.000000 1.000000 1.000000
v -152.715620 68.108726 200.105252 0.864000 0.864000 0.864000
v -150.077935 65.837183 197.098142 0.864000 0.864000 0.864000
v -162.104545 57.400874 198.990835 0.932000 0.932000 0.932000
v -160.192224 55.754005 196.810679 0.932000 0.932000 0.932000
v -171.493470 46.693022 197.876417 1.000000 1.000000 1.000000
v -170.306512 45.670827 196.523217 1.000000 1.000000 1.000000
v -149.676031 66.711510 197.098142 0.864000 0.864000 0.864000
v -153.117524 67.234400 200.105252 0.864000 0.864000 0.864000
v -148.608766 80.953359 196.810679 0.932000 0.932000 0.932000
v -151.103849 81.332454 198.990835 0.932000 0.932000 0.932000
v -147.541501 95.195207 196.523217 1.000000 1.000000 1.000000
v -149.090173 95.430508 197.876417 1.000000 1.000000 1.000000
v -1.503336 0.270945 268.017789 0.000000 0.000000 0.000000
v -3.339511 -0.824908 267.500520 0.000000 0.000000 0.000000
v -3.339511 -3.024836 267.482732 0.000000 0.000000 0.000000
v -1.503336 -4.128911 267.982211 0.000000 0.000000 0.000000
v 0.332839 -3.033058 268.499480 0.000000 0.000000 0.000000
v 0.332839 -0.833130 268.517268 0.000000 0.000000 0.000000
v -12.666406 -0.275047 308.332803 0.135714 0.135714 0.135714
v -14.318963 -1.261315 307.867262 0.135714 0.135714 0.135714
v -14.318963 -3.241251 307.851252 0.135714 0.135714 0.135714
v -12.666406 -4.234918 308.300784 0.135714 0.135714 0.135714
v -11.013848 -3.248650 308.766325 0.135714 0.135714 0.135714
v -11.013848 -1.268715 308.782335 0.135714 0.135714 0.135714
v -12.666406 -0.275110 308.339237 0.128571 0.128571 0.128571
v -14.264945 -1.258013 307.707594 0.128571 0.128571 0.128571
v -14.264945 -3.237886 307.685150 0.128571 0.128571 0.128571
v -12.666406 -4.234855 308.294350 0.128571 0.128571 0.128571
v -11.067866 -3.251952 308.925993 0.128571 0.128571 0.128571
v -11.067866 -1.272079 308.948436 0.128571 0.128571 0.128571
v -25.451315 -0.868458 341.273327 0.271429 0.271429 0.271429
v -26.872239 -1.742150 340.711867 0.271429 0.271429 0.271429
v -26.872239 -3.502037 340.691917 0.271429 0.271429 0.271429
v -25.451315 -4.388232 341.233428 0.271429 0.271429 0.271429
v -24.030391 -3.514540 341.794888 0.271429 0.271429 0.271429
v -24.030391 -1.754653 341.814838 0.271429 0.271429 0.271429
v -25.502691 -0.869095 341.253377 0.257143 0.257143 0.257143
v -26.804065 -1.787475 340.504642 0.257143 0.257143 0.257143
v -26.752689 -3.546725 340.504642 0.257143 0.257143 0.257143
v -25.399939 -4.387595 341.253377 0.257143 0.257143 0.257143
v -24.098565 -3.469216 342.002113 0.257143 0.257143 0.257143
v -24.149941 -1.709966 342.002113 0.257143 0.257143 0.257143
v -39.903020 -1.509728 366.809752 0.407143 0.407143 0.407143
v -41.041722 -2.313310 366.154609 0.407143 0.407143 0.407143
v -40.996768 -3.852654 366.154609 0.407143 0.407143 0.407143
v -39.813111 -4.588415 366.809752 0.407143 0.407143 0.407143
v -38.674409 -3.784833 367.464895 0.407143 0.407143 0.407143
v -38.719363 -2.245489 367.464895 0.407143 0.407143 0.407143
v -39.903020 -1.509728 366.809752 0.385714 0.385714 0.385714
v -40.880224 -2.308594 365.927434 0.385714 0.385714 0.385714
v -40.835270 -3.847937 365.927434 0.385714 0.385714 0.385714
v -39.813111 -4.588415 366.809752 0.385714 0.385714 0.385714
v -38.835907 -3.789549 367.692070 0.385714 0.385714 0.385714
v -38.880861 -2.250205 367.692070 0.385714 0.385714 0.385714
v -55.925188 -2.197723 384.985917 0.542857 0.542857 0.542857
v -56.762792 -2.882465 384.229645 0.542857 0.542857 0.542857
v -56.724260 -4.201903 384.229645 0.542857 0.542857 0.542857
v -55.848124 -4.836598 384.985917 0.542857 0.542857 0.542857
v -55.010520 -4.151856 385.742189 0.542857 0.542857 0.542857
v -55.049052 -2.832418 385.742189 0.542857 0.542857 0.542857
v -55.925188 -2.197723 384.985917 0.514286 0.514286 0.514286
v -56.501966 -2.874848 384.010608 0.514286 0.514286 0.514286
v -56.463434 -4.194286 384.010608 0.514286 0.514286 0.514286
v -55.848124 -4.836598 384.985917 0.514286 0.514286 0.514286
v -55.271346 -4.159473 385.961227 0.514286 0.514286 0.514286
v -55.309878 -2.840035 385.961227 0.514286 0.514286 0.514286
v -73.569197 -2.933082 395.781873 0.678571 0.678571 0.678571
v -74.049845 -3.497353 394.969115 0.678571 0.678571 0.678571
v -74.017735 -4.596884 394.969115 0.678571 0.678571 0.678571
v -73.504977 -5.132145 395.781873 0.678571 0.678571 0.678571
v -73.024329 -4.567873 396.594631 0.678571 0.678571 0.678571
v -73.056439 -3.468342 396.594631 0.678571 0.678571 0.678571
v -73.569197 -2.933082 395.781873 0.642857 0.642857 0.642857
v -73.719252 -3.487699 394.843852 0.642857 0.642857 0.642857
v -73.687142 -4.587230 394.843852 0.642857 0.642857 0.642857
v -73.504977 -5.132145 395.781873 0.642857 0.642857 0.642857
v -73.354922 -4.577528 396.719894 0.642857 0.642857 0.642857
v -73.387032 -3.477997 396.719894 0.642857 0.642857 0.642857
v -92.835047 -3.715804 399.197619 0.814286 0.814286 0.814286
v -92.955091 -4.159497 398.447202 0.814286 0.814286 0.814286
v -92.929403 -5.039122 398.447202 0.814286 0.814286 0.814286
v -92.783671 -5.475054 399.197619 0.814286 0.814286 0.814286
v -92.663627 -5.031361 399.948037 0.814286 0.814286 0.814286
v -92.689315 -4.151736 399.948037 0.814286 0.814286 0.814286
v -92.835047 -3.715804 399.197619 0.771429 0.771429 0.771429
v -92.680255 -4.151471 398.448865 0.771429 0.771429 0.771429
v -92.654567 -5.031096 398.448865 0.771429 0.771429 0.771429
v -92.783671 -5.475054 399.197619 0.771429 0.771429 0.771429
v -92.938463 -5.039387 399.946374 0.771429 0.771429 0.771429
v -92.964151 -4.159762 399.946374 0.771429 0.771429 0.771429
v -113.722737 -4.545889 395.233156 0.950000 0.950000 0.950000
v -113.606643 -4.872640 394.671591 0.950000 0.950000 0.950000
v -113.587377 -5.532358 394.671591 0.950000 0.950000 0.950000
v -113.684205 -5.865327 395.233156 0.950000 0.950000 0.950000
v -113.800299 -5.538577 395.794722 0.950000 0.950000 0.950000
v -113.819565 -4.878858 395.794722 0.950000 0.950000 0.950000
v -6.960078 -1.878073 297.653476 0.090000 0.090000 0.090000
v -11.334305 -2.426346 296.339879 0.090000 0.090000 0.090000
v -9.072235 -15.239866 308.048943 0.345000 0.345000 0.345000
v -12.243549 -15.637363 307.096585 0.345000 0.345000 0.345000
v -11.184391 -28.601658 318.444409 0.600000 0.600000 0.600000
v -13.152793 -28.848381 317.853291 0.600000 0.600000 0.600000
v -11.346575 -2.006174 296.339879 0.090000 0.090000 0.090000
v -6.947808 -2.298245 297.653476 0.090000 0.090000 0.090000
v -13.025226 11.129268 307.096585 0.345000 0.345000 0.345000
v -9.836119 10.917517 308.048943 0.345000 0.345000 0.345000
v -14.703876 24.264711 317.853291 0.600000 0.600000 0.600000
v -12.724431 24.133279 318.444409 0.600000 0.600000 0.600000
v -10.041456 -1.950786 307.620780 0.123652 0.123652 0.123652
v -14.377458 -2.532491 306.199265 0.123652 0.123652 0.123652
v -12.468799 -16.621408 318.981495 0.371174 0.371174 0.371174
v -15.612400 -17.043144 317.950896 0.371174 0.371174 0.371174
v -14.896141 -31.292030 330.342209 0.618696 0.618696 0.618696
v -16.847342 -31.553797 329.702527 0.618696 0.618696 0.618696
v -14.390737 -2.077799 306.199265 0.123652 0.123652 0.123652
v -10.028178 -2.405477 307.620780 0.123652 0.123652 0.123652
v -16.470373 12.336057 317.950896 0.371174 0.371174 0.371174
v -13.307518 12.098491 318.981495 0.371174 0.371174 0.371174
v -18.550009 26.749914 329.702527 0.618696 0.618696 0.618696
v -16.586857 26.602459 330.342209 0.618696 0.618696 0.618696
v -13.237339 -2.025449 317.086836 0.157304 0.157304 0.157304
v -17.528324 -2.643174 315.548701 0.157304 0.157304 0.157304
v -16.016475 -17.942465 329.340680 0.397348 0.397348 0.397348
v -19.127440 -18.390315 328.225532 0.397348 0.397348 0.397348
v -18.795612 -33.859481 341.594523 0.637391 0.637391 0.637391
v -20.726556 -34.137457 340.902362 0.637391 0.637391 0.637391
v -17.542692 -2.151180 315.548701 0.157304 0.157304 0.157304
v -13.222971 -2.517443 317.086836 0.157304 0.157304 0.157304
v -20.058039 13.475805 328.225532 0.397348 0.397348 0.397348
v -16.926241 13.210265 329.340680 0.397348 0.397348 0.397348
v -22.573386 29.102790 340.902362 0.637391 0.637391 0.637391
v -20.629511 28.937972 341.594523 0.637391 0.637391 0.637391
v -16.548389 -2.101962 326.052024 0.190957 0.190957 0.190957
v -20.786237 -2.758497 324.387810 0.190957 0.190957 0.190957
v -19.716075 -19.186945 339.110175 0.423522 0.423522 0.423522
v -22.788514 -19.662933 337.903620 0.423522 0.423522 0.423522
v -22.883760 -36.271929 352.168326 0.656087 0.656087 0.656087
v -24.790791 -36.567369 351.419430 0.656087 0.656087 0.656087
v -20.801783 -2.226175 324.387810 0.190957 0.190957 0.190957
v -16.532844 -2.634283 326.052024 0.190957 0.190957 0.190957
v -23.787140 14.532605 337.903620 0.423522 0.423522 0.423522
v -20.692159 14.236727 339.110175 0.423522 0.423522 0.423522
v -26.772498 31.291385 351.419430 0.656087 0.656087 0.656087
v -24.851475 31.107737 352.168326 0.656087 0.656087 0.656087
v -19.975411 -2.180226 334.516721 0.224609 0.224609 0.224609
v -24.150395 -2.878559 332.716210 0.224609 0.224609 0.224609
v -23.567841 -20.340010 348.274152 0.449696 0.449696 0.449696
v -26.594704 -20.846302 346.968781 0.449696 0.449696 0.449696
v -27.160271 -38.499795 362.031582 0.674783 0.674783 0.674783
v -29.039013 -38.814045 361.221352 0.674783 0.674783 0.674783
v -24.167214 -2.302641 332.716210 0.224609 0.224609 0.224609
v -19.958593 -2.756144 334.516721 0.224609 0.224609 0.224609
v -27.655901 15.491839 346.968781 0.449696 0.449696 0.449696
v -24.604651 15.163049 348.274152 0.449696 0.449696 0.449696
v -31.144589 33.286318 361.221352 0.674783 0.674783 0.674783
v -29.250709 33.082242 362.031582 0.674783 0.674783 0.674783
v -23.519368 -2.260154 342.481287 0.258261 0.258261 0.258261
v -27.619834 -3.003445 340.533545 0.258261 0.258261 0.258261
v -27.571289 -21.388302 356.817393 0.475870 0.475870 0.475870
v -30.544127 -21.927188 355.405280 0.475870 0.475870 0.475870
v -31.623210 -40.516450 371.153499 0.693478 0.693478 0.693478
v -33.468419 -40.850930 370.277015 0.693478 0.693478 0.693478
v -27.638028 -2.380433 340.533545 0.258261 0.258261 0.258261
v -23.501174 -2.883166 342.481287 0.258261 0.258261 0.258261
v -31.661671 16.340406 355.405280 0.475870 0.475870 0.475870
v -28.662451 15.975925 356.817393 0.475870 0.475870 0.475870
v -35.685313 35.061246 370.277015 0.693478 0.693478 0.693478
v -33.823729 34.835016 371.153499 0.693478 0.693478 0.693478
v -27.181410 -2.341685 349.946021 0.291913 0.291913 0.291913
v -31.193404 -3.133219 347.839513 0.291913 0.291913 0.291913
v -31.724979 -22.320148 364.725407 0.502043 0.502043 0.502043
v -34.633674 -22.894010 363.198189 0.502043 0.502043 0.502043
v -36.268547 -42.298611 379.504793 0.712174 0.712174 0.712174
v -38.073944 -42.654801 378.556864 0.712174 0.712174 0.712174
v -31.213081 -2.459423 347.839513 0.291913 0.291913 0.291913
v -27.161733 -3.015480 349.946021 0.291913 0.291913 0.291913
v -35.800669 17.066927 363.198189 0.502043 0.502043 0.502043
v -32.863442 16.663786 364.725407 0.502043 0.502043 0.502043
v -40.388258 36.593277 378.556864 0.712174 0.712174 0.712174
v -38.565151 36.343052 379.504793 0.712174 0.712174 0.712174
v -30.962894 -2.424794 356.911121 0.325565 0.325565 0.325565
v -34.869749 -3.267903 354.633918 0.325565 0.325565 0.325565
v -36.026206 -23.125737 371.984558 0.528217 0.528217 0.528217
v -38.858676 -23.736991 370.333586 0.528217 0.528217 0.528217
v -41.089518 -43.826680 387.057995 0.730870 0.730870 0.730870
v -42.847603 -44.206079 386.033254 0.730870 0.730870 0.730870
v -34.891020 -2.539509 354.633918 0.325565 0.325565 0.325565
v -30.941622 -3.153189 356.911121 0.325565 0.325565 0.325565
v -40.067664 17.661913 370.333586 0.528217 0.528217 0.528217
v -37.204351 17.216995 371.984558 0.528217 0.528217 0.528217
v -45.244308 37.863335 386.033254 0.730870 0.730870 0.730870
v -43.467079 37.587179 387.057995 0.730870 0.730870 0.730870
v -34.865394 -2.509522 363.376607 0.359217 0.359217 0.359217
v -38.647293 -3.407459 360.916740 0.359217 0.359217 0.359217
v -40.470588 -23.797257 378.582239 0.554391 0.554391 0.554391
v -43.212465 -24.448262 376.798836 0.554391 0.554391 0.554391
v -46.075783 -45.084993 393.787872 0.749565 0.749565 0.749565
v -47.777637 -45.489064 392.680932 0.749565 0.749565 0.749565
v -38.670271 -2.620637 360.916740 0.359217 0.359217 0.359217
v -34.842416 -3.296344 363.376607 0.359217 0.359217 0.359217
v -44.455542 18.117897 376.798836 0.554391 0.554391 0.554391
v -41.680347 17.628010 378.582239 0.554391 0.554391 0.554391
v -50.240813 38.856432 392.680932 0.749565 0.749565 0.749565
v -48.518278 38.552364 393.787872 0.749565 0.749565 0.749565
v -38.890690 -2.596000 369.342229 0.392870 0.392870 0.392870
v -42.524257 -3.551754 366.688228 0.392870 0.392870 0.392870
v -45.051525 -24.328979 384.507148 0.580565 0.580565 0.580565
v -47.685861 -25.021901 382.582997 0.580565 0.580565 0.580565
v -51.212361 -46.061959 399.672066 0.768261 0.768261 0.768261
v -52.847466 -46.492048 398.477766 0.768261 0.768261 0.768261
v -42.549048 -2.702836 366.688228 0.392870 0.392870 0.392870
v -38.865899 -3.444918 369.342229 0.392870 0.392870 0.392870
v -48.954790 18.429505 382.582997 0.580565 0.580565 0.580565
v -46.284507 17.891496 384.507148 0.580565 0.580565 0.580565
v -55.360532 39.561846 398.477766 0.768261 0.768261 0.768261
v -53.703115 39.227909 399.672066 0.768261 0.768261 0.768261
v -43.040721 -2.684489 374.807348 0.426522 0.426522 0.426522
v -46.498702 -3.700528 371.949022 0.426522 0.426522 0.426522
v -49.759536 -24.717266 389.749729 0.606739 0.606739 0.606739
v -52.266572 -25.453895 387.677442 0.606739 0.606739 0.606739
v -56.478351 -46.750044 404.692110 0.786957 0.786957 0.786957
v -58.034443 -47.207262 403.405863 0.786957 0.786957 0.786957
v -46.525402 -2.786253 371.949022 0.426522 0.426522 0.426522
v -43.014021 -3.598763 374.807348 0.426522 0.426522 0.426522
v -53.552904 18.593446 387.677442 0.606739 0.606739 0.606739
v -51.007153 18.004376 389.749729 0.606739 0.606739 0.606739
v -60.580407 39.973145 403.405863 0.786957 0.786957 0.786957
v -59.000285 39.607515 404.692110 0.786957 0.786957 0.786957
v -47.317476 -2.775421 379.770796 0.460174 0.460174 0.460174
v -50.568639 -3.853347 376.700289 0.460174 0.460174 0.460174
v -54.581516 -24.960488 394.302903 0.632913 0.632913 0.632913
v -56.938609 -25.741985 392.076785 0.632913 0.632913 0.632913
v -61.845556 -47.145556 408.835010 0.805652 0.805652 0.805652
v -63.308579 -47.630622 407.453281 0.805652 0.805652 0.805652
v -50.597321 -2.871204 376.700289 0.460174 0.460174 0.460174
v -47.288794 -3.757565 379.770796 0.460174 0.460174 0.460174
v -58.233791 18.608398 392.076785 0.632913 0.632913 0.632913
v -55.835109 17.965787 394.302903 0.632913 0.632913 0.632913
v -65.870261 40.088000 407.453281 0.805652 0.805652 0.805652
v -64.381424 39.689138 408.835010 0.805652 0.805652 0.805652
v -51.722809 -2.869437 384.230741 0.493826 0.493826 0.493826
v -54.732215 -4.009572 380.943862 0.493826 0.493826 0.493826
v -59.500038 -25.058803 398.163170 0.659087 0.659087 0.659087
v -61.681858 -25.885401 395.780183 0.659087 0.659087 0.659087
v -67.277268 -47.248169 412.095600 0.824348 0.824348 0.824348
v -68.631501 -47.761230 410.616504 0.824348 0.824348 0.824348
v -54.762918 -2.958219 380.943862 0.493826 0.493826 0.493826
v -51.692106 -3.920790 384.230741 0.493826 0.493826 0.493826
v -62.977326 18.474768 395.780183 0.659087 0.659087 0.659087
v -60.750987 17.776904 398.163170 0.659087 0.659087 0.659087
v -71.191733 39.907755 410.616504 0.824348 0.824348 0.824348
v -69.809867 39.474598 412.095600 0.824348 0.824348 0.824348
v -56.258151 -2.967411 388.184585 0.527478 0.527478 0.527478
v -58.987998 -4.168329 384.682338 0.527478 0.527478 0.527478
v -64.492942 -25.013800 401.332179 0.685261 0.685261 0.685261
v -66.472082 -25.884465 398.793050 0.685261 0.685261 0.685261
v -72.727734 -47.060188 414.479773 0.843043 0.843043 0.843043
v -73.956165 -47.600601 412.903762 0.843043 0.843043 0.843043
v -59.020713 -3.048087 384.682338 0.527478 0.527478 0.527478
v -56.225436 -4.087653 388.184585 0.527478 0.527478 0.527478
v -67.759331 18.194291 398.793050 0.685261 0.685261 0.685261
v -65.732755 17.440606 401.332179 0.685261 0.685261 0.685261
v -76.497949 39.436669 412.903762 0.843043 0.843043 0.843043
v -75.240075 38.968864 414.479773 0.843043 0.843043 0.843043
v -60.924142 -3.070436 391.628970 0.561130 0.561130 0.561130
v -63.335347 -4.328524 387.919076 0.561130 0.561130 0.561130
v -69.533599 -24.827994 403.818692 0.711435 0.711435 0.711435
v -71.281722 -25.740108 401.129020 0.711435 0.711435 0.711435
v -78.143055 -46.585552 416.008415 0.861739 0.861739 0.861739
v -79.228097 -47.151692 414.338963 0.861739 0.861739 0.861739
v -63.370001 -3.141864 387.919076 0.561130 0.561130 0.561130
v -60.889488 -4.257096 391.628970 0.561130 0.561130 0.561130
v -72.552351 17.769503 401.129020 0.711435 0.711435 0.711435
v -70.753978 16.960960 403.818692 0.711435 0.711435 0.711435
v -81.734700 38.680870 414.338963 0.861739 0.861739 0.861739
v -80.618469 38.179016 416.008415 0.861739 0.861739 0.861739
v -65.720228 -3.179764 394.559935 0.594783 0.594783 0.594783
v -67.774817 -4.488905 390.658036 0.594783 0.594783 0.594783
v -74.592315 -24.504270 405.640634 0.737609 0.737609 0.737609
v -76.081892 -25.453397 402.811758 0.737609 0.737609 0.737609
v -83.464402 -45.828775 416.721334 0.880435 0.880435 0.880435
v -84.388967 -46.417888 414.965479 0.880435 0.880435 0.880435
v -67.811265 -3.240830 390.658036 0.594783 0.594783 0.594783
v -65.683780 -4.427840 394.559935 0.594783 0.594783 0.594783
v -77.327608 17.203157 402.811758 0.737609 0.737609 0.737609
v -75.785182 16.342575 405.640634 0.737609 0.737609 0.737609
v -86.843951 37.647144 414.965479 0.880435 0.880435 0.880435
v -85.886583 37.112990 416.721334 0.880435 0.880435 0.880435
v -70.644329 -3.296676 396.973292 0.628435 0.628435 0.628435
v -72.308489 -4.648193 392.903406 0.628435 0.628435 0.628435
v -79.639228 -24.045391 406.826567 0.763783 0.763783 0.763783
v -80.845743 -25.025242 403.875900 0.763783 0.763783 0.763783
v -88.634126 -44.794107 416.679841 0.899130 0.899130 0.899130
v -89.382998 -45.402290 414.848393 0.899130 0.899130 0.899130
v -72.346506 -3.346385 392.903406 0.628435 0.628435 0.628435
v -70.606312 -4.598484 396.973292 0.628435 0.628435 0.628435
v -82.058355 16.497728 403.875900 0.763783 0.763783 0.763783
v -80.796714 15.589956 406.826567 0.763783 0.763783 0.763783
v -91.770204 36.341840 414.848393 0.899130 0.899130 0.899130
v -90.987117 35.778396 416.679841 0.899130 0.899130 0.899130
v -75.692728 -3.422298 398.865180 0.662087 0.662087 0.662087
v -76.940078 -4.805260 394.659049 0.662087 0.662087 0.662087
v -84.648572 -23.453842 407.415663 0.789957 0.789957 0.789957
v -85.552901 -24.456489 404.366218 0.789957 0.789957 0.789957
v -93.604416 -43.485386 415.966146 0.917826 0.917826 0.917826
v -94.165723 -44.107719 414.073387 0.917826 0.917826 0.917826
v -76.979368 -3.459872 394.659049 0.662087 0.662087 0.662087
v -75.653438 -4.767686 398.865180 0.662087 0.662087 0.662087
v -86.724300 15.655249 404.366218 0.789957 0.789957 0.789957
v -85.763001 14.707084 407.415663 0.789957 0.789957 0.789957
v -96.469232 34.770369 414.073387 0.917826 0.917826 0.917826
v -95.872563 34.181853 415.966146 0.917826 0.917826 0.917826
v -80.860300 -3.557413 400.232686 0.695739 0.695739 0.695739
v -81.674711 -4.959323 395.927876 0.695739 0.695739 0.695739
v -89.603493 -22.732170 407.455381 0.816130 0.816130 0.816130
v -90.193940 -23.748555 404.334395 0.816130 0.816130 0.816130
v -98.346685 -41.906928 414.678077 0.936522 0.936522 0.936522
v -98.713170 -42.537787 412.740913 0.936522 0.936522 0.936522
v -81.714923 -3.582371 395.927876 0.695739 0.695739 0.695739
v -80.820089 -4.934365 400.232686 0.695739 0.695739 0.695739
v -91.316117 14.677684 404.334395 0.816130 0.816130 0.816130
v -90.667362 13.697488 407.455381 0.816130 0.816130 0.816130
v -100.917311 32.937738 412.740913 0.936522 0.936522 0.936522
v -100.514636 32.329341 414.678077 0.936522 0.936522 0.936522
v -86.141091 -3.702314 401.074353 0.729391 0.729391 0.729391
v -86.518341 -5.110089 396.711344 0.729391 0.729391 0.729391
v -94.499898 -21.883921 406.996751 0.842304 0.842304 0.842304
v -94.773404 -22.904558 403.833569 0.842304 0.842304 0.842304
v -102.858704 -40.065529 412.919150 0.955217 0.955217 0.955217
v -103.028467 -40.699028 410.955795 0.955217 0.955217 0.955217
v -86.559097 -3.714521 396.711344 0.729391 0.729391 0.729391
v -86.100336 -5.097882 401.074353 0.729391 0.729391 0.729391
v -95.838523 13.567881 403.833569 0.842304 0.842304 0.842304
v -95.505922 12.564945 406.996751 0.842304 0.842304 0.842304
v -105.117950 30.850284 410.955795 0.955217 0.955217 0.955217
v -104.911508 30.227772 412.919150 0.955217 0.955217 0.955217
v -91.529106 -3.856760 401.390386 0.763043 0.763043 0.763043
v -91.476963 -5.257800 397.009248 0.763043 0.763043 0.763043
v -99.347866 -20.914920 406.088240 0.868478 0.868478 0.868478
v -99.310061 -21.930674 402.911915 0.868478 0.868478 0.868478
v -107.166625 -37.973080 410.786095 0.973913 0.973913 0.973913
v -107.143160 -38.603548 408.814583 0.973913 0.973913 0.973913
v -91.517887 -3.856433 397.009248 0.763043 0.763043 0.763043
v -91.488182 -5.258127 401.390386 0.763043 0.763043 0.763043
v -100.310616 12.330911 402.911915 0.868478 0.868478 0.868478
v -100.289080 11.314682 406.088240 0.868478 0.868478 0.868478
v -109.103345 28.518254 408.814583 0.973913 0.973913 0.973913
v -109.089977 27.887492 410.786095 0.973913 0.973913 0.973913
v -97.019088 -4.020051 401.182495 0.796696 0.796696 0.796696
v -96.555834 -5.403155 396.819879 0.796696 0.796696 0.796696
v -104.169983 -19.834506 404.769986 0.894652 0.894652 0.894652
v -103.834123 -20.837256 401.607089 0.894652 0.894652 0.894652
v -111.320877 -35.648961 408.357477 0.992609 0.992609 0.992609
v -111.112412 -36.271357 406.394300 0.992609 0.992609 0.992609
v -96.596585 -4.007713 396.819879 0.796696 0.796696 0.796696
v -96.978337 -5.415494 401.182495 0.796696 0.796696 0.796696
v -104.763159 10.975346 401.607089 0.894652 0.894652 0.894652
v -105.039929 9.954705 404.769986 0.894652 0.894652 0.894652
v -112.929732 25.958404 406.394300 0.992609 0.992609 0.992609
v -113.101521 25.324903 408.357477 0.992609 0.992609 0.992609
v -102.607050 -4.191180 400.453462 0.830348 0.830348 0.830348
v -101.758941 -5.547162 396.140456 0.830348 0.830348 0.830348
v -108.997261 -18.656274 403.070042 0.915174 0.915174 0.915174
v -108.382382 -19.639361 399.943112 0.915174 0.915174 0.915174
v -115.387472 -33.121368 405.686622 1.000000 1.000000 1.000000
v -115.005824 -33.731560 403.745769 1.000000 1.000000 1.000000
v -101.799229 -4.167589 396.140456 0.830348 0.830348 0.830348
v -102.566761 -5.570754 400.453462 0.830348 0.830348 0.830348
v -109.233762 9.514070 399.943112 0.915174 0.915174 0.915174
v -109.790222 8.496775 403.070042 0.915174 0.915174 0.915174
v -116.668294 23.195728 403.745769 1.000000 1.000000 1.000000
v -117.013683 22.564304 405.686622 1.000000 1.000000 1.000000
v -108.290479 -4.369014 399.206591 0.864000 0.864000 0.864000
v -107.088797 -5.690953 394.967672 0.864000 0.864000 0.864000
v -113.864152 -17.398124 401.003371 0.932000 0.932000 0.932000
v -112.992932 -18.356530 397.930154 0.932000 0.932000 0.932000
v -119.437824 -30.427233 402.800151 1.000000 1.000000 1.000000
v -118.897067 -31.022106 400.892637 1.000000 1.000000 1.000000
v -107.128393 -4.335077 394.967672 0.864000 0.864000 0.864000
v -108.250883 -5.724890 399.206591 0.864000 0.864000 0.864000
v -113.761591 7.964366 397.930154 0.932000 0.932000 0.932000
v -114.575397 6.956752 401.003371 0.932000 0.932000 0.932000
v -120.394790 20.263810 400.892637 1.000000 1.000000 1.000000
v -120.899911 19.638394 402.800151 1.000000 1.000000 1.000000
v -2.396208 0.081684 268.000000 0.000000 0.000000 0.000000
v -3.436153 -1.583703 267.007528 0.000000 0.000000 0.000000
v -2.543281 -3.594370 267.007528 0.000000 0.000000 0.000000
v -0.610464 -3.939649 268.000000 0.000000 0.000000 0.000000
v 0.429481 -2.274263 268.992472 0.000000 0.000000 0.000000
v -0.463391 -0.263596 268.992472 0.000000 0.000000 0.000000
v -18.983408 -7.524871 297.900716 0.135714 0.135714 0.135714
v -19.919359 -9.023719 297.007491 0.135714 0.135714 0.135714
v -19.115774 -10.833319 297.007491 0.135714 0.135714 0.135714
v -17.376239 -11.144071 297.900716 0.135714 0.135714 0.135714
v -16.440289 -9.645223 298.793941 0.135714 0.135714 0.135714
v -17.243873 -7.835623 298.793941 0.135714 0.135714 0.135714
v -18.983408 -7.524871 297.900716 0.128571 0.128571 0.128571
v -19.746445 -8.946934 296.753584 0.128571 0.128571 0.128571
v -18.942861 -10.756534 296.753584 0.128571 0.128571 0.128571
v -17.376239 -11.144071 297.900716 0.128571 0.128571 0.128571
v -16.613202 -9.722008 299.047848 0.128571 0.128571 0.128571
v -17.416787 -7.912408 299.047848 0.128571 0.128571 0.128571
v -37.544562 -16.007994 320.573416 0.271429 0.271429 0.271429
v -38.222817 -17.272050 319.553744 0.271429 0.271429 0.271429
v -37.508519 -18.880583 319.553744 0.271429 0.271429 0.271429
v -36.115967 -19.225061 320.573416 0.271429 0.271429 0.271429
v -35.437712 -17.961005 321.593089 0.271429 0.271429 0.271429
v -36.152009 -16.352471 321.593089 0.271429 0.271429 0.271429
v -37.544562 -16.007994 320.573416 0.257143 0.257143 0.257143
v -37.974190 -17.161643 319.315595 0.257143 0.257143 0.257143
v -37.259892 -18.770176 319.315595 0.257143 0.257143 0.257143
v -36.115967 -19.225061 320.573416 0.257143 0.257143 0.257143
v -35.686339 -18.071412 321.831238 0.257143 0.257143 0.257143
v -36.400636 -16.462879 321.831238 0.257143 0.257143 0.257143
v -58.079669 -25.367686 336.018102 0.407143 0.407143 0.407143
v -58.455593 -26.377129 334.917509 0.407143 0.407143 0.407143
v -57.830583 -27.784595 334.917509 0.407143 0.407143 0.407143
v -56.829648 -28.182619 336.018102 0.407143 0.407143 0.407143
v -56.453723 -27.173177 337.118696 0.407143 0.407143 0.407143
v -57.078734 -25.765710 337.118696 0.407143 0.407143 0.407143
v -58.079669 -25.367686 336.018102 0.385714 0.385714 0.385714
v -58.151543 -26.242110 334.752473 0.385714 0.385714 0.385714
v -57.526533 -27.649577 334.752473 0.385714 0.385714 0.385714
v -56.829648 -28.182619 336.018102 0.385714 0.385714 0.385714
v -56.757774 -27.308195 337.283731 0.385714 0.385714 0.385714
v -57.382784 -25.900729 337.283731 0.385714 0.385714 0.385714
v -80.588729 -35.603947 344.234774 0.542857 0.542857 0.542857
v -80.650336 -36.353453 343.149949 0.542857 0.542857 0.542857
v -80.114612 -37.559853 343.149949 0.542857 0.542857 0.542857
v -79.517283 -38.016747 344.234774 0.542857 0.542857 0.542857
v -79.455676 -37.267240 345.319599 0.542857 0.542857 0.542857
v -79.991399 -36.060841 345.319599 0.542857 0.542857 0.542857
v -80.588729 -35.603947 344.234774 0.514286 0.514286 0.514286
v -80.359260 -36.224196 343.092392 0.514286 0.514286 0.514286
v -79.823537 -37.430595 343.092392 0.514286 0.514286 0.514286
v -79.517283 -38.016747 344.234774 0.514286 0.514286 0.514286
v -79.746752 -37.396498 345.377155 0.514286 0.514286 0.514286
v -80.282475 -36.190098 345.377155 0.514286 0.514286 0.514286
v -105.071742 -46.716776 345.223430 0.678571 0.678571 0.678571
v -104.880518 -47.233650 344.271445 0.678571 0.678571 0.678571
v -104.434082 -48.238983 344.271445 0.678571 0.678571 0.678571
v -104.178870 -48.727443 345.223430 0.678571 0.678571 0.678571
v -104.370095 -48.210569 346.175415 0.678571 0.678571 0.678571
v -104.816531 -47.205235 346.175415 0.678571 0.678571 0.678571
v -105.071742 -46.716776 345.223430 0.642857 0.642857 0.642857
v -104.665673 -47.138244 344.292048 0.642857 0.642857 0.642857
v -104.219237 -48.143577 344.292048 0.642857 0.642857 0.642857
v -104.178870 -48.727443 345.223430 0.642857 0.642857 0.642857
v -104.584940 -48.305975 346.154812 0.642857 0.642857 0.642857
v -105.031376 -47.300641 346.154812 0.642857 0.642857 0.642857
v -131.528709 -58.706174 338.984072 0.814286 0.814286 0.814286
v -131.203853 -59.043349 338.238966 0.814286 0.814286 0.814286
v -130.846704 -59.847615 338.238966 0.814286 0.814286 0.814286
v -130.814412 -60.314707 338.984072 0.814286 0.814286 0.814286
v -131.139267 -59.977533 339.729177 0.814286 0.814286 0.814286
v -131.496416 -59.173266 339.729177 0.814286 0.814286 0.814286
v -131.528709 -58.706174 338.984072 0.771429 0.771429 0.771429
v -131.074147 -58.985750 338.284350 0.771429 0.771429 0.771429
v -130.716998 -59.790017 338.284350 0.771429 0.771429 0.771429
v -130.814412 -60.314707 338.984072 0.771429 0.771429 0.771429
v -131.268974 -60.035131 339.683793 0.771429 0.771429 0.771429
v -131.626123 -59.230865 339.683793 0.771429 0.771429 0.771429
v -159.959629 -71.572141 325.516698 0.950000 0.950000 0.950000
v -159.618707 -71.781823 324.991907 0.950000 0.950000 0.950000
v -159.350846 -72.385023 324.991907 0.950000 0.950000 0.950000
v -159.423906 -72.778541 325.516698 0.950000 0.950000 0.950000
v -159.764828 -72.568859 326.041490 0.950000 0.950000 0.950000
v -160.032689 -71.965659 326.041490 0.950000 0.950000 0.950000
v -11.408963 -5.888663 290.943505 0.090000 0.090000 0.090000
v -14.530262 -8.152907 288.435380 0.090000 0.090000 0.090000
v -9.790562 -19.952076 300.465355 0.345000 0.345000 0.345000
v -12.053504 -21.593653 298.646965 0.345000 0.345000 0.345000
v -8.172161 -34.015488 309.987205 0.600000 0.600000 0.600000
v -9.576746 -35.034398 308.858549 0.600000 0.600000 0.600000
v -14.855998 -7.419379 288.435380 0.090000 0.090000 0.090000
v -11.083227 -6.622190 290.943505 0.090000 0.090000 0.090000
v -23.166122 3.430957 298.646965 0.345000 0.345000 0.345000
v -20.430864 4.008919 300.465355 0.345000 0.345000 0.345000
v -31.476247 14.281294 308.858549 0.600000 0.600000 0.600000
v -29.778500 14.640029 309.987205 0.600000 0.600000 0.600000
v -16.014423 -7.904575 298.227198 0.123652 0.123652 0.123652
v -18.996475 -10.165431 295.552147 0.123652 0.123652 0.123652
v -14.429151 -23.455357 308.515302 0.371174 0.371174 0.371174
v -16.591139 -25.094477 306.575890 0.371174 0.371174 0.371174
v -12.843879 -39.006138 318.803406 0.618696 0.618696 0.618696
v -14.185802 -40.023523 317.599633 0.618696 0.618696 0.618696
v -19.343890 -9.383084 295.552147 0.123652 0.123652 0.123652
v -15.667008 -8.686922 298.227198 0.123652 0.123652 0.123652
v -28.805998 2.412279 306.575890 0.371174 0.371174 0.371174
v -26.140259 2.916996 308.515302 0.371174 0.371174 0.371174
v -38.268106 14.207642 317.599633 0.618696 0.618696 0.618696
v -36.613509 14.520914 318.803406 0.618696 0.618696 0.618696
v -20.763723 -9.983458 305.018303 0.157304 0.157304 0.157304
v -23.589309 -12.235087 302.171159 0.157304 0.157304 0.157304
v -19.273003 -26.988565 315.965254 0.397348 0.397348 0.397348
v -21.321553 -28.620996 313.901075 0.397348 0.397348 0.397348
v -17.782284 -43.993672 326.912205 0.637391 0.637391 0.637391
v -19.053798 -45.006906 325.630991 0.637391 0.637391 0.637391
v -23.959074 -11.402410 302.171159 0.157304 0.157304 0.157304
v -20.393958 -10.816135 305.018303 0.157304 0.157304 0.157304
v -34.594208 1.267818 313.901075 0.397348 0.397348 0.397348
v -32.009498 1.692867 315.965254 0.397348 0.397348 0.397348
v -45.229341 13.938046 325.630991 0.637391 0.637391 0.637391
v -43.625039 14.201869 326.912205 0.637391 0.637391 0.637391
v -25.657528 -12.125885 311.316022 0.190957 0.190957 0.190957
v -28.308099 -14.361302 308.293211 0.190957 0.190957 0.190957
v -24.321105 -30.534747 322.795306 0.423522 0.423522 0.423522
v -26.242769 -32.155424 320.603768 0.423522 0.423522 0.423522
v -22.984682 -48.943609 334.274591 0.656087 0.656087 0.656087
v -24.177439 -49.949547 332.914326 0.656087 0.656087 0.656087
v -28.700678 -13.477249 308.293211 0.190957 0.190957 0.190957
v -25.264949 -13.009938 311.316022 0.190957 0.190957 0.190957
v -40.516230 -0.012884 320.603768 0.423522 0.423522 0.423522
v -38.025326 0.325916 322.795306 0.423522 0.423522 0.423522
v -52.331781 13.451480 332.914326 0.656087 0.656087 0.656087
v -50.785703 13.661771 334.274591 0.656087 0.656087 0.656087
v -30.696360 -14.332457 317.119302 0.224609 0.224609 0.224609
v -33.152322 -16.543475 313.919358 0.224609 0.224609 0.224609
v -29.569106 -34.076616 328.987230 0.449696 0.449696 0.449696
v -31.349679 -35.679604 326.667270 0.449696 0.449696 0.449696
v -28.441853 -53.820775 340.855157 0.674783 0.674783 0.674783
v -29.547036 -54.815733 339.415182 0.674783 0.674783 0.674783
v -33.567906 -15.607617 313.919358 0.224609 0.224609 0.224609
v -30.280776 -15.268314 317.119302 0.224609 0.224609 0.224609
v -46.555170 -1.438216 326.667270 0.449696 0.449696 0.449696
v -44.172001 -1.192221 328.987230 0.449696 0.449696 0.449696
v -59.542434 12.731185 339.415182 0.674783 0.674783 0.674783
v -58.063226 12.883871 340.855157 0.674783 0.674783 0.674783
v -35.880509 -16.603765 322.426821 0.258261 0.258261 0.258261
v -38.121689 -18.781014 319.050921 0.258261 0.258261 0.258261
v -35.008995 -37.596455 334.525394 0.475870 0.475870 0.475870
v -36.633850 -39.174960 332.077866 0.475870 0.475870 0.475870
v -34.137481 -58.589145 346.623967 0.693478 0.693478 0.693478
v -35.146012 -59.568907 345.104812 0.693478 0.693478 0.693478
v -38.560125 -17.793696 319.050921 0.258261 0.258261 0.258261
v -35.442073 -17.591083 322.426821 0.258261 0.258261 0.258261
v -52.691594 -3.014376 332.077866 0.475870 0.475870 0.475870
v -50.431007 -2.867482 334.525394 0.475870 0.475870 0.475870
v -66.823064 11.764944 345.104812 0.693478 0.693478 0.693478
v -65.419941 11.856119 346.623967 0.693478 0.693478 0.693478
v -41.209949 -18.940349 327.237009 0.291913 0.291913 0.291913
v -43.216227 -21.073381 323.689471 0.291913 0.291913 0.291913
v -40.628998 -41.076050 339.397868 0.502043 0.502043 0.502043
v -42.083550 -42.622498 336.825903 0.502043 0.502043 0.502043
v -40.048048 -63.211750 351.558727 0.712174 0.712174 0.712174
v -40.950873 -64.171615 349.962335 0.712174 0.712174 0.712174
v -43.676953 -20.035866 323.689471 0.291913 0.291913 0.291913
v -40.749222 -19.977864 327.237009 0.291913 0.291913 0.291913
v -58.903543 -4.745399 336.825903 0.502043 0.502043 0.502043
v -56.780937 -4.703347 339.397868 0.502043 0.502043 0.502043
v -74.130132 10.545068 349.962335 0.712174 0.712174 0.712174
v -72.812653 10.571169 351.558727 0.712174 0.712174 0.712174
v -46.684245 -21.342632 331.548102 0.325565 0.325565 0.325565
v -48.436368 -23.420151 327.836771 0.325565 0.325565 0.325565
v -46.413837 -44.496697 343.597615 0.528217 0.528217 0.528217
v -47.684126 -46.002899 340.906900 0.528217 0.528217 0.528217
v -46.143429 -67.650763 355.647129 0.730870 0.730870 0.730870
v -46.931885 -68.585647 353.977030 0.730870 0.730870 0.730870
v -48.918367 -22.334733 327.836771 0.325565 0.325565 0.325565
v -46.202246 -22.428050 331.548102 0.325565 0.325565 0.325565
v -65.166860 -6.633368 340.906900 0.528217 0.528217 0.528217
v -63.197672 -6.701023 343.597615 0.528217 0.528217 0.528217
v -81.415352 9.067996 353.977030 0.730870 0.730870 0.730870
v -80.193098 9.026004 355.647129 0.730870 0.730870 0.730870
v -52.302497 -23.810865 335.358242 0.359217 0.359217 0.359217
v -53.783014 -25.821074 331.494678 0.359217 0.359217 0.359217
v -52.345434 -47.839394 347.123661 0.554391 0.554391 0.554391
v -53.418809 -49.296796 344.322578 0.554391 0.554391 0.554391
v -52.388370 -71.867923 358.889081 0.749565 0.749565 0.749565
v -53.054603 -72.772517 357.150477 0.749565 0.749565 0.749565
v -54.284784 -24.691134 331.494678 0.359217 0.359217 0.359217
v -51.800727 -24.940805 335.358242 0.359217 0.359217 0.359217
v -71.455931 -8.678831 344.322578 0.554391 0.554391 0.554391
v -69.654990 -8.859842 347.123661 0.554391 0.554391 0.554391
v -88.627078 7.333472 357.150477 0.749565 0.749565 0.749565
v -87.509252 7.221120 358.889081 0.749565 0.749565 0.749565
v -58.063317 -26.345068 338.665612 0.392870 0.392870 0.392870
v -59.257553 -28.276130 334.665012 0.392870 0.392870 0.392870
v -58.404121 -51.085244 349.981997 0.580565 0.580565 0.580565
v -59.269942 -52.485264 347.081562 0.580565 0.580565 0.580565
v -58.744924 -75.825421 361.298382 0.768261 0.768261 0.768261
v -59.282331 -76.694399 359.498112 0.768261 0.768261 0.768261
v -59.777120 -27.106113 334.665012 0.392870 0.392870 0.392870
v -57.543750 -27.515085 338.665612 0.392870 0.392870 0.392870
v -77.744880 -10.881380 347.081562 0.580565 0.580565 0.580565
v -76.125686 -11.177885 349.981997 0.580565 0.580565 0.580565
v -95.712639 5.343353 359.498112 0.768261 0.768261 0.768261
v -94.707622 5.159315 361.298382 0.768261 0.768261 0.768261
v -63.964864 -28.944992 341.468588 0.426522 0.426522 0.426522
v -64.861826 -30.785568 337.349396 0.426522 0.426522 0.426522
v -64.570285 -54.216150 352.185983 0.606739 0.606739 0.606739
v -65.220582 -55.550567 349.199569 0.606739 0.606739 0.606739
v -65.175705 -79.487308 362.903379 0.786957 0.786957 0.786957
v -65.579338 -80.315567 361.049742 0.786957 0.786957 0.786957
v -65.396795 -29.580866 337.349396 0.426522 0.426522 0.426522
v -63.429895 -30.149694 341.468588 0.426522 0.426522 0.426522
v -84.009184 -13.240338 349.199569 0.606739 0.606739 0.606739
v -82.583182 -13.652738 352.185983 0.606739 0.606739 0.606739
v -102.621574 3.100191 361.049742 0.786957 0.786957 0.786957
v -101.736469 2.844218 362.903379 0.786957 0.786957 0.786957
v -70.004948 -31.610111 343.765896 0.460174 0.460174 0.460174
v -70.598022 -33.349913 339.549102 0.460174 0.460174 0.460174
v -70.826243 -57.215742 353.756028 0.632913 0.632913 0.632913
v -71.256222 -58.477099 350.698852 0.632913 0.632913 0.632913
v -71.647538 -82.821374 363.746159 0.805652 0.805652 0.805652
v -71.914421 -83.604285 361.848602 0.805652 0.805652 0.805652
v -71.145667 -32.116667 339.549102 0.460174 0.460174 0.460174
v -69.457303 -32.843357 343.765896 0.460174 0.460174 0.460174
v -90.227541 -15.755409 350.698852 0.632913 0.632913 0.632913
v -89.003477 -16.282259 353.756028 0.632913 0.632913 0.632913
v -109.309414 0.605850 361.848602 0.805652 0.805652 0.805652
v -108.549651 0.278839 363.746159 0.805652 0.805652 0.805652
v -76.181180 -34.339645 345.556734 0.493826 0.493826 0.493826
v -76.468531 -35.969947 341.264934 0.493826 0.493826 0.493826
v -77.158038 -60.070458 354.718439 0.659087 0.659087 0.659087
v -77.366367 -61.252427 351.606884 0.659087 0.659087 0.659087
v -78.134896 -85.801272 363.880143 0.824348 0.824348 0.824348
v -78.264204 -86.534908 361.948834 0.824348 0.824348 0.824348
v -77.025916 -34.714765 341.264934 0.493826 0.493826 0.493826
v -75.623795 -35.594827 345.556734 0.493826 0.493826 0.493826
v -96.383688 -18.427144 351.606884 0.659087 0.659087 0.659087
v -95.367150 -19.065189 354.718439 0.659087 0.659087 0.659087
v -115.741460 -2.139523 361.948834 0.824348 0.824348 0.824348
v -115.110505 -2.535551 363.880143 0.824348 0.824348 0.824348
v -82.491161 -37.132621 346.840834 0.527478 0.527478 0.527478
v -82.475752 -38.646641 342.497160 0.527478 0.527478 0.527478
v -83.556801 -62.770608 355.103540 0.685261 0.685261 0.685261
v -83.545630 -63.868272 351.954376 0.685261 0.685261 0.685261
v -84.622441 -88.408595 363.366246 0.843043 0.843043 0.843043
v -84.615508 -89.089904 361.411593 0.843043 0.843043 0.843043
v -83.039875 -37.376288 342.497160 0.527478 0.527478 0.527478
v -81.927038 -38.402975 346.840834 0.527478 0.527478 0.527478
v -102.467872 -21.257098 351.954376 0.685261 0.685261 0.685261
v -101.661065 -22.001446 355.103540 0.685261 0.685261 0.685261
v -121.895869 -5.137909 361.411593 0.843043 0.843043 0.843043
v -121.395092 -5.599918 363.366246 0.843043 0.843043 0.843043
v -88.932656 -39.987956 347.618460 0.561130 0.561130 0.561130
v -88.621919 -41.381079 343.245514 0.561130 0.561130 0.561130
v -90.019406 -65.311240 354.943328 0.711435 0.711435 0.711435
v -89.794121 -66.321254 351.772942 0.711435 0.711435 0.711435
v -91.106155 -90.634524 362.268196 0.861739 0.861739 0.861739
v -90.966324 -91.261429 360.300371 0.861739 0.861739 0.861739
v -89.189844 -40.102165 343.245514 0.561130 0.561130 0.561130
v -88.364732 -41.266871 347.618460 0.561130 0.561130 0.561130
v -108.477659 -24.247621 351.772942 0.711435 0.711435 0.711435
v -107.879453 -25.092033 354.943328 0.711435 0.711435 0.711435
v -127.765474 -8.393077 360.300371 0.861739 0.861739 0.861739
v -127.394174 -8.917195 362.268196 0.861739 0.861739 0.861739
v -95.503754 -42.904546 347.890339 0.594783 0.594783 0.594783
v -94.908945 -44.174366 343.509271 0.594783 0.594783 0.594783
v -96.548321 -67.692670 354.269065 0.737609 0.737609 0.737609
v -96.117085 -68.613289 351.092790 0.737609 0.737609 0.737609
v -97.592889 -92.480793 360.647791 0.880435 0.880435 0.880435
v -97.325225 -93.052212 358.676310 0.880435 0.880435 0.880435
v -95.477924 -42.893076 343.509271 0.594783 0.594783 0.594783
v -94.934774 -44.185836 347.890339 0.594783 0.594783 0.594783
v -114.417987 -27.401317 351.092790 0.737609 0.737609 0.737609
v -114.024203 -28.338567 354.269065 0.737609 0.737609 0.737609
v -133.358050 -11.909557 358.676310 0.880435 0.880435 0.880435
v -133.113632 -12.491299 360.647791 0.880435 0.880435 0.880435
v -102.202953 -45.881346 347.657551 0.628435 0.628435 0.628435
v -101.338330 -47.027545 343.287350 0.628435 0.628435 0.628435
v -103.150749 -69.920599 353.109195 0.763783 0.763783 0.763783
v -102.523898 -70.751593 349.940800 0.763783 0.763783 0.763783
v -104.098546 -93.959852 358.560839 0.899130 0.899130 0.899130
v -103.709466 -94.475641 356.594249 0.899130 0.899130 0.899130
v -101.905898 -45.749433 343.287350 0.628435 0.628435 0.628435
v -101.635385 -47.159457 347.657551 0.628435 0.628435 0.628435
v -120.300497 -30.720303 349.940800 0.763783 0.763783 0.763783
v -120.104375 -31.742570 353.109195 0.763783 0.763783 0.763783
v -138.695096 -15.691172 356.594249 0.899130 0.899130 0.899130
v -138.573365 -16.325683 358.560839 0.899130 0.899130 0.899130
v -109.029204 -48.917435 346.921393 0.662087 0.662087 0.662087
v -107.911123 -49.941537 342.578455 0.662087 0.662087 0.662087
v -109.837298 -72.005854 351.487855 0.789957 0.789957 0.789957
v -109.026690 -72.748327 348.339225 0.789957 0.789957 0.789957
v -110.645392 -95.094272 356.054317 0.917826 0.917826 0.917826
v -110.142256 -95.555118 354.099995 0.917826 0.917826 0.917826
v -108.475151 -48.671398 342.578455 0.662087 0.662087 0.662087
v -108.465177 -50.187574 346.921393 0.662087 0.662087 0.662087
v -126.142345 -34.205423 348.339225 0.789957 0.789957 0.789957
v -126.135114 -35.304650 351.487855 0.789957 0.789957 0.789957
v -143.809539 -19.739448 354.099995 0.917826 0.917826 0.917826
v -143.805051 -20.421727 356.054317 0.917826 0.917826 0.917826
v -115.981891 -52.012055 345.683255 0.695739 0.695739 0.695739
v -114.627941 -52.917101 341.381196 0.695739 0.695739 0.695739
v -116.620487 -73.963832 349.424078 0.816130 0.816130 0.816130
v -115.638873 -74.619991 346.305086 0.816130 0.816130 0.816130
v -117.259082 -95.915609 353.164902 0.936522 0.936522 0.936522
v -116.649804 -96.322880 351.228975 0.936522 0.936522 0.936522
v -115.186660 -51.658919 341.381196 0.695739 0.695739 0.695739
v -115.423173 -53.270238 345.683255 0.695739 0.695739 0.695739
v -131.964764 -37.855564 346.305086 0.816130 0.816130 0.816130
v -132.136236 -39.023770 349.424078 0.816130 0.816130 0.816130
v -148.742868 -24.052209 351.228975 0.936522 0.936522 0.936522
v -148.849299 -24.777303 353.164902 0.936522 0.936522 0.936522
v -123.060780 -55.164620 343.944510 0.729391 0.729391 0.729391
v -121.489018 -55.954824 339.694199 0.729391 0.729391 0.729391
v -123.513344 -75.813774 346.931637 0.842304 0.842304 0.842304
v -122.373817 -76.386672 343.850162 0.842304 0.842304 0.842304
v -123.965908 -96.462928 349.918764 0.955217 0.955217 0.955217
v -123.258615 -96.818520 348.006124 0.955217 0.955217 0.955217
v -122.041016 -54.711776 339.694199 0.729391 0.729391 0.729391
v -122.508783 -56.407668 343.944510 0.729391 0.729391 0.729391
v -137.791622 -41.667172 343.850162 0.842304 0.842304 0.842304
v -138.130753 -42.896694 346.931637 0.842304 0.842304 0.842304
v -153.542228 -28.622568 348.006124 0.955217 0.955217 0.955217
v -153.752723 -29.385720 349.918764 0.955217 0.955217 0.955217
v -130.265945 -58.374714 341.706439 0.763043 0.763043 0.763043
v -128.494280 -59.055120 337.516183 0.763043 0.763043 0.763043
v -130.528271 -77.577973 344.019370 0.868478 0.868478 0.868478
v -129.243815 -78.071268 340.981434 0.868478 0.868478 0.868478
v -130.790598 -96.781233 346.332300 0.973913 0.973913 0.973913
v -129.993349 -97.087416 344.446685 0.973913 0.973913 0.973913
v -129.038478 -57.829635 337.516183 0.763043 0.763043 0.763043
v -129.721747 -59.600199 341.706439 0.763043 0.763043 0.763043
v -143.648149 -45.634013 340.981434 0.868478 0.868478 0.868478
v -144.143519 -46.917671 344.019370 0.868478 0.868478 0.868478
v -158.257819 -33.438390 344.446685 0.973913 0.973913 0.973913
v -158.565290 -34.235144 346.332300 0.973913 0.973913 0.973913
v -137.597689 -61.642071 338.970185 0.796696 0.796696 0.796696
v -135.643424 -62.218256 334.846005 0.796696 0.796696 0.796696
v -137.676234 -79.281011 340.691808 0.894652 0.894652 0.894652
v -136.259392 -79.698745 337.701777 0.894652 0.894652 0.894652
v -137.754780 -96.919951 342.413431 0.992609 0.992609 0.992609
v -136.875361 -97.179234 340.557550 0.992609 0.992609 0.992609
v -136.179041 -61.012096 334.846005 0.796696 0.796696 0.796696
v -137.062072 -62.848231 338.970185 0.796696 0.796696 0.796696
v -149.559923 -49.747155 337.701777 0.894652 0.894652 0.894652
v -150.200121 -51.078353 340.691808 0.894652 0.894652 0.894652
v -162.940806 -38.482214 340.557550 0.992609 0.992609 0.992609
v -163.338170 -39.308475 342.413431 0.992609 0.992609 0.992609
v -145.056473 -64.966555 335.736727 0.830348 0.830348 0.830348
v -142.935989 -65.444368 331.682687 0.830348 0.830348 0.830348
v -144.966287 -80.949053 336.949935 0.915174 0.915174 0.915174
v -143.428936 -81.295467 334.010755 0.915174 0.915174 0.915174
v -144.876101 -96.931550 338.163142 1.000000 1.000000 1.000000
v -143.921884 -97.146566 336.338824 1.000000 1.000000 1.000000
v -143.462496 -64.258721 331.682687 0.830348 0.830348 0.830348
v -144.529965 -66.152202 335.736727 0.830348 0.830348 0.830348
v -155.552128 -53.995138 334.010755 0.915174 0.915174 0.915174
v -156.326043 -55.367911 336.949935 0.915174 0.915174 0.915174
v -167.641760 -43.731555 336.338824 1.000000 1.000000 1.000000
v -168.122121 -44.583621 338.163142 1.000000 1.000000 1.000000
v -152.642852 -68.348125 332.006880 0.864000 0.864000 0.864000
v -150.371418 -68.733496 328.025414 0.864000 0.864000 0.864000
v -152.405365 -82.609233 332.791955 0.932000 0.932000 0.932000
v -150.758575 -82.888627 329.905392 0.932000 0.932000 0.932000
v -152.167878 -96.870341 333.577031 1.000000 1.000000 1.000000
v -151.145733 -97.043758 331.785371 1.000000 1.000000 1.000000
v -150.888500 -67.569074 328.025414 0.864000 0.864000 0.864000
v -152.125770 -69.512547 332.006880 0.864000 0.864000 0.864000
v -161.649045 -58.364277 329.905392 0.932000 0.932000 0.932000
v -162.546066 -59.773295 332.791955 0.932000 0.932000 0.932000
v -172.409590 -49.159480 331.785371 1.000000 1.000000 1.000000
v -172.966361 -50.034043 333.577031 1.000000 1.000000 1.000000
v -3.030309 -0.345204 268.000000 0.000000 0.000000 0.000000
v -3.336277 -2.168189 266.807058 0.000000 0.000000 0.000000
v -1.809304 -3.751968 266.807058 0.000000 0.000000 0.000000
v 0.023636 -3.512761 268.000000 0.000000 0.000000 0.000000
v 0.329604 -1.689777 269.192942 0.000000 0.000000 0.000000
v -1.197369 -0.105998 269.192942 0.000000 0.000000 0.000000
v -15.381796 -12.559275 289.629912 0.135714 0.135714 0.135714
v -15.657166 -14.199962 288.556264 0.135714 0.135714 0.135714
v -14.282891 -15.625362 288.556264 0.135714 0.135714 0.135714
v -12.633245 -15.410077 289.629912 0.135714 0.135714 0.135714
v -12.357874 -13.769390 290.703559 0.135714 0.135714 0.135714
v -13.732149 -12.343990 290.703559 0.135714 0.135714 0.135714
v -15.381796 -12.559275 289.629912 0.128571 0.128571 0.128571
v -15.381756 -13.934429 288.205359 0.128571 0.128571 0.128571
v -14.007480 -15.359830 288.205359 0.128571 0.128571 0.128571
v -12.633245 -15.410077 289.629912 0.128571 0.128571 0.128571
v -12.633284 -14.034923 291.054465 0.128571 0.128571 0.128571
v -14.007560 -12.609522 291.054465 0.128571 0.128571 0.128571
v -29.986560 -26.945805 303.364262 0.271429 0.271429 0.271429
v -29.986524 -28.168164 302.097993 0.271429 0.271429 0.271429
v -28.764946 -29.435187 302.097993 0.271429 0.271429 0.271429
v -27.543403 -29.479851 303.364262 0.271429 0.271429 0.271429
v -27.543439 -28.257491 304.630532 0.271429 0.271429 0.271429
v -28.765017 -26.990469 304.630532 0.271429 0.271429 0.271429
v -29.986560 -26.945805 303.364262 0.257143 0.257143 0.257143
v -29.638989 -27.833094 301.884562 0.257143 0.257143 0.257143
v -28.417411 -29.100117 301.884562 0.257143 0.257143 0.257143
v -27.543403 -29.479851 303.364262 0.257143 0.257143 0.257143
v -27.890974 -28.592561 304.843962 0.257143 0.257143 0.257143
v -29.112552 -27.325539 304.843962 0.257143 0.257143 0.257143
v -46.844602 -43.504793 309.203051 0.407143 0.407143 0.407143
v -46.540478 -44.281171 307.908314 0.407143 0.407143 0.407143
v -45.471597 -45.389816 307.908314 0.407143 0.407143 0.407143
v -44.706840 -45.722083 309.203051 0.407143 0.407143 0.407143
v -45.010964 -44.945705 310.497789 0.407143 0.407143 0.407143
v -46.079845 -43.837060 310.497789 0.407143 0.407143 0.407143
v -46.844602 -43.504793 309.203051 0.385714 0.385714 0.385714
v -46.236582 -43.988176 307.873294 0.385714 0.385714 0.385714
v -45.167701 -45.096821 307.873294 0.385714 0.385714 0.385714
v -44.706840 -45.722083 309.203051 0.385714 0.385714 0.385714
v -45.314860 -45.238701 310.532808 0.385714 0.385714 0.385714
v -46.383740 -44.130056 310.532808 0.385714 0.385714 0.385714
v -65.955921 -62.236240 307.146279 0.542857 0.542857 0.542857
v -65.434761 -62.650568 306.006488 0.542857 0.542857 0.542857
v -64.518578 -63.600835 306.006488 0.542857 0.542857 0.542857
v -64.123554 -64.136775 307.146279 0.542857 0.542857 0.542857
v -64.644714 -63.722447 308.286071 0.542857 0.542857 0.542857
v -65.560897 -62.772180 308.286071 0.542857 0.542857 0.542857
v -65.955921 -62.236240 307.146279 0.514286 0.514286 0.514286
v -65.237841 -62.460711 306.061672 0.514286 0.514286 0.514286
v -64.321658 -63.410978 306.061672 0.514286 0.514286 0.514286
v -64.123554 -64.136775 307.146279 0.514286 0.514286 0.514286
v -64.841634 -63.912304 308.230887 0.514286 0.514286 0.514286
v -65.757818 -62.962037 308.230887 0.514286 0.514286 0.514286
v -87.320518 -83.140146 297.193946 0.678571 0.678571 0.678571
v -86.722118 -83.327205 296.290106 0.678571 0.678571 0.678571
v -85.958632 -84.119094 296.290106 0.678571 0.678571 0.678571
v -85.793546 -84.723925 297.193946 0.678571 0.678571 0.678571
v -86.391946 -84.536866 298.097786 0.678571 0.678571 0.678571
v -87.155432 -83.744977 298.097786 0.678571 0.678571 0.678571
v -87.320518 -83.140146 297.193946 0.642857 0.642857 0.642857
v -86.612673 -83.221685 296.355909 0.642857 0.642857 0.642857
v -85.849186 -84.013574 296.355909 0.642857 0.642857 0.642857
v -85.793546 -84.723925 297.193946 0.642857 0.642857 0.642857
v -86.501391 -84.642386 298.031983 0.642857 0.642857 0.642857
v -87.264878 -83.850497 298.031983 0.642857 0.642857 0.642857
v -110.938393 -106.216511 279.346052 0.814286 0.814286 0.814286
v -110.372117 -106.281742 278.675622 0.814286 0.814286 0.814286
v -109.761328 -106.915253 278.675622 0.814286 0.814286 0.814286
v -109.716815 -107.483534 279.346052 0.814286 0.814286 0.814286
v -110.283092 -107.418303 280.016481 0.814286 0.814286 0.814286
v -110.893881 -106.784792 280.016481 0.814286 0.814286 0.814286
v -110.938393 -106.216511 279.346052 0.771429 0.771429 0.771429
v -110.314744 -106.226427 278.725275 0.771429 0.771429 0.771429
v -109.703955 -106.859939 278.725275 0.771429 0.771429 0.771429
v -109.716815 -107.483534 279.346052 0.771429 0.771429 0.771429
v -110.340464 -107.473618 279.966829 0.771429 0.771429 0.771429
v -110.951253 -106.840106 279.966829 0.771429 0.771429 0.771429
v -136.809546 -131.465335 253.602596 0.950000 0.950000 0.950000
v -136.341809 -131.472772 253.137014 0.950000 0.950000 0.950000
v -135.883717 -131.947905 253.137014 0.950000 0.950000 0.950000
v -135.893362 -132.415602 253.602596 0.950000 0.950000 0.950000
v -136.361099 -132.408164 254.068179 0.950000 0.950000 0.950000
v -136.819191 -131.933031 254.068179 0.950000 0.950000 0.950000
v -9.163180 -8.639277 285.488087 0.090000 0.090000 0.090000
v -10.876161 -11.640443 282.451857 0.090000 0.090000 0.090000
v -3.297736 -21.960430 294.387969 0.345000 0.345000 0.345000
v -4.539647 -24.136275 292.186702 0.345000 0.345000 0.345000
v 2.567709 -35.281582 303.287850 0.600000 0.600000 0.600000
v 1.796867 -36.632107 301.921547 0.600000 0.600000 0.600000
v -11.550524 -10.940993 282.451857 0.090000 0.090000 0.090000
v -8.488818 -9.338727 285.488087 0.090000 0.090000 0.090000
v -23.806678 -4.152480 292.186702 0.345000 0.345000 0.345000
v -21.586941 -2.990837 294.387969 0.345000 0.345000 0.345000
v -36.062832 2.636033 301.921547 0.600000 0.600000 0.600000
v -34.685065 3.357053 303.287850 0.600000 0.600000 0.600000
v -12.749231 -12.044585 290.582968 0.123652 0.123652 0.123652
v -14.226054 -14.922304 287.312230 0.123652 0.123652 0.123652
v -6.517484 -26.963194 300.005571 0.371174 0.371174 0.371174
v -7.588181 -29.049540 297.634285 0.371174 0.371174 0.371174
v -0.285738 -41.881802 309.428173 0.618696 0.618696 0.618696
v -0.950309 -43.176776 307.956341 0.618696 0.618696 0.618696
v -14.952502 -14.168831 287.312230 0.123652 0.123652 0.123652
v -12.022783 -12.798058 290.582968 0.123652 0.123652 0.123652
v -28.827969 -7.019598 297.634285 0.371174 0.371174 0.371174
v -26.703923 -6.025788 300.005571 0.371174 0.371174 0.371174
v -42.703437 0.129635 307.956341 0.618696 0.618696 0.618696
v -41.385064 0.746483 309.428173 0.618696 0.618696 0.618696
v -16.501066 -15.611502 295.132965 0.157304 0.157304 0.157304
v -17.718894 -18.340216 291.635678 0.157304 0.157304 0.157304
v -9.964376 -32.129793 304.913016 0.397348 0.397348 0.397348
v -10.847302 -34.108111 302.377483 0.397348 0.397348 0.397348
v -3.427687 -48.648085 314.693067 0.637391 0.637391 0.637391
v -3.975709 -49.876006 313.119288 0.637391 0.637391 0.637391
v -18.495659 -17.534554 291.635678 0.157304 0.157304 0.157304
v -15.724301 -16.417164 295.132965 0.157304 0.157304 0.157304
v -34.002159 -10.091857 302.377483 0.397348 0.397348 0.397348
v -31.992924 -9.281749 304.913016 0.397348 0.397348 0.397348
v -49.508659 -2.649159 313.119288 0.637391 0.637391 0.637391
v -48.261548 -2.146333 314.693067 0.637391 0.637391 0.637391
v -20.417231 -19.340165 299.134606 0.190957 0.190957 0.190957
v -21.356136 -21.894040 295.425674 0.190957 0.190957 0.190957
v -13.628359 -37.431004 309.088448 0.423522 0.423522 0.423522
v -14.309066 -39.282563 306.399472 0.423522 0.423522 0.423522
v -6.839488 -55.521843 319.042290 0.656087 0.656087 0.656087
v -7.261995 -56.671087 317.373270 0.656087 0.656087 0.656087
v -22.179909 -21.039622 295.425674 0.190957 0.190957 0.190957
v -19.593458 -20.194584 299.134606 0.190957 0.190957 0.190957
v -39.299551 -13.362393 306.399472 0.423522 0.423522 0.423522
v -37.424373 -12.749741 309.088448 0.423522 0.423522 0.423522
v -56.419192 -5.685165 317.373270 0.656087 0.656087 0.656087
v -55.255288 -5.304898 319.042290 0.656087 0.656087 0.656087
v -24.495406 -23.229880 302.584430 0.224609 0.224609 0.224609
v -25.140100 -25.584472 298.685678 0.224609 0.224609 0.224609
v -17.494469 -42.832007 312.518902 0.449696 0.449696 0.449696
v -17.961872 -44.539086 309.692306 0.449696 0.449696 0.449696
v -10.493531 -62.434133 322.453373 0.674783 0.674783 0.674783
v -10.783643 -63.493699 320.698935 0.674783 0.674783 0.674783
v -26.006033 -24.686325 298.685678 0.224609 0.224609 0.224609
v -23.629474 -24.128027 302.584430 0.224609 0.224609 0.224609
v -44.685932 -16.820848 309.692306 0.449696 0.449696 0.449696
v -42.962926 -16.416082 312.518902 0.449696 0.449696 0.449696
v -63.365831 -8.955371 320.698935 0.674783 0.674783 0.674783
v -62.296379 -8.704137 322.453373 0.674783 0.674783 0.674783
v -28.732539 -27.279045 305.479413 0.258261 0.258261 0.258261
v -29.073840 -29.413112 301.418715 0.258261 0.258261 0.258261
v -21.544988 -48.293808 315.202936 0.475870 0.475870 0.475870
v -21.792432 -49.841007 312.258929 0.475870 0.475870 0.475870
v -14.357438 -69.308572 324.926458 0.693478 0.693478 0.693478
v -14.511024 -70.268902 323.099144 0.693478 0.693478 0.693478
v -29.975742 -28.477658 301.418715 0.258261 0.258261 0.258261
v -27.830637 -28.214499 305.479413 0.258261 0.258261 0.258261
v -50.124173 -20.455281 312.258929 0.475870 0.475870 0.475870
v -48.568971 -20.264490 315.202936 0.475870 0.475870 0.475870
v -70.272603 -12.432903 323.099144 0.693478 0.693478 0.693478
v -69.307306 -12.314482 324.926458 0.693478 0.693478 0.693478
v -33.125124 -31.485248 307.817382 0.291913 0.291913 0.291913
v -33.160859 -33.382373 303.626959 0.291913 0.291913 0.291913
v -25.762462 -53.775868 317.151874 0.502043 0.502043 0.502043
v -25.788371 -55.151283 314.113817 0.502043 0.502043 0.502043
v -18.399801 -76.066488 326.486365 0.712174 0.712174 0.712174
v -18.415882 -76.920194 324.600675 0.712174 0.712174 0.712174
v -34.091574 -32.417034 303.626959 0.291913 0.291913 0.291913
v -32.194409 -32.450587 307.817382 0.291913 0.291913 0.291913
v -55.576800 -24.254677 314.113817 0.502043 0.502043 0.502043
v -54.201356 -24.279002 317.151874 0.502043 0.502043 0.502043
v -77.062027 -16.092319 324.600675 0.712174 0.712174 0.712174
v -76.208303 -16.107418 326.486365 0.712174 0.712174 0.712174
v -37.669599 -35.845522 309.597286 0.325565 0.325565 0.325565
v -37.404720 -37.495222 305.311458 0.325565 0.325565 0.325565
v -30.132855 -59.239487 318.389019 0.528217 0.528217 0.528217
v -29.940818 -60.435519 315.281793 0.528217 0.528217 0.528217
v -22.596111 -82.633451 327.180751 0.730870 0.730870 0.730870
v -22.476915 -83.375816 325.252128 0.730870 0.730870 0.730870
v -38.356625 -36.507905 305.311458 0.325565 0.325565 0.325565
v -36.717695 -36.832839 309.597286 0.325565 0.325565 0.325565
v -61.009120 -28.211427 315.281793 0.528217 0.528217 0.528217
v -59.820896 -28.447004 318.389019 0.528217 0.528217 0.528217
v -83.661615 -19.914949 325.252128 0.730870 0.730870 0.730870
v -82.924096 -20.061169 327.180751 0.730870 0.730870 0.730870
v -42.362745 -40.356696 310.819272 0.359217 0.359217 0.359217
v -41.808643 -41.754830 306.472067 0.359217 0.359217 0.359217
v -34.647984 -64.651186 318.946840 0.554391 0.554391 0.554391
v -34.246260 -65.664833 315.795116 0.554391 0.554391 0.554391
v -26.933223 -88.945676 327.074407 0.749565 0.749565 0.749565
v -26.683877 -89.574837 325.118165 0.749565 0.749565 0.749565
v -42.774180 -40.753373 306.472067 0.359217 0.359217 0.359217
v -41.397209 -41.358152 310.819272 0.359217 0.359217 0.359217
v -66.392139 -32.323077 315.795116 0.554391 0.554391 0.554391
v -65.393835 -32.761541 318.946840 0.554391 0.554391 0.554391
v -90.010098 -23.892780 325.118165 0.749565 0.749565 0.749565
v -89.390461 -24.164931 327.074407 0.749565 0.749565 0.749565
v -47.201990 -45.015764 311.484528 0.392870 0.392870 0.392870
v -46.375199 -46.164202 307.107599 0.392870 0.392870 0.392870
v -39.306579 -69.985271 318.862824 0.580565 0.580565 0.580565
v -38.707156 -70.817888 315.689551 0.580565 0.580565 0.580565
v -31.411168 -94.954778 326.241121 0.768261 0.768261 0.768261
v -31.039112 -95.471575 324.271503 0.768261 0.768261 0.768261
v -47.347338 -45.155899 307.107599 0.392870 0.392870 0.392870
v -46.229852 -46.024068 311.484528 0.392870 0.392870 0.392870
v -71.704626 -36.592860 315.689551 0.580565 0.580565 0.580565
v -70.894449 -37.222282 318.862824 0.580565 0.580565 0.580565
v -96.061915 -28.029821 324.271503 0.768261 0.768261 0.768261
v -95.559046 -28.420497 326.241121 0.768261 0.768261 0.768261
v -52.185569 -49.820164 311.594988 0.426522 0.426522 0.426522
v -51.106154 -50.725902 307.216117 0.426522 0.426522 0.426522
v -44.113823 -75.225077 318.175097 0.606739 0.606739 0.606739
v -43.331247 -75.881737 315.000416 0.606739 0.606739 0.606739
v -36.042077 -100.629990 324.755207 0.786957 0.786957 0.786957
v -35.556340 -101.037572 322.784715 0.786957 0.786957 0.786957
v -52.078723 -49.717151 307.216117 0.426522 0.426522 0.426522
v -51.212999 -50.828915 311.594988 0.426522 0.426522 0.426522
v -76.933924 -41.028987 315.000416 0.606739 0.606739 0.606739
v -76.306274 -41.835015 318.175097 0.606739 0.606739 0.606739
v -101.789126 -32.340822 322.784715 0.786957 0.786957 0.786957
v -101.399550 -32.841116 324.755207 0.786957 0.786957 0.786957
v -57.312526 -54.767938 311.152986 0.460174 0.460174 0.460174
v -56.002462 -55.441887 306.795289 0.460174 0.460174 0.460174
v -49.079760 -80.362910 316.918797 0.632913 0.632913 0.632913
v -48.129964 -80.851523 313.759467 0.632913 0.632913 0.632913
v -40.846995 -105.957882 322.684609 0.805652 0.805652 0.805652
v -40.257465 -106.261159 320.723645 0.805652 0.805652 0.805652
v -56.970329 -54.438014 306.795289 0.460174 0.460174 0.460174
v -56.344660 -55.771811 311.152986 0.460174 0.460174 0.460174
v -82.075598 -45.643057 313.759467 0.632913 0.632913 0.632913
v -81.621988 -46.610060 316.918797 0.632913 0.632913 0.632913
v -107.180868 -36.848100 320.723645 0.805652 0.805652 0.805652
v -106.899317 -37.448309 322.684609 0.805652 0.805652 0.805652
v -62.582609 -59.857763 310.160945 0.493826 0.493826 0.493826
v -61.064377 -60.313478 305.842693 0.493826 0.493826 0.493826
v -54.217179 -85.399022 315.123761 0.659087 0.659087 0.659087
v -53.116461 -85.729415 311.993028 0.659087 0.659087 0.659087
v -45.851749 -110.940281 320.086577 0.824348 0.824348 0.824348
v -45.168545 -111.145352 318.143363 0.824348 0.824348 0.824348
v -62.023483 -59.318692 305.842693 0.493826 0.493826 0.493826
v -61.623503 -60.852550 310.160945 0.493826 0.493826 0.493826
v -87.132296 -50.448138 311.993028 0.659087 0.659087 0.659087
v -86.842310 -51.560184 315.123761 0.659087 0.659087 0.659087
v -112.241109 -41.577583 318.143363 0.824348 0.824348 0.824348
v -112.061118 -42.267819 320.086577 0.824348 0.824348 0.824348
v -67.996095 -65.088898 308.621141 0.527478 0.527478 0.527478
v -66.291621 -65.341420 304.356050 0.527478 0.527478 0.527478
v -59.539546 -90.340133 312.813537 0.685261 0.685261 0.685261
v -58.303802 -90.523211 309.721346 0.685261 0.685261 0.685261
v -51.082996 -115.591368 317.005933 0.843043 0.843043 0.843043
v -50.315983 -115.705002 315.086642 0.843043 0.843043 0.843043
v -67.238919 -64.358880 304.356050 0.527478 0.527478 0.527478
v -67.048797 -66.071438 308.621141 0.527478 0.527478 0.527478
v -92.112286 -55.456998 309.721346 0.685261 0.685261 0.685261
v -91.974447 -56.698602 312.813537 0.685261 0.685261 0.685261
v -116.985652 -46.555116 315.086642 0.843043 0.843043 0.843043
v -116.900097 -47.325766 317.005933 0.843043 0.843043 0.843043
v -73.553626 -70.461070 306.535576 0.561130 0.561130 0.561130
v -71.683553 -70.525983 302.333361 0.561130 0.561130 0.561130
v -65.059359 -95.197901 310.005449 0.711435 0.711435 0.711435
v -63.703556 -95.244963 306.958843 0.711435 0.711435 0.711435
v -56.565092 -119.934732 313.475323 0.861739 0.861739 0.861739
v -55.723559 -119.963943 311.584326 0.861739 0.861739 0.861739
v -72.616886 -69.557928 302.333361 0.561130 0.561130 0.561130
v -72.620292 -71.429125 306.535576 0.561130 0.561130 0.561130
v -97.028035 -60.680760 306.958843 0.711435 0.711435 0.711435
v -97.030505 -62.037378 310.005449 0.711435 0.711435 0.711435
v -121.439185 -51.803593 311.584326 0.861739 0.861739 0.861739
v -121.440718 -52.645631 313.475323 0.861739 0.861739 0.861739
v -79.256048 -75.974354 303.905915 0.594783 0.594783 0.594783
v -77.239326 -75.867093 299.772959 0.594783 0.594783 0.594783
v -70.787036 -99.987603 306.711279 0.737609 0.737609 0.737609
v -69.324913 -99.909839 303.714886 0.737609 0.737609 0.737609
v -62.318025 -124.000852 309.516643 0.880435 0.880435 0.880435
v -61.410500 -123.952584 307.656813 0.880435 0.880435 0.880435
v -78.157276 -74.914993 299.772959 0.594783 0.594783 0.594783
v -78.338097 -76.926454 303.905915 0.594783 0.594783 0.594783
v -101.895037 -66.128055 303.714886 0.737609 0.737609 0.737609
v -102.026132 -67.586364 306.711279 0.737609 0.737609 0.737609
v -125.632797 -57.341116 307.656813 0.880435 0.880435 0.880435
v -125.714166 -58.246274 309.516643 0.880435 0.880435 0.880435
v -85.104297 -81.629064 300.733489 0.628435 0.628435 0.628435
v -82.958003 -81.364436 296.673514 0.628435 0.628435 0.628435
v -76.730301 -104.727110 302.938228 0.763783 0.763783 0.763783
v -75.174238 -104.535255 299.994747 0.763783 0.763783 0.763783
v -68.356305 -127.825156 305.142968 0.899130 0.899130 0.899130
v -67.390472 -127.706074 303.315979 0.899130 0.899130 0.899130
v -83.859744 -80.429149 296.673514 0.628435 0.628435 0.628435
v -84.202556 -82.564351 300.733489 0.628435 0.628435 0.628435
v -106.730928 -71.804605 299.994747 0.763783 0.763783 0.763783
v -106.979467 -73.352627 302.938228 0.763783 0.763783 0.763783
v -129.602113 -63.180062 303.315979 0.899130 0.899130 0.899130
v -129.756379 -64.140903 305.142968 0.899130 0.899130 0.899130
v -91.099320 -87.425654 297.019322 0.662087 0.662087 0.662087
v -88.838639 -87.017558 293.034002 0.662087 0.662087 0.662087
v -82.893958 -109.436148 298.689905 0.789957 0.789957 0.789957
v -81.254963 -109.140278 295.800548 0.789957 0.789957 0.789957
v -74.688595 -131.446641 300.360489 0.917826 0.917826 0.917826
v -73.671288 -131.262998 298.567095 0.917826 0.917826 0.917826
v -89.723798 -86.099468 293.034002 0.662087 0.662087 0.662087
v -90.214161 -88.343743 297.019322 0.662087 0.662087 0.662087
v -111.554889 -77.713147 295.800548 0.789957 0.789957 0.789957
v -111.910401 -79.340247 298.689905 0.789957 0.789957 0.789957
v -133.385979 -69.326826 298.567095 0.917826 0.917826 0.917826
v -133.606642 -70.336750 300.360489 0.917826 0.917826 0.917826
v -97.242020 -93.364656 292.764180 0.695739 0.695739 0.695739
v -94.880330 -92.825927 288.853656 0.695739 0.695739 0.695739
v -89.279928 -114.135787 293.967211 0.816130 0.816130 0.816130
v -87.567703 -113.745208 291.132081 0.816130 0.816130 0.816130
v -81.317836 -134.906918 295.170242 0.936522 0.936522 0.936522
v -80.255075 -134.664490 293.410506 0.936522 0.936522 0.936522
v -95.748878 -91.925068 288.853656 0.695739 0.695739 0.695739
v -96.373473 -94.265514 292.764180 0.695739 0.695739 0.695739
v -116.387227 -83.853552 291.132081 0.816130 0.816130 0.816130
v -116.840059 -85.550375 293.967211 0.816130 0.816130 0.816130
v -137.025577 -75.782035 293.410506 0.936522 0.936522 0.936522
v -137.306645 -76.835236 295.170242 0.936522 0.936522 0.936522
v -103.533227 -99.446624 287.968616 0.729391 0.729391 0.729391
v -101.082247 -98.788988 284.131924 0.729391 0.729391 0.729391
v -95.887447 -118.848083 288.769062 0.842304 0.842304 0.842304
v -94.110486 -118.371297 285.987460 0.842304 0.842304 0.842304
v -88.241667 -138.249543 289.569509 0.955217 0.955217 0.955217
v -87.138725 -137.953607 287.842997 0.955217 0.955217 0.955217
v -101.934396 -97.905138 284.131924 0.729391 0.729391 0.729391
v -102.681078 -100.330474 287.968616 0.729391 0.729391 0.729391
v -121.249110 -90.223074 285.987460 0.842304 0.842304 0.842304
v -121.790455 -91.981443 288.769062 0.842304 0.842304 0.842304
v -140.563824 -82.541010 287.842997 0.955217 0.955217 0.955217
v -140.899831 -83.632412 289.569509 0.955217 0.955217 0.955217
v -109.973690 -105.672108 282.633018 0.763043 0.763043 0.763043
v -107.443640 -104.906193 278.868417 0.763043 0.763043 0.763043
v -102.713344 -123.595820 283.092963 0.868478 0.868478 0.868478
v -100.879057 -123.040532 280.363627 0.868478 0.868478 0.868478
v -95.452997 -141.519532 283.552908 0.973913 0.973913 0.973913
v -94.314474 -141.174871 281.858837 0.973913 0.973913 0.973913
v -108.279777 -104.038950 278.868417 0.763043 0.763043 0.763043
v -109.137553 -106.539350 282.633018 0.763043 0.763043 0.763043
v -126.162352 -96.816658 280.363627 0.868478 0.868478 0.868478
v -126.784240 -98.629448 283.092963 0.868478 0.868478 0.868478
v -144.044927 -89.594366 281.858837 0.973913 0.973913 0.973913
v -144.430926 -90.719546 283.552908 0.973913 0.973913 0.973913
v -116.564070 -112.041629 276.757644 0.796696 0.796696 0.796696
v -113.963848 -111.177018 273.062878 0.796696 0.796696 0.796696
v -109.752354 -128.402292 276.935427 0.894652 0.894652 0.894652
v -107.867194 -127.775449 274.256722 0.894652 0.894652 0.894652
v -102.940639 -144.762954 277.113209 0.992609 0.992609 0.992609
v -101.770539 -144.373879 275.450565 0.992609 0.992609 0.992609
v -114.784475 -110.325863 273.062878 0.796696 0.796696 0.796696
v -115.743443 -112.892784 276.757644 0.796696 0.796696 0.796696
v -131.149250 -103.627264 274.256722 0.894652 0.894652 0.894652
v -131.844502 -105.488281 276.935427 0.894652 0.894652 0.894652
v -147.514024 -96.928664 275.450565 0.992609 0.992609 0.992609
v -147.945560 -98.083778 277.113209 0.992609 0.992609 0.992609
v -123.304944 -118.555674 270.342658 0.830348 0.830348 0.830348
v -120.642294 -117.600980 266.715144 0.830348 0.830348 0.830348
v -116.997447 -133.291114 270.292296 0.915174 0.915174 0.915174
v -115.067026 -132.598961 267.662349 0.915174 0.915174 0.915174
v -110.689951 -148.026554 270.241935 1.000000 1.000000 1.000000
v -109.491758 -147.596941 268.609554 1.000000 1.000000 1.000000
v -121.447984 -116.765317 266.715144 0.830348 0.830348 0.830348
v -122.499255 -119.391336 270.342658 0.830348 0.830348 0.830348
v -136.232412 -110.646189 267.662349 0.915174 0.915174 0.915174
v -136.994584 -112.550053 270.292296 0.915174 0.915174 0.915174
v -151.016840 -104.527061 268.609554 1.000000 1.000000 1.000000
v -151.489912 -105.708769 270.241935 1.000000 1.000000 1.000000
v -130.196816 -125.214686 263.388149 0.864000 0.864000 0.864000
v -127.478475 -124.177633 259.825124 0.864000 0.864000 0.864000
v -124.440139 -138.286032 263.158969 0.932000 0.932000 0.932000
v -122.469342 -137.534169 260.575776 0.932000 0.932000 0.932000
v -118.683462 -151.357378 262.929789 1.000000 1.000000 1.000000
v -117.460209 -150.890704 261.326428 1.000000 1.000000 1.000000
v -128.269841 -123.356827 259.825124 0.864000 0.864000 0.864000
v -129.405450 -126.035492 263.388149 0.864000 0.864000 0.864000
v -141.434588 -117.863385 260.575776 0.932000 0.932000 0.932000
v -142.257905 -119.805418 263.158969 0.932000 0.932000 0.932000
v -154.599335 -112.369944 261.326428 1.000000 1.000000 1.000000
v -155.110359 -113.575343 262.929789 1.000000 1.000000 1.000000
v -3.494157 -0.992696 268.000000 0.000000 0.000000 0.000000
v -2.963117 -2.448227 266.438134 0.000000 0.000000 0.000000
v -0.972297 -3.384515 266.438134 0.000000 0.000000 0.000000
v 0.487484 -2.865270 268.000000 0.000000 0.000000 0.000000
v -0.043555 -1.409739 269.561866 0.000000 0.000000 0.000000
v -2.034376 -0.473451 269.561866 0.000000 0.000000 0.000000
v -10.750652 -16.939064 280.238540 0.135714 0.135714 0.135714
v -10.272717 -18.249042 278.832860 0.135714 0.135714 0.135714
v -8.480978 -19.091701 278.832860 0.135714 0.135714 0.135714
v -7.167175 -18.624381 280.238540 0.135714 0.135714 0.135714
v -7.645111 -17.314402 281.644219 0.135714 0.135714 0.135714
v -9.436849 -16.471744 281.644219 0.135714 0.135714 0.135714
v -10.750652 -16.939064 280.238540 0.128571 0.128571 0.128571
v -9.999737 -17.668609 278.557977 0.128571 0.128571 0.128571
v -8.207999 -18.511267 278.557977 0.128571 0.128571 0.128571
v -7.167175 -18.624381 280.238540 0.128571 0.128571 0.128571
v -7.918090 -17.894836 281.919102 0.128571 0.128571 0.128571
v -9.709828 -17.052177 281.919102 0.128571 0.128571 0.128571
v -19.104980 -35.219745 284.311812 0.271429 0.271429 0.271429
v -18.437500 -35.868229 282.817978 0.271429 0.271429 0.271429
v -16.844844 -36.617259 282.817978 0.271429 0.271429 0.271429
v -15.919667 -36.717804 284.311812 0.271429 0.271429 0.271429
v -16.587147 -36.069320 285.805645 0.271429 0.271429 0.271429
v -18.179803 -35.320290 285.805645 0.271429 0.271429 0.271429
v -19.104980 -35.219745 284.311812 0.257143 0.257143 0.257143
v -18.193463 -35.349335 282.811831 0.257143 0.257143 0.257143
v -16.600807 -36.098364 282.811831 0.257143 0.257143 0.257143
v -15.919667 -36.717804 284.311812 0.257143 0.257143 0.257143
v -16.831184 -36.588215 285.811793 0.257143 0.257143 0.257143
v -18.423841 -35.839185 285.811793 0.257143 0.257143 0.257143
v -28.557140 -55.834739 280.219816 0.407143 0.407143 0.407143
v -27.759563 -55.948130 278.907333 0.407143 0.407143 0.407143
v -26.365989 -56.603531 278.907333 0.407143 0.407143 0.407143
v -25.769992 -57.145541 280.219816 0.407143 0.407143 0.407143
v -26.567569 -57.032150 281.532300 0.407143 0.407143 0.407143
v -27.961143 -56.376749 281.532300 0.407143 0.407143 0.407143
v -28.557140 -55.834739 280.219816 0.385714 0.385714 0.385714
v -27.612541 -55.635518 279.019965 0.385714 0.385714 0.385714
v -26.218967 -56.290919 279.019965 0.385714 0.385714 0.385714
v -25.769992 -57.145541 280.219816 0.385714 0.385714 0.385714
v -26.714591 -57.344762 281.419667 0.385714 0.385714 0.385714
v -28.108165 -56.689361 281.419667 0.385714 0.385714 0.385714
v -39.107133 -78.784046 267.962553 0.542857 0.542857 0.542857
v -38.297477 -78.613286 266.934109 0.542857 0.542857 0.542857
v -37.102984 -79.175058 266.934109 0.542857 0.542857 0.542857
v -36.718149 -79.907591 267.962553 0.542857 0.542857 0.542857
v -37.527805 -80.078352 268.990997 0.542857 0.542857 0.542857
v -38.722297 -79.516579 268.990997 0.542857 0.542857 0.542857
v -39.107133 -78.784046 267.962553 0.514286 0.514286 0.514286
v -38.222102 -78.453016 267.040849 0.514286 0.514286 0.514286
v -37.027609 -79.014789 267.040849 0.514286 0.514286 0.514286
v -36.718149 -79.907591 267.962553 0.514286 0.514286 0.514286
v -37.603180 -80.238621 268.884257 0.514286 0.514286 0.514286
v -38.797672 -79.676849 268.884257 0.514286 0.514286 0.514286
v -50.754958 -104.067667 247.540023 0.678571 0.678571 0.678571
v -50.017432 -103.791808 246.771936 0.678571 0.678571 0.678571
v -49.022022 -104.259952 246.771936 0.678571 0.678571 0.678571
v -48.764138 -105.003954 247.540023 0.678571 0.678571 0.678571
v -49.501664 -105.279812 248.308109 0.678571 0.678571 0.678571
v -50.497074 -104.811669 248.308109 0.678571 0.678571 0.678571
v -50.754958 -104.067667 247.540023 0.642857 0.642857 0.642857
v -49.979592 -103.711350 246.845871 0.642857 0.642857 0.642857
v -48.984182 -104.179494 246.845871 0.642857 0.642857 0.642857
v -48.764138 -105.003954 247.540023 0.642857 0.642857 0.642857
v -49.539504 -105.360270 248.234174 0.642857 0.642857 0.642857
v -50.534914 -104.892127 248.234174 0.642857 0.642857 0.642857
v -63.500616 -131.685600 218.952225 0.814286 0.814286 0.814286
v -62.880323 -131.400547 218.396903 0.814286 0.814286 0.814286
v -62.083995 -131.775062 218.396903 0.814286 0.814286 0.814286
v -61.907960 -132.434630 218.952225 0.814286 0.814286 0.814286
v -62.528252 -132.719683 219.507546 0.814286 0.814286 0.814286
v -63.324581 -132.345168 219.507546 0.814286 0.814286 0.814286
v -63.500616 -131.685600 218.952225 0.771429 0.771429 0.771429
v -62.861105 -131.359684 218.443103 0.771429 0.771429 0.771429
v -62.064777 -131.734199 218.443103 0.771429 0.771429 0.771429
v -61.907960 -132.434630 218.952225 0.771429 0.771429 0.771429
v -62.547470 -132.760546 219.461346 0.771429 0.771429 0.771429
v -63.343799 -132.386031 219.461346 0.771429 0.771429 0.771429
v -77.344106 -161.637847 182.199159 0.950000 0.950000 0.950000
v -76.864473 -161.393410 181.817318 0.950000 0.950000 0.950000
v -76.267227 -161.674296 181.817318 0.950000 0.950000 0.950000
v -76.149614 -162.199619 182.199159 0.950000 0.950000 0.950000
v -76.629247 -162.444056 182.581000 0.950000 0.950000 0.950000
v -77.226493 -162.163170 182.581000 0.950000 0.950000 0.950000
v -6.697968 -11.526378 279.349986 0.090000 0.090000 0.090000
v -6.515968 -14.035218 275.498675 0.090000 0.090000 0.090000
v 3.314034 -23.228447 286.690682 0.345000 0.345000 0.345000
v 3.445984 -25.047357 283.898481 0.345000 0.345000 0.345000
v 13.326037 -34.930517 294.031377 0.600000 0.600000 0.600000
v 13.407936 -36.059495 292.298287 0.600000 0.600000 0.600000
v -7.631207 -13.510718 275.498675 0.090000 0.090000 0.090000
v -5.582729 -12.050877 279.349986 0.090000 0.090000 0.090000
v -22.466474 -12.860672 283.898481 0.345000 0.345000 0.345000
v -20.981327 -11.802287 286.690682 0.345000 0.345000 0.345000
v -37.301741 -12.210625 292.298287 0.600000 0.600000 0.600000
v -36.379925 -11.553696 294.031377 0.600000 0.600000 0.600000
v -8.864600 -16.059630 281.944106 0.123652 0.123652 0.123652
v -8.442317 -18.204840 277.896916 0.123652 0.123652 0.123652
v 2.105193 -29.274722 289.374446 0.371174 0.371174 0.371174
v 2.411349 -30.829999 286.440233 0.371174 0.371174 0.371174
v 13.074987 -42.489814 296.804786 0.618696 0.618696 0.618696
v 13.265014 -43.455159 294.983550 0.618696 0.618696 0.618696
v -9.614278 -17.653664 277.896916 0.123652 0.123652 0.123652
v -7.692639 -16.610806 281.944106 0.123652 0.123652 0.123652
v -26.260651 -17.345496 286.440233 0.371174 0.371174 0.371174
v -24.867463 -16.589424 289.374446 0.371174 0.371174 0.371174
v -42.907024 -17.037328 294.983550 0.618696 0.618696 0.618696
v -42.042286 -16.568042 296.804786 0.618696 0.618696 0.618696
v -11.105944 -20.767415 283.958000 0.157304 0.157304 0.157304
v -10.444373 -22.519765 279.756620 0.157304 0.157304 0.157304
v 0.807378 -35.459260 291.269232 0.397348 0.397348 0.397348
v 1.287017 -36.729714 288.223231 0.397348 0.397348 0.397348
v 12.720700 -50.151106 298.580463 0.637391 0.637391 0.637391
v 13.018406 -50.939663 296.689842 0.637391 0.637391 0.637391
v -11.660983 -21.947591 279.756620 0.157304 0.157304 0.157304
v -9.889334 -21.339589 283.958000 0.157304 0.157304 0.157304
v -30.087796 -21.974072 288.223231 0.397348 0.397348 0.397348
v -28.803351 -21.533271 291.269232 0.397348 0.397348 0.397348
v -48.514610 -22.000553 296.689842 0.637391 0.637391 0.637391
v -47.717368 -21.726953 298.580463 0.637391 0.637391 0.637391
v -13.418038 -25.643422 285.388859 0.190957 0.190957 0.190957
v -12.526098 -26.986303 281.080598 0.190957 0.190957 0.190957
v -0.575269 -41.723536 292.384529 0.423522 0.423522 0.423522
v 0.071388 -42.697125 289.261040 0.423522 0.423522 0.423522
v 12.267500 -57.803650 299.380199 0.656087 0.656087 0.656087
v 12.668873 -58.407947 297.441482 0.656087 0.656087 0.656087
v -13.773658 -26.399573 281.080598 0.190957 0.190957 0.190957
v -12.170478 -26.230152 285.388859 0.190957 0.190957 0.190957
v -33.908859 -26.716142 289.261040 0.423522 0.423522 0.423522
v -32.746554 -26.593311 292.384529 0.423522 0.423522 0.423522
v -54.044061 -27.032710 297.441482 0.656087 0.656087 0.656087
v -53.322630 -26.956471 299.380199 0.656087 0.656087 0.656087
v -15.797426 -30.680671 286.236191 0.224609 0.224609 0.224609
v -14.690948 -31.611434 281.869340 0.224609 0.224609 0.224609
v -2.044190 -48.012262 292.748843 0.449696 0.449696 0.449696
v -1.241993 -48.687066 289.582877 0.449696 0.449696 0.449696
v 11.709046 -65.343854 299.261496 0.674783 0.674783 0.674783
v 12.206961 -65.762698 297.296413 0.674783 0.674783 0.674783
v -15.955474 -31.016725 281.869340 0.224609 0.224609 0.224609
v -14.532900 -31.275380 286.236191 0.224609 0.224609 0.224609
v -37.684934 -31.547873 289.582877 0.449696 0.449696 0.449696
v -36.653569 -31.735397 292.748843 0.449696 0.449696 0.449696
v -59.414395 -32.079020 297.296413 0.674783 0.674783 0.674783
v -58.774237 -32.195415 299.261496 0.674783 0.674783 0.674783
v -18.241640 -35.872625 286.501709 0.258261 0.258261 0.258261
v -16.941391 -36.401696 282.121134 0.258261 0.258261 0.258261
v -3.608265 -54.280559 292.404277 0.475870 0.475870 0.475870
v -2.665584 -54.664136 289.228360 0.475870 0.475870 0.475870
v 11.025111 -72.688494 298.306844 0.693478 0.693478 0.693478
v 11.610223 -72.926576 296.335586 0.693478 0.693478 0.693478
v -18.209891 -35.805118 282.121134 0.258261 0.258261 0.258261
v -16.973140 -36.469203 286.501709 0.258261 0.258261 0.258261
v -41.380808 -36.456283 289.228360 0.475870 0.475870 0.475870
v -40.484163 -36.937745 292.404277 0.475870 0.475870 0.475870
v -64.551724 -37.107448 296.335586 0.693478 0.693478 0.693478
v -63.995186 -37.406287 298.306844 0.693478 0.693478 0.693478
v -20.749390 -41.214057 286.188720 0.291913 0.291913 0.291913
v -19.278718 -41.362315 281.832673 0.291913 0.291913 0.291913
v -5.283377 -60.498034 291.398704 0.502043 0.502043 0.502043
v -4.217140 -60.605520 288.240571 0.502043 0.502043 0.502043
v 10.182636 -79.782010 296.608689 0.712174 0.712174 0.712174
v 10.844438 -79.848726 294.648468 0.712174 0.712174 0.712174
v -20.540115 -40.769077 281.832673 0.291913 0.291913 0.291913
v -19.487993 -41.807295 286.188720 0.291913 0.291913 0.291913
v -44.967585 -41.440498 288.240571 0.502043 0.502043 0.502043
v -44.204797 -42.193206 291.398704 0.502043 0.502043 0.502043
v -69.395055 -42.111919 294.648468 0.712174 0.712174 0.712174
v -68.921600 -42.579118 296.608689 0.712174 0.712174 0.712174
v -23.320473 -46.701462 285.301307 0.325565 0.325565 0.325565
v -21.703132 -46.496796 280.999874 0.325565 0.325565 0.325565
v -7.090172 -66.649090 289.778377 0.528217 0.528217 0.528217
v -5.917600 -66.500706 286.659839 0.528217 0.528217 0.528217
v 9.140129 -86.596717 294.255447 0.730870 0.730870 0.730870
v 9.867932 -86.504617 292.319803 0.730870 0.730870 0.730870
v -22.948714 -45.910996 280.999874 0.325565 0.325565 0.325565
v -22.074890 -47.287263 285.301307 0.325565 0.325565 0.325565
v -48.423815 -46.509942 286.659839 0.528217 0.528217 0.528217
v -47.790292 -47.507736 289.778377 0.528217 0.528217 0.528217
v -73.898915 -47.108888 292.319803 0.730870 0.730870 0.730870
v -73.505694 -47.728209 294.255447 0.730870 0.730870 0.730870
v -25.955492 -52.333022 283.843600 0.359217 0.359217 0.359217
v -24.214028 -51.806958 279.618607 0.359217 0.359217 0.359217
v -9.051076 -72.730458 287.582915 0.554391 0.554391 0.554391
v -7.788515 -72.349062 284.519795 0.554391 0.554391 0.554391
v 7.853339 -93.127895 291.322229 0.749565 0.749565 0.749565
v 8.636997 -92.891166 289.420983 0.749565 0.749565 0.749565
v -25.437476 -51.231568 279.618607 0.359217 0.359217 0.359217
v -24.732044 -52.908412 283.843600 0.359217 0.359217 0.359217
v -51.735264 -51.680812 284.519795 0.554391 0.554391 0.554391
v -51.223826 -52.896523 287.582915 0.554391 0.554391 0.554391
v -78.033053 -52.130055 289.420983 0.749565 0.749565 0.749565
v -77.715608 -52.884635 291.322229 0.749565 0.749565 0.749565
v -28.655543 -58.108290 281.819288 0.392870 0.392870 0.392870
v -26.810311 -57.293247 277.685183 0.392870 0.392870 0.392870
v -11.187617 -78.747595 284.843145 0.580565 0.580565 0.580565
v -9.849825 -78.156689 281.845919 0.580565 0.580565 0.580565
v 6.280308 -99.386901 287.867002 0.768261 0.768261 0.768261
v 7.110662 -99.020131 286.006655 0.768261 0.768261 0.768261
v -28.007440 -56.730235 277.685183 0.392870 0.392870 0.392870
v -27.458414 -58.671302 281.819288 0.392870 0.392870 0.392870
v -54.893918 -56.972355 281.845919 0.580565 0.580565 0.580565
v -54.495874 -58.379629 284.843145 0.580565 0.580565 0.580565
v -81.780397 -57.214475 286.006655 0.768261 0.768261 0.768261
v -81.533335 -58.087955 287.867002 0.768261 0.768261 0.768261
v -31.421937 -64.027784 279.231390 0.426522 0.426522 0.426522
v -29.490671 -62.955145 275.196584 0.426522 0.426522 0.426522
v -13.518527 -84.711283 281.581140 0.606739 0.606739 0.606739
v -12.118360 -83.933620 278.655906 0.606739 0.606739 0.606739
v 4.384883 -105.394782 283.930890 0.786957 0.786957 0.786957
v 5.253952 -104.912094 282.115228 0.786957 0.786957 0.786957
v -30.659046 -62.405656 275.196584 0.426522 0.426522 0.426522
v -30.253562 -64.577274 279.231390 0.426522 0.426522 0.426522
v -57.896770 -62.403935 278.655906 0.606739 0.606739 0.606739
v -57.602794 -63.978357 281.581140 0.606739 0.606739 0.606739
v -85.134494 -62.402213 282.115228 0.786957 0.786957 0.786957
v -84.952026 -63.379441 283.930890 0.786957 0.786957 0.786957
v -34.256005 -70.092603 276.082212 0.460174 0.460174 0.460174
v -32.253775 -68.791553 272.150502 0.460174 0.460174 0.460174
v -16.058703 -90.635084 277.811457 0.632913 0.632913 0.632913
v -14.607087 -89.691823 274.960967 0.632913 0.632913 0.632913
v 2.138599 -111.177565 279.540702 0.805652 0.805652 0.805652
v 3.039602 -110.592093 277.771432 0.805652 0.805652 0.805652
v -33.392296 -68.256105 272.150502 0.460174 0.460174 0.460174
v -33.117485 -70.628052 276.082212 0.460174 0.460174 0.460174
v -60.744769 -67.993172 274.960967 0.632913 0.632913 0.632913
v -60.545531 -69.712833 277.811457 0.632913 0.632913 0.632913
v -88.097242 -67.730239 277.771432 0.805652 0.805652 0.805652
v -87.973576 -68.797615 279.540702 0.805652 0.805652 0.805652
v -37.158990 -76.304129 272.373424 0.493826 0.493826 0.493826
v -35.098383 -74.801091 268.545268 0.493826 0.493826 0.493826
v -18.818827 -96.533733 273.542783 0.659087 0.659087 0.659087
v -17.324887 -95.444030 270.767370 0.659087 0.659087 0.659087
v -0.478664 -116.763337 274.712142 0.824348 0.824348 0.824348
v 0.448609 -116.086970 272.989472 0.824348 0.824348 0.824348
v -36.206917 -74.279745 268.545268 0.493826 0.493826 0.493826
v -36.050456 -76.825475 272.373424 0.493826 0.493826 0.493826
v -63.442056 -73.755026 270.767370 0.659087 0.659087 0.659087
v -63.328621 -75.600680 273.542783 0.659087 0.659087 0.659087
v -90.677195 -73.230308 272.989472 0.824348 0.824348 0.824348
v -90.606787 -74.375886 274.712142 0.824348 0.824348 0.824348
v -40.131983 -82.663826 268.106171 0.527478 0.527478 0.527478
v -38.023401 -80.982292 264.379736 0.527478 0.527478 0.527478
v -21.805388 -102.422287 268.779501 0.685261 0.685261 0.685261
v -20.276666 -101.203175 266.077835 0.685261 0.685261 0.685261
v -3.478793 -122.180749 269.452830 0.843043 0.843043 0.843043
v -2.529931 -121.424059 267.775934 0.843043 0.843043 0.843043
v -39.102480 -80.474799 264.379736 0.527478 0.527478 0.527478
v -39.052905 -83.171319 268.106171 0.527478 0.527478 0.527478
v -65.995467 -79.701525 266.077835 0.685261 0.685261 0.685261
v -65.959525 -81.656502 268.779501 0.685261 0.685261 0.685261
v -92.888454 -78.928250 267.775934 0.843043 0.843043 0.843043
v -92.866146 -80.141684 269.452830 0.843043 0.843043 0.843043
v -43.175920 -89.173118 263.281199 0.561130 0.561130 0.561130
v -41.027895 -87.333733 259.653162 0.561130 0.561130 0.561130
v -25.020934 -108.315778 263.522965 0.711435 0.711435 0.711435
v -23.463616 -106.982225 260.892638 0.711435 0.711435 0.711435
v -6.865948 -127.458439 263.764731 0.861739 0.861739 0.861739
v -5.899337 -126.630716 262.132114 0.861739 0.861739 0.861739
v -42.078480 -86.839641 259.653162 0.561130 0.561130 0.561130
v -42.125335 -89.667210 263.281199 0.561130 0.561130 0.561130
v -68.414227 -85.841856 260.892638 0.711435 0.711435 0.711435
v -68.448196 -87.891843 263.522965 0.711435 0.711435 0.711435
v -94.749973 -84.844070 262.132114 0.861739 0.861739 0.861739
v -94.771058 -86.116477 263.764731 0.861739 0.861739 0.861739
v -46.291576 -95.833322 257.898955 0.594783 0.594783 0.594783
v -44.111089 -93.854099 254.365097 0.594783 0.594783 0.594783
v -28.464401 -114.229141 257.772462 0.737609 0.737609 0.737609
v -26.883548 -112.794204 255.210415 0.737609 0.737609 0.737609
v -10.637226 -132.624960 257.645968 0.880435 0.880435 0.880435
v -9.656007 -131.734310 256.055732 0.880435 0.880435 0.880435
v -45.134402 -93.372832 254.365097 0.594783 0.594783 0.594783
v -45.268263 -96.314588 257.898955 0.594783 0.594783 0.594783
v -70.709766 -92.182640 255.210415 0.737609 0.737609 0.737609
v -70.806815 -94.315412 257.772462 0.737609 0.737609 0.737609
v -96.285130 -90.992447 256.055732 0.880435 0.880435 0.880435
v -96.345367 -92.316237 257.645968 0.880435 0.880435 0.880435
v -49.479591 -102.645616 251.959679 0.628435 0.628435 0.628435
v -47.272343 -100.542208 248.515303 0.628435 0.628435 0.628435
v -32.131475 -120.177277 251.525890 0.763783 0.763783 0.763783
v -30.531220 -118.652306 249.028717 0.763783 0.763783 0.763783
v -14.783359 -137.708937 251.092101 0.899130 0.899130 0.899130
v -13.790097 -136.762404 249.542131 0.899130 0.899130 0.899130
v -48.269745 -100.073128 248.515303 0.628435 0.628435 0.628435
v -48.482190 -103.114696 251.959679 0.628435 0.628435 0.628435
v -72.895588 -98.728253 249.028717 0.763783 0.763783 0.763783
v -73.049610 -100.933390 251.525890 0.763783 0.763783 0.763783
v -97.521431 -97.383377 249.542131 0.899130 0.899130 0.899130
v -97.617031 -98.752083 251.092101 0.899130 0.899130 0.899130
v -52.740487 -109.611038 245.463466 0.662087 0.662087 0.662087
v -50.511136 -107.397025 242.103684 0.662087 0.662087 0.662087
v -36.014943 -126.175157 244.780221 0.789957 0.789957 0.789957
v -34.398663 -124.569998 242.344379 0.789957 0.789957 0.789957
v -19.289400 -142.739275 244.096976 0.917826 0.917826 0.917826
v -18.286191 -141.742970 242.585074 0.917826 0.917826 0.917826
v -51.484041 -106.939466 242.103684 0.662087 0.662087 0.662087
v -51.767582 -110.068598 245.463466 0.662087 0.662087 0.662087
v -74.987148 -105.481146 242.344379 0.789957 0.789957 0.789957
v -75.192715 -107.749767 244.780221 0.789957 0.789957 0.789957
v -98.490254 -104.022826 242.585074 0.917826 0.917826 0.917826
v -98.617848 -105.430935 244.096976 0.917826 0.917826 0.917826
v -56.074686 -116.730488 238.410315 0.695739 0.695739 0.695739
v -53.827044 -114.417651 235.130241 0.695739 0.695739 0.695739
v -40.105025 -132.237912 237.531809 0.816130 0.816130 0.816130
v -38.475484 -130.561105 235.153755 0.816130 0.816130 0.816130
v -24.135363 -147.745337 236.653304 0.936522 0.936522 0.936522
v -23.123924 -146.704560 235.177270 0.936522 0.936522 0.936522
v -54.776868 -113.970946 235.130241 0.695739 0.695739 0.695739
v -55.124862 -117.177192 238.410315 0.695739 0.695739 0.695739
v -77.001724 -112.442131 235.153755 0.816130 0.816130 0.816130
v -77.254020 -114.766660 237.531809 0.816130 0.816130 0.816130
v -99.226581 -110.913316 235.177270 0.936522 0.936522 0.936522
v -99.383178 -112.356127 236.653304 0.936522 0.936522 0.936522
v -59.482531 -124.004740 230.800163 0.729391 0.729391 0.729391
v -57.219726 -121.603309 227.595036 0.729391 0.729391 0.729391
v -44.389688 -138.380890 229.776593 0.842304 0.842304 0.842304
v -42.749155 -136.639853 227.452876 0.842304 0.842304 0.842304
v -29.296846 -152.757041 228.753024 0.955217 0.955217 0.955217
v -28.278583 -151.676397 227.310716 0.955217 0.955217 0.955217
v -58.147847 -121.166811 227.595036 0.729391 0.729391 0.729391
v -58.554410 -124.441237 230.800163 0.729391 0.729391 0.729391
v -78.958263 -119.610631 227.452876 0.842304 0.842304 0.842304
v -79.253021 -121.984590 229.776593 0.842304 0.842304 0.842304
v -99.768678 -118.054451 227.310716 0.955217 0.955217 0.955217
v -99.951631 -119.527943 228.753024 0.955217 0.955217 0.955217
v -62.964299 -131.434458 222.632911 0.763043 0.763043 0.763043
v -60.688904 -128.953336 219.498169 0.763043 0.763043 0.763043
v -48.854959 -144.619669 221.510231 0.868478 0.868478 0.868478
v -47.205298 -142.820855 219.237543 0.868478 0.868478 0.868478
v -34.745620 -157.804879 220.387551 0.973913 0.973913 0.973913
v -33.721692 -156.688374 218.976917 0.973913 0.973913 0.973913
v -61.596644 -128.526424 219.498169 0.763043 0.763043 0.763043
v -62.056559 -131.861370 222.632911 0.763043 0.763043 0.763043
v -80.877188 -126.984892 219.237543 0.868478 0.868478 0.868478
v -81.210627 -129.402728 221.510231 0.868478 0.868478 0.868478
v -100.157733 -125.443361 218.976917 0.973913 0.973913 0.973913
v -100.364695 -126.944087 220.387551 0.973913 0.973913 0.973913
v -66.520214 -139.020213 213.908438 0.796696 0.796696 0.796696
v -64.234354 -136.467162 210.839762 0.796696 0.796696 0.796696
v -53.485214 -150.970030 212.728189 0.894652 0.894652 0.894652
v -51.827966 -149.119069 210.503399 0.894652 0.894652 0.894652
v -40.450215 -162.919848 211.547940 0.992609 0.992609 0.992609
v -39.421578 -161.770975 210.167036 0.992609 0.992609 0.992609
v -65.122963 -136.049248 210.839762 0.796696 0.796696 0.796696
v -65.631605 -139.438127 213.908438 0.796696 0.796696 0.796696
v -82.780194 -134.562169 210.503399 0.894652 0.894652 0.894652
v -83.148960 -137.019107 212.728189 0.894652 0.894652 0.894652
v -100.437425 -133.075091 210.167036 0.992609 0.992609 0.992609
v -100.666314 -134.600087 211.547940 0.992609 0.992609 0.992609
v -70.150460 -146.762489 204.626614 0.830348 0.830348 0.830348
v -67.855893 -144.144302 201.619944 0.830348 0.830348 0.830348
v -58.263478 -157.447898 203.425809 0.915174 0.915174 0.915174
v -56.599917 -155.549712 201.245973 0.915174 0.915174 0.915174
v -46.376495 -168.133306 202.225004 1.000000 1.000000 1.000000
v -45.343940 -166.955123 200.872003 1.000000 1.000000 1.000000
v -68.726546 -143.734832 201.619944 0.830348 0.830348 0.830348
v -69.279807 -147.171959 204.626614 0.830348 0.830348 0.830348
v -84.689996 -142.338887 201.245973 0.915174 0.915174 0.915174
v -85.091110 -144.830804 203.425809 0.915174 0.915174 0.915174
v -100.653446 -140.942943 200.872003 1.000000 1.000000 1.000000
v -100.902413 -142.489650 202.225004 1.000000 1.000000 1.000000
v -73.855184 -154.661703 194.787304 0.864000 0.864000 0.864000
v -71.553373 -151.984339 191.838849 0.864000 0.864000 0.864000
v -63.171711 -164.069240 193.598355 0.932000 0.932000 0.932000
v -61.502898 -162.128151 191.460725 0.932000 0.932000 0.932000
v -52.488238 -173.476777 192.409406 1.000000 1.000000 1.000000
v -51.452423 -172.271963 191.082602 1.000000 1.000000 1.000000
v -72.407168 -151.582797 191.838849 0.864000 0.864000 0.864000
v -73.001389 -155.063245 194.787304 0.864000 0.864000 0.864000
v -86.630070 -150.310787 191.460725 0.932000 0.932000 0.932000
v -87.060881 -152.834112 193.598355 0.932000 0.932000 0.932000
v -100.852973 -149.038778 191.082602 1.000000 1.000000 1.000000
v -101.120372 -150.604979 192.409406 1.000000 1.000000 1.000000
v -1.503336 0.182535 268.617651 0.000000 0.000000 0.000000
v -3.408581 -0.871382 268.302528 0.000000 0.000000 0.000000
v -3.408581 -2.982900 267.684877 0.000000 0.000000 0.000000
v -1.503336 -4.040501 267.382349 0.000000 0.000000 0.000000
v 0.401908 -2.986584 267.697472 0.000000 0.000000 0.000000
v 0.401908 -0.875066 268.315123 0.000000 0.000000 0.000000
v -1.648609 -11.871478 309.042224 0.135714 0.135714 0.135714
v -3.363329 -12.820003 308.758613 0.135714 0.135714 0.135714
v -3.363329 -14.720369 308.202728 0.135714 0.135714 0.135714
v -1.648609 -15.672210 307.930453 0.135714 0.135714 0.135714
v 0.066111 -14.723685 308.214063 0.135714 0.135714 0.135714
v 0.066111 -12.823319 308.769949 0.135714 0.135714 0.135714
v -1.648609 -11.939503 309.236623 0.128571 0.128571 0.128571
v -3.363321 -12.852653 308.854105 0.128571 0.128571 0.128571
v -3.363321 -14.684994 308.103820 0.128571 0.128571 0.128571
v -1.648609 -15.604185 307.736053 0.128571 0.128571 0.128571
v 0.066103 -14.691035 308.118572 0.128571 0.128571 0.128571
v 0.066103 -12.858694 308.868857 0.128571 0.128571 0.128571
v -1.812508 -25.504387 341.784099 0.271429 0.271429 0.271429
v -3.336696 -26.316076 341.444082 0.271429 0.271429 0.271429
v -3.336696 -27.944823 340.777162 0.271429 0.271429 0.271429
v -1.812508 -28.761882 340.450258 0.271429 0.271429 0.271429
v -0.288320 -27.950193 340.790275 0.271429 0.271429 0.271429
v -0.288320 -26.321445 341.457195 0.271429 0.271429 0.271429
v -3.572375 -27.111547 341.117179 0.257143 0.257143 0.257143
v -2.708468 -28.428873 340.332376 0.257143 0.257143 0.257143
v -0.948601 -28.450461 340.332376 0.257143 0.257143 0.257143
v -0.052640 -27.154722 341.117179 0.257143 0.257143 0.257143
v -0.916547 -25.837396 341.901982 0.257143 0.257143 0.257143
v -2.676415 -25.815808 341.901982 0.257143 0.257143 0.257143
v -3.534917 -41.993965 365.892521 0.407143 0.407143 0.407143
v -2.778998 -43.146626 365.205818 0.407143 0.407143 0.407143
v -1.239114 -43.165515 365.205818 0.407143 0.407143 0.407143
v -0.455149 -42.031743 365.892521 0.407143 0.407143 0.407143
v -1.211067 -40.879083 366.579223 0.407143 0.407143 0.407143
v -2.750951 -40.860194 366.579223 0.407143 0.407143 0.407143
v -3.534917 -41.993965 365.892521 0.385714 0.385714 0.385714
v -2.776721 -42.961005 364.964311 0.385714 0.385714 0.385714
v -1.236837 -42.979894 364.964311 0.385714 0.385714 0.385714
v -0.455149 -42.031743 365.892521 0.385714 0.385714 0.385714
v -1.213344 -41.064703 366.820730 0.385714 0.385714 0.385714
v -2.753228 -41.045814 366.820730 0.385714 0.385714 0.385714
v -3.516085 -58.394813 382.812365 0.542857 0.542857 0.542857
v -2.866203 -59.223704 382.016757 0.542857 0.542857 0.542857
v -1.546302 -59.239895 382.016757 0.542857 0.542857 0.542857
v -0.876283 -58.427194 382.812365 0.542857 0.542857 0.542857
v -1.526165 -57.598303 383.607973 0.542857 0.542857 0.542857
v -2.846066 -57.582112 383.607973 0.542857 0.542857 0.542857
v -3.516085 -58.394813 382.812365 0.514286 0.514286 0.514286
v -2.862464 -58.918897 381.792308 0.514286 0.514286 0.514286
v -1.542563 -58.935088 381.792308 0.514286 0.514286 0.514286
v -0.876283 -58.427194 382.812365 0.514286 0.514286 0.514286
v -1.529904 -57.903110 383.832422 0.514286 0.514286 0.514286
v -2.849805 -57.886919 383.832422 0.514286 0.514286 0.514286
v -3.515878 -76.314090 391.876711 0.678571 0.678571 0.678571
v -2.971194 -76.750827 391.026664 0.678571 0.678571 0.678571
v -1.871277 -76.764319 391.026664 0.678571 0.678571 0.678571
v -1.316044 -76.341074 391.876711 0.678571 0.678571 0.678571
v -1.860728 -75.904338 392.726758 0.678571 0.678571 0.678571
v -2.960645 -75.890845 392.726758 0.678571 0.678571 0.678571
v -3.515878 -76.314090 391.876711 0.642857 0.642857 0.642857
v -2.966645 -76.379966 390.925920 0.642857 0.642857 0.642857
v -1.866728 -76.393458 390.925920 0.642857 0.642857 0.642857
v -1.316044 -76.341074 391.876711 0.642857 0.642857 0.642857
v -1.865277 -76.275198 392.827502 0.642857 0.642857 0.642857
v -2.965194 -76.261706 392.827502 0.642857 0.642857 0.642857
v -3.534298 -95.751796 393.085559 0.814286 0.814286 0.814286
v -3.094912 -95.804497 392.324927 0.814286 0.814286 0.814286
v -2.214978 -95.815291 392.324927 0.814286 0.814286 0.814286
v -1.774431 -95.773384 393.085559 0.814286 0.814286 0.814286
v -2.213817 -95.720683 393.846192 0.814286 0.814286 0.814286
v -3.093751 -95.709889 393.846192 0.814286 0.814286 0.814286
v -3.534298 -95.751796 393.085559 0.771429 0.771429 0.771429
v -3.091505 -95.526795 392.359124 0.771429 0.771429 0.771429
v -2.211571 -95.537589 392.359124 0.771429 0.771429 0.771429
v -1.774431 -95.773384 393.085559 0.771429 0.771429 0.771429
v -2.217224 -95.998385 393.811995 0.771429 0.771429 0.771429
v -3.097158 -95.987592 393.811995 0.771429 0.771429 0.771429
v -3.571344 -116.707932 386.438910 0.950000 0.950000 0.950000
v -3.239249 -116.539181 385.894083 0.950000 0.950000 0.950000
v -2.579299 -116.547277 385.894083 0.950000 0.950000 0.950000
v -2.251443 -116.724123 386.438910 0.950000 0.950000 0.950000
v -2.583538 -116.892874 386.983736 0.950000 0.950000 0.950000
v -3.243489 -116.884779 386.983736 0.950000 0.950000 0.950000
v -1.796862 -7.873853 297.854592 0.090000 0.090000 0.090000
v -1.409281 -12.245248 296.475936 0.090000 0.090000 0.090000
v 11.473256 -10.630793 308.216431 0.345000 0.345000 0.345000
v 11.754252 -13.800054 307.216905 0.345000 0.345000 0.345000
v 24.743373 -13.387732 318.578270 0.600000 0.600000 0.600000
v 24.917784 -15.354860 317.957874 0.600000 0.600000 0.600000
v -1.850418 -12.239837 296.475936 0.090000 0.090000 0.090000
v -1.355725 -7.879265 297.854592 0.090000 0.090000 0.090000
v -15.048129 -13.471277 307.216905 0.345000 0.345000 0.345000
v -14.689476 -10.309863 308.216431 0.345000 0.345000 0.345000
v -28.245840 -14.702718 317.957874 0.600000 0.600000 0.600000
v -28.023228 -12.740460 318.578270 0.600000 0.600000 0.600000
v -1.854507 -11.125064 307.826659 0.123652 0.123652 0.123652
v -1.430909 -15.456514 306.336991 0.123652 0.123652 0.123652
v 12.711672 -14.265533 319.146945 0.371174 0.371174 0.371174
v 13.018780 -17.405834 318.066935 0.371174 0.371174 0.371174
v 27.277850 -17.406003 330.467231 0.618696 0.618696 0.618696
v 27.468469 -19.355155 329.796880 0.618696 0.618696 0.618696
v -1.907568 -15.450667 306.336991 0.123652 0.123652 0.123652
v -1.377849 -11.130911 307.826659 0.123652 0.123652 0.123652
v -16.400725 -17.044954 318.066935 0.371174 0.371174 0.371174
v -16.016679 -13.913132 319.146945 0.371174 0.371174 0.371174
v -30.893883 -18.639242 329.796880 0.618696 0.618696 0.618696
v -30.655509 -16.695352 330.467231 0.618696 0.618696 0.618696
v -1.914990 -14.484016 317.265307 0.157304 0.157304 0.157304
v -1.452251 -18.768086 315.655146 0.157304 0.157304 0.157304
v 13.883734 -18.043870 329.470201 0.397348 0.397348 0.397348
v 14.219219 -21.149820 328.302834 0.397348 0.397348 0.397348
v 29.682458 -21.603723 341.675095 0.637391 0.637391 0.637391
v 29.890690 -23.531555 340.950522 0.637391 0.637391 0.637391
v -1.967464 -18.761766 315.655146 0.157304 0.157304 0.157304
v -1.399777 -14.490336 317.265307 0.157304 0.157304 0.157304
v -17.692642 -20.758367 328.302834 0.397348 0.397348 0.397348
v -17.281070 -17.661581 329.470201 0.397348 0.397348 0.397348
v -33.417821 -22.754968 340.950522 0.637391 0.637391 0.637391
v -33.162362 -20.832825 341.675095 0.637391 0.637391 0.637391
v -1.978463 -17.951483 326.170978 0.190957 0.190957 0.190957
v -1.473155 -22.179191 324.429959 0.190957 0.190957 0.190957
v 14.973424 -21.966454 339.169429 0.423522 0.423522 0.423522
v 15.339772 -25.031542 337.907190 0.423522 0.423522 0.423522
v 31.925311 -25.981425 352.167880 0.656087 0.656087 0.656087
v 32.152700 -27.883894 351.384421 0.656087 0.656087 0.656087
v -2.030240 -22.172357 324.429959 0.190957 0.190957 0.190957
v -1.421379 -17.958316 326.170978 0.190957 0.190957 0.190957
v -18.908075 -24.611434 337.907190 0.423522 0.423522 0.423522
v -18.466652 -21.556255 339.169429 0.423522 0.423522 0.423522
v -35.785911 -27.050512 351.384421 0.656087 0.656087 0.656087
v -35.511924 -25.154193 352.167880 0.656087 0.656087 0.656087
v -2.045080 -21.528409 334.544117 0.224609 0.224609 0.224609
v -1.493468 -25.688883 332.660985 0.224609 0.224609 0.224609
v 15.966037 -26.033493 348.228199 0.449696 0.449696 0.449696
v 16.365955 -29.049836 346.862929 0.449696 0.449696 0.449696
v 33.977153 -30.538577 361.912282 0.674783 0.674783 0.674783
v 34.225379 -32.410789 361.064873 0.674783 0.674783 0.674783
v -2.096025 -25.681491 332.660985 0.224609 0.224609 0.224609
v -1.442523 -21.535801 334.544117 0.224609 0.224609 0.224609
v -20.032517 -28.603347 346.862929 0.449696 0.449696 0.449696
v -19.558729 -25.597721 348.228199 0.449696 0.449696 0.449696
v -37.969010 -31.525203 361.064873 0.674783 0.674783 0.674783
v -37.674934 -29.659642 361.912282 0.674783 0.674783 0.674783
v -2.114989 -25.215947 342.385142 0.258261 0.258261 0.258261
v -1.513041 -29.296011 340.347806 0.258261 0.258261 0.258261
v 16.848424 -30.244565 356.630492 0.475870 0.475870 0.475870
v 17.284836 -33.202611 355.153424 0.475870 0.475870 0.475870
v 35.811837 -35.273182 370.875843 0.693478 0.693478 0.693478
v 36.082713 -37.109211 369.959042 0.693478 0.693478 0.693478
v -2.164939 -29.288014 340.347806 0.258261 0.258261 0.258261
v -1.463090 -25.223943 342.385142 0.258261 0.258261 0.258261
v -21.052988 -32.732333 355.153424 0.475870 0.475870 0.475870
v -20.544147 -29.785881 356.630492 0.475870 0.475870 0.475870
v -39.941037 -36.176651 369.959042 0.693478 0.693478 0.693478
v -39.625205 -34.347819 370.875843 0.693478 0.693478 0.693478
v -2.188316 -29.015485 349.694399 0.291913 0.291913 0.291913
v -1.531747 -32.999186 347.490075 0.291913 0.291913 0.291913
v 17.609225 -34.598345 364.360764 0.502043 0.502043 0.502043
v 18.085238 -37.486528 362.762629 0.502043 0.502043 0.502043
v 37.406767 -40.181206 379.027128 0.712174 0.712174 0.712174
v 37.702223 -41.973871 378.035183 0.712174 0.712174 0.712174
v -2.237077 -32.990534 347.490075 0.291913 0.291913 0.291913
v -1.482986 -29.024137 349.694399 0.291913 0.291913 0.291913
v -21.958233 -36.995327 362.762629 0.502043 0.502043 0.502043
v -21.411516 -34.119690 364.360764 0.502043 0.502043 0.502043
v -41.679388 -41.000121 378.035183 0.712174 0.712174 0.712174
v -41.340047 -39.215243 379.027128 0.712174 0.712174 0.712174
v -2.265150 -32.928681 356.472096 0.325565 0.325565 0.325565
v -1.549498 -36.796749 354.087586 0.325565 0.325565 0.325565
v 18.239069 -39.092210 371.404027 0.528217 0.528217 0.528217
v 18.757917 -41.896560 369.675257 0.528217 0.528217 0.528217
v 38.743288 -45.255740 386.335958 0.730870 0.730870 0.730870
v 39.065331 -46.996370 385.262928 0.730870 0.730870 0.730870
v -2.312484 -36.787390 354.087586 0.325565 0.325565 0.325565
v -1.502165 -32.938040 356.472096 0.325565 0.325565 0.325565
v -22.738885 -41.387531 369.675257 0.528217 0.528217 0.528217
v -22.151404 -38.596753 371.404027 0.528217 0.528217 0.528217
v -43.165286 -45.987673 385.262928 0.730870 0.730870 0.730870
v -42.800643 -44.255465 386.335958 0.730870 0.730870 0.730870
v -2.345505 -36.957476 362.718203 0.359217 0.359217 0.359217
v -1.566281 -40.686762 360.140367 0.359217 0.359217 0.359217
v 18.730742 -43.721667 377.746000 0.554391 0.554391 0.554391
v 19.295679 -46.425399 375.877069 0.554391 0.554391 0.554391
v 39.806989 -50.485857 392.773797 0.749565 0.749565 0.749565
v 40.157640 -52.164035 391.613771 0.749565 0.749565 0.749565
v -2.391127 -40.676643 360.140367 0.359217 0.359217 0.359217
v -1.520659 -36.967595 362.718203 0.359217 0.359217 0.359217
v -23.387577 -45.901816 375.877069 0.554391 0.554391 0.554391
v -22.756488 -43.212756 377.746000 0.554391 0.554391 0.554391
v -44.384027 -51.126989 391.613771 0.749565 0.749565 0.749565
v -43.992317 -49.457917 392.773797 0.749565 0.749565 0.749565
v -2.429279 -41.104075 368.432321 0.392870 0.392870 0.392870
v -1.582197 -44.667018 365.648819 0.392870 0.392870 0.392870
v 19.079302 -48.479578 383.373403 0.580565 0.580565 0.580565
v 19.693437 -51.062712 381.355364 0.580565 0.580565 0.580565
v 40.587883 -55.855081 398.314486 0.768261 0.768261 0.768261
v 40.969070 -57.458406 397.061910 0.768261 0.768261 0.768261
v -2.472851 -44.656093 365.648819 0.392870 0.392870 0.392870
v -1.538625 -41.115000 368.432321 0.392870 0.392870 0.392870
v -23.898967 -50.527977 381.355364 0.580565 0.580565 0.580565
v -23.221653 -47.960685 383.373403 0.580565 0.580565 0.580565
v -45.325083 -56.399862 397.061910 0.768261 0.768261 0.768261
v -44.904681 -54.806370 398.314486 0.768261 0.768261 0.768261
v -2.516201 -45.370866 373.613508 0.426522 0.426522 0.426522
v -1.597517 -48.735129 370.613882 0.426522 0.426522 0.426522
v 19.282098 -53.355175 388.274528 0.606739 0.606739 0.606739
v 19.948144 -55.794266 386.099799 0.606739 0.606739 0.606739
v 41.080396 -61.339485 402.935547 0.786957 0.786957 0.786957
v 41.493804 -62.853404 401.585716 0.786957 0.786957 0.786957
v -2.557325 -48.723355 370.613882 0.426522 0.426522 0.426522
v -1.556393 -45.382639 373.613508 0.426522 0.426522 0.426522
v -24.269661 -55.251860 386.099799 0.606739 0.606739 0.606739
v -23.543985 -52.829841 388.274528 0.606739 0.606739 0.606739
v -45.981997 -61.780365 401.585716 0.786957 0.786957 0.786957
v -45.531577 -60.277043 402.935547 0.786957 0.786957 0.786957
v -2.605764 -49.760255 378.260090 0.460174 0.460174 0.460174
v -1.612747 -52.888688 375.037231 0.460174 0.460174 0.460174
v 19.338658 -58.332922 392.440264 0.632913 0.632913 0.632913
v 20.058596 -60.601036 390.103691 0.632913 0.632913 0.632913
v 41.283081 -66.905589 406.620437 0.805652 0.805652 0.805652
v 41.729939 -68.313384 405.170151 0.805652 0.805652 0.805652
v -2.643984 -52.876039 375.037231 0.460174 0.460174 0.460174
v -1.574527 -49.772905 378.260090 0.460174 0.460174 0.460174
v -24.497988 -60.054474 390.103691 0.632913 0.632913 0.632913
v -23.722631 -57.804702 392.440264 0.632913 0.632913 0.632913
v -46.351991 -67.232910 405.170151 0.805652 0.805652 0.805652
v -45.870735 -65.836499 406.620437 0.805652 0.805652 0.805652
v -2.697168 -54.274365 382.369485 0.493826 0.493826 0.493826
v -1.628689 -57.125574 378.921449 0.493826 0.493826 0.493826
v 19.250387 -63.391434 395.865771 0.659087 0.659087 0.659087
v 20.025034 -65.458560 393.365945 0.659087 0.659087 0.659087
v 41.197942 -72.508502 409.362058 0.824348 0.824348 0.824348
v 41.678757 -73.791546 407.810441 0.824348 0.824348 0.824348
v -2.731977 -57.112041 378.921449 0.493826 0.493826 0.493826
v -1.593880 -54.287899 382.369485 0.493826 0.493826 0.493826
v -24.583590 -64.911360 393.365945 0.659087 0.659087 0.659087
v -23.758470 -62.863857 395.865771 0.659087 0.659087 0.659087
v -46.435204 -72.710679 407.810441 0.824348 0.824348 0.824348
v -45.923060 -71.439816 409.362058 0.824348 0.824348 0.824348
v -2.789283 -58.914594 385.938106 0.527478 0.527478 0.527478
v -1.646472 -61.444390 382.270121 0.527478 0.527478 0.527478
v 19.020013 -68.502908 398.552903 0.685261 0.685261 0.685261
v 19.848551 -70.337010 395.893614 0.685261 0.685261 0.685261
v 40.829309 -78.091223 411.167700 0.843043 0.843043 0.843043
v 41.343574 -79.229631 409.517107 0.843043 0.843043 0.843043
v -2.820139 -61.429992 382.270121 0.527478 0.527478 0.527478
v -1.615616 -58.928991 385.938106 0.527478 0.527478 0.527478
v -24.526827 -69.792671 395.893614 0.685261 0.685261 0.685261
v -23.653548 -67.979445 398.552903 0.685261 0.685261 0.685261
v -46.233515 -78.155350 409.517107 0.843043 0.843043 0.843043
v -45.691480 -77.029899 411.167700 0.843043 0.843043 0.843043
v -2.880670 -63.681063 388.961455 0.561130 0.561130 0.561130
v -1.667534 -65.845011 385.087746 0.561130 0.561130 0.561130
v 18.650808 -73.633733 400.513218 0.711435 0.711435 0.711435
v 19.530331 -75.202596 397.704778 0.711435 0.711435 0.711435
v 40.182285 -83.586404 412.064980 0.861739 0.861739 0.861739
v 40.728197 -84.560181 410.321811 0.861739 0.861739 0.861739
v -2.907028 -65.829807 385.087746 0.561130 0.561130 0.561130
v -1.641176 -63.696267 388.961455 0.561130 0.561130 0.561130
v -24.328054 -74.664599 397.704778 0.711435 0.711435 0.711435
v -23.410311 -73.117783 400.513218 0.711435 0.711435 0.711435
v -45.749080 -83.499391 410.321811 0.861739 0.861739 0.861739
v -45.179447 -82.539298 412.064980 0.861739 0.861739 0.861739
v -2.969697 -68.572083 391.434496 0.594783 0.594783 0.594783
v -1.693509 -70.329129 387.379360 0.594783 0.594783 0.594783
v 18.145676 -78.747048 401.770910 0.737609 0.737609 0.737609
v 19.070912 -80.020906 398.830936 0.737609 0.737609 0.737609
v 39.261048 -88.922013 412.107324 0.880435 0.880435 0.880435
v 39.835333 -89.712684 410.282513 0.880435 0.880435 0.880435
v -2.991055 -70.313212 387.379360 0.594783 0.594783 0.594783
v -1.672151 -68.587999 391.434496 0.594783 0.594783 0.594783
v -23.986965 -79.492728 398.830936 0.737609 0.737609 0.737609
v -23.030760 -78.241949 401.770910 0.737609 0.737609 0.737609
v -44.982875 -88.672244 410.282513 0.880435 0.880435 0.880435
v -44.389368 -87.895899 412.107324 0.880435 0.880435 0.880435
v -3.054749 -73.583837 393.352328 0.628435 0.628435 0.628435
v -1.726012 -74.900560 389.149865 0.628435 0.628435 0.628435
v 17.506420 -83.807622 402.364374 0.763783 0.763783 0.763783
v 18.469754 -84.762247 399.317588 0.763783 0.763783 0.763783
v 38.067588 -94.031408 411.376420 0.899130 0.899130 0.899130
v 38.665520 -94.623933 409.485311 0.899130 0.899130 0.899130
v -3.070699 -74.884065 389.149865 0.628435 0.628435 0.628435
v -1.710062 -73.600332 393.352328 0.628435 0.628435 0.628435
v -23.502292 -84.247388 399.317588 0.763783 0.763783 0.763783
v -22.515830 -83.316682 402.364374 0.763783 0.763783 0.763783
v -43.933885 -93.610712 409.485311 0.899130 0.899130 0.899130
v -43.321599 -93.033032 411.376420 0.899130 0.899130 0.899130
v -3.134504 -78.710505 394.711044 0.662087 0.662087 0.662087
v -1.766363 -79.565124 390.403165 0.662087 0.662087 0.662087
v 16.733585 -88.788417 402.344877 0.789957 0.789957 0.789957
v 17.725487 -89.408015 399.221665 0.789957 0.789957 0.789957
v 36.601674 -98.866328 409.978710 0.917826 0.917826 0.917826
v 37.217337 -99.250906 408.040165 0.917826 0.917826 0.917826
v -3.144780 -79.548215 390.403165 0.662087 0.662087 0.662087
v -1.756087 -78.727414 394.711044 0.662087 0.662087 0.662087
v -22.872208 -88.910016 399.221665 0.789957 0.789957 0.789957
v -21.865405 -88.314935 402.344877 0.789957 0.789957 0.789957
v -42.599636 -98.271816 408.040165 0.917826 0.917826 0.917826
v -41.974724 -97.902455 409.978710 0.917826 0.917826 0.917826
v -3.208192 -83.944933 395.508511 0.695739 0.695739 0.695739
v -1.815333 -84.329976 391.141397 0.695739 0.695739 0.695739
v 15.827203 -93.676860 401.771531 0.816130 0.816130 0.816130
v 16.837026 -93.956016 398.605373 0.816130 0.816130 0.816130
v 34.862598 -103.408787 408.034550 0.936522 0.936522 0.936522
v 35.489384 -103.582056 406.069349 0.936522 0.936522 0.936522
v -3.212705 -84.312835 391.141397 0.695739 0.695739 0.695739
v -1.810820 -83.962074 395.508511 0.695739 0.695739 0.695739
v -22.095575 -93.478442 398.605373 0.816130 0.816130 0.816130
v -21.079209 -93.224140 401.771531 0.816130 0.816130 0.816130
v -40.978445 -102.644049 406.069349 0.936522 0.936522 0.936522
v -40.347597 -102.486206 408.034550 0.936522 0.936522 0.936522
v -3.275730 -89.279690 395.744758 0.729391 0.729391 0.729391
v -1.873005 -89.202546 391.364528 0.729391 0.729391 0.729391
v 14.788392 -98.478326 400.703375 0.842304 0.842304 0.842304
v 15.805368 -98.422396 397.527709 0.842304 0.842304 0.842304
v 32.852514 -107.676962 405.661992 0.955217 0.955217 0.955217
v 33.483741 -107.642247 403.690889 0.955217 0.955217 0.955217
v -3.274573 -89.185353 391.364528 0.729391 0.729391 0.729391
v -1.874162 -89.296882 395.744758 0.729391 0.729391 0.729391
v -21.173786 -97.968785 397.527709 0.842304 0.842304 0.842304
v -20.158489 -98.049643 400.703375 0.842304 0.842304 0.842304
v -39.073000 -106.752216 403.690889 0.955217 0.955217 0.955217
v -38.442815 -106.802404 405.661992 0.955217 0.955217 0.955217
v -3.337694 -94.708186 395.421833 0.763043 0.763043 0.763043
v -1.938803 -94.189424 391.070513 0.763043 0.763043 0.763043
v 13.621290 -103.215205 399.191069 0.868478 0.868478 0.868478
v 14.635486 -102.839103 396.036362 0.868478 0.868478 0.868478
v 30.580274 -111.722224 402.960305 0.973913 0.973913 0.973913
v 31.209775 -111.488781 401.002210 0.973913 0.973913 0.973913
v -3.331121 -94.172345 391.070513 0.763043 0.763043 0.763043
v -1.945376 -94.725265 395.421833 0.763043 0.763043 0.763043
v -20.112597 -102.412859 396.036362 0.868478 0.868478 0.868478
v -19.107932 -102.813725 399.191069 0.868478 0.868478 0.868478
v -36.894073 -110.653372 401.002210 0.973913 0.973913 0.973913
v -36.270487 -110.902186 402.960305 0.973913 0.973913 0.973913
v -3.395136 -100.225469 394.543215 0.796696 0.796696 0.796696
v -2.011676 -99.295562 390.255872 0.796696 0.796696 0.796696
v 12.334597 -107.922037 397.270979 0.894652 0.894652 0.894652
v 13.337606 -107.247854 394.162656 0.894652 0.894652 0.894652
v 28.064330 -115.618605 399.998744 0.992609 0.992609 0.992609
v 28.686887 -115.200147 398.069439 0.992609 0.992609 0.992609
v -3.383522 -99.278734 390.255872 0.796696 0.796696 0.796696
v -2.023289 -100.242297 394.543215 0.796696 0.796696 0.796696
v -18.923252 -106.852120 394.162656 0.894652 0.894652 0.894652
v -17.937083 -107.550703 397.270979 0.894652 0.894652 0.894652
v -34.462983 -114.425507 398.069439 0.992609 0.992609 0.992609
v -33.850878 -114.859110 399.998744 0.992609 0.992609 0.992609
v -3.449342 -105.828534 393.113040 0.830348 0.830348 0.830348
v -2.090336 -104.523966 388.916469 0.830348 0.830348 0.830348
v 10.942209 -112.638859 394.963164 0.915174 0.915174 0.915174
v 11.927489 -111.693047 391.920650 0.915174 0.915174 0.915174
v 25.333761 -119.449184 396.813288 1.000000 1.000000 1.000000
v 25.945314 -118.862129 394.924831 1.000000 1.000000 1.000000
v -3.433137 -104.507494 388.916469 0.830348 0.830348 0.830348
v -2.106541 -105.845005 393.113040 0.830348 0.830348 0.830348
v -17.622599 -111.330565 391.920650 0.915174 0.915174 0.915174
v -16.660817 -112.300261 394.963164 0.915174 0.915174 0.915174
v -31.812062 -118.153637 394.924831 1.000000 1.000000 1.000000
v -31.215093 -118.755517 396.813288 1.000000 1.000000 1.000000
v -3.501613 -111.516179 391.135415 0.864000 0.864000 0.864000
v -2.173483 -109.875836 387.048197 0.864000 0.864000 0.864000
v 9.462881 -117.405150 392.272888 0.932000 0.932000 0.932000
v 10.425775 -116.215902 389.309655 0.932000 0.932000 0.932000
v 22.427375 -123.294122 393.410361 1.000000 1.000000 1.000000
v 23.025034 -122.555968 391.571113 1.000000 1.000000 1.000000
v -3.481295 -109.859794 387.048197 0.864000 0.864000 0.864000
v -2.193802 -111.532221 391.135415 0.864000 0.864000 0.864000
v -16.232282 -115.888896 389.309655 0.932000 0.932000 0.932000
v -15.298849 -117.101406 392.272888 0.932000 0.932000 0.932000
v -28.983269 -121.917998 391.571113 1.000000 1.000000 1.000000
v -28.403897 -122.670590 393.410361 1.000000 1.000000 1.000000
v -3.544876 -2.748809 268.000000 0.000000 0.000000 0.000000
v -1.893990 -3.908020 267.122047 0.000000 0.000000 0.000000
v 0.147550 -3.088194 267.122047 0.000000 0.000000 0.000000
v 0.538204 -1.109157 268.000000 0.000000 0.000000 0.000000
v -1.112683 0.050054 268.877953 0.000000 0.000000 0.000000
v -3.154223 -0.769772 268.877953 0.000000 0.000000 0.000000
v 2.376089 -16.902898 297.546472 0.135714 0.135714 0.135714
v 3.861887 -17.946188 296.756314 0.135714 0.135714 0.135714
v 5.699273 -17.208345 296.756314 0.135714 0.135714 0.135714
v 6.050861 -15.427211 297.546472 0.135714 0.135714 0.135714
v 4.565063 -14.383921 298.336630 0.135714 0.135714 0.135714
v 2.727677 -15.121764 298.336630 0.135714 0.135714 0.135714
v 2.376089 -16.902898 297.546472 0.128571 0.128571 0.128571
v 3.792437 -17.773244 296.470901 0.128571 0.128571 0.128571
v 5.629823 -17.035401 296.470901 0.128571 0.128571 0.128571
v 6.050861 -15.427211 297.546472 0.128571 0.128571 0.128571
v 4.634512 -14.556865 298.622043 0.128571 0.128571 0.128571
v 2.797126 -15.294708 298.622043 0.128571 0.128571 0.128571
v 9.268500 -33.476093 319.831079 0.271429 0.271429 0.271429
v 10.527476 -34.249734 318.875016 0.271429 0.271429 0.271429
v 12.160708 -33.593873 318.875016 0.271429 0.271429 0.271429
v 12.534964 -32.164371 319.831079 0.271429 0.271429 0.271429
v 11.275987 -31.390730 320.787142 0.271429 0.271429 0.271429
v 9.642755 -32.046591 320.787142 0.271429 0.271429 0.271429
v 9.268500 -33.476093 319.831079 0.257143 0.257143 0.257143
v 10.420269 -33.982764 318.600505 0.257143 0.257143 0.257143
v 12.053501 -33.326903 318.600505 0.257143 0.257143 0.257143
v 12.534964 -32.164371 319.831079 0.257143 0.257143 0.257143
v 11.383195 -31.657700 321.061653 0.257143 0.257143 0.257143
v 9.749963 -32.313561 321.061653 0.257143 0.257143 0.257143
v 17.132357 -52.468394 334.853821 0.407143 0.407143 0.407143
v 18.140154 -52.911732 333.777069 0.407143 0.407143 0.407143
v 19.569232 -52.337854 333.777069 0.407143 0.407143 0.407143
v 19.990513 -51.320638 334.853821 0.407143 0.407143 0.407143
v 18.982715 -50.877301 335.930573 0.407143 0.407143 0.407143
v 17.553637 -51.451179 335.930573 0.407143 0.407143 0.407143
v 17.132357 -52.468394 334.853821 0.385714 0.385714 0.385714
v 18.004797 -52.574663 333.589244 0.385714 0.385714 0.385714
v 19.433875 -52.000784 333.589244 0.385714 0.385714 0.385714
v 19.990513 -51.320638 334.853821 0.385714 0.385714 0.385714
v 19.118072 -51.214370 336.118398 0.385714 0.385714 0.385714
v 17.688994 -51.788248 336.118398 0.385714 0.385714 0.385714
v 25.967659 -73.879802 342.614698 0.542857 0.542857 0.542857
v 26.715465 -73.970889 341.530774 0.542857 0.542857 0.542857
v 27.940389 -73.478994 341.530774 0.542857 0.542857 0.542857
v 28.417507 -72.896011 342.614698 0.542857 0.542857 0.542857
v 27.669702 -72.804924 343.698621 0.542857 0.542857 0.542857
v 26.444778 -73.296820 343.698621 0.542857 0.542857 0.542857
v 25.967659 -73.879802 342.614698 0.514286 0.514286 0.514286
v 26.588369 -73.654393 341.471758 0.514286 0.514286 0.514286
v 27.813293 -73.162498 341.471758 0.514286 0.514286 0.514286
v 28.417507 -72.896011 342.614698 0.514286 0.514286 0.514286
v 27.796798 -73.121420 343.757637 0.514286 0.514286 0.514286
v 26.571874 -73.613315 343.757637 0.514286 0.514286 0.514286
v 35.774408 -97.710316 343.113709 0.678571 0.678571 0.678571
v 36.291667 -97.522476 342.161260 0.678571 0.678571 0.678571
v 37.312437 -97.112563 342.161260 0.678571 0.678571 0.678571
v 37.815948 -96.890491 343.113709 0.678571 0.678571 0.678571
v 37.298690 -97.078331 344.066159 0.678571 0.678571 0.678571
v 36.277920 -97.488244 344.066159 0.678571 0.678571 0.678571
v 35.774408 -97.710316 343.113709 0.642857 0.642857 0.642857
v 36.202491 -97.300409 342.187037 0.642857 0.642857 0.642857
v 37.223261 -96.890496 342.187037 0.642857 0.642857 0.642857
v 37.815948 -96.890491 343.113709 0.642857 0.642857 0.642857
v 37.387866 -97.300398 344.040382 0.642857 0.642857 0.642857
v 36.367096 -97.710311 344.040382 0.642857 0.642857 0.642857
v 46.552603 -123.959937 336.350856 0.814286 0.814286 0.814286
v 46.895069 -123.632011 335.609518 0.814286 0.814286 0.814286
v 47.711685 -123.304081 335.609518 0.814286 0.814286 0.814286
v 48.185835 -123.304076 336.350856 0.814286 0.814286 0.814286
v 47.843369 -123.632002 337.092194 0.814286 0.814286 0.814286
v 47.026753 -123.959932 337.092194 0.814286 0.814286 0.814286
v 46.552603 -123.959937 336.350856 0.771429 0.771429 0.771429
v 46.843795 -123.504328 335.656574 0.771429 0.771429 0.771429
v 47.660411 -123.176398 335.656574 0.771429 0.771429 0.771429
v 48.185835 -123.304076 336.350856 0.771429 0.771429 0.771429
v 47.894643 -123.759685 337.045138 0.771429 0.771429 0.771429
v 47.078027 -124.087615 337.045138 0.771429 0.771429 0.771429
v 58.302244 -152.628664 322.326137 0.950000 0.950000 0.950000
v 58.520638 -152.286957 321.805426 0.950000 0.950000 0.950000
v 59.133100 -152.041010 321.805426 0.950000 0.950000 0.950000
v 59.527168 -152.136768 322.326137 0.950000 0.950000 0.950000
v 59.308774 -152.478475 322.846849 0.950000 0.950000 0.950000
v 58.696312 -152.724423 322.846849 0.950000 0.950000 0.950000
v 1.326661 -9.946073 290.574379 0.090000 0.090000 0.090000
v 3.466198 -13.334381 288.315674 0.090000 0.090000 0.090000
v 15.249637 -8.516369 300.329947 0.345000 0.345000 0.345000
v 16.800802 -10.972892 298.692386 0.345000 0.345000 0.345000
v 29.172614 -7.086665 310.085515 0.600000 0.600000 0.600000
v 30.135405 -8.611403 309.069098 0.600000 0.600000 0.600000
v 2.795473 -13.603726 288.315674 0.090000 0.090000 0.090000
v 1.997386 -9.676728 290.574379 0.090000 0.090000 0.090000
v -8.468909 -21.120506 298.692386 0.345000 0.345000 0.345000
v -9.047521 -18.273433 300.329947 0.345000 0.345000 0.345000
v -19.733290 -28.637287 309.069098 0.600000 0.600000 0.600000
v -20.092429 -26.870138 310.085515 0.600000 0.600000 0.600000
v 2.902606 -13.951396 297.773152 0.123652 0.123652 0.123652
v 5.051137 -17.200328 295.326059 0.123652 0.123652 0.123652
v 18.303595 -12.604038 308.317305 0.371174 0.371174 0.371174
v 19.861279 -14.959513 306.543163 0.371174 0.371174 0.371174
v 33.704583 -11.256680 318.861458 0.618696 0.618696 0.618696
v 34.671422 -12.718699 317.760266 0.618696 0.618696 0.618696
v 4.324469 -17.492137 295.326059 0.123652 0.123652 0.123652
v 3.629274 -13.659587 297.773152 0.123652 0.123652 0.123652
v -7.922185 -26.116581 306.543163 0.371174 0.371174 0.371174
v -8.426202 -23.337982 308.317305 0.371174 0.371174 0.371174
v -20.168838 -34.741025 317.760266 0.618696 0.618696 0.618696
v -20.481677 -33.016378 318.861458 0.618696 0.618696 0.618696
v 4.547879 -18.132608 304.478215 0.157304 0.157304 0.157304
v 6.699850 -21.221840 301.835173 0.157304 0.157304 0.157304
v 21.396736 -16.938145 315.699665 0.397348 0.397348 0.397348
v 22.956915 -19.177838 313.783459 0.397348 0.397348 0.397348
v 38.245593 -15.743683 326.921115 0.637391 0.637391 0.637391
v 39.213980 -17.133837 325.731746 0.637391 0.637391 0.637391
v 5.914995 -21.537015 301.835173 0.157304 0.157304 0.157304
v 5.332734 -17.817432 304.478215 0.157304 0.157304 0.157304
v -7.240605 -31.304324 313.783459 0.397348 0.397348 0.397348
v -7.662744 -28.607626 315.699665 0.397348 0.397348 0.397348
v -20.396204 -41.071632 325.731746 0.637391 0.637391 0.637391
v -20.658222 -39.397819 326.921115 0.637391 0.637391 0.637391
v 6.263197 -22.490681 310.688622 0.190957 0.190957 0.190957
v 8.411620 -25.397943 307.843959 0.190957 0.190957 0.190957
v 24.513074 -21.517849 322.454751 0.423522 0.423522 0.423522
v 26.070681 -23.625614 320.392371 0.423522 0.423522 0.423522
v 42.762951 -20.545016 334.220881 0.656087 0.656087 0.656087
v 43.729741 -21.853284 332.940783 0.656087 0.656087 0.656087
v 7.566894 -25.737162 307.843959 0.190957 0.190957 0.190957
v 7.107924 -22.151463 310.688622 0.190957 0.190957 0.190957
v -6.413428 -36.670330 320.392371 0.423522 0.423522 0.423522
v -6.746182 -34.070698 322.454751 0.423522 0.423522 0.423522
v -20.393750 -47.603498 332.940783 0.656087 0.656087 0.656087
v -20.600287 -45.989933 334.220881 0.656087 0.656087 0.656087
v 8.049335 -27.026408 316.403050 0.224609 0.224609 0.224609
v 10.185674 -29.727847 313.353742 0.224609 0.224609 0.224609
v 27.636179 -26.338160 328.561672 0.449696 0.449696 0.449696
v 29.185025 -28.296703 326.350923 0.449696 0.449696 0.449696
v 47.223023 -25.649912 340.720293 0.674783 0.674783 0.674783
v 48.184376 -26.865560 339.348104 0.674783 0.674783 0.674783
v 9.280178 -30.091469 313.353742 0.224609 0.224609 0.224609
v 8.954831 -26.662786 316.403050 0.224609 0.224609 0.224609
v -5.432222 -42.198028 326.350923 0.449696 0.449696 0.449696
v -5.668099 -39.712233 328.561672 0.449696 0.449696 0.449696
v -20.144622 -54.304588 339.348104 0.674783 0.674783 0.674783
v -20.291029 -52.761681 340.720293 0.674783 0.674783 0.674783
v 9.907077 -31.740267 321.619779 0.258261 0.258261 0.258261
v 12.021225 -34.211071 318.366242 0.258261 0.258261 0.258261
v 30.748942 -31.389366 334.002086 0.475870 0.475870 0.475870
v 32.281700 -33.180699 331.643272 0.475870 0.475870 0.475870
v 51.590808 -31.038465 346.384394 0.693478 0.693478 0.693478
v 52.542175 -32.150327 344.920302 0.693478 0.693478 0.693478
v 11.055083 -34.599047 318.366242 0.258261 0.258261 0.258261
v 10.873218 -31.352291 321.619779 0.258261 0.258261 0.258261
v -4.291006 -47.867282 331.643272 0.475870 0.475870 0.475870
v -4.422858 -45.513384 334.002086 0.475870 0.475870 0.475870
v -19.637094 -61.135517 344.920302 0.693478 0.693478 0.693478
v -19.718934 -59.674477 346.384394 0.693478 0.693478 0.693478
v 11.837153 -36.632277 326.336714 0.291913 0.291913 0.291913
v 13.917545 -38.847598 322.883553 0.291913 0.291913 0.291913
v 33.833349 -36.656758 338.761688 0.502043 0.502043 0.502043
v 35.341633 -38.262866 336.258146 0.502043 0.502043 0.502043
v 55.829546 -36.681239 351.186663 0.712174 0.712174 0.712174
v 56.765722 -37.678134 349.632740 0.712174 0.712174 0.712174
v 12.892124 -39.259378 322.883553 0.291913 0.291913 0.291913
v 12.862574 -36.220496 326.336714 0.291913 0.291913 0.291913
v -2.986193 -53.654257 336.258146 0.502043 0.502043 0.502043
v -3.007618 -51.451067 338.761688 0.502043 0.502043 0.502043
v -18.864511 -68.049135 349.632740 0.712174 0.712174 0.712174
v -18.877809 -66.681638 351.186663 0.712174 0.712174 0.712174
v 13.840150 -41.701858 330.551481 0.325565 0.325565 0.325565
v 15.874046 -43.638007 326.908049 0.325565 0.325565 0.325565
v 36.870358 -42.120887 342.831896 0.528217 0.528217 0.528217
v 38.344932 -43.524594 340.190408 0.528217 0.528217 0.528217
v 59.900566 -42.539915 355.112311 0.730870 0.730870 0.730870
v 60.815819 -43.411182 353.472767 0.730870 0.730870 0.730870
v 14.792124 -44.072476 326.908049 0.325565 0.325565 0.325565
v 14.922071 -41.267388 330.551481 0.325565 0.325565 0.325565
v -1.516289 -59.531754 340.190408 0.528217 0.528217 0.528217
v -1.422077 -57.498065 342.831896 0.528217 0.528217 0.528217
v -17.824702 -74.991032 353.472767 0.730870 0.730870 0.730870
v -17.766225 -73.728742 355.112311 0.730870 0.730870 0.730870
v 15.916416 -46.947737 334.261585 0.359217 0.359217 0.359217
v 17.890380 -48.583570 330.442225 0.359217 0.359217 0.359217
v 39.840013 -47.758531 346.211533 0.554391 0.554391 0.554391
v 41.271137 -48.944510 343.442497 0.554391 0.554391 0.554391
v 63.763610 -48.569325 358.161481 0.749565 0.749565 0.749565
v 64.651895 -49.305450 356.442768 0.749565 0.749565 0.749565
v 16.756216 -49.039019 330.442225 0.359217 0.359217 0.359217
v 17.050580 -46.492289 334.261585 0.359217 0.359217 0.359217
v 0.118703 -65.470185 343.442497 0.554391 0.554391 0.554391
v 0.332116 -63.623806 346.211533 0.554391 0.554391 0.554391
v -16.518811 -81.901351 356.442768 0.749565 0.749565 0.749565
v -16.386347 -80.755322 358.161481 0.749565 0.749565 0.749565
v 18.065979 -52.367931 337.464638 0.392870 0.392870 0.392870
v 19.966521 -53.686273 333.488470 0.392870 0.392870 0.392870
v 42.721919 -53.544468 348.908126 0.580565 0.580565 0.580565
v 44.099812 -54.500266 346.025403 0.580565 0.580565 0.580565
v 67.377860 -54.721005 360.351613 0.768261 0.768261 0.768261
v 68.233104 -55.314259 358.562337 0.768261 0.768261 0.768261
v 18.785792 -54.160420 333.488470 0.392870 0.392870 0.392870
v 19.246707 -51.893784 337.464638 0.392870 0.392870 0.392870
v 1.918086 -71.439276 346.025403 0.580565 0.580565 0.580565
v 2.252249 -69.795964 348.908126 0.580565 0.580565 0.580565
v -14.949620 -88.718131 358.562337 0.768261 0.768261 0.768261
v -14.742208 -87.698145 360.351613 0.768261 0.768261 0.768261
v 20.288493 -57.959834 340.158606 0.426522 0.426522 0.426522
v 22.102812 -58.948720 336.048818 0.426522 0.426522 0.426522
v 45.496119 -59.453909 350.938395 0.606739 0.606739 0.606739
v 46.811500 -60.170852 347.958799 0.606739 0.606739 0.606739
v 70.703745 -60.947985 361.718184 0.786957 0.786957 0.786957
v 71.520189 -61.392984 359.868780 0.786957 0.786957 0.786957
v 20.882405 -59.438801 336.048818 0.426522 0.426522 0.426522
v 21.508900 -57.469752 340.158606 0.426522 0.426522 0.426522
v 3.881384 -77.410394 347.958799 0.606739 0.606739 0.606739
v 4.335592 -75.982834 350.938395 0.606739 0.606739 0.606739
v -13.119637 -95.381988 359.868780 0.786957 0.786957 0.786957
v -12.837715 -94.495916 361.718184 0.786957 0.786957 0.786957
v 22.583242 -63.720412 342.342035 0.460174 0.460174 0.460174
v 24.299971 -64.373944 338.124722 0.460174 0.460174 0.460174
v 48.144339 -65.465218 352.327603 0.632913 0.632913 0.632913
v 49.388968 -65.939029 349.270050 0.632913 0.632913 0.632913
v 73.705437 -67.210025 362.313171 0.805652 0.805652 0.805652
v 74.477965 -67.504114 360.415379 0.805652 0.805652 0.805652
v 23.047634 -64.876848 338.124722 0.460174 0.460174 0.460174
v 23.835578 -63.217508 342.342035 0.460174 0.460174 0.460174
v 6.009120 -83.359172 349.270050 0.632913 0.632913 0.632913
v 6.580380 -82.156151 352.327603 0.632913 0.632913 0.632913
v -11.029394 -101.841496 360.415379 0.805652 0.805652 0.805652
v -10.674819 -101.094793 362.313171 0.805652 0.805652 0.805652
v 24.949192 -69.646478 344.014209 0.493826 0.493826 0.493826
v 26.559031 -69.965135 339.716898 0.493826 0.493826 0.493826
v 50.651414 -71.562349 353.107671 0.659087 0.659087 0.659087
v 51.818547 -71.793375 349.992121 0.659087 0.659087 0.659087
v 76.353637 -73.478220 362.201134 0.824348 0.824348 0.824348
v 77.078064 -73.621616 360.267344 0.824348 0.824348 0.824348
v 25.282939 -70.477578 339.716898 0.493826 0.493826 0.493826
v 26.225284 -69.134035 344.014209 0.493826 0.493826 0.493826
v 8.303266 -89.267904 349.992121 0.659087 0.659087 0.659087
v 8.986466 -88.293835 353.107671 0.659087 0.659087 0.659087
v -8.676406 -108.058230 360.267344 0.824348 0.824348 0.824348
v -8.252351 -107.453636 362.201134 0.824348 0.824348 0.824348
v 27.385101 -75.734981 345.175180 0.527478 0.527478 0.527478
v 28.881234 -75.725340 340.825295 0.527478 0.527478 0.527478
v 53.006626 -77.736437 353.314339 0.685261 0.685261 0.685261
v 54.091322 -77.729447 350.160673 0.685261 0.685261 0.685261
v 78.628151 -79.737893 361.453498 0.843043 0.843043 0.843043
v 79.301411 -79.733554 359.496050 0.843043 0.843043 0.843043
v 27.589530 -76.244053 340.825295 0.527478 0.527478 0.527478
v 28.676805 -75.216269 345.175180 0.527478 0.527478 0.527478
v 10.767190 -95.127216 350.160673 0.685261 0.685261 0.685261
v 11.555464 -94.382073 353.314339 0.685261 0.685261 0.685261
v -6.055151 -114.010379 359.496050 0.843043 0.843043 0.843043
v -5.565877 -113.547877 361.453498 0.843043 0.843043 0.843043
v 29.889644 -81.983267 345.825699 0.561130 0.561130 0.561130
v 31.267907 -81.657217 341.449161 0.561130 0.561130 0.561130
v 55.204689 -83.986216 352.983919 0.711435 0.711435 0.711435
v 56.203929 -83.749830 349.810929 0.711435 0.711435 0.711435
v 80.519734 -85.989165 360.142139 0.861739 0.861739 0.861739
v 81.139952 -85.842443 358.172697 0.861739 0.861739 0.861739
v 29.968288 -82.179108 341.449161 0.561130 0.561130 0.561130
v 31.189262 -81.461376 345.825699 0.561130 0.561130 0.561130
v 13.405108 -100.936648 349.810929 0.711435 0.711435 0.711435
v 14.290314 -100.416293 352.983919 0.711435 0.711435 0.711435
v -3.158072 -119.694188 358.172697 0.861739 0.861739 0.861739
v -2.608633 -119.371209 360.142139 0.861739 0.861739 0.861739
v 32.461536 -88.389244 345.967055 0.594783 0.594783 0.594783
v 33.720332 -87.762856 341.587207 0.594783 0.594783 0.594783
v 57.246219 -90.317265 352.150302 0.737609 0.737609 0.737609
v 58.158847 -89.863134 348.974912 0.737609 0.737609 0.737609
v 82.030903 -92.245286 358.333549 0.880435 0.880435 0.880435
v 82.597361 -91.963411 356.362617 0.880435 0.880435 0.880435
v 32.419731 -88.285141 341.587207 0.594783 0.594783 0.594783
v 33.762137 -87.866959 345.967055 0.594783 0.594783 0.594783
v 16.221186 -106.704134 348.974912 0.737609 0.737609 0.737609
v 17.194430 -106.400952 352.150302 0.737609 0.737609 0.737609
v 0.022641 -125.123127 356.362617 0.880435 0.880435 0.880435
v 0.626724 -124.934945 358.333549 0.880435 0.880435 0.880435
v 35.099633 -94.951459 345.600874 0.628435 0.628435 0.628435
v 36.239655 -94.043710 341.237808 0.628435 0.628435 0.628435
v 59.137669 -96.740410 350.842714 0.763783 0.763783 0.763783
v 59.964186 -96.082292 347.679491 0.763783 0.763783 0.763783
v 83.175705 -98.529361 356.084554 0.899130 0.899130 0.899130
v 83.688716 -98.120874 354.121175 0.899130 0.899130 0.899130
v 34.944038 -94.563994 341.237808 0.628435 0.628435 0.628435
v 36.395251 -94.431175 345.600874 0.628435 0.628435 0.628435
v 19.218510 -112.444624 347.679491 0.763783 0.763783 0.763783
v 20.270639 -112.348330 350.842714 0.763783 0.763783 0.763783
v 3.492982 -130.325254 354.121175 0.899130 0.899130 0.899130
v 4.146028 -130.265485 356.084554 0.899130 0.899130 0.899130
v 37.802990 -101.669074 344.728920 0.662087 0.662087 0.662087
v 38.826821 -100.500618 340.399200 0.662087 0.662087 0.662087
v 60.890819 -103.269742 349.084451 0.789957 0.789957 0.789957
v 61.633097 -102.422611 345.945404 0.789957 0.789957 0.789957
v 83.978649 -104.870409 353.439982 0.917826 0.917826 0.917826
v 84.439373 -104.344604 351.491608 0.917826 0.917826 0.917826
v 37.541105 -101.016925 340.399200 0.662087 0.662087 0.662087
v 39.088706 -101.152766 344.728920 0.662087 0.662087 0.662087
v 22.398167 -118.178269 345.945404 0.789957 0.789957 0.789957
v 23.520178 -118.276754 349.084451 0.789957 0.789957 0.789957
v 7.255229 -135.339613 351.491608 0.917826 0.917826 0.917826
v 7.951650 -135.400741 353.439982 0.917826 0.917826 0.917826
v 40.570884 -108.541787 343.352937 0.695739 0.695739 0.695739
v 41.482551 -107.133880 339.069637 0.695739 0.695739 0.695739
v 62.522008 -109.920693 346.892553 0.816130 0.816130 0.816130
v 63.182966 -108.899960 343.787161 0.816130 0.816130 0.816130
v 84.473131 -111.299599 350.432169 0.936522 0.936522 0.936522
v 84.883381 -110.666041 348.504684 0.936522 0.936522 0.936522
v 40.210620 -107.644652 339.069637 0.695739 0.695739 0.695739
v 41.842816 -108.031015 343.352937 0.695739 0.695739 0.695739
v 25.758577 -123.928556 343.787161 0.816130 0.816130 0.816130
v 26.941919 -124.208669 346.892553 0.816130 0.816130 0.816130
v 11.306535 -140.212459 348.504684 0.936522 0.936522 0.936522
v 12.041023 -140.386323 350.432169 0.936522 0.936522 0.936522
v 43.402810 -115.569719 341.474535 0.729391 0.729391 0.729391
v 44.207353 -113.943376 337.247512 0.729391 0.729391 0.729391
v 64.051252 -116.708460 344.278180 0.842304 0.842304 0.842304
v 64.634545 -115.529361 341.213588 0.842304 0.842304 0.842304
v 84.699693 -117.847200 347.081825 0.955217 0.955217 0.955217
v 85.061738 -117.115345 345.179664 0.955217 0.955217 0.955217
v 42.952133 -114.447438 337.247512 0.729391 0.729391 0.729391
v 44.658030 -115.065658 341.474535 0.729391 0.729391 0.729391
v 29.295140 -129.720685 341.213588 0.842304 0.842304 0.842304
v 30.531915 -130.168894 344.278180 0.842304 0.842304 0.842304
v 15.638147 -144.993932 345.179664 0.955217 0.955217 0.955217
v 16.405800 -145.272131 347.081825 0.955217 0.955217 0.955217
v 46.298450 -122.753293 339.095122 0.763043 0.763043 0.763043
v 47.001542 -120.928685 334.931414 0.763043 0.763043 0.763043
v 65.501388 -123.646881 341.247406 0.868478 0.868478 0.868478
v 66.011130 -122.324041 338.228718 0.868478 0.868478 0.868478
v 84.704326 -124.540470 343.399690 0.973913 0.973913 0.973913
v 85.020717 -123.719396 341.526022 0.973913 0.973913 0.973913
v 45.765123 -121.425196 334.931414 0.763043 0.763043 0.763043
v 47.534869 -122.256781 339.095122 0.763043 0.763043 0.763043
v 33.000178 -135.580322 338.228718 0.868478 0.868478 0.868478
v 34.283243 -136.183221 341.247406 0.868478 0.868478 0.868478
v 20.235232 -149.735448 341.526022 0.973913 0.973913 0.973913
v 21.031617 -150.109662 343.399690 0.973913 0.973913 0.973913
v 49.257644 -130.093126 336.215886 0.796696 0.796696 0.796696
v 49.865280 -128.089187 332.120156 0.796696 0.796696 0.796696
v 66.897299 -130.747783 337.802194 0.894652 0.894652 0.894652
v 67.337834 -129.294927 334.832790 0.894652 0.894652 0.894652
v 84.536953 -131.402440 339.388502 0.992609 0.992609 0.992609
v 84.810389 -130.500667 337.545423 0.992609 0.992609 0.992609
v 48.649048 -128.577592 332.120156 0.796696 0.796696 0.796696
v 50.473876 -129.604721 336.215886 0.796696 0.796696 0.796696
v 36.863109 -141.532731 334.832790 0.894652 0.894652 0.894652
v 38.186110 -142.277400 337.802194 0.894652 0.894652 0.894652
v 25.077171 -154.487869 337.545423 0.992609 0.992609 0.992609
v 25.898344 -154.950078 339.388502 0.992609 0.992609 0.992609
v 52.280352 -137.589948 332.837791 0.830348 0.830348 0.830348
v 52.798606 -135.424153 328.812776 0.830348 0.830348 0.830348
v 68.265247 -138.020686 333.941351 0.915174 0.915174 0.915174
v 68.640981 -136.450485 331.023215 0.915174 0.915174 0.915174
v 84.250142 -138.451424 335.044911 1.000000 1.000000 1.000000
v 84.483356 -137.476816 333.233654 1.000000 1.000000 1.000000
v 51.603373 -135.904126 328.812776 0.830348 0.830348 0.830348
v 53.475586 -137.109975 332.837791 0.830348 0.830348 0.830348
v 40.870777 -147.602228 331.023215 0.915174 0.915174 0.915174
v 42.228131 -148.476469 333.941351 0.915174 0.915174 0.915174
v 30.138181 -159.300330 333.233654 1.000000 1.000000 1.000000
v 30.980677 -159.842962 335.044911 1.000000 1.000000 1.000000
v 55.366621 -145.244528 328.961597 0.864000 0.864000 0.864000
v 55.801474 -142.932815 325.008512 0.864000 0.864000 0.864000
v 69.632319 -145.472778 329.661387 0.932000 0.932000 0.932000
v 69.947587 -143.796786 326.795401 0.932000 0.932000 0.932000
v 83.898017 -145.701028 330.361178 1.000000 1.000000 1.000000
v 84.093701 -144.660757 328.582289 1.000000 1.000000 1.000000
v 54.627600 -143.404210 325.008512 0.864000 0.864000 0.864000
v 56.540495 -144.773133 328.961597 0.864000 0.864000 0.864000
v 45.007867 -153.811885 326.795401 0.932000 0.932000 0.932000
v 46.394716 -154.804354 329.661387 0.932000 0.932000 0.932000
v 35.388134 -164.219560 328.582289 1.000000 1.000000 1.000000
v 36.248937 -164.835576 330.361178 1.000000 1.000000 1.000000
v -3.102809 -3.439509 268.000000 0.000000 0.000000 0.000000
v -1.302621 -3.743608 266.772462 0.000000 0.000000 0.000000
v 0.296851 -2.233082 266.772462 0.000000 0.000000 0.000000
v 0.096136 -0.418457 268.000000 0.000000 0.000000 0.000000
v -1.704051 -0.114358 269.227538 0.000000 0.000000 0.000000
v -3.303524 -1.624884 269.227538 0.000000 0.000000 0.000000
v 9.627769 -16.599302 289.732375 0.135714 0.135714 0.135714
v 11.247938 -16.872991 288.627591 0.135714 0.135714 0.135714
v 12.687463 -15.513518 288.627591 0.135714 0.135714 0.135714
v 12.506820 -13.880356 289.732375 0.135714 0.135714 0.135714
v 10.886651 -13.606666 290.837159 0.135714 0.135714 0.135714
v 9.447126 -14.966139 290.837159 0.135714 0.135714 0.135714
v 9.627769 -16.599302 289.732375 0.128571 0.128571 0.128571
v 10.988817 -16.598612 288.294338 0.128571 0.128571 0.128571
v 12.428342 -15.239139 288.294338 0.128571 0.128571 0.128571
v 12.506820 -13.880356 289.732375 0.128571 0.128571 0.128571
v 11.145772 -13.881046 291.170412 0.128571 0.128571 0.128571
v 9.706247 -15.240519 291.170412 0.128571 0.128571 0.128571
v 24.408209 -31.929661 303.562686 0.271429 0.271429 0.271429
v 25.618028 -31.929048 302.284431 0.271429 0.271429 0.271429
v 26.897606 -30.720627 302.284431 0.271429 0.271429 0.271429
v 26.967364 -29.512820 303.562686 0.271429 0.271429 0.271429
v 25.757544 -29.513434 304.840941 0.271429 0.271429 0.271429
v 24.477967 -30.721854 304.840941 0.271429 0.271429 0.271429
v 24.408209 -31.929661 303.562686 0.257143 0.257143 0.257143
v 25.296231 -31.588302 302.081980 0.257143 0.257143 0.257143
v 26.575809 -30.379881 302.081980 0.257143 0.257143 0.257143
v 26.967364 -29.512820 303.562686 0.257143 0.257143 0.257143
v 26.079341 -29.854179 305.043392 0.257143 0.257143 0.257143
v 24.799764 -31.062600 305.043392 0.257143 0.257143 0.257143
v 41.238509 -49.430587 309.490933 0.407143 0.407143 0.407143
v 42.015529 -49.131897 308.195315 0.407143 0.407143 0.407143
v 43.135159 -48.074529 308.195315 0.407143 0.407143 0.407143
v 43.477770 -47.315851 309.490933 0.407143 0.407143 0.407143
v 42.700750 -47.614540 310.786550 0.407143 0.407143 0.407143
v 41.581119 -48.671908 310.786550 0.407143 0.407143 0.407143
v 41.238509 -49.430587 309.490933 0.385714 0.385714 0.385714
v 41.732206 -48.831891 308.160735 0.385714 0.385714 0.385714
v 42.851836 -47.774523 308.160735 0.385714 0.385714 0.385714
v 43.477770 -47.315851 309.490933 0.385714 0.385714 0.385714
v 42.984073 -47.914547 310.821131 0.385714 0.385714 0.385714
v 41.864443 -48.971915 310.821131 0.385714 0.385714 0.385714
v 60.118670 -69.102079 307.517115 0.542857 0.542857 0.542857
v 60.541839 -68.588911 306.376945 0.542857 0.542857 0.542857
v 61.501522 -67.682595 306.376945 0.542857 0.542857 0.542857
v 62.038037 -67.289448 307.517115 0.542857 0.542857 0.542857
v 61.614868 -67.802615 308.657285 0.542857 0.542857 0.542857
v 60.655185 -68.708931 308.657285 0.542857 0.542857 0.542857
v 60.118670 -69.102079 307.517115 0.514286 0.514286 0.514286
v 60.354921 -68.390986 306.430408 0.514286 0.514286 0.514286
v 61.314604 -67.484670 306.430408 0.514286 0.514286 0.514286
v 62.038037 -67.289448 307.517115 0.514286 0.514286 0.514286
v 61.801786 -68.000540 308.603822 0.514286 0.514286 0.514286
v 60.842103 -68.906856 308.603822 0.514286 0.514286 0.514286
v 81.048693 -90.944136 297.641233 0.678571 0.678571 0.678571
v 81.245568 -90.351559 296.735644 0.678571 0.678571 0.678571
v 82.045305 -89.596296 296.735644 0.678571 0.678571 0.678571
v 82.648165 -89.433611 297.641233 0.678571 0.678571 0.678571
v 82.451290 -90.026188 298.546823 0.678571 0.678571 0.678571
v 81.651554 -90.781451 298.546823 0.678571 0.678571 0.678571
v 81.048693 -90.944136 297.641233 0.642857 0.642857 0.642857
v 81.140057 -90.239835 296.801226 0.642857 0.642857 0.642857
v 81.939793 -89.484572 296.801226 0.642857 0.642857 0.642857
v 82.648165 -89.433611 297.641233 0.642857 0.642857 0.642857
v 82.556801 -90.137912 298.481240 0.642857 0.642857 0.642857
v 81.757065 -90.893175 298.481240 0.642857 0.642857 0.642857
v 104.028577 -114.956760 279.863287 0.814286 0.814286 0.814286
v 104.101668 -114.393319 279.191281 0.814286 0.814286 0.814286
v 104.741457 -113.789109 279.191281 0.814286 0.814286 0.814286
v 105.308155 -113.748340 279.863287 0.814286 0.814286 0.814286
v 105.235063 -114.311781 280.535292 0.814286 0.814286 0.814286
v 104.595274 -114.915991 280.535292 0.814286 0.814286 0.814286
v 104.028577 -114.956760 279.863287 0.771429 0.771429 0.771429
v 104.045836 -114.334199 279.241580 0.771429 0.771429 0.771429
v 104.685625 -113.729989 279.241580 0.771429 0.771429 0.771429
v 105.308155 -113.748340 279.863287 0.771429 0.771429 0.771429
v 105.290895 -114.370901 280.484994 0.771429 0.771429 0.771429
v 104.651107 -114.975111 280.484994 0.771429 0.771429 0.771429
v 129.058322 -141.139950 254.183276 0.950000 0.950000 0.950000
v 129.071266 -140.673030 253.716996 0.950000 0.950000 0.950000
v 129.551108 -140.219872 253.716996 0.950000 0.950000 0.950000
v 130.018005 -140.233635 254.183276 0.950000 0.950000 0.950000
v 130.005061 -140.700556 254.649557 0.950000 0.950000 0.950000
v 129.525219 -141.153714 254.649557 0.950000 0.950000 0.950000
v 5.605451 -10.179810 285.594623 0.090000 0.090000 0.090000
v 8.556289 -11.857521 282.490136 0.090000 0.090000 0.090000
v 19.075558 -4.512633 294.398243 0.345000 0.345000 0.345000
v 21.214916 -5.728973 292.147490 0.345000 0.345000 0.345000
v 32.545666 1.154545 303.201864 0.600000 0.600000 0.600000
v 33.873543 0.399575 301.804845 0.600000 0.600000 0.600000
v 7.834029 -12.539617 282.490136 0.090000 0.090000 0.090000
v 6.327711 -9.497715 285.594623 0.090000 0.090000 0.090000
v 0.992012 -24.827283 292.147490 0.345000 0.345000 0.345000
v -0.100068 -22.621904 294.398243 0.345000 0.345000 0.345000
v -5.850005 -37.114950 301.804845 0.600000 0.600000 0.600000
v -6.527847 -35.746094 303.201864 0.600000 0.600000 0.600000
v 9.134056 -13.967993 290.709645 0.123652 0.123652 0.123652
v 11.963178 -15.413225 287.382878 0.123652 0.123652 0.123652
v 24.200901 -7.944836 300.031486 0.371174 0.371174 0.371174
v 26.252014 -8.992629 297.619581 0.371174 0.371174 0.371174
v 39.267746 -1.921678 309.353328 0.618696 0.618696 0.618696
v 40.540851 -2.572032 307.856283 0.618696 0.618696 0.618696
v 11.189204 -16.144158 287.382878 0.123652 0.123652 0.123652
v 9.908030 -13.237060 290.709645 0.123652 0.123652 0.123652
v 3.962444 -30.042678 297.619581 0.371174 0.371174 0.371174
v 3.033593 -27.935032 300.031486 0.371174 0.371174 0.371174
v -3.264315 -43.941197 307.856283 0.618696 0.618696 0.618696
v -3.840844 -42.633003 309.353328 0.618696 0.618696 0.618696
v 12.814932 -17.915517 295.279247 0.157304 0.157304 0.157304
v 15.498657 -19.106987 291.738341 0.157304 0.157304 0.157304
v 29.476050 -11.594975 304.958584 0.397348 0.397348 0.397348
v 31.421751 -12.458791 302.391427 0.397348 0.397348 0.397348
v 46.137168 -5.274433 314.637921 0.637391 0.637391 0.637391
v 47.344844 -5.810594 313.044513 0.637391 0.637391 0.637391
v 14.674863 -19.884970 291.738341 0.157304 0.157304 0.157304
v 13.638726 -17.137535 295.279247 0.157304 0.157304 0.157304
v 7.127471 -35.402067 302.391427 0.397348 0.397348 0.397348
v 6.376272 -33.410176 304.958584 0.397348 0.397348 0.397348
v -0.419920 -50.919164 313.044513 0.637391 0.637391 0.637391
v -0.886182 -49.682818 314.637921 0.637391 0.637391 0.637391
v 16.648168 -22.021022 299.300312 0.190957 0.190957 0.190957
v 19.162638 -22.940169 295.559642 0.190957 0.190957 0.190957
v 34.872375 -15.453768 309.159097 0.423522 0.423522 0.423522
v 36.695366 -16.120149 306.447112 0.423522 0.423522 0.423522
v 53.096581 -8.886513 319.017883 0.656087 0.656087 0.656087
v 54.228093 -9.300129 317.334581 0.656087 0.656087 0.656087
v 18.292369 -23.762042 295.559642 0.190957 0.190957 0.190957
v 17.518436 -21.199149 299.300312 0.190957 0.190957 0.190957
v 10.481438 -40.876321 306.447112 0.423522 0.423522 0.423522
v 9.920337 -39.018224 309.159097 0.423522 0.423522 0.423522
v 2.670508 -57.990601 317.334581 0.656087 0.656087 0.656087
v 2.322238 -56.837299 319.017883 0.656087 0.656087 0.656087
v 20.633127 -26.282392 302.769743 0.224609 0.224609 0.224609
v 22.955756 -26.914884 298.849877 0.224609 0.224609 0.224609
v 40.356355 -19.507478 312.620887 0.449696 0.449696 0.449696
v 42.040261 -19.966034 309.778985 0.449696 0.449696 0.449696
v 60.079582 -12.732563 322.472032 0.674783 0.674783 0.674783
v 61.124766 -13.017184 320.708092 0.674783 0.674783 0.674783
v 22.043797 -27.776129 298.849877 0.224609 0.224609 0.224609
v 21.545086 -25.421147 302.769743 0.224609 0.224609 0.224609
v 14.015557 -46.432286 309.778985 0.449696 0.449696 0.449696
v 13.653992 -44.724925 312.620887 0.449696 0.449696 0.449696
v 5.987317 -65.088443 320.708092 0.674783 0.674783 0.674783
v 5.762897 -64.028702 322.472032 0.674783 0.674783 0.674783
v 24.768393 -30.696864 305.684831 0.258261 0.258261 0.258261
v 26.879429 -31.033898 301.611757 0.258261 0.258261 0.258261
v 45.890865 -23.739829 315.342412 0.475870 0.475870 0.475870
v 47.421367 -23.984179 312.389433 0.475870 0.475870 0.475870
v 67.013338 -16.782795 324.999992 0.693478 0.693478 0.693478
v 67.963304 -16.934460 323.167109 0.693478 0.693478 0.693478
v 25.931826 -31.928805 301.611757 0.258261 0.258261 0.258261
v 25.715996 -29.801957 305.684831 0.258261 0.258261 0.258261
v 17.719585 -52.034248 312.389433 0.475870 0.475870 0.475870
v 17.563108 -50.492283 315.342412 0.475870 0.475870 0.475870
v 9.507343 -72.139690 323.167109 0.693478 0.693478 0.693478
v 9.410219 -71.182609 324.999992 0.693478 0.693478 0.693478
v 29.051840 -35.261263 308.043596 0.291913 0.291913 0.291913
v 30.935782 -35.300384 303.847260 0.291913 0.291913 0.291913
v 51.437468 -28.134656 317.333827 0.502043 0.502043 0.502043
v 52.803326 -28.163018 314.291483 0.502043 0.502043 0.502043
v 73.823095 -21.008048 326.624057 0.712174 0.712174 0.712174
v 74.670869 -21.025653 324.735706 0.712174 0.712174 0.712174
v 29.959502 -36.222373 303.847260 0.291913 0.291913 0.291913
v 30.028120 -34.339274 308.043596 0.291913 0.291913 0.291913
v 21.583994 -57.646245 314.291483 0.502043 0.502043 0.502043
v 21.633742 -56.280999 317.333827 0.502043 0.502043 0.502043
v 13.208486 -79.070118 324.735706 0.712174 0.712174 0.712174
v 13.239364 -78.222723 326.624057 0.712174 0.712174 0.712174
v 33.480841 -39.972339 309.845029 0.325565 0.325565 0.325565
v 35.127442 -39.717592 305.557395 0.325565 0.325565 0.325565
v 56.959367 -32.678704 318.616369 0.528217 0.528217 0.528217
v 58.153152 -32.494012 315.507834 0.528217 0.528217 0.528217
v 80.437892 -25.385069 327.387708 0.730870 0.730870 0.730870
v 81.178862 -25.270433 325.458273 0.730870 0.730870 0.730870
v 34.129922 -40.659641 305.557395 0.325565 0.325565 0.325565
v 34.478362 -39.030291 309.845029 0.325565 0.325565 0.325565
v 25.602147 -63.234859 315.507834 0.528217 0.528217 0.528217
v 25.854766 -62.053580 318.616369 0.528217 0.528217 0.528217
v 17.074372 -85.810077 325.458273 0.730870 0.730870 0.730870
v 17.231170 -85.076870 327.387708 0.730870 0.730870 0.730870
v 38.052559 -44.827104 311.089168 0.359217 0.359217 0.359217
v 39.457247 -44.288511 306.742126 0.359217 0.359217 0.359217
v 62.424408 -37.363861 319.219981 0.554391 0.554391 0.554391
v 63.442807 -36.973381 316.068376 0.554391 0.554391 0.554391
v 86.796257 -29.900618 327.350795 0.749565 0.749565 0.749565
v 87.428367 -29.658252 325.394626 0.749565 0.749565 0.749565
v 38.445905 -45.243612 306.742126 0.359217 0.359217 0.359217
v 39.063901 -43.872003 311.089168 0.359217 0.359217 0.359217
v 29.771871 -68.771879 316.068376 0.554391 0.554391 0.554391
v 30.219918 -67.777462 319.219981 0.554391 0.554391 0.554391
v 21.097837 -92.300146 325.394626 0.749565 0.749565 0.749565
v 21.375935 -91.682922 327.350795 0.749565 0.749565 0.749565
v 42.764255 -49.823111 311.776982 0.392870 0.392870 0.392870
v 43.927935 -49.015588 307.400482 0.392870 0.392870 0.392870
v 67.807445 -42.188241 319.179716 0.580565 0.580565 0.580565
v 68.651112 -41.602787 316.006753 0.580565 0.580565 0.580565
v 92.850634 -34.553372 326.582450 0.768261 0.768261 0.768261
v 93.374290 -34.189986 324.613025 0.768261 0.768261 0.768261
v 42.909739 -49.977162 307.400482 0.392870 0.392870 0.392870
v 43.782450 -48.861537 311.776982 0.392870 0.392870 0.392870
v 34.096036 -74.236258 316.006753 0.580565 0.580565 0.580565
v 34.728752 -73.427431 319.179716 0.580565 0.580565 0.580565
v 25.282333 -98.495355 324.613025 0.768261 0.768261 0.768261
v 25.675053 -97.993324 326.582450 0.768261 0.768261 0.768261
v 47.613541 -54.958609 311.910143 0.426522 0.426522 0.426522
v 48.541894 -53.900573 307.530791 0.426522 0.426522 0.426522
v 73.091622 -47.155954 318.531813 0.606739 0.606739 0.606739
v 73.764677 -46.388878 315.356783 0.606739 0.606739 0.606739
v 98.569702 -39.353298 325.153483 0.786957 0.786957 0.786957
v 98.987461 -38.877183 323.182774 0.786957 0.786957 0.786957
v 47.523035 -54.862773 307.530791 0.426522 0.426522 0.426522
v 48.632400 -53.996409 311.910143 0.426522 0.426522 0.426522
v 38.582045 -79.615007 315.356783 0.606739 0.606739 0.606739
v 39.386334 -78.986893 318.531813 0.606739 0.606739 0.606739
v 29.641055 -104.367241 323.182774 0.786957 0.786957 0.786957
v 30.140269 -103.977377 325.153483 0.786957 0.786957 0.786957
v 52.598533 -60.232571 311.490726 0.460174 0.460174 0.460174
v 53.301007 -58.944494 307.130980 0.460174 0.460174 0.460174
v 78.268519 -52.275818 317.310309 0.632913 0.632913 0.632913
v 78.777812 -51.341962 314.149493 0.632913 0.632913 0.632913
v 103.938504 -44.319065 323.129893 0.805652 0.805652 0.805652
v 104.254617 -43.739431 321.168007 0.805652 0.805652 0.805652
v 52.286710 -59.902386 307.130980 0.460174 0.460174 0.460174
v 53.612831 -59.274679 311.490726 0.460174 0.460174 0.460174
v 43.240514 -84.903034 314.149493 0.632913 0.632913 0.632913
v 44.201951 -84.447946 317.310309 0.632913 0.632913 0.632913
v 34.194318 -109.903683 321.168007 0.805652 0.805652 0.805652
v 34.791072 -109.621214 323.129893 0.805652 0.805652 0.805652
v 57.717904 -65.644618 310.520936 0.493826 0.493826 0.493826
v 58.206605 -64.147729 306.198842 0.493826 0.493826 0.493826
v 83.337401 -57.559521 315.544721 0.659087 0.659087 0.659087
v 83.691709 -56.474276 312.411203 0.659087 0.659087 0.659087
v 108.956898 -49.474423 320.568507 0.824348 0.824348 0.824348
v 109.176813 -48.800823 318.623565 0.824348 0.824348 0.824348
v 57.201067 -65.097348 306.198842 0.493826 0.493826 0.493826
v 58.723441 -64.694999 310.520936 0.493826 0.493826 0.493826
v 48.083591 -90.102229 312.411203 0.659087 0.659087 0.659087
v 49.187312 -89.810525 315.544721 0.659087 0.659087 0.659087
v 38.966116 -115.107109 318.623565 0.824348 0.824348 0.824348
v 39.651184 -114.926052 320.568507 0.824348 0.824348 0.824348
v 62.970845 -71.194885 309.002893 0.527478 0.527478 0.527478
v 63.259491 -69.510143 304.732257 0.527478 0.527478 0.527478
v 88.303974 -63.019722 313.258898 0.685261 0.685261 0.685261
v 88.513242 -61.798284 310.162687 0.685261 0.685261 0.685261
v 113.637102 -54.844558 317.514903 0.843043 0.843043 0.843043
v 113.766993 -54.086424 315.593117 0.843043 0.843043 0.843043
v 62.265926 -70.448457 304.732257 0.527478 0.527478 0.527478
v 63.964411 -70.256572 309.002893 0.527478 0.527478 0.527478
v 53.123328 -95.220167 310.162687 0.685261 0.685261 0.685261
v 54.354730 -95.081050 313.258898 0.685261 0.685261 0.685261
v 43.980731 -119.991877 315.593117 0.843043 0.843043 0.843043
v 44.745050 -119.905529 317.514903 0.843043 0.843043 0.843043
v 68.356993 -76.883871 306.938499 0.561130 0.561130 0.561130
v 68.460033 -75.031239 302.729325 0.561130 0.561130 0.561130
v 93.179019 -68.668463 310.470853 0.711435 0.711435 0.711435
v 93.253723 -67.325305 307.419202 0.711435 0.711435 0.711435
v 118.001045 -60.453056 314.003207 0.861739 0.861739 0.861739
v 118.047413 -59.619372 312.109079 0.861739 0.861739 0.861739
v 67.480767 -75.956049 302.729325 0.561130 0.561130 0.561130
v 69.336259 -75.959061 306.938499 0.561130 0.561130 0.561130
v 58.370380 -100.268788 307.419202 0.711435 0.711435 0.711435
v 59.715612 -100.270973 310.470853 0.711435 0.711435 0.711435
v 49.259993 -124.581528 312.109079 0.861739 0.861739 0.861739
v 50.094965 -124.582884 314.003207 0.861739 0.861739 0.861739
v 73.876320 -82.712298 304.329366 0.594783 0.594783 0.594783
v 73.808258 -80.710293 300.188432 0.594783 0.594783 0.594783
v 97.977146 -74.516035 307.193241 0.737609 0.737609 0.737609
v 97.927801 -73.064581 304.191063 0.737609 0.737609 0.737609
v 122.077972 -66.319771 310.057115 0.880435 0.880435 0.880435
v 122.047344 -65.418868 308.193695 0.880435 0.880435 0.880435
v 72.844867 -81.620109 300.188432 0.594783 0.594783 0.594783
v 74.839710 -81.802482 304.329366 0.594783 0.594783 0.594783
v 63.833133 -105.263247 304.191063 0.737609 0.737609 0.737609
v 65.279395 -105.395467 307.193241 0.737609 0.737609 0.737609
v 54.821400 -128.906384 308.193695 0.880435 0.880435 0.880435
v 55.719079 -128.988451 310.057115 0.880435 0.880435 0.880435
v 79.529038 -88.681005 301.176810 0.628435 0.628435 0.628435
v 79.303952 -86.546466 297.108263 0.628435 0.628435 0.628435
v 102.715782 -80.570290 303.434158 0.763783 0.763783 0.763783
v 102.552594 -79.022749 300.484461 0.763783 0.763783 0.763783
v 125.902526 -72.459574 305.691505 0.899130 0.899130 0.899130
v 125.801237 -71.499031 303.860659 0.899130 0.899130 0.899130
v 78.357402 -87.440378 297.108263 0.628435 0.628435 0.628435
v 80.475587 -87.787093 301.176810 0.628435 0.628435 0.628435
v 69.517239 -110.221011 300.484461 0.763783 0.763783 0.763783
v 71.052923 -110.472379 303.434158 0.763783 0.763783 0.763783
v 60.677075 -133.001644 303.860659 0.899130 0.899130 0.899130
v 61.630259 -133.157665 305.691505 0.899130 0.899130 0.899130
v 85.315515 -94.790862 297.481861 0.662087 0.662087 0.662087
v 84.946748 -92.538890 293.487787 0.662087 0.662087 0.662087
v 107.414408 -86.836343 299.198029 0.789957 0.789957 0.789957
v 107.147051 -85.203663 296.302325 0.789957 0.789957 0.789957
v 129.513301 -78.881825 300.914196 0.917826 0.917826 0.917826
v 129.347355 -77.868437 299.116862 0.917826 0.917826 0.917826
v 84.017524 -93.416439 293.487787 0.662087 0.662087 0.662087
v 86.244739 -93.913312 297.481861 0.662087 0.662087 0.662087
v 75.425460 -115.161220 296.302325 0.789957 0.789957 0.789957
v 77.040191 -115.521453 299.198029 0.789957 0.789957 0.789957
v 66.833396 -136.906000 299.116862 0.917826 0.917826 0.917826
v 67.835643 -137.129593 300.914196 0.917826 0.917826 0.917826
v 91.236208 -101.042717 293.245305 0.695739 0.695739 0.695739
v 90.736190 -98.686715 289.326219 0.695739 0.695739 0.695739
v 112.094007 -93.316537 294.486442 0.816130 0.816130 0.816130
v 111.731494 -91.608435 291.645104 0.816130 0.816130 0.816130
v 132.951806 -85.590357 295.727579 0.936522 0.936522 0.936522
v 132.726798 -84.530156 293.963990 0.936522 0.936522 0.936522
v 89.824412 -99.547788 289.326219 0.695739 0.695739 0.695739
v 92.147985 -100.181643 293.245305 0.695739 0.695739 0.695739
v 81.557745 -120.104224 291.645104 0.816130 0.816130 0.816130
v 83.242335 -120.563769 294.486442 0.816130 0.816130 0.816130
v 73.291078 -140.660661 293.963990 0.936522 0.936522 0.936522
v 74.336686 -140.945895 295.727579 0.936522 0.936522 0.936522
v 97.291611 -107.437364 288.467722 0.729391 0.729391 0.729391
v 96.671782 -104.989146 284.622979 0.729391 0.729391 0.729391
v 116.776664 -100.010576 289.298859 0.842304 0.842304 0.842304
v 116.327289 -98.235618 286.511421 0.842304 0.842304 0.842304
v 136.261718 -92.583788 290.129997 0.955217 0.955217 0.955217
v 135.982796 -91.482090 288.399863 0.955217 0.955217 0.955217
v 95.777301 -105.833886 284.622979 0.729391 0.729391 0.729391
v 98.186092 -106.592625 288.467722 0.729391 0.729391 0.729391
v 87.911429 -125.071275 286.511421 0.842304 0.842304 0.842304
v 89.657802 -125.621361 289.298859 0.842304 0.842304 0.842304
v 80.045556 -144.308664 288.399863 0.955217 0.955217 0.955217
v 81.129512 -144.650097 290.129997 0.955217 0.955217 0.955217
v 103.482226 -113.975530 283.149525 0.763043 0.763043 0.763043
v 102.753024 -111.445460 279.377654 0.763043 0.763043 0.763043
v 121.485269 -106.915773 283.633188 0.868478 0.868478 0.868478
v 120.956597 -105.081473 280.898582 0.868478 0.868478 0.868478
v 139.488312 -99.856017 284.116852 0.973913 0.973913 0.973913
v 139.160171 -98.717485 282.419510 0.973913 0.973913 0.973913
v 101.875496 -112.274188 279.377654 0.763043 0.763043 0.763043
v 104.359754 -113.146801 283.149525 0.763043 0.763043 0.763043
v 94.481511 -130.084281 280.898582 0.868478 0.868478 0.868478
v 96.282598 -130.716926 283.633188 0.868478 0.868478 0.868478
v 87.087527 -147.894374 282.419510 0.973913 0.973913 0.973913
v 88.205443 -148.287050 284.116852 0.973913 0.973913 0.973913
v 109.808541 -120.657861 277.291000 0.796696 0.796696 0.796696
v 108.979427 -118.055007 273.589957 0.796696 0.796696 0.796696
v 126.243271 -114.027334 277.486227 0.894652 0.894652 0.894652
v 125.642164 -112.140265 274.802970 0.894652 0.894652 0.894652
v 142.678001 -107.396808 277.681454 0.992609 0.992609 0.992609
v 142.304900 -106.225523 276.015984 0.992609 0.992609 0.992609
v 108.118378 -118.868174 273.589957 0.796696 0.796696 0.796696
v 110.669590 -119.844694 277.291000 0.796696 0.796696 0.796696
v 101.260969 -135.165624 274.802970 0.894652 0.894652 0.894652
v 103.110598 -135.873601 277.486227 0.894652 0.894652 0.894652
v 94.403559 -151.463074 276.015984 0.992609 0.992609 0.992609
v 95.551605 -151.902509 277.681454 0.992609 0.992609 0.992609
v 116.271012 -127.484930 270.892334 0.830348 0.830348 0.830348
v 115.350535 -124.817216 267.259701 0.830348 0.830348 0.830348
v 131.074465 -121.338667 270.853996 0.915174 0.915174 0.915174
v 130.407119 -119.404574 268.220337 0.915174 0.915174 0.915174
v 145.877918 -115.192403 270.815657 1.000000 1.000000 1.000000
v 145.463703 -113.991932 269.180972 1.000000 1.000000 1.000000
v 114.505401 -125.615352 267.259701 0.830348 0.830348 0.830348
v 117.116146 -126.686794 270.892334 0.830348 0.830348 0.830348
v 108.241068 -140.337972 268.220337 0.915174 0.915174 0.915174
v 110.133859 -141.114768 270.853996 0.915174 0.915174 0.915174
v 101.976736 -155.060593 269.180972 1.000000 1.000000 1.000000
v 103.151571 -155.542742 270.815657 1.000000 1.000000 1.000000
v 122.870066 -134.457239 263.953639 0.864000 0.864000 0.864000
v 121.865922 -131.731585 260.386776 0.864000 0.864000 0.864000
v 136.002788 -128.841688 263.731990 0.932000 0.932000 0.932000
v 135.274785 -126.865589 261.146015 0.932000 0.932000 0.932000
v 149.135511 -123.226138 263.510342 1.000000 1.000000 1.000000
v 148.683647 -121.999594 261.905254 1.000000 1.000000 1.000000
v 121.036090 -132.515270 260.386776 0.864000 0.864000 0.864000
v 123.699898 -133.673553 263.953639 0.864000 0.864000 0.864000
v 115.411683 -145.624105 261.146015 0.932000 0.932000 0.932000
v 117.342944 -146.463860 263.731990 0.932000 0.932000 0.932000
v 109.787277 -158.732940 261.905254 1.000000 1.000000 1.000000
v 110.985991 -159.254167 263.510342 1.000000 1.000000 1.000000
v -2.392844 -3.941140 268.000000 0.000000 0.000000 0.000000
v -1.090705 -3.314083 266.341316 0.000000 0.000000 0.000000
v -0.201197 -1.301926 266.341316 0.000000 0.000000 0.000000
v -0.613828 0.083174 268.000000 0.000000 0.000000 0.000000
v -1.915968 -0.543883 269.658684 0.000000 0.000000 0.000000
v -2.805476 -2.556040 269.658684 0.000000 0.000000 0.000000
v 14.077963 -10.981799 278.122721 0.135714 0.135714 0.135714
v 15.249888 -10.417448 276.629906 0.135714 0.135714 0.135714
v 16.050445 -8.606506 276.629906 0.135714 0.135714 0.135714
v 15.679077 -7.359916 278.122721 0.135714 0.135714 0.135714
v 14.507151 -7.924267 279.615537 0.135714 0.135714 0.135714
v 13.706594 -9.735209 279.615537 0.135714 0.135714 0.135714
v 14.077963 -10.981799 278.122721 0.128571 0.128571 0.128571
v 14.711003 -10.179225 276.426981 0.128571 0.128571 0.128571
v 15.511560 -8.368283 276.426981 0.128571 0.128571 0.128571
v 15.679077 -7.359916 278.122721 0.128571 0.128571 0.128571
v 15.046036 -8.162490 279.818461 0.128571 0.128571 0.128571
v 14.245479 -9.973432 279.818461 0.128571 0.128571 0.128571
v 32.852836 -19.041009 281.188841 0.271429 0.271429 0.271429
v 33.415539 -18.327610 279.681517 0.271429 0.271429 0.271429
v 34.127145 -16.717884 279.681517 0.271429 0.271429 0.271429
v 34.276049 -15.821558 281.188841 0.271429 0.271429 0.271429
v 33.713346 -16.534957 282.696166 0.271429 0.271429 0.271429
v 33.001740 -18.144683 282.696166 0.271429 0.271429 0.271429
v 32.852836 -19.041009 281.188841 0.257143 0.257143 0.257143
v 32.969822 -18.130573 279.687169 0.257143 0.257143 0.257143
v 33.681428 -16.520847 279.687169 0.257143 0.257143 0.257143
v 34.276049 -15.821558 281.188841 0.257143 0.257143 0.257143
v 34.159064 -16.731994 282.690514 0.257143 0.257143 0.257143
v 33.447457 -18.341720 282.690514 0.257143 0.257143 0.257143
v 53.931777 -28.118771 277.198360 0.407143 0.407143 0.407143
v 54.034139 -27.322139 275.884397 0.407143 0.407143 0.407143
v 54.656795 -25.913629 275.884397 0.407143 0.407143 0.407143
v 55.177088 -25.301751 277.198360 0.407143 0.407143 0.407143
v 55.074726 -26.098383 278.512324 0.407143 0.407143 0.407143
v 54.452070 -27.506893 278.512324 0.407143 0.407143 0.407143
v 53.931777 -28.118771 277.198360 0.385714 0.385714 0.385714
v 53.757706 -27.199938 275.974822 0.385714 0.385714 0.385714
v 54.380362 -25.791428 275.974822 0.385714 0.385714 0.385714
v 55.177088 -25.301751 277.198360 0.385714 0.385714 0.385714
v 55.351158 -26.220585 278.421898 0.385714 0.385714 0.385714
v 54.728503 -27.629095 278.421898 0.385714 0.385714 0.385714
v 77.314785 -38.215084 266.151277 0.542857 0.542857 0.542857
v 77.165581 -37.427513 265.102531 0.542857 0.542857 0.542857
v 77.699286 -36.220219 265.102531 0.542857 0.542857 0.542857
v 78.382194 -35.800496 266.151277 0.542857 0.542857 0.542857
v 78.531397 -36.588067 267.200024 0.542857 0.542857 0.542857
v 77.997693 -37.795362 267.200024 0.542857 0.542857 0.542857
v 77.314785 -38.215084 266.151277 0.514286 0.514286 0.514286
v 77.013776 -37.360405 265.191425 0.514286 0.514286 0.514286
v 77.547481 -36.153111 265.191425 0.514286 0.514286 0.514286
v 78.382194 -35.800496 266.151277 0.514286 0.514286 0.514286
v 78.683202 -36.655175 267.111130 0.514286 0.514286 0.514286
v 78.149498 -37.862470 267.111130 0.514286 0.514286 0.514286
v 103.001859 -49.329949 248.047593 0.678571 0.678571 0.678571
v 102.751019 -48.617716 247.247716 0.678571 0.678571 0.678571
v 103.195773 -47.611638 247.247716 0.678571 0.678571 0.678571
v 103.891367 -47.317792 248.047593 0.678571 0.678571 0.678571
v 104.142207 -48.030025 248.847471 0.678571 0.678571 0.678571
v 103.697453 -49.036104 248.847471 0.678571 0.678571 0.678571
v 103.001859 -49.329949 248.047593 0.642857 0.642857 0.642857
v 102.669867 -48.581842 247.312667 0.642857 0.642857 0.642857
v 103.114621 -47.575763 247.312667 0.642857 0.642857 0.642857
v 103.891367 -47.317792 248.047593 0.642857 0.642857 0.642857
v 104.223359 -48.065900 248.782519 0.642857 0.642857 0.642857
v 103.778606 -49.071978 248.782519 0.642857 0.642857 0.642857
v 130.993001 -61.463366 222.887308 0.814286 0.814286 0.814286
v 130.727407 -60.864880 222.299367 0.814286 0.814286 0.814286
v 131.083210 -60.060017 222.299367 0.814286 0.814286 0.814286
v 131.704607 -59.853640 222.887308 0.814286 0.814286 0.814286
v 131.970201 -60.452126 223.475249 0.814286 0.814286 0.814286
v 131.614398 -61.256989 223.475249 0.814286 0.814286 0.814286
v 130.993001 -61.463366 222.887308 0.771429 0.771429 0.771429
v 130.684177 -60.845769 222.341778 0.771429 0.771429 0.771429
v 131.039980 -60.040906 222.341778 0.771429 0.771429 0.771429
v 131.704607 -59.853640 222.887308 0.771429 0.771429 0.771429
v 132.013430 -60.471236 223.432838 0.771429 0.771429 0.771429
v 131.657627 -61.276099 223.432838 0.771429 0.771429 0.771429
v 161.288209 -74.615333 190.670421 0.950000 0.950000 0.950000
v 161.056592 -74.152136 190.261274 0.950000 0.950000 0.950000
v 161.323444 -73.548489 190.261274 0.950000 0.950000 0.950000
v 161.821914 -73.408039 190.670421 0.950000 0.950000 0.950000
v 162.053531 -73.871236 191.079568 0.950000 0.950000 0.950000
v 161.786679 -74.474884 191.079568 0.950000 0.950000 0.950000
v 8.621958 -7.107670 277.835090 0.090000 0.090000 0.090000
v 10.822114 -6.675025 273.818607 0.090000 0.090000 0.090000
v 20.397224 3.173978 284.668484 0.345000 0.345000 0.345000
v 21.992337 3.487645 281.756534 0.345000 0.345000 0.345000
v 32.172490 13.455625 291.501878 0.600000 0.600000 0.600000
v 33.162560 13.650315 289.694461 0.600000 0.600000 0.600000
v 10.302449 -7.850559 273.818607 0.090000 0.090000 0.090000
v 9.141623 -5.932136 277.835090 0.090000 0.090000 0.090000
v 10.304244 -22.952007 281.756534 0.345000 0.345000 0.345000
v 9.462645 -21.561151 284.668484 0.345000 0.345000 0.345000
v 10.306039 -38.053456 289.694461 0.600000 0.600000 0.600000
v 9.783668 -37.190165 291.501878 0.600000 0.600000 0.600000
v 13.282862 -9.193526 279.946160 0.123652 0.123652 0.123652
v 15.135827 -8.556549 275.784336 0.123652 0.123652 0.123652
v 26.500507 2.105169 286.861240 0.371174 0.371174 0.371174
v 27.843907 2.566977 283.843917 0.371174 0.371174 0.371174
v 39.718152 13.403864 293.776319 0.618696 0.618696 0.618696
v 40.551986 13.690504 291.903498 0.618696 0.618696 0.618696
v 14.597358 -9.774621 275.784336 0.123652 0.123652 0.123652
v 13.821331 -7.975454 279.946160 0.123652 0.123652 0.123652
v 14.923556 -26.660169 283.843917 0.371174 0.371174 0.371174
v 14.360936 -25.355772 286.861240 0.371174 0.371174 0.371174
v 15.249754 -43.545716 291.903498 0.618696 0.618696 0.618696
v 14.900541 -42.736091 293.776319 0.618696 0.618696 0.618696
v 18.108246 -11.345663 281.555421 0.157304 0.157304 0.157304
v 19.600750 -10.511349 277.285017 0.157304 0.157304 0.157304
v 32.716458 0.951757 288.382227 0.397348 0.397348 0.397348
v 33.798524 1.556634 285.286184 0.397348 0.397348 0.397348
v 47.324670 13.249176 295.209034 0.637391 0.637391 0.637391
v 47.996297 13.624617 293.287352 0.637391 0.637391 0.637391
v 19.048233 -11.761199 277.285017 0.157304 0.157304 0.157304
v 18.660764 -10.095812 281.555421 0.157304 0.157304 0.157304
v 19.678547 -30.384188 285.286184 0.397348 0.397348 0.397348
v 19.397632 -29.176782 288.382227 0.397348 0.397348 0.397348
v 20.308861 -49.007176 293.287352 0.637391 0.637391 0.637391
v 20.134500 -48.257751 295.209034 0.637391 0.637391 0.637391
v 23.093284 -13.561770 282.662370 0.190957 0.190957 0.190957
v 24.221712 -12.541734 278.321151 0.190957 0.190957 0.190957
v 38.999143 -0.290727 289.244867 0.423522 0.423522 0.423522
v 39.817253 0.448799 286.097483 0.423522 0.423522 0.423522
v 54.905002 12.980316 295.827364 0.656087 0.656087 0.656087
v 55.412795 13.439332 293.873816 0.656087 0.656087 0.656087
v 23.660032 -13.812311 278.321151 0.190957 0.190957 0.190957
v 23.654963 -12.291194 282.662370 0.190957 0.190957 0.190957
v 24.548794 -34.090007 286.097483 0.423522 0.423522 0.423522
v 24.545119 -32.987197 289.244867 0.423522 0.423522 0.423522
v 25.437556 -54.367703 293.873816 0.656087 0.656087 0.656087
v 25.435275 -53.683200 295.827364 0.656087 0.656087 0.656087
v 28.233354 -15.840110 283.267877 0.224609 0.224609 0.224609
v 29.003332 -14.649444 278.891869 0.224609 0.224609 0.224609
v 45.307779 -1.630813 289.473527 0.449696 0.449696 0.449696
v 45.866013 -0.767580 286.300921 0.449696 0.449696 0.449696
v 62.382204 12.578485 295.679177 0.674783 0.674783 0.674783
v 62.728694 13.114285 293.709973 0.674783 0.674783 0.674783
v 28.437151 -15.930203 278.891869 0.224609 0.224609 0.224609
v 28.799534 -14.559352 283.267877 0.224609 0.224609 0.224609
v 29.519531 -37.744982 286.300921 0.449696 0.449696 0.449696
v 29.782259 -36.751116 289.473527 0.449696 0.449696 0.449696
v 30.601911 -59.559762 293.709973 0.674783 0.674783 0.674783
v 30.764983 -58.942879 295.679177 0.674783 0.674783 0.674783
v 33.524546 -18.179637 283.373891 0.258261 0.258261 0.258261
v 33.949521 -16.835524 278.995220 0.258261 0.258261 0.258261
v 51.610015 -3.081231 289.099448 0.475870 0.475870 0.475870
v 51.918122 -2.106749 285.924912 0.475870 0.475870 0.475870
v 69.695484 12.017175 294.825005 0.693478 0.693478 0.693478
v 69.886723 12.622025 292.854603 0.693478 0.693478 0.693478
v 33.382996 -18.117062 278.995220 0.258261 0.258261 0.258261
v 34.091072 -16.898099 283.373891 0.258261 0.258261 0.258261
v 34.583339 -41.319790 285.924912 0.475870 0.475870 0.475870
v 35.096694 -40.436042 289.099448 0.475870 0.475870 0.475870
v 35.783682 -64.522518 292.854603 0.693478 0.693478 0.693478
v 36.102316 -63.973985 294.825005 0.693478 0.693478 0.693478
v 38.963953 -20.579973 282.983014 0.291913 0.291913 0.291913
v 39.063187 -19.100350 278.628606 0.291913 0.291913 0.291913
v 57.883329 -4.658039 288.156257 0.502043 0.502043 0.502043
v 57.955274 -3.585312 284.999311 0.502043 0.502043 0.502043
v 76.802705 11.263896 293.329500 0.712174 0.712174 0.712174
v 76.847361 11.929726 291.370017 0.712174 0.712174 0.712174
v 38.499801 -20.374787 278.628606 0.291913 0.291913 0.291913
v 39.527339 -19.305537 282.983014 0.291913 0.291913 0.291913
v 39.740175 -44.789718 284.999311 0.502043 0.502043 0.502043
v 40.485140 -44.014511 288.156257 0.502043 0.502043 0.502043
v 40.980548 -69.204648 291.370017 0.712174 0.712174 0.712174
v 41.442940 -68.723485 293.329500 0.712174 0.712174 0.712174
v 44.549729 -23.041294 282.098072 0.325565 0.325565 0.325565
v 44.346175 -21.443749 277.789196 0.325565 0.325565 0.325565
v 64.114683 -6.379120 286.676193 0.528217 0.528217 0.528217
v 63.967106 -5.220900 283.552258 0.528217 0.528217 0.528217
v 83.679637 10.283054 291.254314 0.730870 0.730870 0.730870
v 83.588038 11.001949 289.315320 0.730870 0.730870 0.730870
v 43.788680 -22.704860 277.789196 0.325565 0.325565 0.325565
v 45.107224 -21.780184 282.098072 0.325565 0.325565 0.325565
v 44.996104 -48.135233 283.552258 0.528217 0.528217 0.528217
v 45.952049 -47.464843 286.676193 0.528217 0.528217 0.528217
v 46.203529 -73.565607 289.315320 0.730870 0.730870 0.730870
v 46.796874 -73.149503 291.254314 0.730870 0.730870 0.730870
v 50.280986 -25.564160 280.721791 0.359217 0.359217 0.359217
v 49.799373 -23.865160 276.474268 0.359217 0.359217 0.359217
v 70.299062 -8.262544 284.687628 0.554391 0.554391 0.554391
v 69.949893 -7.030769 281.608174 0.554391 0.554391 0.554391
v 90.317138 9.039072 288.653465 0.749565 0.749565 0.749565
v 90.100412 9.803622 286.742080 0.749565 0.749565 0.749565
v 49.249816 -25.108314 276.474268 0.359217 0.359217 0.359217
v 50.830543 -24.321006 280.721791 0.359217 0.359217 0.359217
v 50.361383 -51.341967 281.608174 0.554391 0.554391 0.554391
v 51.507410 -50.771169 284.687628 0.554391 0.554391 0.554391
v 51.472950 -77.575620 286.742080 0.749565 0.749565 0.749565
v 52.184277 -77.221332 288.653465 0.749565 0.749565 0.749565
v 56.157591 -28.149354 278.856580 0.392870 0.392870 0.392870
v 55.422914 -26.363798 274.681411 0.392870 0.392870 0.392870
v 76.437596 -10.325135 282.213906 0.580565 0.580565 0.580565
v 75.904955 -9.030606 279.186908 0.580565 0.580565 0.580565
v 96.717601 7.499085 285.571231 0.768261 0.768261 0.768261
v 96.386996 8.302586 283.692405 0.768261 0.768261 0.768261
v 54.882718 -27.585775 274.681411 0.392870 0.392870 0.392870
v 56.697786 -26.927377 278.856580 0.392870 0.392870 0.392870
v 55.848503 -54.400339 279.186908 0.580565 0.580565 0.580565
v 57.164427 -53.923000 282.213906 0.580565 0.580565 0.580565
v 56.814287 -81.214902 283.692405 0.768261 0.768261 0.768261
v 57.631068 -80.918623 285.571231 0.768261 0.768261 0.768261
v 62.179946 -30.797758 276.504446 0.426522 0.426522 0.426522
v 61.216395 -28.938784 272.408620 0.426522 0.426522 0.426522
v 82.535779 -12.581428 279.273191 0.606739 0.606739 0.606739
v 81.837205 -11.233672 276.303718 0.606739 0.606739 0.606739
v 102.891612 5.634901 282.041937 0.786957 0.786957 0.786957
v 102.458014 6.471439 280.198816 0.786957 0.786957 0.786957
v 60.686465 -30.137539 272.408620 0.426522 0.426522 0.426522
v 62.709876 -29.599002 276.504446 0.426522 0.426522 0.426522
v 61.470576 -57.305055 276.303718 0.606739 0.606739 0.606739
v 62.937549 -56.914616 279.273191 0.606739 0.606739 0.606739
v 62.254687 -84.472571 280.198816 0.786957 0.786957 0.786957
v 63.165221 -84.230229 282.041937 0.786957 0.786957 0.786957
v 68.348791 -33.510251 273.666973 0.460174 0.460174 0.460174
v 67.179079 -31.589236 269.654308 0.460174 0.460174 0.460174
v 88.602046 -15.043024 275.878933 0.632913 0.632913 0.632913
v 87.754006 -13.650288 272.969751 0.632913 0.632913 0.632913
v 108.855302 3.424204 278.090893 0.805652 0.805652 0.805652
v 108.328932 4.288660 276.285194 0.805652 0.805652 0.805652
v 66.659909 -32.763652 269.654308 0.460174 0.460174 0.460174
v 68.867961 -32.335835 273.666973 0.460174 0.460174 0.460174
v 67.240193 -60.054617 272.969751 0.632913 0.632913 0.632913
v 68.841030 -59.744449 275.878933 0.632913 0.632913 0.632913
v 67.820476 -87.345581 276.285194 0.805652 0.805652 0.805652
v 68.814100 -87.153063 278.090893 0.805652 0.805652 0.805652
v 74.665042 -36.287662 270.345367 0.493826 0.493826 0.493826
v 73.310047 -34.314328 266.417271 0.493826 0.493826 0.493826
v 94.646768 -17.718260 272.040590 0.659087 0.659087 0.659087
v 93.664397 -16.287593 269.192720 0.659087 0.659087 0.659087
v 114.628495 0.851142 273.735813 0.824348 0.824348 0.824348
v 114.018747 1.739142 271.968170 0.824348 0.824348 0.824348
v 72.801819 -35.463993 266.417271 0.493826 0.493826 0.493826
v 75.173271 -35.137997 270.345367 0.493826 0.493826 0.493826
v 73.168717 -62.650903 269.192720 0.659087 0.659087 0.659087
v 74.888020 -62.414557 272.040590 0.659087 0.659087 0.659087
v 73.535615 -89.837814 271.968170 0.824348 0.824348 0.824348
v 74.602769 -89.691116 273.735813 0.824348 0.824348 0.824348
v 81.129687 -39.130735 266.540510 0.527478 0.527478 0.527478
v 79.608313 -37.113314 262.696627 0.527478 0.527478 0.527478
v 100.681607 -20.612129 267.764411 0.685261 0.685261 0.685261
v 99.578611 -19.149499 264.977596 0.685261 0.685261 0.685261
v 120.233527 -2.093523 268.988312 0.843043 0.843043 0.843043
v 119.548909 -1.185684 267.258565 0.843043 0.843043 0.843043
v 79.110980 -38.238331 262.696627 0.527478 0.527478 0.527478
v 81.627020 -38.005717 266.540510 0.527478 0.527478 0.527478
v 79.265929 -65.098850 264.977596 0.685261 0.685261 0.685261
v 81.090058 -64.930204 267.764411 0.685261 0.685261 0.685261
v 79.420877 -91.959368 267.258565 0.843043 0.843043 0.843043
v 80.553095 -91.854691 268.988312 0.843043 0.843043 0.843043
v 87.743706 -42.040120 262.253021 0.561130 0.561130 0.561130
v 86.072895 -39.985544 258.491756 0.561130 0.561130 0.561130
v 106.719137 -23.726337 263.054135 0.711435 0.711435 0.711435
v 105.507799 -22.236769 260.327218 0.711435 0.711435 0.711435
v 125.694568 -5.412554 263.855249 0.861739 0.861739 0.861739
v 124.942703 -4.487995 262.162680 0.861739 0.861739 0.861739
v 85.586252 -41.086381 258.491756 0.561130 0.561130 0.561130
v 88.230350 -40.939283 262.253021 0.561130 0.561130 0.561130
v 85.539898 -67.406190 260.327218 0.711435 0.711435 0.711435
v 87.456869 -67.299544 263.054135 0.711435 0.711435 0.711435
v 85.493545 -93.725999 262.162680 0.861739 0.861739 0.861739
v 86.683389 -93.659805 263.855249 0.861739 0.861739 0.861739
v 94.508030 -45.016375 257.483319 0.594783 0.594783 0.594783
v 92.702865 -42.930461 253.802240 0.594783 0.594783 0.594783
v 112.772641 -27.059457 257.911579 0.737609 0.737609 0.737609
v 111.463896 -25.547169 255.242797 0.737609 0.737609 0.737609
v 131.037251 -9.102538 258.339840 0.880435 0.880435 0.880435
v 130.224927 -8.163876 256.683355 0.880435 0.880435 0.880435
v 92.226596 -44.007829 253.802240 0.594783 0.594783 0.594783
v 94.984299 -43.939007 257.483319 0.594783 0.594783 0.594783
v 91.997004 -69.583255 255.242797 0.737609 0.737609 0.737609
v 93.996339 -69.533359 257.911579 0.737609 0.737609 0.737609
v 91.767412 -95.158682 256.683355 0.880435 0.880435 0.880435
v 93.008378 -95.127712 258.339840 0.880435 0.880435 0.880435
v 101.423515 -48.059973 252.231670 0.628435 0.628435 0.628435
v 99.497364 -45.947592 248.627813 0.628435 0.628435 0.628435
v 118.856003 -30.607131 252.337095 0.763783 0.763783 0.763783
v 117.459543 -29.075655 249.724299 0.763783 0.763783 0.763783
v 136.288490 -13.154289 252.442521 0.899130 0.899130 0.899130
v 135.421722 -12.203718 250.820785 0.899130 0.899130 0.899130
v 99.031086 -47.002359 248.627813 0.628435 0.628435 0.628435
v 101.889793 -47.005206 252.231670 0.628435 0.628435 0.628435
v 98.642026 -71.642789 249.724299 0.763783 0.763783 0.763783
v 100.714589 -71.644853 252.337095 0.763783 0.763783 0.763783
v 98.252966 -96.283219 250.820785 0.899130 0.899130 0.899130
v 99.539384 -96.284500 252.442521 0.899130 0.899130 0.899130
v 108.490936 -51.171309 246.498228 0.662087 0.662087 0.662087
v 106.455618 -49.036542 242.968320 0.662087 0.662087 0.662087
v 124.983653 -34.362305 246.329919 0.789957 0.789957 0.789957
v 123.508047 -32.814599 243.770736 0.789957 0.789957 0.789957
v 141.476370 -17.553301 246.161611 0.917826 0.917826 0.917826
v 140.560477 -16.592655 244.573152 0.917826 0.917826 0.917826
v 105.998908 -50.069666 242.968320 0.662087 0.662087 0.662087
v 108.947646 -50.138184 246.498228 0.662087 0.662087 0.662087
v 105.478278 -73.599769 243.770736 0.789957 0.789957 0.789957
v 107.616113 -73.649444 246.329919 0.789957 0.789957 0.789957
v 104.957648 -97.129871 244.573152 0.917826 0.917826 0.917826
v 106.284580 -97.160704 246.161611 0.917826 0.917826 0.917826
v 115.710981 -54.350713 240.283066 0.695739 0.695739 0.695739
v 113.576939 -52.196979 236.823688 0.695739 0.695739 0.695739
v 131.170521 -38.315471 239.888435 0.816130 0.816130 0.816130
v 129.623340 -36.754014 237.380385 0.816130 0.816130 0.816130
v 146.630061 -22.280229 239.493803 0.936522 0.936522 0.936522
v 145.669742 -21.311049 237.937083 0.936522 0.936522 0.936522
v 113.129354 -53.209461 236.823688 0.695739 0.695739 0.695739
v 116.158566 -53.338231 240.283066 0.695739 0.695739 0.695739
v 112.507751 -75.471217 237.380385 0.816130 0.816130 0.816130
v 114.703929 -75.564575 239.888435 0.816130 0.816130 0.816130
v 111.886147 -97.732973 237.937083 0.936522 0.936522 0.936522
v 113.249292 -97.790919 239.493803 0.936522 0.936522 0.936522
v 123.084260 -57.598460 233.586201 0.729391 0.729391 0.729391
v 120.860717 -55.428631 230.193901 0.729391 0.729391 0.729391
v 137.431986 -42.454931 233.010365 0.842304 0.842304 0.842304
v 135.819918 -40.881805 230.550948 0.842304 0.842304 0.842304
v 151.779713 -27.311402 232.434530 0.955217 0.955217 0.955217
v 150.779118 -26.334979 230.907995 0.955217 0.955217 0.955217
v 120.421812 -56.421480 230.193901 0.729391 0.729391 0.729391
v 123.523166 -56.605611 233.586201 0.729391 0.729391 0.729391
v 119.731253 -77.275999 230.550948 0.842304 0.842304 0.842304
v 121.979735 -77.409493 233.010365 0.842304 0.842304 0.842304
v 119.040695 -98.130517 230.907995 0.955217 0.955217 0.955217
v 120.436304 -98.213376 232.434530 0.955217 0.955217 0.955217
v 130.611307 -60.914779 226.407610 0.763043 0.763043 0.763043
v 128.306419 -58.731267 223.078981 0.763043 0.763043 0.763043
v 143.783812 -46.767059 225.692925 0.868478 0.868478 0.868478
v 142.112769 -45.184013 223.279669 0.868478 0.868478 0.868478
v 156.956318 -32.619340 224.978239 0.973913 0.973913 0.973913
v 155.919119 -31.636759 223.480356 0.973913 0.973913 0.973913
v 127.875752 -59.705481 223.078981 0.763043 0.763043 0.763043
v 131.041975 -59.940565 226.407610 0.763043 0.763043 0.763043
v 127.148552 -79.034592 223.279669 0.868478 0.868478 0.868478
v 129.444063 -79.205028 225.692925 0.868478 0.868478 0.868478
v 126.421352 -98.363704 223.480356 0.973913 0.973913 0.973913
v 127.846152 -98.469492 224.978239 0.973913 0.973913 0.973913
v 138.292589 -64.299859 218.747245 0.796696 0.796696 0.796696
v 135.913577 -62.104698 215.478978 0.796696 0.796696 0.796696
v 150.242060 -51.236576 217.932924 0.894652 0.894652 0.894652
v 148.517277 -49.645084 215.563431 0.894652 0.894652 0.894652
v 162.191531 -38.173293 217.118604 0.992609 0.992609 0.992609
v 161.120976 -37.185470 215.647883 0.992609 0.992609 0.992609
v 135.490719 -63.061246 215.478978 0.796696 0.796696 0.796696
v 138.715447 -63.343311 218.747245 0.796696 0.796696 0.796696
v 134.758495 -80.768845 215.563431 0.894652 0.894652 0.894652
v 137.096423 -80.973342 217.932924 0.894652 0.894652 0.894652
v 134.026272 -98.476444 215.647883 0.992609 0.992609 0.992609
v 135.477399 -98.603374 217.118604 0.992609 0.992609 0.992609
v 146.128514 -67.753859 210.605041 0.830348 0.830348 0.830348
v 143.681783 -65.548767 207.393955 0.830348 0.830348 0.830348
v 156.822983 -55.846827 209.726866 0.915174 0.915174 0.915174
v 155.049102 -54.248135 207.398828 0.915174 0.915174 0.915174
v 167.517451 -43.939795 208.848691 1.000000 1.000000 1.000000
v 166.416421 -42.947504 207.403702 1.000000 1.000000 1.000000
v 143.266323 -66.488579 207.393955 0.830348 0.830348 0.830348
v 146.543974 -66.814046 210.605041 0.830348 0.830348 0.830348
v 142.559138 -82.501702 207.398828 0.915174 0.915174 0.915174
v 144.935436 -82.737666 209.726866 0.915174 0.915174 0.915174
v 141.851954 -98.514825 207.403702 1.000000 1.000000 1.000000
v 143.326897 -98.661285 208.848691 1.000000 1.000000 1.000000
v 154.119439 -71.276908 201.980923 0.864000 0.864000 0.864000
v 151.610679 -69.063341 198.823987 0.864000 0.864000 0.864000
v 163.542900 -60.580068 201.071012 0.932000 0.932000 0.932000
v 161.724049 -58.975232 198.782234 0.932000 0.932000 0.932000
v 172.966361 -49.883228 200.161101 1.000000 1.000000 1.000000
v 171.837419 -48.887123 198.740480 1.000000 1.000000 1.000000
v 151.202226 -69.987305 198.823987 0.864000 0.864000 0.864000
v 154.527893 -70.352945 201.980923 0.864000 0.864000 0.864000
v 150.547853 -84.256923 198.782234 0.932000 0.932000 0.932000
v 152.958962 -84.522012 201.071012 0.932000 0.932000 0.932000
v 149.893481 -98.526541 198.740480 1.000000 1.000000 1.000000
v 151.390031 -98.691079 200.161101 1.000000 1.000000 1.000000
vt -0.019290 0.000000
vt 0.110710 0.000000
vt 0.107496 0.191429
vt -0.019290 0.191429
vt 0.110710 0.000000
vt 0.205877 0.000000
vt 0.200309 0.191429
vt 0.107496 0.191429
vt 0.114967 0.000000
vt -0.015033 0.000000
vt -0.015033 0.191429
vt 0.111752 0.191429
vt -0.015033 0.000000
vt -0.145033 0.000000
vt -0.141819 0.191429
vt -0.015033 0.191429
vt -0.145033 0.000000
vt -0.240200 0.000000
vt -0.234633 0.191429
vt -0.141819 0.191429
vt 0.110710 0.000000
vt -0.019290 0.000000
vt -0.019290 0.191429
vt 0.107496 0.191429
vt -0.019290 0.000000
vt -0.149290 0.000000
vt -0.146076 0.191429
vt -0.019290 0.191429
vt -0.149290 0.000000
vt -0.244456 0.000000
vt -0.238889 0.191429
vt -0.146076 0.191429
vt -0.145033 0.000000
vt -0.015033 0.000000
vt -0.015033 0.191429
vt -0.141819 0.191429
vt -0.015033 0.000000
vt 0.114967 0.000000
vt 0.111752 0.191429
vt -0.015033 0.191429
vt 0.114967 0.000000
vt 0.210133 0.000000
vt 0.204566 0.191429
vt 0.111752 0.191429
vt -0.149290 0.000000
vt -0.019290 0.000000
vt -0.019290 0.191429
vt -0.146076 0.191429
vt -0.019290 0.191429
vt 0.107496 0.191429
vt 0.104282 0.382857
vt -0.019290 0.382857
vt 0.107496 0.191429
vt 0.200309 0.191429
vt 0.194742 0.382857
vt 0.104282 0.382857
vt 0.111752 0.191429
vt -0.015033 0.191429
vt -0.015033 0.382857
vt 0.108538 0.382857
vt -0.015033 0.191429
vt -0.141819 0.191429
vt -0.138605 0.382857
vt -0.015033 0.382857
vt -0.141819 0.191429
vt -0.234633 0.191429
vt -0.229065 0.382857
vt -0.138605 0.382857
vt 0.107496 0.191429
vt -0.019290 0.191429
vt -0.019290 0.382857
vt 0.104282 0.382857
vt -0.019290 0.191429
vt -0.146076 0.191429
vt -0.142861 0.382857
vt -0.019290 0.382857
vt -0.146076 0.191429
vt -0.238889 0.191429
vt -0.233322 0.382857
vt -0.142861 0.382857
vt -0.141819 0.191429
vt -0.015033 0.191429
vt -0.015033 0.382857
vt -0.138605 0.382857
vt -0.015033 0.191429
vt 0.111752 0.191429
vt 0.108538 0.382857
vt -0.015033 0.382857
vt 0.111752 0.191429
vt 0.204566 0.191429
vt 0.198999 0.382857
vt 0.108538 0.382857
vt -0.146076 0.191429
vt -0.019290 0.191429
vt -0.019290 0.382857
vt -0.142861 0.382857
vt -0.019290 0.382857
vt 0.104282 0.382857
vt 0.101067 0.574286
vt -0.019290 0.574286
vt 0.104282 0.382857
vt 0.194742 0.382857
vt 0.189175 0.574286
vt 0.101067 0.574286
vt 0.108538 0.382857
vt -0.015033 0.382857
vt -0.015033 0.574286
vt 0.105324 0.574286
vt -0.015033 0.382857
vt -0.138605 0.382857
vt -0.135391 0.574286
vt -0.015033 0.574286
vt -0.138605 0.382857
vt -0.229065 0.382857
vt -0.223498 0.574286
vt -0.135391 0.574286
vt 0.104282 0.382857
vt -0.019290 0.382857
vt -0.019290 0.574286
vt 0.101067 0.574286
vt -0.019290 0.382857
vt -0.142861 0.382857
vt -0.139647 0.574286
vt -0.019290 0.574286
vt -0.142861 0.382857
vt -0.233322 0.382857
vt -0.227755 0.574286
vt -0.139647 0.574286
vt -0.138605 0.382857
vt -0.015033 0.382857
vt -0.015033 0.574286
vt -0.135391 0.574286
vt -0.015033 0.382857
vt 0.108538 0.382857
vt 0.105324 0.574286
vt -0.015033 0.574286
vt 0.108538 0.382857
vt 0.198999 0.382857
vt 0.193431 0.574286
vt 0.105324 0.574286
vt -0.142861 0.382857
vt -0.019290 0.382857
vt -0.019290 0.574286
vt -0.139647 0.574286
vt -0.019290 0.574286
vt 0.101067 0.574286
vt 0.097853 0.765714
vt -0.019290 0.765714
vt 0.101067 0.574286
vt 0.189175 0.574286
vt 0.183608 0.765714
vt 0.097853 0.765714
vt 0.105324 0.574286
vt -0.015033 0.574286
vt -0.015033 0.765714
vt 0.102109 0.765714
vt -0.015033 0.574286
vt -0.135391 0.574286
vt -0.132176 0.765714
vt -0.015033 0.765714
vt -0.135391 0.574286
vt -0.223498 0.574286
vt -0.217931 0.765714
vt -0.132176 0.765714
vt 0.101067 0.574286
vt -0.019290 0.574286
vt -0.019290 0.765714
vt 0.097853 0.765714
vt -0.019290 0.574286
vt -0.139647 0.574286
vt -0.136433 0.765714
vt -0.019290 0.765714
vt -0.139647 0.574286
vt -0.227755 0.574286
vt -0.222187 0.765714
vt -0.136433 0.765714
vt -0.135391 0.574286
vt -0.015033 0.574286
vt -0.015033 0.765714
vt -0.132176 0.765714
vt -0.015033 0.574286
vt 0.105324 0.574286
vt 0.102109 0.765714
vt -0.015033 0.765714
vt -0.227755 0.574286
vt -0.139647 0.574286
vt -0.136433 0.765714
vt -0.222187 0.765714
vt -0.139647 0.574286
vt -0.019290 0.574286
vt -0.019290 0.765714
vt -0.136433 0.765714
vt -0.019290 0.765714
vt 0.097853 0.765714
vt 0.094639 0.957143
vt -0.019290 0.957143
vt 0.097853 0.765714
vt 0.183608 0.765714
vt 0.178040 0.957143
vt 0.094639 0.957143
vt 0.102109 0.765714
vt -0.015033 0.765714
vt -0.015033 0.957143
vt 0.098895 0.957143
vt -0.015033 0.765714
vt -0.132176 0.765714
vt -0.128962 0.957143
vt -0.015033 0.957143
vt -0.132176 0.765714
vt -0.217931 0.765714
vt -0.212363 0.957143
vt -0.128962 0.957143
vt 0.097853 0.765714
vt -0.019290 0.765714
vt -0.019290 0.957143
vt 0.094639 0.957143
vt -0.019290 0.765714
vt -0.136433 0.765714
vt -0.133218 0.957143
vt -0.019290 0.957143
vt -0.136433 0.765714
vt -0.222187 0.765714
vt -0.216620 0.957143
vt -0.133218 0.957143
vt -0.132176 0.765714
vt -0.015033 0.765714
vt -0.015033 0.957143
vt -0.128962 0.957143
vt -0.015033 0.765714
vt 0.102109 0.765714
vt 0.098895 0.957143
vt -0.015033 0.957143
vt 0.102109 0.765714
vt 0.187864 0.765714
vt 0.182297 0.957143
vt 0.098895 0.957143
vt -0.136433 0.765714
vt -0.019290 0.765714
vt -0.019290 0.957143
vt -0.133218 0.957143
vt -0.019290 0.957143
vt 0.094639 0.957143
vt 0.091424 1.148571
vt -0.019290 1.148571
vt 0.182297 0.957143
vt 0.098895 0.957143
vt 0.095681 1.148571
vt 0.176729 1.148571
vt 0.098895 0.957143
vt -0.015033 0.957143
vt -0.015033 1.148571
vt 0.095681 1.148571
vt -0.015033 0.957143
vt -0.128962 0.957143
vt -0.125748 1.148571
vt -0.015033 1.148571
vt -0.128962 0.957143
vt -0.212363 0.957143
vt -0.206796 1.148571
vt -0.125748 1.148571
vt 0.094639 0.957143
vt -0.019290 0.957143
vt -0.019290 1.148571
vt 0.091424 1.148571
vt -0.019290 0.957143
vt -0.133218 0.957143
vt -0.130004 1.148571
vt -0.019290 1.148571
vt -0.133218 0.957143
vt -0.216620 0.957143
vt -0.211053 1.148571
vt -0.130004 1.148571
vt -0.128962 0.957143
vt -0.015033 0.957143
vt -0.015033 1.148571
vt -0.125748 1.148571
vt -0.015033 0.957143
vt 0.098895 0.957143
vt 0.095681 1.148571
vt -0.015033 1.148571
vt 0.098895 0.957143
vt 0.182297 0.957143
vt 0.176729 1.148571
vt 0.095681 1.148571
vt -0.133218 0.957143
vt -0.019290 0.957143
vt -0.019290 1.148571
vt -0.130004 1.148571
vt -0.019290 1.148571
vt 0.091424 1.148571
vt 0.088210 1.340000
vt -0.019290 1.340000
vt 0.091424 1.148571
vt 0.172473 1.148571
vt 0.166906 1.340000
vt 0.088210 1.340000
vt 0.095681 1.148571
vt -0.015033 1.148571
vt -0.015033 1.340000
vt 0.092467 1.340000
vt -0.015033 1.148571
vt -0.125748 1.148571
vt -0.122533 1.340000
vt -0.015033 1.340000
vt -0.125748 1.148571
vt -0.206796 1.148571
vt -0.201229 1.340000
vt -0.122533 1.340000
vt 0.091424 1.148571
vt -0.019290 1.148571
vt -0.019290 1.340000
vt 0.088210 1.340000
vt -0.019290 1.148571
vt -0.130004 1.148571
vt -0.126790 1.340000
vt -0.019290 1.340000
vt -0.130004 1.148571
vt -0.211053 1.148571
vt -0.205485 1.340000
vt -0.126790 1.340000
vt -0.125748 1.148571
vt -0.015033 1.148571
vt -0.015033 1.340000
vt -0.122533 1.340000
vt -0.015033 1.148571
vt 0.095681 1.148571
vt 0.092467 1.340000
vt -0.015033 1.340000
vt 0.095681 1.148571
vt 0.176729 1.148571
vt 0.171162 1.340000
vt 0.092467 1.340000
vt -0.130004 1.148571
vt -0.019290 1.148571
vt -0.019290 1.340000
vt -0.126790 1.340000
vt -0.019290 1.340000
vt 0.088210 1.340000
vt 0.084996 1.531429
vt -0.019290 1.531429
vt 0.088210 1.340000
vt 0.166906 1.340000
vt 0.161338 1.531429
vt 0.084996 1.531429
vt 0.092467 1.340000
vt -0.015033 1.340000
vt -0.015033 1.531429
vt 0.089252 1.531429
vt -0.015033 1.340000
vt -0.122533 1.340000
vt -0.119319 1.531429
vt -0.015033 1.531429
vt 0.166906 1.340000
vt 0.088210 1.340000
vt 0.084996 1.531429
vt 0.161338 1.531429
vt 0.088210 1.340000
vt -0.019290 1.340000
vt -0.019290 1.531429
vt 0.084996 1.531429
vt -0.019290 1.340000
vt -0.126790 1.340000
vt -0.123576 1.531429
vt -0.019290 1.531429
vt -0.126790 1.340000
vt -0.205485 1.340000
vt -0.199918 1.531429
vt -0.123576 1.531429
vt -0.122533 1.340000
vt -0.015033 1.340000
vt -0.015033 1.531429
vt -0.119319 1.531429
vt -0.015033 1.340000
vt 0.092467 1.340000
vt 0.089252 1.531429
vt -0.015033 1.531429
vt 0.092467 1.340000
vt 0.171162 1.340000
vt 0.165595 1.531429
vt 0.089252 1.531429
vt -0.126790 1.340000
vt -0.019290 1.340000
vt -0.019290 1.531429
vt -0.123576 1.531429
vt -0.019290 1.531429
vt 0.084996 1.531429
vt 0.081782 1.722857
vt -0.019290 1.722857
vt 0.165595 1.531429
vt 0.089252 1.531429
vt 0.086038 1.722857
vt 0.160027 1.722857
vt 0.089252 1.531429
vt -0.015033 1.531429
vt -0.015033 1.722857
vt 0.086038 1.722857
vt -0.015033 1.531429
vt -0.119319 1.531429
vt -0.116105 1.722857
vt -0.015033 1.722857
vt -0.119319 1.531429
vt -0.195662 1.531429
vt -0.190094 1.722857
vt -0.116105 1.722857
vt 0.084996 1.531429
vt -0.019290 1.531429
vt -0.019290 1.722857
vt 0.081782 1.722857
vt -0.019290 1.531429
vt -0.123576 1.531429
vt -0.120361 1.722857
vt -0.019290 1.722857
vt -0.123576 1.531429
vt -0.199918 1.531429
vt -0.194351 1.722857
vt -0.120361 1.722857
vt -0.119319 1.531429
vt -0.015033 1.531429
vt -0.015033 1.722857
vt -0.116105 1.722857
vt -0.015033 1.531429
vt 0.089252 1.531429
vt 0.086038 1.722857
vt -0.015033 1.722857
vt 0.089252 1.531429
vt 0.165595 1.531429
vt 0.160027 1.722857
vt 0.086038 1.722857
vt -0.123576 1.531429
vt -0.019290 1.531429
vt -0.019290 1.722857
vt -0.120361 1.722857
vt -0.019290 1.722857
vt 0.081782 1.722857
vt 0.078567 1.914286
vt -0.019290 1.914286
vt 0.081782 1.722857
vt 0.155771 1.722857
vt 0.150204 1.914286
vt 0.078567 1.914286
vt 0.086038 1.722857
vt -0.015033 1.722857
vt -0.015033 1.914286
vt 0.082824 1.914286
vt -0.015033 1.722857
vt -0.116105 1.722857
vt -0.112891 1.914286
vt -0.015033 1.914286
vt 0.155771 1.722857
vt 0.081782 1.722857
vt 0.078567 1.914286
vt 0.150204 1.914286
vt 0.081782 1.722857
vt -0.019290 1.722857
vt -0.019290 1.914286
vt 0.078567 1.914286
vt -0.019290 1.722857
vt -0.120361 1.722857
vt -0.117147 1.914286
vt -0.019290 1.914286
vt -0.120361 1.722857
vt -0.194351 1.722857
vt -0.188783 1.914286
vt -0.117147 1.914286
vt -0.116105 1.722857
vt -0.015033 1.722857
vt -0.015033 1.914286
vt -0.112891 1.914286
vt -0.015033 1.722857
vt 0.086038 1.722857
vt 0.082824 1.914286
vt -0.015033 1.914286
vt -0.194351 1.722857
vt -0.120361 1.722857
vt -0.117147 1.914286
vt -0.188783 1.914286
vt -0.120361 1.722857
vt -0.019290 1.722857
vt -0.019290 1.914286
vt -0.117147 1.914286
vt -0.019290 1.914286
vt 0.078567 1.914286
vt 0.075353 2.105714
vt -0.019290 2.105714
vt 0.154460 1.914286
vt 0.082824 1.914286
vt 0.079609 2.105714
vt 0.148893 2.105714
vt 0.082824 1.914286
vt -0.015033 1.914286
vt -0.015033 2.105714
vt 0.079609 2.105714
vt -0.015033 1.914286
vt -0.112891 1.914286
vt -0.109676 2.105714
vt -0.015033 2.105714
vt -0.112891 1.914286
vt -0.184527 1.914286
vt -0.178960 2.105714
vt -0.109676 2.105714
vt 0.078567 1.914286
vt -0.019290 1.914286
vt -0.019290 2.105714
vt 0.075353 2.105714
vt -0.019290 1.914286
vt -0.117147 1.914286
vt -0.113933 2.105714
vt -0.019290 2.105714
vt -0.117147 1.914286
vt -0.188783 1.914286
vt -0.183216 2.105714
vt -0.113933 2.105714
vt -0.112891 1.914286
vt -0.015033 1.914286
vt -0.015033 2.105714
vt -0.109676 2.105714
vt -0.015033 1.914286
vt 0.082824 1.914286
vt 0.079609 2.105714
vt -0.015033 2.105714
vt 0.082824 1.914286
vt 0.154460 1.914286
vt 0.148893 2.105714
vt 0.079609 2.105714
vt -0.117147 1.914286
vt -0.019290 1.914286
vt -0.019290 2.105714
vt -0.113933 2.105714
vt -0.019290 2.105714
vt 0.075353 2.105714
vt 0.072139 2.297143
vt -0.019290 2.297143
vt 0.075353 2.105714
vt 0.144636 2.105714
vt 0.139069 2.297143
vt 0.072139 2.297143
vt 0.079609 2.105714
vt -0.015033 2.105714
vt -0.015033 2.297143
vt 0.076395 2.297143
vt -0.015033 2.105714
vt -0.109676 2.105714
vt -0.106462 2.297143
vt -0.015033 2.297143
vt 0.144636 2.105714
vt 0.075353 2.105714
vt 0.072139 2.297143
vt 0.139069 2.297143
vt 0.075353 2.105714
vt -0.019290 2.105714
vt -0.019290 2.297143
vt 0.072139 2.297143
vt -0.019290 2.105714
vt -0.113933 2.105714
vt -0.110718 2.297143
vt -0.019290 2.297143
vt -0.113933 2.105714
vt -0.183216 2.105714
vt -0.177649 2.297143
vt -0.110718 2.297143
vt -0.109676 2.105714
vt -0.015033 2.105714
vt -0.015033 2.297143
vt -0.106462 2.297143
vt -0.015033 2.105714
vt 0.079609 2.105714
vt 0.076395 2.297143
vt -0.015033 2.297143
vt 0.079609 2.105714
vt 0.148893 2.105714
vt 0.143326 2.297143
vt 0.076395 2.297143
vt -0.113933 2.105714
vt -0.019290 2.105714
vt -0.019290 2.297143
vt -0.110718 2.297143
vt -0.019290 2.297143
vt 0.072139 2.297143
vt 0.068924 2.488571
vt -0.019290 2.488571
vt 0.072139 2.297143
vt 0.139069 2.297143
vt 0.133502 2.488571
vt 0.068924 2.488571
vt 0.076395 2.297143
vt -0.015033 2.297143
vt -0.015033 2.488571
vt 0.073181 2.488571
vt -0.015033 2.297143
vt -0.106462 2.297143
vt -0.103248 2.488571
vt -0.015033 2.488571
vt 0.139069 2.297143
vt 0.072139 2.297143
vt 0.068924 2.488571
vt 0.133502 2.488571
vt 0.072139 2.297143
vt -0.019290 2.297143
vt -0.019290 2.488571
vt 0.068924 2.488571
vt -0.019290 2.297143
vt -0.110718 2.297143
vt -0.107504 2.488571
vt -0.019290 2.488571
vt -0.110718 2.297143
vt -0.177649 2.297143
vt -0.172081 2.488571
vt -0.107504 2.488571
vt -0.106462 2.297143
vt -0.015033 2.297143
vt -0.015033 2.488571
vt -0.103248 2.488571
vt -0.015033 2.297143
vt 0.076395 2.297143
vt 0.073181 2.488571
vt -0.015033 2.488571
vt 0.076395 2.297143
vt 0.143326 2.297143
vt 0.137758 2.488571
vt 0.073181 2.488571
vt -0.110718 2.297143
vt -0.019290 2.297143
vt -0.019290 2.488571
vt -0.107504 2.488571
vt -0.019290 2.488571
vt 0.068924 2.488571
vt 0.065710 2.680000
vt -0.019290 2.680000
vt 0.137758 2.488571
vt 0.073181 2.488571
vt 0.069967 2.680000
vt 0.132191 2.680000
vt 0.073181 2.488571
vt -0.015033 2.488571
vt -0.015033 2.680000
vt 0.069967 2.680000
vt -0.015033 2.488571
vt -0.103248 2.488571
vt -0.100033 2.680000
vt -0.015033 2.680000
vt -0.103248 2.488571
vt -0.167825 2.488571
vt -0.162258 2.680000
vt -0.100033 2.680000
vt 0.068924 2.488571
vt -0.019290 2.488571
vt -0.019290 2.680000
vt 0.065710 2.680000
vt -0.019290 2.488571
vt -0.107504 2.488571
vt -0.104290 2.680000
vt -0.019290 2.680000
vt -0.167825 2.488571
vt -0.103248 2.488571
vt -0.100033 2.680000
vt -0.162258 2.680000
vt -0.103248 2.488571
vt -0.015033 2.488571
vt -0.015033 2.680000
vt -0.100033 2.680000
vt -0.015033 2.488571
vt 0.073181 2.488571
vt 0.069967 2.680000
vt -0.015033 2.680000
vt 0.073181 2.488571
vt 0.137758 2.488571
vt 0.132191 2.680000
vt 0.069967 2.680000
vt -0.107504 2.488571
vt -0.019290 2.488571
vt -0.019290 2.680000
vt -0.104290 2.680000
vt -0.015033 -0.019290
vt 0.210133 0.110710
vt 0.244967 -0.019290
vt -0.015033 -0.019290
vt 0.114967 0.205877
vt 0.210133 0.110710
vt -0.015033 -0.019290
vt -0.015033 0.240710
vt 0.114967 0.205877
vt -0.015033 -0.019290
vt -0.145033 0.205877
vt -0.015033 0.240710
vt -0.015033 -0.019290
vt -0.240200 0.110710
vt -0.145033 0.205877
vt -0.015033 -0.019290
vt -0.275033 -0.019290
vt -0.240200 0.110710
vt -0.015033 -0.019290
vt -0.240200 -0.149290
vt -0.275033 -0.019290
vt -0.015033 -0.019290
vt -0.145033 -0.244456
vt -0.240200 -0.149290
vt -0.015033 -0.019290
vt -0.015033 -0.279290
vt -0.145033 -0.244456
vt -0.015033 -0.019290
vt 0.114967 -0.244456
vt -0.015033 -0.279290
vt -0.015033 -0.019290
vt 0.210133 -0.149290
vt 0.114967 -0.244456
vt -0.015033 -0.019290
vt 0.244967 -0.019290
vt 0.210133 -0.149290
vt -0.019290 0.228200
vt 0.059602 0.140000
vt -0.019290 0.140000
vt 0.059602 0.140000
vt -0.019290 0.051800
vt -0.019290 0.140000
vt -0.019290 0.051800
vt -0.098181 0.140000
vt -0.019290 0.140000
vt -0.098181 0.140000
vt -0.019290 0.228200
vt -0.019290 0.140000
vt 0.165490 0.228200
vt 0.100870 0.140000
vt 0.195188 0.140000
vt 0.100870 0.140000
vt 0.165490 0.051800
vt 0.195188 0.140000
vt 0.161233 0.051800
vt 0.096613 0.140000
vt 0.190932 0.140000
vt 0.096613 0.140000
vt 0.161233 0.228200
vt 0.190932 0.140000
vt -0.015033 0.228200
vt -0.093925 0.140000
vt -0.015033 0.140000
vt -0.093925 0.140000
vt -0.015033 0.051800
vt -0.015033 0.140000
vt -0.015033 0.051800
vt 0.063858 0.140000
vt -0.015033 0.140000
vt 0.063858 0.140000
vt -0.015033 0.228200
vt -0.015033 0.140000
vt 0.161233 0.228200
vt 0.096613 0.140000
vt 0.190932 0.140000
vt 0.096613 0.140000
vt 0.161233 0.051800
vt 0.190932 0.140000
vt -0.195557 0.051800
vt -0.130936 0.140000
vt -0.225255 0.140000
vt -0.130936 0.140000
vt -0.195557 0.228200
vt -0.225255 0.140000
vt -0.019290 0.228200
vt -0.098181 0.140000
vt -0.019290 0.140000
vt -0.098181 0.140000
vt -0.019290 0.051800
vt -0.019290 0.140000
vt -0.019290 0.051800
vt 0.059602 0.140000
vt -0.019290 0.140000
vt 0.059602 0.140000
vt -0.019290 0.228200
vt -0.019290 0.140000
vt -0.195557 0.228200
vt -0.130936 0.140000
vt -0.225255 0.140000
vt -0.130936 0.140000
vt -0.195557 0.051800
vt -0.225255 0.140000
vt -0.199813 0.051800
vt -0.135193 0.140000
vt -0.229512 0.140000
vt -0.135193 0.140000
vt -0.199813 0.228200
vt -0.229512 0.140000
vt -0.015033 0.228200
vt 0.063858 0.140000
vt -0.015033 0.140000
vt 0.063858 0.140000
vt -0.015033 0.051800
vt -0.015033 0.140000
vt -0.015033 0.051800
vt -0.093925 0.140000
vt -0.015033 0.140000
vt -0.093925 0.140000
vt -0.015033 0.228200
vt -0.015033 0.140000
vt -0.199813 0.228200
vt -0.135193 0.140000
vt -0.229512 0.140000
vt -0.135193 0.140000
vt -0.199813 0.051800
vt -0.229512 0.140000
vt 0.165490 0.051800
vt 0.100870 0.140000
vt 0.195188 0.140000
vt 0.100870 0.140000
vt 0.165490 0.228200
vt 0.195188 0.140000
vt 0.214316 0.438200
vt 0.173735 0.350000
vt 0.253119 0.350000
vt 0.173735 0.350000
vt 0.214316 0.261800
vt 0.253119 0.350000
vt 0.075710 0.261800
vt 0.000187 0.350000
vt 0.091783 0.350000
vt 0.000187 0.350000
vt 0.075710 0.438200
vt 0.091783 0.350000
vt 0.079966 0.438200
vt 0.004444 0.350000
vt 0.096039 0.350000
vt 0.004444 0.350000
vt 0.079966 0.261800
vt 0.096039 0.350000
vt 0.210060 0.261800
vt 0.169478 0.350000
vt 0.248863 0.350000
vt 0.169478 0.350000
vt 0.210060 0.438200
vt 0.248863 0.350000
vt 0.210060 0.438200
vt 0.169478 0.350000
vt 0.248863 0.350000
vt 0.169478 0.350000
vt 0.210060 0.261800
vt 0.248863 0.350000
vt -0.110033 0.261800
vt -0.034511 0.350000
vt -0.126106 0.350000
vt -0.034511 0.350000
vt -0.110033 0.438200
vt -0.126106 0.350000
vt 0.075710 0.438200
vt 0.000187 0.350000
vt 0.091783 0.350000
vt 0.000187 0.350000
vt 0.075710 0.261800
vt 0.091783 0.350000
vt -0.244383 0.261800
vt -0.203801 0.350000
vt -0.283186 0.350000
vt -0.203801 0.350000
vt -0.244383 0.438200
vt -0.283186 0.350000
vt -0.244383 0.438200
vt -0.203801 0.350000
vt -0.283186 0.350000
vt -0.203801 0.350000
vt -0.244383 0.261800
vt -0.283186 0.350000
vt -0.114290 0.261800
vt -0.038767 0.350000
vt -0.130362 0.350000
vt -0.038767 0.350000
vt -0.114290 0.438200
vt -0.130362 0.350000
vt -0.110033 0.438200
vt -0.034511 0.350000
vt -0.126106 0.350000
vt -0.034511 0.350000
vt -0.110033 0.261800
vt -0.126106 0.350000
vt -0.248639 0.261800
vt -0.208058 0.350000
vt -0.287442 0.350000
vt -0.208058 0.350000
vt -0.248639 0.438200
vt -0.287442 0.350000
vt -0.248639 0.438200
vt -0.208058 0.350000
vt -0.287442 0.350000
vt -0.208058 0.350000
vt -0.248639 0.261800
vt -0.287442 0.350000
vt 0.079966 0.261800
vt 0.004444 0.350000
vt 0.096039 0.350000
vt 0.004444 0.350000
vt 0.079966 0.438200
vt 0.096039 0.350000
vt -0.114290 0.438200
vt -0.038767 0.350000
vt -0.130362 0.350000
vt -0.038767 0.350000
vt -0.114290 0.261800
vt -0.130362 0.350000
vt 0.214316 0.261800
vt 0.173735 0.350000
vt 0.253119 0.350000
vt 0.173735 0.350000
vt 0.214316 0.438200
vt 0.253119 0.350000
vt -0.019290 0.648200
vt 0.055243 0.560000
vt -0.019290 0.560000
vt 0.055243 0.560000
vt -0.019290 0.471800
vt -0.019290 0.560000
vt -0.019290 0.471800
vt -0.093823 0.560000
vt -0.019290 0.560000
vt -0.093823 0.560000
vt -0.019290 0.648200
vt -0.019290 0.560000
vt 0.155517 0.648200
vt 0.094466 0.560000
vt 0.185215 0.560000
vt 0.094466 0.560000
vt 0.155517 0.471800
vt 0.185215 0.560000
vt 0.151260 0.471800
vt 0.090210 0.560000
vt 0.180959 0.560000
vt 0.090210 0.560000
vt 0.151260 0.648200
vt 0.180959 0.560000
vt -0.015033 0.648200
vt -0.089566 0.560000
vt -0.015033 0.560000
vt -0.089566 0.560000
vt -0.015033 0.471800
vt -0.015033 0.560000
vt -0.015033 0.471800
vt 0.059500 0.560000
vt -0.015033 0.560000
vt 0.059500 0.560000
vt -0.015033 0.648200
vt -0.015033 0.560000
vt 0.151260 0.648200
vt 0.090210 0.560000
vt 0.180959 0.560000
vt 0.090210 0.560000
vt 0.151260 0.471800
vt 0.180959 0.560000
vt -0.185583 0.471800
vt -0.124533 0.560000
vt -0.215282 0.560000
vt -0.124533 0.560000
vt -0.185583 0.648200
vt -0.215282 0.560000
vt -0.019290 0.648200
vt -0.093823 0.560000
vt -0.019290 0.560000
vt -0.093823 0.560000
vt -0.019290 0.471800
vt -0.019290 0.560000
vt -0.019290 0.471800
vt 0.055243 0.560000
vt -0.019290 0.560000
vt 0.055243 0.560000
vt -0.019290 0.648200
vt -0.019290 0.560000
vt -0.185583 0.648200
vt -0.124533 0.560000
vt -0.215282 0.560000
vt -0.124533 0.560000
vt -0.185583 0.471800
vt -0.215282 0.560000
vt -0.189840 0.471800
vt -0.128790 0.560000
vt -0.219538 0.560000
vt -0.128790 0.560000
vt -0.189840 0.648200
vt -0.219538 0.560000
vt -0.015033 0.648200
vt 0.059500 0.560000
vt -0.015033 0.560000
vt 0.059500 0.560000
vt -0.015033 0.471800
vt -0.015033 0.560000
vt -0.015033 0.471800
vt -0.089566 0.560000
vt -0.015033 0.560000
vt -0.089566 0.560000
vt -0.015033 0.648200
vt -0.015033 0.560000
vt -0.189840 0.648200
vt -0.128790 0.560000
vt -0.219538 0.560000
vt -0.128790 0.560000
vt -0.189840 0.471800
vt -0.219538 0.560000
vt 0.155517 0.471800
vt 0.094466 0.560000
vt 0.185215 0.560000
vt 0.094466 0.560000
vt 0.155517 0.648200
vt 0.185215 0.560000
vt 0.201285 0.858200
vt 0.163009 0.770000
vt 0.240088 0.770000
vt 0.163009 0.770000
vt 0.201285 0.681800
vt 0.240088 0.770000
vt 0.070312 0.681800
vt -0.000919 0.770000
vt 0.086385 0.770000
vt -0.000919 0.770000
vt 0.070312 0.858200
vt 0.086385 0.770000
vt 0.074569 0.858200
vt 0.003337 0.770000
vt 0.090642 0.770000
vt 0.003337 0.770000
vt 0.074569 0.681800
vt 0.090642 0.770000
vt 0.197029 0.681800
vt 0.158753 0.770000
vt 0.235832 0.770000
vt 0.158753 0.770000
vt 0.197029 0.858200
vt 0.235832 0.770000
vt 0.197029 0.858200
vt 0.158753 0.770000
vt 0.235832 0.770000
vt 0.158753 0.770000
vt 0.197029 0.681800
vt 0.235832 0.770000
vt -0.104636 0.681800
vt -0.033404 0.770000
vt -0.120708 0.770000
vt -0.033404 0.770000
vt -0.104636 0.858200
vt -0.120708 0.770000
vt 0.070312 0.858200
vt -0.000919 0.770000
vt 0.086385 0.770000
vt -0.000919 0.770000
vt 0.070312 0.681800
vt 0.086385 0.770000
vt -0.231352 0.681800
vt -0.193076 0.770000
vt -0.270155 0.770000
vt -0.193076 0.770000
vt -0.231352 0.858200
vt -0.270155 0.770000
vt -0.231352 0.858200
vt -0.193076 0.770000
vt -0.270155 0.770000
vt -0.193076 0.770000
vt -0.231352 0.681800
vt -0.270155 0.770000
vt -0.108892 0.681800
vt -0.037660 0.770000
vt -0.124965 0.770000
vt -0.037660 0.770000
vt -0.108892 0.858200
vt -0.124965 0.770000
vt -0.104636 0.858200
vt -0.033404 0.770000
vt -0.120708 0.770000
vt -0.033404 0.770000
vt -0.104636 0.681800
vt -0.120708 0.770000
vt -0.235609 0.681800
vt -0.197333 0.770000
vt -0.274412 0.770000
vt -0.197333 0.770000
vt -0.235609 0.858200
vt -0.274412 0.770000
vt -0.235609 0.858200
vt -0.197333 0.770000
vt -0.274412 0.770000
vt -0.197333 0.770000
vt -0.235609 0.681800
vt -0.274412 0.770000
vt 0.074569 0.681800
vt 0.003337 0.770000
vt 0.090642 0.770000
vt 0.003337 0.770000
vt 0.074569 0.858200
vt 0.090642 0.770000
vt -0.108892 0.858200
vt -0.037660 0.770000
vt -0.124965 0.770000
vt -0.037660 0.770000
vt -0.108892 0.681800
vt -0.124965 0.770000
vt 0.201285 0.681800
vt 0.163009 0.770000
vt 0.240088 0.770000
vt 0.163009 0.770000
vt 0.201285 0.858200
vt 0.240088 0.770000
vt -0.019290 1.068200
vt 0.050885 0.980000
vt -0.019290 0.980000
vt 0.050885 0.980000
vt -0.019290 0.891800
vt -0.019290 0.980000
vt -0.019290 0.891800
vt -0.089464 0.980000
vt -0.019290 0.980000
vt -0.089464 0.980000
vt -0.019290 1.068200
vt -0.019290 0.980000
vt 0.145543 1.068200
vt 0.088063 0.980000
vt 0.175242 0.980000
vt 0.088063 0.980000
vt 0.145543 0.891800
vt 0.175242 0.980000
vt 0.141287 0.891800
vt 0.083807 0.980000
vt 0.170985 0.980000
vt 0.083807 0.980000
vt 0.141287 1.068200
vt 0.170985 0.980000
vt -0.015033 1.068200
vt -0.085208 0.980000
vt -0.015033 0.980000
vt -0.085208 0.980000
vt -0.015033 0.891800
vt -0.015033 0.980000
vt -0.015033 0.891800
vt 0.055141 0.980000
vt -0.015033 0.980000
vt 0.055141 0.980000
vt -0.015033 1.068200
vt -0.015033 0.980000
vt 0.141287 1.068200
vt 0.083807 0.980000
vt 0.170985 0.980000
vt 0.083807 0.980000
vt 0.141287 0.891800
vt 0.170985 0.980000
vt -0.175610 0.891800
vt -0.118130 0.980000
vt -0.205308 0.980000
vt -0.118130 0.980000
vt -0.175610 1.068200
vt -0.205308 0.980000
vt -0.019290 1.068200
vt -0.089464 0.980000
vt -0.019290 0.980000
vt -0.089464 0.980000
vt -0.019290 0.891800
vt -0.019290 0.980000
vt -0.019290 0.891800
vt 0.050885 0.980000
vt -0.019290 0.980000
vt 0.050885 0.980000
vt -0.019290 1.068200
vt -0.019290 0.980000
vt -0.175610 1.068200
vt -0.118130 0.980000
vt -0.205308 0.980000
vt -0.118130 0.980000
vt -0.175610 0.891800
vt -0.205308 0.980000
vt -0.179866 0.891800
vt -0.122386 0.980000
vt -0.209565 0.980000
vt -0.122386 0.980000
vt -0.179866 1.068200
vt -0.209565 0.980000
vt -0.015033 1.068200
vt 0.055141 0.980000
vt -0.015033 0.980000
vt 0.055141 0.980000
vt -0.015033 0.891800
vt -0.015033 0.980000
vt -0.015033 0.891800
vt -0.085208 0.980000
vt -0.015033 0.980000
vt -0.085208 0.980000
vt -0.015033 1.068200
vt -0.015033 0.980000
vt -0.179866 1.068200
vt -0.122386 0.980000
vt -0.209565 0.980000
vt -0.122386 0.980000
vt -0.179866 0.891800
vt -0.209565 0.980000
vt 0.145543 0.891800
vt 0.088063 0.980000
vt 0.175242 0.980000
vt 0.088063 0.980000
vt 0.145543 1.068200
vt 0.175242 0.980000
vt 0.188255 1.278200
vt 0.152284 1.190000
vt 0.227058 1.190000
vt 0.152284 1.190000
vt 0.188255 1.101800
vt 0.227058 1.190000
vt 0.064915 1.101800
vt -0.002026 1.190000
vt 0.080988 1.190000
vt -0.002026 1.190000
vt 0.064915 1.278200
vt 0.080988 1.190000
vt 0.069171 1.278200
vt 0.002231 1.190000
vt 0.085244 1.190000
vt 0.002231 1.190000
vt 0.069171 1.101800
vt 0.085244 1.190000
vt 0.183998 1.101800
vt 0.148028 1.190000
vt 0.222801 1.190000
vt 0.148028 1.190000
vt 0.183998 1.278200
vt 0.222801 1.190000
vt 0.183998 1.278200
vt 0.148028 1.190000
vt 0.222801 1.190000
vt 0.148028 1.190000
vt 0.183998 1.101800
vt 0.222801 1.190000
vt -0.099238 1.101800
vt -0.032297 1.190000
vt -0.115311 1.190000
vt -0.032297 1.190000
vt -0.099238 1.278200
vt -0.115311 1.190000
vt 0.064915 1.278200
vt -0.002026 1.190000
vt 0.080988 1.190000
vt -0.002026 1.190000
vt 0.064915 1.101800
vt 0.080988 1.190000
vt -0.218321 1.101800
vt -0.182351 1.190000
vt -0.257124 1.190000
vt -0.182351 1.190000
vt -0.218321 1.278200
vt -0.257124 1.190000
vt -0.218321 1.278200
vt -0.182351 1.190000
vt -0.257124 1.190000
vt -0.182351 1.190000
vt -0.218321 1.101800
vt -0.257124 1.190000
vt -0.103494 1.101800
vt -0.036554 1.190000
vt -0.119567 1.190000
vt -0.036554 1.190000
vt -0.103494 1.278200
vt -0.119567 1.190000
vt -0.099238 1.278200
vt -0.032297 1.190000
vt -0.115311 1.190000
vt -0.032297 1.190000
vt -0.099238 1.101800
vt -0.115311 1.190000
vt -0.222578 1.101800
vt -0.186608 1.190000
vt -0.261381 1.190000
vt -0.186608 1.190000
vt -0.222578 1.278200
vt -0.261381 1.190000
vt -0.222578 1.278200
vt -0.186608 1.190000
vt -0.261381 1.190000
vt -0.186608 1.190000
vt -0.222578 1.101800
vt -0.261381 1.190000
vt 0.069171 1.101800
vt 0.002231 1.190000
vt 0.085244 1.190000
vt 0.002231 1.190000
vt 0.069171 1.278200
vt 0.085244 1.190000
vt -0.103494 1.278200
vt -0.036554 1.190000
vt -0.119567 1.190000
vt -0.036554 1.190000
vt -0.103494 1.101800
vt -0.119567 1.190000
vt 0.188255 1.101800
vt 0.152284 1.190000
vt 0.227058 1.190000
vt 0.152284 1.190000
vt 0.188255 1.278200
vt 0.227058 1.190000
vt -0.019290 1.488200
vt 0.046526 1.400000
vt -0.019290 1.400000
vt 0.046526 1.400000
vt -0.019290 1.311800
vt -0.019290 1.400000
vt -0.019290 1.311800
vt -0.085106 1.400000
vt -0.019290 1.400000
vt -0.085106 1.400000
vt -0.019290 1.488200
vt -0.019290 1.400000
vt 0.135570 1.488200
vt 0.081660 1.400000
vt 0.165268 1.400000
vt 0.081660 1.400000
vt 0.135570 1.311800
vt 0.165268 1.400000
vt 0.131313 1.311800
vt 0.077403 1.400000
vt 0.161012 1.400000
vt 0.077403 1.400000
vt 0.131313 1.488200
vt 0.161012 1.400000
vt -0.015033 1.488200
vt -0.080849 1.400000
vt -0.015033 1.400000
vt -0.080849 1.400000
vt -0.015033 1.311800
vt -0.015033 1.400000
vt -0.015033 1.311800
vt 0.050783 1.400000
vt -0.015033 1.400000
vt 0.050783 1.400000
vt -0.015033 1.488200
vt -0.015033 1.400000
vt 0.131313 1.488200
vt 0.077403 1.400000
vt 0.161012 1.400000
vt 0.077403 1.400000
vt 0.131313 1.311800
vt 0.161012 1.400000
vt -0.165637 1.311800
vt -0.111727 1.400000
vt -0.195335 1.400000
vt -0.111727 1.400000
vt -0.165637 1.488200
vt -0.195335 1.400000
vt -0.019290 1.488200
vt -0.085106 1.400000
vt -0.019290 1.400000
vt -0.085106 1.400000
vt -0.019290 1.311800
vt -0.019290 1.400000
vt -0.019290 1.311800
vt 0.046526 1.400000
vt -0.019290 1.400000
vt 0.046526 1.400000
vt -0.019290 1.488200
vt -0.019290 1.400000
vt -0.165637 1.488200
vt -0.111727 1.400000
vt -0.195335 1.400000
vt -0.111727 1.400000
vt -0.165637 1.311800
vt -0.195335 1.400000
vt -0.169893 1.311800
vt -0.115983 1.400000
vt -0.199592 1.400000
vt -0.115983 1.400000
vt -0.169893 1.488200
vt -0.199592 1.400000
vt -0.015033 1.488200
vt 0.050783 1.400000
vt -0.015033 1.400000
vt 0.050783 1.400000
vt -0.015033 1.311800
vt -0.015033 1.400000
vt -0.015033 1.311800
vt -0.080849 1.400000
vt -0.015033 1.400000
vt -0.080849 1.400000
vt -0.015033 1.488200
vt -0.015033 1.400000
vt -0.169893 1.488200
vt -0.115983 1.400000
vt -0.199592 1.400000
vt -0.115983 1.400000
vt -0.169893 1.311800
vt -0.199592 1.400000
vt 0.135570 1.311800
vt 0.081660 1.400000
vt 0.165268 1.400000
vt 0.081660 1.400000
vt 0.135570 1.488200
vt 0.165268 1.400000
vt 0.175224 1.698200
vt 0.141559 1.610000
vt 0.214027 1.610000
vt 0.141559 1.610000
vt 0.175224 1.521800
vt 0.214027 1.610000
vt 0.059517 1.521800
vt -0.003133 1.610000
vt 0.075590 1.610000
vt -0.003133 1.610000
vt 0.059517 1.698200
vt 0.075590 1.610000
vt 0.063774 1.698200
vt 0.001124 1.610000
vt 0.079846 1.610000
vt 0.001124 1.610000
vt 0.063774 1.521800
vt 0.079846 1.610000
vt 0.170967 1.521800
vt 0.137303 1.610000
vt 0.209770 1.610000
vt 0.137303 1.610000
vt 0.170967 1.698200
vt 0.209770 1.610000
vt 0.170967 1.698200
vt 0.137303 1.610000
vt 0.209770 1.610000
vt 0.137303 1.610000
vt 0.170967 1.521800
vt 0.209770 1.610000
vt -0.093840 1.521800
vt -0.031191 1.610000
vt -0.109913 1.610000
vt -0.031191 1.610000
vt -0.093840 1.698200
vt -0.109913 1.610000
vt 0.059517 1.698200
vt -0.003133 1.610000
vt 0.075590 1.610000
vt -0.003133 1.610000
vt 0.059517 1.521800
vt 0.075590 1.610000
vt -0.205290 1.521800
vt -0.171626 1.610000
vt -0.244093 1.610000
vt -0.171626 1.610000
vt -0.205290 1.698200
vt -0.244093 1.610000
vt -0.205290 1.698200
vt -0.171626 1.610000
vt -0.244093 1.610000
vt -0.171626 1.610000
vt -0.205290 1.521800
vt -0.244093 1.610000
vt -0.098097 1.521800
vt -0.035447 1.610000
vt -0.114170 1.610000
vt -0.035447 1.610000
vt -0.098097 1.698200
vt -0.114170 1.610000
vt -0.093840 1.698200
vt -0.031191 1.610000
vt -0.109913 1.610000
vt -0.031191 1.610000
vt -0.093840 1.521800
vt -0.109913 1.610000
vt -0.209547 1.521800
vt -0.175882 1.610000
vt -0.248350 1.610000
vt -0.175882 1.610000
vt -0.209547 1.698200
vt -0.248350 1.610000
vt -0.209547 1.698200
vt -0.175882 1.610000
vt -0.248350 1.610000
vt -0.175882 1.610000
vt -0.209547 1.521800
vt -0.248350 1.610000
vt 0.063774 1.521800
vt 0.001124 1.610000
vt 0.079846 1.610000
vt 0.001124 1.610000
vt 0.063774 1.698200
vt 0.079846 1.610000
vt -0.098097 1.698200
vt -0.035447 1.610000
vt -0.114170 1.610000
vt -0.035447 1.610000
vt -0.098097 1.521800
vt -0.114170 1.610000
vt 0.175224 1.521800
vt 0.141559 1.610000
vt 0.214027 1.610000
vt 0.141559 1.610000
vt 0.175224 1.698200
vt 0.214027 1.610000
vt -0.019290 1.908200
vt 0.042168 1.820000
vt -0.019290 1.820000
vt 0.042168 1.820000
vt -0.019290 1.731800
vt -0.019290 1.820000
vt -0.019290 1.731800
vt -0.080747 1.820000
vt -0.019290 1.820000
vt -0.080747 1.820000
vt -0.019290 1.908200
vt -0.019290 1.820000
vt 0.125596 1.908200
vt 0.075257 1.820000
vt 0.155295 1.820000
vt 0.075257 1.820000
vt 0.125596 1.731800
vt 0.155295 1.820000
vt 0.121340 1.731800
vt 0.071000 1.820000
vt 0.151038 1.820000
vt 0.071000 1.820000
vt 0.121340 1.908200
vt 0.151038 1.820000
vt -0.015033 1.908200
vt -0.076491 1.820000
vt -0.015033 1.820000
vt -0.076491 1.820000
vt -0.015033 1.731800
vt -0.015033 1.820000
vt -0.015033 1.731800
vt 0.046424 1.820000
vt -0.015033 1.820000
vt 0.046424 1.820000
vt -0.015033 1.908200
vt -0.015033 1.820000
vt 0.121340 1.908200
vt 0.071000 1.820000
vt 0.151038 1.820000
vt 0.071000 1.820000
vt 0.121340 1.731800
vt 0.151038 1.820000
vt -0.155663 1.731800
vt -0.105323 1.820000
vt -0.185362 1.820000
vt -0.105323 1.820000
vt -0.155663 1.908200
vt -0.185362 1.820000
vt -0.019290 1.908200
vt -0.080747 1.820000
vt -0.019290 1.820000
vt -0.080747 1.820000
vt -0.019290 1.731800
vt -0.019290 1.820000
vt -0.019290 1.731800
vt 0.042168 1.820000
vt -0.019290 1.820000
vt 0.042168 1.820000
vt -0.019290 1.908200
vt -0.019290 1.820000
vt -0.155663 1.908200
vt -0.105323 1.820000
vt -0.185362 1.820000
vt -0.105323 1.820000
vt -0.155663 1.731800
vt -0.185362 1.820000
vt -0.159920 1.731800
vt -0.109580 1.820000
vt -0.189618 1.820000
vt -0.109580 1.820000
vt -0.159920 1.908200
vt -0.189618 1.820000
vt -0.015033 1.908200
vt 0.046424 1.820000
vt -0.015033 1.820000
vt 0.046424 1.820000
vt -0.015033 1.731800
vt -0.015033 1.820000
vt -0.015033 1.731800
vt -0.076491 1.820000
vt -0.015033 1.820000
vt -0.076491 1.820000
vt -0.015033 1.908200
vt -0.015033 1.820000
vt -0.159920 1.908200
vt -0.109580 1.820000
vt -0.189618 1.820000
vt -0.109580 1.820000
vt -0.159920 1.731800
vt -0.189618 1.820000
vt 0.125596 1.731800
vt 0.075257 1.820000
vt 0.155295 1.820000
vt 0.075257 1.820000
vt 0.125596 1.908200
vt 0.155295 1.820000
vt 0.162193 2.118200
vt 0.130834 2.030000
vt 0.200996 2.030000
vt 0.130834 2.030000
vt 0.162193 1.941800
vt 0.200996 2.030000
vt 0.054120 1.941800
vt -0.004239 2.030000
vt 0.070192 2.030000
vt -0.004239 2.030000
vt 0.054120 2.118200
vt 0.070192 2.030000
vt 0.058376 2.118200
vt 0.000017 2.030000
vt 0.074449 2.030000
vt 0.000017 2.030000
vt 0.058376 1.941800
vt 0.074449 2.030000
vt 0.157936 1.941800
vt 0.126578 2.030000
vt 0.196739 2.030000
vt 0.126578 2.030000
vt 0.157936 2.118200
vt 0.196739 2.030000
vt 0.157936 2.118200
vt 0.126578 2.030000
vt 0.196739 2.030000
vt 0.126578 2.030000
vt 0.157936 1.941800
vt 0.196739 2.030000
vt -0.088443 1.941800
vt -0.030084 2.030000
vt -0.104516 2.030000
vt -0.030084 2.030000
vt -0.088443 2.118200
vt -0.104516 2.030000
vt 0.054120 2.118200
vt -0.004239 2.030000
vt 0.070192 2.030000
vt -0.004239 2.030000
vt 0.054120 1.941800
vt 0.070192 2.030000
vt -0.192260 1.941800
vt -0.160901 2.030000
vt -0.231063 2.030000
vt -0.160901 2.030000
vt -0.192260 2.118200
vt -0.231063 2.030000
vt -0.192260 2.118200
vt -0.160901 2.030000
vt -0.231063 2.030000
vt -0.160901 2.030000
vt -0.192260 1.941800
vt -0.231063 2.030000
vt -0.092699 1.941800
vt -0.034341 2.030000
vt -0.108772 2.030000
vt -0.034341 2.030000
vt -0.092699 2.118200
vt -0.108772 2.030000
vt -0.088443 2.118200
vt -0.030084 2.030000
vt -0.104516 2.030000
vt -0.030084 2.030000
vt -0.088443 1.941800
vt -0.104516 2.030000
vt -0.196516 1.941800
vt -0.165157 2.030000
vt -0.235319 2.030000
vt -0.165157 2.030000
vt -0.196516 2.118200
vt -0.235319 2.030000
vt -0.196516 2.118200
vt -0.165157 2.030000
vt -0.235319 2.030000
vt -0.165157 2.030000
vt -0.196516 1.941800
vt -0.235319 2.030000
vt 0.058376 1.941800
vt 0.000017 2.030000
vt 0.074449 2.030000
vt 0.000017 2.030000
vt 0.058376 2.118200
vt 0.074449 2.030000
vt -0.092699 2.118200
vt -0.034341 2.030000
vt -0.108772 2.030000
vt -0.034341 2.030000
vt -0.092699 1.941800
vt -0.108772 2.030000
vt 0.162193 1.941800
vt 0.130834 2.030000
vt 0.200996 2.030000
vt 0.130834 2.030000
vt 0.162193 2.118200
vt 0.200996 2.030000
vt -0.019290 2.328200
vt 0.037809 2.240000
vt -0.019290 2.240000
vt 0.037809 2.240000
vt -0.019290 2.151800
vt -0.019290 2.240000
vt -0.019290 2.151800
vt -0.076389 2.240000
vt -0.019290 2.240000
vt -0.076389 2.240000
vt -0.019290 2.328200
vt -0.019290 2.240000
vt 0.115623 2.328200
vt 0.068853 2.240000
vt 0.145322 2.240000
vt 0.068853 2.240000
vt 0.115623 2.151800
vt 0.145322 2.240000
vt 0.111367 2.151800
vt 0.064597 2.240000
vt 0.141065 2.240000
vt 0.064597 2.240000
vt 0.111367 2.328200
vt 0.141065 2.240000
vt -0.015033 2.328200
vt -0.072132 2.240000
vt -0.015033 2.240000
vt -0.072132 2.240000
vt -0.015033 2.151800
vt -0.015033 2.240000
vt -0.015033 2.151800
vt 0.042066 2.240000
vt -0.015033 2.240000
vt 0.042066 2.240000
vt -0.015033 2.328200
vt -0.015033 2.240000
vt 0.111367 2.328200
vt 0.064597 2.240000
vt 0.141065 2.240000
vt 0.064597 2.240000
vt 0.111367 2.151800
vt 0.141065 2.240000
vt -0.145690 2.151800
vt -0.098920 2.240000
vt -0.175388 2.240000
vt -0.098920 2.240000
vt -0.145690 2.328200
vt -0.175388 2.240000
vt -0.019290 2.328200
vt -0.076389 2.240000
vt -0.019290 2.240000
vt -0.076389 2.240000
vt -0.019290 2.151800
vt -0.019290 2.240000
vt -0.019290 2.151800
vt 0.037809 2.240000
vt -0.019290 2.240000
vt 0.037809 2.240000
vt -0.019290 2.328200
vt -0.019290 2.240000
vt -0.145690 2.328200
vt -0.098920 2.240000
vt -0.175388 2.240000
vt -0.098920 2.240000
vt -0.145690 2.151800
vt -0.175388 2.240000
vt -0.149946 2.151800
vt -0.103176 2.240000
vt -0.179645 2.240000
vt -0.103176 2.240000
vt -0.149946 2.328200
vt -0.179645 2.240000
vt -0.015033 2.328200
vt 0.042066 2.240000
vt -0.015033 2.240000
vt 0.042066 2.240000
vt -0.015033 2.151800
vt -0.015033 2.240000
vt -0.015033 2.151800
vt -0.072132 2.240000
vt -0.015033 2.240000
vt -0.072132 2.240000
vt -0.015033 2.328200
vt -0.015033 2.240000
vt -0.149946 2.328200
vt -0.103176 2.240000
vt -0.179645 2.240000
vt -0.103176 2.240000
vt -0.149946 2.151800
vt -0.179645 2.240000
vt 0.115623 2.151800
vt 0.068853 2.240000
vt 0.145322 2.240000
vt 0.068853 2.240000
vt 0.115623 2.328200
vt 0.145322 2.240000
vt 0.149162 2.538200
vt 0.120109 2.450000
vt 0.187965 2.450000
vt 0.120109 2.450000
vt 0.149162 2.361800
vt 0.187965 2.450000
vt 0.048722 2.361800
vt -0.005346 2.450000
vt 0.064795 2.450000
vt -0.005346 2.450000
vt 0.048722 2.538200
vt 0.064795 2.450000
vt 0.052979 2.538200
vt -0.001089 2.450000
vt 0.069051 2.450000
vt -0.001089 2.450000
vt 0.052979 2.361800
vt 0.069051 2.450000
vt 0.144906 2.361800
vt 0.115852 2.450000
vt 0.183709 2.450000
vt 0.115852 2.450000
vt 0.144906 2.538200
vt 0.183709 2.450000
vt 0.144906 2.538200
vt 0.115852 2.450000
vt 0.183709 2.450000
vt 0.115852 2.450000
vt 0.144906 2.361800
vt 0.183709 2.450000
vt -0.083045 2.361800
vt -0.028977 2.450000
vt -0.099118 2.450000
vt -0.028977 2.450000
vt -0.083045 2.538200
vt -0.099118 2.450000
vt 0.048722 2.538200
vt -0.005346 2.450000
vt 0.064795 2.450000
vt -0.005346 2.450000
vt 0.048722 2.361800
vt 0.064795 2.450000
vt -0.179229 2.361800
vt -0.150176 2.450000
vt -0.218032 2.450000
vt -0.150176 2.450000
vt -0.179229 2.538200
vt -0.218032 2.450000
vt -0.179229 2.538200
vt -0.150176 2.450000
vt -0.218032 2.450000
vt -0.150176 2.450000
vt -0.179229 2.361800
vt -0.218032 2.450000
vt -0.087302 2.361800
vt -0.033234 2.450000
vt -0.103375 2.450000
vt -0.033234 2.450000
vt -0.087302 2.538200
vt -0.103375 2.450000
vt -0.083045 2.538200
vt -0.028977 2.450000
vt -0.099118 2.450000
vt -0.028977 2.450000
vt -0.083045 2.361800
vt -0.099118 2.450000
vt -0.183485 2.361800
vt -0.154432 2.450000
vt -0.222288 2.450000
vt -0.154432 2.450000
vt -0.183485 2.538200
vt -0.222288 2.450000
vt -0.183485 2.538200
vt -0.154432 2.450000
vt -0.222288 2.450000
vt -0.154432 2.450000
vt -0.183485 2.361800
vt -0.222288 2.450000
vt 0.052979 2.361800
vt -0.001089 2.450000
vt 0.069051 2.450000
vt -0.001089 2.450000
vt 0.052979 2.538200
vt 0.069051 2.450000
vt -0.087302 2.538200
vt -0.033234 2.450000
vt -0.103375 2.450000
vt -0.033234 2.450000
vt -0.087302 2.361800
vt -0.103375 2.450000
vt 0.149162 2.361800
vt 0.120109 2.450000
vt 0.187965 2.450000
vt 0.120109 2.450000
vt 0.149162 2.538200
vt 0.187965 2.450000
vt -0.015033 2.679741
vt -0.032992 2.686232
vt 0.110196 3.084735
vt 0.126359 3.078893
vt -0.008216 2.686232
vt -0.030214 2.686491
vt -0.024418 3.084968
vt -0.004619 3.084735
vt -0.032992 2.686491
vt -0.015033 2.680259
vt 0.126359 3.079360
vt 0.110196 3.084968
vt -0.015033 2.680259
vt 0.002926 2.673768
vt 0.142523 3.073518
vt 0.126359 3.079360
vt -0.030364 2.673768
vt -0.008366 2.673509
vt -0.004754 3.073284
vt -0.024552 3.073518
vt 0.002926 2.673509
vt -0.015033 2.679741
vt 0.126359 3.078893
vt 0.142523 3.073284
vt 0.126359 3.078815
vt 0.110858 3.086301
vt 0.265609 3.409016
vt 0.279387 3.402362
vt -0.004572 3.086301
vt -0.024369 3.086612
vt -0.018191 3.409293
vt -0.000593 3.409016
vt 0.110858 3.086612
vt 0.126359 3.079438
vt 0.279387 3.402915
vt 0.265609 3.409293
vt 0.126359 3.079438
vt 0.141860 3.071952
vt 0.293166 3.396261
vt 0.279387 3.402915
vt -0.024600 3.071952
vt -0.004802 3.071640
vt -0.000798 3.395984
vt -0.018396 3.396261
vt 0.141860 3.071640
vt 0.126359 3.078815
vt 0.279387 3.402362
vt 0.293166 3.395984
vt 0.279973 3.402638
vt 0.292367 3.394202
vt 0.455408 3.643155
vt 0.444563 3.650537
vt -0.017867 3.394202
vt -0.000277 3.394202
vt 0.004049 3.643155
vt -0.011343 3.643155
vt 0.291782 3.394202
vt 0.278802 3.402638
vt 0.443539 3.650537
vt 0.454896 3.643155
vt 0.278802 3.402638
vt 0.266408 3.411075
vt 0.432694 3.657919
vt 0.443539 3.650537
vt -0.001121 3.411075
vt -0.018712 3.411075
vt -0.012081 3.657919
vt 0.003310 3.657919
vt 0.266993 3.411075
vt 0.279973 3.402638
vt 0.444563 3.650537
vt 0.433206 3.657919
vt 0.444563 3.650537
vt 0.453620 3.640996
vt 0.628552 3.814643
vt 0.620789 3.822821
vt 0.453620 -0.011402
vt 0.453108 0.003989
vt 0.628113 0.008711
vt 0.628552 -0.004481
vt 0.453108 3.640996
vt 0.443539 3.650537
vt 0.619911 3.822821
vt 0.628113 3.814643
vt 0.443539 3.650537
vt 0.434481 3.660078
vt 0.612147 3.830999
vt 0.619911 3.822821
vt 0.434481 0.003370
vt 0.434993 -0.012022
vt 0.612586 -0.005013
vt 0.612147 0.008180
vt 0.434993 3.660078
vt 0.444563 3.650537
vt 0.620789 3.822821
vt 0.612586 3.830999
vt 0.620789 3.822821
vt 0.625793 3.812654
vt 0.812820 3.911019
vt 0.808650 3.919491
vt 0.625793 -0.004573
vt 0.625354 0.008619
vt 0.812454 0.013744
vt 0.812820 0.002750
vt 0.625354 3.812654
vt 0.619911 3.822821
vt 0.807918 3.919491
vt 0.812454 3.911019
vt 0.619911 3.822821
vt 0.614907 3.832988
vt 0.803748 3.927964
vt 0.807918 3.919491
vt 0.614907 0.008272
vt 0.615345 -0.004921
vt 0.804114 0.002460
vt 0.803748 0.013454
vt 0.615345 3.832988
vt 0.620789 3.822821
vt 0.808650 3.919491
vt 0.804114 3.927964
vt 0.808650 3.919491
vt 0.809465 3.910018
vt 1.008799 3.932969
vt 1.008146 3.940548
vt 0.809465 0.002638
vt 0.809100 0.013632
vt 1.008506 0.019166
vt 1.008799 0.010371
vt 0.809100 3.910018
vt 0.807918 3.919491
vt 1.007561 3.940548
vt 1.008506 3.932969
vt 0.807918 3.919491
vt 0.807103 3.928965
vt 1.006909 3.948127
vt 1.007561 3.940548
vt 0.807103 0.013566
vt 0.807469 0.002572
vt 1.007201 0.010317
vt 1.006909 0.019113
vt 0.807469 3.928965
vt 0.808650 3.919491
vt 1.008146 3.940548
vt 1.007201 3.948127
vt 1.008146 3.940548
vt 1.006096 3.933169
vt 1.217741 3.880456
vt 1.219278 3.885990
vt 1.006096 0.010281
vt 1.005803 0.019076
vt 1.217521 0.025019
vt 1.217741 0.018423
vt 1.005803 3.933169
vt 1.007561 3.940548
vt 1.218839 3.885990
vt 1.217521 3.880456
vt 1.007561 3.940548
vt 1.009612 3.947927
vt 1.220377 3.891524
vt 1.218839 3.885990
vt 1.009612 0.019203
vt 1.009904 0.010407
vt 1.220597 0.018518
vt 1.220377 0.025114
vt 1.009904 3.947927
vt 1.008146 3.940548
vt 1.219278 3.885990
vt 1.220597 3.891524
vt 0.000000 0.000000
vt 0.000000 0.500000
vt 0.250000 0.500000
vt 0.250000 0.000000
vt 0.000000 0.500000
vt 0.000000 1.000000
vt 0.250000 1.000000
vt 0.250000 0.500000
vt 0.000000 0.000000
vt 0.000000 0.500000
vt 0.250000 0.500000
vt 0.250000 0.000000
vt 0.000000 0.500000
vt 0.000000 1.000000
vt 0.250000 1.000000
vt 0.250000 0.500000
vt 0.250000 0.000000
vt 0.250000 0.500000
vt 0.500000 0.500000
vt 0.500000 0.000000
vt 0.250000 0.500000
vt 0.250000 1.000000
vt 0.500000 1.000000
vt 0.500000 0.500000
vt 0.250000 0.000000
vt 0.250000 0.500000
vt 0.500000 0.500000
vt 0.500000 0.000000
vt 0.250000 0.500000
vt 0.250000 1.000000
vt 0.500000 1.000000
vt 0.500000 0.500000
vt 0.500000 0.000000
vt 0.500000 0.500000
vt 0.750000 0.500000
vt 0.750000 0.000000
vt 0.500000 0.500000
vt 0.500000 1.000000
vt 0.750000 1.000000
vt 0.750000 0.500000
vt 0.500000 0.000000
vt 0.500000 0.500000
vt 0.750000 0.500000
vt 0.750000 0.000000
vt 0.500000 0.500000
vt 0.500000 1.000000
vt 0.750000 1.000000
vt 0.750000 0.500000
vt 0.750000 0.000000
vt 0.750000 0.500000
vt 1.000000 0.500000
vt 1.000000 0.000000
vt 0.750000 0.500000
vt 0.750000 1.000000
vt 1.000000 1.000000
vt 1.000000 0.500000
vt 0.750000 0.000000
vt 0.750000 0.500000
vt 1.000000 0.500000
vt 1.000000 0.000000
vt 0.750000 0.500000
vt 0.750000 1.000000
vt 1.000000 1.000000
vt 1.000000 0.500000
vt 0.000000 0.000000
vt 0.000000 0.500000
vt 0.250000 0.500000
vt 0.250000 0.000000
vt 0.000000 0.500000
vt 0.000000 1.000000
vt 0.250000 1.000000
vt 0.250000 0.500000
vt 0.000000 0.000000
vt 0.000000 0.500000
vt 0.250000 0.500000
vt 0.250000 0.000000
vt 0.000000 0.500000
vt 0.000000 1.000000
vt 0.250000 1.000000
vt 0.250000 0.500000
vt 0.250000 0.000000
vt 0.250000 0.500000
vt 0.500000 0.500000
vt 0.500000 0.000000
vt 0.250000 0.500000
vt 0.250000 1.000000
vt 0.500000 1.000000
vt 0.500000 0.500000
vt 0.250000 0.000000
vt 0.250000 0.500000
vt 0.500000 0.500000
vt 0.500000 0.000000
vt 0.250000 0.500000
vt 0.250000 1.000000
vt 0.500000 1.000000
vt 0.500000 0.500000
vt 0.500000 0.000000
vt 0.500000 0.500000
vt 0.750000 0.500000
vt 0.750000 0.000000
vt 0.500000 0.500000
vt 0.500000 1.000000
vt 0.750000 1.000000
vt 0.750000 0.500000
vt 0.500000 0.000000
vt 0.500000 0.500000
vt 0.750000 0.500000
vt 0.750000 0.000000
vt 0.500000 0.500000
vt 0.500000 1.000000
vt 0.750000 1.000000
vt 0.750000 0.500000
vt 0.750000 0.000000
vt 0.750000 0.500000
vt 1.000000 0.500000
vt 1.000000 0.000000
vt 0.750000 0.500000
vt 0.750000 1.000000
vt 1.000000 1.000000
vt 1.000000 0.500000
vt 0.750000 0.000000
vt 0.750000 0.500000
vt 1.000000 0.500000
vt 1.000000 0.000000
vt 0.750000 0.500000
vt 0.750000 1.000000
vt 1.000000 1.000000
vt 1.000000 0.500000
vt 0.000000 0.000000
vt 0.000000 0.500000
vt 0.250000 0.500000
vt 0.250000 0.000000
vt 0.000000 0.500000
vt 0.000000 1.000000
vt 0.250000 1.000000
vt 0.250000 0.500000
vt 0.000000 0.000000
vt 0.000000 0.500000
vt 0.250000 0.500000
vt 0.250000 0.000000
vt 0.000000 0.500000
vt 0.000000 1.000000
vt 0.250000 1.000000
vt 0.250000 0.500000
vt 0.250000 0.000000
vt 0.250000 0.500000
vt 0.500000 0.500000
vt 0.500000 0.000000
vt 0.250000 0.500000
vt 0.250000 1.000000
vt 0.500000 1.000000
vt 0.500000 0.500000
vt 0.250000 0.000000
vt 0.250000 0.500000
vt 0.500000 0.500000
vt 0.500000 0.000000
vt 0.250000 0.500000
vt 0.250000 1.000000
vt 0.500000 1.000000
vt 0.500000 0.500000
vt 0.500000 0.000000
vt 0.500000 0.500000
vt 0.750000 0.500000
vt 0.750000 0.000000
vt 0.500000 0.500000
vt 0.500000 1.000000
vt 0.750000 1.000000
vt 0.750000 0.500000
vt 0.500000 0.000000
vt 0.500000 0.500000
vt 0.750000 0.500000
vt 0.750000 0.000000
vt 0.500000 0.500000
vt 0.500000 1.000000
vt 0.750000 1.000000
vt 0.750000 0.500000
vt 0.750000 0.000000
vt 0.750000 0.500000
vt 1.000000 0.500000
vt 1.000000 0.000000
vt 0.750000 0.500000
vt 0.750000 1.000000
vt 1.000000 1.000000
vt 1.000000 0.500000
vt 0.750000 0.000000
vt 0.750000 0.500000
vt 1.000000 0.500000
vt 1.000000 0.000000
vt 0.750000 0.500000
vt 0.750000 1.000000
vt 1.000000 1.000000
vt 1.000000 0.500000
vt 0.000000 0.000000
vt 0.000000 0.500000
vt 0.250000 0.500000
vt 0.250000 0.000000
vt 0.000000 0.500000
vt 0.000000 1.000000
vt 0.250000 1.000000
vt 0.250000 0.500000
vt 0.000000 0.000000
vt 0.000000 0.500000
vt 0.250000 0.500000
vt 0.250000 0.000000
vt 0.000000 0.500000
vt 0.000000 1.000000
vt 0.250000 1.000000
vt 0.250000 0.500000
vt 0.250000 0.000000
vt 0.250000 0.500000
vt 0.500000 0.500000
vt 0.500000 0.000000
vt 0.250000 0.500000
vt 0.250000 1.000000
vt 0.500000 1.000000
vt 0.500000 0.500000
vt 0.250000 0.000000
vt 0.250000 0.500000
vt 0.500000 0.500000
vt 0.500000 0.000000
vt 0.250000 0.500000
vt 0.250000 1.000000
vt 0.500000 1.000000
vt 0.500000 0.500000
vt 0.500000 0.000000
vt 0.500000 0.500000
vt 0.750000 0.500000
vt 0.750000 0.000000
vt 0.500000 0.500000
vt 0.500000 1.000000
vt 0.750000 1.000000
vt 0.750000 0.500000
vt 0.500000 0.000000
vt 0.500000 0.500000
vt 0.750000 0.500000
vt 0.750000 0.000000
vt 0.500000 0.500000
vt 0.500000 1.000000
vt 0.750000 1.000000
vt 0.750000 0.500000
vt 0.750000 0.000000
vt 0.750000 0.500000
vt 1.000000 0.500000
vt 1.000000 0.000000
vt 0.750000 0.500000
vt 0.750000 1.000000
vt 1.000000 1.000000
vt 1.000000 0.500000
vt 0.750000 0.000000
vt 0.750000 0.500000
vt 1.000000 0.500000
vt 1.000000 0.000000
vt 0.750000 0.500000
vt 0.750000 1.000000
vt 1.000000 1.000000
vt 1.000000 0.500000
vt 0.000000 0.000000
vt 0.000000 0.500000
vt 0.250000 0.500000
vt 0.250000 0.000000
vt 0.000000 0.500000
vt 0.000000 1.000000
vt 0.250000 1.000000
vt 0.250000 0.500000
vt 0.000000 0.000000
vt 0.000000 0.500000
vt 0.250000 0.500000
vt 0.250000 0.000000
vt 0.000000 0.500000
vt 0.000000 1.000000
vt 0.250000 1.000000
vt 0.250000 0.500000
vt 0.250000 0.000000
vt 0.250000 0.500000
vt 0.500000 0.500000
vt 0.500000 0.000000
vt 0.250000 0.500000
vt 0.250000 1.000000
vt 0.500000 1.000000
vt 0.500000 0.500000
vt 0.250000 0.000000
vt 0.250000 0.500000
vt 0.500000 0.500000
vt 0.500000 0.000000
vt 0.250000 0.500000
vt 0.250000 1.000000
vt 0.500000 1.000000
vt 0.500000 0.500000
vt 0.500000 0.000000
vt 0.500000 0.500000
vt 0.750000 0.500000
vt 0.750000 0.000000
vt 0.500000 0.500000
vt 0.500000 1.000000
vt 0.750000 1.000000
vt 0.750000 0.500000
vt 0.500000 0.000000
vt 0.500000 0.500000
vt 0.750000 0.500000
vt 0.750000 0.000000
vt 0.500000 0.500000
vt 0.500000 1.000000
vt 0.750000 1.000000
vt 0.750000 0.500000
vt 0.750000 0.000000
vt 0.750000 0.500000
vt 1.000000 0.500000
vt 1.000000 0.000000
vt 0.750000 0.500000
vt 0.750000 1.000000
vt 1.000000 1.000000
vt 1.000000 0.500000
vt 0.750000 0.000000
vt 0.750000 0.500000
vt 1.000000 0.500000
vt 1.000000 0.000000
vt 0.750000 0.500000
vt 0.750000 1.000000
vt 1.000000 1.000000
vt 1.000000 0.500000
vt 0.000000 0.000000
vt 0.000000 0.500000
vt 0.250000 0.500000
vt 0.250000 0.000000
vt 0.000000 0.500000
vt 0.000000 1.000000
vt 0.250000 1.000000
vt 0.250000 0.500000
vt 0.000000 0.000000
vt 0.000000 0.500000
vt 0.250000 0.500000
vt 0.250000 0.000000
vt 0.000000 0.500000
vt 0.000000 1.000000
vt 0.250000 1.000000
vt 0.250000 0.500000
vt 0.250000 0.000000
vt 0.250000 0.500000
vt 0.500000 0.500000
vt 0.500000 0.000000
vt 0.250000 0.500000
vt 0.250000 1.000000
vt 0.500000 1.000000
vt 0.500000 0.500000
vt 0.250000 0.000000
vt 0.250000 0.500000
vt 0.500000 0.500000
vt 0.500000 0.000000
vt 0.250000 0.500000
vt 0.250000 1.000000
vt 0.500000 1.000000
vt 0.500000 0.500000
vt 0.500000 0.000000
vt 0.500000 0.500000
vt 0.750000 0.500000
vt 0.750000 0.000000
vt 0.500000 0.500000
vt 0.500000 1.000000
vt 0.750000 1.000000
vt 0.750000 0.500000
vt 0.500000 0.000000
vt 0.500000 0.500000
vt 0.750000 0.500000
vt 0.750000 0.000000
vt 0.500000 0.500000
vt 0.500000 1.000000
vt 0.750000 1.000000
vt 0.750000 0.500000
vt 0.750000 0.000000
vt 0.750000 0.500000
vt 1.000000 0.500000
vt 1.000000 0.000000
vt 0.750000 0.500000
vt 0.750000 1.000000
vt 1.000000 1.000000
vt 1.000000 0.500000
vt 0.750000 0.000000
vt 0.750000 0.500000
vt 1.000000 0.500000
vt 1.000000 0.000000
vt 0.750000 0.500000
vt 0.750000 1.000000
vt 1.000000 1.000000
vt 1.000000 0.500000
vt -0.039912 2.680000
vt -0.023711 2.671215
vt 0.033750 2.987106
vt 0.019169 2.995012
vt -0.023711 2.671215
vt -0.003089 2.671215
vt 0.052310 2.987106
vt 0.033750 2.987106
vt -0.003018 2.671215
vt -0.022697 2.680000
vt 0.131497 2.995012
vt 0.149208 2.987106
vt 0.001332 2.680000
vt -0.014868 2.688785
vt 0.041709 3.002918
vt 0.056289 2.995012
vt -0.014868 2.688785
vt -0.035490 2.688785
vt 0.023149 3.002918
vt 0.041709 3.002918
vt -0.027049 2.688785
vt -0.007370 2.680000
vt 0.145292 2.995012
vt 0.127580 3.002918
vt 0.145292 2.995012
vt 0.154341 2.984230
vt 0.328952 3.218120
vt 0.320908 3.227704
vt 0.033094 2.984230
vt 0.051654 2.984230
vt 0.115656 3.218120
vt 0.099159 3.218120
vt 0.147444 2.984230
vt 0.131497 2.995012
vt 0.308646 3.227704
vt 0.322821 3.218120
vt 0.131497 2.995012
vt 0.122448 3.005794
vt 0.300602 3.237289
vt 0.308646 3.227704
vt 0.042364 3.005794
vt 0.023805 3.005794
vt 0.090902 3.237289
vt 0.107399 3.237289
vt 0.129345 3.005794
vt 0.145292 2.995012
vt 0.320908 3.227704
vt 0.306733 3.237289
vt 0.320908 3.227704
vt 0.326091 3.215259
vt 0.524015 3.367187
vt 0.519479 3.378076
vt 0.326091 0.098096
vt 0.319960 0.114593
vt 0.518650 0.187260
vt 0.524015 0.172824
vt 0.319960 3.215259
vt 0.308646 3.227704
vt 0.508750 3.378076
vt 0.518650 3.367187
vt 0.308646 3.227704
vt 0.303463 3.240149
vt 0.504214 3.388966
vt 0.508750 3.378076
vt 0.303463 0.108462
vt 0.309594 0.091965
vt 0.509579 0.167460
vt 0.504214 0.181895
vt 0.309594 3.240149
vt 0.320908 3.227704
vt 0.519479 3.378076
vt 0.509579 3.388966
vt 0.519479 3.378076
vt 0.520245 3.365257
vt 0.741662 3.435140
vt 0.741005 3.446128
vt 0.520245 0.171423
vt 0.514880 0.185859
vt 0.737063 0.267256
vt 0.741662 0.254883
vt 0.514880 3.365257
vt 0.508750 3.378076
vt 0.731808 3.446128
vt 0.737063 3.435140
vt 0.508750 3.378076
vt 0.507984 3.390896
vt 0.731152 3.457116
vt 0.731808 3.446128
vt 0.507984 0.183296
vt 0.513349 0.168860
vt 0.735750 0.252686
vt 0.731152 0.265059
vt 0.513349 3.390896
vt 0.519479 3.378076
vt 0.741005 3.446128
vt 0.735750 3.457116
vt 0.741005 3.446128
vt 0.738122 3.434714
vt 0.983083 3.422348
vt 0.985486 3.431860
vt 0.738122 0.253568
vt 0.733524 0.265941
vt 0.979252 0.356088
vt 0.983083 0.345777
vt 0.733524 3.434714
vt 0.731808 3.446128
vt 0.977822 3.431860
vt 0.979252 3.422348
vt 0.731808 3.446128
vt 0.734691 3.457543
vt 0.980224 3.441372
vt 0.977822 3.431860
vt 0.734691 0.266374
vt 0.739289 0.254001
vt 0.984056 0.346138
vt 0.980224 0.356449
vt 0.739289 3.457543
vt 0.741005 3.446128
vt 0.985486 3.431860
vt 0.984056 3.441372
vt 0.985486 3.431860
vt 0.980714 3.422834
vt 1.249104 3.328051
vt 1.252921 3.335272
vt 0.980714 0.344896
vt 0.976882 0.355207
vt 1.246038 0.454061
vt 1.249104 0.445813
vt 0.976882 3.422834
vt 0.977822 3.431860
vt 1.246790 3.335272
vt 1.246038 3.328051
vt 0.977822 3.431860
vt 0.982594 3.440886
vt 1.250608 3.342492
vt 1.246790 3.335272
vt 0.982594 0.357330
vt 0.986426 0.347019
vt 1.253673 0.447511
vt 1.250608 0.455760
vt 0.986426 3.440886
vt 0.985486 3.431860
vt 1.252921 3.335272
vt 1.253673 3.342492
vt 1.252921 3.335272
vt 1.247823 3.328668
vt 1.539488 3.151410
vt 1.543312 3.156363
vt 1.247823 0.445337
vt 1.244757 0.453586
vt 1.537189 0.561090
vt 1.539488 0.554903
vt 1.244757 3.328668
vt 1.246790 3.335272
vt 1.538713 3.156363
vt 1.537189 3.151410
vt 1.246790 3.335272
vt 1.251888 3.341876
vt 1.542537 3.161316
vt 1.538713 3.156363
vt 1.251888 0.456236
vt 1.254954 0.447987
vt 1.544836 0.556891
vt 1.542537 0.563077
vt 1.254954 3.341876
vt 1.252921 3.335272
vt 1.543312 3.156363
vt 1.544836 3.161316
vt 0.000000 0.000000
vt 0.000000 0.500000
vt 0.250000 0.500000
vt 0.250000 0.000000
vt 0.000000 0.500000
vt 0.000000 1.000000
vt 0.250000 1.000000
vt 0.250000 0.500000
vt 0.000000 0.000000
vt 0.000000 0.500000
vt 0.250000 0.500000
vt 0.250000 0.000000
vt 0.000000 0.500000
vt 0.000000 1.000000
vt 0.250000 1.000000
vt 0.250000 0.500000
vt 0.250000 0.000000
vt 0.250000 0.500000
vt 0.500000 0.500000
vt 0.500000 0.000000
vt 0.250000 0.500000
vt 0.250000 1.000000
vt 0.500000 1.000000
vt 0.500000 0.500000
vt 0.250000 0.000000
vt 0.250000 0.500000
vt 0.500000 0.500000
vt 0.500000 0.000000
vt 0.250000 0.500000
vt 0.250000 1.000000
vt 0.500000 1.000000
vt 0.500000 0.500000
vt 0.500000 0.000000
vt 0.500000 0.500000
vt 0.750000 0.500000
vt 0.750000 0.000000
vt 0.500000 0.500000
vt 0.500000 1.000000
vt 0.750000 1.000000
vt 0.750000 0.500000
vt 0.500000 0.000000
vt 0.500000 0.500000
vt 0.750000 0.500000
vt 0.750000 0.000000
vt 0.500000 0.500000
vt 0.500000 1.000000
vt 0.750000 1.000000
vt 0.750000 0.500000
vt 0.750000 0.000000
vt 0.750000 0.500000
vt 1.000000 0.500000
vt 1.000000 0.000000
vt 0.750000 0.500000
vt 0.750000 1.000000
vt 1.000000 1.000000
vt 1.000000 0.500000
vt 0.750000 0.000000
vt 0.750000 0.500000
vt 1.000000 0.500000
vt 1.000000 0.000000
vt 0.750000 0.500000
vt 0.750000 1.000000
vt 1.000000 1.000000
vt 1.000000 0.500000
vt 0.000000 0.000000
vt 0.000000 0.500000
vt 0.250000 0.500000
vt 0.250000 0.000000
vt 0.000000 0.500000
vt 0.000000 1.000000
vt 0.250000 1.000000
vt 0.250000 0.500000
vt 0.000000 0.000000
vt 0.000000 0.500000
vt 0.250000 0.500000
vt 0.250000 0.000000
vt 0.000000 0.500000
vt 0.000000 1.000000
vt 0.250000 1.000000
vt 0.250000 0.500000
vt 0.250000 0.000000
vt 0.250000 0.500000
vt 0.500000 0.500000
vt 0.500000 0.000000
vt 0.250000 0.500000
vt 0.250000 1.000000
vt 0.500000 1.000000
vt 0.500000 0.500000
vt 0.250000 0.000000
vt 0.250000 0.500000
vt 0.500000 0.500000
vt 0.500000 0.000000
vt 0.250000 0.500000
vt 0.250000 1.000000
vt 0.500000 1.000000
vt 0.500000 0.500000
vt 0.500000 0.000000
vt 0.500000 0.500000
vt 0.750000 0.500000
vt 0.750000 0.000000
vt 0.500000 0.500000
vt 0.500000 1.000000
vt 0.750000 1.000000
vt 0.750000 0.500000
vt 0.500000 0.000000
vt 0.500000 0.500000
vt 0.750000 0.500000
vt 0.750000 0.000000
vt 0.500000 0.500000
vt 0.500000 1.000000
vt 0.750000 1.000000
vt 0.750000 0.500000
vt 0.750000 0.000000
vt 0.750000 0.500000
vt 1.000000 0.500000
vt 1.000000 0.000000
vt 0.750000 0.500000
vt 0.750000 1.000000
vt 1.000000 1.000000
vt 1.000000 0.500000
vt 0.750000 0.000000
vt 0.750000 0.500000
vt 1.000000 0.500000
vt 1.000000 0.000000
vt 0.750000 0.500000
vt 0.750000 1.000000
vt 1.000000 1.000000
vt 1.000000 0.500000
vt 0.000000 0.000000
vt 0.000000 0.500000
vt 0.250000 0.500000
vt 0.250000 0.000000
vt 0.000000 0.500000
vt 0.000000 1.000000
vt 0.250000 1.000000
vt 0.250000 0.500000
vt 0.000000 0.000000
vt 0.000000 0.500000
vt 0.250000 0.500000
vt 0.250000 0.000000
vt 0.000000 0.500000
vt 0.000000 1.000000
vt 0.250000 1.000000
vt 0.250000 0.500000
vt 0.250000 0.000000
vt 0.250000 0.500000
vt 0.500000 0.500000
vt 0.500000 0.000000
vt 0.250000 0.500000
vt 0.250000 1.000000
vt 0.500000 1.000000
vt 0.500000 0.500000
vt 0.250000 0.000000
vt 0.250000 0.500000
vt 0.500000 0.500000
vt 0.500000 0.000000
vt 0.250000 0.500000
vt 0.250000 1.000000
vt 0.500000 1.000000
vt 0.500000 0.500000
vt 0.500000 0.000000
vt 0.500000 0.500000
vt 0.750000 0.500000
vt 0.750000 0.000000
vt 0.500000 0.500000
vt 0.500000 1.000000
vt 0.750000 1.000000
vt 0.750000 0.500000
vt 0.500000 0.000000
vt 0.500000 0.500000
vt 0.750000 0.500000
vt 0.750000 0.000000
vt 0.500000 0.500000
vt 0.500000 1.000000
vt 0.750000 1.000000
vt 0.750000 0.500000
vt 0.750000 0.000000
vt 0.750000 0.500000
vt 1.000000 0.500000
vt 1.000000 0.000000
vt 0.750000 0.500000
vt 0.750000 1.000000
vt 1.000000 1.000000
vt 1.000000 0.500000
vt 0.750000 0.000000
vt 0.750000 0.500000
vt 1.000000 0.500000
vt 1.000000 0.000000
vt 0.750000 0.500000
vt 0.750000 1.000000
vt 1.000000 1.000000
vt 1.000000 0.500000
vt 0.000000 0.000000
vt 0.000000 0.500000
vt 0.250000 0.500000
vt 0.250000 0.000000
vt 0.000000 0.500000
vt 0.000000 1.000000
vt 0.250000 1.000000
vt 0.250000 0.500000
vt 0.000000 0.000000
vt 0.000000 0.500000
vt 0.250000 0.500000
vt 0.250000 0.000000
vt 0.000000 0.500000
vt 0.000000 1.000000
vt 0.250000 1.000000
vt 0.250000 0.500000
vt 0.250000 0.000000
vt 0.250000 0.500000
vt 0.500000 0.500000
vt 0.500000 0.000000
vt 0.250000 0.500000
vt 0.250000 1.000000
vt 0.500000 1.000000
vt 0.500000 0.500000
vt 0.250000 0.000000
vt 0.250000 0.500000
vt 0.500000 0.500000
vt 0.500000 0.000000
vt 0.250000 0.500000
vt 0.250000 1.000000
vt 0.500000 1.000000
vt 0.500000 0.500000
vt 0.500000 0.000000
vt 0.500000 0.500000
vt 0.750000 0.500000
vt 0.750000 0.000000
vt 0.500000 0.500000
vt 0.500000 1.000000
vt 0.750000 1.000000
vt 0.750000 0.500000
vt 0.500000 0.000000
vt 0.500000 0.500000
vt 0.750000 0.500000
vt 0.750000 0.000000
vt 0.500000 0.500000
vt 0.500000 1.000000
vt 0.750000 1.000000
vt 0.750000 0.500000
vt 0.750000 0.000000
vt 0.750000 0.500000
vt 1.000000 0.500000
vt 1.000000 0.000000
vt 0.750000 0.500000
vt 0.750000 1.000000
vt 1.000000 1.000000
vt 1.000000 0.500000
vt 0.750000 0.000000
vt 0.750000 0.500000
vt 1.000000 0.500000
vt 1.000000 0.000000
vt 0.750000 0.500000
vt 0.750000 1.000000
vt 1.000000 1.000000
vt 1.000000 0.500000
vt 0.000000 0.000000
vt 0.000000 0.500000
vt 0.250000 0.500000
vt 0.250000 0.000000
vt 0.000000 0.500000
vt 0.000000 1.000000
vt 0.250000 1.000000
vt 0.250000 0.500000
vt 0.000000 0.000000
vt 0.000000 0.500000
vt 0.250000 0.500000
vt 0.250000 0.000000
vt 0.000000 0.500000
vt 0.000000 1.000000
vt 0.250000 1.000000
vt 0.250000 0.500000
vt 0.250000 0.000000
vt 0.250000 0.500000
vt 0.500000 0.500000
vt 0.500000 0.000000
vt 0.250000 0.500000
vt 0.250000 1.000000
vt 0.500000 1.000000
vt 0.500000 0.500000
vt 0.250000 0.000000
vt 0.250000 0.500000
vt 0.500000 0.500000
vt 0.500000 0.000000
vt 0.250000 0.500000
vt 0.250000 1.000000
vt 0.500000 1.000000
vt 0.500000 0.500000
vt 0.500000 0.000000
vt 0.500000 0.500000
vt 0.750000 0.500000
vt 0.750000 0.000000
vt 0.500000 0.500000
vt 0.500000 1.000000
vt 0.750000 1.000000
vt 0.750000 0.500000
vt 0.500000 0.000000
vt 0.500000 0.500000
vt 0.750000 0.500000
vt 0.750000 0.000000
vt 0.500000 0.500000
vt 0.500000 1.000000
vt 0.750000 1.000000
vt 0.750000 0.500000
vt 0.750000 0.000000
vt 0.750000 0.500000
vt 1.000000 0.500000
vt 1.000000 0.000000
vt 0.750000 0.500000
vt 0.750000 1.000000
vt 1.000000 1.000000
vt 1.000000 0.500000
vt 0.750000 0.000000
vt 0.750000 0.500000
vt 1.000000 0.500000
vt 1.000000 0.000000
vt 0.750000 0.500000
vt 0.750000 1.000000
vt 1.000000 1.000000
vt 1.000000 0.500000
vt 0.000000 0.000000
vt 0.000000 0.500000
vt 0.250000 0.500000
vt 0.250000 0.000000
vt 0.000000 0.500000
vt 0.000000 1.000000
vt 0.250000 1.000000
vt 0.250000 0.500000
vt 0.000000 0.000000
vt 0.000000 0.500000
vt 0.250000 0.500000
vt 0.250000 0.000000
vt 0.000000 0.500000
vt 0.000000 1.000000
vt 0.250000 1.000000
vt 0.250000 0.500000
vt 0.250000 0.000000
vt 0.250000 0.500000
vt 0.500000 0.500000
vt 0.500000 0.000000
vt 0.250000 0.500000
vt 0.250000 1.000000
vt 0.500000 1.000000
vt 0.500000 0.500000
vt 0.250000 0.000000
vt 0.250000 0.500000
vt 0.500000 0.500000
vt 0.500000 0.000000
vt 0.250000 0.500000
vt 0.250000 1.000000
vt 0.500000 1.000000
vt 0.500000 0.500000
vt 0.500000 0.000000
vt 0.500000 0.500000
vt 0.750000 0.500000
vt 0.750000 0.000000
vt 0.500000 0.500000
vt 0.500000 1.000000
vt 0.750000 1.000000
vt 0.750000 0.500000
vt 0.500000 0.000000
vt 0.500000 0.500000
vt 0.750000 0.500000
vt 0.750000 0.000000
vt 0.500000 0.500000
vt 0.500000 1.000000
vt 0.750000 1.000000
vt 0.750000 0.500000
vt 0.750000 0.000000
vt 0.750000 0.500000
vt 1.000000 0.500000
vt 1.000000 0.000000
vt 0.750000 0.500000
vt 0.750000 1.000000
vt 1.000000 1.000000
vt 1.000000 0.500000
vt 0.750000 0.000000
vt 0.750000 0.500000
vt 1.000000 0.500000
vt 1.000000 0.000000
vt 0.750000 0.500000
vt 0.750000 1.000000
vt 1.000000 1.000000
vt 1.000000 0.500000
vt -0.034408 2.680000
vt -0.016043 2.668094
vt 0.109065 2.884985
vt 0.092537 2.895701
vt 0.003179 -0.016043
vt -0.012803 -0.000925
vt 0.105627 0.122672
vt 0.120011 0.109065
vt -0.012803 2.668094
vt -0.031016 2.680000
vt 0.089236 2.895701
vt 0.105627 2.884985
vt -0.004171 2.680000
vt -0.022536 2.691906
vt 0.103222 2.906417
vt 0.119750 2.895701
vt -0.033246 -0.022536
vt -0.017264 -0.037655
vt 0.101612 0.089615
vt 0.087228 0.103222
vt -0.017264 2.691906
vt 0.000949 2.680000
vt 0.118004 2.895701
vt 0.101612 2.906417
vt 0.092537 2.895701
vt 0.106310 2.881489
vt 0.254579 3.020867
vt 0.242336 3.033499
vt 0.117405 0.106310
vt 0.103021 0.119917
vt 0.243359 0.266674
vt 0.256145 0.254579
vt 0.103021 2.881489
vt 0.089236 2.895701
vt 0.231105 3.033499
vt 0.243359 3.020867
vt 0.119750 2.895701
vt 0.105977 2.909913
vt 0.254283 3.046132
vt 0.266525 3.033499
vt 0.089835 0.105977
vt 0.104219 0.092370
vt 0.244424 0.242188
vt 0.231638 0.254283
vt 0.104219 2.909913
vt 0.118004 2.895701
vt 0.256677 3.033499
vt 0.244424 3.046132
vt 0.242336 3.033499
vt 0.251112 3.018727
vt 0.422667 3.080470
vt 0.414989 3.093395
vt 0.252865 0.251112
vt 0.240079 0.263206
vt 0.402446 0.433250
vt 0.413633 0.422667
vt 0.240079 3.018727
vt 0.231105 3.033499
vt 0.394593 3.093395
vt 0.402446 3.080470
vt 0.266525 3.033499
vt 0.257750 3.048272
vt 0.428476 3.106321
vt 0.436154 3.093395
vt 0.234917 0.257750
vt 0.247703 0.245655
vt 0.409116 0.417893
vt 0.397929 0.428476
vt 0.247703 3.048272
vt 0.256677 3.033499
vt 0.416969 3.093395
vt 0.409116 3.106321
vt 0.416969 3.093395
vt 0.410758 3.080089
vt 0.593555 3.063983
vt 0.598879 3.075389
vt 0.410758 0.419628
vt 0.399571 0.430211
vt 0.583966 0.623543
vt 0.593555 0.614472
vt 0.430211 3.080089
vt 0.436154 3.093395
vt 0.628637 3.075389
vt 0.623543 3.063983
vt 0.394593 3.093395
vt 0.400804 3.106702
vt 0.585023 3.086795
vt 0.579700 3.075389
vt 0.400804 0.431515
vt 0.411991 0.420932
vt 0.594612 0.615589
vt 0.585023 0.624660
vt 0.420932 3.106702
vt 0.414989 3.093395
vt 0.610495 3.075389
vt 0.615589 3.086795
vt 0.598879 3.075389
vt 0.591681 3.064505
vt 0.796409 2.970410
vt 0.802407 2.979480
vt 0.591681 0.612490
vt 0.582091 0.621561
vt 0.788418 0.838077
vt 0.796409 0.830518
vt 0.621561 3.064505
vt 0.628637 3.075389
vt 0.843973 2.979480
vt 0.838077 2.970410
vt 0.579700 3.075389
vt 0.586898 3.086272
vt 0.792423 2.988549
vt 0.786425 2.979480
vt 0.586898 0.626642
vt 0.596487 0.617571
vt 0.800414 0.834752
vt 0.792423 0.842311
vt 0.617571 3.086272
vt 0.610495 3.075389
vt 0.828855 2.979480
vt 0.834752 2.988549
vt 0.802407 2.979480
vt 0.795360 2.971051
vt 1.021916 2.798925
vt 1.027553 2.805668
vt 0.795360 0.829409
vt 0.787369 0.836968
vt 1.015523 1.076559
vt 1.021916 1.070512
vt 0.836968 2.971051
vt 0.843973 2.979480
vt 1.082164 2.805668
vt 1.076559 2.798925
vt 0.786425 2.979480
vt 0.793471 2.987908
vt 1.020405 2.812411
vt 1.014768 2.805668
vt 0.793471 0.843419
vt 0.801462 0.835860
vt 1.026798 1.075673
vt 1.020405 1.081720
vt 0.835860 2.987908
vt 0.828855 2.979480
vt 1.070069 2.805668
vt 1.075673 2.812411
vt 1.027553 2.805668
vt 1.021364 2.799414
vt 1.269676 2.549264
vt 1.274318 2.553954
vt 1.021364 1.069928
vt 1.014971 1.075976
vt 1.264882 1.338566
vt 1.269676 1.334031
vt 1.075976 2.799414
vt 1.082164 2.805668
vt 1.343207 2.553954
vt 1.338566 2.549264
vt 1.014768 2.805668
vt 1.020957 2.811922
vt 1.269371 2.558644
vt 1.264729 2.553954
vt 1.020957 1.082304
vt 1.027350 1.076257
vt 1.274166 1.338777
vt 1.269371 1.343313
vt 1.076257 2.811922
vt 1.070069 2.805668
vt 1.334136 2.553954
vt 1.338777 2.558644
vt 0.000000 0.000000
vt 0.000000 0.500000
vt 0.250000 0.500000
vt 0.250000 0.000000
vt 0.000000 0.500000
vt 0.000000 1.000000
vt 0.250000 1.000000
vt 0.250000 0.500000
vt 0.000000 0.000000
vt 0.000000 0.500000
vt 0.250000 0.500000
vt 0.250000 0.000000
vt 0.000000 0.500000
vt 0.000000 1.000000
vt 0.250000 1.000000
vt 0.250000 0.500000
vt 0.250000 0.000000
vt 0.250000 0.500000
vt 0.500000 0.500000
vt 0.500000 0.000000
vt 0.250000 0.500000
vt 0.250000 1.000000
vt 0.500000 1.000000
vt 0.500000 0.500000
vt 0.250000 0.000000
vt 0.250000 0.500000
vt 0.500000 0.500000
vt 0.500000 0.000000
vt 0.250000 0.500000
vt 0.250000 1.000000
vt 0.500000 1.000000
vt 0.500000 0.500000
vt 0.500000 0.000000
vt 0.500000 0.500000
vt 0.750000 0.500000
vt 0.750000 0.000000
vt 0.500000 0.500000
vt 0.500000 1.000000
vt 0.750000 1.000000
vt 0.750000 0.500000
vt 0.500000 0.000000
vt 0.500000 0.500000
vt 0.750000 0.500000
vt 0.750000 0.000000
vt 0.500000 0.500000
vt 0.500000 1.000000
vt 0.750000 1.000000
vt 0.750000 0.500000
vt 0.750000 0.000000
vt 0.750000 0.500000
vt 1.000000 0.500000
vt 1.000000 0.000000
vt 0.750000 0.500000
vt 0.750000 1.000000
vt 1.000000 1.000000
vt 1.000000 0.500000
vt 0.750000 0.000000
vt 0.750000 0.500000
vt 1.000000 0.500000
vt 1.000000 0.000000
vt 0.750000 0.500000
vt 0.750000 1.000000
vt 1.000000 1.000000
vt 1.000000 0.500000
vt 0.000000 0.000000
vt 0.000000 0.500000
vt 0.250000 0.500000
vt 0.250000 0.000000
vt 0.000000 0.500000
vt 0.000000 1.000000
vt 0.250000 1.000000
vt 0.250000 0.500000
vt 0.000000 0.000000
vt 0.000000 0.500000
vt 0.250000 0.500000
vt 0.250000 0.000000
vt 0.000000 0.500000
vt 0.000000 1.000000
vt 0.250000 1.000000
vt 0.250000 0.500000
vt 0.250000 0.000000
vt 0.250000 0.500000
vt 0.500000 0.500000
vt 0.500000 0.000000
vt 0.250000 0.500000
vt 0.250000 1.000000
vt 0.500000 1.000000
vt 0.500000 0.500000
vt 0.250000 0.000000
vt 0.250000 0.500000
vt 0.500000 0.500000
vt 0.500000 0.000000
vt 0.250000 0.500000
vt 0.250000 1.000000
vt 0.500000 1.000000
vt 0.500000 0.500000
vt 0.500000 0.000000
vt 0.500000 0.500000
vt 0.750000 0.500000
vt 0.750000 0.000000
vt 0.500000 0.500000
vt 0.500000 1.000000
vt 0.750000 1.000000
vt 0.750000 0.500000
vt 0.500000 0.000000
vt 0.500000 0.500000
vt 0.750000 0.500000
vt 0.750000 0.000000
vt 0.500000 0.500000
vt 0.500000 1.000000
vt 0.750000 1.000000
vt 0.750000 0.500000
vt 0.750000 0.000000
vt 0.750000 0.500000
vt 1.000000 0.500000
vt 1.000000 0.000000
vt 0.750000 0.500000
vt 0.750000 1.000000
vt 1.000000 1.000000
vt 1.000000 0.500000
vt 0.750000 0.000000
vt 0.750000 0.500000
vt 1.000000 0.500000
vt 1.000000 0.000000
vt 0.750000 0.500000
vt 0.750000 1.000000
vt 1.000000 1.000000
vt 1.000000 0.500000
vt 0.000000 0.000000
vt 0.000000 0.500000
vt 0.250000 0.500000
vt 0.250000 0.000000
vt 0.000000 0.500000
vt 0.000000 1.000000
vt 0.250000 1.000000
vt 0.250000 0.500000
vt 0.000000 0.000000
vt 0.000000 0.500000
vt 0.250000 0.500000
vt 0.250000 0.000000
vt 0.000000 0.500000
vt 0.000000 1.000000
vt 0.250000 1.000000
vt 0.250000 0.500000
vt 0.250000 0.000000
vt 0.250000 0.500000
vt 0.500000 0.500000
vt 0.500000 0.000000
vt 0.250000 0.500000
vt 0.250000 1.000000
vt 0.500000 1.000000
vt 0.500000 0.500000
vt 0.250000 0.000000
vt 0.250000 0.500000
vt 0.500000 0.500000
vt 0.500000 0.000000
vt 0.250000 0.500000
vt 0.250000 1.000000
vt 0.500000 1.000000
vt 0.500000 0.500000
vt 0.500000 0.000000
vt 0.500000 0.500000
vt 0.750000 0.500000
vt 0.750000 0.000000
vt 0.500000 0.500000
vt 0.500000 1.000000
vt 0.750000 1.000000
vt 0.750000 0.500000
vt 0.500000 0.000000
vt 0.500000 0.500000
vt 0.750000 0.500000
vt 0.750000 0.000000
vt 0.500000 0.500000
vt 0.500000 1.000000
vt 0.750000 1.000000
vt 0.750000 0.500000
vt 0.750000 0.000000
vt 0.750000 0.500000
vt 1.000000 0.500000
vt 1.000000 0.000000
vt 0.750000 0.500000
vt 0.750000 1.000000
vt 1.000000 1.000000
vt 1.000000 0.500000
vt 0.750000 0.000000
vt 0.750000 0.500000
vt 1.000000 0.500000
vt 1.000000 0.000000
vt 0.750000 0.500000
vt 0.750000 1.000000
vt 1.000000 1.000000
vt 1.000000 0.500000
vt 0.000000 0.000000
vt 0.000000 0.500000
vt 0.250000 0.500000
vt 0.250000 0.000000
vt 0.000000 0.500000
vt 0.000000 1.000000
vt 0.250000 1.000000
vt 0.250000 0.500000
vt 0.000000 0.000000
vt 0.000000 0.500000
vt 0.250000 0.500000
vt 0.250000 0.000000
vt 0.000000 0.500000
vt 0.000000 1.000000
vt 0.250000 1.000000
vt 0.250000 0.500000
vt 0.250000 0.000000
vt 0.250000 0.500000
vt 0.500000 0.500000
vt 0.500000 0.000000
vt 0.250000 0.500000
vt 0.250000 1.000000
vt 0.500000 1.000000
vt 0.500000 0.500000
vt 0.250000 0.000000
vt 0.250000 0.500000
vt 0.500000 0.500000
vt 0.500000 0.000000
vt 0.250000 0.500000
vt 0.250000 1.000000
vt 0.500000 1.000000
vt 0.500000 0.500000
vt 0.500000 0.000000
vt 0.500000 0.500000
vt 0.750000 0.500000
vt 0.750000 0.000000
vt 0.500000 0.500000
vt 0.500000 1.000000
vt 0.750000 1.000000
vt 0.750000 0.500000
vt 0.500000 0.000000
vt 0.500000 0.500000
vt 0.750000 0.500000
vt 0.750000 0.000000
vt 0.500000 0.500000
vt 0.500000 1.000000
vt 0.750000 1.000000
vt 0.750000 0.500000
vt 0.750000 0.000000
vt 0.750000 0.500000
vt 1.000000 0.500000
vt 1.000000 0.000000
vt 0.750000 0.500000
vt 0.750000 1.000000
vt 1.000000 1.000000
vt 1.000000 0.500000
vt 0.750000 0.000000
vt 0.750000 0.500000
vt 1.000000 0.500000
vt 1.000000 0.000000
vt 0.750000 0.500000
vt 0.750000 1.000000
vt 1.000000 1.000000
vt 1.000000 0.500000
vt 0.000000 0.000000
vt 0.000000 0.500000
vt 0.250000 0.500000
vt 0.250000 0.000000
vt 0.000000 0.500000
vt 0.000000 1.000000
vt 0.250000 1.000000
vt 0.250000 0.500000
vt 0.000000 0.000000
vt 0.000000 0.500000
vt 0.250000 0.500000
vt 0.250000 0.000000
vt 0.000000 0.500000
vt 0.000000 1.000000
vt 0.250000 1.000000
vt 0.250000 0.500000
vt 0.250000 0.000000
vt 0.250000 0.500000
vt 0.500000 0.500000
vt 0.500000 0.000000
vt 0.250000 0.500000
vt 0.250000 1.000000
vt 0.500000 1.000000
vt 0.500000 0.500000
vt 0.250000 0.000000
vt 0.250000 0.500000
vt 0.500000 0.500000
vt 0.500000 0.000000
vt 0.250000 0.500000
vt 0.250000 1.000000
vt 0.500000 1.000000
vt 0.500000 0.500000
vt 0.500000 0.000000
vt 0.500000 0.500000
vt 0.750000 0.500000
vt 0.750000 0.000000
vt 0.500000 0.500000
vt 0.500000 1.000000
vt 0.750000 1.000000
vt 0.750000 0.500000
vt 0.500000 0.000000
vt 0.500000 0.500000
vt 0.750000 0.500000
vt 0.750000 0.000000
vt 0.500000 0.500000
vt 0.500000 1.000000
vt 0.750000 1.000000
vt 0.750000 0.500000
vt 0.750000 0.000000
vt 0.750000 0.500000
vt 1.000000 0.500000
vt 1.000000 0.000000
vt 0.750000 0.500000
vt 0.750000 1.000000
vt 1.000000 1.000000
vt 1.000000 0.500000
vt 0.750000 0.000000
vt 0.750000 0.500000
vt 1.000000 0.500000
vt 1.000000 0.000000
vt 0.750000 0.500000
vt 0.750000 1.000000
vt 1.000000 1.000000
vt 1.000000 0.500000
vt 0.000000 0.000000
vt 0.000000 0.500000
vt 0.250000 0.500000
vt 0.250000 0.000000
vt 0.000000 0.500000
vt 0.000000 1.000000
vt 0.250000 1.000000
vt 0.250000 0.500000
vt 0.000000 0.000000
vt 0.000000 0.500000
vt 0.250000 0.500000
vt 0.250000 0.000000
vt 0.000000 0.500000
vt 0.000000 1.000000
vt 0.250000 1.000000
vt 0.250000 0.500000
vt 0.250000 0.000000
vt 0.250000 0.500000
vt 0.500000 0.500000
vt 0.500000 0.000000
vt 0.250000 0.500000
vt 0.250000 1.000000
vt 0.500000 1.000000
vt 0.500000 0.500000
vt 0.250000 0.000000
vt 0.250000 0.500000
vt 0.500000 0.500000
vt 0.500000 0.000000
vt 0.250000 0.500000
vt 0.250000 1.000000
vt 0.500000 1.000000
vt 0.500000 0.500000
vt 0.500000 0.000000
vt 0.500000 0.500000
vt 0.750000 0.500000
vt 0.750000 0.000000
vt 0.500000 0.500000
vt 0.500000 1.000000
vt 0.750000 1.000000
vt 0.750000 0.500000
vt 0.500000 0.000000
vt 0.500000 0.500000
vt 0.750000 0.500000
vt 0.750000 0.000000
vt 0.500000 0.500000
vt 0.500000 1.000000
vt 0.750000 1.000000
vt 0.750000 0.500000
vt 0.750000 0.000000
vt 0.750000 0.500000
vt 1.000000 0.500000
vt 1.000000 0.000000
vt 0.750000 0.500000
vt 0.750000 1.000000
vt 1.000000 1.000000
vt 1.000000 0.500000
vt 0.750000 0.000000
vt 0.750000 0.500000
vt 1.000000 0.500000
vt 1.000000 0.000000
vt 0.750000 0.500000
vt 0.750000 1.000000
vt 1.000000 1.000000
vt 1.000000 0.500000
vt -0.027211 2.680000
vt -0.013503 2.664068
vt 0.150517 2.781359
vt 0.138180 2.795698
vt -0.001009 -0.013503
vt -0.021534 -0.005582
vt 0.042641 0.157646
vt 0.061113 0.150517
vt -0.005582 2.664068
vt -0.011369 2.680000
vt 0.152438 2.795698
vt 0.157646 2.781359
vt -0.011369 2.680000
vt -0.025076 2.695932
vt 0.140101 2.810037
vt 0.152438 2.795698
vt -0.029057 -0.025076
vt -0.008533 -0.032998
vt 0.054342 0.132972
vt 0.035869 0.140101
vt -0.032998 2.695932
vt -0.027211 2.680000
vt 0.138180 2.795698
vt 0.132972 2.810037
vt 0.138180 2.795698
vt 0.144779 2.778862
vt 0.333323 2.819766
vt 0.327457 2.834732
vt 0.058898 0.144779
vt 0.040426 0.151908
vt 0.114066 0.339660
vt 0.130485 0.333323
vt 0.151908 2.778862
vt 0.152438 2.795698
vt 0.340131 2.834732
vt 0.339660 2.819766
vt 0.152438 2.795698
vt 0.145839 2.812534
vt 0.334265 2.849697
vt 0.340131 2.834732
vt 0.038084 0.145839
vt 0.056556 0.138710
vt 0.128403 0.327928
vt 0.111983 0.334265
vt 0.138710 2.812534
vt 0.138180 2.795698
vt 0.327457 2.834732
vt 0.327928 2.849697
vt 0.327457 2.834732
vt 0.328306 2.819694
vt 0.541365 2.783943
vt 0.540621 2.797101
vt 0.128549 0.328306
vt 0.112129 0.334643
vt 0.195230 0.546909
vt 0.209597 0.541365
vt 0.334643 2.819694
vt 0.340131 2.834732
vt 0.551711 2.797101
vt 0.546909 2.783943
vt 0.340131 2.834732
vt 0.339282 2.849770
vt 0.550968 2.810259
vt 0.551711 2.797101
vt 0.113920 0.339282
vt 0.130339 0.332945
vt 0.211163 0.545423
vt 0.196796 0.550968
vt 0.332945 2.849770
vt 0.327457 2.834732
vt 0.540621 2.797101
vt 0.545423 2.810259
vt 0.540621 2.797101
vt 0.538275 2.784945
vt 0.775662 2.672387
vt 0.777672 2.682806
vt 0.208404 0.538275
vt 0.194037 0.543820
vt 0.286526 0.780414
vt 0.298841 0.775662
vt 0.543820 2.784945
vt 0.551711 2.797101
vt 0.787178 2.682806
vt 0.780414 2.672387
vt 0.551711 2.797101
vt 0.554057 2.809257
vt 0.789189 2.693226
vt 0.787178 2.682806
vt 0.197988 0.554057
vt 0.212355 0.548512
vt 0.302227 0.784436
vt 0.289913 0.789189
vt 0.548512 2.809257
vt 0.540621 2.797101
vt 0.777672 2.682806
vt 0.784436 2.693226
vt 0.777672 2.682806
vt 0.774023 2.673375
vt 1.035569 2.483987
vt 1.038610 2.491847
vt 0.298209 0.774023
vt 0.285894 0.778775
vt 0.387707 1.039529
vt 0.397970 1.035569
vt 0.778775 2.673375
vt 0.787178 2.682806
vt 1.046531 2.491847
vt 1.039529 2.483987
vt 0.787178 2.682806
vt 0.790827 2.692238
vt 1.049573 2.499707
vt 1.046531 2.491847
vt 0.290545 0.790827
vt 0.302860 0.786075
vt 0.401846 1.045612
vt 0.391583 1.049573
vt 0.786075 2.692238
vt 0.777672 2.682806
vt 1.038610 2.491847
vt 1.045612 2.499707
vt 1.038610 2.491847
vt 1.034723 2.484692
vt 1.320325 2.218500
vt 1.323435 2.224224
vt 0.397643 1.034723
vt 0.387381 1.038683
vt 0.498478 1.323493
vt 0.506688 1.320325
vt 1.038683 2.484692
vt 1.046531 2.491847
vt 1.329771 2.224224
vt 1.323493 2.218500
vt 1.046531 2.491847
vt 1.050419 2.499002
vt 1.332881 2.229948
vt 1.329771 2.224224
vt 0.391910 1.050419
vt 0.402172 1.046458
vt 0.510311 1.329713
vt 0.502101 1.332881
vt 1.046458 2.499002
vt 1.038610 2.491847
vt 1.323435 2.224224
vt 1.329713 2.229948
vt 1.323435 2.224224
vt 1.319886 2.218950
vt 1.629485 1.875981
vt 1.632146 1.879936
vt 0.506519 1.319886
vt 0.498309 1.323055
vt 0.618667 1.631861
vt 0.624825 1.629485
vt 1.323055 2.218950
vt 1.329771 2.224224
vt 1.636898 1.879936
vt 1.631861 1.875981
vt 1.329771 2.224224
vt 1.333320 2.229498
vt 1.639560 1.883892
vt 1.636898 1.879936
vt 0.502271 1.333320
vt 0.510480 1.330151
vt 0.627796 1.637183
vt 0.621639 1.639560
vt 1.330151 2.229498
vt 1.323435 2.224224
vt 1.632146 1.879936
vt 1.637183 1.883892
vt 0.000000 0.000000
vt 0.000000 0.500000
vt 0.250000 0.500000
vt 0.250000 0.000000
vt 0.000000 0.500000
vt 0.000000 1.000000
vt 0.250000 1.000000
vt 0.250000 0.500000
vt 0.000000 0.000000
vt 0.000000 0.500000
vt 0.250000 0.500000
vt 0.250000 0.000000
vt 0.000000 0.500000
vt 0.000000 1.000000
vt 0.250000 1.000000
vt 0.250000 0.500000
vt 0.250000 0.000000
vt 0.250000 0.500000
vt 0.500000 0.500000
vt 0.500000 0.000000
vt 0.250000 0.500000
vt 0.250000 1.000000
vt 0.500000 1.000000
vt 0.500000 0.500000
vt 0.250000 0.000000
vt 0.250000 0.500000
vt 0.500000 0.500000
vt 0.500000 0.000000
vt 0.250000 0.500000
vt 0.250000 1.000000
vt 0.500000 1.000000
vt 0.500000 0.500000
vt 0.500000 0.000000
vt 0.500000 0.500000
vt 0.750000 0.500000
vt 0.750000 0.000000
vt 0.500000 0.500000
vt 0.500000 1.000000
vt 0.750000 1.000000
vt 0.750000 0.500000
vt 0.500000 0.000000
vt 0.500000 0.500000
vt 0.750000 0.500000
vt 0.750000 0.000000
vt 0.500000 0.500000
vt 0.500000 1.000000
vt 0.750000 1.000000
vt 0.750000 0.500000
vt 0.750000 0.000000
vt 0.750000 0.500000
vt 1.000000 0.500000
vt 1.000000 0.000000
vt 0.750000 0.500000
vt 0.750000 1.000000
vt 1.000000 1.000000
vt 1.000000 0.500000
vt 0.750000 0.000000
vt 0.750000 0.500000
vt 1.000000 0.500000
vt 1.000000 0.000000
vt 0.750000 0.500000
vt 0.750000 1.000000
vt 1.000000 1.000000
vt 1.000000 0.500000
vt 0.000000 0.000000
vt 0.000000 0.500000
vt 0.250000 0.500000
vt 0.250000 0.000000
vt 0.000000 0.500000
vt 0.000000 1.000000
vt 0.250000 1.000000
vt 0.250000 0.500000
vt 0.000000 0.000000
vt 0.000000 0.500000
vt 0.250000 0.500000
vt 0.250000 0.000000
vt 0.000000 0.500000
vt 0.000000 1.000000
vt 0.250000 1.000000
vt 0.250000 0.500000
vt 0.250000 0.000000
vt 0.250000 0.500000
vt 0.500000 0.500000
vt 0.500000 0.000000
vt 0.250000 0.500000
vt 0.250000 1.000000
vt 0.500000 1.000000
vt 0.500000 0.500000
vt 0.250000 0.000000
vt 0.250000 0.500000
vt 0.500000 0.500000
vt 0.500000 0.000000
vt 0.250000 0.500000
vt 0.250000 1.000000
vt 0.500000 1.000000
vt 0.500000 0.500000
vt 0.500000 0.000000
vt 0.500000 0.500000
vt 0.750000 0.500000
vt 0.750000 0.000000
vt 0.500000 0.500000
vt 0.500000 1.000000
vt 0.750000 1.000000
vt 0.750000 0.500000
vt 0.500000 0.000000
vt 0.500000 0.500000
vt 0.750000 0.500000
vt 0.750000 0.000000
vt 0.500000 0.500000
vt 0.500000 1.000000
vt 0.750000 1.000000
vt 0.750000 0.500000
vt 0.750000 0.000000
vt 0.750000 0.500000
vt 1.000000 0.500000
vt 1.000000 0.000000
vt 0.750000 0.500000
vt 0.750000 1.000000
vt 1.000000 1.000000
vt 1.000000 0.500000
vt 0.750000 0.000000
vt 0.750000 0.500000
vt 1.000000 0.500000
vt 1.000000 0.000000
vt 0.750000 0.500000
vt 0.750000 1.000000
vt 1.000000 1.000000
vt 1.000000 0.500000
vt 0.000000 0.000000
vt 0.000000 0.500000
vt 0.250000 0.500000
vt 0.250000 0.000000
vt 0.000000 0.500000
vt 0.000000 1.000000
vt 0.250000 1.000000
vt 0.250000 0.500000
vt 0.000000 0.000000
vt 0.000000 0.500000
vt 0.250000 0.500000
vt 0.250000 0.000000
vt 0.000000 0.500000
vt 0.000000 1.000000
vt 0.250000 1.000000
vt 0.250000 0.500000
vt 0.250000 0.000000
vt 0.250000 0.500000
vt 0.500000 0.500000
vt 0.500000 0.000000
vt 0.250000 0.500000
vt 0.250000 1.000000
vt 0.500000 1.000000
vt 0.500000 0.500000
vt 0.250000 0.000000
vt 0.250000 0.500000
vt 0.500000 0.500000
vt 0.500000 0.000000
vt 0.250000 0.500000
vt 0.250000 1.000000
vt 0.500000 1.000000
vt 0.500000 0.500000
vt 0.500000 0.000000
vt 0.500000 0.500000
vt 0.750000 0.500000
vt 0.750000 0.000000
vt 0.500000 0.500000
vt 0.500000 1.000000
vt 0.750000 1.000000
vt 0.750000 0.500000
vt 0.500000 0.000000
vt 0.500000 0.500000
vt 0.750000 0.500000
vt 0.750000 0.000000
vt 0.500000 0.500000
vt 0.500000 1.000000
vt 0.750000 1.000000
vt 0.750000 0.500000
vt 0.750000 0.000000
vt 0.750000 0.500000
vt 1.000000 0.500000
vt 1.000000 0.000000
vt 0.750000 0.500000
vt 0.750000 1.000000
vt 1.000000 1.000000
vt 1.000000 0.500000
vt 0.750000 0.000000
vt 0.750000 0.500000
vt 1.000000 0.500000
vt 1.000000 0.000000
vt 0.750000 0.500000
vt 0.750000 1.000000
vt 1.000000 1.000000
vt 1.000000 0.500000
vt 0.000000 0.000000
vt 0.000000 0.500000
vt 0.250000 0.500000
vt 0.250000 0.000000
vt 0.000000 0.500000
vt 0.000000 1.000000
vt 0.250000 1.000000
vt 0.250000 0.500000
vt 0.000000 0.000000
vt 0.000000 0.500000
vt 0.250000 0.500000
vt 0.250000 0.000000
vt 0.000000 0.500000
vt 0.000000 1.000000
vt 0.250000 1.000000
vt 0.250000 0.500000
vt 0.250000 0.000000
vt 0.250000 0.500000
vt 0.500000 0.500000
vt 0.500000 0.000000
vt 0.250000 0.500000
vt 0.250000 1.000000
vt 0.500000 1.000000
vt 0.500000 0.500000
vt 0.250000 0.000000
vt 0.250000 0.500000
vt 0.500000 0.500000
vt 0.500000 0.000000
vt 0.250000 0.500000
vt 0.250000 1.000000
vt 0.500000 1.000000
vt 0.500000 0.500000
vt 0.500000 0.000000
vt 0.500000 0.500000
vt 0.750000 0.500000
vt 0.750000 0.000000
vt 0.500000 0.500000
vt 0.500000 1.000000
vt 0.750000 1.000000
vt 0.750000 0.500000
vt 0.500000 0.000000
vt 0.500000 0.500000
vt 0.750000 0.500000
vt 0.750000 0.000000
vt 0.500000 0.500000
vt 0.500000 1.000000
vt 0.750000 1.000000
vt 0.750000 0.500000
vt 0.750000 0.000000
vt 0.750000 0.500000
vt 1.000000 0.500000
vt 1.000000 0.000000
vt 0.750000 0.500000
vt 0.750000 1.000000
vt 1.000000 1.000000
vt 1.000000 0.500000
vt 0.750000 0.000000
vt 0.750000 0.500000
vt 1.000000 0.500000
vt 1.000000 0.000000
vt 0.750000 0.500000
vt 0.750000 1.000000
vt 1.000000 1.000000
vt 1.000000 0.500000
vt 0.000000 0.000000
vt 0.000000 0.500000
vt 0.250000 0.500000
vt 0.250000 0.000000
vt 0.000000 0.500000
vt 0.000000 1.000000
vt 0.250000 1.000000
vt 0.250000 0.500000
vt 0.000000 0.000000
vt 0.000000 0.500000
vt 0.250000 0.500000
vt 0.250000 0.000000
vt 0.000000 0.500000
vt 0.000000 1.000000
vt 0.250000 1.000000
vt 0.250000 0.500000
vt 0.250000 0.000000
vt 0.250000 0.500000
vt 0.500000 0.500000
vt 0.500000 0.000000
vt 0.250000 0.500000
vt 0.250000 1.000000
vt 0.500000 1.000000
vt 0.500000 0.500000
vt 0.250000 0.000000
vt 0.250000 0.500000
vt 0.500000 0.500000
vt 0.500000 0.000000
vt 0.250000 0.500000
vt 0.250000 1.000000
vt 0.500000 1.000000
vt 0.500000 0.500000
vt 0.500000 0.000000
vt 0.500000 0.500000
vt 0.750000 0.500000
vt 0.750000 0.000000
vt 0.500000 0.500000
vt 0.500000 1.000000
vt 0.750000 1.000000
vt 0.750000 0.500000
vt 0.500000 0.000000
vt 0.500000 0.500000
vt 0.750000 0.500000
vt 0.750000 0.000000
vt 0.500000 0.500000
vt 0.500000 1.000000
vt 0.750000 1.000000
vt 0.750000 0.500000
vt 0.750000 0.000000
vt 0.750000 0.500000
vt 1.000000 0.500000
vt 1.000000 0.000000
vt 0.750000 0.500000
vt 0.750000 1.000000
vt 1.000000 1.000000
vt 1.000000 0.500000
vt 0.750000 0.000000
vt 0.750000 0.500000
vt 1.000000 0.500000
vt 1.000000 0.000000
vt 0.750000 0.500000
vt 0.750000 1.000000
vt 1.000000 1.000000
vt 1.000000 0.500000
vt 0.000000 0.000000
vt 0.000000 0.500000
vt 0.250000 0.500000
vt 0.250000 0.000000
vt 0.000000 0.500000
vt 0.000000 1.000000
vt 0.250000 1.000000
vt 0.250000 0.500000
vt 0.000000 0.000000
vt 0.000000 0.500000
vt 0.250000 0.500000
vt 0.250000 0.000000
vt 0.000000 0.500000
vt 0.000000 1.000000
vt 0.250000 1.000000
vt 0.250000 0.500000
vt 0.250000 0.000000
vt 0.250000 0.500000
vt 0.500000 0.500000
vt 0.500000 0.000000
vt 0.250000 0.500000
vt 0.250000 1.000000
vt 0.500000 1.000000
vt 0.500000 0.500000
vt 0.250000 0.000000
vt 0.250000 0.500000
vt 0.500000 0.500000
vt 0.500000 0.000000
vt 0.250000 0.500000
vt 0.250000 1.000000
vt 0.500000 1.000000
vt 0.500000 0.500000
vt 0.500000 0.000000
vt 0.500000 0.500000
vt 0.750000 0.500000
vt 0.750000 0.000000
vt 0.500000 0.500000
vt 0.500000 1.000000
vt 0.750000 1.000000
vt 0.750000 0.500000
vt 0.500000 0.000000
vt 0.500000 0.500000
vt 0.750000 0.500000
vt 0.750000 0.000000
vt 0.500000 0.500000
vt 0.500000 1.000000
vt 0.750000 1.000000
vt 0.750000 0.500000
vt 0.750000 0.000000
vt 0.750000 0.500000
vt 1.000000 0.500000
vt 1.000000 0.000000
vt 0.750000 0.500000
vt 0.750000 1.000000
vt 1.000000 1.000000
vt 1.000000 0.500000
vt 0.750000 0.000000
vt 0.750000 0.500000
vt 1.000000 0.500000
vt 1.000000 0.000000
vt 0.750000 0.500000
vt 0.750000 1.000000
vt 1.000000 1.000000
vt 1.000000 0.500000
vt -0.015033 2.674003
vt -0.034085 2.677140
vt -0.029031 3.078767
vt -0.011884 3.075944
vt -0.008667 2.677140
vt -0.029834 2.683137
vt 0.084933 3.084165
vt 0.103983 3.078767
vt -0.034085 2.683137
vt -0.015033 2.685997
vt -0.011884 3.086739
vt -0.029031 3.084165
vt -0.015033 2.685997
vt 0.004019 2.682860
vt 0.005263 3.083916
vt -0.011884 3.086739
vt -0.029912 2.682860
vt -0.008746 2.676863
vt 0.103912 3.078518
vt 0.084862 3.083916
vt 0.004019 2.676863
vt -0.015033 2.674003
vt -0.011884 3.075944
vt 0.005263 3.078518
vt -0.011884 3.073980
vt -0.029030 3.077825
vt -0.023535 3.401851
vt -0.008294 3.398433
vt 0.103679 3.077825
vt 0.085298 3.085186
vt 0.215924 3.408394
vt 0.232262 3.401851
vt -0.029030 3.085186
vt -0.011884 3.088703
vt -0.008294 3.411520
vt -0.023535 3.408394
vt -0.011884 3.088703
vt 0.005263 3.084858
vt 0.006947 3.408103
vt -0.008294 3.411520
vt 0.085166 3.084858
vt 0.103547 3.077497
vt 0.232145 3.401559
vt 0.215807 3.408103
vt 0.005263 3.077497
vt -0.011884 3.073980
vt -0.008294 3.398433
vt 0.006947 3.401559
vt 0.223547 3.404977
vt 0.236902 3.397213
vt 0.380805 3.644112
vt 0.369120 3.650906
vt 0.000866 3.397213
vt -0.016727 3.397213
vt -0.011643 3.644112
vt 0.003751 3.644112
vt 0.237390 3.397213
vt 0.224522 3.404977
vt 0.369972 3.650906
vt 0.381232 3.644112
vt 0.224522 3.404977
vt 0.211167 3.412741
vt 0.358287 3.657699
vt 0.369972 3.650906
vt -0.017454 3.412741
vt 0.000140 3.412741
vt 0.003116 3.657699
vt -0.012278 3.657699
vt 0.210679 3.412741
vt 0.223547 3.404977
vt 0.369120 3.650906
vt 0.357860 3.657699
vt 0.369120 3.650906
vt 0.378951 3.641670
vt 0.539018 3.811212
vt 0.530592 3.819128
vt 0.003700 3.641670
vt -0.011694 3.641670
vt -0.006162 3.811212
vt 0.007033 3.811212
vt 0.379377 3.641670
vt 0.369972 3.650906
vt 0.531322 3.819128
vt 0.539384 3.811212
vt 0.369972 3.650906
vt 0.360141 3.660141
vt 0.522896 3.827044
vt 0.531322 3.819128
vt -0.012227 3.660141
vt 0.003167 3.660141
vt 0.006576 3.827044
vt -0.006619 3.827044
vt 0.359715 3.660141
vt 0.369120 3.650906
vt 0.530592 3.819128
vt 0.522530 3.827044
vt 0.530592 3.819128
vt 0.535968 3.808946
vt 0.712444 3.901159
vt 0.707963 3.909644
vt 0.006948 0.535968
vt -0.006247 0.536334
vt -0.000260 0.712748
vt 0.010736 0.712444
vt 0.536334 3.808946
vt 0.531322 3.819128
vt 0.708572 3.909644
vt 0.712748 3.901159
vt 0.531322 3.819128
vt 0.525946 3.829310
vt 0.704092 3.918129
vt 0.708572 3.909644
vt -0.006534 0.525946
vt 0.006661 0.525580
vt 0.010496 0.703787
vt -0.000500 0.704092
vt 0.525580 3.829310
vt 0.530592 3.819128
vt 0.707963 3.909644
vt 0.703787 3.918129
vt 0.707963 3.909644
vt 0.708745 3.900138
vt 0.901860 3.914849
vt 0.901234 3.922453
vt 0.010633 0.708745
vt -0.000362 0.709050
vt 0.006085 0.902104
vt 0.014882 0.901860
vt 0.709050 3.900138
vt 0.708572 3.909644
vt 0.901722 3.922453
vt 0.902104 3.914849
vt 0.708572 3.909644
vt 0.707790 3.919149
vt 0.901096 3.930058
vt 0.901722 3.922453
vt -0.000397 0.707790
vt 0.010598 0.707486
vt 0.014854 0.900852
vt 0.006057 0.901096
vt 0.707486 3.919149
vt 0.707963 3.909644
vt 0.901234 3.922453
vt 0.900852 3.930058
vt 0.901234 3.922453
vt 0.899099 3.915175
vt 1.108803 3.852097
vt 1.110405 3.857557
vt 0.014805 0.899099
vt 0.006009 0.899343
vt 0.012916 1.108986
vt 0.019513 1.108803
vt 0.899343 3.915175
vt 0.901722 3.922453
vt 1.110770 3.857557
vt 1.108986 3.852097
vt 0.901722 3.922453
vt 0.903857 3.929732
vt 1.112372 3.863016
vt 1.110770 3.857557
vt 0.006134 0.903857
vt 0.014930 0.903613
vt 0.019607 1.112189
vt 0.013009 1.112372
vt 0.903613 3.929732
vt 0.901234 3.922453
vt 1.110405 3.857557
vt 1.112189 3.863016
vt 0.000000 0.000000
vt 0.000000 0.500000
vt 0.250000 0.500000
vt 0.250000 0.000000
vt 0.000000 0.500000
vt 0.000000 1.000000
vt 0.250000 1.000000
vt 0.250000 0.500000
vt 0.000000 0.000000
vt 0.000000 0.500000
vt 0.250000 0.500000
vt 0.250000 0.000000
vt 0.000000 0.500000
vt 0.000000 1.000000
vt 0.250000 1.000000
vt 0.250000 0.500000
vt 0.250000 0.000000
vt 0.250000 0.500000
vt 0.500000 0.500000
vt 0.500000 0.000000
vt 0.250000 0.500000
vt 0.250000 1.000000
vt 0.500000 1.000000
vt 0.500000 0.500000
vt 0.250000 0.000000
vt 0.250000 0.500000
vt 0.500000 0.500000
vt 0.500000 0.000000
vt 0.250000 0.500000
vt 0.250000 1.000000
vt 0.500000 1.000000
vt 0.500000 0.500000
vt 0.500000 0.000000
vt 0.500000 0.500000
vt 0.750000 0.500000
vt 0.750000 0.000000
vt 0.500000 0.500000
vt 0.500000 1.000000
vt 0.750000 1.000000
vt 0.750000 0.500000
vt 0.500000 0.000000
vt 0.500000 0.500000
vt 0.750000 0.500000
vt 0.750000 0.000000
vt 0.500000 0.500000
vt 0.500000 1.000000
vt 0.750000 1.000000
vt 0.750000 0.500000
vt 0.750000 0.000000
vt 0.750000 0.500000
vt 1.000000 0.500000
vt 1.000000 0.000000
vt 0.750000 0.500000
vt 0.750000 1.000000
vt 1.000000 1.000000
vt 1.000000 0.500000
vt 0.750000 0.000000
vt 0.750000 0.500000
vt 1.000000 0.500000
vt 1.000000 0.000000
vt 0.750000 0.500000
vt 0.750000 1.000000
vt 1.000000 1.000000
vt 1.000000 0.500000
vt 0.000000 0.000000
vt 0.000000 0.500000
vt 0.250000 0.500000
vt 0.250000 0.000000
vt 0.000000 0.500000
vt 0.000000 1.000000
vt 0.250000 1.000000
vt 0.250000 0.500000
vt 0.000000 0.000000
vt 0.000000 0.500000
vt 0.250000 0.500000
vt 0.250000 0.000000
vt 0.000000 0.500000
vt 0.000000 1.000000
vt 0.250000 1.000000
vt 0.250000 0.500000
vt 0.250000 0.000000
vt 0.250000 0.500000
vt 0.500000 0.500000
vt 0.500000 0.000000
vt 0.250000 0.500000
vt 0.250000 1.000000
vt 0.500000 1.000000
vt 0.500000 0.500000
vt 0.250000 0.000000
vt 0.250000 0.500000
vt 0.500000 0.500000
vt 0.500000 0.000000
vt 0.250000 0.500000
vt 0.250000 1.000000
vt 0.500000 1.000000
vt 0.500000 0.500000
vt 0.500000 0.000000
vt 0.500000 0.500000
vt 0.750000 0.500000
vt 0.750000 0.000000
vt 0.500000 0.500000
vt 0.500000 1.000000
vt 0.750000 1.000000
vt 0.750000 0.500000
vt 0.500000 0.000000
vt 0.500000 0.500000
vt 0.750000 0.500000
vt 0.750000 0.000000
vt 0.500000 0.500000
vt 0.500000 1.000000
vt 0.750000 1.000000
vt 0.750000 0.500000
vt 0.750000 0.000000
vt 0.750000 0.500000
vt 1.000000 0.500000
vt 1.000000 0.000000
vt 0.750000 0.500000
vt 0.750000 1.000000
vt 1.000000 1.000000
vt 1.000000 0.500000
vt 0.750000 0.000000
vt 0.750000 0.500000
vt 1.000000 0.500000
vt 1.000000 0.000000
vt 0.750000 0.500000
vt 0.750000 1.000000
vt 1.000000 1.000000
vt 1.000000 0.500000
vt 0.000000 0.000000
vt 0.000000 0.500000
vt 0.250000 0.500000
vt 0.250000 0.000000
vt 0.000000 0.500000
vt 0.000000 1.000000
vt 0.250000 1.000000
vt 0.250000 0.500000
vt 0.000000 0.000000
vt 0.000000 0.500000
vt 0.250000 0.500000
vt 0.250000 0.000000
vt 0.000000 0.500000
vt 0.000000 1.000000
vt 0.250000 1.000000
vt 0.250000 0.500000
vt 0.250000 0.000000
vt 0.250000 0.500000
vt 0.500000 0.500000
vt 0.500000 0.000000
vt 0.250000 0.500000
vt 0.250000 1.000000
vt 0.500000 1.000000
vt 0.500000 0.500000
vt 0.250000 0.000000
vt 0.250000 0.500000
vt 0.500000 0.500000
vt 0.500000 0.000000
vt 0.250000 0.500000
vt 0.250000 1.000000
vt 0.500000 1.000000
vt 0.500000 0.500000
vt 0.500000 0.000000
vt 0.500000 0.500000
vt 0.750000 0.500000
vt 0.750000 0.000000
vt 0.500000 0.500000
vt 0.500000 1.000000
vt 0.750000 1.000000
vt 0.750000 0.500000
vt 0.500000 0.000000
vt 0.500000 0.500000
vt 0.750000 0.500000
vt 0.750000 0.000000
vt 0.500000 0.500000
vt 0.500000 1.000000
vt 0.750000 1.000000
vt 0.750000 0.500000
vt 0.750000 0.000000
vt 0.750000 0.500000
vt 1.000000 0.500000
vt 1.000000 0.000000
vt 0.750000 0.500000
vt 0.750000 1.000000
vt 1.000000 1.000000
vt 1.000000 0.500000
vt 0.750000 0.000000
vt 0.750000 0.500000
vt 1.000000 0.500000
vt 1.000000 0.000000
vt 0.750000 0.500000
vt 0.750000 1.000000
vt 1.000000 1.000000
vt 1.000000 0.500000
vt 0.000000 0.000000
vt 0.000000 0.500000
vt 0.250000 0.500000
vt 0.250000 0.000000
vt 0.000000 0.500000
vt 0.000000 1.000000
vt 0.250000 1.000000
vt 0.250000 0.500000
vt 0.000000 0.000000
vt 0.000000 0.500000
vt 0.250000 0.500000
vt 0.250000 0.000000
vt 0.000000 0.500000
vt 0.000000 1.000000
vt 0.250000 1.000000
vt 0.250000 0.500000
vt 0.250000 0.000000
vt 0.250000 0.500000
vt 0.500000 0.500000
vt 0.500000 0.000000
vt 0.250000 0.500000
vt 0.250000 1.000000
vt 0.500000 1.000000
vt 0.500000 0.500000
vt 0.250000 0.000000
vt 0.250000 0.500000
vt 0.500000 0.500000
vt 0.500000 0.000000
vt 0.250000 0.500000
vt 0.250000 1.000000
vt 0.500000 1.000000
vt 0.500000 0.500000
vt 0.500000 0.000000
vt 0.500000 0.500000
vt 0.750000 0.500000
vt 0.750000 0.000000
vt 0.500000 0.500000
vt 0.500000 1.000000
vt 0.750000 1.000000
vt 0.750000 0.500000
vt 0.500000 0.000000
vt 0.500000 0.500000
vt 0.750000 0.500000
vt 0.750000 0.000000
vt 0.500000 0.500000
vt 0.500000 1.000000
vt 0.750000 1.000000
vt 0.750000 0.500000
vt 0.750000 0.000000
vt 0.750000 0.500000
vt 1.000000 0.500000
vt 1.000000 0.000000
vt 0.750000 0.500000
vt 0.750000 1.000000
vt 1.000000 1.000000
vt 1.000000 0.500000
vt 0.750000 0.000000
vt 0.750000 0.500000
vt 1.000000 0.500000
vt 1.000000 0.000000
vt 0.750000 0.500000
vt 0.750000 1.000000
vt 1.000000 1.000000
vt 1.000000 0.500000
vt 0.000000 0.000000
vt 0.000000 0.500000
vt 0.250000 0.500000
vt 0.250000 0.000000
vt 0.000000 0.500000
vt 0.000000 1.000000
vt 0.250000 1.000000
vt 0.250000 0.500000
vt 0.000000 0.000000
vt 0.000000 0.500000
vt 0.250000 0.500000
vt 0.250000 0.000000
vt 0.000000 0.500000
vt 0.000000 1.000000
vt 0.250000 1.000000
vt 0.250000 0.500000
vt 0.250000 0.000000
vt 0.250000 0.500000
vt 0.500000 0.500000
vt 0.500000 0.000000
vt 0.250000 0.500000
vt 0.250000 1.000000
vt 0.500000 1.000000
vt 0.500000 0.500000
vt 0.250000 0.000000
vt 0.250000 0.500000
vt 0.500000 0.500000
vt 0.500000 0.000000
vt 0.250000 0.500000
vt 0.250000 1.000000
vt 0.500000 1.000000
vt 0.500000 0.500000
vt 0.500000 0.000000
vt 0.500000 0.500000
vt 0.750000 0.500000
vt 0.750000 0.000000
vt 0.500000 0.500000
vt 0.500000 1.000000
vt 0.750000 1.000000
vt 0.750000 0.500000
vt 0.500000 0.000000
vt 0.500000 0.500000
vt 0.750000 0.500000
vt 0.750000 0.000000
vt 0.500000 0.500000
vt 0.500000 1.000000
vt 0.750000 1.000000
vt 0.750000 0.500000
vt 0.750000 0.000000
vt 0.750000 0.500000
vt 1.000000 0.500000
vt 1.000000 0.000000
vt 0.750000 0.500000
vt 0.750000 1.000000
vt 1.000000 1.000000
vt 1.000000 0.500000
vt 0.750000 0.000000
vt 0.750000 0.500000
vt 1.000000 0.500000
vt 1.000000 0.000000
vt 0.750000 0.500000
vt 0.750000 1.000000
vt 1.000000 1.000000
vt 1.000000 0.500000
vt 0.000000 0.000000
vt 0.000000 0.500000
vt 0.250000 0.500000
vt 0.250000 0.000000
vt 0.000000 0.500000
vt 0.000000 1.000000
vt 0.250000 1.000000
vt 0.250000 0.500000
vt 0.000000 0.000000
vt 0.000000 0.500000
vt 0.250000 0.500000
vt 0.250000 0.000000
vt 0.000000 0.500000
vt 0.000000 1.000000
vt 0.250000 1.000000
vt 0.250000 0.500000
vt 0.250000 0.000000
vt 0.250000 0.500000
vt 0.500000 0.500000
vt 0.500000 0.000000
vt 0.250000 0.500000
vt 0.250000 1.000000
vt 0.500000 1.000000
vt 0.500000 0.500000
vt 0.250000 0.000000
vt 0.250000 0.500000
vt 0.500000 0.500000
vt 0.500000 0.000000
vt 0.250000 0.500000
vt 0.250000 1.000000
vt 0.500000 1.000000
vt 0.500000 0.500000
vt 0.500000 0.000000
vt 0.500000 0.500000
vt 0.750000 0.500000
vt 0.750000 0.000000
vt 0.500000 0.500000
vt 0.500000 1.000000
vt 0.750000 1.000000
vt 0.750000 0.500000
vt 0.500000 0.000000
vt 0.500000 0.500000
vt 0.750000 0.500000
vt 0.750000 0.000000
vt 0.500000 0.500000
vt 0.500000 1.000000
vt 0.750000 1.000000
vt 0.750000 0.500000
vt 0.750000 0.000000
vt 0.750000 0.500000
vt 1.000000 0.500000
vt 1.000000 0.000000
vt 0.750000 0.500000
vt 0.750000 1.000000
vt 1.000000 1.000000
vt 1.000000 0.500000
vt 0.750000 0.000000
vt 0.750000 0.500000
vt 1.000000 0.500000
vt 1.000000 0.000000
vt 0.750000 0.500000
vt 0.750000 1.000000
vt 1.000000 1.000000
vt 1.000000 0.500000
vt 0.005492 2.680000
vt -0.010743 2.670630
vt -0.073833 2.979737
vt -0.059222 2.988170
vt -0.010743 2.670630
vt -0.031268 2.670630
vt -0.092305 2.979737
vt -0.073833 2.979737
vt -0.007773 2.670630
vt -0.027210 2.680000
vt 0.135970 2.988170
vt 0.153463 2.979737
vt -0.035558 2.680000
vt -0.019324 2.689370
vt -0.081555 2.996603
vt -0.096166 2.988170
vt -0.019324 2.689370
vt 0.001201 2.689370
vt -0.063083 2.996603
vt -0.081555 2.996603
vt -0.030807 2.689370
vt -0.011370 2.680000
vt 0.150226 2.988170
vt 0.132733 2.996603
vt 0.150226 2.988170
vt 0.158768 2.976961
vt 0.340772 3.206203
vt 0.333179 3.216167
vt -0.073129 2.976961
vt -0.091602 2.976961
vt -0.160958 3.206203
vt -0.144538 3.206203
vt 0.151640 2.976961
vt 0.135970 2.988170
vt 0.320507 3.216167
vt 0.334436 3.206203
vt 0.135970 2.988170
vt 0.127428 2.999380
vt 0.312914 3.226130
vt 0.320507 3.216167
vt -0.082259 2.999380
vt -0.063786 2.999380
vt -0.136233 3.226130
vt -0.152653 3.226130
vt 0.134556 2.999380
vt 0.150226 2.988170
vt 0.333179 3.216167
vt 0.319250 3.226130
vt 0.333179 3.216167
vt 0.337946 3.203518
vt 0.541660 3.352921
vt 0.537489 3.363989
vt -0.143448 0.337946
vt -0.159868 0.331610
vt -0.237602 0.536116
vt -0.223234 0.541660
vt 0.331610 3.203518
vt 0.320507 3.216167
vt 0.526401 3.363989
vt 0.536116 3.352921
vt 0.320507 3.216167
vt 0.315740 3.228815
vt 0.522231 3.375056
vt 0.526401 3.363989
vt -0.153744 0.315740
vt -0.137324 0.322076
vt -0.217876 0.527775
vt -0.232243 0.522231
vt 0.322076 3.228815
vt 0.333179 3.216167
vt 0.537489 3.363989
vt 0.527775 3.375056
vt 0.537489 3.363989
vt 0.538058 3.351142
vt 0.763644 3.420625
vt 0.763157 3.431637
vt -0.221844 0.538058
vt -0.236211 0.532514
vt -0.322385 0.758892
vt -0.310070 0.763644
vt 0.532514 3.351142
vt 0.526401 3.363989
vt 0.753653 3.431637
vt 0.758892 3.420625
vt 0.526401 3.363989
vt 0.525833 3.376836
vt 0.753166 3.442649
vt 0.753653 3.431637
vt -0.233634 0.525833
vt -0.219266 0.531377
vt -0.307861 0.757918
vt -0.320176 0.753166
vt 0.531377 3.376836
vt 0.537489 3.363989
vt 0.763157 3.431637
vt 0.757918 3.442649
vt 0.763157 3.431637
vt 0.760279 3.420218
vt 1.007784 3.409596
vt 1.010182 3.419111
vt -0.308772 0.760279
vt -0.321086 0.755527
vt -0.415718 1.003824
vt -0.405455 1.007784
vt 0.755527 3.420218
vt 0.753653 3.431637
vt 1.002262 3.419111
vt 1.003824 3.409596
vt 0.753653 3.431637
vt 0.756532 3.443056
vt 1.004661 3.428627
vt 1.002262 3.419111
vt -0.321474 0.756532
vt -0.309159 0.761284
vt -0.405778 1.008621
vt -0.416041 1.004661
vt 0.761284 3.443056
vt 0.763157 3.431637
vt 1.010182 3.419111
vt 1.008621 3.428627
vt 1.010182 3.419111
vt 1.005484 3.410042
vt 1.274806 3.319156
vt 1.278565 3.326412
vt -0.404568 1.005484
vt -0.414830 1.001524
vt -0.517880 1.271638
vt -0.509670 1.274806
vt 1.001524 3.410042
vt 1.002262 3.419111
vt 1.272229 3.326412
vt 1.271638 3.319156
vt 1.002262 3.419111
vt 1.006961 3.428181
vt 1.275988 3.333667
vt 1.272229 3.326412
vt -0.416928 1.006961
vt -0.406666 1.010921
vt -0.511349 1.279156
vt -0.519559 1.275988
vt 1.010921 3.428181
vt 1.010182 3.419111
vt 1.278565 3.326412
vt 1.279156 3.333667
vt 1.278565 3.326412
vt 1.273530 3.319748
vt 1.564528 3.148540
vt 1.568305 3.153538
vt -0.509178 1.273530
vt -0.517388 1.270362
vt -0.628802 1.562152
vt -0.622645 1.564528
vt 1.270362 3.319748
vt 1.272229 3.326412
vt 1.563553 3.153538
vt 1.562152 3.148540
vt 1.272229 3.326412
vt 1.277264 3.333075
vt 1.567329 3.158535
vt 1.563553 3.153538
vt -0.520051 1.277264
vt -0.511841 1.280432
vt -0.624642 1.569705
vt -0.630800 1.567329
vt 1.280432 3.333075
vt 1.278565 3.326412
vt 1.568305 3.153538
vt 1.569705 3.158535
vt 0.000000 0.000000
vt 0.000000 0.500000
vt 0.250000 0.500000
vt 0.250000 0.000000
vt 0.000000 0.500000
vt 0.000000 1.000000
vt 0.250000 1.000000
vt 0.250000 0.500000
vt 0.000000 0.000000
vt 0.000000 0.500000
vt 0.250000 0.500000
vt 0.250000 0.000000
vt 0.000000 0.500000
vt 0.000000 1.000000
vt 0.250000 1.000000
vt 0.250000 0.500000
vt 0.250000 0.000000
vt 0.250000 0.500000
vt 0.500000 0.500000
vt 0.500000 0.000000
vt 0.250000 0.500000
vt 0.250000 1.000000
vt 0.500000 1.000000
vt 0.500000 0.500000
vt 0.250000 0.000000
vt 0.250000 0.500000
vt 0.500000 0.500000
vt 0.500000 0.000000
vt 0.250000 0.500000
vt 0.250000 1.000000
vt 0.500000 1.000000
vt 0.500000 0.500000
vt 0.500000 0.000000
vt 0.500000 0.500000
vt 0.750000 0.500000
vt 0.750000 0.000000
vt 0.500000 0.500000
vt 0.500000 1.000000
vt 0.750000 1.000000
vt 0.750000 0.500000
vt 0.500000 0.000000
vt 0.500000 0.500000
vt 0.750000 0.500000
vt 0.750000 0.000000
vt 0.500000 0.500000
vt 0.500000 1.000000
vt 0.750000 1.000000
vt 0.750000 0.500000
vt 0.750000 0.000000
vt 0.750000 0.500000
vt 1.000000 0.500000
vt 1.000000 0.000000
vt 0.750000 0.500000
vt 0.750000 1.000000
vt 1.000000 1.000000
vt 1.000000 0.500000
vt 0.750000 0.000000
vt 0.750000 0.500000
vt 1.000000 0.500000
vt 1.000000 0.000000
vt 0.750000 0.500000
vt 0.750000 1.000000
vt 1.000000 1.000000
vt 1.000000 0.500000
vt 0.000000 0.000000
vt 0.000000 0.500000
vt 0.250000 0.500000
vt 0.250000 0.000000
vt 0.000000 0.500000
vt 0.000000 1.000000
vt 0.250000 1.000000
vt 0.250000 0.500000
vt 0.000000 0.000000
vt 0.000000 0.500000
vt 0.250000 0.500000
vt 0.250000 0.000000
vt 0.000000 0.500000
vt 0.000000 1.000000
vt 0.250000 1.000000
vt 0.250000 0.500000
vt 0.250000 0.000000
vt 0.250000 0.500000
vt 0.500000 0.500000
vt 0.500000 0.000000
vt 0.250000 0.500000
vt 0.250000 1.000000
vt 0.500000 1.000000
vt 0.500000 0.500000
vt 0.250000 0.000000
vt 0.250000 0.500000
vt 0.500000 0.500000
vt 0.500000 0.000000
vt 0.250000 0.500000
vt 0.250000 1.000000
vt 0.500000 1.000000
vt 0.500000 0.500000
vt 0.500000 0.000000
vt 0.500000 0.500000
vt 0.750000 0.500000
vt 0.750000 0.000000
vt 0.500000 0.500000
vt 0.500000 1.000000
vt 0.750000 1.000000
vt 0.750000 0.500000
vt 0.500000 0.000000
vt 0.500000 0.500000
vt 0.750000 0.500000
vt 0.750000 0.000000
vt 0.500000 0.500000
vt 0.500000 1.000000
vt 0.750000 1.000000
vt 0.750000 0.500000
vt 0.750000 0.000000
vt 0.750000 0.500000
vt 1.000000 0.500000
vt 1.000000 0.000000
vt 0.750000 0.500000
vt 0.750000 1.000000
vt 1.000000 1.000000
vt 1.000000 0.500000
vt 0.750000 0.000000
vt 0.750000 0.500000
vt 1.000000 0.500000
vt 1.000000 0.000000
vt 0.750000 0.500000
vt 0.750000 1.000000
vt 1.000000 1.000000
vt 1.000000 0.500000
vt 0.000000 0.000000
vt 0.000000 0.500000
vt 0.250000 0.500000
vt 0.250000 0.000000
vt 0.000000 0.500000
vt 0.000000 1.000000
vt 0.250000 1.000000
vt 0.250000 0.500000
vt 0.000000 0.000000
vt 0.000000 0.500000
vt 0.250000 0.500000
vt 0.250000 0.000000
vt 0.000000 0.500000
vt 0.000000 1.000000
vt 0.250000 1.000000
vt 0.250000 0.500000
vt 0.250000 0.000000
vt 0.250000 0.500000
vt 0.500000 0.500000
vt 0.500000 0.000000
vt 0.250000 0.500000
vt 0.250000 1.000000
vt 0.500000 1.000000
vt 0.500000 0.500000
vt 0.250000 0.000000
vt 0.250000 0.500000
vt 0.500000 0.500000
vt 0.500000 0.000000
vt 0.250000 0.500000
vt 0.250000 1.000000
vt 0.500000 1.000000
vt 0.500000 0.500000
vt 0.500000 0.000000
vt 0.500000 0.500000
vt 0.750000 0.500000
vt 0.750000 0.000000
vt 0.500000 0.500000
vt 0.500000 1.000000
vt 0.750000 1.000000
vt 0.750000 0.500000
vt 0.500000 0.000000
vt 0.500000 0.500000
vt 0.750000 0.500000
vt 0.750000 0.000000
vt 0.500000 0.500000
vt 0.500000 1.000000
vt 0.750000 1.000000
vt 0.750000 0.500000
vt 0.750000 0.000000
vt 0.750000 0.500000
vt 1.000000 0.500000
vt 1.000000 0.000000
vt 0.750000 0.500000
vt 0.750000 1.000000
vt 1.000000 1.000000
vt 1.000000 0.500000
vt 0.750000 0.000000
vt 0.750000 0.500000
vt 1.000000 0.500000
vt 1.000000 0.000000
vt 0.750000 0.500000
vt 0.750000 1.000000
vt 1.000000 1.000000
vt 1.000000 0.500000
vt 0.000000 0.000000
vt 0.000000 0.500000
vt 0.250000 0.500000
vt 0.250000 0.000000
vt 0.000000 0.500000
vt 0.000000 1.000000
vt 0.250000 1.000000
vt 0.250000 0.500000
vt 0.000000 0.000000
vt 0.000000 0.500000
vt 0.250000 0.500000
vt 0.250000 0.000000
vt 0.000000 0.500000
vt 0.000000 1.000000
vt 0.250000 1.000000
vt 0.250000 0.500000
vt 0.250000 0.000000
vt 0.250000 0.500000
vt 0.500000 0.500000
vt 0.500000 0.000000
vt 0.250000 0.500000
vt 0.250000 1.000000
vt 0.500000 1.000000
vt 0.500000 0.500000
vt 0.250000 0.000000
vt 0.250000 0.500000
vt 0.500000 0.500000
vt 0.500000 0.000000
vt 0.250000 0.500000
vt 0.250000 1.000000
vt 0.500000 1.000000
vt 0.500000 0.500000
vt 0.500000 0.000000
vt 0.500000 0.500000
vt 0.750000 0.500000
vt 0.750000 0.000000
vt 0.500000 0.500000
vt 0.500000 1.000000
vt 0.750000 1.000000
vt 0.750000 0.500000
vt 0.500000 0.000000
vt 0.500000 0.500000
vt 0.750000 0.500000
vt 0.750000 0.000000
vt 0.500000 0.500000
vt 0.500000 1.000000
vt 0.750000 1.000000
vt 0.750000 0.500000
vt 0.750000 0.000000
vt 0.750000 0.500000
vt 1.000000 0.500000
vt 1.000000 0.000000
vt 0.750000 0.500000
vt 0.750000 1.000000
vt 1.000000 1.000000
vt 1.000000 0.500000
vt 0.750000 0.000000
vt 0.750000 0.500000
vt 1.000000 0.500000
vt 1.000000 0.000000
vt 0.750000 0.500000
vt 0.750000 1.000000
vt 1.000000 1.000000
vt 1.000000 0.500000
vt 0.000000 0.000000
vt 0.000000 0.500000
vt 0.250000 0.500000
vt 0.250000 0.000000
vt 0.000000 0.500000
vt 0.000000 1.000000
vt 0.250000 1.000000
vt 0.250000 0.500000
vt 0.000000 0.000000
vt 0.000000 0.500000
vt 0.250000 0.500000
vt 0.250000 0.000000
vt 0.000000 0.500000
vt 0.000000 1.000000
vt 0.250000 1.000000
vt 0.250000 0.500000
vt 0.250000 0.000000
vt 0.250000 0.500000
vt 0.500000 0.500000
vt 0.500000 0.000000
vt 0.250000 0.500000
vt 0.250000 1.000000
vt 0.500000 1.000000
vt 0.500000 0.500000
vt 0.250000 0.000000
vt 0.250000 0.500000
vt 0.500000 0.500000
vt 0.500000 0.000000
vt 0.250000 0.500000
vt 0.250000 1.000000
vt 0.500000 1.000000
vt 0.500000 0.500000
vt 0.500000 0.000000
vt 0.500000 0.500000
vt 0.750000 0.500000
vt 0.750000 0.000000
vt 0.500000 0.500000
vt 0.500000 1.000000
vt 0.750000 1.000000
vt 0.750000 0.500000
vt 0.500000 0.000000
vt 0.500000 0.500000
vt 0.750000 0.500000
vt 0.750000 0.000000
vt 0.500000 0.500000
vt 0.500000 1.000000
vt 0.750000 1.000000
vt 0.750000 0.500000
vt 0.750000 0.000000
vt 0.750000 0.500000
vt 1.000000 0.500000
vt 1.000000 0.000000
vt 0.750000 0.500000
vt 0.750000 1.000000
vt 1.000000 1.000000
vt 1.000000 0.500000
vt 0.750000 0.000000
vt 0.750000 0.500000
vt 1.000000 0.500000
vt 1.000000 0.000000
vt 0.750000 0.500000
vt 0.750000 1.000000
vt 1.000000 1.000000
vt 1.000000 0.500000
vt 0.000000 0.000000
vt 0.000000 0.500000
vt 0.250000 0.500000
vt 0.250000 0.000000
vt 0.000000 0.500000
vt 0.000000 1.000000
vt 0.250000 1.000000
vt 0.250000 0.500000
vt 0.000000 0.000000
vt 0.000000 0.500000
vt 0.250000 0.500000
vt 0.250000 0.000000
vt 0.000000 0.500000
vt 0.000000 1.000000
vt 0.250000 1.000000
vt 0.250000 0.500000
vt 0.250000 0.000000
vt 0.250000 0.500000
vt 0.500000 0.500000
vt 0.500000 0.000000
vt 0.250000 0.500000
vt 0.250000 1.000000
vt 0.500000 1.000000
vt 0.500000 0.500000
vt 0.250000 0.000000
vt 0.250000 0.500000
vt 0.500000 0.500000
vt 0.500000 0.000000
vt 0.250000 0.500000
vt 0.250000 1.000000
vt 0.500000 1.000000
vt 0.500000 0.500000
vt 0.500000 0.000000
vt 0.500000 0.500000
vt 0.750000 0.500000
vt 0.750000 0.000000
vt 0.500000 0.500000
vt 0.500000 1.000000
vt 0.750000 1.000000
vt 0.750000 0.500000
vt 0.500000 0.000000
vt 0.500000 0.500000
vt 0.750000 0.500000
vt 0.750000 0.000000
vt 0.500000 0.500000
vt 0.500000 1.000000
vt 0.750000 1.000000
vt 0.750000 0.500000
vt 0.750000 0.000000
vt 0.750000 0.500000
vt 1.000000 0.500000
vt 1.000000 0.000000
vt 0.750000 0.500000
vt 0.750000 1.000000
vt 1.000000 1.000000
vt 1.000000 0.500000
vt 0.750000 0.000000
vt 0.750000 0.500000
vt 1.000000 0.500000
vt 1.000000 0.000000
vt 0.750000 0.500000
vt 0.750000 1.000000
vt 1.000000 1.000000
vt 1.000000 0.500000
vt 0.000823 2.680000
vt -0.017036 2.667441
vt -0.138789 2.869390
vt -0.122715 2.880693
vt -0.017036 -0.001338
vt -0.032893 -0.016588
vt -0.153060 0.109947
vt -0.138789 0.123672
vt -0.016588 2.667441
vt -0.034540 2.680000
vt 0.093790 2.880693
vt 0.109947 2.869390
vt -0.030890 2.680000
vt -0.013031 2.692559
vt -0.135184 2.891997
vt -0.151257 2.880693
vt -0.013031 -0.037241
vt 0.002826 -0.021991
vt -0.120913 0.105084
vt -0.135184 0.091359
vt -0.021991 2.692559
vt -0.004040 2.680000
vt 0.121240 2.880693
vt 0.105084 2.891997
vt -0.122715 2.880693
vt -0.136053 2.866066
vt -0.279567 2.994245
vt -0.267711 3.007247
vt -0.136053 0.120827
vt -0.150324 0.107102
vt -0.292253 0.256265
vt -0.279567 0.268465
vt 0.107102 2.866066
vt 0.093790 2.880693
vt 0.244432 3.007247
vt 0.256265 2.994245
vt -0.151257 2.880693
vt -0.137919 2.895321
vt -0.281226 3.020249
vt -0.293082 3.007247
vt -0.137919 0.094204
vt -0.123648 0.107929
vt -0.268541 0.257000
vt -0.281226 0.244800
vt 0.107929 2.895321
vt 0.121240 2.880693
vt 0.268832 3.007247
vt 0.257000 3.020249
vt -0.267711 3.007247
vt -0.276328 2.992362
vt -0.441705 3.046636
vt -0.434166 3.059661
vt -0.276328 0.265097
vt -0.289013 0.252897
vt -0.452805 0.424792
vt -0.441705 0.435467
vt 0.252897 2.992362
vt 0.244432 3.007247
vt 0.417386 3.059661
vt 0.424792 3.046636
vt -0.293082 3.007247
vt -0.284466 3.022132
vt -0.448826 3.072685
vt -0.456365 3.059661
vt -0.284466 0.248168
vt -0.271780 0.260368
vt -0.437726 0.431329
vt -0.448826 0.420654
vt 0.260368 3.022132
vt 0.268832 3.007247
vt 0.438736 3.059661
vt 0.431329 3.072685
vt 0.438736 3.059661
vt 0.432624 3.046367
vt 0.625712 3.026540
vt 0.630951 3.037935
vt -0.438971 0.432624
vt -0.450070 0.421949
vt -0.635710 0.616562
vt -0.626196 0.625712
vt -0.450070 3.046367
vt -0.456365 3.059661
vt -0.641106 3.037935
vt -0.635710 3.026540
vt 0.417386 3.059661
vt 0.423498 3.072954
vt 0.617889 3.049329
vt 0.612651 3.037935
vt -0.451560 0.423498
vt -0.440460 0.434173
vt -0.627473 0.627039
vt -0.636987 0.617889
vt -0.440460 3.072954
vt -0.434166 3.059661
vt -0.622077 3.037935
vt -0.627473 3.049329
vt 0.630951 3.037935
vt 0.623866 3.027047
vt 0.839573 2.932996
vt 0.845477 2.942069
vt -0.624421 0.623866
vt -0.633935 0.614716
vt -0.841328 0.831948
vt -0.833400 0.839573
vt -0.633935 3.027047
vt -0.641106 3.037935
vt -0.847304 2.942069
vt -0.841328 2.932996
vt 0.612651 3.037935
vt 0.619736 3.048823
vt 0.836131 2.951143
vt 0.830227 2.942069
vt -0.638762 0.619736
vt -0.629248 0.628886
vt -0.837423 0.843756
vt -0.845351 0.836131
vt -0.629248 3.048823
vt -0.622077 3.037935
vt -0.831447 2.942069
vt -0.837423 2.951143
vt 0.845477 2.942069
vt 0.838526 2.933597
vt 1.076754 2.765286
vt 1.082315 2.772064
vt -0.832392 0.838526
vt -0.840321 0.830901
vt -1.069374 1.070654
vt -1.063031 1.076754
vt -0.840321 2.933597
vt -0.847304 2.942069
vt -1.074960 2.772064
vt -1.069374 2.765286
vt 0.830227 2.942069
vt 0.837179 2.950542
vt 1.075677 2.778842
vt 1.070115 2.772064
vt -0.846359 0.837179
vt -0.838430 0.844804
vt -1.067861 1.081777
vt -1.074204 1.075677
vt -0.838430 2.950542
vt -0.831447 2.942069
vt -1.062275 2.772064
vt -1.067861 2.778842
vt 1.082315 2.772064
vt 1.076192 2.765747
vt 1.336873 2.523181
vt 1.341465 2.527919
vt -1.062490 1.076192
vt -1.068833 1.070092
vt -1.319479 1.332298
vt -1.314722 1.336873
vt -1.068833 2.765747
vt -1.074960 2.772064
vt -1.324074 2.527919
vt -1.319479 2.523181
vt 1.070115 2.772064
vt 1.076239 2.778380
vt 1.336908 2.532656
vt 1.332315 2.527919
vt -1.074744 1.076239
vt -1.068402 1.082339
vt -1.319155 1.341483
vt -1.323912 1.336908
vt -1.068402 2.778380
vt -1.062275 2.772064
vt -1.314560 2.527919
vt -1.319155 2.532656
vt 0.000000 0.000000
vt 0.000000 0.500000
vt 0.250000 0.500000
vt 0.250000 0.000000
vt 0.000000 0.500000
vt 0.000000 1.000000
vt 0.250000 1.000000
vt 0.250000 0.500000
vt 0.000000 0.000000
vt 0.000000 0.500000
vt 0.250000 0.500000
vt 0.250000 0.000000
vt 0.000000 0.500000
vt 0.000000 1.000000
vt 0.250000 1.000000
vt 0.250000 0.500000
vt 0.250000 0.000000
vt 0.250000 0.500000
vt 0.500000 0.500000
vt 0.500000 0.000000
vt 0.250000 0.500000
vt 0.250000 1.000000
vt 0.500000 1.000000
vt 0.500000 0.500000
vt 0.250000 0.000000
vt 0.250000 0.500000
vt 0.500000 0.500000
vt 0.500000 0.000000
vt 0.250000 0.500000
vt 0.250000 1.000000
vt 0.500000 1.000000
vt 0.500000 0.500000
vt 0.500000 0.000000
vt 0.500000 0.500000
vt 0.750000 0.500000
vt 0.750000 0.000000
vt 0.500000 0.500000
vt 0.500000 1.000000
vt 0.750000 1.000000
vt 0.750000 0.500000
vt 0.500000 0.000000
vt 0.500000 0.500000
vt 0.750000 0.500000
vt 0.750000 0.000000
vt 0.500000 0.500000
vt 0.500000 1.000000
vt 0.750000 1.000000
vt 0.750000 0.500000
vt 0.750000 0.000000
vt 0.750000 0.500000
vt 1.000000 0.500000
vt 1.000000 0.000000
vt 0.750000 0.500000
vt 0.750000 1.000000
vt 1.000000 1.000000
vt 1.000000 0.500000
vt 0.750000 0.000000
vt 0.750000 0.500000
vt 1.000000 0.500000
vt 1.000000 0.000000
vt 0.750000 0.500000
vt 0.750000 1.000000
vt 1.000000 1.000000
vt 1.000000 0.500000
vt 0.000000 0.000000
vt 0.000000 0.500000
vt 0.250000 0.500000
vt 0.250000 0.000000
vt 0.000000 0.500000
vt 0.000000 1.000000
vt 0.250000 1.000000
vt 0.250000 0.500000
vt 0.000000 0.000000
vt 0.000000 0.500000
vt 0.250000 0.500000
vt 0.250000 0.000000
vt 0.000000 0.500000
vt 0.000000 1.000000
vt 0.250000 1.000000
vt 0.250000 0.500000
vt 0.250000 0.000000
vt 0.250000 0.500000
vt 0.500000 0.500000
vt 0.500000 0.000000
vt 0.250000 0.500000
vt 0.250000 1.000000
vt 0.500000 1.000000
vt 0.500000 0.500000
vt 0.250000 0.000000
vt 0.250000 0.500000
vt 0.500000 0.500000
vt 0.500000 0.000000
vt 0.250000 0.500000
vt 0.250000 1.000000
vt 0.500000 1.000000
vt 0.500000 0.500000
vt 0.500000 0.000000
vt 0.500000 0.500000
vt 0.750000 0.500000
vt 0.750000 0.000000
vt 0.500000 0.500000
vt 0.500000 1.000000
vt 0.750000 1.000000
vt 0.750000 0.500000
vt 0.500000 0.000000
vt 0.500000 0.500000
vt 0.750000 0.500000
vt 0.750000 0.000000
vt 0.500000 0.500000
vt 0.500000 1.000000
vt 0.750000 1.000000
vt 0.750000 0.500000
vt 0.750000 0.000000
vt 0.750000 0.500000
vt 1.000000 0.500000
vt 1.000000 0.000000
vt 0.750000 0.500000
vt 0.750000 1.000000
vt 1.000000 1.000000
vt 1.000000 0.500000
vt 0.750000 0.000000
vt 0.750000 0.500000
vt 1.000000 0.500000
vt 1.000000 0.000000
vt 0.750000 0.500000
vt 0.750000 1.000000
vt 1.000000 1.000000
vt 1.000000 0.500000
vt 0.000000 0.000000
vt 0.000000 0.500000
vt 0.250000 0.500000
vt 0.250000 0.000000
vt 0.000000 0.500000
vt 0.000000 1.000000
vt 0.250000 1.000000
vt 0.250000 0.500000
vt 0.000000 0.000000
vt 0.000000 0.500000
vt 0.250000 0.500000
vt 0.250000 0.000000
vt 0.000000 0.500000
vt 0.000000 1.000000
vt 0.250000 1.000000
vt 0.250000 0.500000
vt 0.250000 0.000000
vt 0.250000 0.500000
vt 0.500000 0.500000
vt 0.500000 0.000000
vt 0.250000 0.500000
vt 0.250000 1.000000
vt 0.500000 1.000000
vt 0.500000 0.500000
vt 0.250000 0.000000
vt 0.250000 0.500000
vt 0.500000 0.500000
vt 0.500000 0.000000
vt 0.250000 0.500000
vt 0.250000 1.000000
vt 0.500000 1.000000
vt 0.500000 0.500000
vt 0.500000 0.000000
vt 0.500000 0.500000
vt 0.750000 0.500000
vt 0.750000 0.000000
vt 0.500000 0.500000
vt 0.500000 1.000000
vt 0.750000 1.000000
vt 0.750000 0.500000
vt 0.500000 0.000000
vt 0.500000 0.500000
vt 0.750000 0.500000
vt 0.750000 0.000000
vt 0.500000 0.500000
vt 0.500000 1.000000
vt 0.750000 1.000000
vt 0.750000 0.500000
vt 0.750000 0.000000
vt 0.750000 0.500000
vt 1.000000 0.500000
vt 1.000000 0.000000
vt 0.750000 0.500000
vt 0.750000 1.000000
vt 1.000000 1.000000
vt 1.000000 0.500000
vt 0.750000 0.000000
vt 0.750000 0.500000
vt 1.000000 0.500000
vt 1.000000 0.000000
vt 0.750000 0.500000
vt 0.750000 1.000000
vt 1.000000 1.000000
vt 1.000000 0.500000
vt 0.000000 0.000000
vt 0.000000 0.500000
vt 0.250000 0.500000
vt 0.250000 0.000000
vt 0.000000 0.500000
vt 0.000000 1.000000
vt 0.250000 1.000000
vt 0.250000 0.500000
vt 0.000000 0.000000
vt 0.000000 0.500000
vt 0.250000 0.500000
vt 0.250000 0.000000
vt 0.000000 0.500000
vt 0.000000 1.000000
vt 0.250000 1.000000
vt 0.250000 0.500000
vt 0.250000 0.000000
vt 0.250000 0.500000
vt 0.500000 0.500000
vt 0.500000 0.000000
vt 0.250000 0.500000
vt 0.250000 1.000000
vt 0.500000 1.000000
vt 0.500000 0.500000
vt 0.250000 0.000000
vt 0.250000 0.500000
vt 0.500000 0.500000
vt 0.500000 0.000000
vt 0.250000 0.500000
vt 0.250000 1.000000
vt 0.500000 1.000000
vt 0.500000 0.500000
vt 0.500000 0.000000
vt 0.500000 0.500000
vt 0.750000 0.500000
vt 0.750000 0.000000
vt 0.500000 0.500000
vt 0.500000 1.000000
vt 0.750000 1.000000
vt 0.750000 0.500000
vt 0.500000 0.000000
vt 0.500000 0.500000
vt 0.750000 0.500000
vt 0.750000 0.000000
vt 0.500000 0.500000
vt 0.500000 1.000000
vt 0.750000 1.000000
vt 0.750000 0.500000
vt 0.750000 0.000000
vt 0.750000 0.500000
vt 1.000000 0.500000
vt 1.000000 0.000000
vt 0.750000 0.500000
vt 0.750000 1.000000
vt 1.000000 1.000000
vt 1.000000 0.500000
vt 0.750000 0.000000
vt 0.750000 0.500000
vt 1.000000 0.500000
vt 1.000000 0.000000
vt 0.750000 0.500000
vt 0.750000 1.000000
vt 1.000000 1.000000
vt 1.000000 0.500000
vt 0.000000 0.000000
vt 0.000000 0.500000
vt 0.250000 0.500000
vt 0.250000 0.000000
vt 0.000000 0.500000
vt 0.000000 1.000000
vt 0.250000 1.000000
vt 0.250000 0.500000
vt 0.000000 0.000000
vt 0.000000 0.500000
vt 0.250000 0.500000
vt 0.250000 0.000000
vt 0.000000 0.500000
vt 0.000000 1.000000
vt 0.250000 1.000000
vt 0.250000 0.500000
vt 0.250000 0.000000
vt 0.250000 0.500000
vt 0.500000 0.500000
vt 0.500000 0.000000
vt 0.250000 0.500000
vt 0.250000 1.000000
vt 0.500000 1.000000
vt 0.500000 0.500000
vt 0.250000 0.000000
vt 0.250000 0.500000
vt 0.500000 0.500000
vt 0.500000 0.000000
vt 0.250000 0.500000
vt 0.250000 1.000000
vt 0.500000 1.000000
vt 0.500000 0.500000
vt 0.500000 0.000000
vt 0.500000 0.500000
vt 0.750000 0.500000
vt 0.750000 0.000000
vt 0.500000 0.500000
vt 0.500000 1.000000
vt 0.750000 1.000000
vt 0.750000 0.500000
vt 0.500000 0.000000
vt 0.500000 0.500000
vt 0.750000 0.500000
vt 0.750000 0.000000
vt 0.500000 0.500000
vt 0.500000 1.000000
vt 0.750000 1.000000
vt 0.750000 0.500000
vt 0.750000 0.000000
vt 0.750000 0.500000
vt 1.000000 0.500000
vt 1.000000 0.000000
vt 0.750000 0.500000
vt 0.750000 1.000000
vt 1.000000 1.000000
vt 1.000000 0.500000
vt 0.750000 0.000000
vt 0.750000 0.500000
vt 1.000000 0.500000
vt 1.000000 0.000000
vt 0.750000 0.500000
vt 0.750000 1.000000
vt 1.000000 1.000000
vt 1.000000 0.500000
vt 0.000000 0.000000
vt 0.000000 0.500000
vt 0.250000 0.500000
vt 0.250000 0.000000
vt 0.000000 0.500000
vt 0.000000 1.000000
vt 0.250000 1.000000
vt 0.250000 0.500000
vt 0.000000 0.000000
vt 0.000000 0.500000
vt 0.250000 0.500000
vt 0.250000 0.000000
vt 0.000000 0.500000
vt 0.000000 1.000000
vt 0.250000 1.000000
vt 0.250000 0.500000
vt 0.250000 0.000000
vt 0.250000 0.500000
vt 0.500000 0.500000
vt 0.500000 0.000000
vt 0.250000 0.500000
vt 0.250000 1.000000
vt 0.500000 1.000000
vt 0.500000 0.500000
vt 0.250000 0.000000
vt 0.250000 0.500000
vt 0.500000 0.500000
vt 0.500000 0.000000
vt 0.250000 0.500000
vt 0.250000 1.000000
vt 0.500000 1.000000
vt 0.500000 0.500000
vt 0.500000 0.000000
vt 0.500000 0.500000
vt 0.750000 0.500000
vt 0.750000 0.000000
vt 0.500000 0.500000
vt 0.500000 1.000000
vt 0.750000 1.000000
vt 0.750000 0.500000
vt 0.500000 0.000000
vt 0.500000 0.500000
vt 0.750000 0.500000
vt 0.750000 0.000000
vt 0.500000 0.500000
vt 0.500000 1.000000
vt 0.750000 1.000000
vt 0.750000 0.500000
vt 0.750000 0.000000
vt 0.750000 0.500000
vt 1.000000 0.500000
vt 1.000000 0.000000
vt 0.750000 0.500000
vt 0.750000 1.000000
vt 1.000000 1.000000
vt 1.000000 0.500000
vt 0.750000 0.000000
vt 0.750000 0.500000
vt 1.000000 0.500000
vt 1.000000 0.000000
vt 0.750000 0.500000
vt 0.750000 1.000000
vt 1.000000 1.000000
vt 1.000000 0.500000
vt -0.005845 2.680000
vt -0.020729 2.664678
vt -0.173706 2.791115
vt -0.160311 2.804904
vt -0.020729 -0.004565
vt -0.029917 -0.024555
vt -0.181976 0.046553
vt -0.173706 0.064544
vt -0.029917 2.664678
vt -0.024222 2.680000
vt -0.176850 2.804904
vt -0.181976 2.791115
vt -0.024222 2.680000
vt -0.009338 2.695322
vt -0.163455 2.818694
vt -0.176850 2.804904
vt -0.009338 -0.034014
vt -0.000150 -0.014025
vt -0.155185 0.056030
vt -0.163455 0.038040
vt -0.000150 2.695322
vt -0.005845 2.680000
vt -0.160311 2.804904
vt -0.155185 2.818694
vt -0.160311 2.804904
vt -0.167945 2.788195
vt -0.345867 2.835175
vt -0.339081 2.850027
vt -0.167945 0.061896
vt -0.176215 0.043905
vt -0.353218 0.126479
vt -0.345867 0.142471
vt -0.176215 2.788195
vt -0.176850 2.804904
vt -0.353782 2.850027
vt -0.353218 2.835175
vt -0.176850 2.804904
vt -0.169216 2.821614
vt -0.346996 2.864880
vt -0.353782 2.850027
vt -0.169216 0.040688
vt -0.160946 0.058678
vt -0.339645 0.139611
vt -0.346996 0.123619
vt -0.160946 2.821614
vt -0.160311 2.804904
vt -0.339081 2.850027
vt -0.339645 2.864880
vt -0.339081 2.850027
vt -0.340624 2.834967
vt -0.543505 2.802190
vt -0.542154 2.815368
vt -0.340624 0.140061
vt -0.347975 0.124069
vt -0.549937 0.218116
vt -0.543505 0.232109
vt -0.347975 2.834967
vt -0.353782 2.850027
vt -0.555018 2.815368
vt -0.549937 2.802190
vt -0.353782 2.850027
vt -0.352238 2.865088
vt -0.553667 2.828546
vt -0.555018 2.815368
vt -0.352238 0.126029
vt -0.344888 0.142020
vt -0.547235 0.233823
vt -0.553667 0.219831
vt -0.344888 2.865088
vt -0.339081 2.850027
vt -0.542154 2.815368
vt -0.547235 2.828546
vt -0.542154 2.815368
vt -0.540313 2.803248
vt -0.767953 2.690539
vt -0.769531 2.700928
vt -0.540313 0.230642
vt -0.546745 0.216649
vt -0.773467 0.322077
vt -0.767953 0.334071
vt -0.546745 2.803248
vt -0.555018 2.815368
vt -0.780557 2.700928
vt -0.773467 2.690539
vt -0.555018 2.815368
vt -0.556858 2.827488
vt -0.782135 2.711316
vt -0.780557 2.700928
vt -0.556858 0.221298
vt -0.550426 0.235290
vt -0.776622 0.338056
vt -0.782135 0.326062
vt -0.550426 2.827488
vt -0.542154 2.815368
vt -0.769531 2.700928
vt -0.776622 2.711316
vt -0.769531 2.700928
vt -0.766310 2.691579
vt -1.018528 2.498915
vt -1.021212 2.506705
vt -0.766310 0.333315
vt -0.771823 0.321322
vt -1.023122 0.438048
vt -1.018528 0.448042
vt -0.771823 2.691579
vt -0.780557 2.700928
vt -1.030400 2.506705
vt -1.023122 2.498915
vt -0.780557 2.700928
vt -0.783778 2.710276
vt -1.033085 2.514496
vt -1.030400 2.506705
vt -0.783778 0.326817
vt -0.778265 0.338811
vt -1.028490 0.452622
vt -1.033085 0.442627
vt -0.778265 2.710276
vt -0.769531 2.700928
vt -1.021212 2.506705
vt -1.028490 2.514496
vt 0.455330 2.506705
vt 0.447662 2.499642
vt 0.573637 2.227051
vt 0.579771 2.232701
vt -1.017701 0.447662
vt -1.022295 0.437668
vt -1.298063 0.565641
vt -1.294387 0.573637
vt -1.022295 2.499642
vt -1.030400 2.506705
vt -1.304547 2.232701
vt -1.298063 2.227051
vt 0.435340 2.506705
vt 0.443008 2.513768
vt 0.569913 2.238351
vt 0.563779 2.232701
vt -1.033912 0.443008
vt -1.029317 0.453002
vt -1.303681 0.577909
vt -1.307356 0.569913
vt -1.029317 2.513768
vt -1.021212 2.506705
vt -1.297196 2.232701
vt -1.303681 2.238351
vt 0.579771 2.232701
vt 0.573444 2.227507
vt 0.710638 1.875019
vt 0.715384 1.878915
vt -1.293967 0.573444
vt -1.297642 0.565448
vt -1.597819 0.704642
vt -1.595062 0.710638
vt -1.297642 2.227507
vt -1.304547 2.232701
vt -1.602998 1.878915
vt -1.597819 1.875019
vt 0.563779 2.232701
vt 0.570107 2.237895
vt 0.708136 1.882810
vt 0.703390 1.878915
vt -1.307777 0.570107
vt -1.304101 0.578102
vt -1.602663 0.714132
vt -1.605420 0.708136
vt -1.304101 2.237895
vt -1.297196 2.232701
vt -1.597484 1.878915
vt -1.602663 1.882810
vt 0.000000 0.000000
vt 0.000000 0.500000
vt 0.250000 0.500000
vt 0.250000 0.000000
vt 0.000000 0.500000
vt 0.000000 1.000000
vt 0.250000 1.000000
vt 0.250000 0.500000
vt 0.000000 0.000000
vt 0.000000 0.500000
vt 0.250000 0.500000
vt 0.250000 0.000000
vt 0.000000 0.500000
vt 0.000000 1.000000
vt 0.250000 1.000000
vt 0.250000 0.500000
vt 0.250000 0.000000
vt 0.250000 0.500000
vt 0.500000 0.500000
vt 0.500000 0.000000
vt 0.250000 0.500000
vt 0.250000 1.000000
vt 0.500000 1.000000
vt 0.500000 0.500000
vt 0.250000 0.000000
vt 0.250000 0.500000
vt 0.500000 0.500000
vt 0.500000 0.000000
vt 0.250000 0.500000
vt 0.250000 1.000000
vt 0.500000 1.000000
vt 0.500000 0.500000
vt 0.500000 0.000000
vt 0.500000 0.500000
vt 0.750000 0.500000
vt 0.750000 0.000000
vt 0.500000 0.500000
vt 0.500000 1.000000
vt 0.750000 1.000000
vt 0.750000 0.500000
vt 0.500000 0.000000
vt 0.500000 0.500000
vt 0.750000 0.500000
vt 0.750000 0.000000
vt 0.500000 0.500000
vt 0.500000 1.000000
vt 0.750000 1.000000
vt 0.750000 0.500000
vt 0.750000 0.000000
vt 0.750000 0.500000
vt 1.000000 0.500000
vt 1.000000 0.000000
vt 0.750000 0.500000
vt 0.750000 1.000000
vt 1.000000 1.000000
vt 1.000000 0.500000
vt 0.750000 0.000000
vt 0.750000 0.500000
vt 1.000000 0.500000
vt 1.000000 0.000000
vt 0.750000 0.500000
vt 0.750000 1.000000
vt 1.000000 1.000000
vt 1.000000 0.500000
vt 0.000000 0.000000
vt 0.000000 0.500000
vt 0.250000 0.500000
vt 0.250000 0.000000
vt 0.000000 0.500000
vt 0.000000 1.000000
vt 0.250000 1.000000
vt 0.250000 0.500000
vt 0.000000 0.000000
vt 0.000000 0.500000
vt 0.250000 0.500000
vt 0.250000 0.000000
vt 0.000000 0.500000
vt 0.000000 1.000000
vt 0.250000 1.000000
vt 0.250000 0.500000
vt 0.250000 0.000000
vt 0.250000 0.500000
vt 0.500000 0.500000
vt 0.500000 0.000000
vt 0.250000 0.500000
vt 0.250000 1.000000
vt 0.500000 1.000000
vt 0.500000 0.500000
vt 0.250000 0.000000
vt 0.250000 0.500000
vt 0.500000 0.500000
vt 0.500000 0.000000
vt 0.250000 0.500000
vt 0.250000 1.000000
vt 0.500000 1.000000
vt 0.500000 0.500000
vt 0.500000 0.000000
vt 0.500000 0.500000
vt 0.750000 0.500000
vt 0.750000 0.000000
vt 0.500000 0.500000
vt 0.500000 1.000000
vt 0.750000 1.000000
vt 0.750000 0.500000
vt 0.500000 0.000000
vt 0.500000 0.500000
vt 0.750000 0.500000
vt 0.750000 0.000000
vt 0.500000 0.500000
vt 0.500000 1.000000
vt 0.750000 1.000000
vt 0.750000 0.500000
vt 0.750000 0.000000
vt 0.750000 0.500000
vt 1.000000 0.500000
vt 1.000000 0.000000
vt 0.750000 0.500000
vt 0.750000 1.000000
vt 1.000000 1.000000
vt 1.000000 0.500000
vt 0.750000 0.000000
vt 0.750000 0.500000
vt 1.000000 0.500000
vt 1.000000 0.000000
vt 0.750000 0.500000
vt 0.750000 1.000000
vt 1.000000 1.000000
vt 1.000000 0.500000
vt 0.000000 0.000000
vt 0.000000 0.500000
vt 0.250000 0.500000
vt 0.250000 0.000000
vt 0.000000 0.500000
vt 0.000000 1.000000
vt 0.250000 1.000000
vt 0.250000 0.500000
vt 0.000000 0.000000
vt 0.000000 0.500000
vt 0.250000 0.500000
vt 0.250000 0.000000
vt 0.000000 0.500000
vt 0.000000 1.000000
vt 0.250000 1.000000
vt 0.250000 0.500000
vt 0.250000 0.000000
vt 0.250000 0.500000
vt 0.500000 0.500000
vt 0.500000 0.000000
vt 0.250000 0.500000
vt 0.250000 1.000000
vt 0.500000 1.000000
vt 0.500000 0.500000
vt 0.250000 0.000000
vt 0.250000 0.500000
vt 0.500000 0.500000
vt 0.500000 0.000000
vt 0.250000 0.500000
vt 0.250000 1.000000
vt 0.500000 1.000000
vt 0.500000 0.500000
vt 0.500000 0.000000
vt 0.500000 0.500000
vt 0.750000 0.500000
vt 0.750000 0.000000
vt 0.500000 0.500000
vt 0.500000 1.000000
vt 0.750000 1.000000
vt 0.750000 0.500000
vt 0.500000 0.000000
vt 0.500000 0.500000
vt 0.750000 0.500000
vt 0.750000 0.000000
vt 0.500000 0.500000
vt 0.500000 1.000000
vt 0.750000 1.000000
vt 0.750000 0.500000
vt 0.750000 0.000000
vt 0.750000 0.500000
vt 1.000000 0.500000
vt 1.000000 0.000000
vt 0.750000 0.500000
vt 0.750000 1.000000
vt 1.000000 1.000000
vt 1.000000 0.500000
vt 0.750000 0.000000
vt 0.750000 0.500000
vt 1.000000 0.500000
vt 1.000000 0.000000
vt 0.750000 0.500000
vt 0.750000 1.000000
vt 1.000000 1.000000
vt 1.000000 0.500000
vt 0.000000 0.000000
vt 0.000000 0.500000
vt 0.250000 0.500000
vt 0.250000 0.000000
vt 0.000000 0.500000
vt 0.000000 1.000000
vt 0.250000 1.000000
vt 0.250000 0.500000
vt 0.000000 0.000000
vt 0.000000 0.500000
vt 0.250000 0.500000
vt 0.250000 0.000000
vt 0.000000 0.500000
vt 0.000000 1.000000
vt 0.250000 1.000000
vt 0.250000 0.500000
vt 0.250000 0.000000
vt 0.250000 0.500000
vt 0.500000 0.500000
vt 0.500000 0.000000
vt 0.250000 0.500000
vt 0.250000 1.000000
vt 0.500000 1.000000
vt 0.500000 0.500000
vt 0.250000 0.000000
vt 0.250000 0.500000
vt 0.500000 0.500000
vt 0.500000 0.000000
vt 0.250000 0.500000
vt 0.250000 1.000000
vt 0.500000 1.000000
vt 0.500000 0.500000
vt 0.500000 0.000000
vt 0.500000 0.500000
vt 0.750000 0.500000
vt 0.750000 0.000000
vt 0.500000 0.500000
vt 0.500000 1.000000
vt 0.750000 1.000000
vt 0.750000 0.500000
vt 0.500000 0.000000
vt 0.500000 0.500000
vt 0.750000 0.500000
vt 0.750000 0.000000
vt 0.500000 0.500000
vt 0.500000 1.000000
vt 0.750000 1.000000
vt 0.750000 0.500000
vt 0.750000 0.000000
vt 0.750000 0.500000
vt 1.000000 0.500000
vt 1.000000 0.000000
vt 0.750000 0.500000
vt 0.750000 1.000000
vt 1.000000 1.000000
vt 1.000000 0.500000
vt 0.750000 0.000000
vt 0.750000 0.500000
vt 1.000000 0.500000
vt 1.000000 0.000000
vt 0.750000 0.500000
vt 0.750000 1.000000
vt 1.000000 1.000000
vt 1.000000 0.500000
vt 0.000000 0.000000
vt 0.000000 0.500000
vt 0.250000 0.500000
vt 0.250000 0.000000
vt 0.000000 0.500000
vt 0.000000 1.000000
vt 0.250000 1.000000
vt 0.250000 0.500000
vt 0.000000 0.000000
vt 0.000000 0.500000
vt 0.250000 0.500000
vt 0.250000 0.000000
vt 0.000000 0.500000
vt 0.000000 1.000000
vt 0.250000 1.000000
vt 0.250000 0.500000
vt 0.250000 0.000000
vt 0.250000 0.500000
vt 0.500000 0.500000
vt 0.500000 0.000000
vt 0.250000 0.500000
vt 0.250000 1.000000
vt 0.500000 1.000000
vt 0.500000 0.500000
vt 0.250000 0.000000
vt 0.250000 0.500000
vt 0.500000 0.500000
vt 0.500000 0.000000
vt 0.250000 0.500000
vt 0.250000 1.000000
vt 0.500000 1.000000
vt 0.500000 0.500000
vt 0.500000 0.000000
vt 0.500000 0.500000
vt 0.750000 0.500000
vt 0.750000 0.000000
vt 0.500000 0.500000
vt 0.500000 1.000000
vt 0.750000 1.000000
vt 0.750000 0.500000
vt 0.500000 0.000000
vt 0.500000 0.500000
vt 0.750000 0.500000
vt 0.750000 0.000000
vt 0.500000 0.500000
vt 0.500000 1.000000
vt 0.750000 1.000000
vt 0.750000 0.500000
vt 0.750000 0.000000
vt 0.750000 0.500000
vt 1.000000 0.500000
vt 1.000000 0.000000
vt 0.750000 0.500000
vt 0.750000 1.000000
vt 1.000000 1.000000
vt 1.000000 0.500000
vt 0.750000 0.000000
vt 0.750000 0.500000
vt 1.000000 0.500000
vt 1.000000 0.000000
vt 0.750000 0.500000
vt 0.750000 1.000000
vt 1.000000 1.000000
vt 1.000000 0.500000
vt 0.000000 0.000000
vt 0.000000 0.500000
vt 0.250000 0.500000
vt 0.250000 0.000000
vt 0.000000 0.500000
vt 0.000000 1.000000
vt 0.250000 1.000000
vt 0.250000 0.500000
vt 0.000000 0.000000
vt 0.000000 0.500000
vt 0.250000 0.500000
vt 0.250000 0.000000
vt 0.000000 0.500000
vt 0.000000 1.000000
vt 0.250000 1.000000
vt 0.250000 0.500000
vt 0.250000 0.000000
vt 0.250000 0.500000
vt 0.500000 0.500000
vt 0.500000 0.000000
vt 0.250000 0.500000
vt 0.250000 1.000000
vt 0.500000 1.000000
vt 0.500000 0.500000
vt 0.250000 0.000000
vt 0.250000 0.500000
vt 0.500000 0.500000
vt 0.500000 0.000000
vt 0.250000 0.500000
vt 0.250000 1.000000
vt 0.500000 1.000000
vt 0.500000 0.500000
vt 0.500000 0.000000
vt 0.500000 0.500000
vt 0.750000 0.500000
vt 0.750000 0.000000
vt 0.500000 0.500000
vt 0.500000 1.000000
vt 0.750000 1.000000
vt 0.750000 0.500000
vt 0.500000 0.000000
vt 0.500000 0.500000
vt 0.750000 0.500000
vt 0.750000 0.000000
vt 0.500000 0.500000
vt 0.500000 1.000000
vt 0.750000 1.000000
vt 0.750000 0.500000
vt 0.750000 0.000000
vt 0.750000 0.500000
vt 1.000000 0.500000
vt 1.000000 0.000000
vt 0.750000 0.500000
vt 0.750000 1.000000
vt 1.000000 1.000000
vt 1.000000 0.500000
vt 0.750000 0.000000
vt 0.750000 0.500000
vt 1.000000 0.500000
vt 1.000000 0.000000
vt 0.750000 0.500000
vt 0.750000 1.000000
vt 1.000000 1.000000
vt 1.000000 0.500000
vt -0.015033 2.680178
vt -0.033395 2.675005
vt -0.143190 3.078673
vt -0.126664 3.083328
vt -0.008249 2.675005
vt -0.030248 2.674827
vt -0.032413 3.078513
vt -0.012613 3.078673
vt -0.033395 2.674827
vt -0.015033 2.679822
vt -0.126664 3.083008
vt -0.143190 3.078513
vt -0.015033 2.679822
vt 0.003328 2.684995
vt -0.110138 3.087663
vt -0.126664 3.083008
vt -0.030331 2.684995
vt -0.008331 2.685173
vt -0.012687 3.087823
vt -0.032486 3.087663
vt 0.003328 2.685173
vt -0.015033 2.680178
vt -0.126664 3.083328
vt -0.110138 3.087823
vt -0.126664 3.083392
vt -0.142649 3.077076
vt -0.268722 3.407119
vt -0.254513 3.412733
vt -0.012580 3.077076
vt -0.032379 3.076852
vt -0.035020 3.406919
vt -0.017422 3.407119
vt -0.142649 3.076852
vt -0.126664 3.082943
vt -0.254513 3.412334
vt -0.268722 3.406919
vt -0.126664 3.082943
vt -0.110679 3.089260
vt -0.240304 3.417949
vt -0.254513 3.412334
vt -0.032520 3.089260
vt -0.012721 3.089484
vt -0.017547 3.418148
vt -0.035145 3.417949
vt -0.110679 3.089484
vt -0.126664 3.083392
vt -0.254513 3.412733
vt -0.240304 3.418148
vt -0.255027 3.412534
vt -0.268041 3.405046
vt -0.410417 3.661546
vt -0.399030 3.668098
vt -0.017875 3.405046
vt -0.035467 3.405046
vt -0.038527 3.661546
vt -0.023133 3.661546
vt -0.267527 3.405046
vt -0.253999 3.412534
vt -0.398131 3.668098
vt -0.409968 3.661546
vt -0.253999 3.412534
vt -0.240986 3.420021
vt -0.386744 3.674649
vt -0.398131 3.668098
vt -0.034692 3.420021
vt -0.017100 3.420021
vt -0.022455 3.674649
vt -0.037848 3.674649
vt -0.241499 3.420021
vt -0.255027 3.412534
vt -0.399030 3.668098
vt -0.387194 3.674649
vt -0.399030 3.668098
vt -0.408802 3.659274
vt -0.567628 3.842296
vt -0.559252 3.849859
vt -0.023086 3.659274
vt -0.038479 3.659274
vt -0.042019 3.842296
vt -0.028825 3.842296
vt -0.408353 3.659274
vt -0.398131 3.668098
vt -0.558481 3.849859
vt -0.567243 3.842296
vt -0.398131 3.668098
vt -0.388359 3.676921
vt -0.550105 3.857422
vt -0.558481 3.849859
vt -0.037895 3.676921
vt -0.022502 3.676921
vt -0.028324 3.857422
vt -0.041519 3.857422
vt -0.388809 3.676921
vt -0.399030 3.668098
vt -0.559252 3.849859
vt -0.550491 3.857422
vt -0.559252 3.849859
vt -0.565020 3.840106
vt -0.740498 3.949691
vt -0.735692 3.957819
vt -0.565020 -0.028748
vt -0.564634 -0.041943
vt -0.740177 -0.045969
vt -0.740498 -0.034974
vt -0.564634 3.840106
vt -0.558481 3.849859
vt -0.735050 3.957819
vt -0.740177 3.949691
vt -0.558481 3.849859
vt -0.552713 3.859612
vt -0.730243 3.965946
vt -0.735050 3.957819
vt -0.552713 -0.041595
vt -0.553099 -0.028400
vt -0.730564 -0.034683
vt -0.730243 -0.045679
vt -0.553099 3.859612
vt -0.559252 3.849859
vt -0.735692 3.957819
vt -0.730564 3.965946
vt -0.735692 3.957819
vt -0.737193 3.948439
vt -0.929551 3.984472
vt -0.928350 3.991976
vt -0.737193 -0.034877
vt -0.736871 -0.045872
vt -0.929294 -0.050391
vt -0.929551 -0.041595
vt -0.736871 3.948439
vt -0.735050 3.957819
vt -0.927837 3.991976
vt -0.929294 3.984472
vt -0.735050 3.957819
vt -0.733549 3.967199
vt -0.926636 3.999480
vt -0.927837 3.991976
vt -0.733549 -0.045775
vt -0.733870 -0.034780
vt -0.926893 -0.041517
vt -0.926636 -0.050314
vt -0.733870 3.967199
vt -0.735692 3.957819
vt -0.928350 3.991976
vt -0.926893 3.999480
vt -0.928350 3.991976
vt -0.926803 3.984489
vt -1.136066 3.946716
vt -1.137227 3.952332
vt -0.926803 -0.041515
vt -0.926546 -0.050311
vt -1.135874 -0.055324
vt -1.136066 -0.048726
vt -0.926546 3.984489
vt -0.927837 3.991976
vt -1.136842 3.952332
vt -1.135874 3.946716
vt -0.927837 3.991976
vt -0.929385 3.999464
vt -1.138003 3.957947
vt -1.136842 3.952332
vt -0.929385 -0.050394
vt -0.929642 -0.041598
vt -1.138196 -0.048789
vt -1.138003 -0.055386
vt -0.929642 3.999464
vt -0.928350 3.991976
vt -1.137227 3.952332
vt -1.138196 3.957947
vt 0.000000 0.000000
vt 0.000000 0.500000
vt 0.250000 0.500000
vt 0.250000 0.000000
vt 0.000000 0.500000
vt 0.000000 1.000000
vt 0.250000 1.000000
vt 0.250000 0.500000
vt 0.000000 0.000000
vt 0.000000 0.500000
vt 0.250000 0.500000
vt 0.250000 0.000000
vt 0.000000 0.500000
vt 0.000000 1.000000
vt 0.250000 1.000000
vt 0.250000 0.500000
vt 0.250000 0.000000
vt 0.250000 0.500000
vt 0.500000 0.500000
vt 0.500000 0.000000
vt 0.250000 0.500000
vt 0.250000 1.000000
vt 0.500000 1.000000
vt 0.500000 0.500000
vt 0.250000 0.000000
vt 0.250000 0.500000
vt 0.500000 0.500000
vt 0.500000 0.000000
vt 0.250000 0.500000
vt 0.250000 1.000000
vt 0.500000 1.000000
vt 0.500000 0.500000
vt 0.500000 0.000000
vt 0.500000 0.500000
vt 0.750000 0.500000
vt 0.750000 0.000000
vt 0.500000 0.500000
vt 0.500000 1.000000
vt 0.750000 1.000000
vt 0.750000 0.500000
vt 0.500000 0.000000
vt 0.500000 0.500000
vt 0.750000 0.500000
vt 0.750000 0.000000
vt 0.500000 0.500000
vt 0.500000 1.000000
vt 0.750000 1.000000
vt 0.750000 0.500000
vt 0.750000 0.000000
vt 0.750000 0.500000
vt 1.000000 0.500000
vt 1.000000 0.000000
vt 0.750000 0.500000
vt 0.750000 1.000000
vt 1.000000 1.000000
vt 1.000000 0.500000
vt 0.750000 0.000000
vt 0.750000 0.500000
vt 1.000000 0.500000
vt 1.000000 0.000000
vt 0.750000 0.500000
vt 0.750000 1.000000
vt 1.000000 1.000000
vt 1.000000 0.500000
vt 0.000000 0.000000
vt 0.000000 0.500000
vt 0.250000 0.500000
vt 0.250000 0.000000
vt 0.000000 0.500000
vt 0.000000 1.000000
vt 0.250000 1.000000
vt 0.250000 0.500000
vt 0.000000 0.000000
vt 0.000000 0.500000
vt 0.250000 0.500000
vt 0.250000 0.000000
vt 0.000000 0.500000
vt 0.000000 1.000000
vt 0.250000 1.000000
vt 0.250000 0.500000
vt 0.250000 0.000000
vt 0.250000 0.500000
vt 0.500000 0.500000
vt 0.500000 0.000000
vt 0.250000 0.500000
vt 0.250000 1.000000
vt 0.500000 1.000000
vt 0.500000 0.500000
vt 0.250000 0.000000
vt 0.250000 0.500000
vt 0.500000 0.500000
vt 0.500000 0.000000
vt 0.250000 0.500000
vt 0.250000 1.000000
vt 0.500000 1.000000
vt 0.500000 0.500000
vt 0.500000 0.000000
vt 0.500000 0.500000
vt 0.750000 0.500000
vt 0.750000 0.000000
vt 0.500000 0.500000
vt 0.500000 1.000000
vt 0.750000 1.000000
vt 0.750000 0.500000
vt 0.500000 0.000000
vt 0.500000 0.500000
vt 0.750000 0.500000
vt 0.750000 0.000000
vt 0.500000 0.500000
vt 0.500000 1.000000
vt 0.750000 1.000000
vt 0.750000 0.500000
vt 0.750000 0.000000
vt 0.750000 0.500000
vt 1.000000 0.500000
vt 1.000000 0.000000
vt 0.750000 0.500000
vt 0.750000 1.000000
vt 1.000000 1.000000
vt 1.000000 0.500000
vt 0.750000 0.000000
vt 0.750000 0.500000
vt 1.000000 0.500000
vt 1.000000 0.000000
vt 0.750000 0.500000
vt 0.750000 1.000000
vt 1.000000 1.000000
vt 1.000000 0.500000
vt 0.000000 0.000000
vt 0.000000 0.500000
vt 0.250000 0.500000
vt 0.250000 0.000000
vt 0.000000 0.500000
vt 0.000000 1.000000
vt 0.250000 1.000000
vt 0.250000 0.500000
vt 0.000000 0.000000
vt 0.000000 0.500000
vt 0.250000 0.500000
vt 0.250000 0.000000
vt 0.000000 0.500000
vt 0.000000 1.000000
vt 0.250000 1.000000
vt 0.250000 0.500000
vt 0.250000 0.000000
vt 0.250000 0.500000
vt 0.500000 0.500000
vt 0.500000 0.000000
vt 0.250000 0.500000
vt 0.250000 1.000000
vt 0.500000 1.000000
vt 0.500000 0.500000
vt 0.250000 0.000000
vt 0.250000 0.500000
vt 0.500000 0.500000
vt 0.500000 0.000000
vt 0.250000 0.500000
vt 0.250000 1.000000
vt 0.500000 1.000000
vt 0.500000 0.500000
vt 0.500000 0.000000
vt 0.500000 0.500000
vt 0.750000 0.500000
vt 0.750000 0.000000
vt 0.500000 0.500000
vt 0.500000 1.000000
vt 0.750000 1.000000
vt 0.750000 0.500000
vt 0.500000 0.000000
vt 0.500000 0.500000
vt 0.750000 0.500000
vt 0.750000 0.000000
vt 0.500000 0.500000
vt 0.500000 1.000000
vt 0.750000 1.000000
vt 0.750000 0.500000
vt 0.750000 0.000000
vt 0.750000 0.500000
vt 1.000000 0.500000
vt 1.000000 0.000000
vt 0.750000 0.500000
vt 0.750000 1.000000
vt 1.000000 1.000000
vt 1.000000 0.500000
vt 0.750000 0.000000
vt 0.750000 0.500000
vt 1.000000 0.500000
vt 1.000000 0.000000
vt 0.750000 0.500000
vt 0.750000 1.000000
vt 1.000000 1.000000
vt 1.000000 0.500000
vt 0.000000 0.000000
vt 0.000000 0.500000
vt 0.250000 0.500000
vt 0.250000 0.000000
vt 0.000000 0.500000
vt 0.000000 1.000000
vt 0.250000 1.000000
vt 0.250000 0.500000
vt 0.000000 0.000000
vt 0.000000 0.500000
vt 0.250000 0.500000
vt 0.250000 0.000000
vt 0.000000 0.500000
vt 0.000000 1.000000
vt 0.250000 1.000000
vt 0.250000 0.500000
vt 0.250000 0.000000
vt 0.250000 0.500000
vt 0.500000 0.500000
vt 0.500000 0.000000
vt 0.250000 0.500000
vt 0.250000 1.000000
vt 0.500000 1.000000
vt 0.500000 0.500000
vt 0.250000 0.000000
vt 0.250000 0.500000
vt 0.500000 0.500000
vt 0.500000 0.000000
vt 0.250000 0.500000
vt 0.250000 1.000000
vt 0.500000 1.000000
vt 0.500000 0.500000
vt 0.500000 0.000000
vt 0.500000 0.500000
vt 0.750000 0.500000
vt 0.750000 0.000000
vt 0.500000 0.500000
vt 0.500000 1.000000
vt 0.750000 1.000000
vt 0.750000 0.500000
vt 0.500000 0.000000
vt 0.500000 0.500000
vt 0.750000 0.500000
vt 0.750000 0.000000
vt 0.500000 0.500000
vt 0.500000 1.000000
vt 0.750000 1.000000
vt 0.750000 0.500000
vt 0.750000 0.000000
vt 0.750000 0.500000
vt 1.000000 0.500000
vt 1.000000 0.000000
vt 0.750000 0.500000
vt 0.750000 1.000000
vt 1.000000 1.000000
vt 1.000000 0.500000
vt 0.750000 0.000000
vt 0.750000 0.500000
vt 1.000000 0.500000
vt 1.000000 0.000000
vt 0.750000 0.500000
vt 0.750000 1.000000
vt 1.000000 1.000000
vt 1.000000 0.500000
vt 0.000000 0.000000
vt 0.000000 0.500000
vt 0.250000 0.500000
vt 0.250000 0.000000
vt 0.000000 0.500000
vt 0.000000 1.000000
vt 0.250000 1.000000
vt 0.250000 0.500000
vt 0.000000 0.000000
vt 0.000000 0.500000
vt 0.250000 0.500000
vt 0.250000 0.000000
vt 0.000000 0.500000
vt 0.000000 1.000000
vt 0.250000 1.000000
vt 0.250000 0.500000
vt 0.250000 0.000000
vt 0.250000 0.500000
vt 0.500000 0.500000
vt 0.500000 0.000000
vt 0.250000 0.500000
vt 0.250000 1.000000
vt 0.500000 1.000000
vt 0.500000 0.500000
vt 0.250000 0.000000
vt 0.250000 0.500000
vt 0.500000 0.500000
vt 0.500000 0.000000
vt 0.250000 0.500000
vt 0.250000 1.000000
vt 0.500000 1.000000
vt 0.500000 0.500000
vt 0.500000 0.000000
vt 0.500000 0.500000
vt 0.750000 0.500000
vt 0.750000 0.000000
vt 0.500000 0.500000
vt 0.500000 1.000000
vt 0.750000 1.000000
vt 0.750000 0.500000
vt 0.500000 0.000000
vt 0.500000 0.500000
vt 0.750000 0.500000
vt 0.750000 0.000000
vt 0.500000 0.500000
vt 0.500000 1.000000
vt 0.750000 1.000000
vt 0.750000 0.500000
vt 0.750000 0.000000
vt 0.750000 0.500000
vt 1.000000 0.500000
vt 1.000000 0.000000
vt 0.750000 0.500000
vt 0.750000 1.000000
vt 1.000000 1.000000
vt 1.000000 0.500000
vt 0.750000 0.000000
vt 0.750000 0.500000
vt 1.000000 0.500000
vt 1.000000 0.000000
vt 0.750000 0.500000
vt 0.750000 1.000000
vt 1.000000 1.000000
vt 1.000000 0.500000
vt 0.000000 0.000000
vt 0.000000 0.500000
vt 0.250000 0.500000
vt 0.250000 0.000000
vt 0.000000 0.500000
vt 0.000000 1.000000
vt 0.250000 1.000000
vt 0.250000 0.500000
vt 0.000000 0.000000
vt 0.000000 0.500000
vt 0.250000 0.500000
vt 0.250000 0.000000
vt 0.000000 0.500000
vt 0.000000 1.000000
vt 0.250000 1.000000
vt 0.250000 0.500000
vt 0.250000 0.000000
vt 0.250000 0.500000
vt 0.500000 0.500000
vt 0.500000 0.000000
vt 0.250000 0.500000
vt 0.250000 1.000000
vt 0.500000 1.000000
vt 0.500000 0.500000
vt 0.250000 0.000000
vt 0.250000 0.500000
vt 0.500000 0.500000
vt 0.500000 0.000000
vt 0.250000 0.500000
vt 0.250000 1.000000
vt 0.500000 1.000000
vt 0.500000 0.500000
vt 0.500000 0.000000
vt 0.500000 0.500000
vt 0.750000 0.500000
vt 0.750000 0.000000
vt 0.500000 0.500000
vt 0.500000 1.000000
vt 0.750000 1.000000
vt 0.750000 0.500000
vt 0.500000 0.000000
vt 0.500000 0.500000
vt 0.750000 0.500000
vt 0.750000 0.000000
vt 0.500000 0.500000
vt 0.500000 1.000000
vt 0.750000 1.000000
vt 0.750000 0.500000
vt 0.750000 0.000000
vt 0.750000 0.500000
vt 1.000000 0.500000
vt 1.000000 0.000000
vt 0.750000 0.500000
vt 0.750000 1.000000
vt 1.000000 1.000000
vt 1.000000 0.500000
vt 0.750000 0.000000
vt 0.750000 0.500000
vt 1.000000 0.500000
vt 1.000000 0.000000
vt 0.750000 0.500000
vt 0.750000 1.000000
vt 1.000000 1.000000
vt 1.000000 0.500000
vt 0.000817 2.680000
vt -0.015837 2.670075
vt -0.090237 2.970075
vt -0.075249 2.979007
vt -0.015837 2.670075
vt -0.035944 2.670075
vt -0.108333 2.970075
vt -0.090237 2.970075
vt -0.025433 2.670075
vt -0.006105 2.680000
vt -0.173762 2.979007
vt -0.191158 2.970075
vt -0.039396 2.680000
vt -0.022743 2.689925
vt -0.096452 2.987939
vt -0.111441 2.979007
vt -0.022743 2.689925
vt -0.002636 2.689925
vt -0.078356 2.987939
vt -0.096452 2.987939
vt -0.004634 2.689925
vt -0.023962 2.680000
vt -0.189834 2.979007
vt -0.172439 2.987939
vt -0.075249 2.979007
vt -0.089469 2.967536
vt -0.172721 3.195537
vt -0.160080 3.205734
vt -0.089469 2.967536
vt -0.107565 2.967536
vt -0.188806 3.195537
vt -0.172721 3.195537
vt -0.189429 2.967536
vt -0.173762 2.979007
vt -0.361160 3.205734
vt -0.375085 3.195537
vt -0.111441 2.979007
vt -0.097220 2.990478
vt -0.179610 3.215931
vt -0.192251 3.205734
vt -0.097220 2.990478
vt -0.079124 2.990478
vt -0.163525 3.215931
vt -0.179610 3.215931
vt -0.174168 2.990478
vt -0.189834 2.979007
vt -0.375446 3.205734
vt -0.361520 3.215931
vt -0.375446 3.205734
vt -0.379742 3.193156
vt -0.584556 3.349175
vt -0.580797 3.360181
vt -0.379742 -0.171616
vt -0.372599 -0.187702
vt -0.578306 -0.277846
vt -0.584556 -0.263771
vt -0.372599 3.193156
vt -0.361160 3.205734
vt -0.568296 3.360181
vt -0.578306 3.349175
vt -0.361160 3.205734
vt -0.356863 3.218312
vt -0.564537 3.371187
vt -0.568296 3.360181
vt -0.356863 -0.180714
vt -0.364006 -0.164629
vt -0.570787 -0.257657
vt -0.564537 -0.271732
vt -0.364006 3.218312
vt -0.375446 3.205734
vt -0.580797 3.360181
vt -0.570787 3.371187
vt -0.580797 3.360181
vt -0.581515 3.347525
vt -0.806503 3.431499
vt -0.805887 3.442348
vt -0.581515 -0.262421
vt -0.575265 -0.276496
vt -0.801146 -0.375599
vt -0.806503 -0.363535
vt -0.575265 3.347525
vt -0.568296 3.360181
vt -0.795173 3.442348
vt -0.801146 3.431499
vt -0.568296 3.360181
vt -0.567578 3.372837
vt -0.794557 3.453196
vt -0.795173 3.442348
vt -0.567578 -0.273082
vt -0.573828 -0.259007
vt -0.799914 -0.360608
vt -0.794557 -0.372672
vt -0.573828 3.372837
vt -0.580797 3.360181
vt -0.805887 3.442348
vt -0.799914 3.453196
vt -0.805887 3.442348
vt -0.803593 3.430924
vt -1.048805 3.442714
vt -1.050717 3.452234
vt -0.803593 -0.362242
vt -0.798235 -0.374306
vt -1.044341 -0.482390
vt -1.048805 -0.472337
vt -0.798235 3.430924
vt -0.795173 3.442348
vt -1.041789 3.452234
vt -1.044341 3.442714
vt -0.795173 3.442348
vt -0.797468 3.453772
vt -1.043701 3.461754
vt -1.041789 3.452234
vt -0.797468 -0.373965
vt -0.802825 -0.361901
vt -1.048165 -0.472052
vt -1.043701 -0.482106
vt -0.802825 3.453772
vt -0.805887 3.442348
vt -1.050717 3.452234
vt -1.048165 3.461754
vt -1.050717 3.452234
vt -1.046657 3.442920
vt -1.312039 3.382390
vt -1.315287 3.389841
vt -1.046657 -0.471382
vt -1.042192 -0.481436
vt -1.308467 -0.598476
vt -1.312039 -0.590433
vt -1.042192 3.442920
vt -1.041789 3.452234
vt -1.308144 3.389841
vt -1.308467 3.382390
vt -1.041789 3.452234
vt -1.045849 3.461548
vt -1.311393 3.397292
vt -1.308144 3.389841
vt -1.045849 -0.483060
vt -1.050314 -0.473006
vt -1.314964 -0.591733
vt -1.311393 -0.599775
vt -1.050314 3.461548
vt -1.050717 3.452234
vt -1.315287 3.389841
vt -1.314964 3.397292
vt -1.315287 3.389841
vt -1.310741 3.382843
vt -1.596187 3.249919
vt -1.599596 3.255167
vt -1.310741 -0.589858
vt -1.307170 -0.597900
vt -1.593508 -0.723850
vt -1.596187 -0.717818
vt -1.307170 3.382843
vt -1.308144 3.389841
vt -1.594239 3.255167
vt -1.593508 3.249919
vt -1.308144 3.389841
vt -1.312690 3.396838
vt -1.597648 3.260415
vt -1.594239 3.255167
vt -1.312690 -0.600351
vt -1.316261 -0.592309
vt -1.600327 -0.719657
vt -1.597648 -0.725689
vt -1.316261 3.396838
vt -1.315287 3.389841
vt -1.599596 3.255167
vt -1.600327 3.260415
vt 0.000000 0.000000
vt 0.000000 0.500000
vt 0.250000 0.500000
vt 0.250000 0.000000
vt 0.000000 0.500000
vt 0.000000 1.000000
vt 0.250000 1.000000
vt 0.250000 0.500000
vt 0.000000 0.000000
vt 0.000000 0.500000
vt 0.250000 0.500000
vt 0.250000 0.000000
vt 0.000000 0.500000
vt 0.000000 1.000000
vt 0.250000 1.000000
vt 0.250000 0.500000
vt 0.250000 0.000000
vt 0.250000 0.500000
vt 0.500000 0.500000
vt 0.500000 0.000000
vt 0.250000 0.500000
vt 0.250000 1.000000
vt 0.500000 1.000000
vt 0.500000 0.500000
vt 0.250000 0.000000
vt 0.250000 0.500000
vt 0.500000 0.500000
vt 0.500000 0.000000
vt 0.250000 0.500000
vt 0.250000 1.000000
vt 0.500000 1.000000
vt 0.500000 0.500000
vt 0.500000 0.000000
vt 0.500000 0.500000
vt 0.750000 0.500000
vt 0.750000 0.000000
vt 0.500000 0.500000
vt 0.500000 1.000000
vt 0.750000 1.000000
vt 0.750000 0.500000
vt 0.500000 0.000000
vt 0.500000 0.500000
vt 0.750000 0.500000
vt 0.750000 0.000000
vt 0.500000 0.500000
vt 0.500000 1.000000
vt 0.750000 1.000000
vt 0.750000 0.500000
vt 0.750000 0.000000
vt 0.750000 0.500000
vt 1.000000 0.500000
vt 1.000000 0.000000
vt 0.750000 0.500000
vt 0.750000 1.000000
vt 1.000000 1.000000
vt 1.000000 0.500000
vt 0.750000 0.000000
vt 0.750000 0.500000
vt 1.000000 0.500000
vt 1.000000 0.000000
vt 0.750000 0.500000
vt 0.750000 1.000000
vt 1.000000 1.000000
vt 1.000000 0.500000
vt 0.000000 0.000000
vt 0.000000 0.500000
vt 0.250000 0.500000
vt 0.250000 0.000000
vt 0.000000 0.500000
vt 0.000000 1.000000
vt 0.250000 1.000000
vt 0.250000 0.500000
vt 0.000000 0.000000
vt 0.000000 0.500000
vt 0.250000 0.500000
vt 0.250000 0.000000
vt 0.000000 0.500000
vt 0.000000 1.000000
vt 0.250000 1.000000
vt 0.250000 0.500000
vt 0.250000 0.000000
vt 0.250000 0.500000
vt 0.500000 0.500000
vt 0.500000 0.000000
vt 0.250000 0.500000
vt 0.250000 1.000000
vt 0.500000 1.000000
vt 0.500000 0.500000
vt 0.250000 0.000000
vt 0.250000 0.500000
vt 0.500000 0.500000
vt 0.500000 0.000000
vt 0.250000 0.500000
vt 0.250000 1.000000
vt 0.500000 1.000000
vt 0.500000 0.500000
vt 0.500000 0.000000
vt 0.500000 0.500000
vt 0.750000 0.500000
vt 0.750000 0.000000
vt 0.500000 0.500000
vt 0.500000 1.000000
vt 0.750000 1.000000
vt 0.750000 0.500000
vt 0.500000 0.000000
vt 0.500000 0.500000
vt 0.750000 0.500000
vt 0.750000 0.000000
vt 0.500000 0.500000
vt 0.500000 1.000000
vt 0.750000 1.000000
vt 0.750000 0.500000
vt 0.750000 0.000000
vt 0.750000 0.500000
vt 1.000000 0.500000
vt 1.000000 0.000000
vt 0.750000 0.500000
vt 0.750000 1.000000
vt 1.000000 1.000000
vt 1.000000 0.500000
vt 0.750000 0.000000
vt 0.750000 0.500000
vt 1.000000 0.500000
vt 1.000000 0.000000
vt 0.750000 0.500000
vt 0.750000 1.000000
vt 1.000000 1.000000
vt 1.000000 0.500000
vt 0.000000 0.000000
vt 0.000000 0.500000
vt 0.250000 0.500000
vt 0.250000 0.000000
vt 0.000000 0.500000
vt 0.000000 1.000000
vt 0.250000 1.000000
vt 0.250000 0.500000
vt 0.000000 0.000000
vt 0.000000 0.500000
vt 0.250000 0.500000
vt 0.250000 0.000000
vt 0.000000 0.500000
vt 0.000000 1.000000
vt 0.250000 1.000000
vt 0.250000 0.500000
vt 0.250000 0.000000
vt 0.250000 0.500000
vt 0.500000 0.500000
vt 0.500000 0.000000
vt 0.250000 0.500000
vt 0.250000 1.000000
vt 0.500000 1.000000
vt 0.500000 0.500000
vt 0.250000 0.000000
vt 0.250000 0.500000
vt 0.500000 0.500000
vt 0.500000 0.000000
vt 0.250000 0.500000
vt 0.250000 1.000000
vt 0.500000 1.000000
vt 0.500000 0.500000
vt 0.500000 0.000000
vt 0.500000 0.500000
vt 0.750000 0.500000
vt 0.750000 0.000000
vt 0.500000 0.500000
vt 0.500000 1.000000
vt 0.750000 1.000000
vt 0.750000 0.500000
vt 0.500000 0.000000
vt 0.500000 0.500000
vt 0.750000 0.500000
vt 0.750000 0.000000
vt 0.500000 0.500000
vt 0.500000 1.000000
vt 0.750000 1.000000
vt 0.750000 0.500000
vt 0.750000 0.000000
vt 0.750000 0.500000
vt 1.000000 0.500000
vt 1.000000 0.000000
vt 0.750000 0.500000
vt 0.750000 1.000000
vt 1.000000 1.000000
vt 1.000000 0.500000
vt 0.750000 0.000000
vt 0.750000 0.500000
vt 1.000000 0.500000
vt 1.000000 0.000000
vt 0.750000 0.500000
vt 0.750000 1.000000
vt 1.000000 1.000000
vt 1.000000 0.500000
vt 0.000000 0.000000
vt 0.000000 0.500000
vt 0.250000 0.500000
vt 0.250000 0.000000
vt 0.000000 0.500000
vt 0.000000 1.000000
vt 0.250000 1.000000
vt 0.250000 0.500000
vt 0.000000 0.000000
vt 0.000000 0.500000
vt 0.250000 0.500000
vt 0.250000 0.000000
vt 0.000000 0.500000
vt 0.000000 1.000000
vt 0.250000 1.000000
vt 0.250000 0.500000
vt 0.250000 0.000000
vt 0.250000 0.500000
vt 0.500000 0.500000
vt 0.500000 0.000000
vt 0.250000 0.500000
vt 0.250000 1.000000
vt 0.500000 1.000000
vt 0.500000 0.500000
vt 0.250000 0.000000
vt 0.250000 0.500000
vt 0.500000 0.500000
vt 0.500000 0.000000
vt 0.250000 0.500000
vt 0.250000 1.000000
vt 0.500000 1.000000
vt 0.500000 0.500000
vt 0.500000 0.000000
vt 0.500000 0.500000
vt 0.750000 0.500000
vt 0.750000 0.000000
vt 0.500000 0.500000
vt 0.500000 1.000000
vt 0.750000 1.000000
vt 0.750000 0.500000
vt 0.500000 0.000000
vt 0.500000 0.500000
vt 0.750000 0.500000
vt 0.750000 0.000000
vt 0.500000 0.500000
vt 0.500000 1.000000
vt 0.750000 1.000000
vt 0.750000 0.500000
vt 0.750000 0.000000
vt 0.750000 0.500000
vt 1.000000 0.500000
vt 1.000000 0.000000
vt 0.750000 0.500000
vt 0.750000 1.000000
vt 1.000000 1.000000
vt 1.000000 0.500000
vt 0.750000 0.000000
vt 0.750000 0.500000
vt 1.000000 0.500000
vt 1.000000 0.000000
vt 0.750000 0.500000
vt 0.750000 1.000000
vt 1.000000 1.000000
vt 1.000000 0.500000
vt 0.000000 0.000000
vt 0.000000 0.500000
vt 0.250000 0.500000
vt 0.250000 0.000000
vt 0.000000 0.500000
vt 0.000000 1.000000
vt 0.250000 1.000000
vt 0.250000 0.500000
vt 0.000000 0.000000
vt 0.000000 0.500000
vt 0.250000 0.500000
vt 0.250000 0.000000
vt 0.000000 0.500000
vt 0.000000 1.000000
vt 0.250000 1.000000
vt 0.250000 0.500000
vt 0.250000 0.000000
vt 0.250000 0.500000
vt 0.500000 0.500000
vt 0.500000 0.000000
vt 0.250000 0.500000
vt 0.250000 1.000000
vt 0.500000 1.000000
vt 0.500000 0.500000
vt 0.250000 0.000000
vt 0.250000 0.500000
vt 0.500000 0.500000
vt 0.500000 0.000000
vt 0.250000 0.500000
vt 0.250000 1.000000
vt 0.500000 1.000000
vt 0.500000 0.500000
vt 0.500000 0.000000
vt 0.500000 0.500000
vt 0.750000 0.500000
vt 0.750000 0.000000
vt 0.500000 0.500000
vt 0.500000 1.000000
vt 0.750000 1.000000
vt 0.750000 0.500000
vt 0.500000 0.000000
vt 0.500000 0.500000
vt 0.750000 0.500000
vt 0.750000 0.000000
vt 0.500000 0.500000
vt 0.500000 1.000000
vt 0.750000 1.000000
vt 0.750000 0.500000
vt 0.750000 0.000000
vt 0.750000 0.500000
vt 1.000000 0.500000
vt 1.000000 0.000000
vt 0.750000 0.500000
vt 0.750000 1.000000
vt 1.000000 1.000000
vt 1.000000 0.500000
vt 0.750000 0.000000
vt 0.750000 0.500000
vt 1.000000 0.500000
vt 1.000000 0.000000
vt 0.750000 0.500000
vt 0.750000 1.000000
vt 1.000000 1.000000
vt 1.000000 0.500000
vt 0.000000 0.000000
vt 0.000000 0.500000
vt 0.250000 0.500000
vt 0.250000 0.000000
vt 0.000000 0.500000
vt 0.000000 1.000000
vt 0.250000 1.000000
vt 0.250000 0.500000
vt 0.000000 0.000000
vt 0.000000 0.500000
vt 0.250000 0.500000
vt 0.250000 0.000000
vt 0.000000 0.500000
vt 0.000000 1.000000
vt 0.250000 1.000000
vt 0.250000 0.500000
vt 0.250000 0.000000
vt 0.250000 0.500000
vt 0.500000 0.500000
vt 0.500000 0.000000
vt 0.250000 0.500000
vt 0.250000 1.000000
vt 0.500000 1.000000
vt 0.500000 0.500000
vt 0.250000 0.000000
vt 0.250000 0.500000
vt 0.500000 0.500000
vt 0.500000 0.000000
vt 0.250000 0.500000
vt 0.250000 1.000000
vt 0.500000 1.000000
vt 0.500000 0.500000
vt 0.500000 0.000000
vt 0.500000 0.500000
vt 0.750000 0.500000
vt 0.750000 0.000000
vt 0.500000 0.500000
vt 0.500000 1.000000
vt 0.750000 1.000000
vt 0.750000 0.500000
vt 0.500000 0.000000
vt 0.500000 0.500000
vt 0.750000 0.500000
vt 0.750000 0.000000
vt 0.500000 0.500000
vt 0.500000 1.000000
vt 0.750000 1.000000
vt 0.750000 0.500000
vt 0.750000 0.000000
vt 0.750000 0.500000
vt 1.000000 0.500000
vt 1.000000 0.000000
vt 0.750000 0.500000
vt 0.750000 1.000000
vt 1.000000 1.000000
vt 1.000000 0.500000
vt 0.750000 0.000000
vt 0.750000 0.500000
vt 1.000000 0.500000
vt 1.000000 0.000000
vt 0.750000 0.500000
vt 0.750000 1.000000
vt 1.000000 1.000000
vt 1.000000 0.500000
vt -0.003452 2.680000
vt -0.021682 2.668071
vt -0.142000 2.885563
vt -0.125593 2.896299
vt -0.033363 -0.021682
vt -0.018093 -0.037520
vt -0.142829 -0.156254
vt -0.156572 -0.142000
vt -0.018093 2.668071
vt 0.000236 2.680000
vt -0.126332 2.896299
vt -0.142829 2.885563
vt -0.035128 2.680000
vt -0.016898 2.691929
vt -0.137694 2.907036
vt -0.154101 2.896299
vt 0.003296 -0.016898
vt -0.011974 -0.001060
vt -0.137321 -0.123440
vt -0.123579 -0.137694
vt -0.011974 2.691929
vt -0.030303 2.680000
vt -0.153818 2.896299
vt -0.137321 2.907036
vt -0.125593 2.896299
vt -0.139344 2.882054
vt -0.281682 3.020980
vt -0.269458 3.033643
vt -0.153818 -0.139344
vt -0.140075 -0.153598
vt -0.287649 -0.294352
vt -0.299865 -0.281682
vt -0.140075 2.882054
vt -0.126332 2.896299
vt -0.275434 3.033643
vt -0.287649 3.020980
vt -0.154101 2.896299
vt -0.140349 2.910545
vt -0.282575 3.046305
vt -0.294799 3.033643
vt -0.126333 -0.140349
vt -0.140076 -0.126095
vt -0.287650 -0.269905
vt -0.275434 -0.282575
vt -0.140076 2.910545
vt -0.153818 2.896299
vt -0.299866 3.033643
vt -0.287650 3.046305
vt -0.269458 3.033643
vt -0.278331 3.018846
vt -0.442812 3.079083
vt -0.435048 3.092031
vt -0.296390 -0.278331
vt -0.284174 -0.291001
vt -0.454716 -0.453898
vt -0.465405 -0.442812
vt -0.284174 3.018846
vt -0.275434 3.033643
vt -0.447068 3.092031
vt -0.454716 3.079083
vt -0.294799 3.033643
vt -0.285926 3.048440
vt -0.449457 3.104978
vt -0.457221 3.092031
vt -0.278910 -0.285926
vt -0.291126 -0.273255
vt -0.460798 -0.438371
vt -0.450110 -0.449457
vt -0.291126 3.048440
vt -0.299866 3.033643
vt -0.468446 3.092031
vt -0.460798 3.104978
vt -0.468446 3.092031
vt -0.462366 3.078733
vt -0.654348 3.060065
vt -0.659559 3.071463
vt -0.462366 -0.439882
vt -0.451677 -0.450968
vt -0.645186 -0.636008
vt -0.654348 -0.626506
vt -0.450968 3.078733
vt -0.457221 3.092031
vt -0.641368 3.071463
vt -0.636008 3.060065
vt -0.447068 3.092031
vt -0.453149 3.105328
vt -0.646447 3.082861
vt -0.641236 3.071463
vt -0.453149 -0.452387
vt -0.463837 -0.441301
vt -0.655609 -0.627722
vt -0.646447 -0.637224
vt -0.441301 3.105328
vt -0.435048 3.092031
vt -0.622362 3.071463
vt -0.627722 3.082861
vt -0.659559 3.071463
vt -0.652378 3.060617
vt -0.867221 2.962901
vt -0.873205 2.971939
vt -0.652378 -0.624607
vt -0.643217 -0.634110
vt -0.859586 -0.841191
vt -0.867221 -0.833272
vt -0.634110 3.060617
vt -0.641368 3.071463
vt -0.847239 2.971939
vt -0.841191 2.962901
vt -0.641236 3.071463
vt -0.648416 3.082309
vt -0.863919 2.980978
vt -0.857935 2.971939
vt -0.648416 -0.639123
vt -0.657578 -0.629620
vt -0.871554 -0.837450
vt -0.863919 -0.845369
vt -0.629620 3.082309
vt -0.622362 3.071463
vt -0.831401 2.971939
vt -0.837450 2.980978
vt -0.873205 2.971939
vt -0.866127 2.963559
vt -1.103721 2.786756
vt -1.109384 2.793461
vt -0.866127 -0.832217
vt -0.858492 -0.840136
vt -1.097613 -1.069153
vt -1.103721 -1.062817
vt -0.840136 2.963559
vt -0.847239 2.971939
vt -1.074835 2.793461
vt -1.069153 2.786756
vt -0.857935 2.971939
vt -0.865014 2.980320
vt -1.102831 2.800165
vt -1.097168 2.793461
vt -0.865014 -0.846424
vt -0.872649 -0.838505
vt -1.108939 -1.067848
vt -1.102831 -1.074183
vt -0.838505 2.980320
vt -0.831401 2.971939
vt -1.062165 2.793461
vt -1.067848 2.800165
vt -1.109384 2.793461
vt -1.103147 2.787253
vt -1.363418 2.531370
vt -1.368095 2.536026
vt -1.103147 -1.062264
vt -1.097040 -1.068599
vt -1.358837 -1.319479
vt -1.363418 -1.314728
vt -1.068599 2.787253
vt -1.074835 2.793461
vt -1.324156 2.536026
vt -1.319479 2.531370
vt -1.097168 2.793461
vt -1.103405 2.799668
vt -1.363611 2.540682
vt -1.358934 2.536026
vt -1.103405 -1.074736
vt -1.109513 -1.068401
vt -1.368192 -1.319330
vt -1.363611 -1.324082
vt -1.068401 2.799668
vt -1.062165 2.793461
vt -1.314653 2.536026
vt -1.319330 2.540682
vt 0.000000 0.000000
vt 0.000000 0.500000
vt 0.250000 0.500000
vt 0.250000 0.000000
vt 0.000000 0.500000
vt 0.000000 1.000000
vt 0.250000 1.000000
vt 0.250000 0.500000
vt 0.000000 0.000000
vt 0.000000 0.500000
vt 0.250000 0.500000
vt 0.250000 0.000000
vt 0.000000 0.500000
vt 0.000000 1.000000
vt 0.250000 1.000000
vt 0.250000 0.500000
vt 0.250000 0.000000
vt 0.250000 0.500000
vt 0.500000 0.500000
vt 0.500000 0.000000
vt 0.250000 0.500000
vt 0.250000 1.000000
vt 0.500000 1.000000
vt 0.500000 0.500000
vt 0.250000 0.000000
vt 0.250000 0.500000
vt 0.500000 0.500000
vt 0.500000 0.000000
vt 0.250000 0.500000
vt 0.250000 1.000000
vt 0.500000 1.000000
vt 0.500000 0.500000
vt 0.500000 0.000000
vt 0.500000 0.500000
vt 0.750000 0.500000
vt 0.750000 0.000000
vt 0.500000 0.500000
vt 0.500000 1.000000
vt 0.750000 1.000000
vt 0.750000 0.500000
vt 0.500000 0.000000
vt 0.500000 0.500000
vt 0.750000 0.500000
vt 0.750000 0.000000
vt 0.500000 0.500000
vt 0.500000 1.000000
vt 0.750000 1.000000
vt 0.750000 0.500000
vt 0.750000 0.000000
vt 0.750000 0.500000
vt 1.000000 0.500000
vt 1.000000 0.000000
vt 0.750000 0.500000
vt 0.750000 1.000000
vt 1.000000 1.000000
vt 1.000000 0.500000
vt 0.750000 0.000000
vt 0.750000 0.500000
vt 1.000000 0.500000
vt 1.000000 0.000000
vt 0.750000 0.500000
vt 0.750000 1.000000
vt 1.000000 1.000000
vt 1.000000 0.500000
vt 0.000000 0.000000
vt 0.000000 0.500000
vt 0.250000 0.500000
vt 0.250000 0.000000
vt 0.000000 0.500000
vt 0.000000 1.000000
vt 0.250000 1.000000
vt 0.250000 0.500000
vt 0.000000 0.000000
vt 0.000000 0.500000
vt 0.250000 0.500000
vt 0.250000 0.000000
vt 0.000000 0.500000
vt 0.000000 1.000000
vt 0.250000 1.000000
vt 0.250000 0.500000
vt 0.250000 0.000000
vt 0.250000 0.500000
vt 0.500000 0.500000
vt 0.500000 0.000000
vt 0.250000 0.500000
vt 0.250000 1.000000
vt 0.500000 1.000000
vt 0.500000 0.500000
vt 0.250000 0.000000
vt 0.250000 0.500000
vt 0.500000 0.500000
vt 0.500000 0.000000
vt 0.250000 0.500000
vt 0.250000 1.000000
vt 0.500000 1.000000
vt 0.500000 0.500000
vt 0.500000 0.000000
vt 0.500000 0.500000
vt 0.750000 0.500000
vt 0.750000 0.000000
vt 0.500000 0.500000
vt 0.500000 1.000000
vt 0.750000 1.000000
vt 0.750000 0.500000
vt 0.500000 0.000000
vt 0.500000 0.500000
vt 0.750000 0.500000
vt 0.750000 0.000000
vt 0.500000 0.500000
vt 0.500000 1.000000
vt 0.750000 1.000000
vt 0.750000 0.500000
vt 0.750000 0.000000
vt 0.750000 0.500000
vt 1.000000 0.500000
vt 1.000000 0.000000
vt 0.750000 0.500000
vt 0.750000 1.000000
vt 1.000000 1.000000
vt 1.000000 0.500000
vt 0.750000 0.000000
vt 0.750000 0.500000
vt 1.000000 0.500000
vt 1.000000 0.000000
vt 0.750000 0.500000
vt 0.750000 1.000000
vt 1.000000 1.000000
vt 1.000000 0.500000
vt 0.000000 0.000000
vt 0.000000 0.500000
vt 0.250000 0.500000
vt 0.250000 0.000000
vt 0.000000 0.500000
vt 0.000000 1.000000
vt 0.250000 1.000000
vt 0.250000 0.500000
vt 0.000000 0.000000
vt 0.000000 0.500000
vt 0.250000 0.500000
vt 0.250000 0.000000
vt 0.000000 0.500000
vt 0.000000 1.000000
vt 0.250000 1.000000
vt 0.250000 0.500000
vt 0.250000 0.000000
vt 0.250000 0.500000
vt 0.500000 0.500000
vt 0.500000 0.000000
vt 0.250000 0.500000
vt 0.250000 1.000000
vt 0.500000 1.000000
vt 0.500000 0.500000
vt 0.250000 0.000000
vt 0.250000 0.500000
vt 0.500000 0.500000
vt 0.500000 0.000000
vt 0.250000 0.500000
vt 0.250000 1.000000
vt 0.500000 1.000000
vt 0.500000 0.500000
vt 0.500000 0.000000
vt 0.500000 0.500000
vt 0.750000 0.500000
vt 0.750000 0.000000
vt 0.500000 0.500000
vt 0.500000 1.000000
vt 0.750000 1.000000
vt 0.750000 0.500000
vt 0.500000 0.000000
vt 0.500000 0.500000
vt 0.750000 0.500000
vt 0.750000 0.000000
vt 0.500000 0.500000
vt 0.500000 1.000000
vt 0.750000 1.000000
vt 0.750000 0.500000
vt 0.750000 0.000000
vt 0.750000 0.500000
vt 1.000000 0.500000
vt 1.000000 0.000000
vt 0.750000 0.500000
vt 0.750000 1.000000
vt 1.000000 1.000000
vt 1.000000 0.500000
vt 0.750000 0.000000
vt 0.750000 0.500000
vt 1.000000 0.500000
vt 1.000000 0.000000
vt 0.750000 0.500000
vt 0.750000 1.000000
vt 1.000000 1.000000
vt 1.000000 0.500000
vt 0.000000 0.000000
vt 0.000000 0.500000
vt 0.250000 0.500000
vt 0.250000 0.000000
vt 0.000000 0.500000
vt 0.000000 1.000000
vt 0.250000 1.000000
vt 0.250000 0.500000
vt 0.000000 0.000000
vt 0.000000 0.500000
vt 0.250000 0.500000
vt 0.250000 0.000000
vt 0.000000 0.500000
vt 0.000000 1.000000
vt 0.250000 1.000000
vt 0.250000 0.500000
vt 0.250000 0.000000
vt 0.250000 0.500000
vt 0.500000 0.500000
vt 0.500000 0.000000
vt 0.250000 0.500000
vt 0.250000 1.000000
vt 0.500000 1.000000
vt 0.500000 0.500000
vt 0.250000 0.000000
vt 0.250000 0.500000
vt 0.500000 0.500000
vt 0.500000 0.000000
vt 0.250000 0.500000
vt 0.250000 1.000000
vt 0.500000 1.000000
vt 0.500000 0.500000
vt 0.500000 0.000000
vt 0.500000 0.500000
vt 0.750000 0.500000
vt 0.750000 0.000000
vt 0.500000 0.500000
vt 0.500000 1.000000
vt 0.750000 1.000000
vt 0.750000 0.500000
vt 0.500000 0.000000
vt 0.500000 0.500000
vt 0.750000 0.500000
vt 0.750000 0.000000
vt 0.500000 0.500000
vt 0.500000 1.000000
vt 0.750000 1.000000
vt 0.750000 0.500000
vt 0.750000 0.000000
vt 0.750000 0.500000
vt 1.000000 0.500000
vt 1.000000 0.000000
vt 0.750000 0.500000
vt 0.750000 1.000000
vt 1.000000 1.000000
vt 1.000000 0.500000
vt 0.750000 0.000000
vt 0.750000 0.500000
vt 1.000000 0.500000
vt 1.000000 0.000000
vt 0.750000 0.500000
vt 0.750000 1.000000
vt 1.000000 1.000000
vt 1.000000 0.500000
vt 0.000000 0.000000
vt 0.000000 0.500000
vt 0.250000 0.500000
vt 0.250000 0.000000
vt 0.000000 0.500000
vt 0.000000 1.000000
vt 0.250000 1.000000
vt 0.250000 0.500000
vt 0.000000 0.000000
vt 0.000000 0.500000
vt 0.250000 0.500000
vt 0.250000 0.000000
vt 0.000000 0.500000
vt 0.000000 1.000000
vt 0.250000 1.000000
vt 0.250000 0.500000
vt 0.250000 0.000000
vt 0.250000 0.500000
vt 0.500000 0.500000
vt 0.500000 0.000000
vt 0.250000 0.500000
vt 0.250000 1.000000
vt 0.500000 1.000000
vt 0.500000 0.500000
vt 0.250000 0.000000
vt 0.250000 0.500000
vt 0.500000 0.500000
vt 0.500000 0.000000
vt 0.250000 0.500000
vt 0.250000 1.000000
vt 0.500000 1.000000
vt 0.500000 0.500000
vt 0.500000 0.000000
vt 0.500000 0.500000
vt 0.750000 0.500000
vt 0.750000 0.000000
vt 0.500000 0.500000
vt 0.500000 1.000000
vt 0.750000 1.000000
vt 0.750000 0.500000
vt 0.500000 0.000000
vt 0.500000 0.500000
vt 0.750000 0.500000
vt 0.750000 0.000000
vt 0.500000 0.500000
vt 0.500000 1.000000
vt 0.750000 1.000000
vt 0.750000 0.500000
vt 0.750000 0.000000
vt 0.750000 0.500000
vt 1.000000 0.500000
vt 1.000000 0.000000
vt 0.750000 0.500000
vt 0.750000 1.000000
vt 1.000000 1.000000
vt 1.000000 0.500000
vt 0.750000 0.000000
vt 0.750000 0.500000
vt 1.000000 0.500000
vt 1.000000 0.000000
vt 0.750000 0.500000
vt 0.750000 1.000000
vt 1.000000 1.000000
vt 1.000000 0.500000
vt 0.000000 0.000000
vt 0.000000 0.500000
vt 0.250000 0.500000
vt 0.250000 0.000000
vt 0.000000 0.500000
vt 0.000000 1.000000
vt 0.250000 1.000000
vt 0.250000 0.500000
vt 0.000000 0.000000
vt 0.000000 0.500000
vt 0.250000 0.500000
vt 0.250000 0.000000
vt 0.000000 0.500000
vt 0.000000 1.000000
vt 0.250000 1.000000
vt 0.250000 0.500000
vt 0.250000 0.000000
vt 0.250000 0.500000
vt 0.500000 0.500000
vt 0.500000 0.000000
vt 0.250000 0.500000
vt 0.250000 1.000000
vt 0.500000 1.000000
vt 0.500000 0.500000
vt 0.250000 0.000000
vt 0.250000 0.500000
vt 0.500000 0.500000
vt 0.500000 0.000000
vt 0.250000 0.500000
vt 0.250000 1.000000
vt 0.500000 1.000000
vt 0.500000 0.500000
vt 0.500000 0.000000
vt 0.500000 0.500000
vt 0.750000 0.500000
vt 0.750000 0.000000
vt 0.500000 0.500000
vt 0.500000 1.000000
vt 0.750000 1.000000
vt 0.750000 0.500000
vt 0.500000 0.000000
vt 0.500000 0.500000
vt 0.750000 0.500000
vt 0.750000 0.000000
vt 0.500000 0.500000
vt 0.500000 1.000000
vt 0.750000 1.000000
vt 0.750000 0.500000
vt 0.750000 0.000000
vt 0.750000 0.500000
vt 1.000000 0.500000
vt 1.000000 0.000000
vt 0.750000 0.500000
vt 0.750000 1.000000
vt 1.000000 1.000000
vt 1.000000 0.500000
vt 0.750000 0.000000
vt 0.750000 0.500000
vt 1.000000 0.500000
vt 1.000000 0.000000
vt 0.750000 0.500000
vt 0.750000 1.000000
vt 1.000000 1.000000
vt 1.000000 0.500000
vt -0.009927 2.680000
vt -0.024482 2.664381
vt -0.182490 2.788329
vt -0.169391 2.802385
vt -0.029631 -0.024482
vt -0.009723 -0.033845
vt -0.084810 -0.190917
vt -0.102727 -0.182490
vt -0.033845 2.664381
vt -0.028653 2.680000
vt -0.186244 2.802385
vt -0.190917 2.788329
vt -0.028653 2.680000
vt -0.014097 2.695619
vt -0.173144 2.816442
vt -0.186244 2.802385
vt -0.000436 -0.014097
vt -0.020344 -0.004735
vt -0.094368 -0.164717
vt -0.076451 -0.173144
vt -0.004735 2.695619
vt -0.009927 2.680000
vt -0.169391 2.802385
vt -0.164717 2.816442
vt -0.169391 2.802385
vt -0.176686 2.785580
vt -0.358682 2.828180
vt -0.352197 2.843118
vt -0.099997 -0.176686
vt -0.082080 -0.185113
vt -0.168448 -0.366173
vt -0.184375 -0.358682
vt -0.185113 2.785580
vt -0.186244 2.802385
vt -0.367178 2.843118
vt -0.366173 2.828180
vt -0.186244 2.802385
vt -0.178948 2.819191
vt -0.360693 2.858056
vt -0.367178 2.843118
vt -0.079181 -0.178948
vt -0.097098 -0.170522
vt -0.181798 -0.353203
vt -0.165871 -0.360693
vt -0.170522 2.819191
vt -0.169391 2.802385
vt -0.352197 2.843118
vt -0.353203 2.858056
vt -0.352197 2.843118
vt -0.353493 2.828118
vt -0.559481 2.789073
vt -0.558347 2.802198
vt -0.181935 -0.353493
vt -0.166008 -0.360984
vt -0.263660 -0.566035
vt -0.277596 -0.559481
vt -0.360984 2.828118
vt -0.367178 2.843118
vt -0.571455 2.802198
vt -0.566035 2.789073
vt -0.367178 2.843118
vt -0.365882 2.858118
vt -0.570322 2.815323
vt -0.571455 2.802198
vt -0.168312 -0.365882
vt -0.184238 -0.358392
vt -0.279611 -0.563767
vt -0.265676 -0.570322
vt -0.358392 2.858118
vt -0.352197 2.843118
vt -0.558347 2.802198
vt -0.563767 2.815323
vt -0.558347 2.802198
vt -0.556355 2.790200
vt -0.786133 2.669341
vt -0.787840 2.679626
vt -0.276125 -0.556355
vt -0.262190 -0.562909
vt -0.371030 -0.791751
vt -0.382975 -0.786133
vt -0.562909 2.790200
vt -0.571455 2.802198
vt -0.799076 2.679626
vt -0.791751 2.669341
vt -0.571455 2.802198
vt -0.573448 2.814197
vt -0.800784 2.689910
vt -0.799076 2.679626
vt -0.267146 -0.573448
vt -0.281082 -0.566894
vt -0.387223 -0.795166
vt -0.375278 -0.800784
vt -0.566894 2.814197
vt -0.558347 2.802198
vt -0.787840 2.679626
vt -0.795166 2.689910
vt -0.787840 2.679626
vt -0.784530 2.670408
vt -1.037918 2.467719
vt -1.040677 2.475400
vt -0.382221 -0.784530
vt -0.370276 -0.790148
vt -0.490220 -1.042600
vt -0.500174 -1.037918
vt -0.790148 2.670408
vt -0.799076 2.679626
vt -1.050040 2.475400
vt -1.042600 2.467719
vt -0.799076 2.679626
vt -0.802386 2.688843
vt -1.052798 2.483081
vt -1.050040 2.475400
vt -0.376032 -0.802386
vt -0.387977 -0.796768
vt -0.504971 -1.048117
vt -0.495017 -1.052798
vt -0.796768 2.688843
vt -0.787840 2.679626
vt -1.040677 2.475400
vt -1.048117 2.483081
vt -0.507550 2.475400
vt -0.499796 2.468459
vt -0.628803 2.183969
vt -0.635006 2.189522
vt -0.499796 -1.037114
vt -0.489842 -1.041795
vt -0.620840 -1.317751
vt -0.628803 -1.314005
vt -1.041795 2.468459
vt -1.050040 2.475400
vt -1.324346 2.189522
vt -1.317751 2.183969
vt -0.487641 2.475400
vt -0.495395 2.482342
vt -0.625283 2.195075
vt -0.619080 2.189522
vt -0.495395 -1.053603
vt -0.505349 -1.048921
vt -0.633246 -1.323452
vt -0.625283 -1.327197
vt -1.048921 2.482342
vt -1.040677 2.475400
vt -1.316856 2.189522
vt -1.323452 2.195075
vt -0.635006 2.189522
vt -0.628611 2.184431
vt -0.768645 1.818173
vt -0.773441 1.821992
vt -0.628611 2.184431
vt -0.620648 2.184431
vt -0.762672 1.818173
vt -0.768645 1.818173
vt -1.317342 2.184431
vt -1.324346 2.189522
vt -1.621996 1.821992
vt -1.616743 1.818173
vt -0.619080 2.189522
vt -0.625475 2.194613
vt -0.766292 1.825810
vt -0.761496 1.821992
vt -0.625475 2.194613
vt -0.633438 2.194613
vt -0.772265 1.825810
vt -0.766292 1.825810
vt -1.323860 2.194613
vt -1.316856 2.189522
vt -1.616378 1.821992
vt -1.621632 1.825810
vt 0.000000 0.000000
vt 0.000000 0.500000
vt 0.250000 0.500000
vt 0.250000 0.000000
vt 0.000000 0.500000
vt 0.000000 1.000000
vt 0.250000 1.000000
vt 0.250000 0.500000
vt 0.000000 0.000000
vt 0.000000 0.500000
vt 0.250000 0.500000
vt 0.250000 0.000000
vt 0.000000 0.500000
vt 0.000000 1.000000
vt 0.250000 1.000000
vt 0.250000 0.500000
vt 0.250000 0.000000
vt 0.250000 0.500000
vt 0.500000 0.500000
vt 0.500000 0.000000
vt 0.250000 0.500000
vt 0.250000 1.000000
vt 0.500000 1.000000
vt 0.500000 0.500000
vt 0.250000 0.000000
vt 0.250000 0.500000
vt 0.500000 0.500000
vt 0.500000 0.000000
vt 0.250000 0.500000
vt 0.250000 1.000000
vt 0.500000 1.000000
vt 0.500000 0.500000
vt 0.500000 0.000000
vt 0.500000 0.500000
vt 0.750000 0.500000
vt 0.750000 0.000000
vt 0.500000 0.500000
vt 0.500000 1.000000
vt 0.750000 1.000000
vt 0.750000 0.500000
vt 0.500000 0.000000
vt 0.500000 0.500000
vt 0.750000 0.500000
vt 0.750000 0.000000
vt 0.500000 0.500000
vt 0.500000 1.000000
vt 0.750000 1.000000
vt 0.750000 0.500000
vt 0.750000 0.000000
vt 0.750000 0.500000
vt 1.000000 0.500000
vt 1.000000 0.000000
vt 0.750000 0.500000
vt 0.750000 1.000000
vt 1.000000 1.000000
vt 1.000000 0.500000
vt 0.750000 0.000000
vt 0.750000 0.500000
vt 1.000000 0.500000
vt 1.000000 0.000000
vt 0.750000 0.500000
vt 0.750000 1.000000
vt 1.000000 1.000000
vt 1.000000 0.500000
vt 0.000000 0.000000
vt 0.000000 0.500000
vt 0.250000 0.500000
vt 0.250000 0.000000
vt 0.000000 0.500000
vt 0.000000 1.000000
vt 0.250000 1.000000
vt 0.250000 0.500000
vt 0.000000 0.000000
vt 0.000000 0.500000
vt 0.250000 0.500000
vt 0.250000 0.000000
vt 0.000000 0.500000
vt 0.000000 1.000000
vt 0.250000 1.000000
vt 0.250000 0.500000
vt 0.250000 0.000000
vt 0.250000 0.500000
vt 0.500000 0.500000
vt 0.500000 0.000000
vt 0.250000 0.500000
vt 0.250000 1.000000
vt 0.500000 1.000000
vt 0.500000 0.500000
vt 0.250000 0.000000
vt 0.250000 0.500000
vt 0.500000 0.500000
vt 0.500000 0.000000
vt 0.250000 0.500000
vt 0.250000 1.000000
vt 0.500000 1.000000
vt 0.500000 0.500000
vt 0.500000 0.000000
vt 0.500000 0.500000
vt 0.750000 0.500000
vt 0.750000 0.000000
vt 0.500000 0.500000
vt 0.500000 1.000000
vt 0.750000 1.000000
vt 0.750000 0.500000
vt 0.500000 0.000000
vt 0.500000 0.500000
vt 0.750000 0.500000
vt 0.750000 0.000000
vt 0.500000 0.500000
vt 0.500000 1.000000
vt 0.750000 1.000000
vt 0.750000 0.500000
vt 0.750000 0.000000
vt 0.750000 0.500000
vt 1.000000 0.500000
vt 1.000000 0.000000
vt 0.750000 0.500000
vt 0.750000 1.000000
vt 1.000000 1.000000
vt 1.000000 0.500000
vt 0.750000 0.000000
vt 0.750000 0.500000
vt 1.000000 0.500000
vt 1.000000 0.000000
vt 0.750000 0.500000
vt 0.750000 1.000000
vt 1.000000 1.000000
vt 1.000000 0.500000
vt 0.000000 0.000000
vt 0.000000 0.500000
vt 0.250000 0.500000
vt 0.250000 0.000000
vt 0.000000 0.500000
vt 0.000000 1.000000
vt 0.250000 1.000000
vt 0.250000 0.500000
vt 0.000000 0.000000
vt 0.000000 0.500000
vt 0.250000 0.500000
vt 0.250000 0.000000
vt 0.000000 0.500000
vt 0.000000 1.000000
vt 0.250000 1.000000
vt 0.250000 0.500000
vt 0.250000 0.000000
vt 0.250000 0.500000
vt 0.500000 0.500000
vt 0.500000 0.000000
vt 0.250000 0.500000
vt 0.250000 1.000000
vt 0.500000 1.000000
vt 0.500000 0.500000
vt 0.250000 0.000000
vt 0.250000 0.500000
vt 0.500000 0.500000
vt 0.500000 0.000000
vt 0.250000 0.500000
vt 0.250000 1.000000
vt 0.500000 1.000000
vt 0.500000 0.500000
vt 0.500000 0.000000
vt 0.500000 0.500000
vt 0.750000 0.500000
vt 0.750000 0.000000
vt 0.500000 0.500000
vt 0.500000 1.000000
vt 0.750000 1.000000
vt 0.750000 0.500000
vt 0.500000 0.000000
vt 0.500000 0.500000
vt 0.750000 0.500000
vt 0.750000 0.000000
vt 0.500000 0.500000
vt 0.500000 1.000000
vt 0.750000 1.000000
vt 0.750000 0.500000
vt 0.750000 0.000000
vt 0.750000 0.500000
vt 1.000000 0.500000
vt 1.000000 0.000000
vt 0.750000 0.500000
vt 0.750000 1.000000
vt 1.000000 1.000000
vt 1.000000 0.500000
vt 0.750000 0.000000
vt 0.750000 0.500000
vt 1.000000 0.500000
vt 1.000000 0.000000
vt 0.750000 0.500000
vt 0.750000 1.000000
vt 1.000000 1.000000
vt 1.000000 0.500000
vt 0.000000 0.000000
vt 0.000000 0.500000
vt 0.250000 0.500000
vt 0.250000 0.000000
vt 0.000000 0.500000
vt 0.000000 1.000000
vt 0.250000 1.000000
vt 0.250000 0.500000
vt 0.000000 0.000000
vt 0.000000 0.500000
vt 0.250000 0.500000
vt 0.250000 0.000000
vt 0.000000 0.500000
vt 0.000000 1.000000
vt 0.250000 1.000000
vt 0.250000 0.500000
vt 0.250000 0.000000
vt 0.250000 0.500000
vt 0.500000 0.500000
vt 0.500000 0.000000
vt 0.250000 0.500000
vt 0.250000 1.000000
vt 0.500000 1.000000
vt 0.500000 0.500000
vt 0.250000 0.000000
vt 0.250000 0.500000
vt 0.500000 0.500000
vt 0.500000 0.000000
vt 0.250000 0.500000
vt 0.250000 1.000000
vt 0.500000 1.000000
vt 0.500000 0.500000
vt 0.500000 0.000000
vt 0.500000 0.500000
vt 0.750000 0.500000
vt 0.750000 0.000000
vt 0.500000 0.500000
vt 0.500000 1.000000
vt 0.750000 1.000000
vt 0.750000 0.500000
vt 0.500000 0.000000
vt 0.500000 0.500000
vt 0.750000 0.500000
vt 0.750000 0.000000
vt 0.500000 0.500000
vt 0.500000 1.000000
vt 0.750000 1.000000
vt 0.750000 0.500000
vt 0.750000 0.000000
vt 0.750000 0.500000
vt 1.000000 0.500000
vt 1.000000 0.000000
vt 0.750000 0.500000
vt 0.750000 1.000000
vt 1.000000 1.000000
vt 1.000000 0.500000
vt 0.750000 0.000000
vt 0.750000 0.500000
vt 1.000000 0.500000
vt 1.000000 0.000000
vt 0.750000 0.500000
vt 0.750000 1.000000
vt 1.000000 1.000000
vt 1.000000 0.500000
vt 0.000000 0.000000
vt 0.000000 0.500000
vt 0.250000 0.500000
vt 0.250000 0.000000
vt 0.000000 0.500000
vt 0.000000 1.000000
vt 0.250000 1.000000
vt 0.250000 0.500000
vt 0.000000 0.000000
vt 0.000000 0.500000
vt 0.250000 0.500000
vt 0.250000 0.000000
vt 0.000000 0.500000
vt 0.000000 1.000000
vt 0.250000 1.000000
vt 0.250000 0.500000
vt 0.250000 0.000000
vt 0.250000 0.500000
vt 0.500000 0.500000
vt 0.500000 0.000000
vt 0.250000 0.500000
vt 0.250000 1.000000
vt 0.500000 1.000000
vt 0.500000 0.500000
vt 0.250000 0.000000
vt 0.250000 0.500000
vt 0.500000 0.500000
vt 0.500000 0.000000
vt 0.250000 0.500000
vt 0.250000 1.000000
vt 0.500000 1.000000
vt 0.500000 0.500000
vt 0.500000 0.000000
vt 0.500000 0.500000
vt 0.750000 0.500000
vt 0.750000 0.000000
vt 0.500000 0.500000
vt 0.500000 1.000000
vt 0.750000 1.000000
vt 0.750000 0.500000
vt 0.500000 0.000000
vt 0.500000 0.500000
vt 0.750000 0.500000
vt 0.750000 0.000000
vt 0.500000 0.500000
vt 0.500000 1.000000
vt 0.750000 1.000000
vt 0.750000 0.500000
vt 0.750000 0.000000
vt 0.750000 0.500000
vt 1.000000 0.500000
vt 1.000000 0.000000
vt 0.750000 0.500000
vt 0.750000 1.000000
vt 1.000000 1.000000
vt 1.000000 0.500000
vt 0.750000 0.000000
vt 0.750000 0.500000
vt 1.000000 0.500000
vt 1.000000 0.000000
vt 0.750000 0.500000
vt 0.750000 1.000000
vt 1.000000 1.000000
vt 1.000000 0.500000
vt 0.000000 0.000000
vt 0.000000 0.500000
vt 0.250000 0.500000
vt 0.250000 0.000000
vt 0.000000 0.500000
vt 0.000000 1.000000
vt 0.250000 1.000000
vt 0.250000 0.500000
vt 0.000000 0.000000
vt 0.000000 0.500000
vt 0.250000 0.500000
vt 0.250000 0.000000
vt 0.000000 0.500000
vt 0.000000 1.000000
vt 0.250000 1.000000
vt 0.250000 0.500000
vt 0.250000 0.000000
vt 0.250000 0.500000
vt 0.500000 0.500000
vt 0.500000 0.000000
vt 0.250000 0.500000
vt 0.250000 1.000000
vt 0.500000 1.000000
vt 0.500000 0.500000
vt 0.250000 0.000000
vt 0.250000 0.500000
vt 0.500000 0.500000
vt 0.500000 0.000000
vt 0.250000 0.500000
vt 0.250000 1.000000
vt 0.500000 1.000000
vt 0.500000 0.500000
vt 0.500000 0.000000
vt 0.500000 0.500000
vt 0.750000 0.500000
vt 0.750000 0.000000
vt 0.500000 0.500000
vt 0.500000 1.000000
vt 0.750000 1.000000
vt 0.750000 0.500000
vt 0.500000 0.000000
vt 0.500000 0.500000
vt 0.750000 0.500000
vt 0.750000 0.000000
vt 0.500000 0.500000
vt 0.500000 1.000000
vt 0.750000 1.000000
vt 0.750000 0.500000
vt 0.750000 0.000000
vt 0.750000 0.500000
vt 1.000000 0.500000
vt 1.000000 0.000000
vt 0.750000 0.500000
vt 0.750000 1.000000
vt 1.000000 1.000000
vt 1.000000 0.500000
vt 0.750000 0.000000
vt 0.750000 0.500000
vt 1.000000 0.500000
vt 1.000000 0.000000
vt 0.750000 0.500000
vt 0.750000 1.000000
vt 1.000000 1.000000
vt 1.000000 0.500000
vt -0.015033 2.686177
vt -0.034086 2.683025
vt -0.033633 3.087586
vt -0.016486 3.090422
vt -0.008714 2.683025
vt -0.029829 2.676849
vt -0.147204 3.082027
vt -0.128200 3.087586
vt -0.034086 2.676849
vt -0.015033 2.673823
vt -0.016486 3.079305
vt -0.033633 3.082027
vt -0.015033 2.673823
vt 0.004019 2.676975
vt 0.000661 3.082141
vt -0.016486 3.079305
vt -0.029866 2.676975
vt -0.008751 2.683151
vt -0.128233 3.087699
vt -0.147237 3.082141
vt 0.004019 2.683151
vt -0.015033 2.686177
vt -0.016486 3.090422
vt 0.000661 3.087699
vt -0.016486 3.092366
vt -0.033633 3.088541
vt -0.033367 3.414441
vt -0.018125 3.417841
vt -0.128527 3.088541
vt -0.146850 3.081038
vt -0.279448 3.407772
vt -0.263161 3.414441
vt -0.033633 3.081038
vt -0.016486 3.077361
vt -0.018125 3.404503
vt -0.033367 3.407772
vt -0.016486 3.077361
vt 0.000661 3.081186
vt -0.002883 3.407903
vt -0.018125 3.404503
vt -0.146910 3.081186
vt -0.128587 3.088689
vt -0.263214 3.414572
vt -0.279502 3.407903
vt 0.000661 3.088689
vt -0.016486 3.092366
vt -0.018125 3.417841
vt -0.002883 3.414572
vt -0.271115 3.411172
vt -0.284289 3.403324
vt -0.431466 3.652058
vt -0.419940 3.658925
vt -0.027085 3.403324
vt -0.009486 3.403324
vt -0.012391 3.652058
vt -0.027790 3.652058
vt -0.284505 3.403324
vt -0.271547 3.411172
vt -0.420317 3.658925
vt -0.431655 3.652058
vt -0.271547 3.411172
vt -0.258374 3.419020
vt -0.408791 3.665792
vt -0.420317 3.658925
vt -0.009165 3.419020
vt -0.026764 3.419020
vt -0.027510 3.665792
vt -0.012111 3.665792
vt -0.258158 3.419020
vt -0.271115 3.411172
vt -0.419940 3.658925
vt -0.408602 3.665792
vt -0.419940 3.658925
vt -0.429610 3.649643
vt -0.592237 3.820168
vt -0.583948 3.828124
vt -0.027767 3.649643
vt -0.012368 3.649643
vt -0.015463 3.820168
vt -0.028662 3.820168
vt -0.429799 3.649643
vt -0.420317 3.658925
vt -0.584272 3.828124
vt -0.592399 3.820168
vt -0.420317 3.658925
vt -0.410647 3.668207
vt -0.575983 3.836080
vt -0.584272 3.828124
vt -0.012133 3.668207
vt -0.027532 3.668207
vt -0.028461 3.836080
vt -0.015262 3.836080
vt -0.410458 3.668207
vt -0.419940 3.658925
vt -0.583948 3.828124
vt -0.575821 3.836080
vt -0.583948 3.828124
vt -0.589189 3.817923
vt -0.767508 3.910267
vt -0.763141 3.918767
vt -0.028625 -0.589189
vt -0.015426 -0.589351
vt -0.018713 -0.767643
vt -0.029712 -0.767508
vt -0.589351 3.817923
vt -0.584272 3.828124
vt -0.763411 3.918767
vt -0.767643 3.910267
vt -0.584272 3.828124
vt -0.579031 3.838324
vt -0.759043 3.927268
vt -0.763411 3.918767
vt -0.015299 -0.579031
vt -0.028498 -0.578869
vt -0.029606 -0.758908
vt -0.018607 -0.759043
vt -0.578869 3.838324
vt -0.583948 3.828124
vt -0.763141 3.918767
vt -0.758908 3.927268
vt -0.763141 3.918767
vt -0.763800 3.909259
vt -0.958045 3.923249
vt -0.957518 3.930856
vt -0.029666 -0.763800
vt -0.018667 -0.763935
vt -0.022150 -0.958153
vt -0.030949 -0.958045
vt -0.763935 3.909259
vt -0.763411 3.918767
vt -0.957734 3.930856
vt -0.958153 3.923249
vt -0.763411 3.918767
vt -0.762752 3.928275
vt -0.957207 3.938462
vt -0.957734 3.930856
vt -0.018653 -0.762752
vt -0.029652 -0.762617
vt -0.030938 -0.957099
vt -0.022138 -0.957207
vt -0.762617 3.928275
vt -0.763141 3.918767
vt -0.957518 3.930856
vt -0.957099 3.938462
vt -0.957518 3.930856
vt -0.955268 3.923591
vt -1.165392 3.858941
vt -1.167079 3.864389
vt -0.030915 -0.955268
vt -0.022116 -0.955376
vt -0.025793 -1.165473
vt -0.032392 -1.165392
vt -0.955376 3.923591
vt -0.957734 3.930856
vt -1.167241 3.864389
vt -1.165473 3.858941
vt -0.957734 3.930856
vt -0.959984 3.938120
vt -1.168929 3.869837
vt -1.167241 3.864389
vt -0.022172 -0.959984
vt -0.030972 -0.959876
vt -0.032435 -1.168848
vt -0.025835 -1.168929
vt -0.959876 3.938120
vt -0.957518 3.930856
vt -1.167079 3.864389
vt -1.168848 3.869837
vt 0.000000 0.000000
vt 0.000000 0.500000
vt 0.250000 0.500000
vt 0.250000 0.000000
vt 0.000000 0.500000
vt 0.000000 1.000000
vt 0.250000 1.000000
vt 0.250000 0.500000
vt 0.000000 0.000000
vt 0.000000 0.500000
vt 0.250000 0.500000
vt 0.250000 0.000000
vt 0.000000 0.500000
vt 0.000000 1.000000
vt 0.250000 1.000000
vt 0.250000 0.500000
vt 0.250000 0.000000
vt 0.250000 0.500000
vt 0.500000 0.500000
vt 0.500000 0.000000
vt 0.250000 0.500000
vt 0.250000 1.000000
vt 0.500000 1.000000
vt 0.500000 0.500000
vt 0.250000 0.000000
vt 0.250000 0.500000
vt 0.500000 0.500000
vt 0.500000 0.000000
vt 0.250000 0.500000
vt 0.250000 1.000000
vt 0.500000 1.000000
vt 0.500000 0.500000
vt 0.500000 0.000000
vt 0.500000 0.500000
vt 0.750000 0.500000
vt 0.750000 0.000000
vt 0.500000 0.500000
vt 0.500000 1.000000
vt 0.750000 1.000000
vt 0.750000 0.500000
vt 0.500000 0.000000
vt 0.500000 0.500000
vt 0.750000 0.500000
vt 0.750000 0.000000
vt 0.500000 0.500000
vt 0.500000 1.000000
vt 0.750000 1.000000
vt 0.750000 0.500000
vt 0.750000 0.000000
vt 0.750000 0.500000
vt 1.000000 0.500000
vt 1.000000 0.000000
vt 0.750000 0.500000
vt 0.750000 1.000000
vt 1.000000 1.000000
vt 1.000000 0.500000
vt 0.750000 0.000000
vt 0.750000 0.500000
vt 1.000000 0.500000
vt 1.000000 0.000000
vt 0.750000 0.500000
vt 0.750000 1.000000
vt 1.000000 1.000000
vt 1.000000 0.500000
vt 0.000000 0.000000
vt 0.000000 0.500000
vt 0.250000 0.500000
vt 0.250000 0.000000
vt 0.000000 0.500000
vt 0.000000 1.000000
vt 0.250000 1.000000
vt 0.250000 0.500000
vt 0.000000 0.000000
vt 0.000000 0.500000
vt 0.250000 0.500000
vt 0.250000 0.000000
vt 0.000000 0.500000
vt 0.000000 1.000000
vt 0.250000 1.000000
vt 0.250000 0.500000
vt 0.250000 0.000000
vt 0.250000 0.500000
vt 0.500000 0.500000
vt 0.500000 0.000000
vt 0.250000 0.500000
vt 0.250000 1.000000
vt 0.500000 1.000000
vt 0.500000 0.500000
vt 0.250000 0.000000
vt 0.250000 0.500000
vt 0.500000 0.500000
vt 0.500000 0.000000
vt 0.250000 0.500000
vt 0.250000 1.000000
vt 0.500000 1.000000
vt 0.500000 0.500000
vt 0.500000 0.000000
vt 0.500000 0.500000
vt 0.750000 0.500000
vt 0.750000 0.000000
vt 0.500000 0.500000
vt 0.500000 1.000000
vt 0.750000 1.000000
vt 0.750000 0.500000
vt 0.500000 0.000000
vt 0.500000 0.500000
vt 0.750000 0.500000
vt 0.750000 0.000000
vt 0.500000 0.500000
vt 0.500000 1.000000
vt 0.750000 1.000000
vt 0.750000 0.500000
vt 0.750000 0.000000
vt 0.750000 0.500000
vt 1.000000 0.500000
vt 1.000000 0.000000
vt 0.750000 0.500000
vt 0.750000 1.000000
vt 1.000000 1.000000
vt 1.000000 0.500000
vt 0.750000 0.000000
vt 0.750000 0.500000
vt 1.000000 0.500000
vt 1.000000 0.000000
vt 0.750000 0.500000
vt 0.750000 1.000000
vt 1.000000 1.000000
vt 1.000000 0.500000
vt 0.000000 0.000000
vt 0.000000 0.500000
vt 0.250000 0.500000
vt 0.250000 0.000000
vt 0.000000 0.500000
vt 0.000000 1.000000
vt 0.250000 1.000000
vt 0.250000 0.500000
vt 0.000000 0.000000
vt 0.000000 0.500000
vt 0.250000 0.500000
vt 0.250000 0.000000
vt 0.000000 0.500000
vt 0.000000 1.000000
vt 0.250000 1.000000
vt 0.250000 0.500000
vt 0.250000 0.000000
vt 0.250000 0.500000
vt 0.500000 0.500000
vt 0.500000 0.000000
vt 0.250000 0.500000
vt 0.250000 1.000000
vt 0.500000 1.000000
vt 0.500000 0.500000
vt 0.250000 0.000000
vt 0.250000 0.500000
vt 0.500000 0.500000
vt 0.500000 0.000000
vt 0.250000 0.500000
vt 0.250000 1.000000
vt 0.500000 1.000000
vt 0.500000 0.500000
vt 0.500000 0.000000
vt 0.500000 0.500000
vt 0.750000 0.500000
vt 0.750000 0.000000
vt 0.500000 0.500000
vt 0.500000 1.000000
vt 0.750000 1.000000
vt 0.750000 0.500000
vt 0.500000 0.000000
vt 0.500000 0.500000
vt 0.750000 0.500000
vt 0.750000 0.000000
vt 0.500000 0.500000
vt 0.500000 1.000000
vt 0.750000 1.000000
vt 0.750000 0.500000
vt 0.750000 0.000000
vt 0.750000 0.500000
vt 1.000000 0.500000
vt 1.000000 0.000000
vt 0.750000 0.500000
vt 0.750000 1.000000
vt 1.000000 1.000000
vt 1.000000 0.500000
vt 0.750000 0.000000
vt 0.750000 0.500000
vt 1.000000 0.500000
vt 1.000000 0.000000
vt 0.750000 0.500000
vt 0.750000 1.000000
vt 1.000000 1.000000
vt 1.000000 0.500000
vt 0.000000 0.000000
vt 0.000000 0.500000
vt 0.250000 0.500000
vt 0.250000 0.000000
vt 0.000000 0.500000
vt 0.000000 1.000000
vt 0.250000 1.000000
vt 0.250000 0.500000
vt 0.000000 0.000000
vt 0.000000 0.500000
vt 0.250000 0.500000
vt 0.250000 0.000000
vt 0.000000 0.500000
vt 0.000000 1.000000
vt 0.250000 1.000000
vt 0.250000 0.500000
vt 0.250000 0.000000
vt 0.250000 0.500000
vt 0.500000 0.500000
vt 0.500000 0.000000
vt 0.250000 0.500000
vt 0.250000 1.000000
vt 0.500000 1.000000
vt 0.500000 0.500000
vt 0.250000 0.000000
vt 0.250000 0.500000
vt 0.500000 0.500000
vt 0.500000 0.000000
vt 0.250000 0.500000
vt 0.250000 1.000000
vt 0.500000 1.000000
vt 0.500000 0.500000
vt 0.500000 0.000000
vt 0.500000 0.500000
vt 0.750000 0.500000
vt 0.750000 0.000000
vt 0.500000 0.500000
vt 0.500000 1.000000
vt 0.750000 1.000000
vt 0.750000 0.500000
vt 0.500000 0.000000
vt 0.500000 0.500000
vt 0.750000 0.500000
vt 0.750000 0.000000
vt 0.500000 0.500000
vt 0.500000 1.000000
vt 0.750000 1.000000
vt 0.750000 0.500000
vt 0.750000 0.000000
vt 0.750000 0.500000
vt 1.000000 0.500000
vt 1.000000 0.000000
vt 0.750000 0.500000
vt 0.750000 1.000000
vt 1.000000 1.000000
vt 1.000000 0.500000
vt 0.750000 0.000000
vt 0.750000 0.500000
vt 1.000000 0.500000
vt 1.000000 0.000000
vt 0.750000 0.500000
vt 0.750000 1.000000
vt 1.000000 1.000000
vt 1.000000 0.500000
vt 0.000000 0.000000
vt 0.000000 0.500000
vt 0.250000 0.500000
vt 0.250000 0.000000
vt 0.000000 0.500000
vt 0.000000 1.000000
vt 0.250000 1.000000
vt 0.250000 0.500000
vt 0.000000 0.000000
vt 0.000000 0.500000
vt 0.250000 0.500000
vt 0.250000 0.000000
vt 0.000000 0.500000
vt 0.000000 1.000000
vt 0.250000 1.000000
vt 0.250000 0.500000
vt 0.250000 0.000000
vt 0.250000 0.500000
vt 0.500000 0.500000
vt 0.500000 0.000000
vt 0.250000 0.500000
vt 0.250000 1.000000
vt 0.500000 1.000000
vt 0.500000 0.500000
vt 0.250000 0.000000
vt 0.250000 0.500000
vt 0.500000 0.500000
vt 0.500000 0.000000
vt 0.250000 0.500000
vt 0.250000 1.000000
vt 0.500000 1.000000
vt 0.500000 0.500000
vt 0.500000 0.000000
vt 0.500000 0.500000
vt 0.750000 0.500000
vt 0.750000 0.000000
vt 0.500000 0.500000
vt 0.500000 1.000000
vt 0.750000 1.000000
vt 0.750000 0.500000
vt 0.500000 0.000000
vt 0.500000 0.500000
vt 0.750000 0.500000
vt 0.750000 0.000000
vt 0.500000 0.500000
vt 0.500000 1.000000
vt 0.750000 1.000000
vt 0.750000 0.500000
vt 0.750000 0.000000
vt 0.750000 0.500000
vt 1.000000 0.500000
vt 1.000000 0.000000
vt 0.750000 0.500000
vt 0.750000 1.000000
vt 1.000000 1.000000
vt 1.000000 0.500000
vt 0.750000 0.000000
vt 0.750000 0.500000
vt 1.000000 0.500000
vt 1.000000 0.000000
vt 0.750000 0.500000
vt 0.750000 1.000000
vt 1.000000 1.000000
vt 1.000000 0.500000
vt 0.000000 0.000000
vt 0.000000 0.500000
vt 0.250000 0.500000
vt 0.250000 0.000000
vt 0.000000 0.500000
vt 0.000000 1.000000
vt 0.250000 1.000000
vt 0.250000 0.500000
vt 0.000000 0.000000
vt 0.000000 0.500000
vt 0.250000 0.500000
vt 0.250000 0.000000
vt 0.000000 0.500000
vt 0.000000 1.000000
vt 0.250000 1.000000
vt 0.250000 0.500000
vt 0.250000 0.000000
vt 0.250000 0.500000
vt 0.500000 0.500000
vt 0.500000 0.000000
vt 0.250000 0.500000
vt 0.250000 1.000000
vt 0.500000 1.000000
vt 0.500000 0.500000
vt 0.250000 0.000000
vt 0.250000 0.500000
vt 0.500000 0.500000
vt 0.500000 0.000000
vt 0.250000 0.500000
vt 0.250000 1.000000
vt 0.500000 1.000000
vt 0.500000 0.500000
vt 0.500000 0.000000
vt 0.500000 0.500000
vt 0.750000 0.500000
vt 0.750000 0.000000
vt 0.500000 0.500000
vt 0.500000 1.000000
vt 0.750000 1.000000
vt 0.750000 0.500000
vt 0.500000 0.000000
vt 0.500000 0.500000
vt 0.750000 0.500000
vt 0.750000 0.000000
vt 0.500000 0.500000
vt 0.500000 1.000000
vt 0.750000 1.000000
vt 0.750000 0.500000
vt 0.750000 0.000000
vt 0.750000 0.500000
vt 1.000000 0.500000
vt 1.000000 0.000000
vt 0.750000 0.500000
vt 0.750000 1.000000
vt 1.000000 1.000000
vt 1.000000 0.500000
vt 0.750000 0.000000
vt 0.750000 0.500000
vt 1.000000 0.500000
vt 1.000000 0.000000
vt 0.750000 0.500000
vt 0.750000 1.000000
vt 1.000000 1.000000
vt 1.000000 0.500000
vt -0.035449 2.680000
vt -0.018940 2.671220
vt 0.038619 2.967563
vt 0.023761 2.975465
vt -0.018940 2.671220
vt 0.001476 2.671220
vt 0.056993 2.967563
vt 0.038619 2.967563
vt -0.030882 2.671220
vt -0.011092 2.680000
vt -0.154272 2.975465
vt -0.172083 2.967563
vt 0.005382 2.680000
vt -0.011127 2.688780
vt 0.045651 2.983366
vt 0.060509 2.975465
vt -0.011127 2.688780
vt -0.031542 2.688780
vt 0.027277 2.983366
vt 0.045651 2.983366
vt -0.007698 2.688780
vt -0.027488 2.680000
vt -0.169029 2.975465
vt -0.151218 2.983366
vt 0.023761 2.975465
vt 0.037924 2.964709
vt 0.105275 3.188750
vt 0.092685 3.198311
vt 0.037924 2.964709
vt 0.056298 2.964709
vt 0.121607 3.188750
vt 0.105275 3.188750
vt -0.170354 2.964709
vt -0.154272 2.975465
vt -0.321644 3.198311
vt -0.335939 3.188750
vt 0.060509 2.975465
vt 0.046345 2.986220
vt 0.112760 3.207871
vt 0.125350 3.198311
vt 0.046345 2.986220
vt 0.027971 2.986220
vt 0.096428 3.207871
vt 0.112760 3.207871
vt -0.152947 2.986220
vt -0.169029 2.975465
vt -0.334761 3.198311
vt -0.320466 3.207871
vt -0.334761 3.198311
vt -0.339828 3.186005
vt -0.529117 3.337771
vt -0.524684 3.348538
vt 0.104203 -0.339828
vt 0.120535 -0.333269
vt 0.195692 -0.523379
vt 0.181402 -0.529117
vt -0.333269 3.186005
vt -0.321644 3.198311
vt -0.513206 3.348538
vt -0.523379 3.337771
vt -0.321644 3.198311
vt -0.316577 3.210617
vt -0.508773 3.359306
vt -0.513206 3.348538
vt 0.113832 -0.316577
vt 0.097500 -0.323136
vt 0.175536 -0.514512
vt 0.189827 -0.508773
vt -0.323136 3.210617
vt -0.334761 3.198311
vt -0.524684 3.348538
vt -0.514512 3.359306
vt -0.524684 3.348538
vt -0.525747 3.335892
vt -0.739709 3.415308
vt -0.738798 3.426147
vt 0.180048 -0.525747
vt 0.194339 -0.520008
vt 0.279404 -0.734790
vt 0.267155 -0.739709
vt -0.520008 3.335892
vt -0.513206 3.348538
vt -0.728960 3.426147
vt -0.734790 3.415308
vt -0.513206 3.348538
vt -0.512144 3.361184
vt -0.728049 3.436986
vt -0.728960 3.426147
vt 0.191181 -0.512144
vt 0.176890 -0.517882
vt 0.264448 -0.732968
vt 0.276697 -0.728049
vt -0.517882 3.361184
vt -0.524684 3.348538
vt -0.738798 3.426147
vt -0.732968 3.436986
vt -0.738798 3.426147
vt -0.736544 3.414718
vt -0.975225 3.421613
vt -0.977103 3.431137
vt 0.265884 -0.736544
vt 0.278133 -0.731625
vt 0.373124 -0.971126
vt 0.362917 -0.975225
vt -0.731625 3.414718
vt -0.728960 3.426147
vt -0.968905 3.431137
vt -0.971126 3.421613
vt -0.728960 3.426147
vt -0.731214 3.437576
vt -0.970783 3.440662
vt -0.968905 3.431137
vt 0.277968 -0.731214
vt 0.265719 -0.736133
vt 0.362779 -0.974882
vt 0.372987 -0.970783
vt -0.736133 3.437576
vt -0.738798 3.426147
vt -0.977103 3.431137
vt -0.974882 3.440662
vt -0.977103 3.431137
vt -0.973004 3.421870
vt -1.236320 3.356095
vt -1.239599 3.363509
vt 0.362025 -0.973004
vt 0.372233 -0.968905
vt 0.477117 -1.233041
vt 0.468951 -1.236320
vt -0.968905 3.421870
vt -0.968905 3.431137
vt -1.233041 3.363509
vt -1.233041 3.356095
vt -0.968905 3.431137
vt -0.973004 3.440404
vt -1.236320 3.370922
vt -1.233041 3.363509
vt 0.373879 -0.973004
vt 0.363671 -0.977103
vt 0.470268 -1.239599
vt 0.478434 -1.236320
vt -0.977103 3.440404
vt -0.977103 3.431137
vt -1.239599 3.363509
vt -1.239599 3.370922
vt -1.239599 3.363509
vt -1.235043 3.356566
vt -1.522870 3.218054
vt -1.526287 3.223261
vt 0.468438 -1.235043
vt 0.476604 -1.231764
vt 0.591331 -1.520410
vt 0.585206 -1.522870
vt -1.231764 3.356566
vt -1.233041 3.363509
vt -1.521368 3.223261
vt -1.520410 3.218054
vt -1.233041 3.363509
vt -1.237597 3.370451
vt -1.524785 3.228468
vt -1.521368 3.223261
vt 0.478946 -1.237597
vt 0.470780 -1.240876
vt 0.586963 -1.527244
vt 0.593088 -1.524785
vt -1.240876 3.370451
vt -1.239599 3.363509
vt -1.526287 3.223261
vt -1.527244 3.228468
vt 0.000000 0.000000
vt 0.000000 0.500000
vt 0.250000 0.500000
vt 0.250000 0.000000
vt 0.000000 0.500000
vt 0.000000 1.000000
vt 0.250000 1.000000
vt 0.250000 0.500000
vt 0.000000 0.000000
vt 0.000000 0.500000
vt 0.250000 0.500000
vt 0.250000 0.000000
vt 0.000000 0.500000
vt 0.000000 1.000000
vt 0.250000 1.000000
vt 0.250000 0.500000
vt 0.250000 0.000000
vt 0.250000 0.500000
vt 0.500000 0.500000
vt 0.500000 0.000000
vt 0.250000 0.500000
vt 0.250000 1.000000
vt 0.500000 1.000000
vt 0.500000 0.500000
vt 0.250000 0.000000
vt 0.250000 0.500000
vt 0.500000 0.500000
vt 0.500000 0.000000
vt 0.250000 0.500000
vt 0.250000 1.000000
vt 0.500000 1.000000
vt 0.500000 0.500000
vt 0.500000 0.000000
vt 0.500000 0.500000
vt 0.750000 0.500000
vt 0.750000 0.000000
vt 0.500000 0.500000
vt 0.500000 1.000000
vt 0.750000 1.000000
vt 0.750000 0.500000
vt 0.500000 0.000000
vt 0.500000 0.500000
vt 0.750000 0.500000
vt 0.750000 0.000000
vt 0.500000 0.500000
vt 0.500000 1.000000
vt 0.750000 1.000000
vt 0.750000 0.500000
vt 0.750000 0.000000
vt 0.750000 0.500000
vt 1.000000 0.500000
vt 1.000000 0.000000
vt 0.750000 0.500000
vt 0.750000 1.000000
vt 1.000000 1.000000
vt 1.000000 0.500000
vt 0.750000 0.000000
vt 0.750000 0.500000
vt 1.000000 0.500000
vt 1.000000 0.000000
vt 0.750000 0.500000
vt 0.750000 1.000000
vt 1.000000 1.000000
vt 1.000000 0.500000
vt 0.000000 0.000000
vt 0.000000 0.500000
vt 0.250000 0.500000
vt 0.250000 0.000000
vt 0.000000 0.500000
vt 0.000000 1.000000
vt 0.250000 1.000000
vt 0.250000 0.500000
vt 0.000000 0.000000
vt 0.000000 0.500000
vt 0.250000 0.500000
vt 0.250000 0.000000
vt 0.000000 0.500000
vt 0.000000 1.000000
vt 0.250000 1.000000
vt 0.250000 0.500000
vt 0.250000 0.000000
vt 0.250000 0.500000
vt 0.500000 0.500000
vt 0.500000 0.000000
vt 0.250000 0.500000
vt 0.250000 1.000000
vt 0.500000 1.000000
vt 0.500000 0.500000
vt 0.250000 0.000000
vt 0.250000 0.500000
vt 0.500000 0.500000
vt 0.500000 0.000000
vt 0.250000 0.500000
vt 0.250000 1.000000
vt 0.500000 1.000000
vt 0.500000 0.500000
vt 0.500000 0.000000
vt 0.500000 0.500000
vt 0.750000 0.500000
vt 0.750000 0.000000
vt 0.500000 0.500000
vt 0.500000 1.000000
vt 0.750000 1.000000
vt 0.750000 0.500000
vt 0.500000 0.000000
vt 0.500000 0.500000
vt 0.750000 0.500000
vt 0.750000 0.000000
vt 0.500000 0.500000
vt 0.500000 1.000000
vt 0.750000 1.000000
vt 0.750000 0.500000
vt 0.750000 0.000000
vt 0.750000 0.500000
vt 1.000000 0.500000
vt 1.000000 0.000000
vt 0.750000 0.500000
vt 0.750000 1.000000
vt 1.000000 1.000000
vt 1.000000 0.500000
vt 0.750000 0.000000
vt 0.750000 0.500000
vt 1.000000 0.500000
vt 1.000000 0.000000
vt 0.750000 0.500000
vt 0.750000 1.000000
vt 1.000000 1.000000
vt 1.000000 0.500000
vt 0.000000 0.000000
vt 0.000000 0.500000
vt 0.250000 0.500000
vt 0.250000 0.000000
vt 0.000000 0.500000
vt 0.000000 1.000000
vt 0.250000 1.000000
vt 0.250000 0.500000
vt 0.000000 0.000000
vt 0.000000 0.500000
vt 0.250000 0.500000
vt 0.250000 0.000000
vt 0.000000 0.500000
vt 0.000000 1.000000
vt 0.250000 1.000000
vt 0.250000 0.500000
vt 0.250000 0.000000
vt 0.250000 0.500000
vt 0.500000 0.500000
vt 0.500000 0.000000
vt 0.250000 0.500000
vt 0.250000 1.000000
vt 0.500000 1.000000
vt 0.500000 0.500000
vt 0.250000 0.000000
vt 0.250000 0.500000
vt 0.500000 0.500000
vt 0.500000 0.000000
vt 0.250000 0.500000
vt 0.250000 1.000000
vt 0.500000 1.000000
vt 0.500000 0.500000
vt 0.500000 0.000000
vt 0.500000 0.500000
vt 0.750000 0.500000
vt 0.750000 0.000000
vt 0.500000 0.500000
vt 0.500000 1.000000
vt 0.750000 1.000000
vt 0.750000 0.500000
vt 0.500000 0.000000
vt 0.500000 0.500000
vt 0.750000 0.500000
vt 0.750000 0.000000
vt 0.500000 0.500000
vt 0.500000 1.000000
vt 0.750000 1.000000
vt 0.750000 0.500000
vt 0.750000 0.000000
vt 0.750000 0.500000
vt 1.000000 0.500000
vt 1.000000 0.000000
vt 0.750000 0.500000
vt 0.750000 1.000000
vt 1.000000 1.000000
vt 1.000000 0.500000
vt 0.750000 0.000000
vt 0.750000 0.500000
vt 1.000000 0.500000
vt 1.000000 0.000000
vt 0.750000 0.500000
vt 0.750000 1.000000
vt 1.000000 1.000000
vt 1.000000 0.500000
vt 0.000000 0.000000
vt 0.000000 0.500000
vt 0.250000 0.500000
vt 0.250000 0.000000
vt 0.000000 0.500000
vt 0.000000 1.000000
vt 0.250000 1.000000
vt 0.250000 0.500000
vt 0.000000 0.000000
vt 0.000000 0.500000
vt 0.250000 0.500000
vt 0.250000 0.000000
vt 0.000000 0.500000
vt 0.000000 1.000000
vt 0.250000 1.000000
vt 0.250000 0.500000
vt 0.250000 0.000000
vt 0.250000 0.500000
vt 0.500000 0.500000
vt 0.500000 0.000000
vt 0.250000 0.500000
vt 0.250000 1.000000
vt 0.500000 1.000000
vt 0.500000 0.500000
vt 0.250000 0.000000
vt 0.250000 0.500000
vt 0.500000 0.500000
vt 0.500000 0.000000
vt 0.250000 0.500000
vt 0.250000 1.000000
vt 0.500000 1.000000
vt 0.500000 0.500000
vt 0.500000 0.000000
vt 0.500000 0.500000
vt 0.750000 0.500000
vt 0.750000 0.000000
vt 0.500000 0.500000
vt 0.500000 1.000000
vt 0.750000 1.000000
vt 0.750000 0.500000
vt 0.500000 0.000000
vt 0.500000 0.500000
vt 0.750000 0.500000
vt 0.750000 0.000000
vt 0.500000 0.500000
vt 0.500000 1.000000
vt 0.750000 1.000000
vt 0.750000 0.500000
vt 0.750000 0.000000
vt 0.750000 0.500000
vt 1.000000 0.500000
vt 1.000000 0.000000
vt 0.750000 0.500000
vt 0.750000 1.000000
vt 1.000000 1.000000
vt 1.000000 0.500000
vt 0.750000 0.000000
vt 0.750000 0.500000
vt 1.000000 0.500000
vt 1.000000 0.000000
vt 0.750000 0.500000
vt 0.750000 1.000000
vt 1.000000 1.000000
vt 1.000000 0.500000
vt 0.000000 0.000000
vt 0.000000 0.500000
vt 0.250000 0.500000
vt 0.250000 0.000000
vt 0.000000 0.500000
vt 0.000000 1.000000
vt 0.250000 1.000000
vt 0.250000 0.500000
vt 0.000000 0.000000
vt 0.000000 0.500000
vt 0.250000 0.500000
vt 0.250000 0.000000
vt 0.000000 0.500000
vt 0.000000 1.000000
vt 0.250000 1.000000
vt 0.250000 0.500000
vt 0.250000 0.000000
vt 0.250000 0.500000
vt 0.500000 0.500000
vt 0.500000 0.000000
vt 0.250000 0.500000
vt 0.250000 1.000000
vt 0.500000 1.000000
vt 0.500000 0.500000
vt 0.250000 0.000000
vt 0.250000 0.500000
vt 0.500000 0.500000
vt 0.500000 0.000000
vt 0.250000 0.500000
vt 0.250000 1.000000
vt 0.500000 1.000000
vt 0.500000 0.500000
vt 0.500000 0.000000
vt 0.500000 0.500000
vt 0.750000 0.500000
vt 0.750000 0.000000
vt 0.500000 0.500000
vt 0.500000 1.000000
vt 0.750000 1.000000
vt 0.750000 0.500000
vt 0.500000 0.000000
vt 0.500000 0.500000
vt 0.750000 0.500000
vt 0.750000 0.000000
vt 0.500000 0.500000
vt 0.500000 1.000000
vt 0.750000 1.000000
vt 0.750000 0.500000
vt 0.750000 0.000000
vt 0.750000 0.500000
vt 1.000000 0.500000
vt 1.000000 0.000000
vt 0.750000 0.500000
vt 0.750000 1.000000
vt 1.000000 1.000000
vt 1.000000 0.500000
vt 0.750000 0.000000
vt 0.750000 0.500000
vt 1.000000 0.500000
vt 1.000000 0.000000
vt 0.750000 0.500000
vt 0.750000 1.000000
vt 1.000000 1.000000
vt 1.000000 0.500000
vt 0.000000 0.000000
vt 0.000000 0.500000
vt 0.250000 0.500000
vt 0.250000 0.000000
vt 0.000000 0.500000
vt 0.000000 1.000000
vt 0.250000 1.000000
vt 0.250000 0.500000
vt 0.000000 0.000000
vt 0.000000 0.500000
vt 0.250000 0.500000
vt 0.250000 0.000000
vt 0.000000 0.500000
vt 0.000000 1.000000
vt 0.250000 1.000000
vt 0.250000 0.500000
vt 0.250000 0.000000
vt 0.250000 0.500000
vt 0.500000 0.500000
vt 0.500000 0.000000
vt 0.250000 0.500000
vt 0.250000 1.000000
vt 0.500000 1.000000
vt 0.500000 0.500000
vt 0.250000 0.000000
vt 0.250000 0.500000
vt 0.500000 0.500000
vt 0.500000 0.000000
vt 0.250000 0.500000
vt 0.250000 1.000000
vt 0.500000 1.000000
vt 0.500000 0.500000
vt 0.500000 0.000000
vt 0.500000 0.500000
vt 0.750000 0.500000
vt 0.750000 0.000000
vt 0.500000 0.500000
vt 0.500000 1.000000
vt 0.750000 1.000000
vt 0.750000 0.500000
vt 0.500000 0.000000
vt 0.500000 0.500000
vt 0.750000 0.500000
vt 0.750000 0.000000
vt 0.500000 0.500000
vt 0.500000 1.000000
vt 0.750000 1.000000
vt 0.750000 0.500000
vt 0.750000 0.000000
vt 0.750000 0.500000
vt 1.000000 0.500000
vt 1.000000 0.000000
vt 0.750000 0.500000
vt 0.750000 1.000000
vt 1.000000 1.000000
vt 1.000000 0.500000
vt 0.750000 0.000000
vt 0.750000 0.500000
vt 1.000000 0.500000
vt 1.000000 0.000000
vt 0.750000 0.500000
vt 0.750000 1.000000
vt 1.000000 1.000000
vt 1.000000 0.500000
vt -0.031028 2.680000
vt -0.013026 2.667725
vt 0.112479 2.886276
vt 0.096278 2.897324
vt -0.013026 -0.037436
vt 0.002969 -0.022331
vt 0.126875 -0.155135
vt 0.112479 -0.168730
vt -0.022331 2.667725
vt -0.004185 2.680000
vt -0.138804 2.897324
vt -0.155135 2.886276
vt 0.000961 2.680000
vt -0.017041 2.692275
vt 0.108867 2.908372
vt 0.125068 2.897324
vt -0.017041 -0.001144
vt -0.033035 -0.016249
vt 0.094471 -0.149661
vt 0.108867 -0.136067
vt -0.016249 2.692275
vt -0.034395 2.680000
vt -0.165993 2.897324
vt -0.149661 2.908372
vt 0.096278 2.897324
vt 0.109888 2.882943
vt 0.256180 3.022844
vt 0.244082 3.035627
vt 0.109888 -0.165986
vt 0.124283 -0.152391
vt 0.268976 -0.307206
vt 0.256180 -0.319290
vt -0.152391 2.882943
vt -0.138804 2.897324
vt -0.295128 3.035627
vt -0.307206 3.022844
vt 0.125068 2.897324
vt 0.111458 2.911704
vt 0.257575 3.048409
vt 0.269674 3.035627
vt 0.111458 -0.138810
vt 0.097062 -0.152405
vt 0.244780 -0.307219
vt 0.257575 -0.295134
vt -0.152405 2.911704
vt -0.165993 2.897324
vt -0.319297 3.035627
vt -0.307219 3.048409
vt 0.244082 3.035627
vt 0.252962 3.020820
vt 0.420155 3.081953
vt 0.412385 3.094909
vt 0.252962 -0.315883
vt 0.265758 -0.303799
vt 0.431352 -0.480745
vt 0.420155 -0.491319
vt -0.303799 3.020820
vt -0.295128 3.035627
vt -0.473159 3.094909
vt -0.480745 3.081953
vt 0.269674 3.035627
vt 0.260793 3.050434
vt 0.427008 3.107866
vt 0.434778 3.094909
vt 0.260793 -0.298542
vt 0.247998 -0.310626
vt 0.415811 -0.486719
vt 0.427008 -0.476145
vt -0.310626 3.050434
vt -0.319297 3.035627
vt -0.494306 3.094909
vt -0.486719 3.107866
vt -0.494306 3.094909
vt -0.488319 3.081607
vt -0.685889 3.063769
vt -0.691021 3.075171
vt 0.417322 -0.488319
vt 0.428518 -0.477745
vt 0.615015 -0.676826
vt 0.605418 -0.685889
vt 0.428518 3.081607
vt 0.434778 3.094909
vt 0.620380 3.075171
vt 0.615015 3.063769
vt -0.473159 3.094909
vt -0.479145 3.108211
vt -0.678026 3.086573
vt -0.672894 3.075171
vt 0.429841 -0.479145
vt 0.418644 -0.489719
vt 0.606552 -0.687089
vt 0.616149 -0.678026
vt 0.418644 3.108211
vt 0.412385 3.094909
vt 0.601187 3.075171
vt 0.606552 3.086573
vt -0.691021 3.075171
vt -0.683910 3.064304
vt -0.903516 2.967356
vt -0.909441 2.976412
vt 0.603549 -0.683910
vt 0.613146 -0.674847
vt 0.820453 -0.895963
vt 0.812456 -0.903516
vt 0.613146 3.064304
vt 0.620380 3.075171
vt 0.826482 2.976412
vt 0.820453 2.967356
vt -0.672894 3.075171
vt -0.680005 3.086038
vt -0.900262 2.985468
vt -0.894336 2.976412
vt 0.618018 -0.680005
vt 0.608421 -0.689069
vt 0.816516 -0.907815
vt 0.824513 -0.900262
vt 0.608421 3.086038
vt 0.601187 3.075171
vt 0.810487 2.976412
vt 0.816516 2.985468
vt -0.909441 2.976412
vt -0.902398 2.968012
vt -1.143933 2.791913
vt -1.149568 2.798633
vt 0.811401 -0.902398
vt 0.819398 -0.894846
vt 1.047415 -1.137891
vt 1.041017 -1.143933
vt 0.819398 2.968012
vt 0.826482 2.976412
vt 1.053082 2.798633
vt 1.047415 2.791913
vt -0.894336 2.976412
vt -0.901379 2.984812
vt -1.143118 2.805353
vt -1.137483 2.798633
vt 0.825568 -0.901379
vt 0.817571 -0.908932
vt 1.045953 -1.149160
vt 1.052351 -1.143118
vt 0.817571 2.984812
vt 0.810487 2.976412
vt 1.040286 2.798633
vt 1.045953 2.805353
vt -1.149568 2.798633
vt -1.143342 2.792416
vt -1.406730 2.537170
vt -1.411400 2.541833
vt 1.040458 -1.143342
vt 1.046856 -1.137300
vt 1.295511 -1.402199
vt 1.290713 -1.406730
vt 1.046856 2.792416
vt 1.053082 2.798633
vt 1.300180 2.541833
vt 1.295511 2.537170
vt -1.137483 2.798633
vt -1.143709 2.804850
vt -1.407006 2.546496
vt -1.402336 2.541833
vt 1.052909 -1.143709
vt 1.046511 -1.149751
vt 1.295252 -1.411537
vt 1.300051 -1.407006
vt 1.046511 2.804850
vt 1.040286 2.798633
vt 1.290583 2.541833
vt 1.295252 2.546496
vt 0.000000 0.000000
vt 0.000000 0.500000
vt 0.250000 0.500000
vt 0.250000 0.000000
vt 0.000000 0.500000
vt 0.000000 1.000000
vt 0.250000 1.000000
vt 0.250000 0.500000
vt 0.000000 0.000000
vt 0.000000 0.500000
vt 0.250000 0.500000
vt 0.250000 0.000000
vt 0.000000 0.500000
vt 0.000000 1.000000
vt 0.250000 1.000000
vt 0.250000 0.500000
vt 0.250000 0.000000
vt 0.250000 0.500000
vt 0.500000 0.500000
vt 0.500000 0.000000
vt 0.250000 0.500000
vt 0.250000 1.000000
vt 0.500000 1.000000
vt 0.500000 0.500000
vt 0.250000 0.000000
vt 0.250000 0.500000
vt 0.500000 0.500000
vt 0.500000 0.000000
vt 0.250000 0.500000
vt 0.250000 1.000000
vt 0.500000 1.000000
vt 0.500000 0.500000
vt 0.500000 0.000000
vt 0.500000 0.500000
vt 0.750000 0.500000
vt 0.750000 0.000000
vt 0.500000 0.500000
vt 0.500000 1.000000
vt 0.750000 1.000000
vt 0.750000 0.500000
vt 0.500000 0.000000
vt 0.500000 0.500000
vt 0.750000 0.500000
vt 0.750000 0.000000
vt 0.500000 0.500000
vt 0.500000 1.000000
vt 0.750000 1.000000
vt 0.750000 0.500000
vt 0.750000 0.000000
vt 0.750000 0.500000
vt 1.000000 0.500000
vt 1.000000 0.000000
vt 0.750000 0.500000
vt 0.750000 1.000000
vt 1.000000 1.000000
vt 1.000000 0.500000
vt 0.750000 0.000000
vt 0.750000 0.500000
vt 1.000000 0.500000
vt 1.000000 0.000000
vt 0.750000 0.500000
vt 0.750000 1.000000
vt 1.000000 1.000000
vt 1.000000 0.500000
vt 0.000000 0.000000
vt 0.000000 0.500000
vt 0.250000 0.500000
vt 0.250000 0.000000
vt 0.000000 0.500000
vt 0.000000 1.000000
vt 0.250000 1.000000
vt 0.250000 0.500000
vt 0.000000 0.000000
vt 0.000000 0.500000
vt 0.250000 0.500000
vt 0.250000 0.000000
vt 0.000000 0.500000
vt 0.000000 1.000000
vt 0.250000 1.000000
vt 0.250000 0.500000
vt 0.250000 0.000000
vt 0.250000 0.500000
vt 0.500000 0.500000
vt 0.500000 0.000000
vt 0.250000 0.500000
vt 0.250000 1.000000
vt 0.500000 1.000000
vt 0.500000 0.500000
vt 0.250000 0.000000
vt 0.250000 0.500000
vt 0.500000 0.500000
vt 0.500000 0.000000
vt 0.250000 0.500000
vt 0.250000 1.000000
vt 0.500000 1.000000
vt 0.500000 0.500000
vt 0.500000 0.000000
vt 0.500000 0.500000
vt 0.750000 0.500000
vt 0.750000 0.000000
vt 0.500000 0.500000
vt 0.500000 1.000000
vt 0.750000 1.000000
vt 0.750000 0.500000
vt 0.500000 0.000000
vt 0.500000 0.500000
vt 0.750000 0.500000
vt 0.750000 0.000000
vt 0.500000 0.500000
vt 0.500000 1.000000
vt 0.750000 1.000000
vt 0.750000 0.500000
vt 0.750000 0.000000
vt 0.750000 0.500000
vt 1.000000 0.500000
vt 1.000000 0.000000
vt 0.750000 0.500000
vt 0.750000 1.000000
vt 1.000000 1.000000
vt 1.000000 0.500000
vt 0.750000 0.000000
vt 0.750000 0.500000
vt 1.000000 0.500000
vt 1.000000 0.000000
vt 0.750000 0.500000
vt 0.750000 1.000000
vt 1.000000 1.000000
vt 1.000000 0.500000
vt 0.000000 0.000000
vt 0.000000 0.500000
vt 0.250000 0.500000
vt 0.250000 0.000000
vt 0.000000 0.500000
vt 0.000000 1.000000
vt 0.250000 1.000000
vt 0.250000 0.500000
vt 0.000000 0.000000
vt 0.000000 0.500000
vt 0.250000 0.500000
vt 0.250000 0.000000
vt 0.000000 0.500000
vt 0.000000 1.000000
vt 0.250000 1.000000
vt 0.250000 0.500000
vt 0.250000 0.000000
vt 0.250000 0.500000
vt 0.500000 0.500000
vt 0.500000 0.000000
vt 0.250000 0.500000
vt 0.250000 1.000000
vt 0.500000 1.000000
vt 0.500000 0.500000
vt 0.250000 0.000000
vt 0.250000 0.500000
vt 0.500000 0.500000
vt 0.500000 0.000000
vt 0.250000 0.500000
vt 0.250000 1.000000
vt 0.500000 1.000000
vt 0.500000 0.500000
vt 0.500000 0.000000
vt 0.500000 0.500000
vt 0.750000 0.500000
vt 0.750000 0.000000
vt 0.500000 0.500000
vt 0.500000 1.000000
vt 0.750000 1.000000
vt 0.750000 0.500000
vt 0.500000 0.000000
vt 0.500000 0.500000
vt 0.750000 0.500000
vt 0.750000 0.000000
vt 0.500000 0.500000
vt 0.500000 1.000000
vt 0.750000 1.000000
vt 0.750000 0.500000
vt 0.750000 0.000000
vt 0.750000 0.500000
vt 1.000000 0.500000
vt 1.000000 0.000000
vt 0.750000 0.500000
vt 0.750000 1.000000
vt 1.000000 1.000000
vt 1.000000 0.500000
vt 0.750000 0.000000
vt 0.750000 0.500000
vt 1.000000 0.500000
vt 1.000000 0.000000
vt 0.750000 0.500000
vt 0.750000 1.000000
vt 1.000000 1.000000
vt 1.000000 0.500000
vt 0.000000 0.000000
vt 0.000000 0.500000
vt 0.250000 0.500000
vt 0.250000 0.000000
vt 0.000000 0.500000
vt 0.000000 1.000000
vt 0.250000 1.000000
vt 0.250000 0.500000
vt 0.000000 0.000000
vt 0.000000 0.500000
vt 0.250000 0.500000
vt 0.250000 0.000000
vt 0.000000 0.500000
vt 0.000000 1.000000
vt 0.250000 1.000000
vt 0.250000 0.500000
vt 0.250000 0.000000
vt 0.250000 0.500000
vt 0.500000 0.500000
vt 0.500000 0.000000
vt 0.250000 0.500000
vt 0.250000 1.000000
vt 0.500000 1.000000
vt 0.500000 0.500000
vt 0.250000 0.000000
vt 0.250000 0.500000
vt 0.500000 0.500000
vt 0.500000 0.000000
vt 0.250000 0.500000
vt 0.250000 1.000000
vt 0.500000 1.000000
vt 0.500000 0.500000
vt 0.500000 0.000000
vt 0.500000 0.500000
vt 0.750000 0.500000
vt 0.750000 0.000000
vt 0.500000 0.500000
vt 0.500000 1.000000
vt 0.750000 1.000000
vt 0.750000 0.500000
vt 0.500000 0.000000
vt 0.500000 0.500000
vt 0.750000 0.500000
vt 0.750000 0.000000
vt 0.500000 0.500000
vt 0.500000 1.000000
vt 0.750000 1.000000
vt 0.750000 0.500000
vt 0.750000 0.000000
vt 0.750000 0.500000
vt 1.000000 0.500000
vt 1.000000 0.000000
vt 0.750000 0.500000
vt 0.750000 1.000000
vt 1.000000 1.000000
vt 1.000000 0.500000
vt 0.750000 0.000000
vt 0.750000 0.500000
vt 1.000000 0.500000
vt 1.000000 0.000000
vt 0.750000 0.500000
vt 0.750000 1.000000
vt 1.000000 1.000000
vt 1.000000 0.500000
vt 0.000000 0.000000
vt 0.000000 0.500000
vt 0.250000 0.500000
vt 0.250000 0.000000
vt 0.000000 0.500000
vt 0.000000 1.000000
vt 0.250000 1.000000
vt 0.250000 0.500000
vt 0.000000 0.000000
vt 0.000000 0.500000
vt 0.250000 0.500000
vt 0.250000 0.000000
vt 0.000000 0.500000
vt 0.000000 1.000000
vt 0.250000 1.000000
vt 0.250000 0.500000
vt 0.250000 0.000000
vt 0.250000 0.500000
vt 0.500000 0.500000
vt 0.500000 0.000000
vt 0.250000 0.500000
vt 0.250000 1.000000
vt 0.500000 1.000000
vt 0.500000 0.500000
vt 0.250000 0.000000
vt 0.250000 0.500000
vt 0.500000 0.500000
vt 0.500000 0.000000
vt 0.250000 0.500000
vt 0.250000 1.000000
vt 0.500000 1.000000
vt 0.500000 0.500000
vt 0.500000 0.000000
vt 0.500000 0.500000
vt 0.750000 0.500000
vt 0.750000 0.000000
vt 0.500000 0.500000
vt 0.500000 1.000000
vt 0.750000 1.000000
vt 0.750000 0.500000
vt 0.500000 0.000000
vt 0.500000 0.500000
vt 0.750000 0.500000
vt 0.750000 0.000000
vt 0.500000 0.500000
vt 0.500000 1.000000
vt 0.750000 1.000000
vt 0.750000 0.500000
vt 0.750000 0.000000
vt 0.750000 0.500000
vt 1.000000 0.500000
vt 1.000000 0.000000
vt 0.750000 0.500000
vt 0.750000 1.000000
vt 1.000000 1.000000
vt 1.000000 0.500000
vt 0.750000 0.000000
vt 0.750000 0.500000
vt 1.000000 0.500000
vt 1.000000 0.000000
vt 0.750000 0.500000
vt 0.750000 1.000000
vt 1.000000 1.000000
vt 1.000000 0.500000
vt 0.000000 0.000000
vt 0.000000 0.500000
vt 0.250000 0.500000
vt 0.250000 0.000000
vt 0.000000 0.500000
vt 0.000000 1.000000
vt 0.250000 1.000000
vt 0.250000 0.500000
vt 0.000000 0.000000
vt 0.000000 0.500000
vt 0.250000 0.500000
vt 0.250000 0.000000
vt 0.000000 0.500000
vt 0.000000 1.000000
vt 0.250000 1.000000
vt 0.250000 0.500000
vt 0.250000 0.000000
vt 0.250000 0.500000
vt 0.500000 0.500000
vt 0.500000 0.000000
vt 0.250000 0.500000
vt 0.250000 1.000000
vt 0.500000 1.000000
vt 0.500000 0.500000
vt 0.250000 0.000000
vt 0.250000 0.500000
vt 0.500000 0.500000
vt 0.500000 0.000000
vt 0.250000 0.500000
vt 0.250000 1.000000
vt 0.500000 1.000000
vt 0.500000 0.500000
vt 0.500000 0.000000
vt 0.500000 0.500000
vt 0.750000 0.500000
vt 0.750000 0.000000
vt 0.500000 0.500000
vt 0.500000 1.000000
vt 0.750000 1.000000
vt 0.750000 0.500000
vt 0.500000 0.000000
vt 0.500000 0.500000
vt 0.750000 0.500000
vt 0.750000 0.000000
vt 0.500000 0.500000
vt 0.500000 1.000000
vt 0.750000 1.000000
vt 0.750000 0.500000
vt 0.750000 0.000000
vt 0.750000 0.500000
vt 1.000000 0.500000
vt 1.000000 0.000000
vt 0.750000 0.500000
vt 0.750000 1.000000
vt 1.000000 1.000000
vt 1.000000 0.500000
vt 0.750000 0.000000
vt 0.750000 0.500000
vt 1.000000 0.500000
vt 1.000000 0.000000
vt 0.750000 0.500000
vt 0.750000 1.000000
vt 1.000000 1.000000
vt 1.000000 0.500000
vt -0.023928 2.680000
vt -0.010907 2.663413
vt 0.152499 2.766299
vt 0.140780 2.781227
vt -0.010907 -0.033141
vt -0.002012 -0.013019
vt 0.160504 -0.086065
vt 0.152499 -0.104174
vt -0.002012 2.663413
vt -0.006138 2.680000
vt 0.156791 2.781227
vt 0.160504 2.766299
vt -0.006138 2.680000
vt -0.019160 2.696587
vt 0.145072 2.796155
vt 0.156791 2.781227
vt -0.019160 -0.005439
vt -0.028055 -0.025560
vt 0.137066 -0.097352
vt 0.145072 -0.079243
vt -0.028055 2.696587
vt -0.023928 2.680000
vt 0.140780 2.781227
vt 0.137066 2.796155
vt 0.140780 2.781227
vt 0.147110 2.764270
vt 0.334155 2.796815
vt 0.328528 2.811888
vt 0.147110 -0.101792
vt 0.155116 -0.083683
vt 0.341271 -0.167179
vt 0.334155 -0.183276
vt 0.155116 2.764270
vt 0.156791 2.781227
vt 0.342760 2.811888
vt 0.341271 2.796815
vt 0.156791 2.781227
vt 0.150460 2.798185
vt 0.337133 2.826962
vt 0.342760 2.811888
vt 0.150460 -0.081625
vt 0.142455 -0.099734
vt 0.330017 -0.181447
vt 0.337133 -0.165350
vt 0.142455 2.798185
vt 0.140780 2.781227
vt 0.328528 2.811888
vt 0.330017 2.826962
vt 0.328528 2.811888
vt 0.329698 2.796872
vt 0.540341 2.758844
vt 0.539318 2.771984
vt 0.329698 -0.181306
vt 0.336814 -0.165208
vt 0.546568 -0.259136
vt 0.540341 -0.273221
vt 0.336814 2.796872
vt 0.342760 2.811888
vt 0.551771 2.771984
vt 0.546568 2.758844
vt 0.342760 2.811888
vt 0.341591 2.826905
vt 0.550747 2.785123
vt 0.551771 2.771984
vt 0.341591 -0.167320
vt 0.334475 -0.183417
vt 0.544521 -0.275069
vt 0.550747 -0.260984
vt 0.334475 2.826905
vt 0.328528 2.811888
vt 0.539318 2.771984
vt 0.544521 2.785123
vt 0.539318 2.771984
vt 0.537577 2.759748
vt 0.771656 2.651025
vt 0.773148 2.661513
vt 0.537577 -0.271999
vt 0.543804 -0.257914
vt 0.776993 -0.362202
vt 0.771656 -0.374275
vt 0.543804 2.759748
vt 0.551771 2.771984
vt 0.783822 2.661513
vt 0.776993 2.651025
vt 0.551771 2.771984
vt 0.553512 2.784219
vt 0.785314 2.672000
vt 0.783822 2.661513
vt 0.553512 -0.262206
vt 0.547285 -0.276291
vt 0.779977 -0.377954
vt 0.785314 -0.365881
vt 0.547285 2.784219
vt 0.539318 2.771984
vt 0.773148 2.661513
vt 0.779977 2.672000
vt 0.773148 2.661513
vt 0.770138 2.651914
vt 1.027510 2.472477
vt 1.030019 2.480476
vt 0.770138 -0.373604
vt 0.775475 -0.361531
vt 1.031958 -0.476116
vt 1.027510 -0.486177
vt 0.775475 2.651914
vt 0.783822 2.661513
vt 1.038914 2.480476
vt 1.031958 2.472477
vt 0.783822 2.661513
vt 0.786832 2.671111
vt 1.041422 2.488475
vt 1.038914 2.480476
vt 0.786832 -0.366552
vt 0.781495 -0.378625
vt 1.036975 -0.490361
vt 1.041422 -0.480300
vt 0.781495 2.671111
vt 0.773148 2.661513
vt 1.030019 2.480476
vt 1.036975 2.488475
vt 1.030019 2.480476
vt 1.026699 2.473127
vt 1.307274 2.222994
vt 1.309930 2.228873
vt 1.026699 -0.485818
vt 1.031146 -0.475758
vt 1.310832 -0.600600
vt 1.307274 -0.608649
vt 1.031146 2.473127
vt 1.038914 2.480476
vt 1.317046 2.228873
vt 1.310832 2.222994
vt 1.038914 2.480476
vt 1.042234 2.487825
vt 1.319702 2.234752
vt 1.317046 2.228873
vt 1.042234 -0.480659
vt 1.037786 -0.490720
vt 1.316144 -0.612570
vt 1.319702 -0.604521
vt 1.037786 2.487825
vt 1.030019 2.480476
vt 1.309930 2.228873
vt 1.316144 2.234752
vt -0.614634 2.228873
vt -0.608458 2.223418
vt -0.741521 1.902613
vt -0.746153 1.906704
vt 1.306842 -0.608458
vt 1.310400 -0.600409
vt 1.613234 -0.735485
vt 1.610566 -0.741521
vt 1.310400 2.223418
vt 1.317046 2.228873
vt 1.618219 1.906704
vt 1.613234 1.902613
vt -0.598536 2.228873
vt -0.604712 2.234328
vt -0.738712 1.910796
vt -0.734080 1.906704
vt 1.320134 -0.604712
vt 1.316576 -0.612761
vt 1.617867 -0.744749
vt 1.620535 -0.738712
vt 1.316576 2.234328
vt 1.309930 2.228873
vt 1.612882 1.906704
vt 1.617867 1.910796
vt 0.000000 0.000000
vt 0.000000 0.500000
vt 0.250000 0.500000
vt 0.250000 0.000000
vt 0.000000 0.500000
vt 0.000000 1.000000
vt 0.250000 1.000000
vt 0.250000 0.500000
vt 0.000000 0.000000
vt 0.000000 0.500000
vt 0.250000 0.500000
vt 0.250000 0.000000
vt 0.000000 0.500000
vt 0.000000 1.000000
vt 0.250000 1.000000
vt 0.250000 0.500000
vt 0.250000 0.000000
vt 0.250000 0.500000
vt 0.500000 0.500000
vt 0.500000 0.000000
vt 0.250000 0.500000
vt 0.250000 1.000000
vt 0.500000 1.000000
vt 0.500000 0.500000
vt 0.250000 0.000000
vt 0.250000 0.500000
vt 0.500000 0.500000
vt 0.500000 0.000000
vt 0.250000 0.500000
vt 0.250000 1.000000
vt 0.500000 1.000000
vt 0.500000 0.500000
vt 0.500000 0.000000
vt 0.500000 0.500000
vt 0.750000 0.500000
vt 0.750000 0.000000
vt 0.500000 0.500000
vt 0.500000 1.000000
vt 0.750000 1.000000
vt 0.750000 0.500000
vt 0.500000 0.000000
vt 0.500000 0.500000
vt 0.750000 0.500000
vt 0.750000 0.000000
vt 0.500000 0.500000
vt 0.500000 1.000000
vt 0.750000 1.000000
vt 0.750000 0.500000
vt 0.750000 0.000000
vt 0.750000 0.500000
vt 1.000000 0.500000
vt 1.000000 0.000000
vt 0.750000 0.500000
vt 0.750000 1.000000
vt 1.000000 1.000000
vt 1.000000 0.500000
vt 0.750000 0.000000
vt 0.750000 0.500000
vt 1.000000 0.500000
vt 1.000000 0.000000
vt 0.750000 0.500000
vt 0.750000 1.000000
vt 1.000000 1.000000
vt 1.000000 0.500000
vt 0.000000 0.000000
vt 0.000000 0.500000
vt 0.250000 0.500000
vt 0.250000 0.000000
vt 0.000000 0.500000
vt 0.000000 1.000000
vt 0.250000 1.000000
vt 0.250000 0.500000
vt 0.000000 0.000000
vt 0.000000 0.500000
vt 0.250000 0.500000
vt 0.250000 0.000000
vt 0.000000 0.500000
vt 0.000000 1.000000
vt 0.250000 1.000000
vt 0.250000 0.500000
vt 0.250000 0.000000
vt 0.250000 0.500000
vt 0.500000 0.500000
vt 0.500000 0.000000
vt 0.250000 0.500000
vt 0.250000 1.000000
vt 0.500000 1.000000
vt 0.500000 0.500000
vt 0.250000 0.000000
vt 0.250000 0.500000
vt 0.500000 0.500000
vt 0.500000 0.000000
vt 0.250000 0.500000
vt 0.250000 1.000000
vt 0.500000 1.000000
vt 0.500000 0.500000
vt 0.500000 0.000000
vt 0.500000 0.500000
vt 0.750000 0.500000
vt 0.750000 0.000000
vt 0.500000 0.500000
vt 0.500000 1.000000
vt 0.750000 1.000000
vt 0.750000 0.500000
vt 0.500000 0.000000
vt 0.500000 0.500000
vt 0.750000 0.500000
vt 0.750000 0.000000
vt 0.500000 0.500000
vt 0.500000 1.000000
vt 0.750000 1.000000
vt 0.750000 0.500000
vt 0.750000 0.000000
vt 0.750000 0.500000
vt 1.000000 0.500000
vt 1.000000 0.000000
vt 0.750000 0.500000
vt 0.750000 1.000000
vt 1.000000 1.000000
vt 1.000000 0.500000
vt 0.750000 0.000000
vt 0.750000 0.500000
vt 1.000000 0.500000
vt 1.000000 0.000000
vt 0.750000 0.500000
vt 0.750000 1.000000
vt 1.000000 1.000000
vt 1.000000 0.500000
vt 0.000000 0.000000
vt 0.000000 0.500000
vt 0.250000 0.500000
vt 0.250000 0.000000
vt 0.000000 0.500000
vt 0.000000 1.000000
vt 0.250000 1.000000
vt 0.250000 0.500000
vt 0.000000 0.000000
vt 0.000000 0.500000
vt 0.250000 0.500000
vt 0.250000 0.000000
vt 0.000000 0.500000
vt 0.000000 1.000000
vt 0.250000 1.000000
vt 0.250000 0.500000
vt 0.250000 0.000000
vt 0.250000 0.500000
vt 0.500000 0.500000
vt 0.500000 0.000000
vt 0.250000 0.500000
vt 0.250000 1.000000
vt 0.500000 1.000000
vt 0.500000 0.500000
vt 0.250000 0.000000
vt 0.250000 0.500000
vt 0.500000 0.500000
vt 0.500000 0.000000
vt 0.250000 0.500000
vt 0.250000 1.000000
vt 0.500000 1.000000
vt 0.500000 0.500000
vt 0.500000 0.000000
vt 0.500000 0.500000
vt 0.750000 0.500000
vt 0.750000 0.000000
vt 0.500000 0.500000
vt 0.500000 1.000000
vt 0.750000 1.000000
vt 0.750000 0.500000
vt 0.500000 0.000000
vt 0.500000 0.500000
vt 0.750000 0.500000
vt 0.750000 0.000000
vt 0.500000 0.500000
vt 0.500000 1.000000
vt 0.750000 1.000000
vt 0.750000 0.500000
vt 0.750000 0.000000
vt 0.750000 0.500000
vt 1.000000 0.500000
vt 1.000000 0.000000
vt 0.750000 0.500000
vt 0.750000 1.000000
vt 1.000000 1.000000
vt 1.000000 0.500000
vt 0.750000 0.000000
vt 0.750000 0.500000
vt 1.000000 0.500000
vt 1.000000 0.000000
vt 0.750000 0.500000
vt 0.750000 1.000000
vt 1.000000 1.000000
vt 1.000000 0.500000
vt 0.000000 0.000000
vt 0.000000 0.500000
vt 0.250000 0.500000
vt 0.250000 0.000000
vt 0.000000 0.500000
vt 0.000000 1.000000
vt 0.250000 1.000000
vt 0.250000 0.500000
vt 0.000000 0.000000
vt 0.000000 0.500000
vt 0.250000 0.500000
vt 0.250000 0.000000
vt 0.000000 0.500000
vt 0.000000 1.000000
vt 0.250000 1.000000
vt 0.250000 0.500000
vt 0.250000 0.000000
vt 0.250000 0.500000
vt 0.500000 0.500000
vt 0.500000 0.000000
vt 0.250000 0.500000
vt 0.250000 1.000000
vt 0.500000 1.000000
vt 0.500000 0.500000
vt 0.250000 0.000000
vt 0.250000 0.500000
vt 0.500000 0.500000
vt 0.500000 0.000000
vt 0.250000 0.500000
vt 0.250000 1.000000
vt 0.500000 1.000000
vt 0.500000 0.500000
vt 0.500000 0.000000
vt 0.500000 0.500000
vt 0.750000 0.500000
vt 0.750000 0.000000
vt 0.500000 0.500000
vt 0.500000 1.000000
vt 0.750000 1.000000
vt 0.750000 0.500000
vt 0.500000 0.000000
vt 0.500000 0.500000
vt 0.750000 0.500000
vt 0.750000 0.000000
vt 0.500000 0.500000
vt 0.500000 1.000000
vt 0.750000 1.000000
vt 0.750000 0.500000
vt 0.750000 0.000000
vt 0.750000 0.500000
vt 1.000000 0.500000
vt 1.000000 0.000000
vt 0.750000 0.500000
vt 0.750000 1.000000
vt 1.000000 1.000000
vt 1.000000 0.500000
vt 0.750000 0.000000
vt 0.750000 0.500000
vt 1.000000 0.500000
vt 1.000000 0.000000
vt 0.750000 0.500000
vt 0.750000 1.000000
vt 1.000000 1.000000
vt 1.000000 0.500000
vt 0.000000 0.000000
vt 0.000000 0.500000
vt 0.250000 0.500000
vt 0.250000 0.000000
vt 0.000000 0.500000
vt 0.000000 1.000000
vt 0.250000 1.000000
vt 0.250000 0.500000
vt 0.000000 0.000000
vt 0.000000 0.500000
vt 0.250000 0.500000
vt 0.250000 0.000000
vt 0.000000 0.500000
vt 0.000000 1.000000
vt 0.250000 1.000000
vt 0.250000 0.500000
vt 0.250000 0.000000
vt 0.250000 0.500000
vt 0.500000 0.500000
vt 0.500000 0.000000
vt 0.250000 0.500000
vt 0.250000 1.000000
vt 0.500000 1.000000
vt 0.500000 0.500000
vt 0.250000 0.000000
vt 0.250000 0.500000
vt 0.500000 0.500000
vt 0.500000 0.000000
vt 0.250000 0.500000
vt 0.250000 1.000000
vt 0.500000 1.000000
vt 0.500000 0.500000
vt 0.500000 0.000000
vt 0.500000 0.500000
vt 0.750000 0.500000
vt 0.750000 0.000000
vt 0.500000 0.500000
vt 0.500000 1.000000
vt 0.750000 1.000000
vt 0.750000 0.500000
vt 0.500000 0.000000
vt 0.500000 0.500000
vt 0.750000 0.500000
vt 0.750000 0.000000
vt 0.500000 0.500000
vt 0.500000 1.000000
vt 0.750000 1.000000
vt 0.750000 0.500000
vt 0.750000 0.000000
vt 0.750000 0.500000
vt 1.000000 0.500000
vt 1.000000 0.000000
vt 0.750000 0.500000
vt 0.750000 1.000000
vt 1.000000 1.000000
vt 1.000000 0.500000
vt 0.750000 0.000000
vt 0.750000 0.500000
vt 1.000000 0.500000
vt 1.000000 0.000000
vt 0.750000 0.500000
vt 0.750000 1.000000
vt 1.000000 1.000000
vt 1.000000 0.500000
vt 0.000000 0.000000
vt 0.000000 0.500000
vt 0.250000 0.500000
vt 0.250000 0.000000
vt 0.000000 0.500000
vt 0.000000 1.000000
vt 0.250000 1.000000
vt 0.250000 0.500000
vt 0.000000 0.000000
vt 0.000000 0.500000
vt 0.250000 0.500000
vt 0.250000 0.000000
vt 0.000000 0.500000
vt 0.000000 1.000000
vt 0.250000 1.000000
vt 0.250000 0.500000
vt 0.250000 0.000000
vt 0.250000 0.500000
vt 0.500000 0.500000
vt 0.500000 0.000000
vt 0.250000 0.500000
vt 0.250000 1.000000
vt 0.500000 1.000000
vt 0.500000 0.500000
vt 0.250000 0.000000
vt 0.250000 0.500000
vt 0.500000 0.500000
vt 0.500000 0.000000
vt 0.250000 0.500000
vt 0.250000 1.000000
vt 0.500000 1.000000
vt 0.500000 0.500000
vt 0.500000 0.000000
vt 0.500000 0.500000
vt 0.750000 0.500000
vt 0.750000 0.000000
vt 0.500000 0.500000
vt 0.500000 1.000000
vt 0.750000 1.000000
vt 0.750000 0.500000
vt 0.500000 0.000000
vt 0.500000 0.500000
vt 0.750000 0.500000
vt 0.750000 0.000000
vt 0.500000 0.500000
vt 0.500000 1.000000
vt 0.750000 1.000000
vt 0.750000 0.500000
vt 0.750000 0.000000
vt 0.750000 0.500000
vt 1.000000 0.500000
vt 1.000000 0.000000
vt 0.750000 0.500000
vt 0.750000 1.000000
vt 1.000000 1.000000
vt 1.000000 0.500000
vt 0.750000 0.000000
vt 0.750000 0.500000
vt 1.000000 0.500000
vt 1.000000 0.000000
vt 0.750000 0.500000
vt 0.750000 1.000000
vt 1.000000 1.000000
vt 1.000000 0.500000
usemtl M_DatePalm_Trunk
s 1
f 1/1 2/2 14/3 13/4
f 2/5 3/6 15/7 14/8
f 3/9 4/10 16/11 15/12
f 4/13 5/14 17/15 16/16
f 5/17 6/18 18/19 17/20
f 6/21 7/22 19/23 18/24
f 7/25 8/26 20/27 19/28
f 8/29 9/30 21/31 20/32
f 9/33 10/34 22/35 21/36
f 10/37 11/38 23/39 22/40
f 11/41 12/42 24/43 23/44
f 12/45 1/46 13/47 24/48
f 13/49 14/50 26/51 25/52
f 14/53 15/54 27/55 26/56
f 15/57 16/58 28/59 27/60
f 16/61 17/62 29/63 28/64
f 17/65 18/66 30/67 29/68
f 18/69 19/70 31/71 30/72
f 19/73 20/74 32/75 31/76
f 20/77 21/78 33/79 32/80
f 21/81 22/82 34/83 33/84
f 22/85 23/86 35/87 34/88
f 23/89 24/90 36/91 35/92
f 24/93 13/94 25/95 36/96
f 25/97 26/98 38/99 37/100
f 26/101 27/102 39/103 38/104
f 27/105 28/106 40/107 39/108
f 28/109 29/110 41/111 40/112
f 29/113 30/114 42/115 41/116
f 30/117 31/118 43/119 42/120
f 31/121 32/122 44/123 43/124
f 32/125 33/126 45/127 44/128
f 33/129 34/130 46/131 45/132
f 34/133 35/134 47/135 46/136
f 35/137 36/138 48/139 47/140
f 36/141 25/142 37/143 48/144
f 37/145 38/146 50/147 49/148
f 38/149 39/150 51/151 50/152
f 39/153 40/154 52/155 51/156
f 40/157 41/158 53/159 52/160
f 41/161 42/162 54/163 53/164
f 42/165 43/166 55/167 54/168
f 43/169 44/170 56/171 55/172
f 44/173 45/174 57/175 56/176
f 45/177 46/178 58/179 57/180
f 46/181 47/182 59/183 58/184
f 47/185 48/186 60/187 59/188
f 48/189 37/190 49/191 60/192
f 49/193 50/194 62/195 61/196
f 50/197 51/198 63/199 62/200
f 51/201 52/202 64/203 63/204
f 52/205 53/206 65/207 64/208
f 53/209 54/210 66/211 65/212
f 54/213 55/214 67/215 66/216
f 55/217 56/218 68/219 67/220
f 56/221 57/222 69/223 68/224
f 57/225 58/226 70/227 69/228
f 58/229 59/230 71/231 70/232
f 59/233 60/234 72/235 71/236
f 60/237 49/238 61/239 72/240
f 61/241 62/242 74/243 73/244
f 62/245 63/246 75/247 74/248
f 63/249 64/250 76/251 75/252
f 64/253 65/254 77/255 76/256
f 65/257 66/258 78/259 77/260
f 66/261 67/262 79/263 78/264
f 67/265 68/266 80/267 79/268
f 68/269 69/270 81/271 80/272
f 69/273 70/274 82/275 81/276
f 70/277 71/278 83/279 82/280
f 71/281 72/282 84/283 83/284
f 72/285 61/286 73/287 84/288
f 73/289 74/290 86/291 85/292
f 74/293 75/294 87/295 86/296
f 75/297 76/298 88/299 87/300
f 76/301 77/302 89/303 88/304
f 77/305 78/306 90/307 89/308
f 78/309 79/310 91/311 90/312
f 79/313 80/314 92/315 91/316
f 80/317 81/318 93/319 92/320
f 81/321 82/322 94/323 93/324
f 82/325 83/326 95/327 94/328
f 83/329 84/330 96/331 95/332
f 84/333 73/334 85/335 96/336
f 85/337 86/338 98/339 97/340
f 86/341 87/342 99/343 98/344
f 87/345 88/346 100/347 99/348
f 88/349 89/350 101/351 100/352
f 89/353 90/354 102/355 101/356
f 90/357 91/358 103/359 102/360
f 91/361 92/362 104/363 103/364
f 92/365 93/366 105/367 104/368
f 93/369 94/370 106/371 105/372
f 94/373 95/374 107/375 106/376
f 95/377 96/378 108/379 107/380
f 96/381 85/382 97/383 108/384
f 97/385 98/386 110/387 109/388
f 98/389 99/390 111/391 110/392
f 99/393 100/394 112/395 111/396
f 100/397 101/398 113/399 112/400
f 101/401 102/402 114/403 113/404
f 102/405 103/406 115/407 114/408
f 103/409 104/410 116/411 115/412
f 104/413 105/414 117/415 116/416
f 105/417 106/418 118/419 117/420
f 106/421 107/422 119/423 118/424
f 107/425 108/426 120/427 119/428
f 108/429 97/430 109/431 120/432
f 109/433 110/434 122/435 121/436
f 110/437 111/438 123/439 122/440
f 111/441 112/442 124/443 123/444
f 112/445 113/446 125/447 124/448
f 113/449 114/450 126/451 125/452
f 114/453 115/454 127/455 126/456
f 115/457 116/458 128/459 127/460
f 116/461 117/462 129/463 128/464
f 117/465 118/466 130/467 129/468
f 118/469 119/470 131/471 130/472
f 119/473 120/474 132/475 131/476
f 120/477 109/478 121/479 132/480
f 121/481 122/482 134/483 133/484
f 122/485 123/486 135/487 134/488
f 123/489 124/490 136/491 135/492
f 124/493 125/494 137/495 136/496
f 125/497 126/498 138/499 137/500
f 126/501 127/502 139/503 138/504
f 127/505 128/506 140/507 139/508
f 128/509 129/510 141/511 140/512
f 129/513 130/514 142/515 141/516
f 130/517 131/518 143/519 142/520
f 131/521 132/522 144/523 143/524
f 132/525 121/526 133/527 144/528
f 133/529 134/530 146/531 145/532
f 134/533 135/534 147/535 146/536
f 135/537 136/538 148/539 147/540
f 136/541 137/542 149/543 148/544
f 137/545 138/546 150/547 149/548
f 138/549 139/550 151/551 150/552
f 139/553 140/554 152/555 151/556
f 140/557 141/558 153/559 152/560
f 141/561 142/562 154/563 153/564
f 142/565 143/566 155/567 154/568
f 143/569 144/570 156/571 155/572
f 144/573 133/574 145/575 156/576
f 145/577 146/578 158/579 157/580
f 146/581 147/582 159/583 158/584
f 147/585 148/586 160/587 159/588
f 148/589 149/590 161/591 160/592
f 149/593 150/594 162/595 161/596
f 150/597 151/598 163/599 162/600
f 151/601 152/602 164/603 163/604
f 152/605 153/606 165/607 164/608
f 153/609 154/610 166/611 165/612
f 154/613 155/614 167/615 166/616
f 155/617 156/618 168/619 167/620
f 156/621 145/622 157/623 168/624
f 157/625 158/626 170/627 169/628
f 158/629 159/630 171/631 170/632
f 159/633 160/634 172/635 171/636
f 160/637 161/638 173/639 172/640
f 161/641 162/642 174/643 173/644
f 162/645 163/646 175/647 174/648
f 163/649 164/650 176/651 175/652
f 164/653 165/654 177/655 176/656
f 165/657 166/658 178/659 177/660
f 166/661 167/662 179/663 178/664
f 167/665 168/666 180/667 179/668
f 168/669 157/670 169/671 180/672
f 181/673 2/674 1/675
f 181/676 3/677 2/678
f 181/679 4/680 3/681
f 181/682 5/683 4/684
f 181/685 6/686 5/687
f 181/688 7/689 6/690
f 181/691 8/692 7/693
f 181/694 9/695 8/696
f 181/697 10/698 9/699
f 181/700 11/701 10/702
f 181/703 12/704 11/705
f 181/706 1/707 12/708
f 182/709 185/710 186/711
f 185/712 183/713 186/714
f 183/715 184/716 186/717
f 184/718 182/719 186/720
f 187/721 190/722 191/723
f 190/724 188/725 191/726
f 188/727 189/728 191/729
f 189/730 187/731 191/732
f 192/733 195/734 196/735
f 195/736 193/737 196/738
f 193/739 194/740 196/741
f 194/742 192/743 196/744
f 197/745 200/746 201/747
f 200/748 198/749 201/750
f 198/751 199/752 201/753
f 199/754 197/755 201/756
f 202/757 205/758 206/759
f 205/760 203/761 206/762
f 203/763 204/764 206/765
f 204/766 202/767 206/768
f 207/769 210/770 211/771
f 210/772 208/773 211/774
f 208/775 209/776 211/777
f 209/778 207/779 211/780
f 212/781 215/782 216/783
f 215/784 213/785 216/786
f 213/787 214/788 216/789
f 214/790 212/791 216/792
f 217/793 220/794 221/795
f 220/796 218/797 221/798
f 218/799 219/800 221/801
f 219/802 217/803 221/804
f 222/805 225/806 226/807
f 225/808 223/809 226/810
f 223/811 224/812 226/813
f 224/814 222/815 226/816
f 227/817 230/818 231/819
f 230/820 228/821 231/822
f 228/823 229/824 231/825
f 229/826 227/827 231/828
f 232/829 235/830 236/831
f 235/832 233/833 236/834
f 233/835 234/836 236/837
f 234/838 232/839 236/840
f 237/841 240/842 241/843
f 240/844 238/845 241/846
f 238/847 239/848 241/849
f 239/850 237/851 241/852
f 242/853 245/854 246/855
f 245/856 243/857 246/858
f 243/859 244/860 246/861
f 244/862 242/863 246/864
f 247/865 250/866 251/867
f 250/868 248/869 251/870
f 248/871 249/872 251/873
f 249/874 247/875 251/876
f 252/877 255/878 256/879
f 255/880 253/881 256/882
f 253/883 254/884 256/885
f 254/886 252/887 256/888
f 257/889 260/890 261/891
f 260/892 258/893 261/894
f 258/895 259/896 261/897
f 259/898 257/899 261/900
f 262/901 265/902 266/903
f 265/904 263/905 266/906
f 263/907 264/908 266/909
f 264/910 262/911 266/912
f 267/913 270/914 271/915
f 270/916 268/917 271/918
f 268/919 269/920 271/921
f 269/922 267/923 271/924
f 272/925 275/926 276/927
f 275/928 273/929 276/930
f 273/931 274/932 276/933
f 274/934 272/935 276/936
f 277/937 280/938 281/939
f 280/940 278/941 281/942
f 278/943 279/944 281/945
f 279/946 277/947 281/948
f 282/949 285/950 286/951
f 285/952 283/953 286/954
f 283/955 284/956 286/957
f 284/958 282/959 286/960
f 287/961 290/962 291/963
f 290/964 288/965 291/966
f 288/967 289/968 291/969
f 289/970 287/971 291/972
f 292/973 295/974 296/975
f 295/976 293/977 296/978
f 293/979 294/980 296/981
f 294/982 292/983 296/984
f 297/985 300/986 301/987
f 300/988 298/989 301/990
f 298/991 299/992 301/993
f 299/994 297/995 301/996
f 302/997 305/998 306/999
f 305/1000 303/1001 306/1002
f 303/1003 304/1004 306/1005
f 304/1006 302/1007 306/1008
f 307/1009 310/1010 311/1011
f 310/1012 308/1013 311/1014
f 308/1015 309/1016 311/1017
f 309/1018 307/1019 311/1020
f 312/1021 315/1022 316/1023
f 315/1024 313/1025 316/1026
f 313/1027 314/1028 316/1029
f 314/1030 312/1031 316/1032
f 317/1033 320/1034 321/1035
f 320/1036 318/1037 321/1038
f 318/1039 319/1040 321/1041
f 319/1042 317/1043 321/1044
f 322/1045 325/1046 326/1047
f 325/1048 323/1049 326/1050
f 323/1051 324/1052 326/1053
f 324/1054 322/1055 326/1056
f 327/1057 330/1058 331/1059
f 330/1060 328/1061 331/1062
f 328/1063 329/1064 331/1065
f 329/1066 327/1067 331/1068
f 332/1069 335/1070 336/1071
f 335/1072 333/1073 336/1074
f 333/1075 334/1076 336/1077
f 334/1078 332/1079 336/1080
f 337/1081 340/1082 341/1083
f 340/1084 338/1085 341/1086
f 338/1087 339/1088 341/1089
f 339/1090 337/1091 341/1092
f 342/1093 345/1094 346/1095
f 345/1096 343/1097 346/1098
f 343/1099 344/1100 346/1101
f 344/1102 342/1103 346/1104
f 347/1105 350/1106 351/1107
f 350/1108 348/1109 351/1110
f 348/1111 349/1112 351/1113
f 349/1114 347/1115 351/1116
f 352/1117 355/1118 356/1119
f 355/1120 353/1121 356/1122
f 353/1123 354/1124 356/1125
f 354/1126 352/1127 356/1128
f 357/1129 360/1130 361/1131
f 360/1132 358/1133 361/1134
f 358/1135 359/1136 361/1137
f 359/1138 357/1139 361/1140
f 362/1141 365/1142 366/1143
f 365/1144 363/1145 366/1146
f 363/1147 364/1148 366/1149
f 364/1150 362/1151 366/1152
f 367/1153 370/1154 371/1155
f 370/1156 368/1157 371/1158
f 368/1159 369/1160 371/1161
f 369/1162 367/1163 371/1164
f 372/1165 375/1166 376/1167
f 375/1168 373/1169 376/1170
f 373/1171 374/1172 376/1173
f 374/1174 372/1175 376/1176
f 377/1177 380/1178 381/1179
f 380/1180 378/1181 381/1182
f 378/1183 379/1184 381/1185
f 379/1186 377/1187 381/1188
f 382/1189 385/1190 386/1191
f 385/1192 383/1193 386/1194
f 383/1195 384/1196 386/1197
f 384/1198 382/1199 386/1200
f 387/1201 390/1202 391/1203
f 390/1204 388/1205 391/1206
f 388/1207 389/1208 391/1209
f 389/1210 387/1211 391/1212
f 392/1213 395/1214 396/1215
f 395/1216 393/1217 396/1218
f 393/1219 394/1220 396/1221
f 394/1222 392/1223 396/1224
f 397/1225 400/1226 401/1227
f 400/1228 398/1229 401/1230
f 398/1231 399/1232 401/1233
f 399/1234 397/1235 401/1236
f 402/1237 405/1238 406/1239
f 405/1240 403/1241 406/1242
f 403/1243 404/1244 406/1245
f 404/1246 402/1247 406/1248
f 407/1249 410/1250 411/1251
f 410/1252 408/1253 411/1254
f 408/1255 409/1256 411/1257
f 409/1258 407/1259 411/1260
f 412/1261 415/1262 416/1263
f 415/1264 413/1265 416/1266
f 413/1267 414/1268 416/1269
f 414/1270 412/1271 416/1272
f 417/1273 420/1274 421/1275
f 420/1276 418/1277 421/1278
f 418/1279 419/1280 421/1281
f 419/1282 417/1283 421/1284
f 422/1285 425/1286 426/1287
f 425/1288 423/1289 426/1290
f 423/1291 424/1292 426/1293
f 424/1294 422/1295 426/1296
f 427/1297 430/1298 431/1299
f 430/1300 428/1301 431/1302
f 428/1303 429/1304 431/1305
f 429/1306 427/1307 431/1308
f 432/1309 435/1310 436/1311
f 435/1312 433/1313 436/1314
f 433/1315 434/1316 436/1317
f 434/1318 432/1319 436/1320
f 437/1321 440/1322 441/1323
f 440/1324 438/1325 441/1326
f 438/1327 439/1328 441/1329
f 439/1330 437/1331 441/1332
f 442/1333 445/1334 446/1335
f 445/1336 443/1337 446/1338
f 443/1339 444/1340 446/1341
f 444/1342 442/1343 446/1344
f 447/1345 450/1346 451/1347
f 450/1348 448/1349 451/1350
f 448/1351 449/1352 451/1353
f 449/1354 447/1355 451/1356
f 452/1357 455/1358 456/1359
f 455/1360 453/1361 456/1362
f 453/1363 454/1364 456/1365
f 454/1366 452/1367 456/1368
f 457/1369 460/1370 461/1371
f 460/1372 458/1373 461/1374
f 458/1375 459/1376 461/1377
f 459/1378 457/1379 461/1380
f 462/1381 465/1382 466/1383
f 465/1384 463/1385 466/1386
f 463/1387 464/1388 466/1389
f 464/1390 462/1391 466/1392
f 467/1393 470/1394 471/1395
f 470/1396 468/1397 471/1398
f 468/1399 469/1400 471/1401
f 469/1402 467/1403 471/1404
f 472/1405 475/1406 476/1407
f 475/1408 473/1409 476/1410
f 473/1411 474/1412 476/1413
f 474/1414 472/1415 476/1416
f 477/1417 480/1418 481/1419
f 480/1420 478/1421 481/1422
f 478/1423 479/1424 481/1425
f 479/1426 477/1427 481/1428
f 482/1429 485/1430 486/1431
f 485/1432 483/1433 486/1434
f 483/1435 484/1436 486/1437
f 484/1438 482/1439 486/1440
f 487/1441 490/1442 491/1443
f 490/1444 488/1445 491/1446
f 488/1447 489/1448 491/1449
f 489/1450 487/1451 491/1452
f 492/1453 495/1454 496/1455
f 495/1456 493/1457 496/1458
f 493/1459 494/1460 496/1461
f 494/1462 492/1463 496/1464
f 497/1465 500/1466 501/1467
f 500/1468 498/1469 501/1470
f 498/1471 499/1472 501/1473
f 499/1474 497/1475 501/1476
f 502/1477 505/1478 506/1479
f 505/1480 503/1481 506/1482
f 503/1483 504/1484 506/1485
f 504/1486 502/1487 506/1488
f 507/1489 510/1490 511/1491
f 510/1492 508/1493 511/1494
f 508/1495 509/1496 511/1497
f 509/1498 507/1499 511/1500
f 512/1501 515/1502 516/1503
f 515/1504 513/1505 516/1506
f 513/1507 514/1508 516/1509
f 514/1510 512/1511 516/1512
f 517/1513 520/1514 521/1515
f 520/1516 518/1517 521/1518
f 518/1519 519/1520 521/1521
f 519/1522 517/1523 521/1524
f 522/1525 525/1526 526/1527
f 525/1528 523/1529 526/1530
f 523/1531 524/1532 526/1533
f 524/1534 522/1535 526/1536
f 527/1537 530/1538 531/1539
f 530/1540 528/1541 531/1542
f 528/1543 529/1544 531/1545
f 529/1546 527/1547 531/1548
f 532/1549 535/1550 536/1551
f 535/1552 533/1553 536/1554
f 533/1555 534/1556 536/1557
f 534/1558 532/1559 536/1560
f 537/1561 540/1562 541/1563
f 540/1564 538/1565 541/1566
f 538/1567 539/1568 541/1569
f 539/1570 537/1571 541/1572
f 542/1573 545/1574 546/1575
f 545/1576 543/1577 546/1578
f 543/1579 544/1580 546/1581
f 544/1582 542/1583 546/1584
f 547/1585 550/1586 551/1587
f 550/1588 548/1589 551/1590
f 548/1591 549/1592 551/1593
f 549/1594 547/1595 551/1596
f 552/1597 555/1598 556/1599
f 555/1600 553/1601 556/1602
f 553/1603 554/1604 556/1605
f 554/1606 552/1607 556/1608
f 557/1609 560/1610 561/1611
f 560/1612 558/1613 561/1614
f 558/1615 559/1616 561/1617
f 559/1618 557/1619 561/1620
f 562/1621 565/1622 566/1623
f 565/1624 563/1625 566/1626
f 563/1627 564/1628 566/1629
f 564/1630 562/1631 566/1632
f 567/1633 570/1634 571/1635
f 570/1636 568/1637 571/1638
f 568/1639 569/1640 571/1641
f 569/1642 567/1643 571/1644
f 572/1645 575/1646 576/1647
f 575/1648 573/1649 576/1650
f 573/1651 574/1652 576/1653
f 574/1654 572/1655 576/1656
f 577/1657 580/1658 581/1659
f 580/1660 578/1661 581/1662
f 578/1663 579/1664 581/1665
f 579/1666 577/1667 581/1668
f 582/1669 585/1670 586/1671
f 585/1672 583/1673 586/1674
f 583/1675 584/1676 586/1677
f 584/1678 582/1679 586/1680
f 587/1681 590/1682 591/1683
f 590/1684 588/1685 591/1686
f 588/1687 589/1688 591/1689
f 589/1690 587/1691 591/1692
f 592/1693 595/1694 596/1695
f 595/1696 593/1697 596/1698
f 593/1699 594/1700 596/1701
f 594/1702 592/1703 596/1704
f 597/1705 600/1706 601/1707
f 600/1708 598/1709 601/1710
f 598/1711 599/1712 601/1713
f 599/1714 597/1715 601/1716
f 602/1717 605/1718 606/1719
f 605/1720 603/1721 606/1722
f 603/1723 604/1724 606/1725
f 604/1726 602/1727 606/1728
f 607/1729 610/1730 611/1731
f 610/1732 608/1733 611/1734
f 608/1735 609/1736 611/1737
f 609/1738 607/1739 611/1740
f 612/1741 615/1742 616/1743
f 615/1744 613/1745 616/1746
f 613/1747 614/1748 616/1749
f 614/1750 612/1751 616/1752
f 617/1753 620/1754 621/1755
f 620/1756 618/1757 621/1758
f 618/1759 619/1760 621/1761
f 619/1762 617/1763 621/1764
f 622/1765 625/1766 626/1767
f 625/1768 623/1769 626/1770
f 623/1771 624/1772 626/1773
f 624/1774 622/1775 626/1776
f 627/1777 630/1778 631/1779
f 630/1780 628/1781 631/1782
f 628/1783 629/1784 631/1785
f 629/1786 627/1787 631/1788
f 632/1789 635/1790 636/1791
f 635/1792 633/1793 636/1794
f 633/1795 634/1796 636/1797
f 634/1798 632/1799 636/1800
f 637/1801 640/1802 641/1803
f 640/1804 638/1805 641/1806
f 638/1807 639/1808 641/1809
f 639/1810 637/1811 641/1812
f 642/1813 645/1814 646/1815
f 645/1816 643/1817 646/1818
f 643/1819 644/1820 646/1821
f 644/1822 642/1823 646/1824
f 647/1825 650/1826 651/1827
f 650/1828 648/1829 651/1830
f 648/1831 649/1832 651/1833
f 649/1834 647/1835 651/1836
f 652/1837 655/1838 656/1839
f 655/1840 653/1841 656/1842
f 653/1843 654/1844 656/1845
f 654/1846 652/1847 656/1848
f 657/1849 660/1850 661/1851
f 660/1852 658/1853 661/1854
f 658/1855 659/1856 661/1857
f 659/1858 657/1859 661/1860
usemtl M_DatePalm_Rachis
s 1
f 662/1861 663/1862 669/1863 668/1864
f 663/1865 664/1866 670/1867 669/1868
f 664/1869 665/1870 671/1871 670/1872
f 665/1873 666/1874 672/1875 671/1876
f 666/1877 667/1878 673/1879 672/1880
f 667/1881 662/1882 668/1883 673/1884
f 674/1885 675/1886 681/1887 680/1888
f 675/1889 676/1890 682/1891 681/1892
f 676/1893 677/1894 683/1895 682/1896
f 677/1897 678/1898 684/1899 683/1900
f 678/1901 679/1902 685/1903 684/1904
f 679/1905 674/1906 680/1907 685/1908
f 686/1909 687/1910 693/1911 692/1912
f 687/1913 688/1914 694/1915 693/1916
f 688/1917 689/1918 695/1919 694/1920
f 689/1921 690/1922 696/1923 695/1924
f 690/1925 691/1926 697/1927 696/1928
f 691/1929 686/1930 692/1931 697/1932
f 698/1933 699/1934 705/1935 704/1936
f 699/1937 700/1938 706/1939 705/1940
f 700/1941 701/1942 707/1943 706/1944
f 701/1945 702/1946 708/1947 707/1948
f 702/1949 703/1950 709/1951 708/1952
f 703/1953 698/1954 704/1955 709/1956
f 710/1957 711/1958 717/1959 716/1960
f 711/1961 712/1962 718/1963 717/1964
f 712/1965 713/1966 719/1967 718/1968
f 713/1969 714/1970 720/1971 719/1972
f 714/1973 715/1974 721/1975 720/1976
f 715/1977 710/1978 716/1979 721/1980
f 722/1981 723/1982 729/1983 728/1984
f 723/1985 724/1986 730/1987 729/1988
f 724/1989 725/1990 731/1991 730/1992
f 725/1993 726/1994 732/1995 731/1996
f 726/1997 727/1998 733/1999 732/2000
f 727/2001 722/2002 728/2003 733/2004
f 734/2005 735/2006 741/2007 740/2008
f 735/2009 736/2010 742/2011 741/2012
f 736/2013 737/2014 743/2015 742/2016
f 737/2017 738/2018 744/2019 743/2020
f 738/2021 739/2022 745/2023 744/2024
f 739/2025 734/2026 740/2027 745/2028
usemtl M_DatePalm_Leaflet
s 1
f 746/2029 748/2030 749/2031 747/2032
f 748/2033 750/2034 751/2035 749/2036
f 752/2037 754/2038 755/2039 753/2040
f 754/2041 756/2042 757/2043 755/2044
f 758/2045 760/2046 761/2047 759/2048
f 760/2049 762/2050 763/2051 761/2052
f 764/2053 766/2054 767/2055 765/2056
f 766/2057 768/2058 769/2059 767/2060
f 770/2061 772/2062 773/2063 771/2064
f 772/2065 774/2066 775/2067 773/2068
f 776/2069 778/2070 779/2071 777/2072
f 778/2073 780/2074 781/2075 779/2076
f 782/2077 784/2078 785/2079 783/2080
f 784/2081 786/2082 787/2083 785/2084
f 788/2085 790/2086 791/2087 789/2088
f 790/2089 792/2090 793/2091 791/2092
f 794/2093 796/2094 797/2095 795/2096
f 796/2097 798/2098 799/2099 797/2100
f 800/2101 802/2102 803/2103 801/2104
f 802/2105 804/2106 805/2107 803/2108
f 806/2109 808/2110 809/2111 807/2112
f 808/2113 810/2114 811/2115 809/2116
f 812/2117 814/2118 815/2119 813/2120
f 814/2121 816/2122 817/2123 815/2124
f 818/2125 820/2126 821/2127 819/2128
f 820/2129 822/2130 823/2131 821/2132
f 824/2133 826/2134 827/2135 825/2136
f 826/2137 828/2138 829/2139 827/2140
f 830/2141 832/2142 833/2143 831/2144
f 832/2145 834/2146 835/2147 833/2148
f 836/2149 838/2150 839/2151 837/2152
f 838/2153 840/2154 841/2155 839/2156
f 842/2157 844/2158 845/2159 843/2160
f 844/2161 846/2162 847/2163 845/2164
f 848/2165 850/2166 851/2167 849/2168
f 850/2169 852/2170 853/2171 851/2172
f 854/2173 856/2174 857/2175 855/2176
f 856/2177 858/2178 859/2179 857/2180
f 860/2181 862/2182 863/2183 861/2184
f 862/2185 864/2186 865/2187 863/2188
f 866/2189 868/2190 869/2191 867/2192
f 868/2193 870/2194 871/2195 869/2196
f 872/2197 874/2198 875/2199 873/2200
f 874/2201 876/2202 877/2203 875/2204
f 878/2205 880/2206 881/2207 879/2208
f 880/2209 882/2210 883/2211 881/2212
f 884/2213 886/2214 887/2215 885/2216
f 886/2217 888/2218 889/2219 887/2220
f 890/2221 892/2222 893/2223 891/2224
f 892/2225 894/2226 895/2227 893/2228
f 896/2229 898/2230 899/2231 897/2232
f 898/2233 900/2234 901/2235 899/2236
f 902/2237 904/2238 905/2239 903/2240
f 904/2241 906/2242 907/2243 905/2244
f 908/2245 910/2246 911/2247 909/2248
f 910/2249 912/2250 913/2251 911/2252
f 914/2253 916/2254 917/2255 915/2256
f 916/2257 918/2258 919/2259 917/2260
f 920/2261 922/2262 923/2263 921/2264
f 922/2265 924/2266 925/2267 923/2268
f 926/2269 928/2270 929/2271 927/2272
f 928/2273 930/2274 931/2275 929/2276
f 932/2277 934/2278 935/2279 933/2280
f 934/2281 936/2282 937/2283 935/2284
f 938/2285 940/2286 941/2287 939/2288
f 940/2289 942/2290 943/2291 941/2292
f 944/2293 946/2294 947/2295 945/2296
f 946/2297 948/2298 949/2299 947/2300
f 950/2301 952/2302 953/2303 951/2304
f 952/2305 954/2306 955/2307 953/2308
f 956/2309 958/2310 959/2311 957/2312
f 958/2313 960/2314 961/2315 959/2316
f 962/2317 964/2318 965/2319 963/2320
f 964/2321 966/2322 967/2323 965/2324
f 968/2325 970/2326 971/2327 969/2328
f 970/2329 972/2330 973/2331 971/2332
f 974/2333 976/2334 977/2335 975/2336
f 976/2337 978/2338 979/2339 977/2340
f 980/2341 982/2342 983/2343 981/2344
f 982/2345 984/2346 985/2347 983/2348
f 986/2349 988/2350 989/2351 987/2352
f 988/2353 990/2354 991/2355 989/2356
f 992/2357 994/2358 995/2359 993/2360
f 994/2361 996/2362 997/2363 995/2364
f 998/2365 1000/2366 1001/2367 999/2368
f 1000/2369 1002/2370 1003/2371 1001/2372
f 1004/2373 1006/2374 1007/2375 1005/2376
f 1006/2377 1008/2378 1009/2379 1007/2380
f 1010/2381 1012/2382 1013/2383 1011/2384
f 1012/2385 1014/2386 1015/2387 1013/2388
f 1016/2389 1018/2390 1019/2391 1017/2392
f 1018/2393 1020/2394 1021/2395 1019/2396
f 1022/2397 1024/2398 1025/2399 1023/2400
f 1024/2401 1026/2402 1027/2403 1025/2404
f 1028/2405 1030/2406 1031/2407 1029/2408
f 1030/2409 1032/2410 1033/2411 1031/2412
usemtl M_DatePalm_Rachis
s 1
f 1034/2413 1035/2414 1041/2415 1040/2416
f 1035/2417 1036/2418 1042/2419 1041/2420
f 1036/2421 1037/2422 1043/2423 1042/2424
f 1037/2425 1038/2426 1044/2427 1043/2428
f 1038/2429 1039/2430 1045/2431 1044/2432
f 1039/2433 1034/2434 1040/2435 1045/2436
f 1046/2437 1047/2438 1053/2439 1052/2440
f 1047/2441 1048/2442 1054/2443 1053/2444
f 1048/2445 1049/2446 1055/2447 1054/2448
f 1049/2449 1050/2450 1056/2451 1055/2452
f 1050/2453 1051/2454 1057/2455 1056/2456
f 1051/2457 1046/2458 1052/2459 1057/2460
f 1058/2461 1059/2462 1065/2463 1064/2464
f 1059/2465 1060/2466 1066/2467 1065/2468
f 1060/2469 1061/2470 1067/2471 1066/2472
f 1061/2473 1062/2474 1068/2475 1067/2476
f 1062/2477 1063/2478 1069/2479 1068/2480
f 1063/2481 1058/2482 1064/2483 1069/2484
f 1070/2485 1071/2486 1077/2487 1076/2488
f 1071/2489 1072/2490 1078/2491 1077/2492
f 1072/2493 1073/2494 1079/2495 1078/2496
f 1073/2497 1074/2498 1080/2499 1079/2500
f 1074/2501 1075/2502 1081/2503 1080/2504
f 1075/2505 1070/2506 1076/2507 1081/2508
f 1082/2509 1083/2510 1089/2511 1088/2512
f 1083/2513 1084/2514 1090/2515 1089/2516
f 1084/2517 1085/2518 1091/2519 1090/2520
f 1085/2521 1086/2522 1092/2523 1091/2524
f 1086/2525 1087/2526 1093/2527 1092/2528
f 1087/2529 1082/2530 1088/2531 1093/2532
f 1094/2533 1095/2534 1101/2535 1100/2536
f 1095/2537 1096/2538 1102/2539 1101/2540
f 1096/2541 1097/2542 1103/2543 1102/2544
f 1097/2545 1098/2546 1104/2547 1103/2548
f 1098/2549 1099/2550 1105/2551 1104/2552
f 1099/2553 1094/2554 1100/2555 1105/2556
f 1106/2557 1107/2558 1113/2559 1112/2560
f 1107/2561 1108/2562 1114/2563 1113/2564
f 1108/2565 1109/2566 1115/2567 1114/2568
f 1109/2569 1110/2570 1116/2571 1115/2572
f 1110/2573 1111/2574 1117/2575 1116/2576
f 1111/2577 1106/2578 1112/2579 1117/2580
usemtl M_DatePalm_Leaflet
s 1
f 1118/2581 1120/2582 1121/2583 1119/2584
f 1120/2585 1122/2586 1123/2587 1121/2588
f 1124/2589 1126/2590 1127/2591 1125/2592
f 1126/2593 1128/2594 1129/2595 1127/2596
f 1130/2597 1132/2598 1133/2599 1131/2600
f 1132/2601 1134/2602 1135/2603 1133/2604
f 1136/2605 1138/2606 1139/2607 1137/2608
f 1138/2609 1140/2610 1141/2611 1139/2612
f 1142/2613 1144/2614 1145/2615 1143/2616
f 1144/2617 1146/2618 1147/2619 1145/2620
f 1148/2621 1150/2622 1151/2623 1149/2624
f 1150/2625 1152/2626 1153/2627 1151/2628
f 1154/2629 1156/2630 1157/2631 1155/2632
f 1156/2633 1158/2634 1159/2635 1157/2636
f 1160/2637 1162/2638 1163/2639 1161/2640
f 1162/2641 1164/2642 1165/2643 1163/2644
f 1166/2645 1168/2646 1169/2647 1167/2648
f 1168/2649 1170/2650 1171/2651 1169/2652
f 1172/2653 1174/2654 1175/2655 1173/2656
f 1174/2657 1176/2658 1177/2659 1175/2660
f 1178/2661 1180/2662 1181/2663 1179/2664
f 1180/2665 1182/2666 1183/2667 1181/2668
f 1184/2669 1186/2670 1187/2671 1185/2672
f 1186/2673 1188/2674 1189/2675 1187/2676
f 1190/2677 1192/2678 1193/2679 1191/2680
f 1192/2681 1194/2682 1195/2683 1193/2684
f 1196/2685 1198/2686 1199/2687 1197/2688
f 1198/2689 1200/2690 1201/2691 1199/2692
f 1202/2693 1204/2694 1205/2695 1203/2696
f 1204/2697 1206/2698 1207/2699 1205/2700
f 1208/2701 1210/2702 1211/2703 1209/2704
f 1210/2705 1212/2706 1213/2707 1211/2708
f 1214/2709 1216/2710 1217/2711 1215/2712
f 1216/2713 1218/2714 1219/2715 1217/2716
f 1220/2717 1222/2718 1223/2719 1221/2720
f 1222/2721 1224/2722 1225/2723 1223/2724
f 1226/2725 1228/2726 1229/2727 1227/2728
f 1228/2729 1230/2730 1231/2731 1229/2732
f 1232/2733 1234/2734 1235/2735 1233/2736
f 1234/2737 1236/2738 1237/2739 1235/2740
f 1238/2741 1240/2742 1241/2743 1239/2744
f 1240/2745 1242/2746 1243/2747 1241/2748
f 1244/2749 1246/2750 1247/2751 1245/2752
f 1246/2753 1248/2754 1249/2755 1247/2756
f 1250/2757 1252/2758 1253/2759 1251/2760
f 1252/2761 1254/2762 1255/2763 1253/2764
f 1256/2765 1258/2766 1259/2767 1257/2768
f 1258/2769 1260/2770 1261/2771 1259/2772
f 1262/2773 1264/2774 1265/2775 1263/2776
f 1264/2777 1266/2778 1267/2779 1265/2780
f 1268/2781 1270/2782 1271/2783 1269/2784
f 1270/2785 1272/2786 1273/2787 1271/2788
f 1274/2789 1276/2790 1277/2791 1275/2792
f 1276/2793 1278/2794 1279/2795 1277/2796
f 1280/2797 1282/2798 1283/2799 1281/2800
f 1282/2801 1284/2802 1285/2803 1283/2804
f 1286/2805 1288/2806 1289/2807 1287/2808
f 1288/2809 1290/2810 1291/2811 1289/2812
f 1292/2813 1294/2814 1295/2815 1293/2816
f 1294/2817 1296/2818 1297/2819 1295/2820
f 1298/2821 1300/2822 1301/2823 1299/2824
f 1300/2825 1302/2826 1303/2827 1301/2828
f 1304/2829 1306/2830 1307/2831 1305/2832
f 1306/2833 1308/2834 1309/2835 1307/2836
f 1310/2837 1312/2838 1313/2839 1311/2840
f 1312/2841 1314/2842 1315/2843 1313/2844
f 1316/2845 1318/2846 1319/2847 1317/2848
f 1318/2849 1320/2850 1321/2851 1319/2852
f 1322/2853 1324/2854 1325/2855 1323/2856
f 1324/2857 1326/2858 1327/2859 1325/2860
f 1328/2861 1330/2862 1331/2863 1329/2864
f 1330/2865 1332/2866 1333/2867 1331/2868
f 1334/2869 1336/2870 1337/2871 1335/2872
f 1336/2873 1338/2874 1339/2875 1337/2876
f 1340/2877 1342/2878 1343/2879 1341/2880
f 1342/2881 1344/2882 1345/2883 1343/2884
f 1346/2885 1348/2886 1349/2887 1347/2888
f 1348/2889 1350/2890 1351/2891 1349/2892
f 1352/2893 1354/2894 1355/2895 1353/2896
f 1354/2897 1356/2898 1357/2899 1355/2900
f 1358/2901 1360/2902 1361/2903 1359/2904
f 1360/2905 1362/2906 1363/2907 1361/2908
f 1364/2909 1366/2910 1367/2911 1365/2912
f 1366/2913 1368/2914 1369/2915 1367/2916
f 1370/2917 1372/2918 1373/2919 1371/2920
f 1372/2921 1374/2922 1375/2923 1373/2924
f 1376/2925 1378/2926 1379/2927 1377/2928
f 1378/2929 1380/2930 1381/2931 1379/2932
f 1382/2933 1384/2934 1385/2935 1383/2936
f 1384/2937 1386/2938 1387/2939 1385/2940
f 1388/2941 1390/2942 1391/2943 1389/2944
f 1390/2945 1392/2946 1393/2947 1391/2948
f 1394/2949 1396/2950 1397/2951 1395/2952
f 1396/2953 1398/2954 1399/2955 1397/2956
f 1400/2957 1402/2958 1403/2959 1401/2960
f 1402/2961 1404/2962 1405/2963 1403/2964
usemtl M_DatePalm_Rachis
s 1
f 1406/2965 1407/2966 1413/2967 1412/2968
f 1407/2969 1408/2970 1414/2971 1413/2972
f 1408/2973 1409/2974 1415/2975 1414/2976
f 1409/2977 1410/2978 1416/2979 1415/2980
f 1410/2981 1411/2982 1417/2983 1416/2984
f 1411/2985 1406/2986 1412/2987 1417/2988
f 1418/2989 1419/2990 1425/2991 1424/2992
f 1419/2993 1420/2994 1426/2995 1425/2996
f 1420/2997 1421/2998 1427/2999 1426/3000
f 1421/3001 1422/3002 1428/3003 1427/3004
f 1422/3005 1423/3006 1429/3007 1428/3008
f 1423/3009 1418/3010 1424/3011 1429/3012
f 1430/3013 1431/3014 1437/3015 1436/3016
f 1431/3017 1432/3018 1438/3019 1437/3020
f 1432/3021 1433/3022 1439/3023 1438/3024
f 1433/3025 1434/3026 1440/3027 1439/3028
f 1434/3029 1435/3030 1441/3031 1440/3032
f 1435/3033 1430/3034 1436/3035 1441/3036
f 1442/3037 1443/3038 1449/3039 1448/3040
f 1443/3041 1444/3042 1450/3043 1449/3044
f 1444/3045 1445/3046 1451/3047 1450/3048
f 1445/3049 1446/3050 1452/3051 1451/3052
f 1446/3053 1447/3054 1453/3055 1452/3056
f 1447/3057 1442/3058 1448/3059 1453/3060
f 1454/3061 1455/3062 1461/3063 1460/3064
f 1455/3065 1456/3066 1462/3067 1461/3068
f 1456/3069 1457/3070 1463/3071 1462/3072
f 1457/3073 1458/3074 1464/3075 1463/3076
f 1458/3077 1459/3078 1465/3079 1464/3080
f 1459/3081 1454/3082 1460/3083 1465/3084
f 1466/3085 1467/3086 1473/3087 1472/3088
f 1467/3089 1468/3090 1474/3091 1473/3092
f 1468/3093 1469/3094 1475/3095 1474/3096
f 1469/3097 1470/3098 1476/3099 1475/3100
f 1470/3101 1471/3102 1477/3103 1476/3104
f 1471/3105 1466/3106 1472/3107 1477/3108
f 1478/3109 1479/3110 1485/3111 1484/3112
f 1479/3113 1480/3114 1486/3115 1485/3116
f 1480/3117 1481/3118 1487/3119 1486/3120
f 1481/3121 1482/3122 1488/3123 1487/3124
f 1482/3125 1483/3126 1489/3127 1488/3128
f 1483/3129 1478/3130 1484/3131 1489/3132
usemtl M_DatePalm_Leaflet
s 1
f 1490/3133 1492/3134 1493/3135 1491/3136
f 1492/3137 1494/3138 1495/3139 1493/3140
f 1496/3141 1498/3142 1499/3143 1497/3144
f 1498/3145 1500/3146 1501/3147 1499/3148
f 1502/3149 1504/3150 1505/3151 1503/3152
f 1504/3153 1506/3154 1507/3155 1505/3156
f 1508/3157 1510/3158 1511/3159 1509/3160
f 1510/3161 1512/3162 1513/3163 1511/3164
f 1514/3165 1516/3166 1517/3167 1515/3168
f 1516/3169 1518/3170 1519/3171 1517/3172
f 1520/3173 1522/3174 1523/3175 1521/3176
f 1522/3177 1524/3178 1525/3179 1523/3180
f 1526/3181 1528/3182 1529/3183 1527/3184
f 1528/3185 1530/3186 1531/3187 1529/3188
f 1532/3189 1534/3190 1535/3191 1533/3192
f 1534/3193 1536/3194 1537/3195 1535/3196
f 1538/3197 1540/3198 1541/3199 1539/3200
f 1540/3201 1542/3202 1543/3203 1541/3204
f 1544/3205 1546/3206 1547/3207 1545/3208
f 1546/3209 1548/3210 1549/3211 1547/3212
f 1550/3213 1552/3214 1553/3215 1551/3216
f 1552/3217 1554/3218 1555/3219 1553/3220
f 1556/3221 1558/3222 1559/3223 1557/3224
f 1558/3225 1560/3226 1561/3227 1559/3228
f 1562/3229 1564/3230 1565/3231 1563/3232
f 1564/3233 1566/3234 1567/3235 1565/3236
f 1568/3237 1570/3238 1571/3239 1569/3240
f 1570/3241 1572/3242 1573/3243 1571/3244
f 1574/3245 1576/3246 1577/3247 1575/3248
f 1576/3249 1578/3250 1579/3251 1577/3252
f 1580/3253 1582/3254 1583/3255 1581/3256
f 1582/3257 1584/3258 1585/3259 1583/3260
f 1586/3261 1588/3262 1589/3263 1587/3264
f 1588/3265 1590/3266 1591/3267 1589/3268
f 1592/3269 1594/3270 1595/3271 1593/3272
f 1594/3273 1596/3274 1597/3275 1595/3276
f 1598/3277 1600/3278 1601/3279 1599/3280
f 1600/3281 1602/3282 1603/3283 1601/3284
f 1604/3285 1606/3286 1607/3287 1605/3288
f 1606/3289 1608/3290 1609/3291 1607/3292
f 1610/3293 1612/3294 1613/3295 1611/3296
f 1612/3297 1614/3298 1615/3299 1613/3300
f 1616/3301 1618/3302 1619/3303 1617/3304
f 1618/3305 1620/3306 1621/3307 1619/3308
f 1622/3309 1624/3310 1625/3311 1623/3312
f 1624/3313 1626/3314 1627/3315 1625/3316
f 1628/3317 1630/3318 1631/3319 1629/3320
f 1630/3321 1632/3322 1633/3323 1631/3324
f 1634/3325 1636/3326 1637/3327 1635/3328
f 1636/3329 1638/3330 1639/3331 1637/3332
f 1640/3333 1642/3334 1643/3335 1641/3336
f 1642/3337 1644/3338 1645/3339 1643/3340
f 1646/3341 1648/3342 1649/3343 1647/3344
f 1648/3345 1650/3346 1651/3347 1649/3348
f 1652/3349 1654/3350 1655/3351 1653/3352
f 1654/3353 1656/3354 1657/3355 1655/3356
f 1658/3357 1660/3358 1661/3359 1659/3360
f 1660/3361 1662/3362 1663/3363 1661/3364
f 1664/3365 1666/3366 1667/3367 1665/3368
f 1666/3369 1668/3370 1669/3371 1667/3372
f 1670/3373 1672/3374 1673/3375 1671/3376
f 1672/3377 1674/3378 1675/3379 1673/3380
f 1676/3381 1678/3382 1679/3383 1677/3384
f 1678/3385 1680/3386 1681/3387 1679/3388
f 1682/3389 1684/3390 1685/3391 1683/3392
f 1684/3393 1686/3394 1687/3395 1685/3396
f 1688/3397 1690/3398 1691/3399 1689/3400
f 1690/3401 1692/3402 1693/3403 1691/3404
f 1694/3405 1696/3406 1697/3407 1695/3408
f 1696/3409 1698/3410 1699/3411 1697/3412
f 1700/3413 1702/3414 1703/3415 1701/3416
f 1702/3417 1704/3418 1705/3419 1703/3420
f 1706/3421 1708/3422 1709/3423 1707/3424
f 1708/3425 1710/3426 1711/3427 1709/3428
f 1712/3429 1714/3430 1715/3431 1713/3432
f 1714/3433 1716/3434 1717/3435 1715/3436
f 1718/3437 1720/3438 1721/3439 1719/3440
f 1720/3441 1722/3442 1723/3443 1721/3444
f 1724/3445 1726/3446 1727/3447 1725/3448
f 1726/3449 1728/3450 1729/3451 1727/3452
f 1730/3453 1732/3454 1733/3455 1731/3456
f 1732/3457 1734/3458 1735/3459 1733/3460
f 1736/3461 1738/3462 1739/3463 1737/3464
f 1738/3465 1740/3466 1741/3467 1739/3468
f 1742/3469 1744/3470 1745/3471 1743/3472
f 1744/3473 1746/3474 1747/3475 1745/3476
f 1748/3477 1750/3478 1751/3479 1749/3480
f 1750/3481 1752/3482 1753/3483 1751/3484
f 1754/3485 1756/3486 1757/3487 1755/3488
f 1756/3489 1758/3490 1759/3491 1757/3492
f 1760/3493 1762/3494 1763/3495 1761/3496
f 1762/3497 1764/3498 1765/3499 1763/3500
f 1766/3501 1768/3502 1769/3503 1767/3504
f 1768/3505 1770/3506 1771/3507 1769/3508
f 1772/3509 1774/3510 1775/3511 1773/3512
f 1774/3513 1776/3514 1777/3515 1775/3516
usemtl M_DatePalm_Rachis
s 1
f 1778/3517 1779/3518 1785/3519 1784/3520
f 1779/3521 1780/3522 1786/3523 1785/3524
f 1780/3525 1781/3526 1787/3527 1786/3528
f 1781/3529 1782/3530 1788/3531 1787/3532
f 1782/3533 1783/3534 1789/3535 1788/3536
f 1783/3537 1778/3538 1784/3539 1789/3540
f 1790/3541 1791/3542 1797/3543 1796/3544
f 1791/3545 1792/3546 1798/3547 1797/3548
f 1792/3549 1793/3550 1799/3551 1798/3552
f 1793/3553 1794/3554 1800/3555 1799/3556
f 1794/3557 1795/3558 1801/3559 1800/3560
f 1795/3561 1790/3562 1796/3563 1801/3564
f 1802/3565 1803/3566 1809/3567 1808/3568
f 1803/3569 1804/3570 1810/3571 1809/3572
f 1804/3573 1805/3574 1811/3575 1810/3576
f 1805/3577 1806/3578 1812/3579 1811/3580
f 1806/3581 1807/3582 1813/3583 1812/3584
f 1807/3585 1802/3586 1808/3587 1813/3588
f 1814/3589 1815/3590 1821/3591 1820/3592
f 1815/3593 1816/3594 1822/3595 1821/3596
f 1816/3597 1817/3598 1823/3599 1822/3600
f 1817/3601 1818/3602 1824/3603 1823/3604
f 1818/3605 1819/3606 1825/3607 1824/3608
f 1819/3609 1814/3610 1820/3611 1825/3612
f 1826/3613 1827/3614 1833/3615 1832/3616
f 1827/3617 1828/3618 1834/3619 1833/3620
f 1828/3621 1829/3622 1835/3623 1834/3624
f 1829/3625 1830/3626 1836/3627 1835/3628
f 1830/3629 1831/3630 1837/3631 1836/3632
f 1831/3633 1826/3634 1832/3635 1837/3636
f 1838/3637 1839/3638 1845/3639 1844/3640
f 1839/3641 1840/3642 1846/3643 1845/3644
f 1840/3645 1841/3646 1847/3647 1846/3648
f 1841/3649 1842/3650 1848/3651 1847/3652
f 1842/3653 1843/3654 1849/3655 1848/3656
f 1843/3657 1838/3658 1844/3659 1849/3660
f 1850/3661 1851/3662 1857/3663 1856/3664
f 1851/3665 1852/3666 1858/3667 1857/3668
f 1852/3669 1853/3670 1859/3671 1858/3672
f 1853/3673 1854/3674 1860/3675 1859/3676
f 1854/3677 1855/3678 1861/3679 1860/3680
f 1855/3681 1850/3682 1856/3683 1861/3684
usemtl M_DatePalm_Leaflet
s 1
f 1862/3685 1864/3686 1865/3687 1863/3688
f 1864/3689 1866/3690 1867/3691 1865/3692
f 1868/3693 1870/3694 1871/3695 1869/3696
f 1870/3697 1872/3698 1873/3699 1871/3700
f 1874/3701 1876/3702 1877/3703 1875/3704
f 1876/3705 1878/3706 1879/3707 1877/3708
f 1880/3709 1882/3710 1883/3711 1881/3712
f 1882/3713 1884/3714 1885/3715 1883/3716
f 1886/3717 1888/3718 1889/3719 1887/3720
f 1888/3721 1890/3722 1891/3723 1889/3724
f 1892/3725 1894/3726 1895/3727 1893/3728
f 1894/3729 1896/3730 1897/3731 1895/3732
f 1898/3733 1900/3734 1901/3735 1899/3736
f 1900/3737 1902/3738 1903/3739 1901/3740
f 1904/3741 1906/3742 1907/3743 1905/3744
f 1906/3745 1908/3746 1909/3747 1907/3748
f 1910/3749 1912/3750 1913/3751 1911/3752
f 1912/3753 1914/3754 1915/3755 1913/3756
f 1916/3757 1918/3758 1919/3759 1917/3760
f 1918/3761 1920/3762 1921/3763 1919/3764
f 1922/3765 1924/3766 1925/3767 1923/3768
f 1924/3769 1926/3770 1927/3771 1925/3772
f 1928/3773 1930/3774 1931/3775 1929/3776
f 1930/3777 1932/3778 1933/3779 1931/3780
f 1934/3781 1936/3782 1937/3783 1935/3784
f 1936/3785 1938/3786 1939/3787 1937/3788
f 1940/3789 1942/3790 1943/3791 1941/3792
f 1942/3793 1944/3794 1945/3795 1943/3796
f 1946/3797 1948/3798 1949/3799 1947/3800
f 1948/3801 1950/3802 1951/3803 1949/3804
f 1952/3805 1954/3806 1955/3807 1953/3808
f 1954/3809 1956/3810 1957/3811 1955/3812
f 1958/3813 1960/3814 1961/3815 1959/3816
f 1960/3817 1962/3818 1963/3819 1961/3820
f 1964/3821 1966/3822 1967/3823 1965/3824
f 1966/3825 1968/3826 1969/3827 1967/3828
f 1970/3829 1972/3830 1973/3831 1971/3832
f 1972/3833 1974/3834 1975/3835 1973/3836
f 1976/3837 1978/3838 1979/3839 1977/3840
f 1978/3841 1980/3842 1981/3843 1979/3844
f 1982/3845 1984/3846 1985/3847 1983/3848
f 1984/3849 1986/3850 1987/3851 1985/3852
f 1988/3853 1990/3854 1991/3855 1989/3856
f 1990/3857 1992/3858 1993/3859 1991/3860
f 1994/3861 1996/3862 1997/3863 1995/3864
f 1996/3865 1998/3866 1999/3867 1997/3868
f 2000/3869 2002/3870 2003/3871 2001/3872
f 2002/3873 2004/3874 2005/3875 2003/3876
f 2006/3877 2008/3878 2009/3879 2007/3880
f 2008/3881 2010/3882 2011/3883 2009/3884
f 2012/3885 2014/3886 2015/3887 2013/3888
f 2014/3889 2016/3890 2017/3891 2015/3892
f 2018/3893 2020/3894 2021/3895 2019/3896
f 2020/3897 2022/3898 2023/3899 2021/3900
f 2024/3901 2026/3902 2027/3903 2025/3904
f 2026/3905 2028/3906 2029/3907 2027/3908
f 2030/3909 2032/3910 2033/3911 2031/3912
f 2032/3913 2034/3914 2035/3915 2033/3916
f 2036/3917 2038/3918 2039/3919 2037/3920
f 2038/3921 2040/3922 2041/3923 2039/3924
f 2042/3925 2044/3926 2045/3927 2043/3928
f 2044/3929 2046/3930 2047/3931 2045/3932
f 2048/3933 2050/3934 2051/3935 2049/3936
f 2050/3937 2052/3938 2053/3939 2051/3940
f 2054/3941 2056/3942 2057/3943 2055/3944
f 2056/3945 2058/3946 2059/3947 2057/3948
f 2060/3949 2062/3950 2063/3951 2061/3952
f 2062/3953 2064/3954 2065/3955 2063/3956
f 2066/3957 2068/3958 2069/3959 2067/3960
f 2068/3961 2070/3962 2071/3963 2069/3964
f 2072/3965 2074/3966 2075/3967 2073/3968
f 2074/3969 2076/3970 2077/3971 2075/3972
f 2078/3973 2080/3974 2081/3975 2079/3976
f 2080/3977 2082/3978 2083/3979 2081/3980
f 2084/3981 2086/3982 2087/3983 2085/3984
f 2086/3985 2088/3986 2089/3987 2087/3988
f 2090/3989 2092/3990 2093/3991 2091/3992
f 2092/3993 2094/3994 2095/3995 2093/3996
f 2096/3997 2098/3998 2099/3999 2097/4000
f 2098/4001 2100/4002 2101/4003 2099/4004
f 2102/4005 2104/4006 2105/4007 2103/4008
f 2104/4009 2106/4010 2107/4011 2105/4012
f 2108/4013 2110/4014 2111/4015 2109/4016
f 2110/4017 2112/4018 2113/4019 2111/4020
f 2114/4021 2116/4022 2117/4023 2115/4024
f 2116/4025 2118/4026 2119/4027 2117/4028
f 2120/4029 2122/4030 2123/4031 2121/4032
f 2122/4033 2124/4034 2125/4035 2123/4036
f 2126/4037 2128/4038 2129/4039 2127/4040
f 2128/4041 2130/4042 2131/4043 2129/4044
f 2132/4045 2134/4046 2135/4047 2133/4048
f 2134/4049 2136/4050 2137/4051 2135/4052
f 2138/4053 2140/4054 2141/4055 2139/4056
f 2140/4057 2142/4058 2143/4059 2141/4060
f 2144/4061 2146/4062 2147/4063 2145/4064
f 2146/4065 2148/4066 2149/4067 2147/4068
usemtl M_DatePalm_Rachis
s 1
f 2150/4069 2151/4070 2157/4071 2156/4072
f 2151/4073 2152/4074 2158/4075 2157/4076
f 2152/4077 2153/4078 2159/4079 2158/4080
f 2153/4081 2154/4082 2160/4083 2159/4084
f 2154/4085 2155/4086 2161/4087 2160/4088
f 2155/4089 2150/4090 2156/4091 2161/4092
f 2162/4093 2163/4094 2169/4095 2168/4096
f 2163/4097 2164/4098 2170/4099 2169/4100
f 2164/4101 2165/4102 2171/4103 2170/4104
f 2165/4105 2166/4106 2172/4107 2171/4108
f 2166/4109 2167/4110 2173/4111 2172/4112
f 2167/4113 2162/4114 2168/4115 2173/4116
f 2174/4117 2175/4118 2181/4119 2180/4120
f 2175/4121 2176/4122 2182/4123 2181/4124
f 2176/4125 2177/4126 2183/4127 2182/4128
f 2177/4129 2178/4130 2184/4131 2183/4132
f 2178/4133 2179/4134 2185/4135 2184/4136
f 2179/4137 2174/4138 2180/4139 2185/4140
f 2186/4141 2187/4142 2193/4143 2192/4144
f 2187/4145 2188/4146 2194/4147 2193/4148
f 2188/4149 2189/4150 2195/4151 2194/4152
f 2189/4153 2190/4154 2196/4155 2195/4156
f 2190/4157 2191/4158 2197/4159 2196/4160
f 2191/4161 2186/4162 2192/4163 2197/4164
f 2198/4165 2199/4166 2205/4167 2204/4168
f 2199/4169 2200/4170 2206/4171 2205/4172
f 2200/4173 2201/4174 2207/4175 2206/4176
f 2201/4177 2202/4178 2208/4179 2207/4180
f 2202/4181 2203/4182 2209/4183 2208/4184
f 2203/4185 2198/4186 2204/4187 2209/4188
f 2210/4189 2211/4190 2217/4191 2216/4192
f 2211/4193 2212/4194 2218/4195 2217/4196
f 2212/4197 2213/4198 2219/4199 2218/4200
f 2213/4201 2214/4202 2220/4203 2219/4204
f 2214/4205 2215/4206 2221/4207 2220/4208
f 2215/4209 2210/4210 2216/4211 2221/4212
f 2222/4213 2223/4214 2229/4215 2228/4216
f 2223/4217 2224/4218 2230/4219 2229/4220
f 2224/4221 2225/4222 2231/4223 2230/4224
f 2225/4225 2226/4226 2232/4227 2231/4228
f 2226/4229 2227/4230 2233/4231 2232/4232
f 2227/4233 2222/4234 2228/4235 2233/4236
usemtl M_DatePalm_Leaflet
s 1
f 2234/4237 2236/4238 2237/4239 2235/4240
f 2236/4241 2238/4242 2239/4243 2237/4244
f 2240/4245 2242/4246 2243/4247 2241/4248
f 2242/4249 2244/4250 2245/4251 2243/4252
f 2246/4253 2248/4254 2249/4255 2247/4256
f 2248/4257 2250/4258 2251/4259 2249/4260
f 2252/4261 2254/4262 2255/4263 2253/4264
f 2254/4265 2256/4266 2257/4267 2255/4268
f 2258/4269 2260/4270 2261/4271 2259/4272
f 2260/4273 2262/4274 2263/4275 2261/4276
f 2264/4277 2266/4278 2267/4279 2265/4280
f 2266/4281 2268/4282 2269/4283 2267/4284
f 2270/4285 2272/4286 2273/4287 2271/4288
f 2272/4289 2274/4290 2275/4291 2273/4292
f 2276/4293 2278/4294 2279/4295 2277/4296
f 2278/4297 2280/4298 2281/4299 2279/4300
f 2282/4301 2284/4302 2285/4303 2283/4304
f 2284/4305 2286/4306 2287/4307 2285/4308
f 2288/4309 2290/4310 2291/4311 2289/4312
f 2290/4313 2292/4314 2293/4315 2291/4316
f 2294/4317 2296/4318 2297/4319 2295/4320
f 2296/4321 2298/4322 2299/4323 2297/4324
f 2300/4325 2302/4326 2303/4327 2301/4328
f 2302/4329 2304/4330 2305/4331 2303/4332
f 2306/4333 2308/4334 2309/4335 2307/4336
f 2308/4337 2310/4338 2311/4339 2309/4340
f 2312/4341 2314/4342 2315/4343 2313/4344
f 2314/4345 2316/4346 2317/4347 2315/4348
f 2318/4349 2320/4350 2321/4351 2319/4352
f 2320/4353 2322/4354 2323/4355 2321/4356
f 2324/4357 2326/4358 2327/4359 2325/4360
f 2326/4361 2328/4362 2329/4363 2327/4364
f 2330/4365 2332/4366 2333/4367 2331/4368
f 2332/4369 2334/4370 2335/4371 2333/4372
f 2336/4373 2338/4374 2339/4375 2337/4376
f 2338/4377 2340/4378 2341/4379 2339/4380
f 2342/4381 2344/4382 2345/4383 2343/4384
f 2344/4385 2346/4386 2347/4387 2345/4388
f 2348/4389 2350/4390 2351/4391 2349/4392
f 2350/4393 2352/4394 2353/4395 2351/4396
f 2354/4397 2356/4398 2357/4399 2355/4400
f 2356/4401 2358/4402 2359/4403 2357/4404
f 2360/4405 2362/4406 2363/4407 2361/4408
f 2362/4409 2364/4410 2365/4411 2363/4412
f 2366/4413 2368/4414 2369/4415 2367/4416
f 2368/4417 2370/4418 2371/4419 2369/4420
f 2372/4421 2374/4422 2375/4423 2373/4424
f 2374/4425 2376/4426 2377/4427 2375/4428
f 2378/4429 2380/4430 2381/4431 2379/4432
f 2380/4433 2382/4434 2383/4435 2381/4436
f 2384/4437 2386/4438 2387/4439 2385/4440
f 2386/4441 2388/4442 2389/4443 2387/4444
f 2390/4445 2392/4446 2393/4447 2391/4448
f 2392/4449 2394/4450 2395/4451 2393/4452
f 2396/4453 2398/4454 2399/4455 2397/4456
f 2398/4457 2400/4458 2401/4459 2399/4460
f 2402/4461 2404/4462 2405/4463 2403/4464
f 2404/4465 2406/4466 2407/4467 2405/4468
f 2408/4469 2410/4470 2411/4471 2409/4472
f 2410/4473 2412/4474 2413/4475 2411/4476
f 2414/4477 2416/4478 2417/4479 2415/4480
f 2416/4481 2418/4482 2419/4483 2417/4484
f 2420/4485 2422/4486 2423/4487 2421/4488
f 2422/4489 2424/4490 2425/4491 2423/4492
f 2426/4493 2428/4494 2429/4495 2427/4496
f 2428/4497 2430/4498 2431/4499 2429/4500
f 2432/4501 2434/4502 2435/4503 2433/4504
f 2434/4505 2436/4506 2437/4507 2435/4508
f 2438/4509 2440/4510 2441/4511 2439/4512
f 2440/4513 2442/4514 2443/4515 2441/4516
f 2444/4517 2446/4518 2447/4519 2445/4520
f 2446/4521 2448/4522 2449/4523 2447/4524
f 2450/4525 2452/4526 2453/4527 2451/4528
f 2452/4529 2454/4530 2455/4531 2453/4532
f 2456/4533 2458/4534 2459/4535 2457/4536
f 2458/4537 2460/4538 2461/4539 2459/4540
f 2462/4541 2464/4542 2465/4543 2463/4544
f 2464/4545 2466/4546 2467/4547 2465/4548
f 2468/4549 2470/4550 2471/4551 2469/4552
f 2470/4553 2472/4554 2473/4555 2471/4556
f 2474/4557 2476/4558 2477/4559 2475/4560
f 2476/4561 2478/4562 2479/4563 2477/4564
f 2480/4565 2482/4566 2483/4567 2481/4568
f 2482/4569 2484/4570 2485/4571 2483/4572
f 2486/4573 2488/4574 2489/4575 2487/4576
f 2488/4577 2490/4578 2491/4579 2489/4580
f 2492/4581 2494/4582 2495/4583 2493/4584
f 2494/4585 2496/4586 2497/4587 2495/4588
f 2498/4589 2500/4590 2501/4591 2499/4592
f 2500/4593 2502/4594 2503/4595 2501/4596
f 2504/4597 2506/4598 2507/4599 2505/4600
f 2506/4601 2508/4602 2509/4603 2507/4604
f 2510/4605 2512/4606 2513/4607 2511/4608
f 2512/4609 2514/4610 2515/4611 2513/4612
f 2516/4613 2518/4614 2519/4615 2517/4616
f 2518/4617 2520/4618 2521/4619 2519/4620
usemtl M_DatePalm_Rachis
s 1
f 2522/4621 2523/4622 2529/4623 2528/4624
f 2523/4625 2524/4626 2530/4627 2529/4628
f 2524/4629 2525/4630 2531/4631 2530/4632
f 2525/4633 2526/4634 2532/4635 2531/4636
f 2526/4637 2527/4638 2533/4639 2532/4640
f 2527/4641 2522/4642 2528/4643 2533/4644
f 2534/4645 2535/4646 2541/4647 2540/4648
f 2535/4649 2536/4650 2542/4651 2541/4652
f 2536/4653 2537/4654 2543/4655 2542/4656
f 2537/4657 2538/4658 2544/4659 2543/4660
f 2538/4661 2539/4662 2545/4663 2544/4664
f 2539/4665 2534/4666 2540/4667 2545/4668
f 2546/4669 2547/4670 2553/4671 2552/4672
f 2547/4673 2548/4674 2554/4675 2553/4676
f 2548/4677 2549/4678 2555/4679 2554/4680
f 2549/4681 2550/4682 2556/4683 2555/4684
f 2550/4685 2551/4686 2557/4687 2556/4688
f 2551/4689 2546/4690 2552/4691 2557/4692
f 2558/4693 2559/4694 2565/4695 2564/4696
f 2559/4697 2560/4698 2566/4699 2565/4700
f 2560/4701 2561/4702 2567/4703 2566/4704
f 2561/4705 2562/4706 2568/4707 2567/4708
f 2562/4709 2563/4710 2569/4711 2568/4712
f 2563/4713 2558/4714 2564/4715 2569/4716
f 2570/4717 2571/4718 2577/4719 2576/4720
f 2571/4721 2572/4722 2578/4723 2577/4724
f 2572/4725 2573/4726 2579/4727 2578/4728
f 2573/4729 2574/4730 2580/4731 2579/4732
f 2574/4733 2575/4734 2581/4735 2580/4736
f 2575/4737 2570/4738 2576/4739 2581/4740
f 2582/4741 2583/4742 2589/4743 2588/4744
f 2583/4745 2584/4746 2590/4747 2589/4748
f 2584/4749 2585/4750 2591/4751 2590/4752
f 2585/4753 2586/4754 2592/4755 2591/4756
f 2586/4757 2587/4758 2593/4759 2592/4760
f 2587/4761 2582/4762 2588/4763 2593/4764
f 2594/4765 2595/4766 2601/4767 2600/4768
f 2595/4769 2596/4770 2602/4771 2601/4772
f 2596/4773 2597/4774 2603/4775 2602/4776
f 2597/4777 2598/4778 2604/4779 2603/4780
f 2598/4781 2599/4782 2605/4783 2604/4784
f 2599/4785 2594/4786 2600/4787 2605/4788
usemtl M_DatePalm_Leaflet
s 1
f 2606/4789 2608/4790 2609/4791 2607/4792
f 2608/4793 2610/4794 2611/4795 2609/4796
f 2612/4797 2614/4798 2615/4799 2613/4800
f 2614/4801 2616/4802 2617/4803 2615/4804
f 2618/4805 2620/4806 2621/4807 2619/4808
f 2620/4809 2622/4810 2623/4811 2621/4812
f 2624/4813 2626/4814 2627/4815 2625/4816
f 2626/4817 2628/4818 2629/4819 2627/4820
f 2630/4821 2632/4822 2633/4823 2631/4824
f 2632/4825 2634/4826 2635/4827 2633/4828
f 2636/4829 2638/4830 2639/4831 2637/4832
f 2638/4833 2640/4834 2641/4835 2639/4836
f 2642/4837 2644/4838 2645/4839 2643/4840
f 2644/4841 2646/4842 2647/4843 2645/4844
f 2648/4845 2650/4846 2651/4847 2649/4848
f 2650/4849 2652/4850 2653/4851 2651/4852
f 2654/4853 2656/4854 2657/4855 2655/4856
f 2656/4857 2658/4858 2659/4859 2657/4860
f 2660/4861 2662/4862 2663/4863 2661/4864
f 2662/4865 2664/4866 2665/4867 2663/4868
f 2666/4869 2668/4870 2669/4871 2667/4872
f 2668/4873 2670/4874 2671/4875 2669/4876
f 2672/4877 2674/4878 2675/4879 2673/4880
f 2674/4881 2676/4882 2677/4883 2675/4884
f 2678/4885 2680/4886 2681/4887 2679/4888
f 2680/4889 2682/4890 2683/4891 2681/4892
f 2684/4893 2686/4894 2687/4895 2685/4896
f 2686/4897 2688/4898 2689/4899 2687/4900
f 2690/4901 2692/4902 2693/4903 2691/4904
f 2692/4905 2694/4906 2695/4907 2693/4908
f 2696/4909 2698/4910 2699/4911 2697/4912
f 2698/4913 2700/4914 2701/4915 2699/4916
f 2702/4917 2704/4918 2705/4919 2703/4920
f 2704/4921 2706/4922 2707/4923 2705/4924
f 2708/4925 2710/4926 2711/4927 2709/4928
f 2710/4929 2712/4930 2713/4931 2711/4932
f 2714/4933 2716/4934 2717/4935 2715/4936
f 2716/4937 2718/4938 2719/4939 2717/4940
f 2720/4941 2722/4942 2723/4943 2721/4944
f 2722/4945 2724/4946 2725/4947 2723/4948
f 2726/4949 2728/4950 2729/4951 2727/4952
f 2728/4953 2730/4954 2731/4955 2729/4956
f 2732/4957 2734/4958 2735/4959 2733/4960
f 2734/4961 2736/4962 2737/4963 2735/4964
f 2738/4965 2740/4966 2741/4967 2739/4968
f 2740/4969 2742/4970 2743/4971 2741/4972
f 2744/4973 2746/4974 2747/4975 2745/4976
f 2746/4977 2748/4978 2749/4979 2747/4980
f 2750/4981 2752/4982 2753/4983 2751/4984
f 2752/4985 2754/4986 2755/4987 2753/4988
f 2756/4989 2758/4990 2759/4991 2757/4992
f 2758/4993 2760/4994 2761/4995 2759/4996
f 2762/4997 2764/4998 2765/4999 2763/5000
f 2764/5001 2766/5002 2767/5003 2765/5004
f 2768/5005 2770/5006 2771/5007 2769/5008
f 2770/5009 2772/5010 2773/5011 2771/5012
f 2774/5013 2776/5014 2777/5015 2775/5016
f 2776/5017 2778/5018 2779/5019 2777/5020
f 2780/5021 2782/5022 2783/5023 2781/5024
f 2782/5025 2784/5026 2785/5027 2783/5028
f 2786/5029 2788/5030 2789/5031 2787/5032
f 2788/5033 2790/5034 2791/5035 2789/5036
f 2792/5037 2794/5038 2795/5039 2793/5040
f 2794/5041 2796/5042 2797/5043 2795/5044
f 2798/5045 2800/5046 2801/5047 2799/5048
f 2800/5049 2802/5050 2803/5051 2801/5052
f 2804/5053 2806/5054 2807/5055 2805/5056
f 2806/5057 2808/5058 2809/5059 2807/5060
f 2810/5061 2812/5062 2813/5063 2811/5064
f 2812/5065 2814/5066 2815/5067 2813/5068
f 2816/5069 2818/5070 2819/5071 2817/5072
f 2818/5073 2820/5074 2821/5075 2819/5076
f 2822/5077 2824/5078 2825/5079 2823/5080
f 2824/5081 2826/5082 2827/5083 2825/5084
f 2828/5085 2830/5086 2831/5087 2829/5088
f 2830/5089 2832/5090 2833/5091 2831/5092
f 2834/5093 2836/5094 2837/5095 2835/5096
f 2836/5097 2838/5098 2839/5099 2837/5100
f 2840/5101 2842/5102 2843/5103 2841/5104
f 2842/5105 2844/5106 2845/5107 2843/5108
f 2846/5109 2848/5110 2849/5111 2847/5112
f 2848/5113 2850/5114 2851/5115 2849/5116
f 2852/5117 2854/5118 2855/5119 2853/5120
f 2854/5121 2856/5122 2857/5123 2855/5124
f 2858/5125 2860/5126 2861/5127 2859/5128
f 2860/5129 2862/5130 2863/5131 2861/5132
f 2864/5133 2866/5134 2867/5135 2865/5136
f 2866/5137 2868/5138 2869/5139 2867/5140
f 2870/5141 2872/5142 2873/5143 2871/5144
f 2872/5145 2874/5146 2875/5147 2873/5148
f 2876/5149 2878/5150 2879/5151 2877/5152
f 2878/5153 2880/5154 2881/5155 2879/5156
f 2882/5157 2884/5158 2885/5159 2883/5160
f 2884/5161 2886/5162 2887/5163 2885/5164
f 2888/5165 2890/5166 2891/5167 2889/5168
f 2890/5169 2892/5170 2893/5171 2891/5172
usemtl M_DatePalm_Rachis
s 1
f 2894/5173 2895/5174 2901/5175 2900/5176
f 2895/5177 2896/5178 2902/5179 2901/5180
f 2896/5181 2897/5182 2903/5183 2902/5184
f 2897/5185 2898/5186 2904/5187 2903/5188
f 2898/5189 2899/5190 2905/5191 2904/5192
f 2899/5193 2894/5194 2900/5195 2905/5196
f 2906/5197 2907/5198 2913/5199 2912/5200
f 2907/5201 2908/5202 2914/5203 2913/5204
f 2908/5205 2909/5206 2915/5207 2914/5208
f 2909/5209 2910/5210 2916/5211 2915/5212
f 2910/5213 2911/5214 2917/5215 2916/5216
f 2911/5217 2906/5218 2912/5219 2917/5220
f 2918/5221 2919/5222 2925/5223 2924/5224
f 2919/5225 2920/5226 2926/5227 2925/5228
f 2920/5229 2921/5230 2927/5231 2926/5232
f 2921/5233 2922/5234 2928/5235 2927/5236
f 2922/5237 2923/5238 2929/5239 2928/5240
f 2923/5241 2918/5242 2924/5243 2929/5244
f 2930/5245 2931/5246 2937/5247 2936/5248
f 2931/5249 2932/5250 2938/5251 2937/5252
f 2932/5253 2933/5254 2939/5255 2938/5256
f 2933/5257 2934/5258 2940/5259 2939/5260
f 2934/5261 2935/5262 2941/5263 2940/5264
f 2935/5265 2930/5266 2936/5267 2941/5268
f 2942/5269 2943/5270 2949/5271 2948/5272
f 2943/5273 2944/5274 2950/5275 2949/5276
f 2944/5277 2945/5278 2951/5279 2950/5280
f 2945/5281 2946/5282 2952/5283 2951/5284
f 2946/5285 2947/5286 2953/5287 2952/5288
f 2947/5289 2942/5290 2948/5291 2953/5292
f 2954/5293 2955/5294 2961/5295 2960/5296
f 2955/5297 2956/5298 2962/5299 2961/5300
f 2956/5301 2957/5302 2963/5303 2962/5304
f 2957/5305 2958/5306 2964/5307 2963/5308
f 2958/5309 2959/5310 2965/5311 2964/5312
f 2959/5313 2954/5314 2960/5315 2965/5316
f 2966/5317 2967/5318 2973/5319 2972/5320
f 2967/5321 2968/5322 2974/5323 2973/5324
f 2968/5325 2969/5326 2975/5327 2974/5328
f 2969/5329 2970/5330 2976/5331 2975/5332
f 2970/5333 2971/5334 2977/5335 2976/5336
f 2971/5337 2966/5338 2972/5339 2977/5340
usemtl M_DatePalm_Leaflet
s 1
f 2978/5341 2980/5342 2981/5343 2979/5344
f 2980/5345 2982/5346 2983/5347 2981/5348
f 2984/5349 2986/5350 2987/5351 2985/5352
f 2986/5353 2988/5354 2989/5355 2987/5356
f 2990/5357 2992/5358 2993/5359 2991/5360
f 2992/5361 2994/5362 2995/5363 2993/5364
f 2996/5365 2998/5366 2999/5367 2997/5368
f 2998/5369 3000/5370 3001/5371 2999/5372
f 3002/5373 3004/5374 3005/5375 3003/5376
f 3004/5377 3006/5378 3007/5379 3005/5380
f 3008/5381 3010/5382 3011/5383 3009/5384
f 3010/5385 3012/5386 3013/5387 3011/5388
f 3014/5389 3016/5390 3017/5391 3015/5392
f 3016/5393 3018/5394 3019/5395 3017/5396
f 3020/5397 3022/5398 3023/5399 3021/5400
f 3022/5401 3024/5402 3025/5403 3023/5404
f 3026/5405 3028/5406 3029/5407 3027/5408
f 3028/5409 3030/5410 3031/5411 3029/5412
f 3032/5413 3034/5414 3035/5415 3033/5416
f 3034/5417 3036/5418 3037/5419 3035/5420
f 3038/5421 3040/5422 3041/5423 3039/5424
f 3040/5425 3042/5426 3043/5427 3041/5428
f 3044/5429 3046/5430 3047/5431 3045/5432
f 3046/5433 3048/5434 3049/5435 3047/5436
f 3050/5437 3052/5438 3053/5439 3051/5440
f 3052/5441 3054/5442 3055/5443 3053/5444
f 3056/5445 3058/5446 3059/5447 3057/5448
f 3058/5449 3060/5450 3061/5451 3059/5452
f 3062/5453 3064/5454 3065/5455 3063/5456
f 3064/5457 3066/5458 3067/5459 3065/5460
f 3068/5461 3070/5462 3071/5463 3069/5464
f 3070/5465 3072/5466 3073/5467 3071/5468
f 3074/5469 3076/5470 3077/5471 3075/5472
f 3076/5473 3078/5474 3079/5475 3077/5476
f 3080/5477 3082/5478 3083/5479 3081/5480
f 3082/5481 3084/5482 3085/5483 3083/5484
f 3086/5485 3088/5486 3089/5487 3087/5488
f 3088/5489 3090/5490 3091/5491 3089/5492
f 3092/5493 3094/5494 3095/5495 3093/5496
f 3094/5497 3096/5498 3097/5499 3095/5500
f 3098/5501 3100/5502 3101/5503 3099/5504
f 3100/5505 3102/5506 3103/5507 3101/5508
f 3104/5509 3106/5510 3107/5511 3105/5512
f 3106/5513 3108/5514 3109/5515 3107/5516
f 3110/5517 3112/5518 3113/5519 3111/5520
f 3112/5521 3114/5522 3115/5523 3113/5524
f 3116/5525 3118/5526 3119/5527 3117/5528
f 3118/5529 3120/5530 3121/5531 3119/5532
f 3122/5533 3124/5534 3125/5535 3123/5536
f 3124/5537 3126/5538 3127/5539 3125/5540
f 3128/5541 3130/5542 3131/5543 3129/5544
f 3130/5545 3132/5546 3133/5547 3131/5548
f 3134/5549 3136/5550 3137/5551 3135/5552
f 3136/5553 3138/5554 3139/5555 3137/5556
f 3140/5557 3142/5558 3143/5559 3141/5560
f 3142/5561 3144/5562 3145/5563 3143/5564
f 3146/5565 3148/5566 3149/5567 3147/5568
f 3148/5569 3150/5570 3151/5571 3149/5572
f 3152/5573 3154/5574 3155/5575 3153/5576
f 3154/5577 3156/5578 3157/5579 3155/5580
f 3158/5581 3160/5582 3161/5583 3159/5584
f 3160/5585 3162/5586 3163/5587 3161/5588
f 3164/5589 3166/5590 3167/5591 3165/5592
f 3166/5593 3168/5594 3169/5595 3167/5596
f 3170/5597 3172/5598 3173/5599 3171/5600
f 3172/5601 3174/5602 3175/5603 3173/5604
f 3176/5605 3178/5606 3179/5607 3177/5608
f 3178/5609 3180/5610 3181/5611 3179/5612
f 3182/5613 3184/5614 3185/5615 3183/5616
f 3184/5617 3186/5618 3187/5619 3185/5620
f 3188/5621 3190/5622 3191/5623 3189/5624
f 3190/5625 3192/5626 3193/5627 3191/5628
f 3194/5629 3196/5630 3197/5631 3195/5632
f 3196/5633 3198/5634 3199/5635 3197/5636
f 3200/5637 3202/5638 3203/5639 3201/5640
f 3202/5641 3204/5642 3205/5643 3203/5644
f 3206/5645 3208/5646 3209/5647 3207/5648
f 3208/5649 3210/5650 3211/5651 3209/5652
f 3212/5653 3214/5654 3215/5655 3213/5656
f 3214/5657 3216/5658 3217/5659 3215/5660
f 3218/5661 3220/5662 3221/5663 3219/5664
f 3220/5665 3222/5666 3223/5667 3221/5668
f 3224/5669 3226/5670 3227/5671 3225/5672
f 3226/5673 3228/5674 3229/5675 3227/5676
f 3230/5677 3232/5678 3233/5679 3231/5680
f 3232/5681 3234/5682 3235/5683 3233/5684
f 3236/5685 3238/5686 3239/5687 3237/5688
f 3238/5689 3240/5690 3241/5691 3239/5692
f 3242/5693 3244/5694 3245/5695 3243/5696
f 3244/5697 3246/5698 3247/5699 3245/5700
f 3248/5701 3250/5702 3251/5703 3249/5704
f 3250/5705 3252/5706 3253/5707 3251/5708
f 3254/5709 3256/5710 3257/5711 3255/5712
f 3256/5713 3258/5714 3259/5715 3257/5716
f 3260/5717 3262/5718 3263/5719 3261/5720
f 3262/5721 3264/5722 3265/5723 3263/5724
usemtl M_DatePalm_Rachis
s 1
f 3266/5725 3267/5726 3273/5727 3272/5728
f 3267/5729 3268/5730 3274/5731 3273/5732
f 3268/5733 3269/5734 3275/5735 3274/5736
f 3269/5737 3270/5738 3276/5739 3275/5740
f 3270/5741 3271/5742 3277/5743 3276/5744
f 3271/5745 3266/5746 3272/5747 3277/5748
f 3278/5749 3279/5750 3285/5751 3284/5752
f 3279/5753 3280/5754 3286/5755 3285/5756
f 3280/5757 3281/5758 3287/5759 3286/5760
f 3281/5761 3282/5762 3288/5763 3287/5764
f 3282/5765 3283/5766 3289/5767 3288/5768
f 3283/5769 3278/5770 3284/5771 3289/5772
f 3290/5773 3291/5774 3297/5775 3296/5776
f 3291/5777 3292/5778 3298/5779 3297/5780
f 3292/5781 3293/5782 3299/5783 3298/5784
f 3293/5785 3294/5786 3300/5787 3299/5788
f 3294/5789 3295/5790 3301/5791 3300/5792
f 3295/5793 3290/5794 3296/5795 3301/5796
f 3302/5797 3303/5798 3309/5799 3308/5800
f 3303/5801 3304/5802 3310/5803 3309/5804
f 3304/5805 3305/5806 3311/5807 3310/5808
f 3305/5809 3306/5810 3312/5811 3311/5812
f 3306/5813 3307/5814 3313/5815 3312/5816
f 3307/5817 3302/5818 3308/5819 3313/5820
f 3314/5821 3315/5822 3321/5823 3320/5824
f 3315/5825 3316/5826 3322/5827 3321/5828
f 3316/5829 3317/5830 3323/5831 3322/5832
f 3317/5833 3318/5834 3324/5835 3323/5836
f 3318/5837 3319/5838 3325/5839 3324/5840
f 3319/5841 3314/5842 3320/5843 3325/5844
f 3326/5845 3327/5846 3333/5847 3332/5848
f 3327/5849 3328/5850 3334/5851 3333/5852
f 3328/5853 3329/5854 3335/5855 3334/5856
f 3329/5857 3330/5858 3336/5859 3335/5860
f 3330/5861 3331/5862 3337/5863 3336/5864
f 3331/5865 3326/5866 3332/5867 3337/5868
f 3338/5869 3339/5870 3345/5871 3344/5872
f 3339/5873 3340/5874 3346/5875 3345/5876
f 3340/5877 3341/5878 3347/5879 3346/5880
f 3341/5881 3342/5882 3348/5883 3347/5884
f 3342/5885 3343/5886 3349/5887 3348/5888
f 3343/5889 3338/5890 3344/5891 3349/5892
usemtl M_DatePalm_Leaflet
s 1
f 3350/5893 3352/5894 3353/5895 3351/5896
f 3352/5897 3354/5898 3355/5899 3353/5900
f 3356/5901 3358/5902 3359/5903 3357/5904
f 3358/5905 3360/5906 3361/5907 3359/5908
f 3362/5909 3364/5910 3365/5911 3363/5912
f 3364/5913 3366/5914 3367/5915 3365/5916
f 3368/5917 3370/5918 3371/5919 3369/5920
f 3370/5921 3372/5922 3373/5923 3371/5924
f 3374/5925 3376/5926 3377/5927 3375/5928
f 3376/5929 3378/5930 3379/5931 3377/5932
f 3380/5933 3382/5934 3383/5935 3381/5936
f 3382/5937 3384/5938 3385/5939 3383/5940
f 3386/5941 3388/5942 3389/5943 3387/5944
f 3388/5945 3390/5946 3391/5947 3389/5948
f 3392/5949 3394/5950 3395/5951 3393/5952
f 3394/5953 3396/5954 3397/5955 3395/5956
f 3398/5957 3400/5958 3401/5959 3399/5960
f 3400/5961 3402/5962 3403/5963 3401/5964
f 3404/5965 3406/5966 3407/5967 3405/5968
f 3406/5969 3408/5970 3409/5971 3407/5972
f 3410/5973 3412/5974 3413/5975 3411/5976
f 3412/5977 3414/5978 3415/5979 3413/5980
f 3416/5981 3418/5982 3419/5983 3417/5984
f 3418/5985 3420/5986 3421/5987 3419/5988
f 3422/5989 3424/5990 3425/5991 3423/5992
f 3424/5993 3426/5994 3427/5995 3425/5996
f 3428/5997 3430/5998 3431/5999 3429/6000
f 3430/6001 3432/6002 3433/6003 3431/6004
f 3434/6005 3436/6006 3437/6007 3435/6008
f 3436/6009 3438/6010 3439/6011 3437/6012
f 3440/6013 3442/6014 3443/6015 3441/6016
f 3442/6017 3444/6018 3445/6019 3443/6020
f 3446/6021 3448/6022 3449/6023 3447/6024
f 3448/6025 3450/6026 3451/6027 3449/6028
f 3452/6029 3454/6030 3455/6031 3453/6032
f 3454/6033 3456/6034 3457/6035 3455/6036
f 3458/6037 3460/6038 3461/6039 3459/6040
f 3460/6041 3462/6042 3463/6043 3461/6044
f 3464/6045 3466/6046 3467/6047 3465/6048
f 3466/6049 3468/6050 3469/6051 3467/6052
f 3470/6053 3472/6054 3473/6055 3471/6056
f 3472/6057 3474/6058 3475/6059 3473/6060
f 3476/6061 3478/6062 3479/6063 3477/6064
f 3478/6065 3480/6066 3481/6067 3479/6068
f 3482/6069 3484/6070 3485/6071 3483/6072
f 3484/6073 3486/6074 3487/6075 3485/6076
f 3488/6077 3490/6078 3491/6079 3489/6080
f 3490/6081 3492/6082 3493/6083 3491/6084
f 3494/6085 3496/6086 3497/6087 3495/6088
f 3496/6089 3498/6090 3499/6091 3497/6092
f 3500/6093 3502/6094 3503/6095 3501/6096
f 3502/6097 3504/6098 3505/6099 3503/6100
f 3506/6101 3508/6102 3509/6103 3507/6104
f 3508/6105 3510/6106 3511/6107 3509/6108
f 3512/6109 3514/6110 3515/6111 3513/6112
f 3514/6113 3516/6114 3517/6115 3515/6116
f 3518/6117 3520/6118 3521/6119 3519/6120
f 3520/6121 3522/6122 3523/6123 3521/6124
f 3524/6125 3526/6126 3527/6127 3525/6128
f 3526/6129 3528/6130 3529/6131 3527/6132
f 3530/6133 3532/6134 3533/6135 3531/6136
f 3532/6137 3534/6138 3535/6139 3533/6140
f 3536/6141 3538/6142 3539/6143 3537/6144
f 3538/6145 3540/6146 3541/6147 3539/6148
f 3542/6149 3544/6150 3545/6151 3543/6152
f 3544/6153 3546/6154 3547/6155 3545/6156
f 3548/6157 3550/6158 3551/6159 3549/6160
f 3550/6161 3552/6162 3553/6163 3551/6164
f 3554/6165 3556/6166 3557/6167 3555/6168
f 3556/6169 3558/6170 3559/6171 3557/6172
f 3560/6173 3562/6174 3563/6175 3561/6176
f 3562/6177 3564/6178 3565/6179 3563/6180
f 3566/6181 3568/6182 3569/6183 3567/6184
f 3568/6185 3570/6186 3571/6187 3569/6188
f 3572/6189 3574/6190 3575/6191 3573/6192
f 3574/6193 3576/6194 3577/6195 3575/6196
f 3578/6197 3580/6198 3581/6199 3579/6200
f 3580/6201 3582/6202 3583/6203 3581/6204
f 3584/6205 3586/6206 3587/6207 3585/6208
f 3586/6209 3588/6210 3589/6211 3587/6212
f 3590/6213 3592/6214 3593/6215 3591/6216
f 3592/6217 3594/6218 3595/6219 3593/6220
f 3596/6221 3598/6222 3599/6223 3597/6224
f 3598/6225 3600/6226 3601/6227 3599/6228
f 3602/6229 3604/6230 3605/6231 3603/6232
f 3604/6233 3606/6234 3607/6235 3605/6236
f 3608/6237 3610/6238 3611/6239 3609/6240
f 3610/6241 3612/6242 3613/6243 3611/6244
f 3614/6245 3616/6246 3617/6247 3615/6248
f 3616/6249 3618/6250 3619/6251 3617/6252
f 3620/6253 3622/6254 3623/6255 3621/6256
f 3622/6257 3624/6258 3625/6259 3623/6260
f 3626/6261 3628/6262 3629/6263 3627/6264
f 3628/6265 3630/6266 3631/6267 3629/6268
f 3632/6269 3634/6270 3635/6271 3633/6272
f 3634/6273 3636/6274 3637/6275 3635/6276
usemtl M_DatePalm_Rachis
s 1
f 3638/6277 3639/6278 3645/6279 3644/6280
f 3639/6281 3640/6282 3646/6283 3645/6284
f 3640/6285 3641/6286 3647/6287 3646/6288
f 3641/6289 3642/6290 3648/6291 3647/6292
f 3642/6293 3643/6294 3649/6295 3648/6296
f 3643/6297 3638/6298 3644/6299 3649/6300
f 3650/6301 3651/6302 3657/6303 3656/6304
f 3651/6305 3652/6306 3658/6307 3657/6308
f 3652/6309 3653/6310 3659/6311 3658/6312
f 3653/6313 3654/6314 3660/6315 3659/6316
f 3654/6317 3655/6318 3661/6319 3660/6320
f 3655/6321 3650/6322 3656/6323 3661/6324
f 3662/6325 3663/6326 3669/6327 3668/6328
f 3663/6329 3664/6330 3670/6331 3669/6332
f 3664/6333 3665/6334 3671/6335 3670/6336
f 3665/6337 3666/6338 3672/6339 3671/6340
f 3666/6341 3667/6342 3673/6343 3672/6344
f 3667/6345 3662/6346 3668/6347 3673/6348
f 3674/6349 3675/6350 3681/6351 3680/6352
f 3675/6353 3676/6354 3682/6355 3681/6356
f 3676/6357 3677/6358 3683/6359 3682/6360
f 3677/6361 3678/6362 3684/6363 3683/6364
f 3678/6365 3679/6366 3685/6367 3684/6368
f 3679/6369 3674/6370 3680/6371 3685/6372
f 3686/6373 3687/6374 3693/6375 3692/6376
f 3687/6377 3688/6378 3694/6379 3693/6380
f 3688/6381 3689/6382 3695/6383 3694/6384
f 3689/6385 3690/6386 3696/6387 3695/6388
f 3690/6389 3691/6390 3697/6391 3696/6392
f 3691/6393 3686/6394 3692/6395 3697/6396
f 3698/6397 3699/6398 3705/6399 3704/6400
f 3699/6401 3700/6402 3706/6403 3705/6404
f 3700/6405 3701/6406 3707/6407 3706/6408
f 3701/6409 3702/6410 3708/6411 3707/6412
f 3702/6413 3703/6414 3709/6415 3708/6416
f 3703/6417 3698/6418 3704/6419 3709/6420
f 3710/6421 3711/6422 3717/6423 3716/6424
f 3711/6425 3712/6426 3718/6427 3717/6428
f 3712/6429 3713/6430 3719/6431 3718/6432
f 3713/6433 3714/6434 3720/6435 3719/6436
f 3714/6437 3715/6438 3721/6439 3720/6440
f 3715/6441 3710/6442 3716/6443 3721/6444
usemtl M_DatePalm_Leaflet
s 1
f 3722/6445 3724/6446 3725/6447 3723/6448
f 3724/6449 3726/6450 3727/6451 3725/6452
f 3728/6453 3730/6454 3731/6455 3729/6456
f 3730/6457 3732/6458 3733/6459 3731/6460
f 3734/6461 3736/6462 3737/6463 3735/6464
f 3736/6465 3738/6466 3739/6467 3737/6468
f 3740/6469 3742/6470 3743/6471 3741/6472
f 3742/6473 3744/6474 3745/6475 3743/6476
f 3746/6477 3748/6478 3749/6479 3747/6480
f 3748/6481 3750/6482 3751/6483 3749/6484
f 3752/6485 3754/6486 3755/6487 3753/6488
f 3754/6489 3756/6490 3757/6491 3755/6492
f 3758/6493 3760/6494 3761/6495 3759/6496
f 3760/6497 3762/6498 3763/6499 3761/6500
f 3764/6501 3766/6502 3767/6503 3765/6504
f 3766/6505 3768/6506 3769/6507 3767/6508
f 3770/6509 3772/6510 3773/6511 3771/6512
f 3772/6513 3774/6514 3775/6515 3773/6516
f 3776/6517 3778/6518 3779/6519 3777/6520
f 3778/6521 3780/6522 3781/6523 3779/6524
f 3782/6525 3784/6526 3785/6527 3783/6528
f 3784/6529 3786/6530 3787/6531 3785/6532
f 3788/6533 3790/6534 3791/6535 3789/6536
f 3790/6537 3792/6538 3793/6539 3791/6540
f 3794/6541 3796/6542 3797/6543 3795/6544
f 3796/6545 3798/6546 3799/6547 3797/6548
f 3800/6549 3802/6550 3803/6551 3801/6552
f 3802/6553 3804/6554 3805/6555 3803/6556
f 3806/6557 3808/6558 3809/6559 3807/6560
f 3808/6561 3810/6562 3811/6563 3809/6564
f 3812/6565 3814/6566 3815/6567 3813/6568
f 3814/6569 3816/6570 3817/6571 3815/6572
f 3818/6573 3820/6574 3821/6575 3819/6576
f 3820/6577 3822/6578 3823/6579 3821/6580
f 3824/6581 3826/6582 3827/6583 3825/6584
f 3826/6585 3828/6586 3829/6587 3827/6588
f 3830/6589 3832/6590 3833/6591 3831/6592
f 3832/6593 3834/6594 3835/6595 3833/6596
f 3836/6597 3838/6598 3839/6599 3837/6600
f 3838/6601 3840/6602 3841/6603 3839/6604
f 3842/6605 3844/6606 3845/6607 3843/6608
f 3844/6609 3846/6610 3847/6611 3845/6612
f 3848/6613 3850/6614 3851/6615 3849/6616
f 3850/6617 3852/6618 3853/6619 3851/6620
f 3854/6621 3856/6622 3857/6623 3855/6624
f 3856/6625 3858/6626 3859/6627 3857/6628
f 3860/6629 3862/6630 3863/6631 3861/6632
f 3862/6633 3864/6634 3865/6635 3863/6636
f 3866/6637 3868/6638 3869/6639 3867/6640
f 3868/6641 3870/6642 3871/6643 3869/6644
f 3872/6645 3874/6646 3875/6647 3873/6648
f 3874/6649 3876/6650 3877/6651 3875/6652
f 3878/6653 3880/6654 3881/6655 3879/6656
f 3880/6657 3882/6658 3883/6659 3881/6660
f 3884/6661 3886/6662 3887/6663 3885/6664
f 3886/6665 3888/6666 3889/6667 3887/6668
f 3890/6669 3892/6670 3893/6671 3891/6672
f 3892/6673 3894/6674 3895/6675 3893/6676
f 3896/6677 3898/6678 3899/6679 3897/6680
f 3898/6681 3900/6682 3901/6683 3899/6684
f 3902/6685 3904/6686 3905/6687 3903/6688
f 3904/6689 3906/6690 3907/6691 3905/6692
f 3908/6693 3910/6694 3911/6695 3909/6696
f 3910/6697 3912/6698 3913/6699 3911/6700
f 3914/6701 3916/6702 3917/6703 3915/6704
f 3916/6705 3918/6706 3919/6707 3917/6708
f 3920/6709 3922/6710 3923/6711 3921/6712
f 3922/6713 3924/6714 3925/6715 3923/6716
f 3926/6717 3928/6718 3929/6719 3927/6720
f 3928/6721 3930/6722 3931/6723 3929/6724
f 3932/6725 3934/6726 3935/6727 3933/6728
f 3934/6729 3936/6730 3937/6731 3935/6732
f 3938/6733 3940/6734 3941/6735 3939/6736
f 3940/6737 3942/6738 3943/6739 3941/6740
f 3944/6741 3946/6742 3947/6743 3945/6744
f 3946/6745 3948/6746 3949/6747 3947/6748
f 3950/6749 3952/6750 3953/6751 3951/6752
f 3952/6753 3954/6754 3955/6755 3953/6756
f 3956/6757 3958/6758 3959/6759 3957/6760
f 3958/6761 3960/6762 3961/6763 3959/6764
f 3962/6765 3964/6766 3965/6767 3963/6768
f 3964/6769 3966/6770 3967/6771 3965/6772
f 3968/6773 3970/6774 3971/6775 3969/6776
f 3970/6777 3972/6778 3973/6779 3971/6780
f 3974/6781 3976/6782 3977/6783 3975/6784
f 3976/6785 3978/6786 3979/6787 3977/6788
f 3980/6789 3982/6790 3983/6791 3981/6792
f 3982/6793 3984/6794 3985/6795 3983/6796
f 3986/6797 3988/6798 3989/6799 3987/6800
f 3988/6801 3990/6802 3991/6803 3989/6804
f 3992/6805 3994/6806 3995/6807 3993/6808
f 3994/6809 3996/6810 3997/6811 3995/6812
f 3998/6813 4000/6814 4001/6815 3999/6816
f 4000/6817 4002/6818 4003/6819 4001/6820
f 4004/6821 4006/6822 4007/6823 4005/6824
f 4006/6825 4008/6826 4009/6827 4007/6828
usemtl M_DatePalm_Rachis
s 1
f 4010/6829 4011/6830 4017/6831 4016/6832
f 4011/6833 4012/6834 4018/6835 4017/6836
f 4012/6837 4013/6838 4019/6839 4018/6840
f 4013/6841 4014/6842 4020/6843 4019/6844
f 4014/6845 4015/6846 4021/6847 4020/6848
f 4015/6849 4010/6850 4016/6851 4021/6852
f 4022/6853 4023/6854 4029/6855 4028/6856
f 4023/6857 4024/6858 4030/6859 4029/6860
f 4024/6861 4025/6862 4031/6863 4030/6864
f 4025/6865 4026/6866 4032/6867 4031/6868
f 4026/6869 4027/6870 4033/6871 4032/6872
f 4027/6873 4022/6874 4028/6875 4033/6876
f 4034/6877 4035/6878 4041/6879 4040/6880
f 4035/6881 4036/6882 4042/6883 4041/6884
f 4036/6885 4037/6886 4043/6887 4042/6888
f 4037/6889 4038/6890 4044/6891 4043/6892
f 4038/6893 4039/6894 4045/6895 4044/6896
f 4039/6897 4034/6898 4040/6899 4045/6900
f 4046/6901 4047/6902 4053/6903 4052/6904
f 4047/6905 4048/6906 4054/6907 4053/6908
f 4048/6909 4049/6910 4055/6911 4054/6912
f 4049/6913 4050/6914 4056/6915 4055/6916
f 4050/6917 4051/6918 4057/6919 4056/6920
f 4051/6921 4046/6922 4052/6923 4057/6924
f 4058/6925 4059/6926 4065/6927 4064/6928
f 4059/6929 4060/6930 4066/6931 4065/6932
f 4060/6933 4061/6934 4067/6935 4066/6936
f 4061/6937 4062/6938 4068/6939 4067/6940
f 4062/6941 4063/6942 4069/6943 4068/6944
f 4063/6945 4058/6946 4064/6947 4069/6948
f 4070/6949 4071/6950 4077/6951 4076/6952
f 4071/6953 4072/6954 4078/6955 4077/6956
f 4072/6957 4073/6958 4079/6959 4078/6960
f 4073/6961 4074/6962 4080/6963 4079/6964
f 4074/6965 4075/6966 4081/6967 4080/6968
f 4075/6969 4070/6970 4076/6971 4081/6972
f 4082/6973 4083/6974 4089/6975 4088/6976
f 4083/6977 4084/6978 4090/6979 4089/6980
f 4084/6981 4085/6982 4091/6983 4090/6984
f 4085/6985 4086/6986 4092/6987 4091/6988
f 4086/6989 4087/6990 4093/6991 4092/6992
f 4087/6993 4082/6994 4088/6995 4093/6996
usemtl M_DatePalm_Leaflet
s 1
f 4094/6997 4096/6998 4097/6999 4095/7000
f 4096/7001 4098/7002 4099/7003 4097/7004
f 4100/7005 4102/7006 4103/7007 4101/7008
f 4102/7009 4104/7010 4105/7011 4103/7012
f 4106/7013 4108/7014 4109/7015 4107/7016
f 4108/7017 4110/7018 4111/7019 4109/7020
f 4112/7021 4114/7022 4115/7023 4113/7024
f 4114/7025 4116/7026 4117/7027 4115/7028
f 4118/7029 4120/7030 4121/7031 4119/7032
f 4120/7033 4122/7034 4123/7035 4121/7036
f 4124/7037 4126/7038 4127/7039 4125/7040
f 4126/7041 4128/7042 4129/7043 4127/7044
f 4130/7045 4132/7046 4133/7047 4131/7048
f 4132/7049 4134/7050 4135/7051 4133/7052
f 4136/7053 4138/7054 4139/7055 4137/7056
f 4138/7057 4140/7058 4141/7059 4139/7060
f 4142/7061 4144/7062 4145/7063 4143/7064
f 4144/7065 4146/7066 4147/7067 4145/7068
f 4148/7069 4150/7070 4151/7071 4149/7072
f 4150/7073 4152/7074 4153/7075 4151/7076
f 4154/7077 4156/7078 4157/7079 4155/7080
f 4156/7081 4158/7082 4159/7083 4157/7084
f 4160/7085 4162/7086 4163/7087 4161/7088
f 4162/7089 4164/7090 4165/7091 4163/7092
f 4166/7093 4168/7094 4169/7095 4167/7096
f 4168/7097 4170/7098 4171/7099 4169/7100
f 4172/7101 4174/7102 4175/7103 4173/7104
f 4174/7105 4176/7106 4177/7107 4175/7108
f 4178/7109 4180/7110 4181/7111 4179/7112
f 4180/7113 4182/7114 4183/7115 4181/7116
f 4184/7117 4186/7118 4187/7119 4185/7120
f 4186/7121 4188/7122 4189/7123 4187/7124
f 4190/7125 4192/7126 4193/7127 4191/7128
f 4192/7129 4194/7130 4195/7131 4193/7132
f 4196/7133 4198/7134 4199/7135 4197/7136
f 4198/7137 4200/7138 4201/7139 4199/7140
f 4202/7141 4204/7142 4205/7143 4203/7144
f 4204/7145 4206/7146 4207/7147 4205/7148
f 4208/7149 4210/7150 4211/7151 4209/7152
f 4210/7153 4212/7154 4213/7155 4211/7156
f 4214/7157 4216/7158 4217/7159 4215/7160
f 4216/7161 4218/7162 4219/7163 4217/7164
f 4220/7165 4222/7166 4223/7167 4221/7168
f 4222/7169 4224/7170 4225/7171 4223/7172
f 4226/7173 4228/7174 4229/7175 4227/7176
f 4228/7177 4230/7178 4231/7179 4229/7180
f 4232/7181 4234/7182 4235/7183 4233/7184
f 4234/7185 4236/7186 4237/7187 4235/7188
f 4238/7189 4240/7190 4241/7191 4239/7192
f 4240/7193 4242/7194 4243/7195 4241/7196
f 4244/7197 4246/7198 4247/7199 4245/7200
f 4246/7201 4248/7202 4249/7203 4247/7204
f 4250/7205 4252/7206 4253/7207 4251/7208
f 4252/7209 4254/7210 4255/7211 4253/7212
f 4256/7213 4258/7214 4259/7215 4257/7216
f 4258/7217 4260/7218 4261/7219 4259/7220
f 4262/7221 4264/7222 4265/7223 4263/7224
f 4264/7225 4266/7226 4267/7227 4265/7228
f 4268/7229 4270/7230 4271/7231 4269/7232
f 4270/7233 4272/7234 4273/7235 4271/7236
f 4274/7237 4276/7238 4277/7239 4275/7240
f 4276/7241 4278/7242 4279/7243 4277/7244
f 4280/7245 4282/7246 4283/7247 4281/7248
f 4282/7249 4284/7250 4285/7251 4283/7252
f 4286/7253 4288/7254 4289/7255 4287/7256
f 4288/7257 4290/7258 4291/7259 4289/7260
f 4292/7261 4294/7262 4295/7263 4293/7264
f 4294/7265 4296/7266 4297/7267 4295/7268
f 4298/7269 4300/7270 4301/7271 4299/7272
f 4300/7273 4302/7274 4303/7275 4301/7276
f 4304/7277 4306/7278 4307/7279 4305/7280
f 4306/7281 4308/7282 4309/7283 4307/7284
f 4310/7285 4312/7286 4313/7287 4311/7288
f 4312/7289 4314/7290 4315/7291 4313/7292
f 4316/7293 4318/7294 4319/7295 4317/7296
f 4318/7297 4320/7298 4321/7299 4319/7300
f 4322/7301 4324/7302 4325/7303 4323/7304
f 4324/7305 4326/7306 4327/7307 4325/7308
f 4328/7309 4330/7310 4331/7311 4329/7312
f 4330/7313 4332/7314 4333/7315 4331/7316
f 4334/7317 4336/7318 4337/7319 4335/7320
f 4336/7321 4338/7322 4339/7323 4337/7324
f 4340/7325 4342/7326 4343/7327 4341/7328
f 4342/7329 4344/7330 4345/7331 4343/7332
f 4346/7333 4348/7334 4349/7335 4347/7336
f 4348/7337 4350/7338 4351/7339 4349/7340
f 4352/7341 4354/7342 4355/7343 4353/7344
f 4354/7345 4356/7346 4357/7347 4355/7348
f 4358/7349 4360/7350 4361/7351 4359/7352
f 4360/7353 4362/7354 4363/7355 4361/7356
f 4364/7357 4366/7358 4367/7359 4365/7360
f 4366/7361 4368/7362 4369/7363 4367/7364
f 4370/7365 4372/7366 4373/7367 4371/7368
f 4372/7369 4374/7370 4375/7371 4373/7372
f 4376/7373 4378/7374 4379/7375 4377/7376
f 4378/7377 4380/7378 4381/7379 4379/7380
usemtl M_DatePalm_Rachis
s 1
f 4382/7381 4383/7382 4389/7383 4388/7384
f 4383/7385 4384/7386 4390/7387 4389/7388
f 4384/7389 4385/7390 4391/7391 4390/7392
f 4385/7393 4386/7394 4392/7395 4391/7396
f 4386/7397 4387/7398 4393/7399 4392/7400
f 4387/7401 4382/7402 4388/7403 4393/7404
f 4394/7405 4395/7406 4401/7407 4400/7408
f 4395/7409 4396/7410 4402/7411 4401/7412
f 4396/7413 4397/7414 4403/7415 4402/7416
f 4397/7417 4398/7418 4404/7419 4403/7420
f 4398/7421 4399/7422 4405/7423 4404/7424
f 4399/7425 4394/7426 4400/7427 4405/7428
f 4406/7429 4407/7430 4413/7431 4412/7432
f 4407/7433 4408/7434 4414/7435 4413/7436
f 4408/7437 4409/7438 4415/7439 4414/7440
f 4409/7441 4410/7442 4416/7443 4415/7444
f 4410/7445 4411/7446 4417/7447 4416/7448
f 4411/7449 4406/7450 4412/7451 4417/7452
f 4418/7453 4419/7454 4425/7455 4424/7456
f 4419/7457 4420/7458 4426/7459 4425/7460
f 4420/7461 4421/7462 4427/7463 4426/7464
f 4421/7465 4422/7466 4428/7467 4427/7468
f 4422/7469 4423/7470 4429/7471 4428/7472
f 4423/7473 4418/7474 4424/7475 4429/7476
f 4430/7477 4431/7478 4437/7479 4436/7480
f 4431/7481 4432/7482 4438/7483 4437/7484
f 4432/7485 4433/7486 4439/7487 4438/7488
f 4433/7489 4434/7490 4440/7491 4439/7492
f 4434/7493 4435/7494 4441/7495 4440/7496
f 4435/7497 4430/7498 4436/7499 4441/7500
f 4442/7501 4443/7502 4449/7503 4448/7504
f 4443/7505 4444/7506 4450/7507 4449/7508
f 4444/7509 4445/7510 4451/7511 4450/7512
f 4445/7513 4446/7514 4452/7515 4451/7516
f 4446/7517 4447/7518 4453/7519 4452/7520
f 4447/7521 4442/7522 4448/7523 4453/7524
f 4454/7525 4455/7526 4461/7527 4460/7528
f 4455/7529 4456/7530 4462/7531 4461/7532
f 4456/7533 4457/7534 4463/7535 4462/7536
f 4457/7537 4458/7538 4464/7539 4463/7540
f 4458/7541 4459/7542 4465/7543 4464/7544
f 4459/7545 4454/7546 4460/7547 4465/7548
usemtl M_DatePalm_Leaflet
s 1
f 4466/7549 4468/7550 4469/7551 4467/7552
f 4468/7553 4470/7554 4471/7555 4469/7556
f 4472/7557 4474/7558 4475/7559 4473/7560
f 4474/7561 4476/7562 4477/7563 4475/7564
f 4478/7565 4480/7566 4481/7567 4479/7568
f 4480/7569 4482/7570 4483/7571 4481/7572
f 4484/7573 4486/7574 4487/7575 4485/7576
f 4486/7577 4488/7578 4489/7579 4487/7580
f 4490/7581 4492/7582 4493/7583 4491/7584
f 4492/7585 4494/7586 4495/7587 4493/7588
f 4496/7589 4498/7590 4499/7591 4497/7592
f 4498/7593 4500/7594 4501/7595 4499/7596
f 4502/7597 4504/7598 4505/7599 4503/7600
f 4504/7601 4506/7602 4507/7603 4505/7604
f 4508/7605 4510/7606 4511/7607 4509/7608
f 4510/7609 4512/7610 4513/7611 4511/7612
f 4514/7613 4516/7614 4517/7615 4515/7616
f 4516/7617 4518/7618 4519/7619 4517/7620
f 4520/7621 4522/7622 4523/7623 4521/7624
f 4522/7625 4524/7626 4525/7627 4523/7628
f 4526/7629 4528/7630 4529/7631 4527/7632
f 4528/7633 4530/7634 4531/7635 4529/7636
f 4532/7637 4534/7638 4535/7639 4533/7640
f 4534/7641 4536/7642 4537/7643 4535/7644
f 4538/7645 4540/7646 4541/7647 4539/7648
f 4540/7649 4542/7650 4543/7651 4541/7652
f 4544/7653 4546/7654 4547/7655 4545/7656
f 4546/7657 4548/7658 4549/7659 4547/7660
f 4550/7661 4552/7662 4553/7663 4551/7664
f 4552/7665 4554/7666 4555/7667 4553/7668
f 4556/7669 4558/7670 4559/7671 4557/7672
f 4558/7673 4560/7674 4561/7675 4559/7676
f 4562/7677 4564/7678 4565/7679 4563/7680
f 4564/7681 4566/7682 4567/7683 4565/7684
f 4568/7685 4570/7686 4571/7687 4569/7688
f 4570/7689 4572/7690 4573/7691 4571/7692
f 4574/7693 4576/7694 4577/7695 4575/7696
f 4576/7697 4578/7698 4579/7699 4577/7700
f 4580/7701 4582/7702 4583/7703 4581/7704
f 4582/7705 4584/7706 4585/7707 4583/7708
f 4586/7709 4588/7710 4589/7711 4587/7712
f 4588/7713 4590/7714 4591/7715 4589/7716
f 4592/7717 4594/7718 4595/7719 4593/7720
f 4594/7721 4596/7722 4597/7723 4595/7724
f 4598/7725 4600/7726 4601/7727 4599/7728
f 4600/7729 4602/7730 4603/7731 4601/7732
f 4604/7733 4606/7734 4607/7735 4605/7736
f 4606/7737 4608/7738 4609/7739 4607/7740
f 4610/7741 4612/7742 4613/7743 4611/7744
f 4612/7745 4614/7746 4615/7747 4613/7748
f 4616/7749 4618/7750 4619/7751 4617/7752
f 4618/7753 4620/7754 4621/7755 4619/7756
f 4622/7757 4624/7758 4625/7759 4623/7760
f 4624/7761 4626/7762 4627/7763 4625/7764
f 4628/7765 4630/7766 4631/7767 4629/7768
f 4630/7769 4632/7770 4633/7771 4631/7772
f 4634/7773 4636/7774 4637/7775 4635/7776
f 4636/7777 4638/7778 4639/7779 4637/7780
f 4640/7781 4642/7782 4643/7783 4641/7784
f 4642/7785 4644/7786 4645/7787 4643/7788
f 4646/7789 4648/7790 4649/7791 4647/7792
f 4648/7793 4650/7794 4651/7795 4649/7796
f 4652/7797 4654/7798 4655/7799 4653/7800
f 4654/7801 4656/7802 4657/7803 4655/7804
f 4658/7805 4660/7806 4661/7807 4659/7808
f 4660/7809 4662/7810 4663/7811 4661/7812
f 4664/7813 4666/7814 4667/7815 4665/7816
f 4666/7817 4668/7818 4669/7819 4667/7820
f 4670/7821 4672/7822 4673/7823 4671/7824
f 4672/7825 4674/7826 4675/7827 4673/7828
f 4676/7829 4678/7830 4679/7831 4677/7832
f 4678/7833 4680/7834 4681/7835 4679/7836
f 4682/7837 4684/7838 4685/7839 4683/7840
f 4684/7841 4686/7842 4687/7843 4685/7844
f 4688/7845 4690/7846 4691/7847 4689/7848
f 4690/7849 4692/7850 4693/7851 4691/7852
f 4694/7853 4696/7854 4697/7855 4695/7856
f 4696/7857 4698/7858 4699/7859 4697/7860
f 4700/7861 4702/7862 4703/7863 4701/7864
f 4702/7865 4704/7866 4705/7867 4703/7868
f 4706/7869 4708/7870 4709/7871 4707/7872
f 4708/7873 4710/7874 4711/7875 4709/7876
f 4712/7877 4714/7878 4715/7879 4713/7880
f 4714/7881 4716/7882 4717/7883 4715/7884
f 4718/7885 4720/7886 4721/7887 4719/7888
f 4720/7889 4722/7890 4723/7891 4721/7892
f 4724/7893 4726/7894 4727/7895 4725/7896
f 4726/7897 4728/7898 4729/7899 4727/7900
f 4730/7901 4732/7902 4733/7903 4731/7904
f 4732/7905 4734/7906 4735/7907 4733/7908
f 4736/7909 4738/7910 4739/7911 4737/7912
f 4738/7913 4740/7914 4741/7915 4739/7916
f 4742/7917 4744/7918 4745/7919 4743/7920
f 4744/7921 4746/7922 4747/7923 4745/7924
f 4748/7925 4750/7926 4751/7927 4749/7928
f 4750/7929 4752/7930 4753/7931 4751/7932
usemtl M_DatePalm_Rachis
s 1
f 4754/7933 4755/7934 4761/7935 4760/7936
f 4755/7937 4756/7938 4762/7939 4761/7940
f 4756/7941 4757/7942 4763/7943 4762/7944
f 4757/7945 4758/7946 4764/7947 4763/7948
f 4758/7949 4759/7950 4765/7951 4764/7952
f 4759/7953 4754/7954 4760/7955 4765/7956
f 4766/7957 4767/7958 4773/7959 4772/7960
f 4767/7961 4768/7962 4774/7963 4773/7964
f 4768/7965 4769/7966 4775/7967 4774/7968
f 4769/7969 4770/7970 4776/7971 4775/7972
f 4770/7973 4771/7974 4777/7975 4776/7976
f 4771/7977 4766/7978 4772/7979 4777/7980
f 4778/7981 4779/7982 4785/7983 4784/7984
f 4779/7985 4780/7986 4786/7987 4785/7988
f 4780/7989 4781/7990 4787/7991 4786/7992
f 4781/7993 4782/7994 4788/7995 4787/7996
f 4782/7997 4783/7998 4789/7999 4788/8000
f 4783/8001 4778/8002 4784/8003 4789/8004
f 4790/8005 4791/8006 4797/8007 4796/8008
f 4791/8009 4792/8010 4798/8011 4797/8012
f 4792/8013 4793/8014 4799/8015 4798/8016
f 4793/8017 4794/8018 4800/8019 4799/8020
f 4794/8021 4795/8022 4801/8023 4800/8024
f 4795/8025 4790/8026 4796/8027 4801/8028
f 4802/8029 4803/8030 4809/8031 4808/8032
f 4803/8033 4804/8034 4810/8035 4809/8036
f 4804/8037 4805/8038 4811/8039 4810/8040
f 4805/8041 4806/8042 4812/8043 4811/8044
f 4806/8045 4807/8046 4813/8047 4812/8048
f 4807/8049 4802/8050 4808/8051 4813/8052
f 4814/8053 4815/8054 4821/8055 4820/8056
f 4815/8057 4816/8058 4822/8059 4821/8060
f 4816/8061 4817/8062 4823/8063 4822/8064
f 4817/8065 4818/8066 4824/8067 4823/8068
f 4818/8069 4819/8070 4825/8071 4824/8072
f 4819/8073 4814/8074 4820/8075 4825/8076
f 4826/8077 4827/8078 4833/8079 4832/8080
f 4827/8081 4828/8082 4834/8083 4833/8084
f 4828/8085 4829/8086 4835/8087 4834/8088
f 4829/8089 4830/8090 4836/8091 4835/8092
f 4830/8093 4831/8094 4837/8095 4836/8096
f 4831/8097 4826/8098 4832/8099 4837/8100
usemtl M_DatePalm_Leaflet
s 1
f 4838/8101 4840/8102 4841/8103 4839/8104
f 4840/8105 4842/8106 4843/8107 4841/8108
f 4844/8109 4846/8110 4847/8111 4845/8112
f 4846/8113 4848/8114 4849/8115 4847/8116
f 4850/8117 4852/8118 4853/8119 4851/8120
f 4852/8121 4854/8122 4855/8123 4853/8124
f 4856/8125 4858/8126 4859/8127 4857/8128
f 4858/8129 4860/8130 4861/8131 4859/8132
f 4862/8133 4864/8134 4865/8135 4863/8136
f 4864/8137 4866/8138 4867/8139 4865/8140
f 4868/8141 4870/8142 4871/8143 4869/8144
f 4870/8145 4872/8146 4873/8147 4871/8148
f 4874/8149 4876/8150 4877/8151 4875/8152
f 4876/8153 4878/8154 4879/8155 4877/8156
f 4880/8157 4882/8158 4883/8159 4881/8160
f 4882/8161 4884/8162 4885/8163 4883/8164
f 4886/8165 4888/8166 4889/8167 4887/8168
f 4888/8169 4890/8170 4891/8171 4889/8172
f 4892/8173 4894/8174 4895/8175 4893/8176
f 4894/8177 4896/8178 4897/8179 4895/8180
f 4898/8181 4900/8182 4901/8183 4899/8184
f 4900/8185 4902/8186 4903/8187 4901/8188
f 4904/8189 4906/8190 4907/8191 4905/8192
f 4906/8193 4908/8194 4909/8195 4907/8196
f 4910/8197 4912/8198 4913/8199 4911/8200
f 4912/8201 4914/8202 4915/8203 4913/8204
f 4916/8205 4918/8206 4919/8207 4917/8208
f 4918/8209 4920/8210 4921/8211 4919/8212
f 4922/8213 4924/8214 4925/8215 4923/8216
f 4924/8217 4926/8218 4927/8219 4925/8220
f 4928/8221 4930/8222 4931/8223 4929/8224
f 4930/8225 4932/8226 4933/8227 4931/8228
f 4934/8229 4936/8230 4937/8231 4935/8232
f 4936/8233 4938/8234 4939/8235 4937/8236
f 4940/8237 4942/8238 4943/8239 4941/8240
f 4942/8241 4944/8242 4945/8243 4943/8244
f 4946/8245 4948/8246 4949/8247 4947/8248
f 4948/8249 4950/8250 4951/8251 4949/8252
f 4952/8253 4954/8254 4955/8255 4953/8256
f 4954/8257 4956/8258 4957/8259 4955/8260
f 4958/8261 4960/8262 4961/8263 4959/8264
f 4960/8265 4962/8266 4963/8267 4961/8268
f 4964/8269 4966/8270 4967/8271 4965/8272
f 4966/8273 4968/8274 4969/8275 4967/8276
f 4970/8277 4972/8278 4973/8279 4971/8280
f 4972/8281 4974/8282 4975/8283 4973/8284
f 4976/8285 4978/8286 4979/8287 4977/8288
f 4978/8289 4980/8290 4981/8291 4979/8292
f 4982/8293 4984/8294 4985/8295 4983/8296
f 4984/8297 4986/8298 4987/8299 4985/8300
f 4988/8301 4990/8302 4991/8303 4989/8304
f 4990/8305 4992/8306 4993/8307 4991/8308
f 4994/8309 4996/8310 4997/8311 4995/8312
f 4996/8313 4998/8314 4999/8315 4997/8316
f 5000/8317 5002/8318 5003/8319 5001/8320
f 5002/8321 5004/8322 5005/8323 5003/8324
f 5006/8325 5008/8326 5009/8327 5007/8328
f 5008/8329 5010/8330 5011/8331 5009/8332
f 5012/8333 5014/8334 5015/8335 5013/8336
f 5014/8337 5016/8338 5017/8339 5015/8340
f 5018/8341 5020/8342 5021/8343 5019/8344
f 5020/8345 5022/8346 5023/8347 5021/8348
f 5024/8349 5026/8350 5027/8351 5025/8352
f 5026/8353 5028/8354 5029/8355 5027/8356
f 5030/8357 5032/8358 5033/8359 5031/8360
f 5032/8361 5034/8362 5035/8363 5033/8364
f 5036/8365 5038/8366 5039/8367 5037/8368
f 5038/8369 5040/8370 5041/8371 5039/8372
f 5042/8373 5044/8374 5045/8375 5043/8376
f 5044/8377 5046/8378 5047/8379 5045/8380
f 5048/8381 5050/8382 5051/8383 5049/8384
f 5050/8385 5052/8386 5053/8387 5051/8388
f 5054/8389 5056/8390 5057/8391 5055/8392
f 5056/8393 5058/8394 5059/8395 5057/8396
f 5060/8397 5062/8398 5063/8399 5061/8400
f 5062/8401 5064/8402 5065/8403 5063/8404
f 5066/8405 5068/8406 5069/8407 5067/8408
f 5068/8409 5070/8410 5071/8411 5069/8412
f 5072/8413 5074/8414 5075/8415 5073/8416
f 5074/8417 5076/8418 5077/8419 5075/8420
f 5078/8421 5080/8422 5081/8423 5079/8424
f 5080/8425 5082/8426 5083/8427 5081/8428
f 5084/8429 5086/8430 5087/8431 5085/8432
f 5086/8433 5088/8434 5089/8435 5087/8436
f 5090/8437 5092/8438 5093/8439 5091/8440
f 5092/8441 5094/8442 5095/8443 5093/8444
f 5096/8445 5098/8446 5099/8447 5097/8448
f 5098/8449 5100/8450 5101/8451 5099/8452
f 5102/8453 5104/8454 5105/8455 5103/8456
f 5104/8457 5106/8458 5107/8459 5105/8460
f 5108/8461 5110/8462 5111/8463 5109/8464
f 5110/8465 5112/8466 5113/8467 5111/8468
f 5114/8469 5116/8470 5117/8471 5115/8472
f 5116/8473 5118/8474 5119/8475 5117/8476
f 5120/8477 5122/8478 5123/8479 5121/8480
f 5122/8481 5124/8482 5125/8483 5123/8484
usemtl M_DatePalm_Rachis
s 1
f 5126/8485 5127/8486 5133/8487 5132/8488
f 5127/8489 5128/8490 5134/8491 5133/8492
f 5128/8493 5129/8494 5135/8495 5134/8496
f 5129/8497 5130/8498 5136/8499 5135/8500
f 5130/8501 5131/8502 5137/8503 5136/8504
f 5131/8505 5126/8506 5132/8507 5137/8508
f 5138/8509 5139/8510 5145/8511 5144/8512
f 5139/8513 5140/8514 5146/8515 5145/8516
f 5140/8517 5141/8518 5147/8519 5146/8520
f 5141/8521 5142/8522 5148/8523 5147/8524
f 5142/8525 5143/8526 5149/8527 5148/8528
f 5143/8529 5138/8530 5144/8531 5149/8532
f 5150/8533 5151/8534 5157/8535 5156/8536
f 5151/8537 5152/8538 5158/8539 5157/8540
f 5152/8541 5153/8542 5159/8543 5158/8544
f 5153/8545 5154/8546 5160/8547 5159/8548
f 5154/8549 5155/8550 5161/8551 5160/8552
f 5155/8553 5150/8554 5156/8555 5161/8556
f 5162/8557 5163/8558 5169/8559 5168/8560
f 5163/8561 5164/8562 5170/8563 5169/8564
f 5164/8565 5165/8566 5171/8567 5170/8568
f 5165/8569 5166/8570 5172/8571 5171/8572
f 5166/8573 5167/8574 5173/8575 5172/8576
f 5167/8577 5162/8578 5168/8579 5173/8580
f 5174/8581 5175/8582 5181/8583 5180/8584
f 5175/8585 5176/8586 5182/8587 5181/8588
f 5176/8589 5177/8590 5183/8591 5182/8592
f 5177/8593 5178/8594 5184/8595 5183/8596
f 5178/8597 5179/8598 5185/8599 5184/8600
f 5179/8601 5174/8602 5180/8603 5185/8604
f 5186/8605 5187/8606 5193/8607 5192/8608
f 5187/8609 5188/8610 5194/8611 5193/8612
f 5188/8613 5189/8614 5195/8615 5194/8616
f 5189/8617 5190/8618 5196/8619 5195/8620
f 5190/8621 5191/8622 5197/8623 5196/8624
f 5191/8625 5186/8626 5192/8627 5197/8628
f 5198/8629 5199/8630 5205/8631 5204/8632
f 5199/8633 5200/8634 5206/8635 5205/8636
f 5200/8637 5201/8638 5207/8639 5206/8640
f 5201/8641 5202/8642 5208/8643 5207/8644
f 5202/8645 5203/8646 5209/8647 5208/8648
f 5203/8649 5198/8650 5204/8651 5209/8652
usemtl M_DatePalm_Leaflet
s 1
f 5210/8653 5212/8654 5213/8655 5211/8656
f 5212/8657 5214/8658 5215/8659 5213/8660
f 5216/8661 5218/8662 5219/8663 5217/8664
f 5218/8665 5220/8666 5221/8667 5219/8668
f 5222/8669 5224/8670 5225/8671 5223/8672
f 5224/8673 5226/8674 5227/8675 5225/8676
f 5228/8677 5230/8678 5231/8679 5229/8680
f 5230/8681 5232/8682 5233/8683 5231/8684
f 5234/8685 5236/8686 5237/8687 5235/8688
f 5236/8689 5238/8690 5239/8691 5237/8692
f 5240/8693 5242/8694 5243/8695 5241/8696
f 5242/8697 5244/8698 5245/8699 5243/8700
f 5246/8701 5248/8702 5249/8703 5247/8704
f 5248/8705 5250/8706 5251/8707 5249/8708
f 5252/8709 5254/8710 5255/8711 5253/8712
f 5254/8713 5256/8714 5257/8715 5255/8716
f 5258/8717 5260/8718 5261/8719 5259/8720
f 5260/8721 5262/8722 5263/8723 5261/8724
f 5264/8725 5266/8726 5267/8727 5265/8728
f 5266/8729 5268/8730 5269/8731 5267/8732
f 5270/8733 5272/8734 5273/8735 5271/8736
f 5272/8737 5274/8738 5275/8739 5273/8740
f 5276/8741 5278/8742 5279/8743 5277/8744
f 5278/8745 5280/8746 5281/8747 5279/8748
f 5282/8749 5284/8750 5285/8751 5283/8752
f 5284/8753 5286/8754 5287/8755 5285/8756
f 5288/8757 5290/8758 5291/8759 5289/8760
f 5290/8761 5292/8762 5293/8763 5291/8764
f 5294/8765 5296/8766 5297/8767 5295/8768
f 5296/8769 5298/8770 5299/8771 5297/8772
f 5300/8773 5302/8774 5303/8775 5301/8776
f 5302/8777 5304/8778 5305/8779 5303/8780
f 5306/8781 5308/8782 5309/8783 5307/8784
f 5308/8785 5310/8786 5311/8787 5309/8788
f 5312/8789 5314/8790 5315/8791 5313/8792
f 5314/8793 5316/8794 5317/8795 5315/8796
f 5318/8797 5320/8798 5321/8799 5319/8800
f 5320/8801 5322/8802 5323/8803 5321/8804
f 5324/8805 5326/8806 5327/8807 5325/8808
f 5326/8809 5328/8810 5329/8811 5327/8812
f 5330/8813 5332/8814 5333/8815 5331/8816
f 5332/8817 5334/8818 5335/8819 5333/8820
f 5336/8821 5338/8822 5339/8823 5337/8824
f 5338/8825 5340/8826 5341/8827 5339/8828
f 5342/8829 5344/8830 5345/8831 5343/8832
f 5344/8833 5346/8834 5347/8835 5345/8836
f 5348/8837 5350/8838 5351/8839 5349/8840
f 5350/8841 5352/8842 5353/8843 5351/8844
f 5354/8845 5356/8846 5357/8847 5355/8848
f 5356/8849 5358/8850 5359/8851 5357/8852
f 5360/8853 5362/8854 5363/8855 5361/8856
f 5362/8857 5364/8858 5365/8859 5363/8860
f 5366/8861 5368/8862 5369/8863 5367/8864
f 5368/8865 5370/8866 5371/8867 5369/8868
f 5372/8869 5374/8870 5375/8871 5373/8872
f 5374/8873 5376/8874 5377/8875 5375/8876
f 5378/8877 5380/8878 5381/8879 5379/8880
f 5380/8881 5382/8882 5383/8883 5381/8884
f 5384/8885 5386/8886 5387/8887 5385/8888
f 5386/8889 5388/8890 5389/8891 5387/8892
f 5390/8893 5392/8894 5393/8895 5391/8896
f 5392/8897 5394/8898 5395/8899 5393/8900
f 5396/8901 5398/8902 5399/8903 5397/8904
f 5398/8905 5400/8906 5401/8907 5399/8908
f 5402/8909 5404/8910 5405/8911 5403/8912
f 5404/8913 5406/8914 5407/8915 5405/8916
f 5408/8917 5410/8918 5411/8919 5409/8920
f 5410/8921 5412/8922 5413/8923 5411/8924
f 5414/8925 5416/8926 5417/8927 5415/8928
f 5416/8929 5418/8930 5419/8931 5417/8932
f 5420/8933 5422/8934 5423/8935 5421/8936
f 5422/8937 5424/8938 5425/8939 5423/8940
f 5426/8941 5428/8942 5429/8943 5427/8944
f 5428/8945 5430/8946 5431/8947 5429/8948
f 5432/8949 5434/8950 5435/8951 5433/8952
f 5434/8953 5436/8954 5437/8955 5435/8956
f 5438/8957 5440/8958 5441/8959 5439/8960
f 5440/8961 5442/8962 5443/8963 5441/8964
f 5444/8965 5446/8966 5447/8967 5445/8968
f 5446/8969 5448/8970 5449/8971 5447/8972
f 5450/8973 5452/8974 5453/8975 5451/8976
f 5452/8977 5454/8978 5455/8979 5453/8980
f 5456/8981 5458/8982 5459/8983 5457/8984
f 5458/8985 5460/8986 5461/8987 5459/8988
f 5462/8989 5464/8990 5465/8991 5463/8992
f 5464/8993 5466/8994 5467/8995 5465/8996
f 5468/8997 5470/8998 5471/8999 5469/9000
f 5470/9001 5472/9002 5473/9003 5471/9004
f 5474/9005 5476/9006 5477/9007 5475/9008
f 5476/9009 5478/9010 5479/9011 5477/9012
f 5480/9013 5482/9014 5483/9015 5481/9016
f 5482/9017 5484/9018 5485/9019 5483/9020
f 5486/9021 5488/9022 5489/9023 5487/9024
f 5488/9025 5490/9026 5491/9027 5489/9028
f 5492/9029 5494/9030 5495/9031 5493/9032
f 5494/9033 5496/9034 5497/9035 5495/9036
usemtl M_DatePalm_Rachis
s 1
f 5498/9037 5499/9038 5505/9039 5504/9040
f 5499/9041 5500/9042 5506/9043 5505/9044
f 5500/9045 5501/9046 5507/9047 5506/9048
f 5501/9049 5502/9050 5508/9051 5507/9052
f 5502/9053 5503/9054 5509/9055 5508/9056
f 5503/9057 5498/9058 5504/9059 5509/9060
f 5510/9061 5511/9062 5517/9063 5516/9064
f 5511/9065 5512/9066 5518/9067 5517/9068
f 5512/9069 5513/9070 5519/9071 5518/9072
f 5513/9073 5514/9074 5520/9075 5519/9076
f 5514/9077 5515/9078 5521/9079 5520/9080
f 5515/9081 5510/9082 5516/9083 5521/9084
f 5522/9085 5523/9086 5529/9087 5528/9088
f 5523/9089 5524/9090 5530/9091 5529/9092
f 5524/9093 5525/9094 5531/9095 5530/9096
f 5525/9097 5526/9098 5532/9099 5531/9100
f 5526/9101 5527/9102 5533/9103 5532/9104
f 5527/9105 5522/9106 5528/9107 5533/9108
f 5534/9109 5535/9110 5541/9111 5540/9112
f 5535/9113 5536/9114 5542/9115 5541/9116
f 5536/9117 5537/9118 5543/9119 5542/9120
f 5537/9121 5538/9122 5544/9123 5543/9124
f 5538/9125 5539/9126 5545/9127 5544/9128
f 5539/9129 5534/9130 5540/9131 5545/9132
f 5546/9133 5547/9134 5553/9135 5552/9136
f 5547/9137 5548/9138 5554/9139 5553/9140
f 5548/9141 5549/9142 5555/9143 5554/9144
f 5549/9145 5550/9146 5556/9147 5555/9148
f 5550/9149 5551/9150 5557/9151 5556/9152
f 5551/9153 5546/9154 5552/9155 5557/9156
f 5558/9157 5559/9158 5565/9159 5564/9160
f 5559/9161 5560/9162 5566/9163 5565/9164
f 5560/9165 5561/9166 5567/9167 5566/9168
f 5561/9169 5562/9170 5568/9171 5567/9172
f 5562/9173 5563/9174 5569/9175 5568/9176
f 5563/9177 5558/9178 5564/9179 5569/9180
f 5570/9181 5571/9182 5577/9183 5576/9184
f 5571/9185 5572/9186 5578/9187 5577/9188
f 5572/9189 5573/9190 5579/9191 5578/9192
f 5573/9193 5574/9194 5580/9195 5579/9196
f 5574/9197 5575/9198 5581/9199 5580/9200
f 5575/9201 5570/9202 5576/9203 5581/9204
usemtl M_DatePalm_Leaflet
s 1
f 5582/9205 5584/9206 5585/9207 5583/9208
f 5584/9209 5586/9210 5587/9211 5585/9212
f 5588/9213 5590/9214 5591/9215 5589/9216
f 5590/9217 5592/9218 5593/9219 5591/9220
f 5594/9221 5596/9222 5597/9223 5595/9224
f 5596/9225 5598/9226 5599/9227 5597/9228
f 5600/9229 5602/9230 5603/9231 5601/9232
f 5602/9233 5604/9234 5605/9235 5603/9236
f 5606/9237 5608/9238 5609/9239 5607/9240
f 5608/9241 5610/9242 5611/9243 5609/9244
f 5612/9245 5614/9246 5615/9247 5613/9248
f 5614/9249 5616/9250 5617/9251 5615/9252
f 5618/9253 5620/9254 5621/9255 5619/9256
f 5620/9257 5622/9258 5623/9259 5621/9260
f 5624/9261 5626/9262 5627/9263 5625/9264
f 5626/9265 5628/9266 5629/9267 5627/9268
f 5630/9269 5632/9270 5633/9271 5631/9272
f 5632/9273 5634/9274 5635/9275 5633/9276
f 5636/9277 5638/9278 5639/9279 5637/9280
f 5638/9281 5640/9282 5641/9283 5639/9284
f 5642/9285 5644/9286 5645/9287 5643/9288
f 5644/9289 5646/9290 5647/9291 5645/9292
f 5648/9293 5650/9294 5651/9295 5649/9296
f 5650/9297 5652/9298 5653/9299 5651/9300
f 5654/9301 5656/9302 5657/9303 5655/9304
f 5656/9305 5658/9306 5659/9307 5657/9308
f 5660/9309 5662/9310 5663/9311 5661/9312
f 5662/9313 5664/9314 5665/9315 5663/9316
f 5666/9317 5668/9318 5669/9319 5667/9320
f 5668/9321 5670/9322 5671/9323 5669/9324
f 5672/9325 5674/9326 5675/9327 5673/9328
f 5674/9329 5676/9330 5677/9331 5675/9332
f 5678/9333 5680/9334 5681/9335 5679/9336
f 5680/9337 5682/9338 5683/9339 5681/9340
f 5684/9341 5686/9342 5687/9343 5685/9344
f 5686/9345 5688/9346 5689/9347 5687/9348
f 5690/9349 5692/9350 5693/9351 5691/9352
f 5692/9353 5694/9354 5695/9355 5693/9356
f 5696/9357 5698/9358 5699/9359 5697/9360
f 5698/9361 5700/9362 5701/9363 5699/9364
f 5702/9365 5704/9366 5705/9367 5703/9368
f 5704/9369 5706/9370 5707/9371 5705/9372
f 5708/9373 5710/9374 5711/9375 5709/9376
f 5710/9377 5712/9378 5713/9379 5711/9380
f 5714/9381 5716/9382 5717/9383 5715/9384
f 5716/9385 5718/9386 5719/9387 5717/9388
f 5720/9389 5722/9390 5723/9391 5721/9392
f 5722/9393 5724/9394 5725/9395 5723/9396
f 5726/9397 5728/9398 5729/9399 5727/9400
f 5728/9401 5730/9402 5731/9403 5729/9404
f 5732/9405 5734/9406 5735/9407 5733/9408
f 5734/9409 5736/9410 5737/9411 5735/9412
f 5738/9413 5740/9414 5741/9415 5739/9416
f 5740/9417 5742/9418 5743/9419 5741/9420
f 5744/9421 5746/9422 5747/9423 5745/9424
f 5746/9425 5748/9426 5749/9427 5747/9428
f 5750/9429 5752/9430 5753/9431 5751/9432
f 5752/9433 5754/9434 5755/9435 5753/9436
f 5756/9437 5758/9438 5759/9439 5757/9440
f 5758/9441 5760/9442 5761/9443 5759/9444
f 5762/9445 5764/9446 5765/9447 5763/9448
f 5764/9449 5766/9450 5767/9451 5765/9452
f 5768/9453 5770/9454 5771/9455 5769/9456
f 5770/9457 5772/9458 5773/9459 5771/9460
f 5774/9461 5776/9462 5777/9463 5775/9464
f 5776/9465 5778/9466 5779/9467 5777/9468
f 5780/9469 5782/9470 5783/9471 5781/9472
f 5782/9473 5784/9474 5785/9475 5783/9476
f 5786/9477 5788/9478 5789/9479 5787/9480
f 5788/9481 5790/9482 5791/9483 5789/9484
f 5792/9485 5794/9486 5795/9487 5793/9488
f 5794/9489 5796/9490 5797/9491 5795/9492
f 5798/9493 5800/9494 5801/9495 5799/9496
f 5800/9497 5802/9498 5803/9499 5801/9500
f 5804/9501 5806/9502 5807/9503 5805/9504
f 5806/9505 5808/9506 5809/9507 5807/9508
f 5810/9509 5812/9510 5813/9511 5811/9512
f 5812/9513 5814/9514 5815/9515 5813/9516
f 5816/9517 5818/9518 5819/9519 5817/9520
f 5818/9521 5820/9522 5821/9523 5819/9524
f 5822/9525 5824/9526 5825/9527 5823/9528
f 5824/9529 5826/9530 5827/9531 5825/9532
f 5828/9533 5830/9534 5831/9535 5829/9536
f 5830/9537 5832/9538 5833/9539 5831/9540
f 5834/9541 5836/9542 5837/9543 5835/9544
f 5836/9545 5838/9546 5839/9547 5837/9548
f 5840/9549 5842/9550 5843/9551 5841/9552
f 5842/9553 5844/9554 5845/9555 5843/9556
f 5846/9557 5848/9558 5849/9559 5847/9560
f 5848/9561 5850/9562 5851/9563 5849/9564
f 5852/9565 5854/9566 5855/9567 5853/9568
f 5854/9569 5856/9570 5857/9571 5855/9572
f 5858/9573 5860/9574 5861/9575 5859/9576
f 5860/9577 5862/9578 5863/9579 5861/9580
f 5864/9581 5866/9582 5867/9583 5865/9584
f 5866/9585 5868/9586 5869/9587 5867/9588
usemtl M_DatePalm_Rachis
s 1
f 5870/9589 5871/9590 5877/9591 5876/9592
f 5871/9593 5872/9594 5878/9595 5877/9596
f 5872/9597 5873/9598 5879/9599 5878/9600
f 5873/9601 5874/9602 5880/9603 5879/9604
f 5874/9605 5875/9606 5881/9607 5880/9608
f 5875/9609 5870/9610 5876/9611 5881/9612
f 5882/9613 5883/9614 5889/9615 5888/9616
f 5883/9617 5884/9618 5890/9619 5889/9620
f 5884/9621 5885/9622 5891/9623 5890/9624
f 5885/9625 5886/9626 5892/9627 5891/9628
f 5886/9629 5887/9630 5893/9631 5892/9632
f 5887/9633 5882/9634 5888/9635 5893/9636
f 5894/9637 5895/9638 5901/9639 5900/9640
f 5895/9641 5896/9642 5902/9643 5901/9644
f 5896/9645 5897/9646 5903/9647 5902/9648
f 5897/9649 5898/9650 5904/9651 5903/9652
f 5898/9653 5899/9654 5905/9655 5904/9656
f 5899/9657 5894/9658 5900/9659 5905/9660
f 5906/9661 5907/9662 5913/9663 5912/9664
f 5907/9665 5908/9666 5914/9667 5913/9668
f 5908/9669 5909/9670 5915/9671 5914/9672
f 5909/9673 5910/9674 5916/9675 5915/9676
f 5910/9677 5911/9678 5917/9679 5916/9680
f 5911/9681 5906/9682 5912/9683 5917/9684
f 5918/9685 5919/9686 5925/9687 5924/9688
f 5919/9689 5920/9690 5926/9691 5925/9692
f 5920/9693 5921/9694 5927/9695 5926/9696
f 5921/9697 5922/9698 5928/9699 5927/9700
f 5922/9701 5923/9702 5929/9703 5928/9704
f 5923/9705 5918/9706 5924/9707 5929/9708
f 5930/9709 5931/9710 5937/9711 5936/9712
f 5931/9713 5932/9714 5938/9715 5937/9716
f 5932/9717 5933/9718 5939/9719 5938/9720
f 5933/9721 5934/9722 5940/9723 5939/9724
f 5934/9725 5935/9726 5941/9727 5940/9728
f 5935/9729 5930/9730 5936/9731 5941/9732
f 5942/9733 5943/9734 5949/9735 5948/9736
f 5943/9737 5944/9738 5950/9739 5949/9740
f 5944/9741 5945/9742 5951/9743 5950/9744
f 5945/9745 5946/9746 5952/9747 5951/9748
f 5946/9749 5947/9750 5953/9751 5952/9752
f 5947/9753 5942/9754 5948/9755 5953/9756
usemtl M_DatePalm_Leaflet
s 1
f 5954/9757 5956/9758 5957/9759 5955/9760
f 5956/9761 5958/9762 5959/9763 5957/9764
f 5960/9765 5962/9766 5963/9767 5961/9768
f 5962/9769 5964/9770 5965/9771 5963/9772
f 5966/9773 5968/9774 5969/9775 5967/9776
f 5968/9777 5970/9778 5971/9779 5969/9780
f 5972/9781 5974/9782 5975/9783 5973/9784
f 5974/9785 5976/9786 5977/9787 5975/9788
f 5978/9789 5980/9790 5981/9791 5979/9792
f 5980/9793 5982/9794 5983/9795 5981/9796
f 5984/9797 5986/9798 5987/9799 5985/9800
f 5986/9801 5988/9802 5989/9803 5987/9804
f 5990/9805 5992/9806 5993/9807 5991/9808
f 5992/9809 5994/9810 5995/9811 5993/9812
f 5996/9813 5998/9814 5999/9815 5997/9816
f 5998/9817 6000/9818 6001/9819 5999/9820
f 6002/9821 6004/9822 6005/9823 6003/9824
f 6004/9825 6006/9826 6007/9827 6005/9828
f 6008/9829 6010/9830 6011/9831 6009/9832
f 6010/9833 6012/9834 6013/9835 6011/9836
f 6014/9837 6016/9838 6017/9839 6015/9840
f 6016/9841 6018/9842 6019/9843 6017/9844
f 6020/9845 6022/9846 6023/9847 6021/9848
f 6022/9849 6024/9850 6025/9851 6023/9852
f 6026/9853 6028/9854 6029/9855 6027/9856
f 6028/9857 6030/9858 6031/9859 6029/9860
f 6032/9861 6034/9862 6035/9863 6033/9864
f 6034/9865 6036/9866 6037/9867 6035/9868
f 6038/9869 6040/9870 6041/9871 6039/9872
f 6040/9873 6042/9874 6043/9875 6041/9876
f 6044/9877 6046/9878 6047/9879 6045/9880
f 6046/9881 6048/9882 6049/9883 6047/9884
f 6050/9885 6052/9886 6053/9887 6051/9888
f 6052/9889 6054/9890 6055/9891 6053/9892
f 6056/9893 6058/9894 6059/9895 6057/9896
f 6058/9897 6060/9898 6061/9899 6059/9900
f 6062/9901 6064/9902 6065/9903 6063/9904
f 6064/9905 6066/9906 6067/9907 6065/9908
f 6068/9909 6070/9910 6071/9911 6069/9912
f 6070/9913 6072/9914 6073/9915 6071/9916
f 6074/9917 6076/9918 6077/9919 6075/9920
f 6076/9921 6078/9922 6079/9923 6077/9924
f 6080/9925 6082/9926 6083/9927 6081/9928
f 6082/9929 6084/9930 6085/9931 6083/9932
f 6086/9933 6088/9934 6089/9935 6087/9936
f 6088/9937 6090/9938 6091/9939 6089/9940
f 6092/9941 6094/9942 6095/9943 6093/9944
f 6094/9945 6096/9946 6097/9947 6095/9948
f 6098/9949 6100/9950 6101/9951 6099/9952
f 6100/9953 6102/9954 6103/9955 6101/9956
f 6104/9957 6106/9958 6107/9959 6105/9960
f 6106/9961 6108/9962 6109/9963 6107/9964
f 6110/9965 6112/9966 6113/9967 6111/9968
f 6112/9969 6114/9970 6115/9971 6113/9972
f 6116/9973 6118/9974 6119/9975 6117/9976
f 6118/9977 6120/9978 6121/9979 6119/9980
f 6122/9981 6124/9982 6125/9983 6123/9984
f 6124/9985 6126/9986 6127/9987 6125/9988
f 6128/9989 6130/9990 6131/9991 6129/9992
f 6130/9993 6132/9994 6133/9995 6131/9996
f 6134/9997 6136/9998 6137/9999 6135/10000
f 6136/10001 6138/10002 6139/10003 6137/10004
f 6140/10005 6142/10006 6143/10007 6141/10008
f 6142/10009 6144/10010 6145/10011 6143/10012
f 6146/10013 6148/10014 6149/10015 6147/10016
f 6148/10017 6150/10018 6151/10019 6149/10020
f 6152/10021 6154/10022 6155/10023 6153/10024
f 6154/10025 6156/10026 6157/10027 6155/10028
f 6158/10029 6160/10030 6161/10031 6159/10032
f 6160/10033 6162/10034 6163/10035 6161/10036
f 6164/10037 6166/10038 6167/10039 6165/10040
f 6166/10041 6168/10042 6169/10043 6167/10044
f 6170/10045 6172/10046 6173/10047 6171/10048
f 6172/10049 6174/10050 6175/10051 6173/10052
f 6176/10053 6178/10054 6179/10055 6177/10056
f 6178/10057 6180/10058 6181/10059 6179/10060
f 6182/10061 6184/10062 6185/10063 6183/10064
f 6184/10065 6186/10066 6187/10067 6185/10068
f 6188/10069 6190/10070 6191/10071 6189/10072
f 6190/10073 6192/10074 6193/10075 6191/10076
f 6194/10077 6196/10078 6197/10079 6195/10080
f 6196/10081 6198/10082 6199/10083 6197/10084
f 6200/10085 6202/10086 6203/10087 6201/10088
f 6202/10089 6204/10090 6205/10091 6203/10092
f 6206/10093 6208/10094 6209/10095 6207/10096
f 6208/10097 6210/10098 6211/10099 6209/10100
f 6212/10101 6214/10102 6215/10103 6213/10104
f 6214/10105 6216/10106 6217/10107 6215/10108
f 6218/10109 6220/10110 6221/10111 6219/10112
f 6220/10113 6222/10114 6223/10115 6221/10116
f 6224/10117 6226/10118 6227/10119 6225/10120
f 6226/10121 6228/10122 6229/10123 6227/10124
f 6230/10125 6232/10126 6233/10127 6231/10128
f 6232/10129 6234/10130 6235/10131 6233/10132
f 6236/10133 6238/10134 6239/10135 6237/10136
f 6238/10137 6240/10138 6241/10139 6239/10140
usemtl M_DatePalm_Rachis
s 1
f 6242/10141 6243/10142 6249/10143 6248/10144
f 6243/10145 6244/10146 6250/10147 6249/10148
f 6244/10149 6245/10150 6251/10151 6250/10152
f 6245/10153 6246/10154 6252/10155 6251/10156
f 6246/10157 6247/10158 6253/10159 6252/10160
f 6247/10161 6242/10162 6248/10163 6253/10164
f 6254/10165 6255/10166 6261/10167 6260/10168
f 6255/10169 6256/10170 6262/10171 6261/10172
f 6256/10173 6257/10174 6263/10175 6262/10176
f 6257/10177 6258/10178 6264/10179 6263/10180
f 6258/10181 6259/10182 6265/10183 6264/10184
f 6259/10185 6254/10186 6260/10187 6265/10188
f 6266/10189 6267/10190 6273/10191 6272/10192
f 6267/10193 6268/10194 6274/10195 6273/10196
f 6268/10197 6269/10198 6275/10199 6274/10200
f 6269/10201 6270/10202 6276/10203 6275/10204
f 6270/10205 6271/10206 6277/10207 6276/10208
f 6271/10209 6266/10210 6272/10211 6277/10212
f 6278/10213 6279/10214 6285/10215 6284/10216
f 6279/10217 6280/10218 6286/10219 6285/10220
f 6280/10221 6281/10222 6287/10223 6286/10224
f 6281/10225 6282/10226 6288/10227 6287/10228
f 6282/10229 6283/10230 6289/10231 6288/10232
f 6283/10233 6278/10234 6284/10235 6289/10236
f 6290/10237 6291/10238 6297/10239 6296/10240
f 6291/10241 6292/10242 6298/10243 6297/10244
f 6292/10245 6293/10246 6299/10247 6298/10248
f 6293/10249 6294/10250 6300/10251 6299/10252
f 6294/10253 6295/10254 6301/10255 6300/10256
f 6295/10257 6290/10258 6296/10259 6301/10260
f 6302/10261 6303/10262 6309/10263 6308/10264
f 6303/10265 6304/10266 6310/10267 6309/10268
f 6304/10269 6305/10270 6311/10271 6310/10272
f 6305/10273 6306/10274 6312/10275 6311/10276
f 6306/10277 6307/10278 6313/10279 6312/10280
f 6307/10281 6302/10282 6308/10283 6313/10284
f 6314/10285 6315/10286 6321/10287 6320/10288
f 6315/10289 6316/10290 6322/10291 6321/10292
f 6316/10293 6317/10294 6323/10295 6322/10296
f 6317/10297 6318/10298 6324/10299 6323/10300
f 6318/10301 6319/10302 6325/10303 6324/10304
f 6319/10305 6314/10306 6320/10307 6325/10308
usemtl M_DatePalm_Leaflet
s 1
f 6326/10309 6328/10310 6329/10311 6327/10312
f 6328/10313 6330/10314 6331/10315 6329/10316
f 6332/10317 6334/10318 6335/10319 6333/10320
f 6334/10321 6336/10322 6337/10323 6335/10324
f 6338/10325 6340/10326 6341/10327 6339/10328
f 6340/10329 6342/10330 6343/10331 6341/10332
f 6344/10333 6346/10334 6347/10335 6345/10336
f 6346/10337 6348/10338 6349/10339 6347/10340
f 6350/10341 6352/10342 6353/10343 6351/10344
f 6352/10345 6354/10346 6355/10347 6353/10348
f 6356/10349 6358/10350 6359/10351 6357/10352
f 6358/10353 6360/10354 6361/10355 6359/10356
f 6362/10357 6364/10358 6365/10359 6363/10360
f 6364/10361 6366/10362 6367/10363 6365/10364
f 6368/10365 6370/10366 6371/10367 6369/10368
f 6370/10369 6372/10370 6373/10371 6371/10372
f 6374/10373 6376/10374 6377/10375 6375/10376
f 6376/10377 6378/10378 6379/10379 6377/10380
f 6380/10381 6382/10382 6383/10383 6381/10384
f 6382/10385 6384/10386 6385/10387 6383/10388
f 6386/10389 6388/10390 6389/10391 6387/10392
f 6388/10393 6390/10394 6391/10395 6389/10396
f 6392/10397 6394/10398 6395/10399 6393/10400
f 6394/10401 6396/10402 6397/10403 6395/10404
f 6398/10405 6400/10406 6401/10407 6399/10408
f 6400/10409 6402/10410 6403/10411 6401/10412
f 6404/10413 6406/10414 6407/10415 6405/10416
f 6406/10417 6408/10418 6409/10419 6407/10420
f 6410/10421 6412/10422 6413/10423 6411/10424
f 6412/10425 6414/10426 6415/10427 6413/10428
f 6416/10429 6418/10430 6419/10431 6417/10432
f 6418/10433 6420/10434 6421/10435 6419/10436
f 6422/10437 6424/10438 6425/10439 6423/10440
f 6424/10441 6426/10442 6427/10443 6425/10444
f 6428/10445 6430/10446 6431/10447 6429/10448
f 6430/10449 6432/10450 6433/10451 6431/10452
f 6434/10453 6436/10454 6437/10455 6435/10456
f 6436/10457 6438/10458 6439/10459 6437/10460
f 6440/10461 6442/10462 6443/10463 6441/10464
f 6442/10465 6444/10466 6445/10467 6443/10468
f 6446/10469 6448/10470 6449/10471 6447/10472
f 6448/10473 6450/10474 6451/10475 6449/10476
f 6452/10477 6454/10478 6455/10479 6453/10480
f 6454/10481 6456/10482 6457/10483 6455/10484
f 6458/10485 6460/10486 6461/10487 6459/10488
f 6460/10489 6462/10490 6463/10491 6461/10492
f 6464/10493 6466/10494 6467/10495 6465/10496
f 6466/10497 6468/10498 6469/10499 6467/10500
f 6470/10501 6472/10502 6473/10503 6471/10504
f 6472/10505 6474/10506 6475/10507 6473/10508
f 6476/10509 6478/10510 6479/10511 6477/10512
f 6478/10513 6480/10514 6481/10515 6479/10516
f 6482/10517 6484/10518 6485/10519 6483/10520
f 6484/10521 6486/10522 6487/10523 6485/10524
f 6488/10525 6490/10526 6491/10527 6489/10528
f 6490/10529 6492/10530 6493/10531 6491/10532
f 6494/10533 6496/10534 6497/10535 6495/10536
f 6496/10537 6498/10538 6499/10539 6497/10540
f 6500/10541 6502/10542 6503/10543 6501/10544
f 6502/10545 6504/10546 6505/10547 6503/10548
f 6506/10549 6508/10550 6509/10551 6507/10552
f 6508/10553 6510/10554 6511/10555 6509/10556
f 6512/10557 6514/10558 6515/10559 6513/10560
f 6514/10561 6516/10562 6517/10563 6515/10564
f 6518/10565 6520/10566 6521/10567 6519/10568
f 6520/10569 6522/10570 6523/10571 6521/10572
f 6524/10573 6526/10574 6527/10575 6525/10576
f 6526/10577 6528/10578 6529/10579 6527/10580
f 6530/10581 6532/10582 6533/10583 6531/10584
f 6532/10585 6534/10586 6535/10587 6533/10588
f 6536/10589 6538/10590 6539/10591 6537/10592
f 6538/10593 6540/10594 6541/10595 6539/10596
f 6542/10597 6544/10598 6545/10599 6543/10600
f 6544/10601 6546/10602 6547/10603 6545/10604
f 6548/10605 6550/10606 6551/10607 6549/10608
f 6550/10609 6552/10610 6553/10611 6551/10612
f 6554/10613 6556/10614 6557/10615 6555/10616
f 6556/10617 6558/10618 6559/10619 6557/10620
f 6560/10621 6562/10622 6563/10623 6561/10624
f 6562/10625 6564/10626 6565/10627 6563/10628
f 6566/10629 6568/10630 6569/10631 6567/10632
f 6568/10633 6570/10634 6571/10635 6569/10636
f 6572/10637 6574/10638 6575/10639 6573/10640
f 6574/10641 6576/10642 6577/10643 6575/10644
f 6578/10645 6580/10646 6581/10647 6579/10648
f 6580/10649 6582/10650 6583/10651 6581/10652
f 6584/10653 6586/10654 6587/10655 6585/10656
f 6586/10657 6588/10658 6589/10659 6587/10660
f 6590/10661 6592/10662 6593/10663 6591/10664
f 6592/10665 6594/10666 6595/10667 6593/10668
f 6596/10669 6598/10670 6599/10671 6597/10672
f 6598/10673 6600/10674 6601/10675 6599/10676
f 6602/10677 6604/10678 6605/10679 6603/10680
f 6604/10681 6606/10682 6607/10683 6605/10684
f 6608/10685 6610/10686 6611/10687 6609/10688
f 6610/10689 6612/10690 6613/10691 6611/10692
