# Generated by scripts/generate_entrance_terrace_reveal_kit.py
# Vertex RGB encodes wind stiffness: 0=root/rigid, 1=free tip
mtllib VD_EntranceTerraceReveal.mtl
o VD_Philodendron_Specimen
v 2.205985 6.697356 0.000000 0.000000 0.000000 0.000000
v 1.241066 12.169678 0.000000 0.000000 0.000000 0.000000
v -1.537304 16.981957 0.000000 0.000000 0.000000 0.000000
v -5.794015 20.553762 0.000000 0.000000 0.000000 0.000000
v -11.015645 22.454280 0.000000 0.000000 0.000000 0.000000
v -16.572386 22.454280 0.000000 0.000000 0.000000 0.000000
v -21.794015 20.553762 0.000000 0.000000 0.000000 0.000000
v -26.050727 16.981957 0.000000 0.000000 0.000000 0.000000
v -28.829097 12.169678 0.000000 0.000000 0.000000 0.000000
v -29.794015 6.697356 0.000000 0.000000 0.000000 0.000000
v -28.829097 1.225033 0.000000 0.000000 0.000000 0.000000
v -26.050727 -3.587246 0.000000 0.000000 0.000000 0.000000
v -21.794015 -7.159051 0.000000 0.000000 0.000000 0.000000
v -16.572386 -9.059569 0.000000 0.000000 0.000000 0.000000
v -11.015645 -9.059569 0.000000 0.000000 0.000000 0.000000
v -5.794015 -7.159051 0.000000 0.000000 0.000000 0.000000
v -1.537304 -3.587246 0.000000 0.000000 0.000000 0.000000
v 1.241066 1.225033 0.000000 0.000000 0.000000 0.000000
v -2.274015 6.697356 10.000000 0.000000 0.000000 0.000000
v -2.968756 10.637428 10.000000 0.000000 0.000000 0.000000
v -4.969183 14.102269 10.000000 0.000000 0.000000 0.000000
v -8.034015 16.673968 10.000000 0.000000 0.000000 0.000000
v -11.793588 18.042341 10.000000 0.000000 0.000000 0.000000
v -15.794442 18.042341 10.000000 0.000000 0.000000 0.000000
v -19.554015 16.673968 10.000000 0.000000 0.000000 0.000000
v -22.618847 14.102269 10.000000 0.000000 0.000000 0.000000
v -24.619274 10.637428 10.000000 0.000000 0.000000 0.000000
v -25.314015 6.697356 10.000000 0.000000 0.000000 0.000000
v -24.619274 2.757283 10.000000 0.000000 0.000000 0.000000
v -22.618847 -0.707558 10.000000 0.000000 0.000000 0.000000
v -19.554015 -3.279257 10.000000 0.000000 0.000000 0.000000
v -15.794442 -4.647630 10.000000 0.000000 0.000000 0.000000
v -11.793588 -4.647630 10.000000 0.000000 0.000000 0.000000
v -8.034015 -3.279257 10.000000 0.000000 0.000000 0.000000
v -4.969183 -0.707558 10.000000 0.000000 0.000000 0.000000
v -2.968756 2.757283 10.000000 0.000000 0.000000 0.000000
v -13.794015 6.697356 13.000000 0.000000 0.000000 0.000000
v -13.794015 6.697356 0.000000 0.000000 0.000000 0.000000
v -7.403407 9.743344 10.942729 0.000000 0.000000 0.000000
v -9.581054 8.411713 11.822852 0.000000 0.000000 0.000000
v -9.581054 5.712321 11.880123 0.000000 0.000000 0.000000
v -7.403407 4.344559 11.057271 0.000000 0.000000 0.000000
v -5.225761 5.676190 10.177148 0.000000 0.000000 0.000000
v -5.225761 8.375582 10.119877 0.000000 0.000000 0.000000
v 1.402396 9.995979 33.457878 0.058333 0.058333 0.058333
v -0.593780 8.775318 34.264657 0.058333 0.058333 0.058333
v -0.593780 6.300874 34.317156 0.058333 0.058333 0.058333
v 1.402396 5.047093 33.562875 0.058333 0.058333 0.058333
v 3.398571 6.267755 32.756096 0.058333 0.058333 0.058333
v 3.398571 8.742198 32.703598 0.058333 0.058333 0.058333
v 1.402396 9.996069 33.462310 0.050000 0.050000 0.050000
v -0.615541 8.772836 34.208807 0.050000 0.050000 0.050000
v -0.615541 6.298303 34.256873 0.050000 0.050000 0.050000
v 1.402396 5.047003 33.558444 0.050000 0.050000 0.050000
v 3.420332 6.270236 32.811947 0.050000 0.050000 0.050000
v 3.420332 8.744769 32.763880 0.050000 0.050000 0.050000
v 8.464249 10.154113 53.183938 0.116667 0.116667 0.116667
v 6.629761 9.042083 53.862572 0.116667 0.116667 0.116667
v 6.629761 6.792507 53.906269 0.116667 0.116667 0.116667
v 8.464249 5.654962 53.271333 0.116667 0.116667 0.116667
v 10.298737 6.766991 52.592699 0.116667 0.116667 0.116667
v 10.298737 9.016567 52.549002 0.116667 0.116667 0.116667
v 8.464249 10.154210 53.189297 0.100000 0.100000 0.100000
v 6.605278 9.039325 53.792422 0.100000 0.100000 0.100000
v 6.605278 6.789652 53.830761 0.100000 0.100000 0.100000
v 8.464249 5.654864 53.265974 0.100000 0.100000 0.100000
v 10.323219 6.769749 52.662848 0.100000 0.100000 0.100000
v 10.323219 9.019422 52.624510 0.100000 0.100000 0.100000
v 13.782152 10.217661 70.117272 0.175000 0.175000 0.175000
v 12.109079 9.214264 70.660084 0.175000 0.175000 0.175000
v 12.109079 7.189558 70.694589 0.175000 0.175000 0.175000
v 13.782152 6.168249 70.186281 0.175000 0.175000 0.175000
v 15.455226 7.171645 69.643468 0.175000 0.175000 0.175000
v 15.455226 9.196351 69.608963 0.175000 0.175000 0.175000
v 13.782152 10.217764 70.124002 0.150000 0.150000 0.150000
v 12.081975 9.211257 70.567809 0.150000 0.150000 0.150000
v 12.081975 7.186447 70.595583 0.150000 0.150000 0.150000
v 13.782152 6.168145 70.179550 0.150000 0.150000 0.150000
v 15.482330 7.174653 69.735743 0.150000 0.150000 0.150000
v 15.482330 9.199462 69.707969 0.150000 0.150000 0.150000
v 17.356106 10.186620 84.258111 0.233333 0.233333 0.233333
v 15.844837 9.291946 84.652607 0.233333 0.233333 0.233333
v 15.844837 7.492115 84.677295 0.233333 0.233333 0.233333
v 17.356106 6.586958 84.307487 0.233333 0.233333 0.233333
v 18.867375 7.481632 83.912992 0.233333 0.233333 0.233333
v 18.867375 9.281462 83.888304 0.233333 0.233333 0.233333
v 17.356106 10.186720 84.267043 0.200000 0.200000 0.200000
v 15.817176 9.288929 84.523294 0.200000 0.200000 0.200000
v 15.817176 7.488998 84.539051 0.200000 0.200000 0.200000
v 17.356106 6.586858 84.298556 0.200000 0.200000 0.200000
v 18.895036 7.484649 84.042304 0.200000 0.200000 0.200000
v 18.895036 9.284580 84.026548 0.200000 0.200000 0.200000
v 19.186110 10.060979 95.606918 0.291667 0.291667 0.291667
v 17.839546 9.275412 95.831138 0.291667 0.291667 0.291667
v 17.839546 7.700472 95.844925 0.291667 0.291667 0.291667
v 19.186110 6.911100 95.634491 0.291667 0.291667 0.291667
v 20.532674 7.696667 95.410271 0.291667 0.291667 0.291667
v 20.532674 9.271607 95.396485 0.291667 0.291667 0.291667
v 19.186110 10.061039 95.619844 0.250000 0.250000 0.250000
v 17.822189 9.273547 95.634010 0.250000 0.250000 0.250000
v 17.822189 7.698547 95.634871 0.250000 0.250000 0.250000
v 19.186110 6.911040 95.621565 0.250000 0.250000 0.250000
v 20.550031 7.698532 95.607399 0.250000 0.250000 0.250000
v 20.550031 9.273532 95.606539 0.250000 0.250000 0.250000
v 19.272164 9.840706 104.164755 0.350000 0.350000 0.350000
v 18.103089 9.165713 104.176897 0.350000 0.350000 0.350000
v 18.103089 7.815713 104.177634 0.350000 0.350000 0.350000
v 19.272164 7.140707 104.166229 0.350000 0.350000 0.350000
v 20.441239 7.815700 104.154087 0.350000 0.350000 0.350000
v 20.441239 9.165700 104.153350 0.350000 0.350000 0.350000
v 20.006891 -5.056352 104.165492 0.350000 0.350000 0.350000
v 16.862232 1.566550 103.859241 0.350000 0.350000 0.350000
v 15.569102 8.289870 103.757157 0.350000 0.350000 0.350000
v 16.127504 15.113609 103.859241 0.350000 0.350000 0.350000
v 18.537436 22.037766 104.165492 0.350000 0.350000 0.350000
v 18.924084 -5.115079 110.901134 0.458333 0.458333 0.458333
v 15.779424 1.507824 110.594883 0.458333 0.458333 0.458333
v 14.486295 8.231144 110.492799 0.458333 0.458333 0.458333
v 15.044696 15.054883 110.594883 0.458333 0.458333 0.458333
v 17.454629 21.979039 110.901134 0.458333 0.458333 0.458333
v 17.164977 -5.210484 117.562201 0.566667 0.566667 0.566667
v 14.020317 1.412418 117.255950 0.566667 0.566667 0.566667
v 12.727188 8.135739 117.153866 0.566667 0.566667 0.566667
v 13.285589 14.959477 117.255950 0.566667 0.566667 0.566667
v 15.695522 21.883634 117.562201 0.566667 0.566667 0.566667
v 14.729571 -5.342569 124.148693 0.675000 0.675000 0.675000
v 11.584911 1.280333 123.842442 0.675000 0.675000 0.675000
v 10.291782 8.003654 123.740358 0.675000 0.675000 0.675000
v 10.850184 14.827392 123.842442 0.675000 0.675000 0.675000
v 13.260116 21.751549 124.148693 0.675000 0.675000 0.675000
v 11.617866 -5.511333 130.660610 0.783333 0.783333 0.783333
v 8.473206 1.111569 130.354358 0.783333 0.783333 0.783333
v 7.180077 7.834890 130.252275 0.783333 0.783333 0.783333
v 7.738479 14.658628 130.354358 0.783333 0.783333 0.783333
v 10.148411 21.582785 130.660610 0.783333 0.783333 0.783333
v 7.829862 -5.716776 137.097951 0.891667 0.891667 0.891667
v 4.685202 0.906126 136.791700 0.891667 0.891667 0.891667
v 3.392073 7.629447 136.689616 0.891667 0.891667 0.891667
v 3.950475 14.453185 136.791700 0.891667 0.891667 0.891667
v 6.360407 21.377342 137.097951 0.891667 0.891667 0.891667
v 3.365559 -5.958899 143.460717 1.000000 1.000000 1.000000
v 0.220899 0.664004 143.154466 1.000000 1.000000 1.000000
v -1.072230 7.387324 143.052382 1.000000 1.000000 1.000000
v -0.513829 14.211063 143.154466 1.000000 1.000000 1.000000
v 1.896104 21.135220 143.460717 1.000000 1.000000 1.000000
v -18.572514 13.562923 10.301597 0.000000 0.000000 0.000000
v -20.818061 12.090233 10.021050 0.000000 0.000000 0.000000
v -20.818061 9.482124 10.719453 0.000000 0.000000 0.000000
v -18.572514 8.346705 11.698403 0.000000 0.000000 0.000000
v -16.326968 9.819394 11.978950 0.000000 0.000000 0.000000
v -16.326968 12.427503 11.280547 0.000000 0.000000 0.000000
v -25.064840 19.129992 31.961051 0.058333 0.058333 0.058333
v -27.123257 17.780027 31.703882 0.058333 0.058333 0.058333
v -27.123257 15.389260 32.344085 0.058333 0.058333 0.058333
v -25.064840 14.348459 33.241456 0.058333 0.058333 0.058333
v -23.006422 15.698424 33.498624 0.058333 0.058333 0.058333
v -23.006422 18.089191 32.858422 0.058333 0.058333 0.058333
v -25.064840 19.132764 31.971491 0.050000 0.050000 0.050000
v -27.125850 17.786225 31.717141 0.050000 0.050000 0.050000
v -27.125850 15.392687 32.346904 0.050000 0.050000 0.050000
v -25.064840 14.345688 33.231016 0.050000 0.050000 0.050000
v -23.003829 15.692227 33.485365 0.050000 0.050000 0.050000
v -23.003829 18.085765 32.855602 0.050000 0.050000 0.050000
v -30.609401 23.855160 50.804153 0.116667 0.116667 0.116667
v -32.483047 22.631033 50.572927 0.116667 0.116667 0.116667
v -32.483047 20.455090 51.145439 0.116667 0.116667 0.116667
v -30.609401 19.503273 51.949177 0.116667 0.116667 0.116667
v -28.735755 20.727399 52.180403 0.116667 0.116667 0.116667
v -28.735755 22.903343 51.607891 0.116667 0.116667 0.116667
v -30.609401 23.858515 50.817060 0.100000 0.100000 0.100000
v -32.486204 22.638561 50.589412 0.100000 0.100000 0.100000
v -32.486204 20.459263 51.149018 0.100000 0.100000 0.100000
v -30.609401 19.499918 51.936271 0.100000 0.100000 0.100000
v -28.732598 20.719871 52.163918 0.100000 0.100000 0.100000
v -28.732598 22.899170 51.604312 0.100000 0.100000 0.100000
v -35.206198 27.736154 66.822590 0.175000 0.175000 0.175000
v -36.895321 26.638196 66.617707 0.175000 0.175000 0.175000
v -36.895321 24.676827 67.121352 0.175000 0.175000 0.175000
v -35.206198 23.813417 67.829880 0.175000 0.175000 0.175000
v -33.517075 24.911375 68.034763 0.175000 0.175000 0.175000
v -33.517075 26.872743 67.531118 0.175000 0.175000 0.175000
v -35.206198 27.740369 66.839300 0.150000 0.150000 0.150000
v -36.899319 26.647697 66.639219 0.150000 0.150000 0.150000
v -36.899319 24.682113 67.126154 0.150000 0.150000 0.150000
v -35.206198 23.809202 67.813170 0.150000 0.150000 0.150000
v -33.513077 24.901874 68.013252 0.150000 0.150000 0.150000
v -33.513077 26.867458 67.526317 0.150000 0.150000 0.150000
v -38.855231 30.773118 80.017132 0.233333 0.233333 0.233333
v -40.360227 29.801854 79.839282 0.233333 0.233333 0.233333
v -40.360227 28.054668 80.272113 0.233333 0.233333 0.233333
v -38.855231 27.278747 80.882795 0.233333 0.233333 0.233333
v -37.350234 28.250012 81.060645 0.233333 0.233333 0.233333
v -37.350234 29.997197 80.627814 0.233333 0.233333 0.233333
v -38.855231 30.778700 80.040323 0.200000 0.200000 0.200000
v -40.365584 29.814519 79.869477 0.200000 0.200000 0.200000
v -40.365584 28.061752 80.279118 0.200000 0.200000 0.200000
v -38.855231 27.273165 80.859604 0.200000 0.200000 0.200000
v -37.344878 28.237346 81.030450 0.200000 0.200000 0.200000
v -37.344878 29.990114 80.620809 0.200000 0.200000 0.200000
v -41.556499 32.966331 90.389415 0.291667 0.291667 0.291667
v -42.878058 32.122672 90.239925 0.291667 0.291667 0.291667
v -42.878058 30.589000 90.598360 0.291667 0.291667 0.291667
v -41.556499 29.898987 91.106286 0.291667 0.291667 0.291667
v -40.234940 30.742645 91.255776 0.291667 0.291667 0.291667
v -40.234940 32.276317 90.897340 0.291667 0.291667 0.291667
v -41.556499 32.974321 90.425510 0.250000 0.250000 0.250000
v -42.885867 32.140993 90.287777 0.250000 0.250000 0.250000
v -42.885867 30.599331 90.610118 0.250000 0.250000 0.250000
v -41.556499 29.890997 91.070191 0.250000 0.250000 0.250000
v -40.227131 30.724324 91.207923 0.250000 0.250000 0.250000
v -40.227131 32.265986 90.885583 0.250000 0.250000 0.250000
v -43.310003 34.316388 97.943603 0.350000 0.350000 0.350000
v -44.449462 33.602107 97.825547 0.350000 0.350000 0.350000
v -44.449462 32.280683 98.101839 0.350000 0.350000 0.350000
v -43.310003 31.673539 98.496188 0.350000 0.350000 0.350000
v -42.170544 32.387819 98.614244 0.350000 0.350000 0.350000
v -42.170544 33.709244 98.337952 0.350000 0.350000 0.350000
v -52.450314 22.736034 98.219896 0.350000 0.350000 0.350000
v -49.916183 29.679518 97.448581 0.350000 0.350000 0.350000
v -46.024702 35.413656 97.191476 0.350000 0.350000 0.350000
v -40.775872 39.938448 97.448581 0.350000 0.350000 0.350000
v -34.169692 43.253893 98.219896 0.350000 0.350000 0.350000
v -54.226277 24.318348 105.264953 0.458333 0.458333 0.458333
v -51.692146 31.261833 104.493638 0.458333 0.458333 0.458333
v -47.800666 36.995971 104.236533 0.458333 0.458333 0.458333
v -42.551835 41.520762 104.493638 0.458333 0.458333 0.458333
v -35.945655 44.836208 105.264953 0.458333 0.458333 0.458333
v -56.535799 26.376043 112.107880 0.566667 0.566667 0.566667
v -54.001668 33.319527 111.336565 0.566667 0.566667 0.566667
v -50.110187 39.053665 111.079460 0.566667 0.566667 0.566667
v -44.861357 43.578457 111.336565 0.566667 0.566667 0.566667
v -38.255177 46.893903 112.107880 0.566667 0.566667 0.566667
v -59.378879 28.909118 118.748677 0.675000 0.675000 0.675000
v -56.844748 35.852602 117.977362 0.675000 0.675000 0.675000
v -52.953267 41.586740 117.720257 0.675000 0.675000 0.675000
v -47.704437 46.111532 117.977362 0.675000 0.675000 0.675000
v -41.098257 49.426977 118.748677 0.675000 0.675000 0.675000
v -62.755517 31.917573 125.187345 0.783333 0.783333 0.783333
v -60.221386 38.861057 124.416030 0.783333 0.783333 0.783333
v -56.329906 44.595195 124.158925 0.783333 0.783333 0.783333
v -51.081075 49.119987 124.416030 0.783333 0.783333 0.783333
v -44.474895 52.435432 125.187345 0.783333 0.783333 0.783333
v -66.665714 35.401407 131.423882 0.891667 0.891667 0.891667
v -64.131583 42.344891 130.652567 0.891667 0.891667 0.891667
v -60.240102 48.079029 130.395462 0.891667 0.891667 0.891667
v -54.991272 52.603821 130.652567 0.891667 0.891667 0.891667
v -48.385092 55.919267 131.423882 0.891667 0.891667 0.891667
v -71.109469 39.360622 137.458289 1.000000 1.000000 1.000000
v -68.575338 46.304106 136.686974 1.000000 1.000000 1.000000
v -64.683857 52.038244 136.429869 1.000000 1.000000 1.000000
v -59.435027 56.563036 136.686974 1.000000 1.000000 1.000000
v -52.828847 59.878481 137.458289 1.000000 1.000000 1.000000
v -13.848584 2.792782 12.031508 0.000000 0.000000 0.000000
v -16.186840 1.548095 11.508715 0.000000 0.000000 0.000000
v -16.186840 -0.947099 10.477207 0.000000 0.000000 0.000000
v -13.848584 -2.197605 9.968492 0.000000 0.000000 0.000000
v -11.510328 -0.952919 10.491285 0.000000 0.000000 0.000000
v -11.510328 1.542275 11.522793 0.000000 0.000000 0.000000
v -13.925847 -6.476494 33.864723 0.058333 0.058333 0.058333
v -16.069248 -7.617457 33.385496 0.058333 0.058333 0.058333
v -16.069248 -9.904718 32.439947 0.058333 0.058333 0.058333
v -13.925847 -11.051015 31.973625 0.058333 0.058333 0.058333
v -11.782445 -9.910053 32.452852 0.058333 0.058333 0.058333
v -11.782445 -7.622792 33.398401 0.058333 0.058333 0.058333
v -13.925847 -6.492777 33.903189 0.050000 0.050000 0.050000
v -16.069247 -7.625377 33.404514 0.050000 0.050000 0.050000
v -16.069247 -9.896355 32.420499 0.050000 0.050000 0.050000
v -13.925847 -11.034732 31.935159 0.050000 0.050000 0.050000
v -11.782446 -9.902132 32.433834 0.050000 0.050000 0.050000
v -11.782446 -7.631155 33.417849 0.050000 0.050000 0.050000
v -13.995549 -14.873923 52.679857 0.116667 0.116667 0.116667
v -15.944095 -15.903559 52.226517 0.116667 0.116667 0.116667
v -15.944095 -17.968084 51.331958 0.116667 0.116667 0.116667
v -13.995549 -19.002973 50.890740 0.116667 0.116667 0.116667
v -12.047003 -17.973337 51.344080 0.116667 0.116667 0.116667
v -12.047003 -15.908812 52.238639 0.116667 0.116667 0.116667
v -13.995549 -14.895033 52.727082 0.100000 0.100000 0.100000
v -15.944094 -15.913830 52.249875 0.100000 0.100000 0.100000
v -15.944094 -17.957244 51.308091 0.100000 0.100000 0.100000
v -13.995549 -18.981863 50.843515 0.100000 0.100000 0.100000
v -12.047004 -17.963066 51.320723 0.100000 0.100000 0.100000
v -12.047004 -15.919652 52.262506 0.100000 0.100000 0.100000
v -14.057691 -22.387419 68.445979 0.175000 0.175000 0.175000
v -15.811382 -23.304335 68.016492 0.175000 0.175000 0.175000
v -15.811382 -25.143409 67.168886 0.175000 0.175000 0.175000
v -14.057691 -26.065565 66.750768 0.175000 0.175000 0.175000
v -12.304001 -25.148648 67.180255 0.175000 0.175000 0.175000
v -12.304001 -23.309575 68.027860 0.175000 0.175000 0.175000
v -16.082618 -24.209226 67.598373 0.150000 0.150000 0.150000
v -15.083520 -25.785297 66.811971 0.150000 0.150000 0.150000
v -13.058593 -25.802562 66.811971 0.150000 0.150000 0.150000
v -12.032765 -24.243758 67.598373 0.150000 0.150000 0.150000
v -13.031863 -22.667687 68.384776 0.150000 0.150000 0.150000
v -15.056790 -22.650421 68.384776 0.150000 0.150000 0.150000
v -15.912208 -30.612539 80.358398 0.233333 0.233333 0.233333
v -15.024121 -32.013490 79.659374 0.233333 0.233333 0.233333
v -13.224186 -32.028838 79.659374 0.233333 0.233333 0.233333
v -12.312339 -30.643233 80.358398 0.233333 0.233333 0.233333
v -13.200426 -29.242282 81.057423 0.233333 0.233333 0.233333
v -15.000361 -29.226934 81.057423 0.233333 0.233333 0.233333
v -15.912208 -30.612539 80.358398 0.200000 0.200000 0.200000
v -15.023797 -31.975535 79.588354 0.200000 0.200000 0.200000
v -13.223863 -31.990882 79.588354 0.200000 0.200000 0.200000
v -12.312339 -30.643233 80.358398 0.200000 0.200000 0.200000
v -13.200750 -29.280237 81.128443 0.200000 0.200000 0.200000
v -15.000685 -29.264890 81.128443 0.200000 0.200000 0.200000
v -15.734239 -36.129202 90.065374 0.291667 0.291667 0.291667
v -14.956879 -37.321823 89.391585 0.291667 0.291667 0.291667
v -13.381936 -37.335252 89.391585 0.291667 0.291667 0.291667
v -12.584353 -36.156060 90.065374 0.291667 0.291667 0.291667
v -13.361713 -34.963438 90.739162 0.291667 0.291667 0.291667
v -14.936655 -34.950009 90.739162 0.291667 0.291667 0.291667
v -15.734239 -36.129202 90.065374 0.250000 0.250000 0.250000
v -14.956315 -37.255626 89.286510 0.250000 0.250000 0.250000
v -13.381372 -37.269055 89.286510 0.250000 0.250000 0.250000
v -12.584353 -36.156060 90.065374 0.250000 0.250000 0.250000
v -13.362277 -35.029636 90.844237 0.250000 0.250000 0.250000
v -14.937220 -35.016207 90.844237 0.250000 0.250000 0.250000
v -15.548709 -40.759215 96.719300 0.350000 0.350000 0.350000
v -14.881917 -41.724722 96.051702 0.350000 0.350000 0.350000
v -13.531966 -41.736232 96.051702 0.350000 0.350000 0.350000
v -12.848807 -40.782236 96.719300 0.350000 0.350000 0.350000
v -13.515599 -39.816730 97.386897 0.350000 0.350000 0.350000
v -14.865550 -39.805220 97.386897 0.350000 0.350000 0.350000
v 0.587266 -40.896801 96.719300 0.350000 0.350000 0.350000
v -6.825891 -43.196344 94.790920 0.350000 0.350000 0.350000
v -14.225618 -43.920834 94.148126 0.350000 0.350000 0.350000
v -21.611915 -43.070269 94.790920 0.350000 0.350000 0.350000
v -28.984782 -40.644651 96.719300 0.350000 0.350000 0.350000
v 0.538410 -46.626630 103.064573 0.458333 0.458333 0.458333
v -6.874747 -48.926174 101.136193 0.458333 0.458333 0.458333
v -14.274474 -49.650663 100.493399 0.458333 0.458333 0.458333
v -21.660771 -48.800099 101.136193 0.458333 0.458333 0.458333
v -29.033638 -46.374481 103.064573 0.458333 0.458333 0.458333
v 0.483914 -53.017960 108.869918 0.566667 0.566667 0.566667
v -6.929243 -55.317503 106.941538 0.566667 0.566667 0.566667
v -14.328970 -56.041993 106.298745 0.566667 0.566667 0.566667
v -21.715267 -55.191428 106.941538 0.566667 0.566667 0.566667
v -29.088135 -52.765810 108.869918 0.566667 0.566667 0.566667
v 0.423777 -60.070789 114.135335 0.675000 0.675000 0.675000
v -6.989380 -62.370332 112.206955 0.675000 0.675000 0.675000
v -14.389107 -63.094821 111.564162 0.675000 0.675000 0.675000
v -21.775404 -62.244257 112.206955 0.675000 0.675000 0.675000
v -29.148272 -59.818639 114.135335 0.675000 0.675000 0.675000
v 0.358000 -67.785117 118.860825 0.783333 0.783333 0.783333
v -7.055157 -70.084660 116.932446 0.783333 0.783333 0.783333
v -14.454884 -70.809150 116.289652 0.783333 0.783333 0.783333
v -21.841181 -69.958586 116.932446 0.783333 0.783333 0.783333
v -29.214049 -67.532967 118.860825 0.783333 0.783333 0.783333
v 0.286582 -76.160945 123.046388 0.891667 0.891667 0.891667
v -7.126575 -78.460489 121.118008 0.891667 0.891667 0.891667
v -14.526302 -79.184978 120.475215 0.891667 0.891667 0.891667
v -21.912599 -78.334414 121.118008 0.891667 0.891667 0.891667
v -29.285466 -75.908796 123.046388 0.891667 0.891667 0.891667
v 0.209524 -85.198273 126.692023 1.000000 1.000000 1.000000
v -7.203633 -87.497816 124.763643 1.000000 1.000000 1.000000
v -14.603360 -88.222306 124.120849 1.000000 1.000000 1.000000
v -21.989657 -87.371742 124.763643 1.000000 1.000000 1.000000
v -29.362524 -84.946123 126.692023 1.000000 1.000000 1.000000
v -9.709977 14.191397 10.161514 0.000000 0.000000 0.000000
v -11.974438 13.089149 11.134789 0.000000 0.000000 0.000000
v -11.974438 10.522646 11.973275 0.000000 0.000000 0.000000
v -9.709977 9.058390 11.838486 0.000000 0.000000 0.000000
v -7.445515 10.160637 10.865211 0.000000 0.000000 0.000000
v -7.445515 12.727141 10.026725 0.000000 0.000000 0.000000
v -2.823122 22.286757 35.664950 0.058333 0.058333 0.058333
v -4.898878 21.276364 36.557119 0.058333 0.058333 0.058333
v -4.898878 18.923735 37.325731 0.058333 0.058333 0.058333
v -2.823122 17.581501 37.202174 0.058333 0.058333 0.058333
v -0.747365 18.591894 36.310005 0.058333 0.058333 0.058333
v -0.747365 20.944523 35.541393 0.058333 0.058333 0.058333
v -2.823122 22.260200 35.587973 0.050000 0.050000 0.050000
v -4.885446 21.296684 36.559611 0.050000 0.050000 0.050000
v -4.885446 18.970613 37.405200 0.050000 0.050000 0.050000
v -2.823122 17.608058 37.279150 0.050000 0.050000 0.050000
v -0.760797 18.571574 36.307513 0.050000 0.050000 0.050000
v -0.760797 20.897645 35.461924 0.050000 0.050000 0.050000
v 3.694580 29.912578 57.296930 0.116667 0.116667 0.116667
v 1.819740 29.036654 58.180237 0.116667 0.116667 0.116667
v 1.819740 26.922044 58.948954 0.116667 0.116667 0.116667
v 3.694580 25.683358 58.834364 0.116667 0.116667 0.116667
v 5.569421 26.559282 57.951057 0.116667 0.116667 0.116667
v 5.569421 28.673892 57.182340 0.116667 0.116667 0.116667
v 5.426918 26.362173 58.065647 0.100000 0.100000 0.100000
v 5.654682 28.399939 57.139292 0.100000 0.100000 0.100000
v 3.922344 29.835734 57.139292 0.100000 0.100000 0.100000
v 1.962243 29.233763 58.065647 0.100000 0.100000 0.100000
v 1.734479 27.195997 58.992002 0.100000 0.100000 0.100000
v 3.466816 25.760202 58.992002 0.100000 0.100000 0.100000
v 11.402233 33.924196 75.896255 0.175000 0.175000 0.175000
v 11.607220 35.758185 75.062536 0.175000 0.175000 0.175000
v 10.048116 37.050400 75.062536 0.175000 0.175000 0.175000
v 8.284025 36.508626 75.896255 0.175000 0.175000 0.175000
v 8.079038 34.674637 76.729974 0.175000 0.175000 0.175000
v 9.638141 33.382421 76.729974 0.175000 0.175000 0.175000
v 11.402233 33.924196 75.896255 0.150000 0.150000 0.150000
v 11.562875 35.704681 74.945104 0.150000 0.150000 0.150000
v 10.003772 36.996897 74.945104 0.150000 0.150000 0.150000
v 8.284025 36.508626 75.896255 0.150000 0.150000 0.150000
v 8.123382 34.728140 76.847407 0.150000 0.150000 0.150000
v 9.682486 33.435925 76.847407 0.150000 0.150000 0.150000
v 17.008394 41.040821 89.925387 0.233333 0.233333 0.233333
v 17.151188 42.623475 89.079919 0.233333 0.233333 0.233333
v 15.765318 43.772111 89.079919 0.233333 0.233333 0.233333
v 14.236654 43.338093 89.925387 0.233333 0.233333 0.233333
v 14.093861 41.755439 90.770855 0.233333 0.233333 0.233333
v 15.479731 40.606803 90.770855 0.233333 0.233333 0.233333
v 17.008394 41.040821 89.925387 0.200000 0.200000 0.200000
v 17.081292 42.539144 88.930543 0.200000 0.200000 0.200000
v 15.695422 43.687780 88.930543 0.200000 0.200000 0.200000
v 14.236654 43.338093 89.925387 0.200000 0.200000 0.200000
v 14.163756 41.839770 90.920231 0.200000 0.200000 0.200000
v 15.549626 40.691134 90.920231 0.200000 0.200000 0.200000
v 22.245403 47.712050 100.153042 0.291667 0.291667 0.291667
v 22.309189 49.023083 99.282553 0.291667 0.291667 0.291667
v 21.096552 50.028139 99.282553 0.291667 0.291667 0.291667
v 19.820130 49.722163 100.153042 0.291667 0.291667 0.291667
v 19.756345 48.411131 101.023530 0.291667 0.291667 0.291667
v 20.968981 47.406074 101.023530 0.291667 0.291667 0.291667
v 22.245403 47.712050 100.153042 0.250000 0.250000 0.250000
v 22.188347 48.877283 99.094929 0.250000 0.250000 0.250000
v 20.975711 49.882340 99.094929 0.250000 0.250000 0.250000
v 19.820130 49.722163 100.153042 0.250000 0.250000 0.250000
v 19.877186 48.556930 101.211154 0.250000 0.250000 0.250000
v 21.089822 47.551874 101.211154 0.250000 0.250000 0.250000
v 27.113258 53.937883 106.579220 0.350000 0.350000 0.350000
v 27.064353 54.936654 105.672266 0.350000 0.350000 0.350000
v 26.024951 55.798131 105.672266 0.350000 0.350000 0.350000
v 25.034453 55.660837 106.579220 0.350000 0.350000 0.350000
v 25.083358 54.662066 107.486173 0.350000 0.350000 0.350000
v 26.122760 53.800589 107.486173 0.350000 0.350000 0.350000
v 14.737538 64.195119 106.579220 0.350000 0.350000 0.350000
v 21.396139 60.692244 103.969022 0.350000 0.350000 0.350000
v 27.394446 56.392699 103.098956 0.350000 0.350000 0.350000
v 32.732458 51.296485 103.969022 0.350000 0.350000 0.350000
v 37.410174 45.403600 106.579220 0.350000 0.350000 0.350000
v 19.610359 70.074351 110.617974 0.458333 0.458333 0.458333
v 26.268961 66.571476 108.007776 0.458333 0.458333 0.458333
v 32.267267 62.271931 107.137710 0.458333 0.458333 0.458333
v 37.605279 57.175717 108.007776 0.458333 0.458333 0.458333
v 42.282995 51.282832 110.617974 0.458333 0.458333 0.458333
v 24.764566 76.293086 113.915168 0.566667 0.566667 0.566667
v 31.423168 72.790211 111.304970 0.566667 0.566667 0.566667
v 37.421474 68.490666 110.434904 0.566667 0.566667 0.566667
v 42.759486 63.394451 111.304970 0.566667 0.566667 0.566667
v 47.437202 57.501567 113.915168 0.566667 0.566667 0.566667
v 30.200159 82.851322 116.470802 0.675000 0.675000 0.675000
v 36.858761 79.348447 113.860604 0.675000 0.675000 0.675000
v 42.857068 75.048902 112.990538 0.675000 0.675000 0.675000
v 48.195079 69.952688 113.860604 0.675000 0.675000 0.675000
v 52.872795 64.059803 116.470802 0.675000 0.675000 0.675000
v 35.917139 89.749061 118.284874 0.783333 0.783333 0.783333
v 42.575741 86.246186 115.674677 0.783333 0.783333 0.783333
v 48.574047 81.946641 114.804611 0.783333 0.783333 0.783333
v 53.912059 76.850427 115.674677 0.783333 0.783333 0.783333
v 58.589775 70.957542 118.284874 0.783333 0.783333 0.783333
v 41.915504 96.986303 119.357387 0.891667 0.891667 0.891667
v 48.574106 93.483427 116.747189 0.891667 0.891667 0.891667
v 54.572413 89.183882 115.877123 0.891667 0.891667 0.891667
v 59.910424 84.087668 116.747189 0.891667 0.891667 0.891667
v 64.588140 78.194783 119.357387 0.891667 0.891667 0.891667
v 48.195256 104.563046 119.688338 1.000000 1.000000 1.000000
v 54.853858 101.060171 117.078141 1.000000 1.000000 1.000000
v 60.852164 96.760626 116.208075 1.000000 1.000000 1.000000
v 66.190176 91.664411 117.078141 1.000000 1.000000 1.000000
v 70.867892 85.771527 119.688338 1.000000 1.000000 1.000000
v -20.153972 8.679361 11.131096 0.000000 0.000000 0.000000
v -22.300501 7.375979 10.139327 0.000000 0.000000 0.000000
v -22.300501 4.679163 10.008230 0.000000 0.000000 0.000000
v -20.153972 3.285730 10.868904 0.000000 0.000000 0.000000
v -18.007443 4.589113 11.860673 0.000000 0.000000 0.000000
v -18.007443 7.285929 11.991770 0.000000 0.000000 0.000000
v -27.452063 7.634378 27.993704 0.058333 0.058333 0.058333
v -29.419714 6.439611 27.084582 0.058333 0.058333 0.058333
v -29.419714 3.967530 26.964410 0.058333 0.058333 0.058333
v -27.452063 2.690216 27.753361 0.058333 0.058333 0.058333
v -25.484411 3.884984 28.662483 0.058333 0.058333 0.058333
v -25.484411 6.357065 28.782655 0.058333 0.058333 0.058333
v -27.728493 7.621812 27.873533 0.050000 0.050000 0.050000
v -29.486123 6.178976 26.896504 0.050000 0.050000 0.050000
v -29.209693 3.719462 26.896504 0.050000 0.050000 0.050000
v -27.175632 2.702783 27.873533 0.050000 0.050000 0.050000
v -25.418002 4.145618 28.850561 0.050000 0.050000 0.050000
v -25.694432 6.605133 28.850561 0.050000 0.050000 0.050000
v -34.905269 6.588781 42.024780 0.116667 0.116667 0.116667
v -36.503115 5.277113 41.136572 0.116667 0.116667 0.116667
v -36.251814 3.041190 41.136572 0.116667 0.116667 0.116667
v -34.402668 2.116937 42.024780 0.116667 0.116667 0.116667
v -32.804822 3.428605 42.912988 0.116667 0.116667 0.116667
v -33.056122 5.664528 42.912988 0.116667 0.116667 0.116667
v -34.905269 6.588781 42.024780 0.100000 0.100000 0.100000
v -36.421178 5.286322 40.991282 0.100000 0.100000 0.100000
v -36.169878 3.050399 40.991282 0.100000 0.100000 0.100000
v -34.402668 2.116937 42.024780 0.100000 0.100000 0.100000
v -32.886759 3.419396 43.058278 0.100000 0.100000 0.100000
v -33.138059 5.655319 43.058278 0.100000 0.100000 0.100000
v -41.985860 5.566561 53.453741 0.175000 0.175000 0.175000
v -43.350178 4.394348 52.523593 0.175000 0.175000 0.175000
v -43.124008 2.382018 52.523593 0.175000 0.175000 0.175000
v -41.533519 1.541901 53.453741 0.175000 0.175000 0.175000
v -40.169201 2.714115 54.383889 0.175000 0.175000 0.175000
v -40.395371 4.726445 54.383889 0.175000 0.175000 0.175000
v -41.985860 5.566561 53.453741 0.150000 0.150000 0.150000
v -43.226890 4.408204 52.349804 0.150000 0.150000 0.150000
v -43.000720 2.395874 52.349804 0.150000 0.150000 0.150000
v -41.533519 1.541901 53.453741 0.150000 0.150000 0.150000
v -40.292489 2.700258 54.557678 0.150000 0.150000 0.150000
v -40.518659 4.712588 54.557678 0.150000 0.150000 0.150000
v -48.970266 4.555152 62.160417 0.233333 0.233333 0.233333
v -50.073405 3.525501 61.179140 0.233333 0.233333 0.233333
v -49.872364 1.736763 61.179140 0.233333 0.233333 0.233333
v -48.568186 0.977676 62.160417 0.233333 0.233333 0.233333
v -47.465048 2.007327 63.141695 0.233333 0.233333 0.233333
v -47.666088 3.796065 63.141695 0.233333 0.233333 0.233333
v -48.970266 4.555152 62.160417 0.200000 0.200000 0.200000
v -49.879958 3.547243 60.978647 0.200000 0.200000 0.200000
v -49.678918 1.758505 60.978647 0.200000 0.200000 0.200000
v -48.568186 0.977676 62.160417 0.200000 0.200000 0.200000
v -47.658494 1.985585 63.342187 0.200000 0.200000 0.200000
v -47.859534 3.774323 63.342187 0.200000 0.200000 0.200000
v -55.858488 3.554552 68.144808 0.291667 0.291667 0.291667
v -56.654468 2.672632 67.110759 0.291667 0.291667 0.291667
v -56.478558 1.107487 67.110759 0.291667 0.291667 0.291667
v -55.506668 0.424261 68.144808 0.291667 0.291667 0.291667
v -54.710687 1.306182 69.178856 0.291667 0.291667 0.291667
v -54.886597 2.871327 69.178856 0.291667 0.291667 0.291667
v -55.858488 3.554552 68.144808 0.250000 0.250000 0.250000
v -56.352619 2.706558 66.912994 0.250000 0.250000 0.250000
v -56.176709 1.141412 66.912994 0.250000 0.250000 0.250000
v -55.506668 0.424261 68.144808 0.250000 0.250000 0.250000
v -55.012536 1.272256 69.376621 0.250000 0.250000 0.250000
v -55.188447 2.837402 69.376621 0.250000 0.250000 0.250000
v -62.650525 2.564764 71.406913 0.350000 0.350000 0.350000
v -63.074066 1.837911 70.351073 0.350000 0.350000 0.350000
v -62.923286 0.496358 70.351073 0.350000 0.350000 0.350000
v -62.348965 -0.118343 71.406913 0.350000 0.350000 0.350000
v -61.925424 0.608510 72.462753 0.350000 0.350000 0.350000
v -62.076204 1.950063 72.462753 0.350000 0.350000 0.350000
v -61.023001 -11.915990 71.406913 0.350000 0.350000 0.350000
v -62.489816 -5.428261 68.780257 0.350000 0.350000 0.350000
v -63.471002 1.114048 67.904706 0.350000 0.350000 0.350000
v -63.966560 7.710939 68.780257 0.350000 0.350000 0.350000
v -63.976489 14.362410 71.406913 0.350000 0.350000 0.350000
v -67.565408 -12.651305 72.894286 0.458333 0.458333 0.458333
v -69.032223 -6.163577 70.267631 0.458333 0.458333 0.458333
v -70.013410 0.378733 69.392079 0.458333 0.458333 0.458333
v -70.508967 6.975623 70.267631 0.458333 0.458333 0.458333
v -70.518896 13.627094 72.894286 0.458333 0.458333 0.458333
v -74.287884 -13.406860 73.732359 0.566667 0.566667 0.566667
v -75.754700 -6.919131 71.105704 0.566667 0.566667 0.566667
v -76.735886 -0.376821 70.230152 0.566667 0.566667 0.566667
v -77.231443 6.220069 71.105704 0.566667 0.566667 0.566667
v -77.241372 12.871540 73.732359 0.566667 0.566667 0.566667
v -81.190429 -14.182652 73.921133 0.675000 0.675000 0.675000
v -82.657244 -7.694923 71.294477 0.675000 0.675000 0.675000
v -83.638431 -1.152614 70.418925 0.675000 0.675000 0.675000
v -84.133988 5.444277 71.294477 0.675000 0.675000 0.675000
v -84.143917 12.095748 73.921133 0.675000 0.675000 0.675000
v -88.273042 -14.978683 73.460606 0.783333 0.783333 0.783333
v -89.739857 -8.490954 70.833951 0.783333 0.783333 0.783333
v -90.721044 -1.948644 69.958399 0.783333 0.783333 0.783333
v -91.216601 4.648246 70.833951 0.783333 0.783333 0.783333
v -91.226530 11.299717 73.460606 0.783333 0.783333 0.783333
v -95.535724 -15.794952 72.350780 0.891667 0.891667 0.891667
v -97.002539 -9.307223 69.724124 0.891667 0.891667 0.891667
v -97.983726 -2.764913 68.848572 0.891667 0.891667 0.891667
v -98.479283 3.831977 69.724124 0.891667 0.891667 0.891667
v -98.489212 10.483448 72.350780 0.891667 0.891667 0.891667
v -102.978474 -16.631459 70.591653 1.000000 1.000000 1.000000
v -104.445289 -10.143730 67.964998 1.000000 1.000000 1.000000
v -105.426476 -3.601421 67.089446 1.000000 1.000000 1.000000
v -105.922033 2.995470 67.964998 1.000000 1.000000 1.000000
v -105.931962 9.646941 70.591653 1.000000 1.000000 1.000000
v -8.446380 5.803673 11.642686 0.000000 0.000000 0.000000
v -10.645006 4.303013 12.094422 0.000000 0.000000 0.000000
v -10.645006 1.680618 11.451736 0.000000 0.000000 0.000000
v -8.446380 0.558883 10.357314 0.000000 0.000000 0.000000
v -6.247755 2.059544 9.905578 0.000000 0.000000 0.000000
v -6.247755 4.681939 10.548264 0.000000 0.000000 0.000000
v -1.088857 0.747559 31.328246 0.058333 0.058333 0.058333
v -3.104264 -0.628046 31.742337 0.058333 0.058333 0.058333
v -3.104264 -3.031908 31.153209 0.058333 0.058333 0.058333
v -1.088857 -4.060165 30.149989 0.058333 0.058333 0.058333
v 0.926549 -2.684560 29.735897 0.058333 0.058333 0.058333
v 0.926549 -0.280698 30.325026 0.058333 0.058333 0.058333
v -2.448591 -3.724334 30.739117 0.050000 0.050000 0.050000
v -0.201654 -3.720669 29.701385 0.050000 0.050000 0.050000
v 1.158079 -1.652638 29.701385 0.050000 0.050000 0.050000
v 0.270876 0.411728 30.739117 0.050000 0.050000 0.050000
v -1.976061 0.408063 31.776849 0.050000 0.050000 0.050000
v -3.335794 -1.659968 31.776849 0.050000 0.050000 0.050000
v 5.205385 -8.487555 47.026661 0.116667 0.116667 0.116667
v 7.248055 -8.484224 46.083268 0.116667 0.116667 0.116667
v 8.484176 -6.604196 46.083268 0.116667 0.116667 0.116667
v 7.677627 -4.727499 47.026661 0.116667 0.116667 0.116667
v 5.634957 -4.730831 47.970053 0.116667 0.116667 0.116667
v 4.398836 -6.610859 47.970053 0.116667 0.116667 0.116667
v 5.205385 -8.487555 47.026661 0.100000 0.100000 0.100000
v 7.145859 -8.417030 45.889960 0.100000 0.100000 0.100000
v 8.381979 -6.537002 45.889960 0.100000 0.100000 0.100000
v 7.677627 -4.727499 47.026661 0.100000 0.100000 0.100000
v 5.737154 -4.798025 48.163362 0.100000 0.100000 0.100000
v 4.501033 -6.678053 48.163362 0.100000 0.100000 0.100000
v 13.032201 -13.364420 59.862630 0.175000 0.175000 0.175000
v 14.778627 -13.300947 58.839599 0.175000 0.175000 0.175000
v 15.891136 -11.608921 58.839599 0.175000 0.175000 0.175000
v 15.257219 -9.980369 59.862630 0.175000 0.175000 0.175000
v 13.510793 -10.043842 60.885661 0.175000 0.175000 0.175000
v 12.398284 -11.735868 60.885661 0.175000 0.175000 0.175000
v 13.032201 -13.364420 59.862630 0.150000 0.150000 0.150000
v 14.622312 -13.198169 58.619838 0.150000 0.150000 0.150000
v 15.734821 -11.506144 58.619838 0.150000 0.150000 0.150000
v 15.257219 -9.980369 59.862630 0.150000 0.150000 0.150000
v 13.667108 -10.146620 61.105423 0.150000 0.150000 0.150000
v 12.554599 -11.838645 61.105423 0.150000 0.150000 0.150000
v 21.031858 -18.354927 69.247026 0.233333 0.233333 0.233333
v 22.445290 -18.207149 68.142322 0.233333 0.233333 0.233333
v 23.434187 -16.703126 68.142322 0.233333 0.233333 0.233333
v 23.009652 -15.346882 69.247026 0.233333 0.233333 0.233333
v 21.596220 -15.494660 70.351731 0.233333 0.233333 0.233333
v 20.607323 -16.998683 70.351731 0.233333 0.233333 0.233333
v 21.031858 -18.354927 69.247026 0.200000 0.200000 0.200000
v 22.209366 -18.052028 67.919725 0.200000 0.200000 0.200000
v 23.198263 -16.548006 67.919725 0.200000 0.200000 0.200000
v 23.009652 -15.346882 69.247026 0.200000 0.200000 0.200000
v 21.832144 -15.649781 70.574327 0.200000 0.200000 0.200000
v 20.843247 -17.153803 70.574327 0.200000 0.200000 0.200000
v 29.204356 -23.459077 75.179848 0.291667 0.291667 0.291667
v 30.234675 -23.194041 74.018460 0.291667 0.291667 0.291667
v 31.099960 -21.878021 74.018460 0.291667 0.291667 0.291667
v 30.934925 -20.827038 75.179848 0.291667 0.291667 0.291667
v 29.904606 -21.092074 76.341237 0.291667 0.291667 0.291667
v 29.039321 -22.408094 76.341237 0.291667 0.291667 0.291667
v 29.204356 -23.459077 75.179848 0.250000 0.250000 0.250000
v 29.915671 -22.984295 73.857261 0.250000 0.250000 0.250000
v 30.780956 -21.668276 73.857261 0.250000 0.250000 0.250000
v 30.934925 -20.827038 75.179848 0.250000 0.250000 0.250000
v 30.223609 -21.301820 76.502436 0.250000 0.250000 0.250000
v 29.358325 -22.617839 76.502436 0.250000 0.250000 0.250000
v 37.549694 -28.676870 77.661097 0.350000 0.350000 0.350000
v 38.159393 -28.269915 76.527450 0.350000 0.350000 0.350000
v 38.901065 -27.141898 76.527450 0.350000 0.350000 0.350000
v 39.033039 -26.420837 77.661097 0.350000 0.350000 0.350000
v 38.423340 -26.827793 78.794743 0.350000 0.350000 0.350000
v 37.681667 -27.955809 78.794743 0.350000 0.350000 0.350000
v 46.100601 -15.671714 77.661097 0.350000 0.350000 0.350000
v 42.381570 -21.732307 74.737792 0.350000 0.350000 0.350000
v 38.538815 -27.711551 73.763357 0.350000 0.350000 0.350000
v 34.572335 -33.609446 74.737792 0.350000 0.350000 0.350000
v 30.482131 -39.425993 77.661097 0.350000 0.350000 0.350000
v 52.748663 -20.042824 77.867007 0.458333 0.458333 0.458333
v 49.029631 -26.103416 74.943702 0.458333 0.458333 0.458333
v 45.186876 -32.082660 73.969267 0.458333 0.458333 0.458333
v 41.220396 -37.980556 74.943702 0.458333 0.458333 0.458333
v 37.130192 -43.797102 77.867007 0.458333 0.458333 0.458333
v 59.447043 -24.447018 77.280295 0.566667 0.566667 0.566667
v 55.728012 -30.507611 74.356990 0.566667 0.566667 0.566667
v 51.885257 -36.486855 73.382555 0.566667 0.566667 0.566667
v 47.918777 -42.384750 74.356990 0.566667 0.566667 0.566667
v 43.828573 -48.201297 77.280295 0.566667 0.566667 0.566667
v 66.195744 -28.884298 75.900960 0.675000 0.675000 0.675000
v 62.476713 -34.944891 72.977655 0.675000 0.675000 0.675000
v 58.633957 -40.924135 72.003220 0.675000 0.675000 0.675000
v 54.667478 -46.822030 72.977655 0.675000 0.675000 0.675000
v 50.577274 -52.638576 75.900960 0.675000 0.675000 0.675000
v 72.994764 -33.354663 73.729002 0.783333 0.783333 0.783333
v 69.275733 -39.415256 70.805698 0.783333 0.783333 0.783333
v 65.432977 -45.394500 69.831263 0.783333 0.783333 0.783333
v 61.466498 -51.292395 70.805698 0.783333 0.783333 0.783333
v 57.376294 -57.108941 73.729002 0.783333 0.783333 0.783333
v 79.844104 -37.858113 70.764422 0.891667 0.891667 0.891667
v 76.125073 -43.918706 67.841117 0.891667 0.891667 0.891667
v 72.282318 -49.897950 66.866682 0.891667 0.891667 0.891667
v 68.315838 -55.795845 67.841117 0.891667 0.891667 0.891667
v 64.225634 -61.612392 70.764422 0.891667 0.891667 0.891667
v 86.743764 -42.394649 67.007219 1.000000 1.000000 1.000000
v 83.024733 -48.455242 64.083914 1.000000 1.000000 1.000000
v 79.181977 -54.434486 63.109479 1.000000 1.000000 1.000000
v 75.215498 -60.332381 64.083914 1.000000 1.000000 1.000000
v 71.125294 -66.148927 67.007219 1.000000 1.000000 1.000000
v -15.818661 15.246041 9.926402 0.000000 0.000000 0.000000
v -18.136640 13.885136 10.181180 0.000000 0.000000 0.000000
v -18.136640 11.407761 11.254778 0.000000 0.000000 0.000000
v -15.818661 10.291291 12.073598 0.000000 0.000000 0.000000
v -13.500682 11.652196 11.818820 0.000000 0.000000 0.000000
v -13.500682 14.129571 10.745222 0.000000 0.000000 0.000000
v -18.274292 22.403301 27.007952 0.058333 0.058333 0.058333
v -20.399106 21.155805 27.241498 0.058333 0.058333 0.058333
v -20.399106 18.884878 28.225629 0.058333 0.058333 0.058333
v -18.274292 17.861447 28.976215 0.058333 0.058333 0.058333
v -16.149478 19.108943 28.742668 0.058333 0.058333 0.058333
v -16.149478 21.379870 27.758537 0.058333 0.058333 0.058333
v -15.926402 20.915342 27.992083 0.050000 0.050000 0.050000
v -17.682854 22.270623 26.894944 0.050000 0.050000 0.050000
v -20.030744 21.487655 26.894944 0.050000 0.050000 0.050000
v -20.622181 19.349406 27.992083 0.050000 0.050000 0.050000
v -18.865730 17.994124 29.089223 0.050000 0.050000 0.050000
v -16.517840 18.777093 29.089223 0.050000 0.050000 0.050000
v -18.734192 28.623835 41.755586 0.116667 0.116667 0.116667
v -20.330966 29.855908 40.758187 0.116667 0.116667 0.116667
v -22.465411 29.144119 40.758187 0.116667 0.116667 0.116667
v -23.003082 27.200256 41.755586 0.116667 0.116667 0.116667
v -21.406308 25.968182 42.752986 0.116667 0.116667 0.116667
v -19.271863 26.679971 42.752986 0.116667 0.116667 0.116667
v -18.734192 28.623835 41.755586 0.100000 0.100000 0.100000
v -20.278063 29.697267 40.519987 0.100000 0.100000 0.100000
v -22.412508 28.985477 40.519987 0.100000 0.100000 0.100000
v -23.003082 27.200256 41.755586 0.100000 0.100000 0.100000
v -21.459211 26.126824 42.991186 0.100000 0.100000 0.100000
v -19.324766 26.838613 42.991186 0.100000 0.100000 0.100000
v -21.680696 36.748290 52.290510 0.175000 0.175000 0.175000
v -23.070180 37.714379 51.178470 0.175000 0.175000 0.175000
v -24.991181 37.073768 51.178470 0.175000 0.175000 0.175000
v -25.522697 35.467069 52.290510 0.175000 0.175000 0.175000
v -24.133214 34.500980 53.402550 0.175000 0.175000 0.175000
v -22.212213 35.141591 53.402550 0.175000 0.175000 0.175000
v -21.680696 36.748290 52.290510 0.150000 0.150000 0.150000
v -22.989047 37.471083 50.924342 0.150000 0.150000 0.150000
v -24.910047 36.830473 50.924342 0.150000 0.150000 0.150000
v -25.522697 35.467069 52.290510 0.150000 0.150000 0.150000
v -24.214347 34.744276 53.656678 0.150000 0.150000 0.150000
v -22.293347 35.384886 53.656678 0.150000 0.150000 0.150000
v -24.765915 45.288709 59.596854 0.233333 0.233333 0.233333
v -25.928893 45.931192 58.382482 0.233333 0.233333 0.233333
v -27.636449 45.361760 58.382482 0.233333 0.233333 0.233333
v -28.181027 44.149846 59.596854 0.233333 0.233333 0.233333
v -27.018049 43.507363 60.811225 0.233333 0.233333 0.233333
v -25.310493 44.076794 60.811225 0.233333 0.233333 0.233333
v -24.765915 45.288709 59.596854 0.200000 0.200000 0.200000
v -25.813925 45.586437 58.164013 0.200000 0.200000 0.200000
v -27.521481 45.017006 58.164013 0.200000 0.200000 0.200000
v -28.181027 44.149846 59.596854 0.200000 0.200000 0.200000
v -27.133017 43.852117 61.029694 0.200000 0.200000 0.200000
v -25.425461 44.421548 61.029694 0.200000 0.200000 0.200000
v -27.989848 54.245091 63.674618 0.291667 0.291667 0.291667
v -28.906857 54.505603 62.420882 0.291667 0.291667 0.291667
v -30.400968 54.007351 62.420882 0.291667 0.291667 0.291667
v -30.978071 53.248585 63.674618 0.291667 0.291667 0.291667
v -30.061062 52.988073 64.928353 0.291667 0.291667 0.291667
v -28.566951 53.486325 64.928353 0.291667 0.291667 0.291667
v -27.989848 54.245091 63.674618 0.250000 0.250000 0.250000
v -28.773579 54.105943 62.315563 0.250000 0.250000 0.250000
v -30.267691 53.607691 62.315563 0.250000 0.250000 0.250000
v -30.978071 53.248585 63.674618 0.250000 0.250000 0.250000
v -30.194340 53.387733 65.033672 0.250000 0.250000 0.250000
v -28.700228 53.885985 65.033672 0.250000 0.250000 0.250000
v -31.352495 63.617436 64.523802 0.350000 0.350000 0.350000
v -32.024265 63.498166 63.358898 0.350000 0.350000 0.350000
v -33.304932 63.071093 63.358898 0.350000 0.350000 0.350000
v -33.913829 62.763288 64.523802 0.350000 0.350000 0.350000
v -33.242060 62.882558 65.688705 0.350000 0.350000 0.350000
v -31.961393 63.309631 65.688705 0.350000 0.350000 0.350000
v -46.445057 58.584406 64.523802 0.350000 0.350000 0.350000
v -39.467871 60.673759 61.529330 0.350000 0.350000 0.350000
v -32.538177 62.905529 60.531173 0.350000 0.350000 0.350000
v -25.655976 65.279715 61.529330 0.350000 0.350000 0.350000
v -18.821267 67.796318 64.523802 0.350000 0.350000 0.350000
v -48.754517 65.509790 63.606339 0.458333 0.458333 0.458333
v -41.777331 67.599144 60.611868 0.458333 0.458333 0.458333
v -34.847637 69.830914 59.613710 0.458333 0.458333 0.458333
v -27.965436 72.205100 60.611868 0.458333 0.458333 0.458333
v -21.130727 74.721703 63.606339 0.458333 0.458333 0.458333
v -51.046544 72.382898 61.956090 0.566667 0.566667 0.566667
v -44.069358 74.472252 58.961618 0.566667 0.566667 0.566667
v -37.139664 76.704022 57.963461 0.566667 0.566667 0.566667
v -30.257463 79.078208 58.961618 0.566667 0.566667 0.566667
v -23.422754 81.594811 61.956090 0.566667 0.566667 0.566667
v -53.321138 79.203730 59.573054 0.675000 0.675000 0.675000
v -46.343951 81.293083 56.578582 0.675000 0.675000 0.675000
v -39.414257 83.524853 55.580425 0.675000 0.675000 0.675000
v -32.532056 85.899039 56.578582 0.675000 0.675000 0.675000
v -25.697348 88.415642 59.573054 0.675000 0.675000 0.675000
v -55.578298 85.972284 56.457231 0.783333 0.783333 0.783333
v -48.601112 88.061637 53.462760 0.783333 0.783333 0.783333
v -41.671418 90.293407 52.464603 0.783333 0.783333 0.783333
v -34.789217 92.667594 53.462760 0.783333 0.783333 0.783333
v -27.954509 95.184196 56.457231 0.783333 0.783333 0.783333
v -57.818026 92.688561 52.608622 0.891667 0.891667 0.891667
v -50.840839 94.777915 49.614151 0.891667 0.891667 0.891667
v -43.911146 97.009685 48.615994 0.891667 0.891667 0.891667
v -37.028944 99.383871 49.614151 0.891667 0.891667 0.891667
v -30.194236 101.900474 52.608622 0.891667 0.891667 0.891667
v -60.040320 99.352562 48.027227 1.000000 1.000000 1.000000
v -53.063134 101.441916 45.032755 1.000000 1.000000 1.000000
v -46.133440 103.673686 44.034598 1.000000 1.000000 1.000000
v -39.251239 106.047872 45.032755 1.000000 1.000000 1.000000
v -32.416530 108.564475 48.027227 1.000000 1.000000 1.000000
v -16.811686 3.549730 12.028878 0.000000 0.000000 0.000000
v -19.102881 2.479481 11.082837 0.000000 0.000000 0.000000
v -19.102881 -0.016798 10.053959 0.000000 0.000000 0.000000
v -16.811686 -1.442829 9.971122 0.000000 0.000000 0.000000
v -14.520491 -0.372580 10.917163 0.000000 0.000000 0.000000
v -14.520491 2.123699 11.946041 0.000000 0.000000 0.000000
v -21.373803 -5.190752 32.644716 0.058333 0.058333 0.058333
v -23.474065 -6.171813 31.777511 0.058333 0.058333 0.058333
v -23.474065 -8.460069 30.834373 0.058333 0.058333 0.058333
v -21.373803 -9.767264 30.758440 0.058333 0.058333 0.058333
v -19.273541 -8.786203 31.625644 0.058333 0.058333 0.058333
v -19.273541 -6.497947 32.568782 0.058333 0.058333 0.058333
v -23.556407 -6.312018 31.701578 0.050000 0.050000 0.050000
v -23.316424 -8.487722 30.546439 0.050000 0.050000 0.050000
v -21.133820 -9.654712 30.546439 0.050000 0.050000 0.050000
v -19.191199 -8.645998 31.701578 0.050000 0.050000 0.050000
v -19.431182 -6.470294 32.856717 0.050000 0.050000 0.050000
v -21.613786 -5.303304 32.856717 0.050000 0.050000 0.050000
v -28.311943 -15.683416 48.123590 0.116667 0.116667 0.116667
v -28.093777 -17.661329 47.073463 0.116667 0.116667 0.116667
v -26.109591 -18.722229 47.073463 0.116667 0.116667 0.116667
v -24.343573 -17.805216 48.123590 0.116667 0.116667 0.116667
v -24.561739 -15.827303 49.173716 0.116667 0.116667 0.116667
v -26.545924 -14.766403 49.173716 0.116667 0.116667 0.116667
v -28.311943 -15.683416 48.123590 0.100000 0.100000 0.100000
v -27.991392 -17.469840 46.793763 0.100000 0.100000 0.100000
v -26.007206 -18.530740 46.793763 0.100000 0.100000 0.100000
v -24.343573 -17.805216 48.123590 0.100000 0.100000 0.100000
v -24.664124 -16.018792 49.453416 0.100000 0.100000 0.100000
v -26.648309 -14.957892 49.453416 0.100000 0.100000 0.100000
v -33.459317 -25.787662 60.266035 0.175000 0.175000 0.175000
v -33.170821 -27.395443 59.069192 0.175000 0.175000 0.175000
v -31.385054 -28.350253 59.069192 0.175000 0.175000 0.175000
v -29.887784 -27.697282 60.266035 0.175000 0.175000 0.175000
v -30.176280 -26.089501 61.462879 0.175000 0.175000 0.175000
v -31.962047 -25.134691 61.462879 0.175000 0.175000 0.175000
v -33.459317 -25.787662 60.266035 0.150000 0.150000 0.150000
v -33.015203 -27.104394 58.793077 0.150000 0.150000 0.150000
v -31.229436 -28.059204 58.793077 0.150000 0.150000 0.150000
v -29.887784 -27.697282 60.266035 0.150000 0.150000 0.150000
v -30.331898 -26.380550 61.738993 0.150000 0.150000 0.150000
v -32.117664 -25.425740 61.738993 0.150000 0.150000 0.150000
v -38.998529 -36.624757 68.128915 0.233333 0.233333 0.233333
v -38.603761 -37.795185 66.819619 0.233333 0.233333 0.233333
v -37.016413 -38.643905 66.819619 0.233333 0.233333 0.233333
v -35.823833 -38.322197 68.128915 0.233333 0.233333 0.233333
v -36.218601 -37.151769 69.438211 0.233333 0.233333 0.233333
v -37.805949 -36.303049 69.438211 0.233333 0.233333 0.233333
v -38.998529 -36.624757 68.128915 0.200000 0.200000 0.200000
v -38.400175 -37.414421 66.626116 0.200000 0.200000 0.200000
v -36.812827 -38.263141 66.626116 0.200000 0.200000 0.200000
v -35.823833 -38.322197 68.128915 0.200000 0.200000 0.200000
v -36.422187 -37.532533 69.631713 0.200000 0.200000 0.200000
v -38.009535 -36.683813 69.631713 0.200000 0.200000 0.200000
v -44.929579 -48.194700 71.712228 0.291667 0.291667 0.291667
v -44.406019 -48.885656 70.397279 0.291667 0.291667 0.291667
v -43.017089 -49.628286 70.397279 0.291667 0.291667 0.291667
v -42.151720 -49.679960 71.712228 0.291667 0.291667 0.291667
v -42.675279 -48.989004 73.027177 0.291667 0.291667 0.291667
v -44.064209 -48.246374 73.027177 0.291667 0.291667 0.291667
v -44.929579 -48.194700 71.712228 0.250000 0.250000 0.250000
v -44.202779 -48.505539 70.349963 0.250000 0.250000 0.250000
v -42.813849 -49.248169 70.349963 0.250000 0.250000 0.250000
v -42.151720 -49.679960 71.712228 0.250000 0.250000 0.250000
v -42.878520 -49.369121 73.074493 0.250000 0.250000 0.250000
v -44.267449 -48.626492 73.074493 0.250000 0.250000 0.250000
v -51.252467 -60.497492 71.015975 0.350000 0.350000 0.350000
v -50.629495 -60.763925 69.848320 0.350000 0.350000 0.350000
v -49.438984 -61.400465 69.848320 0.350000 0.350000 0.350000
v -48.871444 -61.770572 71.015975 0.350000 0.350000 0.350000
v -49.494416 -61.504139 72.183631 0.350000 0.350000 0.350000
v -50.684927 -60.867599 72.183631 0.350000 0.350000 0.350000
v -38.144056 -67.506269 71.015975 0.350000 0.350000 0.350000
v -43.846404 -63.840232 68.282252 0.350000 0.350000 0.350000
v -49.719819 -60.494140 67.371011 0.350000 0.350000 0.350000
v -55.764303 -57.467995 68.282252 0.350000 0.350000 0.350000
v -61.979855 -54.761795 71.015975 0.350000 0.350000 0.350000
v -41.477668 -73.741073 69.237305 0.458333 0.458333 0.458333
v -47.180015 -70.075036 66.503582 0.458333 0.458333 0.458333
v -53.053431 -66.728944 65.592341 0.458333 0.458333 0.458333
v -59.097915 -63.702799 66.503582 0.458333 0.458333 0.458333
v -65.313467 -60.996599 69.237305 0.458333 0.458333 0.458333
v -44.744249 -79.850511 66.744522 0.566667 0.566667 0.566667
v -50.446597 -76.184474 64.010799 0.566667 0.566667 0.566667
v -56.320012 -72.838382 63.099558 0.566667 0.566667 0.566667
v -62.364496 -69.812237 64.010799 0.566667 0.566667 0.566667
v -68.580048 -67.106037 66.744522 0.566667 0.566667 0.566667
v -47.943799 -85.834583 63.537624 0.675000 0.675000 0.675000
v -53.646147 -82.168545 60.803901 0.675000 0.675000 0.675000
v -59.519563 -78.822454 59.892660 0.675000 0.675000 0.675000
v -65.564047 -75.796308 60.803901 0.675000 0.675000 0.675000
v -71.779599 -73.090109 63.537624 0.675000 0.675000 0.675000
v -51.076319 -91.693288 59.616612 0.783333 0.783333 0.783333
v -56.778667 -88.027251 56.882889 0.783333 0.783333 0.783333
v -62.652083 -84.681159 55.971648 0.783333 0.783333 0.783333
v -68.696567 -81.655014 56.882889 0.783333 0.783333 0.783333
v -74.912118 -78.948814 59.616612 0.783333 0.783333 0.783333
v -54.141808 -97.426627 54.981486 0.891667 0.891667 0.891667
v -59.844156 -93.760589 52.247763 0.891667 0.891667 0.891667
v -65.717572 -90.414498 51.336522 0.891667 0.891667 0.891667
v -71.762056 -87.388352 52.247763 0.891667 0.891667 0.891667
v -77.977608 -84.682153 54.981486 0.891667 0.891667 0.891667
v -57.140267 -103.034599 49.632245 1.000000 1.000000 1.000000
v -62.842615 -99.368562 46.898522 1.000000 1.000000 1.000000
v -68.716031 -96.022470 45.987281 1.000000 1.000000 1.000000
v -74.760514 -92.996325 46.898522 1.000000 1.000000 1.000000
v -80.976066 -90.290126 49.632245 1.000000 1.000000 1.000000
v -7.760049 11.497127 10.575408 0.000000 0.000000 0.000000
v -9.896519 10.313358 11.726141 0.000000 0.000000 0.000000
v -9.896519 7.646952 12.150732 0.000000 0.000000 0.000000
v -7.760049 6.164314 11.424592 0.000000 0.000000 0.000000
v -5.623578 7.348083 10.273859 0.000000 0.000000 0.000000
v -5.623578 10.014489 9.849268 0.000000 0.000000 0.000000
v 1.156080 14.427306 30.407524 0.058333 0.058333 0.058333
v -0.802352 13.342185 31.462361 0.058333 0.058333 0.058333
v -0.802352 10.897979 31.851570 0.058333 0.058333 0.058333
v 1.156080 9.538895 31.185942 0.058333 0.058333 0.058333
v 3.114511 10.624017 30.131104 0.058333 0.058333 0.058333
v 3.114511 13.068222 29.741895 0.058333 0.058333 0.058333
v 1.981092 9.649653 30.796733 0.050000 0.050000 0.050000
v 3.235568 11.405754 29.585112 0.050000 0.050000 0.050000
v 2.410556 13.739202 29.585112 0.050000 0.050000 0.050000
v 0.331067 14.316549 30.796733 0.050000 0.050000 0.050000
v -0.923409 12.560448 32.008353 0.050000 0.050000 0.050000
v -0.098396 10.227000 32.008353 0.050000 0.050000 0.050000
v 11.818801 13.366515 46.139755 0.116667 0.116667 0.116667
v 12.959234 14.962971 45.038282 0.116667 0.116667 0.116667
v 12.209223 17.084287 45.038282 0.116667 0.116667 0.116667
v 10.318779 17.609148 46.139755 0.116667 0.116667 0.116667
v 9.178346 16.012693 47.241228 0.116667 0.116667 0.116667
v 9.928357 13.891376 47.241228 0.116667 0.116667 0.116667
v 11.818801 13.366515 46.139755 0.100000 0.100000 0.100000
v 12.702821 14.872313 44.720748 0.100000 0.100000 0.100000
v 11.952809 16.993630 44.720748 0.100000 0.100000 0.100000
v 10.318779 17.609148 46.139755 0.100000 0.100000 0.100000
v 9.434760 16.103350 47.558762 0.100000 0.100000 0.100000
v 10.184771 13.982033 47.558762 0.100000 0.100000 0.100000
v 22.653093 17.435729 57.029067 0.175000 0.175000 0.175000
v 23.448710 18.790947 55.751960 0.175000 0.175000 0.175000
v 22.773700 20.700132 55.751960 0.175000 0.175000 0.175000
v 21.303072 21.254098 57.029067 0.175000 0.175000 0.175000
v 20.507455 19.898880 58.306174 0.175000 0.175000 0.175000
v 21.182465 17.989695 58.306174 0.175000 0.175000 0.175000
v 22.653093 17.435729 57.029067 0.150000 0.150000 0.150000
v 23.066333 18.655754 55.466571 0.150000 0.150000 0.150000
v 22.391323 20.564939 55.466571 0.150000 0.150000 0.150000
v 21.303072 21.254098 57.029067 0.150000 0.150000 0.150000
v 20.889832 20.034073 58.591563 0.150000 0.150000 0.150000
v 21.564842 18.124888 58.591563 0.150000 0.150000 0.150000
v 34.483966 21.857293 63.464669 0.233333 0.233333 0.233333
v 34.851291 22.941760 62.075783 0.233333 0.233333 0.233333
v 34.251282 24.638813 62.075783 0.233333 0.233333 0.233333
v 33.283948 25.251399 63.464669 0.233333 0.233333 0.233333
v 32.916623 24.166932 64.853555 0.233333 0.233333 0.233333
v 33.516632 22.469879 64.853555 0.233333 0.233333 0.233333
v 34.483966 21.857293 63.464669 0.200000 0.200000 0.200000
v 34.394605 22.780295 61.921917 0.200000 0.200000 0.200000
v 33.794597 24.477348 61.921917 0.200000 0.200000 0.200000
v 33.283948 25.251399 63.464669 0.200000 0.200000 0.200000
v 33.373308 24.328397 65.007420 0.200000 0.200000 0.200000
v 33.973317 22.631344 65.007420 0.200000 0.200000 0.200000
v 47.311421 26.631208 65.446560 0.291667 0.291667 0.291667
v 47.233231 27.438835 64.096653 0.291667 0.291667 0.291667
v 46.708223 28.923756 64.096653 0.291667 0.291667 0.291667
v 46.261405 29.601051 65.446560 0.291667 0.291667 0.291667
v 46.339596 28.793424 66.796468 0.291667 0.291667 0.291667
v 46.864604 27.308503 66.796468 0.291667 0.291667 0.291667
v 47.311421 26.631208 65.446560 0.250000 0.250000 0.250000
v 46.836266 27.298484 64.101348 0.250000 0.250000 0.250000
v 46.311258 28.783405 64.101348 0.250000 0.250000 0.250000
v 46.261405 29.601051 65.446560 0.250000 0.250000 0.250000
v 46.736561 28.933775 66.791772 0.250000 0.250000 0.250000
v 47.261569 27.448854 66.791772 0.250000 0.250000 0.250000
v 61.135458 31.757474 62.974742 0.350000 0.350000 0.350000
v 60.728182 32.329425 61.821703 0.350000 0.350000 0.350000
v 60.278176 33.602215 61.821703 0.350000 0.350000 0.350000
v 60.235445 34.303054 62.974742 0.350000 0.350000 0.350000
v 60.642721 33.731103 64.127781 0.350000 0.350000 0.350000
v 61.092728 32.458313 64.127781 0.350000 0.350000 0.350000
v 55.234460 48.447738 62.974742 0.350000 0.350000 0.350000
v 57.024807 40.408370 59.751137 0.350000 0.350000 0.350000
v 59.438586 32.589423 58.676602 0.350000 0.350000 0.350000
v 62.475798 24.990896 59.751137 0.350000 0.350000 0.350000
v 66.136443 17.612790 62.974742 0.350000 0.350000 0.350000
v 62.826018 51.131804 60.049575 0.458333 0.458333 0.458333
v 64.616364 43.092436 56.825970 0.458333 0.458333 0.458333
v 67.030143 35.273488 55.751435 0.458333 0.458333 0.458333
v 70.067355 27.674962 56.825970 0.458333 0.458333 0.458333
v 73.728000 20.296855 60.049575 0.458333 0.458333 0.458333
v 70.180339 53.731992 56.306619 0.566667 0.566667 0.566667
v 71.970685 45.692625 53.083015 0.566667 0.566667 0.566667
v 74.384464 37.873677 52.008480 0.566667 0.566667 0.566667
v 77.421677 30.275150 53.083015 0.566667 0.566667 0.566667
v 81.082322 22.897044 56.306619 0.566667 0.566667 0.566667
v 77.297424 56.248304 51.745874 0.675000 0.675000 0.675000
v 79.087771 48.208936 48.522270 0.675000 0.675000 0.675000
v 81.501550 40.389989 47.447735 0.675000 0.675000 0.675000
v 84.538762 32.791462 48.522270 0.675000 0.675000 0.675000
v 88.199407 25.413356 51.745874 0.675000 0.675000 0.675000
v 84.177274 58.680739 46.367340 0.783333 0.783333 0.783333
v 85.967620 50.641371 43.143736 0.783333 0.783333 0.783333
v 88.381399 42.822424 42.069201 0.783333 0.783333 0.783333
v 91.418611 35.223897 43.143736 0.783333 0.783333 0.783333
v 95.079257 27.845791 46.367340 0.783333 0.783333 0.783333
v 90.819887 61.029297 40.171017 0.891667 0.891667 0.891667
v 92.610234 52.989929 36.947412 0.891667 0.891667 0.891667
v 95.024013 45.170981 35.872878 0.891667 0.891667 0.891667
v 98.061225 37.572455 36.947412 0.891667 0.891667 0.891667
v 101.721870 30.194348 40.171017 0.891667 0.891667 0.891667
v 97.225265 63.293977 33.156905 1.000000 1.000000 1.000000
v 99.015611 55.254610 29.933300 1.000000 1.000000 1.000000
v 101.429390 47.435662 28.858765 1.000000 1.000000 1.000000
v 104.466602 39.837135 29.933300 1.000000 1.000000 1.000000
v 108.127247 32.459029 33.156905 1.000000 1.000000 1.000000
v -18.583601 11.728247 11.000000 0.000000 0.000000 0.000000
v -21.049462 11.329695 9.974971 0.000000 0.000000 0.000000
v -22.127550 8.854270 9.974971 0.000000 0.000000 0.000000
v -20.739776 6.777398 11.000000 0.000000 0.000000 0.000000
v -18.273915 7.175950 12.025029 0.000000 0.000000 0.000000
v -17.195828 9.651374 12.025029 0.000000 0.000000 0.000000
v -25.096738 14.319411 25.364494 0.058333 0.058333 0.058333
v -27.357110 13.954071 24.424884 0.058333 0.058333 0.058333
v -28.345357 11.684932 24.424884 0.058333 0.058333 0.058333
v -27.073231 9.781132 25.364494 0.058333 0.058333 0.058333
v -24.812859 10.146472 26.304104 0.058333 0.058333 0.058333
v -23.824612 12.415611 26.304104 0.058333 0.058333 0.058333
v -25.096738 14.319411 25.364494 0.050000 0.050000 0.050000
v -27.176263 13.875310 24.098014 0.050000 0.050000 0.050000
v -28.164510 11.606170 24.098014 0.050000 0.050000 0.050000
v -27.073231 9.781132 25.364494 0.050000 0.050000 0.050000
v -24.993705 10.225233 26.630974 0.050000 0.050000 0.050000
v -24.005459 12.494373 26.630974 0.050000 0.050000 0.050000
v -32.471959 17.286027 36.214291 0.116667 0.116667 0.116667
v -34.362437 16.882298 35.062946 0.116667 0.116667 0.116667
v -35.260843 14.819444 35.062946 0.116667 0.116667 0.116667
v -34.268772 13.160319 36.214291 0.116667 0.116667 0.116667
v -32.378293 13.564047 37.365637 0.116667 0.116667 0.116667
v -31.479887 15.626901 37.365637 0.116667 0.116667 0.116667
v -32.471959 17.286027 36.214291 0.100000 0.100000 0.100000
v -34.058386 16.749879 34.711529 0.100000 0.100000 0.100000
v -34.956792 14.687025 34.711529 0.100000 0.100000 0.100000
v -34.268772 13.160319 36.214291 0.100000 0.100000 0.100000
v -32.682345 13.696466 37.717054 0.100000 0.100000 0.100000
v -31.783939 15.759320 37.717054 0.100000 0.100000 0.100000
v -40.709266 20.628095 43.549393 0.175000 0.175000 0.175000
v -42.137050 20.145562 42.196906 0.175000 0.175000 0.175000
v -42.945615 18.288993 42.196906 0.175000 0.175000 0.175000
v -42.326397 16.914958 43.549393 0.175000 0.175000 0.175000
v -40.898613 17.397490 44.901879 0.175000 0.175000 0.175000
v -40.090047 19.254059 44.901879 0.175000 0.175000 0.175000
v -40.709266 20.628095 43.549393 0.150000 0.150000 0.150000
v -41.696147 19.953541 41.914869 0.150000 0.150000 0.150000
v -42.504713 18.096973 41.914869 0.150000 0.150000 0.150000
v -42.326397 16.914958 43.549393 0.150000 0.150000 0.150000
v -41.339516 17.589511 45.183916 0.150000 0.150000 0.150000
v -40.530950 19.446079 45.183916 0.150000 0.150000 0.150000
v -49.808657 24.345615 47.369797 0.233333 0.233333 0.233333
v -50.685885 23.746012 45.916887 0.233333 0.233333 0.233333
v -51.404610 22.095729 45.916887 0.233333 0.233333 0.233333
v -51.246107 21.045048 47.369797 0.233333 0.233333 0.233333
v -50.368880 21.644651 48.822707 0.233333 0.233333 0.233333
v -49.650155 23.294934 48.822707 0.233333 0.233333 0.233333
v -49.808657 24.345615 47.369797 0.200000 0.200000 0.200000
v -50.208582 23.538138 45.811579 0.200000 0.200000 0.200000
v -50.927307 21.887855 45.811579 0.200000 0.200000 0.200000
v -51.246107 21.045048 47.369797 0.200000 0.200000 0.200000
v -50.846183 21.852524 48.928015 0.200000 0.200000 0.200000
v -50.127458 23.502808 48.928015 0.200000 0.200000 0.200000
v -59.770134 28.438587 47.675505 0.291667 0.291667 0.291667
v -60.120068 27.732045 46.312065 0.291667 0.291667 0.291667
v -60.748953 26.288047 46.312065 0.291667 0.291667 0.291667
v -61.027903 25.550591 47.675505 0.291667 0.291667 0.291667
v -60.677969 26.257133 49.038946 0.291667 0.291667 0.291667
v -60.049085 27.701130 49.038946 0.291667 0.291667 0.291667
v -59.770134 28.438587 47.675505 0.250000 0.250000 0.250000
v -59.754001 27.572617 46.360036 0.250000 0.250000 0.250000
v -60.382885 26.128619 46.360036 0.250000 0.250000 0.250000
v -61.027903 25.550591 47.675505 0.250000 0.250000 0.250000
v -61.044036 26.416561 48.990975 0.250000 0.250000 0.250000
v -60.415152 27.860559 48.990975 0.250000 0.250000 0.250000
v -70.593696 32.907011 44.466517 0.350000 0.350000 0.350000
v -70.579868 32.164751 43.338972 0.350000 0.350000 0.350000
v -71.118912 30.927038 43.338972 0.350000 0.350000 0.350000
v -71.671784 30.431586 44.466517 0.350000 0.350000 0.350000
v -71.685612 31.173846 45.594063 0.350000 0.350000 0.350000
v -71.146569 32.411558 45.594063 0.350000 0.350000 0.350000
v -76.607611 19.098304 44.466517 0.350000 0.350000 0.350000
v -72.891075 24.957387 41.847920 0.350000 0.350000 0.350000
v -69.827273 31.100746 40.975054 0.350000 0.350000 0.350000
v -67.416204 37.528381 41.847920 0.350000 0.350000 0.350000
v -65.657869 44.240292 44.466517 0.350000 0.350000 0.350000
v -82.471151 21.651971 41.477561 0.458333 0.458333 0.458333
v -78.754615 27.511054 38.858964 0.458333 0.458333 0.458333
v -75.690812 33.654412 37.986098 0.458333 0.458333 0.458333
v -73.279744 40.082047 38.858964 0.458333 0.458333 0.458333
v -71.521408 46.793958 41.477561 0.458333 0.458333 0.458333
v -88.090584 24.099325 37.835743 0.566667 0.566667 0.566667
v -84.374048 29.958407 35.217146 0.566667 0.566667 0.566667
v -81.310245 36.101766 34.344280 0.566667 0.566667 0.566667
v -78.899176 42.529401 35.217146 0.566667 0.566667 0.566667
v -77.140841 49.241312 37.835743 0.566667 0.566667 0.566667
v -93.465910 26.440366 33.541063 0.675000 0.675000 0.675000
v -89.749374 32.299449 30.922466 0.675000 0.675000 0.675000
v -86.685571 38.442808 30.049600 0.675000 0.675000 0.675000
v -84.274502 44.870443 30.922466 0.675000 0.675000 0.675000
v -82.516167 51.582354 33.541063 0.675000 0.675000 0.675000
v -98.597129 28.675095 28.593522 0.783333 0.783333 0.783333
v -94.880593 34.534178 25.974924 0.783333 0.783333 0.783333
v -91.816790 40.677537 25.102059 0.783333 0.783333 0.783333
v -89.405722 47.105172 25.974924 0.783333 0.783333 0.783333
v -87.647386 53.817083 28.593522 0.783333 0.783333 0.783333
v -103.484242 30.803512 22.993119 0.891667 0.891667 0.891667
v -99.767706 36.662595 20.374521 0.891667 0.891667 0.891667
v -96.703903 42.805954 19.501656 0.891667 0.891667 0.891667
v -94.292834 49.233589 20.374521 0.891667 0.891667 0.891667
v -92.534499 55.945500 22.993119 0.891667 0.891667 0.891667
v -108.127247 32.825616 16.739854 1.000000 1.000000 1.000000
v -104.410711 38.684699 14.121256 1.000000 1.000000 1.000000
v -101.346909 44.828058 13.248391 1.000000 1.000000 1.000000
v -98.935840 51.255693 14.121256 1.000000 1.000000 1.000000
v -97.177505 57.967604 16.739854 1.000000 1.000000 1.000000
v -13.933454 -0.247467 11.000000 0.000000 0.000000 0.000000
v -11.904438 -1.692697 9.958654 0.000000 0.000000 0.000000
v -9.396188 -0.693355 9.958654 0.000000 0.000000 0.000000
v -8.916955 1.751217 11.000000 0.000000 0.000000 0.000000
v -10.945972 3.196448 12.041346 0.000000 0.000000 0.000000
v -13.454221 2.197106 12.041346 0.000000 0.000000 0.000000
v -10.274161 -8.824029 29.741247 0.058333 0.058333 0.058333
v -8.414229 -10.148824 28.786680 0.058333 0.058333 0.058333
v -6.115000 -9.232760 28.786680 0.058333 0.058333 0.058333
v -5.675704 -6.991902 29.741247 0.058333 0.058333 0.058333
v -7.535635 -5.667108 30.695815 0.058333 0.058333 0.058333
v -9.834864 -6.583171 30.695815 0.058333 0.058333 0.058333
v -10.274161 -8.824029 29.741247 0.050000 0.050000 0.050000
v -8.499390 -9.935078 28.421632 0.050000 0.050000 0.050000
v -6.200162 -9.019014 28.421632 0.050000 0.050000 0.050000
v -5.675704 -6.991902 29.741247 0.050000 0.050000 0.050000
v -7.450474 -5.880854 31.060863 0.050000 0.050000 0.050000
v -9.749703 -6.796917 31.060863 0.050000 0.050000 0.050000
v -6.086027 -18.727930 43.501505 0.116667 0.116667 0.116667
v -4.472599 -19.737974 42.301854 0.116667 0.116667 0.116667
v -2.382391 -18.905189 42.301854 0.116667 0.116667 0.116667
v -1.905611 -17.062360 43.501505 0.116667 0.116667 0.116667
v -3.519039 -16.052316 44.701155 0.116667 0.116667 0.116667
v -5.609247 -16.885101 44.701155 0.116667 0.116667 0.116667
v -6.086027 -18.727930 43.501505 0.100000 0.100000 0.100000
v -4.619197 -19.370027 41.920801 0.100000 0.100000 0.100000
v -2.528989 -18.537242 41.920801 0.100000 0.100000 0.100000
v -1.905611 -17.062360 43.501505 0.100000 0.100000 0.100000
v -3.372441 -16.420263 45.082208 0.100000 0.100000 0.100000
v -5.462649 -17.253048 45.082208 0.100000 0.100000 0.100000
v -1.369052 -29.959169 52.280772 0.175000 0.175000 0.175000
v -0.048905 -30.537056 50.858139 0.175000 0.175000 0.175000
v 1.832282 -29.787550 50.858139 0.175000 0.175000 0.175000
v 2.393322 -28.460156 52.280772 0.175000 0.175000 0.175000
v 1.073176 -27.882269 53.703405 0.175000 0.175000 0.175000
v -0.808011 -28.631775 53.703405 0.175000 0.175000 0.175000
v -1.369052 -29.959169 52.280772 0.150000 0.150000 0.150000
v -0.253957 -30.022397 50.591633 0.150000 0.150000 0.150000
v 1.627230 -29.272890 50.591633 0.150000 0.150000 0.150000
v 2.393322 -28.460156 52.280772 0.150000 0.150000 0.150000
v 1.278227 -28.396928 53.969911 0.150000 0.150000 0.150000
v -0.602960 -29.146435 53.969911 0.150000 0.150000 0.150000
v 3.876764 -42.517746 56.079050 0.233333 0.233333 0.233333
v 4.867959 -42.573948 54.577593 0.233333 0.233333 0.233333
v 6.540126 -41.907720 54.577593 0.233333 0.233333 0.233333
v 7.221096 -41.185290 56.079050 0.233333 0.233333 0.233333
v 6.229901 -41.129088 57.580506 0.233333 0.233333 0.233333
v 4.557735 -41.795316 57.580506 0.233333 0.233333 0.233333
v 3.876764 -42.517746 56.079050 0.200000 0.200000 0.200000
v 4.667606 -42.071082 54.525003 0.200000 0.200000 0.200000
v 6.339773 -41.404854 54.525003 0.200000 0.200000 0.200000
v 7.221096 -41.185290 56.079050 0.200000 0.200000 0.200000
v 6.430254 -41.631954 57.633096 0.200000 0.200000 0.200000
v 4.758088 -42.298182 57.633096 0.200000 0.200000 0.200000
v 9.651421 -56.403661 54.896337 0.291667 0.291667 0.291667
v 10.343408 -56.012831 53.536547 0.291667 0.291667 0.291667
v 11.806553 -55.429881 53.536547 0.291667 0.291667 0.291667
v 12.577712 -55.237762 54.896337 0.291667 0.291667 0.291667
v 11.885724 -55.628593 56.256128 0.291667 0.291667 0.291667
v 10.422579 -56.211542 56.256128 0.291667 0.291667 0.291667
v 9.651421 -56.403661 54.896337 0.250000 0.250000 0.250000
v 10.206006 -55.667967 53.618913 0.250000 0.250000 0.250000
v 11.669152 -55.085017 53.618913 0.250000 0.250000 0.250000
v 12.577712 -55.237762 54.896337 0.250000 0.250000 0.250000
v 12.023126 -55.973457 56.173761 0.250000 0.250000 0.250000
v 10.559980 -56.556406 56.173761 0.250000 0.250000 0.250000
v 15.954918 -71.616915 48.732635 0.350000 0.350000 0.350000
v 16.430277 -70.986319 47.637699 0.350000 0.350000 0.350000
v 17.684402 -70.486648 47.637699 0.350000 0.350000 0.350000
v 18.463168 -70.617572 48.732635 0.350000 0.350000 0.350000
v 17.987808 -71.248168 49.827570 0.350000 0.350000 0.350000
v 16.733684 -71.747839 49.827570 0.350000 0.350000 0.350000
v 30.928537 -65.651093 48.732635 0.350000 0.350000 0.350000
v 23.561604 -67.111183 46.012307 0.350000 0.350000 0.350000
v 16.532795 -69.419929 45.105532 0.350000 0.350000 0.350000
v 9.842110 -72.577333 46.012307 0.350000 0.350000 0.350000
v 3.489549 -76.583394 48.732635 0.350000 0.350000 0.350000
v 33.367244 -71.772007 44.989947 0.458333 0.458333 0.458333
v 26.000312 -73.232096 42.269620 0.458333 0.458333 0.458333
v 18.971503 -75.540843 41.362844 0.458333 0.458333 0.458333
v 12.280817 -78.698246 42.269620 0.458333 0.458333 0.458333
v 5.928256 -82.704307 44.989947 0.458333 0.458333 0.458333
v 35.679933 -77.576627 40.571352 0.566667 0.566667 0.566667
v 28.313001 -79.036717 37.851024 0.566667 0.566667 0.566667
v 21.284192 -81.345463 36.944249 0.566667 0.566667 0.566667
v 14.593507 -84.502867 37.851024 0.566667 0.566667 0.566667
v 8.240945 -88.508927 40.571352 0.566667 0.566667 0.566667
v 37.866604 -83.064954 35.476848 0.675000 0.675000 0.675000
v 30.499672 -84.525043 32.756521 0.675000 0.675000 0.675000
v 23.470863 -86.833790 31.849745 0.675000 0.675000 0.675000
v 16.780178 -89.991193 32.756521 0.675000 0.675000 0.675000
v 10.427616 -93.997254 35.476848 0.675000 0.675000 0.675000
v 39.927257 -88.236988 29.706436 0.783333 0.783333 0.783333
v 32.560324 -89.697077 26.986109 0.783333 0.783333 0.783333
v 25.531515 -92.005823 26.079333 0.783333 0.783333 0.783333
v 18.840830 -95.163227 26.986109 0.783333 0.783333 0.783333
v 12.488269 -99.169288 29.706436 0.783333 0.783333 0.783333
v 41.861891 -93.092728 23.260116 0.891667 0.891667 0.891667
v 34.494959 -94.552817 20.539789 0.891667 0.891667 0.891667
v 27.466150 -96.861564 19.633013 0.891667 0.891667 0.891667
v 20.775464 -100.018967 20.539789 0.891667 0.891667 0.891667
v 14.422903 -104.025028 23.260116 0.891667 0.891667 0.891667
v 43.670507 -97.632175 16.137888 1.000000 1.000000 1.000000
v 36.303575 -99.092264 13.417561 1.000000 1.000000 1.000000
v 29.274766 -101.401010 12.510785 1.000000 1.000000 1.000000
v 22.584081 -104.558414 13.417561 1.000000 1.000000 1.000000
v 16.231519 -108.564475 16.137888 1.000000 1.000000 1.000000
vt 0.066974 0.000000
vt 0.121697 0.000000
vt 0.106374 0.100000
vt 0.066974 0.100000
vt 0.121697 0.000000
vt 0.169820 0.000000
vt 0.141023 0.100000
vt 0.106374 0.100000
vt -0.015373 0.000000
vt -0.057940 0.000000
vt -0.080340 0.100000
vt -0.049692 0.100000
vt -0.057940 0.000000
vt -0.110156 0.000000
vt -0.117936 0.100000
vt -0.080340 0.100000
vt -0.110156 0.000000
vt -0.165724 0.000000
vt -0.157944 0.100000
vt -0.117936 0.100000
vt -0.165724 0.000000
vt -0.217940 0.000000
vt -0.195540 0.100000
vt -0.157944 0.100000
vt -0.217940 0.000000
vt -0.260507 0.000000
vt -0.226188 0.100000
vt -0.195540 0.100000
vt 0.169820 0.000000
vt 0.121697 0.000000
vt 0.106374 0.100000
vt 0.141023 0.100000
vt 0.121697 0.000000
vt 0.066974 0.000000
vt 0.066974 0.100000
vt 0.106374 0.100000
vt 0.066974 0.000000
vt 0.012250 0.000000
vt 0.027573 0.100000
vt 0.066974 0.100000
vt 0.012250 0.000000
vt -0.035872 0.000000
vt -0.007076 0.100000
vt 0.027573 0.100000
vt -0.260507 0.000000
vt -0.217940 0.000000
vt -0.195540 0.100000
vt -0.226188 0.100000
vt -0.217940 0.000000
vt -0.165724 0.000000
vt -0.157944 0.100000
vt -0.195540 0.100000
vt -0.165724 0.000000
vt -0.110156 0.000000
vt -0.117936 0.100000
vt -0.157944 0.100000
vt -0.110156 0.000000
vt -0.057940 0.000000
vt -0.080340 0.100000
vt -0.117936 0.100000
vt -0.057940 0.000000
vt -0.015373 0.000000
vt -0.049692 0.100000
vt -0.080340 0.100000
vt -0.035872 0.000000
vt 0.012250 0.000000
vt 0.027573 0.100000
vt -0.007076 0.100000
vt 0.012250 0.000000
vt 0.066974 0.000000
vt 0.066974 0.100000
vt 0.027573 0.100000
vt -0.137940 0.066974
vt -0.022740 0.066974
vt -0.029688 0.106374
vt -0.137940 0.066974
vt -0.029688 0.106374
vt -0.049692 0.141023
vt -0.137940 0.066974
vt -0.049692 0.141023
vt -0.080340 0.166740
vt -0.137940 0.066974
vt -0.080340 0.166740
vt -0.117936 0.180423
vt -0.137940 0.066974
vt -0.117936 0.180423
vt -0.157944 0.180423
vt -0.137940 0.066974
vt -0.157944 0.180423
vt -0.195540 0.166740
vt -0.137940 0.066974
vt -0.195540 0.166740
vt -0.226188 0.141023
vt -0.137940 0.066974
vt -0.226188 0.141023
vt -0.246193 0.106374
vt -0.137940 0.066974
vt -0.246193 0.106374
vt -0.253140 0.066974
vt -0.137940 0.066974
vt -0.253140 0.066974
vt -0.246193 0.027573
vt -0.137940 0.066974
vt -0.246193 0.027573
vt -0.226188 -0.007076
vt -0.137940 0.066974
vt -0.226188 -0.007076
vt -0.195540 -0.032793
vt -0.137940 0.066974
vt -0.195540 -0.032793
vt -0.157944 -0.046476
vt -0.137940 0.066974
vt -0.157944 -0.046476
vt -0.117936 -0.046476
vt -0.137940 0.066974
vt -0.117936 -0.046476
vt -0.080340 -0.032793
vt -0.137940 0.066974
vt -0.080340 -0.032793
vt -0.049692 -0.007076
vt -0.137940 0.066974
vt -0.049692 -0.007076
vt -0.029688 0.027573
vt -0.137940 0.066974
vt -0.029688 0.027573
vt -0.022740 0.066974
vt -0.137940 0.066974
vt 0.012411 0.121697
vt 0.022060 0.066974
vt -0.137940 0.066974
vt -0.015373 0.169820
vt 0.012411 0.121697
vt -0.137940 0.066974
vt -0.057940 0.205538
vt -0.015373 0.169820
vt -0.137940 0.066974
vt -0.110156 0.224543
vt -0.057940 0.205538
vt -0.137940 0.066974
vt -0.165724 0.224543
vt -0.110156 0.224543
vt -0.137940 0.066974
vt -0.217940 0.205538
vt -0.165724 0.224543
vt -0.137940 0.066974
vt -0.260507 0.169820
vt -0.217940 0.205538
vt -0.137940 0.066974
vt -0.288291 0.121697
vt -0.260507 0.169820
vt -0.137940 0.066974
vt -0.297940 0.066974
vt -0.288291 0.121697
vt -0.137940 0.066974
vt -0.288291 0.012250
vt -0.297940 0.066974
vt -0.137940 0.066974
vt -0.260507 -0.035872
vt -0.288291 0.012250
vt -0.137940 0.066974
vt -0.217940 -0.071591
vt -0.260507 -0.035872
vt -0.137940 0.066974
vt -0.165724 -0.090596
vt -0.217940 -0.071591
vt -0.137940 0.066974
vt -0.110156 -0.090596
vt -0.165724 -0.090596
vt -0.137940 0.066974
vt -0.057940 -0.071591
vt -0.110156 -0.090596
vt -0.137940 0.066974
vt -0.015373 -0.035872
vt -0.057940 -0.071591
vt -0.137940 0.066974
vt 0.012411 0.012250
vt -0.015373 -0.035872
vt -0.137940 0.066974
vt 0.022060 0.066974
vt 0.012411 0.012250
vt -0.074034 0.109427
vt -0.095811 0.118229
vt -0.005938 0.342647
vt 0.014024 0.334579
vt 0.084117 0.118229
vt 0.057123 0.118801
vt 0.063009 0.343172
vt 0.087753 0.342647
vt -0.095811 0.118801
vt -0.074034 0.110573
vt 0.014024 0.335629
vt -0.005938 0.343172
vt -0.074034 0.110573
vt -0.052258 0.101771
vt 0.033986 0.327561
vt 0.014024 0.335629
vt 0.056762 0.101771
vt 0.083756 0.101199
vt 0.087422 0.327036
vt 0.062678 0.327561
vt -0.052258 0.101199
vt -0.074034 0.109427
vt 0.014024 0.334579
vt 0.033986 0.327036
vt 0.014024 0.334623
vt -0.006155 0.342088
vt 0.066298 0.538626
vt 0.084642 0.531839
vt 0.087728 0.342088
vt 0.062983 0.342569
vt 0.067925 0.539063
vt 0.090421 0.538626
vt -0.006155 0.342569
vt 0.014024 0.335584
vt 0.084642 0.532713
vt 0.066298 0.539063
vt 0.014024 0.335584
vt 0.034203 0.328119
vt 0.102987 0.525927
vt 0.084642 0.532713
vt 0.062702 0.328119
vt 0.087448 0.327639
vt 0.090166 0.525490
vt 0.067670 0.525927
vt 0.034203 0.327639
vt 0.014024 0.334623
vt 0.084642 0.531839
vt 0.102987 0.525490
vt 0.084642 0.531893
vt 0.066053 0.537924
vt 0.121091 0.706601
vt 0.137822 0.701173
vt 0.090393 0.537924
vt 0.067897 0.538308
vt 0.071896 0.706946
vt 0.092143 0.706601
vt 0.066053 0.538308
vt 0.084642 0.532660
vt 0.137822 0.701863
vt 0.121091 0.706946
vt 0.084642 0.532660
vt 0.103232 0.526628
vt 0.154552 0.696435
vt 0.137822 0.701863
vt 0.067697 0.526628
vt 0.090194 0.526245
vt 0.091964 0.696090
vt 0.071716 0.696435
vt 0.103232 0.526245
vt 0.084642 0.531893
vt 0.137822 0.701173
vt 0.154552 0.696090
vt 0.137822 0.701240
vt 0.120820 0.705678
vt 0.158448 0.846526
vt 0.173561 0.842581
vt 0.092113 0.705678
vt 0.071864 0.705956
vt 0.074921 0.846773
vt 0.092919 0.846526
vt 0.120820 0.705956
vt 0.137822 0.701796
vt 0.173561 0.843075
vt 0.158448 0.846773
vt 0.137822 0.701796
vt 0.154823 0.697357
vt 0.188674 0.839130
vt 0.173561 0.843075
vt 0.071747 0.697357
vt 0.091995 0.697080
vt 0.092815 0.838883
vt 0.074816 0.839130
vt 0.154823 0.697080
vt 0.137822 0.701240
vt 0.173561 0.842581
vt 0.188674 0.838883
vt 0.173561 0.842670
vt 0.158172 0.845233
vt 0.178395 0.958311
vt 0.191861 0.956069
vt 0.092889 0.845233
vt 0.074890 0.845391
vt 0.077005 0.958449
vt 0.092754 0.958311
vt 0.158172 0.845391
vt 0.173561 0.842986
vt 0.191861 0.956345
vt 0.178395 0.958449
vt 0.173561 0.842986
vt 0.188950 0.840423
vt 0.205327 0.954103
vt 0.191861 0.956345
vt 0.074846 0.840423
vt 0.092846 0.840265
vt 0.092716 0.953965
vt 0.076967 0.954103
vt 0.188950 0.840265
vt 0.173561 0.842670
vt 0.191861 0.956069
vt 0.205327 0.953965
vt 0.191861 0.956198
vt 0.178222 0.956340
vt 0.181031 1.041769
vt 0.192722 1.041648
vt 0.092735 0.956340
vt 0.076985 0.956349
vt 0.078157 1.041776
vt 0.091657 1.041769
vt 0.178222 0.956349
vt 0.191861 0.956216
vt 0.192722 1.041662
vt 0.181031 1.041776
vt 0.191861 0.956216
vt 0.205500 0.956074
vt 0.204412 1.041541
vt 0.192722 1.041662
vt 0.076985 0.956074
vt 0.092735 0.956065
vt 0.091657 1.041533
vt 0.078157 1.041541
vt 0.205500 0.956065
vt 0.191861 0.956198
vt 0.192722 1.041648
vt 0.204412 1.041533
vt 0.000000 0.000000
vt 0.000000 0.083333
vt 0.125000 0.083333
vt 0.125000 0.000000
vt 0.125000 0.000000
vt 0.125000 0.083333
vt 0.250000 0.083333
vt 0.250000 0.000000
vt 0.250000 0.000000
vt 0.250000 0.083333
vt 0.375000 0.083333
vt 0.375000 0.000000
vt 0.375000 0.000000
vt 0.375000 0.083333
vt 0.500000 0.083333
vt 0.500000 0.000000
vt 0.000000 0.083333
vt 0.000000 0.166667
vt 0.125000 0.166667
vt 0.125000 0.083333
vt 0.125000 0.083333
vt 0.125000 0.166667
vt 0.250000 0.166667
vt 0.250000 0.083333
vt 0.250000 0.083333
vt 0.250000 0.166667
vt 0.375000 0.166667
vt 0.375000 0.083333
vt 0.375000 0.083333
vt 0.375000 0.166667
vt 0.500000 0.166667
vt 0.500000 0.083333
vt 0.000000 0.166667
vt 0.000000 0.250000
vt 0.125000 0.250000
vt 0.125000 0.166667
vt 0.125000 0.166667
vt 0.125000 0.250000
vt 0.250000 0.250000
vt 0.250000 0.166667
vt 0.250000 0.166667
vt 0.250000 0.250000
vt 0.375000 0.250000
vt 0.375000 0.166667
vt 0.375000 0.166667
vt 0.375000 0.250000
vt 0.500000 0.250000
vt 0.500000 0.166667
vt 0.000000 0.250000
vt 0.000000 0.333333
vt 0.125000 0.333333
vt 0.125000 0.250000
vt 0.125000 0.250000
vt 0.125000 0.333333
vt 0.250000 0.333333
vt 0.250000 0.250000
vt 0.250000 0.250000
vt 0.250000 0.333333
vt 0.375000 0.333333
vt 0.375000 0.250000
vt 0.375000 0.250000
vt 0.375000 0.333333
vt 0.500000 0.333333
vt 0.500000 0.250000
vt 0.000000 0.333333
vt 0.000000 0.416667
vt 0.125000 0.416667
vt 0.125000 0.333333
vt 0.125000 0.333333
vt 0.125000 0.416667
vt 0.250000 0.416667
vt 0.250000 0.333333
vt 0.250000 0.333333
vt 0.250000 0.416667
vt 0.375000 0.416667
vt 0.375000 0.333333
vt 0.375000 0.333333
vt 0.375000 0.416667
vt 0.500000 0.416667
vt 0.500000 0.333333
vt 0.000000 0.416667
vt 0.000000 0.500000
vt 0.125000 0.500000
vt 0.125000 0.416667
vt 0.125000 0.416667
vt 0.125000 0.500000
vt 0.250000 0.500000
vt 0.250000 0.416667
vt 0.250000 0.416667
vt 0.250000 0.500000
vt 0.375000 0.500000
vt 0.375000 0.416667
vt 0.375000 0.416667
vt 0.375000 0.500000
vt 0.500000 0.500000
vt 0.500000 0.416667
vt -0.185725 0.103016
vt -0.208181 0.100210
vt -0.271233 0.317039
vt -0.250648 0.319611
vt 0.120902 0.100210
vt 0.094821 0.107195
vt 0.153893 0.323441
vt 0.177800 0.317039
vt -0.208181 0.107195
vt -0.185725 0.116984
vt -0.250648 0.332415
vt -0.271233 0.323441
vt -0.185725 0.116984
vt -0.163270 0.119790
vt -0.230064 0.334986
vt -0.250648 0.332415
vt 0.098194 0.119790
vt 0.124275 0.112805
vt 0.180892 0.328584
vt 0.156984 0.334986
vt -0.163270 0.112805
vt -0.185725 0.103016
vt -0.250648 0.319611
vt -0.230064 0.328584
vt -0.250648 0.319715
vt -0.271259 0.317171
vt -0.324830 0.505729
vt -0.306094 0.508042
vt 0.177862 0.317171
vt 0.153927 0.323469
vt 0.204551 0.511454
vt 0.226310 0.505729
vt -0.271259 0.323469
vt -0.250648 0.332310
vt -0.306094 0.519492
vt -0.324830 0.511454
vt -0.250648 0.332310
vt -0.230038 0.334854
vt -0.287358 0.521804
vt -0.306094 0.519492
vt 0.156922 0.334854
vt 0.180858 0.328556
vt 0.229033 0.516079
vt 0.207274 0.521804
vt -0.230038 0.328556
vt -0.250648 0.319715
vt -0.306094 0.508042
vt -0.287358 0.516079
vt -0.306094 0.508171
vt -0.324862 0.505894
vt -0.368953 0.666177
vt -0.352062 0.668226
vt 0.226386 0.505894
vt 0.204593 0.511490
vt 0.246768 0.671214
vt 0.266382 0.666177
vt -0.324862 0.511490
vt -0.306094 0.519363
vt -0.352062 0.678299
vt -0.368953 0.671214
vt -0.306094 0.519363
vt -0.287326 0.521639
vt -0.335171 0.680348
vt -0.352062 0.678299
vt 0.207199 0.521639
vt 0.228992 0.516043
vt 0.268727 0.675311
vt 0.249114 0.680348
vt -0.287326 0.516043
vt -0.306094 0.508171
vt -0.352062 0.668226
vt -0.335171 0.675311
vt -0.352062 0.668393
vt -0.368993 0.666392
vt -0.403602 0.798393
vt -0.388552 0.800171
vt 0.266477 0.666392
vt 0.246821 0.671262
vt 0.280547 0.802721
vt 0.298019 0.798393
vt -0.368993 0.671262
vt -0.352062 0.678132
vt -0.388552 0.808828
vt -0.403602 0.802721
vt -0.352062 0.678132
vt -0.335131 0.680133
vt -0.373502 0.810606
vt -0.388552 0.808828
vt 0.249019 0.680133
vt 0.268675 0.675263
vt 0.299972 0.806278
vt 0.282500 0.810606
vt -0.335131 0.675263
vt -0.352062 0.668393
vt -0.388552 0.800171
vt -0.373502 0.806278
vt -0.388552 0.800403
vt -0.403656 0.798695
vt -0.428781 0.902399
vt -0.415565 0.903894
vt 0.298145 0.798695
vt 0.280618 0.802791
vt 0.305890 0.905984
vt 0.321227 0.902399
vt -0.403656 0.802791
vt -0.388552 0.808596
vt -0.415565 0.911063
vt -0.428781 0.905984
vt -0.388552 0.808596
vt -0.373449 0.810304
vt -0.402349 0.912558
vt -0.415565 0.911063
vt 0.282373 0.810304
vt 0.299901 0.806208
vt 0.322763 0.908973
vt 0.307426 0.912558
vt -0.373449 0.806208
vt -0.388552 0.800403
vt -0.415565 0.903894
vt -0.402349 0.908973
vt -0.415565 0.904255
vt -0.428859 0.902878
vt -0.444495 0.978255
vt -0.433100 0.979436
vt 0.321410 0.902878
vt 0.305993 0.906101
vt 0.322807 0.981018
vt 0.336021 0.978255
vt -0.428859 0.906101
vt -0.415565 0.910702
vt -0.433100 0.984962
vt -0.444495 0.981018
vt -0.415565 0.910702
vt -0.402271 0.912079
vt -0.421705 0.986142
vt -0.433100 0.984962
vt 0.307243 0.912079
vt 0.322660 0.908856
vt 0.337092 0.983380
vt 0.323878 0.986142
vt -0.402271 0.908856
vt -0.415565 0.904255
vt -0.433100 0.979436
vt -0.421705 0.983380
vt 0.500000 0.000000
vt 0.500000 0.083333
vt 0.625000 0.083333
vt 0.625000 0.000000
vt 0.625000 0.000000
vt 0.625000 0.083333
vt 0.750000 0.083333
vt 0.750000 0.000000
vt 0.750000 0.000000
vt 0.750000 0.083333
vt 0.875000 0.083333
vt 0.875000 0.000000
vt 0.875000 0.000000
vt 0.875000 0.083333
vt 1.000000 0.083333
vt 1.000000 0.000000
vt 0.500000 0.083333
vt 0.500000 0.166667
vt 0.625000 0.166667
vt 0.625000 0.083333
vt 0.625000 0.083333
vt 0.625000 0.166667
vt 0.750000 0.166667
vt 0.750000 0.083333
vt 0.750000 0.083333
vt 0.750000 0.166667
vt 0.875000 0.166667
vt 0.875000 0.083333
vt 0.875000 0.083333
vt 0.875000 0.166667
vt 1.000000 0.166667
vt 1.000000 0.083333
vt 0.500000 0.166667
vt 0.500000 0.250000
vt 0.625000 0.250000
vt 0.625000 0.166667
vt 0.625000 0.166667
vt 0.625000 0.250000
vt 0.750000 0.250000
vt 0.750000 0.166667
vt 0.750000 0.166667
vt 0.750000 0.250000
vt 0.875000 0.250000
vt 0.875000 0.166667
vt 0.875000 0.166667
vt 0.875000 0.250000
vt 1.000000 0.250000
vt 1.000000 0.166667
vt 0.500000 0.250000
vt 0.500000 0.333333
vt 0.625000 0.333333
vt 0.625000 0.250000
vt 0.625000 0.250000
vt 0.625000 0.333333
vt 0.750000 0.333333
vt 0.750000 0.250000
vt 0.750000 0.250000
vt 0.750000 0.333333
vt 0.875000 0.333333
vt 0.875000 0.250000
vt 0.875000 0.250000
vt 0.875000 0.333333
vt 1.000000 0.333333
vt 1.000000 0.250000
vt 0.500000 0.333333
vt 0.500000 0.416667
vt 0.625000 0.416667
vt 0.625000 0.333333
vt 0.625000 0.333333
vt 0.625000 0.416667
vt 0.750000 0.416667
vt 0.750000 0.333333
vt 0.750000 0.333333
vt 0.750000 0.416667
vt 0.875000 0.416667
vt 0.875000 0.333333
vt 0.875000 0.333333
vt 0.875000 0.416667
vt 1.000000 0.416667
vt 1.000000 0.333333
vt 0.500000 0.416667
vt 0.500000 0.500000
vt 0.625000 0.500000
vt 0.625000 0.416667
vt 0.625000 0.416667
vt 0.625000 0.500000
vt 0.750000 0.500000
vt 0.750000 0.416667
vt 0.750000 0.416667
vt 0.750000 0.500000
vt 0.875000 0.500000
vt 0.875000 0.416667
vt 0.875000 0.416667
vt 0.875000 0.500000
vt 1.000000 0.500000
vt 1.000000 0.416667
vt -0.138486 0.120315
vt -0.161868 0.115087
vt -0.160692 0.333855
vt -0.139258 0.338647
vt 0.015481 0.115087
vt -0.009471 0.104772
vt -0.099047 0.324399
vt -0.076175 0.333855
vt -0.161868 0.104772
vt -0.138486 0.099685
vt -0.139258 0.319736
vt -0.160692 0.324399
vt -0.138486 0.099685
vt -0.115103 0.104913
vt -0.117824 0.324529
vt -0.139258 0.319736
vt -0.009529 0.104913
vt 0.015423 0.115228
vt -0.076228 0.333984
vt -0.099101 0.324529
vt -0.115103 0.115228
vt -0.138486 0.120315
vt -0.139258 0.338647
vt -0.117824 0.333984
vt -0.139258 0.339032
vt -0.160692 0.334045
vt -0.159441 0.522265
vt -0.139955 0.526799
vt -0.076254 0.334045
vt -0.098964 0.324205
vt -0.179681 0.513320
vt -0.159036 0.522265
vt -0.160692 0.324205
vt -0.139258 0.319352
vt -0.139955 0.508907
vt -0.159441 0.513320
vt -0.139258 0.319352
vt -0.117824 0.324338
vt -0.120470 0.513441
vt -0.139955 0.508907
vt -0.099021 0.324338
vt -0.076312 0.334178
vt -0.159088 0.522386
vt -0.179733 0.513441
vt -0.117824 0.334178
vt -0.139258 0.339032
vt -0.139955 0.526799
vt -0.120470 0.522386
vt -0.139955 0.527271
vt -0.159441 0.522499
vt -0.158114 0.680165
vt -0.140577 0.684460
vt -0.159138 0.522499
vt -0.179572 0.513081
vt -0.251434 0.671689
vt -0.233043 0.680165
vt -0.159441 0.513081
vt -0.139955 0.508435
vt -0.140577 0.667508
vt -0.158114 0.671689
vt -0.139955 0.508435
vt -0.120470 0.513207
vt -0.123040 0.671803
vt -0.140577 0.667508
vt -0.179631 0.513207
vt -0.159197 0.522625
vt -0.233096 0.680279
vt -0.251486 0.671803
vt -0.120470 0.522625
vt -0.139955 0.527271
vt -0.140577 0.684460
vt -0.123040 0.680279
vt -0.242092 0.675984
vt -0.257853 0.668120
vt -0.320135 0.796594
vt -0.306125 0.803584
vt -0.150835 0.668120
vt -0.130586 0.668120
vt -0.132242 0.796594
vt -0.150241 0.796594
vt -0.258026 0.668120
vt -0.242438 0.675984
vt -0.306432 0.803584
vt -0.320288 0.796594
vt -0.242438 0.675984
vt -0.226677 0.683848
vt -0.292423 0.810574
vt -0.306432 0.803584
vt -0.130319 0.683848
vt -0.150568 0.683848
vt -0.150004 0.810574
vt -0.132004 0.810574
vt -0.226504 0.683848
vt -0.242092 0.675984
vt -0.306125 0.803584
vt -0.292269 0.810574
vt -0.306125 0.803584
vt -0.319755 0.795884
vt -0.373218 0.893916
vt -0.361292 0.900654
vt -0.150238 0.795884
vt -0.132239 0.795884
vt -0.133819 0.893916
vt -0.149569 0.893916
vt -0.319909 0.795884
vt -0.306432 0.803584
vt -0.361561 0.900654
vt -0.373353 0.893916
vt -0.306432 0.803584
vt -0.292802 0.811284
vt -0.349634 0.907392
vt -0.361561 0.900654
vt -0.132008 0.811284
vt -0.150007 0.811284
vt -0.149367 0.907392
vt -0.133617 0.907392
vt -0.292649 0.811284
vt -0.306125 0.803584
vt -0.361292 0.900654
vt -0.349500 0.907392
vt -0.361292 0.900654
vt -0.372556 0.892865
vt -0.417247 0.960517
vt -0.407592 0.967193
vt -0.149563 0.892865
vt -0.133814 0.892865
vt -0.135320 0.960517
vt -0.148819 0.960517
vt -0.372691 0.892865
vt -0.361561 0.900654
vt -0.407822 0.967193
vt -0.417362 0.960517
vt -0.361561 0.900654
vt -0.350296 0.908442
vt -0.398167 0.973869
vt -0.407822 0.967193
vt -0.133623 0.908442
vt -0.149372 0.908442
vt -0.148655 0.973869
vt -0.135156 0.973869
vt -0.350162 0.908442
vt -0.361292 0.900654
vt -0.407592 0.967193
vt -0.398052 0.973869
vt 0.000000 0.500000
vt 0.000000 0.583333
vt 0.125000 0.583333
vt 0.125000 0.500000
vt 0.125000 0.500000
vt 0.125000 0.583333
vt 0.250000 0.583333
vt 0.250000 0.500000
vt 0.250000 0.500000
vt 0.250000 0.583333
vt 0.375000 0.583333
vt 0.375000 0.500000
vt 0.375000 0.500000
vt 0.375000 0.583333
vt 0.500000 0.583333
vt 0.500000 0.500000
vt 0.000000 0.583333
vt 0.000000 0.666667
vt 0.125000 0.666667
vt 0.125000 0.583333
vt 0.125000 0.583333
vt 0.125000 0.666667
vt 0.250000 0.666667
vt 0.250000 0.583333
vt 0.250000 0.583333
vt 0.250000 0.666667
vt 0.375000 0.666667
vt 0.375000 0.583333
vt 0.375000 0.583333
vt 0.375000 0.666667
vt 0.500000 0.666667
vt 0.500000 0.583333
vt 0.000000 0.666667
vt 0.000000 0.750000
vt 0.125000 0.750000
vt 0.125000 0.666667
vt 0.125000 0.666667
vt 0.125000 0.750000
vt 0.250000 0.750000
vt 0.250000 0.666667
vt 0.250000 0.666667
vt 0.250000 0.750000
vt 0.375000 0.750000
vt 0.375000 0.666667
vt 0.375000 0.666667
vt 0.375000 0.750000
vt 0.500000 0.750000
vt 0.500000 0.666667
vt 0.000000 0.750000
vt 0.000000 0.833333
vt 0.125000 0.833333
vt 0.125000 0.750000
vt 0.125000 0.750000
vt 0.125000 0.833333
vt 0.250000 0.833333
vt 0.250000 0.750000
vt 0.250000 0.750000
vt 0.250000 0.833333
vt 0.375000 0.833333
vt 0.375000 0.750000
vt 0.375000 0.750000
vt 0.375000 0.833333
vt 0.500000 0.833333
vt 0.500000 0.750000
vt 0.000000 0.833333
vt 0.000000 0.916667
vt 0.125000 0.916667
vt 0.125000 0.833333
vt 0.125000 0.833333
vt 0.125000 0.916667
vt 0.250000 0.916667
vt 0.250000 0.833333
vt 0.250000 0.833333
vt 0.250000 0.916667
vt 0.375000 0.916667
vt 0.375000 0.833333
vt 0.375000 0.833333
vt 0.375000 0.916667
vt 0.500000 0.916667
vt 0.500000 0.833333
vt 0.000000 0.916667
vt 0.000000 1.000000
vt 0.125000 1.000000
vt 0.125000 0.916667
vt 0.125000 0.916667
vt 0.125000 1.000000
vt 0.250000 1.000000
vt 0.250000 0.916667
vt 0.250000 0.916667
vt 0.250000 1.000000
vt 0.375000 1.000000
vt 0.375000 0.916667
vt 0.375000 0.916667
vt 0.375000 1.000000
vt 0.500000 1.000000
vt 0.500000 0.916667
vt -0.097100 0.101615
vt -0.119744 0.111348
vt -0.048989 0.365571
vt -0.028231 0.356649
vt 0.130891 0.111348
vt 0.105226 0.119733
vt 0.189237 0.373257
vt 0.212764 0.365571
vt -0.119744 0.119733
vt -0.097100 0.118385
vt -0.028231 0.372022
vt -0.048989 0.373257
vt -0.097100 0.118385
vt -0.074455 0.108652
vt -0.007474 0.363100
vt -0.028231 0.372022
vt 0.101606 0.108652
vt 0.127271 0.100267
vt 0.209445 0.355414
vt 0.185919 0.363100
vt -0.074455 0.100267
vt -0.097100 0.101615
vt -0.028231 0.356649
vt -0.007474 0.355414
vt -0.028231 0.355880
vt -0.048854 0.365596
vt 0.018197 0.581802
vt 0.036946 0.572969
vt 0.212967 0.365596
vt 0.189706 0.374052
vt 0.269220 0.589490
vt 0.290367 0.581802
vt -0.048854 0.374052
vt -0.028231 0.372792
vt 0.036946 0.588344
vt 0.018197 0.589490
vt -0.028231 0.372792
vt -0.007608 0.363075
vt 0.055694 0.579511
vt 0.036946 0.588344
vt 0.185716 0.363075
vt 0.208976 0.354619
vt 0.286739 0.571823
vt 0.265593 0.579511
vt -0.007608 0.354619
vt -0.028231 0.355880
vt 0.036946 0.572969
vt 0.055694 0.571823
vt 0.263622 0.580656
vt 0.283999 0.571393
vt 0.357582 0.750625
vt 0.339242 0.758963
vt 0.056547 0.571393
vt 0.039223 0.571393
vt 0.100481 0.750625
vt 0.116072 0.750625
vt 0.039223 0.571393
vt 0.019622 0.580656
vt 0.082840 0.758963
vt 0.100481 0.750625
vt 0.292338 0.580656
vt 0.271960 0.589920
vt 0.346746 0.767300
vt 0.365086 0.758963
vt 0.017345 0.589920
vt 0.034668 0.589920
vt 0.096381 0.767300
vt 0.080790 0.767300
vt 0.034668 0.589920
vt 0.054269 0.580656
vt 0.114022 0.758963
vt 0.096381 0.767300
vt 0.339242 0.758963
vt 0.357047 0.749451
vt 0.426235 0.890799
vt 0.410408 0.899254
vt 0.115629 0.749451
vt 0.100038 0.749451
vt 0.157653 0.890799
vt 0.171512 0.890799
vt 0.100038 0.749451
vt 0.082840 0.758963
vt 0.142367 0.899254
vt 0.157653 0.890799
vt 0.365086 0.758963
vt 0.347281 0.768474
vt 0.417554 0.907709
vt 0.433381 0.899254
vt 0.081234 0.768474
vt 0.096825 0.768474
vt 0.154797 0.907709
vt 0.140939 0.907709
vt 0.096825 0.768474
vt 0.114022 0.758963
vt 0.170084 0.899254
vt 0.154797 0.907709
vt 0.410408 0.899254
vt 0.425391 0.889305
vt 0.490231 0.992826
vt 0.477121 1.001530
vt 0.170813 0.425391
vt 0.156954 0.436878
vt 0.210966 0.500281
vt 0.223092 0.490231
vt 0.156954 0.889305
vt 0.142367 0.899254
vt 0.198201 1.001530
vt 0.210966 0.992826
vt 0.433381 0.899254
vt 0.418398 0.909202
vt 0.484111 1.010235
vt 0.497222 1.001530
vt 0.141638 0.418398
vt 0.155496 0.406911
vt 0.209690 0.474061
vt 0.197563 0.484111
vt 0.155496 0.909202
vt 0.170084 0.899254
vt 0.222454 1.001530
vt 0.209690 1.010235
vt 0.477121 1.001530
vt 0.488773 0.990949
vt 0.549367 1.056723
vt 0.539379 1.065792
vt 0.221883 0.488773
vt 0.209757 0.498823
vt 0.260250 0.557981
vt 0.270644 0.549367
vt 0.209757 0.990949
vt 0.198201 1.001530
vt 0.250345 1.065792
vt 0.260250 1.056723
vt 0.497222 1.001530
vt 0.485569 1.012112
vt 0.546621 1.074862
vt 0.556608 1.065792
vt 0.198772 0.485569
vt 0.210898 0.475519
vt 0.261228 0.538006
vt 0.250834 0.546621
vt 0.210898 1.012112
vt 0.222454 1.001530
vt 0.271133 1.065792
vt 0.261228 1.074862
vt 0.500000 0.500000
vt 0.500000 0.583333
vt 0.625000 0.583333
vt 0.625000 0.500000
vt 0.625000 0.500000
vt 0.625000 0.583333
vt 0.750000 0.583333
vt 0.750000 0.500000
vt 0.750000 0.500000
vt 0.750000 0.583333
vt 0.875000 0.583333
vt 0.875000 0.500000
vt 0.875000 0.500000
vt 0.875000 0.583333
vt 1.000000 0.583333
vt 1.000000 0.500000
vt 0.500000 0.583333
vt 0.500000 0.666667
vt 0.625000 0.666667
vt 0.625000 0.583333
vt 0.625000 0.583333
vt 0.625000 0.666667
vt 0.750000 0.666667
vt 0.750000 0.583333
vt 0.750000 0.583333
vt 0.750000 0.666667
vt 0.875000 0.666667
vt 0.875000 0.583333
vt 0.875000 0.583333
vt 0.875000 0.666667
vt 1.000000 0.666667
vt 1.000000 0.583333
vt 0.500000 0.666667
vt 0.500000 0.750000
vt 0.625000 0.750000
vt 0.625000 0.666667
vt 0.625000 0.666667
vt 0.625000 0.750000
vt 0.750000 0.750000
vt 0.750000 0.666667
vt 0.750000 0.666667
vt 0.750000 0.750000
vt 0.875000 0.750000
vt 0.875000 0.666667
vt 0.875000 0.666667
vt 0.875000 0.750000
vt 1.000000 0.750000
vt 1.000000 0.666667
vt 0.500000 0.750000
vt 0.500000 0.833333
vt 0.625000 0.833333
vt 0.625000 0.750000
vt 0.625000 0.750000
vt 0.625000 0.833333
vt 0.750000 0.833333
vt 0.750000 0.750000
vt 0.750000 0.750000
vt 0.750000 0.833333
vt 0.875000 0.833333
vt 0.875000 0.750000
vt 0.875000 0.750000
vt 0.875000 0.833333
vt 1.000000 0.833333
vt 1.000000 0.750000
vt 0.500000 0.833333
vt 0.500000 0.916667
vt 0.625000 0.916667
vt 0.625000 0.833333
vt 0.625000 0.833333
vt 0.625000 0.916667
vt 0.750000 0.916667
vt 0.750000 0.833333
vt 0.750000 0.833333
vt 0.750000 0.916667
vt 0.875000 0.916667
vt 0.875000 0.833333
vt 0.875000 0.833333
vt 0.875000 0.916667
vt 1.000000 0.916667
vt 1.000000 0.833333
vt 0.500000 0.916667
vt 0.500000 1.000000
vt 0.625000 1.000000
vt 0.625000 0.916667
vt 0.625000 0.916667
vt 0.625000 1.000000
vt 0.750000 1.000000
vt 0.750000 0.916667
vt 0.750000 0.916667
vt 0.750000 1.000000
vt 0.875000 1.000000
vt 0.875000 0.916667
vt 0.875000 0.916667
vt 0.875000 1.000000
vt 1.000000 1.000000
vt 1.000000 0.916667
vt -0.201540 0.111311
vt -0.223005 0.101393
vt -0.294197 0.270846
vt -0.274521 0.279937
vt 0.073760 0.101393
vt 0.046792 0.100082
vt 0.039675 0.269644
vt 0.064396 0.270846
vt -0.223005 0.100082
vt -0.201540 0.108689
vt -0.274521 0.277534
vt -0.294197 0.269644
vt -0.201540 0.108689
vt -0.180074 0.118607
vt -0.254844 0.286625
vt -0.274521 0.277534
vt 0.045891 0.118607
vt 0.072859 0.119918
vt 0.063571 0.287827
vt 0.038850 0.286625
vt -0.180074 0.119918
vt -0.201540 0.111311
vt -0.274521 0.279937
vt -0.254844 0.287827
vt -0.277285 0.278735
vt -0.294861 0.268965
vt -0.365031 0.411366
vt -0.349053 0.420248
vt 0.061790 0.268965
vt 0.037195 0.268965
vt 0.030412 0.411366
vt 0.052771 0.411366
vt -0.292097 0.268965
vt -0.271756 0.278735
vt -0.344027 0.420248
vt -0.362518 0.411366
vt -0.271756 0.278735
vt -0.254180 0.288506
vt -0.328048 0.429130
vt -0.344027 0.420248
vt 0.041456 0.288506
vt 0.066051 0.288506
vt 0.056645 0.429130
vt 0.034286 0.429130
vt -0.256944 0.288506
vt -0.277285 0.278735
vt -0.349053 0.420248
vt -0.330561 0.429130
vt -0.349053 0.420248
vt -0.364212 0.409913
vt -0.433502 0.525236
vt -0.419859 0.534537
vt 0.052863 0.409913
vt 0.030504 0.409913
vt 0.023820 0.525236
vt 0.043943 0.525236
vt -0.361699 0.409913
vt -0.344027 0.420248
vt -0.415335 0.534537
vt -0.431240 0.525236
vt -0.344027 0.420248
vt -0.328868 0.430583
vt -0.401692 0.543839
vt -0.415335 0.534537
vt 0.034194 0.430583
vt 0.056553 0.430583
vt 0.047264 0.543839
vt 0.027141 0.543839
vt -0.331381 0.430583
vt -0.349053 0.420248
vt -0.419859 0.534537
vt -0.403954 0.543839
vt -0.419859 0.534537
vt -0.432269 0.523498
vt -0.500734 0.611791
vt -0.489703 0.621604
vt 0.044082 0.523498
vt 0.023959 0.523498
vt 0.017368 0.611791
vt 0.035255 0.611791
vt -0.430007 0.523498
vt -0.415335 0.534537
vt -0.485682 0.621604
vt -0.498724 0.611791
vt -0.415335 0.534537
vt -0.402925 0.545577
vt -0.474650 0.631417
vt -0.485682 0.621604
vt 0.027003 0.545577
vt 0.047126 0.545577
vt 0.037961 0.631417
vt 0.020073 0.631417
vt -0.405187 0.545577
vt -0.419859 0.534537
vt -0.489703 0.621604
vt -0.476661 0.631417
vt -0.489703 0.621604
vt -0.498800 0.609786
vt -0.566545 0.671108
vt -0.558585 0.681448
vt -0.498800 0.035472
vt -0.496789 0.017585
vt -0.564786 0.011075
vt -0.566545 0.026726
vt -0.496789 0.609786
vt -0.485682 0.621604
vt -0.555067 0.681448
vt -0.564786 0.671108
vt -0.485682 0.621604
vt -0.476585 0.633422
vt -0.547107 0.691789
vt -0.555067 0.681448
vt -0.476585 0.019856
vt -0.478595 0.037743
vt -0.548866 0.028713
vt -0.547107 0.013062
vt -0.478595 0.633422
vt -0.489703 0.621604
vt -0.558585 0.681448
vt -0.548866 0.691789
vt -0.558585 0.681448
vt -0.563526 0.669130
vt -0.630741 0.703511
vt -0.626505 0.714069
vt -0.563526 0.027066
vt -0.561767 0.011414
vt -0.629233 0.004964
vt -0.630741 0.018379
vt -0.561767 0.669130
vt -0.555067 0.681448
vt -0.623490 0.714069
vt -0.629233 0.703511
vt -0.555067 0.681448
vt -0.550125 0.693766
vt -0.619254 0.724628
vt -0.623490 0.714069
vt -0.550125 0.012723
vt -0.551884 0.028374
vt -0.620762 0.019501
vt -0.619254 0.006085
vt -0.551884 0.693766
vt -0.558585 0.681448
vt -0.626505 0.714069
vt -0.620762 0.724628
vt 0.000000 0.000000
vt 0.000000 0.083333
vt 0.125000 0.083333
vt 0.125000 0.000000
vt 0.125000 0.000000
vt 0.125000 0.083333
vt 0.250000 0.083333
vt 0.250000 0.000000
vt 0.250000 0.000000
vt 0.250000 0.083333
vt 0.375000 0.083333
vt 0.375000 0.000000
vt 0.375000 0.000000
vt 0.375000 0.083333
vt 0.500000 0.083333
vt 0.500000 0.000000
vt 0.000000 0.083333
vt 0.000000 0.166667
vt 0.125000 0.166667
vt 0.125000 0.083333
vt 0.125000 0.083333
vt 0.125000 0.166667
vt 0.250000 0.166667
vt 0.250000 0.083333
vt 0.250000 0.083333
vt 0.250000 0.166667
vt 0.375000 0.166667
vt 0.375000 0.083333
vt 0.375000 0.083333
vt 0.375000 0.166667
vt 0.500000 0.166667
vt 0.500000 0.083333
vt 0.000000 0.166667
vt 0.000000 0.250000
vt 0.125000 0.250000
vt 0.125000 0.166667
vt 0.125000 0.166667
vt 0.125000 0.250000
vt 0.250000 0.250000
vt 0.250000 0.166667
vt 0.250000 0.166667
vt 0.250000 0.250000
vt 0.375000 0.250000
vt 0.375000 0.166667
vt 0.375000 0.166667
vt 0.375000 0.250000
vt 0.500000 0.250000
vt 0.500000 0.166667
vt 0.000000 0.250000
vt 0.000000 0.333333
vt 0.125000 0.333333
vt 0.125000 0.250000
vt 0.125000 0.250000
vt 0.125000 0.333333
vt 0.250000 0.333333
vt 0.250000 0.250000
vt 0.250000 0.250000
vt 0.250000 0.333333
vt 0.375000 0.333333
vt 0.375000 0.250000
vt 0.375000 0.250000
vt 0.375000 0.333333
vt 0.500000 0.333333
vt 0.500000 0.250000
vt 0.000000 0.333333
vt 0.000000 0.416667
vt 0.125000 0.416667
vt 0.125000 0.333333
vt 0.125000 0.333333
vt 0.125000 0.416667
vt 0.250000 0.416667
vt 0.250000 0.333333
vt 0.250000 0.333333
vt 0.250000 0.416667
vt 0.375000 0.416667
vt 0.375000 0.333333
vt 0.375000 0.333333
vt 0.375000 0.416667
vt 0.500000 0.416667
vt 0.500000 0.333333
vt 0.000000 0.416667
vt 0.000000 0.500000
vt 0.125000 0.500000
vt 0.125000 0.416667
vt 0.125000 0.416667
vt 0.125000 0.500000
vt 0.250000 0.500000
vt 0.250000 0.416667
vt 0.250000 0.416667
vt 0.250000 0.500000
vt 0.375000 0.500000
vt 0.375000 0.416667
vt 0.375000 0.416667
vt 0.375000 0.500000
vt 0.500000 0.500000
vt 0.500000 0.416667
vt -0.084464 0.116427
vt -0.106450 0.120944
vt -0.031043 0.317423
vt -0.010889 0.313282
vt 0.043030 0.120944
vt 0.016806 0.114517
vt -0.030319 0.311532
vt -0.006280 0.317423
vt -0.106450 0.114517
vt -0.084464 0.103573
vt -0.010889 0.301500
vt -0.031043 0.311532
vt -0.084464 0.103573
vt -0.062478 0.099056
vt 0.009265 0.297359
vt -0.010889 0.301500
vt 0.020595 0.099056
vt 0.046819 0.105483
vt -0.002807 0.303250
vt -0.026846 0.297359
vt -0.062478 0.105483
vt -0.084464 0.116427
vt -0.010889 0.313282
vt 0.009265 0.303250
vt -0.024486 0.307391
vt -0.002017 0.297014
vt 0.072481 0.460833
vt 0.052054 0.470267
vt -0.037207 0.297014
vt -0.016526 0.297014
vt -0.066042 0.460833
vt -0.084842 0.460833
vt -0.016526 0.297014
vt 0.004117 0.307391
vt -0.047275 0.470267
vt -0.066042 0.460833
vt 0.002709 0.307391
vt -0.019761 0.317768
vt 0.056350 0.479701
vt 0.076776 0.470267
vt 0.004081 0.317768
vt -0.016600 0.317768
vt -0.066109 0.479701
vt -0.047308 0.479701
vt -0.016600 0.317768
vt -0.037243 0.307391
vt -0.084876 0.470267
vt -0.066109 0.479701
vt 0.052054 0.470267
vt 0.071459 0.458900
vt 0.147786 0.588396
vt 0.130322 0.598626
vt -0.084170 0.458900
vt -0.065370 0.458900
vt -0.116089 0.588396
vt -0.133009 0.588396
vt -0.065370 0.458900
vt -0.047275 0.470267
vt -0.099804 0.598626
vt -0.116089 0.588396
vt 0.076776 0.470267
vt 0.057372 0.481634
vt 0.135108 0.608857
vt 0.152572 0.598626
vt -0.047980 0.481634
vt -0.066781 0.481634
vt -0.117359 0.608857
vt -0.100438 0.608857
vt -0.066781 0.481634
vt -0.084876 0.470267
vt -0.133644 0.598626
vt -0.117359 0.608857
vt 0.130322 0.598626
vt 0.146223 0.586198
vt 0.224453 0.681423
vt 0.210319 0.692470
vt 0.146223 -0.131982
vt 0.157348 -0.115061
vt 0.234342 -0.167031
vt 0.224453 -0.182071
vt -0.115061 0.586198
vt -0.099804 0.598626
vt -0.153469 0.692470
vt -0.167031 0.681423
vt 0.152572 0.598626
vt 0.136671 0.611054
vt 0.215962 0.703517
vt 0.230097 0.692470
vt 0.136671 -0.101466
vt 0.125546 -0.118386
vt 0.206073 -0.169987
vt 0.215962 -0.154947
vt -0.118386 0.611054
vt -0.133644 0.598626
vt -0.183549 0.692470
vt -0.169987 0.703517
vt 0.210319 0.692470
vt 0.222094 0.679197
vt 0.302347 0.740185
vt 0.292044 0.751798
vt 0.222094 -0.180520
vt 0.231983 -0.165480
vt 0.311000 -0.218780
vt 0.302347 -0.231940
vt -0.165480 0.679197
vt -0.153469 0.692470
vt -0.208270 0.751798
vt -0.218780 0.740185
vt 0.230097 0.692470
vt 0.218321 0.705743
vt 0.299046 0.763412
vt 0.309349 0.751798
vt 0.218321 -0.156498
vt 0.208432 -0.171538
vt 0.290393 -0.224081
vt 0.299046 -0.210921
vt -0.171538 0.705743
vt -0.183549 0.692470
vt -0.234591 0.751798
vt -0.224081 0.763412
vt 0.292044 0.751798
vt 0.299157 0.738573
vt 0.381594 0.765275
vt 0.375497 0.776611
vt 0.299157 -0.229843
vt 0.307810 -0.216683
vt 0.389011 -0.271419
vt 0.381594 -0.282699
vt 0.307810 0.738573
vt 0.309349 0.751798
vt 0.390330 0.776611
vt 0.389011 0.765275
vt 0.309349 0.751798
vt 0.302236 0.765024
vt 0.384233 0.787947
vt 0.390330 0.776611
vt 0.302236 -0.213018
vt 0.293583 -0.226178
vt 0.376817 -0.279558
vt 0.384233 -0.268278
vt 0.293583 0.765024
vt 0.292044 0.751798
vt 0.375497 0.776611
vt 0.376817 0.787947
vt 0.500000 0.000000
vt 0.500000 0.083333
vt 0.625000 0.083333
vt 0.625000 0.000000
vt 0.625000 0.000000
vt 0.625000 0.083333
vt 0.750000 0.083333
vt 0.750000 0.000000
vt 0.750000 0.000000
vt 0.750000 0.083333
vt 0.875000 0.083333
vt 0.875000 0.000000
vt 0.875000 0.000000
vt 0.875000 0.083333
vt 1.000000 0.083333
vt 1.000000 0.000000
vt 0.500000 0.083333
vt 0.500000 0.166667
vt 0.625000 0.166667
vt 0.625000 0.083333
vt 0.625000 0.083333
vt 0.625000 0.166667
vt 0.750000 0.166667
vt 0.750000 0.083333
vt 0.750000 0.083333
vt 0.750000 0.166667
vt 0.875000 0.166667
vt 0.875000 0.083333
vt 0.875000 0.083333
vt 0.875000 0.166667
vt 1.000000 0.166667
vt 1.000000 0.083333
vt 0.500000 0.166667
vt 0.500000 0.250000
vt 0.625000 0.250000
vt 0.625000 0.166667
vt 0.625000 0.166667
vt 0.625000 0.250000
vt 0.750000 0.250000
vt 0.750000 0.166667
vt 0.750000 0.166667
vt 0.750000 0.250000
vt 0.875000 0.250000
vt 0.875000 0.166667
vt 0.875000 0.166667
vt 0.875000 0.250000
vt 1.000000 0.250000
vt 1.000000 0.166667
vt 0.500000 0.250000
vt 0.500000 0.333333
vt 0.625000 0.333333
vt 0.625000 0.250000
vt 0.625000 0.250000
vt 0.625000 0.333333
vt 0.750000 0.333333
vt 0.750000 0.250000
vt 0.750000 0.250000
vt 0.750000 0.333333
vt 0.875000 0.333333
vt 0.875000 0.250000
vt 0.875000 0.250000
vt 0.875000 0.333333
vt 1.000000 0.333333
vt 1.000000 0.250000
vt 0.500000 0.333333
vt 0.500000 0.416667
vt 0.625000 0.416667
vt 0.625000 0.333333
vt 0.625000 0.333333
vt 0.625000 0.416667
vt 0.750000 0.416667
vt 0.750000 0.333333
vt 0.750000 0.333333
vt 0.750000 0.416667
vt 0.875000 0.416667
vt 0.875000 0.333333
vt 0.875000 0.333333
vt 0.875000 0.416667
vt 1.000000 0.416667
vt 1.000000 0.333333
vt 0.500000 0.416667
vt 0.500000 0.500000
vt 0.625000 0.500000
vt 0.625000 0.416667
vt 0.625000 0.416667
vt 0.625000 0.500000
vt 0.750000 0.500000
vt 0.750000 0.416667
vt 0.750000 0.416667
vt 0.750000 0.500000
vt 0.875000 0.500000
vt 0.875000 0.416667
vt 0.875000 0.416667
vt 0.875000 0.500000
vt 1.000000 0.500000
vt 1.000000 0.416667
vt -0.158187 0.099264
vt -0.181366 0.101812
vt -0.203991 0.272415
vt -0.182743 0.270080
vt 0.138851 0.101812
vt 0.114078 0.112548
vt 0.188849 0.282256
vt 0.211558 0.272415
vt -0.181366 0.112548
vt -0.158187 0.120736
vt -0.182743 0.289762
vt -0.203991 0.282256
vt -0.158187 0.120736
vt -0.135007 0.118188
vt -0.161495 0.287427
vt -0.182743 0.289762
vt 0.116522 0.118188
vt 0.141296 0.107452
vt 0.213799 0.277585
vt 0.191089 0.287427
vt -0.135007 0.107452
vt -0.158187 0.099264
vt -0.182743 0.270080
vt -0.161495 0.277585
vt -0.159264 0.279921
vt -0.176829 0.268949
vt -0.203310 0.407582
vt -0.187342 0.417556
vt -0.176829 0.268949
vt -0.200307 0.268949
vt -0.224654 0.407582
vt -0.203310 0.407582
vt 0.214877 0.268949
vt 0.193494 0.279921
vt 0.272003 0.417556
vt 0.291441 0.407582
vt 0.193494 0.279921
vt 0.179941 0.290892
vt 0.259682 0.427530
vt 0.272003 0.417556
vt -0.188657 0.290892
vt -0.165178 0.290892
vt -0.192719 0.427530
vt -0.214063 0.427530
vt 0.187771 0.290892
vt 0.209153 0.279921
vt 0.286238 0.417556
vt 0.266800 0.427530
vt 0.286238 0.417556
vt 0.296973 0.405200
vt 0.377144 0.511785
vt 0.367483 0.522905
vt -0.202781 0.405200
vt -0.224125 0.405200
vt -0.249912 0.511785
vt -0.230702 0.511785
vt 0.289855 0.405200
vt 0.272003 0.417556
vt 0.354671 0.522905
vt 0.370738 0.511785
vt 0.272003 0.417556
vt 0.261268 0.429912
vt 0.345010 0.534025
vt 0.354671 0.522905
vt -0.214592 0.429912
vt -0.193248 0.429912
vt -0.222122 0.534025
vt -0.241332 0.534025
vt 0.268386 0.429912
vt 0.286238 0.417556
vt 0.367483 0.522905
vt 0.351416 0.534025
vt 0.367483 0.522905
vt 0.374711 0.509243
vt 0.459312 0.583825
vt 0.452887 0.595969
vt -0.229890 0.374711
vt -0.249100 0.368305
vt -0.276364 0.453618
vt -0.259289 0.459312
vt 0.368305 0.509243
vt 0.354671 0.522905
vt 0.441498 0.595969
vt 0.453618 0.583825
vt 0.354671 0.522905
vt 0.347443 0.536567
vt 0.435074 0.608112
vt 0.441498 0.595969
vt -0.242143 0.347443
vt -0.222933 0.353849
vt -0.253105 0.440768
vt -0.270180 0.435074
vt 0.353849 0.536567
vt 0.367483 0.522905
vt 0.452887 0.595969
vt 0.440768 0.608112
vt 0.452887 0.595969
vt 0.455864 0.581640
vt 0.545056 0.624209
vt 0.542451 0.636746
vt -0.258139 0.455864
vt -0.275215 0.450170
vt -0.304010 0.540074
vt -0.289069 0.545056
vt 0.450170 0.581640
vt 0.441498 0.595969
vt 0.532486 0.636746
vt 0.540074 0.624209
vt 0.441498 0.595969
vt 0.438521 0.610297
vt 0.529881 0.649284
vt 0.532486 0.636746
vt -0.271330 0.438521
vt -0.254255 0.444215
vt -0.285670 0.534863
vt -0.300611 0.529881
vt 0.444215 0.610297
vt 0.452887 0.595969
vt 0.542451 0.636746
vt 0.534863 0.649284
vt 0.542451 0.636746
vt 0.541059 0.623156
vt 0.634982 0.633589
vt 0.636174 0.645238
vt -0.287736 0.541059
vt -0.302677 0.536077
vt -0.333049 0.630711
vt -0.320243 0.634982
vt 0.536077 0.623156
vt 0.532486 0.636746
vt 0.627633 0.645238
vt 0.630711 0.633589
vt 0.532486 0.636746
vt 0.533877 0.650337
vt 0.628826 0.656887
vt 0.627633 0.645238
vt -0.301943 0.533877
vt -0.287002 0.538860
vt -0.319614 0.633096
vt -0.332421 0.628826
vt 0.538860 0.650337
vt 0.542451 0.636746
vt 0.636174 0.645238
vt 0.633096 0.656887
vt 0.000000 0.500000
vt 0.000000 0.583333
vt 0.125000 0.583333
vt 0.125000 0.500000
vt 0.125000 0.500000
vt 0.125000 0.583333
vt 0.250000 0.583333
vt 0.250000 0.500000
vt 0.250000 0.500000
vt 0.250000 0.583333
vt 0.375000 0.583333
vt 0.375000 0.500000
vt 0.375000 0.500000
vt 0.375000 0.583333
vt 0.500000 0.583333
vt 0.500000 0.500000
vt 0.000000 0.583333
vt 0.000000 0.666667
vt 0.125000 0.666667
vt 0.125000 0.583333
vt 0.125000 0.583333
vt 0.125000 0.666667
vt 0.250000 0.666667
vt 0.250000 0.583333
vt 0.250000 0.583333
vt 0.250000 0.666667
vt 0.375000 0.666667
vt 0.375000 0.583333
vt 0.375000 0.583333
vt 0.375000 0.666667
vt 0.500000 0.666667
vt 0.500000 0.583333
vt 0.000000 0.666667
vt 0.000000 0.750000
vt 0.125000 0.750000
vt 0.125000 0.666667
vt 0.125000 0.666667
vt 0.125000 0.750000
vt 0.250000 0.750000
vt 0.250000 0.666667
vt 0.250000 0.666667
vt 0.250000 0.750000
vt 0.375000 0.750000
vt 0.375000 0.666667
vt 0.375000 0.666667
vt 0.375000 0.750000
vt 0.500000 0.750000
vt 0.500000 0.666667
vt 0.000000 0.750000
vt 0.000000 0.833333
vt 0.125000 0.833333
vt 0.125000 0.750000
vt 0.125000 0.750000
vt 0.125000 0.833333
vt 0.250000 0.833333
vt 0.250000 0.750000
vt 0.250000 0.750000
vt 0.250000 0.833333
vt 0.375000 0.833333
vt 0.375000 0.750000
vt 0.375000 0.750000
vt 0.375000 0.833333
vt 0.500000 0.833333
vt 0.500000 0.750000
vt 0.000000 0.833333
vt 0.000000 0.916667
vt 0.125000 0.916667
vt 0.125000 0.833333
vt 0.125000 0.833333
vt 0.125000 0.916667
vt 0.250000 0.916667
vt 0.250000 0.833333
vt 0.250000 0.833333
vt 0.250000 0.916667
vt 0.375000 0.916667
vt 0.375000 0.833333
vt 0.375000 0.833333
vt 0.375000 0.916667
vt 0.500000 0.916667
vt 0.500000 0.833333
vt 0.000000 0.916667
vt 0.000000 1.000000
vt 0.125000 1.000000
vt 0.125000 0.916667
vt 0.125000 0.916667
vt 0.125000 1.000000
vt 0.250000 1.000000
vt 0.250000 0.916667
vt 0.250000 0.916667
vt 0.250000 1.000000
vt 0.375000 1.000000
vt 0.375000 0.916667
vt 0.375000 0.916667
vt 0.375000 1.000000
vt 0.500000 1.000000
vt 0.500000 0.916667
vt -0.168117 0.120289
vt -0.191029 0.110828
vt -0.234741 0.317775
vt -0.213738 0.326447
vt 0.024795 0.110828
vt -0.000168 0.100540
vt -0.084601 0.308344
vt -0.061718 0.317775
vt -0.191029 0.100540
vt -0.168117 0.099711
vt -0.213738 0.307584
vt -0.234741 0.308344
vt -0.168117 0.099711
vt -0.145205 0.109172
vt -0.192735 0.316256
vt -0.213738 0.307584
vt -0.003726 0.109172
vt 0.021237 0.119460
vt -0.064979 0.325688
vt -0.087862 0.316256
vt -0.145205 0.119460
vt -0.168117 0.120289
vt -0.213738 0.326447
vt -0.192735 0.325688
vt -0.063120 0.317016
vt -0.084877 0.305464
vt -0.176613 0.470735
vt -0.156834 0.481236
vt -0.233164 0.305464
vt -0.211338 0.305464
vt -0.261096 0.470735
vt -0.280938 0.470735
vt -0.211338 0.305464
vt -0.191912 0.317016
vt -0.243436 0.481236
vt -0.261096 0.470735
vt -0.086460 0.317016
vt -0.064703 0.328567
vt -0.158273 0.491737
vt -0.178052 0.481236
vt -0.194312 0.328567
vt -0.216138 0.328567
vt -0.265459 0.491737
vt -0.245617 0.491737
vt -0.216138 0.328567
vt -0.235564 0.317016
vt -0.283119 0.481236
vt -0.265459 0.491737
vt -0.156834 0.481236
vt -0.174698 0.467938
vt -0.273954 0.590692
vt -0.257877 0.602660
vt -0.279914 -0.174698
vt -0.260072 -0.185307
vt -0.313851 -0.283503
vt -0.331708 -0.273954
vt -0.260072 0.467938
vt -0.243436 0.481236
vt -0.298878 0.602660
vt -0.313851 0.590692
vt -0.178052 0.481236
vt -0.160188 0.494534
vt -0.260895 0.614629
vt -0.276973 0.602660
vt -0.246641 -0.160188
vt -0.266483 -0.149579
vt -0.319620 -0.251347
vt -0.301763 -0.260895
vt -0.266483 0.494534
vt -0.283119 0.481236
vt -0.334593 0.602660
vt -0.319620 0.614629
vt -0.257877 0.602660
vt -0.271044 0.587931
vt -0.377952 0.668196
vt -0.366248 0.681289
vt -0.330152 -0.271044
vt -0.312294 -0.280592
vt -0.370164 -0.386439
vt -0.386038 -0.377952
vt -0.312294 0.587931
vt -0.298878 0.602660
vt -0.358238 0.681289
vt -0.370164 0.668196
vt -0.276973 0.602660
vt -0.263806 0.617390
vt -0.371518 0.694382
vt -0.383222 0.681289
vt -0.303319 -0.263806
vt -0.321177 -0.254257
vt -0.378059 -0.363030
vt -0.362186 -0.371518
vt -0.254257 0.617390
vt -0.257877 0.602660
vt -0.366248 0.681289
vt -0.363030 0.694382
vt -0.366248 0.681289
vt -0.374144 0.666261
vt -0.488857 0.703973
vt -0.481947 0.717122
vt -0.384002 -0.374144
vt -0.368128 -0.382631
vt -0.430171 -0.496283
vt -0.444060 -0.488857
vt -0.382631 0.666261
vt -0.383222 0.681289
vt -0.496800 0.717122
vt -0.496283 0.703973
vt -0.383222 0.681289
vt -0.375325 0.696317
vt -0.489890 0.730272
vt -0.496800 0.717122
vt -0.364222 -0.375325
vt -0.380095 -0.366838
vt -0.440642 -0.482464
vt -0.426753 -0.489890
vt -0.366838 0.696317
vt -0.366248 0.681289
vt -0.481947 0.717122
vt -0.482464 0.730272
vt -0.481947 0.717122
vt -0.485055 0.703500
vt -0.607639 0.698483
vt -0.604975 0.710160
vt -0.442028 -0.485055
vt -0.428138 -0.492482
vt -0.494390 -0.614005
vt -0.506295 -0.607639
vt -0.492482 0.703500
vt -0.496800 0.717122
vt -0.617706 0.710160
vt -0.614005 0.698483
vt -0.496800 0.717122
vt -0.493691 0.730745
vt -0.615041 0.721836
vt -0.617706 0.710160
vt -0.428785 -0.493691
vt -0.442674 -0.486265
vt -0.506849 -0.608676
vt -0.494944 -0.615041
vt -0.486265 0.730745
vt -0.481947 0.717122
vt -0.604975 0.710160
vt -0.608676 0.721836
vt 0.500000 0.500000
vt 0.500000 0.583333
vt 0.625000 0.583333
vt 0.625000 0.500000
vt 0.625000 0.500000
vt 0.625000 0.583333
vt 0.750000 0.583333
vt 0.750000 0.500000
vt 0.750000 0.500000
vt 0.750000 0.583333
vt 0.875000 0.583333
vt 0.875000 0.500000
vt 0.875000 0.500000
vt 0.875000 0.583333
vt 1.000000 0.583333
vt 1.000000 0.500000
vt 0.500000 0.583333
vt 0.500000 0.666667
vt 0.625000 0.666667
vt 0.625000 0.583333
vt 0.625000 0.583333
vt 0.625000 0.666667
vt 0.750000 0.666667
vt 0.750000 0.583333
vt 0.750000 0.583333
vt 0.750000 0.666667
vt 0.875000 0.666667
vt 0.875000 0.583333
vt 0.875000 0.583333
vt 0.875000 0.666667
vt 1.000000 0.666667
vt 1.000000 0.583333
vt 0.500000 0.666667
vt 0.500000 0.750000
vt 0.625000 0.750000
vt 0.625000 0.666667
vt 0.625000 0.666667
vt 0.625000 0.750000
vt 0.750000 0.750000
vt 0.750000 0.666667
vt 0.750000 0.666667
vt 0.750000 0.750000
vt 0.875000 0.750000
vt 0.875000 0.666667
vt 0.875000 0.666667
vt 0.875000 0.750000
vt 1.000000 0.750000
vt 1.000000 0.666667
vt 0.500000 0.750000
vt 0.500000 0.833333
vt 0.625000 0.833333
vt 0.625000 0.750000
vt 0.625000 0.750000
vt 0.625000 0.833333
vt 0.750000 0.833333
vt 0.750000 0.750000
vt 0.750000 0.750000
vt 0.750000 0.833333
vt 0.875000 0.833333
vt 0.875000 0.750000
vt 0.875000 0.750000
vt 0.875000 0.833333
vt 1.000000 0.833333
vt 1.000000 0.750000
vt 0.500000 0.833333
vt 0.500000 0.916667
vt 0.625000 0.916667
vt 0.625000 0.833333
vt 0.625000 0.833333
vt 0.625000 0.916667
vt 0.750000 0.916667
vt 0.750000 0.833333
vt 0.750000 0.833333
vt 0.750000 0.916667
vt 0.875000 0.916667
vt 0.875000 0.833333
vt 0.875000 0.833333
vt 0.875000 0.916667
vt 1.000000 0.916667
vt 1.000000 0.833333
vt 0.500000 0.916667
vt 0.500000 1.000000
vt 0.625000 1.000000
vt 0.625000 0.916667
vt 0.625000 0.916667
vt 0.625000 1.000000
vt 0.750000 1.000000
vt 0.750000 0.916667
vt 0.750000 0.916667
vt 0.750000 1.000000
vt 0.875000 1.000000
vt 0.875000 0.916667
vt 0.875000 0.916667
vt 0.875000 1.000000
vt 1.000000 1.000000
vt 1.000000 0.916667
vt -0.077600 0.105754
vt -0.098965 0.117261
vt -0.008024 0.314624
vt 0.011561 0.304075
vt 0.103134 0.117261
vt 0.076470 0.121507
vt 0.108980 0.318516
vt 0.133422 0.314624
vt -0.098965 0.121507
vt -0.077600 0.114246
vt 0.011561 0.311859
vt -0.008024 0.318516
vt -0.077600 0.114246
vt -0.056236 0.102739
vt 0.031145 0.301311
vt 0.011561 0.311859
vt 0.073481 0.102739
vt 0.100145 0.098493
vt 0.130682 0.297419
vt 0.106240 0.301311
vt -0.056236 0.098493
vt -0.077600 0.105754
vt 0.011561 0.304075
vt 0.031145 0.297419
vt 0.096497 0.307967
vt 0.114058 0.295851
vt 0.149630 0.450383
vt 0.133665 0.461398
vt 0.114058 0.295851
vt 0.137392 0.295851
vt 0.170843 0.450383
vt 0.149630 0.450383
vt 0.024106 0.295851
vt 0.003311 0.307967
vt 0.103188 0.461398
vt 0.122092 0.450383
vt 0.003311 0.307967
vt -0.009234 0.320084
vt 0.091783 0.472412
vt 0.103188 0.461398
vt 0.125604 0.320084
vt 0.102270 0.320084
vt 0.138914 0.472412
vt 0.160127 0.472412
vt -0.000984 0.320084
vt 0.019811 0.307967
vt 0.118188 0.461398
vt 0.099284 0.472412
vt 0.118188 0.461398
vt 0.127028 0.447207
vt 0.234487 0.557520
vt 0.226531 0.570291
vt 0.127028 0.148723
vt 0.119528 0.169936
vt 0.227737 0.207001
vt 0.234487 0.187909
vt 0.119528 0.447207
vt 0.103188 0.461398
vt 0.213031 0.570291
vt 0.227737 0.557520
vt 0.103188 0.461398
vt 0.094348 0.475588
vt 0.205075 0.583062
vt 0.213031 0.570291
vt 0.094348 0.161033
vt 0.101848 0.139820
vt 0.211825 0.179897
vt 0.205075 0.198989
vt 0.101848 0.475588
vt 0.118188 0.461398
vt 0.226531 0.570291
vt 0.211825 0.583062
vt 0.226531 0.570291
vt 0.230663 0.554666
vt 0.348513 0.620758
vt 0.344840 0.634647
vt 0.230663 0.186558
vt 0.223913 0.205649
vt 0.342513 0.246388
vt 0.348513 0.229418
vt 0.223913 0.554666
vt 0.213031 0.570291
vt 0.332839 0.634647
vt 0.342513 0.620758
vt 0.213031 0.570291
vt 0.208898 0.585916
vt 0.329166 0.648536
vt 0.332839 0.634647
vt 0.208898 0.200341
vt 0.215648 0.181249
vt 0.335166 0.224699
vt 0.329166 0.241669
vt 0.215648 0.585916
vt 0.226531 0.570291
vt 0.344840 0.634647
vt 0.335166 0.648536
vt 0.344840 0.634647
vt 0.343946 0.619219
vt 0.472332 0.640967
vt 0.473114 0.654466
vt 0.343946 0.227803
vt 0.337946 0.244773
vt 0.467082 0.289238
vt 0.472332 0.274388
vt 0.337946 0.619219
vt 0.332839 0.634647
vt 0.462614 0.654466
vt 0.467082 0.640967
vt 0.332839 0.634647
vt 0.333733 0.650074
vt 0.463396 0.667965
vt 0.462614 0.654466
vt 0.333733 0.243284
vt 0.339733 0.226313
vt 0.468646 0.273085
vt 0.463396 0.287934
vt 0.339733 0.650074
vt 0.344840 0.634647
vt 0.473114 0.654466
vt 0.468646 0.667965
vt 0.473114 0.654466
vt 0.468363 0.641013
vt 0.607282 0.618217
vt 0.611355 0.629747
vt 0.468363 0.272985
vt 0.463113 0.287834
vt 0.602782 0.336022
vt 0.607282 0.323294
vt 0.463113 0.641013
vt 0.462614 0.654466
vt 0.602354 0.629747
vt 0.602782 0.618217
vt 0.462614 0.654466
vt 0.467366 0.667918
vt 0.606427 0.641278
vt 0.602354 0.629747
vt 0.467366 0.289338
vt 0.472616 0.274489
vt 0.610927 0.324583
vt 0.606427 0.337311
vt 0.472616 0.667918
vt 0.473114 0.654466
vt 0.611355 0.629747
vt 0.610927 0.641278
vt 0.000000 0.000000
vt 0.000000 0.083333
vt 0.125000 0.083333
vt 0.125000 0.000000
vt 0.125000 0.000000
vt 0.125000 0.083333
vt 0.250000 0.083333
vt 0.250000 0.000000
vt 0.250000 0.000000
vt 0.250000 0.083333
vt 0.375000 0.083333
vt 0.375000 0.000000
vt 0.375000 0.000000
vt 0.375000 0.083333
vt 0.500000 0.083333
vt 0.500000 0.000000
vt 0.000000 0.083333
vt 0.000000 0.166667
vt 0.125000 0.166667
vt 0.125000 0.083333
vt 0.125000 0.083333
vt 0.125000 0.166667
vt 0.250000 0.166667
vt 0.250000 0.083333
vt 0.250000 0.083333
vt 0.250000 0.166667
vt 0.375000 0.166667
vt 0.375000 0.083333
vt 0.375000 0.083333
vt 0.375000 0.166667
vt 0.500000 0.166667
vt 0.500000 0.083333
vt 0.000000 0.166667
vt 0.000000 0.250000
vt 0.125000 0.250000
vt 0.125000 0.166667
vt 0.125000 0.166667
vt 0.125000 0.250000
vt 0.250000 0.250000
vt 0.250000 0.166667
vt 0.250000 0.166667
vt 0.250000 0.250000
vt 0.375000 0.250000
vt 0.375000 0.166667
vt 0.375000 0.166667
vt 0.375000 0.250000
vt 0.500000 0.250000
vt 0.500000 0.166667
vt 0.000000 0.250000
vt 0.000000 0.333333
vt 0.125000 0.333333
vt 0.125000 0.250000
vt 0.125000 0.250000
vt 0.125000 0.333333
vt 0.250000 0.333333
vt 0.250000 0.250000
vt 0.250000 0.250000
vt 0.250000 0.333333
vt 0.375000 0.333333
vt 0.375000 0.250000
vt 0.375000 0.250000
vt 0.375000 0.333333
vt 0.500000 0.333333
vt 0.500000 0.250000
vt 0.000000 0.333333
vt 0.000000 0.416667
vt 0.125000 0.416667
vt 0.125000 0.333333
vt 0.125000 0.333333
vt 0.125000 0.416667
vt 0.250000 0.416667
vt 0.250000 0.333333
vt 0.250000 0.333333
vt 0.250000 0.416667
vt 0.375000 0.416667
vt 0.375000 0.333333
vt 0.375000 0.333333
vt 0.375000 0.416667
vt 0.500000 0.416667
vt 0.500000 0.333333
vt 0.000000 0.416667
vt 0.000000 0.500000
vt 0.125000 0.500000
vt 0.125000 0.416667
vt 0.125000 0.416667
vt 0.125000 0.500000
vt 0.250000 0.500000
vt 0.250000 0.416667
vt 0.250000 0.416667
vt 0.250000 0.500000
vt 0.375000 0.500000
vt 0.375000 0.416667
vt 0.375000 0.416667
vt 0.375000 0.500000
vt 0.500000 0.500000
vt 0.500000 0.416667
vt -0.185836 0.110000
vt -0.210495 0.099750
vt -0.273571 0.244249
vt -0.250967 0.253645
vt 0.113297 0.099750
vt 0.088543 0.099750
vt 0.116849 0.244249
vt 0.139541 0.244249
vt 0.088543 0.099750
vt 0.067774 0.110000
vt 0.097811 0.253645
vt 0.116849 0.244249
vt -0.207398 0.110000
vt -0.182739 0.120250
vt -0.248129 0.263041
vt -0.270732 0.253645
vt 0.071759 0.120250
vt 0.096514 0.120250
vt 0.124156 0.263041
vt 0.101465 0.263041
vt 0.096514 0.120250
vt 0.117282 0.110000
vt 0.143194 0.253645
vt 0.124156 0.263041
vt -0.250967 0.253645
vt -0.271763 0.240980
vt -0.343624 0.350629
vt -0.324720 0.362143
vt 0.138753 0.240980
vt 0.116062 0.240980
vt 0.148194 0.350629
vt 0.168823 0.350629
vt 0.116062 0.240980
vt 0.097811 0.253645
vt 0.131603 0.362143
vt 0.148194 0.350629
vt -0.270732 0.253645
vt -0.249937 0.266310
vt -0.323783 0.373656
vt -0.342688 0.362143
vt 0.102252 0.266310
vt 0.124944 0.266310
vt 0.156269 0.373656
vt 0.135640 0.373656
vt 0.124944 0.266310
vt 0.143194 0.253645
vt 0.172860 0.362143
vt 0.156269 0.373656
vt -0.324720 0.362143
vt -0.340584 0.347115
vt -0.421370 0.421969
vt -0.407093 0.435494
vt -0.340584 0.167499
vt -0.349568 0.146870
vt -0.429456 0.182890
vt -0.421370 0.201456
vt -0.349568 0.347115
vt -0.342688 0.362143
vt -0.423264 0.435494
vt -0.429456 0.421969
vt -0.342688 0.362143
vt -0.326823 0.377171
vt -0.408986 0.449019
vt -0.423264 0.435494
vt -0.326823 0.136965
vt -0.317839 0.157593
vt -0.400900 0.192541
vt -0.408986 0.173975
vt -0.317839 0.377171
vt -0.324720 0.362143
vt -0.407093 0.435494
vt -0.400900 0.449019
vt -0.407093 0.435494
vt -0.416961 0.419149
vt -0.506859 0.459169
vt -0.498087 0.473698
vt -0.416961 0.199535
vt -0.425047 0.180970
vt -0.514046 0.220957
vt -0.506859 0.237460
vt -0.425047 0.419149
vt -0.423264 0.435494
vt -0.512461 0.473698
vt -0.514046 0.459169
vt -0.423264 0.435494
vt -0.413395 0.451839
vt -0.503689 0.488227
vt -0.512461 0.473698
vt -0.413395 0.175895
vt -0.405309 0.194461
vt -0.496502 0.232949
vt -0.503689 0.216447
vt -0.405309 0.451839
vt -0.407093 0.435494
vt -0.498087 0.473698
vt -0.496502 0.488227
vt -0.498087 0.473698
vt -0.502086 0.458116
vt -0.601201 0.463121
vt -0.597701 0.476755
vt -0.502086 0.235381
vt -0.509273 0.218879
vt -0.607490 0.262880
vt -0.601201 0.277320
vt -0.509273 0.458116
vt -0.512461 0.473698
vt -0.610279 0.476755
vt -0.607490 0.463121
vt -0.512461 0.473698
vt -0.508462 0.489280
vt -0.606780 0.490389
vt -0.610279 0.476755
vt -0.508462 0.218525
vt -0.501275 0.235028
vt -0.600491 0.277011
vt -0.606780 0.262571
vt -0.501275 0.489280
vt -0.498087 0.473698
vt -0.597701 0.476755
vt -0.600491 0.490389
vt -0.597701 0.476755
vt -0.597540 0.463600
vt -0.705799 0.433390
vt -0.705937 0.444665
vt -0.597540 0.275726
vt -0.603829 0.261286
vt -0.711189 0.309270
vt -0.705799 0.321648
vt -0.603829 0.463600
vt -0.610279 0.476755
vt -0.716718 0.444665
vt -0.711189 0.433390
vt -0.610279 0.476755
vt -0.610440 0.489910
vt -0.716856 0.455941
vt -0.716718 0.444665
vt -0.610440 0.264166
vt -0.604152 0.278606
vt -0.711466 0.324116
vt -0.716856 0.311738
vt -0.604152 0.489910
vt -0.597701 0.476755
vt -0.705937 0.444665
vt -0.711466 0.455941
vt 0.500000 0.000000
vt 0.500000 0.083333
vt 0.625000 0.083333
vt 0.625000 0.000000
vt 0.625000 0.000000
vt 0.625000 0.083333
vt 0.750000 0.083333
vt 0.750000 0.000000
vt 0.750000 0.000000
vt 0.750000 0.083333
vt 0.875000 0.083333
vt 0.875000 0.000000
vt 0.875000 0.000000
vt 0.875000 0.083333
vt 1.000000 0.083333
vt 1.000000 0.000000
vt 0.500000 0.083333
vt 0.500000 0.166667
vt 0.625000 0.166667
vt 0.625000 0.083333
vt 0.625000 0.083333
vt 0.625000 0.166667
vt 0.750000 0.166667
vt 0.750000 0.083333
vt 0.750000 0.083333
vt 0.750000 0.166667
vt 0.875000 0.166667
vt 0.875000 0.083333
vt 0.875000 0.083333
vt 0.875000 0.166667
vt 1.000000 0.166667
vt 1.000000 0.083333
vt 0.500000 0.166667
vt 0.500000 0.250000
vt 0.625000 0.250000
vt 0.625000 0.166667
vt 0.625000 0.166667
vt 0.625000 0.250000
vt 0.750000 0.250000
vt 0.750000 0.166667
vt 0.750000 0.166667
vt 0.750000 0.250000
vt 0.875000 0.250000
vt 0.875000 0.166667
vt 0.875000 0.166667
vt 0.875000 0.250000
vt 1.000000 0.250000
vt 1.000000 0.166667
vt 0.500000 0.250000
vt 0.500000 0.333333
vt 0.625000 0.333333
vt 0.625000 0.250000
vt 0.625000 0.250000
vt 0.625000 0.333333
vt 0.750000 0.333333
vt 0.750000 0.250000
vt 0.750000 0.250000
vt 0.750000 0.333333
vt 0.875000 0.333333
vt 0.875000 0.250000
vt 0.875000 0.250000
vt 0.875000 0.333333
vt 1.000000 0.333333
vt 1.000000 0.250000
vt 0.500000 0.333333
vt 0.500000 0.416667
vt 0.625000 0.416667
vt 0.625000 0.333333
vt 0.625000 0.333333
vt 0.625000 0.416667
vt 0.750000 0.416667
vt 0.750000 0.333333
vt 0.750000 0.333333
vt 0.750000 0.416667
vt 0.875000 0.416667
vt 0.875000 0.333333
vt 0.875000 0.333333
vt 0.875000 0.416667
vt 1.000000 0.416667
vt 1.000000 0.333333
vt 0.500000 0.416667
vt 0.500000 0.500000
vt 0.625000 0.500000
vt 0.625000 0.416667
vt 0.625000 0.416667
vt 0.625000 0.500000
vt 0.750000 0.500000
vt 0.750000 0.416667
vt 0.750000 0.416667
vt 0.750000 0.500000
vt 0.875000 0.500000
vt 0.875000 0.416667
vt 0.875000 0.416667
vt 0.875000 0.500000
vt 1.000000 0.500000
vt 1.000000 0.416667
vt -0.139335 0.110000
vt -0.119044 0.099587
vt -0.084142 0.287867
vt -0.102742 0.297412
vt -0.119044 0.099587
vt -0.093962 0.099587
vt -0.061150 0.287867
vt -0.084142 0.287867
vt -0.006934 0.099587
vt 0.017512 0.110000
vt -0.069919 0.297412
vt -0.092328 0.287867
vt -0.089170 0.110000
vt -0.109460 0.120413
vt -0.075356 0.306958
vt -0.056757 0.297412
vt -0.109460 0.120413
vt -0.134542 0.120413
vt -0.098349 0.306958
vt -0.075356 0.306958
vt 0.021971 0.120413
vt -0.002475 0.110000
vt -0.088240 0.297412
vt -0.065832 0.306958
vt -0.102742 0.297412
vt -0.084994 0.284216
vt -0.044726 0.423019
vt -0.060860 0.435015
vt -0.084994 0.284216
vt -0.062002 0.284216
vt -0.023824 0.423019
vt -0.044726 0.423019
vt -0.090190 0.284216
vt -0.069919 0.297412
vt -0.170624 0.435015
vt -0.189052 0.423019
vt -0.056757 0.297412
vt -0.074505 0.310609
vt -0.035190 0.447012
vt -0.019056 0.435015
vt -0.074505 0.310609
vt -0.097497 0.310609
vt -0.056092 0.447012
vt -0.035190 0.447012
vt -0.067969 0.310609
vt -0.088240 0.297412
vt -0.187279 0.435015
vt -0.168851 0.447012
vt -0.187279 0.435015
vt -0.193700 0.419208
vt -0.305371 0.508581
vt -0.299592 0.522808
vt -0.046192 -0.193700
vt -0.025290 -0.185372
vt 0.018323 -0.297875
vt -0.000489 -0.305371
vt -0.185372 0.419208
vt -0.170624 0.435015
vt -0.284602 0.522808
vt -0.297875 0.508581
vt -0.170624 0.435015
vt -0.164203 0.450822
vt -0.278823 0.537034
vt -0.284602 0.522808
vt -0.033724 -0.164203
vt -0.054626 -0.172530
vt -0.008080 -0.286318
vt 0.010732 -0.278823
vt -0.172530 0.450822
vt -0.187279 0.435015
vt -0.299592 0.522808
vt -0.286318 0.537034
vt -0.299592 0.522808
vt -0.300224 0.505916
vt -0.425739 0.545776
vt -0.425177 0.560790
vt -0.002540 -0.300224
vt 0.016272 -0.292729
vt 0.065401 -0.419077
vt 0.048680 -0.425739
vt -0.292729 0.505916
vt -0.284602 0.522808
vt -0.411853 0.560790
vt -0.419077 0.545776
vt -0.284602 0.522808
vt -0.283969 0.539699
vt -0.411291 0.575805
vt -0.411853 0.560790
vt 0.012782 -0.283969
vt -0.006030 -0.291464
vt 0.045577 -0.417953
vt 0.062299 -0.411291
vt -0.291464 0.539699
vt -0.299592 0.522808
vt -0.425177 0.560790
vt -0.417953 0.575805
vt -0.425177 0.560790
vt -0.420711 0.545250
vt -0.560128 0.535365
vt -0.564037 0.548963
vt 0.046676 -0.420711
vt 0.063398 -0.414049
vt 0.118066 -0.554299
vt 0.103434 -0.560128
vt -0.414049 0.545250
vt -0.411853 0.560790
vt -0.552378 0.548963
vt -0.554299 0.535365
vt -0.411853 0.560790
vt -0.416320 0.576331
vt -0.556286 0.562561
vt -0.552378 0.548963
vt 0.064303 -0.416320
vt 0.047581 -0.422982
vt 0.104226 -0.562115
vt 0.118857 -0.556286
vt -0.422982 0.576331
vt -0.425177 0.560790
vt -0.564037 0.548963
vt -0.562115 0.562561
vt -0.564037 0.548963
vt -0.556680 0.536189
vt -0.709863 0.476377
vt -0.716169 0.487326
vt 0.102060 -0.556680
vt 0.116692 -0.550850
vt 0.176844 -0.704866
vt 0.164303 -0.709863
vt -0.550850 0.536189
vt -0.552378 0.548963
vt -0.706176 0.487326
vt -0.704866 0.476377
vt -0.552378 0.548963
vt -0.559735 0.561738
vt -0.712482 0.498276
vt -0.706176 0.487326
vt 0.120231 -0.559735
vt 0.105600 -0.565564
vt 0.167337 -0.717478
vt 0.179878 -0.712482
vt -0.565564 0.561738
vt -0.564037 0.548963
vt -0.716169 0.487326
vt -0.717478 0.498276
vt 0.000000 0.500000
vt 0.000000 0.583333
vt 0.125000 0.583333
vt 0.125000 0.500000
vt 0.125000 0.500000
vt 0.125000 0.583333
vt 0.250000 0.583333
vt 0.250000 0.500000
vt 0.250000 0.500000
vt 0.250000 0.583333
vt 0.375000 0.583333
vt 0.375000 0.500000
vt 0.375000 0.500000
vt 0.375000 0.583333
vt 0.500000 0.583333
vt 0.500000 0.500000
vt 0.000000 0.583333
vt 0.000000 0.666667
vt 0.125000 0.666667
vt 0.125000 0.583333
vt 0.125000 0.583333
vt 0.125000 0.666667
vt 0.250000 0.666667
vt 0.250000 0.583333
vt 0.250000 0.583333
vt 0.250000 0.666667
vt 0.375000 0.666667
vt 0.375000 0.583333
vt 0.375000 0.583333
vt 0.375000 0.666667
vt 0.500000 0.666667
vt 0.500000 0.583333
vt 0.000000 0.666667
vt 0.000000 0.750000
vt 0.125000 0.750000
vt 0.125000 0.666667
vt 0.125000 0.666667
vt 0.125000 0.750000
vt 0.250000 0.750000
vt 0.250000 0.666667
vt 0.250000 0.666667
vt 0.250000 0.750000
vt 0.375000 0.750000
vt 0.375000 0.666667
vt 0.375000 0.666667
vt 0.375000 0.750000
vt 0.500000 0.750000
vt 0.500000 0.666667
vt 0.000000 0.750000
vt 0.000000 0.833333
vt 0.125000 0.833333
vt 0.125000 0.750000
vt 0.125000 0.750000
vt 0.125000 0.833333
vt 0.250000 0.833333
vt 0.250000 0.750000
vt 0.250000 0.750000
vt 0.250000 0.833333
vt 0.375000 0.833333
vt 0.375000 0.750000
vt 0.375000 0.750000
vt 0.375000 0.833333
vt 0.500000 0.833333
vt 0.500000 0.750000
vt 0.000000 0.833333
vt 0.000000 0.916667
vt 0.125000 0.916667
vt 0.125000 0.833333
vt 0.125000 0.833333
vt 0.125000 0.916667
vt 0.250000 0.916667
vt 0.250000 0.833333
vt 0.250000 0.833333
vt 0.250000 0.916667
vt 0.375000 0.916667
vt 0.375000 0.833333
vt 0.375000 0.833333
vt 0.375000 0.916667
vt 0.500000 0.916667
vt 0.500000 0.833333
vt 0.000000 0.916667
vt 0.000000 1.000000
vt 0.125000 1.000000
vt 0.125000 0.916667
vt 0.125000 0.916667
vt 0.125000 1.000000
vt 0.250000 1.000000
vt 0.250000 0.916667
vt 0.250000 0.916667
vt 0.250000 1.000000
vt 0.375000 1.000000
vt 0.375000 0.916667
vt 0.375000 0.916667
vt 0.375000 1.000000
vt 0.500000 1.000000
vt 0.500000 0.916667
usemtl M_Philodendron_Crown
s 1
f 1/1 2/2 20/3 19/4
f 2/5 3/6 21/7 20/8
f 3/9 4/10 22/11 21/12
f 4/13 5/14 23/15 22/16
f 5/17 6/18 24/19 23/20
f 6/21 7/22 25/23 24/24
f 7/25 8/26 26/27 25/28
f 8/29 9/30 27/31 26/32
f 9/33 10/34 28/35 27/36
f 10/37 11/38 29/39 28/40
f 11/41 12/42 30/43 29/44
f 12/45 13/46 31/47 30/48
f 13/49 14/50 32/51 31/52
f 14/53 15/54 33/55 32/56
f 15/57 16/58 34/59 33/60
f 16/61 17/62 35/63 34/64
f 17/65 18/66 36/67 35/68
f 18/69 1/70 19/71 36/72
f 37/73 19/74 20/75
f 37/76 20/77 21/78
f 37/79 21/80 22/81
f 37/82 22/83 23/84
f 37/85 23/86 24/87
f 37/88 24/89 25/90
f 37/91 25/92 26/93
f 37/94 26/95 27/96
f 37/97 27/98 28/99
f 37/100 28/101 29/102
f 37/103 29/104 30/105
f 37/106 30/107 31/108
f 37/109 31/110 32/111
f 37/112 32/113 33/114
f 37/115 33/116 34/117
f 37/118 34/119 35/120
f 37/121 35/122 36/123
f 37/124 36/125 19/126
f 38/127 2/128 1/129
f 38/130 3/131 2/132
f 38/133 4/134 3/135
f 38/136 5/137 4/138
f 38/139 6/140 5/141
f 38/142 7/143 6/144
f 38/145 8/146 7/147
f 38/148 9/149 8/150
f 38/151 10/152 9/153
f 38/154 11/155 10/156
f 38/157 12/158 11/159
f 38/160 13/161 12/162
f 38/163 14/164 13/165
f 38/166 15/167 14/168
f 38/169 16/170 15/171
f 38/172 17/173 16/174
f 38/175 18/176 17/177
f 38/178 1/179 18/180
usemtl M_Philodendron_Petiole
s 1
f 39/181 40/182 46/183 45/184
f 40/185 41/186 47/187 46/188
f 41/189 42/190 48/191 47/192
f 42/193 43/194 49/195 48/196
f 43/197 44/198 50/199 49/200
f 44/201 39/202 45/203 50/204
f 51/205 52/206 58/207 57/208
f 52/209 53/210 59/211 58/212
f 53/213 54/214 60/215 59/216
f 54/217 55/218 61/219 60/220
f 55/221 56/222 62/223 61/224
f 56/225 51/226 57/227 62/228
f 63/229 64/230 70/231 69/232
f 64/233 65/234 71/235 70/236
f 65/237 66/238 72/239 71/240
f 66/241 67/242 73/243 72/244
f 67/245 68/246 74/247 73/248
f 68/249 63/250 69/251 74/252
f 75/253 76/254 82/255 81/256
f 76/257 77/258 83/259 82/260
f 77/261 78/262 84/263 83/264
f 78/265 79/266 85/267 84/268
f 79/269 80/270 86/271 85/272
f 80/273 75/274 81/275 86/276
f 87/277 88/278 94/279 93/280
f 88/281 89/282 95/283 94/284
f 89/285 90/286 96/287 95/288
f 90/289 91/290 97/291 96/292
f 91/293 92/294 98/295 97/296
f 92/297 87/298 93/299 98/300
f 99/301 100/302 106/303 105/304
f 100/305 101/306 107/307 106/308
f 101/309 102/310 108/311 107/312
f 102/313 103/314 109/315 108/316
f 103/317 104/318 110/319 109/320
f 104/321 99/322 105/323 110/324
usemtl M_Philodendron_Leaf
s 1
f 111/325 116/326 117/327 112/328
f 112/329 117/330 118/331 113/332
f 113/333 118/334 119/335 114/336
f 114/337 119/338 120/339 115/340
f 116/341 121/342 122/343 117/344
f 117/345 122/346 123/347 118/348
f 118/349 123/350 124/351 119/352
f 119/353 124/354 125/355 120/356
f 121/357 126/358 127/359 122/360
f 122/361 127/362 128/363 123/364
f 123/365 128/366 129/367 124/368
f 124/369 129/370 130/371 125/372
f 126/373 131/374 132/375 127/376
f 127/377 132/378 133/379 128/380
f 128/381 133/382 134/383 129/384
f 129/385 134/386 135/387 130/388
f 131/389 136/390 137/391 132/392
f 132/393 137/394 138/395 133/396
f 133/397 138/398 139/399 134/400
f 134/401 139/402 140/403 135/404
f 136/405 141/406 142/407 137/408
f 137/409 142/410 143/411 138/412
f 138/413 143/414 144/415 139/416
f 139/417 144/418 145/419 140/420
usemtl M_Philodendron_Petiole
s 1
f 146/421 147/422 153/423 152/424
f 147/425 148/426 154/427 153/428
f 148/429 149/430 155/431 154/432
f 149/433 150/434 156/435 155/436
f 150/437 151/438 157/439 156/440
f 151/441 146/442 152/443 157/444
f 158/445 159/446 165/447 164/448
f 159/449 160/450 166/451 165/452
f 160/453 161/454 167/455 166/456
f 161/457 162/458 168/459 167/460
f 162/461 163/462 169/463 168/464
f 163/465 158/466 164/467 169/468
f 170/469 171/470 177/471 176/472
f 171/473 172/474 178/475 177/476
f 172/477 173/478 179/479 178/480
f 173/481 174/482 180/483 179/484
f 174/485 175/486 181/487 180/488
f 175/489 170/490 176/491 181/492
f 182/493 183/494 189/495 188/496
f 183/497 184/498 190/499 189/500
f 184/501 185/502 191/503 190/504
f 185/505 186/506 192/507 191/508
f 186/509 187/510 193/511 192/512
f 187/513 182/514 188/515 193/516
f 194/517 195/518 201/519 200/520
f 195/521 196/522 202/523 201/524
f 196/525 197/526 203/527 202/528
f 197/529 198/530 204/531 203/532
f 198/533 199/534 205/535 204/536
f 199/537 194/538 200/539 205/540
f 206/541 207/542 213/543 212/544
f 207/545 208/546 214/547 213/548
f 208/549 209/550 215/551 214/552
f 209/553 210/554 216/555 215/556
f 210/557 211/558 217/559 216/560
f 211/561 206/562 212/563 217/564
usemtl M_Philodendron_Leaf
s 1
f 218/565 223/566 224/567 219/568
f 219/569 224/570 225/571 220/572
f 220/573 225/574 226/575 221/576
f 221/577 226/578 227/579 222/580
f 223/581 228/582 229/583 224/584
f 224/585 229/586 230/587 225/588
f 225/589 230/590 231/591 226/592
f 226/593 231/594 232/595 227/596
f 228/597 233/598 234/599 229/600
f 229/601 234/602 235/603 230/604
f 230/605 235/606 236/607 231/608
f 231/609 236/610 237/611 232/612
f 233/613 238/614 239/615 234/616
f 234/617 239/618 240/619 235/620
f 235/621 240/622 241/623 236/624
f 236/625 241/626 242/627 237/628
f 238/629 243/630 244/631 239/632
f 239/633 244/634 245/635 240/636
f 240/637 245/638 246/639 241/640
f 241/641 246/642 247/643 242/644
f 243/645 248/646 249/647 244/648
f 244/649 249/650 250/651 245/652
f 245/653 250/654 251/655 246/656
f 246/657 251/658 252/659 247/660
usemtl M_Philodendron_Petiole
s 1
f 253/661 254/662 260/663 259/664
f 254/665 255/666 261/667 260/668
f 255/669 256/670 262/671 261/672
f 256/673 257/674 263/675 262/676
f 257/677 258/678 264/679 263/680
f 258/681 253/682 259/683 264/684
f 265/685 266/686 272/687 271/688
f 266/689 267/690 273/691 272/692
f 267/693 268/694 274/695 273/696
f 268/697 269/698 275/699 274/700
f 269/701 270/702 276/703 275/704
f 270/705 265/706 271/707 276/708
f 277/709 278/710 284/711 283/712
f 278/713 279/714 285/715 284/716
f 279/717 280/718 286/719 285/720
f 280/721 281/722 287/723 286/724
f 281/725 282/726 288/727 287/728
f 282/729 277/730 283/731 288/732
f 289/733 290/734 296/735 295/736
f 290/737 291/738 297/739 296/740
f 291/741 292/742 298/743 297/744
f 292/745 293/746 299/747 298/748
f 293/749 294/750 300/751 299/752
f 294/753 289/754 295/755 300/756
f 301/757 302/758 308/759 307/760
f 302/761 303/762 309/763 308/764
f 303/765 304/766 310/767 309/768
f 304/769 305/770 311/771 310/772
f 305/773 306/774 312/775 311/776
f 306/777 301/778 307/779 312/780
f 313/781 314/782 320/783 319/784
f 314/785 315/786 321/787 320/788
f 315/789 316/790 322/791 321/792
f 316/793 317/794 323/795 322/796
f 317/797 318/798 324/799 323/800
f 318/801 313/802 319/803 324/804
usemtl M_Philodendron_Leaf
s 1
f 325/805 330/806 331/807 326/808
f 326/809 331/810 332/811 327/812
f 327/813 332/814 333/815 328/816
f 328/817 333/818 334/819 329/820
f 330/821 335/822 336/823 331/824
f 331/825 336/826 337/827 332/828
f 332/829 337/830 338/831 333/832
f 333/833 338/834 339/835 334/836
f 335/837 340/838 341/839 336/840
f 336/841 341/842 342/843 337/844
f 337/845 342/846 343/847 338/848
f 338/849 343/850 344/851 339/852
f 340/853 345/854 346/855 341/856
f 341/857 346/858 347/859 342/860
f 342/861 347/862 348/863 343/864
f 343/865 348/866 349/867 344/868
f 345/869 350/870 351/871 346/872
f 346/873 351/874 352/875 347/876
f 347/877 352/878 353/879 348/880
f 348/881 353/882 354/883 349/884
f 350/885 355/886 356/887 351/888
f 351/889 356/890 357/891 352/892
f 352/893 357/894 358/895 353/896
f 353/897 358/898 359/899 354/900
usemtl M_Philodendron_Petiole
s 1
f 360/901 361/902 367/903 366/904
f 361/905 362/906 368/907 367/908
f 362/909 363/910 369/911 368/912
f 363/913 364/914 370/915 369/916
f 364/917 365/918 371/919 370/920
f 365/921 360/922 366/923 371/924
f 372/925 373/926 379/927 378/928
f 373/929 374/930 380/931 379/932
f 374/933 375/934 381/935 380/936
f 375/937 376/938 382/939 381/940
f 376/941 377/942 383/943 382/944
f 377/945 372/946 378/947 383/948
f 384/949 385/950 391/951 390/952
f 385/953 386/954 392/955 391/956
f 386/957 387/958 393/959 392/960
f 387/961 388/962 394/963 393/964
f 388/965 389/966 395/967 394/968
f 389/969 384/970 390/971 395/972
f 396/973 397/974 403/975 402/976
f 397/977 398/978 404/979 403/980
f 398/981 399/982 405/983 404/984
f 399/985 400/986 406/987 405/988
f 400/989 401/990 407/991 406/992
f 401/993 396/994 402/995 407/996
f 408/997 409/998 415/999 414/1000
f 409/1001 410/1002 416/1003 415/1004
f 410/1005 411/1006 417/1007 416/1008
f 411/1009 412/1010 418/1011 417/1012
f 412/1013 413/1014 419/1015 418/1016
f 413/1017 408/1018 414/1019 419/1020
f 420/1021 421/1022 427/1023 426/1024
f 421/1025 422/1026 428/1027 427/1028
f 422/1029 423/1030 429/1031 428/1032
f 423/1033 424/1034 430/1035 429/1036
f 424/1037 425/1038 431/1039 430/1040
f 425/1041 420/1042 426/1043 431/1044
usemtl M_Philodendron_Leaf
s 1
f 432/1045 437/1046 438/1047 433/1048
f 433/1049 438/1050 439/1051 434/1052
f 434/1053 439/1054 440/1055 435/1056
f 435/1057 440/1058 441/1059 436/1060
f 437/1061 442/1062 443/1063 438/1064
f 438/1065 443/1066 444/1067 439/1068
f 439/1069 444/1070 445/1071 440/1072
f 440/1073 445/1074 446/1075 441/1076
f 442/1077 447/1078 448/1079 443/1080
f 443/1081 448/1082 449/1083 444/1084
f 444/1085 449/1086 450/1087 445/1088
f 445/1089 450/1090 451/1091 446/1092
f 447/1093 452/1094 453/1095 448/1096
f 448/1097 453/1098 454/1099 449/1100
f 449/1101 454/1102 455/1103 450/1104
f 450/1105 455/1106 456/1107 451/1108
f 452/1109 457/1110 458/1111 453/1112
f 453/1113 458/1114 459/1115 454/1116
f 454/1117 459/1118 460/1119 455/1120
f 455/1121 460/1122 461/1123 456/1124
f 457/1125 462/1126 463/1127 458/1128
f 458/1129 463/1130 464/1131 459/1132
f 459/1133 464/1134 465/1135 460/1136
f 460/1137 465/1138 466/1139 461/1140
usemtl M_Philodendron_Petiole
s 1
f 467/1141 468/1142 474/1143 473/1144
f 468/1145 469/1146 475/1147 474/1148
f 469/1149 470/1150 476/1151 475/1152
f 470/1153 471/1154 477/1155 476/1156
f 471/1157 472/1158 478/1159 477/1160
f 472/1161 467/1162 473/1163 478/1164
f 479/1165 480/1166 486/1167 485/1168
f 480/1169 481/1170 487/1171 486/1172
f 481/1173 482/1174 488/1175 487/1176
f 482/1177 483/1178 489/1179 488/1180
f 483/1181 484/1182 490/1183 489/1184
f 484/1185 479/1186 485/1187 490/1188
f 491/1189 492/1190 498/1191 497/1192
f 492/1193 493/1194 499/1195 498/1196
f 493/1197 494/1198 500/1199 499/1200
f 494/1201 495/1202 501/1203 500/1204
f 495/1205 496/1206 502/1207 501/1208
f 496/1209 491/1210 497/1211 502/1212
f 503/1213 504/1214 510/1215 509/1216
f 504/1217 505/1218 511/1219 510/1220
f 505/1221 506/1222 512/1223 511/1224
f 506/1225 507/1226 513/1227 512/1228
f 507/1229 508/1230 514/1231 513/1232
f 508/1233 503/1234 509/1235 514/1236
f 515/1237 516/1238 522/1239 521/1240
f 516/1241 517/1242 523/1243 522/1244
f 517/1245 518/1246 524/1247 523/1248
f 518/1249 519/1250 525/1251 524/1252
f 519/1253 520/1254 526/1255 525/1256
f 520/1257 515/1258 521/1259 526/1260
f 527/1261 528/1262 534/1263 533/1264
f 528/1265 529/1266 535/1267 534/1268
f 529/1269 530/1270 536/1271 535/1272
f 530/1273 531/1274 537/1275 536/1276
f 531/1277 532/1278 538/1279 537/1280
f 532/1281 527/1282 533/1283 538/1284
usemtl M_Philodendron_Leaf
s 1
f 539/1285 544/1286 545/1287 540/1288
f 540/1289 545/1290 546/1291 541/1292
f 541/1293 546/1294 547/1295 542/1296
f 542/1297 547/1298 548/1299 543/1300
f 544/1301 549/1302 550/1303 545/1304
f 545/1305 550/1306 551/1307 546/1308
f 546/1309 551/1310 552/1311 547/1312
f 547/1313 552/1314 553/1315 548/1316
f 549/1317 554/1318 555/1319 550/1320
f 550/1321 555/1322 556/1323 551/1324
f 551/1325 556/1326 557/1327 552/1328
f 552/1329 557/1330 558/1331 553/1332
f 554/1333 559/1334 560/1335 555/1336
f 555/1337 560/1338 561/1339 556/1340
f 556/1341 561/1342 562/1343 557/1344
f 557/1345 562/1346 563/1347 558/1348
f 559/1349 564/1350 565/1351 560/1352
f 560/1353 565/1354 566/1355 561/1356
f 561/1357 566/1358 567/1359 562/1360
f 562/1361 567/1362 568/1363 563/1364
f 564/1365 569/1366 570/1367 565/1368
f 565/1369 570/1370 571/1371 566/1372
f 566/1373 571/1374 572/1375 567/1376
f 567/1377 572/1378 573/1379 568/1380
usemtl M_Philodendron_Petiole
s 1
f 574/1381 575/1382 581/1383 580/1384
f 575/1385 576/1386 582/1387 581/1388
f 576/1389 577/1390 583/1391 582/1392
f 577/1393 578/1394 584/1395 583/1396
f 578/1397 579/1398 585/1399 584/1400
f 579/1401 574/1402 580/1403 585/1404
f 586/1405 587/1406 593/1407 592/1408
f 587/1409 588/1410 594/1411 593/1412
f 588/1413 589/1414 595/1415 594/1416
f 589/1417 590/1418 596/1419 595/1420
f 590/1421 591/1422 597/1423 596/1424
f 591/1425 586/1426 592/1427 597/1428
f 598/1429 599/1430 605/1431 604/1432
f 599/1433 600/1434 606/1435 605/1436
f 600/1437 601/1438 607/1439 606/1440
f 601/1441 602/1442 608/1443 607/1444
f 602/1445 603/1446 609/1447 608/1448
f 603/1449 598/1450 604/1451 609/1452
f 610/1453 611/1454 617/1455 616/1456
f 611/1457 612/1458 618/1459 617/1460
f 612/1461 613/1462 619/1463 618/1464
f 613/1465 614/1466 620/1467 619/1468
f 614/1469 615/1470 621/1471 620/1472
f 615/1473 610/1474 616/1475 621/1476
f 622/1477 623/1478 629/1479 628/1480
f 623/1481 624/1482 630/1483 629/1484
f 624/1485 625/1486 631/1487 630/1488
f 625/1489 626/1490 632/1491 631/1492
f 626/1493 627/1494 633/1495 632/1496
f 627/1497 622/1498 628/1499 633/1500
f 634/1501 635/1502 641/1503 640/1504
f 635/1505 636/1506 642/1507 641/1508
f 636/1509 637/1510 643/1511 642/1512
f 637/1513 638/1514 644/1515 643/1516
f 638/1517 639/1518 645/1519 644/1520
f 639/1521 634/1522 640/1523 645/1524
usemtl M_Philodendron_Leaf
s 1
f 646/1525 651/1526 652/1527 647/1528
f 647/1529 652/1530 653/1531 648/1532
f 648/1533 653/1534 654/1535 649/1536
f 649/1537 654/1538 655/1539 650/1540
f 651/1541 656/1542 657/1543 652/1544
f 652/1545 657/1546 658/1547 653/1548
f 653/1549 658/1550 659/1551 654/1552
f 654/1553 659/1554 660/1555 655/1556
f 656/1557 661/1558 662/1559 657/1560
f 657/1561 662/1562 663/1563 658/1564
f 658/1565 663/1566 664/1567 659/1568
f 659/1569 664/1570 665/1571 660/1572
f 661/1573 666/1574 667/1575 662/1576
f 662/1577 667/1578 668/1579 663/1580
f 663/1581 668/1582 669/1583 664/1584
f 664/1585 669/1586 670/1587 665/1588
f 666/1589 671/1590 672/1591 667/1592
f 667/1593 672/1594 673/1595 668/1596
f 668/1597 673/1598 674/1599 669/1600
f 669/1601 674/1602 675/1603 670/1604
f 671/1605 676/1606 677/1607 672/1608
f 672/1609 677/1610 678/1611 673/1612
f 673/1613 678/1614 679/1615 674/1616
f 674/1617 679/1618 680/1619 675/1620
usemtl M_Philodendron_Petiole
s 1
f 681/1621 682/1622 688/1623 687/1624
f 682/1625 683/1626 689/1627 688/1628
f 683/1629 684/1630 690/1631 689/1632
f 684/1633 685/1634 691/1635 690/1636
f 685/1637 686/1638 692/1639 691/1640
f 686/1641 681/1642 687/1643 692/1644
f 693/1645 694/1646 700/1647 699/1648
f 694/1649 695/1650 701/1651 700/1652
f 695/1653 696/1654 702/1655 701/1656
f 696/1657 697/1658 703/1659 702/1660
f 697/1661 698/1662 704/1663 703/1664
f 698/1665 693/1666 699/1667 704/1668
f 705/1669 706/1670 712/1671 711/1672
f 706/1673 707/1674 713/1675 712/1676
f 707/1677 708/1678 714/1679 713/1680
f 708/1681 709/1682 715/1683 714/1684
f 709/1685 710/1686 716/1687 715/1688
f 710/1689 705/1690 711/1691 716/1692
f 717/1693 718/1694 724/1695 723/1696
f 718/1697 719/1698 725/1699 724/1700
f 719/1701 720/1702 726/1703 725/1704
f 720/1705 721/1706 727/1707 726/1708
f 721/1709 722/1710 728/1711 727/1712
f 722/1713 717/1714 723/1715 728/1716
f 729/1717 730/1718 736/1719 735/1720
f 730/1721 731/1722 737/1723 736/1724
f 731/1725 732/1726 738/1727 737/1728
f 732/1729 733/1730 739/1731 738/1732
f 733/1733 734/1734 740/1735 739/1736
f 734/1737 729/1738 735/1739 740/1740
f 741/1741 742/1742 748/1743 747/1744
f 742/1745 743/1746 749/1747 748/1748
f 743/1749 744/1750 750/1751 749/1752
f 744/1753 745/1754 751/1755 750/1756
f 745/1757 746/1758 752/1759 751/1760
f 746/1761 741/1762 747/1763 752/1764
usemtl M_Philodendron_Leaf
s 1
f 753/1765 758/1766 759/1767 754/1768
f 754/1769 759/1770 760/1771 755/1772
f 755/1773 760/1774 761/1775 756/1776
f 756/1777 761/1778 762/1779 757/1780
f 758/1781 763/1782 764/1783 759/1784
f 759/1785 764/1786 765/1787 760/1788
f 760/1789 765/1790 766/1791 761/1792
f 761/1793 766/1794 767/1795 762/1796
f 763/1797 768/1798 769/1799 764/1800
f 764/1801 769/1802 770/1803 765/1804
f 765/1805 770/1806 771/1807 766/1808
f 766/1809 771/1810 772/1811 767/1812
f 768/1813 773/1814 774/1815 769/1816
f 769/1817 774/1818 775/1819 770/1820
f 770/1821 775/1822 776/1823 771/1824
f 771/1825 776/1826 777/1827 772/1828
f 773/1829 778/1830 779/1831 774/1832
f 774/1833 779/1834 780/1835 775/1836
f 775/1837 780/1838 781/1839 776/1840
f 776/1841 781/1842 782/1843 777/1844
f 778/1845 783/1846 784/1847 779/1848
f 779/1849 784/1850 785/1851 780/1852
f 780/1853 785/1854 786/1855 781/1856
f 781/1857 786/1858 787/1859 782/1860
usemtl M_Philodendron_Petiole
s 1
f 788/1861 789/1862 795/1863 794/1864
f 789/1865 790/1866 796/1867 795/1868
f 790/1869 791/1870 797/1871 796/1872
f 791/1873 792/1874 798/1875 797/1876
f 792/1877 793/1878 799/1879 798/1880
f 793/1881 788/1882 794/1883 799/1884
f 800/1885 801/1886 807/1887 806/1888
f 801/1889 802/1890 808/1891 807/1892
f 802/1893 803/1894 809/1895 808/1896
f 803/1897 804/1898 810/1899 809/1900
f 804/1901 805/1902 811/1903 810/1904
f 805/1905 800/1906 806/1907 811/1908
f 812/1909 813/1910 819/1911 818/1912
f 813/1913 814/1914 820/1915 819/1916
f 814/1917 815/1918 821/1919 820/1920
f 815/1921 816/1922 822/1923 821/1924
f 816/1925 817/1926 823/1927 822/1928
f 817/1929 812/1930 818/1931 823/1932
f 824/1933 825/1934 831/1935 830/1936
f 825/1937 826/1938 832/1939 831/1940
f 826/1941 827/1942 833/1943 832/1944
f 827/1945 828/1946 834/1947 833/1948
f 828/1949 829/1950 835/1951 834/1952
f 829/1953 824/1954 830/1955 835/1956
f 836/1957 837/1958 843/1959 842/1960
f 837/1961 838/1962 844/1963 843/1964
f 838/1965 839/1966 845/1967 844/1968
f 839/1969 840/1970 846/1971 845/1972
f 840/1973 841/1974 847/1975 846/1976
f 841/1977 836/1978 842/1979 847/1980
f 848/1981 849/1982 855/1983 854/1984
f 849/1985 850/1986 856/1987 855/1988
f 850/1989 851/1990 857/1991 856/1992
f 851/1993 852/1994 858/1995 857/1996
f 852/1997 853/1998 859/1999 858/2000
f 853/2001 848/2002 854/2003 859/2004
usemtl M_Philodendron_Leaf
s 1
f 860/2005 865/2006 866/2007 861/2008
f 861/2009 866/2010 867/2011 862/2012
f 862/2013 867/2014 868/2015 863/2016
f 863/2017 868/2018 869/2019 864/2020
f 865/2021 870/2022 871/2023 866/2024
f 866/2025 871/2026 872/2027 867/2028
f 867/2029 872/2030 873/2031 868/2032
f 868/2033 873/2034 874/2035 869/2036
f 870/2037 875/2038 876/2039 871/2040
f 871/2041 876/2042 877/2043 872/2044
f 872/2045 877/2046 878/2047 873/2048
f 873/2049 878/2050 879/2051 874/2052
f 875/2053 880/2054 881/2055 876/2056
f 876/2057 881/2058 882/2059 877/2060
f 877/2061 882/2062 883/2063 878/2064
f 878/2065 883/2066 884/2067 879/2068
f 880/2069 885/2070 886/2071 881/2072
f 881/2073 886/2074 887/2075 882/2076
f 882/2077 887/2078 888/2079 883/2080
f 883/2081 888/2082 889/2083 884/2084
f 885/2085 890/2086 891/2087 886/2088
f 886/2089 891/2090 892/2091 887/2092
f 887/2093 892/2094 893/2095 888/2096
f 888/2097 893/2098 894/2099 889/2100
usemtl M_Philodendron_Petiole
s 1
f 895/2101 896/2102 902/2103 901/2104
f 896/2105 897/2106 903/2107 902/2108
f 897/2109 898/2110 904/2111 903/2112
f 898/2113 899/2114 905/2115 904/2116
f 899/2117 900/2118 906/2119 905/2120
f 900/2121 895/2122 901/2123 906/2124
f 907/2125 908/2126 914/2127 913/2128
f 908/2129 909/2130 915/2131 914/2132
f 909/2133 910/2134 916/2135 915/2136
f 910/2137 911/2138 917/2139 916/2140
f 911/2141 912/2142 918/2143 917/2144
f 912/2145 907/2146 913/2147 918/2148
f 919/2149 920/2150 926/2151 925/2152
f 920/2153 921/2154 927/2155 926/2156
f 921/2157 922/2158 928/2159 927/2160
f 922/2161 923/2162 929/2163 928/2164
f 923/2165 924/2166 930/2167 929/2168
f 924/2169 919/2170 925/2171 930/2172
f 931/2173 932/2174 938/2175 937/2176
f 932/2177 933/2178 939/2179 938/2180
f 933/2181 934/2182 940/2183 939/2184
f 934/2185 935/2186 941/2187 940/2188
f 935/2189 936/2190 942/2191 941/2192
f 936/2193 931/2194 937/2195 942/2196
f 943/2197 944/2198 950/2199 949/2200
f 944/2201 945/2202 951/2203 950/2204
f 945/2205 946/2206 952/2207 951/2208
f 946/2209 947/2210 953/2211 952/2212
f 947/2213 948/2214 954/2215 953/2216
f 948/2217 943/2218 949/2219 954/2220
f 955/2221 956/2222 962/2223 961/2224
f 956/2225 957/2226 963/2227 962/2228
f 957/2229 958/2230 964/2231 963/2232
f 958/2233 959/2234 965/2235 964/2236
f 959/2237 960/2238 966/2239 965/2240
f 960/2241 955/2242 961/2243 966/2244
usemtl M_Philodendron_Leaf
s 1
f 967/2245 972/2246 973/2247 968/2248
f 968/2249 973/2250 974/2251 969/2252
f 969/2253 974/2254 975/2255 970/2256
f 970/2257 975/2258 976/2259 971/2260
f 972/2261 977/2262 978/2263 973/2264
f 973/2265 978/2266 979/2267 974/2268
f 974/2269 979/2270 980/2271 975/2272
f 975/2273 980/2274 981/2275 976/2276
f 977/2277 982/2278 983/2279 978/2280
f 978/2281 983/2282 984/2283 979/2284
f 979/2285 984/2286 985/2287 980/2288
f 980/2289 985/2290 986/2291 981/2292
f 982/2293 987/2294 988/2295 983/2296
f 983/2297 988/2298 989/2299 984/2300
f 984/2301 989/2302 990/2303 985/2304
f 985/2305 990/2306 991/2307 986/2308
f 987/2309 992/2310 993/2311 988/2312
f 988/2313 993/2314 994/2315 989/2316
f 989/2317 994/2318 995/2319 990/2320
f 990/2321 995/2322 996/2323 991/2324
f 992/2325 997/2326 998/2327 993/2328
f 993/2329 998/2330 999/2331 994/2332
f 994/2333 999/2334 1000/2335 995/2336
f 995/2337 1000/2338 1001/2339 996/2340
usemtl M_Philodendron_Petiole
s 1
f 1002/2341 1003/2342 1009/2343 1008/2344
f 1003/2345 1004/2346 1010/2347 1009/2348
f 1004/2349 1005/2350 1011/2351 1010/2352
f 1005/2353 1006/2354 1012/2355 1011/2356
f 1006/2357 1007/2358 1013/2359 1012/2360
f 1007/2361 1002/2362 1008/2363 1013/2364
f 1014/2365 1015/2366 1021/2367 1020/2368
f 1015/2369 1016/2370 1022/2371 1021/2372
f 1016/2373 1017/2374 1023/2375 1022/2376
f 1017/2377 1018/2378 1024/2379 1023/2380
f 1018/2381 1019/2382 1025/2383 1024/2384
f 1019/2385 1014/2386 1020/2387 1025/2388
f 1026/2389 1027/2390 1033/2391 1032/2392
f 1027/2393 1028/2394 1034/2395 1033/2396
f 1028/2397 1029/2398 1035/2399 1034/2400
f 1029/2401 1030/2402 1036/2403 1035/2404
f 1030/2405 1031/2406 1037/2407 1036/2408
f 1031/2409 1026/2410 1032/2411 1037/2412
f 1038/2413 1039/2414 1045/2415 1044/2416
f 1039/2417 1040/2418 1046/2419 1045/2420
f 1040/2421 1041/2422 1047/2423 1046/2424
f 1041/2425 1042/2426 1048/2427 1047/2428
f 1042/2429 1043/2430 1049/2431 1048/2432
f 1043/2433 1038/2434 1044/2435 1049/2436
f 1050/2437 1051/2438 1057/2439 1056/2440
f 1051/2441 1052/2442 1058/2443 1057/2444
f 1052/2445 1053/2446 1059/2447 1058/2448
f 1053/2449 1054/2450 1060/2451 1059/2452
f 1054/2453 1055/2454 1061/2455 1060/2456
f 1055/2457 1050/2458 1056/2459 1061/2460
f 1062/2461 1063/2462 1069/2463 1068/2464
f 1063/2465 1064/2466 1070/2467 1069/2468
f 1064/2469 1065/2470 1071/2471 1070/2472
f 1065/2473 1066/2474 1072/2475 1071/2476
f 1066/2477 1067/2478 1073/2479 1072/2480
f 1067/2481 1062/2482 1068/2483 1073/2484
usemtl M_Philodendron_Leaf
s 1
f 1074/2485 1079/2486 1080/2487 1075/2488
f 1075/2489 1080/2490 1081/2491 1076/2492
f 1076/2493 1081/2494 1082/2495 1077/2496
f 1077/2497 1082/2498 1083/2499 1078/2500
f 1079/2501 1084/2502 1085/2503 1080/2504
f 1080/2505 1085/2506 1086/2507 1081/2508
f 1081/2509 1086/2510 1087/2511 1082/2512
f 1082/2513 1087/2514 1088/2515 1083/2516
f 1084/2517 1089/2518 1090/2519 1085/2520
f 1085/2521 1090/2522 1091/2523 1086/2524
f 1086/2525 1091/2526 1092/2527 1087/2528
f 1087/2529 1092/2530 1093/2531 1088/2532
f 1089/2533 1094/2534 1095/2535 1090/2536
f 1090/2537 1095/2538 1096/2539 1091/2540
f 1091/2541 1096/2542 1097/2543 1092/2544
f 1092/2545 1097/2546 1098/2547 1093/2548
f 1094/2549 1099/2550 1100/2551 1095/2552
f 1095/2553 1100/2554 1101/2555 1096/2556
f 1096/2557 1101/2558 1102/2559 1097/2560
f 1097/2561 1102/2562 1103/2563 1098/2564
f 1099/2565 1104/2566 1105/2567 1100/2568
f 1100/2569 1105/2570 1106/2571 1101/2572
f 1101/2573 1106/2574 1107/2575 1102/2576
f 1102/2577 1107/2578 1108/2579 1103/2580
usemtl M_Philodendron_Petiole
s 1
f 1109/2581 1110/2582 1116/2583 1115/2584
f 1110/2585 1111/2586 1117/2587 1116/2588
f 1111/2589 1112/2590 1118/2591 1117/2592
f 1112/2593 1113/2594 1119/2595 1118/2596
f 1113/2597 1114/2598 1120/2599 1119/2600
f 1114/2601 1109/2602 1115/2603 1120/2604
f 1121/2605 1122/2606 1128/2607 1127/2608
f 1122/2609 1123/2610 1129/2611 1128/2612
f 1123/2613 1124/2614 1130/2615 1129/2616
f 1124/2617 1125/2618 1131/2619 1130/2620
f 1125/2621 1126/2622 1132/2623 1131/2624
f 1126/2625 1121/2626 1127/2627 1132/2628
f 1133/2629 1134/2630 1140/2631 1139/2632
f 1134/2633 1135/2634 1141/2635 1140/2636
f 1135/2637 1136/2638 1142/2639 1141/2640
f 1136/2641 1137/2642 1143/2643 1142/2644
f 1137/2645 1138/2646 1144/2647 1143/2648
f 1138/2649 1133/2650 1139/2651 1144/2652
f 1145/2653 1146/2654 1152/2655 1151/2656
f 1146/2657 1147/2658 1153/2659 1152/2660
f 1147/2661 1148/2662 1154/2663 1153/2664
f 1148/2665 1149/2666 1155/2667 1154/2668
f 1149/2669 1150/2670 1156/2671 1155/2672
f 1150/2673 1145/2674 1151/2675 1156/2676
f 1157/2677 1158/2678 1164/2679 1163/2680
f 1158/2681 1159/2682 1165/2683 1164/2684
f 1159/2685 1160/2686 1166/2687 1165/2688
f 1160/2689 1161/2690 1167/2691 1166/2692
f 1161/2693 1162/2694 1168/2695 1167/2696
f 1162/2697 1157/2698 1163/2699 1168/2700
f 1169/2701 1170/2702 1176/2703 1175/2704
f 1170/2705 1171/2706 1177/2707 1176/2708
f 1171/2709 1172/2710 1178/2711 1177/2712
f 1172/2713 1173/2714 1179/2715 1178/2716
f 1173/2717 1174/2718 1180/2719 1179/2720
f 1174/2721 1169/2722 1175/2723 1180/2724
usemtl M_Philodendron_Leaf
s 1
f 1181/2725 1186/2726 1187/2727 1182/2728
f 1182/2729 1187/2730 1188/2731 1183/2732
f 1183/2733 1188/2734 1189/2735 1184/2736
f 1184/2737 1189/2738 1190/2739 1185/2740
f 1186/2741 1191/2742 1192/2743 1187/2744
f 1187/2745 1192/2746 1193/2747 1188/2748
f 1188/2749 1193/2750 1194/2751 1189/2752
f 1189/2753 1194/2754 1195/2755 1190/2756
f 1191/2757 1196/2758 1197/2759 1192/2760
f 1192/2761 1197/2762 1198/2763 1193/2764
f 1193/2765 1198/2766 1199/2767 1194/2768
f 1194/2769 1199/2770 1200/2771 1195/2772
f 1196/2773 1201/2774 1202/2775 1197/2776
f 1197/2777 1202/2778 1203/2779 1198/2780
f 1198/2781 1203/2782 1204/2783 1199/2784
f 1199/2785 1204/2786 1205/2787 1200/2788
f 1201/2789 1206/2790 1207/2791 1202/2792
f 1202/2793 1207/2794 1208/2795 1203/2796
f 1203/2797 1208/2798 1209/2799 1204/2800
f 1204/2801 1209/2802 1210/2803 1205/2804
f 1206/2805 1211/2806 1212/2807 1207/2808
f 1207/2809 1212/2810 1213/2811 1208/2812
f 1208/2813 1213/2814 1214/2815 1209/2816
f 1209/2817 1214/2818 1215/2819 1210/2820
