# Generated by scripts/generate_entrance_terrace_reveal_kit.py
mtllib VD_EntranceTerraceReveal.mtl
o VD_SpecimenPlanter_Concrete
v 80.640000 0.000000 0.000000
v 79.950114 10.525632 0.000000
v 77.892259 20.871168 0.000000
v 74.501646 30.859592 0.000000
v 69.836289 40.320000 0.000000
v 63.976013 49.090522 0.000000
v 57.021091 57.021091 0.000000
v 49.090522 63.976013 0.000000
v 40.320000 69.836289 0.000000
v 30.859592 74.501646 0.000000
v 20.871168 77.892259 0.000000
v 10.525632 79.950114 0.000000
v 0.000000 80.640000 0.000000
v -10.525632 79.950114 0.000000
v -20.871168 77.892259 0.000000
v -30.859592 74.501646 0.000000
v -40.320000 69.836289 0.000000
v -49.090522 63.976013 0.000000
v -57.021091 57.021091 0.000000
v -63.976013 49.090522 0.000000
v -69.836289 40.320000 0.000000
v -74.501646 30.859592 0.000000
v -77.892259 20.871168 0.000000
v -79.950114 10.525632 0.000000
v -80.640000 0.000000 0.000000
v -79.950114 -10.525632 0.000000
v -77.892259 -20.871168 0.000000
v -74.501646 -30.859592 0.000000
v -69.836289 -40.320000 0.000000
v -63.976013 -49.090522 0.000000
v -57.021091 -57.021091 0.000000
v -49.090522 -63.976013 0.000000
v -40.320000 -69.836289 0.000000
v -30.859592 -74.501646 0.000000
v -20.871168 -77.892259 0.000000
v -10.525632 -79.950114 0.000000
v -0.000000 -80.640000 0.000000
v 10.525632 -79.950114 0.000000
v 20.871168 -77.892259 0.000000
v 30.859592 -74.501646 0.000000
v 40.320000 -69.836289 0.000000
v 49.090522 -63.976013 0.000000
v 57.021091 -57.021091 0.000000
v 63.976013 -49.090522 0.000000
v 69.836289 -40.320000 0.000000
v 74.501646 -30.859592 0.000000
v 77.892259 -20.871168 0.000000
v 79.950114 -10.525632 0.000000
v 86.758032 0.000000 12.250000
v 86.015806 11.324196 12.250000
v 83.801824 22.454631 12.250000
v 80.153971 33.200862 12.250000
v 75.134660 43.379016 12.250000
v 68.829775 52.814944 12.250000
v 61.347193 61.347193 12.250000
v 52.814944 68.829775 12.250000
v 43.379016 75.134660 12.250000
v 33.200862 80.153971 12.250000
v 22.454631 83.801824 12.250000
v 11.324196 86.015806 12.250000
v 0.000000 86.758032 12.250000
v -11.324196 86.015806 12.250000
v -22.454631 83.801824 12.250000
v -33.200862 80.153971 12.250000
v -43.379016 75.134660 12.250000
v -52.814944 68.829775 12.250000
v -61.347193 61.347193 12.250000
v -68.829775 52.814944 12.250000
v -75.134660 43.379016 12.250000
v -80.153971 33.200862 12.250000
v -83.801824 22.454631 12.250000
v -86.015806 11.324196 12.250000
v -86.758032 0.000000 12.250000
v -86.015806 -11.324196 12.250000
v -83.801824 -22.454631 12.250000
v -80.153971 -33.200862 12.250000
v -75.134660 -43.379016 12.250000
v -68.829775 -52.814944 12.250000
v -61.347193 -61.347193 12.250000
v -52.814944 -68.829775 12.250000
v -43.379016 -75.134660 12.250000
v -33.200862 -80.153971 12.250000
v -22.454631 -83.801824 12.250000
v -11.324196 -86.015806 12.250000
v -0.000000 -86.758032 12.250000
v 11.324196 -86.015806 12.250000
v 22.454631 -83.801824 12.250000
v 33.200862 -80.153971 12.250000
v 43.379016 -75.134660 12.250000
v 52.814944 -68.829775 12.250000
v 61.347193 -61.347193 12.250000
v 68.829775 -52.814944 12.250000
v 75.134660 -43.379016 12.250000
v 80.153971 -33.200862 12.250000
v 83.801824 -22.454631 12.250000
v 86.015806 -11.324196 12.250000
v 92.640952 0.000000 24.500000
v 91.848396 12.092071 24.500000
v 89.484289 23.977243 24.500000
v 85.589080 35.452158 24.500000
v 80.229418 46.320476 24.500000
v 73.497009 56.396239 24.500000
v 65.507046 65.507046 24.500000
v 56.396239 73.497009 24.500000
v 46.320476 80.229418 24.500000
v 35.452158 85.589080 24.500000
v 23.977243 89.484289 24.500000
v 12.092071 91.848396 24.500000
v 0.000000 92.640952 24.500000
v -12.092071 91.848396 24.500000
v -23.977243 89.484289 24.500000
v -35.452158 85.589080 24.500000
v -46.320476 80.229418 24.500000
v -56.396239 73.497009 24.500000
v -65.507046 65.507046 24.500000
v -73.497009 56.396239 24.500000
v -80.229418 46.320476 24.500000
v -85.589080 35.452158 24.500000
v -89.484289 23.977243 24.500000
v -91.848396 12.092071 24.500000
v -92.640952 0.000000 24.500000
v -91.848396 -12.092071 24.500000
v -89.484289 -23.977243 24.500000
v -85.589080 -35.452158 24.500000
v -80.229418 -46.320476 24.500000
v -73.497009 -56.396239 24.500000
v -65.507046 -65.507046 24.500000
v -56.396239 -73.497009 24.500000
v -46.320476 -80.229418 24.500000
v -35.452158 -85.589080 24.500000
v -23.977243 -89.484289 24.500000
v -12.092071 -91.848396 24.500000
v -0.000000 -92.640952 24.500000
v 12.092071 -91.848396 24.500000
v 23.977243 -89.484289 24.500000
v 35.452158 -85.589080 24.500000
v 46.320476 -80.229418 24.500000
v 56.396239 -73.497009 24.500000
v 65.507046 -65.507046 24.500000
v 73.497009 -56.396239 24.500000
v 80.229418 -46.320476 24.500000
v 85.589080 -35.452158 24.500000
v 89.484289 -23.977243 24.500000
v 91.848396 -12.092071 24.500000
v 98.062683 0.000000 36.750000
v 97.223743 12.799749 36.750000
v 94.721278 25.380490 36.750000
v 90.598105 37.526964 36.750000
v 84.924774 49.031341 36.750000
v 77.798357 59.696779 36.750000
v 69.340788 69.340788 36.750000
v 59.696779 77.798357 36.750000
v 49.031341 84.924774 36.750000
v 37.526964 90.598105 36.750000
v 25.380490 94.721278 36.750000
v 12.799749 97.223743 36.750000
v 0.000000 98.062683 36.750000
v -12.799749 97.223743 36.750000
v -25.380490 94.721278 36.750000
v -37.526964 90.598105 36.750000
v -49.031341 84.924774 36.750000
v -59.696779 77.798357 36.750000
v -69.340788 69.340788 36.750000
v -77.798357 59.696779 36.750000
v -84.924774 49.031341 36.750000
v -90.598105 37.526964 36.750000
v -94.721278 25.380490 36.750000
v -97.223743 12.799749 36.750000
v -98.062683 0.000000 36.750000
v -97.223743 -12.799749 36.750000
v -94.721278 -25.380490 36.750000
v -90.598105 -37.526964 36.750000
v -84.924774 -49.031341 36.750000
v -77.798357 -59.696779 36.750000
v -69.340788 -69.340788 36.750000
v -59.696779 -77.798357 36.750000
v -49.031341 -84.924774 36.750000
v -37.526964 -90.598105 36.750000
v -25.380490 -94.721278 36.750000
v -12.799749 -97.223743 36.750000
v -0.000000 -98.062683 36.750000
v 12.799749 -97.223743 36.750000
v 25.380490 -94.721278 36.750000
v 37.526964 -90.598105 36.750000
v 49.031341 -84.924774 36.750000
v 59.696779 -77.798357 36.750000
v 69.340788 -69.340788 36.750000
v 77.798357 -59.696779 36.750000
v 84.924774 -49.031341 36.750000
v 90.598105 -37.526964 36.750000
v 94.721278 -25.380490 36.750000
v 97.223743 -12.799749 36.750000
v 102.814869 0.000000 49.000000
v 101.935273 13.420033 49.000000
v 99.311537 26.610446 49.000000
v 94.988553 39.345547 49.000000
v 89.040288 51.407434 49.000000
v 81.568519 62.589726 49.000000
v 72.701091 72.701091 49.000000
v 62.589726 81.568519 49.000000
v 51.407434 89.040288 49.000000
v 39.345547 94.988553 49.000000
v 26.610446 99.311537 49.000000
v 13.420033 101.935273 49.000000
v 0.000000 102.814869 49.000000
v -13.420033 101.935273 49.000000
v -26.610446 99.311537 49.000000
v -39.345547 94.988553 49.000000
v -51.407434 89.040288 49.000000
v -62.589726 81.568519 49.000000
v -72.701091 72.701091 49.000000
v -81.568519 62.589726 49.000000
v -89.040288 51.407434 49.000000
v -94.988553 39.345547 49.000000
v -99.311537 26.610446 49.000000
v -101.935273 13.420033 49.000000
v -102.814869 0.000000 49.000000
v -101.935273 -13.420033 49.000000
v -99.311537 -26.610446 49.000000
v -94.988553 -39.345547 49.000000
v -89.040288 -51.407434 49.000000
v -81.568519 -62.589726 49.000000
v -72.701091 -72.701091 49.000000
v -62.589726 -81.568519 49.000000
v -51.407434 -89.040288 49.000000
v -39.345547 -94.988553 49.000000
v -26.610446 -99.311537 49.000000
v -13.420033 -101.935273 49.000000
v -0.000000 -102.814869 49.000000
v 13.420033 -101.935273 49.000000
v 26.610446 -99.311537 49.000000
v 39.345547 -94.988553 49.000000
v 51.407434 -89.040288 49.000000
v 62.589726 -81.568519 49.000000
v 72.701091 -72.701091 49.000000
v 81.568519 -62.589726 49.000000
v 89.040288 -51.407434 49.000000
v 94.988553 -39.345547 49.000000
v 99.311537 -26.610446 49.000000
v 101.935273 -13.420033 49.000000
v 106.714887 0.000000 61.250000
v 105.801926 13.929088 61.250000
v 103.078665 27.619845 61.250000
v 98.591700 40.838019 61.250000
v 92.417803 53.357444 61.250000
v 84.662612 64.963907 61.250000
v 75.458820 75.458820 61.250000
v 64.963907 84.662612 61.250000
v 53.357444 92.417803 61.250000
v 40.838019 98.591700 61.250000
v 27.619845 103.078665 61.250000
v 13.929088 105.801926 61.250000
v 0.000000 106.714887 61.250000
v -13.929088 105.801926 61.250000
v -27.619845 103.078665 61.250000
v -40.838019 98.591700 61.250000
v -53.357444 92.417803 61.250000
v -64.963907 84.662612 61.250000
v -75.458820 75.458820 61.250000
v -84.662612 64.963907 61.250000
v -92.417803 53.357444 61.250000
v -98.591700 40.838019 61.250000
v -103.078665 27.619845 61.250000
v -105.801926 13.929088 61.250000
v -106.714887 0.000000 61.250000
v -105.801926 -13.929088 61.250000
v -103.078665 -27.619845 61.250000
v -98.591700 -40.838019 61.250000
v -92.417803 -53.357444 61.250000
v -84.662612 -64.963907 61.250000
v -75.458820 -75.458820 61.250000
v -64.963907 -84.662612 61.250000
v -53.357444 -92.417803 61.250000
v -40.838019 -98.591700 61.250000
v -27.619845 -103.078665 61.250000
v -13.929088 -105.801926 61.250000
v -0.000000 -106.714887 61.250000
v 13.929088 -105.801926 61.250000
v 27.619845 -103.078665 61.250000
v 40.838019 -98.591700 61.250000
v 53.357444 -92.417803 61.250000
v 64.963907 -84.662612 61.250000
v 75.458820 -75.458820 61.250000
v 84.662612 -64.963907 61.250000
v 92.417803 -53.357444 61.250000
v 98.591700 -40.838019 61.250000
v 103.078665 -27.619845 61.250000
v 105.801926 -13.929088 61.250000
v 109.612862 0.000000 73.500000
v 108.675109 14.307350 73.500000
v 105.877894 28.369896 73.500000
v 101.269080 41.947026 73.500000
v 94.927523 54.806431 73.500000
v 86.961730 66.728083 73.500000
v 77.507998 77.507998 73.500000
v 66.728083 86.961730 73.500000
v 54.806431 94.927523 73.500000
v 41.947026 101.269080 73.500000
v 28.369896 105.877894 73.500000
v 14.307350 108.675109 73.500000
v 0.000000 109.612862 73.500000
v -14.307350 108.675109 73.500000
v -28.369896 105.877894 73.500000
v -41.947026 101.269080 73.500000
v -54.806431 94.927523 73.500000
v -66.728083 86.961730 73.500000
v -77.507998 77.507998 73.500000
v -86.961730 66.728083 73.500000
v -94.927523 54.806431 73.500000
v -101.269080 41.947026 73.500000
v -105.877894 28.369896 73.500000
v -108.675109 14.307350 73.500000
v -109.612862 0.000000 73.500000
v -108.675109 -14.307350 73.500000
v -105.877894 -28.369896 73.500000
v -101.269080 -41.947026 73.500000
v -94.927523 -54.806431 73.500000
v -86.961730 -66.728083 73.500000
v -77.507998 -77.507998 73.500000
v -66.728083 -86.961730 73.500000
v -54.806431 -94.927523 73.500000
v -41.947026 -101.269080 73.500000
v -28.369896 -105.877894 73.500000
v -14.307350 -108.675109 73.500000
v -0.000000 -109.612862 73.500000
v 14.307350 -108.675109 73.500000
v 28.369896 -105.877894 73.500000
v 41.947026 -101.269080 73.500000
v 54.806431 -94.927523 73.500000
v 66.728083 -86.961730 73.500000
v 77.507998 -77.507998 73.500000
v 86.961730 -66.728083 73.500000
v 94.927523 -54.806431 73.500000
v 101.269080 -41.947026 73.500000
v 105.877894 -28.369896 73.500000
v 108.675109 -14.307350 73.500000
v 111.397426 0.000000 85.750000
v 110.444406 14.540282 85.750000
v 107.601651 28.831776 85.750000
v 102.917802 42.629949 85.750000
v 96.473001 55.698713 85.750000
v 88.377520 67.814456 85.750000
v 78.769876 78.769876 85.750000
v 67.814456 88.377520 85.750000
v 55.698713 96.473001 85.750000
v 42.629949 102.917802 85.750000
v 28.831776 107.601651 85.750000
v 14.540282 110.444406 85.750000
v 0.000000 111.397426 85.750000
v -14.540282 110.444406 85.750000
v -28.831776 107.601651 85.750000
v -42.629949 102.917802 85.750000
v -55.698713 96.473001 85.750000
v -67.814456 88.377520 85.750000
v -78.769876 78.769876 85.750000
v -88.377520 67.814456 85.750000
v -96.473001 55.698713 85.750000
v -102.917802 42.629949 85.750000
v -107.601651 28.831776 85.750000
v -110.444406 14.540282 85.750000
v -111.397426 0.000000 85.750000
v -110.444406 -14.540282 85.750000
v -107.601651 -28.831776 85.750000
v -102.917802 -42.629949 85.750000
v -96.473001 -55.698713 85.750000
v -88.377520 -67.814456 85.750000
v -78.769876 -78.769876 85.750000
v -67.814456 -88.377520 85.750000
v -55.698713 -96.473001 85.750000
v -42.629949 -102.917802 85.750000
v -28.831776 -107.601651 85.750000
v -14.540282 -110.444406 85.750000
v -0.000000 -111.397426 85.750000
v 14.540282 -110.444406 85.750000
v 28.831776 -107.601651 85.750000
v 42.629949 -102.917802 85.750000
v 55.698713 -96.473001 85.750000
v 67.814456 -88.377520 85.750000
v 78.769876 -78.769876 85.750000
v 88.377520 -67.814456 85.750000
v 96.473001 -55.698713 85.750000
v 102.917802 -42.629949 85.750000
v 107.601651 -28.831776 85.750000
v 110.444406 -14.540282 85.750000
v 112.000000 0.000000 98.000000
v 111.041824 14.618934 98.000000
v 108.183693 28.987733 98.000000
v 103.474508 42.860544 98.000000
v 96.994845 56.000000 98.000000
v 88.855574 68.181280 98.000000
v 79.195959 79.195959 98.000000
v 68.181280 88.855574 98.000000
v 56.000000 96.994845 98.000000
v 42.860544 103.474508 98.000000
v 28.987733 108.183693 98.000000
v 14.618934 111.041824 98.000000
v 0.000000 112.000000 98.000000
v -14.618934 111.041824 98.000000
v -28.987733 108.183693 98.000000
v -42.860544 103.474508 98.000000
v -56.000000 96.994845 98.000000
v -68.181280 88.855574 98.000000
v -79.195959 79.195959 98.000000
v -88.855574 68.181280 98.000000
v -96.994845 56.000000 98.000000
v -103.474508 42.860544 98.000000
v -108.183693 28.987733 98.000000
v -111.041824 14.618934 98.000000
v -112.000000 0.000000 98.000000
v -111.041824 -14.618934 98.000000
v -108.183693 -28.987733 98.000000
v -103.474508 -42.860544 98.000000
v -96.994845 -56.000000 98.000000
v -88.855574 -68.181280 98.000000
v -79.195959 -79.195959 98.000000
v -68.181280 -88.855574 98.000000
v -56.000000 -96.994845 98.000000
v -42.860544 -103.474508 98.000000
v -28.987733 -108.183693 98.000000
v -14.618934 -111.041824 98.000000
v -0.000000 -112.000000 98.000000
v 14.618934 -111.041824 98.000000
v 28.987733 -108.183693 98.000000
v 42.860544 -103.474508 98.000000
v 56.000000 -96.994845 98.000000
v 68.181280 -88.855574 98.000000
v 79.195959 -79.195959 98.000000
v 88.855574 -68.181280 98.000000
v 96.994845 -56.000000 98.000000
v 103.474508 -42.860544 98.000000
v 108.183693 -28.987733 98.000000
v 111.041824 -14.618934 98.000000
v 0.000000 0.000000 0.000000
v 101.920000 0.000000 98.000000
v 101.048060 13.303230 98.000000
v 98.447160 26.378837 98.000000
v 94.161802 39.003095 98.000000
v 88.265309 50.960000 98.000000
v 80.858572 62.044965 98.000000
v 72.068323 72.068323 98.000000
v 62.044965 80.858572 98.000000
v 50.960000 88.265309 98.000000
v 39.003095 94.161802 98.000000
v 26.378837 98.447160 98.000000
v 13.303230 101.048060 98.000000
v 0.000000 101.920000 98.000000
v -13.303230 101.048060 98.000000
v -26.378837 98.447160 98.000000
v -39.003095 94.161802 98.000000
v -50.960000 88.265309 98.000000
v -62.044965 80.858572 98.000000
v -72.068323 72.068323 98.000000
v -80.858572 62.044965 98.000000
v -88.265309 50.960000 98.000000
v -94.161802 39.003095 98.000000
v -98.447160 26.378837 98.000000
v -101.048060 13.303230 98.000000
v -101.920000 0.000000 98.000000
v -101.048060 -13.303230 98.000000
v -98.447160 -26.378837 98.000000
v -94.161802 -39.003095 98.000000
v -88.265309 -50.960000 98.000000
v -80.858572 -62.044965 98.000000
v -72.068323 -72.068323 98.000000
v -62.044965 -80.858572 98.000000
v -50.960000 -88.265309 98.000000
v -39.003095 -94.161802 98.000000
v -26.378837 -98.447160 98.000000
v -13.303230 -101.048060 98.000000
v -0.000000 -101.920000 98.000000
v 13.303230 -101.048060 98.000000
v 26.378837 -98.447160 98.000000
v 39.003095 -94.161802 98.000000
v 50.960000 -88.265309 98.000000
v 62.044965 -80.858572 98.000000
v 72.068323 -72.068323 98.000000
v 80.858572 -62.044965 98.000000
v 88.265309 -50.960000 98.000000
v 94.161802 -39.003095 98.000000
v 98.447160 -26.378837 98.000000
v 101.048060 -13.303230 98.000000
v 94.785600 0.000000 80.360000
v 93.974696 12.372003 80.360000
v 91.555859 24.532318 80.360000
v 87.570476 36.272879 80.360000
v 82.086738 47.392800 80.360000
v 75.198472 57.701817 80.360000
v 67.023541 67.023541 80.360000
v 57.701817 75.198472 80.360000
v 47.392800 82.086738 80.360000
v 36.272879 87.570476 80.360000
v 24.532318 91.555859 80.360000
v 12.372003 93.974696 80.360000
v 0.000000 94.785600 80.360000
v -12.372003 93.974696 80.360000
v -24.532318 91.555859 80.360000
v -36.272879 87.570476 80.360000
v -47.392800 82.086738 80.360000
v -57.701817 75.198472 80.360000
v -67.023541 67.023541 80.360000
v -75.198472 57.701817 80.360000
v -82.086738 47.392800 80.360000
v -87.570476 36.272879 80.360000
v -91.555859 24.532318 80.360000
v -93.974696 12.372003 80.360000
v -94.785600 0.000000 80.360000
v -93.974696 -12.372003 80.360000
v -91.555859 -24.532318 80.360000
v -87.570476 -36.272879 80.360000
v -82.086738 -47.392800 80.360000
v -75.198472 -57.701817 80.360000
v -67.023541 -67.023541 80.360000
v -57.701817 -75.198472 80.360000
v -47.392800 -82.086738 80.360000
v -36.272879 -87.570476 80.360000
v -24.532318 -91.555859 80.360000
v -12.372003 -93.974696 80.360000
v -0.000000 -94.785600 80.360000
v 12.372003 -93.974696 80.360000
v 24.532318 -91.555859 80.360000
v 36.272879 -87.570476 80.360000
v 47.392800 -82.086738 80.360000
v 57.701817 -75.198472 80.360000
v 67.023541 -67.023541 80.360000
v 75.198472 -57.701817 80.360000
v 82.086738 -47.392800 80.360000
v 87.570476 -36.272879 80.360000
v 91.555859 -24.532318 80.360000
v 93.974696 -12.372003 80.360000
v 88.160026 0.018967 83.204948
v 87.438644 11.530654 81.339159
v 84.855210 22.756453 82.430105
v 81.484412 33.772489 82.081583
v 78.880778 45.564468 79.034467
v 73.936143 56.758474 80.330080
v 64.750609 64.778476 78.756406
v 54.995489 71.703452 79.230389
v 44.936591 77.871143 80.784909
v 35.384111 85.476808 80.483503
v 23.672712 88.423853 81.228983
v 11.445157 87.079360 82.570555
v -0.019991 92.921488 82.375077
v -11.978499 90.834719 82.908328
v -23.854214 88.948588 82.564234
v -34.109392 82.297274 81.334279
v -46.066588 79.750042 80.916111
v -56.152847 73.147226 82.727645
v -65.827118 65.798800 80.261242
v -70.758696 54.270875 81.749684
v -79.799661 46.049468 79.097671
v -85.523627 35.403492 79.071901
v -88.870627 23.792322 79.238123
v -87.879005 11.550257 79.155505
v -93.053352 -0.020019 78.970955
v -88.359665 -11.652110 80.657404
v -86.399920 -23.170712 82.359896
v -85.591832 -35.474873 80.908980
v -78.507846 -45.349049 80.895088
v -73.083942 -56.104266 82.195654
v -62.154813 -62.181563 81.867915
v -53.964619 -70.359397 81.012103
v -44.873448 -77.761723 82.348857
v -33.623600 -81.223971 82.872892
v -23.790470 -88.863710 82.547495
v -11.983613 -91.176152 81.248731
v 0.019398 -90.164829 79.069983
v 11.620665 -88.121213 79.110591
v 23.214099 -86.561702 79.641267
v 34.689871 -83.697822 79.774962
v 45.582300 -78.911648 80.343343
v 55.994880 -72.941451 79.732194
v 62.544737 -62.517831 82.106939
v 71.553914 -54.880795 82.571270
v 78.914363 -45.538595 80.745830
v 81.607042 -33.782176 81.725749
v 90.011295 -24.097700 81.395013
v 87.829282 -11.543722 83.163336
v 66.157639 -1.328886 85.738731
v 67.321718 7.490994 83.594955
v 63.498299 15.654593 84.379143
v 62.016868 24.240828 82.739901
v 58.241074 32.083557 82.951139
v 54.733586 40.278331 81.449903
v 46.480078 44.649587 82.713240
v 42.310383 52.905168 81.427788
v 33.244123 54.999261 82.758496
v 25.903692 59.148412 81.205016
v 17.981476 62.091907 82.987946
v 9.899732 65.069241 83.327736
v 1.362898 67.850882 85.072503
v -7.258888 65.235774 83.952441
v -15.547524 63.064006 83.930473
v -23.321620 59.665198 84.574094
v -32.009040 58.105804 85.335651
v -39.750516 54.016346 83.421471
v -45.810066 47.688133 83.897007
v -51.751861 41.388037 81.781775
v -56.566381 34.191364 81.423333
v -62.146596 27.216729 81.960572
v -62.806688 18.188472 82.651285
v -64.072971 9.748158 82.120259
v -64.086468 1.287283 83.102647
v -65.585647 -7.297819 81.319050
v -63.274297 -15.599368 84.008139
v -63.119808 -24.671939 82.533754
v -58.510932 -32.232214 84.221980
v -52.754889 -38.822212 85.282503
v -48.129899 -46.234435 85.164790
v -41.034510 -51.309809 84.113498
v -35.004214 -57.911164 85.824041
v -25.925135 -59.197374 85.421365
v -17.890155 -61.776568 82.923543
v -10.044361 -66.019865 82.076694
v -1.294572 -64.449313 82.535819
v 7.172033 -64.455211 82.022356
v 16.033535 -65.035369 80.598935
v 24.089201 -61.628951 81.899606
v 31.212121 -56.659163 82.599359
v 40.057245 -54.433156 82.081438
v 45.946834 -47.830508 83.485553
v 51.996932 -41.584030 82.908828
v 58.080433 -35.106527 84.843223
v 61.497960 -26.932662 84.140653
v 61.766393 -17.887209 85.979473
v 63.377129 -9.642291 84.507779
v 35.244810 1.173317 88.443085
v 36.191540 5.995819 86.629528
v 34.859580 10.595603 86.202168
v 32.851075 14.906541 85.906337
v 30.203457 18.804897 85.731749
v 27.333709 22.457515 85.051260
v 24.107755 25.768148 83.368765
v 21.243995 29.680630 83.899668
v 16.932449 31.720586 84.047549
v 12.883982 34.289454 85.378046
v 8.075355 34.720164 86.703276
v 3.412588 34.846220 86.771712
v -1.222937 36.735338 87.200840
v -5.738768 34.639950 88.271004
v -10.662987 35.081273 87.448791
v -14.417238 31.772749 87.060295
v -18.927750 30.400777 87.345568
v -22.353412 27.207001 86.898362
v -26.864536 25.133496 84.879713
v -28.417505 20.339910 86.563953
v -31.023603 16.560399 84.239010
v -33.631459 12.636746 83.143315
v -34.948979 8.128574 83.402982
v -36.028701 3.528391 84.797844
v -35.611176 -1.185513 84.873912
v -35.331260 -5.853297 85.120819
v -33.586833 -10.208750 84.994675
v -33.367171 -15.140725 87.898398
v -30.126023 -18.756686 86.664174
v -28.125016 -23.107657 87.766563
v -24.807355 -26.515932 87.644792
v -20.976683 -29.307160 86.794846
v -17.106785 -32.047180 86.599565
v -12.864121 -34.236595 86.626483
v -8.166321 -35.111274 84.863672
v -3.597944 -36.738907 83.926286
v 1.194732 -35.888103 83.659082
v 5.940338 -35.856650 84.512812
v 10.241422 -33.694322 85.213494
v 14.902144 -32.841384 84.914238
v 18.548468 -29.791594 85.867807
v 22.428575 -27.298485 85.877147
v 25.530445 -23.885369 87.063586
v 29.685308 -21.247343 88.060299
v 32.142693 -17.157770 87.313746
v 33.779947 -12.692539 88.818223
v 35.867158 -8.342128 88.344210
v 34.696503 -3.397926 88.347505
v 2.418633 -3.022640 88.767904
vt 0.000000 0.000000
vt 0.105256 0.000000
vt 0.113242 0.122500
vt 0.000000 0.122500
vt 0.105256 0.000000
vt 0.208712 0.000000
vt 0.224546 0.122500
vt 0.113242 0.122500
vt 0.208712 0.000000
vt 0.308596 0.000000
vt 0.332009 0.122500
vt 0.224546 0.122500
vt 0.308596 0.000000
vt 0.403200 0.000000
vt 0.433790 0.122500
vt 0.332009 0.122500
vt 0.403200 0.000000
vt 0.490905 0.000000
vt 0.528149 0.122500
vt 0.433790 0.122500
vt 0.490905 0.000000
vt 0.570211 0.000000
vt 0.613472 0.122500
vt 0.528149 0.122500
vt 0.570211 0.000000
vt 0.490905 0.000000
vt 0.528149 0.122500
vt 0.613472 0.122500
vt 0.490905 0.000000
vt 0.403200 0.000000
vt 0.433790 0.122500
vt 0.528149 0.122500
vt 0.403200 0.000000
vt 0.308596 0.000000
vt 0.332009 0.122500
vt 0.433790 0.122500
vt 0.308596 0.000000
vt 0.208712 0.000000
vt 0.224546 0.122500
vt 0.332009 0.122500
vt 0.208712 0.000000
vt 0.105256 0.000000
vt 0.113242 0.122500
vt 0.224546 0.122500
vt 0.105256 0.000000
vt 0.000000 0.000000
vt 0.000000 0.122500
vt 0.113242 0.122500
vt 0.000000 0.000000
vt -0.105256 0.000000
vt -0.113242 0.122500
vt 0.000000 0.122500
vt -0.105256 0.000000
vt -0.208712 0.000000
vt -0.224546 0.122500
vt -0.113242 0.122500
vt -0.208712 0.000000
vt -0.308596 0.000000
vt -0.332009 0.122500
vt -0.224546 0.122500
vt -0.308596 0.000000
vt -0.403200 0.000000
vt -0.433790 0.122500
vt -0.332009 0.122500
vt -0.403200 0.000000
vt -0.490905 0.000000
vt -0.528149 0.122500
vt -0.433790 0.122500
vt -0.490905 0.000000
vt -0.570211 0.000000
vt -0.613472 0.122500
vt -0.528149 0.122500
vt 0.570211 0.000000
vt 0.490905 0.000000
vt 0.528149 0.122500
vt 0.613472 0.122500
vt 0.490905 0.000000
vt 0.403200 0.000000
vt 0.433790 0.122500
vt 0.528149 0.122500
vt 0.403200 0.000000
vt 0.308596 0.000000
vt 0.332009 0.122500
vt 0.433790 0.122500
vt 0.308596 0.000000
vt 0.208712 0.000000
vt 0.224546 0.122500
vt 0.332009 0.122500
vt 0.208712 0.000000
vt 0.105256 0.000000
vt 0.113242 0.122500
vt 0.224546 0.122500
vt 0.105256 0.000000
vt 0.000000 0.000000
vt 0.000000 0.122500
vt 0.113242 0.122500
vt 0.000000 0.000000
vt -0.105256 0.000000
vt -0.113242 0.122500
vt 0.000000 0.122500
vt -0.105256 0.000000
vt -0.208712 0.000000
vt -0.224546 0.122500
vt -0.113242 0.122500
vt -0.208712 0.000000
vt -0.308596 0.000000
vt -0.332009 0.122500
vt -0.224546 0.122500
vt -0.308596 0.000000
vt -0.403200 0.000000
vt -0.433790 0.122500
vt -0.332009 0.122500
vt -0.403200 0.000000
vt -0.490905 0.000000
vt -0.528149 0.122500
vt -0.433790 0.122500
vt -0.490905 0.000000
vt -0.570211 0.000000
vt -0.613472 0.122500
vt -0.528149 0.122500
vt -0.570211 0.000000
vt -0.490905 0.000000
vt -0.528149 0.122500
vt -0.613472 0.122500
vt -0.490905 0.000000
vt -0.403200 0.000000
vt -0.433790 0.122500
vt -0.528149 0.122500
vt -0.403200 0.000000
vt -0.308596 0.000000
vt -0.332009 0.122500
vt -0.433790 0.122500
vt -0.308596 0.000000
vt -0.208712 0.000000
vt -0.224546 0.122500
vt -0.332009 0.122500
vt -0.208712 0.000000
vt -0.105256 0.000000
vt -0.113242 0.122500
vt -0.224546 0.122500
vt -0.105256 0.000000
vt -0.000000 0.000000
vt -0.000000 0.122500
vt -0.113242 0.122500
vt -0.000000 0.000000
vt 0.105256 0.000000
vt 0.113242 0.122500
vt -0.000000 0.122500
vt 0.105256 0.000000
vt 0.208712 0.000000
vt 0.224546 0.122500
vt 0.113242 0.122500
vt 0.208712 0.000000
vt 0.308596 0.000000
vt 0.332009 0.122500
vt 0.224546 0.122500
vt 0.308596 0.000000
vt 0.403200 0.000000
vt 0.433790 0.122500
vt 0.332009 0.122500
vt 0.403200 0.000000
vt 0.490905 0.000000
vt 0.528149 0.122500
vt 0.433790 0.122500
vt 0.490905 0.000000
vt 0.570211 0.000000
vt 0.613472 0.122500
vt 0.528149 0.122500
vt -0.570211 0.000000
vt -0.490905 0.000000
vt -0.528149 0.122500
vt -0.613472 0.122500
vt -0.490905 0.000000
vt -0.403200 0.000000
vt -0.433790 0.122500
vt -0.528149 0.122500
vt -0.403200 0.000000
vt -0.308596 0.000000
vt -0.332009 0.122500
vt -0.433790 0.122500
vt -0.308596 0.000000
vt -0.208712 0.000000
vt -0.224546 0.122500
vt -0.332009 0.122500
vt -0.208712 0.000000
vt -0.105256 0.000000
vt -0.113242 0.122500
vt -0.224546 0.122500
vt -0.105256 0.000000
vt 0.000000 0.000000
vt 0.000000 0.122500
vt -0.113242 0.122500
vt 0.000000 0.122500
vt 0.113242 0.122500
vt 0.120921 0.245000
vt 0.000000 0.245000
vt 0.113242 0.122500
vt 0.224546 0.122500
vt 0.239772 0.245000
vt 0.120921 0.245000
vt 0.224546 0.122500
vt 0.332009 0.122500
vt 0.354522 0.245000
vt 0.239772 0.245000
vt 0.332009 0.122500
vt 0.433790 0.122500
vt 0.463205 0.245000
vt 0.354522 0.245000
vt 0.433790 0.122500
vt 0.528149 0.122500
vt 0.563962 0.245000
vt 0.463205 0.245000
vt 0.528149 0.122500
vt 0.613472 0.122500
vt 0.655070 0.245000
vt 0.563962 0.245000
vt 0.613472 0.122500
vt 0.528149 0.122500
vt 0.563962 0.245000
vt 0.655070 0.245000
vt 0.528149 0.122500
vt 0.433790 0.122500
vt 0.463205 0.245000
vt 0.563962 0.245000
vt 0.433790 0.122500
vt 0.332009 0.122500
vt 0.354522 0.245000
vt 0.463205 0.245000
vt 0.332009 0.122500
vt 0.224546 0.122500
vt 0.239772 0.245000
vt 0.354522 0.245000
vt 0.224546 0.122500
vt 0.113242 0.122500
vt 0.120921 0.245000
vt 0.239772 0.245000
vt 0.113242 0.122500
vt 0.000000 0.122500
vt 0.000000 0.245000
vt 0.120921 0.245000
vt 0.000000 0.122500
vt -0.113242 0.122500
vt -0.120921 0.245000
vt 0.000000 0.245000
vt -0.113242 0.122500
vt -0.224546 0.122500
vt -0.239772 0.245000
vt -0.120921 0.245000
vt -0.224546 0.122500
vt -0.332009 0.122500
vt -0.354522 0.245000
vt -0.239772 0.245000
vt -0.332009 0.122500
vt -0.433790 0.122500
vt -0.463205 0.245000
vt -0.354522 0.245000
vt -0.433790 0.122500
vt -0.528149 0.122500
vt -0.563962 0.245000
vt -0.463205 0.245000
vt -0.528149 0.122500
vt -0.613472 0.122500
vt -0.655070 0.245000
vt -0.563962 0.245000
vt 0.613472 0.122500
vt 0.528149 0.122500
vt 0.563962 0.245000
vt 0.655070 0.245000
vt 0.528149 0.122500
vt 0.433790 0.122500
vt 0.463205 0.245000
vt 0.563962 0.245000
vt 0.433790 0.122500
vt 0.332009 0.122500
vt 0.354522 0.245000
vt 0.463205 0.245000
vt 0.332009 0.122500
vt 0.224546 0.122500
vt 0.239772 0.245000
vt 0.354522 0.245000
vt 0.224546 0.122500
vt 0.113242 0.122500
vt 0.120921 0.245000
vt 0.239772 0.245000
vt 0.113242 0.122500
vt 0.000000 0.122500
vt 0.000000 0.245000
vt 0.120921 0.245000
vt 0.000000 0.122500
vt -0.113242 0.122500
vt -0.120921 0.245000
vt 0.000000 0.245000
vt -0.113242 0.122500
vt -0.224546 0.122500
vt -0.239772 0.245000
vt -0.120921 0.245000
vt -0.224546 0.122500
vt -0.332009 0.122500
vt -0.354522 0.245000
vt -0.239772 0.245000
vt -0.332009 0.122500
vt -0.433790 0.122500
vt -0.463205 0.245000
vt -0.354522 0.245000
vt -0.433790 0.122500
vt -0.528149 0.122500
vt -0.563962 0.245000
vt -0.463205 0.245000
vt -0.528149 0.122500
vt -0.613472 0.122500
vt -0.655070 0.245000
vt -0.563962 0.245000
vt -0.613472 0.122500
vt -0.528149 0.122500
vt -0.563962 0.245000
vt -0.655070 0.245000
vt -0.528149 0.122500
vt -0.433790 0.122500
vt -0.463205 0.245000
vt -0.563962 0.245000
vt -0.433790 0.122500
vt -0.332009 0.122500
vt -0.354522 0.245000
vt -0.463205 0.245000
vt -0.332009 0.122500
vt -0.224546 0.122500
vt -0.239772 0.245000
vt -0.354522 0.245000
vt -0.224546 0.122500
vt -0.113242 0.122500
vt -0.120921 0.245000
vt -0.239772 0.245000
vt -0.113242 0.122500
vt -0.000000 0.122500
vt -0.000000 0.245000
vt -0.120921 0.245000
vt -0.000000 0.122500
vt 0.113242 0.122500
vt 0.120921 0.245000
vt -0.000000 0.245000
vt 0.113242 0.122500
vt 0.224546 0.122500
vt 0.239772 0.245000
vt 0.120921 0.245000
vt 0.224546 0.122500
vt 0.332009 0.122500
vt 0.354522 0.245000
vt 0.239772 0.245000
vt 0.332009 0.122500
vt 0.433790 0.122500
vt 0.463205 0.245000
vt 0.354522 0.245000
vt 0.433790 0.122500
vt 0.528149 0.122500
vt 0.563962 0.245000
vt 0.463205 0.245000
vt 0.528149 0.122500
vt 0.613472 0.122500
vt 0.655070 0.245000
vt 0.563962 0.245000
vt -0.613472 0.122500
vt -0.528149 0.122500
vt -0.563962 0.245000
vt -0.655070 0.245000
vt -0.528149 0.122500
vt -0.433790 0.122500
vt -0.463205 0.245000
vt -0.563962 0.245000
vt -0.433790 0.122500
vt -0.332009 0.122500
vt -0.354522 0.245000
vt -0.463205 0.245000
vt -0.332009 0.122500
vt -0.224546 0.122500
vt -0.239772 0.245000
vt -0.354522 0.245000
vt -0.224546 0.122500
vt -0.113242 0.122500
vt -0.120921 0.245000
vt -0.239772 0.245000
vt -0.113242 0.122500
vt 0.000000 0.122500
vt 0.000000 0.245000
vt -0.120921 0.245000
vt 0.000000 0.245000
vt 0.120921 0.245000
vt 0.127997 0.367500
vt 0.000000 0.367500
vt 0.120921 0.245000
vt 0.239772 0.245000
vt 0.253805 0.367500
vt 0.127997 0.367500
vt 0.239772 0.245000
vt 0.354522 0.245000
vt 0.375270 0.367500
vt 0.253805 0.367500
vt 0.354522 0.245000
vt 0.463205 0.245000
vt 0.490313 0.367500
vt 0.375270 0.367500
vt 0.463205 0.245000
vt 0.563962 0.245000
vt 0.596968 0.367500
vt 0.490313 0.367500
vt 0.563962 0.245000
vt 0.655070 0.245000
vt 0.693408 0.367500
vt 0.596968 0.367500
vt 0.655070 0.245000
vt 0.563962 0.245000
vt 0.596968 0.367500
vt 0.693408 0.367500
vt 0.563962 0.245000
vt 0.463205 0.245000
vt 0.490313 0.367500
vt 0.596968 0.367500
vt 0.463205 0.245000
vt 0.354522 0.245000
vt 0.375270 0.367500
vt 0.490313 0.367500
vt 0.354522 0.245000
vt 0.239772 0.245000
vt 0.253805 0.367500
vt 0.375270 0.367500
vt 0.239772 0.245000
vt 0.120921 0.245000
vt 0.127997 0.367500
vt 0.253805 0.367500
vt 0.120921 0.245000
vt 0.000000 0.245000
vt 0.000000 0.367500
vt 0.127997 0.367500
vt 0.000000 0.245000
vt -0.120921 0.245000
vt -0.127997 0.367500
vt 0.000000 0.367500
vt -0.120921 0.245000
vt -0.239772 0.245000
vt -0.253805 0.367500
vt -0.127997 0.367500
vt -0.239772 0.245000
vt -0.354522 0.245000
vt -0.375270 0.367500
vt -0.253805 0.367500
vt -0.354522 0.245000
vt -0.463205 0.245000
vt -0.490313 0.367500
vt -0.375270 0.367500
vt -0.463205 0.245000
vt -0.563962 0.245000
vt -0.596968 0.367500
vt -0.490313 0.367500
vt -0.563962 0.245000
vt -0.655070 0.245000
vt -0.693408 0.367500
vt -0.596968 0.367500
vt 0.655070 0.245000
vt 0.563962 0.245000
vt 0.596968 0.367500
vt 0.693408 0.367500
vt 0.563962 0.245000
vt 0.463205 0.245000
vt 0.490313 0.367500
vt 0.596968 0.367500
vt 0.463205 0.245000
vt 0.354522 0.245000
vt 0.375270 0.367500
vt 0.490313 0.367500
vt 0.354522 0.245000
vt 0.239772 0.245000
vt 0.253805 0.367500
vt 0.375270 0.367500
vt 0.239772 0.245000
vt 0.120921 0.245000
vt 0.127997 0.367500
vt 0.253805 0.367500
vt 0.120921 0.245000
vt 0.000000 0.245000
vt 0.000000 0.367500
vt 0.127997 0.367500
vt 0.000000 0.245000
vt -0.120921 0.245000
vt -0.127997 0.367500
vt 0.000000 0.367500
vt -0.120921 0.245000
vt -0.239772 0.245000
vt -0.253805 0.367500
vt -0.127997 0.367500
vt -0.239772 0.245000
vt -0.354522 0.245000
vt -0.375270 0.367500
vt -0.253805 0.367500
vt -0.354522 0.245000
vt -0.463205 0.245000
vt -0.490313 0.367500
vt -0.375270 0.367500
vt -0.463205 0.245000
vt -0.563962 0.245000
vt -0.596968 0.367500
vt -0.490313 0.367500
vt -0.563962 0.245000
vt -0.655070 0.245000
vt -0.693408 0.367500
vt -0.596968 0.367500
vt -0.655070 0.245000
vt -0.563962 0.245000
vt -0.596968 0.367500
vt -0.693408 0.367500
vt -0.563962 0.245000
vt -0.463205 0.245000
vt -0.490313 0.367500
vt -0.596968 0.367500
vt -0.463205 0.245000
vt -0.354522 0.245000
vt -0.375270 0.367500
vt -0.490313 0.367500
vt -0.354522 0.245000
vt -0.239772 0.245000
vt -0.253805 0.367500
vt -0.375270 0.367500
vt -0.239772 0.245000
vt -0.120921 0.245000
vt -0.127997 0.367500
vt -0.253805 0.367500
vt -0.120921 0.245000
vt -0.000000 0.245000
vt -0.000000 0.367500
vt -0.127997 0.367500
vt -0.000000 0.245000
vt 0.120921 0.245000
vt 0.127997 0.367500
vt -0.000000 0.367500
vt 0.120921 0.245000
vt 0.239772 0.245000
vt 0.253805 0.367500
vt 0.127997 0.367500
vt 0.239772 0.245000
vt 0.354522 0.245000
vt 0.375270 0.367500
vt 0.253805 0.367500
vt 0.354522 0.245000
vt 0.463205 0.245000
vt 0.490313 0.367500
vt 0.375270 0.367500
vt 0.463205 0.245000
vt 0.563962 0.245000
vt 0.596968 0.367500
vt 0.490313 0.367500
vt 0.563962 0.245000
vt 0.655070 0.245000
vt 0.693408 0.367500
vt 0.596968 0.367500
vt -0.655070 0.245000
vt -0.563962 0.245000
vt -0.596968 0.367500
vt -0.693408 0.367500
vt -0.563962 0.245000
vt -0.463205 0.245000
vt -0.490313 0.367500
vt -0.596968 0.367500
vt -0.463205 0.245000
vt -0.354522 0.245000
vt -0.375270 0.367500
vt -0.490313 0.367500
vt -0.354522 0.245000
vt -0.239772 0.245000
vt -0.253805 0.367500
vt -0.375270 0.367500
vt -0.239772 0.245000
vt -0.120921 0.245000
vt -0.127997 0.367500
vt -0.253805 0.367500
vt -0.120921 0.245000
vt 0.000000 0.245000
vt 0.000000 0.367500
vt -0.127997 0.367500
vt 0.000000 0.367500
vt 0.127997 0.367500
vt 0.134200 0.490000
vt 0.000000 0.490000
vt 0.127997 0.367500
vt 0.253805 0.367500
vt 0.266104 0.490000
vt 0.134200 0.490000
vt 0.253805 0.367500
vt 0.375270 0.367500
vt 0.393455 0.490000
vt 0.266104 0.490000
vt 0.375270 0.367500
vt 0.490313 0.367500
vt 0.514074 0.490000
vt 0.393455 0.490000
vt 0.490313 0.367500
vt 0.596968 0.367500
vt 0.625897 0.490000
vt 0.514074 0.490000
vt 0.596968 0.367500
vt 0.693408 0.367500
vt 0.727011 0.490000
vt 0.625897 0.490000
vt 0.693408 0.367500
vt 0.596968 0.367500
vt 0.625897 0.490000
vt 0.727011 0.490000
vt 0.596968 0.367500
vt 0.490313 0.367500
vt 0.514074 0.490000
vt 0.625897 0.490000
vt 0.490313 0.367500
vt 0.375270 0.367500
vt 0.393455 0.490000
vt 0.514074 0.490000
vt 0.375270 0.367500
vt 0.253805 0.367500
vt 0.266104 0.490000
vt 0.393455 0.490000
vt 0.253805 0.367500
vt 0.127997 0.367500
vt 0.134200 0.490000
vt 0.266104 0.490000
vt 0.127997 0.367500
vt 0.000000 0.367500
vt 0.000000 0.490000
vt 0.134200 0.490000
vt 0.000000 0.367500
vt -0.127997 0.367500
vt -0.134200 0.490000
vt 0.000000 0.490000
vt -0.127997 0.367500
vt -0.253805 0.367500
vt -0.266104 0.490000
vt -0.134200 0.490000
vt -0.253805 0.367500
vt -0.375270 0.367500
vt -0.393455 0.490000
vt -0.266104 0.490000
vt -0.375270 0.367500
vt -0.490313 0.367500
vt -0.514074 0.490000
vt -0.393455 0.490000
vt -0.490313 0.367500
vt -0.596968 0.367500
vt -0.625897 0.490000
vt -0.514074 0.490000
vt -0.596968 0.367500
vt -0.693408 0.367500
vt -0.727011 0.490000
vt -0.625897 0.490000
vt 0.693408 0.367500
vt 0.596968 0.367500
vt 0.625897 0.490000
vt 0.727011 0.490000
vt 0.596968 0.367500
vt 0.490313 0.367500
vt 0.514074 0.490000
vt 0.625897 0.490000
vt 0.490313 0.367500
vt 0.375270 0.367500
vt 0.393455 0.490000
vt 0.514074 0.490000
vt 0.375270 0.367500
vt 0.253805 0.367500
vt 0.266104 0.490000
vt 0.393455 0.490000
vt 0.253805 0.367500
vt 0.127997 0.367500
vt 0.134200 0.490000
vt 0.266104 0.490000
vt 0.127997 0.367500
vt 0.000000 0.367500
vt 0.000000 0.490000
vt 0.134200 0.490000
vt 0.000000 0.367500
vt -0.127997 0.367500
vt -0.134200 0.490000
vt 0.000000 0.490000
vt -0.127997 0.367500
vt -0.253805 0.367500
vt -0.266104 0.490000
vt -0.134200 0.490000
vt -0.253805 0.367500
vt -0.375270 0.367500
vt -0.393455 0.490000
vt -0.266104 0.490000
vt -0.375270 0.367500
vt -0.490313 0.367500
vt -0.514074 0.490000
vt -0.393455 0.490000
vt -0.490313 0.367500
vt -0.596968 0.367500
vt -0.625897 0.490000
vt -0.514074 0.490000
vt -0.596968 0.367500
vt -0.693408 0.367500
vt -0.727011 0.490000
vt -0.625897 0.490000
vt -0.693408 0.367500
vt -0.596968 0.367500
vt -0.625897 0.490000
vt -0.727011 0.490000
vt -0.596968 0.367500
vt -0.490313 0.367500
vt -0.514074 0.490000
vt -0.625897 0.490000
vt -0.490313 0.367500
vt -0.375270 0.367500
vt -0.393455 0.490000
vt -0.514074 0.490000
vt -0.375270 0.367500
vt -0.253805 0.367500
vt -0.266104 0.490000
vt -0.393455 0.490000
vt -0.253805 0.367500
vt -0.127997 0.367500
vt -0.134200 0.490000
vt -0.266104 0.490000
vt -0.127997 0.367500
vt -0.000000 0.367500
vt -0.000000 0.490000
vt -0.134200 0.490000
vt -0.000000 0.367500
vt 0.127997 0.367500
vt 0.134200 0.490000
vt -0.000000 0.490000
vt 0.127997 0.367500
vt 0.253805 0.367500
vt 0.266104 0.490000
vt 0.134200 0.490000
vt 0.253805 0.367500
vt 0.375270 0.367500
vt 0.393455 0.490000
vt 0.266104 0.490000
vt 0.375270 0.367500
vt 0.490313 0.367500
vt 0.514074 0.490000
vt 0.393455 0.490000
vt 0.490313 0.367500
vt 0.596968 0.367500
vt 0.625897 0.490000
vt 0.514074 0.490000
vt 0.596968 0.367500
vt 0.693408 0.367500
vt 0.727011 0.490000
vt 0.625897 0.490000
vt -0.693408 0.367500
vt -0.596968 0.367500
vt -0.625897 0.490000
vt -0.727011 0.490000
vt -0.596968 0.367500
vt -0.490313 0.367500
vt -0.514074 0.490000
vt -0.625897 0.490000
vt -0.490313 0.367500
vt -0.375270 0.367500
vt -0.393455 0.490000
vt -0.514074 0.490000
vt -0.375270 0.367500
vt -0.253805 0.367500
vt -0.266104 0.490000
vt -0.393455 0.490000
vt -0.253805 0.367500
vt -0.127997 0.367500
vt -0.134200 0.490000
vt -0.266104 0.490000
vt -0.127997 0.367500
vt 0.000000 0.367500
vt 0.000000 0.490000
vt -0.134200 0.490000
vt 0.000000 0.490000
vt 0.134200 0.490000
vt 0.139291 0.612500
vt 0.000000 0.612500
vt 0.134200 0.490000
vt 0.266104 0.490000
vt 0.276198 0.612500
vt 0.139291 0.612500
vt 0.266104 0.490000
vt 0.393455 0.490000
vt 0.408380 0.612500
vt 0.276198 0.612500
vt 0.393455 0.490000
vt 0.514074 0.490000
vt 0.533574 0.612500
vt 0.408380 0.612500
vt 0.514074 0.490000
vt 0.625897 0.490000
vt 0.649639 0.612500
vt 0.533574 0.612500
vt 0.625897 0.490000
vt 0.727011 0.490000
vt 0.754588 0.612500
vt 0.649639 0.612500
vt 0.727011 0.490000
vt 0.625897 0.490000
vt 0.649639 0.612500
vt 0.754588 0.612500
vt 0.625897 0.490000
vt 0.514074 0.490000
vt 0.533574 0.612500
vt 0.649639 0.612500
vt 0.514074 0.490000
vt 0.393455 0.490000
vt 0.408380 0.612500
vt 0.533574 0.612500
vt 0.393455 0.490000
vt 0.266104 0.490000
vt 0.276198 0.612500
vt 0.408380 0.612500
vt 0.266104 0.490000
vt 0.134200 0.490000
vt 0.139291 0.612500
vt 0.276198 0.612500
vt 0.134200 0.490000
vt 0.000000 0.490000
vt 0.000000 0.612500
vt 0.139291 0.612500
vt 0.000000 0.490000
vt -0.134200 0.490000
vt -0.139291 0.612500
vt 0.000000 0.612500
vt -0.134200 0.490000
vt -0.266104 0.490000
vt -0.276198 0.612500
vt -0.139291 0.612500
vt -0.266104 0.490000
vt -0.393455 0.490000
vt -0.408380 0.612500
vt -0.276198 0.612500
vt -0.393455 0.490000
vt -0.514074 0.490000
vt -0.533574 0.612500
vt -0.408380 0.612500
vt -0.514074 0.490000
vt -0.625897 0.490000
vt -0.649639 0.612500
vt -0.533574 0.612500
vt -0.625897 0.490000
vt -0.727011 0.490000
vt -0.754588 0.612500
vt -0.649639 0.612500
vt 0.727011 0.490000
vt 0.625897 0.490000
vt 0.649639 0.612500
vt 0.754588 0.612500
vt 0.625897 0.490000
vt 0.514074 0.490000
vt 0.533574 0.612500
vt 0.649639 0.612500
vt 0.514074 0.490000
vt 0.393455 0.490000
vt 0.408380 0.612500
vt 0.533574 0.612500
vt 0.393455 0.490000
vt 0.266104 0.490000
vt 0.276198 0.612500
vt 0.408380 0.612500
vt 0.266104 0.490000
vt 0.134200 0.490000
vt 0.139291 0.612500
vt 0.276198 0.612500
vt 0.134200 0.490000
vt 0.000000 0.490000
vt 0.000000 0.612500
vt 0.139291 0.612500
vt 0.000000 0.490000
vt -0.134200 0.490000
vt -0.139291 0.612500
vt 0.000000 0.612500
vt -0.134200 0.490000
vt -0.266104 0.490000
vt -0.276198 0.612500
vt -0.139291 0.612500
vt -0.266104 0.490000
vt -0.393455 0.490000
vt -0.408380 0.612500
vt -0.276198 0.612500
vt -0.393455 0.490000
vt -0.514074 0.490000
vt -0.533574 0.612500
vt -0.408380 0.612500
vt -0.514074 0.490000
vt -0.625897 0.490000
vt -0.649639 0.612500
vt -0.533574 0.612500
vt -0.625897 0.490000
vt -0.727011 0.490000
vt -0.754588 0.612500
vt -0.649639 0.612500
vt -0.727011 0.490000
vt -0.625897 0.490000
vt -0.649639 0.612500
vt -0.754588 0.612500
vt -0.625897 0.490000
vt -0.514074 0.490000
vt -0.533574 0.612500
vt -0.649639 0.612500
vt -0.514074 0.490000
vt -0.393455 0.490000
vt -0.408380 0.612500
vt -0.533574 0.612500
vt -0.393455 0.490000
vt -0.266104 0.490000
vt -0.276198 0.612500
vt -0.408380 0.612500
vt -0.266104 0.490000
vt -0.134200 0.490000
vt -0.139291 0.612500
vt -0.276198 0.612500
vt -0.134200 0.490000
vt -0.000000 0.490000
vt -0.000000 0.612500
vt -0.139291 0.612500
vt -0.000000 0.490000
vt 0.134200 0.490000
vt 0.139291 0.612500
vt -0.000000 0.612500
vt 0.134200 0.490000
vt 0.266104 0.490000
vt 0.276198 0.612500
vt 0.139291 0.612500
vt 0.266104 0.490000
vt 0.393455 0.490000
vt 0.408380 0.612500
vt 0.276198 0.612500
vt 0.393455 0.490000
vt 0.514074 0.490000
vt 0.533574 0.612500
vt 0.408380 0.612500
vt 0.514074 0.490000
vt 0.625897 0.490000
vt 0.649639 0.612500
vt 0.533574 0.612500
vt 0.625897 0.490000
vt 0.727011 0.490000
vt 0.754588 0.612500
vt 0.649639 0.612500
vt -0.727011 0.490000
vt -0.625897 0.490000
vt -0.649639 0.612500
vt -0.754588 0.612500
vt -0.625897 0.490000
vt -0.514074 0.490000
vt -0.533574 0.612500
vt -0.649639 0.612500
vt -0.514074 0.490000
vt -0.393455 0.490000
vt -0.408380 0.612500
vt -0.533574 0.612500
vt -0.393455 0.490000
vt -0.266104 0.490000
vt -0.276198 0.612500
vt -0.408380 0.612500
vt -0.266104 0.490000
vt -0.134200 0.490000
vt -0.139291 0.612500
vt -0.276198 0.612500
vt -0.134200 0.490000
vt 0.000000 0.490000
vt 0.000000 0.612500
vt -0.139291 0.612500
vt 0.000000 0.612500
vt 0.139291 0.612500
vt 0.143073 0.735000
vt 0.000000 0.735000
vt 0.139291 0.612500
vt 0.276198 0.612500
vt 0.283699 0.735000
vt 0.143073 0.735000
vt 0.276198 0.612500
vt 0.408380 0.612500
vt 0.419470 0.735000
vt 0.283699 0.735000
vt 0.408380 0.612500
vt 0.533574 0.612500
vt 0.548064 0.735000
vt 0.419470 0.735000
vt 0.533574 0.612500
vt 0.649639 0.612500
vt 0.667281 0.735000
vt 0.548064 0.735000
vt 0.649639 0.612500
vt 0.754588 0.612500
vt 0.775080 0.735000
vt 0.667281 0.735000
vt 0.754588 0.612500
vt 0.649639 0.612500
vt 0.667281 0.735000
vt 0.775080 0.735000
vt 0.649639 0.612500
vt 0.533574 0.612500
vt 0.548064 0.735000
vt 0.667281 0.735000
vt 0.533574 0.612500
vt 0.408380 0.612500
vt 0.419470 0.735000
vt 0.548064 0.735000
vt 0.408380 0.612500
vt 0.276198 0.612500
vt 0.283699 0.735000
vt 0.419470 0.735000
vt 0.276198 0.612500
vt 0.139291 0.612500
vt 0.143073 0.735000
vt 0.283699 0.735000
vt 0.139291 0.612500
vt 0.000000 0.612500
vt 0.000000 0.735000
vt 0.143073 0.735000
vt 0.000000 0.612500
vt -0.139291 0.612500
vt -0.143073 0.735000
vt 0.000000 0.735000
vt -0.139291 0.612500
vt -0.276198 0.612500
vt -0.283699 0.735000
vt -0.143073 0.735000
vt -0.276198 0.612500
vt -0.408380 0.612500
vt -0.419470 0.735000
vt -0.283699 0.735000
vt -0.408380 0.612500
vt -0.533574 0.612500
vt -0.548064 0.735000
vt -0.419470 0.735000
vt -0.533574 0.612500
vt -0.649639 0.612500
vt -0.667281 0.735000
vt -0.548064 0.735000
vt -0.649639 0.612500
vt -0.754588 0.612500
vt -0.775080 0.735000
vt -0.667281 0.735000
vt 0.754588 0.612500
vt 0.649639 0.612500
vt 0.667281 0.735000
vt 0.775080 0.735000
vt 0.649639 0.612500
vt 0.533574 0.612500
vt 0.548064 0.735000
vt 0.667281 0.735000
vt 0.533574 0.612500
vt 0.408380 0.612500
vt 0.419470 0.735000
vt 0.548064 0.735000
vt 0.408380 0.612500
vt 0.276198 0.612500
vt 0.283699 0.735000
vt 0.419470 0.735000
vt 0.276198 0.612500
vt 0.139291 0.612500
vt 0.143073 0.735000
vt 0.283699 0.735000
vt 0.139291 0.612500
vt 0.000000 0.612500
vt 0.000000 0.735000
vt 0.143073 0.735000
vt 0.000000 0.612500
vt -0.139291 0.612500
vt -0.143073 0.735000
vt 0.000000 0.735000
vt -0.139291 0.612500
vt -0.276198 0.612500
vt -0.283699 0.735000
vt -0.143073 0.735000
vt -0.276198 0.612500
vt -0.408380 0.612500
vt -0.419470 0.735000
vt -0.283699 0.735000
vt -0.408380 0.612500
vt -0.533574 0.612500
vt -0.548064 0.735000
vt -0.419470 0.735000
vt -0.533574 0.612500
vt -0.649639 0.612500
vt -0.667281 0.735000
vt -0.548064 0.735000
vt -0.649639 0.612500
vt -0.754588 0.612500
vt -0.775080 0.735000
vt -0.667281 0.735000
vt -0.754588 0.612500
vt -0.649639 0.612500
vt -0.667281 0.735000
vt -0.775080 0.735000
vt -0.649639 0.612500
vt -0.533574 0.612500
vt -0.548064 0.735000
vt -0.667281 0.735000
vt -0.533574 0.612500
vt -0.408380 0.612500
vt -0.419470 0.735000
vt -0.548064 0.735000
vt -0.408380 0.612500
vt -0.276198 0.612500
vt -0.283699 0.735000
vt -0.419470 0.735000
vt -0.276198 0.612500
vt -0.139291 0.612500
vt -0.143073 0.735000
vt -0.283699 0.735000
vt -0.139291 0.612500
vt -0.000000 0.612500
vt -0.000000 0.735000
vt -0.143073 0.735000
vt -0.000000 0.612500
vt 0.139291 0.612500
vt 0.143073 0.735000
vt -0.000000 0.735000
vt 0.139291 0.612500
vt 0.276198 0.612500
vt 0.283699 0.735000
vt 0.143073 0.735000
vt 0.276198 0.612500
vt 0.408380 0.612500
vt 0.419470 0.735000
vt 0.283699 0.735000
vt 0.408380 0.612500
vt 0.533574 0.612500
vt 0.548064 0.735000
vt 0.419470 0.735000
vt 0.533574 0.612500
vt 0.649639 0.612500
vt 0.667281 0.735000
vt 0.548064 0.735000
vt 0.649639 0.612500
vt 0.754588 0.612500
vt 0.775080 0.735000
vt 0.667281 0.735000
vt -0.754588 0.612500
vt -0.649639 0.612500
vt -0.667281 0.735000
vt -0.775080 0.735000
vt -0.649639 0.612500
vt -0.533574 0.612500
vt -0.548064 0.735000
vt -0.667281 0.735000
vt -0.533574 0.612500
vt -0.408380 0.612500
vt -0.419470 0.735000
vt -0.548064 0.735000
vt -0.408380 0.612500
vt -0.276198 0.612500
vt -0.283699 0.735000
vt -0.419470 0.735000
vt -0.276198 0.612500
vt -0.139291 0.612500
vt -0.143073 0.735000
vt -0.283699 0.735000
vt -0.139291 0.612500
vt 0.000000 0.612500
vt 0.000000 0.735000
vt -0.143073 0.735000
vt 0.000000 0.735000
vt 0.143073 0.735000
vt 0.145403 0.857500
vt 0.000000 0.857500
vt 0.143073 0.735000
vt 0.283699 0.735000
vt 0.288318 0.857500
vt 0.145403 0.857500
vt 0.283699 0.735000
vt 0.419470 0.735000
vt 0.426299 0.857500
vt 0.288318 0.857500
vt 0.419470 0.735000
vt 0.548064 0.735000
vt 0.556987 0.857500
vt 0.426299 0.857500
vt 0.548064 0.735000
vt 0.667281 0.735000
vt 0.678145 0.857500
vt 0.556987 0.857500
vt 0.667281 0.735000
vt 0.775080 0.735000
vt 0.787699 0.857500
vt 0.678145 0.857500
vt 0.775080 0.735000
vt 0.667281 0.735000
vt 0.678145 0.857500
vt 0.787699 0.857500
vt 0.667281 0.735000
vt 0.548064 0.735000
vt 0.556987 0.857500
vt 0.678145 0.857500
vt 0.548064 0.735000
vt 0.419470 0.735000
vt 0.426299 0.857500
vt 0.556987 0.857500
vt 0.419470 0.735000
vt 0.283699 0.735000
vt 0.288318 0.857500
vt 0.426299 0.857500
vt 0.283699 0.735000
vt 0.143073 0.735000
vt 0.145403 0.857500
vt 0.288318 0.857500
vt 0.143073 0.735000
vt 0.000000 0.735000
vt 0.000000 0.857500
vt 0.145403 0.857500
vt 0.000000 0.735000
vt -0.143073 0.735000
vt -0.145403 0.857500
vt 0.000000 0.857500
vt -0.143073 0.735000
vt -0.283699 0.735000
vt -0.288318 0.857500
vt -0.145403 0.857500
vt -0.283699 0.735000
vt -0.419470 0.735000
vt -0.426299 0.857500
vt -0.288318 0.857500
vt -0.419470 0.735000
vt -0.548064 0.735000
vt -0.556987 0.857500
vt -0.426299 0.857500
vt -0.548064 0.735000
vt -0.667281 0.735000
vt -0.678145 0.857500
vt -0.556987 0.857500
vt -0.667281 0.735000
vt -0.775080 0.735000
vt -0.787699 0.857500
vt -0.678145 0.857500
vt 0.775080 0.735000
vt 0.667281 0.735000
vt 0.678145 0.857500
vt 0.787699 0.857500
vt 0.667281 0.735000
vt 0.548064 0.735000
vt 0.556987 0.857500
vt 0.678145 0.857500
vt 0.548064 0.735000
vt 0.419470 0.735000
vt 0.426299 0.857500
vt 0.556987 0.857500
vt 0.419470 0.735000
vt 0.283699 0.735000
vt 0.288318 0.857500
vt 0.426299 0.857500
vt 0.283699 0.735000
vt 0.143073 0.735000
vt 0.145403 0.857500
vt 0.288318 0.857500
vt 0.143073 0.735000
vt 0.000000 0.735000
vt 0.000000 0.857500
vt 0.145403 0.857500
vt 0.000000 0.735000
vt -0.143073 0.735000
vt -0.145403 0.857500
vt 0.000000 0.857500
vt -0.143073 0.735000
vt -0.283699 0.735000
vt -0.288318 0.857500
vt -0.145403 0.857500
vt -0.283699 0.735000
vt -0.419470 0.735000
vt -0.426299 0.857500
vt -0.288318 0.857500
vt -0.419470 0.735000
vt -0.548064 0.735000
vt -0.556987 0.857500
vt -0.426299 0.857500
vt -0.548064 0.735000
vt -0.667281 0.735000
vt -0.678145 0.857500
vt -0.556987 0.857500
vt -0.667281 0.735000
vt -0.775080 0.735000
vt -0.787699 0.857500
vt -0.678145 0.857500
vt -0.775080 0.735000
vt -0.667281 0.735000
vt -0.678145 0.857500
vt -0.787699 0.857500
vt -0.667281 0.735000
vt -0.548064 0.735000
vt -0.556987 0.857500
vt -0.678145 0.857500
vt -0.548064 0.735000
vt -0.419470 0.735000
vt -0.426299 0.857500
vt -0.556987 0.857500
vt -0.419470 0.735000
vt -0.283699 0.735000
vt -0.288318 0.857500
vt -0.426299 0.857500
vt -0.283699 0.735000
vt -0.143073 0.735000
vt -0.145403 0.857500
vt -0.288318 0.857500
vt -0.143073 0.735000
vt -0.000000 0.735000
vt -0.000000 0.857500
vt -0.145403 0.857500
vt -0.000000 0.735000
vt 0.143073 0.735000
vt 0.145403 0.857500
vt -0.000000 0.857500
vt 0.143073 0.735000
vt 0.283699 0.735000
vt 0.288318 0.857500
vt 0.145403 0.857500
vt 0.283699 0.735000
vt 0.419470 0.735000
vt 0.426299 0.857500
vt 0.288318 0.857500
vt 0.419470 0.735000
vt 0.548064 0.735000
vt 0.556987 0.857500
vt 0.426299 0.857500
vt 0.548064 0.735000
vt 0.667281 0.735000
vt 0.678145 0.857500
vt 0.556987 0.857500
vt 0.667281 0.735000
vt 0.775080 0.735000
vt 0.787699 0.857500
vt 0.678145 0.857500
vt -0.775080 0.735000
vt -0.667281 0.735000
vt -0.678145 0.857500
vt -0.787699 0.857500
vt -0.667281 0.735000
vt -0.548064 0.735000
vt -0.556987 0.857500
vt -0.678145 0.857500
vt -0.548064 0.735000
vt -0.419470 0.735000
vt -0.426299 0.857500
vt -0.556987 0.857500
vt -0.419470 0.735000
vt -0.283699 0.735000
vt -0.288318 0.857500
vt -0.426299 0.857500
vt -0.283699 0.735000
vt -0.143073 0.735000
vt -0.145403 0.857500
vt -0.288318 0.857500
vt -0.143073 0.735000
vt 0.000000 0.735000
vt 0.000000 0.857500
vt -0.145403 0.857500
vt 0.000000 0.857500
vt 0.145403 0.857500
vt 0.146189 0.980000
vt 0.000000 0.980000
vt 0.145403 0.857500
vt 0.288318 0.857500
vt 0.289877 0.980000
vt 0.146189 0.980000
vt 0.288318 0.857500
vt 0.426299 0.857500
vt 0.428605 0.980000
vt 0.289877 0.980000
vt 0.426299 0.857500
vt 0.556987 0.857500
vt 0.560000 0.980000
vt 0.428605 0.980000
vt 0.556987 0.857500
vt 0.678145 0.857500
vt 0.681813 0.980000
vt 0.560000 0.980000
vt 0.678145 0.857500
vt 0.787699 0.857500
vt 0.791960 0.980000
vt 0.681813 0.980000
vt 0.787699 0.857500
vt 0.678145 0.857500
vt 0.681813 0.980000
vt 0.791960 0.980000
vt 0.678145 0.857500
vt 0.556987 0.857500
vt 0.560000 0.980000
vt 0.681813 0.980000
vt 0.556987 0.857500
vt 0.426299 0.857500
vt 0.428605 0.980000
vt 0.560000 0.980000
vt 0.426299 0.857500
vt 0.288318 0.857500
vt 0.289877 0.980000
vt 0.428605 0.980000
vt 0.288318 0.857500
vt 0.145403 0.857500
vt 0.146189 0.980000
vt 0.289877 0.980000
vt 0.145403 0.857500
vt 0.000000 0.857500
vt 0.000000 0.980000
vt 0.146189 0.980000
vt 0.000000 0.857500
vt -0.145403 0.857500
vt -0.146189 0.980000
vt 0.000000 0.980000
vt -0.145403 0.857500
vt -0.288318 0.857500
vt -0.289877 0.980000
vt -0.146189 0.980000
vt -0.288318 0.857500
vt -0.426299 0.857500
vt -0.428605 0.980000
vt -0.289877 0.980000
vt -0.426299 0.857500
vt -0.556987 0.857500
vt -0.560000 0.980000
vt -0.428605 0.980000
vt -0.556987 0.857500
vt -0.678145 0.857500
vt -0.681813 0.980000
vt -0.560000 0.980000
vt -0.678145 0.857500
vt -0.787699 0.857500
vt -0.791960 0.980000
vt -0.681813 0.980000
vt 0.787699 0.857500
vt 0.678145 0.857500
vt 0.681813 0.980000
vt 0.791960 0.980000
vt 0.678145 0.857500
vt 0.556987 0.857500
vt 0.560000 0.980000
vt 0.681813 0.980000
vt 0.556987 0.857500
vt 0.426299 0.857500
vt 0.428605 0.980000
vt 0.560000 0.980000
vt 0.426299 0.857500
vt 0.288318 0.857500
vt 0.289877 0.980000
vt 0.428605 0.980000
vt 0.288318 0.857500
vt 0.145403 0.857500
vt 0.146189 0.980000
vt 0.289877 0.980000
vt 0.145403 0.857500
vt 0.000000 0.857500
vt 0.000000 0.980000
vt 0.146189 0.980000
vt 0.000000 0.857500
vt -0.145403 0.857500
vt -0.146189 0.980000
vt 0.000000 0.980000
vt -0.145403 0.857500
vt -0.288318 0.857500
vt -0.289877 0.980000
vt -0.146189 0.980000
vt -0.288318 0.857500
vt -0.426299 0.857500
vt -0.428605 0.980000
vt -0.289877 0.980000
vt -0.426299 0.857500
vt -0.556987 0.857500
vt -0.560000 0.980000
vt -0.428605 0.980000
vt -0.556987 0.857500
vt -0.678145 0.857500
vt -0.681813 0.980000
vt -0.560000 0.980000
vt -0.678145 0.857500
vt -0.787699 0.857500
vt -0.791960 0.980000
vt -0.681813 0.980000
vt -0.787699 0.857500
vt -0.678145 0.857500
vt -0.681813 0.980000
vt -0.791960 0.980000
vt -0.678145 0.857500
vt -0.556987 0.857500
vt -0.560000 0.980000
vt -0.681813 0.980000
vt -0.556987 0.857500
vt -0.426299 0.857500
vt -0.428605 0.980000
vt -0.560000 0.980000
vt -0.426299 0.857500
vt -0.288318 0.857500
vt -0.289877 0.980000
vt -0.428605 0.980000
vt -0.288318 0.857500
vt -0.145403 0.857500
vt -0.146189 0.980000
vt -0.289877 0.980000
vt -0.145403 0.857500
vt -0.000000 0.857500
vt -0.000000 0.980000
vt -0.146189 0.980000
vt -0.000000 0.857500
vt 0.145403 0.857500
vt 0.146189 0.980000
vt -0.000000 0.980000
vt 0.145403 0.857500
vt 0.288318 0.857500
vt 0.289877 0.980000
vt 0.146189 0.980000
vt 0.288318 0.857500
vt 0.426299 0.857500
vt 0.428605 0.980000
vt 0.289877 0.980000
vt 0.426299 0.857500
vt 0.556987 0.857500
vt 0.560000 0.980000
vt 0.428605 0.980000
vt 0.556987 0.857500
vt 0.678145 0.857500
vt 0.681813 0.980000
vt 0.560000 0.980000
vt 0.678145 0.857500
vt 0.787699 0.857500
vt 0.791960 0.980000
vt 0.681813 0.980000
vt -0.787699 0.857500
vt -0.678145 0.857500
vt -0.681813 0.980000
vt -0.791960 0.980000
vt -0.678145 0.857500
vt -0.556987 0.857500
vt -0.560000 0.980000
vt -0.681813 0.980000
vt -0.556987 0.857500
vt -0.426299 0.857500
vt -0.428605 0.980000
vt -0.560000 0.980000
vt -0.426299 0.857500
vt -0.288318 0.857500
vt -0.289877 0.980000
vt -0.428605 0.980000
vt -0.288318 0.857500
vt -0.145403 0.857500
vt -0.146189 0.980000
vt -0.289877 0.980000
vt -0.145403 0.857500
vt 0.000000 0.857500
vt 0.000000 0.980000
vt -0.146189 0.980000
vt 0.000000 0.000000
vt 0.799501 0.105256
vt 0.806400 0.000000
vt 0.000000 0.000000
vt 0.778923 0.208712
vt 0.799501 0.105256
vt 0.000000 0.000000
vt 0.745016 0.308596
vt 0.778923 0.208712
vt 0.000000 0.000000
vt 0.698363 0.403200
vt 0.745016 0.308596
vt 0.000000 0.000000
vt 0.639760 0.490905
vt 0.698363 0.403200
vt 0.000000 0.000000
vt 0.570211 0.570211
vt 0.639760 0.490905
vt 0.000000 0.000000
vt 0.490905 0.639760
vt 0.570211 0.570211
vt 0.000000 0.000000
vt 0.403200 0.698363
vt 0.490905 0.639760
vt 0.000000 0.000000
vt 0.308596 0.745016
vt 0.403200 0.698363
vt 0.000000 0.000000
vt 0.208712 0.778923
vt 0.308596 0.745016
vt 0.000000 0.000000
vt 0.105256 0.799501
vt 0.208712 0.778923
vt 0.000000 0.000000
vt 0.000000 0.806400
vt 0.105256 0.799501
vt 0.000000 0.000000
vt -0.105256 0.799501
vt 0.000000 0.806400
vt 0.000000 0.000000
vt -0.208712 0.778923
vt -0.105256 0.799501
vt 0.000000 0.000000
vt -0.308596 0.745016
vt -0.208712 0.778923
vt 0.000000 0.000000
vt -0.403200 0.698363
vt -0.308596 0.745016
vt 0.000000 0.000000
vt -0.490905 0.639760
vt -0.403200 0.698363
vt 0.000000 0.000000
vt -0.570211 0.570211
vt -0.490905 0.639760
vt 0.000000 0.000000
vt -0.639760 0.490905
vt -0.570211 0.570211
vt 0.000000 0.000000
vt -0.698363 0.403200
vt -0.639760 0.490905
vt 0.000000 0.000000
vt -0.745016 0.308596
vt -0.698363 0.403200
vt 0.000000 0.000000
vt -0.778923 0.208712
vt -0.745016 0.308596
vt 0.000000 0.000000
vt -0.799501 0.105256
vt -0.778923 0.208712
vt 0.000000 0.000000
vt -0.806400 0.000000
vt -0.799501 0.105256
vt 0.000000 0.000000
vt -0.799501 -0.105256
vt -0.806400 0.000000
vt 0.000000 0.000000
vt -0.778923 -0.208712
vt -0.799501 -0.105256
vt 0.000000 0.000000
vt -0.745016 -0.308596
vt -0.778923 -0.208712
vt 0.000000 0.000000
vt -0.698363 -0.403200
vt -0.745016 -0.308596
vt 0.000000 0.000000
vt -0.639760 -0.490905
vt -0.698363 -0.403200
vt 0.000000 0.000000
vt -0.570211 -0.570211
vt -0.639760 -0.490905
vt 0.000000 0.000000
vt -0.490905 -0.639760
vt -0.570211 -0.570211
vt 0.000000 0.000000
vt -0.403200 -0.698363
vt -0.490905 -0.639760
vt 0.000000 0.000000
vt -0.308596 -0.745016
vt -0.403200 -0.698363
vt 0.000000 0.000000
vt -0.208712 -0.778923
vt -0.308596 -0.745016
vt 0.000000 0.000000
vt -0.105256 -0.799501
vt -0.208712 -0.778923
vt 0.000000 0.000000
vt -0.000000 -0.806400
vt -0.105256 -0.799501
vt 0.000000 0.000000
vt 0.105256 -0.799501
vt -0.000000 -0.806400
vt 0.000000 0.000000
vt 0.208712 -0.778923
vt 0.105256 -0.799501
vt 0.000000 0.000000
vt 0.308596 -0.745016
vt 0.208712 -0.778923
vt 0.000000 0.000000
vt 0.403200 -0.698363
vt 0.308596 -0.745016
vt 0.000000 0.000000
vt 0.490905 -0.639760
vt 0.403200 -0.698363
vt 0.000000 0.000000
vt 0.570211 -0.570211
vt 0.490905 -0.639760
vt 0.000000 0.000000
vt 0.639760 -0.490905
vt 0.570211 -0.570211
vt 0.000000 0.000000
vt 0.698363 -0.403200
vt 0.639760 -0.490905
vt 0.000000 0.000000
vt 0.745016 -0.308596
vt 0.698363 -0.403200
vt 0.000000 0.000000
vt 0.778923 -0.208712
vt 0.745016 -0.308596
vt 0.000000 0.000000
vt 0.799501 -0.105256
vt 0.778923 -0.208712
vt 0.000000 0.000000
vt 0.806400 0.000000
vt 0.799501 -0.105256
vt 1.120000 0.000000
vt 1.110418 0.146189
vt 1.010481 0.133032
vt 1.019200 0.000000
vt 1.110418 0.146189
vt 1.081837 0.289877
vt 0.984472 0.263788
vt 1.010481 0.133032
vt 1.081837 0.289877
vt 1.034745 0.428605
vt 0.941618 0.390031
vt 0.984472 0.263788
vt 1.034745 0.428605
vt 0.969948 0.560000
vt 0.882653 0.509600
vt 0.941618 0.390031
vt 0.969948 0.560000
vt 0.888556 0.681813
vt 0.808586 0.620450
vt 0.882653 0.509600
vt 0.888556 0.681813
vt 0.791960 0.791960
vt 0.720683 0.720683
vt 0.808586 0.620450
vt 0.791960 0.791960
vt 0.681813 0.888556
vt 0.620450 0.808586
vt 0.720683 0.720683
vt 0.681813 0.888556
vt 0.560000 0.969948
vt 0.509600 0.882653
vt 0.620450 0.808586
vt 0.560000 0.969948
vt 0.428605 1.034745
vt 0.390031 0.941618
vt 0.509600 0.882653
vt 0.428605 1.034745
vt 0.289877 1.081837
vt 0.263788 0.984472
vt 0.390031 0.941618
vt 0.289877 1.081837
vt 0.146189 1.110418
vt 0.133032 1.010481
vt 0.263788 0.984472
vt 0.146189 1.110418
vt 0.000000 1.120000
vt 0.000000 1.019200
vt 0.133032 1.010481
vt 0.000000 1.120000
vt -0.146189 1.110418
vt -0.133032 1.010481
vt 0.000000 1.019200
vt -0.146189 1.110418
vt -0.289877 1.081837
vt -0.263788 0.984472
vt -0.133032 1.010481
vt -0.289877 1.081837
vt -0.428605 1.034745
vt -0.390031 0.941618
vt -0.263788 0.984472
vt -0.428605 1.034745
vt -0.560000 0.969948
vt -0.509600 0.882653
vt -0.390031 0.941618
vt -0.560000 0.969948
vt -0.681813 0.888556
vt -0.620450 0.808586
vt -0.509600 0.882653
vt -0.681813 0.888556
vt -0.791960 0.791960
vt -0.720683 0.720683
vt -0.620450 0.808586
vt -0.791960 0.791960
vt -0.888556 0.681813
vt -0.808586 0.620450
vt -0.720683 0.720683
vt -0.888556 0.681813
vt -0.969948 0.560000
vt -0.882653 0.509600
vt -0.808586 0.620450
vt -0.969948 0.560000
vt -1.034745 0.428605
vt -0.941618 0.390031
vt -0.882653 0.509600
vt -1.034745 0.428605
vt -1.081837 0.289877
vt -0.984472 0.263788
vt -0.941618 0.390031
vt -1.081837 0.289877
vt -1.110418 0.146189
vt -1.010481 0.133032
vt -0.984472 0.263788
vt -1.110418 0.146189
vt -1.120000 0.000000
vt -1.019200 0.000000
vt -1.010481 0.133032
vt -1.120000 0.000000
vt -1.110418 -0.146189
vt -1.010481 -0.133032
vt -1.019200 0.000000
vt -1.110418 -0.146189
vt -1.081837 -0.289877
vt -0.984472 -0.263788
vt -1.010481 -0.133032
vt -1.081837 -0.289877
vt -1.034745 -0.428605
vt -0.941618 -0.390031
vt -0.984472 -0.263788
vt -1.034745 -0.428605
vt -0.969948 -0.560000
vt -0.882653 -0.509600
vt -0.941618 -0.390031
vt -0.969948 -0.560000
vt -0.888556 -0.681813
vt -0.808586 -0.620450
vt -0.882653 -0.509600
vt -0.888556 -0.681813
vt -0.791960 -0.791960
vt -0.720683 -0.720683
vt -0.808586 -0.620450
vt -0.791960 -0.791960
vt -0.681813 -0.888556
vt -0.620450 -0.808586
vt -0.720683 -0.720683
vt -0.681813 -0.888556
vt -0.560000 -0.969948
vt -0.509600 -0.882653
vt -0.620450 -0.808586
vt -0.560000 -0.969948
vt -0.428605 -1.034745
vt -0.390031 -0.941618
vt -0.509600 -0.882653
vt -0.428605 -1.034745
vt -0.289877 -1.081837
vt -0.263788 -0.984472
vt -0.390031 -0.941618
vt -0.289877 -1.081837
vt -0.146189 -1.110418
vt -0.133032 -1.010481
vt -0.263788 -0.984472
vt -0.146189 -1.110418
vt -0.000000 -1.120000
vt -0.000000 -1.019200
vt -0.133032 -1.010481
vt -0.000000 -1.120000
vt 0.146189 -1.110418
vt 0.133032 -1.010481
vt -0.000000 -1.019200
vt 0.146189 -1.110418
vt 0.289877 -1.081837
vt 0.263788 -0.984472
vt 0.133032 -1.010481
vt 0.289877 -1.081837
vt 0.428605 -1.034745
vt 0.390031 -0.941618
vt 0.263788 -0.984472
vt 0.428605 -1.034745
vt 0.560000 -0.969948
vt 0.509600 -0.882653
vt 0.390031 -0.941618
vt 0.560000 -0.969948
vt 0.681813 -0.888556
vt 0.620450 -0.808586
vt 0.509600 -0.882653
vt 0.681813 -0.888556
vt 0.791960 -0.791960
vt 0.720683 -0.720683
vt 0.620450 -0.808586
vt 0.791960 -0.791960
vt 0.888556 -0.681813
vt 0.808586 -0.620450
vt 0.720683 -0.720683
vt 0.888556 -0.681813
vt 0.969948 -0.560000
vt 0.882653 -0.509600
vt 0.808586 -0.620450
vt 0.969948 -0.560000
vt 1.034745 -0.428605
vt 0.941618 -0.390031
vt 0.882653 -0.509600
vt 1.034745 -0.428605
vt 1.081837 -0.289877
vt 0.984472 -0.263788
vt 0.941618 -0.390031
vt 1.081837 -0.289877
vt 1.110418 -0.146189
vt 1.010481 -0.133032
vt 0.984472 -0.263788
vt 1.110418 -0.146189
vt 1.120000 0.000000
vt 1.019200 0.000000
vt 1.010481 -0.133032
vt 0.000000 0.980000
vt 0.000000 0.803600
vt 0.123720 0.803600
vt 0.133032 0.980000
vt 0.133032 0.980000
vt 0.123720 0.803600
vt 0.245323 0.803600
vt 0.263788 0.980000
vt 0.263788 0.980000
vt 0.245323 0.803600
vt 0.362729 0.803600
vt 0.390031 0.980000
vt 0.390031 0.980000
vt 0.362729 0.803600
vt 0.473928 0.803600
vt 0.509600 0.980000
vt 0.509600 0.980000
vt 0.473928 0.803600
vt 0.577018 0.803600
vt 0.620450 0.980000
vt 0.620450 0.980000
vt 0.577018 0.803600
vt 0.670235 0.803600
vt 0.720683 0.980000
vt 0.720683 0.980000
vt 0.670235 0.803600
vt 0.577018 0.803600
vt 0.620450 0.980000
vt 0.620450 0.980000
vt 0.577018 0.803600
vt 0.473928 0.803600
vt 0.509600 0.980000
vt 0.509600 0.980000
vt 0.473928 0.803600
vt 0.362729 0.803600
vt 0.390031 0.980000
vt 0.390031 0.980000
vt 0.362729 0.803600
vt 0.245323 0.803600
vt 0.263788 0.980000
vt 0.263788 0.980000
vt 0.245323 0.803600
vt 0.123720 0.803600
vt 0.133032 0.980000
vt 0.133032 0.980000
vt 0.123720 0.803600
vt 0.000000 0.803600
vt 0.000000 0.980000
vt 0.000000 0.980000
vt 0.000000 0.803600
vt -0.123720 0.803600
vt -0.133032 0.980000
vt -0.133032 0.980000
vt -0.123720 0.803600
vt -0.245323 0.803600
vt -0.263788 0.980000
vt -0.263788 0.980000
vt -0.245323 0.803600
vt -0.362729 0.803600
vt -0.390031 0.980000
vt -0.390031 0.980000
vt -0.362729 0.803600
vt -0.473928 0.803600
vt -0.509600 0.980000
vt -0.509600 0.980000
vt -0.473928 0.803600
vt -0.577018 0.803600
vt -0.620450 0.980000
vt -0.620450 0.980000
vt -0.577018 0.803600
vt -0.670235 0.803600
vt -0.720683 0.980000
vt 0.720683 0.980000
vt 0.670235 0.803600
vt 0.577018 0.803600
vt 0.620450 0.980000
vt 0.620450 0.980000
vt 0.577018 0.803600
vt 0.473928 0.803600
vt 0.509600 0.980000
vt 0.509600 0.980000
vt 0.473928 0.803600
vt 0.362729 0.803600
vt 0.390031 0.980000
vt 0.390031 0.980000
vt 0.362729 0.803600
vt 0.245323 0.803600
vt 0.263788 0.980000
vt 0.263788 0.980000
vt 0.245323 0.803600
vt 0.123720 0.803600
vt 0.133032 0.980000
vt 0.133032 0.980000
vt 0.123720 0.803600
vt 0.000000 0.803600
vt 0.000000 0.980000
vt 0.000000 0.980000
vt 0.000000 0.803600
vt -0.123720 0.803600
vt -0.133032 0.980000
vt -0.133032 0.980000
vt -0.123720 0.803600
vt -0.245323 0.803600
vt -0.263788 0.980000
vt -0.263788 0.980000
vt -0.245323 0.803600
vt -0.362729 0.803600
vt -0.390031 0.980000
vt -0.390031 0.980000
vt -0.362729 0.803600
vt -0.473928 0.803600
vt -0.509600 0.980000
vt -0.509600 0.980000
vt -0.473928 0.803600
vt -0.577018 0.803600
vt -0.620450 0.980000
vt -0.620450 0.980000
vt -0.577018 0.803600
vt -0.670235 0.803600
vt -0.720683 0.980000
vt -0.720683 0.980000
vt -0.670235 0.803600
vt -0.577018 0.803600
vt -0.620450 0.980000
vt -0.620450 0.980000
vt -0.577018 0.803600
vt -0.473928 0.803600
vt -0.509600 0.980000
vt -0.509600 0.980000
vt -0.473928 0.803600
vt -0.362729 0.803600
vt -0.390031 0.980000
vt -0.390031 0.980000
vt -0.362729 0.803600
vt -0.245323 0.803600
vt -0.263788 0.980000
vt -0.263788 0.980000
vt -0.245323 0.803600
vt -0.123720 0.803600
vt -0.133032 0.980000
vt -0.133032 0.980000
vt -0.123720 0.803600
vt -0.000000 0.803600
vt -0.000000 0.980000
vt -0.000000 0.980000
vt -0.000000 0.803600
vt 0.123720 0.803600
vt 0.133032 0.980000
vt 0.133032 0.980000
vt 0.123720 0.803600
vt 0.245323 0.803600
vt 0.263788 0.980000
vt 0.263788 0.980000
vt 0.245323 0.803600
vt 0.362729 0.803600
vt 0.390031 0.980000
vt 0.390031 0.980000
vt 0.362729 0.803600
vt 0.473928 0.803600
vt 0.509600 0.980000
vt 0.509600 0.980000
vt 0.473928 0.803600
vt 0.577018 0.803600
vt 0.620450 0.980000
vt 0.620450 0.980000
vt 0.577018 0.803600
vt 0.670235 0.803600
vt 0.720683 0.980000
vt -0.720683 0.980000
vt -0.670235 0.803600
vt -0.577018 0.803600
vt -0.620450 0.980000
vt -0.620450 0.980000
vt -0.577018 0.803600
vt -0.473928 0.803600
vt -0.509600 0.980000
vt -0.509600 0.980000
vt -0.473928 0.803600
vt -0.362729 0.803600
vt -0.390031 0.980000
vt -0.390031 0.980000
vt -0.362729 0.803600
vt -0.245323 0.803600
vt -0.263788 0.980000
vt -0.263788 0.980000
vt -0.245323 0.803600
vt -0.123720 0.803600
vt -0.133032 0.980000
vt -0.133032 0.980000
vt -0.123720 0.803600
vt 0.000000 0.803600
vt 0.000000 0.980000
vt 0.947856 0.000000
vt 0.881600 0.000190
vt 0.874386 0.115307
vt 0.939747 0.123720
vt 0.939747 0.123720
vt 0.874386 0.115307
vt 0.848552 0.227565
vt 0.915559 0.245323
vt 0.915559 0.245323
vt 0.848552 0.227565
vt 0.814844 0.337725
vt 0.875705 0.362729
vt 0.875705 0.362729
vt 0.814844 0.337725
vt 0.788808 0.455645
vt 0.820867 0.473928
vt 0.820867 0.473928
vt 0.788808 0.455645
vt 0.739361 0.567585
vt 0.751985 0.577018
vt 0.751985 0.577018
vt 0.739361 0.567585
vt 0.647506 0.647785
vt 0.670235 0.670235
vt 0.670235 0.670235
vt 0.647506 0.647785
vt 0.549955 0.717035
vt 0.577018 0.751985
vt 0.577018 0.751985
vt 0.549955 0.717035
vt 0.449366 0.778711
vt 0.473928 0.820867
vt 0.473928 0.820867
vt 0.449366 0.778711
vt 0.353841 0.854768
vt 0.362729 0.875705
vt 0.362729 0.875705
vt 0.353841 0.854768
vt 0.236727 0.884239
vt 0.245323 0.915559
vt 0.245323 0.915559
vt 0.236727 0.884239
vt 0.114452 0.870794
vt 0.123720 0.939747
vt 0.123720 0.939747
vt 0.114452 0.870794
vt -0.000200 0.929215
vt 0.000000 0.947856
vt 0.000000 0.947856
vt -0.000200 0.929215
vt -0.119785 0.908347
vt -0.123720 0.939747
vt -0.123720 0.939747
vt -0.119785 0.908347
vt -0.238542 0.889486
vt -0.245323 0.915559
vt -0.245323 0.915559
vt -0.238542 0.889486
vt -0.341094 0.822973
vt -0.362729 0.875705
vt -0.362729 0.875705
vt -0.341094 0.822973
vt -0.460666 0.797500
vt -0.473928 0.820867
vt -0.473928 0.820867
vt -0.460666 0.797500
vt -0.561528 0.731472
vt -0.577018 0.751985
vt -0.577018 0.751985
vt -0.561528 0.731472
vt -0.658271 0.657988
vt -0.670235 0.670235
vt -0.670235 0.670235
vt -0.658271 0.657988
vt -0.707587 0.542709
vt -0.751985 0.577018
vt -0.751985 0.577018
vt -0.707587 0.542709
vt -0.797997 0.460495
vt -0.820867 0.473928
vt -0.820867 0.473928
vt -0.797997 0.460495
vt -0.855236 0.354035
vt -0.875705 0.362729
vt -0.875705 0.362729
vt -0.855236 0.354035
vt -0.888706 0.237923
vt -0.915559 0.245323
vt -0.915559 0.245323
vt -0.888706 0.237923
vt -0.878790 0.115503
vt -0.939747 0.123720
vt -0.939747 0.123720
vt -0.878790 0.115503
vt -0.930534 -0.000200
vt -0.947856 0.000000
vt -0.947856 0.000000
vt -0.930534 -0.000200
vt -0.883597 -0.116521
vt -0.939747 -0.123720
vt -0.939747 -0.123720
vt -0.883597 -0.116521
vt -0.863999 -0.231707
vt -0.915559 -0.245323
vt -0.915559 -0.245323
vt -0.863999 -0.231707
vt -0.855918 -0.354749
vt -0.875705 -0.362729
vt -0.875705 -0.362729
vt -0.855918 -0.354749
vt -0.785078 -0.453490
vt -0.820867 -0.473928
vt -0.820867 -0.473928
vt -0.785078 -0.453490
vt -0.730839 -0.561043
vt -0.751985 -0.577018
vt -0.751985 -0.577018
vt -0.730839 -0.561043
vt -0.621548 -0.621816
vt -0.670235 -0.670235
vt -0.670235 -0.670235
vt -0.621548 -0.621816
vt -0.539646 -0.703594
vt -0.577018 -0.751985
vt -0.577018 -0.751985
vt -0.539646 -0.703594
vt -0.448734 -0.777617
vt -0.473928 -0.820867
vt -0.473928 -0.820867
vt -0.448734 -0.777617
vt -0.336236 -0.812240
vt -0.362729 -0.875705
vt -0.362729 -0.875705
vt -0.336236 -0.812240
vt -0.237905 -0.888637
vt -0.245323 -0.915559
vt -0.245323 -0.915559
vt -0.237905 -0.888637
vt -0.119836 -0.911762
vt -0.123720 -0.939747
vt -0.123720 -0.939747
vt -0.119836 -0.911762
vt 0.000194 -0.901648
vt -0.000000 -0.947856
vt -0.000000 -0.947856
vt 0.000194 -0.901648
vt 0.116207 -0.881212
vt 0.123720 -0.939747
vt 0.123720 -0.939747
vt 0.116207 -0.881212
vt 0.232141 -0.865617
vt 0.245323 -0.915559
vt 0.245323 -0.915559
vt 0.232141 -0.865617
vt 0.346899 -0.836978
vt 0.362729 -0.875705
vt 0.362729 -0.875705
vt 0.346899 -0.836978
vt 0.455823 -0.789116
vt 0.473928 -0.820867
vt 0.473928 -0.820867
vt 0.455823 -0.789116
vt 0.559949 -0.729415
vt 0.577018 -0.751985
vt 0.577018 -0.751985
vt 0.559949 -0.729415
vt 0.625447 -0.625178
vt 0.670235 -0.670235
vt 0.670235 -0.670235
vt 0.625447 -0.625178
vt 0.715539 -0.548808
vt 0.751985 -0.577018
vt 0.751985 -0.577018
vt 0.715539 -0.548808
vt 0.789144 -0.455386
vt 0.820867 -0.473928
vt 0.820867 -0.473928
vt 0.789144 -0.455386
vt 0.816070 -0.337822
vt 0.875705 -0.362729
vt 0.875705 -0.362729
vt 0.816070 -0.337822
vt 0.900113 -0.240977
vt 0.915559 -0.245323
vt 0.915559 -0.245323
vt 0.900113 -0.240977
vt 0.878293 -0.115437
vt 0.939747 -0.123720
vt 0.939747 -0.123720
vt 0.878293 -0.115437
vt 0.881600 0.000190
vt 0.947856 0.000000
vt 0.881600 0.000190
vt 0.874386 0.115307
vt 0.673217 0.074910
vt 0.661576 -0.013289
vt 0.874386 0.115307
vt 0.848552 0.227565
vt 0.634983 0.156546
vt 0.673217 0.074910
vt 0.848552 0.227565
vt 0.814844 0.337725
vt 0.620169 0.242408
vt 0.634983 0.156546
vt 0.814844 0.337725
vt 0.788808 0.455645
vt 0.582411 0.320836
vt 0.620169 0.242408
vt 0.788808 0.455645
vt 0.739361 0.567585
vt 0.547336 0.402783
vt 0.582411 0.320836
vt 0.739361 0.567585
vt 0.647506 0.647785
vt 0.464801 0.446496
vt 0.547336 0.402783
vt 0.647506 0.647785
vt 0.549955 0.717035
vt 0.423104 0.529052
vt 0.464801 0.446496
vt 0.549955 0.717035
vt 0.449366 0.778711
vt 0.332441 0.549993
vt 0.423104 0.529052
vt 0.449366 0.778711
vt 0.353841 0.854768
vt 0.259037 0.591484
vt 0.332441 0.549993
vt 0.353841 0.854768
vt 0.236727 0.884239
vt 0.179815 0.620919
vt 0.259037 0.591484
vt 0.236727 0.884239
vt 0.114452 0.870794
vt 0.098997 0.650692
vt 0.179815 0.620919
vt 0.114452 0.870794
vt -0.000200 0.929215
vt 0.013629 0.678509
vt 0.098997 0.650692
vt -0.000200 0.929215
vt -0.119785 0.908347
vt -0.072589 0.652358
vt 0.013629 0.678509
vt -0.119785 0.908347
vt -0.238542 0.889486
vt -0.155475 0.630640
vt -0.072589 0.652358
vt -0.238542 0.889486
vt -0.341094 0.822973
vt -0.233216 0.596652
vt -0.155475 0.630640
vt -0.341094 0.822973
vt -0.460666 0.797500
vt -0.320090 0.581058
vt -0.233216 0.596652
vt -0.460666 0.797500
vt -0.561528 0.731472
vt -0.397505 0.540163
vt -0.320090 0.581058
vt -0.561528 0.731472
vt -0.658271 0.657988
vt -0.458101 0.476881
vt -0.397505 0.540163
vt -0.658271 0.657988
vt -0.707587 0.542709
vt -0.517519 0.413880
vt -0.458101 0.476881
vt -0.707587 0.542709
vt -0.797997 0.460495
vt -0.565664 0.341914
vt -0.517519 0.413880
vt -0.797997 0.460495
vt -0.855236 0.354035
vt -0.621466 0.272167
vt -0.565664 0.341914
vt -0.855236 0.354035
vt -0.888706 0.237923
vt -0.628067 0.181885
vt -0.621466 0.272167
vt -0.888706 0.237923
vt -0.878790 0.115503
vt -0.640730 0.097482
vt -0.628067 0.181885
vt -0.878790 0.115503
vt -0.930534 -0.000200
vt -0.640865 0.012873
vt -0.640730 0.097482
vt -0.930534 -0.000200
vt -0.883597 -0.116521
vt -0.655856 -0.072978
vt -0.640865 0.012873
vt -0.883597 -0.116521
vt -0.863999 -0.231707
vt -0.632743 -0.155994
vt -0.655856 -0.072978
vt -0.863999 -0.231707
vt -0.855918 -0.354749
vt -0.631198 -0.246719
vt -0.632743 -0.155994
vt -0.855918 -0.354749
vt -0.785078 -0.453490
vt -0.585109 -0.322322
vt -0.631198 -0.246719
vt -0.785078 -0.453490
vt -0.730839 -0.561043
vt -0.527549 -0.388222
vt -0.585109 -0.322322
vt -0.730839 -0.561043
vt -0.621548 -0.621816
vt -0.481299 -0.462344
vt -0.527549 -0.388222
vt -0.621548 -0.621816
vt -0.539646 -0.703594
vt -0.410345 -0.513098
vt -0.481299 -0.462344
vt -0.539646 -0.703594
vt -0.448734 -0.777617
vt -0.350042 -0.579112
vt -0.410345 -0.513098
vt -0.448734 -0.777617
vt -0.336236 -0.812240
vt -0.259251 -0.591974
vt -0.350042 -0.579112
vt -0.336236 -0.812240
vt -0.237905 -0.888637
vt -0.178902 -0.617766
vt -0.259251 -0.591974
vt -0.237905 -0.888637
vt -0.119836 -0.911762
vt -0.100444 -0.660199
vt -0.178902 -0.617766
vt -0.119836 -0.911762
vt 0.000194 -0.901648
vt -0.012946 -0.644493
vt -0.100444 -0.660199
vt 0.000194 -0.901648
vt 0.116207 -0.881212
vt 0.071720 -0.644552
vt -0.012946 -0.644493
vt 0.116207 -0.881212
vt 0.232141 -0.865617
vt 0.160335 -0.650354
vt 0.071720 -0.644552
vt 0.232141 -0.865617
vt 0.346899 -0.836978
vt 0.240892 -0.616290
vt 0.160335 -0.650354
vt 0.346899 -0.836978
vt 0.455823 -0.789116
vt 0.312121 -0.566592
vt 0.240892 -0.616290
vt 0.455823 -0.789116
vt 0.559949 -0.729415
vt 0.400572 -0.544332
vt 0.312121 -0.566592
vt 0.559949 -0.729415
vt 0.625447 -0.625178
vt 0.459468 -0.478305
vt 0.400572 -0.544332
vt 0.625447 -0.625178
vt 0.715539 -0.548808
vt 0.519969 -0.415840
vt 0.459468 -0.478305
vt 0.715539 -0.548808
vt 0.789144 -0.455386
vt 0.580804 -0.351065
vt 0.519969 -0.415840
vt 0.789144 -0.455386
vt 0.816070 -0.337822
vt 0.614980 -0.269327
vt 0.580804 -0.351065
vt 0.816070 -0.337822
vt 0.900113 -0.240977
vt 0.617664 -0.178872
vt 0.614980 -0.269327
vt 0.900113 -0.240977
vt 0.878293 -0.115437
vt 0.633771 -0.096423
vt 0.617664 -0.178872
vt 0.878293 -0.115437
vt 0.881600 0.000190
vt 0.661576 -0.013289
vt 0.633771 -0.096423
vt 0.661576 -0.013289
vt 0.673217 0.074910
vt 0.361915 0.059958
vt 0.352448 0.011733
vt 0.673217 0.074910
vt 0.634983 0.156546
vt 0.348596 0.105956
vt 0.361915 0.059958
vt 0.634983 0.156546
vt 0.620169 0.242408
vt 0.328511 0.149065
vt 0.348596 0.105956
vt 0.620169 0.242408
vt 0.582411 0.320836
vt 0.302035 0.188049
vt 0.328511 0.149065
vt 0.582411 0.320836
vt 0.547336 0.402783
vt 0.273337 0.224575
vt 0.302035 0.188049
vt 0.547336 0.402783
vt 0.464801 0.446496
vt 0.241078 0.257681
vt 0.273337 0.224575
vt 0.464801 0.446496
vt 0.423104 0.529052
vt 0.212440 0.296806
vt 0.241078 0.257681
vt 0.423104 0.529052
vt 0.332441 0.549993
vt 0.169324 0.317206
vt 0.212440 0.296806
vt 0.332441 0.549993
vt 0.259037 0.591484
vt 0.128840 0.342895
vt 0.169324 0.317206
vt 0.259037 0.591484
vt 0.179815 0.620919
vt 0.080754 0.347202
vt 0.128840 0.342895
vt 0.179815 0.620919
vt 0.098997 0.650692
vt 0.034126 0.348462
vt 0.080754 0.347202
vt 0.098997 0.650692
vt 0.013629 0.678509
vt -0.012229 0.367353
vt 0.034126 0.348462
vt 0.013629 0.678509
vt -0.072589 0.652358
vt -0.057388 0.346400
vt -0.012229 0.367353
vt -0.072589 0.652358
vt -0.155475 0.630640
vt -0.106630 0.350813
vt -0.057388 0.346400
vt -0.155475 0.630640
vt -0.233216 0.596652
vt -0.144172 0.317727
vt -0.106630 0.350813
vt -0.233216 0.596652
vt -0.320090 0.581058
vt -0.189277 0.304008
vt -0.144172 0.317727
vt -0.320090 0.581058
vt -0.397505 0.540163
vt -0.223534 0.272070
vt -0.189277 0.304008
vt -0.397505 0.540163
vt -0.458101 0.476881
vt -0.268645 0.251335
vt -0.223534 0.272070
vt -0.458101 0.476881
vt -0.517519 0.413880
vt -0.284175 0.203399
vt -0.268645 0.251335
vt -0.517519 0.413880
vt -0.565664 0.341914
vt -0.310236 0.165604
vt -0.284175 0.203399
vt -0.565664 0.341914
vt -0.621466 0.272167
vt -0.336315 0.126367
vt -0.310236 0.165604
vt -0.621466 0.272167
vt -0.628067 0.181885
vt -0.349490 0.081286
vt -0.336315 0.126367
vt -0.628067 0.181885
vt -0.640730 0.097482
vt -0.360287 0.035284
vt -0.349490 0.081286
vt -0.640730 0.097482
vt -0.640865 0.012873
vt -0.356112 -0.011855
vt -0.360287 0.035284
vt -0.640865 0.012873
vt -0.655856 -0.072978
vt -0.353313 -0.058533
vt -0.356112 -0.011855
vt -0.655856 -0.072978
vt -0.632743 -0.155994
vt -0.335868 -0.102088
vt -0.353313 -0.058533
vt -0.632743 -0.155994
vt -0.631198 -0.246719
vt -0.333672 -0.151407
vt -0.335868 -0.102088
vt -0.631198 -0.246719
vt -0.585109 -0.322322
vt -0.301260 -0.187567
vt -0.333672 -0.151407
vt -0.585109 -0.322322
vt -0.527549 -0.388222
vt -0.281250 -0.231077
vt -0.301260 -0.187567
vt -0.527549 -0.388222
vt -0.481299 -0.462344
vt -0.248074 -0.265159
vt -0.281250 -0.231077
vt -0.481299 -0.462344
vt -0.410345 -0.513098
vt -0.209767 -0.293072
vt -0.248074 -0.265159
vt -0.410345 -0.513098
vt -0.350042 -0.579112
vt -0.171068 -0.320472
vt -0.209767 -0.293072
vt -0.350042 -0.579112
vt -0.259251 -0.591974
vt -0.128641 -0.342366
vt -0.171068 -0.320472
vt -0.259251 -0.591974
vt -0.178902 -0.617766
vt -0.081663 -0.351113
vt -0.128641 -0.342366
vt -0.178902 -0.617766
vt -0.100444 -0.660199
vt -0.035979 -0.367389
vt -0.081663 -0.351113
vt -0.100444 -0.660199
vt -0.012946 -0.644493
vt 0.011947 -0.358881
vt -0.035979 -0.367389
vt -0.012946 -0.644493
vt 0.071720 -0.644552
vt 0.059403 -0.358567
vt 0.011947 -0.358881
vt 0.071720 -0.644552
vt 0.160335 -0.650354
vt 0.102414 -0.336943
vt 0.059403 -0.358567
vt 0.160335 -0.650354
vt 0.240892 -0.616290
vt 0.149021 -0.328414
vt 0.102414 -0.336943
vt 0.240892 -0.616290
vt 0.312121 -0.566592
vt 0.185485 -0.297916
vt 0.149021 -0.328414
vt 0.312121 -0.566592
vt 0.400572 -0.544332
vt 0.224286 -0.272985
vt 0.185485 -0.297916
vt 0.400572 -0.544332
vt 0.459468 -0.478305
vt 0.255304 -0.238854
vt 0.224286 -0.272985
vt 0.459468 -0.478305
vt 0.519969 -0.415840
vt 0.296853 -0.212473
vt 0.255304 -0.238854
vt 0.519969 -0.415840
vt 0.580804 -0.351065
vt 0.321427 -0.171578
vt 0.296853 -0.212473
vt 0.580804 -0.351065
vt 0.614980 -0.269327
vt 0.337799 -0.126925
vt 0.321427 -0.171578
vt 0.614980 -0.269327
vt 0.617664 -0.178872
vt 0.358672 -0.083421
vt 0.337799 -0.126925
vt 0.617664 -0.178872
vt 0.633771 -0.096423
vt 0.346965 -0.033979
vt 0.358672 -0.083421
vt 0.633771 -0.096423
vt 0.661576 -0.013289
vt 0.352448 0.011733
vt 0.346965 -0.033979
vt 0.024186 -0.030226
vt 0.352448 0.011733
vt 0.361915 0.059958
vt 0.024186 -0.030226
vt 0.361915 0.059958
vt 0.348596 0.105956
vt 0.024186 -0.030226
vt 0.348596 0.105956
vt 0.328511 0.149065
vt 0.024186 -0.030226
vt 0.328511 0.149065
vt 0.302035 0.188049
vt 0.024186 -0.030226
vt 0.302035 0.188049
vt 0.273337 0.224575
vt 0.024186 -0.030226
vt 0.273337 0.224575
vt 0.241078 0.257681
vt 0.024186 -0.030226
vt 0.241078 0.257681
vt 0.212440 0.296806
vt 0.024186 -0.030226
vt 0.212440 0.296806
vt 0.169324 0.317206
vt 0.024186 -0.030226
vt 0.169324 0.317206
vt 0.128840 0.342895
vt 0.024186 -0.030226
vt 0.128840 0.342895
vt 0.080754 0.347202
vt 0.024186 -0.030226
vt 0.080754 0.347202
vt 0.034126 0.348462
vt 0.024186 -0.030226
vt 0.034126 0.348462
vt -0.012229 0.367353
vt 0.024186 -0.030226
vt -0.012229 0.367353
vt -0.057388 0.346400
vt 0.024186 -0.030226
vt -0.057388 0.346400
vt -0.106630 0.350813
vt 0.024186 -0.030226
vt -0.106630 0.350813
vt -0.144172 0.317727
vt 0.024186 -0.030226
vt -0.144172 0.317727
vt -0.189277 0.304008
vt 0.024186 -0.030226
vt -0.189277 0.304008
vt -0.223534 0.272070
vt 0.024186 -0.030226
vt -0.223534 0.272070
vt -0.268645 0.251335
vt 0.024186 -0.030226
vt -0.268645 0.251335
vt -0.284175 0.203399
vt 0.024186 -0.030226
vt -0.284175 0.203399
vt -0.310236 0.165604
vt 0.024186 -0.030226
vt -0.310236 0.165604
vt -0.336315 0.126367
vt 0.024186 -0.030226
vt -0.336315 0.126367
vt -0.349490 0.081286
vt 0.024186 -0.030226
vt -0.349490 0.081286
vt -0.360287 0.035284
vt 0.024186 -0.030226
vt -0.360287 0.035284
vt -0.356112 -0.011855
vt 0.024186 -0.030226
vt -0.356112 -0.011855
vt -0.353313 -0.058533
vt 0.024186 -0.030226
vt -0.353313 -0.058533
vt -0.335868 -0.102088
vt 0.024186 -0.030226
vt -0.335868 -0.102088
vt -0.333672 -0.151407
vt 0.024186 -0.030226
vt -0.333672 -0.151407
vt -0.301260 -0.187567
vt 0.024186 -0.030226
vt -0.301260 -0.187567
vt -0.281250 -0.231077
vt 0.024186 -0.030226
vt -0.281250 -0.231077
vt -0.248074 -0.265159
vt 0.024186 -0.030226
vt -0.248074 -0.265159
vt -0.209767 -0.293072
vt 0.024186 -0.030226
vt -0.209767 -0.293072
vt -0.171068 -0.320472
vt 0.024186 -0.030226
vt -0.171068 -0.320472
vt -0.128641 -0.342366
vt 0.024186 -0.030226
vt -0.128641 -0.342366
vt -0.081663 -0.351113
vt 0.024186 -0.030226
vt -0.081663 -0.351113
vt -0.035979 -0.367389
vt 0.024186 -0.030226
vt -0.035979 -0.367389
vt 0.011947 -0.358881
vt 0.024186 -0.030226
vt 0.011947 -0.358881
vt 0.059403 -0.358567
vt 0.024186 -0.030226
vt 0.059403 -0.358567
vt 0.102414 -0.336943
vt 0.024186 -0.030226
vt 0.102414 -0.336943
vt 0.149021 -0.328414
vt 0.024186 -0.030226
vt 0.149021 -0.328414
vt 0.185485 -0.297916
vt 0.024186 -0.030226
vt 0.185485 -0.297916
vt 0.224286 -0.272985
vt 0.024186 -0.030226
vt 0.224286 -0.272985
vt 0.255304 -0.238854
vt 0.024186 -0.030226
vt 0.255304 -0.238854
vt 0.296853 -0.212473
vt 0.024186 -0.030226
vt 0.296853 -0.212473
vt 0.321427 -0.171578
vt 0.024186 -0.030226
vt 0.321427 -0.171578
vt 0.337799 -0.126925
vt 0.024186 -0.030226
vt 0.337799 -0.126925
vt 0.358672 -0.083421
vt 0.024186 -0.030226
vt 0.358672 -0.083421
vt 0.346965 -0.033979
vt 0.024186 -0.030226
vt 0.346965 -0.033979
vt 0.352448 0.011733
usemtl M_ConcretePlanter_Cast
s 1
f 1/1 2/2 50/3 49/4
f 2/5 3/6 51/7 50/8
f 3/9 4/10 52/11 51/12
f 4/13 5/14 53/15 52/16
f 5/17 6/18 54/19 53/20
f 6/21 7/22 55/23 54/24
f 7/25 8/26 56/27 55/28
f 8/29 9/30 57/31 56/32
f 9/33 10/34 58/35 57/36
f 10/37 11/38 59/39 58/40
f 11/41 12/42 60/43 59/44
f 12/45 13/46 61/47 60/48
f 13/49 14/50 62/51 61/52
f 14/53 15/54 63/55 62/56
f 15/57 16/58 64/59 63/60
f 16/61 17/62 65/63 64/64
f 17/65 18/66 66/67 65/68
f 18/69 19/70 67/71 66/72
f 19/73 20/74 68/75 67/76
f 20/77 21/78 69/79 68/80
f 21/81 22/82 70/83 69/84
f 22/85 23/86 71/87 70/88
f 23/89 24/90 72/91 71/92
f 24/93 25/94 73/95 72/96
f 25/97 26/98 74/99 73/100
f 26/101 27/102 75/103 74/104
f 27/105 28/106 76/107 75/108
f 28/109 29/110 77/111 76/112
f 29/113 30/114 78/115 77/116
f 30/117 31/118 79/119 78/120
f 31/121 32/122 80/123 79/124
f 32/125 33/126 81/127 80/128
f 33/129 34/130 82/131 81/132
f 34/133 35/134 83/135 82/136
f 35/137 36/138 84/139 83/140
f 36/141 37/142 85/143 84/144
f 37/145 38/146 86/147 85/148
f 38/149 39/150 87/151 86/152
f 39/153 40/154 88/155 87/156
f 40/157 41/158 89/159 88/160
f 41/161 42/162 90/163 89/164
f 42/165 43/166 91/167 90/168
f 43/169 44/170 92/171 91/172
f 44/173 45/174 93/175 92/176
f 45/177 46/178 94/179 93/180
f 46/181 47/182 95/183 94/184
f 47/185 48/186 96/187 95/188
f 48/189 1/190 49/191 96/192
f 49/193 50/194 98/195 97/196
f 50/197 51/198 99/199 98/200
f 51/201 52/202 100/203 99/204
f 52/205 53/206 101/207 100/208
f 53/209 54/210 102/211 101/212
f 54/213 55/214 103/215 102/216
f 55/217 56/218 104/219 103/220
f 56/221 57/222 105/223 104/224
f 57/225 58/226 106/227 105/228
f 58/229 59/230 107/231 106/232
f 59/233 60/234 108/235 107/236
f 60/237 61/238 109/239 108/240
f 61/241 62/242 110/243 109/244
f 62/245 63/246 111/247 110/248
f 63/249 64/250 112/251 111/252
f 64/253 65/254 113/255 112/256
f 65/257 66/258 114/259 113/260
f 66/261 67/262 115/263 114/264
f 67/265 68/266 116/267 115/268
f 68/269 69/270 117/271 116/272
f 69/273 70/274 118/275 117/276
f 70/277 71/278 119/279 118/280
f 71/281 72/282 120/283 119/284
f 72/285 73/286 121/287 120/288
f 73/289 74/290 122/291 121/292
f 74/293 75/294 123/295 122/296
f 75/297 76/298 124/299 123/300
f 76/301 77/302 125/303 124/304
f 77/305 78/306 126/307 125/308
f 78/309 79/310 127/311 126/312
f 79/313 80/314 128/315 127/316
f 80/317 81/318 129/319 128/320
f 81/321 82/322 130/323 129/324
f 82/325 83/326 131/327 130/328
f 83/329 84/330 132/331 131/332
f 84/333 85/334 133/335 132/336
f 85/337 86/338 134/339 133/340
f 86/341 87/342 135/343 134/344
f 87/345 88/346 136/347 135/348
f 88/349 89/350 137/351 136/352
f 89/353 90/354 138/355 137/356
f 90/357 91/358 139/359 138/360
f 91/361 92/362 140/363 139/364
f 92/365 93/366 141/367 140/368
f 93/369 94/370 142/371 141/372
f 94/373 95/374 143/375 142/376
f 95/377 96/378 144/379 143/380
f 96/381 49/382 97/383 144/384
f 97/385 98/386 146/387 145/388
f 98/389 99/390 147/391 146/392
f 99/393 100/394 148/395 147/396
f 100/397 101/398 149/399 148/400
f 101/401 102/402 150/403 149/404
f 102/405 103/406 151/407 150/408
f 103/409 104/410 152/411 151/412
f 104/413 105/414 153/415 152/416
f 105/417 106/418 154/419 153/420
f 106/421 107/422 155/423 154/424
f 107/425 108/426 156/427 155/428
f 108/429 109/430 157/431 156/432
f 109/433 110/434 158/435 157/436
f 110/437 111/438 159/439 158/440
f 111/441 112/442 160/443 159/444
f 112/445 113/446 161/447 160/448
f 113/449 114/450 162/451 161/452
f 114/453 115/454 163/455 162/456
f 115/457 116/458 164/459 163/460
f 116/461 117/462 165/463 164/464
f 117/465 118/466 166/467 165/468
f 118/469 119/470 167/471 166/472
f 119/473 120/474 168/475 167/476
f 120/477 121/478 169/479 168/480
f 121/481 122/482 170/483 169/484
f 122/485 123/486 171/487 170/488
f 123/489 124/490 172/491 171/492
f 124/493 125/494 173/495 172/496
f 125/497 126/498 174/499 173/500
f 126/501 127/502 175/503 174/504
f 127/505 128/506 176/507 175/508
f 128/509 129/510 177/511 176/512
f 129/513 130/514 178/515 177/516
f 130/517 131/518 179/519 178/520
f 131/521 132/522 180/523 179/524
f 132/525 133/526 181/527 180/528
f 133/529 134/530 182/531 181/532
f 134/533 135/534 183/535 182/536
f 135/537 136/538 184/539 183/540
f 136/541 137/542 185/543 184/544
f 137/545 138/546 186/547 185/548
f 138/549 139/550 187/551 186/552
f 139/553 140/554 188/555 187/556
f 140/557 141/558 189/559 188/560
f 141/561 142/562 190/563 189/564
f 142/565 143/566 191/567 190/568
f 143/569 144/570 192/571 191/572
f 144/573 97/574 145/575 192/576
f 145/577 146/578 194/579 193/580
f 146/581 147/582 195/583 194/584
f 147/585 148/586 196/587 195/588
f 148/589 149/590 197/591 196/592
f 149/593 150/594 198/595 197/596
f 150/597 151/598 199/599 198/600
f 151/601 152/602 200/603 199/604
f 152/605 153/606 201/607 200/608
f 153/609 154/610 202/611 201/612
f 154/613 155/614 203/615 202/616
f 155/617 156/618 204/619 203/620
f 156/621 157/622 205/623 204/624
f 157/625 158/626 206/627 205/628
f 158/629 159/630 207/631 206/632
f 159/633 160/634 208/635 207/636
f 160/637 161/638 209/639 208/640
f 161/641 162/642 210/643 209/644
f 162/645 163/646 211/647 210/648
f 163/649 164/650 212/651 211/652
f 164/653 165/654 213/655 212/656
f 165/657 166/658 214/659 213/660
f 166/661 167/662 215/663 214/664
f 167/665 168/666 216/667 215/668
f 168/669 169/670 217/671 216/672
f 169/673 170/674 218/675 217/676
f 170/677 171/678 219/679 218/680
f 171/681 172/682 220/683 219/684
f 172/685 173/686 221/687 220/688
f 173/689 174/690 222/691 221/692
f 174/693 175/694 223/695 222/696
f 175/697 176/698 224/699 223/700
f 176/701 177/702 225/703 224/704
f 177/705 178/706 226/707 225/708
f 178/709 179/710 227/711 226/712
f 179/713 180/714 228/715 227/716
f 180/717 181/718 229/719 228/720
f 181/721 182/722 230/723 229/724
f 182/725 183/726 231/727 230/728
f 183/729 184/730 232/731 231/732
f 184/733 185/734 233/735 232/736
f 185/737 186/738 234/739 233/740
f 186/741 187/742 235/743 234/744
f 187/745 188/746 236/747 235/748
f 188/749 189/750 237/751 236/752
f 189/753 190/754 238/755 237/756
f 190/757 191/758 239/759 238/760
f 191/761 192/762 240/763 239/764
f 192/765 145/766 193/767 240/768
f 193/769 194/770 242/771 241/772
f 194/773 195/774 243/775 242/776
f 195/777 196/778 244/779 243/780
f 196/781 197/782 245/783 244/784
f 197/785 198/786 246/787 245/788
f 198/789 199/790 247/791 246/792
f 199/793 200/794 248/795 247/796
f 200/797 201/798 249/799 248/800
f 201/801 202/802 250/803 249/804
f 202/805 203/806 251/807 250/808
f 203/809 204/810 252/811 251/812
f 204/813 205/814 253/815 252/816
f 205/817 206/818 254/819 253/820
f 206/821 207/822 255/823 254/824
f 207/825 208/826 256/827 255/828
f 208/829 209/830 257/831 256/832
f 209/833 210/834 258/835 257/836
f 210/837 211/838 259/839 258/840
f 211/841 212/842 260/843 259/844
f 212/845 213/846 261/847 260/848
f 213/849 214/850 262/851 261/852
f 214/853 215/854 263/855 262/856
f 215/857 216/858 264/859 263/860
f 216/861 217/862 265/863 264/864
f 217/865 218/866 266/867 265/868
f 218/869 219/870 267/871 266/872
f 219/873 220/874 268/875 267/876
f 220/877 221/878 269/879 268/880
f 221/881 222/882 270/883 269/884
f 222/885 223/886 271/887 270/888
f 223/889 224/890 272/891 271/892
f 224/893 225/894 273/895 272/896
f 225/897 226/898 274/899 273/900
f 226/901 227/902 275/903 274/904
f 227/905 228/906 276/907 275/908
f 228/909 229/910 277/911 276/912
f 229/913 230/914 278/915 277/916
f 230/917 231/918 279/919 278/920
f 231/921 232/922 280/923 279/924
f 232/925 233/926 281/927 280/928
f 233/929 234/930 282/931 281/932
f 234/933 235/934 283/935 282/936
f 235/937 236/938 284/939 283/940
f 236/941 237/942 285/943 284/944
f 237/945 238/946 286/947 285/948
f 238/949 239/950 287/951 286/952
f 239/953 240/954 288/955 287/956
f 240/957 193/958 241/959 288/960
f 241/961 242/962 290/963 289/964
f 242/965 243/966 291/967 290/968
f 243/969 244/970 292/971 291/972
f 244/973 245/974 293/975 292/976
f 245/977 246/978 294/979 293/980
f 246/981 247/982 295/983 294/984
f 247/985 248/986 296/987 295/988
f 248/989 249/990 297/991 296/992
f 249/993 250/994 298/995 297/996
f 250/997 251/998 299/999 298/1000
f 251/1001 252/1002 300/1003 299/1004
f 252/1005 253/1006 301/1007 300/1008
f 253/1009 254/1010 302/1011 301/1012
f 254/1013 255/1014 303/1015 302/1016
f 255/1017 256/1018 304/1019 303/1020
f 256/1021 257/1022 305/1023 304/1024
f 257/1025 258/1026 306/1027 305/1028
f 258/1029 259/1030 307/1031 306/1032
f 259/1033 260/1034 308/1035 307/1036
f 260/1037 261/1038 309/1039 308/1040
f 261/1041 262/1042 310/1043 309/1044
f 262/1045 263/1046 311/1047 310/1048
f 263/1049 264/1050 312/1051 311/1052
f 264/1053 265/1054 313/1055 312/1056
f 265/1057 266/1058 314/1059 313/1060
f 266/1061 267/1062 315/1063 314/1064
f 267/1065 268/1066 316/1067 315/1068
f 268/1069 269/1070 317/1071 316/1072
f 269/1073 270/1074 318/1075 317/1076
f 270/1077 271/1078 319/1079 318/1080
f 271/1081 272/1082 320/1083 319/1084
f 272/1085 273/1086 321/1087 320/1088
f 273/1089 274/1090 322/1091 321/1092
f 274/1093 275/1094 323/1095 322/1096
f 275/1097 276/1098 324/1099 323/1100
f 276/1101 277/1102 325/1103 324/1104
f 277/1105 278/1106 326/1107 325/1108
f 278/1109 279/1110 327/1111 326/1112
f 279/1113 280/1114 328/1115 327/1116
f 280/1117 281/1118 329/1119 328/1120
f 281/1121 282/1122 330/1123 329/1124
f 282/1125 283/1126 331/1127 330/1128
f 283/1129 284/1130 332/1131 331/1132
f 284/1133 285/1134 333/1135 332/1136
f 285/1137 286/1138 334/1139 333/1140
f 286/1141 287/1142 335/1143 334/1144
f 287/1145 288/1146 336/1147 335/1148
f 288/1149 241/1150 289/1151 336/1152
f 289/1153 290/1154 338/1155 337/1156
f 290/1157 291/1158 339/1159 338/1160
f 291/1161 292/1162 340/1163 339/1164
f 292/1165 293/1166 341/1167 340/1168
f 293/1169 294/1170 342/1171 341/1172
f 294/1173 295/1174 343/1175 342/1176
f 295/1177 296/1178 344/1179 343/1180
f 296/1181 297/1182 345/1183 344/1184
f 297/1185 298/1186 346/1187 345/1188
f 298/1189 299/1190 347/1191 346/1192
f 299/1193 300/1194 348/1195 347/1196
f 300/1197 301/1198 349/1199 348/1200
f 301/1201 302/1202 350/1203 349/1204
f 302/1205 303/1206 351/1207 350/1208
f 303/1209 304/1210 352/1211 351/1212
f 304/1213 305/1214 353/1215 352/1216
f 305/1217 306/1218 354/1219 353/1220
f 306/1221 307/1222 355/1223 354/1224
f 307/1225 308/1226 356/1227 355/1228
f 308/1229 309/1230 357/1231 356/1232
f 309/1233 310/1234 358/1235 357/1236
f 310/1237 311/1238 359/1239 358/1240
f 311/1241 312/1242 360/1243 359/1244
f 312/1245 313/1246 361/1247 360/1248
f 313/1249 314/1250 362/1251 361/1252
f 314/1253 315/1254 363/1255 362/1256
f 315/1257 316/1258 364/1259 363/1260
f 316/1261 317/1262 365/1263 364/1264
f 317/1265 318/1266 366/1267 365/1268
f 318/1269 319/1270 367/1271 366/1272
f 319/1273 320/1274 368/1275 367/1276
f 320/1277 321/1278 369/1279 368/1280
f 321/1281 322/1282 370/1283 369/1284
f 322/1285 323/1286 371/1287 370/1288
f 323/1289 324/1290 372/1291 371/1292
f 324/1293 325/1294 373/1295 372/1296
f 325/1297 326/1298 374/1299 373/1300
f 326/1301 327/1302 375/1303 374/1304
f 327/1305 328/1306 376/1307 375/1308
f 328/1309 329/1310 377/1311 376/1312
f 329/1313 330/1314 378/1315 377/1316
f 330/1317 331/1318 379/1319 378/1320
f 331/1321 332/1322 380/1323 379/1324
f 332/1325 333/1326 381/1327 380/1328
f 333/1329 334/1330 382/1331 381/1332
f 334/1333 335/1334 383/1335 382/1336
f 335/1337 336/1338 384/1339 383/1340
f 336/1341 289/1342 337/1343 384/1344
f 337/1345 338/1346 386/1347 385/1348
f 338/1349 339/1350 387/1351 386/1352
f 339/1353 340/1354 388/1355 387/1356
f 340/1357 341/1358 389/1359 388/1360
f 341/1361 342/1362 390/1363 389/1364
f 342/1365 343/1366 391/1367 390/1368
f 343/1369 344/1370 392/1371 391/1372
f 344/1373 345/1374 393/1375 392/1376
f 345/1377 346/1378 394/1379 393/1380
f 346/1381 347/1382 395/1383 394/1384
f 347/1385 348/1386 396/1387 395/1388
f 348/1389 349/1390 397/1391 396/1392
f 349/1393 350/1394 398/1395 397/1396
f 350/1397 351/1398 399/1399 398/1400
f 351/1401 352/1402 400/1403 399/1404
f 352/1405 353/1406 401/1407 400/1408
f 353/1409 354/1410 402/1411 401/1412
f 354/1413 355/1414 403/1415 402/1416
f 355/1417 356/1418 404/1419 403/1420
f 356/1421 357/1422 405/1423 404/1424
f 357/1425 358/1426 406/1427 405/1428
f 358/1429 359/1430 407/1431 406/1432
f 359/1433 360/1434 408/1435 407/1436
f 360/1437 361/1438 409/1439 408/1440
f 361/1441 362/1442 410/1443 409/1444
f 362/1445 363/1446 411/1447 410/1448
f 363/1449 364/1450 412/1451 411/1452
f 364/1453 365/1454 413/1455 412/1456
f 365/1457 366/1458 414/1459 413/1460
f 366/1461 367/1462 415/1463 414/1464
f 367/1465 368/1466 416/1467 415/1468
f 368/1469 369/1470 417/1471 416/1472
f 369/1473 370/1474 418/1475 417/1476
f 370/1477 371/1478 419/1479 418/1480
f 371/1481 372/1482 420/1483 419/1484
f 372/1485 373/1486 421/1487 420/1488
f 373/1489 374/1490 422/1491 421/1492
f 374/1493 375/1494 423/1495 422/1496
f 375/1497 376/1498 424/1499 423/1500
f 376/1501 377/1502 425/1503 424/1504
f 377/1505 378/1506 426/1507 425/1508
f 378/1509 379/1510 427/1511 426/1512
f 379/1513 380/1514 428/1515 427/1516
f 380/1517 381/1518 429/1519 428/1520
f 381/1521 382/1522 430/1523 429/1524
f 382/1525 383/1526 431/1527 430/1528
f 383/1529 384/1530 432/1531 431/1532
f 384/1533 337/1534 385/1535 432/1536
f 433/1537 2/1538 1/1539
f 433/1540 3/1541 2/1542
f 433/1543 4/1544 3/1545
f 433/1546 5/1547 4/1548
f 433/1549 6/1550 5/1551
f 433/1552 7/1553 6/1554
f 433/1555 8/1556 7/1557
f 433/1558 9/1559 8/1560
f 433/1561 10/1562 9/1563
f 433/1564 11/1565 10/1566
f 433/1567 12/1568 11/1569
f 433/1570 13/1571 12/1572
f 433/1573 14/1574 13/1575
f 433/1576 15/1577 14/1578
f 433/1579 16/1580 15/1581
f 433/1582 17/1583 16/1584
f 433/1585 18/1586 17/1587
f 433/1588 19/1589 18/1590
f 433/1591 20/1592 19/1593
f 433/1594 21/1595 20/1596
f 433/1597 22/1598 21/1599
f 433/1600 23/1601 22/1602
f 433/1603 24/1604 23/1605
f 433/1606 25/1607 24/1608
f 433/1609 26/1610 25/1611
f 433/1612 27/1613 26/1614
f 433/1615 28/1616 27/1617
f 433/1618 29/1619 28/1620
f 433/1621 30/1622 29/1623
f 433/1624 31/1625 30/1626
f 433/1627 32/1628 31/1629
f 433/1630 33/1631 32/1632
f 433/1633 34/1634 33/1635
f 433/1636 35/1637 34/1638
f 433/1639 36/1640 35/1641
f 433/1642 37/1643 36/1644
f 433/1645 38/1646 37/1647
f 433/1648 39/1649 38/1650
f 433/1651 40/1652 39/1653
f 433/1654 41/1655 40/1656
f 433/1657 42/1658 41/1659
f 433/1660 43/1661 42/1662
f 433/1663 44/1664 43/1665
f 433/1666 45/1667 44/1668
f 433/1669 46/1670 45/1671
f 433/1672 47/1673 46/1674
f 433/1675 48/1676 47/1677
f 433/1678 1/1679 48/1680
usemtl M_ConcretePlanter_Rim
s 1
f 385/1681 386/1682 435/1683 434/1684
f 386/1685 387/1686 436/1687 435/1688
f 387/1689 388/1690 437/1691 436/1692
f 388/1693 389/1694 438/1695 437/1696
f 389/1697 390/1698 439/1699 438/1700
f 390/1701 391/1702 440/1703 439/1704
f 391/1705 392/1706 441/1707 440/1708
f 392/1709 393/1710 442/1711 441/1712
f 393/1713 394/1714 443/1715 442/1716
f 394/1717 395/1718 444/1719 443/1720
f 395/1721 396/1722 445/1723 444/1724
f 396/1725 397/1726 446/1727 445/1728
f 397/1729 398/1730 447/1731 446/1732
f 398/1733 399/1734 448/1735 447/1736
f 399/1737 400/1738 449/1739 448/1740
f 400/1741 401/1742 450/1743 449/1744
f 401/1745 402/1746 451/1747 450/1748
f 402/1749 403/1750 452/1751 451/1752
f 403/1753 404/1754 453/1755 452/1756
f 404/1757 405/1758 454/1759 453/1760
f 405/1761 406/1762 455/1763 454/1764
f 406/1765 407/1766 456/1767 455/1768
f 407/1769 408/1770 457/1771 456/1772
f 408/1773 409/1774 458/1775 457/1776
f 409/1777 410/1778 459/1779 458/1780
f 410/1781 411/1782 460/1783 459/1784
f 411/1785 412/1786 461/1787 460/1788
f 412/1789 413/1790 462/1791 461/1792
f 413/1793 414/1794 463/1795 462/1796
f 414/1797 415/1798 464/1799 463/1800
f 415/1801 416/1802 465/1803 464/1804
f 416/1805 417/1806 466/1807 465/1808
f 417/1809 418/1810 467/1811 466/1812
f 418/1813 419/1814 468/1815 467/1816
f 419/1817 420/1818 469/1819 468/1820
f 420/1821 421/1822 470/1823 469/1824
f 421/1825 422/1826 471/1827 470/1828
f 422/1829 423/1830 472/1831 471/1832
f 423/1833 424/1834 473/1835 472/1836
f 424/1837 425/1838 474/1839 473/1840
f 425/1841 426/1842 475/1843 474/1844
f 426/1845 427/1846 476/1847 475/1848
f 427/1849 428/1850 477/1851 476/1852
f 428/1853 429/1854 478/1855 477/1856
f 429/1857 430/1858 479/1859 478/1860
f 430/1861 431/1862 480/1863 479/1864
f 431/1865 432/1866 481/1867 480/1868
f 432/1869 385/1870 434/1871 481/1872
usemtl M_ConcretePlanter_Cast
s 1
f 434/1873 482/1874 483/1875 435/1876
f 435/1877 483/1878 484/1879 436/1880
f 436/1881 484/1882 485/1883 437/1884
f 437/1885 485/1886 486/1887 438/1888
f 438/1889 486/1890 487/1891 439/1892
f 439/1893 487/1894 488/1895 440/1896
f 440/1897 488/1898 489/1899 441/1900
f 441/1901 489/1902 490/1903 442/1904
f 442/1905 490/1906 491/1907 443/1908
f 443/1909 491/1910 492/1911 444/1912
f 444/1913 492/1914 493/1915 445/1916
f 445/1917 493/1918 494/1919 446/1920
f 446/1921 494/1922 495/1923 447/1924
f 447/1925 495/1926 496/1927 448/1928
f 448/1929 496/1930 497/1931 449/1932
f 449/1933 497/1934 498/1935 450/1936
f 450/1937 498/1938 499/1939 451/1940
f 451/1941 499/1942 500/1943 452/1944
f 452/1945 500/1946 501/1947 453/1948
f 453/1949 501/1950 502/1951 454/1952
f 454/1953 502/1954 503/1955 455/1956
f 455/1957 503/1958 504/1959 456/1960
f 456/1961 504/1962 505/1963 457/1964
f 457/1965 505/1966 506/1967 458/1968
f 458/1969 506/1970 507/1971 459/1972
f 459/1973 507/1974 508/1975 460/1976
f 460/1977 508/1978 509/1979 461/1980
f 461/1981 509/1982 510/1983 462/1984
f 462/1985 510/1986 511/1987 463/1988
f 463/1989 511/1990 512/1991 464/1992
f 464/1993 512/1994 513/1995 465/1996
f 465/1997 513/1998 514/1999 466/2000
f 466/2001 514/2002 515/2003 467/2004
f 467/2005 515/2006 516/2007 468/2008
f 468/2009 516/2010 517/2011 469/2012
f 469/2013 517/2014 518/2015 470/2016
f 470/2017 518/2018 519/2019 471/2020
f 471/2021 519/2022 520/2023 472/2024
f 472/2025 520/2026 521/2027 473/2028
f 473/2029 521/2030 522/2031 474/2032
f 474/2033 522/2034 523/2035 475/2036
f 475/2037 523/2038 524/2039 476/2040
f 476/2041 524/2042 525/2043 477/2044
f 477/2045 525/2046 526/2047 478/2048
f 478/2049 526/2050 527/2051 479/2052
f 479/2053 527/2054 528/2055 480/2056
f 480/2057 528/2058 529/2059 481/2060
f 481/2061 529/2062 482/2063 434/2064
f 482/2065 530/2066 531/2067 483/2068
f 483/2069 531/2070 532/2071 484/2072
f 484/2073 532/2074 533/2075 485/2076
f 485/2077 533/2078 534/2079 486/2080
f 486/2081 534/2082 535/2083 487/2084
f 487/2085 535/2086 536/2087 488/2088
f 488/2089 536/2090 537/2091 489/2092
f 489/2093 537/2094 538/2095 490/2096
f 490/2097 538/2098 539/2099 491/2100
f 491/2101 539/2102 540/2103 492/2104
f 492/2105 540/2106 541/2107 493/2108
f 493/2109 541/2110 542/2111 494/2112
f 494/2113 542/2114 543/2115 495/2116
f 495/2117 543/2118 544/2119 496/2120
f 496/2121 544/2122 545/2123 497/2124
f 497/2125 545/2126 546/2127 498/2128
f 498/2129 546/2130 547/2131 499/2132
f 499/2133 547/2134 548/2135 500/2136
f 500/2137 548/2138 549/2139 501/2140
f 501/2141 549/2142 550/2143 502/2144
f 502/2145 550/2146 551/2147 503/2148
f 503/2149 551/2150 552/2151 504/2152
f 504/2153 552/2154 553/2155 505/2156
f 505/2157 553/2158 554/2159 506/2160
f 506/2161 554/2162 555/2163 507/2164
f 507/2165 555/2166 556/2167 508/2168
f 508/2169 556/2170 557/2171 509/2172
f 509/2173 557/2174 558/2175 510/2176
f 510/2177 558/2178 559/2179 511/2180
f 511/2181 559/2182 560/2183 512/2184
f 512/2185 560/2186 561/2187 513/2188
f 513/2189 561/2190 562/2191 514/2192
f 514/2193 562/2194 563/2195 515/2196
f 515/2197 563/2198 564/2199 516/2200
f 516/2201 564/2202 565/2203 517/2204
f 517/2205 565/2206 566/2207 518/2208
f 518/2209 566/2210 567/2211 519/2212
f 519/2213 567/2214 568/2215 520/2216
f 520/2217 568/2218 569/2219 521/2220
f 521/2221 569/2222 570/2223 522/2224
f 522/2225 570/2226 571/2227 523/2228
f 523/2229 571/2230 572/2231 524/2232
f 524/2233 572/2234 573/2235 525/2236
f 525/2237 573/2238 574/2239 526/2240
f 526/2241 574/2242 575/2243 527/2244
f 527/2245 575/2246 576/2247 528/2248
f 528/2249 576/2250 577/2251 529/2252
f 529/2253 577/2254 530/2255 482/2256
usemtl M_Planter_DressedSoil
s 1
f 530/2257 531/2258 579/2259 578/2260
f 531/2261 532/2262 580/2263 579/2264
f 532/2265 533/2266 581/2267 580/2268
f 533/2269 534/2270 582/2271 581/2272
f 534/2273 535/2274 583/2275 582/2276
f 535/2277 536/2278 584/2279 583/2280
f 536/2281 537/2282 585/2283 584/2284
f 537/2285 538/2286 586/2287 585/2288
f 538/2289 539/2290 587/2291 586/2292
f 539/2293 540/2294 588/2295 587/2296
f 540/2297 541/2298 589/2299 588/2300
f 541/2301 542/2302 590/2303 589/2304
f 542/2305 543/2306 591/2307 590/2308
f 543/2309 544/2310 592/2311 591/2312
f 544/2313 545/2314 593/2315 592/2316
f 545/2317 546/2318 594/2319 593/2320
f 546/2321 547/2322 595/2323 594/2324
f 547/2325 548/2326 596/2327 595/2328
f 548/2329 549/2330 597/2331 596/2332
f 549/2333 550/2334 598/2335 597/2336
f 550/2337 551/2338 599/2339 598/2340
f 551/2341 552/2342 600/2343 599/2344
f 552/2345 553/2346 601/2347 600/2348
f 553/2349 554/2350 602/2351 601/2352
f 554/2353 555/2354 603/2355 602/2356
f 555/2357 556/2358 604/2359 603/2360
f 556/2361 557/2362 605/2363 604/2364
f 557/2365 558/2366 606/2367 605/2368
f 558/2369 559/2370 607/2371 606/2372
f 559/2373 560/2374 608/2375 607/2376
f 560/2377 561/2378 609/2379 608/2380
f 561/2381 562/2382 610/2383 609/2384
f 562/2385 563/2386 611/2387 610/2388
f 563/2389 564/2390 612/2391 611/2392
f 564/2393 565/2394 613/2395 612/2396
f 565/2397 566/2398 614/2399 613/2400
f 566/2401 567/2402 615/2403 614/2404
f 567/2405 568/2406 616/2407 615/2408
f 568/2409 569/2410 617/2411 616/2412
f 569/2413 570/2414 618/2415 617/2416
f 570/2417 571/2418 619/2419 618/2420
f 571/2421 572/2422 620/2423 619/2424
f 572/2425 573/2426 621/2427 620/2428
f 573/2429 574/2430 622/2431 621/2432
f 574/2433 575/2434 623/2435 622/2436
f 575/2437 576/2438 624/2439 623/2440
f 576/2441 577/2442 625/2443 624/2444
f 577/2445 530/2446 578/2447 625/2448
f 578/2449 579/2450 627/2451 626/2452
f 579/2453 580/2454 628/2455 627/2456
f 580/2457 581/2458 629/2459 628/2460
f 581/2461 582/2462 630/2463 629/2464
f 582/2465 583/2466 631/2467 630/2468
f 583/2469 584/2470 632/2471 631/2472
f 584/2473 585/2474 633/2475 632/2476
f 585/2477 586/2478 634/2479 633/2480
f 586/2481 587/2482 635/2483 634/2484
f 587/2485 588/2486 636/2487 635/2488
f 588/2489 589/2490 637/2491 636/2492
f 589/2493 590/2494 638/2495 637/2496
f 590/2497 591/2498 639/2499 638/2500
f 591/2501 592/2502 640/2503 639/2504
f 592/2505 593/2506 641/2507 640/2508
f 593/2509 594/2510 642/2511 641/2512
f 594/2513 595/2514 643/2515 642/2516
f 595/2517 596/2518 644/2519 643/2520
f 596/2521 597/2522 645/2523 644/2524
f 597/2525 598/2526 646/2527 645/2528
f 598/2529 599/2530 647/2531 646/2532
f 599/2533 600/2534 648/2535 647/2536
f 600/2537 601/2538 649/2539 648/2540
f 601/2541 602/2542 650/2543 649/2544
f 602/2545 603/2546 651/2547 650/2548
f 603/2549 604/2550 652/2551 651/2552
f 604/2553 605/2554 653/2555 652/2556
f 605/2557 606/2558 654/2559 653/2560
f 606/2561 607/2562 655/2563 654/2564
f 607/2565 608/2566 656/2567 655/2568
f 608/2569 609/2570 657/2571 656/2572
f 609/2573 610/2574 658/2575 657/2576
f 610/2577 611/2578 659/2579 658/2580
f 611/2581 612/2582 660/2583 659/2584
f 612/2585 613/2586 661/2587 660/2588
f 613/2589 614/2590 662/2591 661/2592
f 614/2593 615/2594 663/2595 662/2596
f 615/2597 616/2598 664/2599 663/2600
f 616/2601 617/2602 665/2603 664/2604
f 617/2605 618/2606 666/2607 665/2608
f 618/2609 619/2610 667/2611 666/2612
f 619/2613 620/2614 668/2615 667/2616
f 620/2617 621/2618 669/2619 668/2620
f 621/2621 622/2622 670/2623 669/2624
f 622/2625 623/2626 671/2627 670/2628
f 623/2629 624/2630 672/2631 671/2632
f 624/2633 625/2634 673/2635 672/2636
f 625/2637 578/2638 626/2639 673/2640
f 674/2641 626/2642 627/2643
f 674/2644 627/2645 628/2646
f 674/2647 628/2648 629/2649
f 674/2650 629/2651 630/2652
f 674/2653 630/2654 631/2655
f 674/2656 631/2657 632/2658
f 674/2659 632/2660 633/2661
f 674/2662 633/2663 634/2664
f 674/2665 634/2666 635/2667
f 674/2668 635/2669 636/2670
f 674/2671 636/2672 637/2673
f 674/2674 637/2675 638/2676
f 674/2677 638/2678 639/2679
f 674/2680 639/2681 640/2682
f 674/2683 640/2684 641/2685
f 674/2686 641/2687 642/2688
f 674/2689 642/2690 643/2691
f 674/2692 643/2693 644/2694
f 674/2695 644/2696 645/2697
f 674/2698 645/2699 646/2700
f 674/2701 646/2702 647/2703
f 674/2704 647/2705 648/2706
f 674/2707 648/2708 649/2709
f 674/2710 649/2711 650/2712
f 674/2713 650/2714 651/2715
f 674/2716 651/2717 652/2718
f 674/2719 652/2720 653/2721
f 674/2722 653/2723 654/2724
f 674/2725 654/2726 655/2727
f 674/2728 655/2729 656/2730
f 674/2731 656/2732 657/2733
f 674/2734 657/2735 658/2736
f 674/2737 658/2738 659/2739
f 674/2740 659/2741 660/2742
f 674/2743 660/2744 661/2745
f 674/2746 661/2747 662/2748
f 674/2749 662/2750 663/2751
f 674/2752 663/2753 664/2754
f 674/2755 664/2756 665/2757
f 674/2758 665/2759 666/2760
f 674/2761 666/2762 667/2763
f 674/2764 667/2765 668/2766
f 674/2767 668/2768 669/2769
f 674/2770 669/2771 670/2772
f 674/2773 670/2774 671/2775
f 674/2776 671/2777 672/2778
f 674/2779 672/2780 673/2781
f 674/2782 673/2783 626/2784
