# Generated by scripts/generate_entrance_terrace_reveal_kit.py
mtllib VD_EntranceTerraceReveal.mtl
o VD_SpecimenPlanter_Ceramic
v 67.680000 0.000000 0.000000
v 67.100988 8.834013 0.000000
v 65.373860 17.516873 0.000000
v 62.528167 25.900015 0.000000
v 58.612599 33.840000 0.000000
v 53.694154 41.200974 0.000000
v 47.856987 47.856987 0.000000
v 41.200974 53.694154 0.000000
v 33.840000 58.612599 0.000000
v 25.900015 62.528167 0.000000
v 17.516873 65.373860 0.000000
v 8.834013 67.100988 0.000000
v 0.000000 67.680000 0.000000
v -8.834013 67.100988 0.000000
v -17.516873 65.373860 0.000000
v -25.900015 62.528167 0.000000
v -33.840000 58.612599 0.000000
v -41.200974 53.694154 0.000000
v -47.856987 47.856987 0.000000
v -53.694154 41.200974 0.000000
v -58.612599 33.840000 0.000000
v -62.528167 25.900015 0.000000
v -65.373860 17.516873 0.000000
v -67.100988 8.834013 0.000000
v -67.680000 0.000000 0.000000
v -67.100988 -8.834013 0.000000
v -65.373860 -17.516873 0.000000
v -62.528167 -25.900015 0.000000
v -58.612599 -33.840000 0.000000
v -53.694154 -41.200974 0.000000
v -47.856987 -47.856987 0.000000
v -41.200974 -53.694154 0.000000
v -33.840000 -58.612599 0.000000
v -25.900015 -62.528167 0.000000
v -17.516873 -65.373860 0.000000
v -8.834013 -67.100988 0.000000
v -0.000000 -67.680000 0.000000
v 8.834013 -67.100988 0.000000
v 17.516873 -65.373860 0.000000
v 25.900015 -62.528167 0.000000
v 33.840000 -58.612599 0.000000
v 41.200974 -53.694154 0.000000
v 47.856987 -47.856987 0.000000
v 53.694154 -41.200974 0.000000
v 58.612599 -33.840000 0.000000
v 62.528167 -25.900015 0.000000
v 65.373860 -17.516873 0.000000
v 67.100988 -8.834013 0.000000
v 72.814777 0.000000 14.500000
v 72.191837 9.504236 14.500000
v 70.333674 18.845851 14.500000
v 67.272082 27.865009 14.500000
v 63.059447 36.407389 14.500000
v 57.767847 44.326828 14.500000
v 51.487823 51.487823 14.500000
v 44.326828 57.767847 14.500000
v 36.407389 63.059447 14.500000
v 27.865009 67.272082 14.500000
v 18.845851 70.333674 14.500000
v 9.504236 72.191837 14.500000
v 0.000000 72.814777 14.500000
v -9.504236 72.191837 14.500000
v -18.845851 70.333674 14.500000
v -27.865009 67.272082 14.500000
v -36.407389 63.059447 14.500000
v -44.326828 57.767847 14.500000
v -51.487823 51.487823 14.500000
v -57.767847 44.326828 14.500000
v -63.059447 36.407389 14.500000
v -67.272082 27.865009 14.500000
v -70.333674 18.845851 14.500000
v -72.191837 9.504236 14.500000
v -72.814777 0.000000 14.500000
v -72.191837 -9.504236 14.500000
v -70.333674 -18.845851 14.500000
v -67.272082 -27.865009 14.500000
v -63.059447 -36.407389 14.500000
v -57.767847 -44.326828 14.500000
v -51.487823 -51.487823 14.500000
v -44.326828 -57.767847 14.500000
v -36.407389 -63.059447 14.500000
v -27.865009 -67.272082 14.500000
v -18.845851 -70.333674 14.500000
v -9.504236 -72.191837 14.500000
v -0.000000 -72.814777 14.500000
v 9.504236 -72.191837 14.500000
v 18.845851 -70.333674 14.500000
v 27.865009 -67.272082 14.500000
v 36.407389 -63.059447 14.500000
v 44.326828 -57.767847 14.500000
v 51.487823 -51.487823 14.500000
v 57.767847 -44.326828 14.500000
v 63.059447 -36.407389 14.500000
v 67.272082 -27.865009 14.500000
v 70.333674 -18.845851 14.500000
v 72.191837 -9.504236 14.500000
v 77.752228 0.000000 29.000000
v 77.087047 10.148702 29.000000
v 75.102885 20.123757 29.000000
v 71.833692 29.754489 29.000000
v 67.335405 38.876114 29.000000
v 61.684990 47.332557 29.000000
v 54.979128 54.979128 29.000000
v 47.332557 61.684990 29.000000
v 38.876114 67.335405 29.000000
v 29.754489 71.833692 29.000000
v 20.123757 75.102885 29.000000
v 10.148702 77.087047 29.000000
v 0.000000 77.752228 29.000000
v -10.148702 77.087047 29.000000
v -20.123757 75.102885 29.000000
v -29.754489 71.833692 29.000000
v -38.876114 67.335405 29.000000
v -47.332557 61.684990 29.000000
v -54.979128 54.979128 29.000000
v -61.684990 47.332557 29.000000
v -67.335405 38.876114 29.000000
v -71.833692 29.754489 29.000000
v -75.102885 20.123757 29.000000
v -77.087047 10.148702 29.000000
v -77.752228 0.000000 29.000000
v -77.087047 -10.148702 29.000000
v -75.102885 -20.123757 29.000000
v -71.833692 -29.754489 29.000000
v -67.335405 -38.876114 29.000000
v -61.684990 -47.332557 29.000000
v -54.979128 -54.979128 29.000000
v -47.332557 -61.684990 29.000000
v -38.876114 -67.335405 29.000000
v -29.754489 -71.833692 29.000000
v -20.123757 -75.102885 29.000000
v -10.148702 -77.087047 29.000000
v -0.000000 -77.752228 29.000000
v 10.148702 -77.087047 29.000000
v 20.123757 -75.102885 29.000000
v 29.754489 -71.833692 29.000000
v 38.876114 -67.335405 29.000000
v 47.332557 -61.684990 29.000000
v 54.979128 -54.979128 29.000000
v 61.684990 -47.332557 29.000000
v 67.335405 -38.876114 29.000000
v 71.833692 -29.754489 29.000000
v 75.102885 -20.123757 29.000000
v 77.087047 -10.148702 29.000000
v 82.302609 0.000000 43.500000
v 81.598498 10.742646 43.500000
v 79.498215 21.301483 43.500000
v 76.037695 31.495845 43.500000
v 71.276150 41.151304 43.500000
v 65.295049 50.102654 43.500000
v 58.196733 58.196733 43.500000
v 50.102654 65.295049 43.500000
v 41.151304 71.276150 43.500000
v 31.495845 76.037695 43.500000
v 21.301483 79.498215 43.500000
v 10.742646 81.598498 43.500000
v 0.000000 82.302609 43.500000
v -10.742646 81.598498 43.500000
v -21.301483 79.498215 43.500000
v -31.495845 76.037695 43.500000
v -41.151304 71.276150 43.500000
v -50.102654 65.295049 43.500000
v -58.196733 58.196733 43.500000
v -65.295049 50.102654 43.500000
v -71.276150 41.151304 43.500000
v -76.037695 31.495845 43.500000
v -79.498215 21.301483 43.500000
v -81.598498 10.742646 43.500000
v -82.302609 0.000000 43.500000
v -81.598498 -10.742646 43.500000
v -79.498215 -21.301483 43.500000
v -76.037695 -31.495845 43.500000
v -71.276150 -41.151304 43.500000
v -65.295049 -50.102654 43.500000
v -58.196733 -58.196733 43.500000
v -50.102654 -65.295049 43.500000
v -41.151304 -71.276150 43.500000
v -31.495845 -76.037695 43.500000
v -21.301483 -79.498215 43.500000
v -10.742646 -81.598498 43.500000
v -0.000000 -82.302609 43.500000
v 10.742646 -81.598498 43.500000
v 21.301483 -79.498215 43.500000
v 31.495845 -76.037695 43.500000
v 41.151304 -71.276150 43.500000
v 50.102654 -65.295049 43.500000
v 58.196733 -58.196733 43.500000
v 65.295049 -50.102654 43.500000
v 71.276150 -41.151304 43.500000
v 76.037695 -31.495845 43.500000
v 79.498215 -21.301483 43.500000
v 81.598498 -10.742646 43.500000
v 86.291050 0.000000 58.000000
v 85.552819 11.263242 58.000000
v 83.350754 22.333767 58.000000
v 79.722535 33.022155 58.000000
v 74.730242 43.145525 58.000000
v 68.459293 52.530663 58.000000
v 61.016987 61.016987 58.000000
v 52.530663 68.459293 58.000000
v 43.145525 74.730242 58.000000
v 33.022155 79.722535 58.000000
v 22.333767 83.350754 58.000000
v 11.263242 85.552819 58.000000
v 0.000000 86.291050 58.000000
v -11.263242 85.552819 58.000000
v -22.333767 83.350754 58.000000
v -33.022155 79.722535 58.000000
v -43.145525 74.730242 58.000000
v -52.530663 68.459293 58.000000
v -61.016987 61.016987 58.000000
v -68.459293 52.530663 58.000000
v -74.730242 43.145525 58.000000
v -79.722535 33.022155 58.000000
v -83.350754 22.333767 58.000000
v -85.552819 11.263242 58.000000
v -86.291050 0.000000 58.000000
v -85.552819 -11.263242 58.000000
v -83.350754 -22.333767 58.000000
v -79.722535 -33.022155 58.000000
v -74.730242 -43.145525 58.000000
v -68.459293 -52.530663 58.000000
v -61.016987 -61.016987 58.000000
v -52.530663 -68.459293 58.000000
v -43.145525 -74.730242 58.000000
v -33.022155 -79.722535 58.000000
v -22.333767 -83.350754 58.000000
v -11.263242 -85.552819 58.000000
v -0.000000 -86.291050 58.000000
v 11.263242 -85.552819 58.000000
v 22.333767 -83.350754 58.000000
v 33.022155 -79.722535 58.000000
v 43.145525 -74.730242 58.000000
v 52.530663 -68.459293 58.000000
v 61.016987 -61.016987 58.000000
v 68.459293 -52.530663 58.000000
v 74.730242 -43.145525 58.000000
v 79.722535 -33.022155 58.000000
v 83.350754 -22.333767 58.000000
v 85.552819 -11.263242 58.000000
v 89.564280 0.000000 72.500000
v 88.798045 11.690484 72.500000
v 86.512451 23.180941 72.500000
v 82.746605 34.274766 72.500000
v 77.564942 44.782140 72.500000
v 71.056121 54.523279 72.500000
v 63.331510 63.331510 72.500000
v 54.523279 71.056121 72.500000
v 44.782140 77.564942 72.500000
v 34.274766 82.746605 72.500000
v 23.180941 86.512451 72.500000
v 11.690484 88.798045 72.500000
v 0.000000 89.564280 72.500000
v -11.690484 88.798045 72.500000
v -23.180941 86.512451 72.500000
v -34.274766 82.746605 72.500000
v -44.782140 77.564942 72.500000
v -54.523279 71.056121 72.500000
v -63.331510 63.331510 72.500000
v -71.056121 54.523279 72.500000
v -77.564942 44.782140 72.500000
v -82.746605 34.274766 72.500000
v -86.512451 23.180941 72.500000
v -88.798045 11.690484 72.500000
v -89.564280 0.000000 72.500000
v -88.798045 -11.690484 72.500000
v -86.512451 -23.180941 72.500000
v -82.746605 -34.274766 72.500000
v -77.564942 -44.782140 72.500000
v -71.056121 -54.523279 72.500000
v -63.331510 -63.331510 72.500000
v -54.523279 -71.056121 72.500000
v -44.782140 -77.564942 72.500000
v -34.274766 -82.746605 72.500000
v -23.180941 -86.512451 72.500000
v -11.690484 -88.798045 72.500000
v -0.000000 -89.564280 72.500000
v 11.690484 -88.798045 72.500000
v 23.180941 -86.512451 72.500000
v 34.274766 -82.746605 72.500000
v 44.782140 -77.564942 72.500000
v 54.523279 -71.056121 72.500000
v 63.331510 -63.331510 72.500000
v 71.056121 -54.523279 72.500000
v 77.564942 -44.782140 72.500000
v 82.746605 -34.274766 72.500000
v 86.512451 -23.180941 72.500000
v 88.798045 -11.690484 72.500000
v 91.996509 0.000000 87.000000
v 91.209466 12.007954 87.000000
v 88.861804 23.810449 87.000000
v 84.993692 35.205540 87.000000
v 79.671314 45.998255 87.000000
v 72.985738 56.003926 87.000000
v 65.051356 65.051356 87.000000
v 56.003926 72.985738 87.000000
v 45.998255 79.671314 87.000000
v 35.205540 84.993692 87.000000
v 23.810449 88.861804 87.000000
v 12.007954 91.209466 87.000000
v 0.000000 91.996509 87.000000
v -12.007954 91.209466 87.000000
v -23.810449 88.861804 87.000000
v -35.205540 84.993692 87.000000
v -45.998255 79.671314 87.000000
v -56.003926 72.985738 87.000000
v -65.051356 65.051356 87.000000
v -72.985738 56.003926 87.000000
v -79.671314 45.998255 87.000000
v -84.993692 35.205540 87.000000
v -88.861804 23.810449 87.000000
v -91.209466 12.007954 87.000000
v -91.996509 0.000000 87.000000
v -91.209466 -12.007954 87.000000
v -88.861804 -23.810449 87.000000
v -84.993692 -35.205540 87.000000
v -79.671314 -45.998255 87.000000
v -72.985738 -56.003926 87.000000
v -65.051356 -65.051356 87.000000
v -56.003926 -72.985738 87.000000
v -45.998255 -79.671314 87.000000
v -35.205540 -84.993692 87.000000
v -23.810449 -88.861804 87.000000
v -12.007954 -91.209466 87.000000
v -0.000000 -91.996509 87.000000
v 12.007954 -91.209466 87.000000
v 23.810449 -88.861804 87.000000
v 35.205540 -84.993692 87.000000
v 45.998255 -79.671314 87.000000
v 56.003926 -72.985738 87.000000
v 65.051356 -65.051356 87.000000
v 72.985738 -56.003926 87.000000
v 79.671314 -45.998255 87.000000
v 84.993692 -35.205540 87.000000
v 88.861804 -23.810449 87.000000
v 91.209466 -12.007954 87.000000
v 93.494269 0.000000 101.500000
v 92.694412 12.203451 101.500000
v 90.308529 24.198097 101.500000
v 86.377441 35.778708 101.500000
v 80.968412 46.747134 101.500000
v 74.173990 56.915705 101.500000
v 66.110431 66.110431 101.500000
v 56.915705 74.173990 101.500000
v 46.747134 80.968412 101.500000
v 35.778708 86.377441 101.500000
v 24.198097 90.308529 101.500000
v 12.203451 92.694412 101.500000
v 0.000000 93.494269 101.500000
v -12.203451 92.694412 101.500000
v -24.198097 90.308529 101.500000
v -35.778708 86.377441 101.500000
v -46.747134 80.968412 101.500000
v -56.915705 74.173990 101.500000
v -66.110431 66.110431 101.500000
v -74.173990 56.915705 101.500000
v -80.968412 46.747134 101.500000
v -86.377441 35.778708 101.500000
v -90.308529 24.198097 101.500000
v -92.694412 12.203451 101.500000
v -93.494269 0.000000 101.500000
v -92.694412 -12.203451 101.500000
v -90.308529 -24.198097 101.500000
v -86.377441 -35.778708 101.500000
v -80.968412 -46.747134 101.500000
v -74.173990 -56.915705 101.500000
v -66.110431 -66.110431 101.500000
v -56.915705 -74.173990 101.500000
v -46.747134 -80.968412 101.500000
v -35.778708 -86.377441 101.500000
v -24.198097 -90.308529 101.500000
v -12.203451 -92.694412 101.500000
v -0.000000 -93.494269 101.500000
v 12.203451 -92.694412 101.500000
v 24.198097 -90.308529 101.500000
v 35.778708 -86.377441 101.500000
v 46.747134 -80.968412 101.500000
v 56.915705 -74.173990 101.500000
v 66.110431 -66.110431 101.500000
v 74.173990 -56.915705 101.500000
v 80.968412 -46.747134 101.500000
v 86.377441 -35.778708 101.500000
v 90.308529 -24.198097 101.500000
v 92.694412 -12.203451 101.500000
v 94.000000 0.000000 116.000000
v 93.195817 12.269462 116.000000
v 90.797028 24.328990 116.000000
v 86.844676 35.972243 116.000000
v 81.406388 47.000000 116.000000
v 74.575214 57.223574 116.000000
v 66.468037 66.468037 116.000000
v 57.223574 74.575214 116.000000
v 47.000000 81.406388 116.000000
v 35.972243 86.844676 116.000000
v 24.328990 90.797028 116.000000
v 12.269462 93.195817 116.000000
v 0.000000 94.000000 116.000000
v -12.269462 93.195817 116.000000
v -24.328990 90.797028 116.000000
v -35.972243 86.844676 116.000000
v -47.000000 81.406388 116.000000
v -57.223574 74.575214 116.000000
v -66.468037 66.468037 116.000000
v -74.575214 57.223574 116.000000
v -81.406388 47.000000 116.000000
v -86.844676 35.972243 116.000000
v -90.797028 24.328990 116.000000
v -93.195817 12.269462 116.000000
v -94.000000 0.000000 116.000000
v -93.195817 -12.269462 116.000000
v -90.797028 -24.328990 116.000000
v -86.844676 -35.972243 116.000000
v -81.406388 -47.000000 116.000000
v -74.575214 -57.223574 116.000000
v -66.468037 -66.468037 116.000000
v -57.223574 -74.575214 116.000000
v -47.000000 -81.406388 116.000000
v -35.972243 -86.844676 116.000000
v -24.328990 -90.797028 116.000000
v -12.269462 -93.195817 116.000000
v -0.000000 -94.000000 116.000000
v 12.269462 -93.195817 116.000000
v 24.328990 -90.797028 116.000000
v 35.972243 -86.844676 116.000000
v 47.000000 -81.406388 116.000000
v 57.223574 -74.575214 116.000000
v 66.468037 -66.468037 116.000000
v 74.575214 -57.223574 116.000000
v 81.406388 -47.000000 116.000000
v 86.844676 -35.972243 116.000000
v 90.797028 -24.328990 116.000000
v 93.195817 -12.269462 116.000000
v 0.000000 0.000000 0.000000
v 85.540000 0.000000 116.000000
v 84.808193 11.165210 116.000000
v 82.625295 22.139381 116.000000
v 79.028655 32.734741 116.000000
v 74.079813 42.770000 116.000000
v 67.863445 52.073453 116.000000
v 60.485914 60.485914 116.000000
v 52.073453 67.863445 116.000000
v 42.770000 74.079813 116.000000
v 32.734741 79.028655 116.000000
v 22.139381 82.625295 116.000000
v 11.165210 84.808193 116.000000
v 0.000000 85.540000 116.000000
v -11.165210 84.808193 116.000000
v -22.139381 82.625295 116.000000
v -32.734741 79.028655 116.000000
v -42.770000 74.079813 116.000000
v -52.073453 67.863445 116.000000
v -60.485914 60.485914 116.000000
v -67.863445 52.073453 116.000000
v -74.079813 42.770000 116.000000
v -79.028655 32.734741 116.000000
v -82.625295 22.139381 116.000000
v -84.808193 11.165210 116.000000
v -85.540000 0.000000 116.000000
v -84.808193 -11.165210 116.000000
v -82.625295 -22.139381 116.000000
v -79.028655 -32.734741 116.000000
v -74.079813 -42.770000 116.000000
v -67.863445 -52.073453 116.000000
v -60.485914 -60.485914 116.000000
v -52.073453 -67.863445 116.000000
v -42.770000 -74.079813 116.000000
v -32.734741 -79.028655 116.000000
v -22.139381 -82.625295 116.000000
v -11.165210 -84.808193 116.000000
v -0.000000 -85.540000 116.000000
v 11.165210 -84.808193 116.000000
v 22.139381 -82.625295 116.000000
v 32.734741 -79.028655 116.000000
v 42.770000 -74.079813 116.000000
v 52.073453 -67.863445 116.000000
v 60.485914 -60.485914 116.000000
v 67.863445 -52.073453 116.000000
v 74.079813 -42.770000 116.000000
v 79.028655 -32.734741 116.000000
v 82.625295 -22.139381 116.000000
v 84.808193 -11.165210 116.000000
v 79.552200 0.000000 95.120000
v 78.871620 10.383646 95.120000
v 76.841525 20.589624 95.120000
v 73.496649 30.443309 95.120000
v 68.894226 39.776100 95.120000
v 63.113004 48.428311 95.120000
v 56.251900 56.251900 95.120000
v 48.428311 63.113004 95.120000
v 39.776100 68.894226 95.120000
v 30.443309 73.496649 95.120000
v 20.589624 76.841525 95.120000
v 10.383646 78.871620 95.120000
v 0.000000 79.552200 95.120000
v -10.383646 78.871620 95.120000
v -20.589624 76.841525 95.120000
v -30.443309 73.496649 95.120000
v -39.776100 68.894226 95.120000
v -48.428311 63.113004 95.120000
v -56.251900 56.251900 95.120000
v -63.113004 48.428311 95.120000
v -68.894226 39.776100 95.120000
v -73.496649 30.443309 95.120000
v -76.841525 20.589624 95.120000
v -78.871620 10.383646 95.120000
v -79.552200 0.000000 95.120000
v -78.871620 -10.383646 95.120000
v -76.841525 -20.589624 95.120000
v -73.496649 -30.443309 95.120000
v -68.894226 -39.776100 95.120000
v -63.113004 -48.428311 95.120000
v -56.251900 -56.251900 95.120000
v -48.428311 -63.113004 95.120000
v -39.776100 -68.894226 95.120000
v -30.443309 -73.496649 95.120000
v -20.589624 -76.841525 95.120000
v -10.383646 -78.871620 95.120000
v -0.000000 -79.552200 95.120000
v 10.383646 -78.871620 95.120000
v 20.589624 -76.841525 95.120000
v 30.443309 -73.496649 95.120000
v 39.776100 -68.894226 95.120000
v 48.428311 -63.113004 95.120000
v 56.251900 -56.251900 95.120000
v 63.113004 -48.428311 95.120000
v 68.894226 -39.776100 95.120000
v 73.496649 -30.443309 95.120000
v 76.841525 -20.589624 95.120000
v 78.871620 -10.383646 95.120000
v 74.231837 -1.280658 96.316819
v 76.886703 8.775934 96.009603
v 71.879172 17.936980 95.902219
v 69.071837 27.224308 95.187707
v 67.907365 37.659678 94.769073
v 60.545947 44.820655 95.283880
v 53.715235 51.893263 95.331613
v 46.901430 58.987738 93.681362
v 39.591019 65.920809 94.709729
v 30.529994 70.253149 95.411803
v 21.239047 74.126109 95.686010
v 10.955010 73.403549 97.449023
v 1.326074 76.864319 97.442484
v -8.368660 73.318543 96.119467
v -18.180661 72.855680 97.317037
v -27.238119 69.106877 98.349757
v -35.783280 64.523873 97.338039
v -44.548184 60.177880 96.970753
v -52.401611 54.241431 95.461911
v -60.375954 48.005207 94.369615
v -65.227151 39.174419 95.654115
v -68.515930 29.775048 95.027407
v -73.264366 20.992135 94.667551
v -75.509099 11.269250 96.074608
v -77.289638 1.333411 95.822468
v -74.521439 -8.505960 96.571615
v -71.545178 -17.853633 96.432985
v -72.398306 -28.535419 97.570551
v -67.892719 -37.651556 96.587654
v -60.929046 -45.104254 96.101225
v -53.271157 -51.464248 97.112792
v -48.591151 -61.112893 95.664889
v -39.810129 -66.285637 97.819235
v -30.216012 -69.530641 97.362447
v -21.293825 -74.317290 95.050436
v -11.088506 -74.298030 96.317211
v -1.279650 -74.173412 94.164846
v 8.610260 -75.435221 95.970974
v 18.858038 -75.570145 95.474680
v 28.703932 -72.825847 96.039588
v 36.377750 -65.595811 95.319982
v 46.089599 -62.260099 94.671511
v 53.311572 -55.183341 95.325565
v 59.303077 -47.152158 96.636304
v 64.265584 -38.596916 96.826605
v 70.195298 -30.504853 95.984319
v 71.062897 -20.361357 98.172732
v 74.152775 -11.066828 95.829944
v 56.141583 1.404802 100.210845
v 53.573896 8.421432 99.326281
v 51.654432 15.235436 96.905277
v 49.475581 21.959057 98.153666
v 46.522122 28.434444 95.669040
v 42.483396 34.320668 97.601776
v 37.788115 39.727755 96.328270
v 31.802498 43.665531 96.390716
v 26.698726 49.036888 97.074270
v 19.818420 51.449873 97.879466
v 12.677432 52.536141 99.401083
v 5.774061 54.328820 99.597967
v -1.391335 55.603376 99.102553
v -8.767282 55.774058 100.714393
v -15.270286 51.772589 98.717008
v -22.814054 51.401960 100.027059
v -28.476566 46.591038 100.294337
v -35.544967 43.998879 97.763811
v -40.453146 38.478090 97.916497
v -45.726895 33.303832 96.708856
v -48.030583 26.150831 95.956105
v -52.855125 20.359721 97.295676
v -54.005864 13.032090 96.564233
v -56.002046 5.951891 96.630179
v -54.227021 -1.356895 97.283570
v -54.951142 -8.637925 96.436253
v -52.283372 -15.420941 97.222688
v -50.404085 -22.371161 98.971288
v -46.735184 -28.564668 98.121213
v -42.550676 -34.375021 98.571163
v -38.942209 -40.941088 100.768443
v -33.277056 -45.690132 98.569984
v -26.266870 -48.243709 98.991668
v -19.964022 -51.827864 99.072335
v -12.868529 -53.328060 97.726175
v -5.688899 -53.527517 97.748799
v 1.361019 -54.391822 95.928493
v 8.571519 -54.528690 97.103435
v 15.826347 -53.657865 95.308246
v 23.141783 -52.140362 96.442913
v 28.408220 -46.479216 98.355821
v 34.982520 -43.302661 97.638285
v 40.047121 -38.091888 98.136650
v 45.935171 -33.455524 99.048019
v 49.838996 -27.135443 100.185498
v 51.572396 -19.865616 98.506458
v 53.079228 -12.808484 100.759237
v 54.496406 -5.791872 99.830326
v 30.966952 0.567520 102.763634
v 28.967921 4.355091 101.354533
v 29.772718 8.565270 99.988219
v 27.936133 12.175930 100.561069
v 26.296827 15.831929 99.051485
v 24.161945 19.253675 99.220285
v 21.022019 21.806930 97.725088
v 18.122810 24.536253 99.105065
v 14.571599 26.341963 100.782016
v 10.726900 27.301556 101.284119
v 7.465249 30.053005 102.220771
v 3.363389 29.750525 100.940364
v -0.560170 30.565910 103.691866
v -4.531225 30.139476 101.660181
v -8.289625 28.814583 101.858135
v -12.276832 28.167641 102.575675
v -15.591467 25.897421 101.880008
v -18.930867 23.756845 100.178213
v -21.930731 21.141365 100.590108
v -23.668225 17.481673 99.952669
v -25.708798 14.221351 98.669624
v -28.058896 11.024462 98.203657
v -28.987104 7.200476 99.682609
v -29.384179 3.321972 99.240604
v -30.713002 -0.562866 99.752723
v -29.635270 -4.455422 100.723723
v -28.285195 -8.137327 101.590749
v -27.144897 -11.831070 102.821143
v -25.260729 -15.208148 101.733726
v -23.377683 -18.628728 103.071456
v -21.210026 -22.001957 101.879653
v -17.998466 -24.367905 102.111030
v -14.568865 -26.337020 102.605688
v -11.027585 -28.066845 101.748500
v -7.262527 -29.236902 100.558252
v -3.325507 -29.415446 100.518715
v 0.559299 -30.518384 99.008560
v 4.524842 -30.097017 98.890157
v 8.226799 -28.596199 99.594922
v 12.157678 -27.894257 98.968301
v 15.665091 -26.019711 98.305245
v 18.206113 -22.847331 101.626028
v 22.059274 -21.265281 101.843065
v 24.053770 -17.766442 102.387355
v 26.947360 -14.906487 101.382734
v 27.152876 -10.668483 101.859282
v 29.431894 -7.310964 103.020359
v 29.370243 -3.320397 103.882075
v -1.637128 -3.249532 103.976901
vt 0.000000 0.000000
vt 0.088340 0.000000
vt 0.095042 0.145000
vt 0.000000 0.145000
vt 0.088340 0.000000
vt 0.175169 0.000000
vt 0.188459 0.145000
vt 0.095042 0.145000
vt 0.175169 0.000000
vt 0.259000 0.000000
vt 0.278650 0.145000
vt 0.188459 0.145000
vt 0.259000 0.000000
vt 0.338400 0.000000
vt 0.364074 0.145000
vt 0.278650 0.145000
vt 0.338400 0.000000
vt 0.412010 0.000000
vt 0.443268 0.145000
vt 0.364074 0.145000
vt 0.412010 0.000000
vt 0.478570 0.000000
vt 0.514878 0.145000
vt 0.443268 0.145000
vt 0.478570 0.000000
vt 0.412010 0.000000
vt 0.443268 0.145000
vt 0.514878 0.145000
vt 0.412010 0.000000
vt 0.338400 0.000000
vt 0.364074 0.145000
vt 0.443268 0.145000
vt 0.338400 0.000000
vt 0.259000 0.000000
vt 0.278650 0.145000
vt 0.364074 0.145000
vt 0.259000 0.000000
vt 0.175169 0.000000
vt 0.188459 0.145000
vt 0.278650 0.145000
vt 0.175169 0.000000
vt 0.088340 0.000000
vt 0.095042 0.145000
vt 0.188459 0.145000
vt 0.088340 0.000000
vt 0.000000 0.000000
vt 0.000000 0.145000
vt 0.095042 0.145000
vt 0.000000 0.000000
vt -0.088340 0.000000
vt -0.095042 0.145000
vt 0.000000 0.145000
vt -0.088340 0.000000
vt -0.175169 0.000000
vt -0.188459 0.145000
vt -0.095042 0.145000
vt -0.175169 0.000000
vt -0.259000 0.000000
vt -0.278650 0.145000
vt -0.188459 0.145000
vt -0.259000 0.000000
vt -0.338400 0.000000
vt -0.364074 0.145000
vt -0.278650 0.145000
vt -0.338400 0.000000
vt -0.412010 0.000000
vt -0.443268 0.145000
vt -0.364074 0.145000
vt -0.412010 0.000000
vt -0.478570 0.000000
vt -0.514878 0.145000
vt -0.443268 0.145000
vt 0.478570 0.000000
vt 0.412010 0.000000
vt 0.443268 0.145000
vt 0.514878 0.145000
vt 0.412010 0.000000
vt 0.338400 0.000000
vt 0.364074 0.145000
vt 0.443268 0.145000
vt 0.338400 0.000000
vt 0.259000 0.000000
vt 0.278650 0.145000
vt 0.364074 0.145000
vt 0.259000 0.000000
vt 0.175169 0.000000
vt 0.188459 0.145000
vt 0.278650 0.145000
vt 0.175169 0.000000
vt 0.088340 0.000000
vt 0.095042 0.145000
vt 0.188459 0.145000
vt 0.088340 0.000000
vt 0.000000 0.000000
vt 0.000000 0.145000
vt 0.095042 0.145000
vt 0.000000 0.000000
vt -0.088340 0.000000
vt -0.095042 0.145000
vt 0.000000 0.145000
vt -0.088340 0.000000
vt -0.175169 0.000000
vt -0.188459 0.145000
vt -0.095042 0.145000
vt -0.175169 0.000000
vt -0.259000 0.000000
vt -0.278650 0.145000
vt -0.188459 0.145000
vt -0.259000 0.000000
vt -0.338400 0.000000
vt -0.364074 0.145000
vt -0.278650 0.145000
vt -0.338400 0.000000
vt -0.412010 0.000000
vt -0.443268 0.145000
vt -0.364074 0.145000
vt -0.412010 0.000000
vt -0.478570 0.000000
vt -0.514878 0.145000
vt -0.443268 0.145000
vt -0.478570 0.000000
vt -0.412010 0.000000
vt -0.443268 0.145000
vt -0.514878 0.145000
vt -0.412010 0.000000
vt -0.338400 0.000000
vt -0.364074 0.145000
vt -0.443268 0.145000
vt -0.338400 0.000000
vt -0.259000 0.000000
vt -0.278650 0.145000
vt -0.364074 0.145000
vt -0.259000 0.000000
vt -0.175169 0.000000
vt -0.188459 0.145000
vt -0.278650 0.145000
vt -0.175169 0.000000
vt -0.088340 0.000000
vt -0.095042 0.145000
vt -0.188459 0.145000
vt -0.088340 0.000000
vt -0.000000 0.000000
vt -0.000000 0.145000
vt -0.095042 0.145000
vt -0.000000 0.000000
vt 0.088340 0.000000
vt 0.095042 0.145000
vt -0.000000 0.145000
vt 0.088340 0.000000
vt 0.175169 0.000000
vt 0.188459 0.145000
vt 0.095042 0.145000
vt 0.175169 0.000000
vt 0.259000 0.000000
vt 0.278650 0.145000
vt 0.188459 0.145000
vt 0.259000 0.000000
vt 0.338400 0.000000
vt 0.364074 0.145000
vt 0.278650 0.145000
vt 0.338400 0.000000
vt 0.412010 0.000000
vt 0.443268 0.145000
vt 0.364074 0.145000
vt 0.412010 0.000000
vt 0.478570 0.000000
vt 0.514878 0.145000
vt 0.443268 0.145000
vt -0.478570 0.000000
vt -0.412010 0.000000
vt -0.443268 0.145000
vt -0.514878 0.145000
vt -0.412010 0.000000
vt -0.338400 0.000000
vt -0.364074 0.145000
vt -0.443268 0.145000
vt -0.338400 0.000000
vt -0.259000 0.000000
vt -0.278650 0.145000
vt -0.364074 0.145000
vt -0.259000 0.000000
vt -0.175169 0.000000
vt -0.188459 0.145000
vt -0.278650 0.145000
vt -0.175169 0.000000
vt -0.088340 0.000000
vt -0.095042 0.145000
vt -0.188459 0.145000
vt -0.088340 0.000000
vt 0.000000 0.000000
vt 0.000000 0.145000
vt -0.095042 0.145000
vt 0.000000 0.145000
vt 0.095042 0.145000
vt 0.101487 0.290000
vt 0.000000 0.290000
vt 0.095042 0.145000
vt 0.188459 0.145000
vt 0.201238 0.290000
vt 0.101487 0.290000
vt 0.188459 0.145000
vt 0.278650 0.145000
vt 0.297545 0.290000
vt 0.201238 0.290000
vt 0.278650 0.145000
vt 0.364074 0.145000
vt 0.388761 0.290000
vt 0.297545 0.290000
vt 0.364074 0.145000
vt 0.443268 0.145000
vt 0.473326 0.290000
vt 0.388761 0.290000
vt 0.443268 0.145000
vt 0.514878 0.145000
vt 0.549791 0.290000
vt 0.473326 0.290000
vt 0.514878 0.145000
vt 0.443268 0.145000
vt 0.473326 0.290000
vt 0.549791 0.290000
vt 0.443268 0.145000
vt 0.364074 0.145000
vt 0.388761 0.290000
vt 0.473326 0.290000
vt 0.364074 0.145000
vt 0.278650 0.145000
vt 0.297545 0.290000
vt 0.388761 0.290000
vt 0.278650 0.145000
vt 0.188459 0.145000
vt 0.201238 0.290000
vt 0.297545 0.290000
vt 0.188459 0.145000
vt 0.095042 0.145000
vt 0.101487 0.290000
vt 0.201238 0.290000
vt 0.095042 0.145000
vt 0.000000 0.145000
vt 0.000000 0.290000
vt 0.101487 0.290000
vt 0.000000 0.145000
vt -0.095042 0.145000
vt -0.101487 0.290000
vt 0.000000 0.290000
vt -0.095042 0.145000
vt -0.188459 0.145000
vt -0.201238 0.290000
vt -0.101487 0.290000
vt -0.188459 0.145000
vt -0.278650 0.145000
vt -0.297545 0.290000
vt -0.201238 0.290000
vt -0.278650 0.145000
vt -0.364074 0.145000
vt -0.388761 0.290000
vt -0.297545 0.290000
vt -0.364074 0.145000
vt -0.443268 0.145000
vt -0.473326 0.290000
vt -0.388761 0.290000
vt -0.443268 0.145000
vt -0.514878 0.145000
vt -0.549791 0.290000
vt -0.473326 0.290000
vt 0.514878 0.145000
vt 0.443268 0.145000
vt 0.473326 0.290000
vt 0.549791 0.290000
vt 0.443268 0.145000
vt 0.364074 0.145000
vt 0.388761 0.290000
vt 0.473326 0.290000
vt 0.364074 0.145000
vt 0.278650 0.145000
vt 0.297545 0.290000
vt 0.388761 0.290000
vt 0.278650 0.145000
vt 0.188459 0.145000
vt 0.201238 0.290000
vt 0.297545 0.290000
vt 0.188459 0.145000
vt 0.095042 0.145000
vt 0.101487 0.290000
vt 0.201238 0.290000
vt 0.095042 0.145000
vt 0.000000 0.145000
vt 0.000000 0.290000
vt 0.101487 0.290000
vt 0.000000 0.145000
vt -0.095042 0.145000
vt -0.101487 0.290000
vt 0.000000 0.290000
vt -0.095042 0.145000
vt -0.188459 0.145000
vt -0.201238 0.290000
vt -0.101487 0.290000
vt -0.188459 0.145000
vt -0.278650 0.145000
vt -0.297545 0.290000
vt -0.201238 0.290000
vt -0.278650 0.145000
vt -0.364074 0.145000
vt -0.388761 0.290000
vt -0.297545 0.290000
vt -0.364074 0.145000
vt -0.443268 0.145000
vt -0.473326 0.290000
vt -0.388761 0.290000
vt -0.443268 0.145000
vt -0.514878 0.145000
vt -0.549791 0.290000
vt -0.473326 0.290000
vt -0.514878 0.145000
vt -0.443268 0.145000
vt -0.473326 0.290000
vt -0.549791 0.290000
vt -0.443268 0.145000
vt -0.364074 0.145000
vt -0.388761 0.290000
vt -0.473326 0.290000
vt -0.364074 0.145000
vt -0.278650 0.145000
vt -0.297545 0.290000
vt -0.388761 0.290000
vt -0.278650 0.145000
vt -0.188459 0.145000
vt -0.201238 0.290000
vt -0.297545 0.290000
vt -0.188459 0.145000
vt -0.095042 0.145000
vt -0.101487 0.290000
vt -0.201238 0.290000
vt -0.095042 0.145000
vt -0.000000 0.145000
vt -0.000000 0.290000
vt -0.101487 0.290000
vt -0.000000 0.145000
vt 0.095042 0.145000
vt 0.101487 0.290000
vt -0.000000 0.290000
vt 0.095042 0.145000
vt 0.188459 0.145000
vt 0.201238 0.290000
vt 0.101487 0.290000
vt 0.188459 0.145000
vt 0.278650 0.145000
vt 0.297545 0.290000
vt 0.201238 0.290000
vt 0.278650 0.145000
vt 0.364074 0.145000
vt 0.388761 0.290000
vt 0.297545 0.290000
vt 0.364074 0.145000
vt 0.443268 0.145000
vt 0.473326 0.290000
vt 0.388761 0.290000
vt 0.443268 0.145000
vt 0.514878 0.145000
vt 0.549791 0.290000
vt 0.473326 0.290000
vt -0.514878 0.145000
vt -0.443268 0.145000
vt -0.473326 0.290000
vt -0.549791 0.290000
vt -0.443268 0.145000
vt -0.364074 0.145000
vt -0.388761 0.290000
vt -0.473326 0.290000
vt -0.364074 0.145000
vt -0.278650 0.145000
vt -0.297545 0.290000
vt -0.388761 0.290000
vt -0.278650 0.145000
vt -0.188459 0.145000
vt -0.201238 0.290000
vt -0.297545 0.290000
vt -0.188459 0.145000
vt -0.095042 0.145000
vt -0.101487 0.290000
vt -0.201238 0.290000
vt -0.095042 0.145000
vt 0.000000 0.145000
vt 0.000000 0.290000
vt -0.101487 0.290000
vt 0.000000 0.290000
vt 0.101487 0.290000
vt 0.107426 0.435000
vt 0.000000 0.435000
vt 0.101487 0.290000
vt 0.201238 0.290000
vt 0.213015 0.435000
vt 0.107426 0.435000
vt 0.201238 0.290000
vt 0.297545 0.290000
vt 0.314958 0.435000
vt 0.213015 0.435000
vt 0.297545 0.290000
vt 0.388761 0.290000
vt 0.411513 0.435000
vt 0.314958 0.435000
vt 0.388761 0.290000
vt 0.473326 0.290000
vt 0.501027 0.435000
vt 0.411513 0.435000
vt 0.473326 0.290000
vt 0.549791 0.290000
vt 0.581967 0.435000
vt 0.501027 0.435000
vt 0.549791 0.290000
vt 0.473326 0.290000
vt 0.501027 0.435000
vt 0.581967 0.435000
vt 0.473326 0.290000
vt 0.388761 0.290000
vt 0.411513 0.435000
vt 0.501027 0.435000
vt 0.388761 0.290000
vt 0.297545 0.290000
vt 0.314958 0.435000
vt 0.411513 0.435000
vt 0.297545 0.290000
vt 0.201238 0.290000
vt 0.213015 0.435000
vt 0.314958 0.435000
vt 0.201238 0.290000
vt 0.101487 0.290000
vt 0.107426 0.435000
vt 0.213015 0.435000
vt 0.101487 0.290000
vt 0.000000 0.290000
vt 0.000000 0.435000
vt 0.107426 0.435000
vt 0.000000 0.290000
vt -0.101487 0.290000
vt -0.107426 0.435000
vt 0.000000 0.435000
vt -0.101487 0.290000
vt -0.201238 0.290000
vt -0.213015 0.435000
vt -0.107426 0.435000
vt -0.201238 0.290000
vt -0.297545 0.290000
vt -0.314958 0.435000
vt -0.213015 0.435000
vt -0.297545 0.290000
vt -0.388761 0.290000
vt -0.411513 0.435000
vt -0.314958 0.435000
vt -0.388761 0.290000
vt -0.473326 0.290000
vt -0.501027 0.435000
vt -0.411513 0.435000
vt -0.473326 0.290000
vt -0.549791 0.290000
vt -0.581967 0.435000
vt -0.501027 0.435000
vt 0.549791 0.290000
vt 0.473326 0.290000
vt 0.501027 0.435000
vt 0.581967 0.435000
vt 0.473326 0.290000
vt 0.388761 0.290000
vt 0.411513 0.435000
vt 0.501027 0.435000
vt 0.388761 0.290000
vt 0.297545 0.290000
vt 0.314958 0.435000
vt 0.411513 0.435000
vt 0.297545 0.290000
vt 0.201238 0.290000
vt 0.213015 0.435000
vt 0.314958 0.435000
vt 0.201238 0.290000
vt 0.101487 0.290000
vt 0.107426 0.435000
vt 0.213015 0.435000
vt 0.101487 0.290000
vt 0.000000 0.290000
vt 0.000000 0.435000
vt 0.107426 0.435000
vt 0.000000 0.290000
vt -0.101487 0.290000
vt -0.107426 0.435000
vt 0.000000 0.435000
vt -0.101487 0.290000
vt -0.201238 0.290000
vt -0.213015 0.435000
vt -0.107426 0.435000
vt -0.201238 0.290000
vt -0.297545 0.290000
vt -0.314958 0.435000
vt -0.213015 0.435000
vt -0.297545 0.290000
vt -0.388761 0.290000
vt -0.411513 0.435000
vt -0.314958 0.435000
vt -0.388761 0.290000
vt -0.473326 0.290000
vt -0.501027 0.435000
vt -0.411513 0.435000
vt -0.473326 0.290000
vt -0.549791 0.290000
vt -0.581967 0.435000
vt -0.501027 0.435000
vt -0.549791 0.290000
vt -0.473326 0.290000
vt -0.501027 0.435000
vt -0.581967 0.435000
vt -0.473326 0.290000
vt -0.388761 0.290000
vt -0.411513 0.435000
vt -0.501027 0.435000
vt -0.388761 0.290000
vt -0.297545 0.290000
vt -0.314958 0.435000
vt -0.411513 0.435000
vt -0.297545 0.290000
vt -0.201238 0.290000
vt -0.213015 0.435000
vt -0.314958 0.435000
vt -0.201238 0.290000
vt -0.101487 0.290000
vt -0.107426 0.435000
vt -0.213015 0.435000
vt -0.101487 0.290000
vt -0.000000 0.290000
vt -0.000000 0.435000
vt -0.107426 0.435000
vt -0.000000 0.290000
vt 0.101487 0.290000
vt 0.107426 0.435000
vt -0.000000 0.435000
vt 0.101487 0.290000
vt 0.201238 0.290000
vt 0.213015 0.435000
vt 0.107426 0.435000
vt 0.201238 0.290000
vt 0.297545 0.290000
vt 0.314958 0.435000
vt 0.213015 0.435000
vt 0.297545 0.290000
vt 0.388761 0.290000
vt 0.411513 0.435000
vt 0.314958 0.435000
vt 0.388761 0.290000
vt 0.473326 0.290000
vt 0.501027 0.435000
vt 0.411513 0.435000
vt 0.473326 0.290000
vt 0.549791 0.290000
vt 0.581967 0.435000
vt 0.501027 0.435000
vt -0.549791 0.290000
vt -0.473326 0.290000
vt -0.501027 0.435000
vt -0.581967 0.435000
vt -0.473326 0.290000
vt -0.388761 0.290000
vt -0.411513 0.435000
vt -0.501027 0.435000
vt -0.388761 0.290000
vt -0.297545 0.290000
vt -0.314958 0.435000
vt -0.411513 0.435000
vt -0.297545 0.290000
vt -0.201238 0.290000
vt -0.213015 0.435000
vt -0.314958 0.435000
vt -0.201238 0.290000
vt -0.101487 0.290000
vt -0.107426 0.435000
vt -0.213015 0.435000
vt -0.101487 0.290000
vt 0.000000 0.290000
vt 0.000000 0.435000
vt -0.107426 0.435000
vt 0.000000 0.435000
vt 0.107426 0.435000
vt 0.112632 0.580000
vt 0.000000 0.580000
vt 0.107426 0.435000
vt 0.213015 0.435000
vt 0.223338 0.580000
vt 0.112632 0.580000
vt 0.213015 0.435000
vt 0.314958 0.435000
vt 0.330222 0.580000
vt 0.223338 0.580000
vt 0.314958 0.435000
vt 0.411513 0.435000
vt 0.431455 0.580000
vt 0.330222 0.580000
vt 0.411513 0.435000
vt 0.501027 0.435000
vt 0.525307 0.580000
vt 0.431455 0.580000
vt 0.501027 0.435000
vt 0.581967 0.435000
vt 0.610170 0.580000
vt 0.525307 0.580000
vt 0.581967 0.435000
vt 0.501027 0.435000
vt 0.525307 0.580000
vt 0.610170 0.580000
vt 0.501027 0.435000
vt 0.411513 0.435000
vt 0.431455 0.580000
vt 0.525307 0.580000
vt 0.411513 0.435000
vt 0.314958 0.435000
vt 0.330222 0.580000
vt 0.431455 0.580000
vt 0.314958 0.435000
vt 0.213015 0.435000
vt 0.223338 0.580000
vt 0.330222 0.580000
vt 0.213015 0.435000
vt 0.107426 0.435000
vt 0.112632 0.580000
vt 0.223338 0.580000
vt 0.107426 0.435000
vt 0.000000 0.435000
vt 0.000000 0.580000
vt 0.112632 0.580000
vt 0.000000 0.435000
vt -0.107426 0.435000
vt -0.112632 0.580000
vt 0.000000 0.580000
vt -0.107426 0.435000
vt -0.213015 0.435000
vt -0.223338 0.580000
vt -0.112632 0.580000
vt -0.213015 0.435000
vt -0.314958 0.435000
vt -0.330222 0.580000
vt -0.223338 0.580000
vt -0.314958 0.435000
vt -0.411513 0.435000
vt -0.431455 0.580000
vt -0.330222 0.580000
vt -0.411513 0.435000
vt -0.501027 0.435000
vt -0.525307 0.580000
vt -0.431455 0.580000
vt -0.501027 0.435000
vt -0.581967 0.435000
vt -0.610170 0.580000
vt -0.525307 0.580000
vt 0.581967 0.435000
vt 0.501027 0.435000
vt 0.525307 0.580000
vt 0.610170 0.580000
vt 0.501027 0.435000
vt 0.411513 0.435000
vt 0.431455 0.580000
vt 0.525307 0.580000
vt 0.411513 0.435000
vt 0.314958 0.435000
vt 0.330222 0.580000
vt 0.431455 0.580000
vt 0.314958 0.435000
vt 0.213015 0.435000
vt 0.223338 0.580000
vt 0.330222 0.580000
vt 0.213015 0.435000
vt 0.107426 0.435000
vt 0.112632 0.580000
vt 0.223338 0.580000
vt 0.107426 0.435000
vt 0.000000 0.435000
vt 0.000000 0.580000
vt 0.112632 0.580000
vt 0.000000 0.435000
vt -0.107426 0.435000
vt -0.112632 0.580000
vt 0.000000 0.580000
vt -0.107426 0.435000
vt -0.213015 0.435000
vt -0.223338 0.580000
vt -0.112632 0.580000
vt -0.213015 0.435000
vt -0.314958 0.435000
vt -0.330222 0.580000
vt -0.223338 0.580000
vt -0.314958 0.435000
vt -0.411513 0.435000
vt -0.431455 0.580000
vt -0.330222 0.580000
vt -0.411513 0.435000
vt -0.501027 0.435000
vt -0.525307 0.580000
vt -0.431455 0.580000
vt -0.501027 0.435000
vt -0.581967 0.435000
vt -0.610170 0.580000
vt -0.525307 0.580000
vt -0.581967 0.435000
vt -0.501027 0.435000
vt -0.525307 0.580000
vt -0.610170 0.580000
vt -0.501027 0.435000
vt -0.411513 0.435000
vt -0.431455 0.580000
vt -0.525307 0.580000
vt -0.411513 0.435000
vt -0.314958 0.435000
vt -0.330222 0.580000
vt -0.431455 0.580000
vt -0.314958 0.435000
vt -0.213015 0.435000
vt -0.223338 0.580000
vt -0.330222 0.580000
vt -0.213015 0.435000
vt -0.107426 0.435000
vt -0.112632 0.580000
vt -0.223338 0.580000
vt -0.107426 0.435000
vt -0.000000 0.435000
vt -0.000000 0.580000
vt -0.112632 0.580000
vt -0.000000 0.435000
vt 0.107426 0.435000
vt 0.112632 0.580000
vt -0.000000 0.580000
vt 0.107426 0.435000
vt 0.213015 0.435000
vt 0.223338 0.580000
vt 0.112632 0.580000
vt 0.213015 0.435000
vt 0.314958 0.435000
vt 0.330222 0.580000
vt 0.223338 0.580000
vt 0.314958 0.435000
vt 0.411513 0.435000
vt 0.431455 0.580000
vt 0.330222 0.580000
vt 0.411513 0.435000
vt 0.501027 0.435000
vt 0.525307 0.580000
vt 0.431455 0.580000
vt 0.501027 0.435000
vt 0.581967 0.435000
vt 0.610170 0.580000
vt 0.525307 0.580000
vt -0.581967 0.435000
vt -0.501027 0.435000
vt -0.525307 0.580000
vt -0.610170 0.580000
vt -0.501027 0.435000
vt -0.411513 0.435000
vt -0.431455 0.580000
vt -0.525307 0.580000
vt -0.411513 0.435000
vt -0.314958 0.435000
vt -0.330222 0.580000
vt -0.431455 0.580000
vt -0.314958 0.435000
vt -0.213015 0.435000
vt -0.223338 0.580000
vt -0.330222 0.580000
vt -0.213015 0.435000
vt -0.107426 0.435000
vt -0.112632 0.580000
vt -0.223338 0.580000
vt -0.107426 0.435000
vt 0.000000 0.435000
vt 0.000000 0.580000
vt -0.112632 0.580000
vt 0.000000 0.580000
vt 0.112632 0.580000
vt 0.116905 0.725000
vt 0.000000 0.725000
vt 0.112632 0.580000
vt 0.223338 0.580000
vt 0.231809 0.725000
vt 0.116905 0.725000
vt 0.223338 0.580000
vt 0.330222 0.580000
vt 0.342748 0.725000
vt 0.231809 0.725000
vt 0.330222 0.580000
vt 0.431455 0.580000
vt 0.447821 0.725000
vt 0.342748 0.725000
vt 0.431455 0.580000
vt 0.525307 0.580000
vt 0.545233 0.725000
vt 0.447821 0.725000
vt 0.525307 0.580000
vt 0.610170 0.580000
vt 0.633315 0.725000
vt 0.545233 0.725000
vt 0.610170 0.580000
vt 0.525307 0.580000
vt 0.545233 0.725000
vt 0.633315 0.725000
vt 0.525307 0.580000
vt 0.431455 0.580000
vt 0.447821 0.725000
vt 0.545233 0.725000
vt 0.431455 0.580000
vt 0.330222 0.580000
vt 0.342748 0.725000
vt 0.447821 0.725000
vt 0.330222 0.580000
vt 0.223338 0.580000
vt 0.231809 0.725000
vt 0.342748 0.725000
vt 0.223338 0.580000
vt 0.112632 0.580000
vt 0.116905 0.725000
vt 0.231809 0.725000
vt 0.112632 0.580000
vt 0.000000 0.580000
vt 0.000000 0.725000
vt 0.116905 0.725000
vt 0.000000 0.580000
vt -0.112632 0.580000
vt -0.116905 0.725000
vt 0.000000 0.725000
vt -0.112632 0.580000
vt -0.223338 0.580000
vt -0.231809 0.725000
vt -0.116905 0.725000
vt -0.223338 0.580000
vt -0.330222 0.580000
vt -0.342748 0.725000
vt -0.231809 0.725000
vt -0.330222 0.580000
vt -0.431455 0.580000
vt -0.447821 0.725000
vt -0.342748 0.725000
vt -0.431455 0.580000
vt -0.525307 0.580000
vt -0.545233 0.725000
vt -0.447821 0.725000
vt -0.525307 0.580000
vt -0.610170 0.580000
vt -0.633315 0.725000
vt -0.545233 0.725000
vt 0.610170 0.580000
vt 0.525307 0.580000
vt 0.545233 0.725000
vt 0.633315 0.725000
vt 0.525307 0.580000
vt 0.431455 0.580000
vt 0.447821 0.725000
vt 0.545233 0.725000
vt 0.431455 0.580000
vt 0.330222 0.580000
vt 0.342748 0.725000
vt 0.447821 0.725000
vt 0.330222 0.580000
vt 0.223338 0.580000
vt 0.231809 0.725000
vt 0.342748 0.725000
vt 0.223338 0.580000
vt 0.112632 0.580000
vt 0.116905 0.725000
vt 0.231809 0.725000
vt 0.112632 0.580000
vt 0.000000 0.580000
vt 0.000000 0.725000
vt 0.116905 0.725000
vt 0.000000 0.580000
vt -0.112632 0.580000
vt -0.116905 0.725000
vt 0.000000 0.725000
vt -0.112632 0.580000
vt -0.223338 0.580000
vt -0.231809 0.725000
vt -0.116905 0.725000
vt -0.223338 0.580000
vt -0.330222 0.580000
vt -0.342748 0.725000
vt -0.231809 0.725000
vt -0.330222 0.580000
vt -0.431455 0.580000
vt -0.447821 0.725000
vt -0.342748 0.725000
vt -0.431455 0.580000
vt -0.525307 0.580000
vt -0.545233 0.725000
vt -0.447821 0.725000
vt -0.525307 0.580000
vt -0.610170 0.580000
vt -0.633315 0.725000
vt -0.545233 0.725000
vt -0.610170 0.580000
vt -0.525307 0.580000
vt -0.545233 0.725000
vt -0.633315 0.725000
vt -0.525307 0.580000
vt -0.431455 0.580000
vt -0.447821 0.725000
vt -0.545233 0.725000
vt -0.431455 0.580000
vt -0.330222 0.580000
vt -0.342748 0.725000
vt -0.447821 0.725000
vt -0.330222 0.580000
vt -0.223338 0.580000
vt -0.231809 0.725000
vt -0.342748 0.725000
vt -0.223338 0.580000
vt -0.112632 0.580000
vt -0.116905 0.725000
vt -0.231809 0.725000
vt -0.112632 0.580000
vt -0.000000 0.580000
vt -0.000000 0.725000
vt -0.116905 0.725000
vt -0.000000 0.580000
vt 0.112632 0.580000
vt 0.116905 0.725000
vt -0.000000 0.725000
vt 0.112632 0.580000
vt 0.223338 0.580000
vt 0.231809 0.725000
vt 0.116905 0.725000
vt 0.223338 0.580000
vt 0.330222 0.580000
vt 0.342748 0.725000
vt 0.231809 0.725000
vt 0.330222 0.580000
vt 0.431455 0.580000
vt 0.447821 0.725000
vt 0.342748 0.725000
vt 0.431455 0.580000
vt 0.525307 0.580000
vt 0.545233 0.725000
vt 0.447821 0.725000
vt 0.525307 0.580000
vt 0.610170 0.580000
vt 0.633315 0.725000
vt 0.545233 0.725000
vt -0.610170 0.580000
vt -0.525307 0.580000
vt -0.545233 0.725000
vt -0.633315 0.725000
vt -0.525307 0.580000
vt -0.431455 0.580000
vt -0.447821 0.725000
vt -0.545233 0.725000
vt -0.431455 0.580000
vt -0.330222 0.580000
vt -0.342748 0.725000
vt -0.447821 0.725000
vt -0.330222 0.580000
vt -0.223338 0.580000
vt -0.231809 0.725000
vt -0.342748 0.725000
vt -0.223338 0.580000
vt -0.112632 0.580000
vt -0.116905 0.725000
vt -0.231809 0.725000
vt -0.112632 0.580000
vt 0.000000 0.580000
vt 0.000000 0.725000
vt -0.116905 0.725000
vt 0.000000 0.725000
vt 0.116905 0.725000
vt 0.120080 0.870000
vt 0.000000 0.870000
vt 0.116905 0.725000
vt 0.231809 0.725000
vt 0.238104 0.870000
vt 0.120080 0.870000
vt 0.231809 0.725000
vt 0.342748 0.725000
vt 0.352055 0.870000
vt 0.238104 0.870000
vt 0.342748 0.725000
vt 0.447821 0.725000
vt 0.459983 0.870000
vt 0.352055 0.870000
vt 0.447821 0.725000
vt 0.545233 0.725000
vt 0.560039 0.870000
vt 0.459983 0.870000
vt 0.545233 0.725000
vt 0.633315 0.725000
vt 0.650514 0.870000
vt 0.560039 0.870000
vt 0.633315 0.725000
vt 0.545233 0.725000
vt 0.560039 0.870000
vt 0.650514 0.870000
vt 0.545233 0.725000
vt 0.447821 0.725000
vt 0.459983 0.870000
vt 0.560039 0.870000
vt 0.447821 0.725000
vt 0.342748 0.725000
vt 0.352055 0.870000
vt 0.459983 0.870000
vt 0.342748 0.725000
vt 0.231809 0.725000
vt 0.238104 0.870000
vt 0.352055 0.870000
vt 0.231809 0.725000
vt 0.116905 0.725000
vt 0.120080 0.870000
vt 0.238104 0.870000
vt 0.116905 0.725000
vt 0.000000 0.725000
vt 0.000000 0.870000
vt 0.120080 0.870000
vt 0.000000 0.725000
vt -0.116905 0.725000
vt -0.120080 0.870000
vt 0.000000 0.870000
vt -0.116905 0.725000
vt -0.231809 0.725000
vt -0.238104 0.870000
vt -0.120080 0.870000
vt -0.231809 0.725000
vt -0.342748 0.725000
vt -0.352055 0.870000
vt -0.238104 0.870000
vt -0.342748 0.725000
vt -0.447821 0.725000
vt -0.459983 0.870000
vt -0.352055 0.870000
vt -0.447821 0.725000
vt -0.545233 0.725000
vt -0.560039 0.870000
vt -0.459983 0.870000
vt -0.545233 0.725000
vt -0.633315 0.725000
vt -0.650514 0.870000
vt -0.560039 0.870000
vt 0.633315 0.725000
vt 0.545233 0.725000
vt 0.560039 0.870000
vt 0.650514 0.870000
vt 0.545233 0.725000
vt 0.447821 0.725000
vt 0.459983 0.870000
vt 0.560039 0.870000
vt 0.447821 0.725000
vt 0.342748 0.725000
vt 0.352055 0.870000
vt 0.459983 0.870000
vt 0.342748 0.725000
vt 0.231809 0.725000
vt 0.238104 0.870000
vt 0.352055 0.870000
vt 0.231809 0.725000
vt 0.116905 0.725000
vt 0.120080 0.870000
vt 0.238104 0.870000
vt 0.116905 0.725000
vt 0.000000 0.725000
vt 0.000000 0.870000
vt 0.120080 0.870000
vt 0.000000 0.725000
vt -0.116905 0.725000
vt -0.120080 0.870000
vt 0.000000 0.870000
vt -0.116905 0.725000
vt -0.231809 0.725000
vt -0.238104 0.870000
vt -0.120080 0.870000
vt -0.231809 0.725000
vt -0.342748 0.725000
vt -0.352055 0.870000
vt -0.238104 0.870000
vt -0.342748 0.725000
vt -0.447821 0.725000
vt -0.459983 0.870000
vt -0.352055 0.870000
vt -0.447821 0.725000
vt -0.545233 0.725000
vt -0.560039 0.870000
vt -0.459983 0.870000
vt -0.545233 0.725000
vt -0.633315 0.725000
vt -0.650514 0.870000
vt -0.560039 0.870000
vt -0.633315 0.725000
vt -0.545233 0.725000
vt -0.560039 0.870000
vt -0.650514 0.870000
vt -0.545233 0.725000
vt -0.447821 0.725000
vt -0.459983 0.870000
vt -0.560039 0.870000
vt -0.447821 0.725000
vt -0.342748 0.725000
vt -0.352055 0.870000
vt -0.459983 0.870000
vt -0.342748 0.725000
vt -0.231809 0.725000
vt -0.238104 0.870000
vt -0.352055 0.870000
vt -0.231809 0.725000
vt -0.116905 0.725000
vt -0.120080 0.870000
vt -0.238104 0.870000
vt -0.116905 0.725000
vt -0.000000 0.725000
vt -0.000000 0.870000
vt -0.120080 0.870000
vt -0.000000 0.725000
vt 0.116905 0.725000
vt 0.120080 0.870000
vt -0.000000 0.870000
vt 0.116905 0.725000
vt 0.231809 0.725000
vt 0.238104 0.870000
vt 0.120080 0.870000
vt 0.231809 0.725000
vt 0.342748 0.725000
vt 0.352055 0.870000
vt 0.238104 0.870000
vt 0.342748 0.725000
vt 0.447821 0.725000
vt 0.459983 0.870000
vt 0.352055 0.870000
vt 0.447821 0.725000
vt 0.545233 0.725000
vt 0.560039 0.870000
vt 0.459983 0.870000
vt 0.545233 0.725000
vt 0.633315 0.725000
vt 0.650514 0.870000
vt 0.560039 0.870000
vt -0.633315 0.725000
vt -0.545233 0.725000
vt -0.560039 0.870000
vt -0.650514 0.870000
vt -0.545233 0.725000
vt -0.447821 0.725000
vt -0.459983 0.870000
vt -0.560039 0.870000
vt -0.447821 0.725000
vt -0.342748 0.725000
vt -0.352055 0.870000
vt -0.459983 0.870000
vt -0.342748 0.725000
vt -0.231809 0.725000
vt -0.238104 0.870000
vt -0.352055 0.870000
vt -0.231809 0.725000
vt -0.116905 0.725000
vt -0.120080 0.870000
vt -0.238104 0.870000
vt -0.116905 0.725000
vt 0.000000 0.725000
vt 0.000000 0.870000
vt -0.120080 0.870000
vt 0.000000 0.870000
vt 0.120080 0.870000
vt 0.122035 1.015000
vt 0.000000 1.015000
vt 0.120080 0.870000
vt 0.238104 0.870000
vt 0.241981 1.015000
vt 0.122035 1.015000
vt 0.238104 0.870000
vt 0.352055 0.870000
vt 0.357787 1.015000
vt 0.241981 1.015000
vt 0.352055 0.870000
vt 0.459983 0.870000
vt 0.467471 1.015000
vt 0.357787 1.015000
vt 0.459983 0.870000
vt 0.560039 0.870000
vt 0.569157 1.015000
vt 0.467471 1.015000
vt 0.560039 0.870000
vt 0.650514 0.870000
vt 0.661104 1.015000
vt 0.569157 1.015000
vt 0.650514 0.870000
vt 0.560039 0.870000
vt 0.569157 1.015000
vt 0.661104 1.015000
vt 0.560039 0.870000
vt 0.459983 0.870000
vt 0.467471 1.015000
vt 0.569157 1.015000
vt 0.459983 0.870000
vt 0.352055 0.870000
vt 0.357787 1.015000
vt 0.467471 1.015000
vt 0.352055 0.870000
vt 0.238104 0.870000
vt 0.241981 1.015000
vt 0.357787 1.015000
vt 0.238104 0.870000
vt 0.120080 0.870000
vt 0.122035 1.015000
vt 0.241981 1.015000
vt 0.120080 0.870000
vt 0.000000 0.870000
vt 0.000000 1.015000
vt 0.122035 1.015000
vt 0.000000 0.870000
vt -0.120080 0.870000
vt -0.122035 1.015000
vt 0.000000 1.015000
vt -0.120080 0.870000
vt -0.238104 0.870000
vt -0.241981 1.015000
vt -0.122035 1.015000
vt -0.238104 0.870000
vt -0.352055 0.870000
vt -0.357787 1.015000
vt -0.241981 1.015000
vt -0.352055 0.870000
vt -0.459983 0.870000
vt -0.467471 1.015000
vt -0.357787 1.015000
vt -0.459983 0.870000
vt -0.560039 0.870000
vt -0.569157 1.015000
vt -0.467471 1.015000
vt -0.560039 0.870000
vt -0.650514 0.870000
vt -0.661104 1.015000
vt -0.569157 1.015000
vt 0.650514 0.870000
vt 0.560039 0.870000
vt 0.569157 1.015000
vt 0.661104 1.015000
vt 0.560039 0.870000
vt 0.459983 0.870000
vt 0.467471 1.015000
vt 0.569157 1.015000
vt 0.459983 0.870000
vt 0.352055 0.870000
vt 0.357787 1.015000
vt 0.467471 1.015000
vt 0.352055 0.870000
vt 0.238104 0.870000
vt 0.241981 1.015000
vt 0.357787 1.015000
vt 0.238104 0.870000
vt 0.120080 0.870000
vt 0.122035 1.015000
vt 0.241981 1.015000
vt 0.120080 0.870000
vt 0.000000 0.870000
vt 0.000000 1.015000
vt 0.122035 1.015000
vt 0.000000 0.870000
vt -0.120080 0.870000
vt -0.122035 1.015000
vt 0.000000 1.015000
vt -0.120080 0.870000
vt -0.238104 0.870000
vt -0.241981 1.015000
vt -0.122035 1.015000
vt -0.238104 0.870000
vt -0.352055 0.870000
vt -0.357787 1.015000
vt -0.241981 1.015000
vt -0.352055 0.870000
vt -0.459983 0.870000
vt -0.467471 1.015000
vt -0.357787 1.015000
vt -0.459983 0.870000
vt -0.560039 0.870000
vt -0.569157 1.015000
vt -0.467471 1.015000
vt -0.560039 0.870000
vt -0.650514 0.870000
vt -0.661104 1.015000
vt -0.569157 1.015000
vt -0.650514 0.870000
vt -0.560039 0.870000
vt -0.569157 1.015000
vt -0.661104 1.015000
vt -0.560039 0.870000
vt -0.459983 0.870000
vt -0.467471 1.015000
vt -0.569157 1.015000
vt -0.459983 0.870000
vt -0.352055 0.870000
vt -0.357787 1.015000
vt -0.467471 1.015000
vt -0.352055 0.870000
vt -0.238104 0.870000
vt -0.241981 1.015000
vt -0.357787 1.015000
vt -0.238104 0.870000
vt -0.120080 0.870000
vt -0.122035 1.015000
vt -0.241981 1.015000
vt -0.120080 0.870000
vt -0.000000 0.870000
vt -0.000000 1.015000
vt -0.122035 1.015000
vt -0.000000 0.870000
vt 0.120080 0.870000
vt 0.122035 1.015000
vt -0.000000 1.015000
vt 0.120080 0.870000
vt 0.238104 0.870000
vt 0.241981 1.015000
vt 0.122035 1.015000
vt 0.238104 0.870000
vt 0.352055 0.870000
vt 0.357787 1.015000
vt 0.241981 1.015000
vt 0.352055 0.870000
vt 0.459983 0.870000
vt 0.467471 1.015000
vt 0.357787 1.015000
vt 0.459983 0.870000
vt 0.560039 0.870000
vt 0.569157 1.015000
vt 0.467471 1.015000
vt 0.560039 0.870000
vt 0.650514 0.870000
vt 0.661104 1.015000
vt 0.569157 1.015000
vt -0.650514 0.870000
vt -0.560039 0.870000
vt -0.569157 1.015000
vt -0.661104 1.015000
vt -0.560039 0.870000
vt -0.459983 0.870000
vt -0.467471 1.015000
vt -0.569157 1.015000
vt -0.459983 0.870000
vt -0.352055 0.870000
vt -0.357787 1.015000
vt -0.467471 1.015000
vt -0.352055 0.870000
vt -0.238104 0.870000
vt -0.241981 1.015000
vt -0.357787 1.015000
vt -0.238104 0.870000
vt -0.120080 0.870000
vt -0.122035 1.015000
vt -0.241981 1.015000
vt -0.120080 0.870000
vt 0.000000 0.870000
vt 0.000000 1.015000
vt -0.122035 1.015000
vt 0.000000 1.015000
vt 0.122035 1.015000
vt 0.122695 1.160000
vt 0.000000 1.160000
vt 0.122035 1.015000
vt 0.241981 1.015000
vt 0.243290 1.160000
vt 0.122695 1.160000
vt 0.241981 1.015000
vt 0.357787 1.015000
vt 0.359722 1.160000
vt 0.243290 1.160000
vt 0.357787 1.015000
vt 0.467471 1.015000
vt 0.470000 1.160000
vt 0.359722 1.160000
vt 0.467471 1.015000
vt 0.569157 1.015000
vt 0.572236 1.160000
vt 0.470000 1.160000
vt 0.569157 1.015000
vt 0.661104 1.015000
vt 0.664680 1.160000
vt 0.572236 1.160000
vt 0.661104 1.015000
vt 0.569157 1.015000
vt 0.572236 1.160000
vt 0.664680 1.160000
vt 0.569157 1.015000
vt 0.467471 1.015000
vt 0.470000 1.160000
vt 0.572236 1.160000
vt 0.467471 1.015000
vt 0.357787 1.015000
vt 0.359722 1.160000
vt 0.470000 1.160000
vt 0.357787 1.015000
vt 0.241981 1.015000
vt 0.243290 1.160000
vt 0.359722 1.160000
vt 0.241981 1.015000
vt 0.122035 1.015000
vt 0.122695 1.160000
vt 0.243290 1.160000
vt 0.122035 1.015000
vt 0.000000 1.015000
vt 0.000000 1.160000
vt 0.122695 1.160000
vt 0.000000 1.015000
vt -0.122035 1.015000
vt -0.122695 1.160000
vt 0.000000 1.160000
vt -0.122035 1.015000
vt -0.241981 1.015000
vt -0.243290 1.160000
vt -0.122695 1.160000
vt -0.241981 1.015000
vt -0.357787 1.015000
vt -0.359722 1.160000
vt -0.243290 1.160000
vt -0.357787 1.015000
vt -0.467471 1.015000
vt -0.470000 1.160000
vt -0.359722 1.160000
vt -0.467471 1.015000
vt -0.569157 1.015000
vt -0.572236 1.160000
vt -0.470000 1.160000
vt -0.569157 1.015000
vt -0.661104 1.015000
vt -0.664680 1.160000
vt -0.572236 1.160000
vt 0.661104 1.015000
vt 0.569157 1.015000
vt 0.572236 1.160000
vt 0.664680 1.160000
vt 0.569157 1.015000
vt 0.467471 1.015000
vt 0.470000 1.160000
vt 0.572236 1.160000
vt 0.467471 1.015000
vt 0.357787 1.015000
vt 0.359722 1.160000
vt 0.470000 1.160000
vt 0.357787 1.015000
vt 0.241981 1.015000
vt 0.243290 1.160000
vt 0.359722 1.160000
vt 0.241981 1.015000
vt 0.122035 1.015000
vt 0.122695 1.160000
vt 0.243290 1.160000
vt 0.122035 1.015000
vt 0.000000 1.015000
vt 0.000000 1.160000
vt 0.122695 1.160000
vt 0.000000 1.015000
vt -0.122035 1.015000
vt -0.122695 1.160000
vt 0.000000 1.160000
vt -0.122035 1.015000
vt -0.241981 1.015000
vt -0.243290 1.160000
vt -0.122695 1.160000
vt -0.241981 1.015000
vt -0.357787 1.015000
vt -0.359722 1.160000
vt -0.243290 1.160000
vt -0.357787 1.015000
vt -0.467471 1.015000
vt -0.470000 1.160000
vt -0.359722 1.160000
vt -0.467471 1.015000
vt -0.569157 1.015000
vt -0.572236 1.160000
vt -0.470000 1.160000
vt -0.569157 1.015000
vt -0.661104 1.015000
vt -0.664680 1.160000
vt -0.572236 1.160000
vt -0.661104 1.015000
vt -0.569157 1.015000
vt -0.572236 1.160000
vt -0.664680 1.160000
vt -0.569157 1.015000
vt -0.467471 1.015000
vt -0.470000 1.160000
vt -0.572236 1.160000
vt -0.467471 1.015000
vt -0.357787 1.015000
vt -0.359722 1.160000
vt -0.470000 1.160000
vt -0.357787 1.015000
vt -0.241981 1.015000
vt -0.243290 1.160000
vt -0.359722 1.160000
vt -0.241981 1.015000
vt -0.122035 1.015000
vt -0.122695 1.160000
vt -0.243290 1.160000
vt -0.122035 1.015000
vt -0.000000 1.015000
vt -0.000000 1.160000
vt -0.122695 1.160000
vt -0.000000 1.015000
vt 0.122035 1.015000
vt 0.122695 1.160000
vt -0.000000 1.160000
vt 0.122035 1.015000
vt 0.241981 1.015000
vt 0.243290 1.160000
vt 0.122695 1.160000
vt 0.241981 1.015000
vt 0.357787 1.015000
vt 0.359722 1.160000
vt 0.243290 1.160000
vt 0.357787 1.015000
vt 0.467471 1.015000
vt 0.470000 1.160000
vt 0.359722 1.160000
vt 0.467471 1.015000
vt 0.569157 1.015000
vt 0.572236 1.160000
vt 0.470000 1.160000
vt 0.569157 1.015000
vt 0.661104 1.015000
vt 0.664680 1.160000
vt 0.572236 1.160000
vt -0.661104 1.015000
vt -0.569157 1.015000
vt -0.572236 1.160000
vt -0.664680 1.160000
vt -0.569157 1.015000
vt -0.467471 1.015000
vt -0.470000 1.160000
vt -0.572236 1.160000
vt -0.467471 1.015000
vt -0.357787 1.015000
vt -0.359722 1.160000
vt -0.470000 1.160000
vt -0.357787 1.015000
vt -0.241981 1.015000
vt -0.243290 1.160000
vt -0.359722 1.160000
vt -0.241981 1.015000
vt -0.122035 1.015000
vt -0.122695 1.160000
vt -0.243290 1.160000
vt -0.122035 1.015000
vt 0.000000 1.015000
vt 0.000000 1.160000
vt -0.122695 1.160000
vt 0.000000 0.000000
vt 0.671010 0.088340
vt 0.676800 0.000000
vt 0.000000 0.000000
vt 0.653739 0.175169
vt 0.671010 0.088340
vt 0.000000 0.000000
vt 0.625282 0.259000
vt 0.653739 0.175169
vt 0.000000 0.000000
vt 0.586126 0.338400
vt 0.625282 0.259000
vt 0.000000 0.000000
vt 0.536942 0.412010
vt 0.586126 0.338400
vt 0.000000 0.000000
vt 0.478570 0.478570
vt 0.536942 0.412010
vt 0.000000 0.000000
vt 0.412010 0.536942
vt 0.478570 0.478570
vt 0.000000 0.000000
vt 0.338400 0.586126
vt 0.412010 0.536942
vt 0.000000 0.000000
vt 0.259000 0.625282
vt 0.338400 0.586126
vt 0.000000 0.000000
vt 0.175169 0.653739
vt 0.259000 0.625282
vt 0.000000 0.000000
vt 0.088340 0.671010
vt 0.175169 0.653739
vt 0.000000 0.000000
vt 0.000000 0.676800
vt 0.088340 0.671010
vt 0.000000 0.000000
vt -0.088340 0.671010
vt 0.000000 0.676800
vt 0.000000 0.000000
vt -0.175169 0.653739
vt -0.088340 0.671010
vt 0.000000 0.000000
vt -0.259000 0.625282
vt -0.175169 0.653739
vt 0.000000 0.000000
vt -0.338400 0.586126
vt -0.259000 0.625282
vt 0.000000 0.000000
vt -0.412010 0.536942
vt -0.338400 0.586126
vt 0.000000 0.000000
vt -0.478570 0.478570
vt -0.412010 0.536942
vt 0.000000 0.000000
vt -0.536942 0.412010
vt -0.478570 0.478570
vt 0.000000 0.000000
vt -0.586126 0.338400
vt -0.536942 0.412010
vt 0.000000 0.000000
vt -0.625282 0.259000
vt -0.586126 0.338400
vt 0.000000 0.000000
vt -0.653739 0.175169
vt -0.625282 0.259000
vt 0.000000 0.000000
vt -0.671010 0.088340
vt -0.653739 0.175169
vt 0.000000 0.000000
vt -0.676800 0.000000
vt -0.671010 0.088340
vt 0.000000 0.000000
vt -0.671010 -0.088340
vt -0.676800 0.000000
vt 0.000000 0.000000
vt -0.653739 -0.175169
vt -0.671010 -0.088340
vt 0.000000 0.000000
vt -0.625282 -0.259000
vt -0.653739 -0.175169
vt 0.000000 0.000000
vt -0.586126 -0.338400
vt -0.625282 -0.259000
vt 0.000000 0.000000
vt -0.536942 -0.412010
vt -0.586126 -0.338400
vt 0.000000 0.000000
vt -0.478570 -0.478570
vt -0.536942 -0.412010
vt 0.000000 0.000000
vt -0.412010 -0.536942
vt -0.478570 -0.478570
vt 0.000000 0.000000
vt -0.338400 -0.586126
vt -0.412010 -0.536942
vt 0.000000 0.000000
vt -0.259000 -0.625282
vt -0.338400 -0.586126
vt 0.000000 0.000000
vt -0.175169 -0.653739
vt -0.259000 -0.625282
vt 0.000000 0.000000
vt -0.088340 -0.671010
vt -0.175169 -0.653739
vt 0.000000 0.000000
vt -0.000000 -0.676800
vt -0.088340 -0.671010
vt 0.000000 0.000000
vt 0.088340 -0.671010
vt -0.000000 -0.676800
vt 0.000000 0.000000
vt 0.175169 -0.653739
vt 0.088340 -0.671010
vt 0.000000 0.000000
vt 0.259000 -0.625282
vt 0.175169 -0.653739
vt 0.000000 0.000000
vt 0.338400 -0.586126
vt 0.259000 -0.625282
vt 0.000000 0.000000
vt 0.412010 -0.536942
vt 0.338400 -0.586126
vt 0.000000 0.000000
vt 0.478570 -0.478570
vt 0.412010 -0.536942
vt 0.000000 0.000000
vt 0.536942 -0.412010
vt 0.478570 -0.478570
vt 0.000000 0.000000
vt 0.586126 -0.338400
vt 0.536942 -0.412010
vt 0.000000 0.000000
vt 0.625282 -0.259000
vt 0.586126 -0.338400
vt 0.000000 0.000000
vt 0.653739 -0.175169
vt 0.625282 -0.259000
vt 0.000000 0.000000
vt 0.671010 -0.088340
vt 0.653739 -0.175169
vt 0.000000 0.000000
vt 0.676800 0.000000
vt 0.671010 -0.088340
vt 0.940000 0.000000
vt 0.931958 0.122695
vt 0.848082 0.111652
vt 0.855400 0.000000
vt 0.931958 0.122695
vt 0.907970 0.243290
vt 0.826253 0.221394
vt 0.848082 0.111652
vt 0.907970 0.243290
vt 0.868447 0.359722
vt 0.790287 0.327347
vt 0.826253 0.221394
vt 0.868447 0.359722
vt 0.814064 0.470000
vt 0.740798 0.427700
vt 0.790287 0.327347
vt 0.814064 0.470000
vt 0.745752 0.572236
vt 0.678634 0.520735
vt 0.740798 0.427700
vt 0.745752 0.572236
vt 0.664680 0.664680
vt 0.604859 0.604859
vt 0.678634 0.520735
vt 0.664680 0.664680
vt 0.572236 0.745752
vt 0.520735 0.678634
vt 0.604859 0.604859
vt 0.572236 0.745752
vt 0.470000 0.814064
vt 0.427700 0.740798
vt 0.520735 0.678634
vt 0.470000 0.814064
vt 0.359722 0.868447
vt 0.327347 0.790287
vt 0.427700 0.740798
vt 0.359722 0.868447
vt 0.243290 0.907970
vt 0.221394 0.826253
vt 0.327347 0.790287
vt 0.243290 0.907970
vt 0.122695 0.931958
vt 0.111652 0.848082
vt 0.221394 0.826253
vt 0.122695 0.931958
vt 0.000000 0.940000
vt 0.000000 0.855400
vt 0.111652 0.848082
vt 0.000000 0.940000
vt -0.122695 0.931958
vt -0.111652 0.848082
vt 0.000000 0.855400
vt -0.122695 0.931958
vt -0.243290 0.907970
vt -0.221394 0.826253
vt -0.111652 0.848082
vt -0.243290 0.907970
vt -0.359722 0.868447
vt -0.327347 0.790287
vt -0.221394 0.826253
vt -0.359722 0.868447
vt -0.470000 0.814064
vt -0.427700 0.740798
vt -0.327347 0.790287
vt -0.470000 0.814064
vt -0.572236 0.745752
vt -0.520735 0.678634
vt -0.427700 0.740798
vt -0.572236 0.745752
vt -0.664680 0.664680
vt -0.604859 0.604859
vt -0.520735 0.678634
vt -0.664680 0.664680
vt -0.745752 0.572236
vt -0.678634 0.520735
vt -0.604859 0.604859
vt -0.745752 0.572236
vt -0.814064 0.470000
vt -0.740798 0.427700
vt -0.678634 0.520735
vt -0.814064 0.470000
vt -0.868447 0.359722
vt -0.790287 0.327347
vt -0.740798 0.427700
vt -0.868447 0.359722
vt -0.907970 0.243290
vt -0.826253 0.221394
vt -0.790287 0.327347
vt -0.907970 0.243290
vt -0.931958 0.122695
vt -0.848082 0.111652
vt -0.826253 0.221394
vt -0.931958 0.122695
vt -0.940000 0.000000
vt -0.855400 0.000000
vt -0.848082 0.111652
vt -0.940000 0.000000
vt -0.931958 -0.122695
vt -0.848082 -0.111652
vt -0.855400 0.000000
vt -0.931958 -0.122695
vt -0.907970 -0.243290
vt -0.826253 -0.221394
vt -0.848082 -0.111652
vt -0.907970 -0.243290
vt -0.868447 -0.359722
vt -0.790287 -0.327347
vt -0.826253 -0.221394
vt -0.868447 -0.359722
vt -0.814064 -0.470000
vt -0.740798 -0.427700
vt -0.790287 -0.327347
vt -0.814064 -0.470000
vt -0.745752 -0.572236
vt -0.678634 -0.520735
vt -0.740798 -0.427700
vt -0.745752 -0.572236
vt -0.664680 -0.664680
vt -0.604859 -0.604859
vt -0.678634 -0.520735
vt -0.664680 -0.664680
vt -0.572236 -0.745752
vt -0.520735 -0.678634
vt -0.604859 -0.604859
vt -0.572236 -0.745752
vt -0.470000 -0.814064
vt -0.427700 -0.740798
vt -0.520735 -0.678634
vt -0.470000 -0.814064
vt -0.359722 -0.868447
vt -0.327347 -0.790287
vt -0.427700 -0.740798
vt -0.359722 -0.868447
vt -0.243290 -0.907970
vt -0.221394 -0.826253
vt -0.327347 -0.790287
vt -0.243290 -0.907970
vt -0.122695 -0.931958
vt -0.111652 -0.848082
vt -0.221394 -0.826253
vt -0.122695 -0.931958
vt -0.000000 -0.940000
vt -0.000000 -0.855400
vt -0.111652 -0.848082
vt -0.000000 -0.940000
vt 0.122695 -0.931958
vt 0.111652 -0.848082
vt -0.000000 -0.855400
vt 0.122695 -0.931958
vt 0.243290 -0.907970
vt 0.221394 -0.826253
vt 0.111652 -0.848082
vt 0.243290 -0.907970
vt 0.359722 -0.868447
vt 0.327347 -0.790287
vt 0.221394 -0.826253
vt 0.359722 -0.868447
vt 0.470000 -0.814064
vt 0.427700 -0.740798
vt 0.327347 -0.790287
vt 0.470000 -0.814064
vt 0.572236 -0.745752
vt 0.520735 -0.678634
vt 0.427700 -0.740798
vt 0.572236 -0.745752
vt 0.664680 -0.664680
vt 0.604859 -0.604859
vt 0.520735 -0.678634
vt 0.664680 -0.664680
vt 0.745752 -0.572236
vt 0.678634 -0.520735
vt 0.604859 -0.604859
vt 0.745752 -0.572236
vt 0.814064 -0.470000
vt 0.740798 -0.427700
vt 0.678634 -0.520735
vt 0.814064 -0.470000
vt 0.868447 -0.359722
vt 0.790287 -0.327347
vt 0.740798 -0.427700
vt 0.868447 -0.359722
vt 0.907970 -0.243290
vt 0.826253 -0.221394
vt 0.790287 -0.327347
vt 0.907970 -0.243290
vt 0.931958 -0.122695
vt 0.848082 -0.111652
vt 0.826253 -0.221394
vt 0.931958 -0.122695
vt 0.940000 0.000000
vt 0.855400 0.000000
vt 0.848082 -0.111652
vt 0.000000 1.160000
vt 0.000000 0.951200
vt 0.103836 0.951200
vt 0.111652 1.160000
vt 0.111652 1.160000
vt 0.103836 0.951200
vt 0.205896 0.951200
vt 0.221394 1.160000
vt 0.221394 1.160000
vt 0.205896 0.951200
vt 0.304433 0.951200
vt 0.327347 1.160000
vt 0.327347 1.160000
vt 0.304433 0.951200
vt 0.397761 0.951200
vt 0.427700 1.160000
vt 0.427700 1.160000
vt 0.397761 0.951200
vt 0.484283 0.951200
vt 0.520735 1.160000
vt 0.520735 1.160000
vt 0.484283 0.951200
vt 0.562519 0.951200
vt 0.604859 1.160000
vt 0.604859 1.160000
vt 0.562519 0.951200
vt 0.484283 0.951200
vt 0.520735 1.160000
vt 0.520735 1.160000
vt 0.484283 0.951200
vt 0.397761 0.951200
vt 0.427700 1.160000
vt 0.427700 1.160000
vt 0.397761 0.951200
vt 0.304433 0.951200
vt 0.327347 1.160000
vt 0.327347 1.160000
vt 0.304433 0.951200
vt 0.205896 0.951200
vt 0.221394 1.160000
vt 0.221394 1.160000
vt 0.205896 0.951200
vt 0.103836 0.951200
vt 0.111652 1.160000
vt 0.111652 1.160000
vt 0.103836 0.951200
vt 0.000000 0.951200
vt 0.000000 1.160000
vt 0.000000 1.160000
vt 0.000000 0.951200
vt -0.103836 0.951200
vt -0.111652 1.160000
vt -0.111652 1.160000
vt -0.103836 0.951200
vt -0.205896 0.951200
vt -0.221394 1.160000
vt -0.221394 1.160000
vt -0.205896 0.951200
vt -0.304433 0.951200
vt -0.327347 1.160000
vt -0.327347 1.160000
vt -0.304433 0.951200
vt -0.397761 0.951200
vt -0.427700 1.160000
vt -0.427700 1.160000
vt -0.397761 0.951200
vt -0.484283 0.951200
vt -0.520735 1.160000
vt -0.520735 1.160000
vt -0.484283 0.951200
vt -0.562519 0.951200
vt -0.604859 1.160000
vt 0.604859 1.160000
vt 0.562519 0.951200
vt 0.484283 0.951200
vt 0.520735 1.160000
vt 0.520735 1.160000
vt 0.484283 0.951200
vt 0.397761 0.951200
vt 0.427700 1.160000
vt 0.427700 1.160000
vt 0.397761 0.951200
vt 0.304433 0.951200
vt 0.327347 1.160000
vt 0.327347 1.160000
vt 0.304433 0.951200
vt 0.205896 0.951200
vt 0.221394 1.160000
vt 0.221394 1.160000
vt 0.205896 0.951200
vt 0.103836 0.951200
vt 0.111652 1.160000
vt 0.111652 1.160000
vt 0.103836 0.951200
vt 0.000000 0.951200
vt 0.000000 1.160000
vt 0.000000 1.160000
vt 0.000000 0.951200
vt -0.103836 0.951200
vt -0.111652 1.160000
vt -0.111652 1.160000
vt -0.103836 0.951200
vt -0.205896 0.951200
vt -0.221394 1.160000
vt -0.221394 1.160000
vt -0.205896 0.951200
vt -0.304433 0.951200
vt -0.327347 1.160000
vt -0.327347 1.160000
vt -0.304433 0.951200
vt -0.397761 0.951200
vt -0.427700 1.160000
vt -0.427700 1.160000
vt -0.397761 0.951200
vt -0.484283 0.951200
vt -0.520735 1.160000
vt -0.520735 1.160000
vt -0.484283 0.951200
vt -0.562519 0.951200
vt -0.604859 1.160000
vt -0.604859 1.160000
vt -0.562519 0.951200
vt -0.484283 0.951200
vt -0.520735 1.160000
vt -0.520735 1.160000
vt -0.484283 0.951200
vt -0.397761 0.951200
vt -0.427700 1.160000
vt -0.427700 1.160000
vt -0.397761 0.951200
vt -0.304433 0.951200
vt -0.327347 1.160000
vt -0.327347 1.160000
vt -0.304433 0.951200
vt -0.205896 0.951200
vt -0.221394 1.160000
vt -0.221394 1.160000
vt -0.205896 0.951200
vt -0.103836 0.951200
vt -0.111652 1.160000
vt -0.111652 1.160000
vt -0.103836 0.951200
vt -0.000000 0.951200
vt -0.000000 1.160000
vt -0.000000 1.160000
vt -0.000000 0.951200
vt 0.103836 0.951200
vt 0.111652 1.160000
vt 0.111652 1.160000
vt 0.103836 0.951200
vt 0.205896 0.951200
vt 0.221394 1.160000
vt 0.221394 1.160000
vt 0.205896 0.951200
vt 0.304433 0.951200
vt 0.327347 1.160000
vt 0.327347 1.160000
vt 0.304433 0.951200
vt 0.397761 0.951200
vt 0.427700 1.160000
vt 0.427700 1.160000
vt 0.397761 0.951200
vt 0.484283 0.951200
vt 0.520735 1.160000
vt 0.520735 1.160000
vt 0.484283 0.951200
vt 0.562519 0.951200
vt 0.604859 1.160000
vt -0.604859 1.160000
vt -0.562519 0.951200
vt -0.484283 0.951200
vt -0.520735 1.160000
vt -0.520735 1.160000
vt -0.484283 0.951200
vt -0.397761 0.951200
vt -0.427700 1.160000
vt -0.427700 1.160000
vt -0.397761 0.951200
vt -0.304433 0.951200
vt -0.327347 1.160000
vt -0.327347 1.160000
vt -0.304433 0.951200
vt -0.205896 0.951200
vt -0.221394 1.160000
vt -0.221394 1.160000
vt -0.205896 0.951200
vt -0.103836 0.951200
vt -0.111652 1.160000
vt -0.111652 1.160000
vt -0.103836 0.951200
vt 0.000000 0.951200
vt 0.000000 1.160000
vt 0.795522 0.000000
vt 0.742318 -0.012807
vt 0.768867 0.087759
vt 0.788716 0.103836
vt 0.788716 0.103836
vt 0.768867 0.087759
vt 0.718792 0.179370
vt 0.768415 0.205896
vt 0.768415 0.205896
vt 0.718792 0.179370
vt 0.690718 0.272243
vt 0.734966 0.304433
vt 0.734966 0.304433
vt 0.690718 0.272243
vt 0.679074 0.376597
vt 0.688942 0.397761
vt 0.688942 0.397761
vt 0.679074 0.376597
vt 0.605459 0.448207
vt 0.631130 0.484283
vt 0.631130 0.484283
vt 0.605459 0.448207
vt 0.537152 0.518933
vt 0.562519 0.562519
vt 0.562519 0.562519
vt 0.537152 0.518933
vt 0.469014 0.589877
vt 0.484283 0.631130
vt 0.484283 0.631130
vt 0.469014 0.589877
vt 0.395910 0.659208
vt 0.397761 0.688942
vt 0.397761 0.688942
vt 0.395910 0.659208
vt 0.305300 0.702531
vt 0.304433 0.734966
vt 0.304433 0.734966
vt 0.305300 0.702531
vt 0.212390 0.741261
vt 0.205896 0.768415
vt 0.205896 0.768415
vt 0.212390 0.741261
vt 0.109550 0.734035
vt 0.103836 0.788716
vt 0.103836 0.788716
vt 0.109550 0.734035
vt 0.013261 0.768643
vt 0.000000 0.795522
vt 0.000000 0.795522
vt 0.013261 0.768643
vt -0.083687 0.733185
vt -0.103836 0.788716
vt -0.103836 0.788716
vt -0.083687 0.733185
vt -0.181807 0.728557
vt -0.205896 0.768415
vt -0.205896 0.768415
vt -0.181807 0.728557
vt -0.272381 0.691069
vt -0.304433 0.734966
vt -0.304433 0.734966
vt -0.272381 0.691069
vt -0.357833 0.645239
vt -0.397761 0.688942
vt -0.397761 0.688942
vt -0.357833 0.645239
vt -0.445482 0.601779
vt -0.484283 0.631130
vt -0.484283 0.631130
vt -0.445482 0.601779
vt -0.524016 0.542414
vt -0.562519 0.562519
vt -0.562519 0.562519
vt -0.524016 0.542414
vt -0.603760 0.480052
vt -0.631130 0.484283
vt -0.631130 0.484283
vt -0.603760 0.480052
vt -0.652272 0.391744
vt -0.688942 0.397761
vt -0.688942 0.397761
vt -0.652272 0.391744
vt -0.685159 0.297750
vt -0.734966 0.304433
vt -0.734966 0.304433
vt -0.685159 0.297750
vt -0.732644 0.209921
vt -0.768415 0.205896
vt -0.768415 0.205896
vt -0.732644 0.209921
vt -0.755091 0.112693
vt -0.788716 0.103836
vt -0.788716 0.103836
vt -0.755091 0.112693
vt -0.772896 0.013334
vt -0.795522 0.000000
vt -0.795522 0.000000
vt -0.772896 0.013334
vt -0.745214 -0.085060
vt -0.788716 -0.103836
vt -0.788716 -0.103836
vt -0.745214 -0.085060
vt -0.715452 -0.178536
vt -0.768415 -0.205896
vt -0.768415 -0.205896
vt -0.715452 -0.178536
vt -0.723983 -0.285354
vt -0.734966 -0.304433
vt -0.734966 -0.304433
vt -0.723983 -0.285354
vt -0.678927 -0.376516
vt -0.688942 -0.397761
vt -0.688942 -0.397761
vt -0.678927 -0.376516
vt -0.609290 -0.451043
vt -0.631130 -0.484283
vt -0.631130 -0.484283
vt -0.609290 -0.451043
vt -0.532712 -0.514642
vt -0.562519 -0.562519
vt -0.562519 -0.562519
vt -0.532712 -0.514642
vt -0.485912 -0.611129
vt -0.484283 -0.631130
vt -0.484283 -0.631130
vt -0.485912 -0.611129
vt -0.398101 -0.662856
vt -0.397761 -0.688942
vt -0.397761 -0.688942
vt -0.398101 -0.662856
vt -0.302160 -0.695306
vt -0.304433 -0.734966
vt -0.304433 -0.734966
vt -0.302160 -0.695306
vt -0.212938 -0.743173
vt -0.205896 -0.768415
vt -0.205896 -0.768415
vt -0.212938 -0.743173
vt -0.110885 -0.742980
vt -0.103836 -0.788716
vt -0.103836 -0.788716
vt -0.110885 -0.742980
vt -0.012796 -0.741734
vt -0.000000 -0.795522
vt -0.000000 -0.795522
vt -0.012796 -0.741734
vt 0.086103 -0.754352
vt 0.103836 -0.788716
vt 0.103836 -0.788716
vt 0.086103 -0.754352
vt 0.188580 -0.755701
vt 0.205896 -0.768415
vt 0.205896 -0.768415
vt 0.188580 -0.755701
vt 0.287039 -0.728258
vt 0.304433 -0.734966
vt 0.304433 -0.734966
vt 0.287039 -0.728258
vt 0.363777 -0.655958
vt 0.397761 -0.688942
vt 0.397761 -0.688942
vt 0.363777 -0.655958
vt 0.460896 -0.622601
vt 0.484283 -0.631130
vt 0.484283 -0.631130
vt 0.460896 -0.622601
vt 0.533116 -0.551833
vt 0.562519 -0.562519
vt 0.562519 -0.562519
vt 0.533116 -0.551833
vt 0.593031 -0.471522
vt 0.631130 -0.484283
vt 0.631130 -0.484283
vt 0.593031 -0.471522
vt 0.642656 -0.385969
vt 0.688942 -0.397761
vt 0.688942 -0.397761
vt 0.642656 -0.385969
vt 0.701953 -0.305049
vt 0.734966 -0.304433
vt 0.734966 -0.304433
vt 0.701953 -0.305049
vt 0.710629 -0.203614
vt 0.768415 -0.205896
vt 0.768415 -0.205896
vt 0.710629 -0.203614
vt 0.741528 -0.110668
vt 0.788716 -0.103836
vt 0.788716 -0.103836
vt 0.741528 -0.110668
vt 0.742318 -0.012807
vt 0.795522 0.000000
vt 0.742318 -0.012807
vt 0.768867 0.087759
vt 0.535739 0.084214
vt 0.561416 0.014048
vt 0.768867 0.087759
vt 0.718792 0.179370
vt 0.516544 0.152354
vt 0.535739 0.084214
vt 0.718792 0.179370
vt 0.690718 0.272243
vt 0.494756 0.219591
vt 0.516544 0.152354
vt 0.690718 0.272243
vt 0.679074 0.376597
vt 0.465221 0.284344
vt 0.494756 0.219591
vt 0.679074 0.376597
vt 0.605459 0.448207
vt 0.424834 0.343207
vt 0.465221 0.284344
vt 0.605459 0.448207
vt 0.537152 0.518933
vt 0.377881 0.397278
vt 0.424834 0.343207
vt 0.537152 0.518933
vt 0.469014 0.589877
vt 0.318025 0.436655
vt 0.377881 0.397278
vt 0.469014 0.589877
vt 0.395910 0.659208
vt 0.266987 0.490369
vt 0.318025 0.436655
vt 0.395910 0.659208
vt 0.305300 0.702531
vt 0.198184 0.514499
vt 0.266987 0.490369
vt 0.305300 0.702531
vt 0.212390 0.741261
vt 0.126774 0.525361
vt 0.198184 0.514499
vt 0.212390 0.741261
vt 0.109550 0.734035
vt 0.057741 0.543288
vt 0.126774 0.525361
vt 0.109550 0.734035
vt 0.013261 0.768643
vt -0.013913 0.556034
vt 0.057741 0.543288
vt 0.013261 0.768643
vt -0.083687 0.733185
vt -0.087673 0.557741
vt -0.013913 0.556034
vt -0.083687 0.733185
vt -0.181807 0.728557
vt -0.152703 0.517726
vt -0.087673 0.557741
vt -0.181807 0.728557
vt -0.272381 0.691069
vt -0.228141 0.514020
vt -0.152703 0.517726
vt -0.272381 0.691069
vt -0.357833 0.645239
vt -0.284766 0.465910
vt -0.228141 0.514020
vt -0.357833 0.645239
vt -0.445482 0.601779
vt -0.355450 0.439989
vt -0.284766 0.465910
vt -0.445482 0.601779
vt -0.524016 0.542414
vt -0.404531 0.384781
vt -0.355450 0.439989
vt -0.524016 0.542414
vt -0.603760 0.480052
vt -0.457269 0.333038
vt -0.404531 0.384781
vt -0.603760 0.480052
vt -0.652272 0.391744
vt -0.480306 0.261508
vt -0.457269 0.333038
vt -0.652272 0.391744
vt -0.685159 0.297750
vt -0.528551 0.203597
vt -0.480306 0.261508
vt -0.685159 0.297750
vt -0.732644 0.209921
vt -0.540059 0.130321
vt -0.528551 0.203597
vt -0.732644 0.209921
vt -0.755091 0.112693
vt -0.560020 0.059519
vt -0.540059 0.130321
vt -0.755091 0.112693
vt -0.772896 0.013334
vt -0.542270 -0.013569
vt -0.560020 0.059519
vt -0.772896 0.013334
vt -0.745214 -0.085060
vt -0.549511 -0.086379
vt -0.542270 -0.013569
vt -0.745214 -0.085060
vt -0.715452 -0.178536
vt -0.522834 -0.154209
vt -0.549511 -0.086379
vt -0.715452 -0.178536
vt -0.723983 -0.285354
vt -0.504041 -0.223712
vt -0.522834 -0.154209
vt -0.723983 -0.285354
vt -0.678927 -0.376516
vt -0.467352 -0.285647
vt -0.504041 -0.223712
vt -0.678927 -0.376516
vt -0.609290 -0.451043
vt -0.425507 -0.343750
vt -0.467352 -0.285647
vt -0.609290 -0.451043
vt -0.532712 -0.514642
vt -0.389422 -0.409411
vt -0.425507 -0.343750
vt -0.532712 -0.514642
vt -0.485912 -0.611129
vt -0.332771 -0.456901
vt -0.389422 -0.409411
vt -0.485912 -0.611129
vt -0.398101 -0.662856
vt -0.262669 -0.482437
vt -0.332771 -0.456901
vt -0.398101 -0.662856
vt -0.302160 -0.695306
vt -0.199640 -0.518279
vt -0.262669 -0.482437
vt -0.302160 -0.695306
vt -0.212938 -0.743173
vt -0.128685 -0.533281
vt -0.199640 -0.518279
vt -0.212938 -0.743173
vt -0.110885 -0.742980
vt -0.056889 -0.535275
vt -0.128685 -0.533281
vt -0.110885 -0.742980
vt -0.012796 -0.741734
vt 0.013610 -0.543918
vt -0.056889 -0.535275
vt -0.012796 -0.741734
vt 0.086103 -0.754352
vt 0.085715 -0.545287
vt 0.013610 -0.543918
vt 0.086103 -0.754352
vt 0.188580 -0.755701
vt 0.158263 -0.536579
vt 0.085715 -0.545287
vt 0.188580 -0.755701
vt 0.287039 -0.728258
vt 0.231418 -0.521404
vt 0.158263 -0.536579
vt 0.287039 -0.728258
vt 0.363777 -0.655958
vt 0.284082 -0.464792
vt 0.231418 -0.521404
vt 0.363777 -0.655958
vt 0.460896 -0.622601
vt 0.349825 -0.433027
vt 0.284082 -0.464792
vt 0.460896 -0.622601
vt 0.533116 -0.551833
vt 0.400471 -0.380919
vt 0.349825 -0.433027
vt 0.533116 -0.551833
vt 0.593031 -0.471522
vt 0.459352 -0.334555
vt 0.400471 -0.380919
vt 0.593031 -0.471522
vt 0.642656 -0.385969
vt 0.498390 -0.271354
vt 0.459352 -0.334555
vt 0.642656 -0.385969
vt 0.701953 -0.305049
vt 0.515724 -0.198656
vt 0.498390 -0.271354
vt 0.701953 -0.305049
vt 0.710629 -0.203614
vt 0.530792 -0.128085
vt 0.515724 -0.198656
vt 0.710629 -0.203614
vt 0.741528 -0.110668
vt 0.544964 -0.057919
vt 0.530792 -0.128085
vt 0.741528 -0.110668
vt 0.742318 -0.012807
vt 0.561416 0.014048
vt 0.544964 -0.057919
vt 0.561416 0.014048
vt 0.535739 0.084214
vt 0.289679 0.043551
vt 0.309670 0.005675
vt 0.535739 0.084214
vt 0.516544 0.152354
vt 0.297727 0.085653
vt 0.289679 0.043551
vt 0.516544 0.152354
vt 0.494756 0.219591
vt 0.279361 0.121759
vt 0.297727 0.085653
vt 0.494756 0.219591
vt 0.465221 0.284344
vt 0.262968 0.158319
vt 0.279361 0.121759
vt 0.465221 0.284344
vt 0.424834 0.343207
vt 0.241619 0.192537
vt 0.262968 0.158319
vt 0.424834 0.343207
vt 0.377881 0.397278
vt 0.210220 0.218069
vt 0.241619 0.192537
vt 0.377881 0.397278
vt 0.318025 0.436655
vt 0.181228 0.245363
vt 0.210220 0.218069
vt 0.318025 0.436655
vt 0.266987 0.490369
vt 0.145716 0.263420
vt 0.181228 0.245363
vt 0.266987 0.490369
vt 0.198184 0.514499
vt 0.107269 0.273016
vt 0.145716 0.263420
vt 0.198184 0.514499
vt 0.126774 0.525361
vt 0.074652 0.300530
vt 0.107269 0.273016
vt 0.126774 0.525361
vt 0.057741 0.543288
vt 0.033634 0.297505
vt 0.074652 0.300530
vt 0.057741 0.543288
vt -0.013913 0.556034
vt -0.005602 0.305659
vt 0.033634 0.297505
vt -0.013913 0.556034
vt -0.087673 0.557741
vt -0.045312 0.301395
vt -0.005602 0.305659
vt -0.087673 0.557741
vt -0.152703 0.517726
vt -0.082896 0.288146
vt -0.045312 0.301395
vt -0.152703 0.517726
vt -0.228141 0.514020
vt -0.122768 0.281676
vt -0.082896 0.288146
vt -0.228141 0.514020
vt -0.284766 0.465910
vt -0.155915 0.258974
vt -0.122768 0.281676
vt -0.284766 0.465910
vt -0.355450 0.439989
vt -0.189309 0.237568
vt -0.155915 0.258974
vt -0.355450 0.439989
vt -0.404531 0.384781
vt -0.219307 0.211414
vt -0.189309 0.237568
vt -0.404531 0.384781
vt -0.457269 0.333038
vt -0.236682 0.174817
vt -0.219307 0.211414
vt -0.457269 0.333038
vt -0.480306 0.261508
vt -0.257088 0.142214
vt -0.236682 0.174817
vt -0.480306 0.261508
vt -0.528551 0.203597
vt -0.280589 0.110245
vt -0.257088 0.142214
vt -0.528551 0.203597
vt -0.540059 0.130321
vt -0.289871 0.072005
vt -0.280589 0.110245
vt -0.540059 0.130321
vt -0.560020 0.059519
vt -0.293842 0.033220
vt -0.289871 0.072005
vt -0.560020 0.059519
vt -0.542270 -0.013569
vt -0.307130 -0.005629
vt -0.293842 0.033220
vt -0.542270 -0.013569
vt -0.549511 -0.086379
vt -0.296353 -0.044554
vt -0.307130 -0.005629
vt -0.549511 -0.086379
vt -0.522834 -0.154209
vt -0.282852 -0.081373
vt -0.296353 -0.044554
vt -0.522834 -0.154209
vt -0.504041 -0.223712
vt -0.271449 -0.118311
vt -0.282852 -0.081373
vt -0.504041 -0.223712
vt -0.467352 -0.285647
vt -0.252607 -0.152081
vt -0.271449 -0.118311
vt -0.467352 -0.285647
vt -0.425507 -0.343750
vt -0.233777 -0.186287
vt -0.252607 -0.152081
vt -0.425507 -0.343750
vt -0.389422 -0.409411
vt -0.212100 -0.220020
vt -0.233777 -0.186287
vt -0.389422 -0.409411
vt -0.332771 -0.456901
vt -0.179985 -0.243679
vt -0.212100 -0.220020
vt -0.332771 -0.456901
vt -0.262669 -0.482437
vt -0.145689 -0.263370
vt -0.179985 -0.243679
vt -0.262669 -0.482437
vt -0.199640 -0.518279
vt -0.110276 -0.280668
vt -0.145689 -0.263370
vt -0.199640 -0.518279
vt -0.128685 -0.533281
vt -0.072625 -0.292369
vt -0.110276 -0.280668
vt -0.128685 -0.533281
vt -0.056889 -0.535275
vt -0.033255 -0.294154
vt -0.072625 -0.292369
vt -0.056889 -0.535275
vt 0.013610 -0.543918
vt 0.005593 -0.305184
vt -0.033255 -0.294154
vt 0.013610 -0.543918
vt 0.085715 -0.545287
vt 0.045248 -0.300970
vt 0.005593 -0.305184
vt 0.085715 -0.545287
vt 0.158263 -0.536579
vt 0.082268 -0.285962
vt 0.045248 -0.300970
vt 0.158263 -0.536579
vt 0.231418 -0.521404
vt 0.121577 -0.278943
vt 0.082268 -0.285962
vt 0.231418 -0.521404
vt 0.284082 -0.464792
vt 0.156651 -0.260197
vt 0.121577 -0.278943
vt 0.284082 -0.464792
vt 0.349825 -0.433027
vt 0.182061 -0.228473
vt 0.156651 -0.260197
vt 0.349825 -0.433027
vt 0.400471 -0.380919
vt 0.220593 -0.212653
vt 0.182061 -0.228473
vt 0.400471 -0.380919
vt 0.459352 -0.334555
vt 0.240538 -0.177664
vt 0.220593 -0.212653
vt 0.459352 -0.334555
vt 0.498390 -0.271354
vt 0.269474 -0.149065
vt 0.240538 -0.177664
vt 0.498390 -0.271354
vt 0.515724 -0.198656
vt 0.271529 -0.106685
vt 0.269474 -0.149065
vt 0.515724 -0.198656
vt 0.530792 -0.128085
vt 0.294319 -0.073110
vt 0.271529 -0.106685
vt 0.530792 -0.128085
vt 0.544964 -0.057919
vt 0.293702 -0.033204
vt 0.294319 -0.073110
vt 0.544964 -0.057919
vt 0.561416 0.014048
vt 0.309670 0.005675
vt 0.293702 -0.033204
vt -0.016371 -0.032495
vt 0.309670 0.005675
vt 0.289679 0.043551
vt -0.016371 -0.032495
vt 0.289679 0.043551
vt 0.297727 0.085653
vt -0.016371 -0.032495
vt 0.297727 0.085653
vt 0.279361 0.121759
vt -0.016371 -0.032495
vt 0.279361 0.121759
vt 0.262968 0.158319
vt -0.016371 -0.032495
vt 0.262968 0.158319
vt 0.241619 0.192537
vt -0.016371 -0.032495
vt 0.241619 0.192537
vt 0.210220 0.218069
vt -0.016371 -0.032495
vt 0.210220 0.218069
vt 0.181228 0.245363
vt -0.016371 -0.032495
vt 0.181228 0.245363
vt 0.145716 0.263420
vt -0.016371 -0.032495
vt 0.145716 0.263420
vt 0.107269 0.273016
vt -0.016371 -0.032495
vt 0.107269 0.273016
vt 0.074652 0.300530
vt -0.016371 -0.032495
vt 0.074652 0.300530
vt 0.033634 0.297505
vt -0.016371 -0.032495
vt 0.033634 0.297505
vt -0.005602 0.305659
vt -0.016371 -0.032495
vt -0.005602 0.305659
vt -0.045312 0.301395
vt -0.016371 -0.032495
vt -0.045312 0.301395
vt -0.082896 0.288146
vt -0.016371 -0.032495
vt -0.082896 0.288146
vt -0.122768 0.281676
vt -0.016371 -0.032495
vt -0.122768 0.281676
vt -0.155915 0.258974
vt -0.016371 -0.032495
vt -0.155915 0.258974
vt -0.189309 0.237568
vt -0.016371 -0.032495
vt -0.189309 0.237568
vt -0.219307 0.211414
vt -0.016371 -0.032495
vt -0.219307 0.211414
vt -0.236682 0.174817
vt -0.016371 -0.032495
vt -0.236682 0.174817
vt -0.257088 0.142214
vt -0.016371 -0.032495
vt -0.257088 0.142214
vt -0.280589 0.110245
vt -0.016371 -0.032495
vt -0.280589 0.110245
vt -0.289871 0.072005
vt -0.016371 -0.032495
vt -0.289871 0.072005
vt -0.293842 0.033220
vt -0.016371 -0.032495
vt -0.293842 0.033220
vt -0.307130 -0.005629
vt -0.016371 -0.032495
vt -0.307130 -0.005629
vt -0.296353 -0.044554
vt -0.016371 -0.032495
vt -0.296353 -0.044554
vt -0.282852 -0.081373
vt -0.016371 -0.032495
vt -0.282852 -0.081373
vt -0.271449 -0.118311
vt -0.016371 -0.032495
vt -0.271449 -0.118311
vt -0.252607 -0.152081
vt -0.016371 -0.032495
vt -0.252607 -0.152081
vt -0.233777 -0.186287
vt -0.016371 -0.032495
vt -0.233777 -0.186287
vt -0.212100 -0.220020
vt -0.016371 -0.032495
vt -0.212100 -0.220020
vt -0.179985 -0.243679
vt -0.016371 -0.032495
vt -0.179985 -0.243679
vt -0.145689 -0.263370
vt -0.016371 -0.032495
vt -0.145689 -0.263370
vt -0.110276 -0.280668
vt -0.016371 -0.032495
vt -0.110276 -0.280668
vt -0.072625 -0.292369
vt -0.016371 -0.032495
vt -0.072625 -0.292369
vt -0.033255 -0.294154
vt -0.016371 -0.032495
vt -0.033255 -0.294154
vt 0.005593 -0.305184
vt -0.016371 -0.032495
vt 0.005593 -0.305184
vt 0.045248 -0.300970
vt -0.016371 -0.032495
vt 0.045248 -0.300970
vt 0.082268 -0.285962
vt -0.016371 -0.032495
vt 0.082268 -0.285962
vt 0.121577 -0.278943
vt -0.016371 -0.032495
vt 0.121577 -0.278943
vt 0.156651 -0.260197
vt -0.016371 -0.032495
vt 0.156651 -0.260197
vt 0.182061 -0.228473
vt -0.016371 -0.032495
vt 0.182061 -0.228473
vt 0.220593 -0.212653
vt -0.016371 -0.032495
vt 0.220593 -0.212653
vt 0.240538 -0.177664
vt -0.016371 -0.032495
vt 0.240538 -0.177664
vt 0.269474 -0.149065
vt -0.016371 -0.032495
vt 0.269474 -0.149065
vt 0.271529 -0.106685
vt -0.016371 -0.032495
vt 0.271529 -0.106685
vt 0.294319 -0.073110
vt -0.016371 -0.032495
vt 0.294319 -0.073110
vt 0.293702 -0.033204
vt -0.016371 -0.032495
vt 0.293702 -0.033204
vt 0.309670 0.005675
usemtl M_CeramicPlanter_Glaze
s 1
f 1/1 2/2 50/3 49/4
f 2/5 3/6 51/7 50/8
f 3/9 4/10 52/11 51/12
f 4/13 5/14 53/15 52/16
f 5/17 6/18 54/19 53/20
f 6/21 7/22 55/23 54/24
f 7/25 8/26 56/27 55/28
f 8/29 9/30 57/31 56/32
f 9/33 10/34 58/35 57/36
f 10/37 11/38 59/39 58/40
f 11/41 12/42 60/43 59/44
f 12/45 13/46 61/47 60/48
f 13/49 14/50 62/51 61/52
f 14/53 15/54 63/55 62/56
f 15/57 16/58 64/59 63/60
f 16/61 17/62 65/63 64/64
f 17/65 18/66 66/67 65/68
f 18/69 19/70 67/71 66/72
f 19/73 20/74 68/75 67/76
f 20/77 21/78 69/79 68/80
f 21/81 22/82 70/83 69/84
f 22/85 23/86 71/87 70/88
f 23/89 24/90 72/91 71/92
f 24/93 25/94 73/95 72/96
f 25/97 26/98 74/99 73/100
f 26/101 27/102 75/103 74/104
f 27/105 28/106 76/107 75/108
f 28/109 29/110 77/111 76/112
f 29/113 30/114 78/115 77/116
f 30/117 31/118 79/119 78/120
f 31/121 32/122 80/123 79/124
f 32/125 33/126 81/127 80/128
f 33/129 34/130 82/131 81/132
f 34/133 35/134 83/135 82/136
f 35/137 36/138 84/139 83/140
f 36/141 37/142 85/143 84/144
f 37/145 38/146 86/147 85/148
f 38/149 39/150 87/151 86/152
f 39/153 40/154 88/155 87/156
f 40/157 41/158 89/159 88/160
f 41/161 42/162 90/163 89/164
f 42/165 43/166 91/167 90/168
f 43/169 44/170 92/171 91/172
f 44/173 45/174 93/175 92/176
f 45/177 46/178 94/179 93/180
f 46/181 47/182 95/183 94/184
f 47/185 48/186 96/187 95/188
f 48/189 1/190 49/191 96/192
f 49/193 50/194 98/195 97/196
f 50/197 51/198 99/199 98/200
f 51/201 52/202 100/203 99/204
f 52/205 53/206 101/207 100/208
f 53/209 54/210 102/211 101/212
f 54/213 55/214 103/215 102/216
f 55/217 56/218 104/219 103/220
f 56/221 57/222 105/223 104/224
f 57/225 58/226 106/227 105/228
f 58/229 59/230 107/231 106/232
f 59/233 60/234 108/235 107/236
f 60/237 61/238 109/239 108/240
f 61/241 62/242 110/243 109/244
f 62/245 63/246 111/247 110/248
f 63/249 64/250 112/251 111/252
f 64/253 65/254 113/255 112/256
f 65/257 66/258 114/259 113/260
f 66/261 67/262 115/263 114/264
f 67/265 68/266 116/267 115/268
f 68/269 69/270 117/271 116/272
f 69/273 70/274 118/275 117/276
f 70/277 71/278 119/279 118/280
f 71/281 72/282 120/283 119/284
f 72/285 73/286 121/287 120/288
f 73/289 74/290 122/291 121/292
f 74/293 75/294 123/295 122/296
f 75/297 76/298 124/299 123/300
f 76/301 77/302 125/303 124/304
f 77/305 78/306 126/307 125/308
f 78/309 79/310 127/311 126/312
f 79/313 80/314 128/315 127/316
f 80/317 81/318 129/319 128/320
f 81/321 82/322 130/323 129/324
f 82/325 83/326 131/327 130/328
f 83/329 84/330 132/331 131/332
f 84/333 85/334 133/335 132/336
f 85/337 86/338 134/339 133/340
f 86/341 87/342 135/343 134/344
f 87/345 88/346 136/347 135/348
f 88/349 89/350 137/351 136/352
f 89/353 90/354 138/355 137/356
f 90/357 91/358 139/359 138/360
f 91/361 92/362 140/363 139/364
f 92/365 93/366 141/367 140/368
f 93/369 94/370 142/371 141/372
f 94/373 95/374 143/375 142/376
f 95/377 96/378 144/379 143/380
f 96/381 49/382 97/383 144/384
f 97/385 98/386 146/387 145/388
f 98/389 99/390 147/391 146/392
f 99/393 100/394 148/395 147/396
f 100/397 101/398 149/399 148/400
f 101/401 102/402 150/403 149/404
f 102/405 103/406 151/407 150/408
f 103/409 104/410 152/411 151/412
f 104/413 105/414 153/415 152/416
f 105/417 106/418 154/419 153/420
f 106/421 107/422 155/423 154/424
f 107/425 108/426 156/427 155/428
f 108/429 109/430 157/431 156/432
f 109/433 110/434 158/435 157/436
f 110/437 111/438 159/439 158/440
f 111/441 112/442 160/443 159/444
f 112/445 113/446 161/447 160/448
f 113/449 114/450 162/451 161/452
f 114/453 115/454 163/455 162/456
f 115/457 116/458 164/459 163/460
f 116/461 117/462 165/463 164/464
f 117/465 118/466 166/467 165/468
f 118/469 119/470 167/471 166/472
f 119/473 120/474 168/475 167/476
f 120/477 121/478 169/479 168/480
f 121/481 122/482 170/483 169/484
f 122/485 123/486 171/487 170/488
f 123/489 124/490 172/491 171/492
f 124/493 125/494 173/495 172/496
f 125/497 126/498 174/499 173/500
f 126/501 127/502 175/503 174/504
f 127/505 128/506 176/507 175/508
f 128/509 129/510 177/511 176/512
f 129/513 130/514 178/515 177/516
f 130/517 131/518 179/519 178/520
f 131/521 132/522 180/523 179/524
f 132/525 133/526 181/527 180/528
f 133/529 134/530 182/531 181/532
f 134/533 135/534 183/535 182/536
f 135/537 136/538 184/539 183/540
f 136/541 137/542 185/543 184/544
f 137/545 138/546 186/547 185/548
f 138/549 139/550 187/551 186/552
f 139/553 140/554 188/555 187/556
f 140/557 141/558 189/559 188/560
f 141/561 142/562 190/563 189/564
f 142/565 143/566 191/567 190/568
f 143/569 144/570 192/571 191/572
f 144/573 97/574 145/575 192/576
f 145/577 146/578 194/579 193/580
f 146/581 147/582 195/583 194/584
f 147/585 148/586 196/587 195/588
f 148/589 149/590 197/591 196/592
f 149/593 150/594 198/595 197/596
f 150/597 151/598 199/599 198/600
f 151/601 152/602 200/603 199/604
f 152/605 153/606 201/607 200/608
f 153/609 154/610 202/611 201/612
f 154/613 155/614 203/615 202/616
f 155/617 156/618 204/619 203/620
f 156/621 157/622 205/623 204/624
f 157/625 158/626 206/627 205/628
f 158/629 159/630 207/631 206/632
f 159/633 160/634 208/635 207/636
f 160/637 161/638 209/639 208/640
f 161/641 162/642 210/643 209/644
f 162/645 163/646 211/647 210/648
f 163/649 164/650 212/651 211/652
f 164/653 165/654 213/655 212/656
f 165/657 166/658 214/659 213/660
f 166/661 167/662 215/663 214/664
f 167/665 168/666 216/667 215/668
f 168/669 169/670 217/671 216/672
f 169/673 170/674 218/675 217/676
f 170/677 171/678 219/679 218/680
f 171/681 172/682 220/683 219/684
f 172/685 173/686 221/687 220/688
f 173/689 174/690 222/691 221/692
f 174/693 175/694 223/695 222/696
f 175/697 176/698 224/699 223/700
f 176/701 177/702 225/703 224/704
f 177/705 178/706 226/707 225/708
f 178/709 179/710 227/711 226/712
f 179/713 180/714 228/715 227/716
f 180/717 181/718 229/719 228/720
f 181/721 182/722 230/723 229/724
f 182/725 183/726 231/727 230/728
f 183/729 184/730 232/731 231/732
f 184/733 185/734 233/735 232/736
f 185/737 186/738 234/739 233/740
f 186/741 187/742 235/743 234/744
f 187/745 188/746 236/747 235/748
f 188/749 189/750 237/751 236/752
f 189/753 190/754 238/755 237/756
f 190/757 191/758 239/759 238/760
f 191/761 192/762 240/763 239/764
f 192/765 145/766 193/767 240/768
f 193/769 194/770 242/771 241/772
f 194/773 195/774 243/775 242/776
f 195/777 196/778 244/779 243/780
f 196/781 197/782 245/783 244/784
f 197/785 198/786 246/787 245/788
f 198/789 199/790 247/791 246/792
f 199/793 200/794 248/795 247/796
f 200/797 201/798 249/799 248/800
f 201/801 202/802 250/803 249/804
f 202/805 203/806 251/807 250/808
f 203/809 204/810 252/811 251/812
f 204/813 205/814 253/815 252/816
f 205/817 206/818 254/819 253/820
f 206/821 207/822 255/823 254/824
f 207/825 208/826 256/827 255/828
f 208/829 209/830 257/831 256/832
f 209/833 210/834 258/835 257/836
f 210/837 211/838 259/839 258/840
f 211/841 212/842 260/843 259/844
f 212/845 213/846 261/847 260/848
f 213/849 214/850 262/851 261/852
f 214/853 215/854 263/855 262/856
f 215/857 216/858 264/859 263/860
f 216/861 217/862 265/863 264/864
f 217/865 218/866 266/867 265/868
f 218/869 219/870 267/871 266/872
f 219/873 220/874 268/875 267/876
f 220/877 221/878 269/879 268/880
f 221/881 222/882 270/883 269/884
f 222/885 223/886 271/887 270/888
f 223/889 224/890 272/891 271/892
f 224/893 225/894 273/895 272/896
f 225/897 226/898 274/899 273/900
f 226/901 227/902 275/903 274/904
f 227/905 228/906 276/907 275/908
f 228/909 229/910 277/911 276/912
f 229/913 230/914 278/915 277/916
f 230/917 231/918 279/919 278/920
f 231/921 232/922 280/923 279/924
f 232/925 233/926 281/927 280/928
f 233/929 234/930 282/931 281/932
f 234/933 235/934 283/935 282/936
f 235/937 236/938 284/939 283/940
f 236/941 237/942 285/943 284/944
f 237/945 238/946 286/947 285/948
f 238/949 239/950 287/951 286/952
f 239/953 240/954 288/955 287/956
f 240/957 193/958 241/959 288/960
f 241/961 242/962 290/963 289/964
f 242/965 243/966 291/967 290/968
f 243/969 244/970 292/971 291/972
f 244/973 245/974 293/975 292/976
f 245/977 246/978 294/979 293/980
f 246/981 247/982 295/983 294/984
f 247/985 248/986 296/987 295/988
f 248/989 249/990 297/991 296/992
f 249/993 250/994 298/995 297/996
f 250/997 251/998 299/999 298/1000
f 251/1001 252/1002 300/1003 299/1004
f 252/1005 253/1006 301/1007 300/1008
f 253/1009 254/1010 302/1011 301/1012
f 254/1013 255/1014 303/1015 302/1016
f 255/1017 256/1018 304/1019 303/1020
f 256/1021 257/1022 305/1023 304/1024
f 257/1025 258/1026 306/1027 305/1028
f 258/1029 259/1030 307/1031 306/1032
f 259/1033 260/1034 308/1035 307/1036
f 260/1037 261/1038 309/1039 308/1040
f 261/1041 262/1042 310/1043 309/1044
f 262/1045 263/1046 311/1047 310/1048
f 263/1049 264/1050 312/1051 311/1052
f 264/1053 265/1054 313/1055 312/1056
f 265/1057 266/1058 314/1059 313/1060
f 266/1061 267/1062 315/1063 314/1064
f 267/1065 268/1066 316/1067 315/1068
f 268/1069 269/1070 317/1071 316/1072
f 269/1073 270/1074 318/1075 317/1076
f 270/1077 271/1078 319/1079 318/1080
f 271/1081 272/1082 320/1083 319/1084
f 272/1085 273/1086 321/1087 320/1088
f 273/1089 274/1090 322/1091 321/1092
f 274/1093 275/1094 323/1095 322/1096
f 275/1097 276/1098 324/1099 323/1100
f 276/1101 277/1102 325/1103 324/1104
f 277/1105 278/1106 326/1107 325/1108
f 278/1109 279/1110 327/1111 326/1112
f 279/1113 280/1114 328/1115 327/1116
f 280/1117 281/1118 329/1119 328/1120
f 281/1121 282/1122 330/1123 329/1124
f 282/1125 283/1126 331/1127 330/1128
f 283/1129 284/1130 332/1131 331/1132
f 284/1133 285/1134 333/1135 332/1136
f 285/1137 286/1138 334/1139 333/1140
f 286/1141 287/1142 335/1143 334/1144
f 287/1145 288/1146 336/1147 335/1148
f 288/1149 241/1150 289/1151 336/1152
f 289/1153 290/1154 338/1155 337/1156
f 290/1157 291/1158 339/1159 338/1160
f 291/1161 292/1162 340/1163 339/1164
f 292/1165 293/1166 341/1167 340/1168
f 293/1169 294/1170 342/1171 341/1172
f 294/1173 295/1174 343/1175 342/1176
f 295/1177 296/1178 344/1179 343/1180
f 296/1181 297/1182 345/1183 344/1184
f 297/1185 298/1186 346/1187 345/1188
f 298/1189 299/1190 347/1191 346/1192
f 299/1193 300/1194 348/1195 347/1196
f 300/1197 301/1198 349/1199 348/1200
f 301/1201 302/1202 350/1203 349/1204
f 302/1205 303/1206 351/1207 350/1208
f 303/1209 304/1210 352/1211 351/1212
f 304/1213 305/1214 353/1215 352/1216
f 305/1217 306/1218 354/1219 353/1220
f 306/1221 307/1222 355/1223 354/1224
f 307/1225 308/1226 356/1227 355/1228
f 308/1229 309/1230 357/1231 356/1232
f 309/1233 310/1234 358/1235 357/1236
f 310/1237 311/1238 359/1239 358/1240
f 311/1241 312/1242 360/1243 359/1244
f 312/1245 313/1246 361/1247 360/1248
f 313/1249 314/1250 362/1251 361/1252
f 314/1253 315/1254 363/1255 362/1256
f 315/1257 316/1258 364/1259 363/1260
f 316/1261 317/1262 365/1263 364/1264
f 317/1265 318/1266 366/1267 365/1268
f 318/1269 319/1270 367/1271 366/1272
f 319/1273 320/1274 368/1275 367/1276
f 320/1277 321/1278 369/1279 368/1280
f 321/1281 322/1282 370/1283 369/1284
f 322/1285 323/1286 371/1287 370/1288
f 323/1289 324/1290 372/1291 371/1292
f 324/1293 325/1294 373/1295 372/1296
f 325/1297 326/1298 374/1299 373/1300
f 326/1301 327/1302 375/1303 374/1304
f 327/1305 328/1306 376/1307 375/1308
f 328/1309 329/1310 377/1311 376/1312
f 329/1313 330/1314 378/1315 377/1316
f 330/1317 331/1318 379/1319 378/1320
f 331/1321 332/1322 380/1323 379/1324
f 332/1325 333/1326 381/1327 380/1328
f 333/1329 334/1330 382/1331 381/1332
f 334/1333 335/1334 383/1335 382/1336
f 335/1337 336/1338 384/1339 383/1340
f 336/1341 289/1342 337/1343 384/1344
f 337/1345 338/1346 386/1347 385/1348
f 338/1349 339/1350 387/1351 386/1352
f 339/1353 340/1354 388/1355 387/1356
f 340/1357 341/1358 389/1359 388/1360
f 341/1361 342/1362 390/1363 389/1364
f 342/1365 343/1366 391/1367 390/1368
f 343/1369 344/1370 392/1371 391/1372
f 344/1373 345/1374 393/1375 392/1376
f 345/1377 346/1378 394/1379 393/1380
f 346/1381 347/1382 395/1383 394/1384
f 347/1385 348/1386 396/1387 395/1388
f 348/1389 349/1390 397/1391 396/1392
f 349/1393 350/1394 398/1395 397/1396
f 350/1397 351/1398 399/1399 398/1400
f 351/1401 352/1402 400/1403 399/1404
f 352/1405 353/1406 401/1407 400/1408
f 353/1409 354/1410 402/1411 401/1412
f 354/1413 355/1414 403/1415 402/1416
f 355/1417 356/1418 404/1419 403/1420
f 356/1421 357/1422 405/1423 404/1424
f 357/1425 358/1426 406/1427 405/1428
f 358/1429 359/1430 407/1431 406/1432
f 359/1433 360/1434 408/1435 407/1436
f 360/1437 361/1438 409/1439 408/1440
f 361/1441 362/1442 410/1443 409/1444
f 362/1445 363/1446 411/1447 410/1448
f 363/1449 364/1450 412/1451 411/1452
f 364/1453 365/1454 413/1455 412/1456
f 365/1457 366/1458 414/1459 413/1460
f 366/1461 367/1462 415/1463 414/1464
f 367/1465 368/1466 416/1467 415/1468
f 368/1469 369/1470 417/1471 416/1472
f 369/1473 370/1474 418/1475 417/1476
f 370/1477 371/1478 419/1479 418/1480
f 371/1481 372/1482 420/1483 419/1484
f 372/1485 373/1486 421/1487 420/1488
f 373/1489 374/1490 422/1491 421/1492
f 374/1493 375/1494 423/1495 422/1496
f 375/1497 376/1498 424/1499 423/1500
f 376/1501 377/1502 425/1503 424/1504
f 377/1505 378/1506 426/1507 425/1508
f 378/1509 379/1510 427/1511 426/1512
f 379/1513 380/1514 428/1515 427/1516
f 380/1517 381/1518 429/1519 428/1520
f 381/1521 382/1522 430/1523 429/1524
f 382/1525 383/1526 431/1527 430/1528
f 383/1529 384/1530 432/1531 431/1532
f 384/1533 337/1534 385/1535 432/1536
f 433/1537 2/1538 1/1539
f 433/1540 3/1541 2/1542
f 433/1543 4/1544 3/1545
f 433/1546 5/1547 4/1548
f 433/1549 6/1550 5/1551
f 433/1552 7/1553 6/1554
f 433/1555 8/1556 7/1557
f 433/1558 9/1559 8/1560
f 433/1561 10/1562 9/1563
f 433/1564 11/1565 10/1566
f 433/1567 12/1568 11/1569
f 433/1570 13/1571 12/1572
f 433/1573 14/1574 13/1575
f 433/1576 15/1577 14/1578
f 433/1579 16/1580 15/1581
f 433/1582 17/1583 16/1584
f 433/1585 18/1586 17/1587
f 433/1588 19/1589 18/1590
f 433/1591 20/1592 19/1593
f 433/1594 21/1595 20/1596
f 433/1597 22/1598 21/1599
f 433/1600 23/1601 22/1602
f 433/1603 24/1604 23/1605
f 433/1606 25/1607 24/1608
f 433/1609 26/1610 25/1611
f 433/1612 27/1613 26/1614
f 433/1615 28/1616 27/1617
f 433/1618 29/1619 28/1620
f 433/1621 30/1622 29/1623
f 433/1624 31/1625 30/1626
f 433/1627 32/1628 31/1629
f 433/1630 33/1631 32/1632
f 433/1633 34/1634 33/1635
f 433/1636 35/1637 34/1638
f 433/1639 36/1640 35/1641
f 433/1642 37/1643 36/1644
f 433/1645 38/1646 37/1647
f 433/1648 39/1649 38/1650
f 433/1651 40/1652 39/1653
f 433/1654 41/1655 40/1656
f 433/1657 42/1658 41/1659
f 433/1660 43/1661 42/1662
f 433/1663 44/1664 43/1665
f 433/1666 45/1667 44/1668
f 433/1669 46/1670 45/1671
f 433/1672 47/1673 46/1674
f 433/1675 48/1676 47/1677
f 433/1678 1/1679 48/1680
usemtl M_CeramicPlanter_Rim
s 1
f 385/1681 386/1682 435/1683 434/1684
f 386/1685 387/1686 436/1687 435/1688
f 387/1689 388/1690 437/1691 436/1692
f 388/1693 389/1694 438/1695 437/1696
f 389/1697 390/1698 439/1699 438/1700
f 390/1701 391/1702 440/1703 439/1704
f 391/1705 392/1706 441/1707 440/1708
f 392/1709 393/1710 442/1711 441/1712
f 393/1713 394/1714 443/1715 442/1716
f 394/1717 395/1718 444/1719 443/1720
f 395/1721 396/1722 445/1723 444/1724
f 396/1725 397/1726 446/1727 445/1728
f 397/1729 398/1730 447/1731 446/1732
f 398/1733 399/1734 448/1735 447/1736
f 399/1737 400/1738 449/1739 448/1740
f 400/1741 401/1742 450/1743 449/1744
f 401/1745 402/1746 451/1747 450/1748
f 402/1749 403/1750 452/1751 451/1752
f 403/1753 404/1754 453/1755 452/1756
f 404/1757 405/1758 454/1759 453/1760
f 405/1761 406/1762 455/1763 454/1764
f 406/1765 407/1766 456/1767 455/1768
f 407/1769 408/1770 457/1771 456/1772
f 408/1773 409/1774 458/1775 457/1776
f 409/1777 410/1778 459/1779 458/1780
f 410/1781 411/1782 460/1783 459/1784
f 411/1785 412/1786 461/1787 460/1788
f 412/1789 413/1790 462/1791 461/1792
f 413/1793 414/1794 463/1795 462/1796
f 414/1797 415/1798 464/1799 463/1800
f 415/1801 416/1802 465/1803 464/1804
f 416/1805 417/1806 466/1807 465/1808
f 417/1809 418/1810 467/1811 466/1812
f 418/1813 419/1814 468/1815 467/1816
f 419/1817 420/1818 469/1819 468/1820
f 420/1821 421/1822 470/1823 469/1824
f 421/1825 422/1826 471/1827 470/1828
f 422/1829 423/1830 472/1831 471/1832
f 423/1833 424/1834 473/1835 472/1836
f 424/1837 425/1838 474/1839 473/1840
f 425/1841 426/1842 475/1843 474/1844
f 426/1845 427/1846 476/1847 475/1848
f 427/1849 428/1850 477/1851 476/1852
f 428/1853 429/1854 478/1855 477/1856
f 429/1857 430/1858 479/1859 478/1860
f 430/1861 431/1862 480/1863 479/1864
f 431/1865 432/1866 481/1867 480/1868
f 432/1869 385/1870 434/1871 481/1872
usemtl M_CeramicPlanter_Glaze
s 1
f 434/1873 482/1874 483/1875 435/1876
f 435/1877 483/1878 484/1879 436/1880
f 436/1881 484/1882 485/1883 437/1884
f 437/1885 485/1886 486/1887 438/1888
f 438/1889 486/1890 487/1891 439/1892
f 439/1893 487/1894 488/1895 440/1896
f 440/1897 488/1898 489/1899 441/1900
f 441/1901 489/1902 490/1903 442/1904
f 442/1905 490/1906 491/1907 443/1908
f 443/1909 491/1910 492/1911 444/1912
f 444/1913 492/1914 493/1915 445/1916
f 445/1917 493/1918 494/1919 446/1920
f 446/1921 494/1922 495/1923 447/1924
f 447/1925 495/1926 496/1927 448/1928
f 448/1929 496/1930 497/1931 449/1932
f 449/1933 497/1934 498/1935 450/1936
f 450/1937 498/1938 499/1939 451/1940
f 451/1941 499/1942 500/1943 452/1944
f 452/1945 500/1946 501/1947 453/1948
f 453/1949 501/1950 502/1951 454/1952
f 454/1953 502/1954 503/1955 455/1956
f 455/1957 503/1958 504/1959 456/1960
f 456/1961 504/1962 505/1963 457/1964
f 457/1965 505/1966 506/1967 458/1968
f 458/1969 506/1970 507/1971 459/1972
f 459/1973 507/1974 508/1975 460/1976
f 460/1977 508/1978 509/1979 461/1980
f 461/1981 509/1982 510/1983 462/1984
f 462/1985 510/1986 511/1987 463/1988
f 463/1989 511/1990 512/1991 464/1992
f 464/1993 512/1994 513/1995 465/1996
f 465/1997 513/1998 514/1999 466/2000
f 466/2001 514/2002 515/2003 467/2004
f 467/2005 515/2006 516/2007 468/2008
f 468/2009 516/2010 517/2011 469/2012
f 469/2013 517/2014 518/2015 470/2016
f 470/2017 518/2018 519/2019 471/2020
f 471/2021 519/2022 520/2023 472/2024
f 472/2025 520/2026 521/2027 473/2028
f 473/2029 521/2030 522/2031 474/2032
f 474/2033 522/2034 523/2035 475/2036
f 475/2037 523/2038 524/2039 476/2040
f 476/2041 524/2042 525/2043 477/2044
f 477/2045 525/2046 526/2047 478/2048
f 478/2049 526/2050 527/2051 479/2052
f 479/2053 527/2054 528/2055 480/2056
f 480/2057 528/2058 529/2059 481/2060
f 481/2061 529/2062 482/2063 434/2064
f 482/2065 530/2066 531/2067 483/2068
f 483/2069 531/2070 532/2071 484/2072
f 484/2073 532/2074 533/2075 485/2076
f 485/2077 533/2078 534/2079 486/2080
f 486/2081 534/2082 535/2083 487/2084
f 487/2085 535/2086 536/2087 488/2088
f 488/2089 536/2090 537/2091 489/2092
f 489/2093 537/2094 538/2095 490/2096
f 490/2097 538/2098 539/2099 491/2100
f 491/2101 539/2102 540/2103 492/2104
f 492/2105 540/2106 541/2107 493/2108
f 493/2109 541/2110 542/2111 494/2112
f 494/2113 542/2114 543/2115 495/2116
f 495/2117 543/2118 544/2119 496/2120
f 496/2121 544/2122 545/2123 497/2124
f 497/2125 545/2126 546/2127 498/2128
f 498/2129 546/2130 547/2131 499/2132
f 499/2133 547/2134 548/2135 500/2136
f 500/2137 548/2138 549/2139 501/2140
f 501/2141 549/2142 550/2143 502/2144
f 502/2145 550/2146 551/2147 503/2148
f 503/2149 551/2150 552/2151 504/2152
f 504/2153 552/2154 553/2155 505/2156
f 505/2157 553/2158 554/2159 506/2160
f 506/2161 554/2162 555/2163 507/2164
f 507/2165 555/2166 556/2167 508/2168
f 508/2169 556/2170 557/2171 509/2172
f 509/2173 557/2174 558/2175 510/2176
f 510/2177 558/2178 559/2179 511/2180
f 511/2181 559/2182 560/2183 512/2184
f 512/2185 560/2186 561/2187 513/2188
f 513/2189 561/2190 562/2191 514/2192
f 514/2193 562/2194 563/2195 515/2196
f 515/2197 563/2198 564/2199 516/2200
f 516/2201 564/2202 565/2203 517/2204
f 517/2205 565/2206 566/2207 518/2208
f 518/2209 566/2210 567/2211 519/2212
f 519/2213 567/2214 568/2215 520/2216
f 520/2217 568/2218 569/2219 521/2220
f 521/2221 569/2222 570/2223 522/2224
f 522/2225 570/2226 571/2227 523/2228
f 523/2229 571/2230 572/2231 524/2232
f 524/2233 572/2234 573/2235 525/2236
f 525/2237 573/2238 574/2239 526/2240
f 526/2241 574/2242 575/2243 527/2244
f 527/2245 575/2246 576/2247 528/2248
f 528/2249 576/2250 577/2251 529/2252
f 529/2253 577/2254 530/2255 482/2256
usemtl M_Planter_DressedSoil
s 1
f 530/2257 531/2258 579/2259 578/2260
f 531/2261 532/2262 580/2263 579/2264
f 532/2265 533/2266 581/2267 580/2268
f 533/2269 534/2270 582/2271 581/2272
f 534/2273 535/2274 583/2275 582/2276
f 535/2277 536/2278 584/2279 583/2280
f 536/2281 537/2282 585/2283 584/2284
f 537/2285 538/2286 586/2287 585/2288
f 538/2289 539/2290 587/2291 586/2292
f 539/2293 540/2294 588/2295 587/2296
f 540/2297 541/2298 589/2299 588/2300
f 541/2301 542/2302 590/2303 589/2304
f 542/2305 543/2306 591/2307 590/2308
f 543/2309 544/2310 592/2311 591/2312
f 544/2313 545/2314 593/2315 592/2316
f 545/2317 546/2318 594/2319 593/2320
f 546/2321 547/2322 595/2323 594/2324
f 547/2325 548/2326 596/2327 595/2328
f 548/2329 549/2330 597/2331 596/2332
f 549/2333 550/2334 598/2335 597/2336
f 550/2337 551/2338 599/2339 598/2340
f 551/2341 552/2342 600/2343 599/2344
f 552/2345 553/2346 601/2347 600/2348
f 553/2349 554/2350 602/2351 601/2352
f 554/2353 555/2354 603/2355 602/2356
f 555/2357 556/2358 604/2359 603/2360
f 556/2361 557/2362 605/2363 604/2364
f 557/2365 558/2366 606/2367 605/2368
f 558/2369 559/2370 607/2371 606/2372
f 559/2373 560/2374 608/2375 607/2376
f 560/2377 561/2378 609/2379 608/2380
f 561/2381 562/2382 610/2383 609/2384
f 562/2385 563/2386 611/2387 610/2388
f 563/2389 564/2390 612/2391 611/2392
f 564/2393 565/2394 613/2395 612/2396
f 565/2397 566/2398 614/2399 613/2400
f 566/2401 567/2402 615/2403 614/2404
f 567/2405 568/2406 616/2407 615/2408
f 568/2409 569/2410 617/2411 616/2412
f 569/2413 570/2414 618/2415 617/2416
f 570/2417 571/2418 619/2419 618/2420
f 571/2421 572/2422 620/2423 619/2424
f 572/2425 573/2426 621/2427 620/2428
f 573/2429 574/2430 622/2431 621/2432
f 574/2433 575/2434 623/2435 622/2436
f 575/2437 576/2438 624/2439 623/2440
f 576/2441 577/2442 625/2443 624/2444
f 577/2445 530/2446 578/2447 625/2448
f 578/2449 579/2450 627/2451 626/2452
f 579/2453 580/2454 628/2455 627/2456
f 580/2457 581/2458 629/2459 628/2460
f 581/2461 582/2462 630/2463 629/2464
f 582/2465 583/2466 631/2467 630/2468
f 583/2469 584/2470 632/2471 631/2472
f 584/2473 585/2474 633/2475 632/2476
f 585/2477 586/2478 634/2479 633/2480
f 586/2481 587/2482 635/2483 634/2484
f 587/2485 588/2486 636/2487 635/2488
f 588/2489 589/2490 637/2491 636/2492
f 589/2493 590/2494 638/2495 637/2496
f 590/2497 591/2498 639/2499 638/2500
f 591/2501 592/2502 640/2503 639/2504
f 592/2505 593/2506 641/2507 640/2508
f 593/2509 594/2510 642/2511 641/2512
f 594/2513 595/2514 643/2515 642/2516
f 595/2517 596/2518 644/2519 643/2520
f 596/2521 597/2522 645/2523 644/2524
f 597/2525 598/2526 646/2527 645/2528
f 598/2529 599/2530 647/2531 646/2532
f 599/2533 600/2534 648/2535 647/2536
f 600/2537 601/2538 649/2539 648/2540
f 601/2541 602/2542 650/2543 649/2544
f 602/2545 603/2546 651/2547 650/2548
f 603/2549 604/2550 652/2551 651/2552
f 604/2553 605/2554 653/2555 652/2556
f 605/2557 606/2558 654/2559 653/2560
f 606/2561 607/2562 655/2563 654/2564
f 607/2565 608/2566 656/2567 655/2568
f 608/2569 609/2570 657/2571 656/2572
f 609/2573 610/2574 658/2575 657/2576
f 610/2577 611/2578 659/2579 658/2580
f 611/2581 612/2582 660/2583 659/2584
f 612/2585 613/2586 661/2587 660/2588
f 613/2589 614/2590 662/2591 661/2592
f 614/2593 615/2594 663/2595 662/2596
f 615/2597 616/2598 664/2599 663/2600
f 616/2601 617/2602 665/2603 664/2604
f 617/2605 618/2606 666/2607 665/2608
f 618/2609 619/2610 667/2611 666/2612
f 619/2613 620/2614 668/2615 667/2616
f 620/2617 621/2618 669/2619 668/2620
f 621/2621 622/2622 670/2623 669/2624
f 622/2625 623/2626 671/2627 670/2628
f 623/2629 624/2630 672/2631 671/2632
f 624/2633 625/2634 673/2635 672/2636
f 625/2637 578/2638 626/2639 673/2640
f 674/2641 626/2642 627/2643
f 674/2644 627/2645 628/2646
f 674/2647 628/2648 629/2649
f 674/2650 629/2651 630/2652
f 674/2653 630/2654 631/2655
f 674/2656 631/2657 632/2658
f 674/2659 632/2660 633/2661
f 674/2662 633/2663 634/2664
f 674/2665 634/2666 635/2667
f 674/2668 635/2669 636/2670
f 674/2671 636/2672 637/2673
f 674/2674 637/2675 638/2676
f 674/2677 638/2678 639/2679
f 674/2680 639/2681 640/2682
f 674/2683 640/2684 641/2685
f 674/2686 641/2687 642/2688
f 674/2689 642/2690 643/2691
f 674/2692 643/2693 644/2694
f 674/2695 644/2696 645/2697
f 674/2698 645/2699 646/2700
f 674/2701 646/2702 647/2703
f 674/2704 647/2705 648/2706
f 674/2707 648/2708 649/2709
f 674/2710 649/2711 650/2712
f 674/2713 650/2714 651/2715
f 674/2716 651/2717 652/2718
f 674/2719 652/2720 653/2721
f 674/2722 653/2723 654/2724
f 674/2725 654/2726 655/2727
f 674/2728 655/2729 656/2730
f 674/2731 656/2732 657/2733
f 674/2734 657/2735 658/2736
f 674/2737 658/2738 659/2739
f 674/2740 659/2741 660/2742
f 674/2743 660/2744 661/2745
f 674/2746 661/2747 662/2748
f 674/2749 662/2750 663/2751
f 674/2752 663/2753 664/2754
f 674/2755 664/2756 665/2757
f 674/2758 665/2759 666/2760
f 674/2761 666/2762 667/2763
f 674/2764 667/2765 668/2766
f 674/2767 668/2768 669/2769
f 674/2770 669/2771 670/2772
f 674/2773 670/2774 671/2775
f 674/2776 671/2777 672/2778
f 674/2779 672/2780 673/2781
f 674/2782 673/2783 626/2784
