# Blender 5.0.1
# www.blender.org
o VD_VaultTube
v -107.598259 11.088498 0.009364
v -106.600006 12.090475 -0.000055
v -107.306610 11.797068 0.002704
v 112.369072 11.054470 0.008618
v 111.366409 12.056732 -0.000089
v 112.074287 11.763113 0.002461
v -107.602608 10.951793 -1.802071
v -106.604210 11.943003 -1.954238
v -107.310852 11.652742 -1.909679
v 112.373680 10.920200 -1.797910
v 111.371056 11.911864 -1.949078
v 112.078934 11.621354 -1.904792
v -107.607452 10.627465 -3.191676
v -106.608978 11.586128 -3.483315
v -107.315643 11.305397 -3.397912
v 112.375816 10.598196 -3.183227
v 111.373154 11.557288 -3.474504
v 112.081039 11.276321 -3.389174
v -107.613091 10.118652 -4.538066
v -106.614502 11.030575 -4.953388
v -107.321205 10.763531 -4.831767
v 112.375313 10.091105 -4.525112
v 111.372643 11.003160 -4.940859
v 112.080528 10.735973 -4.819066
v -107.618881 9.436135 -5.807203
v -106.620163 10.285439 -6.338956
v -107.326897 10.036735 -6.183241
v 112.372345 9.409861 -5.790015
v 111.369720 10.259088 -6.322422
v 112.077599 10.010305 -6.166452
v -107.624367 8.591318 -6.977209
v -106.625496 9.363387 -7.615923
v -107.332275 9.137300 -7.428886
v 112.368073 8.566517 -6.956719
v 111.365585 9.338800 -7.595572
v 112.073425 9.112557 -7.408418
v -107.629410 7.598712 -8.027977
v -106.630379 8.280490 -8.762280
v -107.337212 8.080842 -8.547250
v 112.364403 7.576231 -8.006196
v 111.362183 8.259350 -8.739543
v 112.069946 8.059229 -8.524707
v -107.633995 6.475574 -8.941387
v -106.634789 7.055624 -9.758449
v -107.341660 6.885760 -9.519178
v 112.363518 6.456954 -8.921350
v 111.361671 7.039982 -9.736518
v 112.069321 6.869188 -9.497720
v -107.637604 5.241277 -9.701360
v -106.638252 5.709792 -10.587137
v -107.345161 5.572585 -10.327732
v 112.365219 5.227593 -9.685792
v 111.363770 5.700364 -10.569486
v 112.071304 5.561874 -10.310624
v -107.639709 3.916984 -10.294495
v -106.640182 4.266110 -11.233788
v -107.347153 4.163862 -10.958697
v 112.367851 3.908056 -10.284892
v 111.366760 4.261850 -11.222564
v 112.074188 4.158218 -10.947905
v -107.640182 2.525483 -10.710649
v -106.640472 2.749628 -11.687357
v -107.347488 2.683979 -11.401293
v 112.370186 2.520215 -10.707198
v 111.369415 2.748563 -11.683006
v 112.076744 2.681679 -11.397190
v -107.639313 1.090782 -10.942990
v -106.639381 1.186634 -11.940503
v -107.346466 1.158560 -11.648335
v 112.371788 1.087755 -10.944812
v 111.371353 1.186743 -11.942049
v 112.078583 1.157750 -11.649968
v -107.637665 -0.362395 -10.988111
v -106.637505 -0.396018 -11.989661
v -107.344673 -0.386169 -11.696303
v 112.372833 -0.364419 -10.993491
v 111.372734 -0.396215 -11.995093
v 112.079880 -0.386903 -11.701741
v -107.635643 -1.808722 -10.845680
v -106.635292 -1.971461 -11.834525
v -107.342506 -1.923794 -11.544885
v 112.373863 -1.811326 -10.852734
v 111.374123 -1.972651 -11.841726
v 112.081161 -1.925403 -11.552072
v -107.632248 -3.222808 -10.517468
v -106.631767 -3.512766 -11.476795
v -107.339005 -3.427834 -11.195798
v 112.376472 -3.228206 -10.526279
v 111.377159 -3.515626 -11.486210
v 112.084068 -3.431448 -11.205070
v -107.626350 -4.580010 -10.008239
v -106.625755 -4.992966 -10.921437
v -107.333038 -4.872002 -10.653941
v 112.381569 -4.590758 -10.020554
v 111.382713 -4.999339 -10.935487
v 112.089485 -4.879681 -10.667537
v -107.617737 -5.856973 -9.326561
v -106.617012 -6.385980 -10.177848
v -107.324326 -6.231012 -9.928472
v 112.388992 -5.875596 -9.344207
v 111.390564 -6.398920 -10.198689
v 112.097214 -6.245666 -9.948455
v -107.607292 -7.032184 -8.484729
v -106.606377 -7.667765 -9.259736
v -107.313751 -7.481565 -9.032689
v 112.397720 -7.060328 -8.508265
v 111.399666 -7.690367 -9.287383
v 112.106216 -7.505877 -9.059238
v -107.596855 -8.086422 -7.498346
v -106.595695 -8.817204 -8.184353
v -107.303146 -8.603100 -7.983366
v 112.406143 -8.123947 -7.526220
v 111.408363 -8.850734 -8.215948
v 112.114838 -8.637927 -8.013992
v -107.588371 -9.002786 -6.385489
v -106.586960 -9.816198 -6.971207
v -107.294479 -9.577875 -6.799596
v 112.412865 -9.047740 -6.414140
v 111.415276 -9.859010 -7.002123
v 112.121674 -9.621475 -6.829966
v -107.582657 -9.766149 -5.165678
v -106.581047 -10.648745 -5.640876
v -107.288620 -10.390146 -5.501644
v 112.417953 -9.816341 -5.191131
v 111.420517 -10.697839 -5.667346
v 112.126877 -10.439747 -5.527916
v -107.578972 -10.363008 -3.859357
v -106.577248 -11.300240 -4.214996
v -107.284866 -11.025628 -4.110793
v 112.422386 -10.417557 -3.878584
v 111.425102 -11.353775 -4.235320
v 112.131416 -11.079665 -4.130873
v -107.576080 -10.782348 -2.487975
v -106.574287 -11.758285 -2.717080
v -107.281914 -11.472328 -2.649950
v 112.427193 -10.842046 -2.499426
v 111.430061 -11.816826 -2.730828
v 112.136330 -11.531429 -2.663078
v -107.573593 -11.016825 -1.074588
v -106.571777 -12.014510 -1.172728
v -107.279419 -11.722172 -1.143971
v 112.432396 -11.082541 -1.077519
v 111.435371 -12.079253 -1.179123
v 112.141609 -11.787445 -1.149376
v -107.571259 -11.062222 0.356521
v -106.569466 -12.064156 0.391382
v -107.277092 -11.770560 0.381167
v 112.436676 -11.133829 0.362805
v 111.439659 -12.135236 0.393770
v 112.145905 -11.842067 0.384705
v -107.568703 -10.917484 1.780837
v -106.566948 -11.905998 1.948023
v -107.274574 -11.616325 1.899031
v 112.438362 -10.993567 1.797306
v 111.441223 -11.981997 1.960725
v 112.147491 -11.692636 1.912884
v -107.566505 -10.585530 3.174577
v -106.564735 -11.543479 3.470211
v -107.272369 -11.262753 3.383575
v 112.437767 -10.664410 3.201604
v 111.440475 -11.622486 3.494423
v 112.146790 -11.342022 3.408704
v -107.566544 -10.073643 4.514609
v -106.564758 -10.984911 4.932481
v -107.272392 -10.717859 4.810022
v 112.434875 -10.151929 4.550914
v 111.437386 -11.062765 4.968072
v 112.143753 -10.796135 4.845957
v -107.569733 -9.391372 5.778466
v -106.567955 -10.240769 6.310927
v -107.275589 -9.991851 6.154888
v 112.429268 -9.464569 5.821370
v 111.431511 -10.312062 6.355610
v 112.137962 -10.063972 6.199219
v -107.575874 -8.550051 6.945032
v -106.574142 -9.323416 7.582858
v -107.281769 -9.096788 7.395948
v 112.420799 -8.613998 6.990698
v 111.422722 -9.383360 7.632390
v 112.129272 -9.158133 7.444536
v -107.584602 -7.563328 7.994938
v -106.582962 -8.247861 8.727200
v -107.290565 -8.047279 8.512632
v 112.410042 -7.615130 8.038828
v 111.411636 -8.293435 8.776131
v 112.118294 -8.094851 8.560272
v -107.595673 -6.447262 8.910771
v -106.594154 -7.031785 9.725005
v -107.301704 -6.860524 9.486440
v 112.398445 -6.485878 8.948423
v 111.399750 -7.062357 9.767825
v 112.106468 -6.893569 9.527910
v -107.608734 -5.220234 9.677009
v -106.607384 -5.695107 10.559622
v -107.314903 -5.555987 10.301049
v 112.387955 -5.246536 9.704957
v 111.389030 -5.712399 10.591973
v 112.095818 -5.575984 10.332234
v -107.622841 -3.902560 10.279897
v -106.621758 -4.259501 11.216393
v -107.329193 -4.154942 10.942063
v 112.380081 -3.918966 10.296333
v 111.380943 -4.266933 11.235953
v 112.087799 -4.165030 10.960781
v -107.636024 -2.516416 10.707356
v -106.635330 -2.748359 11.682345
v -107.342651 -2.680422 11.396765
v 112.374924 -2.525807 10.712396
v 111.375557 -2.750015 11.689046
v 112.082489 -2.684349 11.403005
v -107.645782 -1.085119 10.949771
v -106.645508 -1.187164 11.946721
v -107.352707 -1.157277 11.654727
v 112.372017 -1.090683 10.945614
v 111.372391 -1.186881 11.943116
v 112.079399 -1.158704 11.650949
v -107.651443 0.367295 11.002226
v -106.651520 0.396535 12.003884
v -107.358612 0.387971 11.710526
v 112.370110 0.362073 10.990949
v 111.370155 0.396106 11.992549
v 112.077255 0.386137 11.699165
v -107.654556 1.815219 10.864975
v -106.654999 1.974727 11.854251
v -107.361984 1.928014 11.564533
v 112.368523 1.807806 10.847161
v 111.368217 1.971666 11.835883
v 112.075417 1.923667 11.546258
v -107.655174 3.232734 10.540259
v -106.655952 3.519857 11.500267
v -107.362839 3.435774 11.219132
v 112.367409 3.221691 10.517110
v 111.366768 3.512576 11.476210
v 112.074059 3.427363 11.195249
v -107.653465 4.594962 10.033736
v -106.654549 5.004946 10.948028
v -107.361343 4.884889 10.680291
v 112.366760 4.579158 10.006778
v 111.365791 4.992293 10.919945
v 112.073174 4.871264 10.652431
v -107.649612 5.877982 9.354328
v -106.650993 6.404058 10.207110
v -107.357697 6.250010 9.957394
v 112.366272 5.856589 9.325186
v 111.364967 6.385289 10.176717
v 112.072449 6.230400 9.927251
v -107.643616 7.059083 8.513957
v -106.645287 7.692617 9.290247
v -107.351913 7.507108 9.062937
v 112.365349 7.031846 8.484130
v 111.363708 7.667366 9.259242
v 112.071304 7.481178 9.032158
v -107.635361 8.117390 7.527236
v -106.637283 8.847745 8.213218
v -107.343834 8.633888 8.012354
v 112.363731 8.085074 7.498202
v 111.361771 8.816422 8.183631
v 112.069443 8.602156 7.982818
v -107.624962 9.034603 6.411232
v -106.627060 9.848986 6.994964
v -107.333557 9.610525 6.824040
v 112.362267 8.999312 6.385067
v 111.360062 9.813680 6.969417
v 112.067810 9.575089 6.798215
v -107.613960 9.795956 5.185776
v -106.616112 10.679819 5.657703
v -107.322594 10.421011 5.519517
v 112.361725 9.759835 5.164474
v 111.359337 10.643269 5.637958
v 112.067154 10.384447 5.499239
v -107.604424 10.389937 3.872753
v -106.606529 11.327745 4.225497
v -107.313019 11.053135 4.122207
v 112.362228 10.354325 3.857224
v 111.359711 11.291810 4.211814
v 112.067551 11.017159 4.107931
v -107.598160 10.811054 2.484480
v -106.600128 11.783522 2.723041
v -107.306656 11.498758 2.653184
v 112.363922 10.776502 2.474859
v 111.361305 11.748960 2.714881
v 112.069168 11.464067 2.644564
v -107.596352 11.007245 1.444524
v -106.598175 12.001813 1.565974
v -107.304741 11.710575 1.530410
v 112.365807 10.973078 1.439273
v 111.363159 11.967896 1.561459
v 112.071045 11.676457 1.525663
v 109.000290 9.480407 0.009464
v 110.002487 10.481133 -0.000042
v 109.294739 10.188587 0.002742
v 130.968445 9.450623 0.010481
v 129.968353 10.454108 -0.000018
v 130.675491 10.159635 0.003058
v 108.997383 9.363109 -1.558750
v 109.999588 10.353134 -1.709329
v 109.291840 10.063778 -1.665328
v 130.968262 9.330842 -1.550690
v 129.968002 10.323491 -1.704405
v 130.675201 10.032135 -1.659281
v 108.995056 9.085785 -2.757895
v 109.997154 10.043623 -3.046717
v 109.289444 9.763760 -2.962330
v 130.966339 9.050775 -2.743313
v 129.965881 10.010834 -3.036731
v 130.673126 9.728958 -2.950583
v 108.993134 8.650111 -3.920786
v 109.995110 9.561689 -4.332358
v 109.287430 9.295438 -4.212150
v 130.963013 8.612435 -3.898887
v 129.962402 9.525824 -4.316061
v 130.669678 9.257555 -4.193536
v 108.991745 8.065859 -5.016853
v 109.993568 8.915497 -5.544022
v 109.285934 8.667438 -5.390113
v 130.958542 8.026176 -4.986723
v 129.957794 8.877226 -5.520167
v 130.665100 8.627165 -5.363430
v 108.990776 7.342990 -6.027390
v 109.992447 8.116251 -6.660844
v 109.284851 7.890582 -6.475979
v 130.953629 7.302694 -5.988468
v 129.952805 8.077038 -6.628604
v 130.660156 7.849424 -6.440444
v 108.989670 6.494127 -6.935411
v 109.991180 7.178091 -7.663984
v 109.283630 6.978560 -7.451444
v 130.949020 6.455086 -6.887193
v 129.948151 7.139673 -7.622901
v 130.655502 6.938365 -7.406565
v 108.988022 5.534118 -7.725468
v 109.989326 6.117261 -8.536654
v 109.281853 5.947208 -8.300106
v 130.944901 5.498160 -7.667600
v 129.944031 6.081305 -8.486400
v 130.651367 5.909760 -8.245536
v 108.986038 4.479397 -8.383741
v 109.987106 4.951608 -9.263840
v 109.279694 4.813959 -9.007298
v 130.941208 4.448357 -8.316394
v 129.940308 4.919926 -9.204473
v 130.647705 4.781149 -8.943128
v 108.984291 3.347837 -8.898501
v 109.985069 3.700715 -9.832596
v 109.277740 3.597889 -9.560415
v 130.937561 3.323335 -8.822431
v 129.936646 3.675185 -9.764653
v 130.644012 3.571601 -9.487272
v 108.983345 2.158622 -9.260459
v 109.983810 2.385894 -10.232562
v 109.276573 2.319689 -9.949392
v 130.934250 2.142137 -9.177574
v 129.933350 2.368480 -10.157755
v 130.640747 2.301824 -9.869113
v 108.983292 0.932025 -9.463307
v 109.983452 1.029894 -10.456676
v 109.276299 1.001390 -10.167366
v 130.931717 0.924919 -9.376225
v 129.930862 1.022122 -10.377619
v 130.638214 0.993491 -10.082676
v 108.983826 -0.310883 -9.503755
v 109.983711 -0.343774 -10.501328
v 109.276627 -0.334195 -10.210815
v 130.930313 -0.307751 -9.415347
v 129.929535 -0.341141 -10.420937
v 130.636887 -0.331306 -10.124737
v 108.984413 -1.548957 -9.381483
v 109.984070 -1.711478 -10.366274
v 109.277054 -1.664148 -10.079476
v 130.930283 -1.535151 -9.294505
v 129.929581 -1.698444 -10.287288
v 130.636887 -1.650346 -9.994867
v 108.984100 -2.761190 -9.099312
v 109.983559 -3.050083 -10.054741
v 109.276604 -2.965945 -9.776473
v 130.931732 -2.736754 -9.015821
v 129.931152 -3.027140 -9.979075
v 130.638428 -2.941611 -9.695374
v 108.982414 -3.926967 -8.662393
v 109.981682 -4.337223 -9.572399
v 109.274796 -4.217730 -9.307339
v 130.934723 -3.892474 -8.583902
v 129.934265 -4.305071 -9.501417
v 130.641510 -4.183557 -9.231210
v 108.979431 -5.026379 -8.078074
v 109.978493 -5.551326 -8.927197
v 109.271660 -5.398412 -8.679845
v 130.939163 -4.982890 -8.005814
v 129.938828 -5.510851 -8.862089
v 130.646027 -5.355375 -8.609941
v 108.975807 -6.040460 -7.355744
v 109.974648 -6.671612 -8.129330
v 109.267883 -6.487738 -7.903953
v 130.944763 -5.989482 -7.291000
v 129.944565 -6.624107 -8.071416
v 130.651733 -6.437243 -7.841635
v 108.972107 -6.951781 -6.507116
v 109.970749 -7.678616 -7.191763
v 109.264046 -7.466829 -6.992264
v 130.951050 -6.894810 -6.451130
v 129.950958 -7.625647 -7.142125
v 130.658081 -7.410491 -6.938708
v 108.968513 -7.744728 -5.546381
v 109.966980 -8.554864 -6.130290
v 109.260315 -8.318763 -5.960114
v 130.957260 -7.682873 -5.499990
v 129.957260 -8.497762 -6.089351
v 130.664368 -8.257902 -5.915882
v 108.965027 -8.405664 -4.489845
v 109.963348 -9.285186 -4.963000
v 109.256729 -9.028831 -4.825085
v 130.962692 -8.339575 -4.453456
v 129.962738 -9.224731 -4.930676
v 130.669815 -8.964223 -4.790232
v 108.961533 -8.923241 -3.355567
v 109.959740 -9.857019 -3.709887
v 109.253151 -9.584840 -3.606605
v 130.966827 -8.853112 -3.329311
v 129.966904 -9.793338 -3.685921
v 130.673981 -9.516634 -3.580976
v 108.957954 -9.288516 -2.163023
v 109.956078 -10.260522 -2.392387
v 109.249519 -9.977218 -2.325531
v 130.969467 -9.214335 -2.146940
v 129.969559 -10.193351 -2.376739
v 130.676636 -9.905214 -2.309109
v 108.954514 -9.494895 -0.932844
v 109.952560 -10.488479 -1.032998
v 109.246025 -10.198927 -1.003807
v 130.970749 -9.417016 -0.926815
v 129.970886 -10.417820 -1.026059
v 130.677979 -10.123228 -0.996847
v 108.951973 -9.538125 0.313531
v 109.949921 -10.536175 0.344934
v 109.243408 -10.245361 0.335786
v 130.971176 -9.457934 0.309851
v 129.971359 -10.463203 0.342532
v 130.678406 -10.167258 0.332910
v 108.951271 -9.416581 1.554641
v 109.949173 -10.401745 1.717334
v 109.242691 -10.114698 1.669930
v 130.971237 -9.336777 1.541375
v 129.971497 -10.329156 1.705349
v 130.678543 -10.036992 1.657074
v 108.952133 -9.132596 2.769126
v 109.950027 -10.087783 3.060083
v 109.243538 -9.809465 2.975303
v 130.970688 -9.055377 2.746186
v 129.971008 -10.017690 3.038824
v 130.678040 -9.734385 2.952672
v 108.954330 -8.691370 3.935613
v 109.952255 -9.600029 4.349691
v 109.245758 -9.335255 4.229029
v 130.969284 -8.618460 3.903576
v 129.969666 -9.534068 4.319814
v 130.676666 -9.264526 4.197282
v 108.957840 -8.100716 5.033648
v 109.955849 -8.947106 5.563628
v 109.249329 -8.700451 5.409175
v 130.967239 -8.033673 4.993698
v 129.967651 -8.886847 5.526173
v 130.674622 -8.635712 5.369440
v 108.962486 -7.371075 6.044325
v 109.960625 -8.140688 6.680834
v 109.254066 -7.916374 6.495308
v 130.964783 -7.311373 5.997871
v 129.965240 -8.087528 6.637235
v 130.672211 -7.859097 6.449067
v 108.967720 -6.515410 6.950594
v 109.966057 -7.195321 7.682300
v 109.259438 -6.997116 7.468987
v 130.962189 -6.464260 6.898882
v 129.962692 -7.150132 7.634083
v 130.669647 -6.948308 7.417749
v 108.972679 -5.548928 7.737536
v 109.971291 -6.127976 8.551513
v 109.264587 -5.959146 8.314179
v 130.959396 -5.507048 7.681165
v 129.959930 -6.090809 8.499671
v 130.666870 -5.919059 8.258862
v 108.976471 -4.488596 8.392453
v 109.975388 -4.957393 9.274571
v 109.268600 -4.820702 9.017358
v 130.956100 -4.456182 8.331109
v 129.956665 -4.927690 9.218996
v 130.663620 -4.788974 8.957788
v 108.978500 -3.352737 8.904715
v 109.977753 -3.703517 9.839972
v 109.270866 -3.601247 9.567293
v 130.952148 -3.329625 8.837519
v 129.952682 -3.680810 9.779577
v 130.659653 -3.577480 9.502403
v 108.978905 -2.160680 9.265635
v 109.978447 -2.387243 10.238317
v 109.271477 -2.321204 9.954799
v 130.947678 -2.146528 9.192122
v 129.948212 -2.371835 10.172090
v 130.655151 -2.305525 9.883691
v 108.978554 -0.932689 9.468479
v 109.978340 -1.030442 10.462251
v 109.271301 -1.001956 10.172664
v 130.943756 -0.926894 9.389847
v 129.944305 -1.023437 10.390882
v 130.651245 -0.995015 10.096205
v 108.978798 0.310525 9.508752
v 109.978806 0.343946 10.506720
v 109.271713 0.334207 10.215930
v 130.942047 0.308389 9.428784
v 129.942688 0.341571 10.433967
v 130.649597 0.331803 10.138046
v 108.980148 1.547976 9.385414
v 109.980392 1.712154 10.370463
v 109.273216 1.664305 10.083392
v 130.942825 1.538180 9.308487
v 129.943573 1.700701 10.300903
v 130.650482 1.652862 10.008788
v 108.982445 2.758422 9.100794
v 109.982918 3.050439 10.056028
v 109.275681 2.965304 9.777552
v 130.945450 2.741766 9.030351
v 129.946228 3.031412 9.993140
v 130.653091 2.946182 9.709841
v 108.985497 3.920873 8.660054
v 109.986198 4.335663 9.569079
v 109.278885 4.214681 9.303954
v 130.949020 3.898869 8.598367
v 129.949799 4.311224 9.515003
v 130.656662 4.189940 9.245403
v 108.989174 5.015250 8.071035
v 109.990097 5.545669 8.918222
v 109.282730 5.390885 8.671010
v 130.952744 4.989638 8.019168
v 129.953476 5.518088 8.873757
v 130.660370 5.362737 8.622532
v 108.993286 6.022891 7.344069
v 109.994431 6.659698 8.114921
v 109.286987 6.473780 7.889874
v 130.955917 5.995177 7.302059
v 129.956543 6.630892 8.079734
v 130.663483 6.444098 7.851228
v 108.997444 6.926836 6.491900
v 109.998810 7.658887 7.173377
v 109.291290 7.445071 6.974337
v 130.958130 6.898130 6.458995
v 129.958633 7.630120 7.146372
v 130.665573 7.415129 6.944484
v 109.001030 7.712206 5.529394
v 110.002625 8.526718 6.110192
v 109.295059 8.288736 5.940499
v 130.959656 7.683170 5.504416
v 129.960022 8.498577 6.089983
v 130.667023 8.259167 5.918056
v 109.003304 8.366261 4.473222
v 110.005127 9.249221 4.943826
v 109.297478 8.991177 4.806293
v 130.961090 8.337228 4.454963
v 129.961365 9.221835 4.929159
v 130.668396 8.962172 4.789966
v 109.003807 8.878335 3.341530
v 110.005814 9.814857 3.694048
v 109.298111 9.541113 3.591008
v 130.963043 8.849297 3.329029
v 129.963257 9.788025 3.683934
v 130.670303 9.512520 3.579774
v 109.002937 9.242662 2.143050
v 110.005020 10.213910 2.381539
v 109.297310 9.929995 2.311817
v 130.965240 9.213412 2.135427
v 129.965363 10.187169 2.375297
v 130.672424 9.901407 2.304911
v 109.001854 9.411314 1.248967
v 110.004005 10.404779 1.369816
v 109.296265 10.114355 1.334493
v 130.966888 9.381910 1.244850
v 129.966934 10.378046 1.366295
v 130.674042 10.085730 1.330652
v 105.492310 13.203998 -0.001324
v 106.494087 14.199729 0.000000
v 105.786461 13.910738 -0.000388
v 110.477577 13.172127 -0.002330
v 109.475273 14.180639 -0.000000
v 110.183044 13.882600 -0.000683
v 105.489738 13.093514 -1.725029
v 106.491516 14.081436 -1.853856
v 105.783905 13.794492 -1.816441
v 110.482597 13.064290 -1.722493
v 109.480339 14.064030 -1.851565
v 110.188095 13.768800 -1.813443
v 105.487999 12.758224 -3.419370
v 106.489754 13.721199 -3.676584
v 105.782135 13.441320 -3.601829
v 110.486526 12.731851 -3.413049
v 109.484238 13.705516 -3.672382
v 110.192009 13.418167 -3.595844
v 105.486984 12.203848 -5.055647
v 106.488708 13.125008 -5.436557
v 105.781097 12.857248 -5.325837
v 110.487999 12.179295 -5.045185
v 109.485687 13.110238 -5.430439
v 110.193466 12.835528 -5.316754
v 105.485931 11.440509 -6.605957
v 106.487602 12.303856 -7.103634
v 105.780022 12.053005 -6.959033
v 110.487686 11.416606 -6.591152
v 109.485413 12.289259 -7.095207
v 110.193176 12.031648 -6.946408
v 105.484756 10.481435 -8.043530
v 106.486328 11.272159 -8.649431
v 105.778763 11.042524 -8.473474
v 110.487129 10.458051 -8.025000
v 109.484993 11.257945 -8.638525
v 110.192719 11.021698 -8.457321
v 105.483742 9.342669 -9.343678
v 106.485214 10.047571 -10.047571
v 105.777695 9.842857 -9.843154
v 110.488029 9.321197 -9.322985
v 109.486115 10.034904 -10.034904
v 110.193787 9.824116 -9.824640
v 105.482468 8.044141 -10.484315
v 106.483765 8.651308 -11.274605
v 105.776283 8.474875 -11.044962
v 110.491119 8.025776 -10.463392
v 109.489502 8.641135 -11.261346
v 110.197075 8.459498 -11.025804
v 105.481979 6.607731 -11.444900
v 106.483078 7.106505 -12.308828
v 105.775650 6.961370 -12.057440
v 110.496109 6.593704 -11.426416
v 109.494789 7.099581 -12.296835
v 110.202286 6.950461 -12.040246
v 105.482918 5.057794 -12.208497
v 106.483780 5.439264 -13.131545
v 105.776428 5.328074 -12.862493
v 110.500900 5.048377 -12.193918
v 109.499832 5.435338 -13.122064
v 110.207245 5.321460 -12.848914
v 105.485260 3.421015 -12.761946
v 106.485909 3.678437 -13.728111
v 105.778603 3.603285 -13.446044
v 110.503929 3.415394 -12.751550
v 109.503075 3.676650 -13.721445
v 110.210434 3.599884 -13.436453
v 105.488327 1.725590 -13.096350
v 106.488785 1.854816 -14.088729
v 105.781548 1.817041 -13.798633
v 110.505196 1.722615 -13.089760
v 109.504585 1.854275 -14.084617
v 110.211868 1.815638 -13.792665
v 105.490616 0.000376 -13.207318
v 106.490959 0.000000 -14.208678
v 105.783745 0.000110 -13.915690
v 110.505829 -0.000726 -13.203603
v 109.505508 0.000000 -14.206468
v 110.212708 -0.000213 -13.912432
v 105.489929 -1.725711 -13.094911
v 106.490211 -1.854731 -14.088079
v 105.783012 -1.816971 -13.797411
v 110.507126 -1.724919 -13.092186
v 109.507156 -1.854516 -14.086444
v 110.214256 -1.816528 -13.795007
v 105.484665 -3.423732 -12.762444
v 106.484848 -3.679043 -13.730375
v 105.777695 -3.604376 -13.447292
v 110.509712 -3.420753 -12.757768
v 109.510101 -3.678224 -13.727318
v 110.217087 -3.602700 -13.442925
v 105.476120 -5.065012 -12.214206
v 106.476128 -5.442927 -13.140388
v 105.769012 -5.332524 -12.869803
v 110.514374 -5.059803 -12.206543
v 109.515152 -5.440833 -13.135332
v 110.222031 -5.328946 -12.862607
v 105.466080 -6.621584 -11.457650
v 106.465858 -7.116549 -12.326226
v 105.758820 -6.972084 -12.072703
v 110.521103 -6.614138 -11.447683
v 109.522263 -7.112812 -12.319752
v 110.229027 -6.966248 -12.063452
v 105.456490 -8.066146 -10.503887
v 106.455986 -8.670567 -11.299703
v 105.749023 -8.494259 -11.067555
v 110.528587 -8.056552 -10.492952
v 109.530060 -8.665209 -11.292721
v 110.236740 -8.486215 -11.057532
v 105.449097 -9.372787 -9.367876
v 106.448288 -10.076785 -10.076785
v 105.741417 -9.871503 -9.870065
v 110.534767 -9.361145 -9.357073
v 109.536461 -10.069968 -10.069968
v 110.243073 -9.861445 -9.860253
v 105.444748 -10.518137 -8.068641
v 106.443649 -11.309571 -8.678139
v 105.736862 -11.078841 -8.500446
v 110.538475 -10.504683 -8.058779
v 109.540337 -11.301530 -8.671968
v 110.246895 -11.067063 -8.491545
v 105.443321 -11.482203 -6.628660
v 106.442009 -12.346918 -7.128496
v 105.735283 -12.094864 -6.982799
v 110.539429 -11.467175 -6.620162
v 109.541405 -12.337824 -7.123246
v 110.247940 -12.081601 -6.975194
v 105.443230 -12.249285 -5.073656
v 106.441788 -13.171955 -5.456003
v 105.735092 -12.903008 -5.344553
v 110.539490 -12.233492 -5.066690
v 109.541618 -13.162250 -5.451982
v 110.248108 -12.888926 -5.338595
v 105.442993 -12.807132 -3.431291
v 106.441460 -13.772027 -3.690203
v 105.734810 -13.490658 -3.614702
v 110.541008 -12.792171 -3.426038
v 109.543327 -13.762724 -3.687711
v 110.249756 -13.477212 -3.610735
v 105.442162 -13.146387 -1.730297
v 106.440536 -14.137423 -1.861227
v 105.733902 -13.848183 -1.823014
v 110.544693 -13.133988 -1.726779
v 109.547195 -14.129721 -1.860213
v 110.253571 -13.837051 -1.820996
v 105.441566 -13.260488 -0.000129
v 106.439819 -14.260928 0.000000
v 105.733215 -13.968626 -0.000038
v 110.549057 -13.251596 0.001797
v 109.551651 -14.255521 -0.000000
v 110.257996 -13.960759 0.000526
v 105.442795 -13.145993 1.729612
v 106.440971 -14.138348 1.861349
v 105.734390 -13.848149 1.822824
v 110.551041 -13.140149 1.730361
v 109.553566 -14.134917 1.860897
v 110.259941 -13.843100 1.822604
v 105.445488 -12.805196 3.429586
v 106.443665 -13.772177 3.690243
v 105.737106 -13.489215 3.613969
v 110.550728 -12.801725 3.429668
v 109.553154 -13.770229 3.689722
v 110.259552 -13.486302 3.613484
v 105.448151 -12.245352 5.070714
v 106.446373 -13.170315 5.455323
v 105.739792 -12.899551 5.342736
v 110.549362 -12.243343 5.070219
v 109.551689 -13.169179 5.454853
v 110.258102 -12.897856 5.342134
v 105.450264 -11.476687 6.624659
v 106.448547 -12.343594 7.126577
v 105.741936 -12.089834 6.979656
v 110.547188 -11.475083 6.623066
v 109.549385 -12.342459 7.125922
v 110.255844 -12.088261 6.978552
v 105.452385 -10.512150 8.064396
v 106.450729 -11.305675 8.675149
v 105.744102 -11.073524 8.496469
v 110.543304 -10.509831 8.060562
v 109.545296 -11.303679 8.673618
v 110.251808 -11.070900 8.493854
v 105.455406 -9.367595 9.364936
v 106.453850 -10.073761 10.073761
v 105.747200 -9.867398 9.866620
v 110.536613 -9.363530 9.357481
v 109.538330 -10.070271 10.070271
v 110.244942 -9.862803 9.861031
v 105.458855 -8.062955 10.504468
v 106.457436 -8.669829 11.298741
v 105.750740 -8.492726 11.066947
v 110.528610 -8.056810 10.492824
v 109.530067 -8.665030 11.292488
v 110.236755 -8.486239 11.057427
v 105.462463 -6.620882 11.463642
v 106.461212 -7.118570 12.329725
v 105.754471 -6.973472 12.077219
v 110.521751 -6.613950 11.448719
v 109.523018 -7.113604 12.321124
v 110.229752 -6.966587 12.064439
v 105.465706 -5.066039 12.226657
v 106.464691 -5.446774 13.149676
v 105.757874 -5.335839 12.880728
v 110.516525 -5.059862 12.209248
v 109.517578 -5.442506 13.139372
v 110.224373 -5.329853 12.865546
v 105.467171 -3.425133 12.781876
v 106.466446 -3.683247 13.746063
v 105.759567 -3.608071 13.465241
v 110.513519 -3.420786 12.762364
v 109.514374 -3.680126 13.734418
v 110.221230 -3.603743 13.448127
v 105.465919 -1.726355 13.120758
v 106.465462 -1.857606 14.109917
v 105.758499 -1.819395 13.821958
v 110.513123 -1.724589 13.099159
v 109.513763 -1.855901 14.096967
v 110.220673 -1.817209 13.802957
v 105.463058 0.001018 13.236589
v 106.462761 0.000000 14.234023
v 105.755737 0.000298 13.943849
v 110.513847 -0.000246 13.212616
v 109.514214 0.000000 14.219541
v 110.221207 -0.000072 13.922654
v 105.462051 1.727676 13.124244
v 106.461899 1.857969 14.112678
v 105.754837 1.820089 13.825309
v 110.512863 1.723224 13.098329
v 109.512856 1.855896 14.096932
v 110.219971 1.816756 13.802310
v 105.463348 3.424460 12.785293
v 106.463364 3.683675 13.747663
v 105.756256 3.608344 13.467996
v 110.510330 3.416781 12.758594
v 109.509941 3.679332 13.731454
v 110.217148 3.601842 13.444306
v 105.466354 5.061982 12.226170
v 106.466553 5.445285 13.146082
v 105.759392 5.333905 12.878786
v 110.507103 5.051224 12.200138
v 109.506378 5.438780 13.130376
v 110.213699 5.324382 12.855777
v 105.470467 6.611786 11.457271
v 106.470848 7.112418 12.319070
v 105.763641 6.966926 12.068628
v 110.503609 6.598159 11.433166
v 109.502563 7.104077 12.304623
v 110.209961 6.954757 12.047404
v 105.475464 8.047136 10.492164
v 106.476044 8.656282 11.281087
v 105.768768 8.479237 11.051801
v 110.499146 8.030481 10.470563
v 109.497780 8.646297 11.268075
v 110.205276 8.464561 11.032705
v 105.480789 9.343762 9.347942
v 106.481583 10.050531 10.050531
v 105.774246 9.845154 9.846378
v 110.493309 9.323628 9.328619
v 109.491631 10.038682 10.038682
v 110.199219 9.827617 9.829079
v 105.485649 10.479940 8.044971
v 106.486633 11.271990 8.649302
v 105.779251 11.041931 8.473777
v 110.487137 10.456133 8.027823
v 109.485199 11.258034 8.638594
v 110.192863 11.021235 8.458224
v 105.490128 11.436369 6.605467
v 106.491295 12.299977 7.101395
v 105.783844 12.049276 6.957437
v 110.480904 11.408912 6.590672
v 109.478752 12.283799 7.092055
v 110.186478 12.025308 6.943909
v 105.493538 12.197556 5.054019
v 106.494911 13.117886 5.433606
v 105.787407 12.850843 5.323470
v 110.475922 12.167102 5.042051
v 109.473640 13.099791 5.426111
v 110.181396 12.824096 5.312580
v 105.495125 12.751405 3.417122
v 106.496681 13.712977 3.674381
v 105.789124 13.434025 3.599751
v 110.473572 12.719147 3.408565
v 109.471245 13.693691 3.669214
v 110.179031 13.405568 3.592152
v 105.494537 13.088930 1.722462
v 106.496239 14.075787 1.853113
v 105.788651 13.789473 1.815205
v 110.474327 13.056217 1.717760
v 109.472000 14.056184 1.850532
v 110.179779 13.760571 1.811285
v 83.706268 3.376188 10.966929
v 82.785889 3.950962 11.967797
v 84.510788 4.104339 11.965271
v 83.058273 3.751023 11.260455
v 83.644341 4.072599 11.389156
v 83.627151 4.265903 11.966390
v 84.277962 3.859477 11.258669
v 83.705292 3.372438 17.030239
v 84.510513 4.100881 16.030916
v 82.785454 3.949436 16.030388
v 84.277489 3.855438 16.737806
v 83.644096 4.069427 16.608032
v 83.627068 4.263438 16.030804
v 83.057686 3.748351 16.737432
v 86.779427 1.947187 10.965557
v 86.818703 3.030234 11.962831
v 87.810112 1.612182 11.964114
v 86.781799 2.695263 11.256622
v 87.352280 2.347692 11.385977
v 87.510605 2.458378 11.962709
v 87.482834 1.692548 11.257529
v 86.772209 1.942101 17.029419
v 87.806007 1.608591 16.029545
v 86.813911 3.027571 16.030787
v 87.476532 1.687620 16.736578
v 87.345993 2.343278 16.607565
v 87.506020 2.455164 16.030437
v 86.775009 2.690991 16.737455
v 87.066032 -1.426710 10.971717
v 88.026138 -0.920481 11.969808
v 87.290375 -2.488665 11.974003
v 87.716103 -1.055227 11.263249
v 87.698929 -1.723655 11.394566
v 87.874733 -1.806142 11.971972
v 87.195839 -2.164100 11.266216
v 87.062363 -1.426512 17.025681
v 87.288986 -2.488687 16.024441
v 88.022896 -0.919614 16.026518
v 87.193336 -2.163893 16.731922
v 87.696037 -1.722906 16.602819
v 87.872536 -1.805462 16.025408
v 87.712288 -1.054391 16.733391
v 84.294411 -3.358351 10.977438
v 85.214813 -3.936289 11.978951
v 83.487602 -4.086507 11.979864
v 84.942406 -3.734529 11.271303
v 84.355003 -4.055011 11.402188
v 84.371910 -4.249413 11.980125
v 83.721085 -3.840749 11.271949
v 84.293999 -3.360836 17.023426
v 83.487823 -4.088324 16.022253
v 85.214302 -3.937222 16.022198
v 83.721146 -3.843301 16.729763
v 84.354942 -4.057168 16.599495
v 84.371895 -4.250868 16.021788
v 84.941948 -3.736455 16.729723
v 81.233856 -1.935547 10.976665
v 81.194962 -3.020607 11.977233
v 80.200302 -1.602918 11.975562
v 81.232666 -2.684338 11.269974
v 80.661186 -2.337334 11.399030
v 80.501831 -2.449133 11.976300
v 80.529335 -1.681880 11.268792
v 81.231995 -1.936944 17.025192
v 80.199074 -1.603798 16.026184
v 81.193665 -3.021592 16.024635
v 80.527672 -1.683088 16.732990
v 80.659576 -2.338506 16.602776
v 80.500572 -2.450049 16.025490
v 81.230957 -2.685619 16.731895
v 80.937019 1.429862 10.972255
v 79.977753 0.920440 11.973965
v 80.708038 2.491591 11.971770
v 80.288002 1.056030 11.266328
v 80.302750 1.724672 11.395559
v 80.126091 1.806786 11.973092
v 80.804390 2.167001 11.264776
v 80.935104 1.430034 17.028301
v 80.707359 2.491298 16.028913
v 79.976418 0.921051 16.027725
v 80.802963 2.167003 16.735838
v 80.301201 1.725110 16.605669
v 80.125069 1.807098 16.028324
v 80.286110 1.056671 16.734999
v 83.192474 3.256243 -17.010826
v 82.190910 3.679049 -16.004942
v 83.872131 4.104781 -16.011452
v 82.492310 3.523437 -16.713907
v 83.020844 3.934097 -16.585379
v 82.972900 4.123444 -16.007242
v 83.681114 3.824475 -16.718510
v 83.191895 3.258621 -10.989801
v 83.871124 4.105502 -11.987267
v 82.191475 3.680170 -11.993783
v 83.680023 3.826502 -11.280866
v 83.020309 3.936243 -11.413221
v 82.972618 4.124582 -11.990788
v 82.492325 3.525747 -11.285474
v 86.436333 2.346798 -17.025419
v 86.301575 3.422398 -16.024712
v 87.507790 2.182504 -16.031275
v 86.318680 3.085598 -16.731907
v 86.937607 2.834476 -16.605530
v 87.076317 2.969424 -16.028940
v 87.171600 2.208860 -16.736547
v 86.431732 2.344608 -10.977937
v 87.504265 2.179905 -11.973591
v 86.299629 3.421648 -11.977663
v 87.167198 2.205905 -11.267866
v 86.934166 2.832040 -11.398114
v 87.073784 2.967487 -11.974780
v 86.315392 3.083950 -11.270746
v 87.259537 -0.934602 -17.032778
v 88.125359 -0.282759 -16.034563
v 87.648277 -1.946247 -16.034477
v 87.842018 -0.465147 -16.741064
v 87.931282 -1.127255 -16.611992
v 88.116898 -1.180488 -16.035158
v 87.504669 -1.641411 -16.741003
v 87.249168 -0.929911 -10.976294
v 87.639977 -1.942975 -11.975554
v 88.119354 -0.280432 -11.972931
v 87.494362 -1.637279 -11.268763
v 87.922157 -1.123962 -11.396750
v 88.109680 -1.178028 -11.973492
v 87.833336 -0.461683 -11.266908
v 84.821617 -3.281580 -17.026878
v 85.817566 -3.706906 -16.030983
v 84.137047 -4.120764 -16.025854
v 85.518608 -3.552828 -16.736813
v 84.988571 -3.959505 -16.605875
v 85.034546 -4.146221 -16.028982
v 84.330299 -3.845470 -16.733187
v 84.818596 -3.261906 -10.988214
v 84.134254 -4.106435 -11.990767
v 85.815521 -3.695196 -11.982844
v 84.326813 -3.826894 -11.282981
v 84.985138 -3.942775 -11.409357
v 85.031746 -4.133276 -11.986290
v 85.515648 -3.536104 -11.277378
v 81.584366 -2.338562 -17.013872
v 81.714493 -3.413902 -16.016424
v 80.515434 -2.163192 -16.009972
v 81.698242 -3.077998 -16.722815
v 81.080986 -2.821144 -16.590500
v 80.942390 -2.953992 -16.012951
v 80.850380 -2.193612 -16.718252
v 81.601547 -2.319651 -11.001260
v 80.524399 -2.151533 -12.007286
v 81.727264 -3.402612 -12.003411
v 80.864899 -2.176719 -11.298207
v 81.096436 -2.805324 -11.428265
v 80.953789 -2.942488 -12.006835
v 81.715446 -3.061366 -11.295467
v 80.781998 0.921786 -17.005091
v 79.913467 0.269294 -16.003191
v 80.392845 1.936004 -16.001762
v 80.198807 0.451505 -16.710983
v 80.110565 1.114901 -16.579651
v 79.923630 1.168666 -16.001522
v 80.537773 1.630048 -16.709972
v 80.788513 0.923485 -11.001472
v 80.394852 1.936271 -12.000572
v 79.920815 0.269437 -12.004427
v 80.541489 1.630722 -11.293678
v 80.115639 1.114853 -11.425219
v 79.927933 1.168240 -12.002874
v 80.206291 0.452092 -11.296404
v -131.039536 9.523949 0.012528
v -130.040237 10.524196 0.000045
v -130.747147 10.231989 0.003703
v -109.001106 9.483599 0.009123
v -109.999336 10.487527 -0.000050
v -109.292747 10.192726 0.002634
v -131.036530 9.400846 -1.561619
v -130.037399 10.390315 -1.715431
v -130.744232 10.101143 -1.670485
v -108.998039 9.366473 -1.559277
v -109.996246 10.359527 -1.710384
v -109.289673 10.068031 -1.666021
v -131.034607 9.118568 -2.764897
v -130.035568 10.075911 -3.056482
v -130.742416 9.796055 -2.971243
v -108.995735 9.088911 -2.758571
v -109.994019 10.049636 -3.048540
v -109.287407 9.767702 -2.963445
v -131.033264 8.678339 -3.931287
v -130.034317 9.589711 -4.345033
v -130.741089 9.323246 -4.224062
v -108.994118 8.652756 -3.921386
v -109.992500 9.567048 -4.334783
v -109.285866 9.298788 -4.213490
v -131.032425 8.090123 -5.030272
v -130.033569 8.939919 -5.559194
v -130.740326 8.691435 -5.404534
v -108.993408 8.067735 -5.016997
v -109.991928 8.919846 -5.546718
v -109.285255 8.669852 -5.391308
v -131.031998 7.363861 -6.043226
v -130.033203 8.137547 -6.678311
v -130.739944 7.911315 -6.492608
v -108.993462 7.343996 -6.026619
v -109.992142 8.119366 -6.663387
v -109.285416 7.891890 -6.476573
v -131.032043 6.511840 -6.953005
v -130.033279 7.196253 -7.683363
v -130.740021 6.996135 -7.469812
v -108.993996 6.494255 -6.932951
v -109.992844 7.179702 -7.665680
v -109.286087 6.978597 -7.450703
v -131.032654 5.548554 -7.744311
v -130.033905 6.132139 -8.557403
v -130.740646 5.961520 -8.319685
v -108.994751 5.533328 -7.720448
v -109.993774 6.117193 -8.536520
v -109.286957 5.945873 -8.297066
v -131.034088 4.490397 -8.403842
v -130.035309 4.963329 -9.285767
v -130.742065 4.825083 -9.027967
v -108.995644 4.477760 -8.375682
v -109.994850 4.950158 -9.261080
v -109.287979 4.811524 -9.001243
v -131.036362 3.355439 -8.920366
v -130.037567 3.709585 -9.856188
v -130.744293 3.606083 -9.582691
v -108.996407 3.345798 -8.887601
v -109.995804 3.698703 -9.827202
v -109.288879 3.595115 -9.551401
v -131.038986 2.163041 -9.284588
v -130.040192 2.391927 -10.258504
v -130.746933 2.325047 -9.973938
v -108.997086 2.156860 -9.247412
v -109.996689 2.384185 -10.225185
v -109.289703 2.317443 -9.938114
v -131.041077 0.933614 -9.489532
v -130.042297 1.032666 -10.484955
v -130.749054 1.003729 -10.194162
v -108.997742 0.931258 -9.448966
v -109.997543 1.029062 -10.448178
v -109.290497 1.000341 -10.154756
v -131.041580 -0.311443 -9.530816
v -130.042877 -0.344730 -10.530565
v -130.749619 -0.335007 -10.238535
v -108.998314 -0.310060 -9.488873
v -109.998337 -0.343478 -10.492368
v -109.291214 -0.333664 -10.197661
v -131.039490 -1.550573 -9.406863
v -130.040802 -1.715937 -10.393458
v -130.747528 -1.667627 -10.105246
v -108.998825 -1.545860 -9.366484
v -109.999062 -1.709937 -10.356977
v -109.291893 -1.661756 -10.066113
v -131.035110 -2.762857 -9.119962
v -130.036316 -3.056586 -10.076355
v -130.743042 -2.970755 -9.796896
v -108.999336 -2.754694 -9.083935
v -109.999786 -3.046896 -10.044302
v -109.292542 -2.961112 -9.762355
v -131.030457 -3.927959 -8.676700
v -130.031479 -4.343699 -9.586836
v -130.738297 -4.222191 -9.320835
v -109.000633 -3.915438 -8.645549
v -110.001328 -4.331154 -9.559107
v -109.294006 -4.209134 -9.290959
v -131.027252 -5.026319 -8.085967
v -130.028000 -5.556020 -8.934846
v -130.734863 -5.401200 -8.686739
v -109.003227 -5.008029 -8.058573
v -110.004181 -5.540252 -8.909506
v -109.296799 -5.384041 -8.659749
v -131.026810 -6.039986 -7.358751
v -130.027252 -6.674161 -8.132478
v -130.734253 -6.488850 -7.906386
v -109.007149 -6.013812 -7.333127
v -110.008347 -6.653177 -8.106977
v -109.300903 -6.465477 -7.879794
v -131.029572 -6.952005 -6.507732
v -130.029770 -7.680206 -7.193258
v -130.736801 -7.467522 -6.993033
v -109.011681 -6.916039 -6.482148
v -110.013077 -7.651159 -7.166142
v -109.305557 -7.435246 -6.965243
v -131.034210 -7.746059 -5.546666
v -130.034241 -8.556798 -6.131669
v -130.741333 -8.320142 -5.960900
v -109.015732 -7.699913 -5.520942
v -110.017242 -8.517941 -6.103905
v -109.309692 -8.277542 -5.932585
v -131.038681 -8.407360 -4.490834
v -130.038620 -9.287579 -4.964282
v -130.745743 -9.030764 -4.826143
v -109.018585 -8.352498 -4.466421
v -110.020157 -9.239472 -4.938620
v -109.312592 -8.978688 -4.799785
v -131.041306 -8.923456 -3.357494
v -130.041199 -9.858356 -3.710411
v -130.748352 -9.585660 -3.607469
v -109.020157 -8.862763 -3.336661
v -110.021759 -9.803699 -3.689860
v -109.314178 -9.526974 -3.585985
v -131.041382 -9.284953 -2.165811
v -130.041199 -10.258287 -2.391907
v -130.748352 -9.974395 -2.325963
v -109.020889 -9.221780 -2.150725
v -110.022530 -10.200727 -2.378481
v -109.314949 -9.912809 -2.311495
v -131.039200 -9.485784 -0.936494
v -130.038910 -10.480488 -1.032263
v -130.746124 -10.190330 -1.004330
v -109.021423 -9.423010 -0.928662
v -110.023102 -10.423252 -1.026608
v -109.315506 -10.129104 -0.997803
v -131.035751 -9.523242 0.309084
v -130.035309 -10.522010 0.344424
v -130.742523 -10.230617 0.334110
v -109.022339 -9.462649 0.308721
v -110.024048 -10.466994 0.342642
v -109.316437 -10.171690 0.332670
v -131.032410 -9.397826 1.549234
v -130.031769 -10.383553 1.714306
v -130.739075 -10.095934 1.666138
v -109.024155 -9.339655 1.540171
v -110.025894 -10.330788 1.705597
v -109.318275 -10.039399 1.656964
v -131.029861 -9.112469 2.762139
v -130.029083 -10.068317 3.054169
v -130.736435 -9.789418 2.968958
v -109.026993 -9.056025 2.745063
v -110.028740 -10.017006 3.038600
v -109.321114 -9.734478 2.952303
v -131.027222 -8.671639 3.926389
v -130.026382 -9.581052 4.341091
v -130.733734 -9.315698 4.220083
v -109.029465 -8.617757 3.903304
v -110.031120 -9.532469 4.319088
v -109.323524 -9.263550 4.196852
v -131.023422 -8.082233 5.021647
v -130.022568 -8.929269 5.552533
v -130.729935 -8.682069 5.397593
v -109.030548 -8.033106 4.995302
v -110.032043 -8.886242 5.525817
v -109.324493 -8.635473 5.369880
v -131.017792 -7.353981 6.029019
v -130.016922 -8.123917 6.667060
v -130.724304 -7.899123 6.480767
v -109.029861 -7.312186 6.002768
v -110.031143 -8.089422 6.638833
v -109.323662 -7.861060 6.451949
v -131.010742 -6.499563 6.931694
v -130.009796 -7.179544 7.665437
v -130.717178 -6.980885 7.451062
v -109.027252 -6.467021 6.908959
v -110.028313 -7.155325 7.639702
v -109.320900 -6.953223 7.425139
v -131.003754 -5.534356 7.715326
v -130.002686 -6.113664 8.531523
v -130.710114 -5.944283 8.292871
v -109.022667 -5.511574 7.698833
v -110.023476 -6.099464 8.511867
v -109.316132 -5.926980 8.273327
v -130.998718 -4.475713 8.367995
v -129.997482 -4.945519 9.252359
v -130.704956 -4.808046 8.993574
v -109.016159 -4.461650 8.359067
v -110.016701 -4.939244 9.240800
v -109.309441 -4.799230 8.982306
v -130.997070 -3.342128 8.879780
v -129.995667 -3.695018 9.817439
v -130.703186 -3.591688 9.542879
v -109.008186 -3.334711 8.878011
v -110.008461 -3.693610 9.813883
v -109.301270 -3.588461 9.539698
v -130.998962 -2.152697 9.242313
v -129.997452 -2.382434 10.217833
v -130.704987 -2.315135 9.932060
v -108.999855 -2.149753 9.245685
v -109.999908 -2.382955 10.220229
v -109.292770 -2.314662 9.934842
v -131.003204 -0.927244 9.448619
v -130.001724 -1.028785 10.445848
v -130.709274 -0.999034 10.153663
v -108.992973 -0.926516 9.454171
v -109.992889 -1.029270 10.450826
v -109.285812 -0.999184 10.159016
v -131.007782 0.314075 9.493556
v -130.006393 0.343626 10.495557
v -130.713882 0.334967 10.201963
v -108.987869 0.314550 9.499613
v -109.987648 0.343810 10.501080
v -109.280609 0.335244 10.207871
v -131.011734 1.550822 9.375502
v -130.010468 1.711302 10.365012
v -130.717957 1.664279 10.075074
v -108.983810 1.551575 9.381682
v -109.983421 1.712226 10.370617
v -109.276413 1.665191 10.081079
v -131.015228 2.762214 9.096439
v -130.014069 3.050618 10.056441
v -130.721512 2.966118 9.775167
v -108.981224 2.762521 9.101907
v -109.980690 3.052023 10.061113
v -109.273735 2.967258 9.780265
v -131.018814 3.927752 8.661373
v -130.017731 4.338648 9.575522
v -130.725159 4.218279 9.307729
v -108.980286 3.926230 8.664961
v -109.979614 4.339637 9.577773
v -109.272705 4.218574 9.310464
v -131.023163 5.027695 8.078092
v -130.022186 5.553669 8.930951
v -130.729584 5.399640 8.681192
v -108.980980 5.022336 8.078485
v -109.980194 5.552465 8.929105
v -109.273323 5.397168 8.679925
v -131.028687 6.043261 7.356705
v -130.027802 6.675292 8.133791
v -130.735168 6.490297 7.906336
v -108.983185 6.031646 7.352869
v -109.982285 6.669313 8.126611
v -109.275436 6.482420 7.899838
v -131.034821 6.956554 6.509298
v -130.034134 7.684245 7.197014
v -130.741455 7.471387 6.995845
v -108.986694 6.936668 6.500930
v -109.985687 7.670774 7.184504
v -109.278877 7.455481 6.984031
v -131.040329 7.750856 5.549801
v -130.039902 8.562303 6.135614
v -130.747131 8.325104 5.964367
v -108.991180 7.721947 5.537704
v -109.990082 8.539653 6.119473
v -109.283295 8.299685 5.948744
v -131.043701 8.411374 4.494015
v -130.043594 9.292871 4.967125
v -130.750717 9.035336 4.828901
v -108.996048 8.374476 4.480061
v -109.994843 9.261407 4.950366
v -109.288086 9.000980 4.812271
v -131.044342 8.926264 3.359689
v -130.044510 9.862361 3.711934
v -130.751587 9.588965 3.609057
v -109.000397 8.883906 3.346305
v -109.999069 9.824522 3.697718
v -109.292351 9.548239 3.594498
v -131.043106 9.290340 2.156073
v -130.043442 10.261364 2.392629
v -130.750458 9.977797 2.323539
v -109.003006 9.245781 2.145558
v -110.001495 10.220768 2.383158
v -109.294830 9.934361 2.313371
v -131.041611 9.457709 1.257513
v -130.042130 10.450805 1.375875
v -130.749084 10.160765 1.341317
v -109.003212 9.413787 1.249573
v -110.001579 10.410582 1.370579
v -109.294952 10.117795 1.335027
v -110.488380 13.187146 -0.002414
v -109.489677 14.192178 0.000000
v -110.196404 13.896598 -0.000707
v -105.498360 13.201702 -0.000475
v -106.496284 14.200943 -0.000000
v -105.789780 13.909485 -0.000139
v -110.493713 13.079429 -1.725102
v -109.495041 14.075219 -1.853038
v -110.201759 13.782804 -1.815467
v -105.498161 13.088932 -1.723279
v -106.496124 14.080689 -1.853758
v -105.789619 13.790965 -1.815641
v -110.499504 12.748235 -3.419017
v -109.500877 13.717659 -3.675636
v -110.207581 13.433459 -3.600404
v -105.497993 12.752106 -3.417329
v -106.495987 13.719555 -3.676143
v -105.789474 13.436457 -3.600409
v -110.504410 12.197950 -5.055007
v -109.505844 13.124611 -5.436392
v -110.212532 12.853239 -5.324704
v -105.496658 12.197976 -5.053692
v -106.494675 13.124313 -5.436269
v -105.788147 12.852954 -5.324198
v -110.507408 11.437069 -6.604528
v -109.508873 12.305361 -7.104504
v -110.215546 12.051126 -6.958112
v -105.494164 11.435922 -6.604309
v -106.492233 12.304762 -7.104157
v -105.785690 12.050202 -6.957707
v -110.508522 10.478434 -8.041072
v -109.509933 11.273972 -8.650823
v -110.216637 11.040902 -8.472183
v -105.490990 10.478350 -8.042757
v -106.489166 11.274420 -8.651166
v -105.782600 11.041317 -8.473014
v -110.509529 9.339679 -9.340863
v -109.510811 10.049447 -10.049447
v -110.217545 9.841325 -9.841671
v -105.486992 9.341615 -9.344628
v -106.485291 10.051174 -10.051174
v -105.778687 9.843586 -9.844468
v -110.511818 8.041540 -10.482080
v -109.512978 8.653324 -11.277232
v -110.219742 8.473852 -11.043965
v -105.483078 8.044903 -10.486599
v -106.481567 8.655410 -11.279950
v -105.774902 8.476882 -11.047956
v -110.514435 6.605812 -11.444303
v -109.515472 7.108476 -12.312242
v -110.222275 6.961074 -12.057726
v -105.481667 6.609269 -11.447142
v -106.480453 7.109755 -12.314456
v -105.773712 6.963341 -12.060729
v -110.516884 5.056755 -12.210727
v -109.517807 5.441182 -13.136175
v -110.224655 5.328594 -12.865137
v -105.483299 5.059109 -12.209472
v -106.482430 5.441126 -13.136039
v -105.775574 5.329228 -12.864635
v -110.518219 3.420859 -12.767310
v -109.519058 3.680077 -13.734236
v -110.225922 3.604274 -13.451477
v -105.486893 3.421773 -12.761287
v -106.486336 3.679201 -13.730967
v -105.779404 3.603683 -13.446508
v -110.517479 1.726113 -13.103571
v -109.518196 1.855706 -14.095483
v -110.225098 1.817848 -13.805713
v -105.490959 1.726071 -13.094315
v -106.490669 1.854980 -14.089970
v -105.783646 1.817124 -13.797594
v -110.515007 0.001415 -13.214024
v -109.515526 0.000000 -14.214180
v -110.222473 0.000414 -13.922062
v -105.494110 0.001312 -13.204098
v -106.494041 0.000000 -14.208187
v -105.786964 0.000384 -13.913275
v -110.512909 -1.723682 -13.098673
v -109.513161 -1.855031 -14.090363
v -110.220184 -1.816655 -13.800626
v -105.495186 -1.722619 -13.089872
v -106.495316 -1.854338 -14.085097
v -105.788177 -1.815664 -13.792881
v -110.512672 -3.418919 -12.761048
v -109.512741 -3.678167 -13.727106
v -110.219833 -3.602440 -13.444921
v -105.496109 -3.415423 -12.751991
v -106.496498 -3.676671 -13.721521
v -105.789284 -3.599947 -13.436786
v -110.511848 -5.054144 -12.205008
v -109.511803 -5.437839 -13.128103
v -110.218918 -5.325858 -12.858703
v -105.499634 -5.047583 -12.193995
v -106.500374 -5.434924 -13.121065
v -105.793045 -5.321074 -12.848565
v -110.508438 -6.600702 -11.438579
v -109.508308 -7.102686 -12.302215
v -110.215462 -6.956338 -12.050437
v -105.506332 -6.591203 -11.425164
v -106.507439 -7.097765 -12.293690
v -105.800003 -6.948718 -12.038129
v -110.501686 -8.031616 -10.474525
v -109.501457 -8.643103 -11.263910
v -110.208633 -8.464928 -11.033911
v -105.514717 -8.020511 -10.460067
v -106.516113 -8.636433 -11.255219
v -105.808594 -8.455109 -11.021119
v -110.492485 -9.322734 -9.330196
v -109.492073 -10.032722 -10.032722
v -110.199303 -9.825747 -9.827932
v -105.522263 -9.312363 -9.317214
v -106.523834 -10.025723 -10.025723
v -105.816269 -9.815807 -9.817228
v -110.483307 -10.453300 -8.027245
v -109.482666 -11.249448 -8.632005
v -110.189957 -11.017027 -8.455462
v -105.526756 -10.446124 -8.017693
v -106.528412 -11.243993 -8.627818
v -105.820831 -11.009537 -8.448529
v -110.475479 -11.404793 -6.589276
v -109.474632 -12.273881 -7.086329
v -110.181976 -12.019665 -6.940938
v -105.528091 -11.402558 -6.583886
v -106.529800 -12.271502 -7.084955
v -105.822189 -12.016661 -6.938003
v -110.469093 -12.161302 -5.040854
v -109.468056 -13.088675 -5.421507
v -110.175468 -12.816923 -5.309962
v -105.528519 -12.163852 -5.038970
v -106.530334 -13.089599 -5.421890
v -105.822693 -12.818584 -5.309789
v -110.464363 -12.710536 -3.408083
v -109.463142 -13.680154 -3.665586
v -110.170609 -13.395712 -3.590045
v -105.529610 -12.716140 -3.408272
v -106.531563 -13.683320 -3.666435
v -105.823883 -13.400487 -3.590941
v -110.461464 -13.043613 -1.718581
v -109.460106 -14.038626 -1.848220
v -110.167610 -13.746659 -1.810179
v -105.531685 -13.049904 -1.719581
v -106.533737 -14.042400 -1.848717
v -105.826035 -13.752239 -1.810964
v -110.459755 -13.154479 -0.001152
v -109.458351 -14.157631 0.000000
v -110.165863 -13.863403 -0.000337
v -105.534798 -13.159373 -0.002206
v -106.536934 -14.160544 -0.000000
v -105.829201 -13.867722 -0.000646
v -110.457413 -13.039714 1.715094
v -109.455994 -14.033610 1.847560
v -110.163513 -13.742290 1.808733
v -105.539345 -13.042422 1.714304
v -106.541534 -14.035123 1.847759
v -105.833778 -13.744583 1.808699
v -110.454155 -12.700963 3.401675
v -109.452675 -13.668687 3.662513
v -110.160217 -13.385191 3.586101
v -105.544479 -12.701901 3.400836
v -106.546669 -13.669081 3.662619
v -105.838928 -13.385858 3.585960
v -110.452263 -12.145930 5.030752
v -109.450684 -13.071391 5.414348
v -110.158264 -12.800436 5.302039
v -105.548546 -12.145140 5.029109
v -106.550629 -13.070652 5.414042
v -105.842918 -12.799470 5.301254
v -110.453499 -11.385503 6.575268
v -109.451836 -12.253437 7.074525
v -110.159431 -11.999511 6.928461
v -105.550034 -11.382806 6.572119
v -106.551926 -12.251434 7.073369
v -105.844261 -11.996732 6.926391
v -110.458107 -10.432756 8.009156
v -109.456436 -11.228568 8.615983
v -110.164040 -10.995919 8.438584
v -105.548218 -10.428230 8.004314
v -106.549873 -11.225487 8.613619
v -105.842270 -10.991537 8.434821
v -110.464249 -9.302311 9.307302
v -109.462654 -10.012283 10.012283
v -110.170235 -9.804810 9.806272
v -105.543571 -9.296847 9.301594
v -106.544968 -10.008954 10.008954
v -105.837440 -9.799911 9.801301
v -110.470505 -8.011681 10.447290
v -109.468987 -8.623875 11.238853
v -110.176529 -8.444933 11.007486
v -105.536743 -8.006598 10.442218
v -106.537888 -8.621285 11.235478
v -105.830444 -8.440882 11.002661
v -110.477730 -6.582697 11.410584
v -109.476280 -7.087216 12.275419
v -110.183815 -6.939627 12.022429
v -105.527046 -6.578986 11.407751
v -106.527885 -7.085926 12.273183
v -105.820534 -6.937264 12.019389
v -110.486504 -5.039810 12.181027
v -109.485168 -5.428164 13.104746
v -110.192673 -5.314431 12.834228
v -105.514732 -5.037768 12.181407
v -106.515251 -5.428064 13.104505
v -105.807983 -5.313735 12.834102
v -110.496414 -3.409152 12.744839
v -109.495239 -3.674116 13.711989
v -110.202690 -3.596441 13.428460
v -105.501434 -3.408504 12.748313
v -106.501678 -3.674614 13.713847
v -105.794495 -3.596741 13.431306
v -110.506134 -1.718402 13.090959
v -109.505211 -1.854313 14.084908
v -110.212601 -1.814451 13.793371
v -105.489868 -1.718808 13.095979
v -106.489914 -1.854712 14.087934
v -105.782791 -1.814961 13.797812
v -110.513657 0.003536 13.211384
v -109.513039 0.000000 14.214385
v -110.220337 0.001036 13.920280
v -105.483131 0.003093 13.215430
v -106.483086 0.000000 14.216817
v -105.775986 0.000906 13.923850
v -110.518059 1.726819 13.103002
v -109.517769 1.855977 14.097546
v -110.224960 1.818110 13.805967
v -105.479103 1.727526 13.106460
v -106.478889 1.856251 14.099628
v -105.771843 1.818586 13.809019
v -110.519363 3.421273 12.767509
v -109.519348 3.680698 13.736551
v -110.226463 3.604609 13.452333
v -105.476357 3.423831 12.771977
v -106.475914 3.681470 13.739433
v -105.768936 3.606115 13.456466
v -110.518379 5.057312 12.211401
v -109.518616 5.442152 13.138515
v -110.225647 5.329174 12.866340
v -105.474098 5.062442 12.218291
v -106.473412 5.444071 13.143148
v -105.766510 5.332556 12.872895
v -110.516235 6.606543 11.445333
v -109.516685 7.109950 12.314794
v -110.223663 6.961982 12.059228
v -105.472008 6.614929 11.455197
v -106.471077 7.113795 12.321454
v -105.764244 6.968204 12.068639
v -110.513535 8.041896 10.483429
v -109.514244 8.655485 11.280047
v -110.221138 8.474922 11.045619
v -105.470627 8.053694 10.495692
v -106.469490 8.661709 11.288159
v -105.762726 8.484471 11.057155
v -110.509201 9.337627 9.341899
v -109.510193 10.051189 10.051189
v -110.217010 9.841043 9.842294
v -105.472076 9.352290 9.355144
v -106.470825 10.059624 10.059624
v -105.764084 9.853600 9.854435
v -110.502441 10.471252 8.039625
v -109.503616 11.271866 8.649206
v -110.210373 11.036019 8.469626
v -105.477806 10.487641 8.052202
v -106.476517 11.281751 8.656792
v -105.769775 11.050514 8.480749
v -110.495483 11.425027 6.600276
v -109.496758 12.298067 7.100292
v -110.203499 12.040937 6.953020
v -105.485558 11.441917 6.610750
v -106.484154 12.308410 7.106263
v -105.777458 12.056043 6.961952
v -110.489716 12.183660 5.049478
v -109.491058 13.113891 5.431952
v -110.197769 12.840024 5.319345
v -105.492821 12.200400 5.057168
v -106.491264 13.124088 5.436176
v -105.784615 12.854956 5.325751
v -110.485931 12.735082 3.413687
v -109.487289 13.706693 3.672697
v -110.194000 13.420734 3.596466
v -105.497925 12.751579 3.418656
v -106.496178 13.716655 3.675366
v -105.789589 13.435371 3.600547
v -110.485085 13.071059 1.720163
v -109.486389 14.067730 1.852052
v -110.193108 13.774462 1.813245
v -105.499756 13.087231 1.722980
v -106.497833 14.077481 1.853335
v -105.791290 13.788795 1.815333
v -83.707642 3.340410 10.995768
v -84.512756 4.068254 11.994465
v -82.788475 3.917558 11.994302
v -84.279732 3.823203 11.287807
v -83.646721 4.037521 11.416938
v -83.629784 4.231308 11.993877
v -83.060486 3.716644 11.287691
v -83.709290 3.343649 17.006489
v -82.789291 3.918211 16.006557
v -84.513252 4.071778 16.009359
v -83.061554 3.718507 16.713572
v -83.647247 4.040231 16.585409
v -83.630043 4.233372 16.008495
v -84.280579 3.827095 16.715553
v -80.968147 1.417703 11.001764
v -80.738358 2.477090 11.996753
v -80.012016 0.906865 12.002222
v -80.833984 2.153709 11.291221
v -80.333504 1.711266 11.421974
v -80.157898 1.792491 11.998652
v -80.320381 1.043392 11.295088
v -80.973747 1.416590 16.994835
v -80.016205 0.905254 15.992678
v -80.740944 2.476844 16.000225
v -80.325851 1.041562 16.700340
v -80.338089 1.709721 16.573917
v -80.161232 1.791274 15.997045
v -80.838318 2.152843 16.705677
v -81.275597 -1.903759 11.013165
v -80.241859 -1.571193 12.013369
v -81.240555 -2.989101 12.018282
v -80.570724 -1.650222 11.306070
v -80.704651 -2.305895 11.438652
v -80.545944 -2.417675 12.016795
v -81.276909 -2.652834 11.309545
v -81.282631 -1.898542 16.980709
v -81.245384 -2.985836 15.974945
v -80.246162 -1.567808 15.980221
v -81.283478 -2.648224 16.683899
v -80.710762 -2.301496 16.554729
v -80.550583 -2.414359 15.976446
v -80.576920 -1.645527 16.687630
v -84.290680 -3.307886 11.016517
v -83.483330 -4.033719 12.019371
v -85.210548 -3.884533 12.017405
v -83.717056 -3.789413 11.311337
v -84.350800 -4.003824 11.441165
v -84.367508 -4.197165 12.019072
v -84.938385 -3.683924 11.309946
v -84.291367 -3.300392 16.979300
v -85.211304 -3.880959 15.978282
v -83.482933 -4.028220 15.974258
v -84.939041 -3.677864 16.685839
v -84.350761 -3.997383 16.553421
v -84.367393 -4.192516 15.975168
v -83.716896 -3.781994 16.682995
v -87.022537 -1.406026 11.009089
v -87.247520 -2.468399 12.011430
v -87.983704 -0.900621 12.006675
v -87.152435 -2.143534 11.303639
v -87.655777 -1.703374 11.431699
v -87.832085 -1.786159 12.009039
v -87.672997 -1.034948 11.300277
v -87.026039 -1.405259 16.992683
v -87.987122 -0.901336 15.997074
v -87.248116 -2.467487 15.988977
v -87.676895 -1.035375 16.702881
v -87.658363 -1.703637 16.570404
v -87.833923 -1.786484 15.993153
v -87.154335 -2.142811 16.697155
v -86.740273 1.921529 10.999858
v -87.773895 1.586905 12.000813
v -86.783607 3.007107 11.997325
v -87.444344 1.666224 11.293466
v -87.314682 2.322060 11.421665
v -87.474991 2.433843 11.998781
v -86.744102 2.670458 11.290999
v -86.748741 1.927475 17.005650
v -86.789177 3.010029 16.010044
v -87.778526 1.591130 16.006525
v -86.752098 2.675372 16.715740
v -87.322044 2.327222 16.585823
v -87.480270 2.437540 16.009253
v -87.451675 1.672059 16.713251
v -84.232666 3.323982 -16.988100
v -85.141655 3.918235 -15.989602
v -83.414932 4.038629 -15.989243
v -84.873169 3.711823 -16.696205
v -84.281372 4.022488 -16.566864
v -84.294945 4.217156 -15.989906
v -83.652191 3.796955 -16.695950
v -84.232300 3.333749 -11.003653
v -83.414757 4.046129 -12.002280
v -85.141869 3.924132 -12.003538
v -83.652016 3.806307 -11.295611
v -84.281548 4.030810 -11.425508
v -84.295174 4.223771 -12.002638
v -84.873268 3.720042 -11.296501
v -81.242920 1.860814 -16.986166
v -81.181290 2.946674 -15.986282
v -80.213615 1.509511 -15.984833
v -81.226959 2.610028 -16.693386
v -80.661888 2.252029 -16.562866
v -80.499138 2.361619 -15.985335
v -80.542717 1.593800 -16.692360
v -81.228439 1.868920 -11.001447
v -80.203438 1.515788 -12.001468
v -81.172691 2.951616 -12.002130
v -80.529312 1.601899 -11.294338
v -80.649818 2.259526 -11.424474
v -80.489899 2.367481 -12.001928
v -81.214684 2.617183 -11.294806
v -81.011902 -1.456820 -16.983612
v -80.040405 -0.967517 -15.984186
v -80.800316 -2.523805 -15.983397
v -80.355057 -1.096129 -16.691114
v -80.382065 -1.764362 -16.561152
v -80.205444 -1.850601 -15.983855
v -80.892395 -2.196590 -16.690556
v -80.992989 -1.465804 -11.002048
v -80.788078 -2.529027 -12.001091
v -80.028374 -0.973921 -11.999965
v -80.875282 -2.204338 -11.294339
v -80.365799 -1.772200 -11.423075
v -80.193192 -1.856524 -11.999973
v -80.338089 -1.104712 -11.293543
v -83.769035 -3.314147 -16.984163
v -82.858231 -3.908894 -15.982084
v -84.587242 -4.030967 -15.983280
v -83.127342 -3.701440 -16.689873
v -83.719719 -4.012605 -16.559933
v -83.705902 -4.208308 -15.982141
v -84.349937 -3.787759 -16.690720
v -83.766083 -3.328461 -11.005215
v -84.585670 -4.038904 -12.007194
v -82.856796 -3.919773 -12.005392
v -84.347755 -3.799670 -11.299457
v -83.718079 -4.024978 -11.429019
v -83.704796 -4.217792 -12.006689
v -83.125259 -3.715432 -11.298183
v -86.761551 -1.861787 -16.986639
v -86.820084 -2.945611 -15.987568
v -87.788826 -1.511377 -15.988718
v -86.776375 -2.610229 -16.694330
v -87.341507 -2.253523 -16.565598
v -87.502769 -2.362452 -15.988693
v -87.461380 -1.596073 -16.695143
v -86.765297 -1.865323 -11.007441
v -87.791740 -1.512984 -12.007520
v -86.823288 -2.949003 -12.007387
v -87.464767 -1.598429 -11.300390
v -87.344864 -2.256188 -11.430105
v -87.505775 -2.364707 -12.007460
v -86.779968 -2.613847 -11.300297
v -86.991608 1.459293 -16.988333
v -87.961029 0.968021 -15.987282
v -87.201622 2.525599 -15.987535
v -87.647682 1.097574 -16.694744
v -87.620583 1.765950 -16.564697
v -87.796188 1.851566 -15.987073
v -87.110703 2.198948 -16.694923
v -86.997826 1.462957 -11.006269
v -87.206184 2.528054 -12.006519
v -87.964775 0.970176 -12.007659
v -87.116676 2.202219 -11.299298
v -87.626045 1.768862 -11.429794
v -87.800407 1.853770 -12.007388
v -87.653076 1.100633 -11.300104
v 83.058273 3.751023 11.260455
v 83.644341 4.072599 11.389156
v 84.277962 3.859477 11.258669
v 84.277489 3.855438 16.737806
v 83.644096 4.069427 16.608032
v 83.057686 3.748351 16.737432
v 86.781799 2.695263 11.256622
v 87.352280 2.347692 11.385977
v 87.482834 1.692548 11.257529
v 87.476532 1.687620 16.736578
v 87.345993 2.343278 16.607565
v 86.775009 2.690991 16.737455
v 87.716103 -1.055227 11.263249
v 87.698929 -1.723655 11.394566
v 87.195839 -2.164100 11.266216
v 87.193336 -2.163893 16.731922
v 87.696037 -1.722906 16.602819
v 87.712288 -1.054391 16.733391
v 84.942406 -3.734529 11.271303
v 84.355003 -4.055011 11.402188
v 83.721085 -3.840749 11.271949
v 83.721146 -3.843301 16.729763
v 84.354942 -4.057168 16.599495
v 84.941948 -3.736455 16.729723
v 81.232666 -2.684338 11.269974
v 80.661186 -2.337334 11.399030
v 80.529335 -1.681880 11.268792
v 80.527672 -1.683088 16.732990
v 80.659576 -2.338506 16.602776
v 81.230957 -2.685619 16.731895
v 80.288002 1.056030 11.266328
v 80.302750 1.724672 11.395559
v 80.804390 2.167001 11.264776
v 80.802963 2.167003 16.735838
v 80.301201 1.725110 16.605669
v 80.286110 1.056671 16.734999
v 82.492310 3.523437 -16.713907
v 83.020844 3.934097 -16.585379
v 83.681114 3.824475 -16.718510
v 83.680023 3.826502 -11.280866
v 83.020309 3.936243 -11.413221
v 82.492325 3.525747 -11.285474
v 86.318680 3.085598 -16.731907
v 86.937607 2.834476 -16.605530
v 87.171600 2.208860 -16.736547
v 87.167198 2.205905 -11.267866
v 86.934166 2.832040 -11.398114
v 86.315392 3.083950 -11.270746
v 87.842018 -0.465147 -16.741064
v 87.931282 -1.127255 -16.611992
v 87.504669 -1.641411 -16.741003
v 87.494362 -1.637279 -11.268763
v 87.922157 -1.123962 -11.396750
v 87.833336 -0.461683 -11.266908
v 85.518608 -3.552828 -16.736813
v 84.988571 -3.959505 -16.605875
v 84.330299 -3.845470 -16.733187
v 84.326813 -3.826894 -11.282981
v 84.985138 -3.942775 -11.409357
v 85.515648 -3.536104 -11.277378
v 81.698242 -3.077998 -16.722815
v 81.080986 -2.821144 -16.590500
v 80.850380 -2.193612 -16.718252
v 80.864899 -2.176719 -11.298207
v 81.096436 -2.805324 -11.428265
v 81.715446 -3.061366 -11.295467
v 80.198807 0.451505 -16.710983
v 80.110565 1.114901 -16.579651
v 80.537773 1.630048 -16.709972
v 80.541489 1.630722 -11.293678
v 80.115639 1.114853 -11.425219
v 80.206291 0.452092 -11.296404
v -84.279732 3.823203 11.287807
v -83.646721 4.037521 11.416938
v -83.060486 3.716644 11.287691
v -83.061554 3.718507 16.713572
v -83.647247 4.040231 16.585409
v -84.280579 3.827095 16.715553
v -80.833984 2.153709 11.291221
v -80.333504 1.711266 11.421974
v -80.320381 1.043392 11.295088
v -80.325851 1.041562 16.700340
v -80.338089 1.709721 16.573917
v -80.838318 2.152843 16.705677
v -80.570724 -1.650222 11.306070
v -80.704651 -2.305895 11.438652
v -81.276909 -2.652834 11.309545
v -81.283478 -2.648224 16.683899
v -80.710762 -2.301496 16.554729
v -80.576920 -1.645527 16.687630
v -83.717056 -3.789413 11.311337
v -84.350800 -4.003824 11.441165
v -84.938385 -3.683924 11.309946
v -84.939041 -3.677864 16.685839
v -84.350761 -3.997383 16.553421
v -83.716896 -3.781994 16.682995
v -87.152435 -2.143534 11.303639
v -87.655777 -1.703374 11.431699
v -87.672997 -1.034948 11.300277
v -87.676895 -1.035375 16.702881
v -87.658363 -1.703637 16.570404
v -87.154335 -2.142811 16.697155
v -87.444344 1.666224 11.293466
v -87.314682 2.322060 11.421665
v -86.744102 2.670458 11.290999
v -86.752098 2.675372 16.715740
v -87.322044 2.327222 16.585823
v -87.451675 1.672059 16.713251
v -84.873169 3.711823 -16.696205
v -84.281372 4.022488 -16.566864
v -83.652191 3.796955 -16.695950
v -83.652016 3.806307 -11.295611
v -84.281548 4.030810 -11.425508
v -84.873268 3.720042 -11.296501
v -81.226959 2.610028 -16.693386
v -80.661888 2.252029 -16.562866
v -80.542717 1.593800 -16.692360
v -80.529312 1.601899 -11.294338
v -80.649818 2.259526 -11.424474
v -81.214684 2.617183 -11.294806
v -80.355057 -1.096129 -16.691114
v -80.382065 -1.764362 -16.561152
v -80.892395 -2.196590 -16.690556
v -80.875282 -2.204338 -11.294339
v -80.365799 -1.772200 -11.423075
v -80.338089 -1.104712 -11.293543
v -83.127342 -3.701440 -16.689873
v -83.719719 -4.012605 -16.559933
v -84.349937 -3.787759 -16.690720
v -84.347755 -3.799670 -11.299457
v -83.718079 -4.024978 -11.429019
v -83.125259 -3.715432 -11.298183
v -86.776375 -2.610229 -16.694330
v -87.341507 -2.253523 -16.565598
v -87.461380 -1.596073 -16.695143
v -87.464767 -1.598429 -11.300390
v -87.344864 -2.256188 -11.430105
v -86.779968 -2.613847 -11.300297
v -87.647682 1.097574 -16.694744
v -87.620583 1.765950 -16.564697
v -87.110703 2.198948 -16.694923
v -87.116676 2.202219 -11.299298
v -87.626045 1.768862 -11.429794
v -87.653076 1.100633 -11.300104
v -107.310852 11.652742 -1.909679
v -107.306610 11.797068 0.002704
v 112.074287 11.763113 0.002461
v 112.078934 11.621354 -1.904792
v -107.315643 11.305397 -3.397912
v 112.081039 11.276321 -3.389174
v -107.321205 10.763531 -4.831767
v 112.080528 10.735973 -4.819066
v -107.326897 10.036735 -6.183241
v 112.077599 10.010305 -6.166452
v -107.332275 9.137300 -7.428886
v 112.073425 9.112557 -7.408418
v -107.337212 8.080842 -8.547250
v 112.069946 8.059229 -8.524707
v -107.341660 6.885760 -9.519178
v 112.069321 6.869188 -9.497720
v -107.345161 5.572585 -10.327732
v 112.071304 5.561874 -10.310624
v -107.347153 4.163862 -10.958697
v 112.074188 4.158218 -10.947905
v -107.347488 2.683979 -11.401293
v 112.076744 2.681679 -11.397190
v -107.346466 1.158560 -11.648335
v 112.078583 1.157750 -11.649968
v -107.344673 -0.386169 -11.696303
v 112.079880 -0.386903 -11.701741
v -107.342506 -1.923794 -11.544885
v 112.081161 -1.925403 -11.552072
v -107.339005 -3.427834 -11.195798
v 112.084068 -3.431448 -11.205070
v -107.333038 -4.872002 -10.653941
v 112.089485 -4.879681 -10.667537
v -107.324326 -6.231012 -9.928472
v 112.097214 -6.245666 -9.948455
v -107.313751 -7.481565 -9.032689
v 112.106216 -7.505877 -9.059238
v -107.303146 -8.603100 -7.983366
v 112.114838 -8.637927 -8.013992
v -107.294479 -9.577875 -6.799596
v 112.121674 -9.621475 -6.829966
v -107.288620 -10.390146 -5.501644
v 112.126877 -10.439747 -5.527916
v -107.284866 -11.025628 -4.110793
v 112.131416 -11.079665 -4.130873
v -107.281914 -11.472328 -2.649950
v 112.136330 -11.531429 -2.663078
v -107.279419 -11.722172 -1.143971
v 112.141609 -11.787445 -1.149376
v -107.277092 -11.770560 0.381167
v 112.145905 -11.842067 0.384705
v -107.274574 -11.616325 1.899031
v 112.147491 -11.692636 1.912884
v -107.272369 -11.262753 3.383575
v 112.146790 -11.342022 3.408704
v -107.272392 -10.717859 4.810022
v 112.143753 -10.796135 4.845957
v -107.275589 -9.991851 6.154888
v 112.137962 -10.063972 6.199219
v -107.281769 -9.096788 7.395948
v 112.129272 -9.158133 7.444536
v -107.290565 -8.047279 8.512632
v 112.118294 -8.094851 8.560272
v -107.301704 -6.860524 9.486440
v 112.106468 -6.893569 9.527910
v -107.314903 -5.555987 10.301049
v 112.095818 -5.575984 10.332234
v -107.329193 -4.154942 10.942063
v 112.087799 -4.165030 10.960781
v -107.342651 -2.680422 11.396765
v 112.082489 -2.684349 11.403005
v -107.352707 -1.157277 11.654727
v 112.079399 -1.158704 11.650949
v -107.358612 0.387971 11.710526
v 112.077255 0.386137 11.699165
v -107.361984 1.928014 11.564533
v 112.075417 1.923667 11.546258
v -107.362839 3.435774 11.219132
v 112.074059 3.427363 11.195249
v -107.361343 4.884889 10.680291
v 112.073174 4.871264 10.652431
v -107.357697 6.250010 9.957394
v 112.072449 6.230400 9.927251
v -107.351913 7.507108 9.062937
v 112.071304 7.481178 9.032158
v -107.343834 8.633888 8.012354
v 112.069443 8.602156 7.982818
v -107.333557 9.610525 6.824040
v 112.067810 9.575089 6.798215
v -107.322594 10.421011 5.519517
v 112.067154 10.384447 5.499239
v -107.313019 11.053135 4.122207
v 112.067551 11.017159 4.107931
v -107.306656 11.498758 2.653184
v 112.069168 11.464067 2.644564
v -107.304741 11.710575 1.530410
v 112.071045 11.676457 1.525663
v 109.291840 10.063778 -1.665328
v 109.294739 10.188587 0.002742
v 130.675491 10.159635 0.003058
v 130.675201 10.032135 -1.659281
v 109.289444 9.763760 -2.962330
v 130.673126 9.728958 -2.950583
v 109.287430 9.295438 -4.212150
v 130.669678 9.257555 -4.193536
v 109.285934 8.667438 -5.390113
v 130.665100 8.627165 -5.363430
v 109.284851 7.890582 -6.475979
v 130.660156 7.849424 -6.440444
v 109.283630 6.978560 -7.451444
v 130.655502 6.938365 -7.406565
v 109.281853 5.947208 -8.300106
v 130.651367 5.909760 -8.245536
v 109.279694 4.813959 -9.007298
v 130.647705 4.781149 -8.943128
v 109.277740 3.597889 -9.560415
v 130.644012 3.571601 -9.487272
v 109.276573 2.319689 -9.949392
v 130.640747 2.301824 -9.869113
v 109.276299 1.001390 -10.167366
v 130.638214 0.993491 -10.082676
v 109.276627 -0.334195 -10.210815
v 130.636887 -0.331306 -10.124737
v 109.277054 -1.664148 -10.079476
v 130.636887 -1.650346 -9.994867
v 109.276604 -2.965945 -9.776473
v 130.638428 -2.941611 -9.695374
v 109.274796 -4.217730 -9.307339
v 130.641510 -4.183557 -9.231210
v 109.271660 -5.398412 -8.679845
v 130.646027 -5.355375 -8.609941
v 109.267883 -6.487738 -7.903953
v 130.651733 -6.437243 -7.841635
v 109.264046 -7.466829 -6.992264
v 130.658081 -7.410491 -6.938708
v 109.260315 -8.318763 -5.960114
v 130.664368 -8.257902 -5.915882
v 109.256729 -9.028831 -4.825085
v 130.669815 -8.964223 -4.790232
v 109.253151 -9.584840 -3.606605
v 130.673981 -9.516634 -3.580976
v 109.249519 -9.977218 -2.325531
v 130.676636 -9.905214 -2.309109
v 109.246025 -10.198927 -1.003807
v 130.677979 -10.123228 -0.996847
v 109.243408 -10.245361 0.335786
v 130.678406 -10.167258 0.332910
v 109.242691 -10.114698 1.669930
v 130.678543 -10.036992 1.657074
v 109.243538 -9.809465 2.975303
v 130.678040 -9.734385 2.952672
v 109.245758 -9.335255 4.229029
v 130.676666 -9.264526 4.197282
v 109.249329 -8.700451 5.409175
v 130.674622 -8.635712 5.369440
v 109.254066 -7.916374 6.495308
v 130.672211 -7.859097 6.449067
v 109.259438 -6.997116 7.468987
v 130.669647 -6.948308 7.417749
v 109.264587 -5.959146 8.314179
v 130.666870 -5.919059 8.258862
v 109.268600 -4.820702 9.017358
v 130.663620 -4.788974 8.957788
v 109.270866 -3.601247 9.567293
v 130.659653 -3.577480 9.502403
v 109.271477 -2.321204 9.954799
v 130.655151 -2.305525 9.883691
v 109.271301 -1.001956 10.172664
v 130.651245 -0.995015 10.096205
v 109.271713 0.334207 10.215930
v 130.649597 0.331803 10.138046
v 109.273216 1.664305 10.083392
v 130.650482 1.652862 10.008788
v 109.275681 2.965304 9.777552
v 130.653091 2.946182 9.709841
v 109.278885 4.214681 9.303954
v 130.656662 4.189940 9.245403
v 109.282730 5.390885 8.671010
v 130.660370 5.362737 8.622532
v 109.286987 6.473780 7.889874
v 130.663483 6.444098 7.851228
v 109.291290 7.445071 6.974337
v 130.665573 7.415129 6.944484
v 109.295059 8.288736 5.940499
v 130.667023 8.259167 5.918056
v 109.297478 8.991177 4.806293
v 130.668396 8.962172 4.789966
v 109.298111 9.541113 3.591008
v 130.670303 9.512520 3.579774
v 109.297310 9.929995 2.311817
v 130.672424 9.901407 2.304911
v 109.296265 10.114355 1.334493
v 130.674042 10.085730 1.330652
v 105.783905 13.794492 -1.816441
v 105.786461 13.910738 -0.000388
v 110.183044 13.882600 -0.000683
v 110.188095 13.768800 -1.813443
v 105.782135 13.441320 -3.601829
v 110.192009 13.418167 -3.595844
v 105.781097 12.857248 -5.325837
v 110.193466 12.835528 -5.316754
v 105.780022 12.053005 -6.959033
v 110.193176 12.031648 -6.946408
v 105.778763 11.042524 -8.473474
v 110.192719 11.021698 -8.457321
v 105.777695 9.842857 -9.843154
v 110.193787 9.824116 -9.824640
v 105.776283 8.474875 -11.044962
v 110.197075 8.459498 -11.025804
v 105.775650 6.961370 -12.057440
v 110.202286 6.950461 -12.040246
v 105.776428 5.328074 -12.862493
v 110.207245 5.321460 -12.848914
v 105.778603 3.603285 -13.446044
v 110.210434 3.599884 -13.436453
v 105.781548 1.817041 -13.798633
v 110.211868 1.815638 -13.792665
v 105.783745 0.000110 -13.915690
v 110.212708 -0.000213 -13.912432
v 105.783012 -1.816971 -13.797411
v 110.214256 -1.816528 -13.795007
v 105.777695 -3.604376 -13.447292
v 110.217087 -3.602700 -13.442925
v 105.769012 -5.332524 -12.869803
v 110.222031 -5.328946 -12.862607
v 105.758820 -6.972084 -12.072703
v 110.229027 -6.966248 -12.063452
v 105.749023 -8.494259 -11.067555
v 110.236740 -8.486215 -11.057532
v 105.741417 -9.871503 -9.870065
v 110.243073 -9.861445 -9.860253
v 105.736862 -11.078841 -8.500446
v 110.246895 -11.067063 -8.491545
v 105.735283 -12.094864 -6.982799
v 110.247940 -12.081601 -6.975194
v 105.735092 -12.903008 -5.344553
v 110.248108 -12.888926 -5.338595
v 105.734810 -13.490658 -3.614702
v 110.249756 -13.477212 -3.610735
v 105.733902 -13.848183 -1.823014
v 110.253571 -13.837051 -1.820996
v 105.733215 -13.968626 -0.000038
v 110.257996 -13.960759 0.000526
v 105.734390 -13.848149 1.822824
v 110.259941 -13.843100 1.822604
v 105.737106 -13.489215 3.613969
v 110.259552 -13.486302 3.613484
v 105.739792 -12.899551 5.342736
v 110.258102 -12.897856 5.342134
v 105.741936 -12.089834 6.979656
v 110.255844 -12.088261 6.978552
v 105.744102 -11.073524 8.496469
v 110.251808 -11.070900 8.493854
v 105.747200 -9.867398 9.866620
v 110.244942 -9.862803 9.861031
v 105.750740 -8.492726 11.066947
v 110.236755 -8.486239 11.057427
v 105.754471 -6.973472 12.077219
v 110.229752 -6.966587 12.064439
v 105.757874 -5.335839 12.880728
v 110.224373 -5.329853 12.865546
v 105.759567 -3.608071 13.465241
v 110.221230 -3.603743 13.448127
v 105.758499 -1.819395 13.821958
v 110.220673 -1.817209 13.802957
v 105.755737 0.000298 13.943849
v 110.221207 -0.000072 13.922654
v 105.754837 1.820089 13.825309
v 110.219971 1.816756 13.802310
v 105.756256 3.608344 13.467996
v 110.217148 3.601842 13.444306
v 105.759392 5.333905 12.878786
v 110.213699 5.324382 12.855777
v 105.763641 6.966926 12.068628
v 110.209961 6.954757 12.047404
v 105.768768 8.479237 11.051801
v 110.205276 8.464561 11.032705
v 105.774246 9.845154 9.846378
v 110.199219 9.827617 9.829079
v 105.779251 11.041931 8.473777
v 110.192863 11.021235 8.458224
v 105.783844 12.049276 6.957437
v 110.186478 12.025308 6.943909
v 105.787407 12.850843 5.323470
v 110.181396 12.824096 5.312580
v 105.789124 13.434025 3.599751
v 110.179031 13.405568 3.592152
v 105.788651 13.789473 1.815205
v 110.179779 13.760571 1.811285
v -130.744232 10.101143 -1.670485
v -130.747147 10.231989 0.003703
v -109.292747 10.192726 0.002634
v -109.289673 10.068031 -1.666021
v -130.742416 9.796055 -2.971243
v -109.287407 9.767702 -2.963445
v -130.741089 9.323246 -4.224062
v -109.285866 9.298788 -4.213490
v -130.740326 8.691435 -5.404534
v -109.285255 8.669852 -5.391308
v -130.739944 7.911315 -6.492608
v -109.285416 7.891890 -6.476573
v -130.740021 6.996135 -7.469812
v -109.286087 6.978597 -7.450703
v -130.740646 5.961520 -8.319685
v -109.286957 5.945873 -8.297066
v -130.742065 4.825083 -9.027967
v -109.287979 4.811524 -9.001243
v -130.744293 3.606083 -9.582691
v -109.288879 3.595115 -9.551401
v -130.746933 2.325047 -9.973938
v -109.289703 2.317443 -9.938114
v -130.749054 1.003729 -10.194162
v -109.290497 1.000341 -10.154756
v -130.749619 -0.335007 -10.238535
v -109.291214 -0.333664 -10.197661
v -130.747528 -1.667627 -10.105246
v -109.291893 -1.661756 -10.066113
v -130.743042 -2.970755 -9.796896
v -109.292542 -2.961112 -9.762355
v -130.738297 -4.222191 -9.320835
v -109.294006 -4.209134 -9.290959
v -130.734863 -5.401200 -8.686739
v -109.296799 -5.384041 -8.659749
v -130.734253 -6.488850 -7.906386
v -109.300903 -6.465477 -7.879794
v -130.736801 -7.467522 -6.993033
v -109.305557 -7.435246 -6.965243
v -130.741333 -8.320142 -5.960900
v -109.309692 -8.277542 -5.932585
v -130.745743 -9.030764 -4.826143
v -109.312592 -8.978688 -4.799785
v -130.748352 -9.585660 -3.607469
v -109.314178 -9.526974 -3.585985
v -130.748352 -9.974395 -2.325963
v -109.314949 -9.912809 -2.311495
v -130.746124 -10.190330 -1.004330
v -109.315506 -10.129104 -0.997803
v -130.742523 -10.230617 0.334110
v -109.316437 -10.171690 0.332670
v -130.739075 -10.095934 1.666138
v -109.318275 -10.039399 1.656964
v -130.736435 -9.789418 2.968958
v -109.321114 -9.734478 2.952303
v -130.733734 -9.315698 4.220083
v -109.323524 -9.263550 4.196852
v -130.729935 -8.682069 5.397593
v -109.324493 -8.635473 5.369880
v -130.724304 -7.899123 6.480767
v -109.323662 -7.861060 6.451949
v -130.717178 -6.980885 7.451062
v -109.320900 -6.953223 7.425139
v -130.710114 -5.944283 8.292871
v -109.316132 -5.926980 8.273327
v -130.704956 -4.808046 8.993574
v -109.309441 -4.799230 8.982306
v -130.703186 -3.591688 9.542879
v -109.301270 -3.588461 9.539698
v -130.704987 -2.315135 9.932060
v -109.292770 -2.314662 9.934842
v -130.709274 -0.999034 10.153663
v -109.285812 -0.999184 10.159016
v -130.713882 0.334967 10.201963
v -109.280609 0.335244 10.207871
v -130.717957 1.664279 10.075074
v -109.276413 1.665191 10.081079
v -130.721512 2.966118 9.775167
v -109.273735 2.967258 9.780265
v -130.725159 4.218279 9.307729
v -109.272705 4.218574 9.310464
v -130.729584 5.399640 8.681192
v -109.273323 5.397168 8.679925
v -130.735168 6.490297 7.906336
v -109.275436 6.482420 7.899838
v -130.741455 7.471387 6.995845
v -109.278877 7.455481 6.984031
v -130.747131 8.325104 5.964367
v -109.283295 8.299685 5.948744
v -130.750717 9.035336 4.828901
v -109.288086 9.000980 4.812271
v -130.751587 9.588965 3.609057
v -109.292351 9.548239 3.594498
v -130.750458 9.977797 2.323539
v -109.294830 9.934361 2.313371
v -130.749084 10.160765 1.341317
v -109.294952 10.117795 1.335027
v -110.201759 13.782804 -1.815467
v -110.196404 13.896598 -0.000707
v -105.789780 13.909485 -0.000139
v -105.789619 13.790965 -1.815641
v -110.207581 13.433459 -3.600404
v -105.789474 13.436457 -3.600409
v -110.212532 12.853239 -5.324704
v -105.788147 12.852954 -5.324198
v -110.215546 12.051126 -6.958112
v -105.785690 12.050202 -6.957707
v -110.216637 11.040902 -8.472183
v -105.782600 11.041317 -8.473014
v -110.217545 9.841325 -9.841671
v -105.778687 9.843586 -9.844468
v -110.219742 8.473852 -11.043965
v -105.774902 8.476882 -11.047956
v -110.222275 6.961074 -12.057726
v -105.773712 6.963341 -12.060729
v -110.224655 5.328594 -12.865137
v -105.775574 5.329228 -12.864635
v -110.225922 3.604274 -13.451477
v -105.779404 3.603683 -13.446508
v -110.225098 1.817848 -13.805713
v -105.783646 1.817124 -13.797594
v -110.222473 0.000414 -13.922062
v -105.786964 0.000384 -13.913275
v -110.220184 -1.816655 -13.800626
v -105.788177 -1.815664 -13.792881
v -110.219833 -3.602440 -13.444921
v -105.789284 -3.599947 -13.436786
v -110.218918 -5.325858 -12.858703
v -105.793045 -5.321074 -12.848565
v -110.215462 -6.956338 -12.050437
v -105.800003 -6.948718 -12.038129
v -110.208633 -8.464928 -11.033911
v -105.808594 -8.455109 -11.021119
v -110.199303 -9.825747 -9.827932
v -105.816269 -9.815807 -9.817228
v -110.189957 -11.017027 -8.455462
v -105.820831 -11.009537 -8.448529
v -110.181976 -12.019665 -6.940938
v -105.822189 -12.016661 -6.938003
v -110.175468 -12.816923 -5.309962
v -105.822693 -12.818584 -5.309789
v -110.170609 -13.395712 -3.590045
v -105.823883 -13.400487 -3.590941
v -110.167610 -13.746659 -1.810179
v -105.826035 -13.752239 -1.810964
v -110.165863 -13.863403 -0.000337
v -105.829201 -13.867722 -0.000646
v -110.163513 -13.742290 1.808733
v -105.833778 -13.744583 1.808699
v -110.160217 -13.385191 3.586101
v -105.838928 -13.385858 3.585960
v -110.158264 -12.800436 5.302039
v -105.842918 -12.799470 5.301254
v -110.159431 -11.999511 6.928461
v -105.844261 -11.996732 6.926391
v -110.164040 -10.995919 8.438584
v -105.842270 -10.991537 8.434821
v -110.170235 -9.804810 9.806272
v -105.837440 -9.799911 9.801301
v -110.176529 -8.444933 11.007486
v -105.830444 -8.440882 11.002661
v -110.183815 -6.939627 12.022429
v -105.820534 -6.937264 12.019389
v -110.192673 -5.314431 12.834228
v -105.807983 -5.313735 12.834102
v -110.202690 -3.596441 13.428460
v -105.794495 -3.596741 13.431306
v -110.212601 -1.814451 13.793371
v -105.782791 -1.814961 13.797812
v -110.220337 0.001036 13.920280
v -105.775986 0.000906 13.923850
v -110.224960 1.818110 13.805967
v -105.771843 1.818586 13.809019
v -110.226463 3.604609 13.452333
v -105.768936 3.606115 13.456466
v -110.225647 5.329174 12.866340
v -105.766510 5.332556 12.872895
v -110.223663 6.961982 12.059228
v -105.764244 6.968204 12.068639
v -110.221138 8.474922 11.045619
v -105.762726 8.484471 11.057155
v -110.217010 9.841043 9.842294
v -105.764084 9.853600 9.854435
v -110.210373 11.036019 8.469626
v -105.769775 11.050514 8.480749
v -110.203499 12.040937 6.953020
v -105.777458 12.056043 6.961952
v -110.197769 12.840024 5.319345
v -105.784615 12.854956 5.325751
v -110.194000 13.420734 3.596466
v -105.789589 13.435371 3.600547
v -110.193108 13.774462 1.813245
v -105.791290 13.788795 1.815333
vn -0.9796 0.2009 -0.0011
vn -0.1938 0.9810 -0.0087
vn -0.9247 0.3807 -0.0019
vn 0.9788 0.2050 -0.0007
vn 0.1939 0.9810 -0.0083
vn 0.9233 0.3841 -0.0012
vn -0.9794 0.2000 -0.0295
vn -0.1937 0.9698 -0.1481
vn -0.9248 0.3765 -0.0552
vn 0.9785 0.2040 -0.0299
vn 0.1938 0.9698 -0.1478
vn 0.9234 0.3796 -0.0560
vn -0.9796 0.1928 -0.0572
vn -0.1939 0.9388 -0.2848
vn -0.9247 0.3653 -0.1077
vn 0.9788 0.1963 -0.0590
vn 0.1939 0.9387 -0.2851
vn 0.9233 0.3676 -0.1111
vn -0.9796 0.1837 -0.0821
vn -0.1939 0.8930 -0.4061
vn -0.9246 0.3481 -0.1546
vn 0.9788 0.1864 -0.0850
vn 0.1939 0.8926 -0.4070
vn 0.9233 0.3490 -0.1602
vn -0.9795 0.1713 -0.1057
vn -0.1939 0.8318 -0.5202
vn -0.9246 0.3248 -0.1992
vn 0.9788 0.1733 -0.1092
vn 0.1939 0.8310 -0.5213
vn 0.9233 0.3241 -0.2058
vn -0.9795 0.1558 -0.1275
vn -0.1939 0.7563 -0.6248
vn -0.9245 0.2957 -0.2404
vn 0.9789 0.1574 -0.1307
vn 0.1939 0.7556 -0.6257
vn 0.9234 0.2943 -0.2466
vn -0.9795 0.1377 -0.1471
vn -0.1939 0.6682 -0.7183
vn -0.9245 0.2616 -0.2774
vn 0.9789 0.1395 -0.1493
vn 0.1938 0.6682 -0.7183
vn 0.9234 0.2606 -0.2817
vn -0.9795 0.1172 -0.1641
vn -0.1939 0.5690 -0.7991
vn -0.9244 0.2228 -0.3095
vn 0.9790 0.1197 -0.1652
vn 0.1938 0.5700 -0.7984
vn 0.9236 0.2234 -0.3117
vn -0.9794 0.0944 -0.1784
vn -0.1939 0.4600 -0.8665
vn -0.9244 0.1799 -0.3364
vn 0.9790 0.0978 -0.1787
vn 0.1939 0.4620 -0.8654
vn 0.9237 0.1820 -0.3372
vn -0.9794 0.0699 -0.1895
vn -0.1940 0.3431 -0.9191
vn -0.9243 0.1337 -0.3574
vn 0.9791 0.0738 -0.1896
vn 0.1939 0.3454 -0.9182
vn 0.9238 0.1367 -0.3576
vn -0.9794 0.0442 -0.1972
vn -0.1940 0.2205 -0.9559
vn -0.9243 0.0852 -0.3721
vn 0.9791 0.0482 -0.1973
vn 0.1939 0.2227 -0.9554
vn 0.9239 0.0884 -0.3722
vn -0.9793 0.0180 -0.2015
vn -0.1940 0.0945 -0.9764
vn -0.9242 0.0357 -0.3803
vn 0.9792 0.0219 -0.2017
vn 0.1939 0.0963 -0.9763
vn 0.9240 0.0387 -0.3804
vn -0.9793 -0.0083 -0.2024
vn -0.1940 -0.0327 -0.9805
vn -0.9241 -0.0140 -0.3819
vn 0.9793 -0.0047 -0.2025
vn 0.1939 -0.0314 -0.9805
vn 0.9241 -0.0114 -0.3819
vn -0.9792 -0.0347 -0.1997
vn -0.1940 -0.1593 -0.9680
vn -0.9241 -0.0638 -0.3769
vn 0.9794 -0.0306 -0.1998
vn 0.1939 -0.1581 -0.9682
vn 0.9242 -0.0603 -0.3770
vn -0.9792 -0.0610 -0.1936
vn -0.1940 -0.2837 -0.9391
vn -0.9240 -0.1134 -0.3651
vn 0.9794 -0.0554 -0.1941
vn 0.1938 -0.2815 -0.9398
vn 0.9244 -0.1070 -0.3662
vn -0.9791 -0.0866 -0.1838
vn -0.1940 -0.4039 -0.8940
vn -0.9240 -0.1617 -0.3466
vn 0.9795 -0.0791 -0.1853
vn 0.1939 -0.4004 -0.8956
vn 0.9245 -0.1518 -0.3497
vn -0.9791 -0.1106 -0.1706
vn -0.1940 -0.5173 -0.8335
vn -0.9239 -0.2069 -0.3218
vn 0.9796 -0.1018 -0.1735
vn 0.1939 -0.5129 -0.8363
vn 0.9246 -0.1945 -0.3274
vn -0.9791 -0.1322 -0.1547
vn -0.1940 -0.6217 -0.7588
vn -0.9239 -0.2477 -0.2917
vn 0.9796 -0.1233 -0.1586
vn 0.1939 -0.6174 -0.7624
vn 0.9248 -0.2350 -0.2992
vn -0.9790 -0.1510 -0.1366
vn -0.1940 -0.7151 -0.6716
vn -0.9238 -0.2833 -0.2577
vn 0.9797 -0.1432 -0.1406
vn 0.1939 -0.7119 -0.6750
vn 0.9249 -0.2725 -0.2652
vn -0.9790 -0.1671 -0.1168
vn -0.1939 -0.7962 -0.5731
vn -0.9237 -0.3135 -0.2202
vn 0.9797 -0.1607 -0.1199
vn 0.1939 -0.7944 -0.5756
vn 0.9249 -0.3056 -0.2260
vn -0.9790 -0.1805 -0.0950
vn -0.1940 -0.8639 -0.4648
vn -0.9236 -0.3389 -0.1790
vn 0.9797 -0.1751 -0.0972
vn 0.1939 -0.8630 -0.4665
vn 0.9250 -0.3329 -0.1832
vn -0.9789 -0.1913 -0.0711
vn -0.1940 -0.9172 -0.3480
vn -0.9236 -0.3591 -0.1340
vn 0.9798 -0.1863 -0.0732
vn 0.1939 -0.9167 -0.3495
vn 0.9250 -0.3539 -0.1380
vn -0.9789 -0.1991 -0.0456
vn -0.1940 -0.9550 -0.2245
vn -0.9236 -0.3736 -0.0860
vn 0.9798 -0.1941 -0.0481
vn 0.1939 -0.9545 -0.2266
vn 0.9251 -0.3688 -0.0908
vn -0.9789 -0.2034 -0.0191
vn -0.1940 -0.9762 -0.0966
vn -0.9236 -0.3817 -0.0360
vn 0.9798 -0.1988 -0.0220
vn 0.1939 -0.9760 -0.0992
vn 0.9251 -0.3774 -0.0415
vn -0.9789 -0.2041 0.0078
vn -0.1941 -0.9804 0.0334
vn -0.9236 -0.3830 0.0149
vn 0.9798 -0.1999 0.0052
vn 0.1939 -0.9805 0.0310
vn 0.9251 -0.3795 0.0099
vn -0.9789 -0.2012 0.0346
vn -0.1941 -0.9674 0.1629
vn -0.9236 -0.3777 0.0654
vn 0.9798 -0.1974 0.0327
vn 0.1939 -0.9677 0.1609
vn 0.9251 -0.3747 0.0616
vn -0.9789 -0.1950 0.0602
vn -0.1940 -0.9375 0.2887
vn -0.9236 -0.3661 0.1137
vn 0.9798 -0.1911 0.0594
vn 0.1939 -0.9379 0.2876
vn 0.9250 -0.3629 0.1121
vn -0.9790 -0.1859 0.0842
vn -0.1940 -0.8918 0.4086
vn -0.9236 -0.3489 0.1589
vn 0.9797 -0.1813 0.0852
vn 0.1938 -0.8917 0.4091
vn 0.9250 -0.3444 0.1607
vn -0.9790 -0.1739 0.1066
vn -0.1940 -0.8312 0.5211
vn -0.9236 -0.3264 0.2011
vn 0.9797 -0.1680 0.1095
vn 0.1938 -0.8298 0.5233
vn 0.9249 -0.3193 0.2065
vn -0.9790 -0.1592 0.1273
vn -0.1940 -0.7565 0.6245
vn -0.9236 -0.2987 0.2403
vn 0.9796 -0.1516 0.1316
vn 0.1938 -0.7536 0.6282
vn 0.9248 -0.2883 0.2483
vn -0.9790 -0.1420 0.1461
vn -0.1940 -0.6693 0.7172
vn -0.9236 -0.2663 0.2757
vn 0.9796 -0.1326 0.1510
vn 0.1938 -0.6647 0.7215
vn 0.9247 -0.2526 0.2849
vn -0.9791 -0.1226 0.1626
vn -0.1940 -0.5713 0.7975
vn -0.9236 -0.2296 0.3069
vn 0.9796 -0.1119 0.1672
vn 0.1938 -0.5654 0.8017
vn 0.9245 -0.2136 0.3156
vn -0.9791 -0.1010 0.1766
vn -0.1939 -0.4640 0.8643
vn -0.9237 -0.1890 0.3333
vn 0.9795 -0.0899 0.1802
vn 0.1938 -0.4574 0.8679
vn 0.9245 -0.1722 0.3402
vn -0.9791 -0.0773 0.1879
vn -0.1940 -0.3487 0.9170
vn -0.9238 -0.1443 0.3546
vn 0.9795 -0.0668 0.1902
vn 0.1938 -0.3422 0.9194
vn 0.9244 -0.1286 0.3591
vn -0.9792 -0.0515 0.1963
vn -0.1940 -0.2264 0.9545
vn -0.9240 -0.0955 0.3704
vn 0.9794 -0.0426 0.1973
vn 0.1939 -0.2210 0.9558
vn 0.9243 -0.0829 0.3724
vn -0.9792 -0.0241 0.2012
vn -0.1940 -0.0993 0.9760
vn -0.9241 -0.0437 0.3796
vn 0.9794 -0.0172 0.2014
vn 0.1939 -0.0953 0.9764
vn 0.9243 -0.0351 0.3801
vn -0.9793 0.0035 0.2023
vn -0.1940 0.0293 0.9806
vn -0.9242 0.0084 0.3818
vn 0.9793 0.0089 0.2023
vn 0.1940 0.0323 0.9805
vn 0.9242 0.0141 0.3817
vn -0.9794 0.0306 0.1998
vn -0.1940 0.1570 0.9684
vn -0.9243 0.0595 0.3769
vn 0.9792 0.0350 0.1997
vn 0.1940 0.1595 0.9680
vn 0.9241 0.0634 0.3769
vn -0.9794 0.0571 0.1936
vn -0.1940 0.2821 0.9396
vn -0.9244 0.1095 0.3653
vn 0.9792 0.0605 0.1939
vn 0.1940 0.2839 0.9390
vn 0.9240 0.1116 0.3658
vn -0.9795 0.0825 0.1840
vn -0.1940 0.4024 0.8947
vn -0.9245 0.1574 0.3471
vn 0.9791 0.0852 0.1847
vn 0.1940 0.4037 0.8941
vn 0.9239 0.1582 0.3485
vn -0.9795 0.1064 0.1710
vn -0.1940 0.5162 0.8342
vn -0.9246 0.2025 0.3226
vn 0.9790 0.1087 0.1723
vn 0.1940 0.5169 0.8338
vn 0.9238 0.2025 0.3251
vn -0.9795 0.1284 0.1549
vn -0.1940 0.6213 0.7592
vn -0.9247 0.2440 0.2922
vn 0.9790 0.1305 0.1568
vn 0.1940 0.6217 0.7589
vn 0.9237 0.2437 0.2958
vn -0.9796 0.1482 0.1359
vn -0.1940 0.7160 0.6706
vn -0.9248 0.2812 0.2563
vn 0.9789 0.1501 0.1386
vn 0.1940 0.7157 0.6709
vn 0.9235 0.2805 0.2615
vn -0.9796 0.1650 0.1146
vn -0.1939 0.7980 0.5706
vn -0.9248 0.3130 0.2162
vn 0.9789 0.1668 0.1183
vn 0.1939 0.7972 0.5717
vn 0.9235 0.3121 0.2231
vn -0.9796 0.1785 0.0920
vn -0.1938 0.8658 0.4613
vn -0.9248 0.3385 0.1735
vn 0.9788 0.1807 0.0961
vn 0.1939 0.8649 0.4630
vn 0.9234 0.3383 0.1813
vn -0.9796 0.1887 0.0685
vn -0.1938 0.9184 0.3449
vn -0.9248 0.3578 0.1293
vn 0.9788 0.1916 0.0723
vn 0.1939 0.9177 0.3467
vn 0.9233 0.3589 0.1364
vn -0.9799 0.1942 0.0463
vn -0.1939 0.9528 0.2335
vn -0.9247 0.3704 0.0880
vn 0.9790 0.1977 0.0491
vn 0.1940 0.9524 0.2350
vn 0.9232 0.3727 0.0934
vn -0.9796 0.1994 0.0243
vn -0.1937 0.9738 0.1190
vn -0.9247 0.3779 0.0459
vn 0.9788 0.2033 0.0257
vn 0.1938 0.9737 0.1198
vn 0.9233 0.3810 0.0486
vn -0.9789 0.2045 -0.0013
vn -0.1925 0.9813 -0.0093
vn -0.9234 0.3839 -0.0023
vn 0.9793 0.2025 -0.0022
vn 0.1952 0.9807 -0.0099
vn 0.9242 0.3818 -0.0035
vn -0.9786 0.2035 -0.0300
vn -0.1923 0.9701 -0.1480
vn -0.9235 0.3795 -0.0560
vn 0.9790 0.2013 -0.0319
vn 0.1952 0.9693 -0.1495
vn 0.9243 0.3771 -0.0592
vn -0.9789 0.1961 -0.0580
vn -0.1922 0.9394 -0.2840
vn -0.9234 0.3680 -0.1093
vn 0.9792 0.1935 -0.0605
vn 0.1955 0.9381 -0.2860
vn 0.9241 0.3648 -0.1135
vn -0.9789 0.1867 -0.0832
vn -0.1920 0.8941 -0.4047
vn -0.9234 0.3503 -0.1568
vn 0.9792 0.1838 -0.0859
vn 0.1957 0.8923 -0.4069
vn 0.9241 0.3464 -0.1614
vn -0.9789 0.1741 -0.1069
vn -0.1918 0.8334 -0.5183
vn -0.9234 0.3265 -0.2016
vn 0.9792 0.1709 -0.1095
vn 0.1959 0.8312 -0.5203
vn 0.9240 0.3221 -0.2059
vn -0.9789 0.1586 -0.1286
vn -0.1915 0.7586 -0.6228
vn -0.9235 0.2973 -0.2425
vn 0.9792 0.1551 -0.1309
vn 0.1961 0.7561 -0.6244
vn 0.9240 0.2924 -0.2462
vn -0.9790 0.1406 -0.1479
vn -0.1912 0.6711 -0.7163
vn -0.9235 0.2633 -0.2789
vn 0.9792 0.1369 -0.1498
vn 0.1964 0.6684 -0.7175
vn 0.9240 0.2581 -0.2820
vn -0.9790 0.1202 -0.1647
vn -0.1910 0.5722 -0.7976
vn -0.9236 0.2249 -0.3106
vn 0.9792 0.1164 -0.1663
vn 0.1966 0.5693 -0.7983
vn 0.9240 0.2195 -0.3130
vn -0.9790 0.0977 -0.1788
vn -0.1908 0.4633 -0.8654
vn -0.9236 0.1824 -0.3371
vn 0.9792 0.0939 -0.1800
vn 0.1969 0.4604 -0.8656
vn 0.9241 0.1769 -0.3388
vn -0.9791 0.0733 -0.1899
vn -0.1906 0.3462 -0.9186
vn -0.9237 0.1363 -0.3580
vn 0.9792 0.0697 -0.1906
vn 0.1971 0.3435 -0.9182
vn 0.9241 0.1313 -0.3589
vn -0.9791 0.0475 -0.1977
vn -0.1905 0.2229 -0.9561
vn -0.9238 0.0876 -0.3727
vn 0.9792 0.0446 -0.1980
vn 0.1973 0.2209 -0.9551
vn 0.9241 0.0839 -0.3729
vn -0.9792 0.0209 -0.2020
vn -0.1904 0.0959 -0.9770
vn -0.9239 0.0374 -0.3808
vn 0.9792 0.0189 -0.2020
vn 0.1974 0.0948 -0.9757
vn 0.9241 0.0355 -0.3805
vn -0.9792 -0.0058 -0.2027
vn -0.1903 -0.0325 -0.9812
vn -0.9240 -0.0129 -0.3822
vn 0.9792 -0.0069 -0.2027
vn 0.1974 -0.0326 -0.9798
vn 0.9241 -0.0132 -0.3819
vn -0.9793 -0.0320 -0.2000
vn -0.1903 -0.1597 -0.9686
vn -0.9240 -0.0623 -0.3772
vn 0.9792 -0.0325 -0.2002
vn 0.1974 -0.1591 -0.9673
vn 0.9242 -0.0615 -0.3770
vn -0.9793 -0.0572 -0.1940
vn -0.1903 -0.2838 -0.9398
vn -0.9241 -0.1099 -0.3660
vn 0.9792 -0.0575 -0.1944
vn 0.1974 -0.2828 -0.9386
vn 0.9242 -0.1087 -0.3662
vn -0.9794 -0.0814 -0.1850
vn -0.1904 -0.4029 -0.8952
vn -0.9242 -0.1554 -0.3489
vn 0.9793 -0.0816 -0.1855
vn 0.1973 -0.4018 -0.8942
vn 0.9242 -0.1541 -0.3494
vn -0.9794 -0.1043 -0.1729
vn -0.1905 -0.5155 -0.8354
vn -0.9243 -0.1987 -0.3260
vn 0.9793 -0.1044 -0.1736
vn 0.1973 -0.5142 -0.8347
vn 0.9243 -0.1972 -0.3269
vn -0.9794 -0.1258 -0.1577
vn -0.1906 -0.6198 -0.7612
vn -0.9243 -0.2391 -0.2974
vn 0.9793 -0.1258 -0.1587
vn 0.1973 -0.6182 -0.7609
vn 0.9243 -0.2374 -0.2988
vn -0.9795 -0.1452 -0.1397
vn -0.1907 -0.7138 -0.6738
vn -0.9244 -0.2758 -0.2635
vn 0.9793 -0.1452 -0.1410
vn 0.1972 -0.7121 -0.6738
vn 0.9243 -0.2741 -0.2655
vn -0.9795 -0.1622 -0.1193
vn -0.1909 -0.7958 -0.5747
vn -0.9245 -0.3078 -0.2250
vn 0.9793 -0.1625 -0.1207
vn 0.1971 -0.7942 -0.5749
vn 0.9244 -0.3066 -0.2270
vn -0.9796 -0.1763 -0.0970
vn -0.1909 -0.8641 -0.4657
vn -0.9245 -0.3344 -0.1828
vn 0.9793 -0.1771 -0.0979
vn 0.1971 -0.8628 -0.4656
vn 0.9244 -0.3341 -0.1841
vn -0.9796 -0.1874 -0.0730
vn -0.1910 -0.9176 -0.3487
vn -0.9246 -0.3553 -0.1376
vn 0.9793 -0.1885 -0.0733
vn 0.1971 -0.9165 -0.3482
vn 0.9244 -0.3558 -0.1376
vn -0.9796 -0.1953 -0.0477
vn -0.1909 -0.9553 -0.2256
vn -0.9246 -0.3702 -0.0900
vn 0.9793 -0.1966 -0.0473
vn 0.1971 -0.9543 -0.2246
vn 0.9244 -0.3710 -0.0886
vn -0.9796 -0.1998 -0.0214
vn -0.1909 -0.9767 -0.0984
vn -0.9246 -0.3788 -0.0404
vn 0.9794 -0.2011 -0.0206
vn 0.1972 -0.9755 -0.0973
vn 0.9244 -0.3794 -0.0383
vn -0.9796 -0.2009 0.0057
vn -0.1909 -0.9811 0.0309
vn -0.9247 -0.3807 0.0108
vn 0.9794 -0.2020 0.0061
vn 0.1972 -0.9799 0.0315
vn 0.9244 -0.3811 0.0122
vn -0.9796 -0.1982 0.0329
vn -0.1908 -0.9685 0.1600
vn -0.9247 -0.3757 0.0621
vn 0.9794 -0.1993 0.0327
vn 0.1973 -0.9672 0.1598
vn 0.9245 -0.3761 0.0623
vn -0.9796 -0.1920 0.0593
vn -0.1908 -0.9390 0.2861
vn -0.9247 -0.3639 0.1120
vn 0.9794 -0.1932 0.0588
vn 0.1973 -0.9379 0.2855
vn 0.9245 -0.3645 0.1116
vn -0.9796 -0.1823 0.0847
vn -0.1909 -0.8932 0.4072
vn -0.9247 -0.3457 0.1598
vn 0.9794 -0.1836 0.0839
vn 0.1972 -0.8923 0.4062
vn 0.9245 -0.3465 0.1589
vn -0.9796 -0.1693 0.1084
vn -0.1909 -0.8319 0.5211
vn -0.9246 -0.3212 0.2046
vn 0.9794 -0.1709 0.1074
vn 0.1972 -0.8313 0.5197
vn 0.9245 -0.3225 0.2032
vn -0.9796 -0.1534 0.1301
vn -0.1910 -0.7563 0.6257
vn -0.9246 -0.2913 0.2456
vn 0.9794 -0.1553 0.1289
vn 0.1971 -0.7561 0.6240
vn 0.9245 -0.2930 0.2437
vn -0.9795 -0.1351 0.1493
vn -0.1910 -0.6680 0.7192
vn -0.9245 -0.2567 0.2817
vn 0.9794 -0.1370 0.1481
vn 0.1969 -0.6681 0.7175
vn 0.9245 -0.2586 0.2800
vn -0.9795 -0.1148 0.1656
vn -0.1911 -0.5687 0.8000
vn -0.9244 -0.2184 0.3126
vn 0.9794 -0.1163 0.1648
vn 0.1969 -0.5687 0.7987
vn 0.9245 -0.2195 0.3116
vn -0.9794 -0.0929 0.1791
vn -0.1911 -0.4602 0.8670
vn -0.9243 -0.1772 0.3380
vn 0.9794 -0.0935 0.1787
vn 0.1969 -0.4595 0.8661
vn 0.9245 -0.1764 0.3378
vn -0.9794 -0.0696 0.1896
vn -0.1910 -0.3440 0.9193
vn -0.9242 -0.1332 0.3579
vn 0.9795 -0.0690 0.1895
vn 0.1969 -0.3424 0.9187
vn 0.9245 -0.1303 0.3582
vn -0.9793 -0.0449 0.1972
vn -0.1908 -0.2219 0.9562
vn -0.9241 -0.0866 0.3722
vn 0.9795 -0.0436 0.1969
vn 0.1970 -0.2198 0.9554
vn 0.9245 -0.0824 0.3721
vn -0.9793 -0.0188 0.2017
vn -0.1907 -0.0956 0.9770
vn -0.9240 -0.0374 0.3805
vn 0.9795 -0.0182 0.2008
vn 0.1971 -0.0942 0.9758
vn 0.9245 -0.0346 0.3796
vn -0.9792 0.0081 0.2026
vn -0.1907 0.0329 0.9811
vn -0.9240 0.0134 0.3822
vn 0.9795 0.0069 0.2015
vn 0.1971 0.0325 0.9798
vn 0.9245 0.0129 0.3809
vn -0.9792 0.0351 0.1999
vn -0.1908 0.1609 0.9684
vn -0.9239 0.0643 0.3772
vn 0.9795 0.0321 0.1990
vn 0.1971 0.1589 0.9674
vn 0.9246 0.0603 0.3762
vn -0.9791 0.0613 0.1937
vn -0.1910 0.2862 0.9390
vn -0.9238 0.1138 0.3655
vn 0.9795 0.0571 0.1933
vn 0.1969 0.2832 0.9386
vn 0.9246 0.1076 0.3655
vn -0.9791 0.0865 0.1841
vn -0.1912 0.4066 0.8934
vn -0.9238 0.1612 0.3473
vn 0.9795 0.0817 0.1844
vn 0.1966 0.4031 0.8938
vn 0.9246 0.1539 0.3485
vn -0.9791 0.1101 0.1713
vn -0.1915 0.5200 0.8324
vn -0.9237 0.2057 0.3232
vn 0.9794 0.1052 0.1721
vn 0.1964 0.5166 0.8334
vn 0.9246 0.1983 0.3254
vn -0.9790 0.1316 0.1555
vn -0.1918 0.6245 0.7572
vn -0.9237 0.2464 0.2935
vn 0.9794 0.1272 0.1567
vn 0.1961 0.6214 0.7585
vn 0.9245 0.2398 0.2963
vn -0.9790 0.1508 0.1373
vn -0.1920 0.7179 0.6691
vn -0.9236 0.2825 0.2591
vn 0.9794 0.1470 0.1385
vn 0.1958 0.7155 0.6706
vn 0.9244 0.2771 0.2620
vn -0.9790 0.1672 0.1170
vn -0.1922 0.7988 0.5701
vn -0.9235 0.3135 0.2209
vn 0.9794 0.1640 0.1180
vn 0.1955 0.7970 0.5715
vn 0.9244 0.3092 0.2233
vn -0.9789 0.1807 0.0951
vn -0.1923 0.8658 0.4620
vn -0.9235 0.3391 0.1795
vn 0.9794 0.1781 0.0958
vn 0.1953 0.8646 0.4630
vn 0.9243 0.3357 0.1813
vn -0.9789 0.1914 0.0716
vn -0.1924 0.9183 0.3461
vn -0.9234 0.3591 0.1353
vn 0.9793 0.1890 0.0719
vn 0.1952 0.9174 0.3467
vn 0.9243 0.3564 0.1363
vn -0.9791 0.1974 0.0486
vn -0.1926 0.9529 0.2343
vn -0.9233 0.3728 0.0924
vn 0.9796 0.1952 0.0486
vn 0.1953 0.9522 0.2347
vn 0.9242 0.3705 0.0929
vn -0.9789 0.2029 0.0251
vn -0.1925 0.9741 0.1188
vn -0.9234 0.3809 0.0474
vn 0.9793 0.2009 0.0248
vn 0.1952 0.9735 0.1189
vn 0.9243 0.3788 0.0475
vn -0.9789 0.2045 0.0007
vn -0.1881 0.9822 0.0019
vn -0.9232 0.3842 0.0018
vn 0.9789 0.2041 0.0015
vn 0.1994 0.9799 0.0024
vn 0.9238 0.3830 0.0031
vn -0.9789 0.2029 -0.0260
vn -0.1885 0.9739 -0.1264
vn -0.9233 0.3811 -0.0485
vn 0.9789 0.2027 -0.0249
vn 0.1991 0.9719 -0.1254
vn 0.9238 0.3801 -0.0467
vn -0.9789 0.1977 -0.0524
vn -0.1888 0.9488 -0.2531
vn -0.9233 0.3713 -0.0984
vn 0.9789 0.1976 -0.0516
vn 0.1988 0.9470 -0.2522
vn 0.9237 0.3705 -0.0972
vn -0.9789 0.1891 -0.0778
vn -0.1889 0.9075 -0.3752
vn -0.9233 0.3551 -0.1463
vn 0.9789 0.1889 -0.0776
vn 0.1987 0.9056 -0.3746
vn 0.9237 0.3540 -0.1462
vn -0.9789 0.1774 -0.1016
vn -0.1887 0.8507 -0.4906
vn -0.9233 0.3330 -0.1913
vn 0.9790 0.1769 -0.1017
vn 0.1988 0.8488 -0.4900
vn 0.9237 0.3315 -0.1917
vn -0.9789 0.1626 -0.1238
vn -0.1885 0.7795 -0.5974
vn -0.9233 0.3052 -0.2331
vn 0.9790 0.1622 -0.1235
vn 0.1990 0.7777 -0.5963
vn 0.9238 0.3039 -0.2329
vn -0.9789 0.1451 -0.1438
vn -0.1885 0.6951 -0.6937
vn -0.9234 0.2721 -0.2708
vn 0.9790 0.1452 -0.1429
vn 0.1990 0.6939 -0.6920
vn 0.9239 0.2717 -0.2695
vn -0.9789 0.1250 -0.1614
vn -0.1890 0.5988 -0.7783
vn -0.9234 0.2342 -0.3040
vn 0.9791 0.1259 -0.1599
vn 0.1986 0.5984 -0.7762
vn 0.9239 0.2353 -0.3016
vn -0.9790 0.1025 -0.1763
vn -0.1898 0.4917 -0.8498
vn -0.9236 0.1917 -0.3321
vn 0.9791 0.1042 -0.1747
vn 0.1979 0.4922 -0.8477
vn 0.9240 0.1944 -0.3293
vn -0.9790 0.0780 -0.1881
vn -0.1908 0.3757 -0.9069
vn -0.9237 0.1456 -0.3543
vn 0.9791 0.0802 -0.1868
vn 0.1970 0.3768 -0.9051
vn 0.9240 0.1490 -0.3521
vn -0.9791 0.0524 -0.1965
vn -0.1918 0.2533 -0.9482
vn -0.9238 0.0973 -0.3702
vn 0.9792 0.0545 -0.1957
vn 0.1960 0.2545 -0.9470
vn 0.9240 0.1005 -0.3688
vn -0.9792 0.0263 -0.2014
vn -0.1926 0.1271 -0.9730
vn -0.9239 0.0481 -0.3795
vn 0.9792 0.0281 -0.2010
vn 0.1952 0.1281 -0.9724
vn 0.9241 0.0507 -0.3789
vn -0.9792 0.0005 -0.2029
vn -0.1930 -0.0001 -0.9812
vn -0.9240 -0.0005 -0.3824
vn 0.9793 0.0016 -0.2026
vn 0.1946 0.0005 -0.9809
vn 0.9241 0.0008 -0.3821
vn -0.9792 -0.0245 -0.2012
vn -0.1931 -0.1262 -0.9730
vn -0.9240 -0.0477 -0.3794
vn 0.9793 -0.0244 -0.2009
vn 0.1945 -0.1264 -0.9727
vn 0.9242 -0.0483 -0.3788
vn -0.9793 -0.0490 -0.1966
vn -0.1928 -0.2501 -0.9488
vn -0.9240 -0.0940 -0.3706
vn 0.9794 -0.0497 -0.1958
vn 0.1949 -0.2508 -0.9482
vn 0.9243 -0.0960 -0.3693
vn -0.9793 -0.0734 -0.1888
vn -0.1923 -0.3704 -0.9088
vn -0.9240 -0.1399 -0.3558
vn 0.9795 -0.0740 -0.1876
vn 0.1955 -0.3711 -0.9078
vn 0.9245 -0.1418 -0.3538
vn -0.9793 -0.0971 -0.1776
vn -0.1918 -0.4854 -0.8530
vn -0.9241 -0.1847 -0.3345
vn 0.9795 -0.0973 -0.1763
vn 0.1961 -0.4857 -0.8518
vn 0.9247 -0.1857 -0.3324
vn -0.9793 -0.1198 -0.1629
vn -0.1915 -0.5932 -0.7820
vn -0.9242 -0.2274 -0.3068
vn 0.9796 -0.1194 -0.1618
vn 0.1966 -0.5930 -0.7809
vn 0.9248 -0.2275 -0.3049
vn -0.9794 -0.1407 -0.1450
vn -0.1913 -0.6913 -0.6967
vn -0.9243 -0.2668 -0.2730
vn 0.9796 -0.1400 -0.1440
vn 0.1969 -0.6908 -0.6957
vn 0.9249 -0.2662 -0.2715
vn -0.9794 -0.1590 -0.1243
vn -0.1911 -0.7776 -0.5991
vn -0.9244 -0.3013 -0.2340
vn 0.9797 -0.1581 -0.1235
vn 0.1971 -0.7767 -0.5982
vn 0.9250 -0.3004 -0.2328
vn -0.9795 -0.1741 -0.1016
vn -0.1910 -0.8498 -0.4913
vn -0.9244 -0.3300 -0.1912
vn 0.9797 -0.1731 -0.1010
vn 0.1971 -0.8488 -0.4906
vn 0.9250 -0.3288 -0.1903
vn -0.9795 -0.1859 -0.0777
vn -0.1910 -0.9068 -0.3759
vn -0.9245 -0.3522 -0.1461
vn 0.9797 -0.1847 -0.0775
vn 0.1970 -0.9056 -0.3756
vn 0.9250 -0.3507 -0.1460
vn -0.9795 -0.1943 -0.0527
vn -0.1913 -0.9479 -0.2548
vn -0.9245 -0.3681 -0.0991
vn 0.9798 -0.1930 -0.0532
vn 0.1967 -0.9467 -0.2551
vn 0.9251 -0.3663 -0.1002
vn -0.9795 -0.1994 -0.0269
vn -0.1918 -0.9729 -0.1292
vn -0.9246 -0.3777 -0.0503
vn 0.9798 -0.1982 -0.0279
vn 0.1963 -0.9719 -0.1301
vn 0.9251 -0.3761 -0.0525
vn -0.9796 -0.2011 -0.0001
vn -0.1925 -0.9813 -0.0005
vn -0.9247 -0.3808 0.0002
vn 0.9798 -0.2001 -0.0013
vn 0.1958 -0.9806 -0.0015
vn 0.9251 -0.3797 -0.0023
vn -0.9796 -0.1992 0.0269
vn -0.1931 -0.9727 0.1288
vn -0.9247 -0.3772 0.0511
vn 0.9798 -0.1985 0.0259
vn 0.1952 -0.9724 0.1280
vn 0.9251 -0.3766 0.0490
vn -0.9796 -0.1938 0.0530
vn -0.1934 -0.9473 0.2553
vn -0.9247 -0.3672 0.1004
vn 0.9797 -0.1933 0.0524
vn 0.1948 -0.9472 0.2548
vn 0.9250 -0.3668 0.0990
vn -0.9796 -0.1853 0.0779
vn -0.1936 -0.9058 0.3768
vn -0.9247 -0.3510 0.1473
vn 0.9797 -0.1847 0.0777
vn 0.1945 -0.9057 0.3766
vn 0.9250 -0.3506 0.1467
vn -0.9796 -0.1735 0.1014
vn -0.1936 -0.8488 0.4919
vn -0.9247 -0.3289 0.1917
vn 0.9797 -0.1728 0.1017
vn 0.1946 -0.8485 0.4921
vn 0.9249 -0.3281 0.1921
vn -0.9796 -0.1587 0.1235
vn -0.1932 -0.7770 0.5991
vn -0.9247 -0.3009 0.2333
vn 0.9797 -0.1575 0.1243
vn 0.1950 -0.7762 0.5995
vn 0.9249 -0.2993 0.2346
vn -0.9795 -0.1411 0.1435
vn -0.1926 -0.6918 0.6959
vn -0.9246 -0.2677 0.2711
vn 0.9796 -0.1394 0.1445
vn 0.1956 -0.6905 0.6964
vn 0.9248 -0.2651 0.2728
vn -0.9795 -0.1211 0.1610
vn -0.1918 -0.5950 0.7805
vn -0.9245 -0.2299 0.3041
vn 0.9796 -0.1193 0.1617
vn 0.1962 -0.5935 0.7805
vn 0.9248 -0.2272 0.3052
vn -0.9795 -0.0991 0.1756
vn -0.1911 -0.4883 0.8515
vn -0.9244 -0.1884 0.3317
vn 0.9796 -0.0976 0.1758
vn 0.1968 -0.4871 0.8509
vn 0.9247 -0.1864 0.3318
vn -0.9794 -0.0757 0.1871
vn -0.1907 -0.3738 0.9077
vn -0.9243 -0.1444 0.3534
vn 0.9795 -0.0745 0.1869
vn 0.1972 -0.3728 0.9067
vn 0.9247 -0.1428 0.3529
vn -0.9794 -0.0515 0.1954
vn -0.1903 -0.2536 0.9484
vn -0.9242 -0.0987 0.3690
vn 0.9795 -0.0504 0.1950
vn 0.1975 -0.2528 0.9472
vn 0.9246 -0.0973 0.3682
vn -0.9793 -0.0264 0.2006
vn -0.1900 -0.1290 0.9733
vn -0.9241 -0.0513 0.3788
vn 0.9795 -0.0252 0.2001
vn 0.1978 -0.1282 0.9718
vn 0.9246 -0.0498 0.3777
vn -0.9793 0.0001 0.2025
vn -0.1897 -0.0008 0.9818
vn -0.9240 -0.0013 0.3823
vn 0.9794 0.0013 0.2019
vn 0.1983 -0.0001 0.9801
vn 0.9246 0.0002 0.3810
vn -0.9792 0.0274 0.2009
vn -0.1893 0.1287 0.9734
vn -0.9239 0.0501 0.3792
vn 0.9793 0.0283 0.2002
vn 0.1986 0.1290 0.9716
vn 0.9245 0.0512 0.3778
vn -0.9792 0.0542 0.1956
vn -0.1890 0.2558 0.9481
vn -0.9239 0.1007 0.3692
vn 0.9793 0.0547 0.1950
vn 0.1988 0.2555 0.9461
vn 0.9244 0.1009 0.3679
vn -0.9792 0.0798 0.1868
vn -0.1889 0.3780 0.9063
vn -0.9238 0.1490 0.3527
vn 0.9792 0.0799 0.1864
vn 0.1989 0.3773 0.9045
vn 0.9242 0.1485 0.3517
vn -0.9791 0.1039 0.1748
vn -0.1889 0.4936 0.8489
vn -0.9237 0.1945 0.3300
vn 0.9792 0.1039 0.1745
vn 0.1988 0.4925 0.8473
vn 0.9241 0.1937 0.3293
vn -0.9791 0.1261 0.1597
vn -0.1889 0.6006 0.7769
vn -0.9237 0.2363 0.3016
vn 0.9791 0.1262 0.1594
vn 0.1988 0.5994 0.7754
vn 0.9240 0.2358 0.3009
vn -0.9790 0.1460 0.1421
vn -0.1888 0.6969 0.6918
vn -0.9236 0.2738 0.2684
vn 0.9791 0.1463 0.1416
vn 0.1989 0.6958 0.6902
vn 0.9239 0.2737 0.2673
vn -0.9790 0.1633 0.1221
vn -0.1885 0.7812 0.5951
vn -0.9235 0.3064 0.2307
vn 0.9790 0.1636 0.1215
vn 0.1991 0.7799 0.5935
vn 0.9239 0.3065 0.2293
vn -0.9790 0.1778 0.1001
vn -0.1882 0.8520 0.4885
vn -0.9234 0.3339 0.1893
vn 0.9790 0.1780 0.0994
vn 0.1994 0.8504 0.4869
vn 0.9238 0.3337 0.1878
vn -0.9789 0.1892 0.0767
vn -0.1879 0.9082 0.3741
vn -0.9233 0.3555 0.1452
vn 0.9790 0.1892 0.0762
vn 0.1996 0.9062 0.3729
vn 0.9238 0.3548 0.1440
vn -0.9789 0.1975 0.0523
vn -0.1877 0.9489 0.2538
vn -0.9233 0.3712 0.0990
vn 0.9790 0.1973 0.0521
vn 0.1997 0.9466 0.2531
vn 0.9238 0.3701 0.0985
vn -0.9789 0.2027 0.0269
vn -0.1878 0.9737 0.1292
vn -0.9232 0.3808 0.0511
vn 0.9789 0.2023 0.0272
vn 0.1996 0.9713 0.1291
vn 0.9238 0.3795 0.0515
vn -0.0263 0.2822 -0.9590
vn -0.4690 0.8617 -0.1937
vn 0.3098 0.9310 -0.1933
vn -0.4387 0.8143 -0.3801
vn -0.0829 0.9292 -0.3602
vn -0.0871 0.9803 -0.1775
vn 0.2875 0.8792 -0.3799
vn -0.0250 0.2824 0.9590
vn 0.3103 0.9305 0.1947
vn -0.4684 0.8619 0.1942
vn 0.2885 0.8784 0.3811
vn -0.0816 0.9289 0.3612
vn -0.0864 0.9801 0.1786
vn -0.4375 0.8146 0.3807
vn 0.2320 0.1613 -0.9592
vn 0.5129 0.8365 -0.1930
vn 0.9618 0.1943 -0.1930
vn 0.4873 0.7865 -0.3794
vn 0.7649 0.5346 -0.3593
vn 0.8067 0.5639 -0.1768
vn 0.9061 0.1871 -0.3793
vn 0.2327 0.1618 0.9590
vn 0.9613 0.1946 0.1950
vn 0.5130 0.8359 0.1950
vn 0.9052 0.1876 0.3814
vn 0.7641 0.5340 0.3620
vn 0.8063 0.5636 0.1794
vn 0.4874 0.7855 0.3815
vn 0.2566 -0.1227 -0.9587
vn 0.9807 -0.0288 -0.1933
vn 0.6489 -0.7358 -0.1937
vn 0.9244 -0.0321 -0.3800
vn 0.8443 -0.3967 -0.3603
vn 0.8909 -0.4181 -0.1776
vn 0.6146 -0.6912 -0.3801
vn 0.2573 -0.1215 0.9587
vn 0.6493 -0.7353 0.1942
vn 0.9805 -0.0281 0.1947
vn 0.6154 -0.6902 0.3807
vn 0.8446 -0.3953 0.3612
vn 0.8910 -0.4173 0.1786
vn 0.9240 -0.0308 0.3811
vn 0.0242 -0.2850 -0.9582
vn 0.4661 -0.8632 -0.1941
vn -0.3100 -0.9307 -0.1943
vn 0.4352 -0.8159 -0.3807
vn 0.0807 -0.9290 -0.3612
vn 0.0853 -0.9803 -0.1784
vn -0.2880 -0.8787 -0.3808
vn 0.0249 -0.2844 0.9584
vn -0.3099 -0.9308 0.1936
vn 0.4666 -0.8630 0.1938
vn -0.2879 -0.8790 0.3801
vn 0.0813 -0.9292 0.3604
vn 0.0857 -0.9804 0.1777
vn 0.4361 -0.8156 0.3803
vn -0.2328 -0.1644 -0.9585
vn -0.5120 -0.8367 -0.1943
vn -0.9610 -0.1970 -0.1943
vn -0.4862 -0.7866 -0.3807
vn -0.7633 -0.5358 -0.3610
vn -0.8054 -0.5652 -0.1784
vn -0.9049 -0.1901 -0.3807
vn -0.2325 -0.1641 0.9586
vn -0.9611 -0.1970 0.1937
vn -0.5121 -0.8368 0.1936
vn -0.9051 -0.1902 0.3802
vn -0.7635 -0.5358 0.3604
vn -0.8055 -0.5653 0.1777
vn -0.4865 -0.7867 0.3801
vn -0.2586 0.1187 -0.9587
vn -0.9806 0.0253 -0.1942
vn -0.6516 0.7333 -0.1940
vn -0.9243 0.0281 -0.3807
vn -0.8458 0.3928 -0.3610
vn -0.8923 0.4147 -0.1783
vn -0.6178 0.6880 -0.3806
vn -0.2579 0.1192 0.9588
vn -0.6513 0.7336 0.1939
vn -0.9807 0.0254 0.1937
vn -0.6172 0.6888 0.3804
vn -0.8457 0.3935 0.3604
vn -0.8923 0.4150 0.1778
vn -0.9245 0.0283 0.3802
vn -0.0737 0.2771 -0.9580
vn -0.5989 0.7769 -0.1940
vn 0.1557 0.9685 -0.1941
vn -0.5613 0.7350 -0.3806
vn -0.2296 0.9037 -0.3613
vn -0.2421 0.9537 -0.1784
vn 0.1416 0.9137 -0.3809
vn -0.0734 0.2751 0.9586
vn 0.1563 0.9685 0.1939
vn -0.5994 0.7766 0.1938
vn 0.1426 0.9138 0.3804
vn -0.2297 0.9041 0.3603
vn -0.2422 0.9538 0.1777
vn -0.5622 0.7345 0.3801
vn 0.1999 0.1994 -0.9593
vn 0.3709 0.9083 -0.1936
vn 0.9181 0.3462 -0.1931
vn 0.3528 0.8551 -0.3798
vn 0.6682 0.6511 -0.3599
vn 0.7052 0.6864 -0.1774
vn 0.8638 0.3310 -0.3798
vn 0.2004 0.1975 0.9596
vn 0.9180 0.3454 0.1950
vn 0.3716 0.9078 0.1943
vn 0.8637 0.3295 0.3813
vn 0.6689 0.6496 0.3612
vn 0.7057 0.6856 0.1788
vn 0.3541 0.8542 0.3807
vn 0.2705 -0.0775 -0.9596
vn 0.9728 0.1282 -0.1928
vn 0.7565 -0.6251 -0.1922
vn 0.9179 0.1169 -0.3792
vn 0.8971 -0.2573 -0.3591
vn 0.9461 -0.2717 -0.1764
vn 0.7164 -0.5859 -0.3788
vn 0.2695 -0.0793 0.9597
vn 0.7554 -0.6253 0.1959
vn 0.9724 0.1275 0.1953
vn 0.7142 -0.5865 0.3820
vn 0.8956 -0.2586 0.3621
vn 0.9452 -0.2724 0.1798
vn 0.9170 0.1155 0.3817
vn 0.0648 -0.2753 -0.9592
vn 0.5948 -0.7807 -0.1917
vn -0.1662 -0.9674 -0.1910
vn 0.5574 -0.7390 -0.3783
vn 0.2227 -0.9068 -0.3579
vn 0.2346 -0.9562 -0.1751
vn -0.1525 -0.9133 -0.3777
vn 0.0633 -0.2761 0.9590
vn -0.1668 -0.9661 0.1969
vn 0.5935 -0.7805 0.1964
vn -0.1540 -0.9109 0.3828
vn 0.2204 -0.9052 0.3633
vn 0.2333 -0.9554 0.1810
vn 0.5551 -0.7385 0.3828
vn -0.2089 -0.1954 -0.9582
vn -0.3807 -0.9048 -0.1906
vn -0.9201 -0.3418 -0.1912
vn -0.3638 -0.8516 -0.3774
vn -0.6748 -0.6459 -0.3570
vn -0.7110 -0.6813 -0.1743
vn -0.8668 -0.3257 -0.3775
vn -0.2087 -0.1977 0.9578
vn -0.9185 -0.3432 0.1966
vn -0.3804 -0.9035 0.1973
vn -0.8635 -0.3278 0.3832
vn -0.6716 -0.6450 0.3646
vn -0.7094 -0.6810 0.1818
vn -0.3629 -0.8491 0.3838
vn -0.2766 0.0802 -0.9576
vn -0.9732 -0.1260 -0.1923
vn -0.7584 0.6224 -0.1936
vn -0.9183 -0.1134 -0.3794
vn -0.8965 0.2580 -0.3602
vn -0.9460 0.2714 -0.1772
vn -0.7175 0.5837 -0.3801
vn -0.2764 0.0766 0.9580
vn -0.7589 0.6215 0.1943
vn -0.9723 -0.1280 0.1955
vn -0.7186 0.5818 0.3809
vn -0.8970 0.2546 0.3614
vn -0.9462 0.2695 0.1789
vn -0.9169 -0.1173 0.3815
vn -0.9794 0.2021 -0.0027
vn -0.1924 0.9813 -0.0116
vn -0.9243 0.3816 -0.0063
vn 0.9796 0.2008 -0.0010
vn 0.1957 0.9806 -0.0095
vn 0.9248 0.3804 -0.0018
vn -0.9792 0.2006 -0.0314
vn -0.1924 0.9698 -0.1502
vn -0.9245 0.3765 -0.0601
vn 0.9794 0.1998 -0.0296
vn 0.1954 0.9695 -0.1481
vn 0.9249 0.3761 -0.0555
vn -0.9794 0.1930 -0.0589
vn -0.1927 0.9388 -0.2855
vn -0.9244 0.3645 -0.1122
vn 0.9796 0.1925 -0.0576
vn 0.1953 0.9388 -0.2838
vn 0.9248 0.3646 -0.1086
vn -0.9795 0.1837 -0.0833
vn -0.1928 0.8936 -0.4054
vn -0.9244 0.3469 -0.1583
vn 0.9796 0.1832 -0.0828
vn 0.1952 0.8935 -0.4043
vn 0.9248 0.3471 -0.1560
vn -0.9795 0.1712 -0.1064
vn -0.1929 0.8331 -0.5184
vn -0.9245 0.3235 -0.2018
vn 0.9796 0.1706 -0.1065
vn 0.1951 0.8329 -0.5179
vn 0.9247 0.3234 -0.2008
vn -0.9795 0.1559 -0.1277
vn -0.1929 0.7584 -0.6226
vn -0.9245 0.2946 -0.2420
vn 0.9795 0.1551 -0.1282
vn 0.1951 0.7579 -0.6225
vn 0.9247 0.2941 -0.2419
vn -0.9795 0.1380 -0.1467
vn -0.1929 0.6708 -0.7161
vn -0.9245 0.2608 -0.2780
vn 0.9795 0.1369 -0.1477
vn 0.1951 0.6701 -0.7162
vn 0.9246 0.2598 -0.2785
vn -0.9795 0.1179 -0.1633
vn -0.1928 0.5719 -0.7973
vn -0.9245 0.2229 -0.3093
vn 0.9795 0.1165 -0.1645
vn 0.1952 0.5709 -0.7975
vn 0.9246 0.2212 -0.3103
vn -0.9795 0.0959 -0.1772
vn -0.1927 0.4635 -0.8649
vn -0.9245 0.1813 -0.3353
vn 0.9794 0.0940 -0.1785
vn 0.1952 0.4621 -0.8651
vn 0.9245 0.1789 -0.3366
vn -0.9795 0.0721 -0.1881
vn -0.1926 0.3470 -0.9179
vn -0.9245 0.1366 -0.3560
vn 0.9794 0.0700 -0.1893
vn 0.1954 0.3453 -0.9179
vn 0.9244 0.1335 -0.3572
vn -0.9795 0.0469 -0.1960
vn -0.1925 0.2242 -0.9553
vn -0.9245 0.0889 -0.3708
vn 0.9794 0.0447 -0.1970
vn 0.1955 0.2226 -0.9551
vn 0.9244 0.0859 -0.3717
vn -0.9795 0.0203 -0.2005
vn -0.1924 0.0969 -0.9765
vn -0.9245 0.0387 -0.3793
vn 0.9793 0.0186 -0.2014
vn 0.1956 0.0958 -0.9760
vn 0.9243 0.0367 -0.3798
vn -0.9795 -0.0073 -0.2014
vn -0.1924 -0.0328 -0.9808
vn -0.9245 -0.0132 -0.3809
vn 0.9793 -0.0078 -0.2023
vn 0.1956 -0.0327 -0.9801
vn 0.9243 -0.0132 -0.3815
vn -0.9795 -0.0349 -0.1986
vn -0.1925 -0.1621 -0.9678
vn -0.9245 -0.0653 -0.3755
vn 0.9793 -0.0341 -0.1997
vn 0.1955 -0.1609 -0.9674
vn 0.9242 -0.0628 -0.3767
vn -0.9795 -0.0612 -0.1921
vn -0.1925 -0.2880 -0.9381
vn -0.9245 -0.1151 -0.3635
vn 0.9792 -0.0601 -0.1937
vn 0.1954 -0.2863 -0.9380
vn 0.9241 -0.1119 -0.3653
vn -0.9794 -0.0856 -0.1827
vn -0.1925 -0.4079 -0.8925
vn -0.9244 -0.1611 -0.3458
vn 0.9792 -0.0855 -0.1842
vn 0.1953 -0.4068 -0.8924
vn 0.9240 -0.1597 -0.3473
vn -0.9794 -0.1079 -0.1706
vn -0.1925 -0.5200 -0.8322
vn -0.9243 -0.2032 -0.3231
vn 0.9791 -0.1094 -0.1713
vn 0.1953 -0.5202 -0.8314
vn 0.9240 -0.2049 -0.3230
vn -0.9794 -0.1282 -0.1562
vn -0.1923 -0.6228 -0.7584
vn -0.9242 -0.2415 -0.2959
vn 0.9791 -0.1313 -0.1554
vn 0.1954 -0.6243 -0.7563
vn 0.9239 -0.2461 -0.2930
vn -0.9793 -0.1468 -0.1392
vn -0.1921 -0.7153 -0.6719
vn -0.9241 -0.2765 -0.2638
vn 0.9791 -0.1505 -0.1370
vn 0.1956 -0.7173 -0.6687
vn 0.9238 -0.2824 -0.2585
vn -0.9793 -0.1636 -0.1193
vn -0.1918 -0.7965 -0.5735
vn -0.9240 -0.3081 -0.2263
vn 0.9791 -0.1668 -0.1167
vn 0.1959 -0.7980 -0.5700
vn 0.9238 -0.3133 -0.2202
vn -0.9792 -0.1782 -0.0966
vn -0.1916 -0.8647 -0.4643
vn -0.9240 -0.3355 -0.1833
vn 0.9790 -0.1803 -0.0946
vn 0.1962 -0.8652 -0.4615
vn 0.9238 -0.3387 -0.1785
vn -0.9792 -0.1898 -0.0715
vn -0.1914 -0.9184 -0.3463
vn -0.9240 -0.3574 -0.1359
vn 0.9790 -0.1910 -0.0709
vn 0.1964 -0.9179 -0.3449
vn 0.9238 -0.3588 -0.1338
vn -0.9792 -0.1979 -0.0449
vn -0.1914 -0.9561 -0.2220
vn -0.9240 -0.3727 -0.0858
vn 0.9790 -0.1985 -0.0458
vn 0.1964 -0.9551 -0.2220
vn 0.9238 -0.3730 -0.0863
vn -0.9792 -0.2023 -0.0178
vn -0.1914 -0.9770 -0.0941
vn -0.9239 -0.3810 -0.0346
vn 0.9790 -0.2029 -0.0195
vn 0.1964 -0.9759 -0.0950
vn 0.9238 -0.3811 -0.0368
vn -0.9791 -0.2030 0.0091
vn -0.1914 -0.9809 0.0348
vn -0.9239 -0.3824 0.0160
vn 0.9790 -0.2037 0.0074
vn 0.1963 -0.9800 0.0337
vn 0.9238 -0.3827 0.0139
vn -0.9791 -0.2002 0.0352
vn -0.1914 -0.9680 0.1624
vn -0.9238 -0.3772 0.0654
vn 0.9790 -0.2009 0.0343
vn 0.1963 -0.9671 0.1619
vn 0.9238 -0.3774 0.0647
vn -0.9791 -0.1941 0.0609
vn -0.1914 -0.9386 0.2871
vn -0.9238 -0.3657 0.1137
vn 0.9790 -0.1947 0.0602
vn 0.1962 -0.9377 0.2868
vn 0.9238 -0.3657 0.1137
vn -0.9791 -0.1845 0.0860
vn -0.1915 -0.8930 0.4073
vn -0.9238 -0.3475 0.1610
vn 0.9790 -0.1853 0.0846
vn 0.1961 -0.8924 0.4063
vn 0.9238 -0.3481 0.1596
vn -0.9791 -0.1714 0.1099
vn -0.1917 -0.8318 0.5209
vn -0.9238 -0.3227 0.2062
vn 0.9791 -0.1731 0.1072
vn 0.1960 -0.8322 0.5186
vn 0.9238 -0.3251 0.2023
vn -0.9790 -0.1551 0.1320
vn -0.1919 -0.7562 0.6256
vn -0.9238 -0.2919 0.2478
vn 0.9791 -0.1582 0.1279
vn 0.1957 -0.7580 0.6221
vn 0.9239 -0.2970 0.2414
vn -0.9790 -0.1363 0.1513
vn -0.1923 -0.6679 0.7190
vn -0.9237 -0.2566 0.2843
vn 0.9791 -0.1408 0.1466
vn 0.1953 -0.6712 0.7150
vn 0.9239 -0.2643 0.2767
vn -0.9790 -0.1159 0.1675
vn -0.1927 -0.5692 0.7993
vn -0.9237 -0.2182 0.3149
vn 0.9791 -0.1213 0.1630
vn 0.1949 -0.5735 0.7957
vn 0.9239 -0.2274 0.3076
vn -0.9790 -0.0943 0.1805
vn -0.1931 -0.4618 0.8657
vn -0.9237 -0.1776 0.3395
vn 0.9792 -0.0998 0.1768
vn 0.1944 -0.4662 0.8631
vn 0.9240 -0.1868 0.3337
vn -0.9790 -0.0718 0.1906
vn -0.1935 -0.3472 0.9176
vn -0.9237 -0.1350 0.3586
vn 0.9792 -0.0763 0.1880
vn 0.1941 -0.3508 0.9161
vn 0.9241 -0.1424 0.3547
vn -0.9790 -0.0479 0.1980
vn -0.1938 -0.2263 0.9546
vn -0.9237 -0.0900 0.3725
vn 0.9792 -0.0508 0.1963
vn 0.1939 -0.2284 0.9541
vn 0.9241 -0.0943 0.3702
vn -0.9790 -0.0225 0.2025
vn -0.1940 -0.1003 0.9759
vn -0.9237 -0.0420 0.3808
vn 0.9793 -0.0238 0.2012
vn 0.1938 -0.1011 0.9758
vn 0.9242 -0.0435 0.3794
vn -0.9790 0.0041 0.2036
vn -0.1941 0.0282 0.9806
vn -0.9237 0.0082 0.3830
vn 0.9793 0.0034 0.2024
vn 0.1937 0.0281 0.9807
vn 0.9242 0.0078 0.3817
vn -0.9791 0.0309 0.2012
vn -0.1941 0.1566 0.9684
vn -0.9238 0.0586 0.3784
vn 0.9793 0.0304 0.1999
vn 0.1938 0.1568 0.9684
vn 0.9243 0.0588 0.3771
vn -0.9791 0.0569 0.1954
vn -0.9238 0.1077 0.3674
vn 0.9794 0.0570 0.1939
vn 0.1938 0.2829 0.9394
vn 0.9244 0.1090 0.3656
vn -0.9791 0.0816 0.1863
vn -0.1939 0.4024 0.8947
vn -0.9238 0.1543 0.3504
vn 0.9794 0.0826 0.1843
vn 0.1939 0.4040 0.8940
vn 0.9244 0.1572 0.3475
vn -0.9791 0.1047 0.1743
vn -0.1937 0.5155 0.8347
vn -0.9238 0.1979 0.3277
vn 0.9794 0.1066 0.1713
vn 0.1942 0.5179 0.8331
vn 0.9245 0.2025 0.3231
vn -0.9791 0.1261 0.1594
vn -0.1934 0.6198 0.7606
vn -0.9238 0.2382 0.2996
vn 0.9795 0.1285 0.1553
vn 0.1945 0.6228 0.7578
vn 0.9245 0.2440 0.2929
vn -0.9792 0.1457 0.1415
vn -0.1931 0.7139 0.6731
vn -0.9239 0.2752 0.2659
vn 0.9795 0.1481 0.1366
vn 0.1949 0.7168 0.6695
vn 0.9246 0.2808 0.2576
vn -0.9792 0.1632 0.1207
vn -0.1927 0.7963 0.5734
vn -0.9240 0.3082 0.2265
vn 0.9795 0.1647 0.1156
vn 0.1952 0.7984 0.5696
vn 0.9246 0.3123 0.2181
vn -0.9792 0.1780 0.0972
vn -0.1925 0.8651 0.4631
vn -0.9241 0.3361 0.1821
vn 0.9796 0.1783 0.0930
vn 0.1956 0.8661 0.4601
vn 0.9246 0.3380 0.1755
vn -0.9793 0.1894 0.0719
vn -0.1922 0.9187 0.3450
vn -0.9241 0.3576 0.1344
vn 0.9796 0.1886 0.0694
vn 0.1957 0.9186 0.3433
vn 0.9247 0.3575 0.1309
vn -0.9795 0.1955 0.0477
vn -0.1923 0.9535 0.2321
vn -0.9241 0.3716 0.0894
vn 0.9799 0.1941 0.0470
vn 0.1959 0.9528 0.2320
vn 0.9247 0.3702 0.0892
vn -0.9793 0.2008 0.0238
vn -0.1922 0.9744 0.1165
vn -0.9242 0.3793 0.0438
vn 0.9796 0.1993 0.0246
vn 0.1957 0.9736 0.1177
vn 0.9248 0.3776 0.0465
vn -0.9796 0.2010 0.0019
vn -0.1964 0.9805 0.0022
vn -0.9247 0.3806 0.0032
vn 0.9796 0.2009 0.0004
vn 0.1916 0.9815 0.0012
vn 0.9247 0.3807 0.0006
vn -0.9796 0.1996 -0.0240
vn -0.1956 0.9726 -0.1253
vn -0.9247 0.3780 -0.0456
vn 0.9796 0.1991 -0.0262
vn 0.1924 0.9731 -0.1270
vn 0.9247 0.3774 -0.0495
vn -0.9796 0.1948 -0.0500
vn -0.1947 0.9481 -0.2513
vn -0.9247 0.3688 -0.0948
vn 0.9796 0.1939 -0.0519
vn 0.1933 0.9480 -0.2527
vn 0.9248 0.3677 -0.0979
vn -0.9796 0.1864 -0.0756
vn -0.1941 0.9072 -0.3733
vn -0.9246 0.3529 -0.1430
vn 0.9796 0.1856 -0.0765
vn 0.1940 0.9069 -0.3739
vn 0.9248 0.3520 -0.1443
vn -0.9796 0.1746 -0.1000
vn -0.1940 0.8503 -0.4892
vn -0.9246 0.3306 -0.1891
vn 0.9796 0.1742 -0.0999
vn 0.1941 0.8504 -0.4890
vn 0.9248 0.3305 -0.1885
vn -0.9796 0.1597 -0.1223
vn -0.1942 0.7789 -0.5963
vn -0.9246 0.3026 -0.2312
vn 0.9796 0.1599 -0.1217
vn 0.1938 0.7794 -0.5958
vn 0.9247 0.3035 -0.2297
vn -0.9795 0.1425 -0.1421
vn -0.1946 0.6946 -0.6926
vn -0.9246 0.2702 -0.2685
vn 0.9796 0.1428 -0.1417
vn 0.1934 0.6952 -0.6923
vn 0.9247 0.2712 -0.2672
vn -0.9795 0.1230 -0.1594
vn -0.1949 0.5983 -0.7772
vn -0.9246 0.2333 -0.3011
vn 0.9795 0.1227 -0.1596
vn 0.1932 0.5985 -0.7774
vn 0.9246 0.2333 -0.3011
vn -0.9795 0.1011 -0.1742
vn -0.1946 0.4914 -0.8489
vn -0.9246 0.1921 -0.3291
vn 0.9795 0.1000 -0.1750
vn 0.1935 0.4908 -0.8495
vn 0.9245 0.1904 -0.3301
vn -0.9795 0.0773 -0.1862
vn -0.1939 0.3757 -0.9062
vn -0.9245 0.1471 -0.3517
vn 0.9794 0.0754 -0.1871
vn 0.1941 0.3744 -0.9067
vn 0.9245 0.1440 -0.3530
vn -0.9794 0.0517 -0.1951
vn -0.1931 0.2533 -0.9479
vn -0.9244 0.0989 -0.3684
vn 0.9794 0.0499 -0.1957
vn 0.1949 0.2520 -0.9479
vn 0.9244 0.0959 -0.3691
vn -0.9794 0.0250 -0.2005
vn -0.1925 0.1266 -0.9731
vn -0.9243 0.0486 -0.3785
vn 0.9794 0.0240 -0.2007
vn 0.1954 0.1259 -0.9726
vn 0.9243 0.0471 -0.3786
vn -0.9793 -0.0016 -0.2022
vn -0.1922 -0.0016 -0.9813
vn -0.9242 -0.0018 -0.3819
vn 0.9793 -0.0019 -0.2023
vn 0.1956 -0.0015 -0.9807
vn 0.9243 -0.0016 -0.3817
vn -0.9793 -0.0276 -0.2004
vn -0.1922 -0.1290 -0.9728
vn -0.9241 -0.0508 -0.3787
vn 0.9793 -0.0278 -0.2006
vn 0.1956 -0.1288 -0.9722
vn 0.9242 -0.0507 -0.3785
vn -0.9793 -0.0534 -0.1954
vn -0.1921 -0.2547 -0.9477
vn -0.9241 -0.0994 -0.3690
vn 0.9792 -0.0543 -0.1954
vn 0.1958 -0.2551 -0.9469
vn 0.9242 -0.1006 -0.3685
vn -0.9792 -0.0791 -0.1867
vn -0.1917 -0.3775 -0.9060
vn -0.9240 -0.1478 -0.3526
vn 0.9792 -0.0804 -0.1864
vn 0.1963 -0.3780 -0.9048
vn 0.9241 -0.1498 -0.3516
vn -0.9792 -0.1039 -0.1744
vn -0.1911 -0.4941 -0.8481
vn -0.9240 -0.1945 -0.3293
vn 0.9791 -0.1049 -0.1740
vn 0.1968 -0.4942 -0.8468
vn 0.9240 -0.1961 -0.3283
vn -0.9791 -0.1267 -0.1588
vn -0.1908 -0.6018 -0.7755
vn -0.9239 -0.2376 -0.2999
vn 0.9791 -0.1269 -0.1589
vn 0.1969 -0.6011 -0.7746
vn 0.9239 -0.2376 -0.2999
vn -0.9791 -0.1467 -0.1407
vn -0.1910 -0.6980 -0.6901
vn -0.9238 -0.2755 -0.2658
vn 0.9791 -0.1461 -0.1417
vn 0.1966 -0.6966 -0.6901
vn 0.9238 -0.2739 -0.2675
vn -0.9791 -0.1637 -0.1206
vn -0.1918 -0.7814 -0.5938
vn -0.9238 -0.3075 -0.2280
vn 0.9790 -0.1627 -0.1226
vn 0.1957 -0.7798 -0.5946
vn 0.9237 -0.3052 -0.2314
vn -0.9791 -0.1778 -0.0988
vn -0.1930 -0.8516 -0.4875
vn -0.9238 -0.3342 -0.1868
vn 0.9790 -0.1771 -0.1012
vn 0.1946 -0.8503 -0.4889
vn 0.9237 -0.3322 -0.1910
vn -0.9791 -0.1890 -0.0754
vn -0.1940 -0.9074 -0.3727
vn -0.9238 -0.3552 -0.1427
vn 0.9789 -0.1889 -0.0774
vn 0.1936 -0.9069 -0.3741
vn 0.9236 -0.3545 -0.1461
vn -0.9791 -0.1971 -0.0508
vn -0.1947 -0.9480 -0.2518
vn -0.9238 -0.3705 -0.0963
vn 0.9789 -0.1976 -0.0520
vn 0.1929 -0.9482 -0.2525
vn 0.9235 -0.3709 -0.0981
vn -0.9791 -0.2020 -0.0253
vn -0.1949 -0.9727 -0.1264
vn -0.9238 -0.3799 -0.0482
vn 0.9789 -0.2028 -0.0255
vn 0.1927 -0.9731 -0.1264
vn 0.9234 -0.3807 -0.0481
vn -0.9790 -0.2037 0.0011
vn -0.1947 -0.9809 0.0017
vn -0.9238 -0.3829 0.0015
vn 0.9789 -0.2045 0.0015
vn 0.1930 -0.9812 0.0022
vn 0.9234 -0.3838 0.0028
vn -0.9790 -0.2019 0.0279
vn -0.1943 -0.9722 0.1302
vn -0.9237 -0.3795 0.0521
vn 0.9789 -0.2024 0.0284
vn 0.1933 -0.9724 0.1309
vn 0.9234 -0.3800 0.0536
vn -0.9790 -0.1966 0.0538
vn -0.1939 -0.9471 0.2559
vn -0.9237 -0.3696 0.1011
vn 0.9789 -0.1970 0.0544
vn 0.1936 -0.9470 0.2565
vn 0.9234 -0.3698 0.1026
vn -0.9790 -0.1883 0.0781
vn -0.1934 -0.9062 0.3761
vn -0.9236 -0.3540 0.1470
vn 0.9789 -0.1884 0.0788
vn 0.1940 -0.9058 0.3766
vn 0.9235 -0.3537 0.1486
vn -0.9790 -0.1772 0.1009
vn -0.1930 -0.8505 0.4894
vn -0.9236 -0.3331 0.1899
vn 0.9790 -0.1770 0.1015
vn 0.1944 -0.8498 0.4899
vn 0.9236 -0.3322 0.1915
vn -0.9790 -0.1632 0.1223
vn -0.1926 -0.7804 0.5948
vn -0.9235 -0.3066 0.2303
vn 0.9790 -0.1629 0.1226
vn 0.1949 -0.7797 0.5950
vn 0.9237 -0.3055 0.2313
vn -0.9790 -0.1462 0.1423
vn -0.1924 -0.6967 0.6910
vn -0.9236 -0.2744 0.2679
vn 0.9790 -0.1461 0.1419
vn 0.1951 -0.6963 0.6907
vn 0.9238 -0.2738 0.2677
vn -0.9790 -0.1265 0.1599
vn -0.1926 -0.6011 0.7756
vn -0.9236 -0.2374 0.3011
vn 0.9791 -0.1270 0.1589
vn 0.1950 -0.6013 0.7749
vn 0.9238 -0.2379 0.2998
vn -0.9790 -0.1050 0.1746
vn -0.1930 -0.4957 0.8468
vn -0.9236 -0.1968 0.3289
vn 0.9791 -0.1061 0.1734
vn 0.1945 -0.4963 0.8461
vn 0.9239 -0.1984 0.3272
vn -0.9791 -0.0818 0.1864
vn -0.1937 -0.3817 0.9037
vn -0.9237 -0.1530 0.3512
vn 0.9791 -0.0832 0.1853
vn 0.1939 -0.3827 0.9033
vn 0.9240 -0.1551 0.3496
vn -0.9791 -0.0570 0.1953
vn -0.1943 -0.2606 0.9457
vn -0.9238 -0.1062 0.3678
vn 0.9792 -0.0581 0.1945
vn 0.1935 -0.2614 0.9456
vn 0.9241 -0.1078 0.3667
vn -0.9791 -0.0306 0.2009
vn -0.1947 -0.1338 0.9717
vn -0.9239 -0.0564 0.3784
vn 0.9792 -0.0310 0.2005
vn 0.1933 -0.1340 0.9719
vn 0.9241 -0.0566 0.3779
vn -0.9792 -0.0031 0.2030
vn -0.1947 -0.0040 0.9809
vn -0.9240 -0.0045 0.3823
vn 0.9793 -0.0031 0.2026
vn 0.1933 -0.0037 0.9811
vn 0.9242 -0.0040 0.3820
vn -0.9792 0.0246 0.2013
vn -0.1947 0.1259 0.9727
vn -0.9241 0.0477 0.3791
vn 0.9793 0.0241 0.2009
vn 0.1933 0.1258 0.9730
vn 0.9242 0.0473 0.3789
vn -0.9793 0.0516 0.1959
vn -0.1950 0.2532 0.9476
vn -0.9242 0.0986 0.3689
vn 0.9793 0.0504 0.1958
vn 0.1930 0.2526 0.9481
vn 0.9243 0.0969 0.3693
vn -0.9793 0.0772 0.1869
vn -0.1955 0.3755 0.9060
vn -0.9243 0.1470 0.3521
vn 0.9794 0.0756 0.1873
vn 0.1924 0.3747 0.9070
vn 0.9243 0.1445 0.3533
vn -0.9794 0.1011 0.1749
vn -0.1962 0.4909 0.8488
vn -0.9245 0.1921 0.3294
vn 0.9794 0.0996 0.1756
vn 0.1917 0.4903 0.8502
vn 0.9243 0.1896 0.3311
vn -0.9794 0.1233 0.1597
vn -0.1970 0.5980 0.7769
vn -0.9246 0.2338 0.3007
vn 0.9794 0.1222 0.1606
vn 0.1911 0.5980 0.7784
vn 0.9244 0.2322 0.3027
vn -0.9795 0.1435 0.1415
vn -0.1975 0.6954 0.6909
vn -0.9247 0.2720 0.2664
vn 0.9795 0.1431 0.1421
vn 0.1907 0.6960 0.6923
vn 0.9244 0.2716 0.2679
vn -0.9795 0.1609 0.1210
vn -0.1976 0.7804 0.5933
vn -0.9248 0.3049 0.2277
vn 0.9795 0.1611 0.1211
vn 0.1904 0.7815 0.5942
vn 0.9244 0.3056 0.2283
vn -0.9796 0.1751 0.0990
vn -0.1975 0.8511 0.4864
vn -0.9248 0.3318 0.1862
vn 0.9795 0.1755 0.0986
vn 0.1905 0.8525 0.4868
vn 0.9244 0.3330 0.1860
vn -0.9796 0.1863 0.0757
vn -0.1973 0.9070 0.3721
vn -0.9248 0.3529 0.1424
vn 0.9796 0.1866 0.0752
vn 0.1906 0.9083 0.3723
vn 0.9244 0.3540 0.1418
vn -0.9796 0.1943 0.0516
vn -0.1971 0.9474 0.2521
vn -0.9248 0.3680 0.0968
vn 0.9796 0.1944 0.0511
vn 0.1908 0.9487 0.2522
vn 0.9245 0.3688 0.0963
vn -0.9796 0.1992 0.0270
vn -0.1968 0.9720 0.1285
vn -0.9247 0.3772 0.0505
vn 0.9796 0.1992 0.0263
vn 0.1910 0.9732 0.1283
vn 0.9246 0.3777 0.0496
vn 0.0247 0.2808 -0.9595
vn -0.3112 0.9302 -0.1948
vn 0.4688 0.8617 -0.1941
vn -0.2896 0.8780 -0.3810
vn 0.0812 0.9290 -0.3611
vn 0.0861 0.9802 -0.1785
vn 0.4378 0.8145 -0.3806
vn 0.0266 0.2802 0.9596
vn 0.4696 0.8613 0.1940
vn -0.3105 0.9307 0.1933
vn 0.4394 0.8138 0.3802
vn 0.0831 0.9292 0.3602
vn 0.0871 0.9802 0.1776
vn -0.2881 0.8790 0.3799
vn 0.2579 0.1161 -0.9592
vn 0.6524 0.7327 -0.1936
vn 0.9810 0.0210 -0.1930
vn 0.6183 0.6879 -0.3800
vn 0.8471 0.3911 -0.3598
vn 0.8936 0.4124 -0.1773
vn 0.9249 0.0237 -0.3794
vn 0.2590 0.1149 0.9590
vn 0.9806 0.0205 0.1949
vn 0.6529 0.7321 0.1945
vn 0.9243 0.0228 0.3810
vn 0.8471 0.3897 0.3614
vn 0.8936 0.4116 0.1789
vn 0.6192 0.6866 0.3811
vn 0.2330 -0.1672 -0.9580
vn 0.9604 -0.2013 -0.1929
vn 0.5121 -0.8371 -0.1927
vn 0.9044 -0.1946 -0.3796
vn 0.7625 -0.5378 -0.3596
vn 0.8044 -0.5672 -0.1767
vn 0.4864 -0.7871 -0.3793
vn 0.2335 -0.1678 0.9578
vn 0.5118 -0.8366 0.1951
vn 0.9599 -0.2014 0.1950
vn 0.4859 -0.7864 0.3815
vn 0.7616 -0.5374 0.3621
vn 0.8039 -0.5670 0.1793
vn 0.9035 -0.1948 0.3817
vn -0.0238 -0.2861 -0.9579
vn 0.3109 -0.9307 -0.1928
vn -0.4649 -0.8640 -0.1933
vn 0.2889 -0.8790 -0.3794
vn -0.0801 -0.9296 -0.3597
vn -0.0842 -0.9806 -0.1769
vn -0.4344 -0.8167 -0.3798
vn -0.0224 -0.2870 0.9577
vn -0.4639 -0.8643 0.1946
vn 0.3110 -0.9302 0.1950
vn -0.4326 -0.8170 0.3813
vn -0.0787 -0.9289 0.3620
vn -0.0835 -0.9803 0.1791
vn 0.2893 -0.8780 0.3814
vn -0.2566 -0.1234 -0.9586
vn -0.6477 -0.7368 -0.1939
vn -0.9804 -0.0299 -0.1947
vn -0.6139 -0.6917 -0.3804
vn -0.8438 -0.3969 -0.3611
vn -0.8902 -0.4191 -0.1785
vn -0.9239 -0.0326 -0.3812
vn -0.2553 -0.1252 0.9587
vn -0.9807 -0.0308 0.1933
vn -0.6469 -0.7375 0.1940
vn -0.9243 -0.0344 0.3801
vn -0.8432 -0.3989 0.3603
vn -0.8899 -0.4202 0.1776
vn -0.6124 -0.6932 0.3801
vn -0.2330 0.1600 -0.9592
vn -0.9616 0.1930 -0.1952
vn -0.5141 0.8352 -0.1952
vn -0.9054 0.1860 -0.3815
vn -0.7648 0.5328 -0.3622
vn -0.8071 0.5624 -0.1796
vn -0.4886 0.7846 -0.3817
vn -0.2319 0.1592 0.9596
vn -0.5139 0.8359 0.1928
vn -0.9621 0.1926 0.1928
vn -0.4883 0.7859 0.3793
vn -0.7658 0.5335 0.3590
vn -0.8076 0.5627 0.1766
vn -0.9066 0.1853 0.3791
vn -0.0194 0.2826 -0.9590
vn -0.4531 0.8698 -0.1952
vn 0.3275 0.9244 -0.1956
vn -0.4231 0.8218 -0.3815
vn -0.0648 0.9300 -0.3619
vn -0.0686 0.9814 -0.1795
vn 0.3049 0.8725 -0.3817
vn -0.0207 0.2834 0.9588
vn 0.3271 0.9252 0.1924
vn -0.4536 0.8701 0.1928
vn 0.3040 0.8740 0.3791
vn -0.0659 0.9309 0.3594
vn -0.0692 0.9818 0.1766
vn -0.4240 0.8224 0.3793
vn 0.2361 0.1581 -0.9588
vn 0.5282 0.8262 -0.1960
vn 0.9640 0.1791 -0.1964
vn 0.5017 0.7760 -0.3824
vn 0.7730 0.5203 -0.3630
vn 0.8158 0.5495 -0.1805
vn 0.9076 0.1727 -0.3826
vn 0.2354 0.1593 0.9588
vn 0.9649 0.1798 0.1915
vn 0.5280 0.8272 0.1920
vn 0.9091 0.1743 0.3783
vn 0.7737 0.5224 0.3585
vn 0.8161 0.5506 0.1756
vn 0.5015 0.7779 0.3786
vn 0.2553 -0.1251 -0.9587
vn 0.9795 -0.0436 -0.1967
vn 0.6365 -0.7458 -0.1966
vn 0.9226 -0.0455 -0.3830
vn 0.8370 -0.4088 -0.3636
vn 0.8837 -0.4316 -0.1812
vn 0.6030 -0.6998 -0.3829
vn 0.2547 -0.1251 0.9589
vn 0.6368 -0.7469 0.1913
vn 0.9806 -0.0433 0.1913
vn 0.6038 -0.7019 0.3779
vn 0.8390 -0.4100 0.3577
vn 0.8846 -0.4322 0.1750
vn 0.9247 -0.0452 0.3779
vn 0.0206 -0.2841 -0.9586
vn 0.4516 -0.8704 -0.1962
vn -0.3257 -0.9250 -0.1955
vn 0.4220 -0.8220 -0.3825
vn 0.0658 -0.9295 -0.3628
vn 0.0689 -0.9812 -0.1802
vn -0.3023 -0.8733 -0.3821
vn 0.0187 -0.2845 0.9585
vn -0.3268 -0.9253 0.1924
vn 0.4514 -0.8715 0.1917
vn -0.3044 -0.8739 0.3789
vn 0.0640 -0.9312 0.3588
vn 0.0680 -0.9821 0.1759
vn 0.4212 -0.8242 0.3785
vn -0.2346 -0.1593 -0.9589
vn -0.5264 -0.8275 -0.1950
vn -0.9644 -0.1791 -0.1947
vn -0.4995 -0.7780 -0.3812
vn -0.7727 -0.5221 -0.3612
vn -0.8154 -0.5506 -0.1788
vn -0.9082 -0.1731 -0.3810
vn -0.2364 -0.1593 0.9585
vn -0.9646 -0.1793 0.1932
vn -0.5274 -0.8274 0.1929
vn -0.9087 -0.1733 0.3798
vn -0.7735 -0.5216 0.3601
vn -0.8158 -0.5504 0.1773
vn -0.5012 -0.7776 0.3797
vn -0.2554 0.1243 -0.9588
vn -0.9799 0.0437 -0.1948
vn -0.6381 0.7448 -0.1950
vn -0.9233 0.0457 -0.3813
vn -0.8380 0.4085 -0.3618
vn -0.8844 0.4310 -0.1791
vn -0.6047 0.6991 -0.3814
vn -0.2566 0.1243 0.9585
vn -0.6386 0.7450 0.1929
vn -0.9802 0.0434 0.1931
vn -0.6057 0.6994 0.3796
vn -0.8389 0.4084 0.3598
vn -0.8849 0.4309 0.1770
vn -0.9240 0.0452 0.3796
vn -0.1632 0.3973 -0.9030
vn -0.0470 0.5148 -0.8560
vn 0.0880 0.4193 -0.9036
vn 0.0894 0.4194 0.9034
vn -0.0454 0.5146 0.8562
vn -0.1617 0.3975 0.9032
vn 0.2629 0.3374 -0.9039
vn 0.4228 0.2948 -0.8569
vn 0.4078 0.1299 -0.9038
vn 0.4084 0.1309 0.9034
vn 0.4233 0.2952 0.8565
vn 0.2640 0.3376 0.9035
vn 0.4245 -0.0624 -0.9033
vn 0.4677 -0.2217 -0.8557
vn 0.3178 -0.2907 -0.9025
vn 0.3186 -0.2892 0.9027
vn 0.4681 -0.2201 0.8558
vn 0.4250 -0.0611 0.9031
vn 0.1603 -0.4006 -0.9021
vn 0.0445 -0.5172 -0.8547
vn -0.0897 -0.4218 -0.9022
vn -0.0893 -0.4214 0.9025
vn 0.0452 -0.5166 0.8550
vn 0.1612 -0.3996 0.9024
vn -0.2636 -0.3400 -0.9027
vn -0.4226 -0.2975 -0.8561
vn -0.4084 -0.1336 -0.9030
vn -0.4083 -0.1334 0.9031
vn -0.4229 -0.2976 0.8559
vn -0.2635 -0.3398 0.9028
vn -0.4260 0.0581 -0.9028
vn -0.4700 0.2173 -0.8555
vn -0.3207 0.2866 -0.9028
vn -0.3195 0.2870 0.9031
vn -0.4692 0.2178 0.8558
vn -0.4255 0.0585 0.9030
vn -0.2263 0.3693 -0.9013
vn -0.1307 0.5031 -0.8543
vn 0.0167 0.4306 -0.9024
vn 0.0176 0.4290 0.9031
vn -0.1303 0.5015 0.8553
vn -0.2260 0.3666 0.9025
vn 0.2019 0.3779 -0.9036
vn 0.3667 0.3613 -0.8573
vn 0.3788 0.1965 -0.9044
vn 0.3793 0.1948 0.9045
vn 0.3680 0.3598 0.8574
vn 0.2032 0.3763 0.9039
vn 0.4269 0.0090 -0.9043
vn 0.4958 -0.1422 -0.8567
vn 0.3577 -0.2342 -0.9040
vn 0.3558 -0.2354 0.9044
vn 0.4942 -0.1438 0.8574
vn 0.4264 0.0071 0.9045
vn 0.2182 -0.3681 -0.9038
vn 0.1210 -0.5020 -0.8564
vn -0.0276 -0.4281 -0.9033
vn -0.0292 -0.4286 0.9030
vn 0.1186 -0.5012 0.8572
vn 0.2158 -0.3686 0.9042
vn -0.2128 -0.3740 -0.9027
vn -0.3768 -0.3568 -0.8548
vn -0.3870 -0.1918 -0.9019
vn -0.3865 -0.1957 0.9013
vn -0.3764 -0.3593 0.8539
vn -0.2137 -0.3757 0.9018
vn -0.4327 -0.0054 -0.9015
vn -0.4996 0.1444 -0.8541
vn -0.3636 0.2358 -0.9012
vn -0.3632 0.2320 0.9024
vn -0.4989 0.1399 0.8553
vn -0.4321 -0.0098 0.9018
vn -0.0902 0.4182 -0.9039
vn 0.0448 0.5137 -0.8568
vn 0.1612 0.3957 -0.9041
vn 0.1634 0.3950 0.9040
vn 0.0471 0.5137 0.8567
vn -0.0881 0.4180 0.9042
vn 0.3191 0.2839 -0.9042
vn 0.4686 0.2138 -0.8571
vn 0.4254 0.0542 -0.9034
vn 0.4260 0.0531 0.9032
vn 0.4695 0.2124 0.8570
vn 0.3207 0.2827 0.9040
vn 0.4088 -0.1377 -0.9022
vn 0.4240 -0.3016 -0.8540
vn 0.2646 -0.3429 -0.9013
vn 0.2650 -0.3432 0.9011
vn 0.4236 -0.3017 0.8541
vn 0.4089 -0.1384 0.9020
vn 0.0906 -0.4232 -0.9015
vn -0.0437 -0.5176 -0.8545
vn -0.1596 -0.4009 -0.9021
vn -0.1579 -0.4024 0.9018
vn -0.0422 -0.5183 0.8541
vn 0.0917 -0.4238 0.9011
vn -0.3172 -0.2909 -0.9026
vn -0.4670 -0.2219 -0.8559
vn -0.4246 -0.0630 -0.9032
vn -0.4234 -0.0650 0.9036
vn -0.4658 -0.2242 0.8560
vn -0.3156 -0.2929 0.9025
vn -0.4087 0.1291 -0.9035
vn -0.4242 0.2937 -0.8566
vn -0.2650 0.3362 -0.9037
vn -0.2634 0.3358 0.9043
vn -0.4234 0.2931 0.8572
vn -0.4076 0.1276 0.9042
vn -0.1542 0.3999 -0.9035
vn -0.0357 0.5143 -0.8569
vn 0.0976 0.4172 -0.9036
vn 0.0964 0.4185 0.9031
vn -0.0370 0.5155 0.8561
vn -0.1555 0.4004 0.9030
vn 0.2709 0.3329 -0.9032
vn 0.4294 0.2883 -0.8559
vn 0.4112 0.1245 -0.9030
vn 0.4109 0.1257 0.9030
vn 0.4293 0.2902 0.8552
vn 0.2700 0.3347 0.9028
vn 0.4239 -0.0674 -0.9032
vn 0.4637 -0.2269 -0.8565
vn 0.3137 -0.2937 -0.9030
vn 0.3126 -0.2942 0.9032
vn 0.4638 -0.2272 0.8563
vn 0.4237 -0.0668 0.9033
vn 0.1547 -0.4017 -0.9026
vn 0.0371 -0.5169 -0.8553
vn -0.0955 -0.4193 -0.9028
vn -0.0981 -0.4196 0.9024
vn 0.0348 -0.5177 0.8548
vn 0.1529 -0.4023 0.9027
vn -0.2684 -0.3344 -0.9034
vn -0.4269 -0.2890 -0.8569
vn -0.4099 -0.1252 -0.9035
vn -0.4115 -0.1254 0.9027
vn -0.4290 -0.2892 0.8557
vn -0.2707 -0.3346 0.9027
vn -0.4243 0.0670 -0.9030
vn -0.4656 0.2268 -0.8554
vn -0.3144 0.2929 -0.9030
vn -0.3153 0.2928 0.9027
vn -0.4663 0.2264 0.8552
vn -0.4254 0.0665 0.9026
vn -0.3837 0.9129 -0.1392
vn -0.3835 0.9235 -0.0081
vn 0.3831 0.9237 -0.0072
vn 0.3834 0.9131 -0.1386
vn -0.3835 0.8839 -0.2677
vn 0.3832 0.8839 -0.2682
vn -0.3835 0.8410 -0.3817
vn 0.3832 0.8403 -0.3834
vn -0.3835 0.7834 -0.4891
vn 0.3832 0.7822 -0.4913
vn -0.3834 0.7123 -0.5878
vn 0.3832 0.7112 -0.5894
vn -0.3834 0.6292 -0.6761
vn 0.3832 0.6292 -0.6762
vn -0.3834 0.5354 -0.7526
vn 0.3832 0.5375 -0.7512
vn -0.3834 0.4323 -0.8161
vn 0.3832 0.4362 -0.8142
vn -0.3834 0.3220 -0.8656
vn 0.3833 0.3266 -0.8640
vn -0.3834 0.2065 -0.9002
vn 0.3833 0.2109 -0.8992
vn -0.3834 0.0880 -0.9194
vn 0.3833 0.0916 -0.9191
vn -0.3834 -0.0314 -0.9231
vn 0.3833 -0.0290 -0.9231
vn -0.3834 -0.1506 -0.9112
vn 0.3834 -0.1482 -0.9116
vn -0.3834 -0.2682 -0.8838
vn 0.3834 -0.2640 -0.8850
vn -0.3834 -0.3820 -0.8409
vn 0.3835 -0.3752 -0.8439
vn -0.3834 -0.4893 -0.7834
vn 0.3835 -0.4808 -0.7886
vn -0.3834 -0.5875 -0.7127
vn 0.3835 -0.5792 -0.7193
vn -0.3834 -0.6749 -0.6305
vn 0.3835 -0.6687 -0.6370
vn -0.3834 -0.7505 -0.5383
vn 0.3835 -0.7470 -0.5430
vn -0.3834 -0.8137 -0.4369
vn 0.3835 -0.8120 -0.4399
vn -0.3834 -0.8638 -0.3270
vn 0.3835 -0.8626 -0.3298
vn -0.3834 -0.8993 -0.2105
vn 0.3836 -0.8983 -0.2144
vn -0.3834 -0.9192 -0.0899
vn 0.3836 -0.9186 -0.0947
vn -0.3834 -0.9230 0.0326
vn 0.3836 -0.9231 0.0279
vn -0.3834 -0.9105 0.1545
vn 0.3835 -0.9112 0.1506
vn -0.3834 -0.8824 0.2726
vn 0.3835 -0.8831 0.2703
vn -0.3834 -0.8397 0.3846
vn 0.3834 -0.8393 0.3855
vn -0.3834 -0.7831 0.4896
vn 0.3834 -0.7805 0.4938
vn -0.3834 -0.7136 0.5863
vn 0.3834 -0.7079 0.5932
vn -0.3834 -0.6324 0.6731
vn 0.3834 -0.6235 0.6814
vn -0.3833 -0.5409 0.7487
vn 0.3834 -0.5294 0.7568
vn -0.3833 -0.4403 0.8119
vn 0.3834 -0.4276 0.8187
vn -0.3833 -0.3318 0.8620
vn 0.3834 -0.3193 0.8666
vn -0.3833 -0.2162 0.8980
vn 0.3834 -0.2057 0.9004
vn -0.3834 -0.0957 0.9186
vn 0.3834 -0.0881 0.9194
vn -0.3834 0.0259 0.9232
vn 0.3834 0.0318 0.9230
vn -0.3834 0.1465 0.9119
vn 0.3834 0.1513 0.9111
vn -0.3834 0.2647 0.8848
vn 0.3834 0.2683 0.8838
vn -0.3834 0.3784 0.8425
vn 0.3834 0.3809 0.8414
vn -0.3835 0.4858 0.7855
vn 0.3833 0.4874 0.7845
vn -0.3835 0.5851 0.7146
vn 0.3833 0.5859 0.7140
vn -0.3835 0.6745 0.6308
vn 0.3833 0.6742 0.6313
vn -0.3835 0.7520 0.5361
vn 0.3832 0.7506 0.5383
vn -0.3835 0.8158 0.4329
vn 0.3832 0.8141 0.4363
vn -0.3835 0.8651 0.3234
vn 0.3832 0.8639 0.3270
vn -0.3833 0.8973 0.2190
vn 0.3829 0.8967 0.2218
vn -0.3835 0.9167 0.1119
vn 0.3831 0.9167 0.1132
vn -0.3821 0.9137 -0.1385
vn -0.3820 0.9241 -0.0083
vn 0.3845 0.9231 -0.0095
vn 0.3848 0.9121 -0.1414
vn -0.3817 0.8850 -0.2664
vn 0.3847 0.8826 -0.2704
vn -0.3816 0.8426 -0.3801
vn 0.3849 0.8392 -0.3843
vn -0.3814 0.7856 -0.4872
vn 0.3851 0.7814 -0.4911
vn -0.3812 0.7153 -0.5857
vn 0.3853 0.7105 -0.5888
vn -0.3810 0.6330 -0.6739
vn 0.3855 0.6278 -0.6762
vn -0.3808 0.5400 -0.7506
vn 0.3857 0.5345 -0.7520
vn -0.3806 0.4376 -0.8147
vn 0.3859 0.4319 -0.8152
vn -0.3804 0.3271 -0.8650
vn 0.3861 0.3219 -0.8645
vn -0.3803 0.2107 -0.9005
vn 0.3863 0.2069 -0.8989
vn -0.3802 0.0907 -0.9204
vn 0.3864 0.0886 -0.9181
vn -0.3802 -0.0306 -0.9244
vn 0.3864 -0.0308 -0.9218
vn -0.3803 -0.1506 -0.9125
vn 0.3864 -0.1495 -0.9101
vn -0.3803 -0.2674 -0.8854
vn 0.3864 -0.2656 -0.8833
vn -0.3804 -0.3795 -0.8434
vn 0.3864 -0.3774 -0.8416
vn -0.3805 -0.4855 -0.7871
vn 0.3863 -0.4830 -0.7858
vn -0.3806 -0.5838 -0.7172
vn 0.3863 -0.5807 -0.7166
vn -0.3807 -0.6724 -0.6348
vn 0.3862 -0.6691 -0.6349
vn -0.3808 -0.7495 -0.5414
vn 0.3862 -0.7466 -0.5418
vn -0.3809 -0.8138 -0.4389
vn 0.3861 -0.8114 -0.4388
vn -0.3809 -0.8641 -0.3289
vn 0.3861 -0.8622 -0.3280
vn -0.3809 -0.8997 -0.2132
vn 0.3861 -0.8979 -0.2113
vn -0.3809 -0.9199 -0.0934
vn 0.3862 -0.9179 -0.0913
vn -0.3808 -0.9242 0.0287
vn 0.3863 -0.9219 0.0299
vn -0.3808 -0.9123 0.1507
vn 0.3863 -0.9100 0.1504
vn -0.3808 -0.8844 0.2698
vn 0.3863 -0.8824 0.2686
vn -0.3808 -0.8411 0.3841
vn 0.3863 -0.8395 0.3821
vn -0.3809 -0.7831 0.4915
vn 0.3862 -0.7822 0.4889
vn -0.3809 -0.7117 0.5902
vn 0.3861 -0.7115 0.5870
vn -0.3810 -0.6284 0.6782
vn 0.3861 -0.6287 0.6750
vn -0.3810 -0.5350 0.7540
vn 0.3860 -0.5350 0.7515
vn -0.3810 -0.4332 0.8168
vn 0.3860 -0.4319 0.8152
vn -0.3809 -0.3243 0.8659
vn 0.3860 -0.3213 0.8647
vn -0.3808 -0.2096 0.9006
vn 0.3861 -0.2057 0.8992
vn -0.3806 -0.0904 0.9203
vn 0.3862 -0.0879 0.9182
vn -0.3806 0.0312 0.9242
vn 0.3863 0.0305 0.9219
vn -0.3806 0.1524 0.9121
vn 0.3862 0.1487 0.9103
vn -0.3807 0.2709 0.8841
vn 0.3861 0.2651 0.8836
vn -0.3810 0.3845 0.8408
vn 0.3858 0.3778 0.8417
vn -0.3812 0.4913 0.7831
vn 0.3856 0.4847 0.7851
vn -0.3814 0.5895 0.7121
vn 0.3853 0.5836 0.7148
vn -0.3816 0.6772 0.6291
vn 0.3850 0.6726 0.6320
vn -0.3818 0.7529 0.5360
vn 0.3848 0.7496 0.5386
vn -0.3819 0.8158 0.4344
vn 0.3847 0.8134 0.4364
vn -0.3820 0.8649 0.3256
vn 0.3846 0.8633 0.3269
vn -0.3818 0.8975 0.2207
vn 0.3843 0.8963 0.2214
vn -0.3820 0.9173 0.1120
vn 0.3845 0.9163 0.1122
vn -0.3785 0.9179 -0.1191
vn -0.3781 0.9257 0.0018
vn 0.3880 0.9216 0.0028
vn 0.3877 0.9143 -0.1173
vn -0.3788 0.8942 -0.2385
vn 0.3874 0.8910 -0.2369
vn -0.3789 0.8553 -0.3535
vn 0.3874 0.8519 -0.3524
vn -0.3787 0.8019 -0.4621
vn 0.3875 0.7983 -0.4611
vn -0.3785 0.7348 -0.5628
vn 0.3877 0.7315 -0.5609
vn -0.3786 0.6552 -0.6538
vn 0.3877 0.6529 -0.6507
vn -0.3789 0.5641 -0.7336
vn 0.3874 0.5635 -0.7297
vn -0.3797 0.4629 -0.8010
vn 0.3868 0.4639 -0.7970
vn -0.3806 0.3533 -0.8546
vn 0.3859 0.3554 -0.8513
vn -0.3815 0.2379 -0.8933
vn 0.3851 0.2401 -0.8911
vn -0.3822 0.1191 -0.9164
vn 0.3844 0.1211 -0.9152
vn -0.3826 -0.0004 -0.9239
vn 0.3840 0.0008 -0.9233
vn -0.3827 -0.1185 -0.9162
vn 0.3839 -0.1189 -0.9157
vn -0.3825 -0.2346 -0.8937
vn 0.3843 -0.2360 -0.8925
vn -0.3820 -0.3477 -0.8563
vn 0.3849 -0.3490 -0.8544
vn -0.3815 -0.4562 -0.8039
vn 0.3854 -0.4567 -0.8018
vn -0.3812 -0.5580 -0.7371
vn 0.3858 -0.5576 -0.7350
vn -0.3811 -0.6507 -0.6567
vn 0.3861 -0.6497 -0.6549
vn -0.3810 -0.7322 -0.5646
vn 0.3862 -0.7307 -0.5629
vn -0.3809 -0.8004 -0.4628
vn 0.3863 -0.7986 -0.4616
vn -0.3810 -0.8541 -0.3540
vn 0.3863 -0.8519 -0.3536
vn -0.3812 -0.8928 -0.2398
vn 0.3861 -0.8906 -0.2405
vn -0.3817 -0.9163 -0.1214
vn 0.3857 -0.9144 -0.1231
vn -0.3822 -0.9241 -0.0001
vn 0.3851 -0.9229 -0.0020
vn -0.3827 -0.9158 0.1217
vn 0.3846 -0.9152 0.1201
vn -0.3831 -0.8918 0.2408
vn 0.3843 -0.8916 0.2397
vn -0.3833 -0.8527 0.3550
vn 0.3841 -0.8525 0.3546
vn -0.3832 -0.7991 0.4632
vn 0.3841 -0.7985 0.4635
vn -0.3829 -0.7316 0.5640
vn 0.3844 -0.7301 0.5649
vn -0.3823 -0.6515 0.6553
vn 0.3849 -0.6490 0.6562
vn -0.3816 -0.5604 0.7350
vn 0.3855 -0.5576 0.7351
vn -0.3810 -0.4599 0.8020
vn 0.3860 -0.4576 0.8010
vn -0.3806 -0.3521 0.8551
vn 0.3864 -0.3503 0.8533
vn -0.3803 -0.2390 0.8934
vn 0.3866 -0.2375 0.8911
vn -0.3800 -0.1219 0.9169
vn 0.3869 -0.1204 0.9142
vn -0.3797 -0.0011 0.9251
vn 0.3872 0.0002 0.9220
vn -0.3793 0.1211 0.9173
vn 0.3875 0.1217 0.9138
vn -0.3791 0.2411 0.8934
vn 0.3876 0.2407 0.8898
vn -0.3790 0.3566 0.8540
vn 0.3877 0.3552 0.8506
vn -0.3790 0.4656 0.7998
vn 0.3876 0.4636 0.7968
vn -0.3790 0.5663 0.7319
vn 0.3875 0.5642 0.7290
vn -0.3788 0.6571 0.6517
vn 0.3876 0.6549 0.6487
vn -0.3786 0.7364 0.5606
vn 0.3877 0.7340 0.5576
vn -0.3783 0.8032 0.4602
vn 0.3880 0.8002 0.4574
vn -0.3780 0.8561 0.3525
vn 0.3882 0.8524 0.3503
vn -0.3779 0.8944 0.2392
vn 0.3883 0.8903 0.2380
vn -0.3779 0.9178 0.1218
vn 0.3882 0.9135 0.1217
vn -0.3825 0.9129 -0.1424
vn -0.3821 0.9241 -0.0119
vn 0.3850 0.9229 -0.0079
vn 0.3851 0.9124 -0.1383
vn -0.3824 0.8838 -0.2695
vn 0.3847 0.8838 -0.2663
vn -0.3825 0.8412 -0.3821
vn 0.3846 0.8412 -0.3801
vn -0.3826 0.7843 -0.4883
vn 0.3845 0.7840 -0.4873
vn -0.3826 0.7141 -0.5862
vn 0.3845 0.7133 -0.5859
vn -0.3826 0.6318 -0.6741
vn 0.3845 0.6305 -0.6743
vn -0.3825 0.5389 -0.7505
vn 0.3845 0.5370 -0.7509
vn -0.3824 0.4370 -0.8141
vn 0.3846 0.4344 -0.8145
vn -0.3823 0.3276 -0.8640
vn 0.3847 0.3244 -0.8642
vn -0.3822 0.2119 -0.8994
vn 0.3848 0.2089 -0.8991
vn -0.3821 0.0918 -0.9195
vn 0.3848 0.0897 -0.9186
vn -0.3821 -0.0309 -0.9236
vn 0.3849 -0.0309 -0.9225
vn -0.3822 -0.1535 -0.9113
vn 0.3848 -0.1511 -0.9106
vn -0.3822 -0.2723 -0.8830
vn 0.3846 -0.2690 -0.8830
vn -0.3823 -0.3849 -0.8401
vn 0.3845 -0.3829 -0.8400
vn -0.3822 -0.4897 -0.7837
vn 0.3845 -0.4902 -0.7822
vn -0.3821 -0.5857 -0.7148
vn 0.3846 -0.5887 -0.7110
vn -0.3818 -0.6724 -0.6341
vn 0.3848 -0.6764 -0.6280
vn -0.3815 -0.7490 -0.5416
vn 0.3850 -0.7520 -0.5350
vn -0.3813 -0.8138 -0.4385
vn 0.3853 -0.8148 -0.4332
vn -0.3811 -0.8649 -0.3267
vn 0.3854 -0.8640 -0.3240
vn -0.3811 -0.9006 -0.2089
vn 0.3855 -0.8988 -0.2089
vn -0.3811 -0.9203 -0.0879
vn 0.3854 -0.9184 -0.0897
vn -0.3811 -0.9239 0.0335
vn 0.3853 -0.9222 0.0316
vn -0.3812 -0.9117 0.1535
vn 0.3853 -0.9101 0.1525
vn -0.3812 -0.8840 0.2708
vn 0.3852 -0.8824 0.2702
vn -0.3812 -0.8408 0.3843
vn 0.3852 -0.8399 0.3823
vn -0.3813 -0.7827 0.4918
vn 0.3851 -0.7836 0.4874
vn -0.3815 -0.7108 0.5909
vn 0.3849 -0.7145 0.5843
vn -0.3819 -0.6271 0.6789
vn 0.3846 -0.6335 0.6714
vn -0.3823 -0.5337 0.7543
vn 0.3842 -0.5420 0.7474
vn -0.3826 -0.4328 0.8162
vn 0.3838 -0.4413 0.8111
vn -0.3830 -0.3256 0.8645
vn 0.3835 -0.3325 0.8616
vn -0.3832 -0.2126 0.8989
vn 0.3833 -0.2167 0.8978
vn -0.3834 -0.0947 0.9187
vn 0.3832 -0.0962 0.9186
vn -0.3834 0.0261 0.9232
vn 0.3832 0.0258 0.9233
vn -0.3834 0.1469 0.9118
vn 0.3832 0.1472 0.9118
vn -0.3834 0.2649 0.8848
vn 0.3833 0.2664 0.8844
vn -0.3833 0.3778 0.8428
vn -0.3831 0.4839 0.7868
vn 0.3836 0.4886 0.7836
vn -0.3829 0.5819 0.7175
vn 0.3839 0.5876 0.7122
vn -0.3826 0.6706 0.6356
vn 0.3843 0.6762 0.6286
vn -0.3823 0.7486 0.5417
vn 0.3846 0.7527 0.5343
vn -0.3820 0.8141 0.4374
vn 0.3849 0.8159 0.4315
vn -0.3819 0.8650 0.3254
vn 0.3851 0.8648 0.3222
vn -0.3816 0.8982 0.2184
vn 0.3850 0.8968 0.2182
vn -0.3819 0.9178 0.1090
vn 0.3851 0.9161 0.1114
vn -0.3850 0.9155 -0.1169
vn -0.3857 0.9226 0.0028
vn 0.3815 0.9244 0.0008
vn 0.3822 0.9162 -0.1201
vn -0.3842 0.8927 -0.2356
vn 0.3831 0.8925 -0.2383
vn -0.3836 0.8542 -0.3509
vn 0.3836 0.8538 -0.3520
vn -0.3835 0.8005 -0.4605
vn 0.3837 0.8007 -0.4601
vn -0.3838 0.7331 -0.5615
vn 0.3834 0.7341 -0.5604
vn -0.3841 0.6537 -0.6520
vn 0.3830 0.6550 -0.6514
vn -0.3843 0.5633 -0.7314
vn 0.3828 0.5637 -0.7319
vn -0.3841 0.4630 -0.7988
vn 0.3830 0.4618 -0.8000
vn -0.3834 0.3543 -0.8529
vn 0.3836 0.3518 -0.8539
vn -0.3827 0.2390 -0.8924
vn 0.3843 0.2364 -0.8924
vn -0.3822 0.1192 -0.9164
vn 0.3848 0.1179 -0.9155
vn -0.3820 -0.0018 -0.9242
vn 0.3849 -0.0016 -0.9230
vn -0.3819 -0.1216 -0.9162
vn 0.3848 -0.1213 -0.9150
vn -0.3818 -0.2398 -0.8926
vn 0.3849 -0.2405 -0.8911
vn -0.3814 -0.3554 -0.8534
vn 0.3853 -0.3565 -0.8511
vn -0.3809 -0.4656 -0.7988
vn 0.3858 -0.4659 -0.7963
vn -0.3806 -0.5675 -0.7301
vn 0.3859 -0.5662 -0.7284
vn -0.3808 -0.6583 -0.6493
vn 0.3856 -0.6556 -0.6492
vn -0.3815 -0.7368 -0.5581
vn 0.3849 -0.7338 -0.5599
vn -0.3825 -0.8025 -0.4579
vn 0.3839 -0.8002 -0.4607
vn -0.3834 -0.8547 -0.3500
vn 0.3830 -0.8538 -0.3526
vn -0.3840 -0.8926 -0.2364
vn 0.3824 -0.8929 -0.2378
vn -0.3841 -0.9156 -0.1188
vn 0.3822 -0.9164 -0.1188
vn -0.3840 -0.9234 0.0016
vn 0.3824 -0.9240 0.0026
vn -0.3836 -0.9153 0.1227
vn 0.3827 -0.9155 0.1239
vn -0.3833 -0.8916 0.2410
vn 0.3830 -0.8915 0.2421
vn -0.3829 -0.8533 0.3539
vn 0.3833 -0.8527 0.3550
vn -0.3825 -0.8011 0.4604
vn 0.3837 -0.7999 0.4613
vn -0.3821 -0.7354 0.5596
vn 0.3841 -0.7341 0.5600
vn -0.3820 -0.6566 0.6504
vn 0.3844 -0.6558 0.6498
vn -0.3821 -0.5665 0.7301
vn 0.3843 -0.5667 0.7288
vn -0.3825 -0.4671 0.7972
vn 0.3839 -0.4684 0.7958
vn -0.3831 -0.3599 0.8507
vn 0.3834 -0.3617 0.8498
vn -0.3837 -0.2460 0.8901
vn 0.3829 -0.2475 0.8900
vn -0.3840 -0.1268 0.9146
vn 0.3827 -0.1270 0.9151
vn -0.3840 -0.0044 0.9233
vn 0.3828 -0.0039 0.9238
vn -0.3840 0.1183 0.9157
vn 0.3828 0.1181 0.9162
vn -0.3842 0.2385 0.8919
vn 0.3826 0.2374 0.8929
vn -0.3848 0.3539 0.8525
vn 0.3821 0.3523 0.8543
vn -0.3854 0.4625 0.7985
vn 0.3815 0.4612 0.8011
vn -0.3861 0.5632 0.7306
vn 0.3810 0.5630 0.7334
vn -0.3866 0.6547 0.6496
vn 0.3806 0.6557 0.6521
vn -0.3867 0.7345 0.5576
vn 0.3804 0.7366 0.5593
vn -0.3866 0.8009 0.4572
vn 0.3805 0.8034 0.4580
vn -0.3865 0.8534 0.3498
vn 0.3807 0.8559 0.3500
vn -0.3863 0.8914 0.2371
vn 0.3809 0.8937 0.2371
vn -0.3861 0.9145 0.1212
vn 0.3811 0.9166 0.1207
vt 0.702192 0.138728
vt 0.701875 0.142080
vt 0.699452 0.140306
vt 0.699129 0.137323
vt 0.720865 0.547746
vt 0.720928 0.543993
vt 0.723469 0.543891
vt 0.723982 0.546496
vt 0.720879 0.540019
vt 0.723992 0.541032
vt 0.728482 0.190694
vt 0.731470 0.189248
vt 0.731118 0.192217
vt 0.728730 0.194009
vt 0.702664 0.540111
vt 0.702719 0.544084
vt 0.700088 0.544008
vt 0.699445 0.541157
vt 0.702664 0.547839
vt 0.699445 0.546622
vt 0.702195 0.123525
vt 0.699131 0.124936
vt 0.699459 0.121961
vt 0.701885 0.120189
vt 0.720596 0.529599
vt 0.720451 0.526460
vt 0.723012 0.527150
vt 0.723683 0.529728
vt 0.717513 0.939097
vt 0.717878 0.935927
vt 0.720820 0.936501
vt 0.721316 0.939087
vt 0.728463 0.175516
vt 0.728704 0.172142
vt 0.731097 0.173898
vt 0.731456 0.176890
vt 0.717511 0.957334
vt 0.721316 0.957335
vt 0.720819 0.959925
vt 0.717876 0.960506
vt 0.702372 0.529712
vt 0.699129 0.529881
vt 0.699619 0.527295
vt 0.702227 0.526571
vt 0.715378 0.115982
vt 0.712621 0.114046
vt 0.715365 0.112855
vt 0.718115 0.114066
vt 0.706147 0.939131
vt 0.702177 0.939144
vt 0.702549 0.936553
vt 0.705547 0.935962
vt 0.699129 0.939156
vt 0.700584 0.935979
vt 0.715321 0.167979
vt 0.712515 0.166026
vt 0.715233 0.164800
vt 0.718005 0.166008
vt 0.699143 0.957326
vt 0.702195 0.957327
vt 0.702571 0.959917
vt 0.700604 0.960498
vt 0.706165 0.957329
vt 0.705570 0.960501
vt 0.728474 0.123606
vt 0.728763 0.120266
vt 0.731170 0.122052
vt 0.731504 0.125033
vt 0.702603 0.581695
vt 0.702650 0.585471
vt 0.700025 0.585541
vt 0.699392 0.582909
vt 0.702607 0.589441
vt 0.699394 0.588386
vt 0.702228 0.175592
vt 0.699129 0.176983
vt 0.699432 0.173988
vt 0.701870 0.172218
vt 0.720727 0.589505
vt 0.720767 0.585536
vt 0.723323 0.585625
vt 0.723859 0.588473
vt 0.720727 0.581762
vt 0.723859 0.582998
vt 0.728472 0.138747
vt 0.731504 0.137343
vt 0.731165 0.140326
vt 0.728755 0.142099
vt 0.702373 0.599742
vt 0.702258 0.602860
vt 0.699653 0.602137
vt 0.699144 0.599566
vt 0.765193 0.010861
vt 0.765558 0.007689
vt 0.768502 0.008273
vt 0.768998 0.010863
vt 0.702229 0.190737
vt 0.701874 0.194053
vt 0.699435 0.192267
vt 0.699129 0.189300
vt 0.765196 0.029032
vt 0.769001 0.029028
vt 0.768505 0.031617
vt 0.765561 0.032201
vt 0.720516 0.599812
vt 0.723628 0.599662
vt 0.722979 0.602228
vt 0.720409 0.602930
vt 0.715344 0.146315
vt 0.718074 0.148256
vt 0.715319 0.149463
vt 0.712579 0.148255
vt 0.753867 0.010854
vt 0.749896 0.010849
vt 0.750270 0.008257
vt 0.753269 0.007678
vt 0.746841 0.010841
vt 0.748300 0.007669
vt 0.715353 0.198299
vt 0.718042 0.200199
vt 0.715273 0.201393
vt 0.712553 0.200206
vt 0.746841 0.029041
vt 0.749893 0.029041
vt 0.750266 0.031630
vt 0.748299 0.032212
vt 0.753863 0.029039
vt 0.753264 0.032210
vt 0.715305 0.250062
vt 0.718055 0.252005
vt 0.715305 0.253223
vt 0.712554 0.252018
vt 0.720711 0.731209
vt 0.720825 0.727730
vt 0.723372 0.727502
vt 0.723852 0.729846
vt 0.720841 0.723696
vt 0.723943 0.724533
vt 0.715193 0.301904
vt 0.717923 0.303778
vt 0.715166 0.304947
vt 0.712427 0.303766
vt 0.702813 0.723709
vt 0.702832 0.727741
vt 0.700201 0.727516
vt 0.699583 0.724550
vt 0.702742 0.731216
vt 0.699533 0.729858
vt 0.702183 0.242565
vt 0.701883 0.245925
vt 0.699462 0.244164
vt 0.699129 0.241179
vt 0.720745 0.712755
vt 0.720660 0.709250
vt 0.723211 0.709863
vt 0.723835 0.712655
vt 0.765365 0.050728
vt 0.765490 0.047564
vt 0.768302 0.048151
vt 0.768905 0.050737
vt 0.728294 0.294399
vt 0.731330 0.292933
vt 0.730993 0.295881
vt 0.728581 0.297678
vt 0.765363 0.068930
vt 0.768905 0.068924
vt 0.768302 0.071511
vt 0.765488 0.072096
vt 0.702614 0.712772
vt 0.699369 0.712682
vt 0.699882 0.709890
vt 0.702497 0.709271
vt 0.702181 0.227389
vt 0.699129 0.228813
vt 0.699460 0.225843
vt 0.701880 0.224064
vt 0.754293 0.050718
vt 0.750266 0.050717
vt 0.750508 0.048130
vt 0.753479 0.047549
vt 0.746841 0.050722
vt 0.748210 0.047552
vt 0.728282 0.279276
vt 0.728564 0.275873
vt 0.730980 0.277610
vt 0.731321 0.280612
vt 0.746865 0.068930
vt 0.750286 0.068938
vt 0.750534 0.071525
vt 0.748241 0.072100
vt 0.754312 0.068938
vt 0.753507 0.072106
vt 0.715349 0.219838
vt 0.712607 0.217914
vt 0.715354 0.216731
vt 0.718096 0.217938
vt 0.702652 0.626453
vt 0.702729 0.629959
vt 0.700110 0.630161
vt 0.699458 0.627788
vt 0.702728 0.633986
vt 0.699511 0.633114
vt 0.715163 0.271790
vt 0.712394 0.269809
vt 0.715127 0.268560
vt 0.717884 0.269777
vt 0.720812 0.634050
vt 0.720848 0.630023
vt 0.723400 0.630243
vt 0.723938 0.633199
vt 0.720796 0.626514
vt 0.723927 0.627871
vt 0.728406 0.227474
vt 0.728712 0.224149
vt 0.731115 0.225948
vt 0.731436 0.228922
vt 0.702617 0.644864
vt 0.702542 0.648335
vt 0.699932 0.647708
vt 0.699391 0.644933
vt 0.702307 0.894432
vt 0.699129 0.894284
vt 0.699702 0.891462
vt 0.702294 0.890872
vt 0.702191 0.279392
vt 0.699129 0.280755
vt 0.699445 0.277743
vt 0.701865 0.275982
vt 0.720263 0.894493
vt 0.720265 0.890932
vt 0.722860 0.891545
vt 0.723443 0.894372
vt 0.720603 0.644858
vt 0.723717 0.644925
vt 0.723069 0.647704
vt 0.720498 0.648335
vt 0.728340 0.242535
vt 0.731386 0.241142
vt 0.731043 0.244133
vt 0.728625 0.245900
vt 0.702334 0.905361
vt 0.702340 0.909396
vt 0.699745 0.909148
vt 0.699158 0.906169
vt 0.702335 0.912824
vt 0.699158 0.911445
vt 0.702189 0.294374
vt 0.701872 0.297656
vt 0.699451 0.295851
vt 0.699129 0.292899
vt 0.720284 0.912834
vt 0.720277 0.909403
vt 0.722868 0.909159
vt 0.723455 0.911461
vt 0.720272 0.905371
vt 0.723447 0.906184
vt 0.702193 0.330912
vt 0.699129 0.332311
vt 0.699454 0.329327
vt 0.701879 0.327559
vt 0.720631 0.680732
vt 0.720683 0.676782
vt 0.723222 0.676850
vt 0.723743 0.679677
vt 0.720619 0.672988
vt 0.723734 0.674201
vt 0.728125 0.434014
vt 0.728363 0.430695
vt 0.730754 0.432479
vt 0.731112 0.435447
vt 0.702644 0.672953
vt 0.702698 0.676745
vt 0.700068 0.676804
vt 0.699427 0.674155
vt 0.702645 0.680696
vt 0.699428 0.679630
vt 0.715212 0.323433
vt 0.712460 0.321481
vt 0.715202 0.320285
vt 0.717948 0.321504
vt 0.768803 0.130259
vt 0.765719 0.130267
vt 0.765358 0.127680
vt 0.767354 0.127094
vt 0.761743 0.130283
vt 0.762362 0.127111
vt 0.715116 0.426533
vt 0.712308 0.424632
vt 0.715021 0.423429
vt 0.717794 0.424614
vt 0.761737 0.148184
vt 0.765715 0.148204
vt 0.765353 0.150792
vt 0.762355 0.151359
vt 0.768803 0.148218
vt 0.767352 0.151383
vt 0.728122 0.330994
vt 0.728416 0.327640
vt 0.730818 0.329426
vt 0.731147 0.332414
vt 0.750632 0.130334
vt 0.746841 0.130350
vt 0.747346 0.127756
vt 0.750284 0.127161
vt 0.702445 0.848579
vt 0.699210 0.848751
vt 0.699724 0.846189
vt 0.702334 0.845472
vt 0.702231 0.434059
vt 0.699129 0.435505
vt 0.699428 0.432531
vt 0.701865 0.430735
vt 0.720181 0.848580
vt 0.720083 0.845472
vt 0.722656 0.846189
vt 0.723300 0.848752
vt 0.750648 0.148129
vt 0.750307 0.151303
vt 0.747367 0.150707
vt 0.746857 0.148113
vt 0.728097 0.345914
vt 0.731128 0.344490
vt 0.730787 0.347469
vt 0.728378 0.349252
vt 0.702646 0.858623
vt 0.702679 0.862587
vt 0.700054 0.862518
vt 0.699431 0.859679
vt 0.702621 0.866374
vt 0.699413 0.865160
vt 0.702231 0.448947
vt 0.701865 0.452319
vt 0.699428 0.450542
vt 0.699129 0.447546
vt 0.720376 0.866356
vt 0.720411 0.862566
vt 0.722969 0.862491
vt 0.723510 0.865134
vt 0.720373 0.858601
vt 0.723508 0.859650
vt 0.715178 0.353401
vt 0.717912 0.355322
vt 0.715160 0.356527
vt 0.712418 0.355331
vt 0.768839 0.090646
vt 0.765761 0.090641
vt 0.765392 0.088050
vt 0.767381 0.087472
vt 0.761784 0.090634
vt 0.762393 0.087464
vt 0.715108 0.456485
vt 0.717785 0.458456
vt 0.715009 0.459656
vt 0.712296 0.458426
vt 0.761804 0.108535
vt 0.765779 0.108513
vt 0.765415 0.111102
vt 0.762417 0.111700
vt 0.768851 0.108489
vt 0.767401 0.111667
vt 0.702195 0.345931
vt 0.701878 0.349269
vt 0.699453 0.347492
vt 0.699129 0.344515
vt 0.750632 0.090618
vt 0.746841 0.090611
vt 0.747345 0.088021
vt 0.750283 0.087443
vt 0.720343 0.690849
vt 0.723430 0.690657
vt 0.722757 0.693192
vt 0.720195 0.693913
vt 0.728124 0.449054
vt 0.731112 0.447677
vt 0.730750 0.450664
vt 0.728359 0.452420
vt 0.702367 0.690836
vt 0.702229 0.693899
vt 0.699623 0.693176
vt 0.699129 0.690641
vt 0.750629 0.108587
vt 0.750279 0.111756
vt 0.747343 0.111187
vt 0.746841 0.108602
vt 0.715116 0.507956
vt 0.717860 0.509908
vt 0.715115 0.511122
vt 0.712370 0.509910
vt 0.720513 0.775423
vt 0.720573 0.771644
vt 0.723112 0.771561
vt 0.723628 0.774194
vt 0.720517 0.767685
vt 0.723630 0.768723
vt 0.728150 0.397516
vt 0.731138 0.396073
vt 0.730781 0.399040
vt 0.728391 0.400830
vt 0.702658 0.767749
vt 0.702712 0.771710
vt 0.700081 0.771646
vt 0.699439 0.768810
vt 0.702657 0.775489
vt 0.699439 0.774282
vt 0.702189 0.500483
vt 0.701883 0.503848
vt 0.699464 0.502079
vt 0.699136 0.499089
vt 0.720222 0.757597
vt 0.720073 0.754500
vt 0.722637 0.755214
vt 0.723312 0.757769
vt 0.764950 0.169894
vt 0.765336 0.166720
vt 0.768292 0.167302
vt 0.768779 0.169893
vt 0.728149 0.382528
vt 0.728391 0.379155
vt 0.730779 0.380918
vt 0.731135 0.383911
vt 0.764973 0.187763
vt 0.768800 0.187762
vt 0.768318 0.190353
vt 0.765365 0.190936
vt 0.702374 0.757623
vt 0.699129 0.757802
vt 0.699619 0.755244
vt 0.702229 0.754524
vt 0.702182 0.485566
vt 0.699129 0.486994
vt 0.699455 0.484020
vt 0.701874 0.482236
vt 0.753834 0.169894
vt 0.749877 0.169894
vt 0.750268 0.167305
vt 0.753265 0.166722
vt 0.746870 0.169896
vt 0.748341 0.166724
vt 0.715176 0.375038
vt 0.712377 0.373085
vt 0.715094 0.371864
vt 0.717862 0.373075
vt 0.746841 0.187760
vt 0.749845 0.187766
vt 0.750226 0.190354
vt 0.748299 0.190931
vt 0.753800 0.187767
vt 0.753220 0.190936
vt 0.715096 0.478108
vt 0.712342 0.476194
vt 0.715088 0.474993
vt 0.717840 0.476186
vt 0.702586 0.809222
vt 0.702630 0.813020
vt 0.700005 0.813080
vt 0.699374 0.810426
vt 0.702585 0.816977
vt 0.699374 0.815909
vt 0.702225 0.382568
vt 0.699129 0.383960
vt 0.699433 0.380965
vt 0.701869 0.379195
vt 0.720410 0.817010
vt 0.720452 0.813055
vt 0.723007 0.813124
vt 0.723542 0.815953
vt 0.720413 0.809256
vt 0.723545 0.810470
vt 0.728038 0.485533
vt 0.728334 0.482207
vt 0.730752 0.483986
vt 0.731086 0.486957
vt 0.702355 0.827010
vt 0.702241 0.830081
vt 0.699638 0.829354
vt 0.699129 0.826812
vt 0.764948 0.209447
vt 0.765338 0.206277
vt 0.768291 0.206858
vt 0.768774 0.209447
vt 0.702228 0.397534
vt 0.701874 0.400849
vt 0.699435 0.399062
vt 0.699129 0.396095
vt 0.764951 0.227307
vt 0.768780 0.227307
vt 0.768298 0.229896
vt 0.765344 0.230478
vt 0.720197 0.827064
vt 0.723308 0.826882
vt 0.722658 0.829420
vt 0.720088 0.830135
vt 0.728040 0.500466
vt 0.731086 0.499068
vt 0.730757 0.502059
vt 0.728342 0.503830
vt 0.753820 0.209452
vt 0.749862 0.209452
vt 0.750252 0.206860
vt 0.753249 0.206277
vt 0.746856 0.209447
vt 0.748325 0.206273
vt 0.715180 0.405000
vt 0.717870 0.406900
vt 0.715099 0.408091
vt 0.712378 0.406902
vt 0.746841 0.227305
vt 0.749848 0.227304
vt 0.750234 0.229895
vt 0.748305 0.230478
vt 0.753807 0.227304
vt 0.753230 0.230477
vt 0.239361 0.988778
vt 0.248081 0.988779
vt 0.247815 0.991931
vt 0.239281 0.991928
vt 0.393706 0.781912
vt 0.387489 0.775965
vt 0.389853 0.773850
vt 0.395742 0.779483
vt 0.247918 0.011050
vt 0.239220 0.011088
vt 0.239140 0.007894
vt 0.247652 0.007856
vt 0.456563 0.664422
vt 0.449038 0.668543
vt 0.447694 0.665654
vt 0.454822 0.661751
vt 0.254849 0.988772
vt 0.254402 0.991924
vt 0.383320 0.770523
vt 0.385961 0.768768
vt 0.254670 0.011012
vt 0.254222 0.007819
vt 0.461983 0.660257
vt 0.459881 0.657864
vt 0.261306 0.988756
vt 0.260700 0.991909
vt 0.379894 0.764561
vt 0.382744 0.763170
vt 0.261110 0.010973
vt 0.260502 0.007781
vt 0.466819 0.655395
vt 0.464419 0.653301
vt 0.267341 0.988728
vt 0.266586 0.991883
vt 0.377280 0.758193
vt 0.380289 0.757190
vt 0.267127 0.010933
vt 0.266371 0.007743
vt 0.470974 0.649929
vt 0.468319 0.648171
vt 0.272848 0.988688
vt 0.271958 0.991844
vt 0.375524 0.751528
vt 0.378640 0.750930
vt 0.272618 0.010888
vt 0.271727 0.007699
vt 0.474378 0.643957
vt 0.471517 0.642560
vt 0.007669 0.988936
vt 0.012596 0.988961
vt 0.013479 0.992131
vt 0.008672 0.992106
vt 0.374657 0.744682
vt 0.377825 0.744497
vt 0.012581 0.011057
vt 0.007669 0.011038
vt 0.008672 0.007862
vt 0.013465 0.007881
vt 0.476981 0.637583
vt 0.473964 0.636568
vt 0.018151 0.988984
vt 0.018899 0.992154
vt 0.374692 0.737772
vt 0.377858 0.738003
vt 0.018111 0.011062
vt 0.018862 0.007886
vt 0.478744 0.630917
vt 0.475622 0.630298
vt 0.024239 0.989002
vt 0.024839 0.992172
vt 0.375630 0.730918
vt 0.378740 0.731561
vt 0.024171 0.011054
vt 0.024776 0.007880
vt 0.479636 0.624069
vt 0.476461 0.623858
vt 0.030754 0.989012
vt 0.031196 0.992182
vt 0.377455 0.724239
vt 0.380455 0.725282
vt 0.030663 0.011042
vt 0.031111 0.007868
vt 0.479632 0.617153
vt 0.476457 0.617357
vt 0.037584 0.989014
vt 0.037861 0.992184
vt 0.380136 0.717849
vt 0.382976 0.719275
vt 0.037479 0.011031
vt 0.037762 0.007857
vt 0.478724 0.610290
vt 0.475604 0.610906
vt 0.044610 0.989009
vt 0.044719 0.992180
vt 0.383624 0.711859
vt 0.386257 0.713641
vt 0.044501 0.011023
vt 0.044613 0.007849
vt 0.476927 0.603597
vt 0.473915 0.604615
vt 0.051712 0.989000
vt 0.051651 0.992171
vt 0.387858 0.706369
vt 0.390240 0.708476
vt 0.051605 0.011016
vt 0.051544 0.007843
vt 0.474270 0.597193
vt 0.471417 0.598594
vt 0.058770 0.988988
vt 0.058538 0.992160
vt 0.392762 0.701471
vt 0.394853 0.703869
vt 0.058666 0.011008
vt 0.058436 0.007835
vt 0.470802 0.591189
vt 0.468155 0.592947
vt 0.065661 0.988970
vt 0.065263 0.992142
vt 0.398255 0.697253
vt 0.400018 0.699903
vt 0.065566 0.010993
vt 0.065171 0.007820
vt 0.466588 0.585683
vt 0.464191 0.587768
vt 0.072267 0.988941
vt 0.071708 0.992113
vt 0.404247 0.693791
vt 0.405648 0.696649
vt 0.072187 0.010965
vt 0.071634 0.007794
vt 0.461703 0.580768
vt 0.459595 0.583143
vt 0.078470 0.988898
vt 0.077760 0.992070
vt 0.410632 0.691147
vt 0.411648 0.694165
vt 0.078420 0.010926
vt 0.077717 0.007756
vt 0.456230 0.576525
vt 0.454448 0.579152
vt 0.084163 0.988847
vt 0.083314 0.992019
vt 0.417298 0.689364
vt 0.417913 0.692489
vt 0.084157 0.010882
vt 0.083315 0.007712
vt 0.450259 0.573030
vt 0.448834 0.575866
vt 0.089253 0.988795
vt 0.088281 0.991968
vt 0.424129 0.688465
vt 0.424334 0.691645
vt 0.089297 0.010839
vt 0.088329 0.007669
vt 0.443888 0.570348
vt 0.442848 0.573347
vt 0.288185 0.988968
vt 0.293798 0.988914
vt 0.294525 0.992092
vt 0.289048 0.992145
vt 0.431008 0.688458
vt 0.430801 0.691638
vt 0.293803 0.010971
vt 0.288185 0.011017
vt 0.289054 0.007851
vt 0.294533 0.007806
vt 0.437227 0.568530
vt 0.436592 0.571639
vt 0.299907 0.988876
vt 0.300486 0.992055
vt 0.437820 0.689340
vt 0.437203 0.692467
vt 0.299933 0.010936
vt 0.300513 0.007772
vt 0.430390 0.567607
vt 0.430170 0.570772
vt 0.306413 0.988851
vt 0.306831 0.992029
vt 0.444451 0.691099
vt 0.443430 0.694119
vt 0.306467 0.010907
vt 0.306887 0.007743
vt 0.423497 0.567588
vt 0.423694 0.570754
vt 0.313208 0.988832
vt 0.313458 0.992011
vt 0.450786 0.693711
vt 0.449378 0.696571
vt 0.313292 0.010879
vt 0.313546 0.007716
vt 0.416664 0.568469
vt 0.417274 0.571582
vt 0.320175 0.988819
vt 0.320252 0.991998
vt 0.456717 0.697134
vt 0.454944 0.699784
vt 0.320293 0.010853
vt 0.320376 0.007690
vt 0.410008 0.570234
vt 0.411021 0.573240
vt 0.327195 0.988809
vt 0.327097 0.991988
vt 0.462141 0.701310
vt 0.460033 0.703703
vt 0.327354 0.010835
vt 0.327262 0.007672
vt 0.403642 0.572860
vt 0.405044 0.575705
vt 0.334145 0.988802
vt 0.333874 0.991981
vt 0.466962 0.706168
vt 0.464558 0.708261
vt 0.334351 0.010833
vt 0.334086 0.007669
vt 0.397679 0.576308
vt 0.399446 0.578942
vt 0.340905 0.988800
vt 0.340467 0.991979
vt 0.471100 0.711621
vt 0.468443 0.713381
vt 0.341163 0.010844
vt 0.340730 0.007679
vt 0.392222 0.580517
vt 0.394323 0.582894
vt 0.347362 0.988811
vt 0.346766 0.991989
vt 0.474492 0.717573
vt 0.471629 0.718971
vt 0.347670 0.010868
vt 0.347077 0.007703
vt 0.387366 0.585415
vt 0.389765 0.587492
vt 0.353410 0.988839
vt 0.352667 0.992017
vt 0.477086 0.723919
vt 0.474066 0.724936
vt 0.353759 0.010908
vt 0.353015 0.007743
vt 0.383200 0.590918
vt 0.385853 0.592658
vt 0.358951 0.988882
vt 0.358073 0.992060
vt 0.478837 0.730556
vt 0.475713 0.731174
vt 0.359319 0.010964
vt 0.358438 0.007797
vt 0.379797 0.596930
vt 0.382658 0.598303
vt 0.104772 0.988762
vt 0.109837 0.988811
vt 0.110689 0.991983
vt 0.105747 0.991935
vt 0.479718 0.737374
vt 0.476541 0.737584
vt 0.109763 0.010899
vt 0.104634 0.010840
vt 0.105603 0.007669
vt 0.110607 0.007727
vt 0.377215 0.603344
vt 0.380233 0.604329
vt 0.115500 0.988869
vt 0.116216 0.992041
vt 0.479713 0.744261
vt 0.476536 0.744061
vt 0.115492 0.010960
vt 0.116197 0.007788
vt 0.375495 0.610047
vt 0.378615 0.610629
vt 0.121668 0.988936
vt 0.122236 0.992107
vt 0.478821 0.751103
vt 0.475697 0.750496
vt 0.121717 0.011015
vt 0.122273 0.007843
vt 0.374657 0.616921
vt 0.377828 0.617095
vt 0.128242 0.989006
vt 0.128651 0.992177
vt 0.477052 0.757784
vt 0.474034 0.756780
vt 0.128332 0.011057
vt 0.128730 0.007884
vt 0.374710 0.623850
vt 0.377878 0.623615
vt 0.135113 0.989070
vt 0.135356 0.992241
vt 0.474428 0.764190
vt 0.471567 0.762802
vt 0.135227 0.011085
vt 0.135460 0.007912
vt 0.375654 0.630717
vt 0.378766 0.630076
vt 0.142165 0.989118
vt 0.142236 0.992289
vt 0.470984 0.770204
vt 0.468331 0.768453
vt 0.142285 0.011102
vt 0.142349 0.007928
vt 0.377475 0.637408
vt 0.380479 0.636370
vt 0.149273 0.989146
vt 0.149172 0.992316
vt 0.466776 0.775718
vt 0.464376 0.773637
vt 0.149389 0.011112
vt 0.149282 0.007938
vt 0.380147 0.643806
vt 0.382992 0.642386
vt 0.156313 0.989161
vt 0.156041 0.992330
vt 0.461884 0.780640
vt 0.459776 0.778264
vt 0.156415 0.011120
vt 0.156138 0.007945
vt 0.383626 0.649800
vt 0.386263 0.648023
vt 0.163161 0.989162
vt 0.162723 0.992331
vt 0.456393 0.784882
vt 0.454613 0.782252
vt 0.163243 0.011124
vt 0.162801 0.007949
vt 0.387852 0.655289
vt 0.390237 0.653184
vt 0.169697 0.989152
vt 0.169101 0.992320
vt 0.450398 0.788369
vt 0.448978 0.785530
vt 0.169754 0.011124
vt 0.169154 0.007949
vt 0.392750 0.660177
vt 0.394841 0.657779
vt 0.175807 0.989130
vt 0.175063 0.992298
vt 0.444004 0.791041
vt 0.442969 0.788042
vt 0.175836 0.011122
vt 0.175089 0.007946
vt 0.398235 0.664380
vt 0.399997 0.661730
vt 0.181384 0.989098
vt 0.180504 0.992266
vt 0.437324 0.792850
vt 0.436693 0.789741
vt 0.181384 0.011120
vt 0.180502 0.007944
vt 0.404213 0.667826
vt 0.405614 0.664967
vt 0.196722 0.988736
vt 0.201814 0.988770
vt 0.202665 0.991924
vt 0.197698 0.991893
vt 0.430474 0.793763
vt 0.430259 0.790599
vt 0.201807 0.010933
vt 0.196722 0.010855
vt 0.197695 0.007669
vt 0.202656 0.007745
vt 0.410580 0.670455
vt 0.411596 0.667437
vt 0.207504 0.988783
vt 0.208215 0.991936
vt 0.423574 0.793763
vt 0.423779 0.790599
vt 0.207477 0.011000
vt 0.208189 0.007810
vt 0.417224 0.672228
vt 0.417839 0.669103
vt 0.213687 0.988782
vt 0.214247 0.991934
vt 0.416745 0.792856
vt 0.417364 0.789747
vt 0.213634 0.011051
vt 0.214195 0.007859
vt 0.424031 0.673121
vt 0.424236 0.669942
vt 0.220254 0.988775
vt 0.220653 0.991926
vt 0.410102 0.791067
vt 0.411121 0.788065
vt 0.220174 0.011085
vt 0.220575 0.007892
vt 0.430888 0.673121
vt 0.430678 0.669942
vt 0.227090 0.988769
vt 0.227338 0.991920
vt 0.403741 0.788427
vt 0.405111 0.785571
vt 0.226986 0.011102
vt 0.227234 0.007908
vt 0.437693 0.672228
vt 0.437107 0.669099
vt 0.232324 0.988770
vt 0.232417 0.991920
vt 0.399247 0.785963
vt 0.400948 0.783289
vt 0.232204 0.011103
vt 0.232296 0.007909
vt 0.442657 0.671018
vt 0.441701 0.667979
vt 0.551953 0.978216
vt 0.559581 0.978209
vt 0.559319 0.981365
vt 0.551875 0.981372
vt 0.602156 0.072356
vt 0.598548 0.078935
vt 0.595894 0.077201
vt 0.599285 0.071015
vt 0.559472 0.888639
vt 0.551866 0.888658
vt 0.551781 0.885467
vt 0.559199 0.885448
vt 0.563146 0.312206
vt 0.555668 0.312049
vt 0.555946 0.308874
vt 0.562968 0.309021
vt 0.565500 0.978190
vt 0.565060 0.981347
vt 0.594914 0.083674
vt 0.592534 0.081583
vt 0.565368 0.888618
vt 0.564914 0.885429
vt 0.569043 0.311417
vt 0.568415 0.308292
vt 0.571148 0.978159
vt 0.570551 0.981317
vt 0.590681 0.087908
vt 0.588595 0.085522
vt 0.570987 0.888594
vt 0.570373 0.885405
vt 0.574799 0.309855
vt 0.573766 0.306840
vt 0.576427 0.978116
vt 0.575683 0.981275
vt 0.585929 0.091552
vt 0.584174 0.088913
vt 0.576231 0.888564
vt 0.575468 0.885377
vt 0.580297 0.307552
vt 0.578879 0.304698
vt 0.581245 0.978062
vt 0.580367 0.981223
vt 0.580740 0.094543
vt 0.579345 0.091697
vt 0.581011 0.888527
vt 0.580113 0.885342
vt 0.585445 0.304550
vt 0.583667 0.301906
vt 0.514713 0.643786
vt 0.518982 0.643791
vt 0.519867 0.646963
vt 0.515717 0.646959
vt 0.575204 0.096832
vt 0.574193 0.093828
vt 0.519058 0.554265
vt 0.514793 0.554245
vt 0.515799 0.551070
vt 0.519945 0.551090
vt 0.590157 0.300905
vt 0.588050 0.298514
vt 0.523794 0.643797
vt 0.524545 0.646969
vt 0.569416 0.098382
vt 0.568805 0.095271
vt 0.523859 0.554281
vt 0.524610 0.551106
vt 0.594352 0.296679
vt 0.591952 0.294583
vt 0.529067 0.643804
vt 0.529672 0.646976
vt 0.563476 0.099165
vt 0.563276 0.096000
vt 0.529112 0.554295
vt 0.529715 0.551120
vt 0.597959 0.291945
vt 0.595307 0.290179
vt 0.534713 0.643809
vt 0.535161 0.646981
vt 0.557483 0.099165
vt 0.557700 0.096000
vt 0.534729 0.554307
vt 0.535174 0.551132
vt 0.600917 0.286783
vt 0.598058 0.285378
vt 0.540635 0.643810
vt 0.540918 0.646981
vt 0.551541 0.098379
vt 0.552171 0.095270
vt 0.540615 0.554317
vt 0.540893 0.551142
vt 0.603177 0.281281
vt 0.600160 0.280259
vt 0.546731 0.643806
vt 0.546844 0.646977
vt 0.545753 0.096821
vt 0.546786 0.093820
vt 0.546667 0.554322
vt 0.546774 0.551148
vt 0.604702 0.275533
vt 0.601578 0.274912
vt 0.552895 0.643798
vt 0.552838 0.646969
vt 0.540219 0.094518
vt 0.541636 0.091676
vt 0.552785 0.554322
vt 0.552719 0.551148
vt 0.605468 0.269637
vt 0.602291 0.269426
vt 0.559022 0.643790
vt 0.558795 0.646961
vt 0.535032 0.091511
vt 0.536807 0.088878
vt 0.558865 0.554315
vt 0.558628 0.551141
vt 0.605465 0.263691
vt 0.602288 0.263893
vt 0.565007 0.643785
vt 0.564616 0.646956
vt 0.530279 0.087856
vt 0.532382 0.085474
vt 0.564806 0.554301
vt 0.564402 0.551127
vt 0.604691 0.257795
vt 0.601569 0.258407
vt 0.570751 0.643785
vt 0.570202 0.646956
vt 0.526039 0.083616
vt 0.528433 0.081525
vt 0.570509 0.554279
vt 0.569944 0.551106
vt 0.603162 0.252048
vt 0.600145 0.253058
vt 0.576158 0.643792
vt 0.575460 0.646963
vt 0.522384 0.078860
vt 0.525029 0.077097
vt 0.575879 0.554251
vt 0.575162 0.551078
vt 0.600900 0.246545
vt 0.598041 0.247937
vt 0.581134 0.643801
vt 0.580299 0.646972
vt 0.519377 0.073669
vt 0.522230 0.072264
vt 0.580824 0.554217
vt 0.579968 0.551045
vt 0.597942 0.241379
vt 0.595289 0.243131
vt 0.585594 0.643811
vt 0.584635 0.646981
vt 0.517073 0.068128
vt 0.520085 0.067106
vt 0.585259 0.554181
vt 0.584278 0.551009
vt 0.594336 0.236639
vt 0.591935 0.238722
vt 0.621526 0.100635
vt 0.626437 0.100634
vt 0.627162 0.103807
vt 0.622386 0.103808
vt 0.515511 0.062331
vt 0.518632 0.061710
vt 0.626518 0.010960
vt 0.621647 0.011006
vt 0.622518 0.007837
vt 0.627251 0.007791
vt 0.590140 0.232409
vt 0.588033 0.234788
vt 0.631797 0.100634
vt 0.632374 0.103807
vt 0.514720 0.056377
vt 0.517895 0.056168
vt 0.631840 0.010919
vt 0.632420 0.007751
vt 0.585423 0.228763
vt 0.583647 0.231399
vt 0.637515 0.100636
vt 0.637933 0.103810
vt 0.514713 0.050369
vt 0.517889 0.050575
vt 0.637519 0.010886
vt 0.637937 0.007718
vt 0.580265 0.225769
vt 0.578853 0.228615
vt 0.643491 0.100641
vt 0.643744 0.103814
vt 0.515490 0.044409
vt 0.518612 0.045027
vt 0.643457 0.010863
vt 0.643707 0.007695
vt 0.574757 0.223478
vt 0.573732 0.226485
vt 0.649624 0.100647
vt 0.649708 0.103821
vt 0.517040 0.038600
vt 0.520055 0.039621
vt 0.649551 0.010848
vt 0.649627 0.007680
vt 0.568993 0.221932
vt 0.568373 0.225048
vt 0.655809 0.100653
vt 0.655721 0.103827
vt 0.519338 0.033044
vt 0.522193 0.034451
vt 0.655694 0.010839
vt 0.655595 0.007672
vt 0.563075 0.221154
vt 0.562869 0.224325
vt 0.661938 0.100653
vt 0.661678 0.103827
vt 0.522350 0.027839
vt 0.524994 0.029609
vt 0.661779 0.010836
vt 0.661508 0.007669
vt 0.557107 0.221157
vt 0.557318 0.224328
vt 0.667902 0.100649
vt 0.667476 0.103823
vt 0.526020 0.023075
vt 0.528410 0.025177
vt 0.667702 0.010837
vt 0.667263 0.007671
vt 0.551190 0.221942
vt 0.551816 0.225058
vt 0.673597 0.100641
vt 0.673013 0.103815
vt 0.530285 0.018837
vt 0.532378 0.021233
vt 0.673359 0.010846
vt 0.672760 0.007679
vt 0.545428 0.223496
vt 0.546458 0.226503
vt 0.678924 0.100631
vt 0.678192 0.103805
vt 0.535069 0.015197
vt 0.536829 0.017847
vt 0.678654 0.010861
vt 0.677904 0.007694
vt 0.539920 0.225792
vt 0.541336 0.228637
vt 0.683791 0.100618
vt 0.682923 0.103792
vt 0.540288 0.012218
vt 0.541685 0.015075
vt 0.683494 0.010880
vt 0.682607 0.007713
vt 0.534761 0.228787
vt 0.536537 0.231423
vt 0.514713 0.866835
vt 0.519163 0.866824
vt 0.520001 0.869994
vt 0.515674 0.870004
vt 0.545850 0.009949
vt 0.546862 0.012963
vt 0.519480 0.777120
vt 0.515066 0.777095
vt 0.516054 0.773923
vt 0.520342 0.773948
vt 0.530038 0.232431
vt 0.532144 0.234812
vt 0.524132 0.866814
vt 0.524834 0.869983
vt 0.551658 0.008426
vt 0.552270 0.011545
vt 0.524412 0.777146
vt 0.525135 0.773974
vt 0.525833 0.236658
vt 0.528233 0.238744
vt 0.529533 0.866809
vt 0.530086 0.869978
vt 0.557612 0.007669
vt 0.557816 0.010840
vt 0.529778 0.777174
vt 0.530348 0.774001
vt 0.522219 0.241398
vt 0.524872 0.243152
vt 0.535272 0.866810
vt 0.535668 0.869980
vt 0.563613 0.007688
vt 0.563406 0.010858
vt 0.535485 0.777203
vt 0.535893 0.774030
vt 0.519258 0.246569
vt 0.522119 0.247960
vt 0.541256 0.866818
vt 0.541486 0.869987
vt 0.569560 0.008483
vt 0.568943 0.011598
vt 0.541435 0.777234
vt 0.541674 0.774061
vt 0.517000 0.252082
vt 0.520019 0.253087
vt 0.547383 0.866828
vt 0.547444 0.869998
vt 0.575351 0.010044
vt 0.574334 0.013050
vt 0.547524 0.777262
vt 0.547592 0.774088
vt 0.515479 0.257840
vt 0.518604 0.258446
vt 0.553551 0.866835
vt 0.553441 0.870004
vt 0.580887 0.012349
vt 0.579486 0.015195
vt 0.553649 0.777277
vt 0.553546 0.774103
vt 0.514713 0.263745
vt 0.517890 0.263944
vt 0.559653 0.866834
vt 0.559372 0.870004
vt 0.586072 0.015360
vt 0.584309 0.017997
vt 0.559711 0.777280
vt 0.559438 0.774106
vt 0.514713 0.269700
vt 0.517890 0.269487
vt 0.565582 0.866828
vt 0.565136 0.869998
vt 0.590817 0.019026
vt 0.588723 0.021407
vt 0.565607 0.777273
vt 0.565169 0.774099
vt 0.515482 0.275604
vt 0.518606 0.274982
vt 0.571236 0.866817
vt 0.570633 0.869987
vt 0.595039 0.023280
vt 0.592651 0.025366
vt 0.571240 0.777261
vt 0.570643 0.774087
vt 0.517013 0.281360
vt 0.520029 0.280337
vt 0.576519 0.866801
vt 0.575768 0.869971
vt 0.598666 0.028049
vt 0.596026 0.029804
vt 0.576510 0.777246
vt 0.575764 0.774072
vt 0.519281 0.286868
vt 0.522139 0.285459
vt 0.581338 0.866781
vt 0.580453 0.869952
vt 0.601636 0.033250
vt 0.598790 0.034644
vt 0.581326 0.777232
vt 0.580444 0.774058
vt 0.522252 0.292033
vt 0.524901 0.290262
vt 0.514713 0.978068
vt 0.519162 0.978105
vt 0.520007 0.981264
vt 0.515681 0.981228
vt 0.603902 0.038792
vt 0.600898 0.039802
vt 0.519196 0.888574
vt 0.514783 0.888526
vt 0.515761 0.885342
vt 0.520048 0.885387
vt 0.525876 0.296764
vt 0.528271 0.294662
vt 0.524126 0.978136
vt 0.524834 0.981293
vt 0.605427 0.044581
vt 0.602317 0.045191
vt 0.524130 0.888615
vt 0.524842 0.885427
vt 0.530090 0.300981
vt 0.532189 0.298583
vt 0.529519 0.978162
vt 0.530078 0.981319
vt 0.606188 0.050517
vt 0.603026 0.050719
vt 0.529498 0.888647
vt 0.530059 0.885458
vt 0.534820 0.304612
vt 0.536589 0.301962
vt 0.535249 0.978186
vt 0.535650 0.981342
vt 0.606177 0.056501
vt 0.603015 0.056291
vt 0.535208 0.888665
vt 0.535608 0.885475
vt 0.539982 0.307598
vt 0.541392 0.304740
vt 0.541221 0.978205
vt 0.541471 0.981361
vt 0.605389 0.062446
vt 0.602277 0.061862
vt 0.541163 0.888672
vt 0.541409 0.885481
vt 0.545504 0.309891
vt 0.546562 0.306887
vt 0.545798 0.978215
vt 0.545892 0.981370
vt 0.604326 0.066780
vt 0.601305 0.065826
vt 0.545728 0.888669
vt 0.545817 0.885479
vt 0.549773 0.311139
vt 0.550465 0.308028
vt 0.638413 0.696916
vt 0.638415 0.688639
vt 0.641571 0.688874
vt 0.641569 0.696983
vt 0.424765 0.131384
vt 0.416878 0.129279
vt 0.417894 0.126284
vt 0.425381 0.128283
vt 0.625007 0.688647
vt 0.625040 0.696915
vt 0.621846 0.696979
vt 0.621814 0.688884
vt 0.457052 0.269231
vt 0.449178 0.271324
vt 0.448560 0.268191
vt 0.456032 0.266206
vt 0.638398 0.680556
vt 0.641554 0.680958
vt 0.409333 0.126159
vt 0.410735 0.123323
vt 0.624965 0.680573
vt 0.621772 0.680981
vt 0.464585 0.266123
vt 0.463177 0.263258
vt 0.638362 0.672810
vt 0.641519 0.673369
vt 0.402261 0.122077
vt 0.404022 0.119449
vt 0.624918 0.672834
vt 0.621726 0.673406
vt 0.471644 0.262049
vt 0.469872 0.259394
vt 0.638312 0.665532
vt 0.641470 0.666239
vt 0.395782 0.117106
vt 0.397872 0.114730
vt 0.624864 0.665566
vt 0.621673 0.666291
vt 0.478107 0.257081
vt 0.476003 0.254681
vt 0.638250 0.658845
vt 0.641409 0.659688
vt 0.390006 0.111332
vt 0.392389 0.109250
vt 0.624798 0.658891
vt 0.621609 0.659756
vt 0.483867 0.251311
vt 0.481469 0.249205
vt 0.638175 0.652865
vt 0.641335 0.653830
vt 0.385033 0.104853
vt 0.387668 0.103100
vt 0.624713 0.652919
vt 0.621526 0.653908
vt 0.488830 0.244842
vt 0.486181 0.243064
vt 0.624697 0.336320
vt 0.624698 0.342658
vt 0.621527 0.343441
vt 0.621526 0.337232
vt 0.380946 0.097781
vt 0.383790 0.096386
vt 0.638182 0.342678
vt 0.638159 0.336352
vt 0.641336 0.337278
vt 0.641358 0.343473
vt 0.492916 0.237784
vt 0.490060 0.236364
vt 0.624705 0.349651
vt 0.621533 0.350292
vt 0.377819 0.090234
vt 0.380824 0.089225
vt 0.638215 0.349656
vt 0.641391 0.350304
vt 0.496053 0.230255
vt 0.493038 0.229218
vt 0.624719 0.357180
vt 0.621547 0.357668
vt 0.375711 0.082343
vt 0.378824 0.081736
vt 0.638249 0.357172
vt 0.641424 0.357660
vt 0.498180 0.222378
vt 0.495058 0.221746
vt 0.624741 0.365114
vt 0.621570 0.365440
vt 0.374657 0.074243
vt 0.377826 0.074050
vt 0.638276 0.365097
vt 0.641451 0.365418
vt 0.499253 0.214289
vt 0.496076 0.214072
vt 0.624768 0.373316
vt 0.621596 0.373474
vt 0.374673 0.066075
vt 0.377842 0.066298
vt 0.638296 0.373294
vt 0.641471 0.373443
vt 0.499253 0.206127
vt 0.496078 0.206329
vt 0.624792 0.381643
vt 0.621621 0.381631
vt 0.375752 0.057979
vt 0.378868 0.058611
vt 0.638315 0.381618
vt 0.641489 0.381596
vt 0.498185 0.198034
vt 0.495065 0.198647
vt 0.624805 0.389955
vt 0.621633 0.389774
vt 0.377867 0.050089
vt 0.380876 0.051116
vt 0.638339 0.389930
vt 0.641511 0.389736
vt 0.496073 0.190147
vt 0.493060 0.191160
vt 0.624797 0.398117
vt 0.621625 0.397770
vt 0.380975 0.042534
vt 0.383829 0.043938
vt 0.638368 0.398088
vt 0.641540 0.397726
vt 0.492955 0.182598
vt 0.490100 0.183994
vt 0.624774 0.405993
vt 0.621602 0.405487
vt 0.385032 0.035438
vt 0.387681 0.037199
vt 0.638407 0.405958
vt 0.641578 0.405434
vt 0.488886 0.175514
vt 0.486235 0.177268
vt 0.624745 0.413450
vt 0.621573 0.412792
vt 0.389977 0.028925
vt 0.392375 0.031015
vt 0.638456 0.413408
vt 0.641626 0.412729
vt 0.483933 0.169013
vt 0.481532 0.171096
vt 0.624717 0.420358
vt 0.621545 0.419559
vt 0.395734 0.023111
vt 0.397838 0.025497
vt 0.638507 0.420308
vt 0.641676 0.419485
vt 0.478173 0.163210
vt 0.476065 0.165589
vt 0.624698 0.426591
vt 0.621526 0.425663
vt 0.402211 0.018103
vt 0.403982 0.020746
vt 0.638551 0.426534
vt 0.641720 0.425580
vt 0.471698 0.158211
vt 0.469923 0.160848
vt 0.638666 0.320983
vt 0.638670 0.314498
vt 0.641844 0.313742
vt 0.641841 0.320093
vt 0.409295 0.013993
vt 0.410703 0.016847
vt 0.624778 0.314469
vt 0.624813 0.320951
vt 0.621647 0.320047
vt 0.621613 0.313700
vt 0.464618 0.154110
vt 0.463207 0.156957
vt 0.638663 0.307370
vt 0.641838 0.306761
vt 0.416864 0.010855
vt 0.417883 0.013870
vt 0.624759 0.307345
vt 0.621594 0.306726
vt 0.457056 0.150978
vt 0.456033 0.153987
vt 0.638653 0.299728
vt 0.641828 0.299276
vt 0.424780 0.008737
vt 0.425397 0.011859
vt 0.624748 0.299709
vt 0.621583 0.299248
vt 0.449147 0.148864
vt 0.448526 0.151980
vt 0.638648 0.291708
vt 0.641823 0.291419
vt 0.432905 0.007670
vt 0.433112 0.010846
vt 0.624734 0.291696
vt 0.621569 0.291400
vt 0.441030 0.147794
vt 0.440818 0.150963
vt 0.638649 0.283445
vt 0.641824 0.283325
vt 0.441101 0.007669
vt 0.440893 0.010846
vt 0.624713 0.283440
vt 0.621549 0.283314
vt 0.432840 0.147783
vt 0.433042 0.150952
vt 0.638653 0.275081
vt 0.641828 0.275133
vt 0.449227 0.008738
vt 0.448605 0.011862
vt 0.624694 0.275079
vt 0.621530 0.275128
vt 0.424718 0.148838
vt 0.425335 0.151953
vt 0.638653 0.266759
vt 0.641827 0.266983
vt 0.457141 0.010868
vt 0.456114 0.013883
vt 0.624690 0.266759
vt 0.621526 0.266981
vt 0.416806 0.150956
vt 0.417828 0.153961
vt 0.638649 0.258625
vt 0.641823 0.259017
vt 0.464705 0.014018
vt 0.463294 0.016874
vt 0.624700 0.258625
vt 0.621536 0.259015
vt 0.409241 0.154098
vt 0.410650 0.156942
vt 0.638649 0.250818
vt 0.641823 0.251371
vt 0.471794 0.018129
vt 0.470022 0.020777
vt 0.624719 0.250818
vt 0.621554 0.251370
vt 0.402154 0.158205
vt 0.403923 0.160839
vt 0.638655 0.243471
vt 0.641828 0.244175
vt 0.478284 0.023127
vt 0.476184 0.025522
vt 0.624745 0.243472
vt 0.621579 0.244176
vt 0.395666 0.163204
vt 0.397767 0.165583
vt 0.638664 0.236711
vt 0.641837 0.237554
vt 0.484066 0.028929
vt 0.481672 0.031028
vt 0.624782 0.236716
vt 0.621616 0.237562
vt 0.389893 0.169010
vt 0.392291 0.171092
vt 0.638671 0.230658
vt 0.641844 0.231623
vt 0.489035 0.035437
vt 0.486389 0.037204
vt 0.624835 0.230671
vt 0.621668 0.231645
vt 0.384940 0.175526
vt 0.387592 0.177274
vt 0.624693 0.441928
vt 0.624707 0.448482
vt 0.621539 0.449229
vt 0.621526 0.442812
vt 0.493110 0.042537
vt 0.490258 0.043943
vt 0.638491 0.448487
vt 0.638530 0.441928
vt 0.641702 0.442810
vt 0.641663 0.449234
vt 0.380886 0.182632
vt 0.383746 0.184019
vt 0.624724 0.455654
vt 0.621556 0.456253
vt 0.496221 0.050107
vt 0.493212 0.051128
vt 0.638459 0.455659
vt 0.641632 0.456260
vt 0.377790 0.190202
vt 0.380808 0.191206
vt 0.624742 0.463320
vt 0.621574 0.463763
vt 0.498320 0.058016
vt 0.495205 0.058638
vt 0.638437 0.463323
vt 0.641610 0.463765
vt 0.375704 0.198106
vt 0.378827 0.198711
vt 0.624754 0.471350
vt 0.621586 0.471630
vt 0.499375 0.066130
vt 0.496208 0.066344
vt 0.638427 0.471347
vt 0.641601 0.471625
vt 0.374657 0.206211
vt 0.377833 0.206407
vt 0.624756 0.479609
vt 0.621587 0.479722
vt 0.499375 0.074311
vt 0.496208 0.074114
vt 0.638431 0.479599
vt 0.641605 0.479706
vt 0.374665 0.214382
vt 0.377841 0.214165
vt 0.624753 0.487959
vt 0.621584 0.487901
vt 0.498315 0.082424
vt 0.495202 0.081815
vt 0.638442 0.487941
vt 0.641616 0.487874
vt 0.375734 0.222481
vt 0.378857 0.221850
vt 0.624760 0.496258
vt 0.621590 0.496030
vt 0.496197 0.090325
vt 0.493193 0.089313
vt 0.638446 0.496231
vt 0.641620 0.495989
vt 0.377859 0.230367
vt 0.380873 0.229331
vt 0.624779 0.504361
vt 0.621608 0.503967
vt 0.493056 0.097879
vt 0.490213 0.096480
vt 0.638445 0.504323
vt 0.641620 0.503911
vt 0.381002 0.237906
vt 0.383855 0.236483
vt 0.624807 0.512125
vt 0.621636 0.511572
vt 0.488950 0.104953
vt 0.486317 0.103193
vt 0.638443 0.512078
vt 0.641618 0.511503
vt 0.385104 0.244966
vt 0.387747 0.243183
vt 0.624841 0.519418
vt 0.621670 0.518716
vt 0.483953 0.111426
vt 0.481574 0.109336
vt 0.638441 0.519363
vt 0.641616 0.518635
vt 0.390092 0.251429
vt 0.392480 0.249314
vt 0.624881 0.526113
vt 0.621709 0.525274
vt 0.478153 0.117187
vt 0.476069 0.114804
vt 0.638436 0.526051
vt 0.641611 0.525183
vt 0.395882 0.257179
vt 0.397972 0.254770
vt 0.624922 0.532097
vt 0.621750 0.531136
vt 0.471651 0.122138
vt 0.469898 0.119504
vt 0.638425 0.532026
vt 0.641600 0.531032
vt 0.402374 0.262119
vt 0.404132 0.259456
vt 0.638216 0.742904
vt 0.638270 0.736343
vt 0.641428 0.735612
vt 0.641375 0.742038
vt 0.464563 0.126198
vt 0.463169 0.123359
vt 0.624819 0.736292
vt 0.624713 0.742847
vt 0.621526 0.741955
vt 0.621629 0.735538
vt 0.409453 0.266166
vt 0.410849 0.263295
vt 0.638313 0.729171
vt 0.641470 0.728585
vt 0.457008 0.129299
vt 0.455997 0.126303
vt 0.624911 0.729126
vt 0.621720 0.728521
vt 0.416996 0.269253
vt 0.418008 0.266225
vt 0.638347 0.721509
vt 0.641503 0.721079
vt 0.449117 0.131392
vt 0.448504 0.128290
vt 0.624985 0.721474
vt 0.621792 0.721028
vt 0.424874 0.271334
vt 0.425486 0.268200
vt 0.638375 0.713490
vt 0.641531 0.713222
vt 0.441022 0.132445
vt 0.440817 0.129291
vt 0.625031 0.713465
vt 0.621838 0.713185
vt 0.432953 0.272381
vt 0.433157 0.269194
vt 0.638398 0.705247
vt 0.641553 0.705145
vt 0.432859 0.132443
vt 0.433065 0.129289
vt 0.625049 0.705234
vt 0.621855 0.705125
vt 0.441099 0.272379
vt 0.440891 0.269192
vt 0.702360 0.572406
vt 0.699129 0.572824
vt 0.720516 0.572478
vt 0.723629 0.572923
vt 0.720548 0.556975
vt 0.723638 0.556506
vt 0.702373 0.557069
vt 0.699129 0.556635
vt 0.702351 0.618268
vt 0.699129 0.618908
vt 0.720544 0.618357
vt 0.723657 0.619024
vt 0.702310 0.920589
vt 0.699129 0.919881
vt 0.702366 0.739163
vt 0.699129 0.738487
vt 0.552050 0.420902
vt 0.559704 0.420871
vt 0.559437 0.424024
vt 0.551967 0.424054
vt 0.383187 0.881657
vt 0.379286 0.875213
vt 0.382116 0.873784
vt 0.385784 0.879844
vt 0.559637 0.330975
vt 0.552004 0.331006
vt 0.551923 0.327818
vt 0.559369 0.327787
vt 0.522313 0.185532
vt 0.518722 0.178941
vt 0.521615 0.177602
vt 0.524990 0.183798
vt 0.565639 0.420836
vt 0.565194 0.423989
vt 0.376996 0.869674
vt 0.379999 0.868661
vt 0.565560 0.330938
vt 0.565112 0.327751
vt 0.525937 0.190282
vt 0.528340 0.188188
vt 0.571299 0.420793
vt 0.570697 0.423947
vt 0.375443 0.863871
vt 0.378553 0.863258
vt 0.571211 0.330894
vt 0.570604 0.327708
vt 0.530163 0.194527
vt 0.532270 0.192137
vt 0.576588 0.420742
vt 0.575839 0.423897
vt 0.374659 0.857916
vt 0.377823 0.857714
vt 0.576490 0.330844
vt 0.575735 0.327659
vt 0.534909 0.198180
vt 0.536685 0.195536
vt 0.581416 0.420683
vt 0.580533 0.423840
vt 0.374657 0.851911
vt 0.377821 0.852123
vt 0.581307 0.330788
vt 0.580416 0.327604
vt 0.540093 0.201181
vt 0.541508 0.198327
vt 0.514713 0.532475
vt 0.518996 0.532475
vt 0.519883 0.535644
vt 0.515719 0.535644
vt 0.375437 0.845956
vt 0.378547 0.846579
vt 0.585580 0.330726
vt 0.584569 0.327544
vt 0.545626 0.203477
vt 0.546656 0.200463
vt 0.523823 0.532477
vt 0.524576 0.535646
vt 0.376985 0.840152
vt 0.379989 0.841176
vt 0.523816 0.442577
vt 0.518996 0.442574
vt 0.519883 0.439402
vt 0.524567 0.439405
vt 0.551411 0.205030
vt 0.552039 0.201908
vt 0.529110 0.532481
vt 0.529717 0.535650
vt 0.379275 0.834599
vt 0.382121 0.836005
vt 0.529095 0.442580
vt 0.529698 0.439408
vt 0.557349 0.205814
vt 0.557564 0.202637
vt 0.534769 0.532488
vt 0.535219 0.535658
vt 0.382267 0.829389
vt 0.384907 0.831154
vt 0.534743 0.442582
vt 0.535188 0.439409
vt 0.563338 0.205817
vt 0.563137 0.202640
vt 0.540704 0.532497
vt 0.540989 0.535666
vt 0.385913 0.824613
vt 0.388300 0.826708
vt 0.540663 0.442582
vt 0.540943 0.439410
vt 0.569275 0.205038
vt 0.568662 0.201915
vt 0.546815 0.532502
vt 0.546929 0.535671
vt 0.390153 0.820355
vt 0.392245 0.822746
vt 0.546755 0.442582
vt 0.546864 0.439409
vt 0.575060 0.203492
vt 0.574045 0.200476
vt 0.552996 0.532500
vt 0.552937 0.535669
vt 0.394917 0.816693
vt 0.396675 0.819340
vt 0.552915 0.442581
vt 0.552850 0.439408
vt 0.580592 0.201204
vt 0.579193 0.198347
vt 0.559138 0.532485
vt 0.558906 0.535654
vt 0.400122 0.813694
vt 0.401516 0.816551
vt 0.559036 0.442578
vt 0.558799 0.439405
vt 0.585779 0.198213
vt 0.584019 0.195565
vt 0.565132 0.532459
vt 0.564733 0.535628
vt 0.405678 0.811410
vt 0.406684 0.814427
vt 0.565014 0.442576
vt 0.564609 0.439402
vt 0.590530 0.194572
vt 0.588439 0.192177
vt 0.570876 0.532431
vt 0.570317 0.535601
vt 0.411485 0.809872
vt 0.412090 0.812996
vt 0.570745 0.442576
vt 0.570178 0.439403
vt 0.594762 0.190340
vt 0.592375 0.188242
vt 0.576274 0.532408
vt 0.575567 0.535579
vt 0.417440 0.809100
vt 0.417638 0.812276
vt 0.576128 0.442582
vt 0.575410 0.439409
vt 0.598399 0.185590
vt 0.595758 0.183824
vt 0.581240 0.532398
vt 0.580397 0.535570
vt 0.423445 0.809100
vt 0.423235 0.812276
vt 0.581071 0.442594
vt 0.580213 0.439421
vt 0.601380 0.180405
vt 0.598530 0.179001
vt 0.585695 0.532403
vt 0.584732 0.535574
vt 0.429401 0.809870
vt 0.428784 0.812993
vt 0.585490 0.442609
vt 0.584507 0.439435
vt 0.603656 0.174875
vt 0.600647 0.173856
vt 0.621526 0.212128
vt 0.626438 0.212134
vt 0.627163 0.215310
vt 0.622387 0.215303
vt 0.435207 0.811403
vt 0.434192 0.814420
vt 0.626537 0.122340
vt 0.621623 0.122335
vt 0.622485 0.119164
vt 0.627262 0.119169
vt 0.605192 0.169098
vt 0.602076 0.168479
vt 0.631799 0.212141
vt 0.632374 0.215318
vt 0.440765 0.813680
vt 0.439363 0.816539
vt 0.631886 0.122341
vt 0.632462 0.119171
vt 0.605967 0.163172
vt 0.602797 0.162963
vt 0.637519 0.212144
vt 0.637933 0.215320
vt 0.445974 0.816671
vt 0.444208 0.819320
vt 0.637583 0.122339
vt 0.637999 0.119169
vt 0.605967 0.157197
vt 0.602797 0.157402
vt 0.643499 0.212137
vt 0.643746 0.215314
vt 0.450742 0.820326
vt 0.448642 0.822718
vt 0.643531 0.122335
vt 0.643780 0.119166
vt 0.605190 0.151274
vt 0.602074 0.151891
vt 0.649633 0.212123
vt 0.649708 0.215300
vt 0.454986 0.824578
vt 0.452589 0.826674
vt 0.649629 0.122334
vt 0.649706 0.119164
vt 0.603649 0.145504
vt 0.600640 0.146523
vt 0.655811 0.212105
vt 0.655715 0.215282
vt 0.458633 0.829351
vt 0.455983 0.831116
vt 0.655775 0.122337
vt 0.655678 0.119168
vt 0.601366 0.139986
vt 0.598517 0.141391
vt 0.661927 0.212091
vt 0.661662 0.215269
vt 0.461625 0.834558
vt 0.458769 0.835964
vt 0.661860 0.122347
vt 0.661591 0.119177
vt 0.598379 0.134817
vt 0.595740 0.136584
vt 0.667878 0.212084
vt 0.667448 0.215261
vt 0.463915 0.840108
vt 0.460901 0.841131
vt 0.667781 0.122365
vt 0.667344 0.119195
vt 0.594741 0.130084
vt 0.592356 0.132182
vt 0.673562 0.212079
vt 0.672973 0.215256
vt 0.465461 0.845907
vt 0.462339 0.846527
vt 0.673436 0.122382
vt 0.672840 0.119213
vt 0.590517 0.125866
vt 0.588425 0.128256
vt 0.678878 0.212072
vt 0.678141 0.215249
vt 0.466231 0.851856
vt 0.463055 0.852060
vt 0.678732 0.122396
vt 0.677988 0.119226
vt 0.585783 0.122230
vt 0.584018 0.124871
vt 0.683733 0.212059
vt 0.682859 0.215236
vt 0.466210 0.857851
vt 0.463035 0.857636
vt 0.683581 0.122405
vt 0.682703 0.119235
vt 0.580619 0.119236
vt 0.579211 0.122084
vt 0.514713 0.755415
vt 0.519158 0.755387
vt 0.520005 0.758558
vt 0.515683 0.758586
vt 0.465400 0.863789
vt 0.462282 0.863160
vt 0.519186 0.665751
vt 0.514785 0.665760
vt 0.515766 0.662583
vt 0.520042 0.662575
vt 0.575111 0.116934
vt 0.574082 0.119940
vt 0.524120 0.755358
vt 0.524830 0.758528
vt 0.463824 0.869568
vt 0.460813 0.868541
vt 0.524104 0.665732
vt 0.524823 0.662556
vt 0.569349 0.115361
vt 0.568718 0.118475
vt 0.529509 0.755335
vt 0.530072 0.758506
vt 0.461515 0.875093
vt 0.458661 0.873688
vt 0.529459 0.665702
vt 0.530028 0.662527
vt 0.563429 0.114545
vt 0.563206 0.117714
vt 0.535233 0.755326
vt 0.535640 0.758497
vt 0.458518 0.880276
vt 0.455868 0.878518
vt 0.535163 0.665664
vt 0.535573 0.662489
vt 0.557450 0.114502
vt 0.557641 0.117674
vt 0.541200 0.755332
vt 0.541443 0.758503
vt 0.454883 0.885033
vt 0.452481 0.882949
vt 0.541123 0.665624
vt 0.541365 0.662449
vt 0.551513 0.115239
vt 0.552118 0.118359
vt 0.547315 0.755347
vt 0.547388 0.758519
vt 0.450666 0.889282
vt 0.448554 0.886906
vt 0.547238 0.665588
vt 0.547307 0.662414
vt 0.545722 0.116752
vt 0.546732 0.119765
vt 0.553475 0.755363
vt 0.553376 0.758534
vt 0.445930 0.892947
vt 0.444147 0.890316
vt 0.553401 0.665560
vt 0.553297 0.662386
vt 0.540176 0.119016
vt 0.541575 0.121871
vt 0.559575 0.755374
vt 0.559305 0.758546
vt 0.440753 0.895961
vt 0.439330 0.893120
vt 0.559505 0.665534
vt 0.559229 0.662360
vt 0.534973 0.121991
vt 0.536735 0.124637
vt 0.565511 0.755382
vt 0.565074 0.758554
vt 0.435224 0.898272
vt 0.434185 0.895271
vt 0.565442 0.665514
vt 0.564999 0.662340
vt 0.530206 0.125625
vt 0.532301 0.128017
vt 0.571179 0.755390
vt 0.570585 0.758561
vt 0.429437 0.899843
vt 0.428799 0.896733
vt 0.571108 0.665500
vt 0.570505 0.662327
vt 0.525958 0.129856
vt 0.528351 0.131953
vt 0.576485 0.755399
vt 0.575744 0.758572
vt 0.423493 0.900648
vt 0.423265 0.897484
vt 0.576403 0.665492
vt 0.575651 0.662320
vt 0.522304 0.134610
vt 0.524953 0.136374
vt 0.581340 0.755414
vt 0.580465 0.758586
vt 0.417491 0.900676
vt 0.417677 0.897510
vt 0.581236 0.665491
vt 0.580347 0.662319
vt 0.519308 0.139804
vt 0.522167 0.141205
vt 0.514719 0.420642
vt 0.519150 0.420730
vt 0.520003 0.423888
vt 0.515697 0.423802
vt 0.411534 0.899924
vt 0.412132 0.896810
vt 0.519165 0.330802
vt 0.514713 0.330727
vt 0.515684 0.327544
vt 0.520012 0.327617
vt 0.517021 0.145345
vt 0.520040 0.146359
vt 0.524108 0.420806
vt 0.524822 0.423963
vt 0.405725 0.898397
vt 0.406727 0.895390
vt 0.524138 0.330872
vt 0.524846 0.327685
vt 0.515481 0.151136
vt 0.518608 0.151747
vt 0.529512 0.420864
vt 0.530073 0.424018
vt 0.400167 0.896115
vt 0.401559 0.893269
vt 0.529543 0.330933
vt 0.530100 0.327745
vt 0.514713 0.157077
vt 0.517893 0.157276
vt 0.535268 0.420898
vt 0.535666 0.424051
vt 0.394959 0.893117
vt 0.396716 0.890481
vt 0.535285 0.330981
vt 0.535682 0.327793
vt 0.514724 0.163066
vt 0.517904 0.162852
vt 0.541270 0.420912
vt 0.541516 0.424064
vt 0.390180 0.889448
vt 0.392241 0.887046
vt 0.541266 0.331011
vt 0.541511 0.327822
vt 0.515511 0.169017
vt 0.518642 0.168429
vt 0.545869 0.420912
vt 0.545958 0.424065
vt 0.386945 0.886347
vt 0.389281 0.884209
vt 0.545846 0.331018
vt 0.545936 0.327830
vt 0.516568 0.173355
vt 0.519610 0.172402
vt 0.638482 0.591504
vt 0.638493 0.583229
vt 0.641644 0.583465
vt 0.641633 0.591569
vt 0.495821 0.509817
vt 0.492737 0.517368
vt 0.489885 0.515978
vt 0.492811 0.508809
vt 0.625041 0.583225
vt 0.625056 0.591502
vt 0.621868 0.591569
vt 0.621854 0.583463
vt 0.492668 0.377471
vt 0.488594 0.384543
vt 0.485948 0.382777
vt 0.489812 0.376065
vt 0.638490 0.575147
vt 0.641642 0.575550
vt 0.488695 0.524456
vt 0.486051 0.522705
vt 0.625012 0.575144
vt 0.621825 0.575549
vt 0.495785 0.369926
vt 0.492769 0.368904
vt 0.638468 0.567396
vt 0.641621 0.567959
vt 0.483758 0.530954
vt 0.481368 0.528871
vt 0.624962 0.567397
vt 0.621776 0.567962
vt 0.497894 0.362040
vt 0.494771 0.361417
vt 0.638424 0.560113
vt 0.641578 0.560828
vt 0.478008 0.536749
vt 0.475913 0.534368
vt 0.624893 0.560115
vt 0.621708 0.560830
vt 0.498961 0.353945
vt 0.495784 0.353732
vt 0.638358 0.553424
vt 0.641513 0.554279
vt 0.471545 0.541738
vt 0.469780 0.539101
vt 0.624808 0.553423
vt 0.621624 0.554275
vt 0.498964 0.345778
vt 0.495787 0.345980
vt 0.638279 0.547442
vt 0.641436 0.548421
vt 0.464483 0.545841
vt 0.463077 0.542995
vt 0.624708 0.547434
vt 0.621526 0.548408
vt 0.497905 0.337679
vt 0.494782 0.338293
vt 0.624705 0.863585
vt 0.624701 0.869923
vt 0.621533 0.870718
vt 0.621537 0.864511
vt 0.456948 0.548993
vt 0.455924 0.545986
vt 0.638300 0.869893
vt 0.638278 0.863557
vt 0.641450 0.864471
vt 0.641472 0.870675
vt 0.495797 0.329787
vt 0.492782 0.330804
vt 0.624697 0.876915
vt 0.621528 0.877566
vt 0.449065 0.551135
vt 0.448442 0.548020
vt 0.638312 0.876889
vt 0.641484 0.877526
vt 0.492666 0.322241
vt 0.489813 0.323647
vt 0.624695 0.884444
vt 0.621526 0.884938
vt 0.440968 0.552228
vt 0.440759 0.549058
vt 0.638311 0.884424
vt 0.641484 0.884905
vt 0.488566 0.315175
vt 0.485922 0.316945
vt 0.624699 0.892380
vt 0.621530 0.892708
vt 0.432799 0.552250
vt 0.433008 0.549081
vt 0.638304 0.892364
vt 0.641477 0.892681
vt 0.483572 0.308711
vt 0.481183 0.310812
vt 0.624714 0.900586
vt 0.621544 0.900743
vt 0.424697 0.551197
vt 0.425322 0.548082
vt 0.638295 0.900569
vt 0.641468 0.900716
vt 0.477776 0.302956
vt 0.475681 0.305351
vt 0.624738 0.908917
vt 0.621568 0.908902
vt 0.416805 0.549087
vt 0.417832 0.546081
vt 0.638292 0.908896
vt 0.641465 0.908872
vt 0.471282 0.298005
vt 0.469516 0.300651
vt 0.624762 0.917230
vt 0.621591 0.917045
vt 0.409254 0.545968
vt 0.410664 0.543119
vt 0.638300 0.917207
vt 0.641472 0.917010
vt 0.464203 0.293937
vt 0.462796 0.296789
vt 0.624777 0.925386
vt 0.621605 0.925033
vt 0.402173 0.541897
vt 0.403941 0.539254
vt 0.638308 0.925358
vt 0.641481 0.924992
vt 0.456656 0.290828
vt 0.455636 0.293839
vt 0.624795 0.933242
vt 0.621623 0.932728
vt 0.395687 0.536936
vt 0.397787 0.534548
vt 0.638304 0.933208
vt 0.641477 0.932676
vt 0.448768 0.288742
vt 0.448156 0.291862
vt 0.624825 0.940659
vt 0.621652 0.939992
vt 0.389913 0.531164
vt 0.392310 0.529074
vt 0.638286 0.940617
vt 0.641460 0.939928
vt 0.440676 0.287719
vt 0.440481 0.290892
vt 0.624869 0.947505
vt 0.621696 0.946697
vt 0.384957 0.524681
vt 0.387609 0.522926
vt 0.638261 0.947455
vt 0.641435 0.946623
vt 0.432523 0.287768
vt 0.432745 0.290940
vt 0.624925 0.953663
vt 0.621751 0.952727
vt 0.380900 0.517605
vt 0.383760 0.516211
vt 0.638240 0.953612
vt 0.641413 0.952653
vt 0.424449 0.288878
vt 0.425079 0.291993
vt 0.715613 0.097518
vt 0.715560 0.091026
vt 0.718738 0.090279
vt 0.718790 0.096640
vt 0.377802 0.510063
vt 0.380820 0.509053
vt 0.702308 0.090992
vt 0.702298 0.097472
vt 0.699129 0.096570
vt 0.699139 0.090226
vt 0.416588 0.291018
vt 0.417614 0.294024
vt 0.715518 0.083918
vt 0.718696 0.083315
vt 0.375709 0.502189
vt 0.378836 0.501576
vt 0.702307 0.083897
vt 0.699138 0.083279
vt 0.409071 0.294151
vt 0.410477 0.296997
vt 0.715485 0.076313
vt 0.718664 0.075864
vt 0.374657 0.494113
vt 0.377838 0.493910
vt 0.702307 0.076299
vt 0.699137 0.075840
vt 0.402027 0.298235
vt 0.403792 0.300870
vt 0.715464 0.068338
vt 0.718643 0.068053
vt 0.374660 0.485972
vt 0.377842 0.486182
vt 0.702313 0.068326
vt 0.699144 0.068033
vt 0.395579 0.303204
vt 0.397674 0.305584
vt 0.715456 0.060129
vt 0.718634 0.060013
vt 0.375719 0.477903
vt 0.378847 0.478523
vt 0.702328 0.060115
vt 0.699158 0.059993
vt 0.389838 0.308973
vt 0.392227 0.311058
vt 0.715457 0.051823
vt 0.718636 0.051880
vt 0.377815 0.470042
vt 0.380836 0.471063
vt 0.702352 0.051807
vt 0.699182 0.051858
vt 0.384904 0.315444
vt 0.387547 0.317197
vt 0.715459 0.043563
vt 0.718638 0.043792
vt 0.380922 0.462526
vt 0.383783 0.463932
vt 0.702385 0.043547
vt 0.699215 0.043769
vt 0.380863 0.322505
vt 0.383713 0.323895
vt 0.715461 0.035492
vt 0.718639 0.035888
vt 0.384986 0.455482
vt 0.387639 0.457248
vt 0.702425 0.035476
vt 0.699254 0.035865
vt 0.377781 0.330032
vt 0.380789 0.331038
vt 0.715472 0.027744
vt 0.718650 0.028298
vt 0.389931 0.449025
vt 0.392333 0.451118
vt 0.702462 0.027730
vt 0.699291 0.028279
vt 0.375703 0.337894
vt 0.378817 0.338502
vt 0.715500 0.020445
vt 0.718677 0.021148
vt 0.395666 0.443259
vt 0.397778 0.445641
vt 0.702491 0.020435
vt 0.699319 0.021135
vt 0.374657 0.345957
vt 0.377825 0.346158
vt 0.715545 0.013715
vt 0.718722 0.014554
vt 0.402095 0.438277
vt 0.403883 0.440911
vt 0.702507 0.013710
vt 0.699335 0.014549
vt 0.374657 0.354089
vt 0.377825 0.353879
vt 0.715600 0.007669
vt 0.718777 0.008632
vt 0.409118 0.434169
vt 0.410548 0.437012
vt 0.702512 0.007669
vt 0.699340 0.008632
vt 0.375706 0.362154
vt 0.378822 0.361537
vt 0.637936 0.848220
vt 0.637988 0.841736
vt 0.641162 0.840991
vt 0.641111 0.847342
vt 0.416620 0.431011
vt 0.417668 0.434015
vt 0.624840 0.841695
vt 0.624848 0.848176
vt 0.621674 0.847277
vt 0.621666 0.840930
vt 0.377791 0.370020
vt 0.380801 0.369004
vt 0.638045 0.834628
vt 0.641218 0.834028
vt 0.424474 0.428854
vt 0.425123 0.431968
vt 0.624818 0.834593
vt 0.621645 0.833974
vt 0.380874 0.377555
vt 0.383728 0.376160
vt 0.638108 0.827017
vt 0.641280 0.826572
vt 0.432546 0.427731
vt 0.432786 0.430903
vt 0.624785 0.826986
vt 0.621611 0.826525
vt 0.384908 0.384635
vt 0.387556 0.382881
vt 0.638175 0.819027
vt 0.641347 0.818747
vt 0.440700 0.427667
vt 0.440526 0.430843
vt 0.624746 0.818999
vt 0.621572 0.818703
vt 0.389832 0.391135
vt 0.392228 0.389050
vt 0.638240 0.810793
vt 0.641412 0.810684
vt 0.448798 0.428669
vt 0.448209 0.431794
vt 0.624714 0.810764
vt 0.621540 0.810641
vt 0.395571 0.396936
vt 0.397671 0.394551
vt 0.638294 0.802456
vt 0.641465 0.802522
vt 0.456698 0.430730
vt 0.455702 0.433749
vt 0.624702 0.802425
vt 0.621528 0.802477
vt 0.402036 0.401923
vt 0.403801 0.399280
vt 0.638333 0.794165
vt 0.641502 0.794404
vt 0.464259 0.433820
vt 0.462872 0.436679
vt 0.624700 0.794133
vt 0.621526 0.794357
vt 0.409107 0.406016
vt 0.410510 0.403163
vt 0.638354 0.786066
vt 0.641523 0.786475
vt 0.471346 0.437883
vt 0.469594 0.440533
vt 0.624702 0.786032
vt 0.621527 0.786423
vt 0.416657 0.409147
vt 0.417674 0.406134
vt 0.638363 0.778302
vt 0.641531 0.778873
vt 0.477837 0.442844
vt 0.475752 0.445241
vt 0.624702 0.778262
vt 0.621528 0.778812
vt 0.424553 0.411263
vt 0.425168 0.408143
vt 0.638363 0.771005
vt 0.641531 0.771730
vt 0.483622 0.448615
vt 0.481240 0.450717
vt 0.624701 0.770956
vt 0.621527 0.771655
vt 0.432660 0.412329
vt 0.432862 0.409157
vt 0.638358 0.764302
vt 0.641526 0.765168
vt 0.488601 0.455091
vt 0.485963 0.456862
vt 0.624700 0.764242
vt 0.621526 0.765078
vt 0.440836 0.412325
vt 0.440620 0.409154
vt 0.638343 0.758311
vt 0.641510 0.759305
vt 0.492684 0.462164
vt 0.489836 0.463572
vt 0.624709 0.758241
vt 0.621535 0.759201
vt 0.448939 0.411241
vt 0.448304 0.408126
vt 0.638342 0.637492
vt 0.638386 0.630928
vt 0.641541 0.630179
vt 0.641499 0.636605
vt 0.495797 0.469711
vt 0.492789 0.470732
vt 0.624809 0.630960
vt 0.624710 0.637528
vt 0.621526 0.636656
vt 0.621623 0.630225
vt 0.456824 0.409090
vt 0.455784 0.406087
vt 0.638416 0.623752
vt 0.641569 0.623151
vt 0.497896 0.477598
vt 0.494781 0.478217
vt 0.624904 0.623776
vt 0.621717 0.623188
vt 0.464356 0.405922
vt 0.462932 0.403080
vt 0.638437 0.616089
vt 0.641589 0.615648
vt 0.498952 0.485688
vt 0.495783 0.485896
vt 0.624982 0.616105
vt 0.621795 0.615673
vt 0.471409 0.401802
vt 0.469628 0.399167
vt 0.638452 0.608070
vt 0.641604 0.607795
vt 0.498952 0.493844
vt 0.495784 0.493640
vt 0.625036 0.608079
vt 0.621849 0.607809
vt 0.477867 0.396805
vt 0.475762 0.394421
vt 0.638465 0.599830
vt 0.641617 0.599724
vt 0.497900 0.501931
vt 0.494786 0.501320
vt 0.625061 0.599833
vt 0.621873 0.599730
vt 0.483628 0.391020
vt 0.481233 0.388926
vt 0.720301 0.663699
vt 0.723385 0.664113
vt 0.702365 0.663672
vt 0.699129 0.664081
vt 0.702359 0.875534
vt 0.699129 0.875117
vt 0.720188 0.875516
vt 0.723305 0.875097
vt 0.702357 0.800012
vt 0.699129 0.800423
vt 0.720209 0.799997
vt 0.723319 0.800400
vt 0.720208 0.784575
vt 0.723300 0.784135
vt 0.702374 0.784660
vt 0.699129 0.784249
vt 0.720291 0.739163
vt 0.514720 0.442571
s 1
f 865/1/865 1777/2/1776 1778/3/1777 1779/4/1778
f 866/5/866 870/6/870 869/7/869 868/8/868
f 867/9/867 871/10/871 869/7/869 870/6/870
f 872/11/872 1780/12/1779 1781/13/1780 1782/14/1781
f 873/15/873 877/16/877 876/17/876 875/18/875
f 874/19/874 878/20/878 876/17/876 877/16/877
f 879/21/879 1783/22/1782 1784/23/1783 1785/24/1784
f 880/25/880 884/26/884 883/27/883 882/28/882
f 881/29/881 885/30/885 883/31/883 884/32/884
f 886/33/886 1786/34/1785 1787/35/1786 1788/36/1787
f 887/37/887 891/38/891 890/39/890 889/40/889
f 888/41/888 892/42/892 890/43/890 891/44/891
f 893/45/893 1789/46/1788 1790/47/1789 1791/48/1790
f 894/49/894 898/50/898 897/51/897 896/52/896
f 895/53/895 899/54/899 897/51/897 898/50/898
f 900/55/900 1792/56/1791 1793/57/1792 1794/58/1793
f 901/59/901 905/60/905 904/61/904 903/62/903
f 902/63/902 906/64/906 904/61/904 905/60/905
f 907/65/907 1795/66/1794 1796/67/1795 1797/68/1796
f 908/69/908 912/70/912 911/71/911 910/72/910
f 909/73/909 913/74/913 911/71/911 912/70/912
f 914/75/914 1798/76/1797 1799/77/1798 1800/78/1799
f 915/79/915 919/80/919 918/81/918 917/82/917
f 916/83/916 920/84/920 918/81/918 919/80/919
f 921/85/921 1801/86/1800 1802/87/1801 1803/88/1802
f 922/89/922 926/90/926 925/91/925 924/92/924
f 923/93/923 927/94/927 925/95/925 926/96/926
f 928/97/928 1804/98/1803 1805/99/1804 1806/100/1805
f 929/101/929 933/102/933 932/103/932 931/104/931
f 930/105/930 934/106/934 932/107/932 933/108/933
f 935/109/935 1807/110/1806 1808/111/1807 1809/112/1808
f 936/113/936 940/114/940 939/115/939 938/116/938
f 937/117/937 941/118/941 939/115/939 940/114/940
f 942/119/942 1810/120/1809 1811/121/1810 1812/122/1811
f 943/123/943 947/124/947 946/125/946 945/126/945
f 944/127/944 948/128/948 946/125/946 947/124/947
f 949/129/949 1813/130/1812 1814/131/1813 1815/132/1814
f 950/133/950 954/134/954 953/135/953 952/136/952
f 951/137/951 955/138/955 953/135/953 954/134/954
f 956/139/956 1816/140/1815 1817/141/1816 1818/142/1817
f 957/143/957 961/144/961 960/145/960 959/146/959
f 958/147/958 962/148/962 960/145/960 961/144/961
f 963/149/963 1819/150/1818 1820/151/1819 1821/152/1820
f 964/153/964 968/154/968 967/155/967 966/156/966
f 965/157/965 969/158/969 967/159/967 968/160/968
f 970/161/970 1822/162/1821 1823/163/1822 1824/164/1823
f 971/165/971 975/166/975 974/167/974 973/168/973
f 972/169/972 976/170/976 974/171/974 975/172/975
f 977/173/977 1825/174/1824 1826/175/1825 1827/176/1826
f 978/177/978 982/178/982 981/179/981 980/180/980
f 979/181/979 983/182/983 981/179/981 982/178/982
f 984/183/984 1828/184/1827 1829/185/1828 1830/186/1829
f 985/187/985 989/188/989 988/189/988 987/190/987
f 986/191/986 990/192/990 988/189/988 989/188/989
f 991/193/991 1831/194/1830 1832/195/1831 1833/196/1832
f 992/197/992 996/198/996 995/199/995 994/200/994
f 993/201/993 997/202/997 995/199/995 996/198/996
f 998/203/998 1834/204/1833 1835/205/1834 1836/206/1835
f 999/207/999 1003/208/1003 1002/209/1002 1001/210/1001
f 1000/211/1000 1004/212/1004 1002/209/1002 1003/208/1003
f 1005/213/1005 1837/214/1836 1838/215/1837 1839/216/1838
f 1006/217/1006 1010/218/1010 1009/219/1009 1008/220/1008
f 1007/221/1007 1011/222/1011 1009/223/1009 1010/224/1010
f 1012/225/1012 1840/226/1839 1841/227/1840 1842/228/1841
f 1013/229/1013 1017/230/1017 1016/231/1016 1015/232/1015
f 1014/233/1014 1018/234/1018 1016/235/1016 1017/236/1017
f 1019/237/1019 1843/238/1842 1844/239/1843 1845/240/1844
f 1020/241/1020 1024/242/1024 1023/243/1023 1022/244/1022
f 1021/245/1021 1025/246/1025 1023/243/1023 1024/242/1024
f 1026/247/1026 1846/248/1845 1847/249/1846 1848/250/1847
f 1027/251/1027 1031/252/1031 1030/253/1030 1029/254/1029
f 1028/255/1028 1032/256/1032 1030/253/1030 1031/252/1031
f 1609/257/1608 1849/258/1848 1850/259/1849 1851/260/1850
f 1610/261/1609 1614/262/1613 1613/263/1612 1612/264/1611
f 1611/265/1610 1615/266/1614 1613/263/1612 1614/262/1613
f 1616/267/1615 1852/268/1851 1853/269/1852 1854/270/1853
f 1617/271/1616 1621/272/1620 1620/273/1619 1619/274/1618
f 1618/275/1617 1622/276/1621 1620/273/1619 1621/272/1620
f 1623/277/1622 1855/278/1854 1856/279/1855 1857/280/1856
f 1624/281/1623 1628/282/1627 1627/283/1626 1626/284/1625
f 1625/285/1624 1629/286/1628 1627/283/1626 1628/282/1627
f 1630/287/1629 1858/288/1857 1859/289/1858 1860/290/1859
f 1631/291/1630 1635/292/1634 1634/293/1633 1633/294/1632
f 1632/295/1631 1636/296/1635 1634/293/1633 1635/292/1634
f 1637/297/1636 1861/298/1860 1862/299/1861 1863/300/1862
f 1638/301/1637 1642/302/1641 1641/303/1640 1640/304/1639
f 1639/305/1638 1643/306/1642 1641/307/1640 1642/308/1641
f 1644/309/1643 1864/310/1863 1865/311/1864 1866/312/1865
f 1645/313/1644 1649/314/1648 1648/315/1647 1647/316/1646
f 1646/317/1645 1650/318/1649 1648/319/1647 1649/320/1648
f 1651/321/1650 1867/322/1866 1868/323/1867 1869/324/1868
f 1652/325/1651 1656/326/1655 1655/327/1654 1654/328/1653
f 1653/329/1652 1657/330/1656 1655/327/1654 1656/326/1655
f 1658/331/1657 1870/332/1869 1871/333/1870 1872/334/1871
f 1659/335/1658 1663/336/1662 1662/337/1661 1661/338/1660
f 1660/339/1659 1664/340/1663 1662/337/1661 1663/336/1662
f 1665/341/1664 1873/342/1872 1874/343/1873 1875/344/1874
f 1666/345/1665 1670/346/1669 1669/347/1668 1668/348/1667
f 1667/349/1666 1671/350/1670 1669/347/1668 1670/346/1669
f 1672/351/1671 1876/352/1875 1877/353/1876 1878/354/1877
f 1673/355/1672 1677/356/1676 1676/357/1675 1675/358/1674
f 1674/359/1673 1678/360/1677 1676/357/1675 1677/356/1676
f 1679/361/1678 1879/362/1878 1880/363/1879 1881/364/1880
f 1680/365/1679 1684/366/1683 1683/367/1682 1682/368/1681
f 1681/369/1680 1685/370/1684 1683/371/1682 1684/372/1683
f 1686/373/1685 1882/374/1881 1883/375/1882 1884/376/1883
f 1687/377/1686 1691/378/1690 1690/379/1689 1689/380/1688
f 1688/381/1687 1692/382/1691 1690/383/1689 1691/384/1690
f 1693/385/1692 1885/386/1884 1886/387/1885 1887/388/1886
f 1694/389/1693 1698/390/1697 1697/391/1696 1696/392/1695
f 1695/393/1694 1699/394/1698 1697/391/1696 1698/390/1697
f 1700/395/1699 1888/396/1887 1889/397/1888 1890/398/1889
f 1701/399/1700 1705/400/1704 1704/401/1703 1703/402/1702
f 1702/403/1701 1706/404/1705 1704/401/1703 1705/400/1704
f 1707/405/1706 1891/406/1890 1892/407/1891 1893/408/1892
f 1708/409/1707 1712/410/1711 1711/411/1710 1710/412/1709
f 1709/413/1708 1713/414/1712 1711/415/1710 1712/416/1711
f 1714/417/1713 1894/418/1893 1895/419/1894 1896/420/1895
f 1715/421/1714 1719/422/1718 1718/423/1717 1717/424/1716
f 1716/425/1715 1720/426/1719 1718/427/1717 1719/428/1718
f 1721/429/1720 1897/430/1896 1898/431/1897 1899/432/1898
f 1722/433/1721 1726/434/1725 1725/435/1724 1724/436/1723
f 1723/437/1722 1727/438/1726 1725/435/1724 1726/434/1725
f 1728/439/1727 1900/440/1899 1901/441/1900 1902/442/1901
f 1729/443/1728 1733/444/1732 1732/445/1731 1731/446/1730
f 1730/447/1729 1734/448/1733 1732/445/1731 1733/444/1732
f 1735/449/1734 1903/450/1902 1904/451/1903 1905/452/1904
f 1736/453/1735 1740/454/1739 1739/455/1738 1738/456/1737
f 1737/457/1736 1741/458/1740 1739/455/1738 1740/454/1739
f 1742/459/1741 1906/460/1905 1907/461/1906 1908/462/1907
f 1743/463/1742 1747/464/1746 1746/465/1745 1745/466/1744
f 1744/467/1743 1748/468/1747 1746/465/1745 1747/464/1746
f 1749/469/1748 1909/470/1908 1910/471/1909 1911/472/1910
f 1750/473/1749 1754/474/1753 1753/475/1752 1752/476/1751
f 1751/477/1750 1755/478/1754 1753/479/1752 1754/480/1753
f 1756/481/1755 1912/482/1911 1913/483/1912 1914/484/1913
f 1757/485/1756 1761/486/1760 1760/487/1759 1759/488/1758
f 1758/489/1757 1762/490/1761 1760/491/1759 1761/492/1760
f 1763/493/1762 1915/494/1914 1916/495/1915 1917/496/1916
f 1764/497/1763 1768/498/1767 1767/499/1766 1766/500/1765
f 1765/501/1764 1769/502/1768 1767/499/1766 1768/498/1767
f 1770/503/1769 1918/504/1917 1919/505/1918 1920/506/1919
f 1771/507/1770 1775/508/1774 1774/509/1773 1773/510/1772
f 1772/511/1771 1776/512/1775 1774/509/1773 1775/508/1774
f 2/513/2 8/514/8 1921/515/1920 1922/516/1921
f 3/517/3 9/518/9 7/519/7 1/520/1
f 11/521/11 5/522/5 1923/523/1922 1924/524/1923
f 12/525/12 6/526/6 4/527/4 10/528/10
f 8/514/8 14/529/14 1925/530/1924 1921/515/1920
f 9/518/9 15/531/15 13/532/13 7/519/7
f 17/533/17 11/521/11 1924/524/1923 1926/534/1925
f 18/535/18 12/525/12 10/528/10 16/536/16
f 14/529/14 20/537/20 1927/538/1926 1925/530/1924
f 15/531/15 21/539/21 19/540/19 13/532/13
f 23/541/23 17/533/17 1926/534/1925 1928/542/1927
f 24/543/24 18/535/18 16/536/16 22/544/22
f 20/537/20 26/545/26 1929/546/1928 1927/538/1926
f 21/539/21 27/547/27 25/548/25 19/540/19
f 29/549/29 23/541/23 1928/542/1927 1930/550/1929
f 30/551/30 24/543/24 22/544/22 28/552/28
f 26/545/26 32/553/32 1931/554/1930 1929/546/1928
f 27/547/27 33/555/33 31/556/31 25/548/25
f 35/557/35 29/549/29 1930/550/1929 1932/558/1931
f 36/559/36 30/551/30 28/552/28 34/560/34
f 32/561/32 38/562/38 1933/563/1932 1931/564/1930
f 33/555/33 39/565/39 37/566/37 31/556/31
f 41/567/41 35/568/35 1932/569/1931 1934/570/1933
f 42/571/42 36/559/36 34/560/34 40/572/40
f 38/562/38 44/573/44 1935/574/1934 1933/563/1932
f 39/565/39 45/575/45 43/576/43 37/566/37
f 47/577/47 41/567/41 1934/570/1933 1936/578/1935
f 48/579/48 42/571/42 40/572/40 46/580/46
f 44/573/44 50/581/50 1937/582/1936 1935/574/1934
f 45/575/45 51/583/51 49/584/49 43/576/43
f 53/585/53 47/577/47 1936/578/1935 1938/586/1937
f 54/587/54 48/579/48 46/580/46 52/588/52
f 50/581/50 56/589/56 1939/590/1938 1937/582/1936
f 51/583/51 57/591/57 55/592/55 49/584/49
f 59/593/59 53/585/53 1938/586/1937 1940/594/1939
f 60/595/60 54/587/54 52/588/52 58/596/58
f 56/589/56 62/597/62 1941/598/1940 1939/590/1938
f 57/591/57 63/599/63 61/600/61 55/592/55
f 65/601/65 59/593/59 1940/594/1939 1942/602/1941
f 66/603/66 60/595/60 58/596/58 64/604/64
f 62/597/62 68/605/68 1943/606/1942 1941/598/1940
f 63/599/63 69/607/69 67/608/67 61/600/61
f 71/609/71 65/601/65 1942/602/1941 1944/610/1943
f 72/611/72 66/603/66 64/604/64 70/612/70
f 68/605/68 74/613/74 1945/614/1944 1943/606/1942
f 69/607/69 75/615/75 73/616/73 67/608/67
f 77/617/77 71/609/71 1944/610/1943 1946/618/1945
f 78/619/78 72/611/72 70/612/70 76/620/76
f 74/613/74 80/621/80 1947/622/1946 1945/614/1944
f 75/615/75 81/623/81 79/624/79 73/616/73
f 83/625/83 77/617/77 1946/618/1945 1948/626/1947
f 84/627/84 78/619/78 76/620/76 82/628/82
f 80/621/80 86/629/86 1949/630/1948 1947/622/1946
f 81/623/81 87/631/87 85/632/85 79/624/79
f 89/633/89 83/625/83 1948/626/1947 1950/634/1949
f 90/635/90 84/627/84 82/628/82 88/636/88
f 86/629/86 92/637/92 1951/638/1950 1949/630/1948
f 87/631/87 93/639/93 91/640/91 85/632/85
f 95/641/95 89/633/89 1950/634/1949 1952/642/1951
f 96/643/96 90/635/90 88/636/88 94/644/94
f 92/637/92 98/645/98 1953/646/1952 1951/638/1950
f 93/639/93 99/647/99 97/648/97 91/640/91
f 101/649/101 95/641/95 1952/642/1951 1954/650/1953
f 102/651/102 96/643/96 94/644/94 100/652/100
f 98/645/98 104/653/104 1955/654/1954 1953/646/1952
f 99/647/99 105/655/105 103/656/103 97/648/97
f 107/657/107 101/649/101 1954/650/1953 1956/658/1955
f 108/659/108 102/651/102 100/652/100 106/660/106
f 104/653/104 110/661/110 1957/662/1956 1955/654/1954
f 105/655/105 111/663/111 109/664/109 103/656/103
f 113/665/113 107/657/107 1956/658/1955 1958/666/1957
f 114/667/114 108/659/108 106/660/106 112/668/112
f 110/669/110 116/670/116 1959/671/1958 1957/672/1956
f 111/663/111 117/673/117 115/674/115 109/664/109
f 119/675/119 113/676/113 1958/677/1957 1960/678/1959
f 120/679/120 114/667/114 112/668/112 118/680/118
f 116/670/116 122/681/122 1961/682/1960 1959/671/1958
f 117/673/117 123/683/123 121/684/121 115/674/115
f 125/685/125 119/675/119 1960/678/1959 1962/686/1961
f 126/687/126 120/679/120 118/680/118 124/688/124
f 122/681/122 128/689/128 1963/690/1962 1961/682/1960
f 123/683/123 129/691/129 127/692/127 121/684/121
f 131/693/131 125/685/125 1962/686/1961 1964/694/1963
f 132/695/132 126/687/126 124/688/124 130/696/130
f 128/689/128 134/697/134 1965/698/1964 1963/690/1962
f 129/691/129 135/699/135 133/700/133 127/692/127
f 137/701/137 131/693/131 1964/694/1963 1966/702/1965
f 138/703/138 132/695/132 130/696/130 136/704/136
f 134/697/134 140/705/140 1967/706/1966 1965/698/1964
f 135/699/135 141/707/141 139/708/139 133/700/133
f 143/709/143 137/701/137 1966/702/1965 1968/710/1967
f 144/711/144 138/703/138 136/704/136 142/712/142
f 140/705/140 146/713/146 1969/714/1968 1967/706/1966
f 141/707/141 147/715/147 145/716/145 139/708/139
f 149/717/149 143/709/143 1968/710/1967 1970/718/1969
f 150/719/150 144/711/144 142/712/142 148/720/148
f 146/713/146 152/721/152 1971/722/1970 1969/714/1968
f 147/715/147 153/723/153 151/724/151 145/716/145
f 155/725/155 149/717/149 1970/718/1969 1972/726/1971
f 156/727/156 150/719/150 148/720/148 154/728/154
f 152/721/152 158/729/158 1973/730/1972 1971/722/1970
f 153/723/153 159/731/159 157/732/157 151/724/151
f 161/733/161 155/725/155 1972/726/1971 1974/734/1973
f 162/735/162 156/727/156 154/728/154 160/736/160
f 158/729/158 164/737/164 1975/738/1974 1973/730/1972
f 159/731/159 165/739/165 163/740/163 157/732/157
f 167/741/167 161/733/161 1974/734/1973 1976/742/1975
f 168/743/168 162/735/162 160/736/160 166/744/166
f 164/737/164 170/745/170 1977/746/1976 1975/738/1974
f 165/739/165 171/747/171 169/748/169 163/740/163
f 173/749/173 167/741/167 1976/742/1975 1978/750/1977
f 174/751/174 168/743/168 166/744/166 172/752/172
f 170/745/170 176/753/176 1979/754/1978 1977/746/1976
f 171/747/171 177/755/177 175/756/175 169/748/169
f 179/757/179 173/749/173 1978/750/1977 1980/758/1979
f 180/759/180 174/751/174 172/752/172 178/760/178
f 176/761/176 182/762/182 1981/763/1980 1979/764/1978
f 177/755/177 183/765/183 181/766/181 175/756/175
f 185/767/185 179/768/179 1980/769/1979 1982/770/1981
f 186/771/186 180/759/180 178/760/178 184/772/184
f 182/762/182 188/773/188 1983/774/1982 1981/763/1980
f 183/765/183 189/775/189 187/776/187 181/766/181
f 191/777/191 185/767/185 1982/770/1981 1984/778/1983
f 192/779/192 186/771/186 184/772/184 190/780/190
f 188/773/188 194/781/194 1985/782/1984 1983/774/1982
f 189/775/189 195/783/195 193/784/193 187/776/187
f 197/785/197 191/777/191 1984/778/1983 1986/786/1985
f 198/787/198 192/779/192 190/780/190 196/788/196
f 194/781/194 200/789/200 1987/790/1986 1985/782/1984
f 195/783/195 201/791/201 199/792/199 193/784/193
f 203/793/203 197/785/197 1986/786/1985 1988/794/1987
f 204/795/204 198/787/198 196/788/196 202/796/202
f 200/789/200 206/797/206 1989/798/1988 1987/790/1986
f 201/791/201 207/799/207 205/800/205 199/792/199
f 209/801/209 203/793/203 1988/794/1987 1990/802/1989
f 210/803/210 204/795/204 202/796/202 208/804/208
f 206/797/206 212/805/212 1991/806/1990 1989/798/1988
f 207/799/207 213/807/213 211/808/211 205/800/205
f 215/809/215 209/801/209 1990/802/1989 1992/810/1991
f 216/811/216 210/803/210 208/804/208 214/812/214
f 212/805/212 218/813/218 1993/814/1992 1991/806/1990
f 213/807/213 219/815/219 217/816/217 211/808/211
f 221/817/221 215/809/215 1992/810/1991 1994/818/1993
f 222/819/222 216/811/216 214/812/214 220/820/220
f 218/813/218 224/821/224 1995/822/1994 1993/814/1992
f 219/815/219 225/823/225 223/824/223 217/816/217
f 227/825/227 221/817/221 1994/818/1993 1996/826/1995
f 228/827/228 222/819/222 220/820/220 226/828/226
f 224/821/224 230/829/230 1997/830/1996 1995/822/1994
f 225/823/225 231/831/231 229/832/229 223/824/223
f 233/833/233 227/825/227 1996/826/1995 1998/834/1997
f 234/835/234 228/827/228 226/828/226 232/836/232
f 230/829/230 236/837/236 1999/838/1998 1997/830/1996
f 231/831/231 237/839/237 235/840/235 229/832/229
f 239/841/239 233/833/233 1998/834/1997 2000/842/1999
f 240/843/240 234/835/234 232/836/232 238/844/238
f 236/837/236 242/845/242 2001/846/2000 1999/838/1998
f 237/839/237 243/847/243 241/848/241 235/840/235
f 245/849/245 239/841/239 2000/842/1999 2002/850/2001
f 246/851/246 240/843/240 238/844/238 244/852/244
f 242/845/242 248/853/248 2003/854/2002 2001/846/2000
f 243/847/243 249/855/249 247/856/247 241/848/241
f 251/857/251 245/849/245 2002/850/2001 2004/858/2003
f 252/859/252 246/851/246 244/852/244 250/860/250
f 248/861/248 254/862/254 2005/863/2004 2003/864/2002
f 249/855/249 255/865/255 253/866/253 247/856/247
f 257/867/257 251/868/251 2004/869/2003 2006/870/2005
f 258/871/258 252/859/252 250/860/250 256/872/256
f 254/862/254 260/873/260 2007/874/2006 2005/863/2004
f 255/865/255 261/875/261 259/876/259 253/866/253
f 263/877/263 257/867/257 2006/870/2005 2008/878/2007
f 264/879/264 258/871/258 256/872/256 262/880/262
f 260/873/260 266/881/266 2009/882/2008 2007/874/2006
f 261/875/261 267/883/267 265/884/265 259/876/259
f 269/885/269 263/877/263 2008/878/2007 2010/886/2009
f 270/887/270 264/879/264 262/880/262 268/888/268
f 266/881/266 272/889/272 2011/890/2010 2009/882/2008
f 267/883/267 273/891/273 271/892/271 265/884/265
f 275/893/275 269/885/269 2010/886/2009 2012/894/2011
f 276/895/276 270/887/270 268/888/268 274/896/274
f 272/889/272 278/897/278 2013/898/2012 2011/890/2010
f 273/891/273 279/899/279 277/900/277 271/892/271
f 281/901/281 275/893/275 2012/894/2011 2014/902/2013
f 282/903/282 276/895/276 274/896/274 280/904/280
f 278/897/278 284/905/284 2015/906/2014 2013/898/2012
f 279/899/279 285/907/285 283/908/283 277/900/277
f 287/909/287 281/901/281 2014/902/2013 2016/910/2015
f 288/911/288 282/903/282 280/904/280 286/912/286
f 284/905/284 2/513/2 1922/516/1921 2015/906/2014
f 285/907/285 3/517/3 1/520/1 283/908/283
f 5/522/5 287/909/287 2016/910/2015 1923/523/1922
f 6/526/6 288/911/288 286/912/286 4/527/4
f 290/913/290 296/914/296 2017/915/2016 2018/916/2017
f 291/917/291 297/918/297 295/919/295 289/920/289
f 299/921/299 293/922/293 2019/923/2018 2020/924/2019
f 300/925/300 294/926/294 292/927/292 298/928/298
f 296/914/296 302/929/302 2021/930/2020 2017/915/2016
f 297/918/297 303/931/303 301/932/301 295/919/295
f 305/933/305 299/921/299 2020/924/2019 2022/934/2021
f 306/935/306 300/925/300 298/928/298 304/936/304
f 302/929/302 308/937/308 2023/938/2022 2021/930/2020
f 303/931/303 309/939/309 307/940/307 301/932/301
f 311/941/311 305/933/305 2022/934/2021 2024/942/2023
f 312/943/312 306/935/306 304/936/304 310/944/310
f 308/937/308 314/945/314 2025/946/2024 2023/938/2022
f 309/939/309 315/947/315 313/948/313 307/940/307
f 317/949/317 311/941/311 2024/942/2023 2026/950/2025
f 318/951/318 312/943/312 310/944/310 316/952/316
f 314/945/314 320/953/320 2027/954/2026 2025/946/2024
f 315/947/315 321/955/321 319/956/319 313/948/313
f 323/957/323 317/949/317 2026/950/2025 2028/958/2027
f 324/959/324 318/951/318 316/952/316 322/960/322
f 320/961/320 326/962/326 2029/963/2028 2027/964/2026
f 321/955/321 327/965/327 325/966/325 319/956/319
f 329/967/329 323/968/323 2028/969/2027 2030/970/2029
f 330/971/330 324/959/324 322/960/322 328/972/328
f 326/962/326 332/973/332 2031/974/2030 2029/963/2028
f 327/965/327 333/975/333 331/976/331 325/966/325
f 335/977/335 329/967/329 2030/970/2029 2032/978/2031
f 336/979/336 330/971/330 328/972/328 334/980/334
f 332/973/332 338/981/338 2033/982/2032 2031/974/2030
f 333/975/333 339/983/339 337/984/337 331/976/331
f 341/985/341 335/977/335 2032/978/2031 2034/986/2033
f 342/987/342 336/979/336 334/980/334 340/988/340
f 338/981/338 344/989/344 2035/990/2034 2033/982/2032
f 339/983/339 345/991/345 343/992/343 337/984/337
f 347/993/347 341/985/341 2034/986/2033 2036/994/2035
f 348/995/348 342/987/342 340/988/340 346/996/346
f 344/989/344 350/997/350 2037/998/2036 2035/990/2034
f 345/991/345 351/999/351 349/1000/349 343/992/343
f 353/1001/353 347/993/347 2036/994/2035 2038/1002/2037
f 354/1003/354 348/995/348 346/996/346 352/1004/352
f 350/997/350 356/1005/356 2039/1006/2038 2037/998/2036
f 351/999/351 357/1007/357 355/1008/355 349/1000/349
f 359/1009/359 353/1001/353 2038/1002/2037 2040/1010/2039
f 360/1011/360 354/1003/354 352/1004/352 358/1012/358
f 356/1005/356 362/1013/362 2041/1014/2040 2039/1006/2038
f 357/1007/357 363/1015/363 361/1016/361 355/1008/355
f 365/1017/365 359/1009/359 2040/1010/2039 2042/1018/2041
f 366/1019/366 360/1011/360 358/1012/358 364/1020/364
f 362/1013/362 368/1021/368 2043/1022/2042 2041/1014/2040
f 363/1015/363 369/1023/369 367/1024/367 361/1016/361
f 371/1025/371 365/1017/365 2042/1018/2041 2044/1026/2043
f 372/1027/372 366/1019/366 364/1020/364 370/1028/370
f 368/1021/368 374/1029/374 2045/1030/2044 2043/1022/2042
f 369/1023/369 375/1031/375 373/1032/373 367/1024/367
f 377/1033/377 371/1025/371 2044/1026/2043 2046/1034/2045
f 378/1035/378 372/1027/372 370/1028/370 376/1036/376
f 374/1029/374 380/1037/380 2047/1038/2046 2045/1030/2044
f 375/1031/375 381/1039/381 379/1040/379 373/1032/373
f 383/1041/383 377/1033/377 2046/1034/2045 2048/1042/2047
f 384/1043/384 378/1035/378 376/1036/376 382/1044/382
f 380/1037/380 386/1045/386 2049/1046/2048 2047/1038/2046
f 381/1039/381 387/1047/387 385/1048/385 379/1040/379
f 389/1049/389 383/1041/383 2048/1042/2047 2050/1050/2049
f 390/1051/390 384/1043/384 382/1044/382 388/1052/388
f 386/1045/386 392/1053/392 2051/1054/2050 2049/1046/2048
f 387/1047/387 393/1055/393 391/1056/391 385/1048/385
f 395/1057/395 389/1049/389 2050/1050/2049 2052/1058/2051
f 396/1059/396 390/1051/390 388/1052/388 394/1060/394
f 392/1053/392 398/1061/398 2053/1062/2052 2051/1054/2050
f 393/1055/393 399/1063/399 397/1064/397 391/1056/391
f 401/1065/401 395/1057/395 2052/1058/2051 2054/1066/2053
f 402/1067/402 396/1059/396 394/1060/394 400/1068/400
f 398/1069/398 404/1070/404 2055/1071/2054 2053/1072/2052
f 399/1063/399 405/1073/405 403/1074/403 397/1064/397
f 407/1075/407 401/1076/401 2054/1077/2053 2056/1078/2055
f 408/1079/408 402/1067/402 400/1068/400 406/1080/406
f 404/1070/404 410/1081/410 2057/1082/2056 2055/1071/2054
f 405/1073/405 411/1083/411 409/1084/409 403/1074/403
f 413/1085/413 407/1075/407 2056/1078/2055 2058/1086/2057
f 414/1087/414 408/1079/408 406/1080/406 412/1088/412
f 410/1081/410 416/1089/416 2059/1090/2058 2057/1082/2056
f 411/1083/411 417/1091/417 415/1092/415 409/1084/409
f 419/1093/419 413/1085/413 2058/1086/2057 2060/1094/2059
f 420/1095/420 414/1087/414 412/1088/412 418/1096/418
f 416/1089/416 422/1097/422 2061/1098/2060 2059/1090/2058
f 417/1091/417 423/1099/423 421/1100/421 415/1092/415
f 425/1101/425 419/1093/419 2060/1094/2059 2062/1102/2061
f 426/1103/426 420/1095/420 418/1096/418 424/1104/424
f 422/1097/422 428/1105/428 2063/1106/2062 2061/1098/2060
f 423/1099/423 429/1107/429 427/1108/427 421/1100/421
f 431/1109/431 425/1101/425 2062/1102/2061 2064/1110/2063
f 432/1111/432 426/1103/426 424/1104/424 430/1112/430
f 428/1105/428 434/1113/434 2065/1114/2064 2063/1106/2062
f 429/1107/429 435/1115/435 433/1116/433 427/1108/427
f 437/1117/437 431/1109/431 2064/1110/2063 2066/1118/2065
f 438/1119/438 432/1111/432 430/1112/430 436/1120/436
f 434/1113/434 440/1121/440 2067/1122/2066 2065/1114/2064
f 435/1115/435 441/1123/441 439/1124/439 433/1116/433
f 443/1125/443 437/1117/437 2066/1118/2065 2068/1126/2067
f 444/1127/444 438/1119/438 436/1120/436 442/1128/442
f 440/1121/440 446/1129/446 2069/1130/2068 2067/1122/2066
f 441/1123/441 447/1131/447 445/1132/445 439/1124/439
f 449/1133/449 443/1125/443 2068/1126/2067 2070/1134/2069
f 450/1135/450 444/1127/444 442/1128/442 448/1136/448
f 446/1129/446 452/1137/452 2071/1138/2070 2069/1130/2068
f 447/1131/447 453/1139/453 451/1140/451 445/1132/445
f 455/1141/455 449/1133/449 2070/1134/2069 2072/1142/2071
f 456/1143/456 450/1135/450 448/1136/448 454/1144/454
f 452/1137/452 458/1145/458 2073/1146/2072 2071/1138/2070
f 453/1139/453 459/1147/459 457/1148/457 451/1140/451
f 461/1149/461 455/1141/455 2072/1142/2071 2074/1150/2073
f 462/1151/462 456/1143/456 454/1144/454 460/1152/460
f 458/1145/458 464/1153/464 2075/1154/2074 2073/1146/2072
f 459/1147/459 465/1155/465 463/1156/463 457/1148/457
f 467/1157/467 461/1149/461 2074/1150/2073 2076/1158/2075
f 468/1159/468 462/1151/462 460/1152/460 466/1160/466
f 464/1161/464 470/1162/470 2077/1163/2076 2075/1164/2074
f 465/1155/465 471/1165/471 469/1166/469 463/1156/463
f 473/1167/473 467/1168/467 2076/1169/2075 2078/1170/2077
f 474/1171/474 468/1159/468 466/1160/466 472/1172/472
f 470/1162/470 476/1173/476 2079/1174/2078 2077/1163/2076
f 471/1165/471 477/1175/477 475/1176/475 469/1166/469
f 479/1177/479 473/1167/473 2078/1170/2077 2080/1178/2079
f 480/1179/480 474/1171/474 472/1172/472 478/1180/478
f 476/1173/476 482/1181/482 2081/1182/2080 2079/1174/2078
f 477/1175/477 483/1183/483 481/1184/481 475/1176/475
f 485/1185/485 479/1177/479 2080/1178/2079 2082/1186/2081
f 486/1187/486 480/1179/480 478/1180/478 484/1188/484
f 482/1181/482 488/1189/488 2083/1190/2082 2081/1182/2080
f 483/1183/483 489/1191/489 487/1192/487 481/1184/481
f 491/1193/491 485/1185/485 2082/1186/2081 2084/1194/2083
f 492/1195/492 486/1187/486 484/1188/484 490/1196/490
f 488/1189/488 494/1197/494 2085/1198/2084 2083/1190/2082
f 489/1191/489 495/1199/495 493/1200/493 487/1192/487
f 497/1201/497 491/1193/491 2084/1194/2083 2086/1202/2085
f 498/1203/498 492/1195/492 490/1196/490 496/1204/496
f 494/1197/494 500/1205/500 2087/1206/2086 2085/1198/2084
f 495/1199/495 501/1207/501 499/1208/499 493/1200/493
f 503/1209/503 497/1201/497 2086/1202/2085 2088/1210/2087
f 504/1211/504 498/1203/498 496/1204/496 502/1212/502
f 500/1205/500 506/1213/506 2089/1214/2088 2087/1206/2086
f 501/1207/501 507/1215/507 505/1216/505 499/1208/499
f 509/1217/509 503/1209/503 2088/1210/2087 2090/1218/2089
f 510/1219/510 504/1211/504 502/1212/502 508/1220/508
f 506/1213/506 512/1221/512 2091/1222/2090 2089/1214/2088
f 507/1215/507 513/1223/513 511/1224/511 505/1216/505
f 515/1225/515 509/1217/509 2090/1218/2089 2092/1226/2091
f 516/1227/516 510/1219/510 508/1220/508 514/1228/514
f 512/1221/512 518/1229/518 2093/1230/2092 2091/1222/2090
f 513/1223/513 519/1231/519 517/1232/517 511/1224/511
f 521/1233/521 515/1225/515 2092/1226/2091 2094/1234/2093
f 522/1235/522 516/1227/516 514/1228/514 520/1236/520
f 518/1229/518 524/1237/524 2095/1238/2094 2093/1230/2092
f 519/1231/519 525/1239/525 523/1240/523 517/1232/517
f 527/1241/527 521/1233/521 2094/1234/2093 2096/1242/2095
f 528/1243/528 522/1235/522 520/1236/520 526/1244/526
f 524/1237/524 530/1245/530 2097/1246/2096 2095/1238/2094
f 525/1239/525 531/1247/531 529/1248/529 523/1240/523
f 533/1249/533 527/1241/527 2096/1242/2095 2098/1250/2097
f 534/1251/534 528/1243/528 526/1244/526 532/1252/532
f 530/1245/530 536/1253/536 2099/1254/2098 2097/1246/2096
f 531/1247/531 537/1255/537 535/1256/535 529/1248/529
f 539/1257/539 533/1249/533 2098/1250/2097 2100/1258/2099
f 540/1259/540 534/1251/534 532/1252/532 538/1260/538
f 536/1261/536 542/1262/542 2101/1263/2100 2099/1264/2098
f 537/1255/537 543/1265/543 541/1266/541 535/1256/535
f 545/1267/545 539/1268/539 2100/1269/2099 2102/1270/2101
f 546/1271/546 540/1259/540 538/1260/538 544/1272/544
f 542/1262/542 548/1273/548 2103/1274/2102 2101/1263/2100
f 543/1265/543 549/1275/549 547/1276/547 541/1266/541
f 551/1277/551 545/1267/545 2102/1270/2101 2104/1278/2103
f 552/1279/552 546/1271/546 544/1272/544 550/1280/550
f 548/1273/548 554/1281/554 2105/1282/2104 2103/1274/2102
f 549/1275/549 555/1283/555 553/1284/553 547/1276/547
f 557/1285/557 551/1277/551 2104/1278/2103 2106/1286/2105
f 558/1287/558 552/1279/552 550/1280/550 556/1288/556
f 554/1281/554 560/1289/560 2107/1290/2106 2105/1282/2104
f 555/1283/555 561/1291/561 559/1292/559 553/1284/553
f 563/1293/563 557/1285/557 2106/1286/2105 2108/1294/2107
f 564/1295/564 558/1287/558 556/1288/556 562/1296/562
f 560/1289/560 566/1297/566 2109/1298/2108 2107/1290/2106
f 561/1291/561 567/1299/567 565/1300/565 559/1292/559
f 569/1301/569 563/1293/563 2108/1294/2107 2110/1302/2109
f 570/1303/570 564/1295/564 562/1296/562 568/1304/568
f 566/1297/566 572/1305/572 2111/1306/2110 2109/1298/2108
f 567/1299/567 573/1307/573 571/1308/571 565/1300/565
f 575/1309/575 569/1301/569 2110/1302/2109 2112/1310/2111
f 576/1311/576 570/1303/570 568/1304/568 574/1312/574
f 572/1305/572 290/913/290 2018/916/2017 2111/1306/2110
f 573/1307/573 291/917/291 289/920/289 571/1308/571
f 293/922/293 575/1309/575 2112/1310/2111 2019/923/2018
f 294/926/294 576/1311/576 574/1312/574 292/927/292
f 578/1313/578 584/1314/584 2113/1315/2112 2114/1316/2113
f 579/1317/579 585/1318/585 583/1319/583 577/1320/577
f 587/1321/587 581/1322/581 2115/1323/2114 2116/1324/2115
f 588/1325/588 582/1326/582 580/1327/580 586/1328/586
f 584/1314/584 590/1329/590 2117/1330/2116 2113/1315/2112
f 585/1318/585 591/1331/591 589/1332/589 583/1319/583
f 593/1333/593 587/1321/587 2116/1324/2115 2118/1334/2117
f 594/1335/594 588/1325/588 586/1328/586 592/1336/592
f 590/1329/590 596/1337/596 2119/1338/2118 2117/1330/2116
f 591/1331/591 597/1339/597 595/1340/595 589/1332/589
f 599/1341/599 593/1333/593 2118/1334/2117 2120/1342/2119
f 600/1343/600 594/1335/594 592/1336/592 598/1344/598
f 596/1337/596 602/1345/602 2121/1346/2120 2119/1338/2118
f 597/1339/597 603/1347/603 601/1348/601 595/1340/595
f 605/1349/605 599/1341/599 2120/1342/2119 2122/1350/2121
f 606/1351/606 600/1343/600 598/1344/598 604/1352/604
f 602/1345/602 608/1353/608 2123/1354/2122 2121/1346/2120
f 603/1347/603 609/1355/609 607/1356/607 601/1348/601
f 611/1357/611 605/1349/605 2122/1350/2121 2124/1358/2123
f 612/1359/612 606/1351/606 604/1352/604 610/1360/610
f 608/1353/608 614/1361/614 2125/1362/2124 2123/1354/2122
f 609/1355/609 615/1363/615 613/1364/613 607/1356/607
f 617/1365/617 611/1357/611 2124/1358/2123 2126/1366/2125
f 618/1367/618 612/1359/612 610/1360/610 616/1368/616
f 614/1369/614 620/1370/620 2127/1371/2126 2125/1372/2124
f 615/1363/615 621/1373/621 619/1374/619 613/1364/613
f 623/1375/623 617/1376/617 2126/1377/2125 2128/1378/2127
f 624/1379/624 618/1367/618 616/1368/616 622/1380/622
f 620/1370/620 626/1381/626 2129/1382/2128 2127/1371/2126
f 621/1373/621 627/1383/627 625/1384/625 619/1374/619
f 629/1385/629 623/1375/623 2128/1378/2127 2130/1386/2129
f 630/1387/630 624/1379/624 622/1380/622 628/1388/628
f 626/1381/626 632/1389/632 2131/1390/2130 2129/1382/2128
f 627/1383/627 633/1391/633 631/1392/631 625/1384/625
f 635/1393/635 629/1385/629 2130/1386/2129 2132/1394/2131
f 636/1395/636 630/1387/630 628/1388/628 634/1396/634
f 632/1389/632 638/1397/638 2133/1398/2132 2131/1390/2130
f 633/1391/633 639/1399/639 637/1400/637 631/1392/631
f 641/1401/641 635/1393/635 2132/1394/2131 2134/1402/2133
f 642/1403/642 636/1395/636 634/1396/634 640/1404/640
f 638/1397/638 644/1405/644 2135/1406/2134 2133/1398/2132
f 639/1399/639 645/1407/645 643/1408/643 637/1400/637
f 647/1409/647 641/1401/641 2134/1402/2133 2136/1410/2135
f 648/1411/648 642/1403/642 640/1404/640 646/1412/646
f 644/1405/644 650/1413/650 2137/1414/2136 2135/1406/2134
f 645/1407/645 651/1415/651 649/1416/649 643/1408/643
f 653/1417/653 647/1409/647 2136/1410/2135 2138/1418/2137
f 654/1419/654 648/1411/648 646/1412/646 652/1420/652
f 650/1413/650 656/1421/656 2139/1422/2138 2137/1414/2136
f 651/1415/651 657/1423/657 655/1424/655 649/1416/649
f 659/1425/659 653/1417/653 2138/1418/2137 2140/1426/2139
f 660/1427/660 654/1419/654 652/1420/652 658/1428/658
f 656/1421/656 662/1429/662 2141/1430/2140 2139/1422/2138
f 657/1423/657 663/1431/663 661/1432/661 655/1424/655
f 665/1433/665 659/1425/659 2140/1426/2139 2142/1434/2141
f 666/1435/666 660/1427/660 658/1428/658 664/1436/664
f 662/1429/662 668/1437/668 2143/1438/2142 2141/1430/2140
f 663/1431/663 669/1439/669 667/1440/667 661/1432/661
f 671/1441/671 665/1433/665 2142/1434/2141 2144/1442/2143
f 672/1443/672 666/1435/666 664/1436/664 670/1444/670
f 668/1437/668 674/1445/674 2145/1446/2144 2143/1438/2142
f 669/1439/669 675/1447/675 673/1448/673 667/1440/667
f 677/1449/677 671/1441/671 2144/1442/2143 2146/1450/2145
f 678/1451/678 672/1443/672 670/1444/670 676/1452/676
f 674/1445/674 680/1453/680 2147/1454/2146 2145/1446/2144
f 675/1447/675 681/1455/681 679/1456/679 673/1448/673
f 683/1457/683 677/1449/677 2146/1450/2145 2148/1458/2147
f 684/1459/684 678/1451/678 676/1452/676 682/1460/682
f 680/1453/680 686/1461/686 2149/1462/2148 2147/1454/2146
f 681/1455/681 687/1463/687 685/1464/685 679/1456/679
f 689/1465/689 683/1457/683 2148/1458/2147 2150/1466/2149
f 690/1467/690 684/1459/684 682/1460/682 688/1468/688
f 686/1469/686 692/1470/692 2151/1471/2150 2149/1472/2148
f 687/1463/687 693/1473/693 691/1474/691 685/1464/685
f 695/1475/695 689/1476/689 2150/1477/2149 2152/1478/2151
f 696/1479/696 690/1467/690 688/1468/688 694/1480/694
f 692/1470/692 698/1481/698 2153/1482/2152 2151/1471/2150
f 693/1473/693 699/1483/699 697/1484/697 691/1474/691
f 701/1485/701 695/1475/695 2152/1478/2151 2154/1486/2153
f 702/1487/702 696/1479/696 694/1480/694 700/1488/700
f 698/1481/698 704/1489/704 2155/1490/2154 2153/1482/2152
f 699/1483/699 705/1491/705 703/1492/703 697/1484/697
f 707/1493/707 701/1485/701 2154/1486/2153 2156/1494/2155
f 708/1495/708 702/1487/702 700/1488/700 706/1496/706
f 704/1489/704 710/1497/710 2157/1498/2156 2155/1490/2154
f 705/1491/705 711/1499/711 709/1500/709 703/1492/703
f 713/1501/713 707/1493/707 2156/1494/2155 2158/1502/2157
f 714/1503/714 708/1495/708 706/1496/706 712/1504/712
f 710/1497/710 716/1505/716 2159/1506/2158 2157/1498/2156
f 711/1499/711 717/1507/717 715/1508/715 709/1500/709
f 719/1509/719 713/1501/713 2158/1502/2157 2160/1510/2159
f 720/1511/720 714/1503/714 712/1504/712 718/1512/718
f 716/1505/716 722/1513/722 2161/1514/2160 2159/1506/2158
f 717/1507/717 723/1515/723 721/1516/721 715/1508/715
f 725/1517/725 719/1509/719 2160/1510/2159 2162/1518/2161
f 726/1519/726 720/1511/720 718/1512/718 724/1520/724
f 722/1513/722 728/1521/728 2163/1522/2162 2161/1514/2160
f 723/1515/723 729/1523/729 727/1524/727 721/1516/721
f 731/1525/731 725/1517/725 2162/1518/2161 2164/1526/2163
f 732/1527/732 726/1519/726 724/1520/724 730/1528/730
f 728/1521/728 734/1529/734 2165/1530/2164 2163/1522/2162
f 729/1523/729 735/1531/735 733/1532/733 727/1524/727
f 737/1533/737 731/1525/731 2164/1526/2163 2166/1534/2165
f 738/1535/738 732/1527/732 730/1528/730 736/1536/736
f 734/1529/734 740/1537/740 2167/1538/2166 2165/1530/2164
f 735/1531/735 741/1539/741 739/1540/739 733/1532/733
f 743/1541/743 737/1533/737 2166/1534/2165 2168/1542/2167
f 744/1543/744 738/1535/738 736/1536/736 742/1544/742
f 740/1537/740 746/1545/746 2169/1546/2168 2167/1538/2166
f 741/1539/741 747/1547/747 745/1548/745 739/1540/739
f 749/1549/749 743/1541/743 2168/1542/2167 2170/1550/2169
f 750/1551/750 744/1543/744 742/1544/742 748/1552/748
f 746/1545/746 752/1553/752 2171/1554/2170 2169/1546/2168
f 747/1547/747 753/1555/753 751/1556/751 745/1548/745
f 755/1557/755 749/1549/749 2170/1550/2169 2172/1558/2171
f 756/1559/756 750/1551/750 748/1552/748 754/1560/754
f 752/1553/752 758/1561/758 2173/1562/2172 2171/1554/2170
f 753/1555/753 759/1563/759 757/1564/757 751/1556/751
f 761/1565/761 755/1557/755 2172/1558/2171 2174/1566/2173
f 762/1567/762 756/1559/756 754/1560/754 760/1568/760
f 758/1569/758 764/1570/764 2175/1571/2174 2173/1572/2172
f 759/1563/759 765/1573/765 763/1574/763 757/1564/757
f 767/1575/767 761/1576/761 2174/1577/2173 2176/1578/2175
f 768/1579/768 762/1567/762 760/1568/760 766/1580/766
f 764/1570/764 770/1581/770 2177/1582/2176 2175/1571/2174
f 765/1573/765 771/1583/771 769/1584/769 763/1574/763
f 773/1585/773 767/1575/767 2176/1578/2175 2178/1586/2177
f 774/1587/774 768/1579/768 766/1580/766 772/1588/772
f 770/1581/770 776/1589/776 2179/1590/2178 2177/1582/2176
f 771/1583/771 777/1591/777 775/1592/775 769/1584/769
f 779/1593/779 773/1585/773 2178/1586/2177 2180/1594/2179
f 780/1595/780 774/1587/774 772/1588/772 778/1596/778
f 776/1589/776 782/1597/782 2181/1598/2180 2179/1590/2178
f 777/1591/777 783/1599/783 781/1600/781 775/1592/775
f 785/1601/785 779/1593/779 2180/1594/2179 2182/1602/2181
f 786/1603/786 780/1595/780 778/1596/778 784/1604/784
f 782/1597/782 788/1605/788 2183/1606/2182 2181/1598/2180
f 783/1599/783 789/1607/789 787/1608/787 781/1600/781
f 791/1609/791 785/1601/785 2182/1602/2181 2184/1610/2183
f 792/1611/792 786/1603/786 784/1604/784 790/1612/790
f 788/1605/788 794/1613/794 2185/1614/2184 2183/1606/2182
f 789/1607/789 795/1615/795 793/1616/793 787/1608/787
f 797/1617/797 791/1609/791 2184/1610/2183 2186/1618/2185
f 798/1619/798 792/1611/792 790/1612/790 796/1620/796
f 794/1613/794 800/1621/800 2187/1622/2186 2185/1614/2184
f 795/1615/795 801/1623/801 799/1624/799 793/1616/793
f 803/1625/803 797/1617/797 2186/1618/2185 2188/1626/2187
f 804/1627/804 798/1619/798 796/1620/796 802/1628/802
f 800/1621/800 806/1629/806 2189/1630/2188 2187/1622/2186
f 801/1623/801 807/1631/807 805/1632/805 799/1624/799
f 809/1633/809 803/1625/803 2188/1626/2187 2190/1634/2189
f 810/1635/810 804/1627/804 802/1628/802 808/1636/808
f 806/1629/806 812/1637/812 2191/1638/2190 2189/1630/2188
f 807/1631/807 813/1639/813 811/1640/811 805/1632/805
f 815/1641/815 809/1633/809 2190/1634/2189 2192/1642/2191
f 816/1643/816 810/1635/810 808/1636/808 814/1644/814
f 812/1637/812 818/1645/818 2193/1646/2192 2191/1638/2190
f 813/1639/813 819/1647/819 817/1648/817 811/1640/811
f 821/1649/821 815/1641/815 2192/1642/2191 2194/1650/2193
f 822/1651/822 816/1643/816 814/1644/814 820/1652/820
f 818/1645/818 824/1653/824 2195/1654/2194 2193/1646/2192
f 819/1647/819 825/1655/825 823/1656/823 817/1648/817
f 827/1657/827 821/1649/821 2194/1650/2193 2196/1658/2195
f 828/1659/828 822/1651/822 820/1652/820 826/1660/826
f 824/1653/824 830/1661/830 2197/1662/2196 2195/1654/2194
f 825/1655/825 831/1663/831 829/1664/829 823/1656/823
f 833/1665/833 827/1657/827 2196/1658/2195 2198/1666/2197
f 834/1667/834 828/1659/828 826/1660/826 832/1668/832
f 830/1669/830 836/1670/836 2199/1671/2198 2197/1672/2196
f 831/1663/831 837/1673/837 835/1674/835 829/1664/829
f 839/1675/839 833/1676/833 2198/1677/2197 2200/1678/2199
f 840/1679/840 834/1667/834 832/1668/832 838/1680/838
f 836/1670/836 842/1681/842 2201/1682/2200 2199/1671/2198
f 837/1673/837 843/1683/843 841/1684/841 835/1674/835
f 845/1685/845 839/1675/839 2200/1678/2199 2202/1686/2201
f 846/1687/846 840/1679/840 838/1680/838 844/1688/844
f 842/1681/842 848/1689/848 2203/1690/2202 2201/1682/2200
f 843/1683/843 849/1691/849 847/1692/847 841/1684/841
f 851/1693/851 845/1685/845 2202/1686/2201 2204/1694/2203
f 852/1695/852 846/1687/846 844/1688/844 850/1696/850
f 848/1689/848 854/1697/854 2205/1698/2204 2203/1690/2202
f 849/1691/849 855/1699/855 853/1700/853 847/1692/847
f 857/1701/857 851/1693/851 2204/1694/2203 2206/1702/2205
f 858/1703/858 852/1695/852 850/1696/850 856/1704/856
f 854/1697/854 860/1705/860 2207/1706/2206 2205/1698/2204
f 855/1699/855 861/1707/861 859/1708/859 853/1700/853
f 863/1709/863 857/1701/857 2206/1702/2205 2208/1710/2207
f 864/1711/864 858/1703/858 856/1704/856 862/1712/862
f 860/1705/860 578/1313/578 2114/1316/2113 2207/1706/2206
f 861/1707/861 579/1317/579 577/1320/577 859/1708/859
f 581/1322/581 863/1709/863 2208/1710/2207 2115/1323/2114
f 582/1326/582 864/1711/864 862/1712/862 580/1327/580
f 867/9/867 880/25/880 882/28/882 871/10/871
f 1779/4/1778 1783/22/1782 879/21/879 865/1/865
f 888/41/888 873/15/873 875/18/875 892/42/892
f 1788/36/1787 1780/12/1779 872/11/872 886/33/886
f 866/5/866 874/19/874 877/16/877 870/6/870
f 870/6/870 877/16/877 873/15/873 867/9/867
f 887/37/887 881/29/881 884/32/884 891/38/891
f 891/44/891 884/26/884 880/25/880 888/41/888
f 881/29/881 894/49/894 896/52/896 885/30/885
f 1785/24/1784 1789/46/1788 893/45/893 879/21/879
f 902/63/902 887/37/887 889/40/889 906/64/906
f 1794/58/1793 1786/34/1785 886/33/886 900/55/900
f 901/59/901 895/53/895 898/50/898 905/60/905
f 905/60/905 898/50/898 894/49/894 902/63/902
f 895/1713/895 908/69/908 910/72/910 899/1714/899
f 1791/48/1790 1795/66/1794 907/65/907 893/45/893
f 916/83/916 901/1715/901 903/1716/903 920/84/920
f 1800/78/1799 1792/56/1791 900/55/900 914/75/914
f 915/79/915 909/73/909 912/70/912 919/80/919
f 919/80/919 912/70/912 908/69/908 916/83/916
f 909/73/909 922/89/922 924/92/924 913/74/913
f 1797/68/1796 1801/86/1800 921/85/921 907/65/907
f 930/105/930 915/79/915 917/82/917 934/106/934
f 1806/100/1805 1798/76/1797 914/75/914 928/97/928
f 929/101/929 923/93/923 926/96/926 933/102/933
f 933/108/933 926/90/926 922/89/922 930/105/930
f 923/93/923 936/113/936 938/116/938 927/94/927
f 1803/88/1802 1807/110/1806 935/109/935 921/85/921
f 944/127/944 929/101/929 931/104/931 948/128/948
f 1812/122/1811 1804/98/1803 928/97/928 942/119/942
f 943/123/943 937/117/937 940/114/940 947/124/947
f 947/124/947 940/114/940 936/113/936 944/127/944
f 937/1717/937 866/5/866 868/8/868 941/1718/941
f 1809/112/1808 1777/2/1776 865/1/865 935/109/935
f 874/19/874 943/1719/943 945/1720/945 878/20/878
f 1782/14/1781 1810/120/1809 942/119/942 872/11/872
f 951/137/951 964/153/964 966/156/966 955/138/955
f 1815/132/1814 1819/150/1818 963/149/963 949/129/949
f 972/169/972 957/143/957 959/146/959 976/170/976
f 1824/164/1823 1816/140/1815 956/139/956 970/161/970
f 950/133/950 958/147/958 961/144/961 954/134/954
f 954/134/954 961/144/961 957/143/957 951/137/951
f 971/165/971 965/157/965 968/160/968 975/166/975
f 975/172/975 968/154/968 964/153/964 972/169/972
f 965/157/965 978/177/978 980/180/980 969/158/969
f 1821/152/1820 1825/174/1824 977/173/977 963/149/963
f 986/191/986 971/165/971 973/168/973 990/192/990
f 1830/186/1829 1822/162/1821 970/161/970 984/183/984
f 985/187/985 979/181/979 982/178/982 989/188/989
f 989/188/989 982/178/982 978/177/978 986/191/986
f 979/1721/979 992/197/992 994/200/994 983/1722/983
f 1827/176/1826 1831/194/1830 991/193/991 977/173/977
f 1000/211/1000 985/1723/985 987/1724/987 1004/212/1004
f 1836/206/1835 1828/184/1827 984/183/984 998/203/998
f 999/207/999 993/201/993 996/198/996 1003/208/1003
f 1003/208/1003 996/198/996 992/197/992 1000/211/1000
f 993/201/993 1006/217/1006 1008/220/1008 997/202/997
f 1833/196/1832 1837/214/1836 1005/213/1005 991/193/991
f 1014/233/1014 999/207/999 1001/210/1001 1018/234/1018
f 1842/228/1841 1834/204/1833 998/203/998 1012/225/1012
f 1013/229/1013 1007/221/1007 1010/224/1010 1017/230/1017
f 1017/236/1017 1010/218/1010 1006/217/1006 1014/233/1014
f 1007/221/1007 1020/241/1020 1022/244/1022 1011/222/1011
f 1839/216/1838 1843/238/1842 1019/237/1019 1005/213/1005
f 1028/255/1028 1013/229/1013 1015/232/1015 1032/256/1032
f 1848/250/1847 1840/226/1839 1012/225/1012 1026/247/1026
f 1027/251/1027 1021/245/1021 1024/242/1024 1031/252/1031
f 1031/252/1031 1024/242/1024 1020/241/1020 1028/255/1028
f 1021/245/1021 950/1725/950 952/1726/952 1025/246/1025
f 1845/240/1844 1813/130/1812 949/129/949 1019/237/1019
f 958/147/958 1027/1727/1027 1029/1728/1029 962/148/962
f 1818/142/1817 1846/248/1845 1026/247/1026 956/139/956
f 1034/1729/1034 1040/1730/1040 2209/1731/2208 2210/1732/2209
f 1035/1733/1035 1041/1734/1041 1039/1735/1039 1033/1736/1033
f 1043/1737/1043 1037/1738/1037 2211/1739/2210 2212/1740/2211
f 1044/1741/1044 1038/1742/1038 1036/1743/1036 1042/1744/1042
f 1040/1730/1040 1046/1745/1046 2213/1746/2212 2209/1731/2208
f 1041/1734/1041 1047/1747/1047 1045/1748/1045 1039/1735/1039
f 1049/1749/1049 1043/1737/1043 2212/1740/2211 2214/1750/2213
f 1050/1751/1050 1044/1741/1044 1042/1744/1042 1048/1752/1048
f 1046/1745/1046 1052/1753/1052 2215/1754/2214 2213/1746/2212
f 1047/1747/1047 1053/1755/1053 1051/1756/1051 1045/1748/1045
f 1055/1757/1055 1049/1749/1049 2214/1750/2213 2216/1758/2215
f 1056/1759/1056 1050/1751/1050 1048/1752/1048 1054/1760/1054
f 1052/1753/1052 1058/1761/1058 2217/1762/2216 2215/1754/2214
f 1053/1755/1053 1059/1763/1059 1057/1764/1057 1051/1756/1051
f 1061/1765/1061 1055/1757/1055 2216/1758/2215 2218/1766/2217
f 1062/1767/1062 1056/1759/1056 1054/1760/1054 1060/1768/1060
f 1058/1761/1058 1064/1769/1064 2219/1770/2218 2217/1762/2216
f 1059/1763/1059 1065/1771/1065 1063/1772/1063 1057/1764/1057
f 1067/1773/1067 1061/1765/1061 2218/1766/2217 2220/1774/2219
f 1068/1775/1068 1062/1767/1062 1060/1768/1060 1066/1776/1066
f 1064/1777/1064 1070/1778/1070 2221/1779/2220 2219/1780/2218
f 1065/1771/1065 1071/1781/1071 1069/1782/1069 1063/1772/1063
f 1073/1783/1073 1067/1773/1067 2220/1774/2219 2222/1784/2221
f 1074/1785/1074 1068/1775/1068 1066/1776/1066 1072/1786/1072
f 1070/1778/1070 1076/1787/1076 2223/1788/2222 2221/1779/2220
f 1071/1781/1071 1077/1789/1077 1075/1790/1075 1069/1782/1069
f 1079/1791/1079 1073/1792/1073 2222/1793/2221 2224/1794/2223
f 1080/1795/1080 1074/1785/1074 1072/1786/1072 1078/1796/1078
f 1076/1787/1076 1082/1797/1082 2225/1798/2224 2223/1788/2222
f 1077/1789/1077 1083/1799/1083 1081/1800/1081 1075/1790/1075
f 1085/1801/1085 1079/1791/1079 2224/1794/2223 2226/1802/2225
f 1086/1803/1086 1080/1795/1080 1078/1796/1078 1084/1804/1084
f 1082/1797/1082 1088/1805/1088 2227/1806/2226 2225/1798/2224
f 1083/1799/1083 1089/1807/1089 1087/1808/1087 1081/1800/1081
f 1091/1809/1091 1085/1801/1085 2226/1802/2225 2228/1810/2227
f 1092/1811/1092 1086/1803/1086 1084/1804/1084 1090/1812/1090
f 1088/1805/1088 1094/1813/1094 2229/1814/2228 2227/1806/2226
f 1089/1807/1089 1095/1815/1095 1093/1816/1093 1087/1808/1087
f 1097/1817/1097 1091/1809/1091 2228/1810/2227 2230/1818/2229
f 1098/1819/1098 1092/1811/1092 1090/1812/1090 1096/1820/1096
f 1094/1813/1094 1100/1821/1100 2231/1822/2230 2229/1814/2228
f 1095/1815/1095 1101/1823/1101 1099/1824/1099 1093/1816/1093
f 1103/1825/1103 1097/1817/1097 2230/1818/2229 2232/1826/2231
f 1104/1827/1104 1098/1819/1098 1096/1820/1096 1102/1828/1102
f 1100/1821/1100 1106/1829/1106 2233/1830/2232 2231/1822/2230
f 1101/1823/1101 1107/1831/1107 1105/1832/1105 1099/1824/1099
f 1109/1833/1109 1103/1825/1103 2232/1826/2231 2234/1834/2233
f 1110/1835/1110 1104/1827/1104 1102/1828/1102 1108/1836/1108
f 1106/1829/1106 1112/1837/1112 2235/1838/2234 2233/1830/2232
f 1107/1831/1107 1113/1839/1113 1111/1840/1111 1105/1832/1105
f 1115/1841/1115 1109/1833/1109 2234/1834/2233 2236/1842/2235
f 1116/1843/1116 1110/1835/1110 1108/1836/1108 1114/1844/1114
f 1112/1837/1112 1118/1845/1118 2237/1846/2236 2235/1838/2234
f 1113/1839/1113 1119/1847/1119 1117/1848/1117 1111/1840/1111
f 1121/1849/1121 1115/1841/1115 2236/1842/2235 2238/1850/2237
f 1122/1851/1122 1116/1843/1116 1114/1844/1114 1120/1852/1120
f 1118/1845/1118 1124/1853/1124 2239/1854/2238 2237/1846/2236
f 1119/1847/1119 1125/1855/1125 1123/1856/1123 1117/1848/1117
f 1127/1857/1127 1121/1849/1121 2238/1850/2237 2240/1858/2239
f 1128/1859/1128 1122/1851/1122 1120/1852/1120 1126/1860/1126
f 1124/1853/1124 1130/1861/1130 2241/1862/2240 2239/1854/2238
f 1125/1855/1125 1131/1863/1131 1129/1864/1129 1123/1856/1123
f 1133/1865/1133 1127/1857/1127 2240/1858/2239 2242/1866/2241
f 1134/1867/1134 1128/1859/1128 1126/1860/1126 1132/1868/1132
f 1130/1861/1130 1136/1869/1136 2243/1870/2242 2241/1862/2240
f 1131/1863/1131 1137/1871/1137 1135/1872/1135 1129/1864/1129
f 1139/1873/1139 1133/1865/1133 2242/1866/2241 2244/1874/2243
f 1140/1875/1140 1134/1867/1134 1132/1868/1132 1138/1876/1138
f 1136/1869/1136 1142/1877/1142 2245/1878/2244 2243/1870/2242
f 1137/1871/1137 1143/1879/1143 1141/1880/1141 1135/1872/1135
f 1145/1881/1145 1139/1873/1139 2244/1874/2243 2246/1882/2245
f 1146/1883/1146 1140/1875/1140 1138/1876/1138 1144/1884/1144
f 1142/1885/1142 1148/1886/1148 2247/1887/2246 2245/1888/2244
f 1143/1879/1143 1149/1889/1149 1147/1890/1147 1141/1880/1141
f 1151/1891/1151 1145/1892/1145 2246/1893/2245 2248/1894/2247
f 1152/1895/1152 1146/1883/1146 1144/1884/1144 1150/1896/1150
f 1148/1886/1148 1154/1897/1154 2249/1898/2248 2247/1887/2246
f 1149/1889/1149 1155/1899/1155 1153/1900/1153 1147/1890/1147
f 1157/1901/1157 1151/1891/1151 2248/1894/2247 2250/1902/2249
f 1158/1903/1158 1152/1895/1152 1150/1896/1150 1156/1904/1156
f 1154/1897/1154 1160/1905/1160 2251/1906/2250 2249/1898/2248
f 1155/1899/1155 1161/1907/1161 1159/1908/1159 1153/1900/1153
f 1163/1909/1163 1157/1901/1157 2250/1902/2249 2252/1910/2251
f 1164/1911/1164 1158/1903/1158 1156/1904/1156 1162/1912/1162
f 1160/1905/1160 1166/1913/1166 2253/1914/2252 2251/1906/2250
f 1161/1907/1161 1167/1915/1167 1165/1916/1165 1159/1908/1159
f 1169/1917/1169 1163/1909/1163 2252/1910/2251 2254/1918/2253
f 1170/1919/1170 1164/1911/1164 1162/1912/1162 1168/1920/1168
f 1166/1913/1166 1172/1921/1172 2255/1922/2254 2253/1914/2252
f 1167/1915/1167 1173/1923/1173 1171/1924/1171 1165/1916/1165
f 1175/1925/1175 1169/1917/1169 2254/1918/2253 2256/1926/2255
f 1176/1927/1176 1170/1919/1170 1168/1920/1168 1174/1928/1174
f 1172/1921/1172 1178/1929/1178 2257/1930/2256 2255/1922/2254
f 1173/1923/1173 1179/1931/1179 1177/1932/1177 1171/1924/1171
f 1181/1933/1181 1175/1925/1175 2256/1926/2255 2258/1934/2257
f 1182/1935/1182 1176/1927/1176 1174/1928/1174 1180/1936/1180
f 1178/1929/1178 1184/1937/1184 2259/1938/2258 2257/1930/2256
f 1179/1931/1179 1185/1939/1185 1183/1940/1183 1177/1932/1177
f 1187/1941/1187 1181/1933/1181 2258/1934/2257 2260/1942/2259
f 1188/1943/1188 1182/1935/1182 1180/1936/1180 1186/1944/1186
f 1184/1937/1184 1190/1945/1190 2261/1946/2260 2259/1938/2258
f 1185/1939/1185 1191/1947/1191 1189/1948/1189 1183/1940/1183
f 1193/1949/1193 1187/1941/1187 2260/1942/2259 2262/1950/2261
f 1194/1951/1194 1188/1943/1188 1186/1944/1186 1192/1952/1192
f 1190/1945/1190 1196/1953/1196 2263/1954/2262 2261/1946/2260
f 1191/1947/1191 1197/1955/1197 1195/1956/1195 1189/1948/1189
f 1199/1957/1199 1193/1949/1193 2262/1950/2261 2264/1958/2263
f 1200/1959/1200 1194/1951/1194 1192/1952/1192 1198/1960/1198
f 1196/1953/1196 1202/1961/1202 2265/1962/2264 2263/1954/2262
f 1197/1955/1197 1203/1963/1203 1201/1964/1201 1195/1956/1195
f 1205/1965/1205 1199/1957/1199 2264/1958/2263 2266/1966/2265
f 1206/1967/1206 1200/1959/1200 1198/1960/1198 1204/1968/1204
f 1202/1961/1202 1208/1969/1208 2267/1970/2266 2265/1962/2264
f 1203/1963/1203 1209/1971/1209 1207/1972/1207 1201/1964/1201
f 1211/1973/1211 1205/1965/1205 2266/1966/2265 2268/1974/2267
f 1212/1975/1212 1206/1967/1206 1204/1968/1204 1210/1976/1210
f 1208/1977/1208 1214/1978/1214 2269/1979/2268 2267/1980/2266
f 1209/1971/1209 1215/1981/1215 1213/1982/1213 1207/1972/1207
f 1217/1983/1217 1211/1984/1211 2268/1985/2267 2270/1986/2269
f 1218/1987/1218 1212/1975/1212 1210/1976/1210 1216/1988/1216
f 1214/1978/1214 1220/1989/1220 2271/1990/2270 2269/1979/2268
f 1215/1981/1215 1221/1991/1221 1219/1992/1219 1213/1982/1213
f 1223/1993/1223 1217/1983/1217 2270/1986/2269 2272/1994/2271
f 1224/1995/1224 1218/1987/1218 1216/1988/1216 1222/1996/1222
f 1220/1989/1220 1226/1997/1226 2273/1998/2272 2271/1990/2270
f 1221/1991/1221 1227/1999/1227 1225/2000/1225 1219/1992/1219
f 1229/2001/1229 1223/1993/1223 2272/1994/2271 2274/2002/2273
f 1230/2003/1230 1224/1995/1224 1222/1996/1222 1228/2004/1228
f 1226/1997/1226 1232/2005/1232 2275/2006/2274 2273/1998/2272
f 1227/1999/1227 1233/2007/1233 1231/2008/1231 1225/2000/1225
f 1235/2009/1235 1229/2001/1229 2274/2002/2273 2276/2010/2275
f 1236/2011/1236 1230/2003/1230 1228/2004/1228 1234/2012/1234
f 1232/2005/1232 1238/2013/1238 2277/2014/2276 2275/2006/2274
f 1233/2007/1233 1239/2015/1239 1237/2016/1237 1231/2008/1231
f 1241/2017/1241 1235/2009/1235 2276/2010/2275 2278/2018/2277
f 1242/2019/1242 1236/2011/1236 1234/2012/1234 1240/2020/1240
f 1238/2013/1238 1244/2021/1244 2279/2022/2278 2277/2014/2276
f 1239/2015/1239 1245/2023/1245 1243/2024/1243 1237/2016/1237
f 1247/2025/1247 1241/2017/1241 2278/2018/2277 2280/2026/2279
f 1248/2027/1248 1242/2019/1242 1240/2020/1240 1246/2028/1246
f 1244/2021/1244 1250/2029/1250 2281/2030/2280 2279/2022/2278
f 1245/2023/1245 1251/2031/1251 1249/2032/1249 1243/2024/1243
f 1253/2033/1253 1247/2025/1247 2280/2026/2279 2282/2034/2281
f 1254/2035/1254 1248/2027/1248 1246/2028/1246 1252/2036/1252
f 1250/2029/1250 1256/2037/1256 2283/2038/2282 2281/2030/2280
f 1251/2031/1251 1257/2039/1257 1255/2040/1255 1249/2032/1249
f 1259/2041/1259 1253/2033/1253 2282/2034/2281 2284/2042/2283
f 1260/2043/1260 1254/2035/1254 1252/2036/1252 1258/2044/1258
f 1256/2037/1256 1262/2045/230 2285/2046/2284 2283/2038/2282
f 1257/2039/1257 1263/2047/1262 1261/2048/1261 1255/2040/1255
f 1265/2049/1264 1259/2041/1259 2284/2042/2283 2286/2050/2285
f 1266/2051/1265 1260/2043/1260 1258/2044/1258 1264/2052/1263
f 1262/2045/230 1268/2053/1267 2287/2054/2286 2285/2046/2284
f 1263/2047/1262 1269/2055/1268 1267/2056/1266 1261/2048/1261
f 1271/2057/1270 1265/2049/1264 2286/2050/2285 2288/2058/1999
f 1272/2059/1271 1266/2051/1265 1264/2052/1263 1270/2060/1269
f 1268/2053/1267 1274/2061/1273 2289/2062/2287 2287/2054/2286
f 1269/2055/1268 1275/2063/1274 1273/2064/1272 1267/2056/1266
f 1277/2065/1276 1271/2057/1270 2288/2058/1999 2290/2066/2288
f 1278/2067/1277 1272/2059/1271 1270/2060/1269 1276/2068/1275
f 1274/2061/1273 1280/2069/1279 2291/2070/2289 2289/2062/2287
f 1275/2063/1274 1281/2071/1280 1279/2072/1278 1273/2064/1272
f 1283/2073/1282 1277/2065/1276 2290/2066/2288 2292/2074/2290
f 1284/2075/1283 1278/2067/1277 1276/2068/1275 1282/2076/1281
f 1280/2077/1279 1286/2078/1285 2293/2079/2291 2291/2080/2289
f 1281/2071/1280 1287/2081/1286 1285/2082/1284 1279/2072/1278
f 1289/2083/1288 1283/2084/1282 2292/2085/2290 2294/2086/2292
f 1290/2087/1289 1284/2075/1283 1282/2076/1281 1288/2088/1287
f 1286/2078/1285 1292/2089/1291 2295/2090/2293 2293/2079/2291
f 1287/2081/1286 1293/2091/1292 1291/2092/1290 1285/2082/1284
f 1295/2093/1294 1289/2083/1288 2294/2086/2292 2296/2094/2294
f 1296/2095/1295 1290/2087/1289 1288/2088/1287 1294/2096/1293
f 1292/2089/1291 1298/2097/1297 2297/2098/2295 2295/2090/2293
f 1293/2091/1292 1299/2099/1298 1297/2100/1296 1291/2092/1290
f 1301/2101/1300 1295/2093/1294 2296/2094/2294 2298/2102/2296
f 1302/2103/1301 1296/2095/1295 1294/2096/1293 1300/2104/1299
f 1298/2097/1297 1304/2105/1303 2299/2106/2297 2297/2098/2295
f 1299/2099/1298 1305/2107/1304 1303/2108/1302 1297/2100/1296
f 1307/2109/1306 1301/2101/1300 2298/2102/2296 2300/2110/2298
f 1308/2111/1307 1302/2103/1301 1300/2104/1299 1306/2112/1305
f 1304/2105/1303 1310/2113/1309 2301/2114/2299 2299/2106/2297
f 1305/2107/1304 1311/2115/1310 1309/2116/1308 1303/2108/1302
f 1313/2117/1312 1307/2109/1306 2300/2110/2298 2302/2118/2300
f 1314/2119/1313 1308/2111/1307 1306/2112/1305 1312/2120/1311
f 1310/2113/1309 1316/2121/1315 2303/2122/2301 2301/2114/2299
f 1311/2115/1310 1317/2123/1316 1315/2124/1314 1309/2116/1308
f 1319/2125/1318 1313/2117/1312 2302/2118/2300 2304/2126/2302
f 1320/2127/1319 1314/2119/1313 1312/2120/1311 1318/2128/1317
f 1316/2121/1315 1034/1729/1034 2210/1732/2209 2303/2122/2301
f 1317/2123/1316 1035/1733/1035 1033/1736/1033 1315/2124/1314
f 1037/1738/1037 1319/2125/1318 2304/2126/2302 2211/1739/2210
f 1038/1742/1038 1320/2127/1319 1318/2128/1317 1036/1743/1036
f 1322/2129/1321 1328/2130/1327 2305/2131/2303 2306/2132/2304
f 1323/2133/1322 1329/2134/1328 1327/2135/1326 1321/2136/1320
f 1331/2137/1330 1325/2138/1324 2307/2139/2305 2308/2140/2306
f 1332/2141/1331 1326/2142/1325 1324/2143/1323 1330/2144/1329
f 1328/2130/1327 1334/2145/1333 2309/2146/2307 2305/2131/2303
f 1329/2134/1328 1335/2147/1334 1333/2148/1332 1327/2135/1326
f 1337/2149/1336 1331/2137/1330 2308/2140/2306 2310/2150/2308
f 1338/2151/1337 1332/2141/1331 1330/2144/1329 1336/2152/1335
f 1334/2145/1333 1340/2153/1339 2311/2154/2309 2309/2146/2307
f 1335/2147/1334 1341/2155/1340 1339/2156/1338 1333/2148/1332
f 1343/2157/1342 1337/2149/1336 2310/2150/2308 2312/2158/2310
f 1344/2159/1343 1338/2151/1337 1336/2152/1335 1342/2160/1341
f 1340/2153/1339 1346/2161/1345 2313/2162/2311 2311/2154/2309
f 1341/2155/1340 1347/2163/1346 1345/2164/1344 1339/2156/1338
f 1349/2165/1348 1343/2157/1342 2312/2158/2310 2314/2166/2312
f 1350/2167/1349 1344/2159/1343 1342/2160/1341 1348/2168/1347
f 1346/2161/1345 1352/2169/1351 2315/2170/2313 2313/2162/2311
f 1347/2163/1346 1353/2171/1352 1351/2172/1350 1345/2164/1344
f 1355/2173/1354 1349/2165/1348 2314/2166/2312 2316/2174/2314
f 1356/2175/1355 1350/2167/1349 1348/2168/1347 1354/2176/1353
f 1352/2169/1351 1358/2177/1357 2317/2178/2315 2315/2170/2313
f 1353/2171/1352 1359/2179/1358 1357/2180/1356 1351/2172/1350
f 1361/2181/1360 1355/2173/1354 2316/2174/2314 2318/2182/2316
f 1362/2183/1361 1356/2175/1355 1354/2176/1353 1360/2184/1359
f 1358/2185/1357 1364/2186/1363 2319/2187/2317 2317/2188/2315
f 1359/2179/1358 1365/2189/1364 1363/2190/1362 1357/2180/1356
f 1367/2191/1366 1361/2192/1360 2318/2193/2316 2320/2194/2318
f 1368/2195/1367 1362/2183/1361 1360/2184/1359 1366/2196/1365
f 1364/2186/1363 1370/2197/1369 2321/2198/2319 2319/2187/2317
f 1365/2189/1364 1371/2199/1370 1369/2200/1368 1363/2190/1362
f 1373/2201/1372 1367/2191/1366 2320/2194/2318 2322/2202/2320
f 1374/2203/1373 1368/2195/1367 1366/2196/1365 1372/2204/1371
f 1370/2197/1369 1376/2205/1375 2323/2206/2321 2321/2198/2319
f 1371/2199/1370 1377/2207/1376 1375/2208/1374 1369/2200/1368
f 1379/2209/1378 1373/2201/1372 2322/2202/2320 2324/2210/2322
f 1380/2211/1379 1374/2203/1373 1372/2204/1371 1378/2212/1377
f 1376/2205/1375 1382/2213/1381 2325/2214/2323 2323/2206/2321
f 1377/2207/1376 1383/2215/1382 1381/2216/1380 1375/2208/1374
f 1385/2217/1384 1379/2209/1378 2324/2210/2322 2326/2218/2324
f 1386/2219/1385 1380/2211/1379 1378/2212/1377 1384/2220/1383
f 1382/2213/1381 1388/2221/1387 2327/2222/2325 2325/2214/2323
f 1383/2215/1382 1389/2223/1388 1387/2224/1386 1381/2216/1380
f 1391/2225/1390 1385/2217/1384 2326/2218/2324 2328/2226/2326
f 1392/2227/1391 1386/2219/1385 1384/2220/1383 1390/2228/1389
f 1388/2221/1387 1394/2229/1393 2329/2230/2327 2327/2222/2325
f 1389/2223/1388 1395/2231/1394 1393/2232/1392 1387/2224/1386
f 1397/2233/1396 1391/2225/1390 2328/2226/2326 2330/2234/2328
f 1398/2235/1397 1392/2227/1391 1390/2228/1389 1396/2236/1395
f 1394/2229/1393 1400/2237/1399 2331/2238/2329 2329/2230/2327
f 1395/2231/1394 1401/2239/1400 1399/2240/1398 1393/2232/1392
f 1403/2241/1402 1397/2233/1396 2330/2234/2328 2332/2242/2330
f 1404/2243/1403 1398/2235/1397 1396/2236/1395 1402/2244/1401
f 1400/2237/1399 1406/2245/1405 2333/2246/2331 2331/2238/2329
f 1401/2239/1400 1407/2247/1406 1405/2248/1404 1399/2240/1398
f 1409/2249/1408 1403/2241/1402 2332/2242/2330 2334/2250/2332
f 1410/2251/1409 1404/2243/1403 1402/2244/1401 1408/2252/1407
f 1406/2245/1405 1412/2253/1411 2335/2254/2333 2333/2246/2331
f 1407/2247/1406 1413/2255/1412 1411/2256/1410 1405/2248/1404
f 1415/2257/1414 1409/2249/1408 2334/2250/2332 2336/2258/2334
f 1416/2259/1415 1410/2251/1409 1408/2252/1407 1414/2260/1413
f 1412/2253/1411 1418/2261/1417 2337/2262/2335 2335/2254/2333
f 1413/2255/1412 1419/2263/1418 1417/2264/1416 1411/2256/1410
f 1421/2265/1420 1415/2257/1414 2336/2258/2334 2338/2266/2336
f 1422/2267/1421 1416/2259/1415 1414/2260/1413 1420/2268/1419
f 1418/2261/1417 1424/2269/1423 2339/2270/2337 2337/2262/2335
f 1419/2263/1418 1425/2271/1424 1423/2272/1422 1417/2264/1416
f 1427/2273/1426 1421/2265/1420 2338/2266/2336 2340/2274/2338
f 1428/2275/1427 1422/2267/1421 1420/2268/1419 1426/2276/1425
f 1424/2269/1423 1430/2277/1429 2341/2278/2339 2339/2270/2337
f 1425/2271/1424 1431/2279/1430 1429/2280/1428 1423/2272/1422
f 1433/2281/1432 1427/2273/1426 2340/2274/2338 2342/2282/2340
f 1434/2283/1433 1428/2275/1427 1426/2276/1425 1432/2284/1431
f 1430/2285/1429 1436/2286/1435 2343/2287/2341 2341/2288/2339
f 1431/2279/1430 1437/2289/1436 1435/2290/1434 1429/2280/1428
f 1439/2291/1438 1433/2292/1432 2342/2293/2340 2344/2294/2342
f 1440/2295/1439 1434/2283/1433 1432/2284/1431 1438/2296/1437
f 1436/2286/1435 1442/2297/1441 2345/2298/2343 2343/2287/2341
f 1437/2289/1436 1443/2299/1442 1441/2300/1440 1435/2290/1434
f 1445/2301/1444 1439/2291/1438 2344/2294/2342 2346/2302/2344
f 1446/2303/1445 1440/2295/1439 1438/2296/1437 1444/2304/1443
f 1442/2297/1441 1448/2305/1447 2347/2306/2345 2345/2298/2343
f 1443/2299/1442 1449/2307/1448 1447/2308/1446 1441/2300/1440
f 1451/2309/1450 1445/2301/1444 2346/2302/2344 2348/2310/2346
f 1452/2311/1451 1446/2303/1445 1444/2304/1443 1450/2312/1449
f 1448/2305/1447 1454/2313/1453 2349/2314/2347 2347/2306/2345
f 1449/2307/1448 1455/2315/1454 1453/2316/1452 1447/2308/1446
f 1457/2317/1456 1451/2309/1450 2348/2310/2346 2350/2318/2348
f 1458/2319/1457 1452/2311/1451 1450/2312/1449 1456/2320/1455
f 1454/2313/1453 1460/2321/1459 2351/2322/2349 2349/2314/2347
f 1455/2315/1454 1461/2323/1460 1459/2324/1458 1453/2316/1452
f 1463/2325/1462 1457/2317/1456 2350/2318/2348 2352/2326/2350
f 1464/2327/1463 1458/2319/1457 1456/2320/1455 1462/2328/1461
f 1460/2321/1459 1466/2329/1465 2353/2330/2351 2351/2322/2349
f 1461/2323/1460 1467/2331/1466 1465/2332/1464 1459/2324/1458
f 1469/2333/1468 1463/2325/1462 2352/2326/2350 2354/2334/2352
f 1470/2335/1469 1464/2327/1463 1462/2328/1461 1468/2336/1467
f 1466/2329/1465 1472/2337/1471 2355/2338/2353 2353/2330/2351
f 1467/2331/1466 1473/2339/1472 1471/2340/1470 1465/2332/1464
f 1475/2341/1474 1469/2333/1468 2354/2334/2352 2356/2342/2354
f 1476/2343/1475 1470/2335/1469 1468/2336/1467 1474/2344/1473
f 1472/2337/1471 1478/2345/1477 2357/2346/2355 2355/2338/2353
f 1473/2339/1472 1479/2347/1478 1477/2348/1476 1471/2340/1470
f 1481/2349/1480 1475/2341/1474 2356/2342/2354 2358/2350/2356
f 1482/2351/1481 1476/2343/1475 1474/2344/1473 1480/2352/1479
f 1478/2345/1477 1484/2353/1483 2359/2354/2357 2357/2346/2355
f 1479/2347/1478 1485/2355/1484 1483/2356/1482 1477/2348/1476
f 1487/2357/1486 1481/2349/1480 2358/2350/2356 2360/2358/2358
f 1488/2359/1487 1482/2351/1481 1480/2352/1479 1486/2360/1485
f 1484/2353/1483 1490/2361/1489 2361/2362/2359 2359/2354/2357
f 1485/2355/1484 1491/2363/1490 1489/2364/1488 1483/2356/1482
f 1493/2365/1492 1487/2357/1486 2360/2358/2358 2362/2366/2360
f 1494/2367/1493 1488/2359/1487 1486/2360/1485 1492/2368/1491
f 1490/2361/1489 1496/2369/1495 2363/2370/2361 2361/2362/2359
f 1491/2363/1490 1497/2371/1496 1495/2372/1494 1489/2364/1488
f 1499/2373/1498 1493/2365/1492 2362/2366/2360 2364/2374/2362
f 1500/2375/1499 1494/2367/1493 1492/2368/1491 1498/2376/1497
f 1496/2369/1495 1502/2377/1501 2365/2378/2363 2363/2370/2361
f 1497/2371/1496 1503/2379/1502 1501/2380/1500 1495/2372/1494
f 1505/2381/1504 1499/2373/1498 2364/2374/2362 2366/2382/2364
f 1506/2383/1505 1500/2375/1499 1498/2376/1497 1504/2384/1503
f 1502/2385/1501 1508/2386/1507 2367/2387/2365 2365/2388/2363
f 1503/2379/1502 1509/2389/1508 1507/2390/1506 1501/2380/1500
f 1511/2391/1510 1505/2392/1504 2366/2393/2364 2368/2394/2366
f 1512/2395/1511 1506/2383/1505 1504/2384/1503 1510/2396/1509
f 1508/2386/1507 1514/2397/1513 2369/2398/2367 2367/2387/2365
f 1509/2389/1508 1515/2399/1514 1513/2400/1512 1507/2390/1506
f 1517/2401/1516 1511/2391/1510 2368/2394/2366 2370/2402/2368
f 1518/2403/1517 1512/2395/1511 1510/2396/1509 1516/2404/1515
f 1514/2397/1513 1520/2405/1519 2371/2406/2369 2369/2398/2367
f 1515/2399/1514 1521/2407/1520 1519/2408/1518 1513/2400/1512
f 1523/2409/1522 1517/2401/1516 2370/2402/2368 2372/2410/2370
f 1524/2411/1523 1518/2403/1517 1516/2404/1515 1522/2412/1521
f 1520/2405/1519 1526/2413/1525 2373/2414/2371 2371/2406/2369
f 1521/2407/1520 1527/2415/1526 1525/2416/1524 1519/2408/1518
f 1529/2417/1528 1523/2409/1522 2372/2410/2370 2374/2418/2372
f 1530/2419/1529 1524/2411/1523 1522/2412/1521 1528/2420/1527
f 1526/2413/1525 1532/2421/1531 2375/2422/2373 2373/2414/2371
f 1527/2415/1526 1533/2423/1532 1531/2424/1530 1525/2416/1524
f 1535/2425/1534 1529/2417/1528 2374/2418/2372 2376/2426/2374
f 1536/2427/1535 1530/2419/1529 1528/2420/1527 1534/2428/1533
f 1532/2421/1531 1538/2429/1537 2377/2430/2375 2375/2422/2373
f 1533/2423/1532 1539/2431/1538 1537/2432/1536 1531/2424/1530
f 1541/2433/1540 1535/2425/1534 2376/2426/2374 2378/2434/2376
f 1542/2435/1541 1536/2427/1535 1534/2428/1533 1540/2436/1539
f 1538/2429/1537 1544/2437/1543 2379/2438/2377 2377/2430/2375
f 1539/2431/1538 1545/2439/1544 1543/2440/1542 1537/2432/1536
f 1547/2441/1546 1541/2433/1540 2378/2434/2376 2380/2442/2378
f 1548/2443/1547 1542/2435/1541 1540/2436/1539 1546/2444/1545
f 1544/2437/1543 1550/2445/1549 2381/2446/2379 2379/2438/2377
f 1545/2439/1544 1551/2447/1550 1549/2448/1548 1543/2440/1542
f 1553/2449/1552 1547/2441/1546 2380/2442/2378 2382/2450/2380
f 1554/2451/1553 1548/2443/1547 1546/2444/1545 1552/2452/1551
f 1550/2445/1549 1556/2453/1555 2383/2454/2381 2381/2446/2379
f 1551/2447/1550 1557/2455/1556 1555/2456/1554 1549/2448/1548
f 1559/2457/1558 1553/2449/1552 2382/2450/2380 2384/2458/2382
f 1560/2459/1559 1554/2451/1553 1552/2452/1551 1558/2460/1557
f 1556/2453/1555 1562/2461/1561 2385/2462/2383 2383/2454/2381
f 1557/2455/1556 1563/2463/1562 1561/2464/1560 1555/2456/1554
f 1565/2465/1564 1559/2457/1558 2384/2458/2382 2386/2466/2384
f 1566/2467/1565 1560/2459/1559 1558/2460/1557 1564/2468/1563
f 1562/2461/1561 1568/2469/1567 2387/2470/2385 2385/2462/2383
f 1563/2463/1562 1569/2471/1568 1567/2472/1566 1561/2464/1560
f 1571/2473/1570 1565/2465/1564 2386/2466/2384 2388/2474/2386
f 1572/2475/1571 1566/2467/1565 1564/2468/1563 1570/2476/1569
f 1568/2469/1567 1574/2477/1573 2389/2478/2387 2387/2470/2385
f 1569/2471/1568 1575/2479/1574 1573/2480/1572 1567/2472/1566
f 1577/2481/1576 1571/2473/1570 2388/2474/2386 2390/2482/2388
f 1578/2483/1577 1572/2475/1571 1570/2476/1569 1576/2484/1575
f 1574/2485/1573 1580/2486/1579 2391/2487/2389 2389/2488/2387
f 1575/2479/1574 1581/2489/1580 1579/2490/1578 1573/2480/1572
f 1583/2491/1582 1577/2492/1576 2390/2493/2388 2392/2494/2390
f 1584/2495/1583 1578/2483/1577 1576/2484/1575 1582/2496/1581
f 1580/2486/1579 1586/2497/1585 2393/2498/2391 2391/2487/2389
f 1581/2489/1580 1587/2499/1586 1585/2500/1584 1579/2490/1578
f 1589/2501/1588 1583/2491/1582 2392/2494/2390 2394/2502/2392
f 1590/2503/1589 1584/2495/1583 1582/2496/1581 1588/2504/1587
f 1586/2497/1585 1592/2505/1591 2395/2506/2393 2393/2498/2391
f 1587/2499/1586 1593/2507/1592 1591/2508/1590 1585/2500/1584
f 1595/2509/1594 1589/2501/1588 2394/2502/2392 2396/2510/2394
f 1596/2511/1595 1590/2503/1589 1588/2504/1587 1594/2512/1593
f 1592/2505/1591 1598/2513/1597 2397/2514/2395 2395/2506/2393
f 1593/2507/1592 1599/2515/1598 1597/2516/1596 1591/2508/1590
f 1601/2517/1600 1595/2509/1594 2396/2510/2394 2398/2518/2396
f 1602/2519/1601 1596/2511/1595 1594/2512/1593 1600/2520/1599
f 1598/2513/1597 1604/2521/1603 2399/2522/2397 2397/2514/2395
f 1599/2515/1598 1605/2523/1604 1603/2524/1602 1597/2516/1596
f 1607/2525/1606 1601/2517/1600 2398/2518/2396 2400/2526/2398
f 1608/2527/1607 1602/2519/1601 1600/2520/1599 1606/2528/1605
f 1604/2521/1603 1322/2129/1321 2306/2132/2304 2399/2522/2397
f 1605/2523/1604 1323/2133/1322 1321/2136/1320 1603/2524/1602
f 1325/2138/1324 1607/2525/1606 2400/2526/2398 2307/2139/2305
f 1326/2142/1325 1608/2527/1607 1606/2528/1605 1324/2143/1323
f 1611/265/1610 1624/2529/1623 1626/2530/1625 1615/266/1614
f 1851/260/1850 1855/278/1854 1623/277/1622 1609/257/1608
f 1632/2531/1631 1617/271/1616 1619/274/1618 1636/2532/1635
f 1860/290/1859 1852/268/1851 1616/267/1615 1630/287/1629
f 1610/261/1609 1618/275/1617 1621/272/1620 1614/262/1613
f 1614/262/1613 1621/272/1620 1617/271/1616 1611/265/1610
f 1631/291/1630 1625/285/1624 1628/282/1627 1635/292/1634
f 1635/292/1634 1628/282/1627 1624/281/1623 1632/295/1631
f 1625/285/1624 1638/301/1637 1640/304/1639 1629/286/1628
f 1857/280/1856 1861/298/1860 1637/297/1636 1623/277/1622
f 1646/317/1645 1631/291/1630 1633/294/1632 1650/318/1649
f 1866/312/1865 1858/288/1857 1630/287/1629 1644/309/1643
f 1645/313/1644 1639/305/1638 1642/308/1641 1649/314/1648
f 1649/320/1648 1642/302/1641 1638/301/1637 1646/317/1645
f 1639/305/1638 1652/325/1651 1654/328/1653 1643/306/1642
f 1863/300/1862 1867/322/1866 1651/321/1650 1637/297/1636
f 1660/339/1659 1645/313/1644 1647/316/1646 1664/340/1663
f 1872/334/1871 1864/310/1863 1644/309/1643 1658/331/1657
f 1659/335/1658 1653/329/1652 1656/326/1655 1663/336/1662
f 1663/336/1662 1656/326/1655 1652/325/1651 1660/339/1659
f 1653/329/1652 1666/2533/1665 1668/2534/1667 1657/330/1656
f 1869/324/1868 1873/342/1872 1665/341/1664 1651/321/1650
f 1674/2535/1673 1659/335/1658 1661/338/1660 1678/2536/1677
f 1878/354/1877 1870/332/1869 1658/331/1657 1672/351/1671
f 1673/355/1672 1667/349/1666 1670/346/1669 1677/356/1676
f 1677/356/1676 1670/346/1669 1666/345/1665 1674/359/1673
f 1667/349/1666 1680/365/1679 1682/368/1681 1671/350/1670
f 1875/344/1874 1879/362/1878 1679/361/1678 1665/341/1664
f 1688/381/1687 1673/355/1672 1675/358/1674 1692/382/1691
f 1884/376/1883 1876/352/1875 1672/351/1671 1686/373/1685
f 1687/377/1686 1681/369/1680 1684/372/1683 1691/378/1690
f 1691/384/1690 1684/366/1683 1680/365/1679 1688/381/1687
f 1681/369/1680 1610/261/1609 1612/264/1611 1685/370/1684
f 1881/364/1880 1849/258/1848 1609/257/1608 1679/361/1678
f 1618/275/1617 1687/377/1686 1689/380/1688 1622/276/1621
f 1854/270/1853 1882/374/1881 1686/373/1685 1616/267/1615
f 1695/393/1694 1708/409/1707 1710/412/1709 1699/394/1698
f 1887/388/1886 1891/406/1890 1707/405/1706 1693/385/1692
f 1716/425/1715 1701/399/1700 1703/402/1702 1720/426/1719
f 1896/420/1895 1888/396/1887 1700/395/1699 1714/417/1713
f 1694/389/1693 1702/403/1701 1705/400/1704 1698/390/1697
f 1698/390/1697 1705/400/1704 1701/399/1700 1695/393/1694
f 1715/421/1714 1709/413/1708 1712/416/1711 1719/422/1718
f 1719/428/1718 1712/410/1711 1708/409/1707 1716/425/1715
f 1709/413/1708 1722/433/1721 1724/436/1723 1713/414/1712
f 1893/408/1892 1897/430/1896 1721/429/1720 1707/405/1706
f 1730/447/1729 1715/421/1714 1717/424/1716 1734/448/1733
f 1902/442/1901 1894/418/1893 1714/417/1713 1728/439/1727
f 1729/443/1728 1723/437/1722 1726/434/1725 1733/444/1732
f 1733/444/1732 1726/434/1725 1722/433/1721 1730/447/1729
f 1723/2537/1722 1736/453/1735 1738/456/1737 1727/2538/1726
f 1899/432/1898 1903/450/1902 1735/449/1734 1721/429/1720
f 1744/467/1743 1729/2539/1728 1731/2540/1730 1748/468/1747
f 1908/462/1907 1900/440/1899 1728/439/1727 1742/459/1741
f 1743/463/1742 1737/457/1736 1740/454/1739 1747/464/1746
f 1747/464/1746 1740/454/1739 1736/453/1735 1744/467/1743
f 1737/457/1736 1750/473/1749 1752/476/1751 1741/458/1740
f 1905/452/1904 1909/470/1908 1749/469/1748 1735/449/1734
f 1758/489/1757 1743/463/1742 1745/466/1744 1762/490/1761
f 1914/484/1913 1906/460/1905 1742/459/1741 1756/481/1755
f 1757/485/1756 1751/477/1750 1754/480/1753 1761/486/1760
f 1761/492/1760 1754/474/1753 1750/473/1749 1758/489/1757
f 1751/477/1750 1764/497/1763 1766/500/1765 1755/478/1754
f 1911/472/1910 1915/494/1914 1763/493/1762 1749/469/1748
f 1772/511/1771 1757/485/1756 1759/488/1758 1776/512/1775
f 1920/506/1919 1912/482/1911 1756/481/1755 1770/503/1769
f 1771/507/1770 1765/501/1764 1768/498/1767 1775/508/1774
f 1775/508/1774 1768/498/1767 1764/497/1763 1772/511/1771
f 1765/2541/1764 1694/389/1693 1696/392/1695 1769/2542/1768
f 1917/496/1916 1885/386/1884 1693/385/1692 1763/493/1762
f 1702/403/1701 1771/2543/1770 1773/2544/1772 1706/404/1705
f 1890/398/1889 1918/504/1917 1770/503/1769 1700/395/1699
f 284/905/284 287/909/287 5/522/5 2/513/2
f 2/513/2 5/522/5 11/521/11 8/514/8
f 1/520/1 7/519/7 13/532/13 19/540/19 25/548/25 31/556/31 37/566/37 43/576/43 49/584/49 55/592/55 61/600/61 67/608/67 73/616/73 79/624/79 85/632/85 91/640/91 97/648/97 103/656/103 109/664/109 115/674/115 121/684/121 127/692/127 133/700/133 139/708/139 145/716/145 151/724/151 157/732/157 163/740/163 169/748/169 175/756/175 181/766/181 187/776/187 193/784/193 199/792/199 205/800/205 211/808/211 217/816/217 223/824/223 229/832/229 235/840/235 241/848/241 247/856/247 253/866/253 259/876/259 265/884/265 271/892/271 277/900/277 283/908/283
f 4/527/4 286/912/286 280/904/280 274/896/274 268/888/268 262/880/262 256/872/256 250/860/250 244/852/244 238/844/238 232/836/232 226/828/226 220/820/220 214/812/214 208/804/208 202/796/202 196/788/196 190/780/190 184/772/184 178/760/178 172/752/172 166/744/166 160/736/160 154/728/154 148/720/148 142/712/142 136/704/136 130/696/130 124/688/124 118/680/118 112/668/112 106/660/106 100/652/100 94/644/94 88/636/88 82/628/82 76/620/76 70/612/70 64/604/64 58/596/58 52/588/52 46/580/46 40/572/40 34/560/34 28/552/28 22/544/22 16/536/16 10/528/10
f 8/514/8 11/521/11 17/533/17 14/529/14
f 14/529/14 17/533/17 23/541/23 20/537/20
f 20/537/20 23/541/23 29/549/29 26/545/26
f 26/545/26 29/549/29 35/557/35 32/553/32
f 32/561/32 35/568/35 41/567/41 38/562/38
f 38/562/38 41/567/41 47/577/47 44/573/44
f 44/573/44 47/577/47 53/585/53 50/581/50
f 50/581/50 53/585/53 59/593/59 56/589/56
f 56/589/56 59/593/59 65/601/65 62/597/62
f 62/597/62 65/601/65 71/609/71 68/605/68
f 68/605/68 71/609/71 77/617/77 74/613/74
f 74/613/74 77/617/77 83/625/83 80/621/80
f 80/621/80 83/625/83 89/633/89 86/629/86
f 86/629/86 89/633/89 95/641/95 92/637/92
f 92/637/92 95/641/95 101/649/101 98/645/98
f 98/645/98 101/649/101 107/657/107 104/653/104
f 104/653/104 107/657/107 113/665/113 110/661/110
f 110/669/110 113/676/113 119/675/119 116/670/116
f 116/670/116 119/675/119 125/685/125 122/681/122
f 122/681/122 125/685/125 131/693/131 128/689/128
f 128/689/128 131/693/131 137/701/137 134/697/134
f 134/697/134 137/701/137 143/709/143 140/705/140
f 140/705/140 143/709/143 149/717/149 146/713/146
f 146/713/146 149/717/149 155/725/155 152/721/152
f 152/721/152 155/725/155 161/733/161 158/729/158
f 158/729/158 161/733/161 167/741/167 164/737/164
f 164/737/164 167/741/167 173/749/173 170/745/170
f 170/745/170 173/749/173 179/757/179 176/753/176
f 176/761/176 179/768/179 185/767/185 182/762/182
f 182/762/182 185/767/185 191/777/191 188/773/188
f 188/773/188 191/777/191 197/785/197 194/781/194
f 194/781/194 197/785/197 203/793/203 200/789/200
f 200/789/200 203/793/203 209/801/209 206/797/206
f 206/797/206 209/801/209 215/809/215 212/805/212
f 212/805/212 215/809/215 221/817/221 218/813/218
f 218/813/218 221/817/221 227/825/227 224/821/224
f 224/821/224 227/825/227 233/833/233 230/829/230
f 230/829/230 233/833/233 239/841/239 236/837/236
f 236/837/236 239/841/239 245/849/245 242/845/242
f 242/845/242 245/849/245 251/857/251 248/853/248
f 248/861/248 251/868/251 257/867/257 254/862/254
f 254/862/254 257/867/257 263/877/263 260/873/260
f 260/873/260 263/877/263 269/885/269 266/881/266
f 266/881/266 269/885/269 275/893/275 272/889/272
f 272/889/272 275/893/275 281/901/281 278/897/278
f 278/897/278 281/901/281 287/909/287 284/905/284
f 572/1305/572 575/1309/575 293/922/293 290/913/290
f 290/913/290 293/922/293 299/921/299 296/914/296
f 289/920/289 295/919/295 301/932/301 307/940/307 313/948/313 319/956/319 325/966/325 331/976/331 337/984/337 343/992/343 349/1000/349 355/1008/355 361/1016/361 367/1024/367 373/1032/373 379/1040/379 385/1048/385 391/1056/391 397/1064/397 403/1074/403 409/1084/409 415/1092/415 421/1100/421 427/1108/427 433/1116/433 439/1124/439 445/1132/445 451/1140/451 457/1148/457 463/1156/463 469/1166/469 475/1176/475 481/1184/481 487/1192/487 493/1200/493 499/1208/499 505/1216/505 511/1224/511 517/1232/517 523/1240/523 529/1248/529 535/1256/535 541/1266/541 547/1276/547 553/1284/553 559/1292/559 565/1300/565 571/1308/571
f 292/927/292 574/1312/574 568/1304/568 562/1296/562 556/1288/556 550/1280/550 544/1272/544 538/1260/538 532/1252/532 526/1244/526 520/1236/520 514/1228/514 508/1220/508 502/1212/502 496/1204/496 490/1196/490 484/1188/484 478/1180/478 472/1172/472 466/1160/466 460/1152/460 454/1144/454 448/1136/448 442/1128/442 436/1120/436 430/1112/430 424/1104/424 418/1096/418 412/1088/412 406/1080/406 400/1068/400 394/1060/394 388/1052/388 382/1044/382 376/1036/376 370/1028/370 364/1020/364 358/1012/358 352/1004/352 346/996/346 340/988/340 334/980/334 328/972/328 322/960/322 316/952/316 310/944/310 304/936/304 298/928/298
f 296/914/296 299/921/299 305/933/305 302/929/302
f 302/929/302 305/933/305 311/941/311 308/937/308
f 308/937/308 311/941/311 317/949/317 314/945/314
f 314/945/314 317/949/317 323/957/323 320/953/320
f 320/961/320 323/968/323 329/967/329 326/962/326
f 326/962/326 329/967/329 335/977/335 332/973/332
f 332/973/332 335/977/335 341/985/341 338/981/338
f 338/981/338 341/985/341 347/993/347 344/989/344
f 344/989/344 347/993/347 353/1001/353 350/997/350
f 350/997/350 353/1001/353 359/1009/359 356/1005/356
f 356/1005/356 359/1009/359 365/1017/365 362/1013/362
f 362/1013/362 365/1017/365 371/1025/371 368/1021/368
f 368/1021/368 371/1025/371 377/1033/377 374/1029/374
f 374/1029/374 377/1033/377 383/1041/383 380/1037/380
f 380/1037/380 383/1041/383 389/1049/389 386/1045/386
f 386/1045/386 389/1049/389 395/1057/395 392/1053/392
f 392/1053/392 395/1057/395 401/1065/401 398/1061/398
f 398/1069/398 401/1076/401 407/1075/407 404/1070/404
f 404/1070/404 407/1075/407 413/1085/413 410/1081/410
f 410/1081/410 413/1085/413 419/1093/419 416/1089/416
f 416/1089/416 419/1093/419 425/1101/425 422/1097/422
f 422/1097/422 425/1101/425 431/1109/431 428/1105/428
f 428/1105/428 431/1109/431 437/1117/437 434/1113/434
f 434/1113/434 437/1117/437 443/1125/443 440/1121/440
f 440/1121/440 443/1125/443 449/1133/449 446/1129/446
f 446/1129/446 449/1133/449 455/1141/455 452/1137/452
f 452/1137/452 455/1141/455 461/1149/461 458/1145/458
f 458/1145/458 461/1149/461 467/1157/467 464/1153/464
f 464/1161/464 467/1168/467 473/1167/473 470/1162/470
f 470/1162/470 473/1167/473 479/1177/479 476/1173/476
f 476/1173/476 479/1177/479 485/1185/485 482/1181/482
f 482/1181/482 485/1185/485 491/1193/491 488/1189/488
f 488/1189/488 491/1193/491 497/1201/497 494/1197/494
f 494/1197/494 497/1201/497 503/1209/503 500/1205/500
f 500/1205/500 503/1209/503 509/1217/509 506/1213/506
f 506/1213/506 509/1217/509 515/1225/515 512/1221/512
f 512/1221/512 515/1225/515 521/1233/521 518/1229/518
f 518/1229/518 521/1233/521 527/1241/527 524/1237/524
f 524/1237/524 527/1241/527 533/1249/533 530/1245/530
f 530/1245/530 533/1249/533 539/1257/539 536/1253/536
f 536/1261/536 539/1268/539 545/1267/545 542/1262/542
f 542/1262/542 545/1267/545 551/1277/551 548/1273/548
f 548/1273/548 551/1277/551 557/1285/557 554/1281/554
f 554/1281/554 557/1285/557 563/1293/563 560/1289/560
f 560/1289/560 563/1293/563 569/1301/569 566/1297/566
f 566/1297/566 569/1301/569 575/1309/575 572/1305/572
f 577/1320/577 583/1319/583 589/1332/589 595/1340/595 601/1348/601 607/1356/607 613/1364/613 619/1374/619 625/1384/625 631/1392/631 637/1400/637 643/1408/643 649/1416/649 655/1424/655 661/1432/661 667/1440/667 673/1448/673 679/1456/679 685/1464/685 691/1474/691 697/1484/697 703/1492/703 709/1500/709 715/1508/715 721/1516/721 727/1524/727 733/1532/733 739/1540/739 745/1548/745 751/1556/751 757/1564/757 763/1574/763 769/1584/769 775/1592/775 781/1600/781 787/1608/787 793/1616/793 799/1624/799 805/1632/805 811/1640/811 817/1648/817 823/1656/823 829/1664/829 835/1674/835 841/1684/841 847/1692/847 853/1700/853 859/1708/859
f 578/1313/578 581/1322/581 587/1321/587 584/1314/584
f 860/1705/860 863/1709/863 581/1322/581 578/1313/578
f 586/1328/586 580/1327/580 862/1712/862 856/1704/856 850/1696/850 844/1688/844 838/1680/838 832/1668/832 826/1660/826 820/1652/820 814/1644/814 808/1636/808 802/1628/802 796/1620/796 790/1612/790 784/1604/784 778/1596/778 772/1588/772 766/1580/766 760/1568/760 754/1560/754 748/1552/748 742/1544/742 736/1536/736 730/1528/730 724/1520/724 718/1512/718 712/1504/712 706/1496/706 700/1488/700 694/1480/694 688/1468/688 682/1460/682 676/1452/676 670/1444/670 664/1436/664 658/1428/658 652/1420/652 646/1412/646 640/1404/640 634/1396/634 628/1388/628 622/1380/622 616/1368/616 610/1360/610 604/1352/604 598/1344/598 592/1336/592
f 584/1314/584 587/1321/587 593/1333/593 590/1329/590
f 590/1329/590 593/1333/593 599/1341/599 596/1337/596
f 596/1337/596 599/1341/599 605/1349/605 602/1345/602
f 602/1345/602 605/1349/605 611/1357/611 608/1353/608
f 608/1353/608 611/1357/611 617/1365/617 614/1361/614
f 614/1369/614 617/1376/617 623/1375/623 620/1370/620
f 620/1370/620 623/1375/623 629/1385/629 626/1381/626
f 626/1381/626 629/1385/629 635/1393/635 632/1389/632
f 632/1389/632 635/1393/635 641/1401/641 638/1397/638
f 638/1397/638 641/1401/641 647/1409/647 644/1405/644
f 644/1405/644 647/1409/647 653/1417/653 650/1413/650
f 650/1413/650 653/1417/653 659/1425/659 656/1421/656
f 656/1421/656 659/1425/659 665/1433/665 662/1429/662
f 662/1429/662 665/1433/665 671/1441/671 668/1437/668
f 668/1437/668 671/1441/671 677/1449/677 674/1445/674
f 674/1445/674 677/1449/677 683/1457/683 680/1453/680
f 680/1453/680 683/1457/683 689/1465/689 686/1461/686
f 686/1469/686 689/1476/689 695/1475/695 692/1470/692
f 692/1470/692 695/1475/695 701/1485/701 698/1481/698
f 698/1481/698 701/1485/701 707/1493/707 704/1489/704
f 704/1489/704 707/1493/707 713/1501/713 710/1497/710
f 710/1497/710 713/1501/713 719/1509/719 716/1505/716
f 716/1505/716 719/1509/719 725/1517/725 722/1513/722
f 722/1513/722 725/1517/725 731/1525/731 728/1521/728
f 728/1521/728 731/1525/731 737/1533/737 734/1529/734
f 734/1529/734 737/1533/737 743/1541/743 740/1537/740
f 740/1537/740 743/1541/743 749/1549/749 746/1545/746
f 746/1545/746 749/1549/749 755/1557/755 752/1553/752
f 752/1553/752 755/1557/755 761/1565/761 758/1561/758
f 758/1569/758 761/1576/761 767/1575/767 764/1570/764
f 764/1570/764 767/1575/767 773/1585/773 770/1581/770
f 770/1581/770 773/1585/773 779/1593/779 776/1589/776
f 776/1589/776 779/1593/779 785/1601/785 782/1597/782
f 782/1597/782 785/1601/785 791/1609/791 788/1605/788
f 788/1605/788 791/1609/791 797/1617/797 794/1613/794
f 794/1613/794 797/1617/797 803/1625/803 800/1621/800
f 800/1621/800 803/1625/803 809/1633/809 806/1629/806
f 806/1629/806 809/1633/809 815/1641/815 812/1637/812
f 812/1637/812 815/1641/815 821/1649/821 818/1645/818
f 818/1645/818 821/1649/821 827/1657/827 824/1653/824
f 824/1653/824 827/1657/827 833/1665/833 830/1661/830
f 830/1669/830 833/1676/833 839/1675/839 836/1670/836
f 836/1670/836 839/1675/839 845/1685/845 842/1681/842
f 842/1681/842 845/1685/845 851/1693/851 848/1689/848
f 848/1689/848 851/1693/851 857/1701/857 854/1697/854
f 854/1697/854 857/1701/857 863/1709/863 860/1705/860
f 865/1/865 879/21/879 893/45/893 907/65/907 921/85/921 935/109/935
f 867/9/867 873/15/873 888/41/888 880/25/880
f 937/1717/937 943/1719/943 874/19/874 866/5/866
f 886/33/886 872/11/872 942/119/942 928/97/928 914/75/914 900/55/900
f 881/29/881 887/37/887 902/63/902 894/49/894
f 895/1713/895 901/1715/901 916/83/916 908/69/908
f 909/73/909 915/79/915 930/105/930 922/89/922
f 923/93/923 929/101/929 944/127/944 936/113/936
f 949/129/949 963/149/963 977/173/977 991/193/991 1005/213/1005 1019/237/1019
f 951/137/951 957/143/957 972/169/972 964/153/964
f 1021/2545/1021 1027/1727/1027 958/147/958 950/133/950
f 970/161/970 956/139/956 1026/247/1026 1012/225/1012 998/203/998 984/183/984
f 965/157/965 971/165/971 986/191/986 978/177/978
f 979/1721/979 985/1723/985 1000/211/1000 992/197/992
f 993/201/993 999/207/999 1014/233/1014 1006/217/1006
f 1007/221/1007 1013/229/1013 1028/255/1028 1020/241/1020
f 1316/2121/1315 1319/2125/1318 1037/1738/1037 1034/1729/1034
f 1034/1729/1034 1037/1738/1037 1043/1737/1043 1040/1730/1040
f 1033/1736/1033 1039/1735/1039 1045/1748/1045 1051/1756/1051 1057/1764/1057 1063/1772/1063 1069/1782/1069 1075/1790/1075 1081/1800/1081 1087/1808/1087 1093/1816/1093 1099/1824/1099 1105/1832/1105 1111/1840/1111 1117/1848/1117 1123/1856/1123 1129/1864/1129 1135/1872/1135 1141/1880/1141 1147/1890/1147 1153/1900/1153 1159/1908/1159 1165/1916/1165 1171/1924/1171 1177/1932/1177 1183/1940/1183 1189/1948/1189 1195/1956/1195 1201/1964/1201 1207/1972/1207 1213/1982/1213 1219/1992/1219 1225/2000/1225 1231/2008/1231 1237/2016/1237 1243/2024/1243 1249/2032/1249 1255/2040/1255 1261/2048/1261 1267/2056/1266 1273/2064/1272 1279/2072/1278 1285/2082/1284 1291/2092/1290 1297/2100/1296 1303/2108/1302 1309/2116/1308 1315/2124/1314
f 1036/1743/1036 1318/2128/1317 1312/2120/1311 1306/2112/1305 1300/2104/1299 1294/2096/1293 1288/2088/1287 1282/2076/1281 1276/2068/1275 1270/2060/1269 1264/2052/1263 1258/2044/1258 1252/2036/1252 1246/2028/1246 1240/2020/1240 1234/2012/1234 1228/2004/1228 1222/1996/1222 1216/1988/1216 1210/1976/1210 1204/1968/1204 1198/1960/1198 1192/1952/1192 1186/1944/1186 1180/1936/1180 1174/1928/1174 1168/1920/1168 1162/1912/1162 1156/1904/1156 1150/1896/1150 1144/1884/1144 1138/1876/1138 1132/1868/1132 1126/1860/1126 1120/1852/1120 1114/1844/1114 1108/1836/1108 1102/1828/1102 1096/1820/1096 1090/1812/1090 1084/1804/1084 1078/1796/1078 1072/1786/1072 1066/1776/1066 1060/1768/1060 1054/1760/1054 1048/1752/1048 1042/1744/1042
f 1040/1730/1040 1043/1737/1043 1049/1749/1049 1046/1745/1046
f 1046/1745/1046 1049/1749/1049 1055/1757/1055 1052/1753/1052
f 1052/1753/1052 1055/1757/1055 1061/1765/1061 1058/1761/1058
f 1058/1761/1058 1061/1765/1061 1067/1773/1067 1064/1769/1064
f 1064/1777/1064 1067/2546/1067 1073/1792/1073 1070/1778/1070
f 1070/1778/1070 1073/1792/1073 1079/1791/1079 1076/1787/1076
f 1076/1787/1076 1079/1791/1079 1085/1801/1085 1082/1797/1082
f 1082/1797/1082 1085/1801/1085 1091/1809/1091 1088/1805/1088
f 1088/1805/1088 1091/1809/1091 1097/1817/1097 1094/1813/1094
f 1094/1813/1094 1097/1817/1097 1103/1825/1103 1100/1821/1100
f 1100/1821/1100 1103/1825/1103 1109/1833/1109 1106/1829/1106
f 1106/1829/1106 1109/1833/1109 1115/1841/1115 1112/1837/1112
f 1112/1837/1112 1115/1841/1115 1121/1849/1121 1118/1845/1118
f 1118/1845/1118 1121/1849/1121 1127/1857/1127 1124/1853/1124
f 1124/1853/1124 1127/1857/1127 1133/1865/1133 1130/1861/1130
f 1130/1861/1130 1133/1865/1133 1139/1873/1139 1136/1869/1136
f 1136/1869/1136 1139/1873/1139 1145/1881/1145 1142/1877/1142
f 1142/1885/1142 1145/1892/1145 1151/1891/1151 1148/1886/1148
f 1148/1886/1148 1151/1891/1151 1157/1901/1157 1154/1897/1154
f 1154/1897/1154 1157/1901/1157 1163/1909/1163 1160/1905/1160
f 1160/1905/1160 1163/1909/1163 1169/1917/1169 1166/1913/1166
f 1166/1913/1166 1169/1917/1169 1175/1925/1175 1172/1921/1172
f 1172/1921/1172 1175/1925/1175 1181/1933/1181 1178/1929/1178
f 1178/1929/1178 1181/1933/1181 1187/1941/1187 1184/1937/1184
f 1184/1937/1184 1187/1941/1187 1193/1949/1193 1190/1945/1190
f 1190/1945/1190 1193/1949/1193 1199/1957/1199 1196/1953/1196
f 1196/1953/1196 1199/1957/1199 1205/1965/1205 1202/1961/1202
f 1202/1961/1202 1205/1965/1205 1211/1973/1211 1208/1969/1208
f 1208/1977/1208 1211/1984/1211 1217/1983/1217 1214/1978/1214
f 1214/1978/1214 1217/1983/1217 1223/1993/1223 1220/1989/1220
f 1220/1989/1220 1223/1993/1223 1229/2001/1229 1226/1997/1226
f 1226/1997/1226 1229/2001/1229 1235/2009/1235 1232/2005/1232
f 1232/2005/1232 1235/2009/1235 1241/2017/1241 1238/2013/1238
f 1238/2013/1238 1241/2017/1241 1247/2025/1247 1244/2021/1244
f 1244/2021/1244 1247/2025/1247 1253/2033/1253 1250/2029/1250
f 1250/2029/1250 1253/2033/1253 1259/2041/1259 1256/2037/1256
f 1256/2037/1256 1259/2041/1259 1265/2049/1264 1262/2045/230
f 1262/2045/230 1265/2049/1264 1271/2057/1270 1268/2053/1267
f 1268/2053/1267 1271/2057/1270 1277/2065/1276 1274/2061/1273
f 1274/2061/1273 1277/2065/1276 1283/2073/1282 1280/2069/1279
f 1280/2077/1279 1283/2084/1282 1289/2083/1288 1286/2078/1285
f 1286/2078/1285 1289/2083/1288 1295/2093/1294 1292/2089/1291
f 1292/2089/1291 1295/2093/1294 1301/2101/1300 1298/2097/1297
f 1298/2097/1297 1301/2101/1300 1307/2109/1306 1304/2105/1303
f 1304/2105/1303 1307/2109/1306 1313/2117/1312 1310/2113/1309
f 1310/2113/1309 1313/2117/1312 1319/2125/1318 1316/2121/1315
f 1321/2136/1320 1327/2135/1326 1333/2148/1332 1339/2156/1338 1345/2164/1344 1351/2172/1350 1357/2180/1356 1363/2190/1362 1369/2200/1368 1375/2208/1374 1381/2216/1380 1387/2224/1386 1393/2232/1392 1399/2240/1398 1405/2248/1404 1411/2256/1410 1417/2264/1416 1423/2272/1422 1429/2280/1428 1435/2290/1434 1441/2300/1440 1447/2308/1446 1453/2316/1452 1459/2324/1458 1465/2332/1464 1471/2340/1470 1477/2348/1476 1483/2356/1482 1489/2364/1488 1495/2372/1494 1501/2380/1500 1507/2390/1506 1513/2400/1512 1519/2408/1518 1525/2416/1524 1531/2424/1530 1537/2432/1536 1543/2440/1542 1549/2448/1548 1555/2456/1554 1561/2464/1560 1567/2472/1566 1573/2480/1572 1579/2490/1578 1585/2500/1584 1591/2508/1590 1597/2516/1596 1603/2524/1602
f 1322/2129/1321 1325/2138/1324 1331/2137/1330 1328/2130/1327
f 1604/2521/1603 1607/2525/1606 1325/2138/1324 1322/2129/1321
f 1330/2144/1329 1324/2143/1323 1606/2528/1605 1600/2520/1599 1594/2512/1593 1588/2504/1587 1582/2496/1581 1576/2484/1575 1570/2476/1569 1564/2468/1563 1558/2460/1557 1552/2452/1551 1546/2444/1545 1540/2436/1539 1534/2428/1533 1528/2420/1527 1522/2412/1521 1516/2404/1515 1510/2396/1509 1504/2384/1503 1498/2376/1497 1492/2368/1491 1486/2360/1485 1480/2352/1479 1474/2344/1473 1468/2336/1467 1462/2328/1461 1456/2320/1455 1450/2312/1449 1444/2304/1443 1438/2296/1437 1432/2284/1431 1426/2276/1425 1420/2268/1419 1414/2260/1413 1408/2252/1407 1402/2244/1401 1396/2236/1395 1390/2228/1389 1384/2220/1383 1378/2212/1377 1372/2204/1371 1366/2196/1365 1360/2184/1359 1354/2176/1353 1348/2168/1347 1342/2160/1341 1336/2152/1335
f 1328/2130/1327 1331/2137/1330 1337/2149/1336 1334/2145/1333
f 1334/2145/1333 1337/2149/1336 1343/2157/1342 1340/2153/1339
f 1340/2153/1339 1343/2157/1342 1349/2165/1348 1346/2161/1345
f 1346/2161/1345 1349/2165/1348 1355/2173/1354 1352/2169/1351
f 1352/2169/1351 1355/2173/1354 1361/2181/1360 1358/2177/1357
f 1358/2185/1357 1361/2192/1360 1367/2191/1366 1364/2186/1363
f 1364/2186/1363 1367/2191/1366 1373/2201/1372 1370/2197/1369
f 1370/2197/1369 1373/2201/1372 1379/2209/1378 1376/2205/1375
f 1376/2205/1375 1379/2209/1378 1385/2217/1384 1382/2213/1381
f 1382/2213/1381 1385/2217/1384 1391/2225/1390 1388/2221/1387
f 1388/2221/1387 1391/2225/1390 1397/2233/1396 1394/2229/1393
f 1394/2229/1393 1397/2233/1396 1403/2241/1402 1400/2237/1399
f 1400/2237/1399 1403/2241/1402 1409/2249/1408 1406/2245/1405
f 1406/2245/1405 1409/2249/1408 1415/2257/1414 1412/2253/1411
f 1412/2253/1411 1415/2257/1414 1421/2265/1420 1418/2261/1417
f 1418/2261/1417 1421/2265/1420 1427/2273/1426 1424/2269/1423
f 1424/2269/1423 1427/2273/1426 1433/2281/1432 1430/2277/1429
f 1430/2285/1429 1433/2292/1432 1439/2291/1438 1436/2286/1435
f 1436/2286/1435 1439/2291/1438 1445/2301/1444 1442/2297/1441
f 1442/2297/1441 1445/2301/1444 1451/2309/1450 1448/2305/1447
f 1448/2305/1447 1451/2309/1450 1457/2317/1456 1454/2313/1453
f 1454/2313/1453 1457/2317/1456 1463/2325/1462 1460/2321/1459
f 1460/2321/1459 1463/2325/1462 1469/2333/1468 1466/2329/1465
f 1466/2329/1465 1469/2333/1468 1475/2341/1474 1472/2337/1471
f 1472/2337/1471 1475/2341/1474 1481/2349/1480 1478/2345/1477
f 1478/2345/1477 1481/2349/1480 1487/2357/1486 1484/2353/1483
f 1484/2353/1483 1487/2357/1486 1493/2365/1492 1490/2361/1489
f 1490/2361/1489 1493/2365/1492 1499/2373/1498 1496/2369/1495
f 1496/2369/1495 1499/2373/1498 1505/2381/1504 1502/2377/1501
f 1502/2385/1501 1505/2392/1504 1511/2391/1510 1508/2386/1507
f 1508/2386/1507 1511/2391/1510 1517/2401/1516 1514/2397/1513
f 1514/2397/1513 1517/2401/1516 1523/2409/1522 1520/2405/1519
f 1520/2405/1519 1523/2409/1522 1529/2417/1528 1526/2413/1525
f 1526/2413/1525 1529/2417/1528 1535/2425/1534 1532/2421/1531
f 1532/2421/1531 1535/2425/1534 1541/2433/1540 1538/2429/1537
f 1538/2429/1537 1541/2433/1540 1547/2441/1546 1544/2437/1543
f 1544/2437/1543 1547/2441/1546 1553/2449/1552 1550/2445/1549
f 1550/2445/1549 1553/2449/1552 1559/2457/1558 1556/2453/1555
f 1556/2453/1555 1559/2457/1558 1565/2465/1564 1562/2461/1561
f 1562/2461/1561 1565/2465/1564 1571/2473/1570 1568/2469/1567
f 1568/2469/1567 1571/2473/1570 1577/2481/1576 1574/2477/1573
f 1574/2485/1573 1577/2492/1576 1583/2491/1582 1580/2486/1579
f 1580/2486/1579 1583/2491/1582 1589/2501/1588 1586/2497/1585
f 1586/2497/1585 1589/2501/1588 1595/2509/1594 1592/2505/1591
f 1592/2505/1591 1595/2509/1594 1601/2517/1600 1598/2513/1597
f 1598/2513/1597 1601/2517/1600 1607/2525/1606 1604/2521/1603
f 1609/257/1608 1623/277/1622 1637/297/1636 1651/321/1650 1665/341/1664 1679/361/1678
f 1611/265/1610 1617/271/1616 1632/2531/1631 1624/2529/1623
f 1681/369/1680 1687/377/1686 1618/275/1617 1610/261/1609
f 1630/287/1629 1616/267/1615 1686/373/1685 1672/351/1671 1658/331/1657 1644/309/1643
f 1625/285/1624 1631/291/1630 1646/317/1645 1638/301/1637
f 1639/305/1638 1645/313/1644 1660/339/1659 1652/325/1651
f 1653/329/1652 1659/335/1658 1674/2535/1673 1666/2533/1665
f 1667/349/1666 1673/355/1672 1688/381/1687 1680/365/1679
f 1693/385/1692 1707/405/1706 1721/429/1720 1735/449/1734 1749/469/1748 1763/493/1762
f 1695/393/1694 1701/399/1700 1716/425/1715 1708/409/1707
f 1765/2541/1764 1771/2543/1770 1702/403/1701 1694/389/1693
f 1714/417/1713 1700/395/1699 1770/503/1769 1756/481/1755 1742/459/1741 1728/439/1727
f 1709/413/1708 1715/421/1714 1730/447/1729 1722/433/1721
f 1723/2537/1722 1729/2539/1728 1744/467/1743 1736/453/1735
f 1737/457/1736 1743/463/1742 1758/489/1757 1750/473/1749
f 1751/477/1750 1757/485/1756 1772/511/1771 1764/497/1763
