# Generated by scripts/generate_terrace_planter_botanical_kit.py
mtllib VD_TerraceBotanical.mtl
o VD_DwarfMorningGlory_C
v -9.279994 -50.178022 0.525346
v -10.171040 -50.626593 0.551633
v -10.391110 -51.583951 0.375838
v -9.774487 -52.329186 0.130338
v -8.785501 -52.301121 0.000000
v -8.168878 -51.520889 0.082971
v -8.388948 -50.576021 0.316772
v -2.916167 -60.261482 46.641845
v -3.690989 -60.651543 46.664704
v -3.882355 -61.484029 46.511838
v -3.346161 -62.132059 46.298360
v -2.486173 -62.107655 46.185023
v -1.949979 -61.429192 46.257171
v -2.141344 -60.607568 46.460476
v -2.916167 -60.240675 46.374800
v -3.667123 -60.604282 46.613286
v -3.852594 -61.445901 46.714767
v -3.332916 -62.131776 46.602825
v -2.499418 -62.145429 46.361756
v -1.979740 -61.476579 46.173089
v -2.165211 -60.628884 46.178894
v 11.480397 -57.630253 96.003164
v 10.879632 -57.921138 96.193953
v 10.731256 -58.594433 96.275138
v 11.146998 -59.143133 96.185585
v 11.813797 -59.154056 95.992729
v 12.229539 -58.618976 95.841796
v 12.081162 -57.940820 95.846440
v -10.460699 -55.101210 16.163550
v -8.418131 -55.137445 15.411924
v -6.458664 -55.715274 16.163550
v -16.584676 -50.518805 17.475964
v -7.872050 -51.578480 16.724337
v 0.757474 -53.179749 17.475964
v -18.364954 -45.806869 19.075167
v -7.206640 -47.241806 18.323541
v 3.868572 -49.218336 19.075167
v -15.656659 -41.504370 20.774990
v -6.499363 -42.632275 20.023364
v 2.574832 -44.301773 20.774990
v -10.665895 -38.640870 22.082547
v -5.955304 -39.086482 21.330920
v -1.327814 -40.073687 22.082547
v -6.059505 -37.170102 22.867080
v -5.628868 -36.959006 22.115453
v -5.281332 -37.289503 22.867080
v -4.105905 -56.095791 36.688625
v -6.124056 -56.356035 35.890117
v -8.127391 -56.712840 36.688625
v 3.326788 -59.826399 36.394104
v -5.393841 -61.115057 35.595597
v -14.099655 -62.500276 36.394104
v 6.691375 -65.360577 36.028275
v -4.486829 -67.026321 35.229768
v -15.650218 -68.788626 36.028275
v 5.648797 -71.978916 35.637781
v -3.518664 -73.336136 34.839274
v -12.671309 -74.789916 35.637781
v 1.925221 -77.518230 35.337401
v -2.773922 -78.189839 34.538894
v -7.458248 -78.958010 35.337401
v -1.928690 -81.090351 35.157174
v -2.327076 -81.102062 34.358666
v -2.710646 -81.210333 35.157174
v -3.387543 -59.177091 38.322022
v -13.639783 -53.959796 37.239520
v -3.216670 -59.472430 37.341090
v -12.612233 -57.082316 33.360381
v -2.997354 -60.286686 36.734841
v -11.635631 -59.659082 29.087183
v -2.813366 -61.308840 36.734841
v -11.017350 -64.344481 30.962941
v -2.734984 -62.148464 37.341090
v -10.288003 -69.221850 32.201098
v -2.792146 -62.484850 38.322022
v -10.933435 -68.995066 37.239520
v -2.963019 -62.189510 39.302953
v -11.459275 -69.432679 42.277941
v -3.182335 -61.375254 39.909203
v -12.476454 -64.607120 43.516098
v -3.366323 -60.353100 39.909203
v -13.530789 -60.000211 45.391857
v -3.444705 -59.513477 39.302953
v -13.514009 -57.244635 41.118658
v -3.270972 -60.824483 57.315354
v -1.308858 -61.044707 56.518760
v 0.631344 -61.410769 57.315354
v -9.076793 -55.201190 57.750255
v -0.610819 -56.398557 56.953661
v 7.833244 -57.741761 57.750255
v -10.595917 -49.081301 58.289568
v 0.254806 -50.636953 57.492973
v 11.083619 -52.338443 58.289568
v -7.721101 -43.226581 58.865036
v 1.178464 -44.489090 58.068441
v 10.056118 -45.897437 58.865036
v -2.674689 -39.148884 59.307703
v 1.888969 -39.759965 58.511109
v 6.430716 -40.516884 59.307703
v 1.924925 -36.938409 59.573304
v 2.315273 -36.922490 58.776709
v 2.683709 -37.052409 59.573304
v 6.531467 -55.371841 77.158737
v 4.691947 -55.810354 76.374971
v 2.804781 -55.931740 77.158737
v 13.352936 -58.501010 77.999137
v 5.302273 -59.872687 77.215371
v -2.796034 -60.927238 77.999137
v 16.380077 -63.149007 79.031482
v 6.051996 -64.862844 78.247715
v -4.323730 -66.259555 79.031482
v 15.315058 -68.742597 80.130748
v 6.850320 -70.176485 79.346981
v -1.662064 -71.293246 80.130748
v 11.788392 -73.452123 80.976337
v 7.464415 -74.263901 80.192570
v 3.092792 -74.758553 80.976337
v 8.171366 -76.503353 81.483691
v 7.832872 -76.716351 80.699924
v 7.446732 -76.612222 81.483691
v 5.126579 -58.307698 81.616661
v -5.642859 -53.658321 80.462161
v 5.285964 -58.583182 80.701677
v -4.684391 -56.570915 76.843815
v 5.490536 -59.342696 80.136186
v -3.773445 -58.974447 72.857901
v 5.662154 -60.296131 80.136186
v -3.196731 -63.344849 74.607554
v 5.735267 -61.079308 80.701677
v -2.516417 -67.894315 75.762470
v 5.681948 -61.393079 81.616661
v -3.118457 -67.682778 80.462161
v 5.522562 -61.117594 82.531646
v -3.608945 -68.090970 85.161852
v 5.317991 -60.358081 83.097137
v -4.557740 -63.589831 86.316769
v 5.146373 -59.404646 83.097137
v -5.541193 -59.292642 88.066421
v 5.073260 -58.621469 82.531646
v -5.525541 -56.722322 84.080508
v 12.280397 -58.428973 96.048401
v 11.979189 -58.373051 95.425440
v 11.302381 -58.359239 95.271582
v 10.759622 -58.397938 95.702684
v 10.759622 -58.460007 96.394117
v 11.302381 -58.498706 96.825219
v 11.979189 -58.484894 96.671361
v 12.280397 -36.734961 97.995822
v 11.979189 -36.679040 97.372862
v 11.302381 -36.665228 97.219003
v 10.759622 -36.703927 97.650105
v 10.759622 -36.765996 98.341539
v 11.302381 -36.804695 98.772641
v 11.979189 -36.790883 98.618782
v -9.916103 -29.036841 2.908059
v -10.799569 -29.484148 3.031641
v -11.017767 -30.456400 2.977007
v -10.406390 -31.221472 2.785298
v -9.425816 -31.203248 2.600875
v -8.814438 -30.415452 2.562612
v -9.032636 -29.451310 2.699321
v 1.460648 -35.105574 62.798224
v 0.692416 -35.494537 62.905687
v 0.502679 -36.339973 62.858179
v 1.034312 -37.005253 62.691476
v 1.886985 -36.989406 62.531108
v 2.418618 -36.304366 62.497835
v 2.228880 -35.465982 62.616713
v 1.460648 -35.102881 62.765476
v 0.710497 -35.493029 62.960610
v 0.525225 -36.340787 62.959416
v 1.044346 -37.007775 62.762793
v 1.876951 -36.991738 62.518802
v 2.396072 -36.304752 62.411173
v 2.210800 -35.464131 62.520954
v 11.793836 -37.610170 97.862091
v 11.193715 -37.922288 98.018198
v 11.045498 -38.600495 98.017242
v 11.460794 -39.134085 97.859944
v 12.126879 -39.121255 97.664751
v 12.542175 -38.571666 97.578648
v 12.393958 -37.899170 97.666473
v -5.389825 -31.107569 23.818593
v -7.248825 -31.429255 23.019645
v -9.120052 -31.669828 23.818593
v 1.374437 -33.800897 24.007071
v -6.701609 -35.059682 23.208123
v -14.789881 -36.237353 24.007071
v 4.318148 -37.863350 24.235817
v -6.037482 -39.465738 23.436869
v -16.405337 -40.987012 24.235817
v 3.158315 -42.823562 24.478738
v -5.332201 -44.144821 23.679790
v -13.834943 -45.384965 24.478738
v -0.443859 -47.047589 24.665600
v -4.789677 -47.744115 23.866652
v -9.147722 -48.359527 24.665600
v -4.107615 -49.808471 24.777717
v -4.464163 -49.903692 23.978769
v -4.832937 -49.917799 24.777717
v -4.300757 -34.691685 49.808347
v -2.516793 -34.766761 49.031644
v -0.789962 -35.220869 49.808347
v -9.507239 -29.531594 50.875929
v -1.871950 -30.488643 50.099226
v 5.706207 -31.824725 50.875929
v -10.856605 -23.926462 52.193960
v -1.075830 -25.206901 51.417257
v 8.647813 -26.866373 52.193960
v -8.252540 -18.560690 53.598988
v -0.227163 -19.576537 52.822285
v 7.741083 -20.971417 53.598988
v -3.698835 -14.817623 54.679779
v 0.425659 -15.245488 53.903076
v 4.493021 -16.052386 54.679779
v 0.447458 -12.784926 55.328254
v 0.817352 -12.646858 54.551551
v 1.130113 -12.887823 55.328254
v 0.542213 -32.597467 50.789522
v -5.284499 -25.422445 49.962143
v 0.591796 -32.889250 49.938658
v -5.393596 -28.271729 46.597362
v 0.523806 -33.617543 49.412795
v -5.379041 -30.661927 42.890772
v 0.364215 -34.504164 49.412795
v -6.293575 -34.657979 44.517813
v 0.173979 -35.210453 49.938658
v -7.175881 -38.843689 45.591795
v 0.025763 -35.466632 50.789522
v -7.631997 -38.464102 49.962143
v -0.023820 -35.174849 51.640386
v -8.191847 -38.660815 54.332491
v 0.044170 -34.446556 52.166249
v -7.559208 -34.430165 55.406474
v 0.203761 -33.559935 52.166249
v -7.022908 -30.366030 57.033515
v 0.393997 -32.853646 51.640386
v -6.175800 -28.130932 53.326925
v 4.082168 -36.015961 70.384566
v 2.381005 -36.339126 69.587351
v 0.660015 -36.530391 70.384566
v 10.380066 -39.112109 70.719015
v 2.975315 -40.292659 69.921800
v -4.449264 -41.341309 70.719015
v 13.198614 -43.635516 71.128267
v 3.702548 -45.130440 70.331051
v -5.813347 -46.493464 71.128267
v 12.261251 -49.039714 71.563675
v 4.476261 -50.277423 70.766460
v -3.328557 -51.383231 71.563675
v 9.054023 -53.570522 71.898605
v 5.071425 -54.236641 71.101389
v 1.069000 -54.770860 71.898605
v 5.751319 -56.496207 72.099562
v 5.428524 -56.612171 71.302347
v 5.085901 -56.596235 72.099562
v 4.538690 -41.329237 83.670211
v 6.041968 -41.386188 82.887868
v 7.495552 -41.773723 83.670211
v 0.374314 -35.507861 84.767879
v 6.805697 -36.305623 83.985536
v 13.187386 -37.433969 84.767879
v -0.478316 -28.887652 86.139505
v 7.760039 -29.957045 85.357162
v 15.948700 -31.357021 86.139505
v 2.020126 -22.324462 87.605515
v 8.780050 -23.171611 86.823171
v 15.490280 -24.349345 87.605515
v 6.090154 -17.598772 88.733214
v 9.564674 -17.952047 87.950871
v 12.989500 -18.635907 88.733214
v 9.723129 -14.942387 89.409834
v 10.035449 -14.820309 88.627491
v 10.298074 -15.028815 89.409834
v 4.815312 -33.715756 89.908217
v -0.713397 -24.657155 89.076067
v 4.880574 -34.099806 88.788294
v -0.856993 -28.407433 84.647281
v 4.791086 -35.058399 88.096143
v -0.837835 -31.553455 79.768600
v 4.581028 -36.225385 88.096143
v -2.041562 -36.813131 81.910141
v 4.330637 -37.155015 88.788294
v -3.202868 -42.322439 83.323736
v 4.135552 -37.492202 89.908217
v -3.803216 -41.822819 89.076067
v 4.070290 -37.108153 91.028139
v -4.540101 -42.081737 94.828398
v 4.159779 -36.149560 91.720290
v -3.707410 -36.513278 96.241993
v 4.369836 -34.982574 91.720290
v -3.001523 -31.163991 98.383535
v 4.620228 -34.052943 91.028139
v -1.886544 -28.222114 93.504853
v 12.593836 -38.408447 97.809621
v 12.292628 -38.401783 97.184191
v 11.615820 -38.400137 97.029723
v 11.073061 -38.404749 97.462534
v 11.073061 -38.412145 98.156708
v 11.615820 -38.416757 98.589519
v 12.292628 -38.415111 98.435051
v 12.593836 -12.734961 98.083166
v 12.292628 -12.728298 97.457736
v 11.615820 -12.726652 97.303268
v 11.073061 -12.731263 97.736079
v 11.073061 -12.738660 98.430253
v 11.615820 -12.743271 98.863064
v 12.292628 -12.741625 98.708596
v -2.605165 -22.579132 7.597579
v -3.504187 -22.995546 7.716861
v -3.726228 -23.923777 8.008331
v -3.104085 -24.664848 8.252508
v -2.106246 -24.660717 8.265520
v -1.484103 -23.914496 8.037569
v -1.706143 -22.988103 7.740308
v -3.180196 -10.005391 47.703121
v -3.961955 -10.367490 47.806844
v -4.155033 -11.174648 48.060297
v -3.614040 -11.819057 48.272624
v -2.746353 -11.815465 48.283939
v -2.205360 -11.166577 48.085721
v -2.398438 -10.361018 47.827233
v -3.180196 -9.961596 48.084039
v -3.931445 -10.353915 48.270405
v -4.116987 -11.201515 48.257429
v -3.597108 -11.866136 48.054884
v -2.763285 -11.847304 47.815289
v -2.243405 -11.159201 47.719064
v -2.428948 -10.319981 47.838669
v 11.087348 -14.039623 97.416454
v 10.486349 -14.353478 97.565547
v 10.337915 -15.031558 97.555167
v 10.753819 -15.563255 97.393130
v 11.420877 -15.548190 97.201454
v 11.836781 -14.997707 97.124475
v 11.688346 -14.326332 97.220158
v -6.789391 -20.167369 21.614059
v -4.833075 -20.601726 20.823876
v -2.837911 -20.789238 21.614059
v -12.613614 -14.291717 20.839477
v -4.071499 -15.762523 20.049293
v 4.509463 -16.986483 20.839477
v -14.080537 -7.888731 19.875418
v -3.123629 -9.739569 19.085235
v 7.872126 -11.343560 19.875418
v -11.092577 -1.767817 18.845910
v -2.111409 -3.307720 18.055727
v 6.908607 -4.600776 18.845910
v -5.923413 2.488793 18.053981
v -1.332778 1.639856 17.263798
v 3.296705 1.037765 18.053981
v -1.230347 4.792284 17.578823
v -0.865599 4.608402 16.788640
v -0.462004 4.671365 17.578823
v -3.068748 -8.063200 37.303980
v -4.956154 -8.704135 36.579695
v -6.949188 -8.673889 37.303980
v 4.110611 -11.569317 39.452019
v -4.244195 -13.228068 38.727733
v -12.704628 -14.215636 39.452019
v 7.369340 -16.834514 42.129223
v -3.356845 -18.866464 41.404937
v -14.188658 -20.227231 42.129223
v 6.376998 -23.162860 44.989044
v -2.408967 -24.889465 44.264758
v -11.300561 -25.944888 44.989044
v 2.794535 -28.474481 47.188906
v -1.679831 -29.522543 46.464621
v -6.259825 -29.899423 47.188906
v -0.917898 -31.907426 48.508823
v -1.242349 -32.302390 47.784538
v -1.672428 -32.026171 48.508823
v -5.910505 -13.368706 42.194273
v -15.784895 -6.954082 41.180741
v -5.712310 -13.711270 41.056492
v -14.593040 -10.575888 36.681332
v -5.457926 -14.655725 40.353304
v -13.460281 -13.564677 31.724854
v -5.244518 -15.841320 40.353304
v -12.743138 -18.999266 33.900545
v -5.153603 -16.815199 41.056492
v -11.897169 -24.656520 35.336682
v -5.219905 -17.205372 42.194273
v -12.645804 -24.393473 41.180741
v -5.418101 -16.862808 43.332055
v -13.255726 -24.901060 47.024800
v -5.672485 -15.918354 44.035242
v -14.435551 -19.303900 48.460936
v -5.885892 -14.732759 44.035242
v -15.658472 -13.960351 50.636627
v -5.976808 -13.758880 43.332055
v -15.639009 -10.764163 45.680149
v -3.561032 -14.055639 58.771696
v -1.432360 -14.197204 57.991461
v 0.643722 -14.688297 58.771696
v -9.933280 -8.776408 59.739430
v -0.796685 -9.972403 58.959195
v 8.287319 -11.517927 59.739430
v -11.719135 -3.181068 60.932539
v -0.012968 -4.763688 60.152305
v 11.640608 -6.695836 60.932539
v -8.781566 2.053435 62.204014
v 0.822225 0.787144 61.423780
v 10.373424 -0.828675 62.204014
v -3.467161 5.620352 63.182072
v 1.464680 5.057015 62.401837
v 6.343931 4.144149 63.182072
v 1.415063 7.505681 63.768906
v 1.850154 7.618937 62.988672
v 2.232654 7.382664 63.768906
v 5.735305 -13.121345 78.720535
v 4.281707 -13.397405 77.922548
v 2.811233 -13.561309 78.720535
v 11.242627 -16.600876 79.023288
v 4.915576 -17.610208 78.225301
v -1.428351 -18.507385 79.023288
v 13.809417 -21.515073 79.395769
v 5.695433 -22.793271 78.597781
v -2.435426 -23.959314 79.395769
v 13.178078 -27.256004 79.792532
v 6.526130 -28.314221 78.994544
v -0.142694 -29.260282 79.792532
v 10.568106 -31.991737 80.097734
v 7.165127 -32.561106 79.299747
v 3.745272 -33.018319 80.097734
v 7.824372 -35.010385 80.280855
v 7.548525 -35.109237 79.482868
v 7.255803 -35.095933 80.280855
v 11.887348 -14.837163 97.353769
v 11.586140 -14.871061 96.729223
v 10.909331 -14.879433 96.574973
v 10.366573 -14.855975 97.007172
v 10.366573 -14.818352 97.700366
v 10.909331 -14.794894 98.132565
v 11.586140 -14.803266 97.978315
v 11.887348 11.265039 95.937062
v 11.586140 11.231141 95.312516
v 10.909331 11.222769 95.158266
v 10.366573 11.246227 95.590465
v 10.366573 11.283850 96.283659
v 10.909331 11.307308 96.715858
v 11.586140 11.298936 96.561608
v -6.089471 14.981258 1.115883
v -6.975170 14.529448 1.201175
v -7.193919 13.562477 1.087223
v -6.580997 12.808494 0.859835
v -5.597945 12.835264 0.690238
v -4.985023 13.622628 0.706143
v -5.203773 14.577686 0.895573
v 1.600261 7.968540 44.581818
v 0.830089 7.575661 44.655986
v 0.639872 6.734817 44.556897
v 1.172848 6.079179 44.359168
v 2.027675 6.102458 44.211693
v 2.560651 6.787122 44.225523
v 2.370434 7.617607 44.390244
v 1.600261 7.976142 44.329818
v 0.833920 7.616254 44.520139
v 0.644649 6.777833 44.639498
v 1.174974 6.092227 44.598017
v 2.025549 6.075711 44.426931
v 2.555873 6.740723 44.255072
v 2.366603 7.586494 44.211853
v 12.528781 12.973481 98.179894
v 11.915708 12.685570 98.332150
v 11.764292 12.014833 98.427638
v 12.188551 11.466349 98.394453
v 12.869011 11.453136 98.257584
v 13.293271 11.985146 98.120097
v 13.141854 12.661763 98.085521
v -3.251050 15.889959 16.308373
v -5.075352 15.617716 15.508387
v -6.898233 15.336109 16.308373
v 3.492388 12.435243 16.282161
v -4.410552 11.239915 15.482175
v -12.312071 10.035224 16.282161
v 6.541564 7.371646 16.249816
v -3.590211 5.837853 15.449830
v -13.720564 4.294697 16.249816
v 5.592363 1.336738 16.215341
v -2.715820 0.079871 15.415355
v -11.022581 -1.186360 16.215341
v 2.212546 -3.707869 16.188821
v -2.043212 -4.349347 15.388835
v -6.297548 -5.000188 16.188821
v -1.284349 -6.957712 16.172909
v -1.639647 -7.006877 15.372923
v -1.993523 -7.065406 16.172909
v -3.456684 6.109281 34.267543
v -1.806705 6.095625 33.502598
v -0.227055 5.618839 34.267543
v -8.134717 11.567115 35.704692
v -1.102023 10.736055 34.939747
v 5.860342 9.441866 35.704692
v -9.231968 17.638119 37.492070
v -0.225611 16.507345 36.727125
v 8.710416 14.913441 37.492070
v -6.681394 23.555006 39.400485
v 0.710149 22.669452 38.635540
v 8.031361 21.320769 39.400485
v -2.373101 27.750153 40.868497
v 1.429964 27.409535 40.103552
v 5.162700 26.605788 40.868497
v 1.512697 30.069702 41.749304
v 1.861853 30.253585 40.984359
v 2.140680 29.974338 41.749304
v -0.140042 10.712010 35.288182
v -7.204265 18.510928 34.303909
v -0.087212 10.401121 34.381604
v -7.320506 15.475074 30.718803
v -0.159653 9.625140 33.821307
v -7.304998 12.928366 26.769505
v -0.329695 8.680463 33.821307
v -8.279416 8.670653 28.503085
v -0.532387 7.927927 34.381604
v -9.219494 4.210863 29.647392
v -0.690308 7.654973 35.288182
v -9.705477 4.615305 34.303909
v -0.743138 7.965862 36.194761
v -10.301986 4.405711 38.960427
v -0.670697 8.741844 36.755058
v -9.627922 8.913384 40.104734
v -0.500655 9.686520 36.755058
v -9.056506 13.243637 41.838314
v -0.297963 10.439057 36.194761
v -8.153929 15.625090 37.889016
v 4.127185 11.324654 55.861255
v 2.214502 10.844293 55.084141
v 0.245199 10.739650 55.861255
v 11.352359 7.288307 57.100210
v 2.969700 5.832937 56.323096
v -5.469579 4.753287 57.100210
v 14.667922 1.386643 58.647661
v 3.912939 -0.426229 57.870546
v -6.898664 -1.863383 58.647661
v 13.734972 -5.595051 60.301427
v 4.920982 -7.115421 59.524312
v -3.949629 -8.260072 60.301427
v 10.197073 -11.390588 61.573554
v 5.696399 -12.260953 60.796439
v 1.139106 -12.755598 61.573554
v 6.510755 -15.103537 62.336830
v 6.161650 -15.348272 61.559715
v 5.755925 -15.217288 62.336830
v 4.992512 7.363849 77.973454
v 6.588363 7.166628 77.174599
v 8.171463 6.884790 77.973454
v 0.449472 13.173735 78.244900
v 7.343576 12.178082 77.446045
v 14.224928 11.097812 78.244900
v -0.551743 19.713967 78.583294
v 8.285053 18.425556 77.784439
v 17.109097 17.052527 78.583294
v 2.043481 26.148400 78.944790
v 9.290801 25.099519 78.145935
v 16.525370 23.966019 78.944790
v 6.349301 30.749930 79.222863
v 10.064453 30.233337 78.424008
v 13.766854 29.632125 79.222863
v 10.213204 33.317893 79.389707
v 10.528645 33.313627 78.590852
v 10.831333 33.224743 79.389707
v 12.934982 15.989317 79.196065
v 4.553616 24.384236 78.046225
v 12.990716 15.661333 78.239636
v 4.430983 21.181451 74.263986
v 12.914292 14.842683 77.648531
v 4.447345 18.494709 70.097531
v 12.734900 13.846062 77.648531
v 3.419347 14.002880 71.926434
v 12.521063 13.052147 78.239636
v 2.427576 9.297862 73.133662
v 12.354458 12.764184 79.196065
v 1.914871 9.724543 78.046225
v 12.298724 13.092168 80.152493
v 1.285562 9.503425 82.958788
v 12.375148 13.910818 80.743598
v 1.996691 14.258958 84.166016
v 12.554540 14.907439 80.743598
v 2.599527 18.827316 85.994919
v 12.768377 15.701354 80.152493
v 3.551734 21.339716 81.828464
v 13.328781 12.177183 98.256762
v 13.027573 12.172244 97.631317
v 12.350764 12.171024 97.476844
v 11.808006 12.174442 97.909666
v 11.808006 12.179923 98.603859
v 12.350764 12.183341 99.036680
v 13.027573 12.182121 98.882208
v 13.328781 35.265039 98.074443
v 13.027573 35.260100 97.448998
v 12.350764 35.258880 97.294525
v 11.808006 35.262298 97.727347
v 11.808006 35.267779 98.421539
v 12.350764 35.271197 98.854361
v 13.027573 35.269978 98.699889
v -6.503270 32.381454 3.881629
v -7.399830 31.958439 3.996117
v -7.621262 30.993167 4.118949
v -7.000823 30.212508 4.157628
v -6.005716 30.204313 4.083029
v -5.385277 30.974754 3.951327
v -5.606709 31.943673 3.861695
v -2.455886 38.092203 57.244098
v -3.235503 37.724364 57.343654
v -3.428053 36.884997 57.450464
v -2.888541 36.206163 57.484098
v -2.023231 36.199037 57.419229
v -1.483719 36.868986 57.304705
v -1.676268 37.711524 57.226765
v -2.455886 38.097031 57.401250
v -3.178749 37.706668 57.680723
v -3.357281 36.858102 57.713631
v -2.857045 36.190322 57.475193
v -2.054727 36.206179 57.144958
v -1.554490 36.893733 56.971599
v -1.733023 37.735241 57.085659
v 11.424296 36.281736 91.036412
v 10.846006 35.969445 91.259992
v 10.703180 35.290593 91.286318
v 11.103369 34.756368 91.095567
v 11.745223 34.769054 90.831379
v 12.145413 35.319097 90.692692
v 12.002587 35.992304 90.783940
v -8.202565 32.801427 22.591448
v -6.549712 32.584825 21.792106
v -4.906544 32.304050 22.591448
v -13.121612 37.436313 22.747705
v -5.975390 36.390750 21.948363
v 1.161148 35.281013 22.747705
v -14.435683 42.380116 22.938200
v -5.275226 41.030600 22.138858
v 3.875547 39.616910 22.938200
v -12.043375 47.063743 23.140703
v -4.530929 45.962916 22.341361
v 2.971834 44.797914 23.140703
v -7.808592 50.305191 23.296474
v -3.958392 49.757005 22.497132
v -0.117876 49.144644 23.296474
v -3.940159 52.049727 23.389936
v -3.614870 52.033458 22.590595
v -3.299266 51.953015 23.389936
v -3.581049 37.621160 45.606924
v -4.976306 37.208620 44.832258
v -6.431168 37.191070 45.606924
v 1.817131 34.043929 46.726589
v -4.328325 32.914573 45.951923
v -10.533386 32.180208 46.726589
v 4.359271 29.002662 48.109624
v -3.527924 27.610474 47.334958
v -11.474725 26.613277 48.109624
v 3.787537 23.132791 49.584109
v -2.674598 21.955648 48.809444
v -9.196339 21.173495 49.584109
v 1.277143 18.305048 50.718329
v -2.018194 17.605781 49.943663
v -5.373136 17.301506 50.718329
v -1.377059 15.235171 51.398861
v -1.624351 14.995861 50.624195
v -1.931248 15.151542 51.398861
v -4.887832 36.775153 48.651888
v -13.570500 41.823470 47.748288
v -4.727883 36.498694 47.733665
v -12.608639 38.900565 44.117133
v -4.522587 35.736491 47.166172
v -11.694469 36.488525 40.117110
v -4.350362 34.779681 47.166172
v -11.115713 32.102652 41.872956
v -4.276990 33.993732 47.733665
v -10.432991 27.537082 43.031961
v -4.330498 33.678851 48.651888
v -11.037162 27.749368 47.748288
v -4.490447 33.955310 49.570111
v -11.529386 27.339730 52.464616
v -4.695743 34.717513 50.137604
v -12.481540 31.856803 53.623620
v -4.867969 35.674323 50.137604
v -13.468474 36.169204 55.379467
v -4.941340 36.460271 49.570111
v -13.452766 38.748622 51.379443
v -2.224662 35.363547 64.675582
v -0.593185 35.274135 63.890518
v 0.992592 34.880403 64.675582
v -7.025760 39.904440 65.415951
v -0.032191 39.009788 64.630887
v 6.915676 37.810815 65.415951
v -8.307992 44.753568 66.318483
v 0.651677 43.563661 65.533419
v 9.565644 42.069433 66.318483
v -5.972401 49.352842 67.277890
v 1.378640 48.404508 66.492826
v 8.683981 47.151852 67.277890
v -1.838471 52.539744 68.015896
v 1.937843 52.128236 67.230832
v 5.668456 51.412407 68.015896
v 1.937726 54.257285 68.458699
v 2.273365 54.362473 67.673635
v 2.563303 54.163340 68.458699
v 6.377241 36.582684 77.923241
v 4.660184 36.243518 77.127292
v 2.919244 36.063387 77.923241
v 12.809543 32.993477 78.378314
v 5.329159 31.788816 77.582365
v -2.175108 30.743190 78.378314
v 15.749717 27.804141 78.940853
v 6.156113 26.282132 78.144904
v -3.461373 24.919157 78.940853
v 14.902500 21.672716 79.540688
v 7.037895 20.410356 78.744740
v -0.850594 19.307030 79.540688
v 11.738575 16.578969 80.002100
v 7.716188 15.893605 79.206151
v 3.669917 15.367276 80.002100
v 8.447416 13.313559 80.278947
v 8.123164 13.183554 79.482998
v 7.775028 13.212584 80.278947
v 6.675638 33.811554 79.991454
v -2.322593 38.916191 79.052354
v 6.838324 33.530364 79.057520
v -1.344274 35.943274 75.359067
v 7.047132 32.755119 78.480316
v -0.414462 33.489961 71.290600
v 7.222305 31.781938 78.480316
v 0.174197 29.029043 73.076490
v 7.296932 30.982541 79.057520
v 0.868601 24.385353 74.255326
v 7.242508 30.662271 79.991454
v 0.254092 24.601271 79.052354
v 7.079822 30.943461 80.925389
v -0.246555 24.184625 83.849381
v 6.871014 31.718705 81.502592
v -1.215000 28.778988 85.028217
v 6.695841 32.691887 81.502592
v -2.218821 33.165177 86.814107
v 6.621214 33.491284 80.925389
v -2.202845 35.788731 82.745640
v 12.224296 35.482657 90.998043
v 11.923088 35.516240 90.373480
v 11.246279 35.524534 90.219226
v 10.703521 35.501294 90.651437
v 10.703521 35.464019 91.344649
v 11.246279 35.440779 91.776860
v 11.923088 35.449074 91.622606
v 12.224296 59.265039 92.276841
v 11.923088 59.298622 91.652278
v 11.246279 59.306916 91.498024
v 10.703521 59.283676 91.930235
v 10.703521 59.246401 92.623447
v 11.246279 59.223161 93.055658
v 11.923088 59.231455 92.901404
v -4.457945 62.742824 5.725485
v -5.356682 62.310544 5.761197
v -5.578652 61.338035 5.789927
v -4.956706 60.557617 5.790041
v -3.959183 60.556959 5.761454
v -3.337238 61.336558 5.725691
v -3.559208 62.309360 5.709684
v -3.121193 63.664997 52.348339
v -3.902703 63.289101 52.379392
v -4.095721 62.443441 52.404375
v -3.554899 61.764816 52.404474
v -2.687487 61.764244 52.379616
v -2.146665 62.442157 52.348518
v -2.339683 63.288071 52.334599
v -3.121193 63.660821 52.465454
v -3.855105 63.260616 52.698326
v -4.036366 62.412096 52.684963
v -3.528483 61.754214 52.435429
v -2.713903 61.782369 52.137627
v -2.206020 62.475360 52.015809
v -2.387281 63.311350 52.161706
v 12.738218 59.396709 95.442768
v 12.151089 59.076545 95.629065
v 12.006079 58.397729 95.618375
v 12.412386 57.871423 95.418748
v 13.064050 57.893947 95.180507
v 13.470357 58.448340 95.083052
v 13.325348 59.117132 95.199769
v -3.800942 64.875878 21.815638
v -5.426654 64.495510 21.027100
v -7.092409 64.382027 21.815638
v 2.239250 62.003864 22.455028
v -4.872243 60.800412 21.666490
v -12.023778 59.863844 22.455028
v 4.925566 57.807759 23.233333
v -4.197379 56.302509 22.444795
v -13.360367 55.064144 23.233333
v 3.996992 52.781033 24.060416
v -3.480219 51.522708 23.271878
v -10.997473 50.531268 24.060416
v 0.891467 48.555540 24.696634
v -2.928558 47.845938 23.908096
v -6.788625 47.403222 24.696634
v -2.297579 45.821332 25.078365
v -2.597561 45.639877 24.289827
v -2.937586 45.725306 25.078365
v -6.784602 60.648419 42.407541
v -4.867958 60.461687 41.613781
v -2.980908 60.077714 42.407541
v -12.558854 65.366844 42.886140
v -4.302721 64.228937 42.092380
v 3.923819 62.893789 42.886140
v -14.194462 70.306873 43.469424
v -3.613849 68.820202 42.675664
v 6.937170 67.136290 43.469424
v -11.560372 74.901848 44.089431
v -2.881606 73.700530 43.295671
v 5.767566 72.301970 44.089431
v -6.770782 78.021829 44.566360
v -2.318342 77.454628 43.772600
v 2.104503 76.690185 44.566360
v -2.364985 79.663951 44.852517
v -1.980384 79.707087 44.058757
v -1.625378 79.552981 44.852517
v -5.859833 65.336346 42.553339
v -11.889197 73.119559 41.689681
v -5.805623 65.017334 41.623070
v -12.008476 70.004374 38.010890
v -5.879958 64.221074 41.048133
v -11.992562 67.391116 33.958391
v -6.054443 63.251712 41.048133
v -12.992443 63.022143 35.737272
v -6.262432 62.479510 41.623070
v -13.957088 58.445812 36.911481
v -6.424479 62.199424 42.553339
v -14.455770 58.860823 41.689681
v -6.478689 62.518437 43.483608
v -15.067867 58.645752 46.467881
v -6.404355 63.314696 44.058546
v -14.376188 63.271217 47.642090
v -6.229870 64.284058 44.058546
v -13.789840 67.714626 49.420971
v -6.021881 65.056260 43.483608
v -12.863677 70.158310 45.368472
v 0.303508 65.108515 61.967691
v -1.134919 64.846957 61.168920
v -2.586556 64.673072 61.967691
v 5.808464 61.266732 62.224045
v -0.446736 60.279437 61.425275
v -6.715145 59.379814 62.224045
v 8.426738 55.877229 62.541469
v 0.405388 54.623830 61.742698
v -7.629171 53.458103 62.541469
v 7.890659 49.626725 62.880062
v 1.314341 48.591047 62.081291
v -5.275187 47.643042 62.880062
v 5.378671 44.502298 63.140518
v 2.013535 43.950445 62.341748
v -1.364811 43.486265 63.140518
v 2.707425 41.252255 63.296792
v 2.433052 41.166084 62.498021
v 2.145468 41.167586 63.296792
v 3.405826 61.786750 79.309183
v 5.520881 61.658722 78.531712
v 7.579763 61.157868 79.309183
v -2.975765 66.651009 80.244943
v 6.095852 65.474844 79.467472
v 15.111295 63.925851 80.244943
v -4.823585 71.700651 81.388938
v 6.798771 70.140168 80.611467
v 18.364954 68.206859 81.388938
v -1.988924 76.348697 82.605801
v 7.546463 75.102656 81.828330
v 17.025678 73.483788 82.605801
v 3.223932 79.467237 83.541849
v 8.121611 78.919954 82.764378
v 12.963118 77.999844 83.541849
v 8.032814 81.085061 84.103478
v 8.466700 81.210333 83.326007
v 8.844413 80.962778 84.103478
vt -0.083889 -0.505760
vt -0.081689 -0.515209
vt -0.087855 -0.523011
vt -0.097745 -0.523292
vt -0.103911 -0.515840
vt -0.101710 -0.506266
vt -0.092800 -0.501780
vt -0.029162 -0.602615
vt -0.036910 -0.606515
vt -0.038824 -0.614840
vt -0.033462 -0.621321
vt -0.024862 -0.621077
vt -0.019500 -0.614292
vt -0.021413 -0.606076
vt -0.092800 0.005253
vt -0.101710 0.005516
vt -0.036910 0.466647
vt -0.029162 0.466418
vt -0.506266 0.005516
vt -0.515840 0.003758
vt -0.614840 0.465118
vt -0.606515 0.466647
vt -0.515840 0.003758
vt -0.523292 0.001303
vt -0.621321 0.462984
vt -0.614840 0.465118
vt -0.097745 0.001303
vt -0.087855 0.000000
vt -0.024862 0.461850
vt -0.033462 0.462984
vt -0.523011 0.000000
vt -0.515209 0.000830
vt -0.614292 0.462572
vt -0.621077 0.461850
vt -0.515209 0.000830
vt -0.505760 0.003168
vt -0.606076 0.464605
vt -0.614292 0.462572
vt -0.083889 0.003168
vt -0.092800 0.005253
vt -0.029162 0.466418
vt -0.021413 0.464605
vt -0.021652 -0.606289
vt -0.019797 -0.614766
vt -0.024994 -0.621454
vt -0.033329 -0.621318
vt -0.038526 -0.614459
vt -0.036671 -0.606043
vt -0.029162 -0.602407
vt 0.114804 -0.576303
vt 0.108796 -0.579211
vt 0.107313 -0.585944
vt 0.111470 -0.591431
vt 0.118138 -0.591541
vt 0.122295 -0.586190
vt 0.120812 -0.579408
vt -0.029162 0.463748
vt -0.036671 0.466133
vt 0.108796 0.961940
vt 0.114804 0.960032
vt -0.606043 0.466133
vt -0.614459 0.467148
vt -0.585944 0.962751
vt -0.579211 0.961940
vt -0.614459 0.467148
vt -0.621318 0.466028
vt -0.591431 0.961856
vt -0.585944 0.962751
vt -0.033329 0.466028
vt -0.024994 0.463618
vt 0.118138 0.959927
vt 0.111470 0.961856
vt -0.621454 0.463618
vt -0.614766 0.461731
vt -0.586190 0.958418
vt -0.591541 0.959927
vt -0.614766 0.461731
vt -0.606289 0.461789
vt -0.579408 0.958464
vt -0.586190 0.958418
vt -0.021652 0.461789
vt -0.029162 0.463748
vt 0.114804 0.960032
vt 0.120812 0.958464
vt -0.104607 -0.551012
vt -0.165847 -0.505188
vt -0.078721 -0.515785
vt -0.084181 -0.551374
vt -0.084181 -0.551374
vt -0.078721 -0.515785
vt -0.165847 -0.505188
vt -0.104607 -0.551012
vt -0.084181 -0.551374
vt -0.078721 -0.515785
vt 0.007575 -0.531797
vt -0.064587 -0.557153
vt -0.064587 -0.557153
vt 0.007575 -0.531797
vt -0.078721 -0.515785
vt -0.084181 -0.551374
vt -0.165847 -0.505188
vt -0.183650 -0.458069
vt -0.072066 -0.472418
vt -0.078721 -0.515785
vt -0.078721 -0.515785
vt -0.072066 -0.472418
vt -0.183650 -0.458069
vt -0.165847 -0.505188
vt -0.078721 -0.515785
vt -0.072066 -0.472418
vt 0.038686 -0.492183
vt 0.007575 -0.531797
vt 0.007575 -0.531797
vt 0.038686 -0.492183
vt -0.072066 -0.472418
vt -0.078721 -0.515785
vt -0.183650 -0.458069
vt -0.156567 -0.415044
vt -0.064994 -0.426323
vt -0.072066 -0.472418
vt -0.072066 -0.472418
vt -0.064994 -0.426323
vt -0.156567 -0.415044
vt -0.183650 -0.458069
vt -0.072066 -0.472418
vt -0.064994 -0.426323
vt 0.025748 -0.443018
vt 0.038686 -0.492183
vt 0.038686 -0.492183
vt 0.025748 -0.443018
vt -0.064994 -0.426323
vt -0.072066 -0.472418
vt -0.156567 -0.415044
vt -0.106659 -0.386409
vt -0.059553 -0.390865
vt -0.064994 -0.426323
vt -0.064994 -0.426323
vt -0.059553 -0.390865
vt -0.106659 -0.386409
vt -0.156567 -0.415044
vt -0.064994 -0.426323
vt -0.059553 -0.390865
vt -0.013278 -0.400737
vt 0.025748 -0.443018
vt 0.025748 -0.443018
vt -0.013278 -0.400737
vt -0.059553 -0.390865
vt -0.064994 -0.426323
vt -0.106659 -0.386409
vt -0.060595 -0.371701
vt -0.056289 -0.369590
vt -0.059553 -0.390865
vt -0.059553 -0.390865
vt -0.056289 -0.369590
vt -0.060595 -0.371701
vt -0.106659 -0.386409
vt -0.059553 -0.390865
vt -0.056289 -0.369590
vt -0.052813 -0.372895
vt -0.013278 -0.400737
vt -0.013278 -0.400737
vt -0.052813 -0.372895
vt -0.056289 -0.369590
vt -0.059553 -0.390865
vt -0.041059 -0.560958
vt 0.033268 -0.598264
vt -0.053938 -0.611151
vt -0.061241 -0.563560
vt -0.061241 -0.563560
vt -0.053938 -0.611151
vt 0.033268 -0.598264
vt -0.041059 -0.560958
vt -0.061241 -0.563560
vt -0.053938 -0.611151
vt -0.140997 -0.625003
vt -0.081274 -0.567128
vt -0.081274 -0.567128
vt -0.140997 -0.625003
vt -0.053938 -0.611151
vt -0.061241 -0.563560
vt 0.033268 -0.598264
vt 0.066914 -0.653606
vt -0.044868 -0.670263
vt -0.053938 -0.611151
vt -0.053938 -0.611151
vt -0.044868 -0.670263
vt 0.066914 -0.653606
vt 0.033268 -0.598264
vt -0.053938 -0.611151
vt -0.044868 -0.670263
vt -0.156502 -0.687886
vt -0.140997 -0.625003
vt -0.140997 -0.625003
vt -0.156502 -0.687886
vt -0.044868 -0.670263
vt -0.053938 -0.611151
vt 0.066914 -0.653606
vt 0.056488 -0.719789
vt -0.035187 -0.733361
vt -0.044868 -0.670263
vt -0.044868 -0.670263
vt -0.035187 -0.733361
vt 0.056488 -0.719789
vt 0.066914 -0.653606
vt -0.044868 -0.670263
vt -0.035187 -0.733361
vt -0.126713 -0.747899
vt -0.156502 -0.687886
vt -0.156502 -0.687886
vt -0.126713 -0.747899
vt -0.035187 -0.733361
vt -0.044868 -0.670263
vt 0.056488 -0.719789
vt 0.019252 -0.775182
vt -0.027739 -0.781898
vt -0.035187 -0.733361
vt -0.035187 -0.733361
vt -0.027739 -0.781898
vt 0.019252 -0.775182
vt 0.056488 -0.719789
vt -0.035187 -0.733361
vt -0.027739 -0.781898
vt -0.074582 -0.789580
vt -0.126713 -0.747899
vt -0.126713 -0.747899
vt -0.074582 -0.789580
vt -0.027739 -0.781898
vt -0.035187 -0.733361
vt 0.019252 -0.775182
vt -0.019287 -0.810904
vt -0.023271 -0.811021
vt -0.027739 -0.781898
vt -0.027739 -0.781898
vt -0.023271 -0.811021
vt -0.019287 -0.810904
vt 0.019252 -0.775182
vt -0.027739 -0.781898
vt -0.023271 -0.811021
vt -0.027106 -0.812103
vt -0.074582 -0.789580
vt -0.074582 -0.789580
vt -0.027106 -0.812103
vt -0.023271 -0.811021
vt -0.027739 -0.781898
vt -0.033875 0.383220
vt -0.032167 0.373411
vt -0.126122 0.333604
vt -0.136398 0.372395
vt -0.136398 0.372395
vt -0.126122 0.333604
vt -0.032167 0.373411
vt -0.033875 0.383220
vt -0.032167 0.373411
vt -0.029974 0.367348
vt -0.116356 0.290872
vt -0.126122 0.333604
vt -0.126122 0.333604
vt -0.116356 0.290872
vt -0.029974 0.367348
vt -0.032167 0.373411
vt -0.029974 -0.602867
vt -0.028134 -0.613088
vt -0.110174 -0.643445
vt -0.116356 -0.596591
vt -0.116356 -0.596591
vt -0.110174 -0.643445
vt -0.028134 -0.613088
vt -0.029974 -0.602867
vt -0.028134 -0.613088
vt -0.027350 -0.621485
vt -0.102880 -0.692218
vt -0.110174 -0.643445
vt -0.110174 -0.643445
vt -0.102880 -0.692218
vt -0.027350 -0.621485
vt -0.028134 -0.613088
vt -0.027350 0.373411
vt -0.027921 0.383220
vt -0.109334 0.372395
vt -0.102880 0.322011
vt -0.102880 0.322011
vt -0.109334 0.372395
vt -0.027921 0.383220
vt -0.027350 0.373411
vt -0.027921 0.383220
vt -0.029630 0.393030
vt -0.114593 0.422779
vt -0.109334 0.372395
vt -0.109334 0.372395
vt -0.114593 0.422779
vt -0.029630 0.393030
vt -0.027921 0.383220
vt -0.029630 -0.621895
vt -0.031823 -0.613753
vt -0.124765 -0.646071
vt -0.114593 -0.694327
vt -0.114593 -0.694327
vt -0.124765 -0.646071
vt -0.031823 -0.613753
vt -0.029630 -0.621895
vt -0.031823 -0.613753
vt -0.033663 -0.603531
vt -0.135308 -0.600002
vt -0.124765 -0.646071
vt -0.124765 -0.646071
vt -0.135308 -0.600002
vt -0.033663 -0.603531
vt -0.031823 -0.613753
vt -0.033663 0.399092
vt -0.034447 0.393030
vt -0.135140 0.411187
vt -0.135308 0.453919
vt -0.135308 0.453919
vt -0.135140 0.411187
vt -0.034447 0.393030
vt -0.033663 0.399092
vt -0.034447 0.393030
vt -0.033875 0.383220
vt -0.136398 0.372395
vt -0.135140 0.411187
vt -0.135140 0.411187
vt -0.136398 0.372395
vt -0.033875 0.383220
vt -0.034447 0.393030
vt -0.032710 -0.608245
vt -0.090768 -0.552012
vt -0.006108 -0.563986
vt -0.013089 -0.610447
vt -0.013089 -0.610447
vt -0.006108 -0.563986
vt -0.090768 -0.552012
vt -0.032710 -0.608245
vt -0.013089 -0.610447
vt -0.006108 -0.563986
vt 0.078332 -0.577418
vt 0.006313 -0.614108
vt 0.006313 -0.614108
vt 0.078332 -0.577418
vt -0.006108 -0.563986
vt -0.013089 -0.610447
vt -0.090768 -0.552012
vt -0.105959 -0.490813
vt 0.002548 -0.506370
vt -0.006108 -0.563986
vt -0.006108 -0.563986
vt 0.002548 -0.506370
vt -0.105959 -0.490813
vt -0.090768 -0.552012
vt -0.006108 -0.563986
vt 0.002548 -0.506370
vt 0.110836 -0.523384
vt 0.078332 -0.577418
vt 0.078332 -0.577418
vt 0.110836 -0.523384
vt 0.002548 -0.506370
vt -0.006108 -0.563986
vt -0.105959 -0.490813
vt -0.077211 -0.432266
vt 0.011785 -0.444891
vt 0.002548 -0.506370
vt 0.002548 -0.506370
vt 0.011785 -0.444891
vt -0.077211 -0.432266
vt -0.105959 -0.490813
vt 0.002548 -0.506370
vt 0.011785 -0.444891
vt 0.100561 -0.458974
vt 0.110836 -0.523384
vt 0.110836 -0.523384
vt 0.100561 -0.458974
vt 0.011785 -0.444891
vt 0.002548 -0.506370
vt -0.077211 -0.432266
vt -0.026747 -0.391489
vt 0.018890 -0.397600
vt 0.011785 -0.444891
vt 0.011785 -0.444891
vt 0.018890 -0.397600
vt -0.026747 -0.391489
vt -0.077211 -0.432266
vt 0.011785 -0.444891
vt 0.018890 -0.397600
vt 0.064307 -0.405169
vt 0.100561 -0.458974
vt 0.100561 -0.458974
vt 0.064307 -0.405169
vt 0.018890 -0.397600
vt 0.011785 -0.444891
vt -0.026747 -0.391489
vt 0.019249 -0.369384
vt 0.023153 -0.369225
vt 0.018890 -0.397600
vt 0.018890 -0.397600
vt 0.023153 -0.369225
vt 0.019249 -0.369384
vt -0.026747 -0.391489
vt 0.018890 -0.397600
vt 0.023153 -0.369225
vt 0.026837 -0.370524
vt 0.064307 -0.405169
vt 0.064307 -0.405169
vt 0.026837 -0.370524
vt 0.023153 -0.369225
vt 0.018890 -0.397600
vt 0.065315 -0.553718
vt 0.133529 -0.585010
vt 0.053023 -0.598727
vt 0.046919 -0.558104
vt 0.046919 -0.558104
vt 0.053023 -0.598727
vt 0.133529 -0.585010
vt 0.065315 -0.553718
vt 0.046919 -0.558104
vt 0.053023 -0.598727
vt -0.027960 -0.609272
vt 0.028048 -0.559317
vt 0.028048 -0.559317
vt -0.027960 -0.609272
vt 0.053023 -0.598727
vt 0.046919 -0.558104
vt 0.133529 -0.585010
vt 0.163801 -0.631490
vt 0.060520 -0.648628
vt 0.053023 -0.598727
vt 0.053023 -0.598727
vt 0.060520 -0.648628
vt 0.163801 -0.631490
vt 0.133529 -0.585010
vt 0.053023 -0.598727
vt 0.060520 -0.648628
vt -0.043237 -0.662596
vt -0.027960 -0.609272
vt -0.027960 -0.609272
vt -0.043237 -0.662596
vt 0.060520 -0.648628
vt 0.053023 -0.598727
vt 0.163801 -0.631490
vt 0.153151 -0.687426
vt 0.068503 -0.701765
vt 0.060520 -0.648628
vt 0.060520 -0.648628
vt 0.068503 -0.701765
vt 0.153151 -0.687426
vt 0.163801 -0.631490
vt 0.060520 -0.648628
vt 0.068503 -0.701765
vt -0.016621 -0.712932
vt -0.043237 -0.662596
vt -0.043237 -0.662596
vt -0.016621 -0.712932
vt 0.068503 -0.701765
vt 0.060520 -0.648628
vt 0.153151 -0.687426
vt 0.117884 -0.734521
vt 0.074644 -0.742639
vt 0.068503 -0.701765
vt 0.068503 -0.701765
vt 0.074644 -0.742639
vt 0.117884 -0.734521
vt 0.153151 -0.687426
vt 0.068503 -0.701765
vt 0.074644 -0.742639
vt 0.030928 -0.747586
vt -0.016621 -0.712932
vt -0.016621 -0.712932
vt 0.030928 -0.747586
vt 0.074644 -0.742639
vt 0.068503 -0.701765
vt 0.117884 -0.734521
vt 0.081714 -0.765034
vt 0.078329 -0.767164
vt 0.074644 -0.742639
vt 0.074644 -0.742639
vt 0.078329 -0.767164
vt 0.081714 -0.765034
vt 0.117884 -0.734521
vt 0.074644 -0.742639
vt 0.078329 -0.767164
vt 0.074467 -0.766122
vt 0.030928 -0.747586
vt 0.030928 -0.747586
vt 0.074467 -0.766122
vt 0.078329 -0.767164
vt 0.074644 -0.742639
vt 0.051266 0.816167
vt 0.052860 0.807017
vt -0.046844 0.768438
vt -0.056429 0.804622
vt -0.056429 0.804622
vt -0.046844 0.768438
vt 0.052860 0.807017
vt 0.051266 0.816167
vt 0.052860 0.807017
vt 0.054905 0.801362
vt -0.037734 0.728579
vt -0.046844 0.768438
vt -0.046844 0.768438
vt -0.037734 0.728579
vt 0.054905 0.801362
vt 0.052860 0.807017
vt 0.054905 -0.593427
vt 0.056622 -0.602961
vt -0.031967 -0.633448
vt -0.037734 -0.589744
vt -0.037734 -0.589744
vt -0.031967 -0.633448
vt 0.056622 -0.602961
vt 0.054905 -0.593427
vt 0.056622 -0.602961
vt 0.057353 -0.610793
vt -0.025164 -0.678943
vt -0.031967 -0.633448
vt -0.031967 -0.633448
vt -0.025164 -0.678943
vt 0.057353 -0.610793
vt 0.056622 -0.602961
vt 0.057353 0.807017
vt 0.056819 0.816167
vt -0.031185 0.804622
vt -0.025164 0.757625
vt -0.025164 0.757625
vt -0.031185 0.804622
vt 0.056819 0.816167
vt 0.057353 0.807017
vt 0.056819 0.816167
vt 0.055226 0.825316
vt -0.036089 0.851619
vt -0.031185 0.804622
vt -0.031185 0.804622
vt -0.036089 0.851619
vt 0.055226 0.825316
vt 0.056819 0.816167
vt 0.055226 -0.611176
vt 0.053180 -0.603581
vt -0.045577 -0.635898
vt -0.036089 -0.680910
vt -0.036089 -0.680910
vt -0.045577 -0.635898
vt 0.053180 -0.603581
vt 0.055226 -0.611176
vt 0.053180 -0.603581
vt 0.051464 -0.594046
vt -0.055412 -0.592926
vt -0.045577 -0.635898
vt -0.045577 -0.635898
vt -0.055412 -0.592926
vt 0.051464 -0.594046
vt 0.053180 -0.603581
vt 0.051464 0.830971
vt 0.050733 0.825316
vt -0.055255 0.840805
vt -0.055412 0.880664
vt -0.055412 0.880664
vt -0.055255 0.840805
vt 0.050733 0.825316
vt 0.051464 0.830971
vt 0.050733 0.825316
vt 0.051266 0.816167
vt -0.056429 0.804622
vt -0.055255 0.840805
vt -0.055255 0.840805
vt -0.056429 0.804622
vt 0.051266 0.816167
vt 0.050733 0.825316
vt 0.119792 0.966714
vt 0.113024 0.968252
vt 0.107596 0.963941
vt 0.107596 0.957027
vt 0.113024 0.952716
vt 0.119792 0.954254
vt 0.122804 0.960484
vt 0.122804 0.979958
vt 0.119792 0.973729
vt 0.113024 0.972190
vt 0.107596 0.976501
vt 0.107596 0.983415
vt 0.113024 0.987726
vt 0.119792 0.986188
vt -0.584290 0.960484
vt -0.583731 0.954254
vt -0.366790 0.973729
vt -0.367350 0.979958
vt 0.119792 -0.583731
vt 0.113024 -0.583592
vt 0.113024 -0.366652
vt 0.119792 -0.366790
vt 0.113024 -0.583592
vt 0.107596 -0.583979
vt 0.107596 -0.367039
vt 0.113024 -0.366652
vt -0.583979 0.957027
vt -0.584600 0.963941
vt -0.367660 0.983415
vt -0.367039 0.976501
vt 0.107596 -0.584600
vt 0.113024 -0.584987
vt 0.113024 -0.368047
vt 0.107596 -0.367660
vt 0.113024 -0.584987
vt 0.119792 -0.584849
vt 0.119792 -0.367909
vt 0.113024 -0.368047
vt -0.584849 0.966714
vt -0.584290 0.960484
vt -0.367350 0.979958
vt -0.367909 0.986188
vt -0.090326 -0.294513
vt -0.088144 -0.304155
vt -0.094258 -0.312032
vt -0.104064 -0.312215
vt -0.110178 -0.304564
vt -0.107996 -0.294841
vt -0.099161 -0.290368
vt 0.014606 -0.351056
vt 0.006924 -0.354945
vt 0.005027 -0.363400
vt 0.010343 -0.370053
vt 0.018870 -0.369894
vt 0.024186 -0.363044
vt 0.022289 -0.354660
vt -0.099161 0.029081
vt -0.107996 0.030316
vt 0.006924 0.629057
vt 0.014606 0.627982
vt -0.294841 0.030316
vt -0.304564 0.029770
vt -0.363400 0.628582
vt -0.354945 0.629057
vt -0.304564 0.029770
vt -0.312215 0.027853
vt -0.370053 0.626915
vt -0.363400 0.628582
vt -0.104064 0.027853
vt -0.094258 0.026009
vt 0.018870 0.625311
vt 0.010343 0.626915
vt -0.312032 0.026009
vt -0.304155 0.025626
vt -0.363044 0.624978
vt -0.369894 0.625311
vt -0.304155 0.025626
vt -0.294513 0.026993
vt -0.354660 0.626167
vt -0.363044 0.624978
vt -0.090326 0.026993
vt -0.099161 0.029081
vt 0.014606 0.627982
vt 0.022289 0.626167
vt 0.022108 -0.354641
vt 0.023961 -0.363048
vt 0.018770 -0.369917
vt 0.010443 -0.370078
vt 0.005252 -0.363408
vt 0.007105 -0.354930
vt 0.014606 -0.351029
vt 0.117938 -0.376102
vt 0.111937 -0.379223
vt 0.110455 -0.386005
vt 0.114608 -0.391341
vt 0.121269 -0.391213
vt 0.125422 -0.385717
vt 0.123940 -0.378992
vt 0.014606 0.627655
vt 0.007105 0.629606
vt 0.111937 0.980182
vt 0.117938 0.978621
vt -0.354930 0.629606
vt -0.363408 0.629594
vt -0.386005 0.980172
vt -0.379223 0.980182
vt -0.363408 0.629594
vt -0.370078 0.627628
vt -0.391341 0.978599
vt -0.386005 0.980172
vt 0.010443 0.627628
vt 0.018770 0.625188
vt 0.121269 0.976648
vt 0.114608 0.978599
vt -0.369917 0.625188
vt -0.363048 0.624112
vt -0.385717 0.975786
vt -0.391213 0.976648
vt -0.363048 0.624112
vt -0.354641 0.625210
vt -0.378992 0.976665
vt -0.385717 0.975786
vt 0.022108 0.625210
vt 0.014606 0.627655
vt 0.117938 0.978621
vt 0.123940 0.976665
vt -0.053898 -0.311076
vt 0.013744 -0.338009
vt -0.067016 -0.350597
vt -0.072488 -0.314293
vt -0.072488 -0.314293
vt -0.067016 -0.350597
vt 0.013744 -0.338009
vt -0.053898 -0.311076
vt -0.072488 -0.314293
vt -0.067016 -0.350597
vt -0.147899 -0.362374
vt -0.091201 -0.316698
vt -0.091201 -0.316698
vt -0.147899 -0.362374
vt -0.067016 -0.350597
vt -0.072488 -0.314293
vt 0.013744 -0.338009
vt 0.043181 -0.378633
vt -0.060375 -0.394657
vt -0.067016 -0.350597
vt -0.067016 -0.350597
vt -0.060375 -0.394657
vt 0.043181 -0.378633
vt 0.013744 -0.338009
vt -0.067016 -0.350597
vt -0.060375 -0.394657
vt -0.164053 -0.409870
vt -0.147899 -0.362374
vt -0.147899 -0.362374
vt -0.164053 -0.409870
vt -0.060375 -0.394657
vt -0.067016 -0.350597
vt 0.043181 -0.378633
vt 0.031583 -0.428236
vt -0.053322 -0.441448
vt -0.060375 -0.394657
vt -0.060375 -0.394657
vt -0.053322 -0.441448
vt 0.031583 -0.428236
vt 0.043181 -0.378633
vt -0.060375 -0.394657
vt -0.053322 -0.441448
vt -0.138349 -0.453850
vt -0.164053 -0.409870
vt -0.164053 -0.409870
vt -0.138349 -0.453850
vt -0.053322 -0.441448
vt -0.060375 -0.394657
vt 0.031583 -0.428236
vt -0.004439 -0.470476
vt -0.047897 -0.477441
vt -0.053322 -0.441448
vt -0.053322 -0.441448
vt -0.047897 -0.477441
vt -0.004439 -0.470476
vt 0.031583 -0.428236
vt -0.053322 -0.441448
vt -0.047897 -0.477441
vt -0.091477 -0.483595
vt -0.138349 -0.453850
vt -0.138349 -0.453850
vt -0.091477 -0.483595
vt -0.047897 -0.477441
vt -0.053322 -0.441448
vt -0.004439 -0.470476
vt -0.041076 -0.498085
vt -0.044642 -0.499037
vt -0.047897 -0.477441
vt -0.047897 -0.477441
vt -0.044642 -0.499037
vt -0.041076 -0.498085
vt -0.004439 -0.470476
vt -0.047897 -0.477441
vt -0.044642 -0.499037
vt -0.048329 -0.499178
vt -0.091477 -0.483595
vt -0.091477 -0.483595
vt -0.048329 -0.499178
vt -0.044642 -0.499037
vt -0.047897 -0.477441
vt -0.043008 -0.346917
vt -0.095072 -0.295316
vt -0.018720 -0.304886
vt -0.025168 -0.347668
vt -0.025168 -0.347668
vt -0.018720 -0.304886
vt -0.095072 -0.295316
vt -0.043008 -0.346917
vt -0.025168 -0.347668
vt -0.018720 -0.304886
vt 0.057062 -0.318247
vt -0.007900 -0.352209
vt -0.007900 -0.352209
vt 0.057062 -0.318247
vt -0.018720 -0.304886
vt -0.025168 -0.347668
vt -0.095072 -0.295316
vt -0.108566 -0.239265
vt -0.010758 -0.252069
vt -0.018720 -0.304886
vt -0.018720 -0.304886
vt -0.010758 -0.252069
vt -0.108566 -0.239265
vt -0.095072 -0.295316
vt -0.018720 -0.304886
vt -0.010758 -0.252069
vt 0.086478 -0.268664
vt 0.057062 -0.318247
vt 0.057062 -0.318247
vt 0.086478 -0.268664
vt -0.010758 -0.252069
vt -0.018720 -0.304886
vt -0.108566 -0.239265
vt -0.082525 -0.185607
vt -0.002272 -0.195765
vt -0.010758 -0.252069
vt -0.010758 -0.252069
vt -0.002272 -0.195765
vt -0.082525 -0.185607
vt -0.108566 -0.239265
vt -0.010758 -0.252069
vt -0.002272 -0.195765
vt 0.077411 -0.209714
vt 0.086478 -0.268664
vt 0.086478 -0.268664
vt 0.077411 -0.209714
vt -0.002272 -0.195765
vt -0.010758 -0.252069
vt -0.082525 -0.185607
vt -0.036988 -0.148176
vt 0.004257 -0.152455
vt -0.002272 -0.195765
vt -0.002272 -0.195765
vt 0.004257 -0.152455
vt -0.036988 -0.148176
vt -0.082525 -0.185607
vt -0.002272 -0.195765
vt 0.004257 -0.152455
vt 0.044930 -0.160524
vt 0.077411 -0.209714
vt 0.077411 -0.209714
vt 0.044930 -0.160524
vt 0.004257 -0.152455
vt -0.002272 -0.195765
vt -0.036988 -0.148176
vt 0.004475 -0.127849
vt 0.008174 -0.126469
vt 0.004257 -0.152455
vt 0.004257 -0.152455
vt 0.008174 -0.126469
vt 0.004475 -0.127849
vt -0.036988 -0.148176
vt 0.004257 -0.152455
vt 0.008174 -0.126469
vt 0.011301 -0.128878
vt 0.044930 -0.160524
vt 0.044930 -0.160524
vt 0.011301 -0.128878
vt 0.008174 -0.126469
vt 0.004257 -0.152455
vt -0.325975 0.507895
vt -0.328892 0.499387
vt -0.282717 0.465974
vt -0.254224 0.499621
vt -0.254224 0.499621
vt -0.282717 0.465974
vt -0.328892 0.499387
vt -0.325975 0.507895
vt -0.328892 0.499387
vt -0.336175 0.494128
vt -0.306619 0.428908
vt -0.282717 0.465974
vt -0.282717 0.465974
vt -0.306619 0.428908
vt -0.336175 0.494128
vt -0.328892 0.499387
vt 0.005238 -0.336175
vt 0.003642 -0.345042
vt -0.062936 -0.346580
vt -0.053790 -0.306619
vt -0.053790 -0.306619
vt -0.062936 -0.346580
vt 0.003642 -0.345042
vt 0.005238 -0.336175
vt 0.003642 -0.345042
vt 0.001740 -0.352105
vt -0.071759 -0.388437
vt -0.062936 -0.346580
vt -0.062936 -0.346580
vt -0.071759 -0.388437
vt 0.001740 -0.352105
vt 0.003642 -0.345042
vt 0.001740 0.499387
vt 0.000258 0.507895
vt -0.076320 0.499621
vt -0.071759 0.455918
vt -0.071759 0.455918
vt -0.076320 0.499621
vt 0.000258 0.507895
vt 0.001740 0.499387
vt 0.000258 0.507895
vt -0.000238 0.516404
vt -0.081918 0.543325
vt -0.076320 0.499621
vt -0.076320 0.499621
vt -0.081918 0.543325
vt -0.000238 0.516404
vt 0.000258 0.507895
vt -0.000238 -0.351748
vt 0.000442 -0.344466
vt -0.075592 -0.344302
vt -0.081918 -0.386608
vt -0.081918 -0.386608
vt -0.075592 -0.344302
vt 0.000442 -0.344466
vt -0.000238 -0.351748
vt 0.000442 -0.344466
vt 0.002038 -0.335599
vt -0.070229 -0.303660
vt -0.075592 -0.344302
vt -0.075592 -0.344302
vt -0.070229 -0.303660
vt 0.002038 -0.335599
vt 0.000442 -0.344466
vt -0.335599 0.521662
vt -0.328536 0.516404
vt -0.281309 0.533269
vt -0.303660 0.570335
vt -0.303660 0.570335
vt -0.281309 0.533269
vt -0.328536 0.516404
vt -0.335599 0.521662
vt -0.328536 0.516404
vt -0.325975 0.507895
vt -0.254224 0.499621
vt -0.281309 0.533269
vt -0.281309 0.533269
vt -0.254224 0.499621
vt -0.325975 0.507895
vt -0.328536 0.516404
vt 0.040822 -0.360160
vt 0.103801 -0.391121
vt 0.029753 -0.402927
vt 0.023810 -0.363391
vt 0.023810 -0.363391
vt 0.029753 -0.402927
vt 0.103801 -0.391121
vt 0.040822 -0.360160
vt 0.023810 -0.363391
vt 0.029753 -0.402927
vt -0.044493 -0.413413
vt 0.006600 -0.365304
vt 0.006600 -0.365304
vt -0.044493 -0.413413
vt 0.029753 -0.402927
vt 0.023810 -0.363391
vt 0.103801 -0.391121
vt 0.131986 -0.436355
vt 0.037025 -0.451304
vt 0.029753 -0.402927
vt 0.029753 -0.402927
vt 0.037025 -0.451304
vt 0.131986 -0.436355
vt 0.103801 -0.391121
vt 0.029753 -0.402927
vt 0.037025 -0.451304
vt -0.058133 -0.464935
vt -0.044493 -0.413413
vt -0.044493 -0.413413
vt -0.058133 -0.464935
vt 0.037025 -0.451304
vt 0.029753 -0.402927
vt 0.131986 -0.436355
vt 0.122613 -0.490397
vt 0.044763 -0.502774
vt 0.037025 -0.451304
vt 0.037025 -0.451304
vt 0.044763 -0.502774
vt 0.122613 -0.490397
vt 0.131986 -0.436355
vt 0.037025 -0.451304
vt 0.044763 -0.502774
vt -0.033286 -0.513832
vt -0.058133 -0.464935
vt -0.058133 -0.464935
vt -0.033286 -0.513832
vt 0.044763 -0.502774
vt 0.037025 -0.451304
vt 0.122613 -0.490397
vt 0.090540 -0.535705
vt 0.050714 -0.542366
vt 0.044763 -0.502774
vt 0.044763 -0.502774
vt 0.050714 -0.542366
vt 0.090540 -0.535705
vt 0.122613 -0.490397
vt 0.044763 -0.502774
vt 0.050714 -0.542366
vt 0.010690 -0.547709
vt -0.033286 -0.513832
vt -0.033286 -0.513832
vt 0.010690 -0.547709
vt 0.050714 -0.542366
vt 0.044763 -0.502774
vt 0.090540 -0.535705
vt 0.057513 -0.564962
vt 0.054285 -0.566122
vt 0.050714 -0.542366
vt 0.050714 -0.542366
vt 0.054285 -0.566122
vt 0.057513 -0.564962
vt 0.090540 -0.535705
vt 0.050714 -0.542366
vt 0.054285 -0.566122
vt 0.050859 -0.565962
vt 0.010690 -0.547709
vt 0.010690 -0.547709
vt 0.050859 -0.565962
vt 0.054285 -0.566122
vt 0.050714 -0.542366
vt 0.045387 -0.413292
vt 0.003743 -0.355079
vt 0.068057 -0.363056
vt 0.060420 -0.413862
vt 0.060420 -0.413862
vt 0.068057 -0.363056
vt 0.003743 -0.355079
vt 0.045387 -0.413292
vt 0.060420 -0.413862
vt 0.068057 -0.363056
vt 0.131874 -0.374340
vt 0.074956 -0.417737
vt 0.074956 -0.417737
vt 0.131874 -0.374340
vt 0.068057 -0.363056
vt 0.060420 -0.413862
vt 0.003743 -0.355079
vt -0.004783 -0.288877
vt 0.077600 -0.299570
vt 0.068057 -0.363056
vt 0.068057 -0.363056
vt 0.077600 -0.299570
vt -0.004783 -0.288877
vt 0.003743 -0.355079
vt 0.068057 -0.363056
vt 0.077600 -0.299570
vt 0.159487 -0.313570
vt 0.131874 -0.374340
vt 0.131874 -0.374340
vt 0.159487 -0.313570
vt 0.077600 -0.299570
vt 0.068057 -0.363056
vt -0.004783 -0.288877
vt 0.020201 -0.223245
vt 0.087801 -0.231716
vt 0.077600 -0.299570
vt 0.077600 -0.299570
vt 0.087801 -0.231716
vt 0.020201 -0.223245
vt -0.004783 -0.288877
vt 0.077600 -0.299570
vt 0.087801 -0.231716
vt 0.154903 -0.243493
vt 0.159487 -0.313570
vt 0.159487 -0.313570
vt 0.154903 -0.243493
vt 0.087801 -0.231716
vt 0.077600 -0.299570
vt 0.020201 -0.223245
vt 0.060902 -0.175988
vt 0.095647 -0.179520
vt 0.087801 -0.231716
vt 0.087801 -0.231716
vt 0.095647 -0.179520
vt 0.060902 -0.175988
vt 0.020201 -0.223245
vt 0.087801 -0.231716
vt 0.095647 -0.179520
vt 0.129895 -0.186359
vt 0.154903 -0.243493
vt 0.154903 -0.243493
vt 0.129895 -0.186359
vt 0.095647 -0.179520
vt 0.087801 -0.231716
vt 0.060902 -0.175988
vt 0.097231 -0.149424
vt 0.100354 -0.148203
vt 0.095647 -0.179520
vt 0.095647 -0.179520
vt 0.100354 -0.148203
vt 0.097231 -0.149424
vt 0.060902 -0.175988
vt 0.095647 -0.179520
vt 0.100354 -0.148203
vt 0.102981 -0.150288
vt 0.129895 -0.186359
vt 0.129895 -0.186359
vt 0.102981 -0.150288
vt 0.100354 -0.148203
vt 0.095647 -0.179520
vt -0.337158 0.899082
vt -0.340998 0.887883
vt -0.284074 0.846473
vt -0.246572 0.890761
vt -0.246572 0.890761
vt -0.284074 0.846473
vt -0.340998 0.887883
vt -0.337158 0.899082
vt -0.340998 0.887883
vt -0.350584 0.880961
vt -0.315535 0.797686
vt -0.284074 0.846473
vt -0.284074 0.846473
vt -0.315535 0.797686
vt -0.350584 0.880961
vt -0.340998 0.887883
vt -0.350584 0.880961
vt -0.362254 0.880961
vt -0.368131 0.819101
vt -0.315535 0.797686
vt -0.315535 0.797686
vt -0.368131 0.819101
vt -0.362254 0.880961
vt -0.350584 0.880961
vt -0.362254 0.880961
vt -0.371550 0.887883
vt -0.423224 0.833237
vt -0.368131 0.819101
vt -0.368131 0.819101
vt -0.423224 0.833237
vt -0.371550 0.887883
vt -0.362254 0.880961
vt 0.043306 0.887883
vt 0.041356 0.899082
vt -0.038032 0.890761
vt -0.032029 0.833237
vt -0.032029 0.833237
vt -0.038032 0.890761
vt 0.041356 0.899082
vt 0.043306 0.887883
vt 0.041356 0.899082
vt 0.040703 0.910281
vt -0.045401 0.948284
vt -0.038032 0.890761
vt -0.038032 0.890761
vt -0.045401 0.948284
vt 0.040703 0.910281
vt 0.041356 0.899082
vt 0.040703 -0.371082
vt 0.041598 -0.361496
vt -0.037074 -0.365133
vt -0.045401 -0.420817
vt -0.045401 -0.420817
vt -0.037074 -0.365133
vt 0.041598 -0.361496
vt 0.040703 -0.371082
vt 0.041598 -0.361496
vt 0.043698 -0.349826
vt -0.030015 -0.311640
vt -0.037074 -0.365133
vt -0.037074 -0.365133
vt -0.030015 -0.311640
vt 0.043698 -0.349826
vt 0.041598 -0.361496
vt -0.349826 0.917203
vt -0.340529 0.910281
vt -0.282221 0.935049
vt -0.311640 0.983835
vt -0.311640 0.983835
vt -0.282221 0.935049
vt -0.340529 0.910281
vt -0.349826 0.917203
vt -0.340529 0.910281
vt -0.337158 0.899082
vt -0.246572 0.890761
vt -0.282221 0.935049
vt -0.282221 0.935049
vt -0.246572 0.890761
vt -0.337158 0.899082
vt -0.340529 0.910281
vt 0.122926 0.984351
vt 0.116158 0.985895
vt 0.110731 0.981567
vt 0.110731 0.974625
vt 0.116158 0.970297
vt 0.122926 0.971842
vt 0.125938 0.978096
vt 0.125938 0.980832
vt 0.122926 0.974577
vt 0.116158 0.973033
vt 0.110731 0.977361
vt 0.110731 0.984303
vt 0.116158 0.988631
vt 0.122926 0.987086
vt -0.384084 0.978096
vt -0.384018 0.971842
vt -0.127283 0.974577
vt -0.127350 0.980832
vt 0.122926 -0.384018
vt 0.116158 -0.384001
vt 0.116158 -0.127267
vt 0.122926 -0.127283
vt 0.116158 -0.384001
vt 0.110731 -0.384047
vt 0.110731 -0.127313
vt 0.116158 -0.127267
vt -0.384047 0.974625
vt -0.384121 0.981567
vt -0.127387 0.984303
vt -0.127313 0.977361
vt 0.110731 -0.384121
vt 0.116158 -0.384168
vt 0.116158 -0.127433
vt 0.110731 -0.127387
vt 0.116158 -0.384168
vt 0.122926 -0.384151
vt 0.122926 -0.127416
vt 0.116158 -0.127433
vt -0.384151 0.984351
vt -0.384084 0.978096
vt -0.127350 0.980832
vt -0.127416 0.987086
vt -0.017061 -0.229881
vt -0.014841 -0.239145
vt -0.021062 -0.246607
vt -0.031041 -0.246648
vt -0.037262 -0.239238
vt -0.035042 -0.229955
vt -0.026052 -0.225791
vt -0.031802 -0.100054
vt -0.039620 -0.103675
vt -0.041550 -0.111746
vt -0.036140 -0.118191
vt -0.027464 -0.118155
vt -0.022054 -0.111666
vt -0.023984 -0.103610
vt -0.026052 0.075976
vt -0.035042 0.077169
vt -0.039620 0.478068
vt -0.031802 0.477031
vt -0.229955 0.077169
vt -0.239238 0.080083
vt -0.111746 0.480603
vt -0.103675 0.478068
vt -0.239238 0.080083
vt -0.246648 0.082525
vt -0.118191 0.482726
vt -0.111746 0.480603
vt -0.031041 0.082525
vt -0.021062 0.082655
vt -0.027464 0.482839
vt -0.036140 0.482726
vt -0.246607 0.082655
vt -0.239145 0.080376
vt -0.111666 0.480857
vt -0.118155 0.482839
vt -0.239145 0.080376
vt -0.229881 0.077403
vt -0.103610 0.478272
vt -0.111666 0.480857
vt -0.017061 0.077403
vt -0.026052 0.075976
vt -0.031802 0.477031
vt -0.023984 0.478272
vt -0.024289 -0.103200
vt -0.022434 -0.111592
vt -0.027633 -0.118473
vt -0.035971 -0.118661
vt -0.041170 -0.112015
vt -0.039314 -0.103539
vt -0.031802 -0.099616
vt 0.110873 -0.140396
vt 0.104863 -0.143535
vt 0.103379 -0.150316
vt 0.107538 -0.155633
vt 0.114209 -0.155482
vt 0.118368 -0.149977
vt 0.116883 -0.143263
vt -0.031802 0.480840
vt -0.039314 0.482704
vt 0.104863 0.975655
vt 0.110873 0.974165
vt -0.103539 0.482704
vt -0.112015 0.482574
vt -0.150316 0.975552
vt -0.143535 0.975655
vt -0.112015 0.482574
vt -0.118661 0.480549
vt -0.155633 0.973931
vt -0.150316 0.975552
vt -0.035971 0.480549
vt -0.027633 0.478153
vt 0.114209 0.972015
vt 0.107538 0.973931
vt -0.118473 0.478153
vt -0.111592 0.477191
vt -0.149977 0.971245
vt -0.155482 0.972015
vt -0.111592 0.477191
vt -0.103200 0.478387
vt -0.143263 0.972202
vt -0.149977 0.971245
vt -0.024289 0.478387
vt -0.031802 0.480840
vt 0.110873 0.974165
vt 0.116883 0.972202
vt -0.067894 -0.201674
vt -0.126136 -0.142917
vt -0.040715 -0.157625
vt -0.048331 -0.206017
vt -0.048331 -0.206017
vt -0.040715 -0.157625
vt -0.126136 -0.142917
vt -0.067894 -0.201674
vt -0.048331 -0.206017
vt -0.040715 -0.157625
vt 0.045095 -0.169865
vt -0.028379 -0.207892
vt -0.028379 -0.207892
vt 0.045095 -0.169865
vt -0.040715 -0.157625
vt -0.048331 -0.206017
vt -0.126136 -0.142917
vt -0.140805 -0.078887
vt -0.031236 -0.097396
vt -0.040715 -0.157625
vt -0.040715 -0.157625
vt -0.031236 -0.097396
vt -0.140805 -0.078887
vt -0.126136 -0.142917
vt -0.040715 -0.157625
vt -0.031236 -0.097396
vt 0.078721 -0.113436
vt 0.045095 -0.169865
vt 0.045095 -0.169865
vt 0.078721 -0.113436
vt -0.031236 -0.097396
vt -0.040715 -0.157625
vt -0.140805 -0.078887
vt -0.110926 -0.017678
vt -0.021114 -0.033077
vt -0.031236 -0.097396
vt -0.031236 -0.097396
vt -0.021114 -0.033077
vt -0.110926 -0.017678
vt -0.140805 -0.078887
vt -0.031236 -0.097396
vt -0.021114 -0.033077
vt 0.069086 -0.046008
vt 0.078721 -0.113436
vt 0.078721 -0.113436
vt 0.069086 -0.046008
vt -0.021114 -0.033077
vt -0.031236 -0.097396
vt -0.110926 -0.017678
vt -0.059234 0.024888
vt -0.013328 0.016399
vt -0.021114 -0.033077
vt -0.021114 -0.033077
vt -0.013328 0.016399
vt -0.059234 0.024888
vt -0.110926 -0.017678
vt -0.021114 -0.033077
vt -0.013328 0.016399
vt 0.032967 0.010378
vt 0.069086 -0.046008
vt 0.069086 -0.046008
vt 0.032967 0.010378
vt -0.013328 0.016399
vt -0.021114 -0.033077
vt -0.059234 0.024888
vt -0.012303 0.047923
vt -0.008656 0.046084
vt -0.013328 0.016399
vt -0.013328 0.016399
vt -0.008656 0.046084
vt -0.012303 0.047923
vt -0.059234 0.024888
vt -0.013328 0.016399
vt -0.008656 0.046084
vt -0.004620 0.046714
vt 0.032967 0.010378
vt 0.032967 0.010378
vt -0.004620 0.046714
vt -0.008656 0.046084
vt -0.013328 0.016399
vt -0.030687 -0.080632
vt 0.041106 -0.115693
vt -0.042442 -0.132281
vt -0.049562 -0.087041
vt -0.049562 -0.087041
vt -0.042442 -0.132281
vt 0.041106 -0.115693
vt -0.030687 -0.080632
vt -0.049562 -0.087041
vt -0.042442 -0.132281
vt -0.127046 -0.142156
vt -0.069492 -0.086739
vt -0.069492 -0.086739
vt -0.127046 -0.142156
vt -0.042442 -0.132281
vt -0.049562 -0.087041
vt 0.041106 -0.115693
vt 0.073693 -0.168345
vt -0.033568 -0.188665
vt -0.042442 -0.132281
vt -0.042442 -0.132281
vt -0.033568 -0.188665
vt 0.073693 -0.168345
vt 0.041106 -0.115693
vt -0.042442 -0.132281
vt -0.033568 -0.188665
vt -0.141887 -0.202272
vt -0.127046 -0.142156
vt -0.127046 -0.142156
vt -0.141887 -0.202272
vt -0.033568 -0.188665
vt -0.042442 -0.132281
vt 0.073693 -0.168345
vt 0.063770 -0.231629
vt -0.024090 -0.248895
vt -0.033568 -0.188665
vt -0.033568 -0.188665
vt -0.024090 -0.248895
vt 0.063770 -0.231629
vt 0.073693 -0.168345
vt -0.033568 -0.188665
vt -0.024090 -0.248895
vt -0.113006 -0.259449
vt -0.141887 -0.202272
vt -0.141887 -0.202272
vt -0.113006 -0.259449
vt -0.024090 -0.248895
vt -0.033568 -0.188665
vt 0.063770 -0.231629
vt 0.027945 -0.284745
vt -0.016798 -0.295225
vt -0.024090 -0.248895
vt -0.024090 -0.248895
vt -0.016798 -0.295225
vt 0.027945 -0.284745
vt 0.063770 -0.231629
vt -0.024090 -0.248895
vt -0.016798 -0.295225
vt -0.062598 -0.298994
vt -0.113006 -0.259449
vt -0.113006 -0.259449
vt -0.062598 -0.298994
vt -0.016798 -0.295225
vt -0.024090 -0.248895
vt 0.027945 -0.284745
vt -0.009179 -0.319074
vt -0.012423 -0.323024
vt -0.016798 -0.295225
vt -0.016798 -0.295225
vt -0.012423 -0.323024
vt -0.009179 -0.319074
vt 0.027945 -0.284745
vt -0.016798 -0.295225
vt -0.012423 -0.323024
vt -0.016724 -0.320262
vt -0.062598 -0.298994
vt -0.062598 -0.298994
vt -0.016724 -0.320262
vt -0.012423 -0.323024
vt -0.016798 -0.295225
vt -0.059105 0.421943
vt -0.057123 0.410565
vt -0.145930 0.366813
vt -0.157849 0.411807
vt -0.157849 0.411807
vt -0.145930 0.366813
vt -0.057123 0.410565
vt -0.059105 0.421943
vt -0.057123 0.410565
vt -0.054579 0.403533
vt -0.134603 0.317249
vt -0.145930 0.366813
vt -0.145930 0.366813
vt -0.134603 0.317249
vt -0.054579 0.403533
vt -0.057123 0.410565
vt -0.054579 -0.146557
vt -0.052445 -0.158413
vt -0.127431 -0.189993
vt -0.134603 -0.135647
vt -0.134603 -0.135647
vt -0.127431 -0.189993
vt -0.052445 -0.158413
vt -0.054579 -0.146557
vt -0.052445 -0.158413
vt -0.051536 -0.168152
vt -0.118972 -0.246565
vt -0.127431 -0.189993
vt -0.127431 -0.189993
vt -0.118972 -0.246565
vt -0.051536 -0.168152
vt -0.052445 -0.158413
vt -0.168152 0.410565
vt -0.172054 0.421943
vt -0.243935 0.411807
vt -0.246565 0.353367
vt -0.246565 0.353367
vt -0.243935 0.411807
vt -0.172054 0.421943
vt -0.168152 0.410565
vt -0.172054 0.421943
vt -0.168628 0.433321
vt -0.249011 0.470248
vt -0.243935 0.411807
vt -0.243935 0.411807
vt -0.249011 0.470248
vt -0.168628 0.433321
vt -0.172054 0.421943
vt -0.054181 -0.168628
vt -0.056725 -0.159184
vt -0.144356 -0.193039
vt -0.132557 -0.249011
vt -0.132557 -0.249011
vt -0.144356 -0.193039
vt -0.056725 -0.159184
vt -0.054181 -0.168628
vt -0.056725 -0.159184
vt -0.058859 -0.147328
vt -0.156585 -0.139604
vt -0.144356 -0.193039
vt -0.144356 -0.193039
vt -0.156585 -0.139604
vt -0.058859 -0.147328
vt -0.056725 -0.159184
vt -0.058859 0.440352
vt -0.059768 0.433321
vt -0.156390 0.456801
vt -0.156585 0.506366
vt -0.156585 0.506366
vt -0.156390 0.456801
vt -0.059768 0.433321
vt -0.058859 0.440352
vt -0.059768 0.433321
vt -0.059105 0.421943
vt -0.157849 0.411807
vt -0.156390 0.456801
vt -0.156390 0.456801
vt -0.157849 0.411807
vt -0.059105 0.421943
vt -0.059768 0.433321
vt -0.035610 -0.140556
vt -0.099333 -0.087764
vt -0.007967 -0.099724
vt -0.014324 -0.141972
vt -0.014324 -0.141972
vt -0.007967 -0.099724
vt -0.099333 -0.087764
vt -0.035610 -0.140556
vt -0.014324 -0.141972
vt -0.007967 -0.099724
vt 0.082873 -0.115179
vt 0.006437 -0.146883
vt 0.006437 -0.146883
vt 0.082873 -0.115179
vt -0.007967 -0.099724
vt -0.014324 -0.141972
vt -0.099333 -0.087764
vt -0.117191 -0.031811
vt -0.000130 -0.047637
vt -0.007967 -0.099724
vt -0.007967 -0.099724
vt -0.000130 -0.047637
vt -0.117191 -0.031811
vt -0.099333 -0.087764
vt -0.007967 -0.099724
vt -0.000130 -0.047637
vt 0.116406 -0.066958
vt 0.082873 -0.115179
vt 0.082873 -0.115179
vt 0.116406 -0.066958
vt -0.000130 -0.047637
vt -0.007967 -0.099724
vt -0.117191 -0.031811
vt -0.087816 0.020534
vt 0.008222 0.007871
vt -0.000130 -0.047637
vt -0.000130 -0.047637
vt 0.008222 0.007871
vt -0.087816 0.020534
vt -0.117191 -0.031811
vt -0.000130 -0.047637
vt 0.008222 0.007871
vt 0.103734 -0.008287
vt 0.116406 -0.066958
vt 0.116406 -0.066958
vt 0.103734 -0.008287
vt 0.008222 0.007871
vt -0.000130 -0.047637
vt -0.087816 0.020534
vt -0.034672 0.056204
vt 0.014647 0.050570
vt 0.008222 0.007871
vt 0.008222 0.007871
vt 0.014647 0.050570
vt -0.034672 0.056204
vt -0.087816 0.020534
vt 0.008222 0.007871
vt 0.014647 0.050570
vt 0.063439 0.041441
vt 0.103734 -0.008287
vt 0.103734 -0.008287
vt 0.063439 0.041441
vt 0.014647 0.050570
vt 0.008222 0.007871
vt -0.034672 0.056204
vt 0.014151 0.075057
vt 0.018502 0.076189
vt 0.014647 0.050570
vt 0.014647 0.050570
vt 0.018502 0.076189
vt 0.014151 0.075057
vt -0.034672 0.056204
vt 0.014647 0.050570
vt 0.018502 0.076189
vt 0.022327 0.073827
vt 0.063439 0.041441
vt 0.063439 0.041441
vt 0.022327 0.073827
vt 0.018502 0.076189
vt 0.014647 0.050570
vt 0.057353 -0.131213
vt 0.112426 -0.166009
vt 0.049156 -0.176102
vt 0.042817 -0.133974
vt 0.042817 -0.133974
vt 0.049156 -0.176102
vt 0.112426 -0.166009
vt 0.057353 -0.131213
vt 0.042817 -0.133974
vt 0.049156 -0.176102
vt -0.014284 -0.185074
vt 0.028112 -0.135613
vt 0.028112 -0.135613
vt -0.014284 -0.185074
vt 0.049156 -0.176102
vt 0.042817 -0.133974
vt 0.112426 -0.166009
vt 0.138094 -0.215151
vt 0.056954 -0.227933
vt 0.049156 -0.176102
vt 0.049156 -0.176102
vt 0.056954 -0.227933
vt 0.138094 -0.215151
vt 0.112426 -0.166009
vt 0.049156 -0.176102
vt 0.056954 -0.227933
vt -0.024354 -0.239593
vt -0.014284 -0.185074
vt -0.014284 -0.185074
vt -0.024354 -0.239593
vt 0.056954 -0.227933
vt 0.049156 -0.176102
vt 0.138094 -0.215151
vt 0.131781 -0.272560
vt 0.065261 -0.283142
vt 0.056954 -0.227933
vt 0.056954 -0.227933
vt 0.065261 -0.283142
vt 0.131781 -0.272560
vt 0.138094 -0.215151
vt 0.056954 -0.227933
vt 0.065261 -0.283142
vt -0.001427 -0.292603
vt -0.024354 -0.239593
vt -0.024354 -0.239593
vt -0.001427 -0.292603
vt 0.065261 -0.283142
vt 0.056954 -0.227933
vt 0.131781 -0.272560
vt 0.105681 -0.319917
vt 0.071651 -0.325611
vt 0.065261 -0.283142
vt 0.065261 -0.283142
vt 0.071651 -0.325611
vt 0.105681 -0.319917
vt 0.131781 -0.272560
vt 0.065261 -0.283142
vt 0.071651 -0.325611
vt 0.037453 -0.330183
vt -0.001427 -0.292603
vt -0.001427 -0.292603
vt 0.037453 -0.330183
vt 0.071651 -0.325611
vt 0.065261 -0.283142
vt 0.105681 -0.319917
vt 0.078244 -0.350104
vt 0.075485 -0.351092
vt 0.071651 -0.325611
vt 0.071651 -0.325611
vt 0.075485 -0.351092
vt 0.078244 -0.350104
vt 0.105681 -0.319917
vt 0.071651 -0.325611
vt 0.075485 -0.351092
vt 0.072558 -0.350959
vt 0.037453 -0.330183
vt 0.037453 -0.330183
vt 0.072558 -0.350959
vt 0.075485 -0.351092
vt 0.071651 -0.325611
vt 0.115861 0.979783
vt 0.109093 0.981326
vt 0.103666 0.977004
vt 0.103666 0.970072
vt 0.109093 0.965750
vt 0.115861 0.967292
vt 0.118873 0.973538
vt 0.118873 0.959371
vt 0.115861 0.953125
vt 0.109093 0.951583
vt 0.103666 0.955905
vt 0.103666 0.962837
vt 0.109093 0.967159
vt 0.115861 0.965616
vt -0.148372 0.973538
vt -0.148711 0.967292
vt 0.112311 0.953125
vt 0.112650 0.959371
vt 0.115861 -0.148711
vt 0.109093 -0.148794
vt 0.109093 0.112228
vt 0.115861 0.112311
vt 0.109093 -0.148794
vt 0.103666 -0.148560
vt 0.103666 0.112462
vt 0.109093 0.112228
vt -0.148560 0.970072
vt -0.148184 0.977004
vt 0.112839 0.962837
vt 0.112462 0.955905
vt 0.103666 -0.148184
vt 0.109093 -0.147949
vt 0.109093 0.113073
vt 0.103666 0.112839
vt 0.109093 -0.147949
vt 0.115861 -0.148033
vt 0.115861 0.112989
vt 0.109093 0.113073
vt -0.148033 0.979783
vt -0.148372 0.973538
vt 0.112650 0.959371
vt 0.112989 0.965616
vt -0.052038 0.145777
vt -0.049850 0.136226
vt -0.055979 0.128353
vt -0.065810 0.128085
vt -0.071939 0.135625
vt -0.069752 0.145294
vt -0.060895 0.149813
vt 0.016003 0.079685
vt 0.008301 0.075757
vt 0.006399 0.067348
vt 0.011728 0.060792
vt 0.020277 0.061025
vt 0.025607 0.067871
vt 0.023704 0.076176
vt -0.060895 0.011159
vt -0.069752 0.012012
vt 0.008301 0.446560
vt 0.016003 0.445818
vt 0.145294 0.012012
vt 0.135625 0.010872
vt 0.067348 0.445569
vt 0.075757 0.446560
vt 0.135625 0.010872
vt 0.128085 0.008598
vt 0.060792 0.443592
vt 0.067348 0.445569
vt -0.065810 0.008598
vt -0.055979 0.006902
vt 0.020277 0.442117
vt 0.011728 0.443592
vt 0.128353 0.006902
vt 0.136226 0.007061
vt 0.067871 0.442255
vt 0.061025 0.442117
vt 0.136226 0.007061
vt 0.145777 0.008956
vt 0.076176 0.443902
vt 0.067871 0.442255
vt -0.052038 0.008956
vt -0.060895 0.011159
vt 0.016003 0.445818
vt 0.023704 0.443902
vt 0.023666 0.075865
vt 0.025559 0.067407
vt 0.020255 0.060757
vt 0.011750 0.060922
vt 0.006446 0.067778
vt 0.008339 0.076163
vt 0.016003 0.079761
vt 0.125288 0.129735
vt 0.119157 0.126856
vt 0.117643 0.120148
vt 0.121886 0.114663
vt 0.128690 0.114531
vt 0.132933 0.119851
vt 0.131419 0.126618
vt 0.016003 0.443298
vt 0.008339 0.445201
vt 0.119157 0.983322
vt 0.125288 0.981799
vt 0.076163 0.445201
vt 0.067778 0.446395
vt 0.120148 0.984276
vt 0.126856 0.983322
vt 0.067778 0.446395
vt 0.060922 0.445980
vt 0.114663 0.983945
vt 0.120148 0.984276
vt 0.011750 0.445980
vt 0.020255 0.444269
vt 0.128690 0.982576
vt 0.121886 0.983945
vt 0.060757 0.444269
vt 0.067407 0.442551
vt 0.119851 0.981201
vt 0.114531 0.982576
vt 0.067407 0.442551
vt 0.075865 0.442119
vt 0.126618 0.980855
vt 0.119851 0.981201
vt 0.023666 0.442119
vt 0.016003 0.443298
vt 0.125288 0.981799
vt 0.131419 0.980855
vt -0.032511 0.158900
vt 0.034924 0.124352
vt -0.044106 0.112399
vt -0.050754 0.156177
vt -0.050754 0.156177
vt -0.044106 0.112399
vt 0.034924 0.124352
vt -0.032511 0.158900
vt -0.050754 0.156177
vt -0.044106 0.112399
vt -0.123121 0.100352
vt -0.068982 0.153361
vt -0.068982 0.153361
vt -0.123121 0.100352
vt -0.044106 0.112399
vt -0.050754 0.156177
vt 0.034924 0.124352
vt 0.065416 0.073716
vt -0.035902 0.058379
vt -0.044106 0.112399
vt -0.044106 0.112399
vt -0.035902 0.058379
vt 0.065416 0.073716
vt 0.034924 0.124352
vt -0.044106 0.112399
vt -0.035902 0.058379
vt -0.137206 0.042947
vt -0.123121 0.100352
vt -0.123121 0.100352
vt -0.137206 0.042947
vt -0.035902 0.058379
vt -0.044106 0.112399
vt 0.065416 0.073716
vt 0.055924 0.013367
vt -0.027158 0.000799
vt -0.035902 0.058379
vt -0.035902 0.058379
vt -0.027158 0.000799
vt 0.055924 0.013367
vt 0.065416 0.073716
vt -0.035902 0.058379
vt -0.027158 0.000799
vt -0.110226 -0.011864
vt -0.137206 0.042947
vt -0.137206 0.042947
vt -0.110226 -0.011864
vt -0.027158 0.000799
vt -0.035902 0.058379
vt 0.055924 0.013367
vt 0.022125 -0.037079
vt -0.020432 -0.043493
vt -0.027158 0.000799
vt -0.027158 0.000799
vt -0.020432 -0.043493
vt 0.022125 -0.037079
vt 0.055924 0.013367
vt -0.027158 0.000799
vt -0.020432 -0.043493
vt -0.062975 -0.050002
vt -0.110226 -0.011864
vt -0.110226 -0.011864
vt -0.062975 -0.050002
vt -0.020432 -0.043493
vt -0.027158 0.000799
vt 0.022125 -0.037079
vt -0.012843 -0.069577
vt -0.016396 -0.070069
vt -0.020432 -0.043493
vt -0.020432 -0.043493
vt -0.016396 -0.070069
vt -0.012843 -0.069577
vt 0.022125 -0.037079
vt -0.020432 -0.043493
vt -0.016396 -0.070069
vt -0.019935 -0.070654
vt -0.062975 -0.050002
vt -0.062975 -0.050002
vt -0.019935 -0.070654
vt -0.016396 -0.070069
vt -0.020432 -0.043493
vt -0.034567 0.061093
vt -0.081347 0.115671
vt -0.011020 0.107361
vt -0.018067 0.060956
vt -0.018067 0.060956
vt -0.011020 0.107361
vt -0.081347 0.115671
vt -0.034567 0.061093
vt -0.018067 0.060956
vt -0.011020 0.107361
vt 0.058603 0.094419
vt -0.002271 0.056188
vt -0.002271 0.056188
vt 0.058603 0.094419
vt -0.011020 0.107361
vt -0.018067 0.060956
vt -0.081347 0.115671
vt -0.092320 0.176381
vt -0.002256 0.165073
vt -0.011020 0.107361
vt -0.011020 0.107361
vt -0.002256 0.165073
vt -0.092320 0.176381
vt -0.081347 0.115671
vt -0.011020 0.107361
vt -0.002256 0.165073
vt 0.087104 0.149134
vt 0.058603 0.094419
vt 0.058603 0.094419
vt 0.087104 0.149134
vt -0.002256 0.165073
vt -0.011020 0.107361
vt -0.092320 0.176381
vt -0.066814 0.235550
vt 0.007101 0.226695
vt -0.002256 0.165073
vt -0.002256 0.165073
vt 0.007101 0.226695
vt -0.066814 0.235550
vt -0.092320 0.176381
vt -0.002256 0.165073
vt 0.007101 0.226695
vt 0.080314 0.213208
vt 0.087104 0.149134
vt 0.087104 0.149134
vt 0.080314 0.213208
vt 0.007101 0.226695
vt -0.002256 0.165073
vt -0.066814 0.235550
vt -0.023731 0.277502
vt 0.014300 0.274095
vt 0.007101 0.226695
vt 0.007101 0.226695
vt 0.014300 0.274095
vt -0.023731 0.277502
vt -0.066814 0.235550
vt 0.007101 0.226695
vt 0.014300 0.274095
vt 0.051627 0.266058
vt 0.080314 0.213208
vt 0.080314 0.213208
vt 0.051627 0.266058
vt 0.014300 0.274095
vt 0.007101 0.226695
vt -0.023731 0.277502
vt 0.015127 0.300697
vt 0.018619 0.302536
vt 0.014300 0.274095
vt 0.014300 0.274095
vt 0.018619 0.302536
vt 0.015127 0.300697
vt -0.023731 0.277502
vt 0.014300 0.274095
vt 0.018619 0.302536
vt 0.021407 0.299743
vt 0.051627 0.266058
vt 0.051627 0.266058
vt 0.021407 0.299743
vt 0.018619 0.302536
vt 0.014300 0.274095
vt 0.107120 0.352882
vt 0.104011 0.343816
vt 0.154751 0.307188
vt 0.185109 0.343039
vt 0.185109 0.343039
vt 0.154751 0.307188
vt 0.104011 0.343816
vt 0.107120 0.352882
vt 0.104011 0.343816
vt 0.096251 0.338213
vt 0.129284 0.267695
vt 0.154751 0.307188
vt 0.154751 0.307188
vt 0.129284 0.267695
vt 0.096251 0.338213
vt 0.104011 0.343816
vt -0.001597 0.096251
vt -0.003297 0.086805
vt -0.082794 0.086707
vt -0.073050 0.129284
vt -0.073050 0.129284
vt -0.082794 0.086707
vt -0.003297 0.086805
vt -0.001597 0.096251
vt -0.003297 0.086805
vt -0.005324 0.079279
vt -0.092195 0.042109
vt -0.082794 0.086707
vt -0.082794 0.086707
vt -0.092195 0.042109
vt -0.005324 0.079279
vt -0.003297 0.086805
vt -0.005324 0.343816
vt -0.006903 0.352882
vt -0.097055 0.343039
vt -0.092195 0.296474
vt -0.092195 0.296474
vt -0.097055 0.343039
vt -0.006903 0.352882
vt -0.005324 0.343816
vt -0.006903 0.352882
vt -0.007431 0.361948
vt -0.103020 0.389604
vt -0.097055 0.343039
vt -0.097055 0.343039
vt -0.103020 0.389604
vt -0.007431 0.361948
vt -0.006903 0.352882
vt -0.007431 0.079659
vt -0.006707 0.087418
vt -0.096279 0.089134
vt -0.103020 0.044057
vt -0.103020 0.044057
vt -0.096279 0.089134
vt -0.006707 0.087418
vt -0.007431 0.079659
vt -0.006707 0.087418
vt -0.005007 0.096865
vt -0.090565 0.132436
vt -0.096279 0.089134
vt -0.096279 0.089134
vt -0.090565 0.132436
vt -0.005007 0.096865
vt -0.006707 0.087418
vt -0.005007 0.367551
vt -0.002980 0.361948
vt -0.081539 0.378890
vt -0.090565 0.418383
vt -0.090565 0.418383
vt -0.081539 0.378890
vt -0.002980 0.361948
vt -0.005007 0.367551
vt -0.002980 0.361948
vt -0.001400 0.352882
vt -0.072043 0.343039
vt -0.081539 0.378890
vt -0.081539 0.378890
vt -0.072043 0.343039
vt -0.001400 0.352882
vt -0.002980 0.361948
vt 0.041272 0.113247
vt 0.113524 0.072883
vt 0.029697 0.058329
vt 0.022145 0.108443
vt 0.022145 0.108443
vt 0.029697 0.058329
vt 0.113524 0.072883
vt 0.041272 0.113247
vt 0.022145 0.108443
vt 0.029697 0.058329
vt -0.054696 0.047533
vt 0.002452 0.107396
vt 0.002452 0.107396
vt -0.054696 0.047533
vt 0.029697 0.058329
vt 0.022145 0.108443
vt 0.113524 0.072883
vt 0.146679 0.013866
vt 0.039129 -0.004262
vt 0.029697 0.058329
vt 0.029697 0.058329
vt 0.039129 -0.004262
vt 0.146679 0.013866
vt 0.113524 0.072883
vt 0.029697 0.058329
vt 0.039129 -0.004262
vt -0.068987 -0.018634
vt -0.054696 0.047533
vt -0.054696 0.047533
vt -0.068987 -0.018634
vt 0.039129 -0.004262
vt 0.029697 0.058329
vt 0.146679 0.013866
vt 0.137350 -0.055951
vt 0.049210 -0.071154
vt 0.039129 -0.004262
vt 0.039129 -0.004262
vt 0.049210 -0.071154
vt 0.137350 -0.055951
vt 0.146679 0.013866
vt 0.039129 -0.004262
vt 0.049210 -0.071154
vt -0.039496 -0.082601
vt -0.068987 -0.018634
vt -0.068987 -0.018634
vt -0.039496 -0.082601
vt 0.049210 -0.071154
vt 0.039129 -0.004262
vt 0.137350 -0.055951
vt 0.101971 -0.113906
vt 0.056964 -0.122610
vt 0.049210 -0.071154
vt 0.049210 -0.071154
vt 0.056964 -0.122610
vt 0.101971 -0.113906
vt 0.137350 -0.055951
vt 0.049210 -0.071154
vt 0.056964 -0.122610
vt 0.011391 -0.127556
vt -0.039496 -0.082601
vt -0.039496 -0.082601
vt 0.011391 -0.127556
vt 0.056964 -0.122610
vt 0.049210 -0.071154
vt 0.101971 -0.113906
vt 0.065108 -0.151035
vt 0.061616 -0.153483
vt 0.056964 -0.122610
vt 0.056964 -0.122610
vt 0.061616 -0.153483
vt 0.065108 -0.151035
vt 0.101971 -0.113906
vt 0.056964 -0.122610
vt 0.061616 -0.153483
vt 0.057559 -0.152173
vt 0.011391 -0.127556
vt 0.011391 -0.127556
vt 0.057559 -0.152173
vt 0.061616 -0.153483
vt 0.056964 -0.122610
vt 0.049925 0.073638
vt 0.004495 0.131737
vt 0.073436 0.121781
vt 0.065884 0.071666
vt 0.065884 0.071666
vt 0.073436 0.121781
vt 0.004495 0.131737
vt 0.049925 0.073638
vt 0.065884 0.071666
vt 0.073436 0.121781
vt 0.142249 0.110978
vt 0.081715 0.068848
vt 0.081715 0.068848
vt 0.142249 0.110978
vt 0.073436 0.121781
vt 0.065884 0.071666
vt 0.004495 0.131737
vt -0.005517 0.197140
vt 0.082851 0.184256
vt 0.073436 0.121781
vt 0.073436 0.121781
vt 0.082851 0.184256
vt -0.005517 0.197140
vt 0.004495 0.131737
vt 0.073436 0.121781
vt 0.082851 0.184256
vt 0.171091 0.170525
vt 0.142249 0.110978
vt 0.142249 0.110978
vt 0.171091 0.170525
vt 0.082851 0.184256
vt 0.073436 0.121781
vt -0.005517 0.197140
vt 0.020435 0.261484
vt 0.092908 0.250995
vt 0.082851 0.184256
vt 0.082851 0.184256
vt 0.092908 0.250995
vt 0.020435 0.261484
vt -0.005517 0.197140
vt 0.082851 0.184256
vt 0.092908 0.250995
vt 0.165254 0.239660
vt 0.171091 0.170525
vt 0.171091 0.170525
vt 0.165254 0.239660
vt 0.092908 0.250995
vt 0.082851 0.184256
vt 0.020435 0.261484
vt 0.063493 0.307499
vt 0.100645 0.302333
vt 0.092908 0.250995
vt 0.092908 0.250995
vt 0.100645 0.302333
vt 0.063493 0.307499
vt 0.020435 0.261484
vt 0.092908 0.250995
vt 0.100645 0.302333
vt 0.137669 0.296321
vt 0.165254 0.239660
vt 0.165254 0.239660
vt 0.137669 0.296321
vt 0.100645 0.302333
vt 0.092908 0.250995
vt 0.063493 0.307499
vt 0.102132 0.333179
vt 0.105286 0.333136
vt 0.100645 0.302333
vt 0.100645 0.302333
vt 0.105286 0.333136
vt 0.102132 0.333179
vt 0.063493 0.307499
vt 0.100645 0.302333
vt 0.105286 0.333136
vt 0.108313 0.332247
vt 0.137669 0.296321
vt 0.137669 0.296321
vt 0.108313 0.332247
vt 0.105286 0.333136
vt 0.100645 0.302333
vt 0.159893 0.791961
vt 0.156613 0.782396
vt 0.211815 0.742640
vt 0.243842 0.780462
vt 0.243842 0.780462
vt 0.211815 0.742640
vt 0.156613 0.782396
vt 0.159893 0.791961
vt 0.156613 0.782396
vt 0.148427 0.776485
vt 0.184947 0.700975
vt 0.211815 0.742640
vt 0.211815 0.742640
vt 0.184947 0.700975
vt 0.148427 0.776485
vt 0.156613 0.782396
vt 0.129143 0.148427
vt 0.127349 0.138461
vt 0.034193 0.140029
vt 0.044473 0.184947
vt 0.044473 0.184947
vt 0.034193 0.140029
vt 0.127349 0.138461
vt 0.129143 0.148427
vt 0.127349 0.138461
vt 0.125211 0.130521
vt 0.024276 0.092979
vt 0.034193 0.140029
vt 0.034193 0.140029
vt 0.024276 0.092979
vt 0.125211 0.130521
vt 0.127349 0.138461
vt 0.125211 0.782396
vt 0.123545 0.791961
vt 0.019149 0.780462
vt 0.024276 0.731337
vt 0.024276 0.731337
vt 0.019149 0.780462
vt 0.123545 0.791961
vt 0.125211 0.782396
vt 0.123545 0.791961
vt 0.122987 0.801525
vt 0.012856 0.829588
vt 0.019149 0.780462
vt 0.019149 0.780462
vt 0.012856 0.829588
vt 0.122987 0.801525
vt 0.123545 0.791961
vt 0.122987 0.130922
vt 0.123751 0.139108
vt 0.019967 0.142590
vt 0.012856 0.095034
vt 0.012856 0.095034
vt 0.019967 0.142590
vt 0.123751 0.139108
vt 0.122987 0.130922
vt 0.123751 0.139108
vt 0.125545 0.149074
vt 0.025995 0.188273
vt 0.019967 0.142590
vt 0.019967 0.142590
vt 0.025995 0.188273
vt 0.125545 0.149074
vt 0.123751 0.139108
vt 0.125545 0.807436
vt 0.127684 0.801525
vt 0.035517 0.818285
vt 0.025995 0.859949
vt 0.025995 0.859949
vt 0.035517 0.818285
vt 0.127684 0.801525
vt 0.125545 0.807436
vt 0.127684 0.801525
vt 0.129350 0.791961
vt 0.045536 0.780462
vt 0.035517 0.818285
vt 0.035517 0.818285
vt 0.045536 0.780462
vt 0.129350 0.791961
vt 0.127684 0.801525
vt 0.130276 0.988822
vt 0.123508 0.990367
vt 0.118080 0.986039
vt 0.118080 0.979097
vt 0.123508 0.974768
vt 0.130276 0.976313
vt 0.133288 0.982568
vt 0.133288 0.980744
vt 0.130276 0.974490
vt 0.123508 0.972945
vt 0.118080 0.977273
vt 0.118080 0.984215
vt 0.123508 0.988544
vt 0.130276 0.986999
vt 0.121772 0.982568
vt 0.121722 0.976313
vt 0.352601 0.974490
vt 0.352650 0.980744
vt 0.130276 0.121722
vt 0.123508 0.121710
vt 0.123508 0.352589
vt 0.130276 0.352601
vt 0.123508 0.121710
vt 0.118080 0.121744
vt 0.118080 0.352623
vt 0.123508 0.352589
vt 0.121744 0.979097
vt 0.121799 0.986039
vt 0.352678 0.984215
vt 0.352623 0.977273
vt 0.118080 0.121799
vt 0.123508 0.121833
vt 0.123508 0.352712
vt 0.118080 0.352678
vt 0.123508 0.121833
vt 0.130276 0.121821
vt 0.130276 0.352700
vt 0.123508 0.352712
vt 0.121821 0.988822
vt 0.121772 0.982568
vt 0.352650 0.980744
vt 0.352700 0.986999
vt -0.056067 0.319437
vt -0.053853 0.309748
vt -0.060057 0.302043
vt -0.070008 0.302125
vt -0.076213 0.309932
vt -0.073998 0.319584
vt -0.065033 0.323815
vt -0.024559 0.380922
vt -0.032355 0.377244
vt -0.034281 0.368850
vt -0.028885 0.362062
vt -0.020232 0.361990
vt -0.014837 0.368690
vt -0.016763 0.377115
vt -0.065033 0.038816
vt -0.073998 0.039961
vt -0.032355 0.573437
vt -0.024559 0.572441
vt 0.319584 0.039961
vt 0.309932 0.041189
vt 0.368850 0.574505
vt 0.377244 0.573437
vt 0.309932 0.041189
vt 0.302125 0.041576
vt 0.362062 0.574841
vt 0.368850 0.574505
vt -0.070008 0.041576
vt -0.060057 0.040830
vt -0.020232 0.574192
vt -0.028885 0.574841
vt 0.302043 0.040830
vt 0.309748 0.039513
vt 0.368690 0.573047
vt 0.361990 0.574192
vt 0.309748 0.039513
vt 0.319437 0.038617
vt 0.377115 0.572268
vt 0.368690 0.573047
vt -0.056067 0.038617
vt -0.065033 0.038816
vt -0.024559 0.572441
vt -0.016763 0.572268
vt -0.017330 0.377352
vt -0.015545 0.368937
vt -0.020547 0.362062
vt -0.028570 0.361903
vt -0.033573 0.368581
vt -0.031787 0.377067
vt -0.024559 0.380970
vt 0.114243 0.362817
vt 0.108460 0.359694
vt 0.107032 0.352906
vt 0.111034 0.347564
vt 0.117452 0.347691
vt 0.121454 0.353191
vt 0.120026 0.359923
vt -0.024559 0.574012
vt -0.031787 0.576807
vt 0.108460 0.912600
vt 0.114243 0.910364
vt 0.377067 0.576807
vt 0.368581 0.577136
vt 0.352906 0.912863
vt 0.359694 0.912600
vt 0.368581 0.577136
vt 0.361903 0.574752
vt 0.347564 0.910956
vt 0.352906 0.912863
vt -0.028570 0.574752
vt -0.020547 0.571450
vt 0.117452 0.908314
vt 0.111034 0.910956
vt 0.362062 0.571450
vt 0.368937 0.569716
vt 0.353191 0.906927
vt 0.347691 0.908314
vt 0.368937 0.569716
vt 0.377352 0.570857
vt 0.359923 0.907839
vt 0.353191 0.906927
vt -0.017330 0.570857
vt -0.024559 0.574012
vt 0.114243 0.910364
vt 0.120026 0.907839
vt -0.082026 0.328014
vt -0.131216 0.374363
vt -0.059754 0.363908
vt -0.065497 0.325848
vt -0.065497 0.325848
vt -0.059754 0.363908
vt -0.131216 0.374363
vt -0.082026 0.328014
vt -0.065497 0.325848
vt -0.059754 0.363908
vt 0.011611 0.352810
vt -0.049065 0.323040
vt -0.049065 0.323040
vt 0.011611 0.352810
vt -0.059754 0.363908
vt -0.065497 0.325848
vt -0.131216 0.374363
vt -0.144357 0.423801
vt -0.052752 0.410306
vt -0.059754 0.363908
vt -0.059754 0.363908
vt -0.052752 0.410306
vt -0.144357 0.423801
vt -0.131216 0.374363
vt -0.059754 0.363908
vt -0.052752 0.410306
vt 0.038755 0.396169
vt 0.011611 0.352810
vt 0.011611 0.352810
vt 0.038755 0.396169
vt -0.052752 0.410306
vt -0.059754 0.363908
vt -0.144357 0.423801
vt -0.120434 0.470637
vt -0.045309 0.459629
vt -0.052752 0.410306
vt -0.052752 0.410306
vt -0.045309 0.459629
vt -0.120434 0.470637
vt -0.144357 0.423801
vt -0.052752 0.410306
vt -0.045309 0.459629
vt 0.029718 0.447979
vt 0.038755 0.396169
vt 0.038755 0.396169
vt 0.029718 0.447979
vt -0.045309 0.459629
vt -0.052752 0.410306
vt -0.120434 0.470637
vt -0.078086 0.503052
vt -0.039584 0.497570
vt -0.045309 0.459629
vt -0.045309 0.459629
vt -0.039584 0.497570
vt -0.078086 0.503052
vt -0.120434 0.470637
vt -0.045309 0.459629
vt -0.039584 0.497570
vt -0.001179 0.491446
vt 0.029718 0.447979
vt 0.029718 0.447979
vt -0.001179 0.491446
vt -0.039584 0.497570
vt -0.045309 0.459629
vt -0.078086 0.503052
vt -0.039402 0.520497
vt -0.036149 0.520335
vt -0.039584 0.497570
vt -0.039584 0.497570
vt -0.036149 0.520335
vt -0.039402 0.520497
vt -0.078086 0.503052
vt -0.039584 0.497570
vt -0.036149 0.520335
vt -0.032993 0.519530
vt -0.001179 0.491446
vt -0.001179 0.491446
vt -0.032993 0.519530
vt -0.036149 0.520335
vt -0.039584 0.497570
vt -0.035810 0.376212
vt 0.018171 0.340439
vt -0.043283 0.329146
vt -0.049763 0.372086
vt -0.049763 0.372086
vt -0.043283 0.329146
vt 0.018171 0.340439
vt -0.035810 0.376212
vt -0.049763 0.372086
vt -0.043283 0.329146
vt -0.105334 0.321802
vt -0.064312 0.371911
vt -0.064312 0.371911
vt -0.105334 0.321802
vt -0.043283 0.329146
vt -0.049763 0.372086
vt 0.018171 0.340439
vt 0.043593 0.290027
vt -0.035279 0.276105
vt -0.043283 0.329146
vt -0.043283 0.329146
vt -0.035279 0.276105
vt 0.043593 0.290027
vt 0.018171 0.340439
vt -0.043283 0.329146
vt -0.035279 0.276105
vt -0.114747 0.266133
vt -0.105334 0.321802
vt -0.105334 0.321802
vt -0.114747 0.266133
vt -0.035279 0.276105
vt -0.043283 0.329146
vt 0.043593 0.290027
vt 0.037875 0.231328
vt -0.026746 0.219556
vt -0.035279 0.276105
vt -0.035279 0.276105
vt -0.026746 0.219556
vt 0.037875 0.231328
vt 0.043593 0.290027
vt -0.035279 0.276105
vt -0.026746 0.219556
vt -0.091963 0.211735
vt -0.114747 0.266133
vt -0.114747 0.266133
vt -0.091963 0.211735
vt -0.026746 0.219556
vt -0.035279 0.276105
vt 0.037875 0.231328
vt 0.012771 0.183050
vt -0.020182 0.176058
vt -0.026746 0.219556
vt -0.026746 0.219556
vt -0.020182 0.176058
vt 0.012771 0.183050
vt 0.037875 0.231328
vt -0.026746 0.219556
vt -0.020182 0.176058
vt -0.053731 0.173015
vt -0.091963 0.211735
vt -0.091963 0.211735
vt -0.053731 0.173015
vt -0.020182 0.176058
vt -0.026746 0.219556
vt 0.012771 0.183050
vt -0.013771 0.152352
vt -0.016244 0.149959
vt -0.020182 0.176058
vt -0.020182 0.176058
vt -0.016244 0.149959
vt -0.013771 0.152352
vt 0.012771 0.183050
vt -0.020182 0.176058
vt -0.016244 0.149959
vt -0.019312 0.151515
vt -0.053731 0.173015
vt -0.053731 0.173015
vt -0.019312 0.151515
vt -0.016244 0.149959
vt -0.020182 0.176058
vt -0.048878 0.486519
vt -0.047279 0.477337
vt -0.126086 0.441171
vt -0.135705 0.477483
vt -0.135705 0.477483
vt -0.126086 0.441171
vt -0.047279 0.477337
vt -0.048878 0.486519
vt -0.047279 0.477337
vt -0.045226 0.471662
vt -0.116945 0.401171
vt -0.126086 0.441171
vt -0.126086 0.441171
vt -0.116945 0.401171
vt -0.045226 0.471662
vt -0.047279 0.477337
vt -0.045226 0.357365
vt -0.043504 0.347797
vt -0.111157 0.321027
vt -0.116945 0.364885
vt -0.116945 0.364885
vt -0.111157 0.321027
vt -0.043504 0.347797
vt -0.045226 0.357365
vt -0.043504 0.347797
vt -0.042770 0.339937
vt -0.104330 0.275371
vt -0.111157 0.321027
vt -0.111157 0.321027
vt -0.104330 0.275371
vt -0.042770 0.339937
vt -0.043504 0.347797
vt -0.042770 0.477337
vt -0.043305 0.486519
vt -0.110372 0.477483
vt -0.104330 0.430320
vt -0.104330 0.430320
vt -0.110372 0.477483
vt -0.043305 0.486519
vt -0.042770 0.477337
vt -0.043305 0.486519
vt -0.044904 0.495701
vt -0.115294 0.524646
vt -0.110372 0.477483
vt -0.110372 0.477483
vt -0.115294 0.524646
vt -0.044904 0.495701
vt -0.043305 0.486519
vt -0.044904 0.339553
vt -0.046957 0.347175
vt -0.124815 0.318568
vt -0.115294 0.273397
vt -0.115294 0.273397
vt -0.124815 0.318568
vt -0.046957 0.347175
vt -0.044904 0.339553
vt -0.046957 0.347175
vt -0.048680 0.356743
vt -0.134685 0.361692
vt -0.124815 0.318568
vt -0.124815 0.318568
vt -0.134685 0.361692
vt -0.048680 0.356743
vt -0.046957 0.347175
vt -0.048680 0.501376
vt -0.049413 0.495701
vt -0.134528 0.513794
vt -0.134685 0.553795
vt -0.134685 0.553795
vt -0.134528 0.513794
vt -0.049413 0.495701
vt -0.048680 0.501376
vt -0.049413 0.495701
vt -0.048878 0.486519
vt -0.135705 0.477483
vt -0.134528 0.513794
vt -0.134528 0.513794
vt -0.135705 0.477483
vt -0.048878 0.486519
vt -0.049413 0.495701
vt -0.022247 0.353635
vt -0.070258 0.399044
vt -0.000322 0.390098
vt -0.005932 0.352741
vt -0.005932 0.352741
vt -0.000322 0.390098
vt -0.070258 0.399044
vt -0.022247 0.353635
vt -0.005932 0.352741
vt -0.000322 0.390098
vt 0.069157 0.378108
vt 0.009926 0.348804
vt 0.009926 0.348804
vt 0.069157 0.378108
vt -0.000322 0.390098
vt -0.005932 0.352741
vt -0.070258 0.399044
vt -0.083080 0.447536
vt 0.006517 0.435637
vt -0.000322 0.390098
vt -0.000322 0.390098
vt 0.006517 0.435637
vt -0.083080 0.447536
vt -0.070258 0.399044
vt -0.000322 0.390098
vt 0.006517 0.435637
vt 0.095656 0.420694
vt 0.069157 0.378108
vt 0.069157 0.378108
vt 0.095656 0.420694
vt 0.006517 0.435637
vt -0.000322 0.390098
vt -0.083080 0.447536
vt -0.059724 0.493528
vt 0.013786 0.484045
vt 0.006517 0.435637
vt 0.006517 0.435637
vt 0.013786 0.484045
vt -0.059724 0.493528
vt -0.083080 0.447536
vt 0.006517 0.435637
vt 0.013786 0.484045
vt 0.086840 0.471519
vt 0.095656 0.420694
vt 0.095656 0.420694
vt 0.086840 0.471519
vt 0.013786 0.484045
vt 0.006517 0.435637
vt -0.059724 0.493528
vt -0.018385 0.525397
vt 0.019378 0.521282
vt 0.013786 0.484045
vt 0.013786 0.484045
vt 0.019378 0.521282
vt -0.018385 0.525397
vt -0.059724 0.493528
vt 0.013786 0.484045
vt 0.019378 0.521282
vt 0.056685 0.514124
vt 0.086840 0.471519
vt 0.086840 0.471519
vt 0.056685 0.514124
vt 0.019378 0.521282
vt 0.013786 0.484045
vt -0.018385 0.525397
vt 0.019377 0.542573
vt 0.022734 0.543625
vt 0.019378 0.521282
vt 0.019378 0.521282
vt 0.022734 0.543625
vt 0.019377 0.542573
vt -0.018385 0.525397
vt 0.019378 0.521282
vt 0.022734 0.543625
vt 0.025633 0.541633
vt 0.056685 0.514124
vt 0.056685 0.514124
vt 0.025633 0.541633
vt 0.022734 0.543625
vt 0.019378 0.521282
vt 0.063772 0.365827
vt 0.128095 0.329935
vt 0.053292 0.317888
vt 0.046602 0.362435
vt 0.046602 0.362435
vt 0.053292 0.317888
vt 0.128095 0.329935
vt 0.063772 0.365827
vt 0.046602 0.362435
vt 0.053292 0.317888
vt -0.021751 0.307432
vt 0.029192 0.360634
vt 0.029192 0.360634
vt -0.021751 0.307432
vt 0.053292 0.317888
vt 0.046602 0.362435
vt 0.128095 0.329935
vt 0.157497 0.278041
vt 0.061561 0.262821
vt 0.053292 0.317888
vt 0.053292 0.317888
vt 0.061561 0.262821
vt 0.157497 0.278041
vt 0.128095 0.329935
vt 0.053292 0.317888
vt 0.061561 0.262821
vt -0.034614 0.249192
vt -0.021751 0.307432
vt -0.021751 0.307432
vt -0.034614 0.249192
vt 0.061561 0.262821
vt 0.053292 0.317888
vt 0.157497 0.278041
vt 0.149025 0.216727
vt 0.070379 0.204104
vt 0.061561 0.262821
vt 0.061561 0.262821
vt 0.070379 0.204104
vt 0.149025 0.216727
vt 0.157497 0.278041
vt 0.061561 0.262821
vt 0.070379 0.204104
vt -0.008506 0.193070
vt -0.034614 0.249192
vt -0.034614 0.249192
vt -0.008506 0.193070
vt 0.070379 0.204104
vt 0.061561 0.262821
vt 0.149025 0.216727
vt 0.117386 0.165790
vt 0.077162 0.158936
vt 0.070379 0.204104
vt 0.070379 0.204104
vt 0.077162 0.158936
vt 0.117386 0.165790
vt 0.149025 0.216727
vt 0.070379 0.204104
vt 0.077162 0.158936
vt 0.036699 0.153673
vt -0.008506 0.193070
vt -0.008506 0.193070
vt 0.036699 0.153673
vt 0.077162 0.158936
vt 0.070379 0.204104
vt 0.117386 0.165790
vt 0.084474 0.133136
vt 0.081232 0.131836
vt 0.077162 0.158936
vt 0.077162 0.158936
vt 0.081232 0.131836
vt 0.084474 0.133136
vt 0.117386 0.165790
vt 0.077162 0.158936
vt 0.081232 0.131836
vt 0.077750 0.132126
vt 0.036699 0.153673
vt 0.036699 0.153673
vt 0.077750 0.132126
vt 0.081232 0.131836
vt 0.077162 0.158936
vt 0.066756 0.799915
vt 0.068383 0.790575
vt -0.013443 0.753591
vt -0.023226 0.790524
vt -0.023226 0.790524
vt -0.013443 0.753591
vt 0.068383 0.790575
vt 0.066756 0.799915
vt 0.068383 0.790575
vt 0.070471 0.784803
vt -0.004145 0.712906
vt -0.013443 0.753591
vt -0.013443 0.753591
vt -0.004145 0.712906
vt 0.070471 0.784803
vt 0.068383 0.790575
vt 0.070471 0.327551
vt 0.072223 0.317819
vt 0.001742 0.290290
vt -0.004145 0.334900
vt -0.004145 0.334900
vt 0.001742 0.290290
vt 0.072223 0.317819
vt 0.070471 0.327551
vt 0.072223 0.317819
vt 0.072969 0.309825
vt 0.008686 0.243854
vt 0.001742 0.290290
vt 0.001742 0.290290
vt 0.008686 0.243854
vt 0.072969 0.309825
vt 0.072223 0.317819
vt 0.072969 0.790575
vt 0.072425 0.799915
vt 0.002541 0.790524
vt 0.008686 0.742553
vt 0.008686 0.742553
vt 0.002541 0.790524
vt 0.072425 0.799915
vt 0.072969 0.790575
vt 0.072425 0.799915
vt 0.070798 0.809254
vt -0.002466 0.838494
vt 0.002541 0.790524
vt 0.002541 0.790524
vt -0.002466 0.838494
vt 0.070798 0.809254
vt 0.072425 0.799915
vt 0.070798 0.309435
vt 0.068710 0.317187
vt -0.012150 0.287790
vt -0.002466 0.241846
vt -0.002466 0.241846
vt -0.012150 0.287790
vt 0.068710 0.317187
vt 0.070798 0.309435
vt 0.068710 0.317187
vt 0.066958 0.326919
vt -0.022188 0.331652
vt -0.012150 0.287790
vt -0.012150 0.287790
vt -0.022188 0.331652
vt 0.066958 0.326919
vt 0.068710 0.317187
vt 0.066958 0.815026
vt 0.066212 0.809254
vt -0.022028 0.827456
vt -0.022188 0.868141
vt -0.022188 0.868141
vt -0.022028 0.827456
vt 0.066212 0.809254
vt 0.066958 0.815026
vt 0.066212 0.809254
vt 0.066756 0.799915
vt -0.023226 0.790524
vt -0.022028 0.827456
vt -0.022028 0.827456
vt -0.023226 0.790524
vt 0.066756 0.799915
vt 0.066212 0.809254
vt 0.119231 0.916226
vt 0.112463 0.917769
vt 0.107035 0.913446
vt 0.107035 0.906514
vt 0.112463 0.902192
vt 0.119231 0.903735
vt 0.122243 0.909980
vt 0.122243 0.922768
vt 0.119231 0.916523
vt 0.112463 0.914980
vt 0.107035 0.919302
vt 0.107035 0.926234
vt 0.112463 0.930557
vt 0.119231 0.929014
vt 0.354827 0.909980
vt 0.355162 0.903735
vt 0.592986 0.916523
vt 0.592650 0.922768
vt 0.119231 0.355162
vt 0.112463 0.355245
vt 0.112463 0.593069
vt 0.119231 0.592986
vt 0.112463 0.355245
vt 0.107035 0.355013
vt 0.107035 0.592837
vt 0.112463 0.593069
vt 0.355013 0.906514
vt 0.354640 0.913446
vt 0.592464 0.926234
vt 0.592837 0.919302
vt 0.107035 0.354640
vt 0.112463 0.354408
vt 0.112463 0.592232
vt 0.107035 0.592464
vt 0.112463 0.354408
vt 0.119231 0.354491
vt 0.119231 0.592315
vt 0.112463 0.592232
vt 0.354491 0.916226
vt 0.354827 0.909980
vt 0.592650 0.922768
vt 0.592315 0.929014
vt -0.035592 0.623094
vt -0.033372 0.613366
vt -0.039592 0.605570
vt -0.049567 0.605576
vt -0.055787 0.613380
vt -0.053567 0.623105
vt -0.044579 0.627428
vt -0.031212 0.636650
vt -0.039027 0.632891
vt -0.040957 0.624434
vt -0.035549 0.617648
vt -0.026875 0.617642
vt -0.021467 0.624422
vt -0.023397 0.632881
vt -0.044579 0.057255
vt -0.053567 0.057612
vt -0.039027 0.523794
vt -0.031212 0.523483
vt 0.623105 0.057612
vt 0.613380 0.057899
vt 0.624434 0.524044
vt 0.632891 0.523794
vt 0.613380 0.057899
vt 0.605576 0.057900
vt 0.617648 0.524045
vt 0.624434 0.524044
vt -0.049567 0.057900
vt -0.039592 0.057615
vt -0.026875 0.523796
vt -0.035549 0.524045
vt 0.605570 0.057615
vt 0.613366 0.057257
vt 0.624422 0.523485
vt 0.617642 0.523796
vt 0.613366 0.057257
vt 0.623094 0.057097
vt 0.632881 0.523346
vt 0.624422 0.523485
vt -0.035592 0.057097
vt -0.044579 0.057255
vt -0.031212 0.523483
vt -0.023397 0.523346
vt -0.023873 0.633113
vt -0.022060 0.624754
vt -0.027139 0.617824
vt -0.035285 0.617542
vt -0.040364 0.624121
vt -0.038551 0.632606
vt -0.031212 0.636608
vt 0.127382 0.593967
vt 0.121511 0.590765
vt 0.120061 0.583977
vt 0.124124 0.578714
vt 0.130641 0.578939
vt 0.134704 0.584483
vt 0.133253 0.591171
vt -0.031212 0.524655
vt -0.038551 0.526983
vt 0.121511 0.956291
vt 0.127382 0.954428
vt 0.632606 0.526983
vt 0.624121 0.526850
vt 0.583977 0.956184
vt 0.590765 0.956291
vt 0.624121 0.526850
vt 0.617542 0.524354
vt 0.578714 0.954187
vt 0.583977 0.956184
vt -0.035285 0.524354
vt -0.027139 0.521376
vt 0.130641 0.951805
vt 0.124124 0.954187
vt 0.617824 0.521376
vt 0.624754 0.520158
vt 0.584483 0.950831
vt 0.578939 0.951805
vt 0.624754 0.520158
vt 0.633113 0.521617
vt 0.591171 0.951998
vt 0.584483 0.950831
vt -0.023873 0.521617
vt -0.031212 0.524655
vt 0.127382 0.954428
vt 0.133253 0.951998
vt -0.038009 0.648759
vt 0.022392 0.620039
vt -0.048722 0.608004
vt -0.054267 0.644955
vt -0.054267 0.644955
vt -0.048722 0.608004
vt 0.022392 0.620039
vt -0.038009 0.648759
vt -0.054267 0.644955
vt -0.048722 0.608004
vt -0.120238 0.598638
vt -0.070924 0.643820
vt -0.070924 0.643820
vt -0.120238 0.598638
vt -0.048722 0.608004
vt -0.054267 0.644955
vt 0.022392 0.620039
vt 0.049256 0.578078
vt -0.041974 0.563025
vt -0.048722 0.608004
vt -0.048722 0.608004
vt -0.041974 0.563025
vt 0.049256 0.578078
vt 0.022392 0.620039
vt -0.048722 0.608004
vt -0.041974 0.563025
vt -0.133604 0.550641
vt -0.120238 0.598638
vt -0.120238 0.598638
vt -0.133604 0.550641
vt -0.041974 0.563025
vt -0.048722 0.608004
vt 0.049256 0.578078
vt 0.039970 0.527810
vt -0.034802 0.515227
vt -0.041974 0.563025
vt -0.041974 0.563025
vt -0.034802 0.515227
vt 0.039970 0.527810
vt 0.049256 0.578078
vt -0.041974 0.563025
vt -0.034802 0.515227
vt -0.109975 0.505313
vt -0.133604 0.550641
vt -0.133604 0.550641
vt -0.109975 0.505313
vt -0.034802 0.515227
vt -0.041974 0.563025
vt 0.039970 0.527810
vt 0.008915 0.485555
vt -0.029286 0.478459
vt -0.034802 0.515227
vt -0.034802 0.515227
vt -0.029286 0.478459
vt 0.008915 0.485555
vt 0.039970 0.527810
vt -0.034802 0.515227
vt -0.029286 0.478459
vt -0.067886 0.474032
vt -0.109975 0.505313
vt -0.109975 0.505313
vt -0.067886 0.474032
vt -0.029286 0.478459
vt -0.034802 0.515227
vt 0.008915 0.485555
vt -0.022976 0.458213
vt -0.025976 0.456399
vt -0.029286 0.478459
vt -0.029286 0.478459
vt -0.025976 0.456399
vt -0.022976 0.458213
vt 0.008915 0.485555
vt -0.029286 0.478459
vt -0.025976 0.456399
vt -0.029376 0.457253
vt -0.067886 0.474032
vt -0.067886 0.474032
vt -0.029376 0.457253
vt -0.025976 0.456399
vt -0.029286 0.478459
vt -0.067846 0.606484
vt -0.125589 0.653668
vt -0.043027 0.642289
vt -0.048680 0.604617
vt -0.048680 0.604617
vt -0.043027 0.642289
vt -0.125589 0.653668
vt -0.067846 0.606484
vt -0.048680 0.604617
vt -0.043027 0.642289
vt 0.039238 0.628938
vt -0.029809 0.600777
vt -0.029809 0.600777
vt 0.039238 0.628938
vt -0.043027 0.642289
vt -0.048680 0.604617
vt -0.125589 0.653668
vt -0.141945 0.703069
vt -0.036138 0.688202
vt -0.043027 0.642289
vt -0.043027 0.642289
vt -0.036138 0.688202
vt -0.141945 0.703069
vt -0.125589 0.653668
vt -0.043027 0.642289
vt -0.036138 0.688202
vt 0.069372 0.671363
vt 0.039238 0.628938
vt 0.039238 0.628938
vt 0.069372 0.671363
vt -0.036138 0.688202
vt -0.043027 0.642289
vt -0.141945 0.703069
vt -0.115604 0.749018
vt -0.028816 0.737005
vt -0.036138 0.688202
vt -0.036138 0.688202
vt -0.028816 0.737005
vt -0.115604 0.749018
vt -0.141945 0.703069
vt -0.036138 0.688202
vt -0.028816 0.737005
vt 0.057676 0.723020
vt 0.069372 0.671363
vt 0.069372 0.671363
vt 0.057676 0.723020
vt -0.028816 0.737005
vt -0.036138 0.688202
vt -0.115604 0.749018
vt -0.067708 0.780218
vt -0.023183 0.774546
vt -0.028816 0.737005
vt -0.028816 0.737005
vt -0.023183 0.774546
vt -0.067708 0.780218
vt -0.115604 0.749018
vt -0.028816 0.737005
vt -0.023183 0.774546
vt 0.021045 0.766902
vt 0.057676 0.723020
vt 0.057676 0.723020
vt 0.021045 0.766902
vt -0.023183 0.774546
vt -0.028816 0.737005
vt -0.067708 0.780218
vt -0.023650 0.796640
vt -0.019804 0.797071
vt -0.023183 0.774546
vt -0.023183 0.774546
vt -0.019804 0.797071
vt -0.023650 0.796640
vt -0.067708 0.780218
vt -0.023183 0.774546
vt -0.019804 0.797071
vt -0.016254 0.795530
vt 0.021045 0.766902
vt 0.021045 0.766902
vt -0.016254 0.795530
vt -0.019804 0.797071
vt -0.023183 0.774546
vt 0.653363 0.425533
vt 0.650173 0.416231
vt 0.700044 0.380109
vt 0.731196 0.416897
vt 0.731196 0.416897
vt 0.700044 0.380109
vt 0.650173 0.416231
vt 0.653363 0.425533
vt 0.650173 0.416231
vt 0.642211 0.410481
vt 0.673911 0.339584
vt 0.700044 0.380109
vt 0.700044 0.380109
vt 0.673911 0.339584
vt 0.642211 0.410481
vt 0.650173 0.416231
vt -0.058800 0.642211
vt -0.060544 0.632517
vt -0.129924 0.630221
vt -0.119926 0.673911
vt -0.119926 0.673911
vt -0.129924 0.630221
vt -0.060544 0.632517
vt -0.058800 0.642211
vt -0.060544 0.632517
vt -0.062624 0.624795
vt -0.139571 0.584458
vt -0.129924 0.630221
vt -0.129924 0.630221
vt -0.139571 0.584458
vt -0.062624 0.624795
vt -0.060544 0.632517
vt -0.062624 0.416231
vt -0.064245 0.425533
vt -0.144558 0.416897
vt -0.139571 0.369115
vt -0.139571 0.369115
vt -0.144558 0.416897
vt -0.064245 0.425533
vt -0.062624 0.416231
vt -0.064245 0.425533
vt -0.064787 0.434836
vt -0.150679 0.464679
vt -0.144558 0.416897
vt -0.144558 0.416897
vt -0.150679 0.464679
vt -0.064787 0.434836
vt -0.064245 0.425533
vt -0.064787 0.625184
vt -0.064044 0.633147
vt -0.143762 0.632712
vt -0.150679 0.586458
vt -0.150679 0.586458
vt -0.143762 0.632712
vt -0.064044 0.633147
vt -0.064787 0.625184
vt -0.064044 0.633147
vt -0.062299 0.642841
vt -0.137898 0.677146
vt -0.143762 0.632712
vt -0.143762 0.632712
vt -0.137898 0.677146
vt -0.062299 0.642841
vt -0.064044 0.633147
vt 0.642841 0.440585
vt 0.650563 0.434836
vt 0.701583 0.453685
vt 0.677146 0.494210
vt 0.677146 0.494210
vt 0.701583 0.453685
vt 0.650563 0.434836
vt 0.642841 0.440585
vt 0.650563 0.434836
vt 0.653363 0.425533
vt 0.731196 0.416897
vt 0.701583 0.453685
vt 0.701583 0.453685
vt 0.731196 0.416897
vt 0.653363 0.425533
vt 0.650563 0.434836
vt 0.003035 0.651085
vt 0.058085 0.612667
vt -0.004467 0.602794
vt -0.011349 0.648470
vt -0.011349 0.648470
vt -0.004467 0.602794
vt 0.058085 0.612667
vt 0.003035 0.651085
vt -0.011349 0.648470
vt -0.004467 0.602794
vt -0.067151 0.593798
vt -0.025866 0.646731
vt -0.025866 0.646731
vt -0.067151 0.593798
vt -0.004467 0.602794
vt -0.011349 0.648470
vt 0.058085 0.612667
vt 0.084267 0.558772
vt 0.004054 0.546238
vt -0.004467 0.602794
vt -0.004467 0.602794
vt 0.004054 0.546238
vt 0.084267 0.558772
vt 0.058085 0.612667
vt -0.004467 0.602794
vt 0.004054 0.546238
vt -0.076292 0.534581
vt -0.067151 0.593798
vt -0.067151 0.593798
vt -0.076292 0.534581
vt 0.004054 0.546238
vt -0.004467 0.602794
vt 0.084267 0.558772
vt 0.078907 0.496267
vt 0.013143 0.485910
vt 0.004054 0.546238
vt 0.004054 0.546238
vt 0.013143 0.485910
vt 0.078907 0.496267
vt 0.084267 0.558772
vt 0.004054 0.546238
vt 0.013143 0.485910
vt -0.052752 0.476430
vt -0.076292 0.534581
vt -0.076292 0.534581
vt -0.052752 0.476430
vt 0.013143 0.485910
vt 0.004054 0.546238
vt 0.078907 0.496267
vt 0.053787 0.445023
vt 0.020135 0.439504
vt 0.013143 0.485910
vt 0.013143 0.485910
vt 0.020135 0.439504
vt 0.053787 0.445023
vt 0.078907 0.496267
vt 0.013143 0.485910
vt 0.020135 0.439504
vt -0.013648 0.434863
vt -0.052752 0.476430
vt -0.052752 0.476430
vt -0.013648 0.434863
vt 0.020135 0.439504
vt 0.013143 0.485910
vt 0.053787 0.445023
vt 0.027074 0.412523
vt 0.024331 0.411661
vt 0.020135 0.439504
vt 0.020135 0.439504
vt 0.024331 0.411661
vt 0.027074 0.412523
vt 0.053787 0.445023
vt 0.020135 0.439504
vt 0.024331 0.411661
vt 0.021455 0.411676
vt -0.013648 0.434863
vt -0.013648 0.434863
vt 0.021455 0.411676
vt 0.024331 0.411661
vt 0.020135 0.439504
vt 0.034058 0.617867
vt -0.029758 0.666510
vt 0.060959 0.654748
vt 0.055209 0.616587
vt 0.055209 0.616587
vt 0.060959 0.654748
vt -0.029758 0.666510
vt 0.034058 0.617867
vt 0.055209 0.616587
vt 0.060959 0.654748
vt 0.151113 0.639259
vt 0.075798 0.611579
vt 0.075798 0.611579
vt 0.151113 0.639259
vt 0.060959 0.654748
vt 0.055209 0.616587
vt -0.029758 0.666510
vt -0.048236 0.717007
vt 0.067988 0.701402
vt 0.060959 0.654748
vt 0.060959 0.654748
vt 0.067988 0.701402
vt -0.048236 0.717007
vt -0.029758 0.666510
vt 0.060959 0.654748
vt 0.067988 0.701402
vt 0.183650 0.682069
vt 0.151113 0.639259
vt 0.151113 0.639259
vt 0.183650 0.682069
vt 0.067988 0.701402
vt 0.060959 0.654748
vt -0.048236 0.717007
vt -0.019889 0.763487
vt 0.075465 0.751027
vt 0.067988 0.701402
vt 0.067988 0.701402
vt 0.075465 0.751027
vt -0.019889 0.763487
vt -0.048236 0.717007
vt 0.067988 0.701402
vt 0.075465 0.751027
vt 0.170257 0.734838
vt 0.183650 0.682069
vt 0.183650 0.682069
vt 0.170257 0.734838
vt 0.075465 0.751027
vt 0.067988 0.701402
vt -0.019889 0.763487
vt 0.032239 0.794672
vt 0.081216 0.789200
vt 0.075465 0.751027
vt 0.075465 0.751027
vt 0.081216 0.789200
vt 0.032239 0.794672
vt -0.019889 0.763487
vt 0.075465 0.751027
vt 0.081216 0.789200
vt 0.129631 0.779998
vt 0.170257 0.734838
vt 0.170257 0.734838
vt 0.129631 0.779998
vt 0.081216 0.789200
vt 0.075465 0.751027
vt 0.032239 0.794672
vt 0.080328 0.810851
vt 0.084667 0.812103
vt 0.081216 0.789200
vt 0.081216 0.789200
vt 0.084667 0.812103
vt 0.080328 0.810851
vt 0.032239 0.794672
vt 0.081216 0.789200
vt 0.084667 0.812103
vt 0.088444 0.809628
vt 0.129631 0.779998
vt 0.129631 0.779998
vt 0.088444 0.809628
vt 0.084667 0.812103
vt 0.081216 0.789200
usemtl M_MorningGlory_Stem
s 1
f 7/1 6/2 5/3 4/4 3/5 2/6 1/7
f 8/8 9/9 10/10 11/11 12/12 13/13 14/14
f 1/15 2/16 9/17 8/18
f 2/19 3/20 10/21 9/22
f 3/23 4/24 11/25 10/26
f 4/27 5/28 12/29 11/30
f 5/31 6/32 13/33 12/34
f 6/35 7/36 14/37 13/38
f 7/39 1/40 8/41 14/42
f 21/43 20/44 19/45 18/46 17/47 16/48 15/49
f 22/50 23/51 24/52 25/53 26/54 27/55 28/56
f 15/57 16/58 23/59 22/60
f 16/61 17/62 24/63 23/64
f 17/65 18/66 25/67 24/68
f 18/69 19/70 26/71 25/72
f 19/73 20/74 27/75 26/76
f 20/77 21/78 28/79 27/80
f 21/81 15/82 22/83 28/84
usemtl M_MorningGlory_Leaf
s 1
f 29/85 32/86 33/87 30/88
f 30/89 33/90 32/91 29/92
f 30/93 33/94 34/95 31/96
f 31/97 34/98 33/99 30/100
f 32/101 35/102 36/103 33/104
f 33/105 36/106 35/107 32/108
f 33/109 36/110 37/111 34/112
f 34/113 37/114 36/115 33/116
f 35/117 38/118 39/119 36/120
f 36/121 39/122 38/123 35/124
f 36/125 39/126 40/127 37/128
f 37/129 40/130 39/131 36/132
f 38/133 41/134 42/135 39/136
f 39/137 42/138 41/139 38/140
f 39/141 42/142 43/143 40/144
f 40/145 43/146 42/147 39/148
f 41/149 44/150 45/151 42/152
f 42/153 45/154 44/155 41/156
f 42/157 45/158 46/159 43/160
f 43/161 46/162 45/163 42/164
f 47/165 50/166 51/167 48/168
f 48/169 51/170 50/171 47/172
f 48/173 51/174 52/175 49/176
f 49/177 52/178 51/179 48/180
f 50/181 53/182 54/183 51/184
f 51/185 54/186 53/187 50/188
f 51/189 54/190 55/191 52/192
f 52/193 55/194 54/195 51/196
f 53/197 56/198 57/199 54/200
f 54/201 57/202 56/203 53/204
f 54/205 57/206 58/207 55/208
f 55/209 58/210 57/211 54/212
f 56/213 59/214 60/215 57/216
f 57/217 60/218 59/219 56/220
f 57/221 60/222 61/223 58/224
f 58/225 61/226 60/227 57/228
f 59/229 62/230 63/231 60/232
f 60/233 63/234 62/235 59/236
f 60/237 63/238 64/239 61/240
f 61/241 64/242 63/243 60/244
usemtl M_MorningGlory_Flower
s 1
f 65/245 67/246 68/247 66/248
f 66/249 68/250 67/251 65/252
f 67/253 69/254 70/255 68/256
f 68/257 70/258 69/259 67/260
f 69/261 71/262 72/263 70/264
f 70/265 72/266 71/267 69/268
f 71/269 73/270 74/271 72/272
f 72/273 74/274 73/275 71/276
f 73/277 75/278 76/279 74/280
f 74/281 76/282 75/283 73/284
f 75/285 77/286 78/287 76/288
f 76/289 78/290 77/291 75/292
f 77/293 79/294 80/295 78/296
f 78/297 80/298 79/299 77/300
f 79/301 81/302 82/303 80/304
f 80/305 82/306 81/307 79/308
f 81/309 83/310 84/311 82/312
f 82/313 84/314 83/315 81/316
f 83/317 65/318 66/319 84/320
f 84/321 66/322 65/323 83/324
usemtl M_MorningGlory_Leaf
s 1
f 85/325 88/326 89/327 86/328
f 86/329 89/330 88/331 85/332
f 86/333 89/334 90/335 87/336
f 87/337 90/338 89/339 86/340
f 88/341 91/342 92/343 89/344
f 89/345 92/346 91/347 88/348
f 89/349 92/350 93/351 90/352
f 90/353 93/354 92/355 89/356
f 91/357 94/358 95/359 92/360
f 92/361 95/362 94/363 91/364
f 92/365 95/366 96/367 93/368
f 93/369 96/370 95/371 92/372
f 94/373 97/374 98/375 95/376
f 95/377 98/378 97/379 94/380
f 95/381 98/382 99/383 96/384
f 96/385 99/386 98/387 95/388
f 97/389 100/390 101/391 98/392
f 98/393 101/394 100/395 97/396
f 98/397 101/398 102/399 99/400
f 99/401 102/402 101/403 98/404
f 103/405 106/406 107/407 104/408
f 104/409 107/410 106/411 103/412
f 104/413 107/414 108/415 105/416
f 105/417 108/418 107/419 104/420
f 106/421 109/422 110/423 107/424
f 107/425 110/426 109/427 106/428
f 107/429 110/430 111/431 108/432
f 108/433 111/434 110/435 107/436
f 109/437 112/438 113/439 110/440
f 110/441 113/442 112/443 109/444
f 110/445 113/446 114/447 111/448
f 111/449 114/450 113/451 110/452
f 112/453 115/454 116/455 113/456
f 113/457 116/458 115/459 112/460
f 113/461 116/462 117/463 114/464
f 114/465 117/466 116/467 113/468
f 115/469 118/470 119/471 116/472
f 116/473 119/474 118/475 115/476
f 116/477 119/478 120/479 117/480
f 117/481 120/482 119/483 116/484
usemtl M_MorningGlory_Flower
s 1
f 121/485 123/486 124/487 122/488
f 122/489 124/490 123/491 121/492
f 123/493 125/494 126/495 124/496
f 124/497 126/498 125/499 123/500
f 125/501 127/502 128/503 126/504
f 126/505 128/506 127/507 125/508
f 127/509 129/510 130/511 128/512
f 128/513 130/514 129/515 127/516
f 129/517 131/518 132/519 130/520
f 130/521 132/522 131/523 129/524
f 131/525 133/526 134/527 132/528
f 132/529 134/530 133/531 131/532
f 133/533 135/534 136/535 134/536
f 134/537 136/538 135/539 133/540
f 135/541 137/542 138/543 136/544
f 136/545 138/546 137/547 135/548
f 137/549 139/550 140/551 138/552
f 138/553 140/554 139/555 137/556
f 139/557 121/558 122/559 140/560
f 140/561 122/562 121/563 139/564
usemtl M_MorningGlory_Stem
s 1
f 147/565 146/566 145/567 144/568 143/569 142/570 141/571
f 148/572 149/573 150/574 151/575 152/576 153/577 154/578
f 141/579 142/580 149/581 148/582
f 142/583 143/584 150/585 149/586
f 143/587 144/588 151/589 150/590
f 144/591 145/592 152/593 151/594
f 145/595 146/596 153/597 152/598
f 146/599 147/600 154/601 153/602
f 147/603 141/604 148/605 154/606
f 161/607 160/608 159/609 158/610 157/611 156/612 155/613
f 162/614 163/615 164/616 165/617 166/618 167/619 168/620
f 155/621 156/622 163/623 162/624
f 156/625 157/626 164/627 163/628
f 157/629 158/630 165/631 164/632
f 158/633 159/634 166/635 165/636
f 159/637 160/638 167/639 166/640
f 160/641 161/642 168/643 167/644
f 161/645 155/646 162/647 168/648
f 175/649 174/650 173/651 172/652 171/653 170/654 169/655
f 176/656 177/657 178/658 179/659 180/660 181/661 182/662
f 169/663 170/664 177/665 176/666
f 170/667 171/668 178/669 177/670
f 171/671 172/672 179/673 178/674
f 172/675 173/676 180/677 179/678
f 173/679 174/680 181/681 180/682
f 174/683 175/684 182/685 181/686
f 175/687 169/688 176/689 182/690
usemtl M_MorningGlory_Leaf
s 1
f 183/691 186/692 187/693 184/694
f 184/695 187/696 186/697 183/698
f 184/699 187/700 188/701 185/702
f 185/703 188/704 187/705 184/706
f 186/707 189/708 190/709 187/710
f 187/711 190/712 189/713 186/714
f 187/715 190/716 191/717 188/718
f 188/719 191/720 190/721 187/722
f 189/723 192/724 193/725 190/726
f 190/727 193/728 192/729 189/730
f 190/731 193/732 194/733 191/734
f 191/735 194/736 193/737 190/738
f 192/739 195/740 196/741 193/742
f 193/743 196/744 195/745 192/746
f 193/747 196/748 197/749 194/750
f 194/751 197/752 196/753 193/754
f 195/755 198/756 199/757 196/758
f 196/759 199/760 198/761 195/762
f 196/763 199/764 200/765 197/766
f 197/767 200/768 199/769 196/770
f 201/771 204/772 205/773 202/774
f 202/775 205/776 204/777 201/778
f 202/779 205/780 206/781 203/782
f 203/783 206/784 205/785 202/786
f 204/787 207/788 208/789 205/790
f 205/791 208/792 207/793 204/794
f 205/795 208/796 209/797 206/798
f 206/799 209/800 208/801 205/802
f 207/803 210/804 211/805 208/806
f 208/807 211/808 210/809 207/810
f 208/811 211/812 212/813 209/814
f 209/815 212/816 211/817 208/818
f 210/819 213/820 214/821 211/822
f 211/823 214/824 213/825 210/826
f 211/827 214/828 215/829 212/830
f 212/831 215/832 214/833 211/834
f 213/835 216/836 217/837 214/838
f 214/839 217/840 216/841 213/842
f 214/843 217/844 218/845 215/846
f 215/847 218/848 217/849 214/850
usemtl M_MorningGlory_Flower
s 1
f 219/851 221/852 222/853 220/854
f 220/855 222/856 221/857 219/858
f 221/859 223/860 224/861 222/862
f 222/863 224/864 223/865 221/866
f 223/867 225/868 226/869 224/870
f 224/871 226/872 225/873 223/874
f 225/875 227/876 228/877 226/878
f 226/879 228/880 227/881 225/882
f 227/883 229/884 230/885 228/886
f 228/887 230/888 229/889 227/890
f 229/891 231/892 232/893 230/894
f 230/895 232/896 231/897 229/898
f 231/899 233/900 234/901 232/902
f 232/903 234/904 233/905 231/906
f 233/907 235/908 236/909 234/910
f 234/911 236/912 235/913 233/914
f 235/915 237/916 238/917 236/918
f 236/919 238/920 237/921 235/922
f 237/923 219/924 220/925 238/926
f 238/927 220/928 219/929 237/930
usemtl M_MorningGlory_Leaf
s 1
f 239/931 242/932 243/933 240/934
f 240/935 243/936 242/937 239/938
f 240/939 243/940 244/941 241/942
f 241/943 244/944 243/945 240/946
f 242/947 245/948 246/949 243/950
f 243/951 246/952 245/953 242/954
f 243/955 246/956 247/957 244/958
f 244/959 247/960 246/961 243/962
f 245/963 248/964 249/965 246/966
f 246/967 249/968 248/969 245/970
f 246/971 249/972 250/973 247/974
f 247/975 250/976 249/977 246/978
f 248/979 251/980 252/981 249/982
f 249/983 252/984 251/985 248/986
f 249/987 252/988 253/989 250/990
f 250/991 253/992 252/993 249/994
f 251/995 254/996 255/997 252/998
f 252/999 255/1000 254/1001 251/1002
f 252/1003 255/1004 256/1005 253/1006
f 253/1007 256/1008 255/1009 252/1010
f 257/1011 260/1012 261/1013 258/1014
f 258/1015 261/1016 260/1017 257/1018
f 258/1019 261/1020 262/1021 259/1022
f 259/1023 262/1024 261/1025 258/1026
f 260/1027 263/1028 264/1029 261/1030
f 261/1031 264/1032 263/1033 260/1034
f 261/1035 264/1036 265/1037 262/1038
f 262/1039 265/1040 264/1041 261/1042
f 263/1043 266/1044 267/1045 264/1046
f 264/1047 267/1048 266/1049 263/1050
f 264/1051 267/1052 268/1053 265/1054
f 265/1055 268/1056 267/1057 264/1058
f 266/1059 269/1060 270/1061 267/1062
f 267/1063 270/1064 269/1065 266/1066
f 267/1067 270/1068 271/1069 268/1070
f 268/1071 271/1072 270/1073 267/1074
f 269/1075 272/1076 273/1077 270/1078
f 270/1079 273/1080 272/1081 269/1082
f 270/1083 273/1084 274/1085 271/1086
f 271/1087 274/1088 273/1089 270/1090
usemtl M_MorningGlory_Flower
s 1
f 275/1091 277/1092 278/1093 276/1094
f 276/1095 278/1096 277/1097 275/1098
f 277/1099 279/1100 280/1101 278/1102
f 278/1103 280/1104 279/1105 277/1106
f 279/1107 281/1108 282/1109 280/1110
f 280/1111 282/1112 281/1113 279/1114
f 281/1115 283/1116 284/1117 282/1118
f 282/1119 284/1120 283/1121 281/1122
f 283/1123 285/1124 286/1125 284/1126
f 284/1127 286/1128 285/1129 283/1130
f 285/1131 287/1132 288/1133 286/1134
f 286/1135 288/1136 287/1137 285/1138
f 287/1139 289/1140 290/1141 288/1142
f 288/1143 290/1144 289/1145 287/1146
f 289/1147 291/1148 292/1149 290/1150
f 290/1151 292/1152 291/1153 289/1154
f 291/1155 293/1156 294/1157 292/1158
f 292/1159 294/1160 293/1161 291/1162
f 293/1163 275/1164 276/1165 294/1166
f 294/1167 276/1168 275/1169 293/1170
usemtl M_MorningGlory_Stem
s 1
f 301/1171 300/1172 299/1173 298/1174 297/1175 296/1176 295/1177
f 302/1178 303/1179 304/1180 305/1181 306/1182 307/1183 308/1184
f 295/1185 296/1186 303/1187 302/1188
f 296/1189 297/1190 304/1191 303/1192
f 297/1193 298/1194 305/1195 304/1196
f 298/1197 299/1198 306/1199 305/1200
f 299/1201 300/1202 307/1203 306/1204
f 300/1205 301/1206 308/1207 307/1208
f 301/1209 295/1210 302/1211 308/1212
f 315/1213 314/1214 313/1215 312/1216 311/1217 310/1218 309/1219
f 316/1220 317/1221 318/1222 319/1223 320/1224 321/1225 322/1226
f 309/1227 310/1228 317/1229 316/1230
f 310/1231 311/1232 318/1233 317/1234
f 311/1235 312/1236 319/1237 318/1238
f 312/1239 313/1240 320/1241 319/1242
f 313/1243 314/1244 321/1245 320/1246
f 314/1247 315/1248 322/1249 321/1250
f 315/1251 309/1252 316/1253 322/1254
f 329/1255 328/1256 327/1257 326/1258 325/1259 324/1260 323/1261
f 330/1262 331/1263 332/1264 333/1265 334/1266 335/1267 336/1268
f 323/1269 324/1270 331/1271 330/1272
f 324/1273 325/1274 332/1275 331/1276
f 325/1277 326/1278 333/1279 332/1280
f 326/1281 327/1282 334/1283 333/1284
f 327/1285 328/1286 335/1287 334/1288
f 328/1289 329/1290 336/1291 335/1292
f 329/1293 323/1294 330/1295 336/1296
usemtl M_MorningGlory_Leaf
s 1
f 337/1297 340/1298 341/1299 338/1300
f 338/1301 341/1302 340/1303 337/1304
f 338/1305 341/1306 342/1307 339/1308
f 339/1309 342/1310 341/1311 338/1312
f 340/1313 343/1314 344/1315 341/1316
f 341/1317 344/1318 343/1319 340/1320
f 341/1321 344/1322 345/1323 342/1324
f 342/1325 345/1326 344/1327 341/1328
f 343/1329 346/1330 347/1331 344/1332
f 344/1333 347/1334 346/1335 343/1336
f 344/1337 347/1338 348/1339 345/1340
f 345/1341 348/1342 347/1343 344/1344
f 346/1345 349/1346 350/1347 347/1348
f 347/1349 350/1350 349/1351 346/1352
f 347/1353 350/1354 351/1355 348/1356
f 348/1357 351/1358 350/1359 347/1360
f 349/1361 352/1362 353/1363 350/1364
f 350/1365 353/1366 352/1367 349/1368
f 350/1369 353/1370 354/1371 351/1372
f 351/1373 354/1374 353/1375 350/1376
f 355/1377 358/1378 359/1379 356/1380
f 356/1381 359/1382 358/1383 355/1384
f 356/1385 359/1386 360/1387 357/1388
f 357/1389 360/1390 359/1391 356/1392
f 358/1393 361/1394 362/1395 359/1396
f 359/1397 362/1398 361/1399 358/1400
f 359/1401 362/1402 363/1403 360/1404
f 360/1405 363/1406 362/1407 359/1408
f 361/1409 364/1410 365/1411 362/1412
f 362/1413 365/1414 364/1415 361/1416
f 362/1417 365/1418 366/1419 363/1420
f 363/1421 366/1422 365/1423 362/1424
f 364/1425 367/1426 368/1427 365/1428
f 365/1429 368/1430 367/1431 364/1432
f 365/1433 368/1434 369/1435 366/1436
f 366/1437 369/1438 368/1439 365/1440
f 367/1441 370/1442 371/1443 368/1444
f 368/1445 371/1446 370/1447 367/1448
f 368/1449 371/1450 372/1451 369/1452
f 369/1453 372/1454 371/1455 368/1456
usemtl M_MorningGlory_Flower
s 1
f 373/1457 375/1458 376/1459 374/1460
f 374/1461 376/1462 375/1463 373/1464
f 375/1465 377/1466 378/1467 376/1468
f 376/1469 378/1470 377/1471 375/1472
f 377/1473 379/1474 380/1475 378/1476
f 378/1477 380/1478 379/1479 377/1480
f 379/1481 381/1482 382/1483 380/1484
f 380/1485 382/1486 381/1487 379/1488
f 381/1489 383/1490 384/1491 382/1492
f 382/1493 384/1494 383/1495 381/1496
f 383/1497 385/1498 386/1499 384/1500
f 384/1501 386/1502 385/1503 383/1504
f 385/1505 387/1506 388/1507 386/1508
f 386/1509 388/1510 387/1511 385/1512
f 387/1513 389/1514 390/1515 388/1516
f 388/1517 390/1518 389/1519 387/1520
f 389/1521 391/1522 392/1523 390/1524
f 390/1525 392/1526 391/1527 389/1528
f 391/1529 373/1530 374/1531 392/1532
f 392/1533 374/1534 373/1535 391/1536
usemtl M_MorningGlory_Leaf
s 1
f 393/1537 396/1538 397/1539 394/1540
f 394/1541 397/1542 396/1543 393/1544
f 394/1545 397/1546 398/1547 395/1548
f 395/1549 398/1550 397/1551 394/1552
f 396/1553 399/1554 400/1555 397/1556
f 397/1557 400/1558 399/1559 396/1560
f 397/1561 400/1562 401/1563 398/1564
f 398/1565 401/1566 400/1567 397/1568
f 399/1569 402/1570 403/1571 400/1572
f 400/1573 403/1574 402/1575 399/1576
f 400/1577 403/1578 404/1579 401/1580
f 401/1581 404/1582 403/1583 400/1584
f 402/1585 405/1586 406/1587 403/1588
f 403/1589 406/1590 405/1591 402/1592
f 403/1593 406/1594 407/1595 404/1596
f 404/1597 407/1598 406/1599 403/1600
f 405/1601 408/1602 409/1603 406/1604
f 406/1605 409/1606 408/1607 405/1608
f 406/1609 409/1610 410/1611 407/1612
f 407/1613 410/1614 409/1615 406/1616
f 411/1617 414/1618 415/1619 412/1620
f 412/1621 415/1622 414/1623 411/1624
f 412/1625 415/1626 416/1627 413/1628
f 413/1629 416/1630 415/1631 412/1632
f 414/1633 417/1634 418/1635 415/1636
f 415/1637 418/1638 417/1639 414/1640
f 415/1641 418/1642 419/1643 416/1644
f 416/1645 419/1646 418/1647 415/1648
f 417/1649 420/1650 421/1651 418/1652
f 418/1653 421/1654 420/1655 417/1656
f 418/1657 421/1658 422/1659 419/1660
f 419/1661 422/1662 421/1663 418/1664
f 420/1665 423/1666 424/1667 421/1668
f 421/1669 424/1670 423/1671 420/1672
f 421/1673 424/1674 425/1675 422/1676
f 422/1677 425/1678 424/1679 421/1680
f 423/1681 426/1682 427/1683 424/1684
f 424/1685 427/1686 426/1687 423/1688
f 424/1689 427/1690 428/1691 425/1692
f 425/1693 428/1694 427/1695 424/1696
usemtl M_MorningGlory_Stem
s 1
f 435/1697 434/1698 433/1699 432/1700 431/1701 430/1702 429/1703
f 436/1704 437/1705 438/1706 439/1707 440/1708 441/1709 442/1710
f 429/1711 430/1712 437/1713 436/1714
f 430/1715 431/1716 438/1717 437/1718
f 431/1719 432/1720 439/1721 438/1722
f 432/1723 433/1724 440/1725 439/1726
f 433/1727 434/1728 441/1729 440/1730
f 434/1731 435/1732 442/1733 441/1734
f 435/1735 429/1736 436/1737 442/1738
f 449/1739 448/1740 447/1741 446/1742 445/1743 444/1744 443/1745
f 450/1746 451/1747 452/1748 453/1749 454/1750 455/1751 456/1752
f 443/1753 444/1754 451/1755 450/1756
f 444/1757 445/1758 452/1759 451/1760
f 445/1761 446/1762 453/1763 452/1764
f 446/1765 447/1766 454/1767 453/1768
f 447/1769 448/1770 455/1771 454/1772
f 448/1773 449/1774 456/1775 455/1776
f 449/1777 443/1778 450/1779 456/1780
f 463/1781 462/1782 461/1783 460/1784 459/1785 458/1786 457/1787
f 464/1788 465/1789 466/1790 467/1791 468/1792 469/1793 470/1794
f 457/1795 458/1796 465/1797 464/1798
f 458/1799 459/1800 466/1801 465/1802
f 459/1803 460/1804 467/1805 466/1806
f 460/1807 461/1808 468/1809 467/1810
f 461/1811 462/1812 469/1813 468/1814
f 462/1815 463/1816 470/1817 469/1818
f 463/1819 457/1820 464/1821 470/1822
usemtl M_MorningGlory_Leaf
s 1
f 471/1823 474/1824 475/1825 472/1826
f 472/1827 475/1828 474/1829 471/1830
f 472/1831 475/1832 476/1833 473/1834
f 473/1835 476/1836 475/1837 472/1838
f 474/1839 477/1840 478/1841 475/1842
f 475/1843 478/1844 477/1845 474/1846
f 475/1847 478/1848 479/1849 476/1850
f 476/1851 479/1852 478/1853 475/1854
f 477/1855 480/1856 481/1857 478/1858
f 478/1859 481/1860 480/1861 477/1862
f 478/1863 481/1864 482/1865 479/1866
f 479/1867 482/1868 481/1869 478/1870
f 480/1871 483/1872 484/1873 481/1874
f 481/1875 484/1876 483/1877 480/1878
f 481/1879 484/1880 485/1881 482/1882
f 482/1883 485/1884 484/1885 481/1886
f 483/1887 486/1888 487/1889 484/1890
f 484/1891 487/1892 486/1893 483/1894
f 484/1895 487/1896 488/1897 485/1898
f 485/1899 488/1900 487/1901 484/1902
f 489/1903 492/1904 493/1905 490/1906
f 490/1907 493/1908 492/1909 489/1910
f 490/1911 493/1912 494/1913 491/1914
f 491/1915 494/1916 493/1917 490/1918
f 492/1919 495/1920 496/1921 493/1922
f 493/1923 496/1924 495/1925 492/1926
f 493/1927 496/1928 497/1929 494/1930
f 494/1931 497/1932 496/1933 493/1934
f 495/1935 498/1936 499/1937 496/1938
f 496/1939 499/1940 498/1941 495/1942
f 496/1943 499/1944 500/1945 497/1946
f 497/1947 500/1948 499/1949 496/1950
f 498/1951 501/1952 502/1953 499/1954
f 499/1955 502/1956 501/1957 498/1958
f 499/1959 502/1960 503/1961 500/1962
f 500/1963 503/1964 502/1965 499/1966
f 501/1967 504/1968 505/1969 502/1970
f 502/1971 505/1972 504/1973 501/1974
f 502/1975 505/1976 506/1977 503/1978
f 503/1979 506/1980 505/1981 502/1982
usemtl M_MorningGlory_Flower
s 1
f 507/1983 509/1984 510/1985 508/1986
f 508/1987 510/1988 509/1989 507/1990
f 509/1991 511/1992 512/1993 510/1994
f 510/1995 512/1996 511/1997 509/1998
f 511/1999 513/2000 514/2001 512/2002
f 512/2003 514/2004 513/2005 511/2006
f 513/2007 515/2008 516/2009 514/2010
f 514/2011 516/2012 515/2013 513/2014
f 515/2015 517/2016 518/2017 516/2018
f 516/2019 518/2020 517/2021 515/2022
f 517/2023 519/2024 520/2025 518/2026
f 518/2027 520/2028 519/2029 517/2030
f 519/2031 521/2032 522/2033 520/2034
f 520/2035 522/2036 521/2037 519/2038
f 521/2039 523/2040 524/2041 522/2042
f 522/2043 524/2044 523/2045 521/2046
f 523/2047 525/2048 526/2049 524/2050
f 524/2051 526/2052 525/2053 523/2054
f 525/2055 507/2056 508/2057 526/2058
f 526/2059 508/2060 507/2061 525/2062
usemtl M_MorningGlory_Leaf
s 1
f 527/2063 530/2064 531/2065 528/2066
f 528/2067 531/2068 530/2069 527/2070
f 528/2071 531/2072 532/2073 529/2074
f 529/2075 532/2076 531/2077 528/2078
f 530/2079 533/2080 534/2081 531/2082
f 531/2083 534/2084 533/2085 530/2086
f 531/2087 534/2088 535/2089 532/2090
f 532/2091 535/2092 534/2093 531/2094
f 533/2095 536/2096 537/2097 534/2098
f 534/2099 537/2100 536/2101 533/2102
f 534/2103 537/2104 538/2105 535/2106
f 535/2107 538/2108 537/2109 534/2110
f 536/2111 539/2112 540/2113 537/2114
f 537/2115 540/2116 539/2117 536/2118
f 537/2119 540/2120 541/2121 538/2122
f 538/2123 541/2124 540/2125 537/2126
f 539/2127 542/2128 543/2129 540/2130
f 540/2131 543/2132 542/2133 539/2134
f 540/2135 543/2136 544/2137 541/2138
f 541/2139 544/2140 543/2141 540/2142
f 545/2143 548/2144 549/2145 546/2146
f 546/2147 549/2148 548/2149 545/2150
f 546/2151 549/2152 550/2153 547/2154
f 547/2155 550/2156 549/2157 546/2158
f 548/2159 551/2160 552/2161 549/2162
f 549/2163 552/2164 551/2165 548/2166
f 549/2167 552/2168 553/2169 550/2170
f 550/2171 553/2172 552/2173 549/2174
f 551/2175 554/2176 555/2177 552/2178
f 552/2179 555/2180 554/2181 551/2182
f 552/2183 555/2184 556/2185 553/2186
f 553/2187 556/2188 555/2189 552/2190
f 554/2191 557/2192 558/2193 555/2194
f 555/2195 558/2196 557/2197 554/2198
f 555/2199 558/2200 559/2201 556/2202
f 556/2203 559/2204 558/2205 555/2206
f 557/2207 560/2208 561/2209 558/2210
f 558/2211 561/2212 560/2213 557/2214
f 558/2215 561/2216 562/2217 559/2218
f 559/2219 562/2220 561/2221 558/2222
usemtl M_MorningGlory_Flower
s 1
f 563/2223 565/2224 566/2225 564/2226
f 564/2227 566/2228 565/2229 563/2230
f 565/2231 567/2232 568/2233 566/2234
f 566/2235 568/2236 567/2237 565/2238
f 567/2239 569/2240 570/2241 568/2242
f 568/2243 570/2244 569/2245 567/2246
f 569/2247 571/2248 572/2249 570/2250
f 570/2251 572/2252 571/2253 569/2254
f 571/2255 573/2256 574/2257 572/2258
f 572/2259 574/2260 573/2261 571/2262
f 573/2263 575/2264 576/2265 574/2266
f 574/2267 576/2268 575/2269 573/2270
f 575/2271 577/2272 578/2273 576/2274
f 576/2275 578/2276 577/2277 575/2278
f 577/2279 579/2280 580/2281 578/2282
f 578/2283 580/2284 579/2285 577/2286
f 579/2287 581/2288 582/2289 580/2290
f 580/2291 582/2292 581/2293 579/2294
f 581/2295 563/2296 564/2297 582/2298
f 582/2299 564/2300 563/2301 581/2302
usemtl M_MorningGlory_Stem
s 1
f 589/2303 588/2304 587/2305 586/2306 585/2307 584/2308 583/2309
f 590/2310 591/2311 592/2312 593/2313 594/2314 595/2315 596/2316
f 583/2317 584/2318 591/2319 590/2320
f 584/2321 585/2322 592/2323 591/2324
f 585/2325 586/2326 593/2327 592/2328
f 586/2329 587/2330 594/2331 593/2332
f 587/2333 588/2334 595/2335 594/2336
f 588/2337 589/2338 596/2339 595/2340
f 589/2341 583/2342 590/2343 596/2344
f 603/2345 602/2346 601/2347 600/2348 599/2349 598/2350 597/2351
f 604/2352 605/2353 606/2354 607/2355 608/2356 609/2357 610/2358
f 597/2359 598/2360 605/2361 604/2362
f 598/2363 599/2364 606/2365 605/2366
f 599/2367 600/2368 607/2369 606/2370
f 600/2371 601/2372 608/2373 607/2374
f 601/2375 602/2376 609/2377 608/2378
f 602/2379 603/2380 610/2381 609/2382
f 603/2383 597/2384 604/2385 610/2386
f 617/2387 616/2388 615/2389 614/2390 613/2391 612/2392 611/2393
f 618/2394 619/2395 620/2396 621/2397 622/2398 623/2399 624/2400
f 611/2401 612/2402 619/2403 618/2404
f 612/2405 613/2406 620/2407 619/2408
f 613/2409 614/2410 621/2411 620/2412
f 614/2413 615/2414 622/2415 621/2416
f 615/2417 616/2418 623/2419 622/2420
f 616/2421 617/2422 624/2423 623/2424
f 617/2425 611/2426 618/2427 624/2428
usemtl M_MorningGlory_Leaf
s 1
f 625/2429 628/2430 629/2431 626/2432
f 626/2433 629/2434 628/2435 625/2436
f 626/2437 629/2438 630/2439 627/2440
f 627/2441 630/2442 629/2443 626/2444
f 628/2445 631/2446 632/2447 629/2448
f 629/2449 632/2450 631/2451 628/2452
f 629/2453 632/2454 633/2455 630/2456
f 630/2457 633/2458 632/2459 629/2460
f 631/2461 634/2462 635/2463 632/2464
f 632/2465 635/2466 634/2467 631/2468
f 632/2469 635/2470 636/2471 633/2472
f 633/2473 636/2474 635/2475 632/2476
f 634/2477 637/2478 638/2479 635/2480
f 635/2481 638/2482 637/2483 634/2484
f 635/2485 638/2486 639/2487 636/2488
f 636/2489 639/2490 638/2491 635/2492
f 637/2493 640/2494 641/2495 638/2496
f 638/2497 641/2498 640/2499 637/2500
f 638/2501 641/2502 642/2503 639/2504
f 639/2505 642/2506 641/2507 638/2508
f 643/2509 646/2510 647/2511 644/2512
f 644/2513 647/2514 646/2515 643/2516
f 644/2517 647/2518 648/2519 645/2520
f 645/2521 648/2522 647/2523 644/2524
f 646/2525 649/2526 650/2527 647/2528
f 647/2529 650/2530 649/2531 646/2532
f 647/2533 650/2534 651/2535 648/2536
f 648/2537 651/2538 650/2539 647/2540
f 649/2541 652/2542 653/2543 650/2544
f 650/2545 653/2546 652/2547 649/2548
f 650/2549 653/2550 654/2551 651/2552
f 651/2553 654/2554 653/2555 650/2556
f 652/2557 655/2558 656/2559 653/2560
f 653/2561 656/2562 655/2563 652/2564
f 653/2565 656/2566 657/2567 654/2568
f 654/2569 657/2570 656/2571 653/2572
f 655/2573 658/2574 659/2575 656/2576
f 656/2577 659/2578 658/2579 655/2580
f 656/2581 659/2582 660/2583 657/2584
f 657/2585 660/2586 659/2587 656/2588
usemtl M_MorningGlory_Flower
s 1
f 661/2589 663/2590 664/2591 662/2592
f 662/2593 664/2594 663/2595 661/2596
f 663/2597 665/2598 666/2599 664/2600
f 664/2601 666/2602 665/2603 663/2604
f 665/2605 667/2606 668/2607 666/2608
f 666/2609 668/2610 667/2611 665/2612
f 667/2613 669/2614 670/2615 668/2616
f 668/2617 670/2618 669/2619 667/2620
f 669/2621 671/2622 672/2623 670/2624
f 670/2625 672/2626 671/2627 669/2628
f 671/2629 673/2630 674/2631 672/2632
f 672/2633 674/2634 673/2635 671/2636
f 673/2637 675/2638 676/2639 674/2640
f 674/2641 676/2642 675/2643 673/2644
f 675/2645 677/2646 678/2647 676/2648
f 676/2649 678/2650 677/2651 675/2652
f 677/2653 679/2654 680/2655 678/2656
f 678/2657 680/2658 679/2659 677/2660
f 679/2661 661/2662 662/2663 680/2664
f 680/2665 662/2666 661/2667 679/2668
usemtl M_MorningGlory_Leaf
s 1
f 681/2669 684/2670 685/2671 682/2672
f 682/2673 685/2674 684/2675 681/2676
f 682/2677 685/2678 686/2679 683/2680
f 683/2681 686/2682 685/2683 682/2684
f 684/2685 687/2686 688/2687 685/2688
f 685/2689 688/2690 687/2691 684/2692
f 685/2693 688/2694 689/2695 686/2696
f 686/2697 689/2698 688/2699 685/2700
f 687/2701 690/2702 691/2703 688/2704
f 688/2705 691/2706 690/2707 687/2708
f 688/2709 691/2710 692/2711 689/2712
f 689/2713 692/2714 691/2715 688/2716
f 690/2717 693/2718 694/2719 691/2720
f 691/2721 694/2722 693/2723 690/2724
f 691/2725 694/2726 695/2727 692/2728
f 692/2729 695/2730 694/2731 691/2732
f 693/2733 696/2734 697/2735 694/2736
f 694/2737 697/2738 696/2739 693/2740
f 694/2741 697/2742 698/2743 695/2744
f 695/2745 698/2746 697/2747 694/2748
f 699/2749 702/2750 703/2751 700/2752
f 700/2753 703/2754 702/2755 699/2756
f 700/2757 703/2758 704/2759 701/2760
f 701/2761 704/2762 703/2763 700/2764
f 702/2765 705/2766 706/2767 703/2768
f 703/2769 706/2770 705/2771 702/2772
f 703/2773 706/2774 707/2775 704/2776
f 704/2777 707/2778 706/2779 703/2780
f 705/2781 708/2782 709/2783 706/2784
f 706/2785 709/2786 708/2787 705/2788
f 706/2789 709/2790 710/2791 707/2792
f 707/2793 710/2794 709/2795 706/2796
f 708/2797 711/2798 712/2799 709/2800
f 709/2801 712/2802 711/2803 708/2804
f 709/2805 712/2806 713/2807 710/2808
f 710/2809 713/2810 712/2811 709/2812
f 711/2813 714/2814 715/2815 712/2816
f 712/2817 715/2818 714/2819 711/2820
f 712/2821 715/2822 716/2823 713/2824
f 713/2825 716/2826 715/2827 712/2828
usemtl M_MorningGlory_Flower
s 1
f 717/2829 719/2830 720/2831 718/2832
f 718/2833 720/2834 719/2835 717/2836
f 719/2837 721/2838 722/2839 720/2840
f 720/2841 722/2842 721/2843 719/2844
f 721/2845 723/2846 724/2847 722/2848
f 722/2849 724/2850 723/2851 721/2852
f 723/2853 725/2854 726/2855 724/2856
f 724/2857 726/2858 725/2859 723/2860
f 725/2861 727/2862 728/2863 726/2864
f 726/2865 728/2866 727/2867 725/2868
f 727/2869 729/2870 730/2871 728/2872
f 728/2873 730/2874 729/2875 727/2876
f 729/2877 731/2878 732/2879 730/2880
f 730/2881 732/2882 731/2883 729/2884
f 731/2885 733/2886 734/2887 732/2888
f 732/2889 734/2890 733/2891 731/2892
f 733/2893 735/2894 736/2895 734/2896
f 734/2897 736/2898 735/2899 733/2900
f 735/2901 717/2902 718/2903 736/2904
f 736/2905 718/2906 717/2907 735/2908
usemtl M_MorningGlory_Stem
s 1
f 743/2909 742/2910 741/2911 740/2912 739/2913 738/2914 737/2915
f 744/2916 745/2917 746/2918 747/2919 748/2920 749/2921 750/2922
f 737/2923 738/2924 745/2925 744/2926
f 738/2927 739/2928 746/2929 745/2930
f 739/2931 740/2932 747/2933 746/2934
f 740/2935 741/2936 748/2937 747/2938
f 741/2939 742/2940 749/2941 748/2942
f 742/2943 743/2944 750/2945 749/2946
f 743/2947 737/2948 744/2949 750/2950
f 757/2951 756/2952 755/2953 754/2954 753/2955 752/2956 751/2957
f 758/2958 759/2959 760/2960 761/2961 762/2962 763/2963 764/2964
f 751/2965 752/2966 759/2967 758/2968
f 752/2969 753/2970 760/2971 759/2972
f 753/2973 754/2974 761/2975 760/2976
f 754/2977 755/2978 762/2979 761/2980
f 755/2981 756/2982 763/2983 762/2984
f 756/2985 757/2986 764/2987 763/2988
f 757/2989 751/2990 758/2991 764/2992
f 771/2993 770/2994 769/2995 768/2996 767/2997 766/2998 765/2999
f 772/3000 773/3001 774/3002 775/3003 776/3004 777/3005 778/3006
f 765/3007 766/3008 773/3009 772/3010
f 766/3011 767/3012 774/3013 773/3014
f 767/3015 768/3016 775/3017 774/3018
f 768/3019 769/3020 776/3021 775/3022
f 769/3023 770/3024 777/3025 776/3026
f 770/3027 771/3028 778/3029 777/3030
f 771/3031 765/3032 772/3033 778/3034
usemtl M_MorningGlory_Leaf
s 1
f 779/3035 782/3036 783/3037 780/3038
f 780/3039 783/3040 782/3041 779/3042
f 780/3043 783/3044 784/3045 781/3046
f 781/3047 784/3048 783/3049 780/3050
f 782/3051 785/3052 786/3053 783/3054
f 783/3055 786/3056 785/3057 782/3058
f 783/3059 786/3060 787/3061 784/3062
f 784/3063 787/3064 786/3065 783/3066
f 785/3067 788/3068 789/3069 786/3070
f 786/3071 789/3072 788/3073 785/3074
f 786/3075 789/3076 790/3077 787/3078
f 787/3079 790/3080 789/3081 786/3082
f 788/3083 791/3084 792/3085 789/3086
f 789/3087 792/3088 791/3089 788/3090
f 789/3091 792/3092 793/3093 790/3094
f 790/3095 793/3096 792/3097 789/3098
f 791/3099 794/3100 795/3101 792/3102
f 792/3103 795/3104 794/3105 791/3106
f 792/3107 795/3108 796/3109 793/3110
f 793/3111 796/3112 795/3113 792/3114
f 797/3115 800/3116 801/3117 798/3118
f 798/3119 801/3120 800/3121 797/3122
f 798/3123 801/3124 802/3125 799/3126
f 799/3127 802/3128 801/3129 798/3130
f 800/3131 803/3132 804/3133 801/3134
f 801/3135 804/3136 803/3137 800/3138
f 801/3139 804/3140 805/3141 802/3142
f 802/3143 805/3144 804/3145 801/3146
f 803/3147 806/3148 807/3149 804/3150
f 804/3151 807/3152 806/3153 803/3154
f 804/3155 807/3156 808/3157 805/3158
f 805/3159 808/3160 807/3161 804/3162
f 806/3163 809/3164 810/3165 807/3166
f 807/3167 810/3168 809/3169 806/3170
f 807/3171 810/3172 811/3173 808/3174
f 808/3175 811/3176 810/3177 807/3178
f 809/3179 812/3180 813/3181 810/3182
f 810/3183 813/3184 812/3185 809/3186
f 810/3187 813/3188 814/3189 811/3190
f 811/3191 814/3192 813/3193 810/3194
usemtl M_MorningGlory_Flower
s 1
f 815/3195 817/3196 818/3197 816/3198
f 816/3199 818/3200 817/3201 815/3202
f 817/3203 819/3204 820/3205 818/3206
f 818/3207 820/3208 819/3209 817/3210
f 819/3211 821/3212 822/3213 820/3214
f 820/3215 822/3216 821/3217 819/3218
f 821/3219 823/3220 824/3221 822/3222
f 822/3223 824/3224 823/3225 821/3226
f 823/3227 825/3228 826/3229 824/3230
f 824/3231 826/3232 825/3233 823/3234
f 825/3235 827/3236 828/3237 826/3238
f 826/3239 828/3240 827/3241 825/3242
f 827/3243 829/3244 830/3245 828/3246
f 828/3247 830/3248 829/3249 827/3250
f 829/3251 831/3252 832/3253 830/3254
f 830/3255 832/3256 831/3257 829/3258
f 831/3259 833/3260 834/3261 832/3262
f 832/3263 834/3264 833/3265 831/3266
f 833/3267 815/3268 816/3269 834/3270
f 834/3271 816/3272 815/3273 833/3274
usemtl M_MorningGlory_Leaf
s 1
f 835/3275 838/3276 839/3277 836/3278
f 836/3279 839/3280 838/3281 835/3282
f 836/3283 839/3284 840/3285 837/3286
f 837/3287 840/3288 839/3289 836/3290
f 838/3291 841/3292 842/3293 839/3294
f 839/3295 842/3296 841/3297 838/3298
f 839/3299 842/3300 843/3301 840/3302
f 840/3303 843/3304 842/3305 839/3306
f 841/3307 844/3308 845/3309 842/3310
f 842/3311 845/3312 844/3313 841/3314
f 842/3315 845/3316 846/3317 843/3318
f 843/3319 846/3320 845/3321 842/3322
f 844/3323 847/3324 848/3325 845/3326
f 845/3327 848/3328 847/3329 844/3330
f 845/3331 848/3332 849/3333 846/3334
f 846/3335 849/3336 848/3337 845/3338
f 847/3339 850/3340 851/3341 848/3342
f 848/3343 851/3344 850/3345 847/3346
f 848/3347 851/3348 852/3349 849/3350
f 849/3351 852/3352 851/3353 848/3354
f 853/3355 856/3356 857/3357 854/3358
f 854/3359 857/3360 856/3361 853/3362
f 854/3363 857/3364 858/3365 855/3366
f 855/3367 858/3368 857/3369 854/3370
f 856/3371 859/3372 860/3373 857/3374
f 857/3375 860/3376 859/3377 856/3378
f 857/3379 860/3380 861/3381 858/3382
f 858/3383 861/3384 860/3385 857/3386
f 859/3387 862/3388 863/3389 860/3390
f 860/3391 863/3392 862/3393 859/3394
f 860/3395 863/3396 864/3397 861/3398
f 861/3399 864/3400 863/3401 860/3402
f 862/3403 865/3404 866/3405 863/3406
f 863/3407 866/3408 865/3409 862/3410
f 863/3411 866/3412 867/3413 864/3414
f 864/3415 867/3416 866/3417 863/3418
f 865/3419 868/3420 869/3421 866/3422
f 866/3423 869/3424 868/3425 865/3426
f 866/3427 869/3428 870/3429 867/3430
f 867/3431 870/3432 869/3433 866/3434
