# Generated by scripts/generate_terrace_planter_botanical_kit.py
mtllib VD_TerraceBotanical.mtl
o VD_Dracaena_A
v 22.482427 8.957339 0.190427
v 19.864120 8.107231 0.106527
v 18.245918 5.879814 0.033790
v 18.245918 3.125887 0.000000
v 19.864120 0.897356 0.018063
v 22.482427 0.045445 0.081080
v 25.100734 0.895554 0.164981
v 26.718936 3.122970 0.237717
v 26.718936 5.876897 0.271507
v 25.100734 8.105428 0.253444
v 18.734329 5.994484 133.748510
v 16.893964 5.396956 133.689538
v 15.756557 3.831342 133.638412
v 15.756557 1.895652 133.614662
v 16.893964 0.329255 133.627358
v 18.734329 -0.269540 133.671652
v 20.574693 0.327988 133.730624
v 21.712101 1.893602 133.781749
v 21.712101 3.829292 133.805500
v 20.574693 5.395689 133.792803
v 21.696747 9.257840 27.135754
v 18.699042 8.283827 27.135754
v 16.846358 5.733827 27.135754
v 16.846358 2.581853 27.135754
v 18.699042 0.031853 27.135754
v 21.696747 -0.942160 27.135754
v 24.694451 0.031853 27.135754
v 26.547135 2.581853 27.135754
v 26.547135 5.733827 27.135754
v 24.694451 8.283827 27.135754
v 21.696747 9.257840 29.135754
v 18.699042 8.283827 29.135754
v 16.846358 5.733827 29.135754
v 16.846358 2.581853 29.135754
v 18.699042 0.031853 29.135754
v 21.696747 -0.942160 29.135754
v 24.694451 0.031853 29.135754
v 26.547135 2.581853 29.135754
v 26.547135 5.733827 29.135754
v 24.694451 8.283827 29.135754
v 21.023306 8.963366 51.135754
v 18.025601 7.989353 51.135754
v 16.172918 5.439353 51.135754
v 16.172918 2.287380 51.135754
v 18.025601 -0.262620 51.135754
v 21.023306 -1.236634 51.135754
v 24.021011 -0.262620 51.135754
v 25.873694 2.287380 51.135754
v 25.873694 5.439353 51.135754
v 24.021011 7.989353 51.135754
v 21.023306 8.963366 53.135754
v 18.025601 7.989353 53.135754
v 16.172918 5.439353 53.135754
v 16.172918 2.287380 53.135754
v 18.025601 -0.262620 53.135754
v 21.023306 -1.236634 53.135754
v 24.021011 -0.262620 53.135754
v 25.873694 2.287380 53.135754
v 25.873694 5.439353 53.135754
v 24.021011 7.989353 53.135754
v 20.349866 8.668893 75.135754
v 17.352161 7.694880 75.135754
v 15.499477 5.144880 75.135754
v 15.499477 1.992906 75.135754
v 17.352161 -0.557094 75.135754
v 20.349866 -1.531107 75.135754
v 23.347570 -0.557094 75.135754
v 25.200254 1.992906 75.135754
v 25.200254 5.144880 75.135754
v 23.347570 7.694880 75.135754
v 20.349866 8.668893 77.135754
v 17.352161 7.694880 77.135754
v 15.499477 5.144880 77.135754
v 15.499477 1.992906 77.135754
v 17.352161 -0.557094 77.135754
v 20.349866 -1.531107 77.135754
v 23.347570 -0.557094 77.135754
v 25.200254 1.992906 77.135754
v 25.200254 5.144880 77.135754
v 23.347570 7.694880 77.135754
v 19.676425 8.374420 99.135754
v 16.678720 7.400406 99.135754
v 14.826037 4.850406 99.135754
v 14.826037 1.698433 99.135754
v 16.678720 -0.851567 99.135754
v 19.676425 -1.825580 99.135754
v 22.674130 -0.851567 99.135754
v 24.526813 1.698433 99.135754
v 24.526813 4.850406 99.135754
v 22.674130 7.400406 99.135754
v 19.676425 8.374420 101.135754
v 16.678720 7.400406 101.135754
v 14.826037 4.850406 101.135754
v 14.826037 1.698433 101.135754
v 16.678720 -0.851567 101.135754
v 19.676425 -1.825580 101.135754
v 22.674130 -0.851567 101.135754
v 24.526813 1.698433 101.135754
v 24.526813 4.850406 101.135754
v 22.674130 7.400406 101.135754
v 18.731366 2.787613 132.610081
v 18.734329 2.862472 131.710081
v 18.737292 2.937331 132.610081
v 28.592686 1.401488 142.822686
v 28.635005 2.470546 141.950549
v 28.677325 3.539604 142.878412
v 38.462457 0.228840 147.697454
v 38.535682 2.078620 146.893942
v 38.608907 3.928400 147.890430
v 48.351948 -0.445626 145.043719
v 48.436358 1.686694 144.310747
v 48.520767 3.819014 145.377775
v 58.264107 -0.547487 134.092192
v 58.337034 1.294768 133.384907
v 58.409961 3.137022 134.477621
v 68.195735 -0.157530 115.693541
v 68.237710 0.902842 114.932479
v 68.279686 1.963213 115.971417
v 78.135460 0.436968 92.071320
v 78.138387 0.510916 91.182976
v 78.141314 0.584863 92.094632
v 18.769761 2.778167 132.610081
v 18.734329 2.862472 131.710081
v 18.698897 2.946777 132.610081
v 27.254390 5.026671 137.777849
v 26.748388 6.230631 136.911098
v 26.242386 7.434591 137.844346
v 35.638017 7.515496 139.629065
v 34.762447 9.598790 138.844204
v 33.886878 11.682084 139.859344
v 43.785889 10.565267 137.027783
v 42.776507 12.966949 136.327103
v 41.767125 15.368631 137.426424
v 51.662731 14.259914 129.597061
v 50.790566 16.335108 128.927043
v 49.918401 18.410302 130.057024
v 59.306697 18.508657 117.810961
v 58.804625 19.703267 117.076774
v 58.302553 20.897877 118.142587
v 66.853704 22.988103 102.844684
v 66.818684 23.071426 101.958596
v 66.783665 23.154750 102.872507
v 18.789892 2.791640 132.610081
v 18.734329 2.862472 131.710081
v 18.678765 2.933304 132.610081
v 29.168675 9.413815 140.077424
v 28.375278 10.425233 139.216534
v 27.581880 11.436650 140.155644
v 39.388525 16.238598 143.354762
v 38.016226 17.987993 142.590180
v 36.643928 19.737388 143.625597
v 49.238101 23.535402 140.840758
v 47.657175 25.550754 140.175127
v 46.076249 27.566106 141.309496
v 58.662803 31.373832 131.994943
v 57.298124 33.113514 131.365277
v 55.933445 34.853197 132.535610
v 67.723677 39.676068 117.471902
v 66.939073 40.676275 116.766728
v 66.154469 41.676482 117.861553
v 76.634662 48.169380 98.919034
v 76.580021 48.239036 98.035372
v 76.525380 48.308691 98.951709
v 18.798188 2.833032 132.610081
v 18.734329 2.862472 131.710081
v 18.670469 2.891912 132.610081
v 24.945823 13.936833 141.366607
v 24.033568 14.357389 140.473778
v 23.121313 14.777945 141.380949
v 30.912759 25.123937 145.680376
v 29.332808 25.852306 144.805217
v 27.752856 26.580675 145.730058
v 36.456185 36.506282 143.662108
v 34.632047 37.347223 142.805133
v 32.807909 38.188164 143.748157
v 41.510755 48.113994 134.628668
v 39.931286 48.842140 133.778345
v 38.351818 49.570286 134.728023
v 46.142223 59.916758 119.284185
v 45.230526 60.337057 118.420034
v 44.318828 60.757356 119.355883
v 50.593566 71.802561 99.526454
v 50.529765 71.831974 98.629465
v 50.465964 71.861387 99.532476
v 18.818786 2.851344 132.610081
v 18.734329 2.862472 131.710081
v 18.649872 2.873600 132.610081
v 21.247595 12.627359 142.325800
v 20.041842 12.786224 141.382264
v 18.836089 12.945089 142.238728
v 23.433769 22.435342 147.449660
v 21.349355 22.709975 146.398944
v 19.264941 22.984609 147.148229
v 25.056029 32.317624 145.845168
v 22.656868 32.633727 144.684400
v 20.257707 32.949831 145.323631
v 26.032776 42.284956 136.679522
v 23.964381 42.557479 135.478863
v 21.895986 42.830002 136.078203
v 26.459161 52.324801 120.658666
v 25.271894 52.481231 119.542101
v 24.084627 52.637660 120.225536
v 26.661925 62.394110 99.867985
v 26.579407 62.404982 98.949836
v 26.496889 62.415855 99.831688
v 18.795971 2.883304 132.610081
v 18.734329 2.862472 131.710081
v 18.672687 2.841640 132.610081
v 16.993239 10.916099 139.122705
v 16.113084 10.618646 138.252055
v 15.232929 10.321192 139.181405
v 15.014031 18.889254 141.841967
v 13.491839 18.374819 141.043587
v 11.969646 17.860385 142.045208
v 12.623884 26.723528 139.352823
v 10.870594 26.130993 138.628689
v 9.117303 25.538458 139.704555
v 9.762429 34.398522 131.171596
v 8.249348 33.887167 130.474432
v 6.736268 33.375812 131.577268
v 6.497742 41.937240 117.867579
v 5.628103 41.643341 117.113745
v 4.758464 41.349441 118.159910
v 3.067396 49.419974 100.890359
v 3.006858 49.399514 100.002615
v 2.946320 49.379055 100.914870
v 18.803693 2.903955 132.610081
v 18.734329 2.862472 131.710081
v 18.664965 2.820989 132.610081
v 15.201195 11.019697 139.718426
v 14.210284 10.427078 138.820136
v 13.219372 9.834460 139.721847
v 11.402542 19.018127 142.883341
v 9.686239 17.991685 141.989266
v 7.969935 16.965242 142.895191
v 7.143999 26.741518 140.536478
v 5.162193 25.556291 139.646740
v 3.180388 24.371064 140.557003
v 2.354429 34.147327 132.105785
v 0.638148 33.120898 131.217634
v -1.078132 32.094469 132.129484
v -2.895012 41.278107 118.168322
v -3.885897 40.685504 117.276874
v -4.876782 40.092901 118.185425
v -8.340581 48.291592 100.294468
v -8.409942 48.250111 99.395187
v -8.479303 48.208629 100.295905
v 18.770687 2.912124 132.610081
v 18.734329 2.862472 131.710081
v 18.697971 2.812820 132.610081
v 10.422436 10.037972 139.742328
v 9.903297 9.329010 138.869936
v 9.384159 8.620048 139.797545
v 1.970109 17.021688 142.315856
v 1.072266 15.795548 141.511447
v 0.174422 14.569407 142.507038
v -6.724585 23.674416 138.739898
v -7.758766 22.262086 138.005330
v -8.792947 20.849756 139.070763
v -15.697270 29.947504 128.464423
v -16.589798 28.728624 127.755227
v -17.482325 27.509743 128.846032
v -24.907827 35.895744 112.119999
v -25.420829 35.195161 111.357497
v -25.933832 34.494579 112.394995
v -34.216147 41.710472 91.329893
v -34.251861 41.661699 90.441422
v -34.287575 41.612927 91.352951
v 18.752223 2.939469 132.610081
v 18.734329 2.862472 131.710081
v 18.716435 2.785475 132.610081
v 10.908743 5.840443 139.218187
v 10.653124 4.740515 138.309255
v 10.397505 3.640586 139.200323
v 3.014623 8.523510 141.312497
v 2.571919 6.618557 140.381555
v 2.129215 4.713604 141.250613
v -4.998175 10.695906 137.347537
v -5.509286 8.496600 136.393947
v -6.020396 6.297294 137.240357
v -13.147952 12.278880 126.747176
v -13.590490 10.374642 125.785300
v -14.033028 8.470405 126.623424
v -21.416268 13.351788 110.061395
v -21.671695 12.252685 109.116744
v -21.927123 11.153582 109.972093
v -29.735026 14.207638 88.825065
v -29.752900 14.130728 87.921314
v -29.770774 14.053817 88.817564
v 18.728370 2.926189 132.610081
v 18.734329 2.862472 131.710081
v 18.740288 2.798755 132.610081
v 9.516772 2.918457 142.730602
v 9.601896 2.008326 141.816079
v 9.687019 1.098194 142.701557
v 0.322079 2.729977 148.120955
v 0.469462 1.154179 147.170653
v 0.616845 -0.421619 148.020352
v -8.833047 2.118459 146.601851
v -8.662971 0.300033 145.614744
v -8.492896 -1.518394 146.427637
v -17.942564 1.019298 137.358634
v -17.795405 -0.554114 136.358081
v -17.648245 -2.127526 137.157528
v -27.012704 -0.500884 121.163475
v -26.927838 -1.408260 120.190934
v -26.842972 -2.315637 121.018394
v -36.066204 -2.198979 100.178454
v -36.060272 -2.262407 99.272363
v -36.054339 -2.325835 100.166273
v 18.698057 2.918662 132.610081
v 18.734329 2.862472 131.710081
v 18.770601 2.806282 132.610081
v 10.915134 -1.047848 140.572394
v 11.433281 -1.850525 139.681607
v 11.951428 -2.653203 140.590821
v 3.234901 -5.173438 144.430751
v 4.132233 -6.563523 143.562666
v 5.029565 -7.953608 144.494580
v -4.204724 -9.671762 142.465306
v -3.168815 -11.276520 141.620579
v -2.132906 -12.881279 142.575852
v -11.366694 -14.600209 134.057327
v -10.469863 -15.989518 133.221144
v -9.573032 -17.378827 134.184961
v -18.288480 -19.900733 119.852514
v -17.770911 -20.702515 118.998564
v -17.253342 -21.504297 119.944613
v -25.108170 -25.359417 101.581648
v -25.071959 -25.415513 100.685516
v -25.035748 -25.471609 101.589383
v 18.668474 2.902583 132.610081
v 18.734329 2.862472 131.710081
v 18.800184 2.822361 132.610081
v 13.005554 -4.426138 140.830367
v 13.946101 -4.999002 139.955035
v 14.886649 -5.571866 140.879703
v 7.530023 -11.868993 144.274364
v 9.157874 -12.860476 143.459796
v 10.785724 -13.851959 144.445228
v 2.492325 -19.578521 141.140285
v 4.369646 -20.721950 140.388196
v 6.246968 -21.865380 141.436107
v -2.041532 -27.594926 130.797457
v -0.418581 -28.583424 130.068150
v 1.204369 -29.571923 131.138843
v -6.141700 -35.875479 113.948649
v -5.206809 -36.444898 113.171743
v -4.271918 -37.014317 114.194837
v -10.060298 -44.266623 92.424812
v -9.995037 -44.306372 91.535143
v -9.929775 -44.346121 92.445473
v 18.673531 2.876776 132.610081
v 18.734329 2.862472 131.710081
v 18.795127 2.848168 132.610081
v 15.037865 -8.954499 138.888942
v 15.906079 -9.158765 138.013417
v 16.774293 -9.363031 138.937893
v 11.575736 -20.826603 140.777030
v 13.077829 -21.180002 139.961784
v 14.579923 -21.533401 140.946537
v 8.518377 -32.793937 136.841480
v 10.249579 -33.201239 136.088186
v 11.980782 -33.608541 137.134891
v 5.926021 -44.870673 126.586415
v 7.421330 -45.222476 125.855666
v 8.916638 -45.574278 126.924918
v 3.732697 -57.041289 110.579174
v 4.593080 -57.243712 109.801183
v 5.453462 -57.446136 110.823192
v 1.704854 -69.250839 90.281494
v 1.764830 -69.264949 89.391729
v 1.824806 -69.279060 90.301963
v 18.673797 2.861596 132.610081
v 18.734329 2.862472 131.710081
v 18.794861 2.863348 132.610081
v 18.049864 -9.603869 140.338603
v 18.914518 -9.591359 139.451243
v 19.779173 -9.578849 140.363883
v 17.597562 -22.066852 143.702204
v 19.094708 -22.045190 142.845987
v 20.591853 -22.023529 143.789770
v 17.547066 -34.524020 141.003527
v 19.274897 -34.499021 140.179347
v 21.002728 -34.474022 141.155167
v 17.959860 -46.974486 131.636074
v 19.455086 -46.952852 130.823602
v 20.950313 -46.931218 131.811130
v 18.772837 -59.419161 116.243325
v 19.635276 -59.406683 115.406473
v 20.497714 -59.394205 116.369620
v 19.755166 -71.861387 96.537623
v 19.815465 -71.860514 95.642926
v 19.875765 -71.859642 96.548228
v 18.671331 2.836022 132.610081
v 18.734329 2.862472 131.710081
v 18.797327 2.888922 132.610081
v 22.072204 -7.608248 141.677630
v 22.971844 -7.230538 140.804200
v 23.871483 -6.852827 141.730770
v 25.652869 -17.977034 146.691657
v 27.209358 -17.323547 145.883664
v 28.765847 -16.670061 146.875672
v 29.652927 -28.169739 145.768907
v 31.446873 -27.416557 145.028170
v 33.240819 -26.663375 146.087433
v 34.134822 -38.160146 138.251096
v 35.684387 -37.509567 137.534838
v 37.233953 -36.858987 138.618580
v 39.030254 -47.976931 124.874090
v 39.921902 -47.602576 124.106547
v 40.813550 -47.228221 125.139004
v 44.097257 -57.721683 107.552491
v 44.159417 -57.695586 106.663602
v 44.221576 -57.669488 107.574713
v 18.684434 2.817424 132.610081
v 18.734329 2.862472 131.710081
v 18.784224 2.907520 132.610081
v 26.303445 -6.953340 137.919594
v 27.015823 -6.310172 136.987001
v 27.728201 -5.667004 137.854409
v 34.065575 -16.594891 139.022353
v 35.297317 -15.482816 138.009513
v 36.529059 -14.370742 138.796673
v 42.160620 -25.935870 134.592123
v 43.578811 -24.655460 133.496867
v 44.997002 -23.375050 134.201610
v 50.637082 -34.932487 124.105435
v 51.860305 -33.828104 122.980275
v 53.083527 -32.723722 123.655116
v 59.439253 -43.635040 107.990740
v 60.141799 -43.000748 106.928526
v 60.844345 -42.366457 107.666312
v 68.374429 -52.217509 87.535965
v 68.423293 -52.173392 86.622368
v 68.472157 -52.129276 87.508771
v 18.707713 2.793885 132.610081
v 18.734329 2.862472 131.710081
v 18.760945 2.931059 132.610081
v 28.312123 -1.981673 140.904262
v 28.692343 -1.001891 139.995575
v 29.072562 -0.022109 140.886888
v 37.991864 -6.563113 144.397012
v 38.650356 -4.866255 143.466921
v 39.308849 -3.169396 144.336830
v 47.848138 -10.689647 141.226658
v 48.608370 -8.730618 140.274542
v 49.368602 -6.771589 141.122426
v 57.908161 -14.291144 130.701619
v 58.566383 -12.594981 129.741446
v 59.224606 -10.898818 130.581272
v 68.144489 -17.438323 113.488046
v 68.524397 -16.459344 112.544624
v 68.904305 -15.480365 113.401202
v 78.455827 -20.392210 91.437302
v 78.482411 -20.323708 90.533655
v 78.508994 -20.255205 91.430008
v -2.998523 4.944783 0.059992
v -6.164007 3.916373 0.075640
v -8.120384 1.223928 0.114250
v -8.120384 -2.104130 0.161073
v -6.164007 -4.796596 0.198225
v -2.998523 -5.825039 0.211516
v 0.166962 -4.796629 0.195867
v 2.123339 -2.104184 0.157257
v 2.123339 1.223874 0.110434
v 0.166962 3.916340 0.073282
v -2.948429 4.852194 134.543360
v -4.947464 4.202742 134.553242
v -6.182936 2.502436 134.577624
v -6.182936 0.400734 134.607194
v -4.947464 -1.299586 134.630656
v -2.948429 -1.949058 134.639049
v -0.949394 -1.299607 134.629166
v 0.286078 0.400700 134.604784
v 0.286078 2.502402 134.575215
v -0.949394 4.202721 134.551753
v -2.988091 5.053813 27.135754
v -5.985796 4.079799 27.135754
v -7.838479 1.529799 27.135754
v -7.838479 -1.622174 27.135754
v -5.985796 -4.172174 27.135754
v -2.988091 -5.146187 27.135754
v 0.009614 -4.172174 27.135754
v 1.862297 -1.622174 27.135754
v 1.862297 1.529799 27.135754
v 0.009614 4.079799 27.135754
v -2.988091 5.053813 29.135754
v -5.985796 4.079799 29.135754
v -7.838479 1.529799 29.135754
v -7.838479 -1.622174 29.135754
v -5.985796 -4.172174 29.135754
v -2.988091 -5.146187 29.135754
v 0.009614 -4.172174 29.135754
v 1.862297 -1.622174 29.135754
v 1.862297 1.529799 29.135754
v 0.009614 4.079799 29.135754
v -2.979149 5.391476 51.135754
v -5.976854 4.417463 51.135754
v -7.829537 1.867463 51.135754
v -7.829537 -1.284510 51.135754
v -5.976854 -3.834510 51.135754
v -2.979149 -4.808524 51.135754
v 0.018556 -3.834510 51.135754
v 1.871239 -1.284510 51.135754
v 1.871239 1.867463 51.135754
v 0.018556 4.417463 51.135754
v -2.979149 5.391476 53.135754
v -5.976854 4.417463 53.135754
v -7.829537 1.867463 53.135754
v -7.829537 -1.284510 53.135754
v -5.976854 -3.834510 53.135754
v -2.979149 -4.808524 53.135754
v 0.018556 -3.834510 53.135754
v 1.871239 -1.284510 53.135754
v 1.871239 1.867463 53.135754
v 0.018556 4.417463 53.135754
v -2.970208 5.729140 75.135754
v -5.967912 4.755126 75.135754
v -7.820596 2.205126 75.135754
v -7.820596 -0.946847 75.135754
v -5.967912 -3.496847 75.135754
v -2.970208 -4.470860 75.135754
v 0.027497 -3.496847 75.135754
v 1.880181 -0.946847 75.135754
v 1.880181 2.205126 75.135754
v 0.027497 4.755126 75.135754
v -2.970208 5.729140 77.135754
v -5.967912 4.755126 77.135754
v -7.820596 2.205126 77.135754
v -7.820596 -0.946847 77.135754
v -5.967912 -3.496847 77.135754
v -2.970208 -4.470860 77.135754
v 0.027497 -3.496847 77.135754
v 1.880181 -0.946847 77.135754
v 1.880181 2.205126 77.135754
v 0.027497 4.755126 77.135754
v -2.961266 6.066803 99.135754
v -5.958971 5.092790 99.135754
v -7.811654 2.542790 99.135754
v -7.811654 -0.609183 99.135754
v -5.958971 -3.159183 99.135754
v -2.961266 -4.133197 99.135754
v 0.036439 -3.159183 99.135754
v 1.889122 -0.609183 99.135754
v 1.889122 2.542790 99.135754
v 0.036439 5.092790 99.135754
v -2.961266 6.066803 101.135754
v -5.958971 5.092790 101.135754
v -7.811654 2.542790 101.135754
v -7.811654 -0.609183 101.135754
v -5.958971 -3.159183 101.135754
v -2.961266 -4.133197 101.135754
v 0.036439 -3.159183 101.135754
v 1.889122 -0.609183 101.135754
v 1.889122 2.542790 101.135754
v 0.036439 5.092790 101.135754
v -2.940801 1.378672 133.491204
v -2.948429 1.451568 132.591204
v -2.956057 1.524464 133.491204
v 9.674333 1.720206 142.188624
v 9.565417 2.761049 141.255431
v 9.456500 3.801892 142.122239
v 22.267627 2.270456 146.604638
v 22.079263 4.070530 145.589714
v 21.890898 5.870604 146.374789
v 34.810066 3.306693 144.819729
v 34.593108 5.380011 143.720840
v 34.376151 7.453329 144.421951
v 47.294182 4.900280 136.092556
v 47.106954 6.689492 134.963168
v 46.919726 8.478705 135.633780
v 59.728404 6.970666 121.067637
v 59.620800 7.998974 120.002340
v 59.513195 9.027281 120.737044
v 72.142136 9.236874 101.625427
v 72.134645 9.308455 100.711568
v 72.127155 9.380035 101.597708
v -2.911313 1.371677 133.491204
v -2.948429 1.451568 132.591204
v -2.985545 1.531459 133.491204
v 5.797867 4.128224 138.258558
v 5.267985 5.268776 137.404261
v 4.738104 6.409328 138.349963
v 14.400364 7.114401 138.960187
v 13.484400 9.085984 138.218401
v 12.568435 11.057568 139.276614
v 22.754986 10.634123 134.481477
v 21.700814 12.903193 133.855210
v 20.646642 15.172263 135.028943
v 30.825938 14.764433 124.467766
v 29.917228 16.720401 123.883360
v 29.008518 18.676369 125.098953
v 38.655153 19.415076 109.406870
v 38.133643 20.537609 108.734179
v 37.612133 21.660142 109.861488
v 46.386295 24.276816 90.467034
v 46.350057 24.354817 89.586081
v 46.313819 24.432819 90.505129
v -2.900423 1.392810 133.491204
v -2.948429 1.451568 132.591204
v -2.996434 1.510325 133.491204
v 7.296651 8.422239 142.592319
v 6.610879 9.261609 141.700660
v 5.925107 10.100978 142.609002
v 17.357874 15.617948 146.709463
v 16.170187 17.071649 145.838358
v 14.982500 18.525350 146.767252
v 27.100714 23.203349 143.848516
v 25.729494 24.881690 142.998561
v 24.358275 26.560031 143.948605
v 36.476067 31.238546 133.289337
v 35.288802 32.691731 132.447119
v 34.101537 34.144915 133.404901
v 45.533395 39.662998 115.776486
v 44.848110 40.501771 114.918183
v 44.162825 41.340544 115.859880
v 54.455372 48.253117 93.313986
v 54.407418 48.311812 92.417488
v 54.359463 48.370507 93.320991
v -2.892388 1.417508 133.491204
v -2.948429 1.451568 132.591204
v -3.004469 1.485628 133.491204
v 3.137240 9.660948 142.321666
v 2.336753 10.147467 141.407664
v 1.536266 10.633986 142.293662
v 9.007954 18.000974 147.204390
v 7.621934 18.843367 146.255890
v 6.235914 19.685760 147.107390
v 14.506660 26.567098 146.251611
v 12.907116 27.539266 145.267623
v 11.307572 28.511435 146.083634
v 19.576460 35.393902 138.755987
v 18.192298 36.235166 137.759031
v 16.808136 37.076430 138.562075
v 24.275821 44.445850 125.383894
v 23.477479 44.931066 124.413946
v 22.679137 45.416281 125.243997
v 28.818476 53.593042 108.006500
v 28.762661 53.626965 107.100626
v 28.706846 53.660888 107.994753
v -2.881307 1.430556 133.491204
v -2.948429 1.451568 132.591204
v -3.015551 1.472580 133.491204
v 0.907674 10.406856 140.809031
v -0.051111 10.706994 139.894450
v -1.009895 11.007132 140.779868
v 4.506346 19.442731 144.168800
v 2.846208 19.962421 143.218294
v 1.186069 20.482110 144.067788
v 7.659479 28.618077 141.942726
v 5.743526 29.217847 140.955262
v 3.827573 29.817617 141.767799
v 10.298884 37.954240 133.517949
v 8.640844 38.473273 132.516980
v 6.982804 38.992306 133.316010
v 12.494524 47.429320 119.464667
v 11.538162 47.728700 118.491822
v 10.581801 48.028079 119.318976
v 14.502348 56.963194 101.393378
v 14.435481 56.984126 100.487262
v 14.368613 57.005058 101.381145
v -2.882729 1.451447 133.491204
v -2.948429 1.451568 132.591204
v -3.014128 1.451689 133.491204
v -1.992324 11.207410 144.038833
v -2.930498 11.209134 143.111748
v -3.868672 11.210858 143.984663
v -1.289633 20.963718 149.066704
v -2.912567 20.966700 148.072916
v -4.535501 20.969683 148.879129
v -1.024538 30.720830 146.236396
v -2.894636 30.724266 145.174064
v -4.764733 30.727703 145.911733
v -1.261885 40.478865 134.660359
v -2.876705 40.481833 133.573097
v -4.491525 40.484800 134.285835
v -1.929965 50.237692 115.147086
v -2.858774 50.239399 114.112110
v -3.787583 50.241106 114.877134
v -2.776126 59.996846 90.003068
v -2.840843 59.996965 89.091747
v -2.905560 59.997084 89.980426
v -2.864733 1.477966 133.491204
v -2.948429 1.451568 132.591204
v -3.032125 1.425170 133.491204
v -4.390454 10.191121 142.000522
v -5.585966 9.814056 141.080672
v -6.781477 9.436991 141.960821
v -6.153595 18.829395 145.630634
v -8.223502 18.176544 144.661879
v -10.293410 17.523693 145.493123
v -8.472414 27.292407 142.460890
v -10.861039 26.539032 141.441826
v -13.249664 25.785658 142.222763
v -11.431782 35.553389 131.765070
v -13.498576 34.901520 130.727628
v -15.565369 34.249652 131.490186
v -14.944197 43.639940 114.211323
v -16.136113 43.264009 113.212170
v -17.328029 42.888077 114.013017
v -18.690331 51.652776 91.696777
v -18.773649 51.626497 90.788452
v -18.856968 51.600218 91.680127
v -2.897990 1.491366 133.491204
v -2.948429 1.451568 132.591204
v -2.998868 1.411770 133.491204
v -9.123595 10.759514 141.821164
v -9.844128 10.190990 140.928839
v -10.564660 9.622466 141.836514
v -15.491959 19.915022 145.003131
v -16.739826 18.930412 144.129718
v -17.987694 17.945803 145.056305
v -22.194864 28.806565 141.161297
v -23.635525 27.669834 140.307344
v -25.076186 26.533104 141.253392
v -29.283880 37.393453 129.618045
v -30.531224 36.409257 128.771211
v -31.778568 35.425060 129.724378
v -36.706995 45.716726 111.073459
v -37.426922 45.148679 110.211825
v -38.146850 44.580632 111.150190
v -44.272246 53.927849 87.412461
v -44.322621 53.888101 86.515683
v -44.372997 53.848353 87.418905
v -2.918166 1.517350 133.491204
v -2.948429 1.451568 132.591204
v -2.978692 1.385786 133.491204
v -13.415976 7.405769 144.709369
v -13.848300 6.466031 143.806341
v -14.280625 5.526292 144.703313
v -23.999373 13.108148 151.282584
v -24.748172 11.480494 150.372095
v -25.496971 9.852840 151.261607
v -34.783424 18.374369 150.864544
v -35.648043 16.494957 149.946378
v -36.512663 14.615544 150.828212
v -45.799155 23.136990 142.592901
v -46.547915 21.509419 141.671925
v -47.296675 19.881849 142.550949
v -57.015506 27.463524 127.321137
v -57.447786 26.523882 126.406000
v -57.880067 25.584240 127.290862
v -68.317400 31.604117 107.391964
v -68.347658 31.538345 106.490692
v -68.377916 31.472573 107.389420
v -2.937772 1.527077 133.491204
v -2.948429 1.451568 132.591204
v -2.959086 1.376058 133.491204
v -15.277121 4.291217 141.159089
v -15.429285 3.213094 140.294911
v -15.581449 2.134972 141.230734
v -27.647012 6.838954 144.333896
v -27.910141 4.974621 143.557922
v -28.173270 3.110288 144.581948
v -40.087985 8.883067 141.348970
v -40.390997 6.736147 140.663596
v -40.694010 4.589228 141.778222
v -52.610433 10.349903 131.636082
v -52.871853 8.497674 130.983597
v -53.133274 6.645445 132.131113
v -65.202517 11.323354 115.867922
v -65.352709 10.259200 115.146261
v -65.502902 9.195047 116.224600
v -77.823115 12.094771 95.753278
v -77.833565 12.020727 94.868229
v -77.844016 11.946683 95.783180
v -2.957660 1.543993 133.491204
v -2.948429 1.451568 132.591204
v -2.939198 1.359143 133.491204
v -15.672147 1.513454 138.313775
v -15.540351 0.193899 137.460048
v -15.408556 -1.125656 138.406320
v -28.360135 1.217596 139.218620
v -28.132274 -1.063770 138.478815
v -27.904413 -3.345136 139.539011
v -40.986506 0.304835 135.095130
v -40.724197 -2.321439 134.472315
v -40.461887 -4.947712 135.649501
v -53.542316 -1.314401 125.590787
v -53.316119 -3.579108 125.010399
v -53.089923 -5.843814 126.230010
v -66.037918 -3.536446 111.192977
v -65.908042 -4.836776 110.523215
v -65.778166 -6.137107 111.653454
v -78.508994 -6.004037 93.066658
v -78.499964 -6.094445 92.185955
v -78.490935 -6.184854 93.105252
v -2.998831 1.527686 133.491204
v -2.948429 1.451568 132.591204
v -2.898027 1.375449 133.491204
v -12.847171 -3.538948 140.036897
v -12.127259 -4.626184 139.160042
v -11.407348 -5.713419 140.083186
v -22.552424 -8.821678 142.647117
v -21.306090 -10.703935 141.827278
v -20.059756 -12.586192 142.807440
v -31.922930 -14.609955 139.880399
v -30.484920 -16.781686 139.119206
v -29.046911 -18.953418 140.158013
v -40.907730 -20.980738 131.236187
v -39.663751 -22.859438 130.496409
v -38.419772 -24.738137 131.556632
v -49.559773 -27.854061 117.282728
v -48.842581 -28.937189 116.498304
v -48.125389 -30.020317 117.513880
v -58.071528 -34.939253 99.488895
v -58.021412 -35.014941 98.598597
v -57.971296 -35.090628 99.508300
v -2.990643 1.490237 133.491204
v -2.948429 1.451568 132.591204
v -2.906215 1.412899 133.491204
v -9.637844 -4.640985 138.302422
v -9.035069 -5.193135 137.377228
v -8.432294 -5.745285 138.252034
v -16.164258 -10.882847 139.106587
v -15.121708 -11.837837 138.119354
v -14.079158 -12.792828 138.932121
v -22.409322 -17.382431 134.690926
v -21.208348 -18.482540 133.639954
v -20.007374 -19.582648 134.388982
v -28.331598 -24.177693 124.582120
v -27.294988 -25.127242 123.507986
v -26.258378 -26.076792 124.233852
v -33.977547 -31.226075 109.179984
v -33.381627 -31.771945 108.154492
v -32.785708 -32.317815 108.929001
v -39.509762 -38.378638 89.667624
v -39.468267 -38.416648 88.757101
v -39.426772 -38.454658 89.646578
v -3.005475 1.474641 133.491204
v -2.948429 1.451568 132.591204
v -2.891383 1.428494 133.491204
v -6.835548 -5.814791 143.650843
v -6.020746 -6.144354 142.767288
v -5.205944 -6.473916 143.683732
v -10.503601 -13.169756 149.167145
v -9.093063 -13.740275 148.324100
v -7.682525 -14.310795 149.281054
v -13.792704 -20.677994 147.903269
v -12.165380 -21.336197 147.101888
v -10.538057 -21.994399 148.100508
v -16.645274 -28.362797 139.096300
v -15.237698 -28.932118 138.310129
v -13.830121 -29.501440 139.323958
v -19.121397 -36.199860 123.557240
v -18.310015 -36.528040 122.739346
v -17.498632 -36.856219 123.721452
v -21.439019 -44.101033 103.442400
v -21.382332 -44.123961 102.549292
v -21.325645 -44.146890 103.456185
v -3.027727 1.450602 133.491204
v -2.948429 1.451568 132.591204
v -2.869131 1.452534 133.491204
v -3.960445 -8.474319 142.211783
v -2.827681 -8.460520 141.299728
v -1.694917 -8.446721 142.187673
v -4.668605 -18.396505 145.830422
v -2.706933 -18.372608 144.888664
v -0.745261 -18.348711 145.746907
v -4.850688 -28.312282 142.381162
v -2.586185 -28.284696 141.408843
v -0.321682 -28.257110 142.236524
v -4.425777 -38.220665 131.130315
v -2.465437 -38.196784 130.146819
v -0.505098 -38.172904 130.963323
v -3.475915 -48.122653 112.776286
v -2.344689 -48.108872 111.816038
v -1.213464 -48.095092 112.655791
v -2.303078 -58.021924 89.270729
v -2.223942 -58.020960 88.365669
v -2.144805 -58.019996 89.260609
v -3.004950 1.443312 133.491204
v -2.948429 1.451568 132.591204
v -2.891907 1.459824 133.491204
v -2.338306 -8.367928 140.326771
v -1.531297 -8.250047 139.399845
v -0.724288 -8.132166 140.272919
v -1.509662 -18.155504 143.219099
v -0.114165 -17.951661 142.225874
v 1.281332 -17.747819 143.032650
v -0.304023 -27.888012 140.608421
v 1.302966 -27.653276 139.547098
v 2.909956 -27.418540 140.285775
v 1.333724 -37.557401 131.892395
v 2.720098 -37.354891 130.806353
v 4.106472 -37.152381 131.520310
v 3.340750 -47.172849 117.594846
v 4.137230 -47.056505 116.560801
v 4.933710 -46.940162 117.326756
v 5.498945 -56.766215 99.243876
v 5.554362 -56.758120 98.332639
v 5.609779 -56.750025 99.221401
v -3.010792 1.410208 133.491204
v -2.948429 1.451568 132.591204
v -2.886066 1.492928 133.491204
v 1.965047 -7.891077 139.197507
v 2.855901 -7.300250 138.308011
v 3.746754 -6.709424 139.218515
v 7.117450 -17.075262 140.792525
v 8.660230 -16.052069 139.928909
v 10.203010 -15.028875 140.865294
v 12.683541 -25.985084 136.947753
v 14.464560 -24.803887 136.110767
v 16.245579 -23.622690 137.073782
v 18.727003 -34.578306 127.189210
v 20.268889 -33.555705 126.361965
v 21.810776 -32.533105 127.334720
v 25.183397 -42.897666 112.021624
v 26.073219 -42.307524 111.174123
v 26.963040 -41.717381 112.126622
v 31.815294 -51.100630 92.785962
v 31.877548 -51.059342 91.890371
v 31.939803 -51.018054 92.794781
v -3.003187 1.376960 133.491204
v -2.948429 1.451568 132.591204
v -2.893670 1.526176 133.491204
v 4.609526 -5.735265 139.182624
v 5.391652 -4.669624 138.307351
v 6.173778 -3.603983 139.232079
v 12.377761 -12.635592 140.645528
v 13.731732 -10.790816 139.831172
v 15.085704 -8.946040 140.816816
v 20.509750 -19.040308 136.563014
v 22.071813 -16.912008 135.811311
v 23.633876 -14.783707 136.859607
v 29.060765 -24.874103 126.481968
v 30.411894 -23.033200 125.753136
v 31.763022 -21.192296 126.824305
v 37.973130 -30.215561 110.927815
v 38.751974 -29.154391 110.151280
v 39.530819 -28.093221 111.174745
v 47.037641 -35.349722 91.246733
v 47.092055 -35.275583 90.357098
v 47.146469 -35.201445 91.267462
v -2.975644 1.371434 133.491204
v -2.948429 1.451568 132.591204
v -2.921213 1.531702 133.491204
v 4.461401 -2.341748 143.332417
v 4.850172 -1.197045 142.445349
v 5.238944 -0.052343 143.358282
v 11.975517 -5.828001 148.861715
v 12.648773 -3.845659 148.006512
v 13.322030 -1.863316 148.951308
v 19.670187 -8.782629 148.021265
v 20.447374 -6.494272 147.198847
v 21.224561 -4.205915 148.176429
v 27.573181 -11.123867 140.072972
v 28.245975 -9.142885 139.262544
v 28.918769 -7.161904 140.252116
v 35.656338 -12.934630 125.792782
v 36.044576 -11.791499 124.957414
v 36.432814 -10.648368 125.922046
v 43.816018 -14.520081 107.253873
v 43.843177 -14.440112 106.359301
v 43.870337 -14.360143 107.264729
vt 0.251007 0.081054
vt 0.267189 0.058769
vt 0.267189 0.031230
vt 0.251007 0.008956
vt 0.224824 0.000454
vt 0.198641 0.008974
vt 0.182459 0.031259
vt 0.182459 0.058798
vt 0.198641 0.081072
vt 0.224824 0.089573
vt 0.187343 0.059945
vt 0.168940 0.053970
vt 0.157566 0.038313
vt 0.157566 0.018957
vt 0.168940 0.003293
vt 0.187343 -0.002695
vt 0.205747 0.003280
vt 0.217121 0.018936
vt 0.217121 0.038293
vt 0.205747 0.053957
vt 0.224824 0.001904
vt 0.198641 0.001065
vt 0.168940 1.336895
vt 0.187343 1.337485
vt 0.081072 0.001065
vt 0.058798 0.000338
vt 0.038313 1.336384
vt 0.053970 1.336895
vt 0.058798 0.000338
vt 0.031259 0.000000
vt 0.018957 1.336147
vt 0.038313 1.336384
vt 0.031259 0.000000
vt 0.008974 0.000181
vt 0.003293 1.336274
vt 0.018957 1.336147
vt 0.198641 0.000181
vt 0.224824 0.000811
vt 0.187343 1.336717
vt 0.168940 1.336274
vt 0.224824 0.000811
vt 0.251007 0.001650
vt 0.205747 1.337306
vt 0.187343 1.336717
vt 0.008956 0.001650
vt 0.031230 0.002377
vt 0.018936 1.337817
vt 0.003280 1.337306
vt 0.031230 0.002377
vt 0.058769 0.002715
vt 0.038293 1.338055
vt 0.018936 1.337817
vt 0.058769 0.002715
vt 0.081054 0.002534
vt 0.053957 1.337928
vt 0.038293 1.338055
vt 0.251007 0.002534
vt 0.224824 0.001904
vt 0.187343 1.337485
vt 0.205747 1.337928
vt 0.246945 0.082838
vt 0.265471 0.057338
vt 0.265471 0.025819
vt 0.246945 0.000319
vt 0.216967 -0.009422
vt 0.186990 0.000319
vt 0.168464 0.025819
vt 0.168464 0.057338
vt 0.186990 0.082838
vt 0.216967 0.092578
vt 0.216967 0.092578
vt 0.186990 0.082838
vt 0.168464 0.057338
vt 0.168464 0.025819
vt 0.186990 0.000319
vt 0.216967 -0.009422
vt 0.246945 0.000319
vt 0.265471 0.025819
vt 0.265471 0.057338
vt 0.246945 0.082838
vt 0.216967 0.271358
vt 0.186990 0.271358
vt 0.186990 0.291358
vt 0.216967 0.291358
vt 0.082838 0.271358
vt 0.057338 0.271358
vt 0.057338 0.291358
vt 0.082838 0.291358
vt 0.057338 0.271358
vt 0.025819 0.271358
vt 0.025819 0.291358
vt 0.057338 0.291358
vt 0.025819 0.271358
vt 0.000319 0.271358
vt 0.000319 0.291358
vt 0.025819 0.291358
vt 0.186990 0.271358
vt 0.216967 0.271358
vt 0.216967 0.291358
vt 0.186990 0.291358
vt 0.216967 0.271358
vt 0.246945 0.271358
vt 0.246945 0.291358
vt 0.216967 0.291358
vt 0.000319 0.271358
vt 0.025819 0.271358
vt 0.025819 0.291358
vt 0.000319 0.291358
vt 0.025819 0.271358
vt 0.057338 0.271358
vt 0.057338 0.291358
vt 0.025819 0.291358
vt 0.057338 0.271358
vt 0.082838 0.271358
vt 0.082838 0.291358
vt 0.057338 0.291358
vt 0.246945 0.271358
vt 0.216967 0.271358
vt 0.216967 0.291358
vt 0.246945 0.291358
vt 0.240210 0.079894
vt 0.258737 0.054394
vt 0.258737 0.022874
vt 0.240210 -0.002626
vt 0.210233 -0.012366
vt 0.180256 -0.002626
vt 0.161729 0.022874
vt 0.161729 0.054394
vt 0.180256 0.079894
vt 0.210233 0.089634
vt 0.210233 0.089634
vt 0.180256 0.079894
vt 0.161729 0.054394
vt 0.161729 0.022874
vt 0.180256 -0.002626
vt 0.210233 -0.012366
vt 0.240210 -0.002626
vt 0.258737 0.022874
vt 0.258737 0.054394
vt 0.240210 0.079894
vt 0.210233 0.511358
vt 0.180256 0.511358
vt 0.180256 0.531358
vt 0.210233 0.531358
vt 0.079894 0.511358
vt 0.054394 0.511358
vt 0.054394 0.531358
vt 0.079894 0.531358
vt 0.054394 0.511358
vt 0.022874 0.511358
vt 0.022874 0.531358
vt 0.054394 0.531358
vt 0.022874 0.511358
vt -0.002626 0.511358
vt -0.002626 0.531358
vt 0.022874 0.531358
vt 0.180256 0.511358
vt 0.210233 0.511358
vt 0.210233 0.531358
vt 0.180256 0.531358
vt 0.210233 0.511358
vt 0.240210 0.511358
vt 0.240210 0.531358
vt 0.210233 0.531358
vt -0.002626 0.511358
vt 0.022874 0.511358
vt 0.022874 0.531358
vt -0.002626 0.531358
vt 0.022874 0.511358
vt 0.054394 0.511358
vt 0.054394 0.531358
vt 0.022874 0.531358
vt 0.054394 0.511358
vt 0.079894 0.511358
vt 0.079894 0.531358
vt 0.054394 0.531358
vt 0.240210 0.511358
vt 0.210233 0.511358
vt 0.210233 0.531358
vt 0.240210 0.531358
vt 0.233476 0.076949
vt 0.252003 0.051449
vt 0.252003 0.019929
vt 0.233476 -0.005571
vt 0.203499 -0.015311
vt 0.173522 -0.005571
vt 0.154995 0.019929
vt 0.154995 0.051449
vt 0.173522 0.076949
vt 0.203499 0.086689
vt 0.203499 0.086689
vt 0.173522 0.076949
vt 0.154995 0.051449
vt 0.154995 0.019929
vt 0.173522 -0.005571
vt 0.203499 -0.015311
vt 0.233476 -0.005571
vt 0.252003 0.019929
vt 0.252003 0.051449
vt 0.233476 0.076949
vt 0.203499 0.751358
vt 0.173522 0.751358
vt 0.173522 0.771358
vt 0.203499 0.771358
vt 0.076949 0.751358
vt 0.051449 0.751358
vt 0.051449 0.771358
vt 0.076949 0.771358
vt 0.051449 0.751358
vt 0.019929 0.751358
vt 0.019929 0.771358
vt 0.051449 0.771358
vt 0.019929 0.751358
vt -0.005571 0.751358
vt -0.005571 0.771358
vt 0.019929 0.771358
vt 0.173522 0.751358
vt 0.203499 0.751358
vt 0.203499 0.771358
vt 0.173522 0.771358
vt 0.203499 0.751358
vt 0.233476 0.751358
vt 0.233476 0.771358
vt 0.203499 0.771358
vt -0.005571 0.751358
vt 0.019929 0.751358
vt 0.019929 0.771358
vt -0.005571 0.771358
vt 0.019929 0.751358
vt 0.051449 0.751358
vt 0.051449 0.771358
vt 0.019929 0.771358
vt 0.051449 0.751358
vt 0.076949 0.751358
vt 0.076949 0.771358
vt 0.051449 0.771358
vt 0.233476 0.751358
vt 0.203499 0.751358
vt 0.203499 0.771358
vt 0.233476 0.771358
vt 0.226741 0.074004
vt 0.245268 0.048504
vt 0.245268 0.016984
vt 0.226741 -0.008516
vt 0.196764 -0.018256
vt 0.166787 -0.008516
vt 0.148260 0.016984
vt 0.148260 0.048504
vt 0.166787 0.074004
vt 0.196764 0.083744
vt 0.196764 0.083744
vt 0.166787 0.074004
vt 0.148260 0.048504
vt 0.148260 0.016984
vt 0.166787 -0.008516
vt 0.196764 -0.018256
vt 0.226741 -0.008516
vt 0.245268 0.016984
vt 0.245268 0.048504
vt 0.226741 0.074004
vt 0.196764 0.991358
vt 0.166787 0.991358
vt 0.166787 1.011358
vt 0.196764 1.011358
vt 0.074004 0.991358
vt 0.048504 0.991358
vt 0.048504 1.011358
vt 0.074004 1.011358
vt 0.048504 0.991358
vt 0.016984 0.991358
vt 0.016984 1.011358
vt 0.048504 1.011358
vt 0.016984 0.991358
vt -0.008516 0.991358
vt -0.008516 1.011358
vt 0.016984 1.011358
vt 0.166787 0.991358
vt 0.196764 0.991358
vt 0.196764 1.011358
vt 0.166787 1.011358
vt 0.196764 0.991358
vt 0.226741 0.991358
vt 0.226741 1.011358
vt 0.196764 1.011358
vt -0.008516 0.991358
vt 0.016984 0.991358
vt 0.016984 1.011358
vt -0.008516 1.011358
vt 0.016984 0.991358
vt 0.048504 0.991358
vt 0.048504 1.011358
vt 0.016984 1.011358
vt 0.048504 0.991358
vt 0.074004 0.991358
vt 0.074004 1.011358
vt 0.048504 1.011358
vt 0.226741 0.991358
vt 0.196764 0.991358
vt 0.196764 1.011358
vt 0.226741 1.011358
vt 0.187314 1.326101
vt 0.285927 1.428227
vt 0.286350 1.419505
vt 0.187343 1.317101
vt 0.187343 1.317101
vt 0.286350 1.419505
vt 0.285927 1.428227
vt 0.187314 1.326101
vt 0.187343 1.317101
vt 0.286350 1.419505
vt 0.286773 1.428784
vt 0.187373 1.326101
vt 0.187373 1.326101
vt 0.286773 1.428784
vt 0.286350 1.419505
vt 0.187343 1.317101
vt 0.285927 0.014015
vt 0.384625 0.002288
vt 0.385357 0.020786
vt 0.286350 0.024705
vt 0.286350 0.024705
vt 0.385357 0.020786
vt 0.384625 0.002288
vt 0.285927 0.014015
vt 0.286350 0.024705
vt 0.385357 0.020786
vt 0.386089 0.039284
vt 0.286773 0.035396
vt 0.286773 0.035396
vt 0.386089 0.039284
vt 0.385357 0.020786
vt 0.286350 0.024705
vt 0.384625 0.002288
vt 0.483519 -0.004456
vt 0.484364 0.016867
vt 0.385357 0.020786
vt 0.385357 0.020786
vt 0.484364 0.016867
vt 0.483519 -0.004456
vt 0.384625 0.002288
vt 0.385357 0.020786
vt 0.484364 0.016867
vt 0.485208 0.038190
vt 0.386089 0.039284
vt 0.386089 0.039284
vt 0.485208 0.038190
vt 0.484364 0.016867
vt 0.385357 0.020786
vt -0.004456 1.450437
vt -0.005475 1.340922
vt 0.012948 1.333849
vt 0.016867 1.443107
vt 0.016867 1.443107
vt 0.012948 1.333849
vt -0.005475 1.340922
vt -0.004456 1.450437
vt 0.016867 1.443107
vt 0.012948 1.333849
vt 0.031370 1.344776
vt 0.038190 1.453778
vt 0.038190 1.453778
vt 0.031370 1.344776
vt 0.012948 1.333849
vt 0.016867 1.443107
vt -0.005475 1.340922
vt -0.001575 1.156935
vt 0.009028 1.149325
vt 0.012948 1.333849
vt 0.012948 1.333849
vt 0.009028 1.149325
vt -0.001575 1.156935
vt -0.005475 1.340922
vt 0.012948 1.333849
vt 0.009028 1.149325
vt 0.019632 1.159714
vt 0.031370 1.344776
vt 0.031370 1.344776
vt 0.019632 1.159714
vt 0.009028 1.149325
vt 0.012948 1.333849
vt -0.001575 1.156935
vt 0.004370 0.920713
vt 0.005109 0.911830
vt 0.009028 1.149325
vt 0.009028 1.149325
vt 0.005109 0.911830
vt 0.004370 0.920713
vt -0.001575 1.156935
vt 0.009028 1.149325
vt 0.005109 0.911830
vt 0.005849 0.920946
vt 0.019632 1.159714
vt 0.019632 1.159714
vt 0.005849 0.920946
vt 0.005109 0.911830
vt 0.009028 1.149325
vt 0.187698 0.027782
vt 0.272544 0.050267
vt 0.267484 0.062306
vt 0.187343 0.028625
vt 0.187343 0.028625
vt 0.267484 0.062306
vt 0.272544 0.050267
vt 0.187698 0.027782
vt 0.187343 1.317101
vt 0.267484 1.369111
vt 0.262424 1.378443
vt 0.186989 1.326101
vt 0.186989 1.326101
vt 0.262424 1.378443
vt 0.267484 1.369111
vt 0.187343 1.317101
vt 0.272544 0.050267
vt 0.356380 0.075155
vt 0.347624 0.095988
vt 0.267484 0.062306
vt 0.267484 0.062306
vt 0.347624 0.095988
vt 0.356380 0.075155
vt 0.272544 0.050267
vt 0.267484 0.062306
vt 0.347624 0.095988
vt 0.338869 0.116821
vt 0.262424 0.074346
vt 0.262424 0.074346
vt 0.338869 0.116821
vt 0.347624 0.095988
vt 0.267484 0.062306
vt 0.356380 0.075155
vt 0.437859 0.105653
vt 0.427765 0.129669
vt 0.347624 0.095988
vt 0.347624 0.095988
vt 0.427765 0.129669
vt 0.437859 0.105653
vt 0.356380 0.075155
vt 0.347624 0.095988
vt 0.427765 0.129669
vt 0.417671 0.153686
vt 0.338869 0.116821
vt 0.338869 0.116821
vt 0.417671 0.153686
vt 0.427765 0.129669
vt 0.347624 0.095988
vt 0.437859 0.105653
vt 0.516627 0.142599
vt 0.507906 0.163351
vt 0.427765 0.129669
vt 0.427765 0.129669
vt 0.507906 0.163351
vt 0.516627 0.142599
vt 0.437859 0.105653
vt 0.427765 0.129669
vt 0.507906 0.163351
vt 0.499184 0.184103
vt 0.417671 0.153686
vt 0.417671 0.153686
vt 0.499184 0.184103
vt 0.507906 0.163351
vt 0.427765 0.129669
vt 0.142599 1.295971
vt 0.185087 1.178110
vt 0.197033 1.170768
vt 0.163351 1.289270
vt 0.163351 1.289270
vt 0.197033 1.170768
vt 0.185087 1.178110
vt 0.142599 1.295971
vt 0.163351 1.289270
vt 0.197033 1.170768
vt 0.208979 1.181426
vt 0.184103 1.300570
vt 0.184103 1.300570
vt 0.208979 1.181426
vt 0.197033 1.170768
vt 0.163351 1.289270
vt 0.593067 1.178110
vt 0.668537 1.028447
vt 0.668187 1.019586
vt 0.588046 1.170768
vt 0.588046 1.170768
vt 0.668187 1.019586
vt 0.668537 1.028447
vt 0.593067 1.178110
vt 0.197033 1.170768
vt 0.230714 1.019586
vt 0.231547 1.028725
vt 0.208979 1.181426
vt 0.208979 1.181426
vt 0.231547 1.028725
vt 0.230714 1.019586
vt 0.197033 1.170768
vt 0.027916 1.326101
vt 0.094138 1.400774
vt 0.104252 1.392165
vt 0.028625 1.317101
vt 0.028625 1.317101
vt 0.104252 1.392165
vt 0.094138 1.400774
vt 0.027916 1.326101
vt 0.187343 1.317101
vt 0.283753 1.392165
vt 0.275819 1.401556
vt 0.186788 1.326101
vt 0.186788 1.326101
vt 0.275819 1.401556
vt 0.283753 1.392165
vt 0.187343 1.317101
vt 0.291687 0.094138
vt 0.393885 0.162386
vt 0.380162 0.179880
vt 0.283753 0.104252
vt 0.283753 0.104252
vt 0.380162 0.179880
vt 0.393885 0.162386
vt 0.291687 0.094138
vt 0.283753 0.104252
vt 0.380162 0.179880
vt 0.366439 0.197374
vt 0.275819 0.114366
vt 0.275819 0.114366
vt 0.366439 0.197374
vt 0.380162 0.179880
vt 0.283753 0.104252
vt 0.393885 0.162386
vt 0.492381 0.235354
vt 0.476572 0.255508
vt 0.380162 0.179880
vt 0.380162 0.179880
vt 0.476572 0.255508
vt 0.492381 0.235354
vt 0.393885 0.162386
vt 0.380162 0.179880
vt 0.476572 0.255508
vt 0.460762 0.275661
vt 0.366439 0.197374
vt 0.366439 0.197374
vt 0.460762 0.275661
vt 0.476572 0.255508
vt 0.380162 0.179880
vt 0.492381 0.235354
vt 0.586628 0.313738
vt 0.572981 0.331135
vt 0.476572 0.255508
vt 0.476572 0.255508
vt 0.572981 0.331135
vt 0.586628 0.313738
vt 0.492381 0.235354
vt 0.476572 0.255508
vt 0.572981 0.331135
vt 0.559334 0.348532
vt 0.460762 0.275661
vt 0.460762 0.275661
vt 0.559334 0.348532
vt 0.572981 0.331135
vt 0.476572 0.255508
vt 0.586628 1.319949
vt 0.677237 1.174719
vt 0.669391 1.167667
vt 0.572981 1.313653
vt 0.572981 1.313653
vt 0.669391 1.167667
vt 0.677237 1.174719
vt 0.586628 1.319949
vt 0.331135 1.313653
vt 0.406763 1.167667
vt 0.416765 1.178616
vt 0.348532 1.325356
vt 0.348532 1.325356
vt 0.416765 1.178616
vt 0.406763 1.167667
vt 0.331135 1.313653
vt 0.677237 1.174719
vt 0.766347 0.989190
vt 0.765800 0.980354
vt 0.669391 1.167667
vt 0.669391 1.167667
vt 0.765800 0.980354
vt 0.766347 0.989190
vt 0.677237 1.174719
vt 0.406763 1.167667
vt 0.482390 0.980354
vt 0.483087 0.989517
vt 0.416765 1.178616
vt 0.416765 1.178616
vt 0.483087 0.989517
vt 0.482390 0.980354
vt 0.406763 1.167667
vt 0.028330 1.326101
vt 0.139368 1.413666
vt 0.143574 1.404738
vt 0.028625 1.317101
vt 0.028625 1.317101
vt 0.143574 1.404738
vt 0.139368 1.413666
vt 0.028330 1.326101
vt 0.187343 1.317101
vt 0.240336 1.404738
vt 0.231213 1.413809
vt 0.186705 1.326101
vt 0.186705 1.326101
vt 0.231213 1.413809
vt 0.240336 1.404738
vt 0.187343 1.317101
vt 0.249458 0.139368
vt 0.309128 0.251239
vt 0.293328 0.258523
vt 0.240336 0.143574
vt 0.240336 0.143574
vt 0.293328 0.258523
vt 0.309128 0.251239
vt 0.249458 0.139368
vt 0.240336 0.143574
vt 0.293328 0.258523
vt 0.277529 0.265807
vt 0.231213 0.147779
vt 0.231213 0.147779
vt 0.277529 0.265807
vt 0.293328 0.258523
vt 0.240336 0.143574
vt 0.309128 0.251239
vt 0.364562 0.365063
vt 0.346320 0.373472
vt 0.293328 0.258523
vt 0.293328 0.258523
vt 0.346320 0.373472
vt 0.364562 0.365063
vt 0.309128 0.251239
vt 0.293328 0.258523
vt 0.346320 0.373472
vt 0.328079 0.381882
vt 0.277529 0.265807
vt 0.277529 0.265807
vt 0.328079 0.381882
vt 0.346320 0.373472
vt 0.293328 0.258523
vt 0.364562 0.365063
vt 0.415108 0.481140
vt 0.399313 0.488421
vt 0.346320 0.373472
vt 0.346320 0.373472
vt 0.399313 0.488421
vt 0.415108 0.481140
vt 0.364562 0.365063
vt 0.346320 0.373472
vt 0.399313 0.488421
vt 0.383518 0.495703
vt 0.328079 0.381882
vt 0.328079 0.381882
vt 0.383518 0.495703
vt 0.399313 0.488421
vt 0.346320 0.373472
vt 0.415108 1.346287
vt 0.461422 1.192842
vt 0.452305 1.184200
vt 0.399313 1.337783
vt 0.399313 1.337783
vt 0.452305 1.184200
vt 0.461422 1.192842
vt 0.415108 1.346287
vt 0.488421 1.337783
vt 0.603371 1.184200
vt 0.607574 1.193559
vt 0.495703 1.347280
vt 0.495703 1.347280
vt 0.607574 1.193559
vt 0.603371 1.184200
vt 0.488421 1.337783
vt 0.461422 1.192842
vt 0.505936 0.995265
vt 0.505298 0.986295
vt 0.452305 1.184200
vt 0.452305 1.184200
vt 0.505298 0.986295
vt 0.505936 0.995265
vt 0.461422 1.192842
vt 0.603371 1.184200
vt 0.718320 0.986295
vt 0.718614 0.995325
vt 0.607574 1.193559
vt 0.607574 1.193559
vt 0.718614 0.995325
vt 0.718320 0.986295
vt 0.603371 1.184200
vt 0.028513 1.326101
vt 0.126274 1.423258
vt 0.127862 1.413823
vt 0.028625 1.317101
vt 0.028625 1.317101
vt 0.127862 1.413823
vt 0.126274 1.423258
vt 0.028513 1.326101
vt 0.028625 1.317101
vt 0.127862 1.413823
vt 0.129451 1.422387
vt 0.028736 1.326101
vt 0.028736 1.326101
vt 0.129451 1.422387
vt 0.127862 1.413823
vt 0.028625 1.317101
vt 0.212476 0.126274
vt 0.234338 0.224353
vt 0.213494 0.227100
vt 0.200418 0.127862
vt 0.200418 0.127862
vt 0.213494 0.227100
vt 0.234338 0.224353
vt 0.212476 0.126274
vt 0.200418 0.127862
vt 0.213494 0.227100
vt 0.192649 0.229846
vt 0.188361 0.129451
vt 0.188361 0.129451
vt 0.192649 0.229846
vt 0.213494 0.227100
vt 0.200418 0.127862
vt 0.234338 0.224353
vt 0.250560 0.323176
vt 0.226569 0.326337
vt 0.213494 0.227100
vt 0.213494 0.227100
vt 0.226569 0.326337
vt 0.250560 0.323176
vt 0.234338 0.224353
vt 0.213494 0.227100
vt 0.226569 0.326337
vt 0.202577 0.329498
vt 0.192649 0.229846
vt 0.192649 0.229846
vt 0.202577 0.329498
vt 0.226569 0.326337
vt 0.213494 0.227100
vt 0.250560 0.323176
vt 0.260328 0.422850
vt 0.239644 0.425575
vt 0.226569 0.326337
vt 0.226569 0.326337
vt 0.239644 0.425575
vt 0.260328 0.422850
vt 0.250560 0.323176
vt 0.226569 0.326337
vt 0.239644 0.425575
vt 0.218960 0.428300
vt 0.202577 0.329498
vt 0.202577 0.329498
vt 0.218960 0.428300
vt 0.239644 0.425575
vt 0.226569 0.326337
vt 0.260328 1.366795
vt 0.264592 1.206587
vt 0.252719 1.195421
vt 0.239644 1.354789
vt 0.239644 1.354789
vt 0.252719 1.195421
vt 0.264592 1.206587
vt 0.260328 1.366795
vt 0.239644 1.354789
vt 0.252719 1.195421
vt 0.240846 1.202255
vt 0.218960 1.360782
vt 0.218960 1.360782
vt 0.240846 1.202255
vt 0.252719 1.195421
vt 0.239644 1.354789
vt 0.264592 1.206587
vt 0.266619 0.998680
vt 0.265794 0.989498
vt 0.252719 1.195421
vt 0.252719 1.195421
vt 0.265794 0.989498
vt 0.266619 0.998680
vt 0.264592 1.206587
vt 0.252719 1.195421
vt 0.265794 0.989498
vt 0.264969 0.998317
vt 0.240846 1.202255
vt 0.240846 1.202255
vt 0.264969 0.998317
vt 0.265794 0.989498
vt 0.252719 1.195421
vt 0.028833 1.326101
vt 0.109161 1.391227
vt 0.106186 1.382521
vt 0.028625 1.317101
vt 0.028625 1.317101
vt 0.106186 1.382521
vt 0.109161 1.391227
vt 0.028833 1.326101
vt 0.028625 1.317101
vt 0.106186 1.382521
vt 0.103212 1.391814
vt 0.028416 1.326101
vt 0.028416 1.326101
vt 0.103212 1.391814
vt 0.106186 1.382521
vt 0.028625 1.317101
vt 0.169932 0.109161
vt 0.150140 0.188893
vt 0.134918 0.183748
vt 0.161131 0.106186
vt 0.161131 0.106186
vt 0.134918 0.183748
vt 0.150140 0.188893
vt 0.169932 0.109161
vt 0.161131 0.106186
vt 0.134918 0.183748
vt 0.119696 0.178604
vt 0.152329 0.103212
vt 0.152329 0.103212
vt 0.119696 0.178604
vt 0.134918 0.183748
vt 0.161131 0.106186
vt 0.150140 0.188893
vt 0.126239 0.267235
vt 0.108706 0.261310
vt 0.134918 0.183748
vt 0.134918 0.183748
vt 0.108706 0.261310
vt 0.126239 0.267235
vt 0.150140 0.188893
vt 0.134918 0.183748
vt 0.108706 0.261310
vt 0.091173 0.255385
vt 0.119696 0.178604
vt 0.119696 0.178604
vt 0.091173 0.255385
vt 0.108706 0.261310
vt 0.134918 0.183748
vt 0.126239 0.267235
vt 0.097624 0.343985
vt 0.082493 0.338872
vt 0.108706 0.261310
vt 0.108706 0.261310
vt 0.082493 0.338872
vt 0.097624 0.343985
vt 0.126239 0.267235
vt 0.108706 1.386287
vt 0.082493 1.304744
vt 0.067363 1.315773
vt 0.091173 1.397046
vt 0.091173 1.397046
vt 0.067363 1.315773
vt 0.082493 1.304744
vt 0.108706 1.386287
vt 0.097624 1.311716
vt 0.064977 1.178676
vt 0.056281 1.171137
vt 0.082493 1.304744
vt 0.082493 1.304744
vt 0.056281 1.171137
vt 0.064977 1.178676
vt 0.097624 1.311716
vt 0.082493 1.304744
vt 0.056281 1.171137
vt 0.047585 1.181599
vt 0.067363 1.315773
vt 0.067363 1.315773
vt 0.047585 1.181599
vt 0.056281 1.171137
vt 0.082493 1.304744
vt 0.419372 1.178676
vt 0.494200 1.008904
vt 0.493995 1.000026
vt 0.416433 1.171137
vt 0.416433 1.171137
vt 0.493995 1.000026
vt 0.494200 1.008904
vt 0.419372 1.178676
vt 0.056281 1.171137
vt 0.030069 1.000026
vt 0.029463 1.009149
vt 0.047585 1.181599
vt 0.047585 1.181599
vt 0.029463 1.009149
vt 0.030069 1.000026
vt 0.056281 1.171137
vt 0.188037 1.326101
vt 0.152012 1.397184
vt 0.142103 1.388201
vt 0.187343 1.317101
vt 0.187343 1.317101
vt 0.142103 1.388201
vt 0.152012 1.397184
vt 0.188037 1.326101
vt 0.028625 1.317101
vt 0.104271 1.388201
vt 0.098345 1.397218
vt 0.028210 1.326101
vt 0.028210 1.326101
vt 0.098345 1.397218
vt 0.104271 1.388201
vt 0.028625 1.317101
vt 0.152012 0.110197
vt 0.114025 0.190181
vt 0.096862 0.179917
vt 0.142103 0.104271
vt 0.142103 0.104271
vt 0.096862 0.179917
vt 0.114025 0.190181
vt 0.152012 0.110197
vt 0.142103 0.104271
vt 0.096862 0.179917
vt 0.079699 0.169652
vt 0.132194 0.098345
vt 0.132194 0.098345
vt 0.079699 0.169652
vt 0.096862 0.179917
vt 0.142103 0.104271
vt 0.114025 0.190181
vt 0.071440 0.267415
vt 0.051622 0.255563
vt 0.096862 0.179917
vt 0.096862 0.179917
vt 0.051622 0.255563
vt 0.071440 0.267415
vt 0.114025 0.190181
vt 0.096862 0.179917
vt 0.051622 0.255563
vt 0.031804 0.243711
vt 0.079699 0.169652
vt 0.079699 0.169652
vt 0.031804 0.243711
vt 0.051622 0.255563
vt 0.096862 0.179917
vt 0.071440 0.267415
vt 0.023544 0.341473
vt 0.006381 0.331209
vt 0.051622 0.255563
vt 0.051622 0.255563
vt 0.006381 0.331209
vt 0.023544 0.341473
vt 0.071440 0.267415
vt 0.051622 1.396467
vt 0.006381 1.312176
vt -0.010781 1.321295
vt 0.031804 1.405570
vt 0.031804 1.405570
vt -0.010781 1.321295
vt 0.006381 1.312176
vt 0.051622 1.396467
vt 0.341473 1.321058
vt 0.412781 1.181683
vt 0.406855 1.172769
vt 0.331209 1.312176
vt 0.331209 1.312176
vt 0.406855 1.172769
vt 0.412781 1.181683
vt 0.341473 1.321058
vt 0.006381 1.312176
vt -0.038859 1.172769
vt -0.048768 1.181854
vt -0.010781 1.321295
vt -0.010781 1.321295
vt -0.048768 1.181854
vt -0.038859 1.172769
vt 0.006381 1.312176
vt 0.412781 1.181683
vt 0.482916 1.002945
vt 0.482501 0.993952
vt 0.406855 1.172769
vt 0.406855 1.172769
vt 0.482501 0.993952
vt 0.482916 1.002945
vt 0.412781 1.181683
vt -0.038859 1.172769
vt -0.084099 0.993952
vt -0.084793 1.002959
vt -0.048768 1.181854
vt -0.048768 1.181854
vt -0.084793 1.002959
vt -0.084099 0.993952
vt -0.038859 1.172769
vt 0.187707 1.326101
vt 0.104224 1.397423
vt 0.099033 1.388699
vt 0.187343 1.317101
vt 0.187343 1.317101
vt 0.099033 1.388699
vt 0.104224 1.397423
vt 0.187707 1.326101
vt 0.028625 1.317101
vt 0.093290 1.388699
vt 0.086200 1.397975
vt 0.028128 1.326101
vt 0.028128 1.326101
vt 0.086200 1.397975
vt 0.093290 1.388699
vt 0.028625 1.317101
vt 0.104224 0.100380
vt 0.019701 0.170217
vt 0.010723 0.157955
vt 0.099033 0.093290
vt 0.099033 0.093290
vt 0.010723 0.157955
vt 0.019701 0.170217
vt 0.104224 0.100380
vt 0.099033 0.093290
vt 0.010723 0.157955
vt 0.001744 0.145694
vt 0.093842 0.086200
vt 0.093842 0.086200
vt 0.001744 0.145694
vt 0.010723 0.157955
vt 0.099033 0.093290
vt 0.019701 0.170217
vt -0.067246 0.236744
vt -0.077588 0.222621
vt 0.010723 0.157955
vt 0.010723 0.157955
vt -0.077588 0.222621
vt -0.067246 0.236744
vt 0.019701 0.170217
vt 0.010723 0.157955
vt -0.077588 0.222621
vt -0.087929 0.208498
vt 0.001744 0.145694
vt 0.001744 0.145694
vt -0.087929 0.208498
vt -0.077588 0.222621
vt 0.010723 0.157955
vt 0.236744 1.387399
vt 0.299475 1.284644
vt 0.287286 1.277552
vt 0.222621 1.380053
vt 0.222621 1.380053
vt 0.287286 1.277552
vt 0.299475 1.284644
vt 0.236744 1.387399
vt -0.077588 1.380053
vt -0.165898 1.277552
vt -0.174823 1.288460
vt -0.087929 1.390708
vt -0.087929 1.390708
vt -0.174823 1.288460
vt -0.165898 1.277552
vt -0.077588 1.380053
vt 0.299475 1.284644
vt 0.358957 1.121200
vt 0.351952 1.113575
vt 0.287286 1.277552
vt 0.287286 1.277552
vt 0.351952 1.113575
vt 0.358957 1.121200
vt 0.299475 1.284644
vt -0.165898 1.277552
vt -0.254208 1.113575
vt -0.259338 1.123950
vt -0.174823 1.288460
vt -0.174823 1.288460
vt -0.259338 1.123950
vt -0.254208 1.113575
vt -0.165898 1.277552
vt 0.358957 1.121200
vt 0.417105 0.913299
vt 0.416617 0.904414
vt 0.351952 1.113575
vt 0.351952 1.113575
vt 0.416617 0.904414
vt 0.417105 0.913299
vt 0.358957 1.121200
vt -0.254208 1.113575
vt -0.342519 0.904414
vt -0.342876 0.913530
vt -0.259338 1.123950
vt -0.259338 1.123950
vt -0.342876 0.913530
vt -0.342519 0.904414
vt -0.254208 1.113575
vt 0.187522 1.326101
vt 0.109087 1.392182
vt 0.106531 1.383093
vt 0.187343 1.317101
vt 0.187343 1.317101
vt 0.106531 1.383093
vt 0.109087 1.392182
vt 0.187522 1.326101
vt 0.187343 1.317101
vt 0.106531 1.383093
vt 0.103975 1.392003
vt 0.187164 1.326101
vt 0.187164 1.326101
vt 0.103975 1.392003
vt 0.106531 1.383093
vt 0.187343 1.317101
vt 0.109087 0.058404
vt 0.030146 0.085235
vt 0.025719 0.066186
vt 0.106531 0.047405
vt 0.106531 0.047405
vt 0.025719 0.066186
vt 0.030146 0.085235
vt 0.109087 0.058404
vt 0.106531 0.047405
vt 0.025719 0.066186
vt 0.021292 0.047136
vt 0.103975 0.036406
vt 0.103975 0.036406
vt 0.021292 0.047136
vt 0.025719 0.066186
vt 0.106531 0.047405
vt 0.030146 0.085235
vt -0.049982 0.106959
vt -0.055093 0.084966
vt 0.025719 0.066186
vt 0.025719 0.066186
vt -0.055093 0.084966
vt -0.049982 0.106959
vt 0.030146 0.085235
vt 0.025719 0.066186
vt -0.055093 0.084966
vt -0.060204 0.062973
vt 0.021292 0.047136
vt 0.021292 0.047136
vt -0.060204 0.062973
vt -0.055093 0.084966
vt 0.025719 0.066186
vt 0.106959 1.373475
vt 0.122789 1.267472
vt 0.103746 1.257853
vt 0.084966 1.363939
vt 0.084966 1.363939
vt 0.103746 1.257853
vt 0.122789 1.267472
vt 0.106959 1.373475
vt 0.084966 1.363939
vt 0.103746 1.257853
vt 0.084704 1.266234
vt 0.062973 1.372404
vt 0.062973 1.372404
vt 0.084704 1.266234
vt 0.103746 1.257853
vt 0.084966 1.363939
vt 0.122789 1.267472
vt 0.133518 1.100614
vt 0.122527 1.091167
vt 0.103746 1.257853
vt 0.103746 1.257853
vt 0.122527 1.091167
vt 0.133518 1.100614
vt 0.122789 1.267472
vt 0.103746 1.257853
vt 0.122527 1.091167
vt 0.111536 1.099721
vt 0.084704 1.266234
vt 0.084704 1.266234
vt 0.111536 1.099721
vt 0.122527 1.091167
vt 0.103746 1.257853
vt 0.133518 1.100614
vt 0.142076 0.888251
vt 0.141307 0.879213
vt 0.122527 1.091167
vt 0.122527 1.091167
vt 0.141307 0.879213
vt 0.142076 0.888251
vt 0.133518 1.100614
vt 0.122527 1.091167
vt 0.141307 0.879213
vt 0.140538 0.888176
vt 0.111536 1.099721
vt 0.111536 1.099721
vt 0.140538 0.888176
vt 0.141307 0.879213
vt 0.122527 1.091167
vt 0.187284 1.326101
vt 0.095168 1.427306
vt 0.096019 1.418161
vt 0.187343 1.317101
vt 0.187343 1.317101
vt 0.096019 1.418161
vt 0.095168 1.427306
vt 0.187284 1.326101
vt 0.187343 1.317101
vt 0.096019 1.418161
vt 0.096870 1.427016
vt 0.187403 1.326101
vt 0.187403 1.326101
vt 0.096870 1.427016
vt 0.096019 1.418161
vt 0.187343 1.317101
vt 0.095168 0.029185
vt 0.003221 0.027300
vt 0.004695 0.011542
vt 0.096019 0.020083
vt 0.096019 0.020083
vt 0.004695 0.011542
vt 0.003221 0.027300
vt 0.095168 0.029185
vt 0.096019 0.020083
vt 0.004695 0.011542
vt 0.006168 -0.004216
vt 0.096870 0.010982
vt 0.096870 0.010982
vt 0.006168 -0.004216
vt 0.004695 0.011542
vt 0.096019 0.020083
vt 0.003221 0.027300
vt -0.088330 0.021185
vt -0.086630 0.003000
vt 0.004695 0.011542
vt 0.004695 0.011542
vt -0.086630 0.003000
vt -0.088330 0.021185
vt 0.003221 0.027300
vt 0.004695 0.011542
vt -0.086630 0.003000
vt -0.084929 -0.015184
vt 0.006168 -0.004216
vt 0.006168 -0.004216
vt -0.084929 -0.015184
vt -0.086630 0.003000
vt 0.004695 0.011542
vt -0.088330 0.021185
vt -0.179426 0.010193
vt -0.177954 -0.005541
vt -0.086630 0.003000
vt -0.086630 0.003000
vt -0.177954 -0.005541
vt -0.179426 0.010193
vt -0.088330 0.021185
vt 0.003000 1.456147
vt -0.005541 1.363581
vt -0.021275 1.371575
vt -0.015184 1.464276
vt -0.015184 1.464276
vt -0.021275 1.371575
vt -0.005541 1.363581
vt 0.003000 1.456147
vt 0.010193 1.373586
vt -0.005009 1.211635
vt -0.014083 1.201909
vt -0.005541 1.363581
vt -0.005541 1.363581
vt -0.014083 1.201909
vt -0.005009 1.211635
vt 0.010193 1.373586
vt -0.005541 1.363581
vt -0.014083 1.201909
vt -0.023156 1.210184
vt -0.021275 1.371575
vt -0.021275 1.371575
vt -0.023156 1.210184
vt -0.014083 1.201909
vt -0.005541 1.363581
vt -0.270127 1.211635
vt -0.360662 1.001785
vt -0.360603 0.992724
vt -0.269278 1.201909
vt -0.269278 1.201909
vt -0.360603 0.992724
vt -0.360662 1.001785
vt -0.270127 1.211635
vt -0.014083 1.201909
vt -0.022624 0.992724
vt -0.023258 1.001663
vt -0.023156 1.210184
vt -0.023156 1.210184
vt -0.023258 1.001663
vt -0.022624 0.992724
vt -0.014083 1.201909
vt 0.029187 1.326101
vt -0.010478 1.405724
vt -0.018505 1.396816
vt 0.028625 1.317101
vt 0.028625 1.317101
vt -0.018505 1.396816
vt -0.010478 1.405724
vt 0.029187 1.326101
vt 0.187343 1.317101
vt 0.114333 1.396816
vt 0.119514 1.405908
vt 0.187706 1.326101
vt 0.187706 1.326101
vt 0.119514 1.405908
vt 0.114333 1.396816
vt 0.187343 1.317101
vt 0.109151 -0.010478
vt 0.032349 -0.051734
vt 0.041322 -0.065635
vt 0.114333 -0.018505
vt 0.114333 -0.018505
vt 0.041322 -0.065635
vt 0.032349 -0.051734
vt 0.109151 -0.010478
vt 0.114333 -0.018505
vt 0.041322 -0.065635
vt 0.050296 -0.079536
vt 0.119514 -0.026532
vt 0.119514 -0.026532
vt 0.050296 -0.079536
vt 0.041322 -0.065635
vt 0.114333 -0.018505
vt 0.032349 -0.051734
vt -0.042047 -0.096718
vt -0.031688 -0.112765
vt 0.041322 -0.065635
vt 0.041322 -0.065635
vt -0.031688 -0.112765
vt -0.042047 -0.096718
vt 0.032349 -0.051734
vt 0.041322 -0.065635
vt -0.031688 -0.112765
vt -0.021329 -0.128813
vt 0.050296 -0.079536
vt 0.050296 -0.079536
vt -0.021329 -0.128813
vt -0.031688 -0.112765
vt 0.041322 -0.065635
vt -0.042047 -0.096718
vt -0.113667 -0.146002
vt -0.104699 -0.159895
vt -0.031688 -0.112765
vt -0.031688 -0.112765
vt -0.104699 -0.159895
vt -0.113667 -0.146002
vt -0.042047 -0.096718
vt -0.112765 1.416206
vt -0.159895 1.332211
vt -0.173788 1.341850
vt -0.128813 1.425759
vt -0.128813 1.425759
vt -0.173788 1.341850
vt -0.159895 1.332211
vt -0.112765 1.416206
vt -0.113667 1.340573
vt -0.182885 1.198525
vt -0.177709 1.189986
vt -0.104699 1.332211
vt -0.104699 1.332211
vt -0.177709 1.189986
vt -0.182885 1.198525
vt -0.113667 1.340573
vt -0.159895 1.332211
vt -0.207025 1.189986
vt -0.215043 1.199446
vt -0.173788 1.341850
vt -0.173788 1.341850
vt -0.215043 1.199446
vt -0.207025 1.189986
vt -0.159895 1.332211
vt -0.182885 1.198525
vt -0.251082 1.015816
vt -0.250720 1.006855
vt -0.177709 1.189986
vt -0.177709 1.189986
vt -0.250720 1.006855
vt -0.251082 1.015816
vt -0.182885 1.198525
vt -0.207025 1.189986
vt -0.254155 1.006855
vt -0.254716 1.015894
vt -0.215043 1.199446
vt -0.215043 1.199446
vt -0.254716 1.015894
vt -0.254155 1.006855
vt -0.207025 1.189986
vt 0.029026 1.326101
vt -0.044261 1.408304
vt -0.049990 1.399550
vt 0.028625 1.317101
vt 0.028625 1.317101
vt -0.049990 1.399550
vt -0.044261 1.408304
vt 0.029026 1.326101
vt 0.187343 1.317101
vt 0.139461 1.399550
vt 0.148866 1.408797
vt 0.188002 1.326101
vt 0.188002 1.326101
vt 0.148866 1.408797
vt 0.139461 1.399550
vt 0.187343 1.317101
vt 0.130056 -0.044261
vt 0.075300 -0.118690
vt 0.091579 -0.128605
vt 0.139461 -0.049990
vt 0.139461 -0.049990
vt 0.091579 -0.128605
vt 0.075300 -0.118690
vt 0.130056 -0.044261
vt 0.139461 -0.049990
vt 0.091579 -0.128605
vt 0.107857 -0.138520
vt 0.148866 -0.055719
vt 0.148866 -0.055719
vt 0.107857 -0.138520
vt 0.091579 -0.128605
vt 0.139461 -0.049990
vt 0.075300 -0.118690
vt 0.024923 -0.195785
vt 0.043696 -0.207220
vt 0.091579 -0.128605
vt 0.091579 -0.128605
vt 0.043696 -0.207220
vt 0.024923 -0.195785
vt 0.075300 -0.118690
vt 0.091579 -0.128605
vt 0.043696 -0.207220
vt 0.062470 -0.218654
vt 0.107857 -0.138520
vt 0.107857 -0.138520
vt 0.062470 -0.218654
vt 0.043696 -0.207220
vt 0.091579 -0.128605
vt 0.024923 1.411403
vt -0.020415 1.307975
vt -0.004186 1.300682
vt 0.043696 1.403882
vt 0.043696 1.403882
vt -0.004186 1.300682
vt -0.020415 1.307975
vt 0.024923 1.411403
vt -0.207220 1.403882
vt -0.285834 1.300682
vt -0.295719 1.311388
vt -0.218654 1.414361
vt -0.218654 1.414361
vt -0.295719 1.311388
vt -0.285834 1.300682
vt -0.207220 1.403882
vt -0.020415 1.307975
vt -0.061417 1.139486
vt -0.052068 1.131717
vt -0.004186 1.300682
vt -0.004186 1.300682
vt -0.052068 1.131717
vt -0.061417 1.139486
vt -0.020415 1.307975
vt -0.285834 1.300682
vt -0.364449 1.131717
vt -0.370143 1.141948
vt -0.295719 1.311388
vt -0.295719 1.311388
vt -0.370143 1.141948
vt -0.364449 1.131717
vt -0.285834 1.300682
vt -0.061417 1.139486
vt -0.100603 0.924248
vt -0.099950 0.915351
vt -0.052068 1.131717
vt -0.052068 1.131717
vt -0.099950 0.915351
vt -0.100603 0.924248
vt -0.061417 1.139486
vt -0.364449 1.131717
vt -0.443064 0.915351
vt -0.443461 0.924455
vt -0.370143 1.141948
vt -0.370143 1.141948
vt -0.443461 0.924455
vt -0.443064 0.915351
vt -0.364449 1.131717
vt 0.028768 1.326101
vt -0.089545 1.388889
vt -0.091588 1.380134
vt 0.028625 1.317101
vt 0.028625 1.317101
vt -0.091588 1.380134
vt -0.089545 1.388889
vt 0.028768 1.326101
vt 0.028625 1.317101
vt -0.091588 1.380134
vt -0.093630 1.389379
vt 0.028482 1.326101
vt 0.028482 1.326101
vt -0.093630 1.389379
vt -0.091588 1.380134
vt 0.028625 1.317101
vt 0.150379 -0.089545
vt 0.115757 -0.208266
vt 0.130778 -0.211800
vt 0.159061 -0.091588
vt 0.159061 -0.091588
vt 0.130778 -0.211800
vt 0.115757 -0.208266
vt 0.150379 -0.089545
vt 0.159061 -0.091588
vt 0.130778 -0.211800
vt 0.145799 -0.215334
vt 0.167743 -0.093630
vt 0.167743 -0.093630
vt 0.145799 -0.215334
vt 0.130778 -0.211800
vt 0.159061 -0.091588
vt 0.115757 -0.208266
vt 0.085184 -0.327939
vt 0.102496 -0.332012
vt 0.130778 -0.211800
vt 0.130778 -0.211800
vt 0.102496 -0.332012
vt 0.085184 -0.327939
vt 0.115757 -0.208266
vt 0.130778 -0.211800
vt 0.102496 -0.332012
vt 0.119808 -0.336085
vt 0.145799 -0.215334
vt 0.145799 -0.215334
vt 0.119808 -0.336085
vt 0.102496 -0.332012
vt 0.130778 -0.211800
vt 0.085184 -0.327939
vt 0.059260 -0.448707
vt 0.074213 -0.452225
vt 0.102496 -0.332012
vt 0.102496 -0.332012
vt 0.074213 -0.452225
vt 0.059260 -0.448707
vt 0.085184 -0.327939
vt 0.102496 -0.332012
vt 0.074213 -0.452225
vt 0.089166 -0.455743
vt 0.119808 -0.336085
vt 0.119808 -0.336085
vt 0.089166 -0.455743
vt 0.074213 -0.452225
vt 0.102496 -0.332012
vt 0.059260 1.265864
vt 0.037327 1.105792
vt 0.045931 1.098012
vt 0.074213 1.258557
vt 0.074213 1.258557
vt 0.045931 1.098012
vt 0.037327 1.105792
vt 0.059260 1.265864
vt -0.452225 1.258557
vt -0.572437 1.098012
vt -0.574461 1.108232
vt -0.455743 1.269249
vt -0.455743 1.269249
vt -0.574461 1.108232
vt -0.572437 1.098012
vt -0.452225 1.258557
vt 0.037327 1.105792
vt 0.017049 0.902815
vt 0.017648 0.893917
vt 0.045931 1.098012
vt 0.045931 1.098012
vt 0.017648 0.893917
vt 0.017049 0.902815
vt 0.037327 1.105792
vt -0.572437 1.098012
vt -0.692649 0.893917
vt -0.692791 0.903020
vt -0.574461 1.108232
vt -0.574461 1.108232
vt -0.692791 0.903020
vt -0.692649 0.893917
vt -0.572437 1.098012
vt 0.028616 1.326101
vt -0.096039 1.403386
vt -0.095914 1.394512
vt 0.028625 1.317101
vt 0.028625 1.317101
vt -0.095914 1.394512
vt -0.096039 1.403386
vt 0.028616 1.326101
vt 0.028625 1.317101
vt -0.095914 1.394512
vt -0.095788 1.403639
vt 0.028633 1.326101
vt 0.028633 1.326101
vt -0.095788 1.403639
vt -0.095914 1.394512
vt 0.028625 1.317101
vt 0.180499 -0.096039
vt 0.175976 -0.220669
vt 0.190947 -0.220452
vt 0.189145 -0.095914
vt 0.189145 -0.095914
vt 0.190947 -0.220452
vt 0.175976 -0.220669
vt 0.180499 -0.096039
vt 0.189145 -0.095914
vt 0.190947 -0.220452
vt 0.205919 -0.220235
vt 0.197792 -0.095788
vt 0.197792 -0.095788
vt 0.205919 -0.220235
vt 0.190947 -0.220452
vt 0.189145 -0.095914
vt 0.175976 -0.220669
vt 0.175471 -0.345240
vt 0.192749 -0.344990
vt 0.190947 -0.220452
vt 0.190947 -0.220452
vt 0.192749 -0.344990
vt 0.175471 -0.345240
vt 0.175976 -0.220669
vt 0.190947 -0.220452
vt 0.192749 -0.344990
vt 0.210027 -0.344740
vt 0.205919 -0.220235
vt 0.205919 -0.220235
vt 0.210027 -0.344740
vt 0.192749 -0.344990
vt 0.190947 -0.220452
vt 0.175471 -0.345240
vt 0.179599 -0.469745
vt 0.194551 -0.469529
vt 0.192749 -0.344990
vt 0.192749 -0.344990
vt 0.194551 -0.469529
vt 0.179599 -0.469745
vt 0.175471 -0.345240
vt 0.192749 -0.344990
vt 0.194551 -0.469529
vt 0.209503 -0.469312
vt 0.210027 -0.344740
vt 0.210027 -0.344740
vt 0.209503 -0.469312
vt 0.194551 -0.469529
vt 0.192749 -0.344990
vt 0.179599 1.316361
vt 0.187728 1.162433
vt 0.196353 1.154065
vt 0.194551 1.308236
vt 0.194551 1.308236
vt 0.196353 1.154065
vt 0.187728 1.162433
vt 0.179599 1.316361
vt 0.194551 1.308236
vt 0.196353 1.154065
vt 0.204977 1.163696
vt 0.209503 1.318111
vt 0.209503 1.318111
vt 0.204977 1.163696
vt 0.196353 1.154065
vt 0.194551 1.308236
vt -0.594192 1.162433
vt -0.718614 0.965376
vt -0.718605 0.956429
vt -0.594067 1.154065
vt -0.594067 1.154065
vt -0.718605 0.956429
vt -0.718614 0.965376
vt -0.594192 1.162433
vt -0.594067 1.154065
vt -0.718605 0.956429
vt -0.718596 0.965482
vt -0.593942 1.163696
vt -0.593942 1.163696
vt -0.718596 0.965482
vt -0.718605 0.956429
vt -0.594067 1.154065
vt 0.186713 1.326101
vt 0.220722 1.416776
vt 0.229718 1.408042
vt 0.187343 1.317101
vt 0.187343 1.317101
vt 0.229718 1.408042
vt 0.220722 1.416776
vt 0.186713 1.326101
vt 0.028625 1.317101
vt -0.072305 1.408042
vt -0.068528 1.417308
vt 0.028889 1.326101
vt 0.028889 1.326101
vt -0.068528 1.417308
vt -0.072305 1.408042
vt 0.028625 1.317101
vt 0.220722 -0.076082
vt 0.256529 -0.179770
vt 0.272094 -0.173235
vt 0.229718 -0.072305
vt 0.229718 -0.072305
vt 0.272094 -0.173235
vt 0.256529 -0.179770
vt 0.220722 -0.076082
vt 0.229718 -0.072305
vt 0.272094 -0.173235
vt 0.287658 -0.166701
vt 0.238715 -0.068528
vt 0.238715 -0.068528
vt 0.287658 -0.166701
vt 0.272094 -0.173235
vt 0.229718 -0.072305
vt 0.256529 -0.179770
vt 0.296529 -0.281697
vt 0.314469 -0.274166
vt 0.272094 -0.173235
vt 0.272094 -0.173235
vt 0.314469 -0.274166
vt 0.296529 -0.281697
vt 0.256529 -0.179770
vt 0.272094 -0.173235
vt 0.314469 -0.274166
vt 0.332408 -0.266634
vt 0.287658 -0.166701
vt 0.287658 -0.166701
vt 0.332408 -0.266634
vt 0.314469 -0.274166
vt 0.272094 -0.173235
vt 0.296529 -0.281697
vt 0.341348 -0.381601
vt 0.356844 -0.375096
vt 0.314469 -0.274166
vt 0.314469 -0.274166
vt 0.356844 -0.375096
vt 0.341348 -0.381601
vt 0.296529 -0.281697
vt 0.314469 -0.274166
vt 0.356844 -0.375096
vt 0.372340 -0.368590
vt 0.332408 -0.266634
vt 0.332408 -0.266634
vt 0.372340 -0.368590
vt 0.356844 -0.375096
vt 0.314469 -0.274166
vt 0.341348 -0.381601
vt 0.390303 -0.479769
vt 0.399219 -0.476026
vt 0.356844 -0.375096
vt 0.356844 -0.375096
vt 0.399219 -0.476026
vt 0.390303 -0.479769
vt 0.341348 -0.381601
vt 0.356844 1.375348
vt 0.399219 1.241065
vt 0.408135 1.251390
vt 0.372340 1.386186
vt 0.372340 1.386186
vt 0.408135 1.251390
vt 0.399219 1.241065
vt 0.356844 1.375348
vt -0.479769 1.248741
vt -0.577217 1.075525
vt -0.576956 1.066636
vt -0.476026 1.241065
vt -0.476026 1.241065
vt -0.576956 1.066636
vt -0.577217 1.075525
vt -0.479769 1.248741
vt 0.399219 1.241065
vt 0.441594 1.066636
vt 0.442216 1.075747
vt 0.408135 1.251390
vt 0.408135 1.251390
vt 0.442216 1.075747
vt 0.441594 1.066636
vt 0.399219 1.241065
vt 0.186844 1.326101
vt 0.263034 1.379196
vt 0.270158 1.369870
vt 0.187343 1.317101
vt 0.187343 1.317101
vt 0.270158 1.369870
vt 0.263034 1.379196
vt 0.186844 1.326101
vt 0.028625 1.317101
vt -0.063102 1.369870
vt -0.056670 1.378544
vt 0.029075 1.326101
vt 0.029075 1.326101
vt -0.056670 1.378544
vt -0.063102 1.369870
vt 0.028625 1.317101
vt 0.263034 -0.069533
vt 0.340656 -0.165949
vt 0.352973 -0.154828
vt 0.270158 -0.063102
vt 0.270158 -0.063102
vt 0.352973 -0.154828
vt 0.340656 -0.165949
vt 0.263034 -0.069533
vt 0.270158 -0.063102
vt 0.352973 -0.154828
vt 0.365291 -0.143707
vt 0.277282 -0.056670
vt 0.277282 -0.056670
vt 0.365291 -0.143707
vt 0.352973 -0.154828
vt 0.270158 -0.063102
vt 0.340656 -0.165949
vt 0.421606 -0.259359
vt 0.435788 -0.246555
vt 0.352973 -0.154828
vt 0.352973 -0.154828
vt 0.435788 -0.246555
vt 0.421606 -0.259359
vt 0.340656 -0.165949
vt 0.352973 -0.154828
vt 0.435788 -0.246555
vt 0.449970 -0.233751
vt 0.365291 -0.143707
vt 0.365291 -0.143707
vt 0.449970 -0.233751
vt 0.435788 -0.246555
vt 0.352973 -0.154828
vt -0.259359 1.345921
vt -0.349325 1.241054
vt -0.338281 1.229803
vt -0.246555 1.334969
vt -0.246555 1.334969
vt -0.338281 1.229803
vt -0.349325 1.241054
vt -0.259359 1.345921
vt 0.435788 -0.246555
vt 0.518603 -0.338281
vt 0.530835 -0.327237
vt 0.449970 -0.233751
vt 0.449970 -0.233751
vt 0.530835 -0.327237
vt 0.518603 -0.338281
vt 0.435788 -0.246555
vt -0.349325 1.241054
vt -0.436350 1.079907
vt -0.430007 1.069285
vt -0.338281 1.229803
vt -0.338281 1.229803
vt -0.430007 1.069285
vt -0.436350 1.079907
vt -0.349325 1.241054
vt 0.518603 1.229803
vt 0.601418 1.069285
vt 0.608443 1.076663
vt 0.530835 1.236551
vt 0.530835 1.236551
vt 0.608443 1.076663
vt 0.601418 1.069285
vt 0.518603 1.229803
vt -0.436350 1.079907
vt -0.522175 0.875360
vt -0.521734 0.866224
vt -0.430007 1.069285
vt -0.430007 1.069285
vt -0.521734 0.866224
vt -0.522175 0.875360
vt -0.436350 1.079907
vt 0.601418 1.069285
vt 0.684233 0.866224
vt 0.684722 0.875088
vt 0.608443 1.076663
vt 0.608443 1.076663
vt 0.684722 0.875088
vt 0.684233 0.866224
vt 0.601418 1.069285
vt 0.187077 1.326101
vt 0.283121 1.409043
vt 0.286923 1.399956
vt 0.187343 1.317101
vt 0.187343 1.317101
vt 0.286923 1.399956
vt 0.283121 1.409043
vt 0.187077 1.326101
vt 0.028625 1.317101
vt -0.010019 1.399956
vt -0.000221 1.408869
vt 0.029311 1.326101
vt 0.029311 1.326101
vt -0.000221 1.408869
vt -0.010019 1.399956
vt 0.028625 1.317101
vt 0.283121 -0.019817
vt 0.379919 -0.065631
vt 0.386504 -0.048663
vt 0.286923 -0.010019
vt 0.286923 -0.010019
vt 0.386504 -0.048663
vt 0.379919 -0.065631
vt 0.283121 -0.019817
vt 0.286923 -0.010019
vt 0.386504 -0.048663
vt 0.393088 -0.031694
vt 0.290726 -0.000221
vt 0.290726 -0.000221
vt 0.393088 -0.031694
vt 0.386504 -0.048663
vt 0.286923 -0.010019
vt 0.379919 -0.065631
vt 0.478481 -0.106896
vt 0.486084 -0.087306
vt 0.386504 -0.048663
vt 0.386504 -0.048663
vt 0.486084 -0.087306
vt 0.478481 -0.106896
vt 0.379919 -0.065631
vt 0.386504 -0.048663
vt 0.486084 -0.087306
vt 0.493686 -0.067716
vt 0.393088 -0.031694
vt 0.393088 -0.031694
vt 0.493686 -0.067716
vt 0.486084 -0.087306
vt 0.386504 -0.048663
vt -0.106896 1.412267
vt -0.142911 1.307016
vt -0.125950 1.297414
vt -0.087306 1.402745
vt -0.087306 1.402745
vt -0.125950 1.297414
vt -0.142911 1.307016
vt -0.106896 1.412267
vt 0.486084 -0.087306
vt 0.585664 -0.125950
vt 0.592246 -0.108988
vt 0.493686 -0.067716
vt 0.493686 -0.067716
vt 0.592246 -0.108988
vt 0.585664 -0.125950
vt 0.486084 -0.087306
vt -0.142911 1.307016
vt -0.174383 1.134880
vt -0.164593 1.125446
vt -0.125950 1.297414
vt -0.125950 1.297414
vt -0.164593 1.125446
vt -0.174383 1.134880
vt -0.142911 1.307016
vt -0.125950 1.297414
vt -0.164593 1.125446
vt -0.154804 1.134012
vt -0.108988 1.305813
vt -0.108988 1.305813
vt -0.154804 1.134012
vt -0.164593 1.125446
vt -0.125950 1.297414
vt -0.174383 1.134880
vt -0.203922 0.914373
vt -0.203237 0.905337
vt -0.164593 1.125446
vt -0.164593 1.125446
vt -0.203237 0.905337
vt -0.203922 0.914373
vt -0.174383 1.134880
vt 0.685244 1.125446
vt 0.784824 0.905337
vt 0.785090 0.914300
vt 0.689043 1.134012
vt 0.689043 1.134012
vt 0.785090 0.914300
vt 0.784824 0.905337
vt 0.685244 1.125446
vt 0.001670 0.039163
vt 0.021233 0.012239
vt 0.021233 -0.021042
vt 0.001670 -0.047966
vt -0.029985 -0.058250
vt -0.061640 -0.047966
vt -0.081204 -0.021041
vt -0.081204 0.012239
vt -0.061640 0.039164
vt -0.029985 0.049448
vt -0.029484 0.048522
vt -0.049475 0.042027
vt -0.061829 0.025024
vt -0.061829 0.004007
vt -0.049475 -0.012996
vt -0.029484 -0.019491
vt -0.009494 -0.012996
vt 0.002861 0.004007
vt 0.002861 0.025024
vt -0.009494 0.042027
vt -0.029985 0.000600
vt -0.061640 0.000756
vt -0.049475 1.345532
vt -0.029484 1.345434
vt 0.039164 0.000756
vt 0.012239 0.001142
vt 0.025024 1.345776
vt 0.042027 1.345532
vt 0.012239 0.001142
vt -0.021041 0.001611
vt 0.004007 1.346072
vt 0.025024 1.345776
vt -0.021041 0.001611
vt -0.047966 0.001982
vt -0.012996 1.346307
vt 0.004007 1.346072
vt -0.061640 0.001982
vt -0.029985 0.002115
vt -0.029484 1.346390
vt -0.049475 1.346307
vt -0.029985 0.002115
vt 0.001670 0.001959
vt -0.009494 1.346292
vt -0.029484 1.346390
vt -0.047966 0.001959
vt -0.021042 0.001573
vt 0.004007 1.346048
vt -0.012996 1.346292
vt -0.021042 0.001573
vt 0.012239 0.001104
vt 0.025024 1.345752
vt 0.004007 1.346048
vt 0.012239 0.001104
vt 0.039163 0.000733
vt 0.042027 1.345518
vt 0.025024 1.345752
vt 0.001670 0.000733
vt -0.029985 0.000600
vt -0.029484 1.345434
vt -0.009494 1.345518
vt 0.000096 0.040798
vt 0.018623 0.015298
vt 0.018623 -0.016222
vt 0.000096 -0.041722
vt -0.029881 -0.051462
vt -0.059858 -0.041722
vt -0.078385 -0.016222
vt -0.078385 0.015298
vt -0.059858 0.040798
vt -0.029881 0.050538
vt -0.029881 0.050538
vt -0.059858 0.040798
vt -0.078385 0.015298
vt -0.078385 -0.016222
vt -0.059858 -0.041722
vt -0.029881 -0.051462
vt 0.000096 -0.041722
vt 0.018623 -0.016222
vt 0.018623 0.015298
vt 0.000096 0.040798
vt -0.029881 0.271358
vt -0.059858 0.271358
vt -0.059858 0.291358
vt -0.029881 0.291358
vt 0.040798 0.271358
vt 0.015298 0.271358
vt 0.015298 0.291358
vt 0.040798 0.291358
vt 0.015298 0.271358
vt -0.016222 0.271358
vt -0.016222 0.291358
vt 0.015298 0.291358
vt -0.016222 0.271358
vt -0.041722 0.271358
vt -0.041722 0.291358
vt -0.016222 0.291358
vt -0.059858 0.271358
vt -0.029881 0.271358
vt -0.029881 0.291358
vt -0.059858 0.291358
vt -0.029881 0.271358
vt 0.000096 0.271358
vt 0.000096 0.291358
vt -0.029881 0.291358
vt -0.041722 0.271358
vt -0.016222 0.271358
vt -0.016222 0.291358
vt -0.041722 0.291358
vt -0.016222 0.271358
vt 0.015298 0.271358
vt 0.015298 0.291358
vt -0.016222 0.291358
vt 0.015298 0.271358
vt 0.040798 0.271358
vt 0.040798 0.291358
vt 0.015298 0.291358
vt 0.000096 0.271358
vt -0.029881 0.271358
vt -0.029881 0.291358
vt 0.000096 0.291358
vt 0.000186 0.044175
vt 0.018712 0.018675
vt 0.018712 -0.012845
vt 0.000186 -0.038345
vt -0.029791 -0.048085
vt -0.059769 -0.038345
vt -0.078295 -0.012845
vt -0.078295 0.018675
vt -0.059769 0.044175
vt -0.029791 0.053915
vt -0.029791 0.053915
vt -0.059769 0.044175
vt -0.078295 0.018675
vt -0.078295 -0.012845
vt -0.059769 -0.038345
vt -0.029791 -0.048085
vt 0.000186 -0.038345
vt 0.018712 -0.012845
vt 0.018712 0.018675
vt 0.000186 0.044175
vt -0.029791 0.511358
vt -0.059769 0.511358
vt -0.059769 0.531358
vt -0.029791 0.531358
vt 0.044175 0.511358
vt 0.018675 0.511358
vt 0.018675 0.531358
vt 0.044175 0.531358
vt 0.018675 0.511358
vt -0.012845 0.511358
vt -0.012845 0.531358
vt 0.018675 0.531358
vt -0.012845 0.511358
vt -0.038345 0.511358
vt -0.038345 0.531358
vt -0.012845 0.531358
vt -0.059769 0.511358
vt -0.029791 0.511358
vt -0.029791 0.531358
vt -0.059769 0.531358
vt -0.029791 0.511358
vt 0.000186 0.511358
vt 0.000186 0.531358
vt -0.029791 0.531358
vt -0.038345 0.511358
vt -0.012845 0.511358
vt -0.012845 0.531358
vt -0.038345 0.531358
vt -0.012845 0.511358
vt 0.018675 0.511358
vt 0.018675 0.531358
vt -0.012845 0.531358
vt 0.018675 0.511358
vt 0.044175 0.511358
vt 0.044175 0.531358
vt 0.018675 0.531358
vt 0.000186 0.511358
vt -0.029791 0.511358
vt -0.029791 0.531358
vt 0.000186 0.531358
vt 0.000275 0.047551
vt 0.018802 0.022051
vt 0.018802 -0.009468
vt 0.000275 -0.034968
vt -0.029702 -0.044709
vt -0.059679 -0.034968
vt -0.078206 -0.009468
vt -0.078206 0.022051
vt -0.059679 0.047551
vt -0.029702 0.057291
vt -0.029702 0.057291
vt -0.059679 0.047551
vt -0.078206 0.022051
vt -0.078206 -0.009468
vt -0.059679 -0.034968
vt -0.029702 -0.044709
vt 0.000275 -0.034968
vt 0.018802 -0.009468
vt 0.018802 0.022051
vt 0.000275 0.047551
vt -0.029702 0.751358
vt -0.059679 0.751358
vt -0.059679 0.771358
vt -0.029702 0.771358
vt 0.047551 0.751358
vt 0.022051 0.751358
vt 0.022051 0.771358
vt 0.047551 0.771358
vt 0.022051 0.751358
vt -0.009468 0.751358
vt -0.009468 0.771358
vt 0.022051 0.771358
vt -0.009468 0.751358
vt -0.034968 0.751358
vt -0.034968 0.771358
vt -0.009468 0.771358
vt -0.059679 0.751358
vt -0.029702 0.751358
vt -0.029702 0.771358
vt -0.059679 0.771358
vt -0.029702 0.751358
vt 0.000275 0.751358
vt 0.000275 0.771358
vt -0.029702 0.771358
vt -0.034968 0.751358
vt -0.009468 0.751358
vt -0.009468 0.771358
vt -0.034968 0.771358
vt -0.009468 0.751358
vt 0.022051 0.751358
vt 0.022051 0.771358
vt -0.009468 0.771358
vt 0.022051 0.751358
vt 0.047551 0.751358
vt 0.047551 0.771358
vt 0.022051 0.771358
vt 0.000275 0.751358
vt -0.029702 0.751358
vt -0.029702 0.771358
vt 0.000275 0.771358
vt 0.000364 0.050928
vt 0.018891 0.025428
vt 0.018891 -0.006092
vt 0.000364 -0.031592
vt -0.029613 -0.041332
vt -0.059590 -0.031592
vt -0.078117 -0.006092
vt -0.078117 0.025428
vt -0.059590 0.050928
vt -0.029613 0.060668
vt -0.029613 0.060668
vt -0.059590 0.050928
vt -0.078117 0.025428
vt -0.078117 -0.006092
vt -0.059590 -0.031592
vt -0.029613 -0.041332
vt 0.000364 -0.031592
vt 0.018891 -0.006092
vt 0.018891 0.025428
vt 0.000364 0.050928
vt -0.029613 0.991358
vt -0.059590 0.991358
vt -0.059590 1.011358
vt -0.029613 1.011358
vt 0.050928 0.991358
vt 0.025428 0.991358
vt 0.025428 1.011358
vt 0.050928 1.011358
vt 0.025428 0.991358
vt -0.006092 0.991358
vt -0.006092 1.011358
vt 0.025428 1.011358
vt -0.006092 0.991358
vt -0.031592 0.991358
vt -0.031592 1.011358
vt -0.006092 1.011358
vt -0.059590 0.991358
vt -0.029613 0.991358
vt -0.029613 1.011358
vt -0.059590 1.011358
vt -0.029613 0.991358
vt 0.000364 0.991358
vt 0.000364 1.011358
vt -0.029613 1.011358
vt -0.031592 0.991358
vt -0.006092 0.991358
vt -0.006092 1.011358
vt -0.031592 1.011358
vt -0.006092 0.991358
vt 0.025428 0.991358
vt 0.025428 1.011358
vt -0.006092 1.011358
vt 0.025428 0.991358
vt 0.050928 0.991358
vt 0.050928 1.011358
vt 0.025428 1.011358
vt 0.000364 0.991358
vt -0.029613 0.991358
vt -0.029613 1.011358
vt 0.000364 1.011358
vt -0.029408 1.334912
vt 0.096743 1.421886
vt 0.095654 1.412554
vt -0.029484 1.325912
vt -0.029484 1.325912
vt 0.095654 1.412554
vt 0.096743 1.421886
vt -0.029408 1.334912
vt -0.029484 1.325912
vt 0.095654 1.412554
vt 0.094565 1.421222
vt -0.029561 1.334912
vt -0.029561 1.334912
vt 0.094565 1.421222
vt 0.095654 1.412554
vt -0.029484 1.325912
vt 0.096743 0.017202
vt 0.222676 0.022705
vt 0.220793 0.040705
vt 0.095654 0.027610
vt 0.095654 0.027610
vt 0.220793 0.040705
vt 0.222676 0.022705
vt 0.096743 0.017202
vt 0.095654 0.027610
vt 0.220793 0.040705
vt 0.218909 0.058706
vt 0.094565 0.038019
vt 0.094565 0.038019
vt 0.218909 0.058706
vt 0.220793 0.040705
vt 0.095654 0.027610
vt 0.222676 0.022705
vt 0.348101 0.033067
vt 0.345931 0.053800
vt 0.220793 0.040705
vt 0.220793 0.040705
vt 0.345931 0.053800
vt 0.348101 0.033067
vt 0.222676 0.022705
vt 0.220793 0.040705
vt 0.345931 0.053800
vt 0.343762 0.074533
vt 0.218909 0.058706
vt 0.218909 0.058706
vt 0.343762 0.074533
vt 0.345931 0.053800
vt 0.220793 0.040705
vt 0.348101 0.033067
vt 0.472942 0.049003
vt 0.471070 0.066895
vt 0.345931 0.053800
vt 0.345931 0.053800
vt 0.471070 0.066895
vt 0.472942 0.049003
vt 0.348101 0.033067
vt 0.345931 0.053800
vt 0.471070 0.066895
vt 0.469197 0.084787
vt 0.343762 0.074533
vt 0.343762 0.074533
vt 0.469197 0.084787
vt 0.471070 0.066895
vt 0.345931 0.053800
vt 0.049003 1.360926
vt 0.069707 1.210676
vt 0.079990 1.200023
vt 0.066895 1.349632
vt 0.066895 1.349632
vt 0.079990 1.200023
vt 0.069707 1.210676
vt 0.049003 1.360926
vt 0.066895 1.349632
vt 0.079990 1.200023
vt 0.090273 1.207370
vt 0.084787 1.356338
vt 0.084787 1.356338
vt 0.090273 1.207370
vt 0.079990 1.200023
vt 0.066895 1.349632
vt 0.597284 1.210676
vt 0.721421 1.016254
vt 0.721346 1.007116
vt 0.596208 1.200023
vt 0.596208 1.200023
vt 0.721346 1.007116
vt 0.721421 1.016254
vt 0.597284 1.210676
vt 0.079990 1.200023
vt 0.093085 1.007116
vt 0.093800 1.015977
vt 0.090273 1.207370
vt 0.090273 1.207370
vt 0.093800 1.015977
vt 0.093085 1.007116
vt 0.079990 1.200023
vt -0.029113 0.013717
vt 0.057979 0.041282
vt 0.052680 0.052688
vt -0.029484 0.014516
vt -0.029484 0.014516
vt 0.052680 0.052688
vt 0.057979 0.041282
vt -0.029113 0.013717
vt -0.029484 1.325912
vt 0.052680 1.374043
vt 0.047381 1.383500
vt -0.029855 1.334912
vt -0.029855 1.334912
vt 0.047381 1.383500
vt 0.052680 1.374043
vt -0.029484 1.325912
vt 0.057979 0.041282
vt 0.144004 0.071144
vt 0.134844 0.090860
vt 0.052680 0.052688
vt 0.052680 0.052688
vt 0.134844 0.090860
vt 0.144004 0.071144
vt 0.057979 0.041282
vt 0.052680 0.052688
vt 0.134844 0.090860
vt 0.125684 0.110576
vt 0.047381 0.064093
vt 0.047381 0.064093
vt 0.125684 0.110576
vt 0.134844 0.090860
vt 0.052680 0.052688
vt 0.144004 0.071144
vt 0.227550 0.106341
vt 0.217008 0.129032
vt 0.134844 0.090860
vt 0.134844 0.090860
vt 0.217008 0.129032
vt 0.227550 0.106341
vt 0.144004 0.071144
vt 0.134844 0.090860
vt 0.217008 0.129032
vt 0.206466 0.151723
vt 0.125684 0.110576
vt 0.125684 0.110576
vt 0.206466 0.151723
vt 0.217008 0.129032
vt 0.134844 0.090860
vt 0.227550 0.106341
vt 0.308259 0.147644
vt 0.299172 0.167204
vt 0.217008 0.129032
vt 0.217008 0.129032
vt 0.299172 0.167204
vt 0.308259 0.147644
vt 0.227550 0.106341
vt 0.129032 1.338552
vt 0.167204 1.238834
vt 0.186764 1.250990
vt 0.151723 1.350289
vt 0.151723 1.350289
vt 0.186764 1.250990
vt 0.167204 1.238834
vt 0.129032 1.338552
vt 0.147644 1.244678
vt 0.194151 1.094069
vt 0.205376 1.087342
vt 0.167204 1.238834
vt 0.167204 1.238834
vt 0.205376 1.087342
vt 0.194151 1.094069
vt 0.147644 1.244678
vt 0.167204 1.238834
vt 0.205376 1.087342
vt 0.216601 1.098615
vt 0.186764 1.250990
vt 0.186764 1.250990
vt 0.216601 1.098615
vt 0.205376 1.087342
vt 0.167204 1.238834
vt 0.386552 1.094069
vt 0.463863 0.904670
vt 0.463501 0.895861
vt 0.381336 1.087342
vt 0.381336 1.087342
vt 0.463501 0.895861
vt 0.463863 0.904670
vt 0.386552 1.094069
vt 0.205376 1.087342
vt 0.243548 0.895861
vt 0.244328 0.905051
vt 0.216601 1.098615
vt 0.216601 1.098615
vt 0.244328 0.905051
vt 0.243548 0.895861
vt 0.205376 1.087342
vt 0.013928 1.334912
vt 0.084222 1.425923
vt 0.092616 1.417007
vt 0.014516 1.325912
vt 0.014516 1.325912
vt 0.092616 1.417007
vt 0.084222 1.425923
vt 0.013928 1.334912
vt -0.029484 1.325912
vt 0.066109 1.417007
vt 0.059251 1.426090
vt -0.029964 1.334912
vt -0.029964 1.334912
vt 0.059251 1.426090
vt 0.066109 1.417007
vt -0.029484 1.325912
vt 0.072967 0.084222
vt 0.173579 0.156179
vt 0.161702 0.170716
vt 0.066109 0.092616
vt 0.066109 0.092616
vt 0.161702 0.170716
vt 0.173579 0.156179
vt 0.072967 0.084222
vt 0.066109 0.092616
vt 0.161702 0.170716
vt 0.149825 0.185254
vt 0.059251 0.101010
vt 0.059251 0.101010
vt 0.149825 0.185254
vt 0.161702 0.170716
vt 0.066109 0.092616
vt 0.173579 0.156179
vt 0.271007 0.232033
vt 0.257295 0.248817
vt 0.161702 0.170716
vt 0.161702 0.170716
vt 0.257295 0.248817
vt 0.271007 0.232033
vt 0.173579 0.156179
vt 0.161702 0.170716
vt 0.257295 0.248817
vt 0.243583 0.265600
vt 0.149825 0.185254
vt 0.149825 0.185254
vt 0.243583 0.265600
vt 0.257295 0.248817
vt 0.161702 0.170716
vt 0.271007 0.232033
vt 0.364761 0.312385
vt 0.352888 0.326917
vt 0.257295 0.248817
vt 0.257295 0.248817
vt 0.352888 0.326917
vt 0.364761 0.312385
vt 0.271007 0.232033
vt 0.257295 0.248817
vt 0.352888 0.326917
vt 0.341015 0.341449
vt 0.243583 0.265600
vt 0.243583 0.265600
vt 0.341015 0.341449
vt 0.352888 0.326917
vt 0.257295 0.248817
vt 0.364761 1.332893
vt 0.455334 1.157765
vt 0.448481 1.149182
vt 0.352888 1.324471
vt 0.352888 1.324471
vt 0.448481 1.149182
vt 0.455334 1.157765
vt 0.364761 1.332893
vt 0.326917 1.324471
vt 0.405018 1.149182
vt 0.413405 1.158599
vt 0.341449 1.334049
vt 0.341449 1.334049
vt 0.413405 1.158599
vt 0.405018 1.149182
vt 0.326917 1.324471
vt 0.455334 1.157765
vt 0.544554 0.933140
vt 0.544074 0.924175
vt 0.448481 1.149182
vt 0.448481 1.149182
vt 0.544074 0.924175
vt 0.544554 0.933140
vt 0.455334 1.157765
vt 0.405018 1.149182
vt 0.483118 0.924175
vt 0.483705 0.933210
vt 0.413405 1.158599
vt 0.413405 1.158599
vt 0.483705 0.933210
vt 0.483118 0.924175
vt 0.405018 1.149182
vt 0.014175 1.334912
vt 0.096609 1.423217
vt 0.101475 1.414077
vt 0.014516 1.325912
vt 0.014516 1.325912
vt 0.101475 1.414077
vt 0.096609 1.423217
vt 0.014175 1.334912
vt -0.029484 1.325912
vt 0.023368 1.414077
vt 0.015363 1.422937
vt -0.030045 1.334912
vt -0.030045 1.334912
vt 0.015363 1.422937
vt 0.023368 1.414077
vt -0.029484 1.325912
vt 0.031372 0.096609
vt 0.090080 0.180010
vt 0.076219 0.188434
vt 0.023368 0.101475
vt 0.023368 0.101475
vt 0.076219 0.188434
vt 0.090080 0.180010
vt 0.031372 0.096609
vt 0.023368 0.101475
vt 0.076219 0.188434
vt 0.062359 0.196858
vt 0.015363 0.106340
vt 0.015363 0.106340
vt 0.062359 0.196858
vt 0.076219 0.188434
vt 0.023368 0.101475
vt 0.090080 0.180010
vt 0.145067 0.265671
vt 0.129071 0.275393
vt 0.076219 0.188434
vt 0.076219 0.188434
vt 0.129071 0.275393
vt 0.145067 0.265671
vt 0.090080 0.180010
vt 0.076219 0.188434
vt 0.129071 0.275393
vt 0.113076 0.285114
vt 0.062359 0.196858
vt 0.062359 0.196858
vt 0.113076 0.285114
vt 0.129071 0.275393
vt 0.076219 0.188434
vt 0.145067 0.265671
vt 0.195765 0.353939
vt 0.181923 0.362352
vt 0.129071 0.275393
vt 0.129071 0.275393
vt 0.181923 0.362352
vt 0.195765 0.353939
vt 0.145067 0.265671
vt 0.129071 0.275393
vt 0.181923 0.362352
vt 0.168081 0.370764
vt 0.113076 0.285114
vt 0.113076 0.285114
vt 0.168081 0.370764
vt 0.181923 0.362352
vt 0.129071 0.275393
vt 0.195765 1.387560
vt 0.242758 1.253839
vt 0.234775 1.244139
vt 0.181923 1.377590
vt 0.181923 1.377590
vt 0.234775 1.244139
vt 0.242758 1.253839
vt 0.195765 1.387560
vt 0.362352 1.377590
vt 0.449311 1.244139
vt 0.454163 1.252440
vt 0.370764 1.385621
vt 0.370764 1.385621
vt 0.454163 1.252440
vt 0.449311 1.244139
vt 0.362352 1.377590
vt 0.242758 1.253839
vt 0.288185 1.080065
vt 0.287627 1.071006
vt 0.234775 1.244139
vt 0.234775 1.244139
vt 0.287627 1.071006
vt 0.288185 1.080065
vt 0.242758 1.253839
vt 0.449311 1.244139
vt 0.536270 1.071006
vt 0.536609 1.079948
vt 0.454163 1.252440
vt 0.454163 1.252440
vt 0.536609 1.079948
vt 0.536270 1.071006
vt 0.449311 1.244139
vt 0.014306 1.334912
vt 0.104069 1.408090
vt 0.107070 1.398944
vt 0.014516 1.325912
vt 0.014516 1.325912
vt 0.107070 1.398944
vt 0.104069 1.408090
vt 0.014306 1.334912
vt 0.014516 1.325912
vt 0.107070 1.398944
vt 0.110071 1.407799
vt 0.014726 1.334912
vt 0.014726 1.334912
vt 0.110071 1.407799
vt 0.107070 1.398944
vt 0.014516 1.325912
vt 0.009077 0.104069
vt 0.045063 0.194427
vt 0.028462 0.199624
vt -0.000511 0.107070
vt -0.000511 0.107070
vt 0.028462 0.199624
vt 0.045063 0.194427
vt 0.009077 0.104069
vt -0.000511 0.107070
vt 0.028462 0.199624
vt 0.011861 0.204821
vt -0.010099 0.110071
vt -0.010099 0.110071
vt 0.011861 0.204821
vt 0.028462 0.199624
vt -0.000511 0.107070
vt 0.045063 0.194427
vt 0.076595 0.286181
vt 0.057435 0.292178
vt 0.028462 0.199624
vt 0.028462 0.199624
vt 0.057435 0.292178
vt 0.076595 0.286181
vt 0.045063 0.194427
vt 0.028462 0.199624
vt 0.057435 0.292178
vt 0.038276 0.298176
vt 0.011861 0.204821
vt 0.011861 0.204821
vt 0.038276 0.298176
vt 0.057435 0.292178
vt 0.028462 0.199624
vt 0.076595 0.286181
vt 0.102989 0.379542
vt 0.086408 0.384733
vt 0.057435 0.292178
vt 0.057435 0.292178
vt 0.086408 0.384733
vt 0.102989 0.379542
vt 0.076595 0.286181
vt 0.057435 0.292178
vt 0.086408 0.384733
vt 0.069828 0.389923
vt 0.038276 0.298176
vt 0.038276 0.298176
vt 0.069828 0.389923
vt 0.086408 0.384733
vt 0.057435 0.292178
vt 0.102989 1.335179
vt 0.124945 1.194647
vt 0.115382 1.184918
vt 0.086408 1.325170
vt 0.086408 1.325170
vt 0.115382 1.184918
vt 0.124945 1.194647
vt 0.102989 1.335179
vt 0.086408 1.325170
vt 0.115382 1.184918
vt 0.105818 1.193190
vt 0.069828 1.333160
vt 0.069828 1.333160
vt 0.105818 1.193190
vt 0.115382 1.184918
vt 0.086408 1.325170
vt 0.124945 1.194647
vt 0.145023 1.013934
vt 0.144355 1.004873
vt 0.115382 1.184918
vt 0.115382 1.184918
vt 0.144355 1.004873
vt 0.145023 1.013934
vt 0.124945 1.194647
vt 0.477287 1.184918
vt 0.569841 1.004873
vt 0.570051 1.013811
vt 0.480281 1.193190
vt 0.480281 1.193190
vt 0.570051 1.013811
vt 0.569841 1.004873
vt 0.477287 1.184918
vt 0.014514 1.334912
vt 0.112074 1.440388
vt 0.112091 1.431117
vt 0.014516 1.325912
vt 0.014516 1.325912
vt 0.112091 1.431117
vt 0.112074 1.440388
vt 0.014514 1.334912
vt 0.014516 1.325912
vt 0.112091 1.431117
vt 0.112109 1.439847
vt 0.014517 1.334912
vt 0.014517 1.334912
vt 0.112109 1.439847
vt 0.112091 1.431117
vt 0.014516 1.325912
vt -0.019923 0.112074
vt -0.012896 0.209637
vt -0.029126 0.209667
vt -0.029305 0.112091
vt -0.029305 0.112091
vt -0.029126 0.209667
vt -0.012896 0.209637
vt -0.019923 0.112074
vt -0.029305 0.112091
vt -0.029126 0.209667
vt -0.045355 0.209697
vt -0.038687 0.112109
vt -0.038687 0.112109
vt -0.045355 0.209697
vt -0.029126 0.209667
vt -0.029305 0.112091
vt -0.012896 0.209637
vt -0.010245 0.307208
vt -0.028946 0.307243
vt -0.029126 0.209667
vt -0.029126 0.209667
vt -0.028946 0.307243
vt -0.010245 0.307208
vt -0.012896 0.209637
vt -0.029126 0.209667
vt -0.028946 0.307243
vt -0.047647 0.307277
vt -0.045355 0.209697
vt -0.045355 0.209697
vt -0.047647 0.307277
vt -0.028946 0.307243
vt -0.029126 0.209667
vt -0.010245 1.462364
vt -0.012619 1.346604
vt -0.028767 1.335731
vt -0.028946 1.451741
vt -0.028946 1.451741
vt -0.028767 1.335731
vt -0.012619 1.346604
vt -0.010245 1.462364
vt -0.028946 1.451741
vt -0.028767 1.335731
vt -0.044915 1.342858
vt -0.047647 1.459117
vt -0.047647 1.459117
vt -0.044915 1.342858
vt -0.028767 1.335731
vt -0.028946 1.451741
vt -0.012619 1.346604
vt -0.019300 1.151471
vt -0.028588 1.141121
vt -0.028767 1.335731
vt -0.028767 1.335731
vt -0.028588 1.141121
vt -0.019300 1.151471
vt -0.012619 1.346604
vt -0.028767 1.335731
vt -0.028588 1.141121
vt -0.037876 1.148771
vt -0.044915 1.342858
vt -0.044915 1.342858
vt -0.037876 1.148771
vt -0.028588 1.141121
vt -0.028767 1.335731
vt -0.019300 1.151471
vt -0.027761 0.900031
vt -0.028408 0.890917
vt -0.028588 1.141121
vt -0.028588 1.141121
vt -0.028408 0.890917
vt -0.027761 0.900031
vt -0.019300 1.151471
vt -0.028588 1.141121
vt -0.028408 0.890917
vt -0.029056 0.899804
vt -0.037876 1.148771
vt -0.037876 1.148771
vt -0.029056 0.899804
vt -0.028408 0.890917
vt -0.028588 1.141121
vt -0.028647 1.334912
vt -0.043905 1.420005
vt -0.055860 1.410807
vt -0.029484 1.325912
vt -0.029484 1.325912
vt -0.055860 1.410807
vt -0.043905 1.420005
vt -0.028647 1.334912
vt 0.014516 1.325912
vt 0.098141 1.410807
vt 0.094370 1.419608
vt 0.014252 1.334912
vt 0.014252 1.334912
vt 0.094370 1.419608
vt 0.098141 1.410807
vt 0.014516 1.325912
vt -0.043905 0.101911
vt -0.061536 0.188294
vt -0.082235 0.181765
vt -0.055860 0.098141
vt -0.055860 0.098141
vt -0.082235 0.181765
vt -0.061536 0.188294
vt -0.043905 0.101911
vt -0.055860 0.098141
vt -0.082235 0.181765
vt -0.102934 0.175237
vt -0.067815 0.094370
vt -0.067815 0.094370
vt -0.102934 0.175237
vt -0.082235 0.181765
vt -0.055860 0.098141
vt -0.061536 0.188294
vt -0.084724 0.272924
vt -0.108610 0.265390
vt -0.082235 0.181765
vt -0.082235 0.181765
vt -0.108610 0.265390
vt -0.084724 0.272924
vt -0.061536 0.188294
vt -0.082235 0.181765
vt -0.108610 0.265390
vt -0.132497 0.257857
vt -0.102934 0.175237
vt -0.102934 0.175237
vt -0.132497 0.257857
vt -0.108610 0.265390
vt -0.082235 0.181765
vt -0.084724 1.424609
vt -0.114318 1.317651
vt -0.134986 1.307276
vt -0.108610 1.414418
vt -0.108610 1.414418
vt -0.134986 1.307276
vt -0.114318 1.317651
vt -0.084724 1.424609
vt -0.108610 1.414418
vt -0.134986 1.307276
vt -0.155654 1.314902
vt -0.132497 1.422228
vt -0.132497 1.422228
vt -0.155654 1.314902
vt -0.134986 1.307276
vt -0.108610 1.414418
vt -0.114318 1.317651
vt -0.149442 1.142113
vt -0.161361 1.132122
vt -0.134986 1.307276
vt -0.134986 1.307276
vt -0.161361 1.132122
vt -0.149442 1.142113
vt -0.114318 1.317651
vt -0.134986 1.307276
vt -0.161361 1.132122
vt -0.173280 1.140130
vt -0.155654 1.314902
vt -0.155654 1.314902
vt -0.173280 1.140130
vt -0.161361 1.132122
vt -0.134986 1.307276
vt 0.436399 1.142113
vt 0.516528 0.916968
vt 0.516265 0.907885
vt 0.432640 1.132122
vt 0.432640 1.132122
vt 0.516265 0.907885
vt 0.516528 0.916968
vt 0.436399 1.142113
vt -0.161361 1.132122
vt -0.187736 0.907885
vt -0.188570 0.916801
vt -0.173280 1.140130
vt -0.173280 1.140130
vt -0.188570 0.916801
vt -0.187736 0.907885
vt -0.161361 1.132122
vt -0.028980 1.334912
vt -0.091236 1.418212
vt -0.098441 1.409288
vt -0.029484 1.325912
vt -0.029484 1.325912
vt -0.098441 1.409288
vt -0.091236 1.418212
vt -0.028980 1.334912
vt 0.014516 1.325912
vt 0.101910 1.409288
vt 0.096225 1.418365
vt 0.014118 1.334912
vt 0.014118 1.334912
vt 0.096225 1.418365
vt 0.101910 1.409288
vt 0.014516 1.325912
vt -0.091236 0.107595
vt -0.154920 0.199150
vt -0.167398 0.189304
vt -0.098441 0.101910
vt -0.098441 0.101910
vt -0.167398 0.189304
vt -0.154920 0.199150
vt -0.091236 0.107595
vt -0.098441 0.101910
vt -0.167398 0.189304
vt -0.179877 0.179458
vt -0.105647 0.096225
vt -0.105647 0.096225
vt -0.179877 0.179458
vt -0.167398 0.189304
vt -0.098441 0.101910
vt -0.154920 0.199150
vt -0.221949 0.288066
vt -0.236355 0.276698
vt -0.167398 0.189304
vt -0.167398 0.189304
vt -0.236355 0.276698
vt -0.221949 0.288066
vt -0.154920 0.199150
vt -0.167398 0.189304
vt -0.236355 0.276698
vt -0.250762 0.265331
vt -0.179877 0.179458
vt -0.179877 0.179458
vt -0.250762 0.265331
vt -0.236355 0.276698
vt -0.167398 0.189304
vt 0.288066 1.411613
vt 0.373935 1.296180
vt 0.364093 1.287712
vt 0.276698 1.403073
vt 0.276698 1.403073
vt 0.364093 1.287712
vt 0.373935 1.296180
vt 0.288066 1.411613
vt -0.236355 1.403073
vt -0.305312 1.287712
vt -0.317786 1.297244
vt -0.250762 1.412534
vt -0.250762 1.412534
vt -0.317786 1.297244
vt -0.305312 1.287712
vt -0.236355 1.403073
vt 0.373935 1.296180
vt 0.457167 1.110735
vt 0.451487 1.102118
vt 0.364093 1.287712
vt 0.364093 1.287712
vt 0.451487 1.102118
vt 0.457167 1.110735
vt 0.373935 1.296180
vt -0.305312 1.287712
vt -0.374269 1.102118
vt -0.381469 1.111502
vt -0.317786 1.297244
vt -0.317786 1.297244
vt -0.381469 1.111502
vt -0.374269 1.102118
vt -0.305312 1.287712
vt 0.457167 1.110735
vt 0.539278 0.874125
vt 0.538881 0.865157
vt 0.451487 1.102118
vt 0.451487 1.102118
vt 0.538881 0.865157
vt 0.539278 0.874125
vt 0.457167 1.110735
vt -0.374269 1.102118
vt -0.443226 0.865157
vt -0.443730 0.874189
vt -0.381469 1.111502
vt -0.381469 1.111502
vt -0.443730 0.874189
vt -0.443226 0.865157
vt -0.374269 1.102118
vt -0.029182 1.334912
vt -0.134160 1.447094
vt -0.138483 1.438063
vt -0.029484 1.325912
vt -0.029484 1.325912
vt -0.138483 1.438063
vt -0.134160 1.447094
vt -0.029182 1.334912
vt 0.014516 1.325912
vt 0.064660 1.438063
vt 0.055263 1.447033
vt 0.013858 1.334912
vt 0.013858 1.334912
vt 0.055263 1.447033
vt 0.064660 1.438063
vt 0.014516 1.325912
vt -0.134160 0.074058
vt -0.239994 0.131081
vt -0.247482 0.114805
vt -0.138483 0.064660
vt -0.138483 0.064660
vt -0.247482 0.114805
vt -0.239994 0.131081
vt -0.134160 0.074058
vt -0.138483 0.064660
vt -0.247482 0.114805
vt -0.254970 0.098528
vt -0.142806 0.055263
vt -0.142806 0.055263
vt -0.254970 0.098528
vt -0.247482 0.114805
vt -0.138483 0.064660
vt -0.239994 0.131081
vt -0.347834 0.183744
vt -0.356480 0.164950
vt -0.247482 0.114805
vt -0.247482 0.114805
vt -0.356480 0.164950
vt -0.347834 0.183744
vt -0.239994 0.131081
vt -0.247482 0.114805
vt -0.356480 0.164950
vt -0.365127 0.146155
vt -0.254970 0.098528
vt -0.254970 0.098528
vt -0.365127 0.146155
vt -0.356480 0.164950
vt -0.247482 0.114805
vt -0.347834 0.183744
vt -0.457992 0.231370
vt -0.465479 0.215094
vt -0.356480 0.164950
vt -0.356480 0.164950
vt -0.465479 0.215094
vt -0.457992 0.231370
vt -0.347834 0.183744
vt -0.356480 0.164950
vt -0.465479 0.215094
vt -0.472967 0.198818
vt -0.365127 0.146155
vt -0.365127 0.146155
vt -0.472967 0.198818
vt -0.465479 0.215094
vt -0.356480 0.164950
vt 0.231370 1.425929
vt 0.274635 1.273211
vt 0.265239 1.264060
vt 0.215094 1.416719
vt 0.215094 1.416719
vt 0.265239 1.264060
vt 0.274635 1.273211
vt 0.231370 1.425929
vt -0.465479 1.416719
vt -0.574478 1.264060
vt -0.578801 1.272909
vt -0.472967 1.425509
vt -0.472967 1.425509
vt -0.578801 1.272909
vt -0.574478 1.264060
vt -0.465479 1.416719
vt 0.274635 1.273211
vt 0.316041 1.073920
vt 0.315383 1.064907
vt 0.265239 1.264060
vt 0.265239 1.264060
vt 0.315383 1.064907
vt 0.316041 1.073920
vt 0.274635 1.273211
vt -0.574478 1.264060
vt -0.683477 1.064907
vt -0.683779 1.073894
vt -0.578801 1.272909
vt -0.578801 1.272909
vt -0.683779 1.073894
vt -0.683477 1.064907
vt -0.574478 1.264060
vt -0.029378 1.334912
vt -0.152771 1.411591
vt -0.154293 1.402949
vt -0.029484 1.325912
vt -0.029484 1.325912
vt -0.154293 1.402949
vt -0.152771 1.411591
vt -0.029378 1.334912
vt -0.029484 1.325912
vt -0.154293 1.402949
vt -0.155814 1.412307
vt -0.029591 1.334912
vt -0.029591 1.334912
vt -0.155814 1.412307
vt -0.154293 1.402949
vt -0.029484 1.325912
vt -0.152771 0.042912
vt -0.276470 0.068390
vt -0.279101 0.049746
vt -0.154293 0.032131
vt -0.154293 0.032131
vt -0.279101 0.049746
vt -0.276470 0.068390
vt -0.152771 0.042912
vt -0.154293 0.032131
vt -0.279101 0.049746
vt -0.281733 0.031103
vt -0.155814 0.021350
vt -0.155814 0.021350
vt -0.281733 0.031103
vt -0.279101 0.049746
vt -0.154293 0.032131
vt -0.276470 0.068390
vt -0.400880 0.088831
vt -0.403910 0.067361
vt -0.279101 0.049746
vt -0.279101 0.049746
vt -0.403910 0.067361
vt -0.400880 0.088831
vt -0.276470 0.068390
vt -0.279101 0.049746
vt -0.403910 0.067361
vt -0.406940 0.045892
vt -0.281733 0.031103
vt -0.281733 0.031103
vt -0.406940 0.045892
vt -0.403910 0.067361
vt -0.279101 0.049746
vt -0.400880 0.088831
vt -0.526104 0.103499
vt -0.528719 0.084977
vt -0.403910 0.067361
vt -0.403910 0.067361
vt -0.528719 0.084977
vt -0.526104 0.103499
vt -0.400880 0.088831
vt -0.403910 0.067361
vt -0.528719 0.084977
vt -0.531333 0.066454
vt -0.406940 0.045892
vt -0.406940 0.045892
vt -0.531333 0.066454
vt -0.528719 0.084977
vt -0.403910 0.067361
vt 0.103499 1.316361
vt 0.113234 1.158679
vt 0.102592 1.151463
vt 0.084977 1.309836
vt 0.084977 1.309836
vt 0.102592 1.151463
vt 0.113234 1.158679
vt 0.103499 1.316361
vt 0.084977 1.309836
vt 0.102592 1.151463
vt 0.091950 1.162246
vt 0.066454 1.321311
vt 0.066454 1.321311
vt 0.091950 1.162246
vt 0.102592 1.151463
vt 0.084977 1.309836
vt 0.113234 1.158679
vt 0.120948 0.957533
vt 0.120207 0.948682
vt 0.102592 1.151463
vt 0.102592 1.151463
vt 0.120207 0.948682
vt 0.120948 0.957533
vt 0.113234 1.158679
vt -0.653527 1.151463
vt -0.778336 0.948682
vt -0.778440 0.957832
vt -0.655029 1.162246
vt -0.655029 1.162246
vt -0.778440 0.957832
vt -0.778336 0.948682
vt -0.653527 1.151463
vt -0.029577 1.334912
vt -0.156721 1.383138
vt -0.155404 1.374600
vt -0.029484 1.325912
vt -0.029484 1.325912
vt -0.155404 1.374600
vt -0.156721 1.383138
vt -0.029577 1.334912
vt -0.029484 1.325912
vt -0.155404 1.374600
vt -0.154086 1.384063
vt -0.029392 1.334912
vt -0.029392 1.334912
vt -0.154086 1.384063
vt -0.155404 1.374600
vt -0.029484 1.325912
vt -0.156721 0.015135
vt -0.283601 0.012176
vt -0.281323 -0.010638
vt -0.155404 0.001939
vt -0.155404 0.001939
vt -0.281323 -0.010638
vt -0.283601 0.012176
vt -0.156721 0.015135
vt -0.155404 0.001939
vt -0.281323 -0.010638
vt -0.279044 -0.033451
vt -0.154086 -0.011257
vt -0.154086 -0.011257
vt -0.279044 -0.033451
vt -0.281323 -0.010638
vt -0.155404 0.001939
vt -0.283601 0.012176
vt -0.409865 0.003048
vt -0.407242 -0.023214
vt -0.281323 -0.010638
vt -0.281323 -0.010638
vt -0.407242 -0.023214
vt -0.409865 0.003048
vt -0.283601 0.012176
vt -0.281323 -0.010638
vt -0.407242 -0.023214
vt -0.404619 -0.049477
vt -0.279044 -0.033451
vt -0.279044 -0.033451
vt -0.404619 -0.049477
vt -0.407242 -0.023214
vt -0.281323 -0.010638
vt -0.409865 0.003048
vt -0.535423 -0.013144
vt -0.533161 -0.035791
vt -0.407242 -0.023214
vt -0.407242 -0.023214
vt -0.533161 -0.035791
vt -0.535423 -0.013144
vt -0.409865 0.003048
vt -0.407242 -0.023214
vt -0.533161 -0.035791
vt -0.530899 -0.058438
vt -0.404619 -0.049477
vt -0.404619 -0.049477
vt -0.530899 -0.058438
vt -0.533161 -0.035791
vt -0.407242 -0.023214
vt -0.013144 1.255908
vt -0.035364 1.111930
vt -0.048368 1.105232
vt -0.035791 1.250104
vt -0.035791 1.250104
vt -0.048368 1.105232
vt -0.035364 1.111930
vt -0.013144 1.255908
vt -0.035791 1.250104
vt -0.048368 1.105232
vt -0.061371 1.116535
vt -0.058438 1.262300
vt -0.058438 1.262300
vt -0.061371 1.116535
vt -0.048368 1.105232
vt -0.035791 1.250104
vt -0.035364 1.111930
vt -0.060040 0.930667
vt -0.060944 0.921860
vt -0.048368 1.105232
vt -0.048368 1.105232
vt -0.060944 0.921860
vt -0.060040 0.930667
vt -0.035364 1.111930
vt -0.048368 1.105232
vt -0.060944 0.921860
vt -0.061849 0.931053
vt -0.061371 1.116535
vt -0.061371 1.116535
vt -0.061849 0.931053
vt -0.060944 0.921860
vt -0.048368 1.105232
vt 0.015277 1.334912
vt -0.035389 1.400369
vt -0.046262 1.391600
vt 0.014516 1.325912
vt 0.014516 1.325912
vt -0.046262 1.391600
vt -0.035389 1.400369
vt 0.015277 1.334912
vt -0.029484 1.325912
vt -0.121273 1.391600
vt -0.114073 1.400832
vt -0.028980 1.334912
vt -0.028980 1.334912
vt -0.114073 1.400832
vt -0.121273 1.391600
vt -0.029484 1.325912
vt -0.128472 -0.035389
vt -0.225524 -0.088217
vt -0.213061 -0.107039
vt -0.121273 -0.046262
vt -0.121273 -0.046262
vt -0.213061 -0.107039
vt -0.225524 -0.088217
vt -0.128472 -0.035389
vt -0.121273 -0.046262
vt -0.213061 -0.107039
vt -0.200598 -0.125862
vt -0.114073 -0.057134
vt -0.114073 -0.057134
vt -0.200598 -0.125862
vt -0.213061 -0.107039
vt -0.121273 -0.046262
vt -0.225524 -0.088217
vt -0.319229 -0.146100
vt -0.304849 -0.167817
vt -0.213061 -0.107039
vt -0.213061 -0.107039
vt -0.304849 -0.167817
vt -0.319229 -0.146100
vt -0.225524 -0.088217
vt -0.213061 -0.107039
vt -0.304849 -0.167817
vt -0.290469 -0.189534
vt -0.200598 -0.125862
vt -0.200598 -0.125862
vt -0.290469 -0.189534
vt -0.304849 -0.167817
vt -0.213061 -0.107039
vt -0.319229 -0.146100
vt -0.409077 -0.209807
vt -0.396638 -0.228594
vt -0.304849 -0.167817
vt -0.304849 -0.167817
vt -0.396638 -0.228594
vt -0.409077 -0.209807
vt -0.319229 -0.146100
vt -0.304849 -0.167817
vt -0.396638 -0.228594
vt -0.384198 -0.247381
vt -0.290469 -0.189534
vt -0.290469 -0.189534
vt -0.384198 -0.247381
vt -0.396638 -0.228594
vt -0.304849 -0.167817
vt -0.409077 1.312362
vt -0.495598 1.172827
vt -0.488426 1.164983
vt -0.396638 1.304964
vt -0.396638 1.304964
vt -0.488426 1.164983
vt -0.495598 1.172827
vt -0.409077 1.312362
vt -0.228594 1.304964
vt -0.289372 1.164983
vt -0.300203 1.175139
vt -0.247381 1.315566
vt -0.247381 1.315566
vt -0.300203 1.175139
vt -0.289372 1.164983
vt -0.228594 1.304964
vt -0.495598 1.172827
vt -0.580715 0.994889
vt -0.580214 0.985986
vt -0.488426 1.164983
vt -0.488426 1.164983
vt -0.580214 0.985986
vt -0.580715 0.994889
vt -0.495598 1.172827
vt -0.289372 1.164983
vt -0.350149 0.985986
vt -0.350906 0.995083
vt -0.300203 1.175139
vt -0.300203 1.175139
vt -0.350906 0.995083
vt -0.350149 0.985986
vt -0.289372 1.164983
vt 0.014902 1.334912
vt -0.046410 1.383024
vt -0.051931 1.373772
vt 0.014516 1.325912
vt 0.014516 1.325912
vt -0.051931 1.373772
vt -0.046410 1.383024
vt 0.014902 1.334912
vt -0.029484 1.325912
vt -0.090351 1.373772
vt -0.084323 1.382520
vt -0.029062 1.334912
vt -0.029062 1.334912
vt -0.084323 1.382520
vt -0.090351 1.373772
vt -0.029484 1.325912
vt -0.096378 -0.046410
vt -0.161643 -0.108828
vt -0.151217 -0.118378
vt -0.090351 -0.051931
vt -0.090351 -0.051931
vt -0.151217 -0.118378
vt -0.161643 -0.108828
vt -0.096378 -0.046410
vt -0.090351 -0.051931
vt -0.151217 -0.118378
vt -0.140792 -0.127928
vt -0.084323 -0.057453
vt -0.084323 -0.057453
vt -0.140792 -0.127928
vt -0.151217 -0.118378
vt -0.090351 -0.051931
vt -0.161643 -0.108828
vt -0.224093 -0.173824
vt -0.212083 -0.184825
vt -0.151217 -0.118378
vt -0.151217 -0.118378
vt -0.212083 -0.184825
vt -0.224093 -0.173824
vt -0.161643 -0.108828
vt -0.151217 -0.118378
vt -0.212083 -0.184825
vt -0.200074 -0.195826
vt -0.140792 -0.127928
vt -0.140792 -0.127928
vt -0.200074 -0.195826
vt -0.212083 -0.184825
vt -0.151217 -0.118378
vt -0.224093 1.346909
vt -0.283316 1.245821
vt -0.272950 1.235080
vt -0.212083 1.336400
vt -0.212083 1.336400
vt -0.272950 1.235080
vt -0.283316 1.245821
vt -0.224093 1.346909
vt -0.184825 1.336400
vt -0.251272 1.235080
vt -0.260768 1.242339
vt -0.195826 1.343890
vt -0.195826 1.343890
vt -0.260768 1.242339
vt -0.251272 1.235080
vt -0.184825 1.336400
vt -0.283316 1.245821
vt -0.339775 1.091800
vt -0.333816 1.081545
vt -0.272950 1.235080
vt -0.272950 1.235080
vt -0.333816 1.081545
vt -0.339775 1.091800
vt -0.283316 1.245821
vt -0.251272 1.235080
vt -0.317719 1.081545
vt -0.323178 1.089290
vt -0.260768 1.242339
vt -0.260768 1.242339
vt -0.323178 1.089290
vt -0.317719 1.081545
vt -0.251272 1.235080
vt -0.339775 1.091800
vt -0.395098 0.896676
vt -0.394683 0.887571
vt -0.333816 1.081545
vt -0.333816 1.081545
vt -0.394683 0.887571
vt -0.395098 0.896676
vt -0.339775 1.091800
vt -0.317719 1.081545
vt -0.384166 0.887571
vt -0.384547 0.896466
vt -0.323178 1.089290
vt -0.323178 1.089290
vt -0.384547 0.896466
vt -0.384166 0.887571
vt -0.317719 1.081545
vt 0.014746 1.334912
vt -0.058148 1.436508
vt -0.061444 1.427673
vt 0.014516 1.325912
vt 0.014516 1.325912
vt -0.061444 1.427673
vt -0.058148 1.436508
vt 0.014746 1.334912
vt -0.029484 1.325912
vt -0.060207 1.427673
vt -0.052059 1.436837
vt -0.028914 1.334912
vt -0.028914 1.334912
vt -0.052059 1.436837
vt -0.060207 1.427673
vt -0.029484 1.325912
vt -0.068355 -0.058148
vt -0.105036 -0.131698
vt -0.090931 -0.137403
vt -0.060207 -0.061444
vt -0.060207 -0.061444
vt -0.090931 -0.137403
vt -0.105036 -0.131698
vt -0.068355 -0.058148
vt -0.060207 -0.061444
vt -0.090931 -0.137403
vt -0.076825 -0.143108
vt -0.052059 -0.064739
vt -0.052059 -0.064739
vt -0.076825 -0.143108
vt -0.090931 -0.137403
vt -0.060207 -0.061444
vt -0.105036 -0.131698
vt -0.137927 -0.206780
vt -0.121654 -0.213362
vt -0.090931 -0.137403
vt -0.090931 -0.137403
vt -0.121654 -0.213362
vt -0.137927 -0.206780
vt -0.105036 -0.131698
vt -0.090931 -0.137403
vt -0.121654 -0.213362
vt -0.105381 -0.219944
vt -0.076825 -0.143108
vt -0.076825 -0.143108
vt -0.105381 -0.219944
vt -0.121654 -0.213362
vt -0.090931 -0.137403
vt -0.137927 1.479033
vt -0.166453 1.390963
vt -0.152377 1.383101
vt -0.121654 1.471019
vt -0.121654 1.471019
vt -0.152377 1.383101
vt -0.166453 1.390963
vt -0.137927 1.479033
vt -0.121654 -0.213362
vt -0.152377 -0.289321
vt -0.138301 -0.295014
vt -0.105381 -0.219944
vt -0.105381 -0.219944
vt -0.138301 -0.295014
vt -0.152377 -0.289321
vt -0.121654 -0.213362
vt -0.166453 1.390963
vt -0.191214 1.235572
vt -0.183100 1.227393
vt -0.152377 1.383101
vt -0.152377 1.383101
vt -0.183100 1.227393
vt -0.191214 1.235572
vt -0.166453 1.390963
vt -0.289321 1.383101
vt -0.365280 1.227393
vt -0.368562 1.237215
vt -0.295014 1.393240
vt -0.295014 1.393240
vt -0.368562 1.237215
vt -0.365280 1.227393
vt -0.289321 1.383101
vt -0.191214 1.235572
vt -0.214390 1.034424
vt -0.213823 1.025493
vt -0.183100 1.227393
vt -0.183100 1.227393
vt -0.213823 1.025493
vt -0.214390 1.034424
vt -0.191214 1.235572
vt -0.365280 1.227393
vt -0.441240 1.025493
vt -0.441469 1.034562
vt -0.368562 1.237215
vt -0.368562 1.237215
vt -0.441469 1.034562
vt -0.441240 1.025493
vt -0.365280 1.227393
vt 0.014506 1.334912
vt -0.084743 1.422118
vt -0.084605 1.412997
vt 0.014516 1.325912
vt 0.014516 1.325912
vt -0.084605 1.412997
vt -0.084743 1.422118
vt 0.014506 1.334912
vt 0.014516 1.325912
vt -0.084605 1.412997
vt -0.084467 1.421877
vt 0.014525 1.334912
vt 0.014525 1.334912
vt -0.084467 1.421877
vt -0.084605 1.412997
vt 0.014516 1.325912
vt -0.039604 -0.084743
vt -0.046686 -0.183965
vt -0.027069 -0.183726
vt -0.028277 -0.084605
vt -0.028277 -0.084605
vt -0.027069 -0.183726
vt -0.046686 -0.183965
vt -0.039604 -0.084743
vt -0.028277 -0.084605
vt -0.027069 -0.183726
vt -0.007453 -0.183487
vt -0.016949 -0.084467
vt -0.016949 -0.084467
vt -0.007453 -0.183487
vt -0.027069 -0.183726
vt -0.028277 -0.084605
vt -0.046686 -0.183965
vt -0.048507 -0.283123
vt -0.025862 -0.282847
vt -0.027069 -0.183726
vt -0.027069 -0.183726
vt -0.025862 -0.282847
vt -0.048507 -0.283123
vt -0.046686 -0.183965
vt -0.027069 -0.183726
vt -0.025862 -0.282847
vt -0.003217 -0.282571
vt -0.007453 -0.183487
vt -0.007453 -0.183487
vt -0.003217 -0.282571
vt -0.025862 -0.282847
vt -0.027069 -0.183726
vt -0.048507 1.423812
vt -0.044258 1.311303
vt -0.024654 1.301468
vt -0.025862 1.414088
vt -0.025862 1.414088
vt -0.024654 1.301468
vt -0.044258 1.311303
vt -0.048507 1.423812
vt -0.025862 1.414088
vt -0.024654 1.301468
vt -0.005051 1.309633
vt -0.003217 1.422365
vt -0.003217 1.422365
vt -0.005051 1.309633
vt -0.024654 1.301468
vt -0.025862 1.414088
vt -0.044258 1.311303
vt -0.034759 1.127763
vt -0.023447 1.118160
vt -0.024654 1.301468
vt -0.024654 1.301468
vt -0.023447 1.118160
vt -0.034759 1.127763
vt -0.044258 1.311303
vt -0.024654 1.301468
vt -0.023447 1.118160
vt -0.012135 1.126558
vt -0.005051 1.309633
vt -0.005051 1.309633
vt -0.012135 1.126558
vt -0.023447 1.118160
vt -0.024654 1.301468
vt -0.034759 1.127763
vt -0.023031 0.892707
vt -0.022239 0.883657
vt -0.023447 1.118160
vt -0.023447 1.118160
vt -0.022239 0.883657
vt -0.023031 0.892707
vt -0.034759 1.127763
vt -0.023447 1.118160
vt -0.022239 0.883657
vt -0.021448 0.892606
vt -0.012135 1.126558
vt -0.012135 1.126558
vt -0.021448 0.892606
vt -0.022239 0.883657
vt -0.023447 1.118160
vt 0.014433 1.334912
vt -0.083679 1.403268
vt -0.082500 1.393998
vt 0.014516 1.325912
vt 0.014516 1.325912
vt -0.082500 1.393998
vt -0.083679 1.403268
vt 0.014433 1.334912
vt 0.014516 1.325912
vt -0.082500 1.393998
vt -0.081322 1.402729
vt 0.014598 1.334912
vt 0.014598 1.334912
vt -0.081322 1.402729
vt -0.082500 1.393998
vt 0.014516 1.325912
vt -0.023383 -0.083679
vt -0.015097 -0.181555
vt -0.001142 -0.179517
vt -0.015313 -0.082500
vt -0.015313 -0.082500
vt -0.001142 -0.179517
vt -0.015097 -0.181555
vt -0.023383 -0.083679
vt -0.015313 -0.082500
vt -0.001142 -0.179517
vt 0.012813 -0.177478
vt -0.007243 -0.081322
vt -0.007243 -0.081322
vt 0.012813 -0.177478
vt -0.001142 -0.179517
vt -0.015313 -0.082500
vt -0.015097 -0.181555
vt -0.003040 -0.278880
vt 0.013030 -0.276533
vt -0.001142 -0.179517
vt -0.001142 -0.179517
vt 0.013030 -0.276533
vt -0.003040 -0.278880
vt -0.015097 -0.181555
vt -0.001142 -0.179517
vt 0.013030 -0.276533
vt 0.029100 -0.274185
vt 0.012813 -0.177478
vt 0.012813 -0.177478
vt 0.029100 -0.274185
vt 0.013030 -0.276533
vt -0.001142 -0.179517
vt -0.003040 -0.278880
vt 0.013337 -0.375574
vt 0.027201 -0.373549
vt 0.013030 -0.276533
vt 0.013030 -0.276533
vt 0.027201 -0.373549
vt 0.013337 -0.375574
vt -0.003040 -0.278880
vt 0.013030 -0.276533
vt 0.027201 -0.373549
vt 0.041065 -0.371524
vt 0.029100 -0.274185
vt 0.029100 -0.274185
vt 0.041065 -0.371524
vt 0.027201 -0.373549
vt 0.013030 -0.276533
vt 0.013337 1.318924
vt 0.033407 1.175948
vt 0.041372 1.165608
vt 0.027201 1.308064
vt 0.027201 1.308064
vt 0.041372 1.165608
vt 0.033407 1.175948
vt 0.013337 1.318924
vt 0.027201 1.308064
vt 0.041372 1.165608
vt 0.049337 1.173268
vt 0.041065 1.315203
vt 0.041065 1.315203
vt 0.049337 1.173268
vt 0.041372 1.165608
vt 0.027201 1.308064
vt -0.471728 1.175948
vt -0.567662 0.992439
vt -0.567581 0.983326
vt -0.470565 1.165608
vt -0.470565 1.165608
vt -0.567581 0.983326
vt -0.567662 0.992439
vt -0.471728 1.175948
vt 0.041372 1.165608
vt 0.055544 0.983326
vt 0.056098 0.992214
vt 0.049337 1.173268
vt 0.049337 1.173268
vt 0.056098 0.992214
vt 0.055544 0.983326
vt 0.041372 1.165608
vt -0.030108 1.334912
vt 0.019650 1.391975
vt 0.028559 1.383080
vt -0.029484 1.325912
vt -0.029484 1.325912
vt 0.028559 1.383080
vt 0.019650 1.391975
vt -0.030108 1.334912
vt 0.014516 1.325912
vt -0.073003 1.383080
vt -0.067094 1.392185
vt 0.014929 1.334912
vt 0.014929 1.334912
vt -0.067094 1.392185
vt -0.073003 1.383080
vt 0.014516 1.325912
vt 0.019650 -0.078911
vt 0.071175 -0.170753
vt 0.086602 -0.160521
vt 0.028559 -0.073003
vt 0.028559 -0.073003
vt 0.086602 -0.160521
vt 0.071175 -0.170753
vt 0.019650 -0.078911
vt 0.028559 -0.073003
vt 0.086602 -0.160521
vt 0.102030 -0.150289
vt 0.037468 -0.067094
vt 0.037468 -0.067094
vt 0.102030 -0.150289
vt 0.086602 -0.160521
vt 0.028559 -0.073003
vt 0.071175 -0.170753
vt 0.126835 -0.259851
vt 0.144646 -0.248039
vt 0.086602 -0.160521
vt 0.086602 -0.160521
vt 0.144646 -0.248039
vt 0.126835 -0.259851
vt 0.071175 -0.170753
vt 0.086602 -0.160521
vt 0.144646 -0.248039
vt 0.162456 -0.236227
vt 0.102030 -0.150289
vt 0.102030 -0.150289
vt 0.162456 -0.236227
vt 0.144646 -0.248039
vt 0.086602 -0.160521
vt 0.126835 -0.259851
vt 0.187270 -0.345783
vt 0.202689 -0.335557
vt 0.144646 -0.248039
vt 0.144646 -0.248039
vt 0.202689 -0.335557
vt 0.187270 -0.345783
vt 0.126835 -0.259851
vt 0.144646 1.361108
vt 0.202689 1.263620
vt 0.218108 1.273347
vt 0.162456 1.370738
vt 0.162456 1.370738
vt 0.218108 1.273347
vt 0.202689 1.263620
vt 0.144646 1.361108
vt -0.345783 1.271892
vt -0.428977 1.120216
vt -0.423075 1.111741
vt -0.335557 1.263620
vt -0.335557 1.263620
vt -0.423075 1.111741
vt -0.428977 1.120216
vt -0.345783 1.271892
vt 0.202689 1.263620
vt 0.260732 1.111741
vt 0.269630 1.121266
vt 0.218108 1.273347
vt 0.218108 1.273347
vt 0.269630 1.121266
vt 0.260732 1.111741
vt 0.202689 1.263620
vt -0.428977 1.120216
vt -0.511006 0.927860
vt -0.510593 0.918904
vt -0.423075 1.111741
vt -0.423075 1.111741
vt -0.510593 0.918904
vt -0.511006 0.927860
vt -0.428977 1.120216
vt 0.260732 1.111741
vt 0.318775 0.918904
vt 0.319398 0.927948
vt 0.269630 1.121266
vt 0.269630 1.121266
vt 0.319398 0.927948
vt 0.318775 0.918904
vt 0.260732 1.111741
vt -0.030032 1.334912
vt 0.046095 1.391826
vt 0.053917 1.383074
vt -0.029484 1.325912
vt -0.029484 1.325912
vt 0.053917 1.383074
vt 0.046095 1.391826
vt -0.030032 1.334912
vt 0.014516 1.325912
vt -0.046696 1.383074
vt -0.036040 1.392321
vt 0.015262 1.334912
vt 0.015262 1.334912
vt -0.036040 1.392321
vt -0.046696 1.383074
vt 0.014516 1.325912
vt 0.046095 -0.057353
vt 0.123778 -0.126356
vt 0.137317 -0.107908
vt 0.053917 -0.046696
vt 0.053917 -0.046696
vt 0.137317 -0.107908
vt 0.123778 -0.126356
vt 0.046095 -0.057353
vt 0.053917 -0.046696
vt 0.137317 -0.107908
vt 0.150857 -0.089460
vt 0.061738 -0.036040
vt 0.061738 -0.036040
vt 0.150857 -0.089460
vt 0.137317 -0.107908
vt 0.053917 -0.046696
vt 0.123778 -0.126356
vt 0.205097 -0.190403
vt 0.220718 -0.169120
vt 0.137317 -0.107908
vt 0.137317 -0.107908
vt 0.220718 -0.169120
vt 0.205097 -0.190403
vt 0.123778 -0.126356
vt 0.137317 -0.107908
vt 0.220718 -0.169120
vt 0.236339 -0.147837
vt 0.150857 -0.089460
vt 0.150857 -0.089460
vt 0.236339 -0.147837
vt 0.220718 -0.169120
vt 0.137317 -0.107908
vt 0.205097 -0.190403
vt 0.290608 -0.248741
vt 0.304119 -0.230332
vt 0.220718 -0.169120
vt 0.220718 -0.169120
vt 0.304119 -0.230332
vt 0.290608 -0.248741
vt 0.205097 -0.190403
vt 0.220718 -0.169120
vt 0.304119 -0.230332
vt 0.317630 -0.211923
vt 0.236339 -0.147837
vt 0.236339 -0.147837
vt 0.317630 -0.211923
vt 0.304119 -0.230332
vt 0.220718 -0.169120
vt -0.248741 1.264820
vt -0.302156 1.109278
vt -0.291544 1.101513
vt -0.230332 1.257531
vt -0.230332 1.257531
vt -0.291544 1.101513
vt -0.302156 1.109278
vt -0.248741 1.264820
vt 0.304119 1.257531
vt 0.387520 1.101513
vt 0.395308 1.111747
vt 0.317630 1.268243
vt 0.317630 1.268243
vt 0.395308 1.111747
vt 0.387520 1.101513
vt 0.304119 1.257531
vt -0.302156 1.109278
vt -0.353497 0.912467
vt -0.352756 0.903571
vt -0.291544 1.101513
vt -0.291544 1.101513
vt -0.352756 0.903571
vt -0.353497 0.912467
vt -0.302156 1.109278
vt 0.387520 1.101513
vt 0.470921 0.903571
vt 0.471465 0.912675
vt 0.395308 1.111747
vt 0.395308 1.111747
vt 0.471465 0.912675
vt 0.470921 0.903571
vt 0.387520 1.101513
vt -0.029756 1.334912
vt 0.044614 1.433324
vt 0.048502 1.424453
vt -0.029484 1.325912
vt -0.029484 1.325912
vt 0.048502 1.424453
vt 0.044614 1.433324
vt -0.029756 1.334912
vt 0.014516 1.325912
vt -0.011970 1.424453
vt -0.000523 1.433583
vt 0.015317 1.334912
vt 0.015317 1.334912
vt -0.000523 1.433583
vt -0.011970 1.424453
vt 0.014516 1.325912
vt 0.044614 -0.023417
vt 0.119755 -0.058280
vt 0.126488 -0.038457
vt 0.048502 -0.011970
vt 0.048502 -0.011970
vt 0.126488 -0.038457
vt 0.119755 -0.058280
vt 0.044614 -0.023417
vt 0.048502 -0.011970
vt 0.126488 -0.038457
vt 0.133220 -0.018633
vt 0.052389 -0.000523
vt 0.052389 -0.000523
vt 0.133220 -0.018633
vt 0.126488 -0.038457
vt 0.048502 -0.011970
vt 0.119755 -0.058280
vt 0.196702 -0.087826
vt 0.204474 -0.064943
vt 0.126488 -0.038457
vt 0.126488 -0.038457
vt 0.204474 -0.064943
vt 0.196702 -0.087826
vt 0.119755 -0.058280
vt 0.126488 -0.038457
vt 0.204474 -0.064943
vt 0.212246 -0.042059
vt 0.133220 -0.018633
vt 0.133220 -0.018633
vt 0.212246 -0.042059
vt 0.204474 -0.064943
vt 0.126488 -0.038457
vt -0.087826 1.480213
vt -0.111239 1.400730
vt -0.091429 1.392625
vt -0.064943 1.471988
vt -0.064943 1.471988
vt -0.091429 1.392625
vt -0.111239 1.400730
vt -0.087826 1.480213
vt 0.204474 -0.064943
vt 0.282460 -0.091429
vt 0.289188 -0.071619
vt 0.212246 -0.042059
vt 0.212246 -0.042059
vt 0.289188 -0.071619
vt 0.282460 -0.091429
vt 0.204474 -0.064943
vt -0.111239 1.400730
vt -0.129346 1.257928
vt -0.117915 1.249574
vt -0.091429 1.392625
vt -0.091429 1.392625
vt -0.117915 1.249574
vt -0.129346 1.257928
vt -0.111239 1.400730
vt -0.091429 1.392625
vt -0.117915 1.249574
vt -0.106484 1.259220
vt -0.071619 1.402521
vt -0.071619 1.402521
vt -0.106484 1.259220
vt -0.117915 1.249574
vt -0.091429 1.392625
vt -0.129346 1.257928
vt -0.145201 1.072539
vt -0.144401 1.063593
vt -0.117915 1.249574
vt -0.117915 1.249574
vt -0.144401 1.063593
vt -0.145201 1.072539
vt -0.129346 1.257928
vt 0.360446 1.249574
vt 0.438432 1.063593
vt 0.438703 1.072647
vt 0.364328 1.259220
vt 0.364328 1.259220
vt 0.438703 1.072647
vt 0.438432 1.063593
vt 0.360446 1.249574
usemtl M_Dracaena_Cane
s 1
f 10/1 9/2 8/3 7/4 6/5 5/6 4/7 3/8 2/9 1/10
f 11/11 12/12 13/13 14/14 15/15 16/16 17/17 18/18 19/19 20/20
f 1/21 2/22 12/23 11/24
f 2/25 3/26 13/27 12/28
f 3/29 4/30 14/31 13/32
f 4/33 5/34 15/35 14/36
f 5/37 6/38 16/39 15/40
f 6/41 7/42 17/43 16/44
f 7/45 8/46 18/47 17/48
f 8/49 9/50 19/51 18/52
f 9/53 10/54 20/55 19/56
f 10/57 1/58 11/59 20/60
usemtl M_Dracaena_LeafScar
s 1
f 30/61 29/62 28/63 27/64 26/65 25/66 24/67 23/68 22/69 21/70
f 31/71 32/72 33/73 34/74 35/75 36/76 37/77 38/78 39/79 40/80
f 21/81 22/82 32/83 31/84
f 22/85 23/86 33/87 32/88
f 23/89 24/90 34/91 33/92
f 24/93 25/94 35/95 34/96
f 25/97 26/98 36/99 35/100
f 26/101 27/102 37/103 36/104
f 27/105 28/106 38/107 37/108
f 28/109 29/110 39/111 38/112
f 29/113 30/114 40/115 39/116
f 30/117 21/118 31/119 40/120
f 50/121 49/122 48/123 47/124 46/125 45/126 44/127 43/128 42/129 41/130
f 51/131 52/132 53/133 54/134 55/135 56/136 57/137 58/138 59/139 60/140
f 41/141 42/142 52/143 51/144
f 42/145 43/146 53/147 52/148
f 43/149 44/150 54/151 53/152
f 44/153 45/154 55/155 54/156
f 45/157 46/158 56/159 55/160
f 46/161 47/162 57/163 56/164
f 47/165 48/166 58/167 57/168
f 48/169 49/170 59/171 58/172
f 49/173 50/174 60/175 59/176
f 50/177 41/178 51/179 60/180
f 70/181 69/182 68/183 67/184 66/185 65/186 64/187 63/188 62/189 61/190
f 71/191 72/192 73/193 74/194 75/195 76/196 77/197 78/198 79/199 80/200
f 61/201 62/202 72/203 71/204
f 62/205 63/206 73/207 72/208
f 63/209 64/210 74/211 73/212
f 64/213 65/214 75/215 74/216
f 65/217 66/218 76/219 75/220
f 66/221 67/222 77/223 76/224
f 67/225 68/226 78/227 77/228
f 68/229 69/230 79/231 78/232
f 69/233 70/234 80/235 79/236
f 70/237 61/238 71/239 80/240
f 90/241 89/242 88/243 87/244 86/245 85/246 84/247 83/248 82/249 81/250
f 91/251 92/252 93/253 94/254 95/255 96/256 97/257 98/258 99/259 100/260
f 81/261 82/262 92/263 91/264
f 82/265 83/266 93/267 92/268
f 83/269 84/270 94/271 93/272
f 84/273 85/274 95/275 94/276
f 85/277 86/278 96/279 95/280
f 86/281 87/282 97/283 96/284
f 87/285 88/286 98/287 97/288
f 88/289 89/290 99/291 98/292
f 89/293 90/294 100/295 99/296
f 90/297 81/298 91/299 100/300
usemtl M_Dracaena_Leaf
s 1
f 101/301 104/302 105/303 102/304
f 102/305 105/306 104/307 101/308
f 102/309 105/310 106/311 103/312
f 103/313 106/314 105/315 102/316
f 104/317 107/318 108/319 105/320
f 105/321 108/322 107/323 104/324
f 105/325 108/326 109/327 106/328
f 106/329 109/330 108/331 105/332
f 107/333 110/334 111/335 108/336
f 108/337 111/338 110/339 107/340
f 108/341 111/342 112/343 109/344
f 109/345 112/346 111/347 108/348
f 110/349 113/350 114/351 111/352
f 111/353 114/354 113/355 110/356
f 111/357 114/358 115/359 112/360
f 112/361 115/362 114/363 111/364
f 113/365 116/366 117/367 114/368
f 114/369 117/370 116/371 113/372
f 114/373 117/374 118/375 115/376
f 115/377 118/378 117/379 114/380
f 116/381 119/382 120/383 117/384
f 117/385 120/386 119/387 116/388
f 117/389 120/390 121/391 118/392
f 118/393 121/394 120/395 117/396
f 122/397 125/398 126/399 123/400
f 123/401 126/402 125/403 122/404
f 123/405 126/406 127/407 124/408
f 124/409 127/410 126/411 123/412
f 125/413 128/414 129/415 126/416
f 126/417 129/418 128/419 125/420
f 126/421 129/422 130/423 127/424
f 127/425 130/426 129/427 126/428
f 128/429 131/430 132/431 129/432
f 129/433 132/434 131/435 128/436
f 129/437 132/438 133/439 130/440
f 130/441 133/442 132/443 129/444
f 131/445 134/446 135/447 132/448
f 132/449 135/450 134/451 131/452
f 132/453 135/454 136/455 133/456
f 133/457 136/458 135/459 132/460
f 134/461 137/462 138/463 135/464
f 135/465 138/466 137/467 134/468
f 135/469 138/470 139/471 136/472
f 136/473 139/474 138/475 135/476
f 137/477 140/478 141/479 138/480
f 138/481 141/482 140/483 137/484
f 138/485 141/486 142/487 139/488
f 139/489 142/490 141/491 138/492
f 143/493 146/494 147/495 144/496
f 144/497 147/498 146/499 143/500
f 144/501 147/502 148/503 145/504
f 145/505 148/506 147/507 144/508
f 146/509 149/510 150/511 147/512
f 147/513 150/514 149/515 146/516
f 147/517 150/518 151/519 148/520
f 148/521 151/522 150/523 147/524
f 149/525 152/526 153/527 150/528
f 150/529 153/530 152/531 149/532
f 150/533 153/534 154/535 151/536
f 151/537 154/538 153/539 150/540
f 152/541 155/542 156/543 153/544
f 153/545 156/546 155/547 152/548
f 153/549 156/550 157/551 154/552
f 154/553 157/554 156/555 153/556
f 155/557 158/558 159/559 156/560
f 156/561 159/562 158/563 155/564
f 156/565 159/566 160/567 157/568
f 157/569 160/570 159/571 156/572
f 158/573 161/574 162/575 159/576
f 159/577 162/578 161/579 158/580
f 159/581 162/582 163/583 160/584
f 160/585 163/586 162/587 159/588
f 164/589 167/590 168/591 165/592
f 165/593 168/594 167/595 164/596
f 165/597 168/598 169/599 166/600
f 166/601 169/602 168/603 165/604
f 167/605 170/606 171/607 168/608
f 168/609 171/610 170/611 167/612
f 168/613 171/614 172/615 169/616
f 169/617 172/618 171/619 168/620
f 170/621 173/622 174/623 171/624
f 171/625 174/626 173/627 170/628
f 171/629 174/630 175/631 172/632
f 172/633 175/634 174/635 171/636
f 173/637 176/638 177/639 174/640
f 174/641 177/642 176/643 173/644
f 174/645 177/646 178/647 175/648
f 175/649 178/650 177/651 174/652
f 176/653 179/654 180/655 177/656
f 177/657 180/658 179/659 176/660
f 177/661 180/662 181/663 178/664
f 178/665 181/666 180/667 177/668
f 179/669 182/670 183/671 180/672
f 180/673 183/674 182/675 179/676
f 180/677 183/678 184/679 181/680
f 181/681 184/682 183/683 180/684
f 185/685 188/686 189/687 186/688
f 186/689 189/690 188/691 185/692
f 186/693 189/694 190/695 187/696
f 187/697 190/698 189/699 186/700
f 188/701 191/702 192/703 189/704
f 189/705 192/706 191/707 188/708
f 189/709 192/710 193/711 190/712
f 190/713 193/714 192/715 189/716
f 191/717 194/718 195/719 192/720
f 192/721 195/722 194/723 191/724
f 192/725 195/726 196/727 193/728
f 193/729 196/730 195/731 192/732
f 194/733 197/734 198/735 195/736
f 195/737 198/738 197/739 194/740
f 195/741 198/742 199/743 196/744
f 196/745 199/746 198/747 195/748
f 197/749 200/750 201/751 198/752
f 198/753 201/754 200/755 197/756
f 198/757 201/758 202/759 199/760
f 199/761 202/762 201/763 198/764
f 200/765 203/766 204/767 201/768
f 201/769 204/770 203/771 200/772
f 201/773 204/774 205/775 202/776
f 202/777 205/778 204/779 201/780
f 206/781 209/782 210/783 207/784
f 207/785 210/786 209/787 206/788
f 207/789 210/790 211/791 208/792
f 208/793 211/794 210/795 207/796
f 209/797 212/798 213/799 210/800
f 210/801 213/802 212/803 209/804
f 210/805 213/806 214/807 211/808
f 211/809 214/810 213/811 210/812
f 212/813 215/814 216/815 213/816
f 213/817 216/818 215/819 212/820
f 213/821 216/822 217/823 214/824
f 214/825 217/826 216/827 213/828
f 215/829 218/830 219/831 216/832
f 216/833 219/834 218/835 215/836
f 216/837 219/838 220/839 217/840
f 217/841 220/842 219/843 216/844
f 218/845 221/846 222/847 219/848
f 219/849 222/850 221/851 218/852
f 219/853 222/854 223/855 220/856
f 220/857 223/858 222/859 219/860
f 221/861 224/862 225/863 222/864
f 222/865 225/866 224/867 221/868
f 222/869 225/870 226/871 223/872
f 223/873 226/874 225/875 222/876
f 227/877 230/878 231/879 228/880
f 228/881 231/882 230/883 227/884
f 228/885 231/886 232/887 229/888
f 229/889 232/890 231/891 228/892
f 230/893 233/894 234/895 231/896
f 231/897 234/898 233/899 230/900
f 231/901 234/902 235/903 232/904
f 232/905 235/906 234/907 231/908
f 233/909 236/910 237/911 234/912
f 234/913 237/914 236/915 233/916
f 234/917 237/918 238/919 235/920
f 235/921 238/922 237/923 234/924
f 236/925 239/926 240/927 237/928
f 237/929 240/930 239/931 236/932
f 237/933 240/934 241/935 238/936
f 238/937 241/938 240/939 237/940
f 239/941 242/942 243/943 240/944
f 240/945 243/946 242/947 239/948
f 240/949 243/950 244/951 241/952
f 241/953 244/954 243/955 240/956
f 242/957 245/958 246/959 243/960
f 243/961 246/962 245/963 242/964
f 243/965 246/966 247/967 244/968
f 244/969 247/970 246/971 243/972
f 248/973 251/974 252/975 249/976
f 249/977 252/978 251/979 248/980
f 249/981 252/982 253/983 250/984
f 250/985 253/986 252/987 249/988
f 251/989 254/990 255/991 252/992
f 252/993 255/994 254/995 251/996
f 252/997 255/998 256/999 253/1000
f 253/1001 256/1002 255/1003 252/1004
f 254/1005 257/1006 258/1007 255/1008
f 255/1009 258/1010 257/1011 254/1012
f 255/1013 258/1014 259/1015 256/1016
f 256/1017 259/1018 258/1019 255/1020
f 257/1021 260/1022 261/1023 258/1024
f 258/1025 261/1026 260/1027 257/1028
f 258/1029 261/1030 262/1031 259/1032
f 259/1033 262/1034 261/1035 258/1036
f 260/1037 263/1038 264/1039 261/1040
f 261/1041 264/1042 263/1043 260/1044
f 261/1045 264/1046 265/1047 262/1048
f 262/1049 265/1050 264/1051 261/1052
f 263/1053 266/1054 267/1055 264/1056
f 264/1057 267/1058 266/1059 263/1060
f 264/1061 267/1062 268/1063 265/1064
f 265/1065 268/1066 267/1067 264/1068
f 269/1069 272/1070 273/1071 270/1072
f 270/1073 273/1074 272/1075 269/1076
f 270/1077 273/1078 274/1079 271/1080
f 271/1081 274/1082 273/1083 270/1084
f 272/1085 275/1086 276/1087 273/1088
f 273/1089 276/1090 275/1091 272/1092
f 273/1093 276/1094 277/1095 274/1096
f 274/1097 277/1098 276/1099 273/1100
f 275/1101 278/1102 279/1103 276/1104
f 276/1105 279/1106 278/1107 275/1108
f 276/1109 279/1110 280/1111 277/1112
f 277/1113 280/1114 279/1115 276/1116
f 278/1117 281/1118 282/1119 279/1120
f 279/1121 282/1122 281/1123 278/1124
f 279/1125 282/1126 283/1127 280/1128
f 280/1129 283/1130 282/1131 279/1132
f 281/1133 284/1134 285/1135 282/1136
f 282/1137 285/1138 284/1139 281/1140
f 282/1141 285/1142 286/1143 283/1144
f 283/1145 286/1146 285/1147 282/1148
f 284/1149 287/1150 288/1151 285/1152
f 285/1153 288/1154 287/1155 284/1156
f 285/1157 288/1158 289/1159 286/1160
f 286/1161 289/1162 288/1163 285/1164
f 290/1165 293/1166 294/1167 291/1168
f 291/1169 294/1170 293/1171 290/1172
f 291/1173 294/1174 295/1175 292/1176
f 292/1177 295/1178 294/1179 291/1180
f 293/1181 296/1182 297/1183 294/1184
f 294/1185 297/1186 296/1187 293/1188
f 294/1189 297/1190 298/1191 295/1192
f 295/1193 298/1194 297/1195 294/1196
f 296/1197 299/1198 300/1199 297/1200
f 297/1201 300/1202 299/1203 296/1204
f 297/1205 300/1206 301/1207 298/1208
f 298/1209 301/1210 300/1211 297/1212
f 299/1213 302/1214 303/1215 300/1216
f 300/1217 303/1218 302/1219 299/1220
f 300/1221 303/1222 304/1223 301/1224
f 301/1225 304/1226 303/1227 300/1228
f 302/1229 305/1230 306/1231 303/1232
f 303/1233 306/1234 305/1235 302/1236
f 303/1237 306/1238 307/1239 304/1240
f 304/1241 307/1242 306/1243 303/1244
f 305/1245 308/1246 309/1247 306/1248
f 306/1249 309/1250 308/1251 305/1252
f 306/1253 309/1254 310/1255 307/1256
f 307/1257 310/1258 309/1259 306/1260
f 311/1261 314/1262 315/1263 312/1264
f 312/1265 315/1266 314/1267 311/1268
f 312/1269 315/1270 316/1271 313/1272
f 313/1273 316/1274 315/1275 312/1276
f 314/1277 317/1278 318/1279 315/1280
f 315/1281 318/1282 317/1283 314/1284
f 315/1285 318/1286 319/1287 316/1288
f 316/1289 319/1290 318/1291 315/1292
f 317/1293 320/1294 321/1295 318/1296
f 318/1297 321/1298 320/1299 317/1300
f 318/1301 321/1302 322/1303 319/1304
f 319/1305 322/1306 321/1307 318/1308
f 320/1309 323/1310 324/1311 321/1312
f 321/1313 324/1314 323/1315 320/1316
f 321/1317 324/1318 325/1319 322/1320
f 322/1321 325/1322 324/1323 321/1324
f 323/1325 326/1326 327/1327 324/1328
f 324/1329 327/1330 326/1331 323/1332
f 324/1333 327/1334 328/1335 325/1336
f 325/1337 328/1338 327/1339 324/1340
f 326/1341 329/1342 330/1343 327/1344
f 327/1345 330/1346 329/1347 326/1348
f 327/1349 330/1350 331/1351 328/1352
f 328/1353 331/1354 330/1355 327/1356
f 332/1357 335/1358 336/1359 333/1360
f 333/1361 336/1362 335/1363 332/1364
f 333/1365 336/1366 337/1367 334/1368
f 334/1369 337/1370 336/1371 333/1372
f 335/1373 338/1374 339/1375 336/1376
f 336/1377 339/1378 338/1379 335/1380
f 336/1381 339/1382 340/1383 337/1384
f 337/1385 340/1386 339/1387 336/1388
f 338/1389 341/1390 342/1391 339/1392
f 339/1393 342/1394 341/1395 338/1396
f 339/1397 342/1398 343/1399 340/1400
f 340/1401 343/1402 342/1403 339/1404
f 341/1405 344/1406 345/1407 342/1408
f 342/1409 345/1410 344/1411 341/1412
f 342/1413 345/1414 346/1415 343/1416
f 343/1417 346/1418 345/1419 342/1420
f 344/1421 347/1422 348/1423 345/1424
f 345/1425 348/1426 347/1427 344/1428
f 345/1429 348/1430 349/1431 346/1432
f 346/1433 349/1434 348/1435 345/1436
f 347/1437 350/1438 351/1439 348/1440
f 348/1441 351/1442 350/1443 347/1444
f 348/1445 351/1446 352/1447 349/1448
f 349/1449 352/1450 351/1451 348/1452
f 353/1453 356/1454 357/1455 354/1456
f 354/1457 357/1458 356/1459 353/1460
f 354/1461 357/1462 358/1463 355/1464
f 355/1465 358/1466 357/1467 354/1468
f 356/1469 359/1470 360/1471 357/1472
f 357/1473 360/1474 359/1475 356/1476
f 357/1477 360/1478 361/1479 358/1480
f 358/1481 361/1482 360/1483 357/1484
f 359/1485 362/1486 363/1487 360/1488
f 360/1489 363/1490 362/1491 359/1492
f 360/1493 363/1494 364/1495 361/1496
f 361/1497 364/1498 363/1499 360/1500
f 362/1501 365/1502 366/1503 363/1504
f 363/1505 366/1506 365/1507 362/1508
f 363/1509 366/1510 367/1511 364/1512
f 364/1513 367/1514 366/1515 363/1516
f 365/1517 368/1518 369/1519 366/1520
f 366/1521 369/1522 368/1523 365/1524
f 366/1525 369/1526 370/1527 367/1528
f 367/1529 370/1530 369/1531 366/1532
f 368/1533 371/1534 372/1535 369/1536
f 369/1537 372/1538 371/1539 368/1540
f 369/1541 372/1542 373/1543 370/1544
f 370/1545 373/1546 372/1547 369/1548
f 374/1549 377/1550 378/1551 375/1552
f 375/1553 378/1554 377/1555 374/1556
f 375/1557 378/1558 379/1559 376/1560
f 376/1561 379/1562 378/1563 375/1564
f 377/1565 380/1566 381/1567 378/1568
f 378/1569 381/1570 380/1571 377/1572
f 378/1573 381/1574 382/1575 379/1576
f 379/1577 382/1578 381/1579 378/1580
f 380/1581 383/1582 384/1583 381/1584
f 381/1585 384/1586 383/1587 380/1588
f 381/1589 384/1590 385/1591 382/1592
f 382/1593 385/1594 384/1595 381/1596
f 383/1597 386/1598 387/1599 384/1600
f 384/1601 387/1602 386/1603 383/1604
f 384/1605 387/1606 388/1607 385/1608
f 385/1609 388/1610 387/1611 384/1612
f 386/1613 389/1614 390/1615 387/1616
f 387/1617 390/1618 389/1619 386/1620
f 387/1621 390/1622 391/1623 388/1624
f 388/1625 391/1626 390/1627 387/1628
f 389/1629 392/1630 393/1631 390/1632
f 390/1633 393/1634 392/1635 389/1636
f 390/1637 393/1638 394/1639 391/1640
f 391/1641 394/1642 393/1643 390/1644
f 395/1645 398/1646 399/1647 396/1648
f 396/1649 399/1650 398/1651 395/1652
f 396/1653 399/1654 400/1655 397/1656
f 397/1657 400/1658 399/1659 396/1660
f 398/1661 401/1662 402/1663 399/1664
f 399/1665 402/1666 401/1667 398/1668
f 399/1669 402/1670 403/1671 400/1672
f 400/1673 403/1674 402/1675 399/1676
f 401/1677 404/1678 405/1679 402/1680
f 402/1681 405/1682 404/1683 401/1684
f 402/1685 405/1686 406/1687 403/1688
f 403/1689 406/1690 405/1691 402/1692
f 404/1693 407/1694 408/1695 405/1696
f 405/1697 408/1698 407/1699 404/1700
f 405/1701 408/1702 409/1703 406/1704
f 406/1705 409/1706 408/1707 405/1708
f 407/1709 410/1710 411/1711 408/1712
f 408/1713 411/1714 410/1715 407/1716
f 408/1717 411/1718 412/1719 409/1720
f 409/1721 412/1722 411/1723 408/1724
f 410/1725 413/1726 414/1727 411/1728
f 411/1729 414/1730 413/1731 410/1732
f 411/1733 414/1734 415/1735 412/1736
f 412/1737 415/1738 414/1739 411/1740
f 416/1741 419/1742 420/1743 417/1744
f 417/1745 420/1746 419/1747 416/1748
f 417/1749 420/1750 421/1751 418/1752
f 418/1753 421/1754 420/1755 417/1756
f 419/1757 422/1758 423/1759 420/1760
f 420/1761 423/1762 422/1763 419/1764
f 420/1765 423/1766 424/1767 421/1768
f 421/1769 424/1770 423/1771 420/1772
f 422/1773 425/1774 426/1775 423/1776
f 423/1777 426/1778 425/1779 422/1780
f 423/1781 426/1782 427/1783 424/1784
f 424/1785 427/1786 426/1787 423/1788
f 425/1789 428/1790 429/1791 426/1792
f 426/1793 429/1794 428/1795 425/1796
f 426/1797 429/1798 430/1799 427/1800
f 427/1801 430/1802 429/1803 426/1804
f 428/1805 431/1806 432/1807 429/1808
f 429/1809 432/1810 431/1811 428/1812
f 429/1813 432/1814 433/1815 430/1816
f 430/1817 433/1818 432/1819 429/1820
f 431/1821 434/1822 435/1823 432/1824
f 432/1825 435/1826 434/1827 431/1828
f 432/1829 435/1830 436/1831 433/1832
f 433/1833 436/1834 435/1835 432/1836
f 437/1837 440/1838 441/1839 438/1840
f 438/1841 441/1842 440/1843 437/1844
f 438/1845 441/1846 442/1847 439/1848
f 439/1849 442/1850 441/1851 438/1852
f 440/1853 443/1854 444/1855 441/1856
f 441/1857 444/1858 443/1859 440/1860
f 441/1861 444/1862 445/1863 442/1864
f 442/1865 445/1866 444/1867 441/1868
f 443/1869 446/1870 447/1871 444/1872
f 444/1873 447/1874 446/1875 443/1876
f 444/1877 447/1878 448/1879 445/1880
f 445/1881 448/1882 447/1883 444/1884
f 446/1885 449/1886 450/1887 447/1888
f 447/1889 450/1890 449/1891 446/1892
f 447/1893 450/1894 451/1895 448/1896
f 448/1897 451/1898 450/1899 447/1900
f 449/1901 452/1902 453/1903 450/1904
f 450/1905 453/1906 452/1907 449/1908
f 450/1909 453/1910 454/1911 451/1912
f 451/1913 454/1914 453/1915 450/1916
f 452/1917 455/1918 456/1919 453/1920
f 453/1921 456/1922 455/1923 452/1924
f 453/1925 456/1926 457/1927 454/1928
f 454/1929 457/1930 456/1931 453/1932
usemtl M_Dracaena_Cane
s 1
f 467/1933 466/1934 465/1935 464/1936 463/1937 462/1938 461/1939 460/1940 459/1941 458/1942
f 468/1943 469/1944 470/1945 471/1946 472/1947 473/1948 474/1949 475/1950 476/1951 477/1952
f 458/1953 459/1954 469/1955 468/1956
f 459/1957 460/1958 470/1959 469/1960
f 460/1961 461/1962 471/1963 470/1964
f 461/1965 462/1966 472/1967 471/1968
f 462/1969 463/1970 473/1971 472/1972
f 463/1973 464/1974 474/1975 473/1976
f 464/1977 465/1978 475/1979 474/1980
f 465/1981 466/1982 476/1983 475/1984
f 466/1985 467/1986 477/1987 476/1988
f 467/1989 458/1990 468/1991 477/1992
usemtl M_Dracaena_LeafScar
s 1
f 487/1993 486/1994 485/1995 484/1996 483/1997 482/1998 481/1999 480/2000 479/2001 478/2002
f 488/2003 489/2004 490/2005 491/2006 492/2007 493/2008 494/2009 495/2010 496/2011 497/2012
f 478/2013 479/2014 489/2015 488/2016
f 479/2017 480/2018 490/2019 489/2020
f 480/2021 481/2022 491/2023 490/2024
f 481/2025 482/2026 492/2027 491/2028
f 482/2029 483/2030 493/2031 492/2032
f 483/2033 484/2034 494/2035 493/2036
f 484/2037 485/2038 495/2039 494/2040
f 485/2041 486/2042 496/2043 495/2044
f 486/2045 487/2046 497/2047 496/2048
f 487/2049 478/2050 488/2051 497/2052
f 507/2053 506/2054 505/2055 504/2056 503/2057 502/2058 501/2059 500/2060 499/2061 498/2062
f 508/2063 509/2064 510/2065 511/2066 512/2067 513/2068 514/2069 515/2070 516/2071 517/2072
f 498/2073 499/2074 509/2075 508/2076
f 499/2077 500/2078 510/2079 509/2080
f 500/2081 501/2082 511/2083 510/2084
f 501/2085 502/2086 512/2087 511/2088
f 502/2089 503/2090 513/2091 512/2092
f 503/2093 504/2094 514/2095 513/2096
f 504/2097 505/2098 515/2099 514/2100
f 505/2101 506/2102 516/2103 515/2104
f 506/2105 507/2106 517/2107 516/2108
f 507/2109 498/2110 508/2111 517/2112
f 527/2113 526/2114 525/2115 524/2116 523/2117 522/2118 521/2119 520/2120 519/2121 518/2122
f 528/2123 529/2124 530/2125 531/2126 532/2127 533/2128 534/2129 535/2130 536/2131 537/2132
f 518/2133 519/2134 529/2135 528/2136
f 519/2137 520/2138 530/2139 529/2140
f 520/2141 521/2142 531/2143 530/2144
f 521/2145 522/2146 532/2147 531/2148
f 522/2149 523/2150 533/2151 532/2152
f 523/2153 524/2154 534/2155 533/2156
f 524/2157 525/2158 535/2159 534/2160
f 525/2161 526/2162 536/2163 535/2164
f 526/2165 527/2166 537/2167 536/2168
f 527/2169 518/2170 528/2171 537/2172
f 547/2173 546/2174 545/2175 544/2176 543/2177 542/2178 541/2179 540/2180 539/2181 538/2182
f 548/2183 549/2184 550/2185 551/2186 552/2187 553/2188 554/2189 555/2190 556/2191 557/2192
f 538/2193 539/2194 549/2195 548/2196
f 539/2197 540/2198 550/2199 549/2200
f 540/2201 541/2202 551/2203 550/2204
f 541/2205 542/2206 552/2207 551/2208
f 542/2209 543/2210 553/2211 552/2212
f 543/2213 544/2214 554/2215 553/2216
f 544/2217 545/2218 555/2219 554/2220
f 545/2221 546/2222 556/2223 555/2224
f 546/2225 547/2226 557/2227 556/2228
f 547/2229 538/2230 548/2231 557/2232
usemtl M_Dracaena_Leaf
s 1
f 558/2233 561/2234 562/2235 559/2236
f 559/2237 562/2238 561/2239 558/2240
f 559/2241 562/2242 563/2243 560/2244
f 560/2245 563/2246 562/2247 559/2248
f 561/2249 564/2250 565/2251 562/2252
f 562/2253 565/2254 564/2255 561/2256
f 562/2257 565/2258 566/2259 563/2260
f 563/2261 566/2262 565/2263 562/2264
f 564/2265 567/2266 568/2267 565/2268
f 565/2269 568/2270 567/2271 564/2272
f 565/2273 568/2274 569/2275 566/2276
f 566/2277 569/2278 568/2279 565/2280
f 567/2281 570/2282 571/2283 568/2284
f 568/2285 571/2286 570/2287 567/2288
f 568/2289 571/2290 572/2291 569/2292
f 569/2293 572/2294 571/2295 568/2296
f 570/2297 573/2298 574/2299 571/2300
f 571/2301 574/2302 573/2303 570/2304
f 571/2305 574/2306 575/2307 572/2308
f 572/2309 575/2310 574/2311 571/2312
f 573/2313 576/2314 577/2315 574/2316
f 574/2317 577/2318 576/2319 573/2320
f 574/2321 577/2322 578/2323 575/2324
f 575/2325 578/2326 577/2327 574/2328
f 579/2329 582/2330 583/2331 580/2332
f 580/2333 583/2334 582/2335 579/2336
f 580/2337 583/2338 584/2339 581/2340
f 581/2341 584/2342 583/2343 580/2344
f 582/2345 585/2346 586/2347 583/2348
f 583/2349 586/2350 585/2351 582/2352
f 583/2353 586/2354 587/2355 584/2356
f 584/2357 587/2358 586/2359 583/2360
f 585/2361 588/2362 589/2363 586/2364
f 586/2365 589/2366 588/2367 585/2368
f 586/2369 589/2370 590/2371 587/2372
f 587/2373 590/2374 589/2375 586/2376
f 588/2377 591/2378 592/2379 589/2380
f 589/2381 592/2382 591/2383 588/2384
f 589/2385 592/2386 593/2387 590/2388
f 590/2389 593/2390 592/2391 589/2392
f 591/2393 594/2394 595/2395 592/2396
f 592/2397 595/2398 594/2399 591/2400
f 592/2401 595/2402 596/2403 593/2404
f 593/2405 596/2406 595/2407 592/2408
f 594/2409 597/2410 598/2411 595/2412
f 595/2413 598/2414 597/2415 594/2416
f 595/2417 598/2418 599/2419 596/2420
f 596/2421 599/2422 598/2423 595/2424
f 600/2425 603/2426 604/2427 601/2428
f 601/2429 604/2430 603/2431 600/2432
f 601/2433 604/2434 605/2435 602/2436
f 602/2437 605/2438 604/2439 601/2440
f 603/2441 606/2442 607/2443 604/2444
f 604/2445 607/2446 606/2447 603/2448
f 604/2449 607/2450 608/2451 605/2452
f 605/2453 608/2454 607/2455 604/2456
f 606/2457 609/2458 610/2459 607/2460
f 607/2461 610/2462 609/2463 606/2464
f 607/2465 610/2466 611/2467 608/2468
f 608/2469 611/2470 610/2471 607/2472
f 609/2473 612/2474 613/2475 610/2476
f 610/2477 613/2478 612/2479 609/2480
f 610/2481 613/2482 614/2483 611/2484
f 611/2485 614/2486 613/2487 610/2488
f 612/2489 615/2490 616/2491 613/2492
f 613/2493 616/2494 615/2495 612/2496
f 613/2497 616/2498 617/2499 614/2500
f 614/2501 617/2502 616/2503 613/2504
f 615/2505 618/2506 619/2507 616/2508
f 616/2509 619/2510 618/2511 615/2512
f 616/2513 619/2514 620/2515 617/2516
f 617/2517 620/2518 619/2519 616/2520
f 621/2521 624/2522 625/2523 622/2524
f 622/2525 625/2526 624/2527 621/2528
f 622/2529 625/2530 626/2531 623/2532
f 623/2533 626/2534 625/2535 622/2536
f 624/2537 627/2538 628/2539 625/2540
f 625/2541 628/2542 627/2543 624/2544
f 625/2545 628/2546 629/2547 626/2548
f 626/2549 629/2550 628/2551 625/2552
f 627/2553 630/2554 631/2555 628/2556
f 628/2557 631/2558 630/2559 627/2560
f 628/2561 631/2562 632/2563 629/2564
f 629/2565 632/2566 631/2567 628/2568
f 630/2569 633/2570 634/2571 631/2572
f 631/2573 634/2574 633/2575 630/2576
f 631/2577 634/2578 635/2579 632/2580
f 632/2581 635/2582 634/2583 631/2584
f 633/2585 636/2586 637/2587 634/2588
f 634/2589 637/2590 636/2591 633/2592
f 634/2593 637/2594 638/2595 635/2596
f 635/2597 638/2598 637/2599 634/2600
f 636/2601 639/2602 640/2603 637/2604
f 637/2605 640/2606 639/2607 636/2608
f 637/2609 640/2610 641/2611 638/2612
f 638/2613 641/2614 640/2615 637/2616
f 642/2617 645/2618 646/2619 643/2620
f 643/2621 646/2622 645/2623 642/2624
f 643/2625 646/2626 647/2627 644/2628
f 644/2629 647/2630 646/2631 643/2632
f 645/2633 648/2634 649/2635 646/2636
f 646/2637 649/2638 648/2639 645/2640
f 646/2641 649/2642 650/2643 647/2644
f 647/2645 650/2646 649/2647 646/2648
f 648/2649 651/2650 652/2651 649/2652
f 649/2653 652/2654 651/2655 648/2656
f 649/2657 652/2658 653/2659 650/2660
f 650/2661 653/2662 652/2663 649/2664
f 651/2665 654/2666 655/2667 652/2668
f 652/2669 655/2670 654/2671 651/2672
f 652/2673 655/2674 656/2675 653/2676
f 653/2677 656/2678 655/2679 652/2680
f 654/2681 657/2682 658/2683 655/2684
f 655/2685 658/2686 657/2687 654/2688
f 655/2689 658/2690 659/2691 656/2692
f 656/2693 659/2694 658/2695 655/2696
f 657/2697 660/2698 661/2699 658/2700
f 658/2701 661/2702 660/2703 657/2704
f 658/2705 661/2706 662/2707 659/2708
f 659/2709 662/2710 661/2711 658/2712
f 663/2713 666/2714 667/2715 664/2716
f 664/2717 667/2718 666/2719 663/2720
f 664/2721 667/2722 668/2723 665/2724
f 665/2725 668/2726 667/2727 664/2728
f 666/2729 669/2730 670/2731 667/2732
f 667/2733 670/2734 669/2735 666/2736
f 667/2737 670/2738 671/2739 668/2740
f 668/2741 671/2742 670/2743 667/2744
f 669/2745 672/2746 673/2747 670/2748
f 670/2749 673/2750 672/2751 669/2752
f 670/2753 673/2754 674/2755 671/2756
f 671/2757 674/2758 673/2759 670/2760
f 672/2761 675/2762 676/2763 673/2764
f 673/2765 676/2766 675/2767 672/2768
f 673/2769 676/2770 677/2771 674/2772
f 674/2773 677/2774 676/2775 673/2776
f 675/2777 678/2778 679/2779 676/2780
f 676/2781 679/2782 678/2783 675/2784
f 676/2785 679/2786 680/2787 677/2788
f 677/2789 680/2790 679/2791 676/2792
f 678/2793 681/2794 682/2795 679/2796
f 679/2797 682/2798 681/2799 678/2800
f 679/2801 682/2802 683/2803 680/2804
f 680/2805 683/2806 682/2807 679/2808
f 684/2809 687/2810 688/2811 685/2812
f 685/2813 688/2814 687/2815 684/2816
f 685/2817 688/2818 689/2819 686/2820
f 686/2821 689/2822 688/2823 685/2824
f 687/2825 690/2826 691/2827 688/2828
f 688/2829 691/2830 690/2831 687/2832
f 688/2833 691/2834 692/2835 689/2836
f 689/2837 692/2838 691/2839 688/2840
f 690/2841 693/2842 694/2843 691/2844
f 691/2845 694/2846 693/2847 690/2848
f 691/2849 694/2850 695/2851 692/2852
f 692/2853 695/2854 694/2855 691/2856
f 693/2857 696/2858 697/2859 694/2860
f 694/2861 697/2862 696/2863 693/2864
f 694/2865 697/2866 698/2867 695/2868
f 695/2869 698/2870 697/2871 694/2872
f 696/2873 699/2874 700/2875 697/2876
f 697/2877 700/2878 699/2879 696/2880
f 697/2881 700/2882 701/2883 698/2884
f 698/2885 701/2886 700/2887 697/2888
f 699/2889 702/2890 703/2891 700/2892
f 700/2893 703/2894 702/2895 699/2896
f 700/2897 703/2898 704/2899 701/2900
f 701/2901 704/2902 703/2903 700/2904
f 705/2905 708/2906 709/2907 706/2908
f 706/2909 709/2910 708/2911 705/2912
f 706/2913 709/2914 710/2915 707/2916
f 707/2917 710/2918 709/2919 706/2920
f 708/2921 711/2922 712/2923 709/2924
f 709/2925 712/2926 711/2927 708/2928
f 709/2929 712/2930 713/2931 710/2932
f 710/2933 713/2934 712/2935 709/2936
f 711/2937 714/2938 715/2939 712/2940
f 712/2941 715/2942 714/2943 711/2944
f 712/2945 715/2946 716/2947 713/2948
f 713/2949 716/2950 715/2951 712/2952
f 714/2953 717/2954 718/2955 715/2956
f 715/2957 718/2958 717/2959 714/2960
f 715/2961 718/2962 719/2963 716/2964
f 716/2965 719/2966 718/2967 715/2968
f 717/2969 720/2970 721/2971 718/2972
f 718/2973 721/2974 720/2975 717/2976
f 718/2977 721/2978 722/2979 719/2980
f 719/2981 722/2982 721/2983 718/2984
f 720/2985 723/2986 724/2987 721/2988
f 721/2989 724/2990 723/2991 720/2992
f 721/2993 724/2994 725/2995 722/2996
f 722/2997 725/2998 724/2999 721/3000
f 726/3001 729/3002 730/3003 727/3004
f 727/3005 730/3006 729/3007 726/3008
f 727/3009 730/3010 731/3011 728/3012
f 728/3013 731/3014 730/3015 727/3016
f 729/3017 732/3018 733/3019 730/3020
f 730/3021 733/3022 732/3023 729/3024
f 730/3025 733/3026 734/3027 731/3028
f 731/3029 734/3030 733/3031 730/3032
f 732/3033 735/3034 736/3035 733/3036
f 733/3037 736/3038 735/3039 732/3040
f 733/3041 736/3042 737/3043 734/3044
f 734/3045 737/3046 736/3047 733/3048
f 735/3049 738/3050 739/3051 736/3052
f 736/3053 739/3054 738/3055 735/3056
f 736/3057 739/3058 740/3059 737/3060
f 737/3061 740/3062 739/3063 736/3064
f 738/3065 741/3066 742/3067 739/3068
f 739/3069 742/3070 741/3071 738/3072
f 739/3073 742/3074 743/3075 740/3076
f 740/3077 743/3078 742/3079 739/3080
f 741/3081 744/3082 745/3083 742/3084
f 742/3085 745/3086 744/3087 741/3088
f 742/3089 745/3090 746/3091 743/3092
f 743/3093 746/3094 745/3095 742/3096
f 747/3097 750/3098 751/3099 748/3100
f 748/3101 751/3102 750/3103 747/3104
f 748/3105 751/3106 752/3107 749/3108
f 749/3109 752/3110 751/3111 748/3112
f 750/3113 753/3114 754/3115 751/3116
f 751/3117 754/3118 753/3119 750/3120
f 751/3121 754/3122 755/3123 752/3124
f 752/3125 755/3126 754/3127 751/3128
f 753/3129 756/3130 757/3131 754/3132
f 754/3133 757/3134 756/3135 753/3136
f 754/3137 757/3138 758/3139 755/3140
f 755/3141 758/3142 757/3143 754/3144
f 756/3145 759/3146 760/3147 757/3148
f 757/3149 760/3150 759/3151 756/3152
f 757/3153 760/3154 761/3155 758/3156
f 758/3157 761/3158 760/3159 757/3160
f 759/3161 762/3162 763/3163 760/3164
f 760/3165 763/3166 762/3167 759/3168
f 760/3169 763/3170 764/3171 761/3172
f 761/3173 764/3174 763/3175 760/3176
f 762/3177 765/3178 766/3179 763/3180
f 763/3181 766/3182 765/3183 762/3184
f 763/3185 766/3186 767/3187 764/3188
f 764/3189 767/3190 766/3191 763/3192
f 768/3193 771/3194 772/3195 769/3196
f 769/3197 772/3198 771/3199 768/3200
f 769/3201 772/3202 773/3203 770/3204
f 770/3205 773/3206 772/3207 769/3208
f 771/3209 774/3210 775/3211 772/3212
f 772/3213 775/3214 774/3215 771/3216
f 772/3217 775/3218 776/3219 773/3220
f 773/3221 776/3222 775/3223 772/3224
f 774/3225 777/3226 778/3227 775/3228
f 775/3229 778/3230 777/3231 774/3232
f 775/3233 778/3234 779/3235 776/3236
f 776/3237 779/3238 778/3239 775/3240
f 777/3241 780/3242 781/3243 778/3244
f 778/3245 781/3246 780/3247 777/3248
f 778/3249 781/3250 782/3251 779/3252
f 779/3253 782/3254 781/3255 778/3256
f 780/3257 783/3258 784/3259 781/3260
f 781/3261 784/3262 783/3263 780/3264
f 781/3265 784/3266 785/3267 782/3268
f 782/3269 785/3270 784/3271 781/3272
f 783/3273 786/3274 787/3275 784/3276
f 784/3277 787/3278 786/3279 783/3280
f 784/3281 787/3282 788/3283 785/3284
f 785/3285 788/3286 787/3287 784/3288
f 789/3289 792/3290 793/3291 790/3292
f 790/3293 793/3294 792/3295 789/3296
f 790/3297 793/3298 794/3299 791/3300
f 791/3301 794/3302 793/3303 790/3304
f 792/3305 795/3306 796/3307 793/3308
f 793/3309 796/3310 795/3311 792/3312
f 793/3313 796/3314 797/3315 794/3316
f 794/3317 797/3318 796/3319 793/3320
f 795/3321 798/3322 799/3323 796/3324
f 796/3325 799/3326 798/3327 795/3328
f 796/3329 799/3330 800/3331 797/3332
f 797/3333 800/3334 799/3335 796/3336
f 798/3337 801/3338 802/3339 799/3340
f 799/3341 802/3342 801/3343 798/3344
f 799/3345 802/3346 803/3347 800/3348
f 800/3349 803/3350 802/3351 799/3352
f 801/3353 804/3354 805/3355 802/3356
f 802/3357 805/3358 804/3359 801/3360
f 802/3361 805/3362 806/3363 803/3364
f 803/3365 806/3366 805/3367 802/3368
f 804/3369 807/3370 808/3371 805/3372
f 805/3373 808/3374 807/3375 804/3376
f 805/3377 808/3378 809/3379 806/3380
f 806/3381 809/3382 808/3383 805/3384
f 810/3385 813/3386 814/3387 811/3388
f 811/3389 814/3390 813/3391 810/3392
f 811/3393 814/3394 815/3395 812/3396
f 812/3397 815/3398 814/3399 811/3400
f 813/3401 816/3402 817/3403 814/3404
f 814/3405 817/3406 816/3407 813/3408
f 814/3409 817/3410 818/3411 815/3412
f 815/3413 818/3414 817/3415 814/3416
f 816/3417 819/3418 820/3419 817/3420
f 817/3421 820/3422 819/3423 816/3424
f 817/3425 820/3426 821/3427 818/3428
f 818/3429 821/3430 820/3431 817/3432
f 819/3433 822/3434 823/3435 820/3436
f 820/3437 823/3438 822/3439 819/3440
f 820/3441 823/3442 824/3443 821/3444
f 821/3445 824/3446 823/3447 820/3448
f 822/3449 825/3450 826/3451 823/3452
f 823/3453 826/3454 825/3455 822/3456
f 823/3457 826/3458 827/3459 824/3460
f 824/3461 827/3462 826/3463 823/3464
f 825/3465 828/3466 829/3467 826/3468
f 826/3469 829/3470 828/3471 825/3472
f 826/3473 829/3474 830/3475 827/3476
f 827/3477 830/3478 829/3479 826/3480
f 831/3481 834/3482 835/3483 832/3484
f 832/3485 835/3486 834/3487 831/3488
f 832/3489 835/3490 836/3491 833/3492
f 833/3493 836/3494 835/3495 832/3496
f 834/3497 837/3498 838/3499 835/3500
f 835/3501 838/3502 837/3503 834/3504
f 835/3505 838/3506 839/3507 836/3508
f 836/3509 839/3510 838/3511 835/3512
f 837/3513 840/3514 841/3515 838/3516
f 838/3517 841/3518 840/3519 837/3520
f 838/3521 841/3522 842/3523 839/3524
f 839/3525 842/3526 841/3527 838/3528
f 840/3529 843/3530 844/3531 841/3532
f 841/3533 844/3534 843/3535 840/3536
f 841/3537 844/3538 845/3539 842/3540
f 842/3541 845/3542 844/3543 841/3544
f 843/3545 846/3546 847/3547 844/3548
f 844/3549 847/3550 846/3551 843/3552
f 844/3553 847/3554 848/3555 845/3556
f 845/3557 848/3558 847/3559 844/3560
f 846/3561 849/3562 850/3563 847/3564
f 847/3565 850/3566 849/3567 846/3568
f 847/3569 850/3570 851/3571 848/3572
f 848/3573 851/3574 850/3575 847/3576
f 852/3577 855/3578 856/3579 853/3580
f 853/3581 856/3582 855/3583 852/3584
f 853/3585 856/3586 857/3587 854/3588
f 854/3589 857/3590 856/3591 853/3592
f 855/3593 858/3594 859/3595 856/3596
f 856/3597 859/3598 858/3599 855/3600
f 856/3601 859/3602 860/3603 857/3604
f 857/3605 860/3606 859/3607 856/3608
f 858/3609 861/3610 862/3611 859/3612
f 859/3613 862/3614 861/3615 858/3616
f 859/3617 862/3618 863/3619 860/3620
f 860/3621 863/3622 862/3623 859/3624
f 861/3625 864/3626 865/3627 862/3628
f 862/3629 865/3630 864/3631 861/3632
f 862/3633 865/3634 866/3635 863/3636
f 863/3637 866/3638 865/3639 862/3640
f 864/3641 867/3642 868/3643 865/3644
f 865/3645 868/3646 867/3647 864/3648
f 865/3649 868/3650 869/3651 866/3652
f 866/3653 869/3654 868/3655 865/3656
f 867/3657 870/3658 871/3659 868/3660
f 868/3661 871/3662 870/3663 867/3664
f 868/3665 871/3666 872/3667 869/3668
f 869/3669 872/3670 871/3671 868/3672
f 873/3673 876/3674 877/3675 874/3676
f 874/3677 877/3678 876/3679 873/3680
f 874/3681 877/3682 878/3683 875/3684
f 875/3685 878/3686 877/3687 874/3688
f 876/3689 879/3690 880/3691 877/3692
f 877/3693 880/3694 879/3695 876/3696
f 877/3697 880/3698 881/3699 878/3700
f 878/3701 881/3702 880/3703 877/3704
f 879/3705 882/3706 883/3707 880/3708
f 880/3709 883/3710 882/3711 879/3712
f 880/3713 883/3714 884/3715 881/3716
f 881/3717 884/3718 883/3719 880/3720
f 882/3721 885/3722 886/3723 883/3724
f 883/3725 886/3726 885/3727 882/3728
f 883/3729 886/3730 887/3731 884/3732
f 884/3733 887/3734 886/3735 883/3736
f 885/3737 888/3738 889/3739 886/3740
f 886/3741 889/3742 888/3743 885/3744
f 886/3745 889/3746 890/3747 887/3748
f 887/3749 890/3750 889/3751 886/3752
f 888/3753 891/3754 892/3755 889/3756
f 889/3757 892/3758 891/3759 888/3760
f 889/3761 892/3762 893/3763 890/3764
f 890/3765 893/3766 892/3767 889/3768
f 894/3769 897/3770 898/3771 895/3772
f 895/3773 898/3774 897/3775 894/3776
f 895/3777 898/3778 899/3779 896/3780
f 896/3781 899/3782 898/3783 895/3784
f 897/3785 900/3786 901/3787 898/3788
f 898/3789 901/3790 900/3791 897/3792
f 898/3793 901/3794 902/3795 899/3796
f 899/3797 902/3798 901/3799 898/3800
f 900/3801 903/3802 904/3803 901/3804
f 901/3805 904/3806 903/3807 900/3808
f 901/3809 904/3810 905/3811 902/3812
f 902/3813 905/3814 904/3815 901/3816
f 903/3817 906/3818 907/3819 904/3820
f 904/3821 907/3822 906/3823 903/3824
f 904/3825 907/3826 908/3827 905/3828
f 905/3829 908/3830 907/3831 904/3832
f 906/3833 909/3834 910/3835 907/3836
f 907/3837 910/3838 909/3839 906/3840
f 907/3841 910/3842 911/3843 908/3844
f 908/3845 911/3846 910/3847 907/3848
f 909/3849 912/3850 913/3851 910/3852
f 910/3853 913/3854 912/3855 909/3856
f 910/3857 913/3858 914/3859 911/3860
f 911/3861 914/3862 913/3863 910/3864
f 915/3865 918/3866 919/3867 916/3868
f 916/3869 919/3870 918/3871 915/3872
f 916/3873 919/3874 920/3875 917/3876
f 917/3877 920/3878 919/3879 916/3880
f 918/3881 921/3882 922/3883 919/3884
f 919/3885 922/3886 921/3887 918/3888
f 919/3889 922/3890 923/3891 920/3892
f 920/3893 923/3894 922/3895 919/3896
f 921/3897 924/3898 925/3899 922/3900
f 922/3901 925/3902 924/3903 921/3904
f 922/3905 925/3906 926/3907 923/3908
f 923/3909 926/3910 925/3911 922/3912
f 924/3913 927/3914 928/3915 925/3916
f 925/3917 928/3918 927/3919 924/3920
f 925/3921 928/3922 929/3923 926/3924
f 926/3925 929/3926 928/3927 925/3928
f 927/3929 930/3930 931/3931 928/3932
f 928/3933 931/3934 930/3935 927/3936
f 928/3937 931/3938 932/3939 929/3940
f 929/3941 932/3942 931/3943 928/3944
f 930/3945 933/3946 934/3947 931/3948
f 931/3949 934/3950 933/3951 930/3952
f 931/3953 934/3954 935/3955 932/3956
f 932/3957 935/3958 934/3959 931/3960
f 936/3961 939/3962 940/3963 937/3964
f 937/3965 940/3966 939/3967 936/3968
f 937/3969 940/3970 941/3971 938/3972
f 938/3973 941/3974 940/3975 937/3976
f 939/3977 942/3978 943/3979 940/3980
f 940/3981 943/3982 942/3983 939/3984
f 940/3985 943/3986 944/3987 941/3988
f 941/3989 944/3990 943/3991 940/3992
f 942/3993 945/3994 946/3995 943/3996
f 943/3997 946/3998 945/3999 942/4000
f 943/4001 946/4002 947/4003 944/4004
f 944/4005 947/4006 946/4007 943/4008
f 945/4009 948/4010 949/4011 946/4012
f 946/4013 949/4014 948/4015 945/4016
f 946/4017 949/4018 950/4019 947/4020
f 947/4021 950/4022 949/4023 946/4024
f 948/4025 951/4026 952/4027 949/4028
f 949/4029 952/4030 951/4031 948/4032
f 949/4033 952/4034 953/4035 950/4036
f 950/4037 953/4038 952/4039 949/4040
f 951/4041 954/4042 955/4043 952/4044
f 952/4045 955/4046 954/4047 951/4048
f 952/4049 955/4050 956/4051 953/4052
f 953/4053 956/4054 955/4055 952/4056
