# Generated by scripts/generate_terrace_planter_botanical_kit.py
mtllib VD_TerraceBotanical.mtl
o VD_Dracaena_C
v 10.698748 11.316635 0.164613
v 7.917286 10.412935 0.152535
v 6.198247 8.046938 0.134629
v 6.198247 5.122375 0.117733
v 7.917286 2.756329 0.108301
v 10.698748 1.852550 0.109936
v 13.480211 2.756250 0.122013
v 15.199249 5.122247 0.139920
v 15.199249 8.046810 0.156816
v 13.480211 10.412856 0.166247
v 10.263577 8.969592 176.698057
v 8.262185 8.319338 176.689367
v 7.025257 6.616893 176.676482
v 7.025257 4.512534 176.664325
v 8.262185 2.810054 176.657538
v 10.263577 2.159743 176.658715
v 12.264968 2.809997 176.667405
v 13.501896 4.512442 176.680289
v 13.501896 6.616801 176.692447
v 12.264968 8.319281 176.699233
v 10.629729 11.522829 27.137274
v 7.632024 10.548816 27.137274
v 5.779340 7.998816 27.137274
v 5.779340 4.846842 27.137274
v 7.632024 2.296842 27.137274
v 10.629729 1.322829 27.137274
v 13.627433 2.296842 27.137274
v 15.480117 4.846842 27.137274
v 15.480117 7.998816 27.137274
v 13.627433 10.548816 27.137274
v 10.629729 11.522829 29.137274
v 7.632024 10.548816 29.137274
v 5.779340 7.998816 29.137274
v 5.779340 4.846842 29.137274
v 7.632024 2.296842 29.137274
v 10.629729 1.322829 29.137274
v 13.627433 2.296842 29.137274
v 15.480117 4.846842 29.137274
v 15.480117 7.998816 29.137274
v 13.627433 10.548816 29.137274
v 10.570569 11.384175 51.137274
v 7.572864 10.410161 51.137274
v 5.720181 7.860161 51.137274
v 5.720181 4.708188 51.137274
v 7.572864 2.158188 51.137274
v 10.570569 1.184175 51.137274
v 13.568274 2.158188 51.137274
v 15.420957 4.708188 51.137274
v 15.420957 7.860161 51.137274
v 13.568274 10.410161 51.137274
v 10.570569 11.384175 53.137274
v 7.572864 10.410161 53.137274
v 5.720181 7.860161 53.137274
v 5.720181 4.708188 53.137274
v 7.572864 2.158188 53.137274
v 10.570569 1.184175 53.137274
v 13.568274 2.158188 53.137274
v 15.420957 4.708188 53.137274
v 15.420957 7.860161 53.137274
v 13.568274 10.410161 53.137274
v 10.511409 11.245520 75.137274
v 7.513704 10.271507 75.137274
v 5.661021 7.721507 75.137274
v 5.661021 4.569534 75.137274
v 7.513704 2.019534 75.137274
v 10.511409 1.045520 75.137274
v 13.509114 2.019534 75.137274
v 15.361797 4.569534 75.137274
v 15.361797 7.721507 75.137274
v 13.509114 10.271507 75.137274
v 10.511409 11.245520 77.137274
v 7.513704 10.271507 77.137274
v 5.661021 7.721507 77.137274
v 5.661021 4.569534 77.137274
v 7.513704 2.019534 77.137274
v 10.511409 1.045520 77.137274
v 13.509114 2.019534 77.137274
v 15.361797 4.569534 77.137274
v 15.361797 7.721507 77.137274
v 13.509114 10.271507 77.137274
v 10.452249 11.106866 99.137274
v 7.454545 10.132853 99.137274
v 5.601861 7.582853 99.137274
v 5.601861 4.430879 99.137274
v 7.454545 1.880879 99.137274
v 10.452249 0.906866 99.137274
v 13.449954 1.880879 99.137274
v 15.302638 4.430879 99.137274
v 15.302638 7.582853 99.137274
v 13.449954 10.132853 99.137274
v 10.452249 11.106866 101.137274
v 7.454545 10.132853 101.137274
v 5.601861 7.582853 101.137274
v 5.601861 4.430879 101.137274
v 7.454545 1.880879 101.137274
v 10.452249 0.906866 101.137274
v 13.449954 1.880879 101.137274
v 15.302638 4.430879 101.137274
v 15.302638 7.582853 101.137274
v 13.449954 10.132853 101.137274
v 10.393090 10.968211 123.137274
v 7.395385 9.994198 123.137274
v 5.542702 7.444198 123.137274
v 5.542702 4.292225 123.137274
v 7.395385 1.742225 123.137274
v 10.393090 0.768211 123.137274
v 13.390795 1.742225 123.137274
v 15.243478 4.292225 123.137274
v 15.243478 7.444198 123.137274
v 13.390795 9.994198 123.137274
v 10.393090 10.968211 125.137274
v 7.395385 9.994198 125.137274
v 5.542702 7.444198 125.137274
v 5.542702 4.292225 125.137274
v 7.395385 1.742225 125.137274
v 10.393090 0.768211 125.137274
v 13.390795 1.742225 125.137274
v 15.243478 4.292225 125.137274
v 15.243478 7.444198 125.137274
v 13.390795 9.994198 125.137274
v 10.333930 10.829557 147.137274
v 7.336225 9.855544 147.137274
v 5.483542 7.305544 147.137274
v 5.483542 4.153570 147.137274
v 7.336225 1.603570 147.137274
v 10.333930 0.629557 147.137274
v 13.331635 1.603570 147.137274
v 15.184318 4.153570 147.137274
v 15.184318 7.305544 147.137274
v 13.331635 9.855544 147.137274
v 10.333930 10.829557 149.137274
v 7.336225 9.855544 149.137274
v 5.483542 7.305544 149.137274
v 5.483542 4.153570 149.137274
v 7.336225 1.603570 149.137274
v 10.333930 0.629557 149.137274
v 13.331635 1.603570 149.137274
v 15.184318 4.153570 149.137274
v 15.184318 7.305544 149.137274
v 13.331635 9.855544 149.137274
v 10.269268 5.481062 175.578386
v 10.263577 5.564667 174.678386
v 10.257885 5.648273 175.578386
v 21.230883 5.112070 180.852307
v 21.149617 6.305776 179.992127
v 21.068350 7.499482 180.931948
v 32.176180 4.982759 182.393086
v 32.035657 7.046885 181.630951
v 31.895133 9.111011 182.668816
v 43.083509 5.411148 179.019290
v 42.921696 7.787993 178.357858
v 42.759884 10.164839 179.496427
v 53.947326 6.478689 170.344956
v 53.807736 8.529102 169.720076
v 53.668147 10.579515 170.895195
v 64.773965 8.092330 156.872156
v 64.693776 9.270211 156.170377
v 64.613588 10.448091 157.268597
v 75.585395 9.929374 139.829143
v 75.579816 10.011319 138.945759
v 75.574238 10.093265 139.862376
v 10.287128 5.489844 175.578386
v 10.263577 5.564667 174.678386
v 10.240025 5.639491 175.578386
v 22.783323 8.331190 183.375226
v 22.447063 9.399506 182.512495
v 22.110803 10.467822 183.449765
v 35.212002 11.387039 186.759039
v 34.630549 13.234345 185.988073
v 34.049096 15.081651 187.017106
v 47.483580 14.942005 184.049740
v 46.814035 17.069184 183.373027
v 46.144490 19.196362 184.496313
v 59.575112 19.068985 174.675872
v 58.997521 20.904022 174.033368
v 58.419930 22.739060 175.190864
v 71.512811 23.684704 159.317562
v 71.181007 24.738861 158.603086
v 70.849204 25.793018 159.688609
v 83.387577 28.500362 139.698719
v 83.364494 28.573700 138.814271
v 83.341410 28.647038 139.729824
v 10.300551 5.516474 175.578386
v 10.263577 5.564667 174.678386
v 10.226602 5.612861 175.578386
v 20.415194 12.259484 185.726169
v 19.887008 12.947928 184.818390
v 19.358822 13.636372 185.710611
v 30.425174 19.138912 191.410866
v 29.510439 20.331189 190.483921
v 28.595704 21.523465 191.356976
v 40.189903 26.338003 190.480658
v 39.133870 27.714449 189.533991
v 38.077837 29.090895 190.387324
v 49.671595 33.906008 182.138825
v 48.757301 35.097710 181.184944
v 47.843007 36.289411 182.031063
v 58.908409 41.793190 167.159317
v 58.380732 42.480970 166.220436
v 57.853056 43.168751 167.081556
v 68.041085 49.816108 147.684721
v 68.004164 49.864231 146.781456
v 67.967243 49.912354 147.678190
v 10.326886 5.528527 175.578386
v 10.263577 5.564667 174.678386
v 10.200268 5.600808 175.578386
v 16.908574 15.104651 184.999371
v 16.004245 15.620893 184.113742
v 15.099915 16.137136 185.028114
v 23.310809 24.783216 189.807179
v 21.744913 25.677119 188.956959
v 20.179016 26.571023 189.906739
v 29.292861 34.701647 187.992551
v 27.485581 35.733345 187.178759
v 25.678300 36.765044 188.164968
v 34.790356 44.896690 178.836854
v 33.226249 45.789571 178.036377
v 31.662141 46.682453 179.035899
v 39.869179 55.330734 163.100773
v 38.966916 55.845797 162.272577
v 38.064654 56.360861 163.244381
v 44.770677 65.866007 142.810609
v 44.707584 65.902023 141.916638
v 44.644492 65.938040 142.822668
v 10.345988 5.547347 175.578386
v 10.263577 5.564667 174.678386
v 10.181165 5.581988 175.578386
v 13.852524 16.792966 182.128639
v 12.675482 17.040351 181.203173
v 11.498440 17.287736 182.077707
v 17.124714 28.087839 185.051720
v 15.087388 28.516034 184.063523
v 13.050062 28.944230 184.875326
v 19.849158 39.497834 182.866565
v 17.499294 39.991718 181.813859
v 15.149429 40.485601 182.561154
v 21.943046 51.040357 175.001301
v 19.911200 51.467401 173.925065
v 17.879353 51.894445 174.648828
v 23.493822 62.697028 161.953359
v 22.323105 62.943084 160.926257
v 21.152389 63.189140 161.699154
v 24.816759 74.401586 145.173679
v 24.735011 74.418768 144.263011
v 24.653264 74.435949 145.152343
v 10.318893 5.577796 175.578386
v 10.263577 5.564667 174.678386
v 10.208260 5.551539 175.578386
v 7.903446 19.025751 186.321359
v 7.113264 18.838211 185.431284
v 6.323083 18.650671 186.341208
v 5.331281 32.436511 192.437993
v 3.962952 32.111755 191.572370
v 2.594624 31.786999 192.506748
v 2.392060 45.760154 191.683226
v 0.812640 45.385298 190.842762
v -0.766779 45.010443 191.802299
v -0.970570 58.983307 183.246917
v -2.337672 58.658842 182.415651
v -3.704774 58.334377 183.384386
v -4.699218 72.119590 167.968252
v -5.487984 71.932386 167.117846
v -6.276750 71.745182 168.067440
v -8.583128 85.219023 148.104064
v -8.638296 85.205929 147.208229
v -8.693465 85.192836 148.112394
v 10.323332 5.613913 175.578386
v 10.263577 5.564667 174.678386
v 10.203821 5.515422 175.578386
v 4.414016 14.401852 186.064356
v 3.560453 13.698421 185.180002
v 2.706889 12.994989 186.095648
v -1.664700 23.050188 191.166798
v -3.142671 21.832174 190.320992
v -4.620643 20.614160 191.275186
v -8.140035 31.371665 188.627325
v -9.845795 29.965927 187.821176
v -11.551556 28.560189 188.815028
v -15.072722 39.316232 177.637605
v -16.548919 38.099680 176.845950
v -18.025116 36.883128 177.854295
v -22.400528 46.935176 159.051749
v -23.252043 46.233433 158.229917
v -24.103558 45.531689 159.208084
v -29.895627 54.416254 135.146695
v -29.955167 54.367186 134.253258
v -30.014708 54.318118 135.159822
v 10.310337 5.629162 175.578386
v 10.263577 5.564667 174.678386
v 10.216817 5.500173 175.578386
v 0.977986 13.702553 185.837924
v 0.310029 12.781268 184.925054
v -0.357928 11.859984 185.812184
v -8.486805 21.593275 191.499431
v -9.643518 19.997869 190.554851
v -10.800232 18.402464 191.410271
v -18.261835 29.056096 190.373229
v -19.597066 27.214470 189.396023
v -20.932297 25.372843 190.218816
v -28.394787 36.025252 181.642789
v -29.550613 34.431071 180.653651
v -30.706439 32.836889 181.464514
v -38.837228 42.567542 166.086971
v -39.504161 41.647671 165.122654
v -40.171093 40.727801 165.958337
v -49.411056 48.928618 145.880187
v -49.457708 48.864272 144.974785
v -49.504360 48.799927 145.869384
v 10.280742 5.634393 175.578386
v 10.263577 5.564667 174.678386
v 10.246411 5.494942 175.578386
v -2.617804 9.792232 181.984218
v -2.862989 8.796323 181.065567
v -3.108173 7.800414 181.946916
v -15.565092 13.752087 184.091198
v -15.989554 12.027978 183.126599
v -16.414016 10.303869 183.962000
v -28.626398 17.248817 180.394337
v -29.116119 15.259634 179.382478
v -29.605840 13.270450 180.170620
v -41.819065 20.211977 170.320964
v -42.242684 18.491289 169.291851
v -42.666304 16.770600 170.062738
v -55.125037 22.714904 154.389203
v -55.369249 21.722944 153.396070
v -55.613462 20.730985 154.202937
v -68.478751 25.023910 134.081959
v -68.495815 24.954600 133.174141
v -68.512878 24.885289 134.066322
v 10.255991 5.625808 175.578386
v 10.263577 5.564667 174.678386
v 10.271162 5.503527 175.578386
v 0.215632 5.204495 180.436497
v 0.323936 4.331519 179.565141
v 0.432241 3.458543 180.493785
v -9.802995 4.608006 182.106573
v -9.615704 3.098370 181.305747
v -9.428413 1.588735 182.304921
v -19.771036 3.603776 179.511174
v -19.555344 1.865222 178.782797
v -19.339653 0.126667 179.854420
v -29.681084 2.132108 172.289363
v -29.494984 0.632073 171.587291
v -29.308885 -0.867961 172.685219
v -39.541555 0.260820 160.885614
v -39.434625 -0.601075 160.128229
v -39.327695 -1.462971 161.170844
v -49.381706 -1.774246 146.411062
v -49.374265 -1.834224 145.523019
v -49.366824 -1.894202 146.434975
v 10.232880 5.627498 175.578386
v 10.263577 5.564667 174.678386
v 10.294273 5.501837 175.578386
v -0.056304 1.634061 184.160072
v 0.382002 0.736923 183.228521
v 0.820308 -0.160214 184.096971
v -10.257604 -2.539259 187.930819
v -9.499572 -4.090821 186.921578
v -8.741541 -5.642382 187.712338
v -20.254261 -7.131449 184.947542
v -19.381147 -8.918565 183.858490
v -18.508033 -10.705681 184.569437
v -30.016213 -12.204040 174.462193
v -29.262722 -13.746309 173.344149
v -28.509230 -15.288579 174.026104
v -39.577362 -17.687640 157.130786
v -39.144296 -18.574053 156.073662
v -38.711230 -19.460466 156.816537
v -49.056018 -23.340092 134.859271
v -49.025871 -23.401798 133.946097
v -48.995724 -23.463503 134.832922
v 10.197146 5.619728 175.578386
v 10.263577 5.564667 174.678386
v 10.330007 5.509607 175.578386
v 0.691102 -4.052896 181.407106
v 1.640089 -4.839466 180.514673
v 2.589077 -5.626037 181.422239
v -8.626999 -13.881298 183.706028
v -6.983398 -15.243600 182.832238
v -5.339796 -16.605903 183.758449
v -17.504574 -24.074831 181.171807
v -15.606885 -25.647734 180.317204
v -13.709196 -27.220638 181.262601
v -25.873602 -34.689874 173.336239
v -24.230372 -36.051868 172.488656
v -22.587142 -37.413863 173.441074
v -33.802418 -45.669788 160.689682
v -32.853859 -46.456002 159.827509
v -31.905301 -47.242217 160.765336
v -41.543732 -56.805113 144.544463
v -41.477346 -56.860136 143.647640
v -41.410961 -56.915160 144.550817
v 10.208584 5.584856 175.578386
v 10.263577 5.564667 174.678386
v 10.318569 5.544479 175.578386
v 5.968198 -3.708516 181.187703
v 6.753479 -3.996800 180.311807
v 7.538761 -4.285084 181.235911
v 1.884928 -13.059567 182.298630
v 3.243382 -13.558268 181.482095
v 4.601836 -14.056968 182.465561
v -1.832066 -22.545081 177.584316
v -0.266715 -23.119735 176.828782
v 1.298636 -23.694389 177.873248
v -5.128500 -32.184986 166.587248
v -3.776812 -32.681203 165.853902
v -2.425124 -33.177419 166.920555
v -8.064381 -41.957253 149.835298
v -7.286909 -42.242670 149.055420
v -6.509437 -42.528087 150.075542
v -10.851179 -51.784250 128.683730
v -10.797006 -51.804138 127.793805
v -10.742833 -51.824025 128.703880
v 10.186376 5.558585 175.578386
v 10.263577 5.564667 174.678386
v 10.340777 5.570750 175.578386
v 9.886319 -3.731698 185.597350
v 10.989180 -3.644805 184.695656
v 12.092042 -3.557911 185.593962
v 9.804579 -13.004780 190.791081
v 11.714784 -12.854277 189.885212
v 13.624990 -12.703774 190.779343
v 10.234686 -22.237534 189.006911
v 12.440388 -22.063749 188.096745
v 14.646090 -21.889964 188.986580
v 11.255813 -31.423722 179.454926
v 13.165992 -31.273221 178.543188
v 15.076170 -31.122720 179.431450
v 12.788765 -40.569584 162.920078
v 13.891595 -40.482693 162.011607
v 14.994426 -40.395802 162.903136
v 14.540002 -49.698248 141.553024
v 14.617199 -49.692165 140.652312
v 14.694396 -49.686083 141.551601
v 10.207045 5.542275 175.578386
v 10.263577 5.564667 174.678386
v 10.320108 5.587060 175.578386
v 13.769651 -5.644114 180.542049
v 14.576735 -5.324429 179.672825
v 15.383819 -5.004744 180.603602
v 17.494617 -16.766194 182.082629
v 18.889894 -16.213526 181.289173
v 20.285171 -15.660858 182.295718
v 21.596989 -27.738782 179.086988
v 23.203052 -27.102623 178.371335
v 24.809116 -26.466463 179.455683
v 26.131452 -38.540221 171.183596
v 27.516211 -37.991719 170.496151
v 28.900970 -37.443218 171.608705
v 31.034423 -49.195694 158.833671
v 31.829370 -48.880816 158.086780
v 32.624317 -48.565939 159.139889
v 36.087270 -59.791800 143.186486
v 36.142528 -59.769913 142.299318
v 36.197787 -59.748025 143.212149
v 10.215303 5.501822 175.578386
v 10.263577 5.564667 174.678386
v 10.311850 5.627513 175.578386
v 17.187078 -1.180757 181.196925
v 17.876559 -0.283157 180.319951
v 18.566041 0.614444 181.242978
v 24.296066 -7.684705 182.721629
v 25.489542 -6.130981 181.901378
v 26.683017 -4.577256 182.881127
v 31.725843 -13.771035 178.857562
v 33.102524 -11.978805 178.095644
v 34.479205 -10.186574 179.133726
v 39.524994 -19.376496 169.157658
v 40.715507 -17.826629 168.417024
v 41.906019 -16.276762 169.476390
v 47.642429 -24.567600 154.136302
v 48.328489 -23.674453 153.351243
v 49.014550 -22.781306 154.366184
v 55.893557 -29.584654 135.115676
v 55.941472 -29.522277 134.225323
v 55.989386 -29.459899 135.134971
v 10.229552 5.489443 175.578386
v 10.263577 5.564667 174.678386
v 10.297601 5.639892 175.578386
v 19.530674 0.078657 184.645942
v 20.016718 1.153245 183.757315
v 20.502763 2.227833 184.668687
v 28.928124 -5.119159 189.522132
v 29.769860 -3.258177 188.661525
v 30.611597 -1.397196 189.600919
v 38.551275 -9.817977 188.291271
v 39.523002 -7.669600 187.459498
v 40.494730 -5.521223 188.427724
v 48.434877 -13.940966 180.265474
v 49.276144 -12.081022 179.444247
v 50.117411 -10.221079 180.423019
v 58.543784 -17.565834 166.165916
v 59.029286 -16.492445 165.322758
v 59.514788 -15.419055 166.279599
v 68.748460 -20.978966 147.921776
v 68.782428 -20.903867 147.026550
v 68.816396 -20.828768 147.931324
v -5.901408 21.989910 0.037824
v -9.080203 20.958112 0.113634
v -11.044806 18.254738 0.198474
v -11.044806 14.912387 0.259938
v -9.080203 12.207722 0.274549
v -5.901408 11.173834 0.236725
v -2.722614 12.205633 0.160914
v -0.758011 14.909006 0.076074
v -0.758011 18.251357 0.014610
v -2.722614 20.956022 0.000000
v -2.917681 23.258698 166.947607
v -5.038468 22.570316 166.998185
v -6.349187 20.766714 167.054788
v -6.349187 18.536807 167.095794
v -5.038468 16.732343 167.105542
v -2.917681 16.042567 167.080307
v -0.796893 16.730949 167.029729
v 0.513826 18.534551 166.973126
v 0.513826 20.764458 166.932119
v -0.796893 22.568922 166.922372
v -5.400773 22.196775 27.137274
v -8.398478 21.222762 27.137274
v -10.251161 18.672762 27.137274
v -10.251161 15.520788 27.137274
v -8.398478 12.970788 27.137274
v -5.400773 11.996775 27.137274
v -2.403068 12.970788 27.137274
v -0.550385 15.520788 27.137274
v -0.550385 18.672762 27.137274
v -2.403068 21.222762 27.137274
v -5.400773 22.196775 29.137274
v -8.398478 21.222762 29.137274
v -10.251161 18.672762 29.137274
v -10.251161 15.520788 29.137274
v -8.398478 12.970788 29.137274
v -5.400773 11.996775 29.137274
v -2.403068 12.970788 29.137274
v -0.550385 15.520788 29.137274
v -0.550385 18.672762 29.137274
v -2.403068 21.222762 29.137274
v -4.971657 22.638120 51.137274
v -7.969362 21.664107 51.137274
v -9.822045 19.114107 51.137274
v -9.822045 15.962134 51.137274
v -7.969362 13.412134 51.137274
v -4.971657 12.438120 51.137274
v -1.973952 13.412134 51.137274
v -0.121269 15.962134 51.137274
v -0.121269 19.114107 51.137274
v -1.973952 21.664107 51.137274
v -4.971657 22.638120 53.137274
v -7.969362 21.664107 53.137274
v -9.822045 19.114107 53.137274
v -9.822045 15.962134 53.137274
v -7.969362 13.412134 53.137274
v -4.971657 12.438120 53.137274
v -1.973952 13.412134 53.137274
v -0.121269 15.962134 53.137274
v -0.121269 19.114107 53.137274
v -1.973952 21.664107 53.137274
v -4.542541 23.079466 75.137274
v -7.540246 22.105452 75.137274
v -9.392929 19.555452 75.137274
v -9.392929 16.403479 75.137274
v -7.540246 13.853479 75.137274
v -4.542541 12.879466 75.137274
v -1.544836 13.853479 75.137274
v 0.307847 16.403479 75.137274
v 0.307847 19.555452 75.137274
v -1.544836 22.105452 75.137274
v -4.542541 23.079466 77.137274
v -7.540246 22.105452 77.137274
v -9.392929 19.555452 77.137274
v -9.392929 16.403479 77.137274
v -7.540246 13.853479 77.137274
v -4.542541 12.879466 77.137274
v -1.544836 13.853479 77.137274
v 0.307847 16.403479 77.137274
v 0.307847 19.555452 77.137274
v -1.544836 22.105452 77.137274
v -4.113425 23.520811 99.137274
v -7.111130 22.546798 99.137274
v -8.963813 19.996798 99.137274
v -8.963813 16.844824 99.137274
v -7.111130 14.294824 99.137274
v -4.113425 13.320811 99.137274
v -1.115720 14.294824 99.137274
v 0.736963 16.844824 99.137274
v 0.736963 19.996798 99.137274
v -1.115720 22.546798 99.137274
v -4.113425 23.520811 101.137274
v -7.111130 22.546798 101.137274
v -8.963813 19.996798 101.137274
v -8.963813 16.844824 101.137274
v -7.111130 14.294824 101.137274
v -4.113425 13.320811 101.137274
v -1.115720 14.294824 101.137274
v 0.736963 16.844824 101.137274
v 0.736963 19.996798 101.137274
v -1.115720 22.546798 101.137274
v -3.684309 23.962156 123.137274
v -6.682014 22.988143 123.137274
v -8.534697 20.438143 123.137274
v -8.534697 17.286170 123.137274
v -6.682014 14.736170 123.137274
v -3.684309 13.762156 123.137274
v -0.686604 14.736170 123.137274
v 1.166079 17.286170 123.137274
v 1.166079 20.438143 123.137274
v -0.686604 22.988143 123.137274
v -3.684309 23.962156 125.137274
v -6.682014 22.988143 125.137274
v -8.534697 20.438143 125.137274
v -8.534697 17.286170 125.137274
v -6.682014 14.736170 125.137274
v -3.684309 13.762156 125.137274
v -0.686604 14.736170 125.137274
v 1.166079 17.286170 125.137274
v 1.166079 20.438143 125.137274
v -0.686604 22.988143 125.137274
v -2.909975 19.574604 165.913957
v -2.917681 19.650633 165.013957
v -2.925386 19.726661 165.913957
v 6.207052 19.478677 176.749684
v 6.097026 20.564280 175.816074
v 5.986999 21.649883 176.682465
v 15.302033 19.600281 182.156196
v 15.111732 21.477927 181.139825
v 14.921432 23.355573 181.923454
v 24.345658 20.228599 179.744267
v 24.126439 22.391574 178.642865
v 23.907220 24.554549 179.341464
v 33.330363 21.438261 168.600138
v 33.141145 23.305221 167.467838
v 32.951927 25.172182 168.135537
v 42.264629 23.145597 149.539509
v 42.155852 24.218869 148.472099
v 42.047075 25.292140 149.204689
v 51.178133 25.057782 124.912032
v 51.170558 25.132516 123.997994
v 51.162984 25.207250 124.883956
v -2.892992 19.572154 165.913957
v -2.917681 19.650633 165.013957
v -2.942369 19.729111 165.913957
v 8.958272 22.155390 172.633769
v 8.605794 23.275821 171.692582
v 8.253316 24.396251 172.551395
v 20.738653 24.963942 174.713611
v 20.129268 26.901009 173.671022
v 19.519883 28.838075 174.428433
v 32.354235 28.296343 170.534228
v 31.652742 30.526197 169.387510
v 30.951249 32.756050 170.040791
v 43.781107 32.228604 159.454875
v 43.176217 34.151385 158.270398
v 42.571326 36.074166 158.885921
v 55.046983 36.672627 141.996258
v 54.699691 37.776573 140.891333
v 54.352399 38.880518 141.586408
v 66.247310 41.325011 119.729258
v 66.223165 41.401761 118.812083
v 66.199021 41.478510 119.694908
v -2.880106 19.608808 165.913957
v -2.917681 19.650633 165.013957
v -2.955256 19.692457 165.913957
v 5.105873 25.779755 173.757380
v 4.569348 26.376957 172.882352
v 4.032823 26.974159 173.807324
v 12.984316 32.070397 176.668522
v 12.056376 33.103281 175.854986
v 11.128436 34.136165 176.841450
v 20.612305 38.639819 172.897732
v 19.543405 39.829605 172.147371
v 18.474504 41.019392 173.197011
v 27.952988 45.529040 161.833747
v 27.030433 46.555930 161.106341
v 26.107878 47.582819 162.178934
v 35.047771 52.691970 144.160683
v 34.517462 53.282254 143.385061
v 33.987152 53.872538 144.409440
v 42.041413 59.967479 121.657591
v 42.004490 60.008578 120.768020
v 41.967567 60.049677 121.678450
v -2.838710 19.601696 165.913957
v -2.917681 19.650633 165.013957
v -2.996651 19.699570 165.913957
v 4.164608 28.560158 172.736523
v 3.036597 29.259171 171.815499
v 1.908586 29.958184 172.694476
v 10.943912 37.657440 175.631100
v 8.990875 38.867710 174.658282
v 7.037838 40.077979 175.485463
v 17.198911 47.079626 173.049499
v 14.945153 48.476248 172.023400
v 12.691396 49.872871 172.797300
v 22.849527 56.876339 164.400460
v 20.899431 58.084787 163.354896
v 18.949335 59.293234 164.109331
v 27.978325 66.996417 150.213739
v 26.853709 67.693325 149.208727
v 25.729093 68.390234 150.003714
v 32.886601 77.253148 132.012615
v 32.807987 77.301864 131.103798
v 32.729373 77.350580 131.994981
v -2.848595 19.625136 165.913957
v -2.917681 19.650633 165.013957
v -2.986767 19.676129 165.913957
v 2.117927 30.257816 171.236325
v 1.131283 30.621938 170.362183
v 0.144640 30.986059 171.288041
v 6.887615 40.963138 173.105549
v 5.180247 41.593243 172.295096
v 3.472880 42.223347 173.284643
v 11.197729 51.838065 170.337164
v 9.229211 52.564548 169.592185
v 7.260693 53.291030 170.647206
v 14.979351 62.908033 162.527835
v 13.278175 63.535853 161.806712
v 11.576999 64.163672 162.885589
v 18.306635 74.145674 150.156438
v 17.327139 74.507158 149.385415
v 16.347643 74.868641 150.414391
v 21.444438 85.453243 134.437982
v 21.376103 85.478463 133.548804
v 21.307767 85.503682 134.459626
v -2.826602 19.649488 165.913957
v -2.917681 19.650633 165.013957
v -3.008759 19.651777 165.913957
v -1.465643 31.656995 174.387093
v -2.766611 31.673343 173.467009
v -4.067579 31.689690 174.346924
v -0.363003 43.667749 178.590025
v -2.615541 43.696053 177.620459
v -4.868078 43.724357 178.450892
v 0.134986 55.686100 176.660717
v -2.464470 55.718763 175.640248
v -5.063927 55.751426 176.419779
v -0.064083 67.713209 167.894133
v -2.313400 67.741473 166.855065
v -4.562717 67.769737 167.615998
v -0.865080 79.747883 152.936550
v -2.162330 79.764183 151.936222
v -3.459580 79.780484 152.735895
v -1.920572 91.785754 133.626201
v -2.011260 91.786893 132.717777
v -2.101948 91.788033 133.609353
v -2.861247 19.671758 165.913957
v -2.917681 19.650633 165.013957
v -2.974114 19.629507 165.913957
v -5.790466 29.780034 172.563292
v -6.596608 29.478258 171.653512
v -7.402751 29.176482 172.543732
v -8.879527 39.828473 174.708016
v -10.275536 39.305884 173.774139
v -11.671545 38.783294 174.640262
v -12.343012 49.736749 170.795177
v -13.954464 49.133509 169.836506
v -15.565916 48.530269 170.677836
v -16.238464 59.483320 160.244915
v -17.633392 58.961135 159.277178
v -19.028319 58.438950 160.109442
v -20.507426 69.090069 143.608465
v -21.312319 68.788761 142.659590
v -22.117213 68.487452 143.510715
v -24.934945 78.637463 122.427179
v -24.991247 78.616386 121.523074
v -25.047550 78.595310 122.418970
v -2.871818 19.700934 165.913957
v -2.917681 19.650633 165.013957
v -2.963543 19.600331 165.913957
v -11.706485 28.979310 175.575724
v -12.361365 28.261056 174.646151
v -13.016244 27.542801 175.516578
v -20.672338 38.113805 179.735462
v -21.805048 36.871479 178.733065
v -22.937758 35.629152 179.530667
v -29.943819 46.913096 176.206158
v -31.248732 45.481902 175.128936
v -32.553645 44.050708 175.851715
v -39.565995 55.327753 164.152780
v -40.692416 54.092325 163.048363
v -41.818836 52.856897 163.743947
v -49.488480 63.413040 144.324069
v -50.136100 62.702748 143.276749
v -50.783720 61.992455 144.029429
v -59.534682 71.362636 118.872207
v -59.579783 71.313171 117.959854
v -59.624885 71.263705 118.847500
v -2.876749 19.726140 165.913957
v -2.917681 19.650633 165.013957
v -2.958612 19.575125 165.913957
v -10.177602 24.981010 171.112496
v -10.762019 23.902916 170.253061
v -11.346435 22.824822 171.193626
v -17.595778 30.019450 173.258807
v -18.606357 28.155200 172.499252
v -19.616935 26.290949 173.539698
v -25.286972 34.554244 171.244391
v -26.450694 32.407483 170.587428
v -27.614417 30.260722 171.730465
v -33.291086 38.511782 164.710855
v -34.295032 36.659767 164.091131
v -35.298979 34.807751 165.271408
v -41.562608 41.976024 154.134879
v -42.139370 40.912050 153.436819
v -42.716133 39.848076 154.538760
v -49.943580 45.238360 140.672665
v -49.983708 45.164334 139.789594
v -50.023837 45.090307 140.706523
v -2.893126 19.739825 165.913957
v -2.917681 19.650633 165.013957
v -2.942235 19.561440 165.913957
v -13.100537 23.824018 172.802594
v -13.451147 22.550434 171.943050
v -13.801757 21.276850 172.883506
v -23.378192 27.653047 175.301639
v -23.984613 25.450236 174.541717
v -24.591034 23.247425 175.581796
v -33.819487 30.887658 171.894412
v -34.518079 28.350037 171.236846
v -35.216672 25.812416 172.379280
v -44.448537 33.440257 162.073005
v -45.051546 31.249839 161.452637
v -45.654555 29.059421 162.632269
v -55.238339 35.408921 146.463366
v -55.585012 34.149640 145.764889
v -55.931685 32.890360 146.866413
v -66.094337 37.137134 126.629817
v -66.118478 37.049442 125.746716
v -66.142619 36.961750 126.663615
v -2.933507 19.717715 165.913957
v -2.917681 19.650633 165.013957
v -2.901855 19.583550 165.913957
v -12.257114 18.458856 170.605591
v -12.031048 17.500618 169.692528
v -11.804982 16.542381 170.579464
v -21.535870 17.009882 171.146221
v -21.144415 15.350604 170.200970
v -20.752961 13.691327 171.055719
v -30.709597 15.115715 166.347691
v -30.257783 13.200590 165.369326
v -29.805969 11.285465 166.190960
v -39.762191 12.708100 155.759830
v -39.371150 11.050576 154.769360
v -38.980109 9.393051 155.578890
v -48.710106 9.856775 139.794582
v -48.484517 8.900561 138.829308
v -48.258929 7.944348 139.664034
v -57.613660 6.817417 119.624608
v -57.597885 6.750547 118.719127
v -57.582109 6.683677 119.613646
v -2.939792 19.705267 165.913957
v -2.917681 19.650633 165.013957
v -2.895569 19.595998 165.913957
v -13.014933 16.471852 175.129452
v -12.699238 15.691823 174.258329
v -12.383544 14.911794 175.187206
v -23.026630 13.081679 179.196370
v -22.480796 11.733014 178.396343
v -21.934962 10.384348 179.396317
v -32.890773 9.326923 176.114297
v -32.262354 7.774204 175.387286
v -31.633935 6.221486 176.460274
v -42.585890 5.154534 165.184726
v -42.043911 3.815395 164.484202
v -41.501932 2.476255 165.583678
v -52.136715 0.625622 147.190341
v -51.825469 -0.143415 146.434046
v -51.514223 -0.912452 147.477752
v -61.628672 -4.048743 124.165488
v -61.607027 -4.102224 123.277533
v -61.585382 -4.155706 124.189578
v -2.974485 19.714522 165.913957
v -2.917681 19.650633 165.013957
v -2.860877 19.586743 165.913957
v -11.693092 13.481854 174.724515
v -10.882013 12.569599 173.785891
v -10.070934 11.657344 174.647267
v -20.249067 7.066265 179.101875
v -18.846345 5.488565 178.068146
v -17.443623 3.910866 178.834416
v -28.426346 0.224742 177.086497
v -26.810677 -1.592468 175.955064
v -25.195008 -3.409678 176.623630
v -36.169308 -7.105276 167.916050
v -34.775009 -8.673502 166.749126
v -33.380710 -10.241727 167.382202
v -43.540699 -14.853215 152.240199
v -42.739341 -15.754535 151.147852
v -41.937984 -16.655855 151.855505
v -50.759458 -22.772826 131.973026
v -50.703674 -22.835569 131.056898
v -50.647889 -22.898311 131.940771
v -2.997418 19.680384 165.913957
v -2.917681 19.650633 165.013957
v -2.837943 19.620881 165.913957
v -7.357565 11.229213 172.742544
v -6.218493 10.804199 171.852068
v -5.079421 10.379184 172.761592
v -11.492054 2.693844 175.276853
v -9.519305 1.957765 174.409846
v -7.546556 1.221686 175.342838
v -15.097702 -6.038849 171.977106
v -12.820117 -6.888669 171.134248
v -10.542532 -7.738489 172.091389
v -18.092952 -14.999295 162.290844
v -16.120929 -15.735103 161.456821
v -14.148907 -16.470911 162.422798
v -20.559975 -24.156835 146.798408
v -19.421741 -24.581537 145.946018
v -18.283508 -25.006238 146.893628
v -22.802203 -33.398251 127.050884
v -22.722554 -33.427970 126.154882
v -22.642904 -33.457690 127.058881
v -2.988793 19.661928 165.913957
v -2.917681 19.650633 165.013957
v -2.846568 19.639337 165.913957
v -6.086317 6.258832 172.077475
v -5.070458 6.097473 171.169118
v -4.054599 5.936115 172.060761
v -8.982580 -7.176233 173.609748
v -7.223235 -7.455686 172.680800
v -5.463890 -7.735139 173.551851
v -11.407193 -20.686213 169.032825
v -9.376012 -21.008845 168.082687
v -7.344830 -21.331477 168.932549
v -13.287437 -34.282662 157.795960
v -11.528789 -34.562005 156.838071
v -9.770141 -34.841347 157.680181
v -14.696620 -47.953933 140.425434
v -13.681566 -48.115164 139.483660
v -12.666512 -48.276395 140.341886
v -15.905371 -61.657041 118.389278
v -15.834343 -61.668323 117.485770
v -15.763315 -61.679605 118.382261
v -2.998917 19.624751 165.913957
v -2.917681 19.650633 165.013957
v -2.836445 19.676515 165.913957
v -1.243025 10.383199 172.154608
v -0.082821 10.752843 171.282802
v 1.077383 11.122487 172.210995
v 0.744121 1.215326 174.552157
v 2.752039 1.855054 173.749796
v 4.759956 2.494782 174.747436
v 3.271463 -7.780440 171.732712
v 5.586898 -7.042736 171.001753
v 7.902334 -6.305032 172.070793
v 6.420298 -16.578196 163.226338
v 8.421758 -15.940525 162.521408
v 10.423218 -15.302855 163.616477
v 10.103867 -25.205584 149.585358
v 11.256617 -24.838315 148.826024
v 12.409367 -24.471045 149.866690
v 14.011023 -33.761737 132.216986
v 14.091477 -33.736104 131.328790
v 14.171931 -33.710471 132.240594
v -2.966590 19.616408 165.913957
v -2.917681 19.650633 165.013957
v -2.868771 19.684857 165.913957
v 2.708513 10.123228 174.423107
v 3.407064 10.612038 173.541250
v 4.105616 11.100849 174.459392
v 8.522704 0.727374 177.798568
v 9.731809 1.573444 176.961402
v 10.940914 2.419514 177.924236
v 14.661980 -8.441002 174.148880
v 16.056554 -7.465150 173.357670
v 17.451127 -6.489299 174.366461
v 21.175478 -17.347516 162.802925
v 22.381299 -16.503745 162.028479
v 23.587119 -15.659973 163.054033
v 28.011284 -26.028496 144.484854
v 28.706043 -25.542339 143.675404
v 29.400803 -25.056182 144.665953
v 34.982277 -34.614879 121.107588
v 35.030788 -34.580933 120.215188
v 35.079300 -34.546987 121.122788
v -2.958614 19.595812 165.913957
v -2.917681 19.650633 165.013957
v -2.876747 19.705453 165.913957
v 4.800417 12.668087 174.631848
v 5.385077 13.451097 173.750582
v 5.969738 14.234106 174.669317
v 12.675732 5.896097 179.322095
v 13.687835 7.251561 178.486983
v 14.699939 8.607025 179.451870
v 20.822991 -0.511692 178.153587
v 21.990594 1.052025 177.365941
v 23.158196 2.615742 178.378295
v 29.283480 -6.499986 170.477988
v 30.293352 -5.147511 169.707668
v 31.303223 -3.795036 170.737347
v 38.014026 -12.126605 156.998415
v 38.596110 -11.347047 156.191952
v 39.178193 -10.567488 157.185489
v 46.858204 -17.601041 139.568160
v 46.898868 -17.546583 138.676011
v 46.939531 -17.492124 139.583863
v -2.954246 19.563618 165.913957
v -2.917681 19.650633 165.013957
v -2.881115 19.737648 165.913957
v 6.097052 14.400134 176.104370
v 6.619322 15.642977 175.230215
v 7.141592 16.885821 176.156059
v 15.252226 9.483841 180.944271
v 16.156325 11.635322 180.133782
v 17.060424 13.786803 181.123294
v 24.650323 5.145634 178.242995
v 25.693328 7.627667 177.497985
v 26.736332 10.109701 178.552976
v 34.328225 1.473275 167.228913
v 35.230330 3.620012 166.507805
v 36.132436 5.766749 167.586696
v 44.247365 -1.625010 148.749227
v 44.767333 -0.387643 147.978259
v 45.287301 0.849724 149.007292
v 54.268012 -4.481738 125.025193
v 54.304336 -4.395298 124.136024
v 54.340660 -4.308858 125.046855
v -2.924022 -5.124723 0.185049
v -5.943029 -6.105312 0.132394
v -7.808878 -8.673339 0.081602
v -7.808878 -11.847903 0.052076
v -5.943029 -14.416430 0.055092
v -2.924022 -15.397829 0.089499
v 0.094985 -14.417240 0.142155
v 1.960834 -11.849214 0.192946
v 1.960834 -8.674649 0.222473
v 0.094985 -6.106122 0.219456
v -5.535340 -8.926324 181.250573
v -7.309886 -9.502706 181.219622
v -8.406615 -11.012169 181.189768
v -8.406615 -12.878150 181.172412
v -7.309886 -14.387908 181.174185
v -5.535340 -14.964766 181.194409
v -3.760793 -14.388384 181.225360
v -2.664064 -12.878921 181.255215
v -2.664064 -11.012939 181.272570
v -3.760793 -9.503182 181.270797
v -3.327793 -5.421703 27.137274
v -6.325498 -6.395717 27.137274
v -8.178181 -8.945717 27.137274
v -8.178181 -12.097690 27.137274
v -6.325498 -14.647690 27.137274
v -3.327793 -15.621703 27.137274
v -0.330088 -14.647690 27.137274
v 1.522595 -12.097690 27.137274
v 1.522595 -8.945717 27.137274
v -0.330088 -6.395717 27.137274
v -3.327793 -5.421703 29.137274
v -6.325498 -6.395717 29.137274
v -8.178181 -8.945717 29.137274
v -8.178181 -12.097690 29.137274
v -6.325498 -14.647690 29.137274
v -3.327793 -15.621703 29.137274
v -0.330088 -14.647690 29.137274
v 1.522595 -12.097690 29.137274
v 1.522595 -8.945717 29.137274
v -0.330088 -6.395717 29.137274
v -3.673882 -5.644927 51.137274
v -6.671587 -6.618940 51.137274
v -8.524270 -9.168940 51.137274
v -8.524270 -12.320913 51.137274
v -6.671587 -14.870913 51.137274
v -3.673882 -15.844927 51.137274
v -0.676177 -14.870913 51.137274
v 1.176506 -12.320913 51.137274
v 1.176506 -9.168940 51.137274
v -0.676177 -6.618940 51.137274
v -3.673882 -5.644927 53.137274
v -6.671587 -6.618940 53.137274
v -8.524270 -9.168940 53.137274
v -8.524270 -12.320913 53.137274
v -6.671587 -14.870913 53.137274
v -3.673882 -15.844927 53.137274
v -0.676177 -14.870913 53.137274
v 1.176506 -12.320913 53.137274
v 1.176506 -9.168940 53.137274
v -0.676177 -6.618940 53.137274
v -4.019971 -5.868150 75.137274
v -7.017676 -6.842163 75.137274
v -8.870359 -9.392163 75.137274
v -8.870359 -12.544137 75.137274
v -7.017676 -15.094137 75.137274
v -4.019971 -16.068150 75.137274
v -1.022266 -15.094137 75.137274
v 0.830417 -12.544137 75.137274
v 0.830417 -9.392163 75.137274
v -1.022266 -6.842163 75.137274
v -4.019971 -5.868150 77.137274
v -7.017676 -6.842163 77.137274
v -8.870359 -9.392163 77.137274
v -8.870359 -12.544137 77.137274
v -7.017676 -15.094137 77.137274
v -4.019971 -16.068150 77.137274
v -1.022266 -15.094137 77.137274
v 0.830417 -12.544137 77.137274
v 0.830417 -9.392163 77.137274
v -1.022266 -6.842163 77.137274
v -4.366060 -6.091373 99.137274
v -7.363765 -7.065387 99.137274
v -9.216448 -9.615387 99.137274
v -9.216448 -12.767360 99.137274
v -7.363765 -15.317360 99.137274
v -4.366060 -16.291373 99.137274
v -1.368355 -15.317360 99.137274
v 0.484328 -12.767360 99.137274
v 0.484328 -9.615387 99.137274
v -1.368355 -7.065387 99.137274
v -4.366060 -6.091373 101.137274
v -7.363765 -7.065387 101.137274
v -9.216448 -9.615387 101.137274
v -9.216448 -12.767360 101.137274
v -7.363765 -15.317360 101.137274
v -4.366060 -16.291373 101.137274
v -1.368355 -15.317360 101.137274
v 0.484328 -12.767360 101.137274
v 0.484328 -9.615387 101.137274
v -1.368355 -7.065387 101.137274
v -4.712149 -6.314597 123.137274
v -7.709854 -7.288610 123.137274
v -9.562537 -9.838610 123.137274
v -9.562537 -12.990583 123.137274
v -7.709854 -15.540583 123.137274
v -4.712149 -16.514597 123.137274
v -1.714444 -15.540583 123.137274
v 0.138239 -12.990583 123.137274
v 0.138239 -9.838610 123.137274
v -1.714444 -7.288610 123.137274
v -4.712149 -6.314597 125.137274
v -7.709854 -7.288610 125.137274
v -9.562537 -9.838610 125.137274
v -9.562537 -12.990583 125.137274
v -7.709854 -15.540583 125.137274
v -4.712149 -16.514597 125.137274
v -1.714444 -15.540583 125.137274
v 0.138239 -12.990583 125.137274
v 0.138239 -9.838610 125.137274
v -1.714444 -7.288610 125.137274
v -5.058238 -6.537820 147.137274
v -8.055943 -7.511833 147.137274
v -9.908626 -10.061833 147.137274
v -9.908626 -13.213807 147.137274
v -8.055943 -15.763807 147.137274
v -5.058238 -16.737820 147.137274
v -2.060533 -15.763807 147.137274
v -0.207850 -13.213807 147.137274
v -0.207850 -10.061833 147.137274
v -2.060533 -7.511833 147.137274
v -5.058238 -6.537820 149.137274
v -8.055943 -7.511833 149.137274
v -9.908626 -10.061833 149.137274
v -9.908626 -13.213807 149.137274
v -8.055943 -15.763807 149.137274
v -5.058238 -16.737820 149.137274
v -2.060533 -15.763807 149.137274
v -0.207850 -13.213807 149.137274
v -0.207850 -10.061833 149.137274
v -2.060533 -7.511833 149.137274
v -5.540057 -12.008583 180.122491
v -5.535340 -11.945545 179.222491
v -5.530622 -11.882506 180.122491
v 3.817375 -13.550427 186.053814
v 3.884720 -12.650453 185.121558
v 3.952066 -11.750479 185.989301
v 13.188358 -14.911177 188.798763
v 13.304780 -13.355361 187.787095
v 13.421203 -11.799545 188.575427
v 22.590837 -15.851031 187.012240
v 22.724840 -14.060268 185.919031
v 22.858844 -12.269506 186.625821
v 32.029370 -16.309072 180.164272
v 32.144900 -14.765176 179.041506
v 32.260431 -13.221280 179.718739
v 41.498644 -16.356303 168.690839
v 41.564960 -15.470084 167.630379
v 41.631277 -14.583865 168.369919
v 50.980411 -16.236588 153.899170
v 50.985020 -16.174992 152.985723
v 50.989630 -16.113396 153.872276
v -5.519744 -12.003925 180.122491
v -5.535340 -11.945545 179.222491
v -5.550935 -11.887165 180.122491
v 7.846229 -9.264158 185.835314
v 7.623487 -8.430342 184.953379
v 7.400744 -7.596526 185.871444
v 21.167861 -6.358402 187.354451
v 20.782313 -4.915139 186.517017
v 20.396764 -3.471876 187.479583
v 34.385844 -3.064646 183.353339
v 33.941139 -1.399936 182.561667
v 33.496434 0.264775 183.569995
v 47.484500 0.675798 173.367537
v 47.099965 2.115267 172.592560
v 46.715430 3.554737 173.617582
v 60.480364 4.801034 157.914297
v 60.258791 5.630470 157.104465
v 60.037218 6.459907 158.094633
v 73.433090 9.087753 138.341552
v 73.417617 9.145674 137.449120
v 73.402144 9.203594 138.356688
v -5.493327 -12.004951 180.122491
v -5.535340 -11.945545 179.222491
v -5.577352 -11.886139 180.122491
v 4.757494 -5.939402 190.488237
v 4.157362 -5.090805 189.576246
v 3.557229 -4.242209 190.464254
v 14.889316 0.294415 195.858707
v 13.850063 1.763934 194.917170
v 12.810810 3.233453 195.775633
v 24.742391 6.922384 193.992677
v 23.542764 8.618673 193.020741
v 22.343137 10.314963 193.848805
v 34.273888 14.005068 184.055777
v 33.235465 15.473413 183.072726
v 32.197042 16.941758 183.889674
v 43.527341 21.480911 166.847282
v 42.928166 22.328152 165.887356
v 42.328992 23.175394 166.727431
v 52.662779 29.123628 144.594190
v 52.620867 29.182892 143.689157
v 52.578956 29.242155 144.584125
v -5.470636 -11.995170 180.122491
v -5.535340 -11.945545 179.222491
v -5.600043 -11.895920 180.122491
v 1.064563 -5.253849 187.618959
v 0.140517 -4.545138 186.689767
v -0.783529 -3.836426 187.560575
v 7.415361 1.628902 191.371789
v 5.816374 2.855270 190.370695
v 4.217388 4.081637 191.169602
v 13.335680 8.841815 189.721134
v 11.492231 10.255677 188.646126
v 9.648781 11.669539 189.371119
v 18.761047 16.434340 182.025343
v 17.168088 17.656084 180.923409
v 15.575129 18.877829 181.621476
v 23.761033 24.353117 168.840790
v 22.843945 25.056492 167.795195
v 21.926856 25.759867 168.549600
v 28.583775 32.407834 151.792849
v 28.519801 32.456899 150.880633
v 28.455828 32.505964 151.768417
v -5.466953 -11.972605 180.122491
v -5.535340 -11.945545 179.222491
v -5.603726 -11.918484 180.122491
v -1.229169 -3.918641 184.907316
v -2.206111 -3.532063 184.010807
v -3.183053 -3.145486 184.914298
v 2.815203 4.211858 186.572030
v 1.123117 4.881419 185.684124
v -0.568968 5.550980 186.596218
v 6.406143 12.521779 184.023810
v 4.452346 13.294900 183.144757
v 2.498548 14.068021 184.065703
v 9.473547 21.038865 176.866738
v 7.781574 21.708382 175.990925
v 6.089601 22.377899 176.915112
v 12.087615 29.735337 165.506954
v 11.110802 30.121864 164.624409
v 10.133989 30.508390 165.541864
v 14.508403 38.508290 151.041428
v 14.440031 38.535346 150.142894
v 14.371658 38.562401 151.044360
v -5.453850 -11.952648 180.122491
v -5.535340 -11.945545 179.222491
v -5.616829 -11.938442 180.122491
v -3.387637 -0.763302 188.606835
v -4.551766 -0.661828 187.709501
v -5.715896 -0.560354 188.612167
v -1.551878 10.446131 192.023751
v -3.568193 10.621888 191.132984
v -5.584509 10.797645 192.042218
v -0.256410 21.702661 188.470945
v -2.584620 21.905605 187.586938
v -4.912831 22.108549 188.502932
v 0.415205 33.013570 177.255249
v -1.601047 33.189322 176.373717
v -3.617300 33.365073 177.292184
v 0.546582 44.371570 159.077638
v -0.617474 44.473038 158.190966
v -1.781531 44.574506 159.104293
v 0.447580 55.749652 135.843568
v 0.366099 55.756755 134.944688
v 0.284617 55.763857 135.845807
v -5.470200 -11.928876 180.122491
v -5.535340 -11.945545 179.222491
v -5.600479 -11.962214 180.122491
v -7.478583 -0.477106 190.578603
v -8.409144 -0.715234 189.674854
v -9.339704 -0.953362 190.571106
v -9.671206 10.927517 195.845692
v -11.282948 10.515077 194.932706
v -12.894689 10.102637 195.819721
v -12.295744 22.221615 193.661243
v -14.156752 21.745388 192.738752
v -16.017759 21.269162 193.616260
v -15.418962 33.388102 183.192735
v -17.030556 32.975699 182.266764
v -18.642150 32.563297 183.140794
v -18.973970 44.444095 165.261713
v -19.904360 44.206010 164.342971
v -20.834750 43.967926 165.224229
v -22.713042 55.452986 142.126241
v -22.778164 55.436321 141.224666
v -22.843286 55.419657 142.123092
v -5.478835 -11.911050 180.122491
v -5.535340 -11.945545 179.222491
v -5.591844 -11.980040 180.122491
v -9.619262 -3.441029 188.417641
v -10.426377 -3.933757 187.531752
v -11.233492 -4.426485 188.445863
v -13.919917 4.931176 192.450965
v -15.317415 4.078031 191.599841
v -16.714913 3.224886 192.548717
v -18.595660 13.074397 190.437986
v -20.208453 12.089819 189.622626
v -21.821246 11.105241 190.607265
v -23.703860 20.953612 181.742040
v -25.099491 20.101607 180.939748
v -26.495121 19.249602 181.937456
v -29.185569 28.604807 167.041076
v -29.990528 28.113395 166.211567
v -30.795488 27.621983 167.182058
v -34.825288 36.159539 148.136294
v -34.881566 36.125183 147.242213
v -34.937844 36.090826 148.148132
v -5.495053 -11.895074 180.122491
v -5.535340 -11.945545 179.222491
v -5.575626 -11.996015 180.122491
v -12.847854 -4.928523 184.431375
v -13.423180 -5.649281 183.555586
v -13.998507 -6.370040 184.479798
v -20.315556 1.894082 184.651343
v -21.311021 0.646982 183.835185
v -22.306486 -0.600118 184.819028
v -28.051379 8.380791 179.716041
v -29.198862 6.943246 178.961177
v -30.346345 5.505701 180.006312
v -36.095354 14.481453 169.263438
v -37.086703 13.239510 168.530891
v -38.078052 11.997566 169.598345
v -44.403968 20.250580 153.726274
v -44.974544 19.535773 152.946998
v -45.545120 18.820967 153.967722
v -52.822597 25.881883 134.199481
v -52.862385 25.832037 133.309609
v -52.902173 25.782191 134.219737
v -5.498077 -11.882506 180.122491
v -5.535340 -11.945545 179.222491
v -5.572602 -12.008584 180.122491
v -16.328769 -4.350403 184.778007
v -16.861078 -5.250949 183.871917
v -17.393387 -6.151495 184.765826
v -27.264878 3.003360 186.167027
v -28.186817 1.443648 185.245931
v -29.108756 -0.116064 186.124834
v -38.448083 9.939092 183.193539
v -39.512556 8.138244 182.257000
v -40.577029 6.337396 183.120461
v -49.916543 16.392235 175.449249
v -50.838295 14.832840 174.507059
v -51.760046 13.273445 175.364868
v -61.631941 22.427616 163.324619
v -62.164034 21.527436 162.394172
v -62.696126 20.627257 163.263726
v -73.452533 28.285034 147.908432
v -73.489772 28.222033 147.005875
v -73.527012 28.159032 147.903317
v -5.526195 -11.882514 180.122491
v -5.535340 -11.945545 179.222491
v -5.544484 -12.008576 180.122491
v -16.704588 -9.406286 185.720834
v -16.835141 -10.306136 184.787788
v -16.965694 -11.205985 185.654741
v -27.909266 -7.111228 187.067328
v -28.134943 -8.666727 186.052927
v -28.360619 -10.222226 186.838527
v -39.175016 -5.237115 182.781251
v -39.434744 -7.027317 181.683322
v -39.694472 -8.817520 182.385392
v -50.510657 -3.844731 172.318674
v -50.734546 -5.387908 171.190477
v -50.958434 -6.931085 171.862280
v -61.905857 -2.862869 156.127248
v -62.034347 -3.748499 155.062887
v -62.162837 -4.634129 155.798526
v -73.325220 -2.047550 135.548913
v -73.334149 -2.109090 134.635140
v -73.343077 -2.170629 135.521367
v -5.554639 -11.871783 180.122491
v -5.535340 -11.945545 179.222491
v -5.516040 -12.019306 180.122491
v -18.783120 -14.286474 189.889920
v -18.507555 -15.339672 189.024657
v -18.231990 -16.392870 189.959393
v -31.956334 -16.912391 194.849756
v -31.479770 -18.733799 194.070026
v -31.003206 -20.555208 195.090296
v -45.000873 -20.030099 192.943494
v -44.451985 -22.127926 192.251632
v -43.903097 -24.225753 193.359770
v -57.897854 -23.711768 183.458220
v -57.424200 -25.522054 182.798271
v -56.950546 -27.332340 183.938322
v -70.668621 -27.875819 167.208170
v -70.396415 -28.916181 166.481147
v -70.124209 -29.956542 167.554125
v -83.387577 -32.237893 146.292724
v -83.368630 -32.310308 145.407227
v -83.349683 -32.382723 146.321730
v -5.570957 -11.877263 180.122491
v -5.535340 -11.945545 179.222491
v -5.499722 -12.013827 180.122491
v -14.395967 -15.326610 188.437155
v -13.887148 -16.302059 187.539618
v -13.378329 -17.277508 188.442082
v -23.120250 -18.969059 192.740971
v -22.238956 -20.658574 191.849506
v -21.357663 -22.348089 192.758041
v -31.608382 -23.064228 191.252111
v -30.590765 -25.015088 190.366893
v -29.573147 -26.965947 191.281676
v -39.823840 -27.682138 183.321261
v -38.942573 -29.371602 182.438330
v -38.061306 -31.061066 183.355399
v -47.803170 -32.752726 169.604948
v -47.294381 -33.728117 168.717267
v -46.785593 -34.703507 169.629585
v -55.681804 -38.016355 151.887929
v -55.646190 -38.084631 150.988964
v -55.610576 -38.152906 151.889998
v -5.574880 -11.898645 180.122491
v -5.535340 -11.945545 179.222491
v -5.495799 -11.992445 180.122491
v -14.878334 -18.676505 190.788134
v -14.313619 -19.346329 189.868208
v -13.748905 -20.016153 190.748282
v -24.069255 -25.587843 196.816385
v -23.091899 -26.747113 195.847377
v -22.114543 -27.906383 196.678368
v -32.997273 -32.811019 195.934394
v -31.870179 -34.147897 194.914920
v -30.743085 -35.484775 195.695445
v -41.622782 -40.393009 187.286956
v -40.648459 -41.548681 186.249081
v -39.674136 -42.704354 187.011207
v -49.987953 -48.283794 171.671042
v -49.426739 -48.949465 170.671617
v -48.865526 -49.615137 171.472192
v -58.244192 -56.303786 151.335949
v -58.205019 -56.350250 150.427605
v -58.165846 -56.396714 151.319261
v -5.608843 -11.896232 180.122491
v -5.535340 -11.945545 179.222491
v -5.461836 -11.994857 180.122491
v -12.181699 -19.583838 189.118767
v -11.132177 -20.287951 188.178880
v -10.082656 -20.992065 189.038993
v -18.544125 -27.412619 193.947669
v -16.729015 -28.630358 192.909565
v -14.913904 -29.848097 193.671462
v -24.416541 -35.570142 192.638818
v -22.325852 -36.972764 191.499815
v -20.235164 -38.375387 192.160811
v -29.726956 -44.104707 184.424444
v -27.922690 -45.315171 183.248787
v -26.118424 -46.525635 183.873131
v -34.556534 -52.961860 169.955965
v -33.519527 -53.657578 168.857324
v -32.482521 -54.353295 169.558683
v -39.188555 -61.951552 151.156813
v -39.116365 -61.999984 150.240157
v -39.044175 -62.048416 151.123502
v -5.596246 -11.932361 180.122491
v -5.535340 -11.945545 179.222491
v -5.474433 -11.958729 180.122491
v -8.773587 -22.700109 187.847165
v -7.904009 -22.888337 186.977692
v -7.034431 -23.076566 187.908218
v -11.776174 -33.505684 191.236061
v -10.272678 -33.831130 190.441747
v -8.769183 -34.156575 191.447433
v -14.372324 -44.399236 188.619170
v -12.641348 -44.773922 187.902043
v -10.910372 -45.148608 188.984917
v -16.502898 -55.393566 179.420847
v -15.010017 -55.716714 178.731721
v -13.517137 -56.039862 179.842595
v -18.236014 -66.473930 164.305723
v -17.378687 -66.659507 163.557639
v -16.521359 -66.845083 164.609556
v -19.806978 -77.589393 144.979680
v -19.747356 -77.602299 144.092413
v -19.687735 -77.615205 145.005146
v -5.623578 -11.948401 180.122491
v -5.535340 -11.945545 179.222491
v -5.447101 -11.942689 180.122491
v -6.364665 -25.292939 189.699472
v -5.104655 -25.252157 188.836223
v -3.844645 -25.211376 189.772974
v -6.853591 -38.629316 194.526436
v -4.673970 -38.558770 193.753690
v -2.494349 -38.488224 194.780944
v -6.754746 -51.946669 192.585501
v -4.243285 -51.865383 191.905755
v -1.731824 -51.784096 193.026009
v -5.981111 -65.242182 183.180987
v -3.812600 -65.171995 182.535062
v -1.644090 -65.101809 183.689137
v -4.629102 -78.518975 167.115837
v -3.381915 -78.478608 166.398967
v -2.134729 -78.438241 167.482096
v -3.038123 -91.788033 146.451248
v -2.951231 -91.785220 145.566606
v -2.864338 -91.782408 146.481965
v -5.603791 -11.970584 180.122491
v -5.535340 -11.945545 179.222491
v -5.466888 -11.920505 180.122491
v -3.069532 -21.715599 184.679747
v -2.092244 -21.358110 183.743407
v -1.114956 -21.000620 184.607068
v -0.338766 -31.388733 185.371677
v 1.350852 -30.770674 184.345870
v 3.040470 -30.152616 185.120063
v 2.848894 -40.894735 181.026642
v 4.793947 -40.183239 179.908958
v 6.739000 -39.471743 180.591275
v 6.559783 -50.209342 171.173388
v 8.237043 -49.595803 170.022387
v 9.914303 -48.982265 170.671385
v 10.717111 -59.360641 156.177254
v 11.680138 -59.008368 155.096441
v 12.643165 -58.656095 155.815627
v 15.056278 -68.445425 137.167196
v 15.123234 -68.420933 136.252041
v 15.190190 -68.396440 137.136887
v -5.605102 -11.992181 180.122491
v -5.535340 -11.945545 179.222491
v -5.465577 -11.898908 180.122491
v -1.475316 -20.175013 187.119437
v -0.479088 -19.509026 186.186595
v 0.517141 -18.843039 187.053753
v 2.853589 -28.224731 190.419283
v 4.577164 -27.072507 189.405557
v 6.300739 -25.920282 190.191831
v 7.646940 -35.963963 188.447683
v 9.633415 -34.635987 187.350828
v 11.619891 -33.308012 188.053972
v 12.973858 -43.346502 180.590030
v 14.689667 -42.199468 179.462920
v 16.405476 -41.052435 180.135810
v 18.758654 -50.422944 167.365038
v 19.745919 -49.762949 166.301320
v 20.733183 -49.102954 167.037602
v 24.733349 -57.372438 150.308312
v 24.802170 -57.326430 149.394579
v 24.870992 -57.280422 150.280845
v -5.577202 -12.009061 180.122491
v -5.535340 -11.945545 179.222491
v -5.493477 -11.882029 180.122491
v 4.620556 -19.940315 185.724408
v 5.218397 -19.033247 184.796455
v 5.816239 -18.126178 185.668503
v 14.937670 -27.690477 187.274124
v 15.972134 -26.120949 186.277325
v 17.006598 -24.551420 187.080526
v 25.533352 -35.017986 183.414490
v 26.725870 -33.208650 182.346921
v 27.918389 -31.399315 183.079353
v 36.449251 -41.859648 173.616099
v 37.479607 -40.296352 172.522757
v 38.509963 -38.733057 173.229416
v 47.640244 -48.283927 158.326713
v 48.233344 -47.384054 157.287319
v 48.826443 -46.484181 158.047926
v 58.945715 -54.534517 138.870482
v 58.987080 -54.471756 137.958787
v 59.028445 -54.408995 138.847092
v -5.549876 -12.021651 180.122491
v -5.535340 -11.945545 179.222491
v -5.520803 -11.869439 180.122491
v 7.259869 -15.516064 189.046758
v 7.467485 -14.429056 188.169037
v 7.675101 -13.342048 189.091316
v 20.110926 -18.794176 193.143577
v 20.470309 -16.912567 192.320738
v 20.829692 -15.030958 193.297899
v 33.058574 -21.566571 190.481737
v 33.473133 -19.396077 189.715339
v 33.887693 -17.225584 190.748941
v 46.117448 -23.756622 180.380409
v 46.475958 -21.879588 179.634606
v 46.834467 -20.002554 180.688804
v 59.272175 -25.444826 163.585559
v 59.478782 -24.363099 162.796774
v 59.685389 -23.281373 163.807989
v 72.467176 -26.922161 142.054762
v 72.481606 -26.846610 141.164097
v 72.496036 -26.771058 142.073432
vt 0.134802 0.104129
vt 0.151992 0.080468
vt 0.151992 0.051222
vt 0.134802 0.027563
vt 0.106987 0.018526
vt 0.079173 0.027563
vt 0.061982 0.051224
vt 0.061982 0.080469
vt 0.079173 0.104129
vt 0.106987 0.113166
vt 0.102636 0.089696
vt 0.082622 0.083193
vt 0.070253 0.066169
vt 0.070253 0.045125
vt 0.082622 0.028101
vt 0.102636 0.021597
vt 0.122650 0.028100
vt 0.135019 0.045124
vt 0.135019 0.066168
vt 0.122650 0.083193
vt 0.106987 0.001646
vt 0.079173 0.001525
vt 0.082622 1.766894
vt 0.102636 1.766981
vt 0.104129 0.001525
vt 0.080469 0.001346
vt 0.066169 1.766765
vt 0.083193 1.766894
vt 0.080469 0.001346
vt 0.051224 0.001177
vt 0.045125 1.766643
vt 0.066169 1.766765
vt 0.051224 0.001177
vt 0.027563 0.001083
vt 0.028101 1.766575
vt 0.045125 1.766643
vt 0.079173 0.001083
vt 0.106987 0.001099
vt 0.102636 1.766587
vt 0.082622 1.766575
vt 0.106987 0.001099
vt 0.134802 0.001220
vt 0.122650 1.766674
vt 0.102636 1.766587
vt 0.027563 0.001220
vt 0.051222 0.001399
vt 0.045124 1.766803
vt 0.028100 1.766674
vt 0.051222 0.001399
vt 0.080468 0.001568
vt 0.066168 1.766924
vt 0.045124 1.766803
vt 0.080468 0.001568
vt 0.104129 0.001662
vt 0.083193 1.766992
vt 0.066168 1.766924
vt 0.134802 0.001662
vt 0.106987 0.001646
vt 0.102636 1.766981
vt 0.122650 1.766992
vt 0.136274 0.105488
vt 0.154801 0.079988
vt 0.154801 0.048468
vt 0.136274 0.022968
vt 0.106297 0.013228
vt 0.076320 0.022968
vt 0.057793 0.048468
vt 0.057793 0.079988
vt 0.076320 0.105488
vt 0.106297 0.115228
vt 0.106297 0.115228
vt 0.076320 0.105488
vt 0.057793 0.079988
vt 0.057793 0.048468
vt 0.076320 0.022968
vt 0.106297 0.013228
vt 0.136274 0.022968
vt 0.154801 0.048468
vt 0.154801 0.079988
vt 0.136274 0.105488
vt 0.106297 0.271373
vt 0.076320 0.271373
vt 0.076320 0.291373
vt 0.106297 0.291373
vt 0.105488 0.271373
vt 0.079988 0.271373
vt 0.079988 0.291373
vt 0.105488 0.291373
vt 0.079988 0.271373
vt 0.048468 0.271373
vt 0.048468 0.291373
vt 0.079988 0.291373
vt 0.048468 0.271373
vt 0.022968 0.271373
vt 0.022968 0.291373
vt 0.048468 0.291373
vt 0.076320 0.271373
vt 0.106297 0.271373
vt 0.106297 0.291373
vt 0.076320 0.291373
vt 0.106297 0.271373
vt 0.136274 0.271373
vt 0.136274 0.291373
vt 0.106297 0.291373
vt 0.022968 0.271373
vt 0.048468 0.271373
vt 0.048468 0.291373
vt 0.022968 0.291373
vt 0.048468 0.271373
vt 0.079988 0.271373
vt 0.079988 0.291373
vt 0.048468 0.291373
vt 0.079988 0.271373
vt 0.105488 0.271373
vt 0.105488 0.291373
vt 0.079988 0.291373
vt 0.136274 0.271373
vt 0.106297 0.271373
vt 0.106297 0.291373
vt 0.136274 0.291373
vt 0.135683 0.104102
vt 0.154210 0.078602
vt 0.154210 0.047082
vt 0.135683 0.021582
vt 0.105706 0.011842
vt 0.075729 0.021582
vt 0.057202 0.047082
vt 0.057202 0.078602
vt 0.075729 0.104102
vt 0.105706 0.113842
vt 0.105706 0.113842
vt 0.075729 0.104102
vt 0.057202 0.078602
vt 0.057202 0.047082
vt 0.075729 0.021582
vt 0.105706 0.011842
vt 0.135683 0.021582
vt 0.154210 0.047082
vt 0.154210 0.078602
vt 0.135683 0.104102
vt 0.105706 0.511373
vt 0.075729 0.511373
vt 0.075729 0.531373
vt 0.105706 0.531373
vt 0.104102 0.511373
vt 0.078602 0.511373
vt 0.078602 0.531373
vt 0.104102 0.531373
vt 0.078602 0.511373
vt 0.047082 0.511373
vt 0.047082 0.531373
vt 0.078602 0.531373
vt 0.047082 0.511373
vt 0.021582 0.511373
vt 0.021582 0.531373
vt 0.047082 0.531373
vt 0.075729 0.511373
vt 0.105706 0.511373
vt 0.105706 0.531373
vt 0.075729 0.531373
vt 0.105706 0.511373
vt 0.135683 0.511373
vt 0.135683 0.531373
vt 0.105706 0.531373
vt 0.021582 0.511373
vt 0.047082 0.511373
vt 0.047082 0.531373
vt 0.021582 0.531373
vt 0.047082 0.511373
vt 0.078602 0.511373
vt 0.078602 0.531373
vt 0.047082 0.531373
vt 0.078602 0.511373
vt 0.104102 0.511373
vt 0.104102 0.531373
vt 0.078602 0.531373
vt 0.135683 0.511373
vt 0.105706 0.511373
vt 0.105706 0.531373
vt 0.135683 0.531373
vt 0.135091 0.102715
vt 0.153618 0.077215
vt 0.153618 0.045695
vt 0.135091 0.020195
vt 0.105114 0.010455
vt 0.075137 0.020195
vt 0.056610 0.045695
vt 0.056610 0.077215
vt 0.075137 0.102715
vt 0.105114 0.112455
vt 0.105114 0.112455
vt 0.075137 0.102715
vt 0.056610 0.077215
vt 0.056610 0.045695
vt 0.075137 0.020195
vt 0.105114 0.010455
vt 0.135091 0.020195
vt 0.153618 0.045695
vt 0.153618 0.077215
vt 0.135091 0.102715
vt 0.105114 0.751373
vt 0.075137 0.751373
vt 0.075137 0.771373
vt 0.105114 0.771373
vt 0.102715 0.751373
vt 0.077215 0.751373
vt 0.077215 0.771373
vt 0.102715 0.771373
vt 0.077215 0.751373
vt 0.045695 0.751373
vt 0.045695 0.771373
vt 0.077215 0.771373
vt 0.045695 0.751373
vt 0.020195 0.751373
vt 0.020195 0.771373
vt 0.045695 0.771373
vt 0.075137 0.751373
vt 0.105114 0.751373
vt 0.105114 0.771373
vt 0.075137 0.771373
vt 0.105114 0.751373
vt 0.135091 0.751373
vt 0.135091 0.771373
vt 0.105114 0.771373
vt 0.020195 0.751373
vt 0.045695 0.751373
vt 0.045695 0.771373
vt 0.020195 0.771373
vt 0.045695 0.751373
vt 0.077215 0.751373
vt 0.077215 0.771373
vt 0.045695 0.771373
vt 0.077215 0.751373
vt 0.102715 0.751373
vt 0.102715 0.771373
vt 0.077215 0.771373
vt 0.135091 0.751373
vt 0.105114 0.751373
vt 0.105114 0.771373
vt 0.135091 0.771373
vt 0.134500 0.101329
vt 0.153026 0.075829
vt 0.153026 0.044309
vt 0.134500 0.018809
vt 0.104522 0.009069
vt 0.074545 0.018809
vt 0.056019 0.044309
vt 0.056019 0.075829
vt 0.074545 0.101329
vt 0.104522 0.111069
vt 0.104522 0.111069
vt 0.074545 0.101329
vt 0.056019 0.075829
vt 0.056019 0.044309
vt 0.074545 0.018809
vt 0.104522 0.009069
vt 0.134500 0.018809
vt 0.153026 0.044309
vt 0.153026 0.075829
vt 0.134500 0.101329
vt 0.104522 0.991373
vt 0.074545 0.991373
vt 0.074545 1.011373
vt 0.104522 1.011373
vt 0.101329 0.991373
vt 0.075829 0.991373
vt 0.075829 1.011373
vt 0.101329 1.011373
vt 0.075829 0.991373
vt 0.044309 0.991373
vt 0.044309 1.011373
vt 0.075829 1.011373
vt 0.044309 0.991373
vt 0.018809 0.991373
vt 0.018809 1.011373
vt 0.044309 1.011373
vt 0.074545 0.991373
vt 0.104522 0.991373
vt 0.104522 1.011373
vt 0.074545 1.011373
vt 0.104522 0.991373
vt 0.134500 0.991373
vt 0.134500 1.011373
vt 0.104522 1.011373
vt 0.018809 0.991373
vt 0.044309 0.991373
vt 0.044309 1.011373
vt 0.018809 1.011373
vt 0.044309 0.991373
vt 0.075829 0.991373
vt 0.075829 1.011373
vt 0.044309 1.011373
vt 0.075829 0.991373
vt 0.101329 0.991373
vt 0.101329 1.011373
vt 0.075829 1.011373
vt 0.134500 0.991373
vt 0.104522 0.991373
vt 0.104522 1.011373
vt 0.134500 1.011373
vt 0.133908 0.099942
vt 0.152435 0.074442
vt 0.152435 0.042922
vt 0.133908 0.017422
vt 0.103931 0.007682
vt 0.073954 0.017422
vt 0.055427 0.042922
vt 0.055427 0.074442
vt 0.073954 0.099942
vt 0.103931 0.109682
vt 0.103931 0.109682
vt 0.073954 0.099942
vt 0.055427 0.074442
vt 0.055427 0.042922
vt 0.073954 0.017422
vt 0.103931 0.007682
vt 0.133908 0.017422
vt 0.152435 0.042922
vt 0.152435 0.074442
vt 0.133908 0.099942
vt 0.103931 1.231373
vt 0.073954 1.231373
vt 0.073954 1.251373
vt 0.103931 1.251373
vt 0.099942 1.231373
vt 0.074442 1.231373
vt 0.074442 1.251373
vt 0.099942 1.251373
vt 0.074442 1.231373
vt 0.042922 1.231373
vt 0.042922 1.251373
vt 0.074442 1.251373
vt 0.042922 1.231373
vt 0.017422 1.231373
vt 0.017422 1.251373
vt 0.042922 1.251373
vt 0.073954 1.231373
vt 0.103931 1.231373
vt 0.103931 1.251373
vt 0.073954 1.251373
vt 0.103931 1.231373
vt 0.133908 1.231373
vt 0.133908 1.251373
vt 0.103931 1.251373
vt 0.017422 1.231373
vt 0.042922 1.231373
vt 0.042922 1.251373
vt 0.017422 1.251373
vt 0.042922 1.231373
vt 0.074442 1.231373
vt 0.074442 1.251373
vt 0.042922 1.251373
vt 0.074442 1.231373
vt 0.099942 1.231373
vt 0.099942 1.251373
vt 0.074442 1.251373
vt 0.133908 1.231373
vt 0.103931 1.231373
vt 0.103931 1.251373
vt 0.133908 1.251373
vt 0.133316 0.098555
vt 0.151843 0.073055
vt 0.151843 0.041536
vt 0.133316 0.016036
vt 0.103339 0.006296
vt 0.073362 0.016036
vt 0.054835 0.041536
vt 0.054835 0.073055
vt 0.073362 0.098555
vt 0.103339 0.108296
vt 0.103339 0.108296
vt 0.073362 0.098555
vt 0.054835 0.073055
vt 0.054835 0.041536
vt 0.073362 0.016036
vt 0.103339 0.006296
vt 0.133316 0.016036
vt 0.151843 0.041536
vt 0.151843 0.073055
vt 0.133316 0.098555
vt 0.103339 1.471373
vt 0.073362 1.471373
vt 0.073362 1.491373
vt 0.103339 1.491373
vt 0.098555 1.471373
vt 0.073055 1.471373
vt 0.073055 1.491373
vt 0.098555 1.491373
vt 0.073055 1.471373
vt 0.041536 1.471373
vt 0.041536 1.491373
vt 0.073055 1.491373
vt 0.041536 1.471373
vt 0.016036 1.471373
vt 0.016036 1.491373
vt 0.041536 1.491373
vt 0.073362 1.471373
vt 0.103339 1.471373
vt 0.103339 1.491373
vt 0.073362 1.491373
vt 0.103339 1.471373
vt 0.133316 1.471373
vt 0.133316 1.491373
vt 0.103339 1.491373
vt 0.016036 1.471373
vt 0.041536 1.471373
vt 0.041536 1.491373
vt 0.016036 1.491373
vt 0.041536 1.471373
vt 0.073055 1.471373
vt 0.073055 1.491373
vt 0.041536 1.491373
vt 0.073055 1.471373
vt 0.098555 1.471373
vt 0.098555 1.491373
vt 0.073055 1.491373
vt 0.133316 1.471373
vt 0.103339 1.471373
vt 0.103339 1.491373
vt 0.133316 1.491373
vt 0.102693 1.755784
vt 0.212309 1.808523
vt 0.211496 1.799921
vt 0.102636 1.746784
vt 0.102636 1.746784
vt 0.211496 1.799921
vt 0.212309 1.808523
vt 0.102693 1.755784
vt 0.102636 1.746784
vt 0.211496 1.799921
vt 0.210684 1.809319
vt 0.102579 1.755784
vt 0.102579 1.755784
vt 0.210684 1.809319
vt 0.211496 1.799921
vt 0.102636 1.746784
vt 0.212309 0.051121
vt 0.321762 0.049828
vt 0.320357 0.070469
vt 0.211496 0.063058
vt 0.211496 0.063058
vt 0.320357 0.070469
vt 0.321762 0.049828
vt 0.212309 0.051121
vt 0.211496 0.063058
vt 0.320357 0.070469
vt 0.318951 0.091110
vt 0.210684 0.074995
vt 0.210684 0.074995
vt 0.318951 0.091110
vt 0.320357 0.070469
vt 0.211496 0.063058
vt 0.321762 0.049828
vt 0.430835 0.054111
vt 0.429217 0.077880
vt 0.320357 0.070469
vt 0.320357 0.070469
vt 0.429217 0.077880
vt 0.430835 0.054111
vt 0.321762 0.049828
vt 0.320357 0.070469
vt 0.429217 0.077880
vt 0.427599 0.101648
vt 0.318951 0.091110
vt 0.318951 0.091110
vt 0.427599 0.101648
vt 0.429217 0.077880
vt 0.320357 0.070469
vt 0.430835 0.054111
vt 0.539473 0.064787
vt 0.538077 0.085291
vt 0.429217 0.077880
vt 0.429217 0.077880
vt 0.538077 0.085291
vt 0.539473 0.064787
vt 0.430835 0.054111
vt 0.429217 0.077880
vt 0.538077 0.085291
vt 0.536681 0.105795
vt 0.427599 0.101648
vt 0.427599 0.101648
vt 0.536681 0.105795
vt 0.538077 0.085291
vt 0.429217 0.077880
vt 0.064787 1.703450
vt 0.080923 1.568722
vt 0.092702 1.561704
vt 0.085291 1.697201
vt 0.085291 1.697201
vt 0.092702 1.561704
vt 0.080923 1.568722
vt 0.064787 1.703450
vt 0.085291 1.697201
vt 0.092702 1.561704
vt 0.104481 1.572686
vt 0.105795 1.708952
vt 0.105795 1.708952
vt 0.104481 1.572686
vt 0.092702 1.561704
vt 0.085291 1.697201
vt 0.080923 1.568722
vt 0.099294 1.398291
vt 0.100113 1.389458
vt 0.092702 1.561704
vt 0.092702 1.561704
vt 0.100113 1.389458
vt 0.099294 1.398291
vt 0.080923 1.568722
vt 0.092702 1.561704
vt 0.100113 1.389458
vt 0.100933 1.398624
vt 0.104481 1.572686
vt 0.104481 1.572686
vt 0.100933 1.398624
vt 0.100113 1.389458
vt 0.092702 1.561704
vt 0.102871 1.755784
vt 0.227833 1.833752
vt 0.224471 1.825125
vt 0.102636 1.746784
vt 0.102636 1.746784
vt 0.224471 1.825125
vt 0.227833 1.833752
vt 0.102871 1.755784
vt 0.102636 1.746784
vt 0.224471 1.825125
vt 0.221108 1.834498
vt 0.102400 1.755784
vt 0.102400 1.755784
vt 0.221108 1.834498
vt 0.224471 1.825125
vt 0.102636 1.746784
vt 0.227833 0.083312
vt 0.352120 0.113870
vt 0.346305 0.132343
vt 0.224471 0.093995
vt 0.224471 0.093995
vt 0.346305 0.132343
vt 0.352120 0.113870
vt 0.227833 0.083312
vt 0.224471 0.093995
vt 0.346305 0.132343
vt 0.340491 0.150817
vt 0.221108 0.104678
vt 0.221108 0.104678
vt 0.340491 0.150817
vt 0.346305 0.132343
vt 0.224471 0.093995
vt 0.352120 0.113870
vt 0.474836 0.149420
vt 0.468140 0.170692
vt 0.346305 0.132343
vt 0.346305 0.132343
vt 0.468140 0.170692
vt 0.474836 0.149420
vt 0.352120 0.113870
vt 0.346305 0.132343
vt 0.468140 0.170692
vt 0.461445 0.191964
vt 0.340491 0.150817
vt 0.340491 0.150817
vt 0.461445 0.191964
vt 0.468140 0.170692
vt 0.346305 0.132343
vt 0.474836 0.149420
vt 0.595751 0.190690
vt 0.589975 0.209040
vt 0.468140 0.170692
vt 0.468140 0.170692
vt 0.589975 0.209040
vt 0.595751 0.190690
vt 0.474836 0.149420
vt 0.468140 0.170692
vt 0.589975 0.209040
vt 0.584199 0.227391
vt 0.461445 0.191964
vt 0.461445 0.191964
vt 0.584199 0.227391
vt 0.589975 0.209040
vt 0.468140 0.170692
vt 0.190690 1.746759
vt 0.236847 1.593176
vt 0.247389 1.586031
vt 0.209040 1.740334
vt 0.209040 1.740334
vt 0.247389 1.586031
vt 0.236847 1.593176
vt 0.190690 1.746759
vt 0.209040 1.740334
vt 0.247389 1.586031
vt 0.257930 1.596886
vt 0.227391 1.751909
vt 0.227391 1.751909
vt 0.257930 1.596886
vt 0.247389 1.586031
vt 0.209040 1.740334
vt 0.715128 1.593176
vt 0.833876 1.396987
vt 0.833645 1.388143
vt 0.711810 1.586031
vt 0.711810 1.586031
vt 0.833645 1.388143
vt 0.833876 1.396987
vt 0.715128 1.593176
vt 0.247389 1.586031
vt 0.285737 1.388143
vt 0.286470 1.397298
vt 0.257930 1.596886
vt 0.257930 1.596886
vt 0.286470 1.397298
vt 0.285737 1.388143
vt 0.247389 1.586031
vt 0.055165 1.755784
vt 0.122595 1.857262
vt 0.129479 1.848184
vt 0.055647 1.746784
vt 0.055647 1.746784
vt 0.129479 1.848184
vt 0.122595 1.857262
vt 0.055165 1.755784
vt 0.102636 1.746784
vt 0.198870 1.848184
vt 0.193588 1.857106
vt 0.102266 1.755784
vt 0.102266 1.755784
vt 0.193588 1.857106
vt 0.198870 1.848184
vt 0.102636 1.746784
vt 0.204152 0.122595
vt 0.304252 0.191389
vt 0.295104 0.203312
vt 0.198870 0.129479
vt 0.198870 0.129479
vt 0.295104 0.203312
vt 0.304252 0.191389
vt 0.204152 0.122595
vt 0.198870 0.129479
vt 0.295104 0.203312
vt 0.285957 0.215235
vt 0.193588 0.136364
vt 0.193588 0.136364
vt 0.285957 0.215235
vt 0.295104 0.203312
vt 0.198870 0.129479
vt 0.304252 0.191389
vt 0.401899 0.263380
vt 0.391339 0.277144
vt 0.295104 0.203312
vt 0.295104 0.203312
vt 0.391339 0.277144
vt 0.401899 0.263380
vt 0.304252 0.191389
vt 0.295104 0.203312
vt 0.391339 0.277144
vt 0.380778 0.290909
vt 0.285957 0.215235
vt 0.285957 0.215235
vt 0.380778 0.290909
vt 0.391339 0.277144
vt 0.295104 0.203312
vt 0.401899 0.263380
vt 0.496716 0.339060
vt 0.487573 0.350977
vt 0.391339 0.277144
vt 0.391339 0.277144
vt 0.487573 0.350977
vt 0.496716 0.339060
vt 0.401899 0.263380
vt 0.391339 0.277144
vt 0.487573 0.350977
vt 0.478430 0.362894
vt 0.380778 0.290909
vt 0.380778 0.290909
vt 0.478430 0.362894
vt 0.487573 0.350977
vt 0.391339 0.277144
vt 0.496716 1.821388
vt 0.589084 1.671593
vt 0.583807 1.662204
vt 0.487573 1.811849
vt 0.487573 1.811849
vt 0.583807 1.662204
vt 0.589084 1.671593
vt 0.496716 1.821388
vt 0.350977 1.811849
vt 0.424810 1.662204
vt 0.431688 1.670816
vt 0.362894 1.820311
vt 0.362894 1.820311
vt 0.431688 1.670816
vt 0.424810 1.662204
vt 0.350977 1.811849
vt 0.589084 1.671593
vt 0.680411 1.476847
vt 0.680042 1.467815
vt 0.583807 1.662204
vt 0.583807 1.662204
vt 0.680042 1.467815
vt 0.680411 1.476847
vt 0.589084 1.671593
vt 0.424810 1.662204
vt 0.498642 1.467815
vt 0.499124 1.476782
vt 0.431688 1.670816
vt 0.431688 1.670816
vt 0.499124 1.476782
vt 0.498642 1.467815
vt 0.424810 1.662204
vt 0.055285 1.755784
vt 0.151047 1.849994
vt 0.156209 1.841137
vt 0.055647 1.746784
vt 0.055647 1.746784
vt 0.156209 1.841137
vt 0.151047 1.849994
vt 0.055285 1.755784
vt 0.102636 1.746784
vt 0.160042 1.841137
vt 0.150999 1.850281
vt 0.102003 1.755784
vt 0.102003 1.755784
vt 0.150999 1.850281
vt 0.160042 1.841137
vt 0.102636 1.746784
vt 0.169086 0.151047
vt 0.233108 0.247832
vt 0.217449 0.256771
vt 0.160042 0.156209
vt 0.160042 0.156209
vt 0.217449 0.256771
vt 0.233108 0.247832
vt 0.169086 0.151047
vt 0.160042 0.156209
vt 0.217449 0.256771
vt 0.201790 0.265710
vt 0.150999 0.161371
vt 0.150999 0.161371
vt 0.201790 0.265710
vt 0.217449 0.256771
vt 0.160042 0.156209
vt 0.233108 0.247832
vt 0.292929 0.347016
vt 0.274856 0.357333
vt 0.217449 0.256771
vt 0.217449 0.256771
vt 0.274856 0.357333
vt 0.292929 0.347016
vt 0.233108 0.247832
vt 0.217449 0.256771
vt 0.274856 0.357333
vt 0.256783 0.367650
vt 0.201790 0.265710
vt 0.201790 0.265710
vt 0.256783 0.367650
vt 0.274856 0.357333
vt 0.217449 0.256771
vt 0.292929 0.347016
vt 0.347904 0.448967
vt 0.332262 0.457896
vt 0.274856 0.357333
vt 0.274856 0.357333
vt 0.332262 0.457896
vt 0.347904 0.448967
vt 0.292929 0.347016
vt 0.274856 0.357333
vt 0.332262 0.457896
vt 0.316621 0.466825
vt 0.256783 0.367650
vt 0.256783 0.367650
vt 0.316621 0.466825
vt 0.332262 0.457896
vt 0.274856 0.357333
vt 0.347904 1.788369
vt 0.398692 1.631008
vt 0.389669 1.622726
vt 0.332262 1.780364
vt 0.332262 1.780364
vt 0.389669 1.622726
vt 0.398692 1.631008
vt 0.347904 1.788369
vt 0.457896 1.780364
vt 0.558458 1.622726
vt 0.563609 1.632444
vt 0.466825 1.790359
vt 0.466825 1.790359
vt 0.563609 1.632444
vt 0.558458 1.622726
vt 0.457896 1.780364
vt 0.398692 1.631008
vt 0.447707 1.428106
vt 0.447076 1.419166
vt 0.389669 1.622726
vt 0.389669 1.622726
vt 0.447076 1.419166
vt 0.447707 1.428106
vt 0.398692 1.631008
vt 0.558458 1.622726
vt 0.659020 1.419166
vt 0.659380 1.428227
vt 0.563609 1.632444
vt 0.563609 1.632444
vt 0.659380 1.428227
vt 0.659020 1.419166
vt 0.558458 1.622726
vt 0.055473 1.755784
vt 0.167930 1.821286
vt 0.170404 1.812032
vt 0.055647 1.746784
vt 0.055647 1.746784
vt 0.170404 1.812032
vt 0.167930 1.821286
vt 0.055473 1.755784
vt 0.055647 1.746784
vt 0.170404 1.812032
vt 0.172877 1.820777
vt 0.055820 1.755784
vt 0.055820 1.755784
vt 0.172877 1.820777
vt 0.170404 1.812032
vt 0.055647 1.746784
vt 0.138525 0.167930
vt 0.171247 0.280878
vt 0.150874 0.285160
vt 0.126755 0.170404
vt 0.126755 0.170404
vt 0.150874 0.285160
vt 0.171247 0.280878
vt 0.138525 0.167930
vt 0.126755 0.170404
vt 0.150874 0.285160
vt 0.130501 0.289442
vt 0.114984 0.172877
vt 0.114984 0.172877
vt 0.130501 0.289442
vt 0.150874 0.285160
vt 0.126755 0.170404
vt 0.171247 0.280878
vt 0.198492 0.394978
vt 0.174993 0.399917
vt 0.150874 0.285160
vt 0.150874 0.285160
vt 0.174993 0.399917
vt 0.198492 0.394978
vt 0.171247 0.280878
vt 0.150874 0.285160
vt 0.174993 0.399917
vt 0.151494 0.404856
vt 0.130501 0.289442
vt 0.130501 0.289442
vt 0.151494 0.404856
vt 0.174993 0.399917
vt 0.150874 0.285160
vt 0.198492 0.394978
vt 0.219430 0.510404
vt 0.199112 0.514674
vt 0.174993 0.399917
vt 0.174993 0.399917
vt 0.199112 0.514674
vt 0.219430 0.510404
vt 0.198492 0.394978
vt 0.174993 0.399917
vt 0.199112 0.514674
vt 0.178794 0.518944
vt 0.151494 0.404856
vt 0.151494 0.404856
vt 0.178794 0.518944
vt 0.199112 0.514674
vt 0.174993 0.399917
vt 0.219430 1.750013
vt 0.234938 1.619534
vt 0.223231 1.609263
vt 0.199112 1.739251
vt 0.199112 1.739251
vt 0.223231 1.609263
vt 0.234938 1.619534
vt 0.219430 1.750013
vt 0.199112 0.514674
vt 0.223231 0.629431
vt 0.211524 0.631891
vt 0.178794 0.518944
vt 0.178794 0.518944
vt 0.211524 0.631891
vt 0.223231 0.629431
vt 0.199112 0.514674
vt 0.234938 1.619534
vt 0.248168 1.451737
vt 0.247350 1.442630
vt 0.223231 1.609263
vt 0.223231 1.609263
vt 0.247350 1.442630
vt 0.248168 1.451737
vt 0.234938 1.619534
vt 0.629431 1.609263
vt 0.744188 1.442630
vt 0.744359 1.451523
vt 0.631891 1.616992
vt 0.631891 1.616992
vt 0.744359 1.451523
vt 0.744188 1.442630
vt 0.629431 1.609263
vt 0.055778 1.755784
vt 0.190258 1.863214
vt 0.188382 1.854313
vt 0.055647 1.746784
vt 0.055647 1.746784
vt 0.188382 1.854313
vt 0.190258 1.863214
vt 0.055778 1.755784
vt 0.055647 1.746784
vt 0.188382 1.854313
vt 0.186507 1.863412
vt 0.055515 1.755784
vt 0.055515 1.755784
vt 0.186507 1.863412
vt 0.188382 1.854313
vt 0.055647 1.746784
vt 0.079034 0.190258
vt 0.053313 0.324365
vt 0.039630 0.321118
vt 0.071133 0.188382
vt 0.071133 0.188382
vt 0.039630 0.321118
vt 0.053313 0.324365
vt 0.079034 0.190258
vt 0.071133 0.188382
vt 0.039630 0.321118
vt 0.025946 0.317870
vt 0.063231 0.186507
vt 0.063231 0.186507
vt 0.025946 0.317870
vt 0.039630 0.321118
vt 0.071133 0.188382
vt 0.053313 0.324365
vt 0.023921 0.457602
vt 0.008126 0.453853
vt 0.039630 0.321118
vt 0.039630 0.321118
vt 0.008126 0.453853
vt 0.023921 0.457602
vt 0.053313 0.324365
vt 0.039630 0.321118
vt 0.008126 0.453853
vt -0.007668 0.450104
vt 0.025946 0.317870
vt 0.025946 0.317870
vt -0.007668 0.450104
vt 0.008126 0.453853
vt 0.039630 0.321118
vt 0.023921 0.457602
vt -0.009706 0.589833
vt -0.023377 0.586588
vt 0.008126 0.453853
vt 0.008126 0.453853
vt -0.023377 0.586588
vt -0.009706 0.589833
vt 0.023921 0.457602
vt 0.008126 0.453853
vt -0.023377 0.586588
vt -0.037048 0.583344
vt -0.007668 0.450104
vt -0.007668 0.450104
vt -0.037048 0.583344
vt -0.023377 0.586588
vt 0.008126 0.453853
vt -0.009706 0.589833
vt -0.046992 0.721196
vt -0.054880 0.719324
vt -0.023377 0.586588
vt -0.023377 0.586588
vt -0.054880 0.719324
vt -0.046992 0.721196
vt -0.009706 0.589833
vt -0.023377 1.824157
vt -0.054880 1.671178
vt -0.062768 1.680674
vt -0.037048 1.833844
vt -0.037048 1.833844
vt -0.062768 1.680674
vt -0.054880 1.671178
vt -0.023377 1.824157
vt 0.721196 1.679683
vt 0.852190 1.481041
vt 0.852059 1.472082
vt 0.719324 1.671178
vt 0.719324 1.671178
vt 0.852059 1.472082
vt 0.852190 1.481041
vt 0.721196 1.679683
vt -0.054880 1.671178
vt -0.086383 1.472082
vt -0.086935 1.481124
vt -0.062768 1.680674
vt -0.062768 1.680674
vt -0.086935 1.481124
vt -0.086383 1.472082
vt -0.054880 1.671178
vt 0.103233 1.755784
vt 0.044140 1.860644
vt 0.035605 1.851800
vt 0.102636 1.746784
vt 0.102636 1.746784
vt 0.035605 1.851800
vt 0.044140 1.860644
vt 0.103233 1.755784
vt 0.055647 1.746784
vt 0.136984 1.851800
vt 0.129950 1.860956
vt 0.055154 1.755784
vt 0.055154 1.755784
vt 0.129950 1.860956
vt 0.136984 1.851800
vt 0.055647 1.746784
vt 0.044140 0.144019
vt -0.016647 0.230502
vt -0.031427 0.218322
vt 0.035605 0.136984
vt 0.035605 0.136984
vt -0.031427 0.218322
vt -0.016647 0.230502
vt 0.044140 0.144019
vt 0.035605 0.136984
vt -0.031427 0.218322
vt -0.046206 0.206142
vt 0.027069 0.129950
vt 0.027069 0.129950
vt -0.046206 0.206142
vt -0.031427 0.218322
vt 0.035605 0.136984
vt -0.016647 0.230502
vt -0.081400 0.313717
vt -0.098458 0.299659
vt -0.031427 0.218322
vt -0.031427 0.218322
vt -0.098458 0.299659
vt -0.081400 0.313717
vt -0.016647 0.230502
vt -0.031427 0.218322
vt -0.098458 0.299659
vt -0.115516 0.285602
vt -0.046206 0.206142
vt -0.046206 0.206142
vt -0.115516 0.285602
vt -0.098458 0.299659
vt -0.031427 0.218322
vt -0.081400 0.313717
vt -0.150727 0.393162
vt -0.165489 0.380997
vt -0.098458 0.299659
vt -0.098458 0.299659
vt -0.165489 0.380997
vt -0.150727 0.393162
vt -0.081400 0.313717
vt -0.098458 1.878212
vt -0.165489 1.768459
vt -0.180251 1.778543
vt -0.115516 1.888150
vt -0.115516 1.888150
vt -0.180251 1.778543
vt -0.165489 1.768459
vt -0.098458 1.878212
vt 0.393162 1.776376
vt 0.469352 1.590517
vt 0.462334 1.582299
vt 0.380997 1.768459
vt 0.380997 1.768459
vt 0.462334 1.582299
vt 0.469352 1.590517
vt 0.393162 1.776376
vt -0.165489 1.768459
vt -0.232520 1.582299
vt -0.241036 1.592081
vt -0.180251 1.778543
vt -0.180251 1.778543
vt -0.241036 1.592081
vt -0.232520 1.582299
vt -0.165489 1.768459
vt 0.469352 1.590517
vt 0.544163 1.351467
vt 0.543672 1.342533
vt 0.462334 1.582299
vt 0.462334 1.582299
vt 0.543672 1.342533
vt 0.544163 1.351467
vt 0.469352 1.590517
vt -0.232520 1.582299
vt -0.299552 1.342533
vt -0.300147 1.351598
vt -0.241036 1.592081
vt -0.241036 1.592081
vt -0.300147 1.351598
vt -0.299552 1.342533
vt -0.232520 1.582299
vt 0.103103 1.755784
vt 0.009780 1.858379
vt 0.003100 1.849251
vt 0.102636 1.746784
vt 0.102636 1.746784
vt 0.003100 1.849251
vt 0.009780 1.858379
vt 0.103103 1.755784
vt 0.055647 1.746784
vt 0.127813 1.849251
vt 0.118600 1.858122
vt 0.055002 1.755784
vt 0.055002 1.755784
vt 0.118600 1.858122
vt 0.127813 1.849251
vt 0.055647 1.746784
vt 0.009780 0.137026
vt -0.084868 0.215933
vt -0.096435 0.199979
vt 0.003100 0.127813
vt 0.003100 0.127813
vt -0.096435 0.199979
vt -0.084868 0.215933
vt 0.009780 0.137026
vt 0.003100 0.127813
vt -0.096435 0.199979
vt -0.108002 0.184025
vt -0.003579 0.118600
vt -0.003579 0.118600
vt -0.108002 0.184025
vt -0.096435 0.199979
vt 0.003100 0.127813
vt -0.084868 0.215933
vt -0.182618 0.290561
vt -0.195971 0.272145
vt -0.096435 0.199979
vt -0.096435 0.199979
vt -0.195971 0.272145
vt -0.182618 0.290561
vt -0.084868 0.215933
vt -0.096435 0.199979
vt -0.195971 0.272145
vt -0.209323 0.253728
vt -0.108002 0.184025
vt -0.108002 0.184025
vt -0.209323 0.253728
vt -0.195971 0.272145
vt -0.096435 0.199979
vt -0.182618 0.290561
vt -0.283948 0.360253
vt -0.295506 0.344311
vt -0.195971 0.272145
vt -0.195971 0.272145
vt -0.295506 0.344311
vt -0.283948 0.360253
vt -0.182618 0.290561
vt -0.195971 0.272145
vt -0.295506 0.344311
vt -0.307064 0.328369
vt -0.209323 0.253728
vt -0.209323 0.253728
vt -0.307064 0.328369
vt -0.295506 0.344311
vt -0.195971 0.272145
vt 0.360253 1.816428
vt 0.425675 1.660870
vt 0.416477 1.651227
vt 0.344311 1.806537
vt 0.344311 1.806537
vt 0.416477 1.651227
vt 0.425675 1.660870
vt 0.360253 1.816428
vt -0.295506 1.806537
vt -0.395042 1.651227
vt -0.401711 1.659583
vt -0.307064 1.814645
vt -0.307064 1.814645
vt -0.401711 1.659583
vt -0.395042 1.651227
vt -0.295506 1.806537
vt 0.425675 1.660870
vt 0.489286 1.458802
vt 0.488643 1.449748
vt 0.416477 1.651227
vt 0.416477 1.651227
vt 0.488643 1.449748
vt 0.489286 1.458802
vt 0.425675 1.660870
vt -0.395042 1.651227
vt -0.494577 1.449748
vt -0.495044 1.458694
vt -0.401711 1.659583
vt -0.401711 1.659583
vt -0.495044 1.458694
vt -0.494577 1.449748
vt -0.395042 1.651227
vt 0.102807 1.755784
vt -0.026178 1.819842
vt -0.028630 1.810656
vt 0.102636 1.746784
vt 0.102636 1.746784
vt -0.028630 1.810656
vt -0.026178 1.819842
vt 0.102807 1.755784
vt 0.102636 1.746784
vt -0.028630 1.810656
vt -0.031082 1.819469
vt 0.102464 1.755784
vt 0.102464 1.755784
vt -0.031082 1.819469
vt -0.028630 1.810656
vt 0.102636 1.746784
vt -0.026178 0.097922
vt -0.155651 0.137521
vt -0.159896 0.120280
vt -0.028630 0.087963
vt -0.028630 0.087963
vt -0.159896 0.120280
vt -0.155651 0.137521
vt -0.026178 0.097922
vt -0.028630 0.087963
vt -0.159896 0.120280
vt -0.164140 0.103039
vt -0.031082 0.078004
vt -0.031082 0.078004
vt -0.164140 0.103039
vt -0.159896 0.120280
vt -0.028630 0.087963
vt -0.155651 0.137521
vt -0.286264 0.172488
vt -0.291161 0.152596
vt -0.159896 0.120280
vt -0.159896 0.120280
vt -0.291161 0.152596
vt -0.286264 0.172488
vt -0.155651 0.137521
vt -0.159896 0.120280
vt -0.291161 0.152596
vt -0.296058 0.132704
vt -0.164140 0.103039
vt -0.164140 0.103039
vt -0.296058 0.132704
vt -0.291161 0.152596
vt -0.159896 0.120280
vt -0.286264 0.172488
vt -0.418191 0.202120
vt -0.422427 0.184913
vt -0.291161 0.152596
vt -0.291161 0.152596
vt -0.422427 0.184913
vt -0.418191 0.202120
vt -0.286264 0.172488
vt -0.291161 0.152596
vt -0.422427 0.184913
vt -0.426663 0.167706
vt -0.296058 0.132704
vt -0.296058 0.132704
vt -0.426663 0.167706
vt -0.422427 0.184913
vt -0.291161 0.152596
vt 0.202120 1.703210
vt 0.227149 1.543892
vt 0.217229 1.533961
vt 0.184913 1.692919
vt 0.184913 1.692919
vt 0.217229 1.533961
vt 0.227149 1.543892
vt 0.202120 1.703210
vt -0.422427 0.184913
vt -0.553692 0.217229
vt -0.556135 0.207310
vt -0.426663 0.167706
vt -0.426663 0.167706
vt -0.556135 0.207310
vt -0.553692 0.217229
vt -0.422427 0.184913
vt 0.227149 1.543892
vt 0.250239 1.340820
vt 0.249546 1.331741
vt 0.217229 1.533961
vt 0.217229 1.533961
vt 0.249546 1.331741
vt 0.250239 1.340820
vt 0.227149 1.543892
vt -0.553692 1.533961
vt -0.684958 1.331741
vt -0.685129 1.340663
vt -0.556135 1.542029
vt -0.556135 1.542029
vt -0.685129 1.340663
vt -0.684958 1.331741
vt -0.553692 1.533961
vt 0.102560 1.755784
vt 0.002156 1.804365
vt 0.003239 1.795651
vt 0.102636 1.746784
vt 0.102636 1.746784
vt 0.003239 1.795651
vt 0.002156 1.804365
vt 0.102560 1.755784
vt 0.102636 1.746784
vt 0.003239 1.795651
vt 0.004322 1.804938
vt 0.102712 1.755784
vt 0.102712 1.755784
vt 0.004322 1.804938
vt 0.003239 1.795651
vt 0.102636 1.746784
vt 0.002156 0.052045
vt -0.098030 0.046080
vt -0.096157 0.030984
vt 0.003239 0.043315
vt 0.003239 0.043315
vt -0.096157 0.030984
vt -0.098030 0.046080
vt 0.002156 0.052045
vt 0.003239 0.043315
vt -0.096157 0.030984
vt -0.094284 0.015887
vt 0.004322 0.034585
vt 0.004322 0.034585
vt -0.094284 0.015887
vt -0.096157 0.030984
vt 0.003239 0.043315
vt -0.098030 0.046080
vt -0.197710 0.036038
vt -0.195553 0.018652
vt -0.096157 0.030984
vt -0.096157 0.030984
vt -0.195553 0.018652
vt -0.197710 0.036038
vt -0.098030 0.046080
vt -0.096157 0.030984
vt -0.195553 0.018652
vt -0.193397 0.001267
vt -0.094284 0.015887
vt -0.094284 0.015887
vt -0.193397 0.001267
vt -0.195553 0.018652
vt -0.096157 0.030984
vt -0.197710 0.036038
vt -0.296811 0.021321
vt -0.294950 0.006321
vt -0.195553 0.018652
vt -0.195553 0.018652
vt -0.294950 0.006321
vt -0.296811 0.021321
vt -0.197710 0.036038
vt -0.195553 0.018652
vt -0.294950 0.006321
vt -0.293089 -0.008680
vt -0.193397 0.001267
vt -0.193397 0.001267
vt -0.293089 -0.008680
vt -0.294950 0.006321
vt -0.195553 0.018652
vt 0.021321 1.722894
vt 0.002608 1.608856
vt -0.006011 1.601282
vt 0.006321 1.715873
vt 0.006321 1.715873
vt -0.006011 1.601282
vt 0.002608 1.608856
vt 0.021321 1.722894
vt 0.006321 1.715873
vt -0.006011 1.601282
vt -0.014630 1.611708
vt -0.008680 1.726852
vt -0.008680 1.726852
vt -0.014630 1.611708
vt -0.006011 1.601282
vt 0.006321 1.715873
vt -0.395416 1.608856
vt -0.493817 1.464111
vt -0.493743 1.455230
vt -0.394346 1.601282
vt -0.394346 1.601282
vt -0.493743 1.455230
vt -0.493817 1.464111
vt -0.395416 1.608856
vt -0.394346 1.601282
vt -0.493743 1.455230
vt -0.493668 1.464350
vt -0.393277 1.611708
vt -0.393277 1.611708
vt -0.493668 1.464350
vt -0.493743 1.455230
vt -0.394346 1.601282
vt 0.056275 1.755784
vt 0.016341 1.841601
vt 0.007369 1.832285
vt 0.055647 1.746784
vt 0.055647 1.746784
vt 0.007369 1.832285
vt 0.016341 1.841601
vt 0.056275 1.755784
vt 0.102636 1.746784
vt 0.003820 1.832285
vt 0.008203 1.840970
vt 0.102943 1.755784
vt 0.102943 1.755784
vt 0.008203 1.840970
vt 0.003820 1.832285
vt 0.102636 1.746784
vt -0.000563 0.016341
vt -0.102576 -0.025393
vt -0.094996 -0.040908
vt 0.003820 0.007369
vt 0.003820 0.007369
vt -0.094996 -0.040908
vt -0.102576 -0.025393
vt -0.000563 0.016341
vt 0.003820 0.007369
vt -0.094996 -0.040908
vt -0.087415 -0.056424
vt 0.008203 -0.001602
vt 0.008203 -0.001602
vt -0.087415 -0.056424
vt -0.094996 -0.040908
vt 0.003820 0.007369
vt -0.102576 -0.025393
vt -0.202543 -0.071314
vt -0.193811 -0.089186
vt -0.094996 -0.040908
vt -0.094996 -0.040908
vt -0.193811 -0.089186
vt -0.202543 -0.071314
vt -0.102576 -0.025393
vt -0.094996 -0.040908
vt -0.193811 -0.089186
vt -0.185080 -0.107057
vt -0.087415 -0.056424
vt -0.087415 -0.056424
vt -0.185080 -0.107057
vt -0.193811 -0.089186
vt -0.094996 -0.040908
vt -0.202543 -0.071314
vt -0.300162 -0.122040
vt -0.292627 -0.137463
vt -0.193811 -0.089186
vt -0.193811 -0.089186
vt -0.292627 -0.137463
vt -0.300162 -0.122040
vt -0.202543 -0.071314
vt -0.089186 1.838585
vt -0.137463 1.733441
vt -0.152886 1.740261
vt -0.107057 1.845694
vt -0.107057 1.845694
vt -0.152886 1.740261
vt -0.137463 1.733441
vt -0.089186 1.838585
vt -0.300162 1.744622
vt -0.395774 1.571308
vt -0.391443 1.560737
vt -0.292627 1.733441
vt -0.292627 1.733441
vt -0.391443 1.560737
vt -0.395774 1.571308
vt -0.300162 1.744622
vt -0.137463 1.733441
vt -0.185741 1.560737
vt -0.194605 1.568165
vt -0.152886 1.740261
vt -0.152886 1.740261
vt -0.194605 1.568165
vt -0.185741 1.560737
vt -0.137463 1.733441
vt -0.395774 1.571308
vt -0.490560 1.348593
vt -0.490259 1.339461
vt -0.391443 1.560737
vt -0.391443 1.560737
vt -0.490259 1.339461
vt -0.490560 1.348593
vt -0.395774 1.571308
vt -0.185741 1.560737
vt -0.234018 1.339461
vt -0.234635 1.348329
vt -0.194605 1.568165
vt -0.194605 1.568165
vt -0.234635 1.348329
vt -0.234018 1.339461
vt -0.185741 1.560737
vt 0.056197 1.755784
vt -0.040529 1.814071
vt -0.048395 1.805147
vt 0.055647 1.746784
vt 0.055647 1.746784
vt -0.048395 1.805147
vt -0.040529 1.814071
vt 0.056197 1.755784
vt 0.102636 1.746784
vt 0.016401 1.805147
vt 0.025891 1.814222
vt 0.103300 1.755784
vt 0.103300 1.755784
vt 0.025891 1.814222
vt 0.016401 1.805147
vt 0.102636 1.746784
vt 0.006911 -0.040529
vt -0.086270 -0.138813
vt -0.069834 -0.152436
vt 0.016401 -0.048395
vt 0.016401 -0.048395
vt -0.069834 -0.152436
vt -0.086270 -0.138813
vt 0.006911 -0.040529
vt 0.016401 -0.048395
vt -0.069834 -0.152436
vt -0.053398 -0.166059
vt 0.025891 -0.056260
vt 0.025891 -0.056260
vt -0.053398 -0.166059
vt -0.069834 -0.152436
vt 0.016401 -0.048395
vt -0.086270 -0.138813
vt -0.175046 -0.240748
vt -0.156069 -0.256477
vt -0.069834 -0.152436
vt -0.069834 -0.152436
vt -0.156069 -0.256477
vt -0.175046 -0.240748
vt -0.086270 -0.138813
vt -0.069834 -0.152436
vt -0.156069 -0.256477
vt -0.137092 -0.272206
vt -0.053398 -0.166059
vt -0.053398 -0.166059
vt -0.137092 -0.272206
vt -0.156069 -0.256477
vt -0.069834 -0.152436
vt -0.175046 -0.240748
vt -0.258736 -0.346899
vt -0.242304 -0.360519
vt -0.156069 -0.256477
vt -0.156069 -0.256477
vt -0.242304 -0.360519
vt -0.258736 -0.346899
vt -0.175046 -0.240748
vt -0.156069 -0.256477
vt -0.242304 -0.360519
vt -0.225871 -0.374139
vt -0.137092 -0.272206
vt -0.137092 -0.272206
vt -0.225871 -0.374139
vt -0.242304 -0.360519
vt -0.156069 -0.256477
vt -0.258736 1.733362
vt -0.338024 1.606897
vt -0.328539 1.598275
vt -0.242304 1.724887
vt -0.242304 1.724887
vt -0.328539 1.598275
vt -0.338024 1.606897
vt -0.258736 1.733362
vt -0.360519 1.724887
vt -0.464560 1.598275
vt -0.472422 1.607653
vt -0.374139 1.734411
vt -0.374139 1.734411
vt -0.472422 1.607653
vt -0.464560 1.598275
vt -0.360519 1.724887
vt -0.338024 1.606897
vt -0.415437 1.445445
vt -0.414773 1.436476
vt -0.328539 1.598275
vt -0.328539 1.598275
vt -0.414773 1.436476
vt -0.415437 1.445445
vt -0.338024 1.606897
vt -0.464560 1.598275
vt -0.568601 1.436476
vt -0.569152 1.445508
vt -0.472422 1.607653
vt -0.472422 1.607653
vt -0.569152 1.445508
vt -0.568601 1.436476
vt -0.464560 1.598275
vt 0.055849 1.755784
vt -0.037085 1.811877
vt -0.039968 1.803118
vt 0.055647 1.746784
vt 0.055647 1.746784
vt -0.039968 1.803118
vt -0.037085 1.811877
vt 0.055849 1.755784
vt 0.055647 1.746784
vt -0.039968 1.803118
vt -0.042851 1.812359
vt 0.055445 1.755784
vt 0.055445 1.755784
vt -0.042851 1.812359
vt -0.039968 1.803118
vt 0.055647 1.746784
vt 0.059682 -0.037085
vt 0.018849 -0.130596
vt 0.032434 -0.135583
vt 0.067535 -0.039968
vt 0.067535 -0.039968
vt 0.032434 -0.135583
vt 0.018849 -0.130596
vt 0.059682 -0.037085
vt 0.067535 -0.039968
vt 0.032434 -0.135583
vt 0.046018 -0.140570
vt 0.075388 -0.042851
vt 0.075388 -0.042851
vt 0.046018 -0.140570
vt 0.032434 -0.135583
vt 0.067535 -0.039968
vt 0.018849 -0.130596
vt -0.018321 -0.225451
vt -0.002667 -0.231197
vt 0.032434 -0.135583
vt 0.032434 -0.135583
vt -0.002667 -0.231197
vt -0.018321 -0.225451
vt 0.018849 -0.130596
vt 0.032434 -0.135583
vt -0.002667 -0.231197
vt 0.012986 -0.236944
vt 0.046018 -0.140570
vt 0.046018 -0.140570
vt 0.012986 -0.236944
vt -0.002667 -0.231197
vt 0.032434 -0.135583
vt -0.018321 1.775843
vt -0.051285 1.665872
vt -0.037768 1.658539
vt -0.002667 1.768288
vt -0.002667 1.768288
vt -0.037768 1.658539
vt -0.051285 1.665872
vt -0.018321 1.775843
vt -0.231197 1.768288
vt -0.326812 1.658539
vt -0.331774 1.669206
vt -0.236944 1.778732
vt -0.236944 1.778732
vt -0.331774 1.669206
vt -0.326812 1.658539
vt -0.231197 1.768288
vt -0.051285 1.665872
vt -0.080644 1.498353
vt -0.072869 1.490554
vt -0.037768 1.658539
vt -0.037768 1.658539
vt -0.072869 1.490554
vt -0.080644 1.498353
vt -0.051285 1.665872
vt -0.326812 1.658539
vt -0.422427 1.490554
vt -0.425281 1.500755
vt -0.331774 1.669206
vt -0.331774 1.669206
vt -0.425281 1.500755
vt -0.422427 1.490554
vt -0.326812 1.658539
vt -0.080644 1.498353
vt -0.108512 1.286837
vt -0.107970 1.277938
vt -0.072869 1.490554
vt -0.072869 1.490554
vt -0.107970 1.277938
vt -0.108512 1.286837
vt -0.080644 1.498353
vt -0.422427 1.490554
vt -0.518041 1.277938
vt -0.518240 1.287039
vt -0.425281 1.500755
vt -0.425281 1.500755
vt -0.518240 1.287039
vt -0.518041 1.277938
vt -0.422427 1.490554
vt 0.055586 1.755784
vt -0.037317 1.855974
vt -0.036448 1.846957
vt 0.055647 1.746784
vt 0.055647 1.746784
vt -0.036448 1.846957
vt -0.037317 1.855974
vt 0.055586 1.755784
vt 0.055647 1.746784
vt -0.036448 1.846957
vt -0.035579 1.855940
vt 0.055708 1.755784
vt 0.055708 1.755784
vt -0.035579 1.855940
vt -0.036448 1.846957
vt 0.055647 1.746784
vt 0.098863 -0.037317
vt 0.098046 -0.130048
vt 0.117148 -0.128543
vt 0.109892 -0.036448
vt 0.109892 -0.036448
vt 0.117148 -0.128543
vt 0.098046 -0.130048
vt 0.098863 -0.037317
vt 0.109892 -0.036448
vt 0.117148 -0.128543
vt 0.136250 -0.127038
vt 0.120920 -0.035579
vt 0.120920 -0.035579
vt 0.136250 -0.127038
vt 0.117148 -0.128543
vt 0.109892 -0.036448
vt 0.098046 -0.130048
vt 0.102347 -0.222375
vt 0.124404 -0.220637
vt 0.117148 -0.128543
vt 0.117148 -0.128543
vt 0.124404 -0.220637
vt 0.102347 -0.222375
vt 0.098046 -0.130048
vt 0.117148 -0.128543
vt 0.124404 -0.220637
vt 0.146461 -0.218900
vt 0.136250 -0.127038
vt 0.136250 -0.127038
vt 0.146461 -0.218900
vt 0.124404 -0.220637
vt 0.117148 -0.128543
vt 0.102347 -0.222375
vt 0.112558 -0.314237
vt 0.131660 -0.312732
vt 0.124404 -0.220637
vt 0.124404 -0.220637
vt 0.131660 -0.312732
vt 0.112558 -0.314237
vt 0.102347 -0.222375
vt 0.124404 1.880967
vt 0.131660 1.785432
vt 0.150762 1.794314
vt 0.146461 1.889866
vt 0.146461 1.889866
vt 0.150762 1.794314
vt 0.131660 1.785432
vt 0.124404 1.880967
vt 0.112558 1.794549
vt 0.127888 1.629201
vt 0.138916 1.620116
vt 0.131660 1.785432
vt 0.131660 1.785432
vt 0.138916 1.620116
vt 0.127888 1.629201
vt 0.112558 1.794549
vt 0.131660 1.785432
vt 0.138916 1.620116
vt 0.149944 1.629031
vt 0.150762 1.794314
vt 0.150762 1.794314
vt 0.149944 1.629031
vt 0.138916 1.620116
vt 0.131660 1.785432
vt 0.127888 1.629201
vt 0.145400 1.415530
vt 0.146172 1.406523
vt 0.138916 1.620116
vt 0.138916 1.620116
vt 0.146172 1.406523
vt 0.145400 1.415530
vt 0.127888 1.629201
vt 0.138916 1.620116
vt 0.146172 1.406523
vt 0.146944 1.415516
vt 0.149944 1.629031
vt 0.149944 1.629031
vt 0.146944 1.415516
vt 0.146172 1.406523
vt 0.138916 1.620116
vt 0.055423 1.755784
vt -0.056441 1.805420
vt -0.053244 1.796728
vt 0.055647 1.746784
vt 0.055647 1.746784
vt -0.053244 1.796728
vt -0.056441 1.805420
vt 0.055423 1.755784
vt 0.055647 1.746784
vt -0.053244 1.796728
vt -0.050047 1.806036
vt 0.055871 1.755784
vt 0.055871 1.755784
vt -0.050047 1.806036
vt -0.053244 1.796728
vt 0.055647 1.746784
vt 0.137697 -0.056441
vt 0.174946 -0.167662
vt 0.188899 -0.162135
vt 0.145767 -0.053244
vt 0.145767 -0.053244
vt 0.188899 -0.162135
vt 0.174946 -0.167662
vt 0.137697 -0.056441
vt 0.145767 -0.053244
vt 0.188899 -0.162135
vt 0.202852 -0.156609
vt 0.153838 -0.050047
vt 0.153838 -0.050047
vt 0.202852 -0.156609
vt 0.188899 -0.162135
vt 0.145767 -0.053244
vt 0.174946 -0.167662
vt 0.215970 -0.277388
vt 0.232031 -0.271026
vt 0.188899 -0.162135
vt 0.188899 -0.162135
vt 0.232031 -0.271026
vt 0.215970 -0.277388
vt 0.174946 -0.167662
vt 0.188899 -0.162135
vt 0.232031 -0.271026
vt 0.248091 -0.264665
vt 0.202852 -0.156609
vt 0.202852 -0.156609
vt 0.248091 -0.264665
vt 0.232031 -0.271026
vt 0.188899 -0.162135
vt 0.215970 -0.277388
vt 0.261315 -0.385402
vt 0.275162 -0.379917
vt 0.232031 -0.271026
vt 0.232031 -0.271026
vt 0.275162 -0.379917
vt 0.261315 -0.385402
vt 0.215970 -0.277388
vt 0.232031 -0.271026
vt 0.275162 -0.379917
vt 0.289010 -0.374432
vt 0.248091 -0.264665
vt 0.248091 -0.264665
vt 0.289010 -0.374432
vt 0.275162 -0.379917
vt 0.232031 -0.271026
vt 0.261315 -0.385402
vt 0.310344 -0.491957
vt 0.318294 -0.488808
vt 0.275162 -0.379917
vt 0.275162 -0.379917
vt 0.318294 -0.488808
vt 0.310344 -0.491957
vt 0.261315 -0.385402
vt 0.275162 1.704962
vt 0.318294 1.580868
vt 0.326243 1.591399
vt 0.289010 1.716087
vt 0.289010 1.716087
vt 0.326243 1.591399
vt 0.318294 1.580868
vt 0.275162 1.704962
vt -0.491957 1.588337
vt -0.597918 1.431865
vt -0.597699 1.422993
vt -0.488808 1.580868
vt -0.488808 1.580868
vt -0.597699 1.422993
vt -0.597918 1.431865
vt -0.491957 1.588337
vt 0.318294 1.580868
vt 0.361425 1.422993
vt 0.361978 1.432121
vt 0.326243 1.591399
vt 0.326243 1.591399
vt 0.361978 1.432121
vt 0.361425 1.422993
vt 0.318294 1.580868
vt 0.102153 1.755784
vt 0.171871 1.811969
vt 0.178766 1.803200
vt 0.102636 1.746784
vt 0.102636 1.746784
vt 0.178766 1.803200
vt 0.171871 1.811969
vt 0.102153 1.755784
vt 0.055647 1.746784
vt -0.002832 1.803200
vt 0.006144 1.812430
vt 0.056275 1.755784
vt 0.056275 1.755784
vt 0.006144 1.812430
vt -0.002832 1.803200
vt 0.055647 1.746784
vt 0.171871 -0.011808
vt 0.242961 -0.076847
vt 0.254895 -0.061310
vt 0.178766 -0.002832
vt 0.178766 -0.002832
vt 0.254895 -0.061310
vt 0.242961 -0.076847
vt 0.171871 -0.011808
vt 0.178766 -0.002832
vt 0.254895 -0.061310
vt 0.266830 -0.045773
vt 0.185660 0.006144
vt 0.185660 0.006144
vt 0.266830 -0.045773
vt 0.254895 -0.061310
vt 0.178766 -0.002832
vt 0.242961 -0.076847
vt 0.317258 -0.137710
vt 0.331025 -0.119788
vt 0.254895 -0.061310
vt 0.254895 -0.061310
vt 0.331025 -0.119788
vt 0.317258 -0.137710
vt 0.242961 -0.076847
vt 0.254895 -0.061310
vt 0.331025 -0.119788
vt 0.344792 -0.101866
vt 0.266830 -0.045773
vt 0.266830 -0.045773
vt 0.344792 -0.101866
vt 0.331025 -0.119788
vt 0.254895 -0.061310
vt -0.137710 1.788576
vt -0.193765 1.691577
vt -0.178266 1.684170
vt -0.119788 1.780956
vt -0.119788 1.780956
vt -0.178266 1.684170
vt -0.193765 1.691577
vt -0.137710 1.788576
vt 0.331025 1.780956
vt 0.407155 1.684170
vt 0.419060 1.694764
vt 0.344792 1.791337
vt 0.344792 1.791337
vt 0.419060 1.694764
vt 0.407155 1.684170
vt 0.331025 1.780956
vt -0.193765 1.691577
vt -0.245676 1.541363
vt -0.236745 1.533512
vt -0.178266 1.684170
vt -0.178266 1.684170
vt -0.236745 1.533512
vt -0.245676 1.541363
vt -0.193765 1.691577
vt 0.407155 1.684170
vt 0.483285 1.533512
vt 0.490145 1.543662
vt 0.419060 1.694764
vt 0.419060 1.694764
vt 0.490145 1.543662
vt 0.483285 1.533512
vt 0.407155 1.684170
vt -0.245676 1.541363
vt -0.295847 1.351157
vt -0.295223 1.342253
vt -0.236745 1.533512
vt -0.236745 1.533512
vt -0.295223 1.342253
vt -0.295847 1.351157
vt -0.245676 1.541363
vt 0.483285 1.533512
vt 0.559415 1.342253
vt 0.559894 1.351350
vt 0.490145 1.543662
vt 0.490145 1.543662
vt 0.559894 1.351350
vt 0.559415 1.342253
vt 0.483285 1.533512
vt 0.102296 1.755784
vt 0.195307 1.846459
vt 0.200167 1.837573
vt 0.102636 1.746784
vt 0.102636 1.746784
vt 0.200167 1.837573
vt 0.195307 1.846459
vt 0.102296 1.755784
vt 0.055647 1.746784
vt 0.011532 1.837573
vt 0.022278 1.846687
vt 0.056399 1.755784
vt 0.056399 1.755784
vt 0.022278 1.846687
vt 0.011532 1.837573
vt 0.055647 1.746784
vt 0.195307 0.000787
vt 0.289281 -0.051192
vt 0.297699 -0.032582
vt 0.200167 0.011532
vt 0.200167 0.011532
vt 0.297699 -0.032582
vt 0.289281 -0.051192
vt 0.195307 0.000787
vt 0.200167 0.011532
vt 0.297699 -0.032582
vt 0.306116 -0.013972
vt 0.205028 0.022278
vt 0.205028 0.022278
vt 0.306116 -0.013972
vt 0.297699 -0.032582
vt 0.200167 0.011532
vt 0.289281 -0.051192
vt 0.385513 -0.098180
vt 0.395230 -0.076696
vt 0.297699 -0.032582
vt 0.297699 -0.032582
vt 0.395230 -0.076696
vt 0.385513 -0.098180
vt 0.289281 -0.051192
vt 0.297699 -0.032582
vt 0.395230 -0.076696
vt 0.404947 -0.055212
vt 0.306116 -0.013972
vt 0.306116 -0.013972
vt 0.404947 -0.055212
vt 0.395230 -0.076696
vt 0.297699 -0.032582
vt 0.385513 -0.098180
vt 0.484349 -0.139410
vt 0.492761 -0.120810
vt 0.395230 -0.076696
vt 0.395230 -0.076696
vt 0.492761 -0.120810
vt 0.484349 -0.139410
vt 0.385513 -0.098180
vt 0.395230 -0.076696
vt 0.492761 -0.120810
vt 0.501174 -0.102211
vt 0.404947 -0.055212
vt 0.404947 -0.055212
vt 0.501174 -0.102211
vt 0.492761 -0.120810
vt 0.395230 -0.076696
vt -0.139410 1.802655
vt -0.175658 1.661659
vt -0.164924 1.653228
vt -0.120810 1.794442
vt -0.120810 1.794442
vt -0.164924 1.653228
vt -0.175658 1.661659
vt -0.139410 1.802655
vt 0.492761 1.794442
vt 0.590293 1.653228
vt 0.595148 1.662796
vt 0.501174 1.804230
vt 0.501174 1.804230
vt 0.595148 1.662796
vt 0.590293 1.653228
vt 0.492761 1.794442
vt -0.175658 1.661659
vt -0.209790 1.479218
vt -0.209039 1.470266
vt -0.164924 1.653228
vt -0.164924 1.653228
vt -0.209039 1.470266
vt -0.209790 1.479218
vt -0.175658 1.661659
vt 0.590293 1.653228
vt 0.687824 1.470266
vt 0.688164 1.479313
vt 0.595148 1.662796
vt 0.595148 1.662796
vt 0.688164 1.479313
vt 0.687824 1.470266
vt 0.590293 1.653228
vt -0.027226 0.209560
vt -0.007580 0.182514
vt -0.007580 0.149090
vt -0.027226 0.122056
vt -0.059014 0.111738
vt -0.090802 0.122077
vt -0.110448 0.149124
vt -0.110448 0.182547
vt -0.090802 0.209581
vt -0.059014 0.219899
vt -0.029177 0.232587
vt -0.050385 0.225703
vt -0.063492 0.207667
vt -0.063492 0.185368
vt -0.050385 0.167323
vt -0.029177 0.160426
vt -0.007969 0.167309
vt 0.005138 0.185346
vt 0.005138 0.207645
vt -0.007969 0.225689
vt -0.059014 0.000378
vt -0.090802 0.001136
vt -0.050385 1.669982
vt -0.029177 1.669476
vt 0.209581 0.001136
vt 0.182547 0.001985
vt 0.207667 1.670548
vt 0.225703 1.669982
vt 0.182547 0.001985
vt 0.149124 0.002599
vt 0.185368 1.670958
vt 0.207667 1.670548
vt 0.149124 0.002599
vt 0.122077 0.002745
vt 0.167323 1.671055
vt 0.185368 1.670958
vt -0.090802 0.002745
vt -0.059014 0.002367
vt -0.029177 1.670803
vt -0.050385 1.671055
vt -0.059014 0.002367
vt -0.027226 0.001609
vt -0.007969 1.670297
vt -0.029177 1.670803
vt 0.122056 0.001609
vt 0.149090 0.000761
vt 0.185346 1.669731
vt 0.167309 1.670297
vt 0.149090 0.000761
vt 0.182514 0.000146
vt 0.207645 1.669321
vt 0.185346 1.669731
vt 0.182514 0.000146
vt 0.209560 0.000000
vt 0.225689 1.669224
vt 0.207645 1.669321
vt -0.027226 0.000000
vt -0.059014 0.000378
vt -0.029177 1.669476
vt -0.007969 1.669224
vt -0.024031 0.212228
vt -0.005504 0.186728
vt -0.005504 0.155208
vt -0.024031 0.129708
vt -0.054008 0.119968
vt -0.083985 0.129708
vt -0.102512 0.155208
vt -0.102512 0.186728
vt -0.083985 0.212228
vt -0.054008 0.221968
vt -0.054008 0.221968
vt -0.083985 0.212228
vt -0.102512 0.186728
vt -0.102512 0.155208
vt -0.083985 0.129708
vt -0.054008 0.119968
vt -0.024031 0.129708
vt -0.005504 0.155208
vt -0.005504 0.186728
vt -0.024031 0.212228
vt -0.054008 0.271373
vt -0.083985 0.271373
vt -0.083985 0.291373
vt -0.054008 0.291373
vt 0.212228 0.271373
vt 0.186728 0.271373
vt 0.186728 0.291373
vt 0.212228 0.291373
vt 0.186728 0.271373
vt 0.155208 0.271373
vt 0.155208 0.291373
vt 0.186728 0.291373
vt 0.155208 0.271373
vt 0.129708 0.271373
vt 0.129708 0.291373
vt 0.155208 0.291373
vt -0.083985 0.271373
vt -0.054008 0.271373
vt -0.054008 0.291373
vt -0.083985 0.291373
vt -0.054008 0.271373
vt -0.024031 0.271373
vt -0.024031 0.291373
vt -0.054008 0.291373
vt 0.129708 0.271373
vt 0.155208 0.271373
vt 0.155208 0.291373
vt 0.129708 0.291373
vt 0.155208 0.271373
vt 0.186728 0.271373
vt 0.186728 0.291373
vt 0.155208 0.291373
vt 0.186728 0.271373
vt 0.212228 0.271373
vt 0.212228 0.291373
vt 0.186728 0.291373
vt -0.024031 0.271373
vt -0.054008 0.271373
vt -0.054008 0.291373
vt -0.024031 0.291373
vt -0.019740 0.216641
vt -0.001213 0.191141
vt -0.001213 0.159621
vt -0.019740 0.134121
vt -0.049717 0.124381
vt -0.079694 0.134121
vt -0.098220 0.159621
vt -0.098220 0.191141
vt -0.079694 0.216641
vt -0.049717 0.226381
vt -0.049717 0.226381
vt -0.079694 0.216641
vt -0.098220 0.191141
vt -0.098220 0.159621
vt -0.079694 0.134121
vt -0.049717 0.124381
vt -0.019740 0.134121
vt -0.001213 0.159621
vt -0.001213 0.191141
vt -0.019740 0.216641
vt -0.049717 0.511373
vt -0.079694 0.511373
vt -0.079694 0.531373
vt -0.049717 0.531373
vt 0.216641 0.511373
vt 0.191141 0.511373
vt 0.191141 0.531373
vt 0.216641 0.531373
vt 0.191141 0.511373
vt 0.159621 0.511373
vt 0.159621 0.531373
vt 0.191141 0.531373
vt 0.159621 0.511373
vt 0.134121 0.511373
vt 0.134121 0.531373
vt 0.159621 0.531373
vt -0.079694 0.511373
vt -0.049717 0.511373
vt -0.049717 0.531373
vt -0.079694 0.531373
vt -0.049717 0.511373
vt -0.019740 0.511373
vt -0.019740 0.531373
vt -0.049717 0.531373
vt 0.134121 0.511373
vt 0.159621 0.511373
vt 0.159621 0.531373
vt 0.134121 0.531373
vt 0.159621 0.511373
vt 0.191141 0.511373
vt 0.191141 0.531373
vt 0.159621 0.531373
vt 0.191141 0.511373
vt 0.216641 0.511373
vt 0.216641 0.531373
vt 0.191141 0.531373
vt -0.019740 0.511373
vt -0.049717 0.511373
vt -0.049717 0.531373
vt -0.019740 0.531373
vt -0.015448 0.221055
vt 0.003078 0.195555
vt 0.003078 0.164035
vt -0.015448 0.138535
vt -0.045425 0.128795
vt -0.075402 0.138535
vt -0.093929 0.164035
vt -0.093929 0.195555
vt -0.075402 0.221055
vt -0.045425 0.230795
vt -0.045425 0.230795
vt -0.075402 0.221055
vt -0.093929 0.195555
vt -0.093929 0.164035
vt -0.075402 0.138535
vt -0.045425 0.128795
vt -0.015448 0.138535
vt 0.003078 0.164035
vt 0.003078 0.195555
vt -0.015448 0.221055
vt -0.045425 0.751373
vt -0.075402 0.751373
vt -0.075402 0.771373
vt -0.045425 0.771373
vt 0.221055 0.751373
vt 0.195555 0.751373
vt 0.195555 0.771373
vt 0.221055 0.771373
vt 0.195555 0.751373
vt 0.164035 0.751373
vt 0.164035 0.771373
vt 0.195555 0.771373
vt 0.164035 0.751373
vt 0.138535 0.751373
vt 0.138535 0.771373
vt 0.164035 0.771373
vt -0.075402 0.751373
vt -0.045425 0.751373
vt -0.045425 0.771373
vt -0.075402 0.771373
vt -0.045425 0.751373
vt -0.015448 0.751373
vt -0.015448 0.771373
vt -0.045425 0.771373
vt 0.138535 0.751373
vt 0.164035 0.751373
vt 0.164035 0.771373
vt 0.138535 0.771373
vt 0.164035 0.751373
vt 0.195555 0.751373
vt 0.195555 0.771373
vt 0.164035 0.771373
vt 0.195555 0.751373
vt 0.221055 0.751373
vt 0.221055 0.771373
vt 0.195555 0.771373
vt -0.015448 0.751373
vt -0.045425 0.751373
vt -0.045425 0.771373
vt -0.015448 0.771373
vt -0.011157 0.225468
vt 0.007370 0.199968
vt 0.007370 0.168448
vt -0.011157 0.142948
vt -0.041134 0.133208
vt -0.071111 0.142948
vt -0.089638 0.168448
vt -0.089638 0.199968
vt -0.071111 0.225468
vt -0.041134 0.235208
vt -0.041134 0.235208
vt -0.071111 0.225468
vt -0.089638 0.199968
vt -0.089638 0.168448
vt -0.071111 0.142948
vt -0.041134 0.133208
vt -0.011157 0.142948
vt 0.007370 0.168448
vt 0.007370 0.199968
vt -0.011157 0.225468
vt -0.041134 0.991373
vt -0.071111 0.991373
vt -0.071111 1.011373
vt -0.041134 1.011373
vt 0.225468 0.991373
vt 0.199968 0.991373
vt 0.199968 1.011373
vt 0.225468 1.011373
vt 0.199968 0.991373
vt 0.168448 0.991373
vt 0.168448 1.011373
vt 0.199968 1.011373
vt 0.168448 0.991373
vt 0.142948 0.991373
vt 0.142948 1.011373
vt 0.168448 1.011373
vt -0.071111 0.991373
vt -0.041134 0.991373
vt -0.041134 1.011373
vt -0.071111 1.011373
vt -0.041134 0.991373
vt -0.011157 0.991373
vt -0.011157 1.011373
vt -0.041134 1.011373
vt 0.142948 0.991373
vt 0.168448 0.991373
vt 0.168448 1.011373
vt 0.142948 1.011373
vt 0.168448 0.991373
vt 0.199968 0.991373
vt 0.199968 1.011373
vt 0.168448 1.011373
vt 0.199968 0.991373
vt 0.225468 0.991373
vt 0.225468 1.011373
vt 0.199968 1.011373
vt -0.011157 0.991373
vt -0.041134 0.991373
vt -0.041134 1.011373
vt -0.011157 1.011373
vt -0.006866 0.229881
vt 0.011661 0.204381
vt 0.011661 0.172862
vt -0.006866 0.147362
vt -0.036843 0.137622
vt -0.066820 0.147362
vt -0.085347 0.172862
vt -0.085347 0.204381
vt -0.066820 0.229881
vt -0.036843 0.239622
vt -0.036843 0.239622
vt -0.066820 0.229881
vt -0.085347 0.204381
vt -0.085347 0.172862
vt -0.066820 0.147362
vt -0.036843 0.137622
vt -0.006866 0.147362
vt 0.011661 0.172862
vt 0.011661 0.204381
vt -0.006866 0.229881
vt -0.036843 1.231373
vt -0.066820 1.231373
vt -0.066820 1.251373
vt -0.036843 1.251373
vt 0.229881 1.231373
vt 0.204381 1.231373
vt 0.204381 1.251373
vt 0.229881 1.251373
vt 0.204381 1.231373
vt 0.172862 1.231373
vt 0.172862 1.251373
vt 0.204381 1.251373
vt 0.172862 1.231373
vt 0.147362 1.231373
vt 0.147362 1.251373
vt 0.172862 1.251373
vt -0.066820 1.231373
vt -0.036843 1.231373
vt -0.036843 1.251373
vt -0.066820 1.251373
vt -0.036843 1.231373
vt -0.006866 1.231373
vt -0.006866 1.251373
vt -0.036843 1.251373
vt 0.147362 1.231373
vt 0.172862 1.231373
vt 0.172862 1.251373
vt 0.147362 1.251373
vt 0.172862 1.231373
vt 0.204381 1.231373
vt 0.204381 1.251373
vt 0.172862 1.251373
vt 0.204381 1.231373
vt 0.229881 1.231373
vt 0.229881 1.251373
vt 0.204381 1.251373
vt -0.006866 1.231373
vt -0.036843 1.231373
vt -0.036843 1.251373
vt -0.006866 1.251373
vt -0.029100 1.659140
vt 0.062071 1.767497
vt 0.060970 1.758161
vt -0.029177 1.650140
vt -0.029177 1.650140
vt 0.060970 1.758161
vt 0.062071 1.767497
vt -0.029100 1.659140
vt -0.029177 1.650140
vt 0.060970 1.758161
vt 0.059870 1.766825
vt -0.029254 1.659140
vt -0.029254 1.659140
vt 0.059870 1.766825
vt 0.060970 1.758161
vt -0.029177 1.650140
vt 0.062071 0.194787
vt 0.153020 0.196003
vt 0.151117 0.214779
vt 0.060970 0.205643
vt 0.060970 0.205643
vt 0.151117 0.214779
vt 0.153020 0.196003
vt 0.062071 0.194787
vt 0.060970 0.205643
vt 0.151117 0.214779
vt 0.149214 0.233556
vt 0.059870 0.216499
vt 0.059870 0.216499
vt 0.149214 0.233556
vt 0.151117 0.214779
vt 0.060970 0.205643
vt 0.153020 0.196003
vt 0.243457 0.202286
vt 0.241264 0.223916
vt 0.151117 0.214779
vt 0.151117 0.214779
vt 0.241264 0.223916
vt 0.243457 0.202286
vt 0.153020 0.196003
vt 0.151117 0.214779
vt 0.241264 0.223916
vt 0.239072 0.245545
vt 0.149214 0.233556
vt 0.149214 0.233556
vt 0.239072 0.245545
vt 0.241264 0.223916
vt 0.151117 0.214779
vt 0.202286 1.797443
vt 0.214383 1.686001
vt 0.233052 1.674678
vt 0.223916 1.786429
vt 0.223916 1.786429
vt 0.233052 1.674678
vt 0.214383 1.686001
vt 0.202286 1.797443
vt 0.223916 1.786429
vt 0.233052 1.674678
vt 0.251722 1.681355
vt 0.245545 1.793415
vt 0.245545 1.793415
vt 0.251722 1.681355
vt 0.233052 1.674678
vt 0.223916 1.786429
vt 0.214383 1.686001
vt 0.231456 1.495395
vt 0.242189 1.484721
vt 0.233052 1.674678
vt 0.233052 1.674678
vt 0.242189 1.484721
vt 0.231456 1.495395
vt 0.214383 1.686001
vt 0.233052 1.674678
vt 0.242189 1.484721
vt 0.252921 1.492047
vt 0.251722 1.681355
vt 0.251722 1.681355
vt 0.252921 1.492047
vt 0.242189 1.484721
vt 0.233052 1.674678
vt 0.231456 1.495395
vt 0.250578 1.249120
vt 0.251325 1.239980
vt 0.242189 1.484721
vt 0.242189 1.484721
vt 0.251325 1.239980
vt 0.250578 1.249120
vt 0.231456 1.495395
vt 0.242189 1.484721
vt 0.251325 1.239980
vt 0.252073 1.248840
vt 0.252921 1.492047
vt 0.252921 1.492047
vt 0.252073 1.248840
vt 0.251325 1.239980
vt 0.242189 1.484721
vt -0.028930 1.659140
vt 0.089583 1.726338
vt 0.086058 1.716926
vt -0.029177 1.650140
vt -0.029177 1.650140
vt 0.086058 1.716926
vt 0.089583 1.726338
vt -0.028930 1.659140
vt -0.029177 1.650140
vt 0.086058 1.716926
vt 0.082533 1.725514
vt -0.029424 1.659140
vt -0.029424 1.659140
vt 0.082533 1.725514
vt 0.086058 1.716926
vt -0.029177 1.650140
vt 0.089583 0.221554
vt 0.207387 0.249639
vt 0.201293 0.269010
vt 0.086058 0.232758
vt 0.086058 0.232758
vt 0.201293 0.269010
vt 0.207387 0.249639
vt 0.089583 0.221554
vt 0.086058 0.232758
vt 0.201293 0.269010
vt 0.195199 0.288381
vt 0.082533 0.243963
vt 0.082533 0.243963
vt 0.195199 0.288381
vt 0.201293 0.269010
vt 0.086058 0.232758
vt 0.207387 0.249639
vt 0.323542 0.282963
vt 0.316527 0.305262
vt 0.201293 0.269010
vt 0.201293 0.269010
vt 0.316527 0.305262
vt 0.323542 0.282963
vt 0.207387 0.249639
vt 0.201293 0.269010
vt 0.316527 0.305262
vt 0.309512 0.327561
vt 0.195199 0.288381
vt 0.195199 0.288381
vt 0.309512 0.327561
vt 0.316527 0.305262
vt 0.201293 0.269010
vt 0.323542 0.282963
vt 0.437811 0.322286
vt 0.431762 0.341514
vt 0.316527 0.305262
vt 0.316527 0.305262
vt 0.431762 0.341514
vt 0.437811 0.322286
vt 0.323542 0.282963
vt 0.316527 0.305262
vt 0.431762 0.341514
vt 0.425713 0.360742
vt 0.309512 0.327561
vt 0.309512 0.327561
vt 0.425713 0.360742
vt 0.431762 0.341514
vt 0.316527 0.305262
vt 0.322286 1.594549
vt 0.366726 1.419963
vt 0.377766 1.408913
vt 0.341514 1.582704
vt 0.341514 1.582704
vt 0.377766 1.408913
vt 0.366726 1.419963
vt 0.322286 1.594549
vt 0.341514 1.582704
vt 0.377766 1.408913
vt 0.388805 1.415864
vt 0.360742 1.588859
vt 0.360742 1.588859
vt 0.388805 1.415864
vt 0.377766 1.408913
vt 0.341514 1.582704
vt 0.550470 1.419963
vt 0.662473 1.197293
vt 0.662232 1.188121
vt 0.546997 1.408913
vt 0.546997 1.408913
vt 0.662232 1.188121
vt 0.662473 1.197293
vt 0.550470 1.419963
vt 0.377766 1.408913
vt 0.414018 1.188121
vt 0.414785 1.196949
vt 0.388805 1.415864
vt 0.388805 1.415864
vt 0.414785 1.196949
vt 0.414018 1.188121
vt 0.377766 1.408913
vt 0.196088 1.659140
vt 0.257798 1.737574
vt 0.263770 1.728824
vt 0.196506 1.650140
vt 0.196506 1.650140
vt 0.263770 1.728824
vt 0.257798 1.737574
vt 0.196088 1.659140
vt -0.029177 1.650140
vt 0.045693 1.728824
vt 0.040328 1.738073
vt -0.029553 1.659140
vt -0.029553 1.659140
vt 0.040328 1.738073
vt 0.045693 1.728824
vt -0.029177 1.650140
vt 0.051059 0.257798
vt 0.129843 0.320704
vt 0.120564 0.331033
vt 0.045693 0.263770
vt 0.045693 0.263770
vt 0.120564 0.331033
vt 0.129843 0.320704
vt 0.051059 0.257798
vt 0.045693 0.263770
vt 0.120564 0.331033
vt 0.111284 0.341362
vt 0.040328 0.269742
vt 0.040328 0.269742
vt 0.111284 0.341362
vt 0.120564 0.331033
vt 0.045693 0.263770
vt 0.129843 0.320704
vt 0.206123 0.386398
vt 0.195434 0.398296
vt 0.120564 0.331033
vt 0.120564 0.331033
vt 0.195434 0.398296
vt 0.206123 0.386398
vt 0.129843 0.320704
vt 0.120564 0.331033
vt 0.195434 0.398296
vt 0.184745 0.410194
vt 0.111284 0.341362
vt 0.111284 0.341362
vt 0.184745 0.410194
vt 0.195434 0.398296
vt 0.120564 0.331033
vt 0.206123 1.728977
vt 0.279530 1.618337
vt 0.270304 1.611063
vt 0.195434 1.721474
vt 0.195434 1.721474
vt 0.270304 1.611063
vt 0.279530 1.618337
vt 0.206123 1.728977
vt 0.398296 1.721474
vt 0.465559 1.611063
vt 0.475828 1.621789
vt 0.410194 1.731970
vt 0.410194 1.731970
vt 0.475828 1.621789
vt 0.465559 1.611063
vt 0.398296 1.721474
vt 0.279530 1.618337
vt 0.350478 1.441607
vt 0.345175 1.433851
vt 0.270304 1.611063
vt 0.270304 1.611063
vt 0.345175 1.433851
vt 0.350478 1.441607
vt 0.279530 1.618337
vt 0.465559 1.611063
vt 0.532823 1.433851
vt 0.538725 1.444094
vt 0.475828 1.621789
vt 0.475828 1.621789
vt 0.538725 1.444094
vt 0.532823 1.433851
vt 0.465559 1.611063
vt 0.350478 1.441607
vt 0.420414 1.216576
vt 0.420045 1.207680
vt 0.345175 1.433851
vt 0.345175 1.433851
vt 0.420045 1.207680
vt 0.420414 1.216576
vt 0.350478 1.441607
vt 0.532823 1.433851
vt 0.600086 1.207680
vt 0.600497 1.216784
vt 0.538725 1.444094
vt 0.538725 1.444094
vt 0.600497 1.216784
vt 0.600086 1.207680
vt 0.532823 1.433851
vt 0.196017 1.659140
vt 0.285602 1.727365
vt 0.292592 1.718155
vt 0.196506 1.650140
vt 0.196506 1.650140
vt 0.292592 1.718155
vt 0.285602 1.727365
vt 0.196017 1.659140
vt -0.029177 1.650140
vt 0.030366 1.718155
vt 0.019086 1.726945
vt -0.029967 1.659140
vt -0.029967 1.659140
vt 0.019086 1.726945
vt 0.030366 1.718155
vt -0.029177 1.650140
vt 0.041646 0.285602
vt 0.109439 0.376574
vt 0.089909 0.388677
vt 0.030366 0.292592
vt 0.030366 0.292592
vt 0.089909 0.388677
vt 0.109439 0.376574
vt 0.041646 0.285602
vt 0.030366 0.292592
vt 0.089909 0.388677
vt 0.070378 0.400780
vt 0.019086 0.299582
vt 0.019086 0.299582
vt 0.070378 0.400780
vt 0.089909 0.388677
vt 0.030366 0.292592
vt 0.109439 0.376574
vt 0.171989 0.470796
vt 0.149452 0.484762
vt 0.089909 0.388677
vt 0.089909 0.388677
vt 0.149452 0.484762
vt 0.171989 0.470796
vt 0.109439 0.376574
vt 0.089909 0.388677
vt 0.149452 0.484762
vt 0.126914 0.498729
vt 0.070378 0.400780
vt 0.070378 0.400780
vt 0.126914 0.498729
vt 0.149452 0.484762
vt 0.089909 0.388677
vt 0.171989 0.470796
vt 0.228495 0.568763
vt 0.208994 0.580848
vt 0.149452 0.484762
vt 0.149452 0.484762
vt 0.208994 0.580848
vt 0.228495 0.568763
vt 0.171989 0.470796
vt 0.149452 0.484762
vt 0.208994 0.580848
vt 0.189493 0.592932
vt 0.126914 0.498729
vt 0.126914 0.498729
vt 0.189493 0.592932
vt 0.208994 0.580848
vt 0.149452 0.484762
vt 0.228495 1.644005
vt 0.279783 1.502137
vt 0.268537 1.492087
vt 0.208994 1.633549
vt 0.208994 1.633549
vt 0.268537 1.492087
vt 0.279783 1.502137
vt 0.228495 1.644005
vt 0.580848 1.633549
vt 0.676933 1.492087
vt 0.683902 1.500037
vt 0.592932 1.641093
vt 0.592932 1.641093
vt 0.683902 1.500037
vt 0.676933 1.492087
vt 0.580848 1.633549
vt 0.279783 1.502137
vt 0.328866 1.320126
vt 0.328080 1.311038
vt 0.268537 1.492087
vt 0.268537 1.492087
vt 0.328080 1.311038
vt 0.328866 1.320126
vt 0.279783 1.502137
vt 0.676933 1.492087
vt 0.773019 1.311038
vt 0.773506 1.319950
vt 0.683902 1.500037
vt 0.683902 1.500037
vt 0.773506 1.319950
vt 0.773019 1.311038
vt 0.676933 1.492087
vt 0.196251 1.659140
vt 0.302578 1.712363
vt 0.306219 1.703622
vt 0.196506 1.650140
vt 0.196506 1.650140
vt 0.306219 1.703622
vt 0.302578 1.712363
vt 0.196251 1.659140
vt 0.196506 1.650140
vt 0.306219 1.703622
vt 0.309861 1.712880
vt 0.196761 1.659140
vt 0.196761 1.659140
vt 0.309861 1.712880
vt 0.306219 1.703622
vt 0.196506 1.650140
vt 0.021179 0.302578
vt 0.068876 0.409631
vt 0.051802 0.415932
vt 0.011313 0.306219
vt 0.011313 0.306219
vt 0.051802 0.415932
vt 0.068876 0.409631
vt 0.021179 0.302578
vt 0.011313 0.306219
vt 0.051802 0.415932
vt 0.034729 0.422233
vt 0.001446 0.309861
vt 0.001446 0.309861
vt 0.034729 0.422233
vt 0.051802 0.415932
vt 0.011313 0.306219
vt 0.068876 0.409631
vt 0.111977 0.518381
vt 0.092292 0.525645
vt 0.051802 0.415932
vt 0.051802 0.415932
vt 0.092292 0.525645
vt 0.111977 0.518381
vt 0.068876 0.409631
vt 0.051802 0.415932
vt 0.092292 0.525645
vt 0.072607 0.532910
vt 0.034729 0.422233
vt 0.034729 0.422233
vt 0.072607 0.532910
vt 0.092292 0.525645
vt 0.051802 0.415932
vt 0.111977 0.518381
vt 0.149794 0.629080
vt 0.132782 0.635359
vt 0.092292 0.525645
vt 0.092292 0.525645
vt 0.132782 0.635359
vt 0.149794 0.629080
vt 0.111977 0.518381
vt 0.092292 0.525645
vt 0.132782 0.635359
vt 0.115770 0.641637
vt 0.072607 0.532910
vt 0.072607 0.532910
vt 0.115770 0.641637
vt 0.132782 0.635359
vt 0.092292 0.525645
vt 0.149794 1.625278
vt 0.183066 1.501564
vt 0.173271 1.493854
vt 0.132782 1.618067
vt 0.132782 1.618067
vt 0.173271 1.493854
vt 0.183066 1.501564
vt 0.149794 1.625278
vt 0.635359 1.618067
vt 0.745072 1.493854
vt 0.748686 1.504144
vt 0.641637 1.628856
vt 0.641637 1.628856
vt 0.748686 1.504144
vt 0.745072 1.493854
vt 0.635359 1.618067
vt 0.183066 1.501564
vt 0.214444 1.344380
vt 0.213761 1.335488
vt 0.173271 1.493854
vt 0.173271 1.493854
vt 0.213761 1.335488
vt 0.214444 1.344380
vt 0.183066 1.501564
vt 0.745072 1.493854
vt 0.854785 1.335488
vt 0.855037 1.344596
vt 0.748686 1.504144
vt 0.748686 1.504144
vt 0.855037 1.344596
vt 0.854785 1.335488
vt 0.745072 1.493854
vt 0.196495 1.659140
vt 0.316570 1.743871
vt 0.316733 1.734670
vt 0.196506 1.650140
vt 0.196506 1.650140
vt 0.316733 1.734670
vt 0.316570 1.743871
vt 0.196495 1.659140
vt 0.196506 1.650140
vt 0.316733 1.734670
vt 0.316897 1.743469
vt 0.196518 1.659140
vt 0.196518 1.659140
vt 0.316897 1.743469
vt 0.316733 1.734670
vt 0.196506 1.650140
vt -0.014656 0.316570
vt -0.003630 0.436677
vt -0.026155 0.436961
vt -0.027666 0.316733
vt -0.027666 0.316733
vt -0.026155 0.436961
vt -0.003630 0.436677
vt -0.014656 0.316570
vt -0.027666 0.316733
vt -0.026155 0.436961
vt -0.048681 0.437244
vt -0.040676 0.316897
vt -0.040676 0.316897
vt -0.048681 0.437244
vt -0.026155 0.436961
vt -0.027666 0.316733
vt -0.003630 0.436677
vt 0.001350 0.556861
vt -0.024645 0.557188
vt -0.026155 0.436961
vt -0.026155 0.436961
vt -0.024645 0.557188
vt 0.001350 0.556861
vt -0.003630 0.436677
vt -0.026155 0.436961
vt -0.024645 0.557188
vt -0.050639 0.557514
vt -0.048681 0.437244
vt -0.048681 0.437244
vt -0.050639 0.557514
vt -0.024645 0.557188
vt -0.026155 0.436961
vt 0.001350 0.556861
vt -0.000641 0.677132
vt -0.023134 0.677415
vt -0.024645 0.557188
vt -0.024645 0.557188
vt -0.023134 0.677415
vt -0.000641 0.677132
vt 0.001350 0.556861
vt -0.024645 0.557188
vt -0.023134 0.677415
vt -0.045627 0.677697
vt -0.050639 0.557514
vt -0.050639 0.557514
vt -0.045627 0.677697
vt -0.023134 0.677415
vt -0.024645 0.557188
vt -0.000641 1.678941
vt -0.008651 1.529365
vt -0.021623 1.519362
vt -0.023134 1.668551
vt -0.023134 1.668551
vt -0.021623 1.519362
vt -0.008651 1.529365
vt -0.000641 1.678941
vt -0.023134 1.668551
vt -0.021623 1.519362
vt -0.034596 1.527359
vt -0.045627 1.676160
vt -0.045627 1.676160
vt -0.034596 1.527359
vt -0.021623 1.519362
vt -0.023134 1.668551
vt -0.008651 1.529365
vt -0.019206 1.336262
vt -0.020113 1.327178
vt -0.021623 1.519362
vt -0.021623 1.519362
vt -0.020113 1.327178
vt -0.019206 1.336262
vt -0.008651 1.529365
vt -0.021623 1.519362
vt -0.020113 1.327178
vt -0.021019 1.336094
vt -0.034596 1.527359
vt -0.034596 1.527359
vt -0.021019 1.336094
vt -0.020113 1.327178
vt -0.021623 1.519362
vt 0.196718 1.659140
vt 0.297800 1.725633
vt 0.294783 1.716535
vt 0.196506 1.650140
vt 0.196506 1.650140
vt 0.294783 1.716535
vt 0.297800 1.725633
vt 0.196718 1.659140
vt 0.196506 1.650140
vt 0.294783 1.716535
vt 0.291765 1.725437
vt 0.196295 1.659140
vt 0.196295 1.659140
vt 0.291765 1.725437
vt 0.294783 1.716535
vt 0.196506 1.650140
vt -0.057905 0.297800
vt -0.088795 0.398285
vt -0.102755 0.393059
vt -0.065966 0.294783
vt -0.065966 0.294783
vt -0.102755 0.393059
vt -0.088795 0.398285
vt -0.057905 0.297800
vt -0.065966 0.294783
vt -0.102755 0.393059
vt -0.116715 0.387833
vt -0.074028 0.291765
vt -0.074028 0.291765
vt -0.116715 0.387833
vt -0.102755 0.393059
vt -0.065966 0.294783
vt -0.088795 0.398285
vt -0.123430 0.497367
vt -0.139545 0.491335
vt -0.102755 0.393059
vt -0.102755 0.393059
vt -0.139545 0.491335
vt -0.123430 0.497367
vt -0.088795 0.398285
vt -0.102755 0.393059
vt -0.139545 0.491335
vt -0.155659 0.485303
vt -0.116715 0.387833
vt -0.116715 0.387833
vt -0.155659 0.485303
vt -0.139545 0.491335
vt -0.102755 0.393059
vt -0.123430 0.497367
vt -0.162385 0.594833
vt -0.176334 0.589611
vt -0.139545 0.491335
vt -0.139545 0.491335
vt -0.176334 0.589611
vt -0.162385 0.594833
vt -0.123430 0.497367
vt -0.139545 1.698365
vt -0.176334 1.592772
vt -0.190283 1.601094
vt -0.155659 1.706778
vt -0.155659 1.706778
vt -0.190283 1.601094
vt -0.176334 1.592772
vt -0.139545 1.698365
vt 0.594833 1.602449
vt 0.690901 1.436085
vt 0.687888 1.426596
vt 0.589611 1.592772
vt 0.589611 1.592772
vt 0.687888 1.426596
vt 0.690901 1.436085
vt 0.594833 1.602449
vt -0.176334 1.592772
vt -0.213123 1.426596
vt -0.221172 1.435107
vt -0.190283 1.601094
vt -0.190283 1.601094
vt -0.221172 1.435107
vt -0.213123 1.426596
vt -0.176334 1.592772
vt 0.690901 1.436085
vt 0.786375 1.224272
vt 0.786164 1.215231
vt 0.687888 1.426596
vt 0.687888 1.426596
vt 0.786164 1.215231
vt 0.786375 1.224272
vt 0.690901 1.436085
vt -0.213123 1.426596
vt -0.249912 1.215231
vt -0.250475 1.224190
vt -0.221172 1.435107
vt -0.221172 1.435107
vt -0.250475 1.224190
vt -0.249912 1.215231
vt -0.213123 1.426596
vt -0.028718 1.659140
vt -0.117065 1.755757
vt -0.123614 1.746462
vt -0.029177 1.650140
vt -0.029177 1.650140
vt -0.123614 1.746462
vt -0.117065 1.755757
vt -0.028718 1.659140
vt 0.196506 1.650140
vt 0.282611 1.746462
vt 0.275428 1.755166
vt 0.196003 1.659140
vt 0.196003 1.659140
vt 0.275428 1.755166
vt 0.282611 1.746462
vt 0.196506 1.650140
vt -0.117065 0.289793
vt -0.206723 0.381138
vt -0.218050 0.368715
vt -0.123614 0.282611
vt -0.123614 0.282611
vt -0.218050 0.368715
vt -0.206723 0.381138
vt -0.117065 0.289793
vt -0.123614 0.282611
vt -0.218050 0.368715
vt -0.229378 0.356292
vt -0.130162 0.275428
vt -0.130162 0.275428
vt -0.229378 0.356292
vt -0.218050 0.368715
vt -0.123614 0.282611
vt -0.206723 0.381138
vt -0.299438 0.469131
vt -0.312487 0.454819
vt -0.218050 0.368715
vt -0.218050 0.368715
vt -0.312487 0.454819
vt -0.299438 0.469131
vt -0.206723 0.381138
vt -0.218050 0.368715
vt -0.312487 0.454819
vt -0.325536 0.440507
vt -0.229378 0.356292
vt -0.229378 0.356292
vt -0.325536 0.440507
vt -0.312487 0.454819
vt -0.218050 0.368715
vt 0.469131 1.762062
vt 0.553278 1.641528
vt 0.540923 1.630484
vt 0.454819 1.751289
vt 0.454819 1.751289
vt 0.540923 1.630484
vt 0.553278 1.641528
vt 0.469131 1.762062
vt -0.312487 0.454819
vt -0.406924 0.540923
vt -0.418188 0.528569
vt -0.325536 0.440507
vt -0.325536 0.440507
vt -0.418188 0.528569
vt -0.406924 0.540923
vt -0.312487 0.454819
vt 0.553278 1.641528
vt 0.634130 1.443241
vt 0.627027 1.432767
vt 0.540923 1.630484
vt 0.540923 1.630484
vt 0.627027 1.432767
vt 0.634130 1.443241
vt 0.553278 1.641528
vt -0.406924 1.630484
vt -0.501361 1.432767
vt -0.507837 1.440294
vt -0.418188 1.637439
vt -0.418188 1.637439
vt -0.507837 1.440294
vt -0.501361 1.432767
vt -0.406924 1.630484
vt 0.634130 1.443241
vt 0.713626 1.188722
vt 0.713132 1.179599
vt 0.627027 1.432767
vt 0.627027 1.432767
vt 0.713132 1.179599
vt 0.713626 1.188722
vt 0.634130 1.443241
vt -0.501361 1.432767
vt -0.595798 1.179599
vt -0.596249 1.188475
vt -0.507837 1.440294
vt -0.507837 1.440294
vt -0.596249 1.188475
vt -0.595798 1.179599
vt -0.501361 1.432767
vt -0.028767 1.659140
vt -0.101776 1.711125
vt -0.107620 1.702531
vt -0.029177 1.650140
vt -0.029177 1.650140
vt -0.107620 1.702531
vt -0.101776 1.711125
vt -0.028767 1.659140
vt 0.196506 1.650140
vt 0.239029 1.702531
vt 0.228248 1.711936
vt 0.195751 1.659140
vt 0.195751 1.659140
vt 0.228248 1.711936
vt 0.239029 1.702531
vt 0.196506 1.650140
vt -0.101776 0.249810
vt -0.175958 0.300195
vt -0.186064 0.281552
vt -0.107620 0.239029
vt -0.107620 0.239029
vt -0.186064 0.281552
vt -0.175958 0.300195
vt -0.101776 0.249810
vt -0.107620 0.239029
vt -0.186064 0.281552
vt -0.196169 0.262909
vt -0.113464 0.228248
vt -0.113464 0.228248
vt -0.196169 0.262909
vt -0.186064 0.281552
vt -0.107620 0.239029
vt -0.175958 0.300195
vt -0.252870 0.345542
vt -0.264507 0.324075
vt -0.186064 0.281552
vt -0.186064 0.281552
vt -0.264507 0.324075
vt -0.252870 0.345542
vt -0.175958 0.300195
vt -0.186064 0.281552
vt -0.264507 0.324075
vt -0.276144 0.302607
vt -0.196169 0.262909
vt -0.196169 0.262909
vt -0.276144 0.302607
vt -0.264507 0.324075
vt -0.186064 0.281552
vt -0.252870 0.345542
vt -0.332911 0.385118
vt -0.342950 0.366598
vt -0.264507 0.324075
vt -0.264507 0.324075
vt -0.342950 0.366598
vt -0.332911 0.385118
vt -0.252870 0.345542
vt -0.264507 0.324075
vt -0.342950 0.366598
vt -0.352990 0.348078
vt -0.276144 0.302607
vt -0.276144 0.302607
vt -0.352990 0.348078
vt -0.342950 0.366598
vt -0.264507 0.324075
vt 0.385118 1.647109
vt 0.419760 1.541349
vt 0.409121 1.534368
vt 0.366598 1.640911
vt 0.366598 1.640911
vt 0.409121 1.534368
vt 0.419760 1.541349
vt 0.385118 1.647109
vt -0.342950 1.640911
vt -0.421394 1.534368
vt -0.427161 1.545388
vt -0.352990 1.652714
vt -0.352990 1.652714
vt -0.427161 1.545388
vt -0.421394 1.534368
vt -0.342950 1.640911
vt 0.419760 1.541349
vt 0.452384 1.406727
vt 0.451643 1.397896
vt 0.409121 1.534368
vt 0.409121 1.534368
vt 0.451643 1.397896
vt 0.452384 1.406727
vt 0.419760 1.541349
vt -0.421394 1.534368
vt -0.499837 1.397896
vt -0.500238 1.407065
vt -0.427161 1.545388
vt -0.427161 1.545388
vt -0.500238 1.407065
vt -0.499837 1.397896
vt -0.421394 1.534368
vt -0.028931 1.659140
vt -0.131005 1.728026
vt -0.134511 1.719430
vt -0.029177 1.650140
vt -0.029177 1.650140
vt -0.134511 1.719430
vt -0.131005 1.728026
vt -0.028931 1.659140
vt -0.029177 1.650140
vt -0.134511 1.719430
vt -0.138018 1.728835
vt -0.029422 1.659140
vt -0.029422 1.659140
vt -0.138018 1.728835
vt -0.134511 1.719430
vt -0.029177 1.650140
vt -0.131005 0.238240
vt -0.233782 0.276530
vt -0.239846 0.254502
vt -0.134511 0.225504
vt -0.134511 0.225504
vt -0.239846 0.254502
vt -0.233782 0.276530
vt -0.131005 0.238240
vt -0.134511 0.225504
vt -0.239846 0.254502
vt -0.245910 0.232474
vt -0.138018 0.212768
vt -0.138018 0.212768
vt -0.245910 0.232474
vt -0.239846 0.254502
vt -0.134511 0.225504
vt -0.233782 0.276530
vt -0.338195 0.308877
vt -0.345181 0.283500
vt -0.239846 0.254502
vt -0.239846 0.254502
vt -0.345181 0.283500
vt -0.338195 0.308877
vt -0.233782 0.276530
vt -0.239846 0.254502
vt -0.345181 0.283500
vt -0.352167 0.258124
vt -0.245910 0.232474
vt -0.245910 0.232474
vt -0.352167 0.258124
vt -0.345181 0.283500
vt -0.239846 0.254502
vt -0.338195 0.308877
vt -0.444485 0.334403
vt -0.450515 0.312498
vt -0.345181 0.283500
vt -0.345181 0.283500
vt -0.450515 0.312498
vt -0.444485 0.334403
vt -0.338195 0.308877
vt -0.345181 0.283500
vt -0.450515 0.312498
vt -0.456546 0.290594
vt -0.352167 0.258124
vt -0.352167 0.258124
vt -0.456546 0.290594
vt -0.450515 0.312498
vt -0.345181 0.283500
vt 0.334403 1.620730
vt 0.354089 1.464634
vt 0.341496 1.457649
vt 0.312498 1.614526
vt 0.312498 1.614526
vt 0.341496 1.457649
vt 0.354089 1.464634
vt 0.334403 1.620730
vt 0.312498 1.614526
vt 0.341496 1.457649
vt 0.328904 1.468664
vt 0.290594 1.626323
vt 0.290594 1.626323
vt 0.328904 1.468664
vt 0.341496 1.457649
vt 0.312498 1.614526
vt 0.354089 1.464634
vt 0.371371 1.266298
vt 0.370494 1.257467
vt 0.341496 1.457649
vt 0.341496 1.457649
vt 0.370494 1.257467
vt 0.371371 1.266298
vt 0.354089 1.464634
vt -0.555850 1.457649
vt -0.661185 1.257467
vt -0.661426 1.266636
vt -0.559317 1.468664
vt -0.559317 1.468664
vt -0.661426 1.266636
vt -0.661185 1.257467
vt -0.555850 1.457649
vt -0.029335 1.659140
vt -0.122571 1.706056
vt -0.120310 1.696925
vt -0.029177 1.650140
vt -0.029177 1.650140
vt -0.120310 1.696925
vt -0.122571 1.706056
vt -0.029335 1.659140
vt -0.029177 1.650140
vt -0.120310 1.696925
vt -0.118050 1.705795
vt -0.029019 1.659140
vt -0.029019 1.659140
vt -0.118050 1.705795
vt -0.120310 1.696925
vt -0.029177 1.650140
vt -0.122571 0.184589
vt -0.215359 0.170099
vt -0.211444 0.153506
vt -0.120310 0.175006
vt -0.120310 0.175006
vt -0.211444 0.153506
vt -0.215359 0.170099
vt -0.122571 0.184589
vt -0.120310 0.175006
vt -0.211444 0.153506
vt -0.207530 0.136913
vt -0.118050 0.165424
vt -0.118050 0.165424
vt -0.207530 0.136913
vt -0.211444 0.153506
vt -0.120310 0.175006
vt -0.215359 0.170099
vt -0.307096 0.151157
vt -0.302578 0.132006
vt -0.211444 0.153506
vt -0.211444 0.153506
vt -0.302578 0.132006
vt -0.307096 0.151157
vt -0.215359 0.170099
vt -0.211444 0.153506
vt -0.302578 0.132006
vt -0.298060 0.112855
vt -0.207530 0.136913
vt -0.207530 0.136913
vt -0.298060 0.112855
vt -0.302578 0.132006
vt -0.211444 0.153506
vt -0.307096 0.151157
vt -0.397622 0.127081
vt -0.393711 0.110506
vt -0.302578 0.132006
vt -0.302578 0.132006
vt -0.393711 0.110506
vt -0.397622 0.127081
vt -0.307096 0.151157
vt 0.132006 1.653693
vt 0.110506 1.547694
vt 0.093931 1.555789
vt 0.112855 1.661910
vt 0.112855 1.661910
vt 0.093931 1.555789
vt 0.110506 1.547694
vt 0.132006 1.653693
vt 0.127081 1.557598
vt 0.098568 1.397946
vt 0.089006 1.388293
vt 0.110506 1.547694
vt 0.110506 1.547694
vt 0.089006 1.388293
vt 0.098568 1.397946
vt 0.127081 1.557598
vt 0.110506 1.547694
vt 0.089006 1.388293
vt 0.079443 1.396640
vt 0.093931 1.555789
vt 0.093931 1.555789
vt 0.079443 1.396640
vt 0.089006 1.388293
vt 0.110506 1.547694
vt -0.487101 1.397946
vt -0.576137 1.196246
vt -0.575979 1.187191
vt -0.484845 1.388293
vt -0.484845 1.388293
vt -0.575979 1.187191
vt -0.576137 1.196246
vt -0.487101 1.397946
vt 0.089006 1.388293
vt 0.067505 1.187191
vt 0.066837 1.196136
vt 0.079443 1.396640
vt 0.079443 1.396640
vt 0.066837 1.196136
vt 0.067505 1.187191
vt 0.089006 1.388293
vt -0.029398 1.659140
vt -0.130149 1.751295
vt -0.126992 1.742583
vt -0.029177 1.650140
vt -0.029177 1.650140
vt -0.126992 1.742583
vt -0.130149 1.751295
vt -0.029398 1.659140
vt -0.029177 1.650140
vt -0.126992 1.742583
vt -0.123835 1.751872
vt -0.028956 1.659140
vt -0.028956 1.659140
vt -0.123835 1.751872
vt -0.126992 1.742583
vt -0.029177 1.650140
vt -0.130149 0.164719
vt -0.230266 0.130817
vt -0.224808 0.117330
vt -0.126992 0.156918
vt -0.126992 0.156918
vt -0.224808 0.117330
vt -0.230266 0.130817
vt -0.130149 0.164719
vt -0.126992 0.156918
vt -0.224808 0.117330
vt -0.219350 0.103843
vt -0.123835 0.149118
vt -0.123835 0.149118
vt -0.219350 0.103843
vt -0.224808 0.117330
vt -0.126992 0.156918
vt -0.230266 0.130817
vt -0.328908 0.093269
vt -0.322624 0.077742
vt -0.224808 0.117330
vt -0.224808 0.117330
vt -0.322624 0.077742
vt -0.328908 0.093269
vt -0.230266 0.130817
vt -0.224808 0.117330
vt -0.322624 0.077742
vt -0.316339 0.062215
vt -0.219350 0.103843
vt -0.219350 0.103843
vt -0.316339 0.062215
vt -0.322624 0.077742
vt -0.224808 0.117330
vt -0.328908 0.093269
vt -0.425859 0.051545
vt -0.420439 0.038154
vt -0.322624 0.077742
vt -0.322624 0.077742
vt -0.420439 0.038154
vt -0.425859 0.051545
vt -0.328908 0.093269
vt 0.077742 1.753873
vt 0.038154 1.644842
vt 0.024763 1.655837
vt 0.062215 1.764603
vt 0.062215 1.764603
vt 0.024763 1.655837
vt 0.038154 1.644842
vt 0.077742 1.753873
vt 0.051545 1.651847
vt 0.006256 1.471903
vt -0.001434 1.464340
vt 0.038154 1.644842
vt 0.038154 1.644842
vt -0.001434 1.464340
vt 0.006256 1.471903
vt 0.051545 1.651847
vt 0.038154 1.644842
vt -0.001434 1.464340
vt -0.009125 1.474778
vt 0.024763 1.655837
vt 0.024763 1.655837
vt -0.009125 1.474778
vt -0.001434 1.464340
vt 0.038154 1.644842
vt -0.521367 1.471903
vt -0.616287 1.241655
vt -0.616070 1.232775
vt -0.518255 1.464340
vt -0.518255 1.464340
vt -0.616070 1.232775
vt -0.616287 1.241655
vt -0.521367 1.471903
vt -0.001434 1.464340
vt -0.041022 1.232775
vt -0.041557 1.241896
vt -0.009125 1.474778
vt -0.009125 1.474778
vt -0.041557 1.241896
vt -0.041022 1.232775
vt -0.001434 1.464340
vt 0.197145 1.659140
vt 0.134819 1.747245
vt 0.125696 1.737859
vt 0.196506 1.650140
vt 0.196506 1.650140
vt 0.125696 1.737859
vt 0.134819 1.747245
vt 0.197145 1.659140
vt -0.029177 1.650140
vt -0.108820 1.737859
vt -0.100709 1.746473
vt -0.028609 1.659140
vt -0.028609 1.659140
vt -0.100709 1.746473
vt -0.108820 1.737859
vt -0.029177 1.650140
vt -0.116931 0.134819
vt -0.202491 0.070663
vt -0.188463 0.054886
vt -0.108820 0.125696
vt -0.108820 0.125696
vt -0.188463 0.054886
vt -0.202491 0.070663
vt -0.116931 0.134819
vt -0.108820 0.125696
vt -0.188463 0.054886
vt -0.174436 0.039109
vt -0.100709 0.116573
vt -0.100709 0.116573
vt -0.174436 0.039109
vt -0.188463 0.054886
vt -0.108820 0.125696
vt -0.202491 0.070663
vt -0.284263 0.002247
vt -0.268107 -0.015925
vt -0.188463 0.054886
vt -0.188463 0.054886
vt -0.268107 -0.015925
vt -0.284263 0.002247
vt -0.202491 0.070663
vt -0.188463 0.054886
vt -0.268107 -0.015925
vt -0.251950 -0.034097
vt -0.174436 0.039109
vt -0.174436 0.039109
vt -0.251950 -0.034097
vt -0.268107 -0.015925
vt -0.188463 0.054886
vt -0.284263 0.002247
vt -0.361693 -0.071053
vt -0.347750 -0.086735
vt -0.268107 -0.015925
vt -0.268107 -0.015925
vt -0.347750 -0.086735
vt -0.361693 -0.071053
vt -0.284263 0.002247
vt -0.268107 -0.015925
vt -0.347750 -0.086735
vt -0.333807 -0.102417
vt -0.251950 -0.034097
vt -0.251950 -0.034097
vt -0.333807 -0.102417
vt -0.347750 -0.086735
vt -0.268107 -0.015925
vt -0.361693 1.679161
vt -0.435407 1.522402
vt -0.427393 1.511479
vt -0.347750 1.667491
vt -0.347750 1.667491
vt -0.427393 1.511479
vt -0.435407 1.522402
vt -0.361693 1.679161
vt -0.086735 1.667491
vt -0.157545 1.511479
vt -0.166559 1.518555
vt -0.102417 1.673822
vt -0.102417 1.673822
vt -0.166559 1.518555
vt -0.157545 1.511479
vt -0.086735 1.667491
vt -0.435407 1.522402
vt -0.507595 1.319730
vt -0.507037 1.310569
vt -0.427393 1.511479
vt -0.427393 1.511479
vt -0.507037 1.310569
vt -0.507595 1.319730
vt -0.435407 1.522402
vt -0.157545 1.511479
vt -0.228356 1.310569
vt -0.228983 1.319408
vt -0.166559 1.518555
vt -0.166559 1.518555
vt -0.228983 1.319408
vt -0.228356 1.310569
vt -0.157545 1.511479
vt 0.196804 1.659140
vt 0.112292 1.727425
vt 0.108042 1.718521
vt 0.196506 1.650140
vt 0.196506 1.650140
vt 0.108042 1.718521
vt 0.112292 1.727425
vt 0.196804 1.659140
vt -0.029177 1.650140
vt -0.062185 1.718521
vt -0.050794 1.727616
vt -0.028379 1.659140
vt -0.028379 1.659140
vt -0.050794 1.727616
vt -0.062185 1.718521
vt -0.029177 1.650140
vt -0.073576 0.112292
vt -0.114921 0.026938
vt -0.095193 0.019578
vt -0.062185 0.108042
vt -0.062185 0.108042
vt -0.095193 0.019578
vt -0.114921 0.026938
vt -0.073576 0.112292
vt -0.062185 0.108042
vt -0.095193 0.019578
vt -0.075466 0.012217
vt -0.050794 0.103792
vt -0.050794 0.103792
vt -0.075466 0.012217
vt -0.095193 0.019578
vt -0.062185 0.108042
vt -0.114921 0.026938
vt -0.150977 -0.060388
vt -0.128201 -0.068887
vt -0.095193 0.019578
vt -0.095193 0.019578
vt -0.128201 -0.068887
vt -0.150977 -0.060388
vt -0.114921 0.026938
vt -0.095193 0.019578
vt -0.128201 -0.068887
vt -0.105425 -0.077385
vt -0.075466 0.012217
vt -0.075466 0.012217
vt -0.105425 -0.077385
vt -0.128201 -0.068887
vt -0.095193 0.019578
vt -0.150977 1.719771
vt -0.180930 1.622908
vt -0.161209 1.614568
vt -0.128201 1.711342
vt -0.128201 1.711342
vt -0.161209 1.614568
vt -0.180930 1.622908
vt -0.150977 1.719771
vt -0.128201 -0.068887
vt -0.161209 -0.157351
vt -0.141489 -0.164709
vt -0.105425 -0.077385
vt -0.105425 -0.077385
vt -0.141489 -0.164709
vt -0.161209 -0.157351
vt -0.128201 -0.068887
vt -0.180930 1.622908
vt -0.205600 1.467984
vt -0.194217 1.459460
vt -0.161209 1.614568
vt -0.161209 1.614568
vt -0.194217 1.459460
vt -0.205600 1.467984
vt -0.180930 1.622908
vt -0.161209 1.614568
vt -0.194217 1.459460
vt -0.182835 1.468936
vt -0.141489 1.624228
vt -0.141489 1.624228
vt -0.182835 1.468936
vt -0.194217 1.459460
vt -0.161209 1.614568
vt -0.205600 1.467984
vt -0.228022 1.270509
vt -0.227226 1.261549
vt -0.194217 1.459460
vt -0.194217 1.459460
vt -0.227226 1.261549
vt -0.228022 1.270509
vt -0.205600 1.467984
vt -0.245815 1.459460
vt -0.334280 1.261549
vt -0.334577 1.270589
vt -0.250062 1.468936
vt -0.250062 1.468936
vt -0.334577 1.270589
vt -0.334280 1.261549
vt -0.245815 1.459460
vt 0.196619 1.659140
vt 0.062588 1.720775
vt 0.060975 1.711691
vt 0.196506 1.650140
vt 0.196506 1.650140
vt 0.060975 1.711691
vt 0.062588 1.720775
vt 0.196619 1.659140
vt 0.196506 1.650140
vt 0.060975 1.711691
vt 0.059361 1.720608
vt 0.196393 1.659140
vt 0.196393 1.659140
vt 0.059361 1.720608
vt 0.060975 1.711691
vt 0.196506 1.650140
vt -0.060863 0.062588
vt -0.089826 -0.071762
vt -0.072232 -0.074557
vt -0.050705 0.060975
vt -0.050705 0.060975
vt -0.072232 -0.074557
vt -0.089826 -0.071762
vt -0.060863 0.062588
vt -0.050705 0.060975
vt -0.072232 -0.074557
vt -0.054639 -0.077351
vt -0.040546 0.059361
vt -0.040546 0.059361
vt -0.054639 -0.077351
vt -0.072232 -0.074557
vt -0.050705 0.060975
vt -0.089826 -0.071762
vt -0.114072 -0.206862
vt -0.093760 -0.210088
vt -0.072232 -0.074557
vt -0.072232 -0.074557
vt -0.093760 -0.210088
vt -0.114072 -0.206862
vt -0.089826 -0.071762
vt -0.072232 -0.074557
vt -0.093760 -0.210088
vt -0.073448 -0.213315
vt -0.054639 -0.077351
vt -0.054639 -0.077351
vt -0.073448 -0.213315
vt -0.093760 -0.210088
vt -0.072232 -0.074557
vt -0.114072 -0.206862
vt -0.132874 -0.342827
vt -0.115288 -0.345620
vt -0.093760 -0.210088
vt -0.093760 -0.210088
vt -0.115288 -0.345620
vt -0.132874 -0.342827
vt -0.114072 -0.206862
vt -0.093760 -0.210088
vt -0.115288 -0.345620
vt -0.097701 -0.348413
vt -0.073448 -0.213315
vt -0.073448 -0.213315
vt -0.097701 -0.348413
vt -0.115288 -0.345620
vt -0.093760 -0.210088
vt -0.132874 1.577960
vt -0.146966 1.404254
vt -0.136816 1.394837
vt -0.115288 1.568381
vt -0.115288 1.568381
vt -0.136816 1.394837
vt -0.146966 1.404254
vt -0.132874 1.577960
vt -0.115288 1.568381
vt -0.136816 1.394837
vt -0.126665 1.403419
vt -0.097701 1.576802
vt -0.097701 1.576802
vt -0.126665 1.403419
vt -0.136816 1.394837
vt -0.115288 1.568381
vt -0.146966 1.404254
vt -0.159054 1.183893
vt -0.158343 1.174858
vt -0.136816 1.394837
vt -0.136816 1.394837
vt -0.158343 1.174858
vt -0.159054 1.183893
vt -0.146966 1.404254
vt -0.481152 1.394837
vt -0.616683 1.174858
vt -0.616796 1.183823
vt -0.482764 1.403419
vt -0.482764 1.403419
vt -0.616796 1.183823
vt -0.616683 1.174858
vt -0.481152 1.394837
vt 0.196248 1.659140
vt 0.103832 1.721546
vt 0.107528 1.712828
vt 0.196506 1.650140
vt 0.196506 1.650140
vt 0.107528 1.712828
vt 0.103832 1.721546
vt 0.196248 1.659140
vt 0.196506 1.650140
vt 0.107528 1.712828
vt 0.111225 1.722110
vt 0.196765 1.659140
vt 0.196765 1.659140
vt 0.111225 1.722110
vt 0.107528 1.712828
vt 0.196506 1.650140
vt -0.012430 0.103832
vt 0.007441 0.012153
vt 0.027520 0.018551
vt -0.000828 0.107528
vt -0.000828 0.107528
vt 0.027520 0.018551
vt 0.007441 0.012153
vt -0.012430 0.103832
vt -0.000828 0.107528
vt 0.027520 0.018551
vt 0.047600 0.024948
vt 0.010774 0.111225
vt 0.010774 0.111225
vt 0.047600 0.024948
vt 0.027520 0.018551
vt -0.000828 0.107528
vt 0.007441 0.012153
vt 0.032715 -0.077804
vt 0.055869 -0.070427
vt 0.027520 0.018551
vt 0.027520 0.018551
vt 0.055869 -0.070427
vt 0.032715 -0.077804
vt 0.007441 0.012153
vt 0.027520 0.018551
vt 0.055869 -0.070427
vt 0.079023 -0.063050
vt 0.047600 0.024948
vt 0.047600 0.024948
vt 0.079023 -0.063050
vt 0.055869 -0.070427
vt 0.027520 0.018551
vt 0.032715 -0.077804
vt 0.064203 -0.165782
vt 0.084218 -0.159405
vt 0.055869 -0.070427
vt 0.055869 -0.070427
vt 0.084218 -0.159405
vt 0.064203 -0.165782
vt 0.032715 -0.077804
vt 0.055869 1.710018
vt 0.084218 1.625214
vt 0.104232 1.636165
vt 0.079023 1.720708
vt 0.079023 1.720708
vt 0.104232 1.636165
vt 0.084218 1.625214
vt 0.055869 1.710018
vt 0.064203 1.632263
vt 0.101039 1.495854
vt 0.112566 1.488260
vt 0.084218 1.625214
vt 0.084218 1.625214
vt 0.112566 1.488260
vt 0.101039 1.495854
vt 0.064203 1.632263
vt 0.084218 1.625214
vt 0.112566 1.488260
vt 0.124094 1.498667
vt 0.104232 1.636165
vt 0.104232 1.636165
vt 0.124094 1.498667
vt 0.112566 1.488260
vt 0.084218 1.625214
vt -0.252056 1.495854
vt -0.337617 1.322170
vt -0.337361 1.313288
vt -0.248383 1.488260
vt -0.248383 1.488260
vt -0.337361 1.313288
vt -0.337617 1.322170
vt -0.252056 1.495854
vt 0.112566 1.488260
vt 0.140915 1.313288
vt 0.141719 1.322406
vt 0.124094 1.498667
vt 0.124094 1.498667
vt 0.141719 1.322406
vt 0.140915 1.313288
vt 0.112566 1.488260
vt -0.029666 1.659140
vt 0.027085 1.744231
vt 0.034071 1.735412
vt -0.029177 1.650140
vt -0.029177 1.650140
vt 0.034071 1.735412
vt 0.027085 1.744231
vt -0.029666 1.659140
vt 0.196506 1.650140
vt 0.106120 1.735412
vt 0.111008 1.744594
vt 0.196849 1.659140
vt 0.196849 1.659140
vt 0.111008 1.744594
vt 0.106120 1.735412
vt 0.196506 1.650140
vt 0.027085 0.101232
vt 0.085227 0.007274
vt 0.097318 0.015734
vt 0.034071 0.106120
vt 0.034071 0.106120
vt 0.097318 0.015734
vt 0.085227 0.007274
vt 0.027085 0.101232
vt 0.034071 0.106120
vt 0.097318 0.015734
vt 0.109409 0.024195
vt 0.041056 0.111008
vt 0.041056 0.111008
vt 0.109409 0.024195
vt 0.097318 0.015734
vt 0.034071 0.106120
vt 0.085227 0.007274
vt 0.146620 -0.084410
vt 0.160566 -0.074652
vt 0.097318 0.015734
vt 0.097318 0.015734
vt 0.160566 -0.074652
vt 0.146620 -0.084410
vt 0.085227 0.007274
vt 0.097318 0.015734
vt 0.160566 -0.074652
vt 0.174511 -0.064893
vt 0.109409 0.024195
vt 0.109409 0.024195
vt 0.174511 -0.064893
vt 0.160566 -0.074652
vt 0.097318 0.015734
vt 0.146620 -0.084410
vt 0.211755 -0.173475
vt 0.223813 -0.165037
vt 0.160566 -0.074652
vt 0.160566 -0.074652
vt 0.223813 -0.165037
vt 0.211755 -0.173475
vt 0.146620 -0.084410
vt 0.160566 1.733577
vt 0.223813 1.620285
vt 0.235871 1.630540
vt 0.174511 1.743665
vt 0.174511 1.743665
vt 0.235871 1.630540
vt 0.223813 1.620285
vt 0.160566 1.733577
vt -0.173475 1.628029
vt -0.260285 1.444849
vt -0.255423 1.436754
vt -0.165037 1.620285
vt -0.165037 1.620285
vt -0.255423 1.436754
vt -0.260285 1.444849
vt -0.173475 1.628029
vt 0.223813 1.620285
vt 0.287060 1.436754
vt 0.294008 1.446660
vt 0.235871 1.630540
vt 0.235871 1.630540
vt 0.294008 1.446660
vt 0.287060 1.436754
vt 0.223813 1.620285
vt -0.260285 1.444849
vt -0.346149 1.211076
vt -0.345809 1.202152
vt -0.255423 1.436754
vt -0.255423 1.436754
vt -0.345809 1.202152
vt -0.346149 1.211076
vt -0.260285 1.444849
vt 0.287060 1.436754
vt 0.350308 1.202152
vt 0.350793 1.211228
vt 0.294008 1.446660
vt 0.294008 1.446660
vt 0.350793 1.211228
vt 0.350308 1.202152
vt 0.287060 1.436754
vt -0.029586 1.659140
vt 0.048004 1.746318
vt 0.053851 1.737506
vt -0.029177 1.650140
vt -0.029177 1.650140
vt 0.053851 1.737506
vt 0.048004 1.746318
vt -0.029586 1.659140
vt 0.196506 1.650140
vt 0.134511 1.737506
vt 0.142341 1.746693
vt 0.197055 1.659140
vt 0.197055 1.659140
vt 0.142341 1.746693
vt 0.134511 1.737506
vt 0.196506 1.650140
vt 0.048004 0.126681
vt 0.126757 0.058961
vt 0.136878 0.072516
vt 0.053851 0.134511
vt 0.053851 0.134511
vt 0.136878 0.072516
vt 0.126757 0.058961
vt 0.048004 0.126681
vt 0.053851 0.134511
vt 0.136878 0.072516
vt 0.146999 0.086070
vt 0.059697 0.142341
vt 0.059697 0.142341
vt 0.146999 0.086070
vt 0.136878 0.072516
vt 0.053851 0.134511
vt 0.126757 0.058961
vt 0.208230 -0.005117
vt 0.219906 0.010520
vt 0.136878 0.072516
vt 0.136878 0.072516
vt 0.219906 0.010520
vt 0.208230 -0.005117
vt 0.126757 0.058961
vt 0.136878 0.072516
vt 0.219906 0.010520
vt 0.231582 0.026157
vt 0.146999 0.086070
vt 0.146999 0.086070
vt 0.231582 0.026157
vt 0.219906 0.010520
vt 0.136878 0.072516
vt 0.208230 -0.005117
vt 0.292835 -0.065000
vt 0.302934 -0.051475
vt 0.219906 0.010520
vt 0.219906 0.010520
vt 0.302934 -0.051475
vt 0.292835 -0.065000
vt 0.208230 -0.005117
vt 0.219906 0.010520
vt 0.302934 -0.051475
vt 0.313032 -0.037950
vt 0.231582 0.026157
vt 0.231582 0.026157
vt 0.313032 -0.037950
vt 0.302934 -0.051475
vt 0.219906 0.010520
vt -0.065000 1.704780
vt -0.121266 1.569984
vt -0.113470 1.561920
vt -0.051475 1.697077
vt -0.051475 1.697077
vt -0.113470 1.561920
vt -0.121266 1.569984
vt -0.065000 1.704780
vt 0.302934 1.697077
vt 0.385961 1.561920
vt 0.391782 1.571855
vt 0.313032 1.707373
vt 0.313032 1.707373
vt 0.391782 1.571855
vt 0.385961 1.561920
vt 0.302934 1.697077
vt -0.121266 1.569984
vt -0.176010 1.395682
vt -0.175466 1.386760
vt -0.113470 1.561920
vt -0.113470 1.561920
vt -0.175466 1.386760
vt -0.176010 1.395682
vt -0.121266 1.569984
vt 0.385961 1.561920
vt 0.468989 1.386760
vt 0.469395 1.395839
vt 0.391782 1.571855
vt 0.391782 1.571855
vt 0.469395 1.395839
vt 0.468989 1.386760
vt 0.385961 1.561920
vt -0.029542 1.659140
vt 0.060971 1.761044
vt 0.066193 1.752302
vt -0.029177 1.650140
vt -0.029177 1.650140
vt 0.066193 1.752302
vt 0.060971 1.761044
vt -0.029542 1.659140
vt 0.196506 1.650140
vt 0.156430 1.752302
vt 0.168858 1.761561
vt 0.197376 1.659140
vt 0.197376 1.659140
vt 0.168858 1.761561
vt 0.156430 1.752302
vt 0.196506 1.650140
vt 0.060971 0.144001
vt 0.152522 0.094838
vt 0.161563 0.116353
vt 0.066193 0.156430
vt 0.066193 0.156430
vt 0.161563 0.116353
vt 0.152522 0.094838
vt 0.060971 0.144001
vt 0.066193 0.156430
vt 0.161563 0.116353
vt 0.170604 0.137868
vt 0.071416 0.168858
vt 0.071416 0.168858
vt 0.170604 0.137868
vt 0.161563 0.116353
vt 0.066193 0.156430
vt 0.152522 0.094838
vt 0.246503 0.051456
vt 0.256933 0.076277
vt 0.161563 0.116353
vt 0.161563 0.116353
vt 0.256933 0.076277
vt 0.246503 0.051456
vt 0.152522 0.094838
vt 0.161563 0.116353
vt 0.256933 0.076277
vt 0.267363 0.101097
vt 0.170604 0.137868
vt 0.170604 0.137868
vt 0.267363 0.101097
vt 0.256933 0.076277
vt 0.161563 0.116353
vt 0.051456 1.782430
vt 0.014733 1.672289
vt 0.036200 1.665078
vt 0.076277 1.774980
vt 0.076277 1.774980
vt 0.036200 1.665078
vt 0.014733 1.672289
vt 0.051456 1.782430
vt 0.256933 0.076277
vt 0.352303 0.036200
vt 0.361324 0.057667
vt 0.267363 0.101097
vt 0.267363 0.101097
vt 0.361324 0.057667
vt 0.352303 0.036200
vt 0.256933 0.076277
vt 0.014733 1.672289
vt -0.016250 1.487492
vt -0.003876 1.479783
vt 0.036200 1.665078
vt 0.036200 1.665078
vt -0.003876 1.479783
vt -0.016250 1.487492
vt 0.014733 1.672289
vt 0.036200 1.665078
vt -0.003876 1.479783
vt 0.008497 1.490073
vt 0.057667 1.675867
vt 0.057667 1.675867
vt 0.008497 1.490073
vt -0.003876 1.479783
vt 0.036200 1.665078
vt -0.016250 1.487492
vt -0.044817 1.250252
vt -0.043953 1.241360
vt -0.003876 1.479783
vt -0.003876 1.479783
vt -0.043953 1.241360
vt -0.044817 1.250252
vt -0.016250 1.487492
vt 0.447673 1.479783
vt 0.543043 1.241360
vt 0.543407 1.250469
vt 0.452873 1.490073
vt 0.452873 1.490073
vt 0.543407 1.250469
vt 0.543043 1.241360
vt 0.447673 1.479783
vt 0.000950 -0.061061
vt 0.019608 -0.086746
vt 0.019608 -0.118492
vt 0.000950 -0.144172
vt -0.029240 -0.153978
vt -0.059430 -0.144164
vt -0.078089 -0.118479
vt -0.078089 -0.086733
vt -0.059430 -0.061053
vt -0.029240 -0.051247
vt -0.055353 -0.089263
vt -0.073099 -0.095027
vt -0.084066 -0.110122
vt -0.084066 -0.128782
vt -0.073099 -0.143879
vt -0.055353 -0.149648
vt -0.037608 -0.143884
vt -0.026641 -0.128789
vt -0.026641 -0.110129
vt -0.037608 -0.095032
vt -0.029240 0.001850
vt -0.059430 0.001324
vt -0.073099 1.812196
vt -0.055353 1.812506
vt -0.061053 0.001324
vt -0.086733 0.000816
vt -0.110122 1.811898
vt -0.095027 1.812196
vt -0.086733 0.000816
vt -0.118479 0.000521
vt -0.128782 1.811724
vt -0.110122 1.811898
vt -0.118479 0.000521
vt -0.144164 0.000551
vt -0.143879 1.811742
vt -0.128782 1.811724
vt -0.059430 0.000551
vt -0.029240 0.000895
vt -0.055353 1.811944
vt -0.073099 1.811742
vt -0.029240 0.000895
vt 0.000950 0.001422
vt -0.037608 1.812254
vt -0.055353 1.811944
vt -0.144172 0.001422
vt -0.118492 0.001929
vt -0.128789 1.812552
vt -0.143884 1.812254
vt -0.118492 0.001929
vt -0.086746 0.002225
vt -0.110129 1.812726
vt -0.128789 1.812552
vt -0.086746 0.002225
vt -0.061061 0.002195
vt -0.095032 1.812708
vt -0.110129 1.812726
vt 0.000950 0.002195
vt -0.029240 0.001850
vt -0.055353 1.812506
vt -0.037608 1.812708
vt -0.003301 -0.063957
vt 0.015226 -0.089457
vt 0.015226 -0.120977
vt -0.003301 -0.146477
vt -0.033278 -0.156217
vt -0.063255 -0.146477
vt -0.081782 -0.120977
vt -0.081782 -0.089457
vt -0.063255 -0.063957
vt -0.033278 -0.054217
vt -0.033278 -0.054217
vt -0.063255 -0.063957
vt -0.081782 -0.089457
vt -0.081782 -0.120977
vt -0.063255 -0.146477
vt -0.033278 -0.156217
vt -0.003301 -0.146477
vt 0.015226 -0.120977
vt 0.015226 -0.089457
vt -0.003301 -0.063957
vt -0.033278 0.271373
vt -0.063255 0.271373
vt -0.063255 0.291373
vt -0.033278 0.291373
vt -0.063957 0.271373
vt -0.089457 0.271373
vt -0.089457 0.291373
vt -0.063957 0.291373
vt -0.089457 0.271373
vt -0.120977 0.271373
vt -0.120977 0.291373
vt -0.089457 0.291373
vt -0.120977 0.271373
vt -0.146477 0.271373
vt -0.146477 0.291373
vt -0.120977 0.291373
vt -0.063255 0.271373
vt -0.033278 0.271373
vt -0.033278 0.291373
vt -0.063255 0.291373
vt -0.033278 0.271373
vt -0.003301 0.271373
vt -0.003301 0.291373
vt -0.033278 0.291373
vt -0.146477 0.271373
vt -0.120977 0.271373
vt -0.120977 0.291373
vt -0.146477 0.291373
vt -0.120977 0.271373
vt -0.089457 0.271373
vt -0.089457 0.291373
vt -0.120977 0.291373
vt -0.089457 0.271373
vt -0.063957 0.271373
vt -0.063957 0.291373
vt -0.089457 0.291373
vt -0.003301 0.271373
vt -0.033278 0.271373
vt -0.033278 0.291373
vt -0.003301 0.291373
vt -0.006762 -0.066189
vt 0.011765 -0.091689
vt 0.011765 -0.123209
vt -0.006762 -0.148709
vt -0.036739 -0.158449
vt -0.066716 -0.148709
vt -0.085243 -0.123209
vt -0.085243 -0.091689
vt -0.066716 -0.066189
vt -0.036739 -0.056449
vt -0.036739 -0.056449
vt -0.066716 -0.066189
vt -0.085243 -0.091689
vt -0.085243 -0.123209
vt -0.066716 -0.148709
vt -0.036739 -0.158449
vt -0.006762 -0.148709
vt 0.011765 -0.123209
vt 0.011765 -0.091689
vt -0.006762 -0.066189
vt -0.036739 0.511373
vt -0.066716 0.511373
vt -0.066716 0.531373
vt -0.036739 0.531373
vt -0.066189 0.511373
vt -0.091689 0.511373
vt -0.091689 0.531373
vt -0.066189 0.531373
vt -0.091689 0.511373
vt -0.123209 0.511373
vt -0.123209 0.531373
vt -0.091689 0.531373
vt -0.123209 0.511373
vt -0.148709 0.511373
vt -0.148709 0.531373
vt -0.123209 0.531373
vt -0.066716 0.511373
vt -0.036739 0.511373
vt -0.036739 0.531373
vt -0.066716 0.531373
vt -0.036739 0.511373
vt -0.006762 0.511373
vt -0.006762 0.531373
vt -0.036739 0.531373
vt -0.148709 0.511373
vt -0.123209 0.511373
vt -0.123209 0.531373
vt -0.148709 0.531373
vt -0.123209 0.511373
vt -0.091689 0.511373
vt -0.091689 0.531373
vt -0.123209 0.531373
vt -0.091689 0.511373
vt -0.066189 0.511373
vt -0.066189 0.531373
vt -0.091689 0.531373
vt -0.006762 0.511373
vt -0.036739 0.511373
vt -0.036739 0.531373
vt -0.006762 0.531373
vt -0.010223 -0.068422
vt 0.008304 -0.093922
vt 0.008304 -0.125441
vt -0.010223 -0.150941
vt -0.040200 -0.160682
vt -0.070177 -0.150941
vt -0.088704 -0.125441
vt -0.088704 -0.093922
vt -0.070177 -0.068422
vt -0.040200 -0.058682
vt -0.040200 -0.058682
vt -0.070177 -0.068422
vt -0.088704 -0.093922
vt -0.088704 -0.125441
vt -0.070177 -0.150941
vt -0.040200 -0.160682
vt -0.010223 -0.150941
vt 0.008304 -0.125441
vt 0.008304 -0.093922
vt -0.010223 -0.068422
vt -0.040200 0.751373
vt -0.070177 0.751373
vt -0.070177 0.771373
vt -0.040200 0.771373
vt -0.068422 0.751373
vt -0.093922 0.751373
vt -0.093922 0.771373
vt -0.068422 0.771373
vt -0.093922 0.751373
vt -0.125441 0.751373
vt -0.125441 0.771373
vt -0.093922 0.771373
vt -0.125441 0.751373
vt -0.150941 0.751373
vt -0.150941 0.771373
vt -0.125441 0.771373
vt -0.070177 0.751373
vt -0.040200 0.751373
vt -0.040200 0.771373
vt -0.070177 0.771373
vt -0.040200 0.751373
vt -0.010223 0.751373
vt -0.010223 0.771373
vt -0.040200 0.771373
vt -0.150941 0.751373
vt -0.125441 0.751373
vt -0.125441 0.771373
vt -0.150941 0.771373
vt -0.125441 0.751373
vt -0.093922 0.751373
vt -0.093922 0.771373
vt -0.125441 0.771373
vt -0.093922 0.751373
vt -0.068422 0.751373
vt -0.068422 0.771373
vt -0.093922 0.771373
vt -0.010223 0.751373
vt -0.040200 0.751373
vt -0.040200 0.771373
vt -0.010223 0.771373
vt -0.013684 -0.070654
vt 0.004843 -0.096154
vt 0.004843 -0.127674
vt -0.013684 -0.153174
vt -0.043661 -0.162914
vt -0.073638 -0.153174
vt -0.092164 -0.127674
vt -0.092164 -0.096154
vt -0.073638 -0.070654
vt -0.043661 -0.060914
vt -0.043661 -0.060914
vt -0.073638 -0.070654
vt -0.092164 -0.096154
vt -0.092164 -0.127674
vt -0.073638 -0.153174
vt -0.043661 -0.162914
vt -0.013684 -0.153174
vt 0.004843 -0.127674
vt 0.004843 -0.096154
vt -0.013684 -0.070654
vt -0.043661 0.991373
vt -0.073638 0.991373
vt -0.073638 1.011373
vt -0.043661 1.011373
vt -0.070654 0.991373
vt -0.096154 0.991373
vt -0.096154 1.011373
vt -0.070654 1.011373
vt -0.096154 0.991373
vt -0.127674 0.991373
vt -0.127674 1.011373
vt -0.096154 1.011373
vt -0.127674 0.991373
vt -0.153174 0.991373
vt -0.153174 1.011373
vt -0.127674 1.011373
vt -0.073638 0.991373
vt -0.043661 0.991373
vt -0.043661 1.011373
vt -0.073638 1.011373
vt -0.043661 0.991373
vt -0.013684 0.991373
vt -0.013684 1.011373
vt -0.043661 1.011373
vt -0.153174 0.991373
vt -0.127674 0.991373
vt -0.127674 1.011373
vt -0.153174 1.011373
vt -0.127674 0.991373
vt -0.096154 0.991373
vt -0.096154 1.011373
vt -0.127674 1.011373
vt -0.096154 0.991373
vt -0.070654 0.991373
vt -0.070654 1.011373
vt -0.096154 1.011373
vt -0.013684 0.991373
vt -0.043661 0.991373
vt -0.043661 1.011373
vt -0.013684 1.011373
vt -0.017144 -0.072886
vt 0.001382 -0.098386
vt 0.001382 -0.129906
vt -0.017144 -0.155406
vt -0.047121 -0.165146
vt -0.077099 -0.155406
vt -0.095625 -0.129906
vt -0.095625 -0.098386
vt -0.077099 -0.072886
vt -0.047121 -0.063146
vt -0.047121 -0.063146
vt -0.077099 -0.072886
vt -0.095625 -0.098386
vt -0.095625 -0.129906
vt -0.077099 -0.155406
vt -0.047121 -0.165146
vt -0.017144 -0.155406
vt 0.001382 -0.129906
vt 0.001382 -0.098386
vt -0.017144 -0.072886
vt -0.047121 1.231373
vt -0.077099 1.231373
vt -0.077099 1.251373
vt -0.047121 1.251373
vt -0.072886 1.231373
vt -0.098386 1.231373
vt -0.098386 1.251373
vt -0.072886 1.251373
vt -0.098386 1.231373
vt -0.129906 1.231373
vt -0.129906 1.251373
vt -0.098386 1.251373
vt -0.129906 1.231373
vt -0.155406 1.231373
vt -0.155406 1.251373
vt -0.129906 1.251373
vt -0.077099 1.231373
vt -0.047121 1.231373
vt -0.047121 1.251373
vt -0.077099 1.251373
vt -0.047121 1.231373
vt -0.017144 1.231373
vt -0.017144 1.251373
vt -0.047121 1.251373
vt -0.155406 1.231373
vt -0.129906 1.231373
vt -0.129906 1.251373
vt -0.155406 1.251373
vt -0.129906 1.231373
vt -0.098386 1.231373
vt -0.098386 1.251373
vt -0.129906 1.251373
vt -0.098386 1.231373
vt -0.072886 1.231373
vt -0.072886 1.251373
vt -0.098386 1.251373
vt -0.017144 1.231373
vt -0.047121 1.231373
vt -0.047121 1.251373
vt -0.017144 1.251373
vt -0.020605 -0.075118
vt -0.002078 -0.100618
vt -0.002078 -0.132138
vt -0.020605 -0.157638
vt -0.050582 -0.167378
vt -0.080559 -0.157638
vt -0.099086 -0.132138
vt -0.099086 -0.100618
vt -0.080559 -0.075118
vt -0.050582 -0.065378
vt -0.050582 -0.065378
vt -0.080559 -0.075118
vt -0.099086 -0.100618
vt -0.099086 -0.132138
vt -0.080559 -0.157638
vt -0.050582 -0.167378
vt -0.020605 -0.157638
vt -0.002078 -0.132138
vt -0.002078 -0.100618
vt -0.020605 -0.075118
vt -0.050582 1.471373
vt -0.080559 1.471373
vt -0.080559 1.491373
vt -0.050582 1.491373
vt -0.075118 1.471373
vt -0.100618 1.471373
vt -0.100618 1.491373
vt -0.075118 1.491373
vt -0.100618 1.471373
vt -0.132138 1.471373
vt -0.132138 1.491373
vt -0.100618 1.491373
vt -0.132138 1.471373
vt -0.157638 1.471373
vt -0.157638 1.491373
vt -0.132138 1.491373
vt -0.080559 1.471373
vt -0.050582 1.471373
vt -0.050582 1.491373
vt -0.080559 1.491373
vt -0.050582 1.471373
vt -0.020605 1.471373
vt -0.020605 1.491373
vt -0.050582 1.491373
vt -0.157638 1.471373
vt -0.132138 1.471373
vt -0.132138 1.491373
vt -0.157638 1.491373
vt -0.132138 1.471373
vt -0.100618 1.471373
vt -0.100618 1.491373
vt -0.132138 1.491373
vt -0.100618 1.471373
vt -0.075118 1.471373
vt -0.075118 1.491373
vt -0.100618 1.491373
vt -0.020605 1.471373
vt -0.050582 1.471373
vt -0.050582 1.491373
vt -0.020605 1.491373
vt -0.055401 1.801225
vt 0.038174 1.860538
vt 0.038847 1.851216
vt -0.055353 1.792225
vt -0.055353 1.792225
vt 0.038847 1.851216
vt 0.038174 1.860538
vt -0.055401 1.801225
vt -0.055353 1.792225
vt 0.038847 1.851216
vt 0.039521 1.859893
vt -0.055306 1.801225
vt -0.055306 1.801225
vt 0.039521 1.859893
vt 0.038847 1.851216
vt -0.055353 1.792225
vt 0.038174 -0.135504
vt 0.131884 -0.149112
vt 0.133048 -0.133554
vt 0.038847 -0.126505
vt 0.038847 -0.126505
vt 0.133048 -0.133554
vt 0.131884 -0.149112
vt 0.038174 -0.135504
vt 0.038847 -0.126505
vt 0.133048 -0.133554
vt 0.134212 -0.117995
vt 0.039521 -0.117505
vt 0.039521 -0.117505
vt 0.134212 -0.117995
vt 0.133048 -0.133554
vt 0.038847 -0.126505
vt 0.131884 -0.149112
vt 0.225908 -0.158510
vt 0.227248 -0.140603
vt 0.133048 -0.133554
vt 0.133048 -0.133554
vt 0.227248 -0.140603
vt 0.225908 -0.158510
vt 0.131884 -0.149112
vt 0.133048 -0.133554
vt 0.227248 -0.140603
vt 0.228588 -0.122695
vt 0.134212 -0.117995
vt 0.134212 -0.117995
vt 0.228588 -0.122695
vt 0.227248 -0.140603
vt 0.133048 -0.133554
vt 0.225908 -0.158510
vt 0.320294 -0.163091
vt 0.321449 -0.147652
vt 0.227248 -0.140603
vt 0.227248 -0.140603
vt 0.321449 -0.147652
vt 0.320294 -0.163091
vt 0.225908 -0.158510
vt 0.227248 -0.140603
vt 0.321449 -0.147652
vt 0.322604 -0.132213
vt 0.228588 -0.122695
vt 0.228588 -0.122695
vt 0.322604 -0.132213
vt 0.321449 -0.147652
vt 0.227248 -0.140603
vt -0.163091 1.801643
vt -0.163563 1.686908
vt -0.154701 1.676304
vt -0.147652 1.790415
vt -0.147652 1.790415
vt -0.154701 1.676304
vt -0.163563 1.686908
vt -0.163091 1.801643
vt -0.147652 1.790415
vt -0.154701 1.676304
vt -0.145839 1.683699
vt -0.132213 1.797187
vt -0.132213 1.797187
vt -0.145839 1.683699
vt -0.154701 1.676304
vt -0.147652 1.790415
vt 0.414986 1.686908
vt 0.509804 1.538992
vt 0.509850 1.529857
vt 0.415650 1.676304
vt 0.415650 1.676304
vt 0.509850 1.529857
vt 0.509804 1.538992
vt 0.414986 1.686908
vt 0.415650 1.676304
vt 0.509850 1.529857
vt 0.509896 1.538723
vt 0.416313 1.683699
vt 0.416313 1.683699
vt 0.509896 1.538723
vt 0.509850 1.529857
vt 0.415650 1.676304
vt -0.055197 1.801225
vt 0.078462 1.858353
vt 0.076235 1.849534
vt -0.055353 1.792225
vt -0.055353 1.792225
vt 0.076235 1.849534
vt 0.078462 1.858353
vt -0.055197 1.801225
vt -0.055353 1.792225
vt 0.076235 1.849534
vt 0.074007 1.858714
vt -0.055509 1.801225
vt -0.055509 1.801225
vt 0.074007 1.858714
vt 0.076235 1.849534
vt -0.055353 1.792225
vt 0.078462 -0.092642
vt 0.211679 -0.063584
vt 0.207823 -0.049151
vt 0.076235 -0.084303
vt 0.076235 -0.084303
vt 0.207823 -0.049151
vt 0.211679 -0.063584
vt 0.078462 -0.092642
vt 0.076235 -0.084303
vt 0.207823 -0.049151
vt 0.203968 -0.034719
vt 0.074007 -0.075965
vt 0.074007 -0.075965
vt 0.203968 -0.034719
vt 0.207823 -0.049151
vt 0.076235 -0.084303
vt 0.211679 -0.063584
vt 0.343858 -0.030646
vt 0.339411 -0.013999
vt 0.207823 -0.049151
vt 0.207823 -0.049151
vt 0.339411 -0.013999
vt 0.343858 -0.030646
vt 0.211679 -0.063584
vt 0.207823 -0.049151
vt 0.339411 -0.013999
vt 0.334964 0.002648
vt 0.203968 -0.034719
vt 0.203968 -0.034719
vt 0.334964 0.002648
vt 0.339411 -0.013999
vt 0.207823 -0.049151
vt 0.343858 -0.030646
vt 0.474845 0.006758
vt 0.471000 0.021153
vt 0.339411 -0.013999
vt 0.339411 -0.013999
vt 0.471000 0.021153
vt 0.474845 0.006758
vt 0.343858 -0.030646
vt 0.339411 -0.013999
vt 0.471000 0.021153
vt 0.467154 0.035547
vt 0.334964 0.002648
vt 0.334964 0.002648
vt 0.467154 0.035547
vt 0.471000 0.021153
vt 0.339411 -0.013999
vt 0.474845 0.006758
vt 0.604804 0.048010
vt 0.602588 0.056305
vt 0.471000 0.021153
vt 0.471000 0.021153
vt 0.602588 0.056305
vt 0.604804 0.048010
vt 0.474845 0.006758
vt 0.021153 1.725926
vt 0.056305 1.571045
vt 0.064599 1.580946
vt 0.035547 1.736176
vt 0.035547 1.736176
vt 0.064599 1.580946
vt 0.056305 1.571045
vt 0.021153 1.725926
vt 0.604804 1.579143
vt 0.734331 1.383416
vt 0.734176 1.374491
vt 0.602588 1.571045
vt 0.602588 1.571045
vt 0.734176 1.374491
vt 0.734331 1.383416
vt 0.604804 1.579143
vt 0.056305 1.571045
vt 0.091457 1.374491
vt 0.092036 1.383567
vt 0.064599 1.580946
vt 0.064599 1.580946
vt 0.092036 1.383567
vt 0.091457 1.374491
vt 0.056305 1.571045
vt -0.120050 1.801225
vt -0.059394 1.904882
vt -0.050908 1.895762
vt -0.119455 1.792225
vt -0.119455 1.792225
vt -0.050908 1.895762
vt -0.059394 1.904882
vt -0.120050 1.801225
vt -0.055353 1.792225
vt 0.041574 1.895762
vt 0.035572 1.904643
vt -0.055774 1.801225
vt -0.055774 1.801225
vt 0.035572 1.904643
vt 0.041574 1.895762
vt -0.055353 1.792225
vt 0.047575 -0.059394
vt 0.148893 0.002944
vt 0.138501 0.017639
vt 0.041574 -0.050908
vt 0.041574 -0.050908
vt 0.138501 0.017639
vt 0.148893 0.002944
vt 0.047575 -0.059394
vt 0.041574 -0.050908
vt 0.138501 0.017639
vt 0.128108 0.032335
vt 0.035572 -0.042422
vt 0.035572 -0.042422
vt 0.128108 0.032335
vt 0.138501 0.017639
vt 0.041574 -0.050908
vt 0.148893 0.002944
vt 0.247424 0.069224
vt 0.235428 0.086187
vt 0.138501 0.017639
vt 0.138501 0.017639
vt 0.235428 0.086187
vt 0.247424 0.069224
vt 0.148893 0.002944
vt 0.138501 0.017639
vt 0.235428 0.086187
vt 0.223431 0.103150
vt 0.128108 0.032335
vt 0.128108 0.032335
vt 0.223431 0.103150
vt 0.235428 0.086187
vt 0.138501 0.017639
vt 0.247424 0.069224
vt 0.342739 0.140051
vt 0.332355 0.154734
vt 0.235428 0.086187
vt 0.235428 0.086187
vt 0.332355 0.154734
vt 0.342739 0.140051
vt 0.247424 0.069224
vt 0.235428 0.086187
vt 0.332355 0.154734
vt 0.321970 0.169418
vt 0.223431 0.103150
vt 0.223431 0.103150
vt 0.321970 0.169418
vt 0.332355 0.154734
vt 0.235428 0.086187
vt 0.342739 1.840558
vt 0.435273 1.668473
vt 0.429282 1.658874
vt 0.332355 1.830727
vt 0.332355 1.830727
vt 0.429282 1.658874
vt 0.435273 1.668473
vt 0.342739 1.840558
vt 0.154734 1.830727
vt 0.223282 1.658874
vt 0.231754 1.667274
vt 0.169418 1.838897
vt 0.169418 1.838897
vt 0.231754 1.667274
vt 0.223282 1.658874
vt 0.154734 1.830727
vt 0.435273 1.668473
vt 0.526628 1.445942
vt 0.526209 1.436892
vt 0.429282 1.658874
vt 0.429282 1.658874
vt 0.526209 1.436892
vt 0.526628 1.445942
vt 0.435273 1.668473
vt 0.223282 1.658874
vt 0.291829 1.436892
vt 0.292422 1.445841
vt 0.231754 1.667274
vt 0.231754 1.667274
vt 0.292422 1.445841
vt 0.291829 1.436892
vt 0.223282 1.658874
vt -0.119952 1.801225
vt -0.052538 1.876190
vt -0.045451 1.866898
vt -0.119455 1.792225
vt -0.119455 1.792225
vt -0.045451 1.866898
vt -0.052538 1.876190
vt -0.119952 1.801225
vt -0.055353 1.792225
vt 0.001405 1.866898
vt -0.007835 1.875606
vt -0.056000 1.801225
vt -0.056000 1.801225
vt -0.007835 1.875606
vt 0.001405 1.866898
vt -0.055353 1.792225
vt 0.010646 -0.052538
vt 0.074154 0.016289
vt 0.058164 0.028553
vt 0.001405 -0.045451
vt 0.001405 -0.045451
vt 0.058164 0.028553
vt 0.074154 0.016289
vt 0.010646 -0.052538
vt 0.001405 -0.045451
vt 0.058164 0.028553
vt 0.042174 0.040816
vt -0.007835 -0.038364
vt -0.007835 -0.038364
vt 0.042174 0.040816
vt 0.058164 0.028553
vt 0.001405 -0.045451
vt 0.074154 0.016289
vt 0.133357 0.088418
vt 0.114922 0.102557
vt 0.058164 0.028553
vt 0.058164 0.028553
vt 0.114922 0.102557
vt 0.133357 0.088418
vt 0.074154 0.016289
vt 0.058164 0.028553
vt 0.114922 0.102557
vt 0.096488 0.116695
vt 0.042174 0.040816
vt 0.042174 0.040816
vt 0.096488 0.116695
vt 0.114922 0.102557
vt 0.058164 0.028553
vt 0.133357 0.088418
vt 0.187610 0.164343
vt 0.171681 0.176561
vt 0.114922 0.102557
vt 0.114922 0.102557
vt 0.171681 0.176561
vt 0.187610 0.164343
vt 0.133357 0.088418
vt 0.114922 0.102557
vt 0.171681 0.176561
vt 0.155751 0.188778
vt 0.096488 0.116695
vt 0.096488 0.116695
vt 0.155751 0.188778
vt 0.171681 0.176561
vt 0.114922 0.102557
vt 0.187610 1.820253
vt 0.237610 1.688408
vt 0.228439 1.677952
vt 0.171681 1.809234
vt 0.171681 1.809234
vt 0.228439 1.677952
vt 0.237610 1.688408
vt 0.187610 1.820253
vt 0.176561 1.809234
vt 0.250565 1.677952
vt 0.257599 1.685496
vt 0.188778 1.816215
vt 0.188778 1.816215
vt 0.257599 1.685496
vt 0.250565 1.677952
vt 0.176561 1.809234
vt 0.237610 1.688408
vt 0.285838 1.517928
vt 0.285198 1.508806
vt 0.228439 1.677952
vt 0.228439 1.677952
vt 0.285198 1.508806
vt 0.285838 1.517928
vt 0.237610 1.688408
vt 0.250565 1.677952
vt 0.324569 1.508806
vt 0.325060 1.517684
vt 0.257599 1.685496
vt 0.257599 1.685496
vt 0.325060 1.517684
vt 0.324569 1.508806
vt 0.250565 1.677952
vt -0.119726 1.801225
vt -0.039186 1.849073
vt -0.035321 1.840108
vt -0.119455 1.792225
vt -0.119455 1.792225
vt -0.035321 1.840108
vt -0.039186 1.849073
vt -0.119726 1.801225
vt -0.119455 1.792225
vt -0.035321 1.840108
vt -0.031455 1.849143
vt -0.119185 1.801225
vt -0.119185 1.801225
vt -0.031455 1.849143
vt -0.035321 1.840108
vt -0.119455 1.792225
vt -0.012292 -0.039186
vt 0.028152 0.042119
vt 0.011231 0.048814
vt -0.022061 -0.035321
vt -0.022061 -0.035321
vt 0.011231 0.048814
vt 0.028152 0.042119
vt -0.012292 -0.039186
vt -0.022061 -0.035321
vt 0.011231 0.048814
vt -0.005690 0.055510
vt -0.031831 -0.031455
vt -0.031831 -0.031455
vt -0.005690 0.055510
vt 0.011231 0.048814
vt -0.022061 -0.035321
vt 0.028152 0.042119
vt 0.064061 0.125218
vt 0.044523 0.132949
vt 0.011231 0.048814
vt 0.011231 0.048814
vt 0.044523 0.132949
vt 0.064061 0.125218
vt 0.028152 0.042119
vt 0.011231 0.048814
vt 0.044523 0.132949
vt 0.024985 0.140680
vt -0.005690 0.055510
vt -0.005690 0.055510
vt 0.024985 0.140680
vt 0.044523 0.132949
vt 0.011231 0.048814
vt 0.064061 0.125218
vt 0.094735 0.210389
vt 0.077816 0.217084
vt 0.044523 0.132949
vt 0.044523 0.132949
vt 0.077816 0.217084
vt 0.094735 0.210389
vt 0.064061 0.125218
vt 0.044523 0.132949
vt 0.077816 0.217084
vt 0.060896 0.223779
vt 0.024985 0.140680
vt 0.024985 0.140680
vt 0.060896 0.223779
vt 0.077816 0.217084
vt 0.044523 0.132949
vt 0.094735 1.768667
vt 0.120876 1.655070
vt 0.111108 1.646244
vt 0.077816 1.759909
vt 0.077816 1.759909
vt 0.111108 1.646244
vt 0.120876 1.655070
vt 0.094735 1.768667
vt 0.217084 1.759909
vt 0.301219 1.646244
vt 0.305084 1.655419
vt 0.223779 1.769151
vt 0.223779 1.769151
vt 0.305084 1.655419
vt 0.301219 1.646244
vt 0.217084 1.759909
vt 0.120876 1.655070
vt 0.145084 1.510414
vt 0.144400 1.501429
vt 0.111108 1.646244
vt 0.111108 1.646244
vt 0.144400 1.501429
vt 0.145084 1.510414
vt 0.120876 1.655070
vt 0.301219 1.646244
vt 0.385353 1.501429
vt 0.385624 1.510444
vt 0.305084 1.655419
vt 0.305084 1.655419
vt 0.385624 1.510444
vt 0.385353 1.501429
vt 0.301219 1.646244
vt -0.119526 1.801225
vt -0.007633 1.886068
vt -0.006618 1.877095
vt -0.119455 1.792225
vt -0.119455 1.792225
vt -0.006618 1.877095
vt -0.007633 1.886068
vt -0.119526 1.801225
vt -0.119455 1.792225
vt -0.006618 1.877095
vt -0.005604 1.886122
vt -0.119384 1.801225
vt -0.119384 1.801225
vt -0.005604 1.886122
vt -0.006618 1.877095
vt -0.119455 1.792225
vt -0.033876 -0.007633
vt -0.015519 0.104461
vt -0.035682 0.106219
vt -0.045518 -0.006618
vt -0.045518 -0.006618
vt -0.035682 0.106219
vt -0.015519 0.104461
vt -0.033876 -0.007633
vt -0.045518 -0.006618
vt -0.035682 0.106219
vt -0.055845 0.107976
vt -0.057159 -0.005604
vt -0.057159 -0.005604
vt -0.055845 0.107976
vt -0.035682 0.106219
vt -0.045518 -0.006618
vt -0.015519 0.104461
vt -0.002564 0.217027
vt -0.025846 0.219056
vt -0.035682 0.106219
vt -0.035682 0.106219
vt -0.025846 0.219056
vt -0.002564 0.217027
vt -0.015519 0.104461
vt -0.035682 0.106219
vt -0.025846 0.219056
vt -0.049128 0.221085
vt -0.055845 0.107976
vt -0.055845 0.107976
vt -0.049128 0.221085
vt -0.025846 0.219056
vt -0.035682 0.106219
vt -0.002564 1.884709
vt 0.004152 1.772552
vt -0.016010 1.763737
vt -0.025846 1.875869
vt -0.025846 1.875869
vt -0.016010 1.763737
vt 0.004152 1.772552
vt -0.002564 1.884709
vt -0.025846 0.219056
vt -0.016010 0.331893
vt -0.036173 0.333651
vt -0.049128 0.221085
vt -0.049128 0.221085
vt -0.036173 0.333651
vt -0.016010 0.331893
vt -0.025846 0.219056
vt 0.004152 1.772552
vt 0.005466 1.590776
vt -0.006175 1.581910
vt -0.016010 1.763737
vt -0.016010 1.763737
vt -0.006175 1.581910
vt 0.005466 1.590776
vt 0.004152 1.772552
vt -0.016010 1.763737
vt -0.006175 1.581910
vt -0.017815 1.591043
vt -0.036173 1.772922
vt -0.036173 1.772922
vt -0.017815 1.591043
vt -0.006175 1.581910
vt -0.016010 1.763737
vt 0.005466 1.590776
vt 0.004476 1.358436
vt 0.003661 1.349447
vt -0.006175 1.581910
vt -0.006175 1.581910
vt 0.003661 1.349447
vt 0.004476 1.358436
vt 0.005466 1.590776
vt -0.006175 1.581910
vt 0.003661 1.349447
vt 0.002846 1.358458
vt -0.017815 1.591043
vt -0.017815 1.591043
vt 0.002846 1.358458
vt 0.003661 1.349447
vt -0.006175 1.581910
vt -0.119289 1.801225
vt -0.004771 1.905786
vt -0.007152 1.896749
vt -0.119455 1.792225
vt -0.119455 1.792225
vt -0.007152 1.896749
vt -0.004771 1.905786
vt -0.119289 1.801225
vt -0.119455 1.792225
vt -0.007152 1.896749
vt -0.009534 1.905711
vt -0.119622 1.801225
vt -0.119622 1.801225
vt -0.009534 1.905711
vt -0.007152 1.896749
vt -0.119455 1.792225
vt -0.074786 -0.004771
vt -0.096712 0.109275
vt -0.112829 0.105151
vt -0.084091 -0.007152
vt -0.084091 -0.007152
vt -0.112829 0.105151
vt -0.096712 0.109275
vt -0.074786 -0.004771
vt -0.084091 -0.007152
vt -0.112829 0.105151
vt -0.128947 0.101026
vt -0.093397 -0.009534
vt -0.093397 -0.009534
vt -0.128947 0.101026
vt -0.112829 0.105151
vt -0.084091 -0.007152
vt -0.096712 0.109275
vt -0.122957 0.222216
vt -0.141568 0.217454
vt -0.112829 0.105151
vt -0.112829 0.105151
vt -0.141568 0.217454
vt -0.122957 0.222216
vt -0.096712 0.109275
vt -0.112829 0.105151
vt -0.141568 0.217454
vt -0.160178 0.212692
vt -0.128947 0.101026
vt -0.128947 0.101026
vt -0.160178 0.212692
vt -0.141568 0.217454
vt -0.112829 0.105151
vt -0.122957 0.222216
vt -0.154190 0.333881
vt -0.170306 0.329757
vt -0.141568 0.217454
vt -0.141568 0.217454
vt -0.170306 0.329757
vt -0.154190 0.333881
vt -0.122957 0.222216
vt -0.141568 0.217454
vt -0.170306 0.329757
vt -0.186421 0.325633
vt -0.160178 0.212692
vt -0.160178 0.212692
vt -0.186421 0.325633
vt -0.170306 0.329757
vt -0.141568 0.217454
vt -0.154190 1.831927
vt -0.189740 1.652617
vt -0.199044 1.643430
vt -0.170306 1.822668
vt -0.170306 1.822668
vt -0.199044 1.643430
vt -0.189740 1.652617
vt -0.154190 1.831927
vt -0.170306 1.822668
vt -0.199044 1.643430
vt -0.208348 1.652242
vt -0.186421 1.831408
vt -0.186421 1.831408
vt -0.208348 1.652242
vt -0.199044 1.643430
vt -0.170306 1.822668
vt 0.444441 1.652617
vt 0.554530 1.421262
vt 0.554363 1.412247
vt 0.442060 1.643430
vt 0.442060 1.643430
vt 0.554363 1.412247
vt 0.554530 1.421262
vt 0.444441 1.652617
vt -0.199044 1.643430
vt -0.227782 1.412247
vt -0.228433 1.421231
vt -0.208348 1.652242
vt -0.208348 1.652242
vt -0.228433 1.421231
vt -0.227782 1.412247
vt -0.199044 1.643430
vt -0.054788 1.801225
vt -0.096193 1.884176
vt -0.104264 1.875318
vt -0.055353 1.792225
vt -0.055353 1.792225
vt -0.104264 1.875318
vt -0.096193 1.884176
vt -0.054788 1.801225
vt -0.119455 1.792225
vt -0.039338 1.875318
vt -0.044265 1.884459
vt -0.119800 1.801225
vt -0.119800 1.801225
vt -0.044265 1.884459
vt -0.039338 1.875318
vt -0.119455 1.792225
vt -0.096193 -0.034410
vt -0.139199 0.049312
vt -0.153174 0.040780
vt -0.104264 -0.039338
vt -0.104264 -0.039338
vt -0.153174 0.040780
vt -0.139199 0.049312
vt -0.096193 -0.034410
vt -0.104264 -0.039338
vt -0.153174 0.040780
vt -0.167149 0.032249
vt -0.112335 -0.044265
vt -0.112335 -0.044265
vt -0.167149 0.032249
vt -0.153174 0.040780
vt -0.104264 -0.039338
vt -0.139199 0.049312
vt -0.185957 0.130744
vt -0.202085 0.120898
vt -0.153174 0.040780
vt -0.153174 0.040780
vt -0.202085 0.120898
vt -0.185957 0.130744
vt -0.139199 0.049312
vt -0.153174 0.040780
vt -0.202085 0.120898
vt -0.218212 0.111052
vt -0.167149 0.032249
vt -0.167149 0.032249
vt -0.218212 0.111052
vt -0.202085 0.120898
vt -0.153174 0.040780
vt -0.185957 0.130744
vt -0.237039 0.209536
vt -0.250995 0.201016
vt -0.202085 0.120898
vt -0.202085 0.120898
vt -0.250995 0.201016
vt -0.237039 0.209536
vt -0.185957 0.130744
vt -0.202085 1.896226
vt -0.250995 1.809397
vt -0.264951 1.819375
vt -0.218212 1.906073
vt -0.218212 1.906073
vt -0.264951 1.819375
vt -0.250995 1.809397
vt -0.202085 1.896226
vt 0.209536 1.817420
vt 0.286048 1.670411
vt 0.281134 1.662116
vt 0.201016 1.809397
vt 0.201016 1.809397
vt 0.281134 1.662116
vt 0.286048 1.670411
vt 0.209536 1.817420
vt -0.250995 1.809397
vt -0.299905 1.662116
vt -0.307955 1.671821
vt -0.264951 1.819375
vt -0.264951 1.819375
vt -0.307955 1.671821
vt -0.299905 1.662116
vt -0.250995 1.809397
vt 0.286048 1.670411
vt 0.361595 1.481363
vt 0.361252 1.472422
vt 0.281134 1.662116
vt 0.281134 1.662116
vt 0.361252 1.472422
vt 0.361595 1.481363
vt 0.286048 1.670411
vt -0.299905 1.662116
vt -0.348816 1.472422
vt -0.349378 1.481481
vt -0.307955 1.671821
vt -0.307955 1.671821
vt -0.349378 1.481481
vt -0.348816 1.472422
vt -0.299905 1.662116
vt -0.054951 1.801225
vt -0.128479 1.844314
vt -0.134232 1.835556
vt -0.055353 1.792225
vt -0.055353 1.792225
vt -0.134232 1.835556
vt -0.128479 1.844314
vt -0.054951 1.801225
vt -0.119455 1.792225
vt -0.056493 1.835556
vt -0.063700 1.844798
vt -0.119960 1.801225
vt -0.119960 1.801225
vt -0.063700 1.844798
vt -0.056493 1.835556
vt -0.119455 1.792225
vt -0.128479 -0.049285
vt -0.203156 0.018941
vt -0.213110 0.006470
vt -0.134232 -0.056493
vt -0.134232 -0.056493
vt -0.213110 0.006470
vt -0.203156 0.018941
vt -0.128479 -0.049285
vt -0.134232 -0.056493
vt -0.213110 0.006470
vt -0.223065 -0.006001
vt -0.139985 -0.063700
vt -0.139985 -0.063700
vt -0.223065 -0.006001
vt -0.213110 0.006470
vt -0.134232 -0.056493
vt -0.203156 0.018941
vt -0.280514 0.083808
vt -0.291989 0.069432
vt -0.213110 0.006470
vt -0.213110 0.006470
vt -0.291989 0.069432
vt -0.280514 0.083808
vt -0.203156 0.018941
vt -0.213110 0.006470
vt -0.291989 0.069432
vt -0.303463 0.055057
vt -0.223065 -0.006001
vt -0.223065 -0.006001
vt -0.303463 0.055057
vt -0.291989 0.069432
vt -0.213110 0.006470
vt 0.083808 1.797160
vt 0.144815 1.692634
vt 0.132395 1.685309
vt 0.069432 1.789612
vt 0.069432 1.789612
vt 0.132395 1.685309
vt 0.144815 1.692634
vt 0.083808 1.797160
vt -0.291989 1.789612
vt -0.370867 1.685309
vt -0.380781 1.695983
vt -0.303463 1.800063
vt -0.303463 1.800063
vt -0.380781 1.695983
vt -0.370867 1.685309
vt -0.291989 1.789612
vt 0.144815 1.692634
vt 0.202506 1.537263
vt 0.195358 1.529470
vt 0.132395 1.685309
vt 0.132395 1.685309
vt 0.195358 1.529470
vt 0.202506 1.537263
vt 0.144815 1.692634
vt -0.370867 1.685309
vt -0.449745 1.529470
vt -0.455451 1.539677
vt -0.380781 1.695983
vt -0.380781 1.695983
vt -0.455451 1.539677
vt -0.449745 1.529470
vt -0.370867 1.685309
vt 0.202506 1.537263
vt 0.258819 1.341995
vt 0.258320 1.333096
vt 0.195358 1.529470
vt 0.195358 1.529470
vt 0.258320 1.333096
vt 0.258819 1.341995
vt 0.202506 1.537263
vt -0.449745 1.529470
vt -0.528624 1.333096
vt -0.529022 1.342197
vt -0.455451 1.539677
vt -0.455451 1.539677
vt -0.529022 1.342197
vt -0.528624 1.333096
vt -0.449745 1.529470
vt -0.054981 1.801225
vt -0.163288 1.847780
vt -0.168611 1.838719
vt -0.055353 1.792225
vt -0.055353 1.792225
vt -0.168611 1.838719
vt -0.163288 1.847780
vt -0.054981 1.801225
vt -0.055353 1.792225
vt -0.168611 1.838719
vt -0.173934 1.847658
vt -0.055726 1.801225
vt -0.055726 1.801225
vt -0.173934 1.847658
vt -0.168611 1.838719
vt -0.055353 1.792225
vt -0.163288 -0.043504
vt -0.272649 0.030034
vt -0.281868 0.014436
vt -0.168611 -0.052509
vt -0.168611 -0.052509
vt -0.281868 0.014436
vt -0.272649 0.030034
vt -0.163288 -0.043504
vt -0.168611 -0.052509
vt -0.281868 0.014436
vt -0.291088 -0.001161
vt -0.173934 -0.061515
vt -0.173934 -0.061515
vt -0.291088 -0.001161
vt -0.281868 0.014436
vt -0.168611 -0.052509
vt -0.272649 0.030034
vt -0.384481 0.099391
vt -0.395126 0.081382
vt -0.281868 0.014436
vt -0.281868 0.014436
vt -0.395126 0.081382
vt -0.384481 0.099391
vt -0.272649 0.030034
vt -0.281868 0.014436
vt -0.395126 0.081382
vt -0.405770 0.063374
vt -0.291088 -0.001161
vt -0.291088 -0.001161
vt -0.405770 0.063374
vt -0.395126 0.081382
vt -0.281868 0.014436
vt -0.384481 0.099391
vt -0.499165 0.163922
vt -0.508383 0.148328
vt -0.395126 0.081382
vt -0.395126 0.081382
vt -0.508383 0.148328
vt -0.499165 0.163922
vt -0.384481 0.099391
vt -0.395126 0.081382
vt -0.508383 0.148328
vt -0.517600 0.132734
vt -0.405770 0.063374
vt -0.405770 0.063374
vt -0.517600 0.132734
vt -0.508383 0.148328
vt -0.395126 0.081382
vt 0.163922 1.754492
vt 0.224276 1.633246
vt 0.215274 1.623942
vt 0.148328 1.745071
vt 0.148328 1.745071
vt 0.215274 1.623942
vt 0.224276 1.633246
vt 0.163922 1.754492
vt -0.508383 0.148328
vt -0.621640 0.215274
vt -0.626961 0.206273
vt -0.517600 0.132734
vt -0.517600 0.132734
vt -0.626961 0.206273
vt -0.621640 0.215274
vt -0.508383 0.148328
vt 0.224276 1.633246
vt 0.282850 1.479084
vt 0.282220 1.470059
vt 0.215274 1.623942
vt 0.215274 1.623942
vt 0.282220 1.470059
vt 0.282850 1.479084
vt 0.224276 1.633246
vt -0.621640 1.623942
vt -0.734898 1.470059
vt -0.735270 1.479033
vt -0.626961 1.632637
vt -0.626961 1.632637
vt -0.735270 1.479033
vt -0.734898 1.470059
vt -0.621640 1.623942
vt -0.055262 1.801225
vt -0.167046 1.857208
vt -0.168351 1.847878
vt -0.055353 1.792225
vt -0.055353 1.792225
vt -0.168351 1.847878
vt -0.167046 1.857208
vt -0.055262 1.801225
vt -0.055353 1.792225
vt -0.168351 1.847878
vt -0.169657 1.856547
vt -0.055445 1.801225
vt -0.055445 1.801225
vt -0.169657 1.856547
vt -0.168351 1.847878
vt -0.055353 1.792225
vt -0.167046 -0.094063
vt -0.279093 -0.071112
vt -0.281349 -0.086667
vt -0.168351 -0.103061
vt -0.168351 -0.103061
vt -0.281349 -0.086667
vt -0.279093 -0.071112
vt -0.167046 -0.094063
vt -0.168351 -0.103061
vt -0.281349 -0.086667
vt -0.283606 -0.102222
vt -0.169657 -0.112060
vt -0.169657 -0.112060
vt -0.283606 -0.102222
vt -0.281349 -0.086667
vt -0.168351 -0.103061
vt -0.279093 -0.071112
vt -0.391750 -0.052371
vt -0.394347 -0.070273
vt -0.281349 -0.086667
vt -0.281349 -0.086667
vt -0.394347 -0.070273
vt -0.391750 -0.052371
vt -0.279093 -0.071112
vt -0.281349 -0.086667
vt -0.394347 -0.070273
vt -0.396945 -0.088175
vt -0.283606 -0.102222
vt -0.283606 -0.102222
vt -0.396945 -0.088175
vt -0.394347 -0.070273
vt -0.281349 -0.086667
vt -0.391750 -0.052371
vt -0.505107 -0.038447
vt -0.507345 -0.053879
vt -0.394347 -0.070273
vt -0.394347 -0.070273
vt -0.507345 -0.053879
vt -0.505107 -0.038447
vt -0.391750 -0.052371
vt -0.394347 -0.070273
vt -0.507345 -0.053879
vt -0.509584 -0.069311
vt -0.396945 -0.088175
vt -0.396945 -0.088175
vt -0.509584 -0.069311
vt -0.507345 -0.053879
vt -0.394347 -0.070273
vt -0.038447 1.723187
vt -0.028629 1.561272
vt -0.037485 1.550629
vt -0.053879 1.711905
vt -0.053879 1.711905
vt -0.037485 1.550629
vt -0.028629 1.561272
vt -0.038447 1.723187
vt -0.053879 1.711905
vt -0.037485 1.550629
vt -0.046341 1.557985
vt -0.069311 1.718623
vt -0.069311 1.718623
vt -0.046341 1.557985
vt -0.037485 1.550629
vt -0.053879 1.711905
vt -0.028629 1.561272
vt -0.020476 1.355489
vt -0.021091 1.346351
vt -0.037485 1.550629
vt -0.037485 1.550629
vt -0.021091 1.346351
vt -0.020476 1.355489
vt -0.028629 1.561272
vt -0.620343 1.550629
vt -0.733341 1.346351
vt -0.733431 1.355214
vt -0.621628 1.557985
vt -0.621628 1.557985
vt -0.733431 1.355214
vt -0.733341 1.346351
vt -0.620343 1.550629
vt -0.055546 1.801225
vt -0.187831 1.898899
vt -0.185076 1.890247
vt -0.055353 1.792225
vt -0.055353 1.792225
vt -0.185076 1.890247
vt -0.187831 1.898899
vt -0.055546 1.801225
vt -0.055353 1.792225
vt -0.185076 1.890247
vt -0.182320 1.899594
vt -0.055160 1.801225
vt -0.055160 1.801225
vt -0.182320 1.899594
vt -0.185076 1.890247
vt -0.055353 1.792225
vt -0.187831 -0.142865
vt -0.319563 -0.169124
vt -0.314798 -0.187338
vt -0.185076 -0.153397
vt -0.185076 -0.153397
vt -0.314798 -0.187338
vt -0.319563 -0.169124
vt -0.187831 -0.142865
vt -0.185076 -0.153397
vt -0.314798 -0.187338
vt -0.310032 -0.205552
vt -0.182320 -0.163929
vt -0.182320 -0.163929
vt -0.310032 -0.205552
vt -0.314798 -0.187338
vt -0.185076 -0.153397
vt -0.319563 -0.169124
vt -0.450009 -0.200301
vt -0.444520 -0.221279
vt -0.314798 -0.187338
vt -0.314798 -0.187338
vt -0.444520 -0.221279
vt -0.450009 -0.200301
vt -0.319563 -0.169124
vt -0.314798 -0.187338
vt -0.444520 -0.221279
vt -0.439031 -0.242258
vt -0.310032 -0.205552
vt -0.310032 -0.205552
vt -0.439031 -0.242258
vt -0.444520 -0.221279
vt -0.314798 -0.187338
vt -0.450009 -0.200301
vt -0.578979 -0.237118
vt -0.574242 -0.255221
vt -0.444520 -0.221279
vt -0.444520 -0.221279
vt -0.574242 -0.255221
vt -0.578979 -0.237118
vt -0.450009 -0.200301
vt -0.444520 -0.221279
vt -0.574242 -0.255221
vt -0.569505 -0.273323
vt -0.439031 -0.242258
vt -0.439031 -0.242258
vt -0.569505 -0.273323
vt -0.574242 -0.255221
vt -0.444520 -0.221279
vt -0.237118 1.834582
vt -0.278758 1.672082
vt -0.289162 1.664811
vt -0.255221 1.827983
vt -0.255221 1.827983
vt -0.289162 1.664811
vt -0.278758 1.672082
vt -0.237118 1.834582
vt -0.255221 1.827983
vt -0.289162 1.664811
vt -0.299565 1.675541
vt -0.273323 1.839383
vt -0.273323 1.839383
vt -0.299565 1.675541
vt -0.289162 1.664811
vt -0.255221 1.827983
vt -0.706686 1.672082
vt -0.833876 1.462927
vt -0.833686 1.454072
vt -0.703964 1.664811
vt -0.703964 1.664811
vt -0.833686 1.454072
vt -0.833876 1.462927
vt -0.706686 1.672082
vt -0.289162 1.664811
vt -0.323103 1.454072
vt -0.323827 1.463217
vt -0.299565 1.675541
vt -0.299565 1.675541
vt -0.323827 1.463217
vt -0.323103 1.454072
vt -0.289162 1.664811
vt -0.118773 1.801225
vt -0.153266 1.884372
vt -0.163021 1.875396
vt -0.119455 1.792225
vt -0.119455 1.792225
vt -0.163021 1.875396
vt -0.153266 1.884372
vt -0.118773 1.801225
vt -0.055353 1.792225
vt -0.138871 1.875396
vt -0.133783 1.884421
vt -0.054997 1.801225
vt -0.054997 1.801225
vt -0.133783 1.884421
vt -0.138871 1.875396
vt -0.055353 1.792225
vt -0.143960 -0.153266
vt -0.231202 -0.189691
vt -0.222390 -0.206586
vt -0.138871 -0.163021
vt -0.138871 -0.163021
vt -0.222390 -0.206586
vt -0.231202 -0.189691
vt -0.143960 -0.153266
vt -0.138871 -0.163021
vt -0.222390 -0.206586
vt -0.213577 -0.223481
vt -0.133783 -0.172775
vt -0.133783 -0.172775
vt -0.213577 -0.223481
vt -0.222390 -0.206586
vt -0.138871 -0.163021
vt -0.231202 -0.189691
vt -0.316084 -0.230642
vt -0.305908 -0.250151
vt -0.222390 -0.206586
vt -0.222390 -0.206586
vt -0.305908 -0.250151
vt -0.316084 -0.230642
vt -0.231202 -0.189691
vt -0.222390 -0.206586
vt -0.305908 -0.250151
vt -0.295731 -0.269659
vt -0.213577 -0.223481
vt -0.213577 -0.223481
vt -0.295731 -0.269659
vt -0.305908 -0.250151
vt -0.222390 -0.206586
vt -0.316084 -0.230642
vt -0.398238 -0.276821
vt -0.389426 -0.293716
vt -0.305908 -0.250151
vt -0.305908 -0.250151
vt -0.389426 -0.293716
vt -0.398238 -0.276821
vt -0.316084 -0.230642
vt -0.305908 -0.250151
vt -0.389426 -0.293716
vt -0.380613 -0.310611
vt -0.295731 -0.269659
vt -0.295731 -0.269659
vt -0.380613 -0.310611
vt -0.389426 -0.293716
vt -0.305908 -0.250151
vt -0.398238 1.833213
vt -0.478032 1.696049
vt -0.472944 1.687173
vt -0.389426 1.824383
vt -0.389426 1.824383
vt -0.472944 1.687173
vt -0.478032 1.696049
vt -0.398238 1.833213
vt -0.293716 1.824383
vt -0.337281 1.687173
vt -0.347035 1.696296
vt -0.310611 1.833554
vt -0.310611 1.833554
vt -0.347035 1.696296
vt -0.337281 1.687173
vt -0.293716 1.824383
vt -0.478032 1.696049
vt -0.556818 1.518879
vt -0.556462 1.509890
vt -0.472944 1.687173
vt -0.472944 1.687173
vt -0.556462 1.509890
vt -0.556818 1.518879
vt -0.478032 1.696049
vt -0.337281 1.687173
vt -0.380846 1.509890
vt -0.381529 1.518900
vt -0.347035 1.696296
vt -0.347035 1.696296
vt -0.381529 1.518900
vt -0.380846 1.509890
vt -0.337281 1.687173
vt -0.118986 1.801225
vt -0.186765 1.907881
vt -0.193463 1.898682
vt -0.119455 1.792225
vt -0.119455 1.792225
vt -0.193463 1.898682
vt -0.186765 1.907881
vt -0.118986 1.801225
vt -0.055353 1.792225
vt -0.143136 1.898682
vt -0.137489 1.907483
vt -0.054958 1.801225
vt -0.054958 1.801225
vt -0.137489 1.907483
vt -0.143136 1.898682
vt -0.055353 1.792225
vt -0.148783 -0.186765
vt -0.240693 -0.255878
vt -0.230919 -0.267471
vt -0.143136 -0.193463
vt -0.143136 -0.193463
vt -0.230919 -0.267471
vt -0.240693 -0.255878
vt -0.148783 -0.186765
vt -0.143136 -0.193463
vt -0.230919 -0.267471
vt -0.221145 -0.279064
vt -0.137489 -0.200162
vt -0.137489 -0.200162
vt -0.221145 -0.279064
vt -0.230919 -0.267471
vt -0.143136 -0.193463
vt -0.240693 -0.255878
vt -0.329973 -0.328110
vt -0.318702 -0.341479
vt -0.230919 -0.267471
vt -0.230919 -0.267471
vt -0.318702 -0.341479
vt -0.329973 -0.328110
vt -0.240693 -0.255878
vt -0.230919 -0.267471
vt -0.318702 -0.341479
vt -0.307431 -0.354848
vt -0.221145 -0.279064
vt -0.221145 -0.279064
vt -0.307431 -0.354848
vt -0.318702 -0.341479
vt -0.230919 -0.267471
vt -0.329973 -0.328110
vt -0.416228 -0.403930
vt -0.406485 -0.415487
vt -0.318702 -0.341479
vt -0.318702 -0.341479
vt -0.406485 -0.415487
vt -0.416228 -0.403930
vt -0.329973 -0.328110
vt -0.318702 -0.341479
vt -0.406485 -0.415487
vt -0.396741 -0.427044
vt -0.307431 -0.354848
vt -0.307431 -0.354848
vt -0.396741 -0.427044
vt -0.406485 -0.415487
vt -0.318702 -0.341479
vt -0.416228 1.872870
vt -0.499880 1.716710
vt -0.494267 1.706716
vt -0.406485 1.862491
vt -0.406485 1.862491
vt -0.494267 1.706716
vt -0.499880 1.716710
vt -0.416228 1.872870
vt -0.415487 1.862491
vt -0.489495 1.706716
vt -0.496151 1.714722
vt -0.427044 1.870112
vt -0.427044 1.870112
vt -0.496151 1.714722
vt -0.489495 1.706716
vt -0.415487 1.862491
vt -0.499880 1.716710
vt -0.582442 1.513359
vt -0.582050 1.504276
vt -0.494267 1.706716
vt -0.494267 1.706716
vt -0.582050 1.504276
vt -0.582442 1.513359
vt -0.499880 1.716710
vt -0.489495 1.706716
vt -0.563502 1.504276
vt -0.563967 1.513193
vt -0.496151 1.714722
vt -0.496151 1.714722
vt -0.563967 1.513193
vt -0.563502 1.504276
vt -0.489495 1.706716
vt -0.118962 1.801225
vt -0.195838 1.891188
vt -0.202880 1.881789
vt -0.119455 1.792225
vt -0.119455 1.792225
vt -0.202880 1.881789
vt -0.195838 1.891188
vt -0.118962 1.801225
vt -0.055353 1.792225
vt -0.111322 1.881789
vt -0.100827 1.890390
vt -0.054618 1.801225
vt -0.054618 1.801225
vt -0.100827 1.890390
vt -0.111322 1.881789
vt -0.055353 1.792225
vt -0.121817 -0.195838
vt -0.185441 -0.274126
vt -0.167290 -0.286304
vt -0.111322 -0.202880
vt -0.111322 -0.202880
vt -0.167290 -0.286304
vt -0.185441 -0.274126
vt -0.121817 -0.195838
vt -0.111322 -0.202880
vt -0.167290 -0.286304
vt -0.149139 -0.298481
vt -0.100827 -0.209921
vt -0.100827 -0.209921
vt -0.149139 -0.298481
vt -0.167290 -0.286304
vt -0.111322 -0.202880
vt -0.185441 -0.274126
vt -0.244165 -0.355701
vt -0.223259 -0.369728
vt -0.167290 -0.286304
vt -0.167290 -0.286304
vt -0.223259 -0.369728
vt -0.244165 -0.355701
vt -0.185441 -0.274126
vt -0.167290 -0.286304
vt -0.223259 -0.369728
vt -0.202352 -0.383754
vt -0.149139 -0.298481
vt -0.149139 -0.298481
vt -0.202352 -0.383754
vt -0.223259 -0.369728
vt -0.167290 -0.286304
vt -0.244165 -0.355701
vt -0.297270 -0.441047
vt -0.279227 -0.453152
vt -0.223259 -0.369728
vt -0.223259 -0.369728
vt -0.279227 -0.453152
vt -0.297270 -0.441047
vt -0.244165 -0.355701
vt -0.223259 -0.369728
vt -0.279227 -0.453152
vt -0.261184 -0.465256
vt -0.202352 -0.383754
vt -0.202352 -0.383754
vt -0.261184 -0.465256
vt -0.279227 -0.453152
vt -0.223259 -0.369728
vt -0.297270 1.844244
vt -0.345565 1.699560
vt -0.335195 1.688573
vt -0.279227 1.832488
vt -0.279227 1.832488
vt -0.335195 1.688573
vt -0.345565 1.699560
vt -0.297270 1.844244
vt -0.453152 1.832488
vt -0.536576 1.688573
vt -0.543533 1.695587
vt -0.465256 1.838731
vt -0.465256 1.838731
vt -0.543533 1.695587
vt -0.536576 1.688573
vt -0.453152 1.832488
vt -0.345565 1.699560
vt -0.391886 1.511568
vt -0.391164 1.502402
vt -0.335195 1.688573
vt -0.335195 1.688573
vt -0.391164 1.502402
vt -0.391886 1.511568
vt -0.345565 1.699560
vt -0.536576 1.688573
vt -0.620000 1.502402
vt -0.620484 1.511235
vt -0.543533 1.695587
vt -0.543533 1.695587
vt -0.620484 1.511235
vt -0.620000 1.502402
vt -0.536576 1.688573
vt -0.119324 1.801225
vt -0.227001 1.878472
vt -0.228883 1.869777
vt -0.119455 1.792225
vt -0.119455 1.792225
vt -0.228883 1.869777
vt -0.227001 1.878472
vt -0.119324 1.801225
vt -0.119455 1.792225
vt -0.228883 1.869777
vt -0.230766 1.879082
vt -0.119587 1.801225
vt -0.119587 1.801225
vt -0.230766 1.879082
vt -0.228883 1.869777
vt -0.119455 1.792225
vt -0.087736 -0.227001
vt -0.117762 -0.335057
vt -0.102727 -0.338311
vt -0.079040 -0.228883
vt -0.079040 -0.228883
vt -0.102727 -0.338311
vt -0.117762 -0.335057
vt -0.087736 -0.227001
vt -0.079040 -0.228883
vt -0.102727 -0.338311
vt -0.087692 -0.341566
vt -0.070344 -0.230766
vt -0.070344 -0.230766
vt -0.087692 -0.341566
vt -0.102727 -0.338311
vt -0.079040 -0.228883
vt -0.117762 -0.335057
vt -0.143723 -0.443992
vt -0.126413 -0.447739
vt -0.102727 -0.338311
vt -0.102727 -0.338311
vt -0.126413 -0.447739
vt -0.143723 -0.443992
vt -0.117762 -0.335057
vt -0.102727 -0.338311
vt -0.126413 -0.447739
vt -0.109104 -0.451486
vt -0.087692 -0.341566
vt -0.087692 -0.341566
vt -0.109104 -0.451486
vt -0.126413 -0.447739
vt -0.102727 -0.338311
vt -0.143723 -0.443992
vt -0.165029 -0.553936
vt -0.150100 -0.557167
vt -0.126413 -0.447739
vt -0.126413 -0.447739
vt -0.150100 -0.557167
vt -0.165029 -0.553936
vt -0.143723 -0.443992
vt -0.126413 -0.447739
vt -0.150100 -0.557167
vt -0.135171 -0.560399
vt -0.109104 -0.451486
vt -0.109104 -0.451486
vt -0.135171 -0.560399
vt -0.150100 -0.557167
vt -0.126413 -0.447739
vt -0.165029 1.794208
vt -0.182360 1.643057
vt -0.173787 1.635576
vt -0.150100 1.787317
vt -0.150100 1.787317
vt -0.173787 1.635576
vt -0.182360 1.643057
vt -0.165029 1.794208
vt -0.557167 1.787317
vt -0.666595 1.635576
vt -0.668451 1.646096
vt -0.560399 1.798426
vt -0.560399 1.798426
vt -0.668451 1.646096
vt -0.666595 1.635576
vt -0.557167 1.787317
vt -0.182360 1.643057
vt -0.198070 1.449797
vt -0.197474 1.440924
vt -0.173787 1.635576
vt -0.173787 1.635576
vt -0.197474 1.440924
vt -0.198070 1.449797
vt -0.182360 1.643057
vt -0.666595 1.635576
vt -0.776023 1.440924
vt -0.776152 1.450051
vt -0.668451 1.646096
vt -0.668451 1.646096
vt -0.776152 1.450051
vt -0.776023 1.440924
vt -0.666595 1.635576
vt -0.119484 1.801225
vt -0.252929 1.896995
vt -0.252522 1.888362
vt -0.119455 1.792225
vt -0.119455 1.792225
vt -0.252522 1.888362
vt -0.252929 1.896995
vt -0.119484 1.801225
vt -0.119455 1.792225
vt -0.252522 1.888362
vt -0.252114 1.897730
vt -0.119427 1.801225
vt -0.119427 1.801225
vt -0.252114 1.897730
vt -0.252522 1.888362
vt -0.119455 1.792225
vt -0.063647 -0.252929
vt -0.068536 -0.386293
vt -0.046740 -0.385588
vt -0.051047 -0.252522
vt -0.051047 -0.252522
vt -0.046740 -0.385588
vt -0.068536 -0.386293
vt -0.063647 -0.252929
vt -0.051047 -0.252522
vt -0.046740 -0.385588
vt -0.024943 -0.384882
vt -0.038446 -0.252114
vt -0.038446 -0.252114
vt -0.024943 -0.384882
vt -0.046740 -0.385588
vt -0.051047 -0.252522
vt -0.068536 -0.386293
vt -0.067547 -0.519467
vt -0.042433 -0.518654
vt -0.046740 -0.385588
vt -0.046740 -0.385588
vt -0.042433 -0.518654
vt -0.067547 -0.519467
vt -0.068536 -0.386293
vt -0.046740 -0.385588
vt -0.042433 -0.518654
vt -0.017318 -0.517841
vt -0.024943 -0.384882
vt -0.024943 -0.384882
vt -0.017318 -0.517841
vt -0.042433 -0.518654
vt -0.046740 -0.385588
vt -0.067547 -0.519467
vt -0.059811 -0.652422
vt -0.038126 -0.651720
vt -0.042433 -0.518654
vt -0.042433 -0.518654
vt -0.038126 -0.651720
vt -0.059811 -0.652422
vt -0.067547 -0.519467
vt -0.042433 -0.518654
vt -0.038126 -0.651720
vt -0.016441 -0.651018
vt -0.017318 -0.517841
vt -0.017318 -0.517841
vt -0.016441 -0.651018
vt -0.038126 -0.651720
vt -0.042433 -0.518654
vt -0.059811 1.831810
vt -0.046291 1.671158
vt -0.033819 1.663990
vt -0.038126 1.825351
vt -0.038126 1.825351
vt -0.033819 1.663990
vt -0.046291 1.671158
vt -0.059811 1.831810
vt -0.038126 1.825351
vt -0.033819 1.663990
vt -0.021347 1.674821
vt -0.016441 1.836891
vt -0.016441 1.836891
vt -0.021347 1.674821
vt -0.033819 1.663990
vt -0.038126 1.825351
vt -0.046291 1.671158
vt -0.030381 1.464512
vt -0.029512 1.455666
vt -0.033819 1.663990
vt -0.033819 1.663990
vt -0.029512 1.455666
vt -0.030381 1.464512
vt -0.046291 1.671158
vt -0.033819 1.663990
vt -0.029512 1.455666
vt -0.028643 1.464820
vt -0.021347 1.674821
vt -0.021347 1.674821
vt -0.028643 1.464820
vt -0.029512 1.455666
vt -0.033819 1.663990
vt -0.119706 1.801225
vt -0.217156 1.846797
vt -0.213581 1.837434
vt -0.119455 1.792225
vt -0.119455 1.792225
vt -0.213581 1.837434
vt -0.217156 1.846797
vt -0.119706 1.801225
vt -0.119455 1.792225
vt -0.213581 1.837434
vt -0.210006 1.846071
vt -0.119205 1.801225
vt -0.119205 1.801225
vt -0.210006 1.846071
vt -0.213581 1.837434
vt -0.119455 1.792225
vt -0.030695 -0.217156
vt -0.003388 -0.313887
vt 0.013509 -0.307707
vt -0.020922 -0.213581
vt -0.020922 -0.213581
vt 0.013509 -0.307707
vt -0.003388 -0.313887
vt -0.030695 -0.217156
vt -0.020922 -0.213581
vt 0.013509 -0.307707
vt 0.030405 -0.301526
vt -0.011150 -0.210006
vt -0.011150 -0.210006
vt 0.030405 -0.301526
vt 0.013509 -0.307707
vt -0.020922 -0.213581
vt -0.003388 -0.313887
vt 0.028489 -0.408947
vt 0.047939 -0.401832
vt 0.013509 -0.307707
vt 0.013509 -0.307707
vt 0.047939 -0.401832
vt 0.028489 -0.408947
vt -0.003388 -0.313887
vt 0.013509 -0.307707
vt 0.047939 -0.401832
vt 0.067390 -0.394717
vt 0.030405 -0.301526
vt 0.030405 -0.301526
vt 0.067390 -0.394717
vt 0.047939 -0.401832
vt 0.013509 -0.307707
vt 0.028489 -0.408947
vt 0.065598 -0.502093
vt 0.082370 -0.495958
vt 0.047939 -0.401832
vt 0.047939 -0.401832
vt 0.082370 -0.495958
vt 0.065598 -0.502093
vt 0.028489 -0.408947
vt 0.047939 1.799090
vt 0.082370 1.700224
vt 0.099143 1.706714
vt 0.067390 1.805913
vt 0.067390 1.805913
vt 0.099143 1.706714
vt 0.082370 1.700224
vt 0.047939 1.799090
vt -0.502093 1.711734
vt -0.593606 1.561773
vt -0.590084 1.550964
vt -0.495958 1.700224
vt -0.495958 1.700224
vt -0.590084 1.550964
vt -0.593606 1.561773
vt -0.502093 1.711734
vt 0.082370 1.700224
vt 0.116801 1.550964
vt 0.126432 1.558156
vt 0.099143 1.706714
vt 0.099143 1.706714
vt 0.126432 1.558156
vt 0.116801 1.550964
vt 0.082370 1.700224
vt -0.593606 1.561773
vt -0.684454 1.371672
vt -0.684209 1.362520
vt -0.590084 1.550964
vt -0.590084 1.550964
vt -0.684209 1.362520
vt -0.684454 1.371672
vt -0.593606 1.561773
vt 0.116801 1.550964
vt 0.151232 1.362520
vt 0.151902 1.371369
vt 0.126432 1.558156
vt 0.126432 1.558156
vt 0.151902 1.371369
vt 0.151232 1.362520
vt 0.116801 1.550964
vt -0.056051 1.801225
vt -0.014753 1.871194
vt -0.004791 1.861866
vt -0.055353 1.792225
vt -0.055353 1.792225
vt -0.004791 1.861866
vt -0.014753 1.871194
vt -0.056051 1.801225
vt -0.119455 1.792225
vt -0.195090 1.861866
vt -0.188430 1.870538
vt -0.118989 1.801225
vt -0.118989 1.801225
vt -0.188430 1.870538
vt -0.195090 1.861866
vt -0.119455 1.792225
vt -0.014753 -0.201750
vt 0.028536 -0.282247
vt 0.045772 -0.270725
vt -0.004791 -0.195090
vt -0.004791 -0.195090
vt 0.045772 -0.270725
vt 0.028536 -0.282247
vt -0.014753 -0.201750
vt -0.004791 -0.195090
vt 0.045772 -0.270725
vt 0.063007 -0.259203
vt 0.005171 -0.188430
vt 0.005171 -0.188430
vt 0.063007 -0.259203
vt 0.045772 -0.270725
vt -0.004791 -0.195090
vt 0.028536 -0.282247
vt 0.076469 -0.359640
vt 0.096334 -0.346360
vt 0.045772 -0.270725
vt 0.045772 -0.270725
vt 0.096334 -0.346360
vt 0.076469 -0.359640
vt 0.028536 -0.282247
vt 0.045772 -0.270725
vt 0.096334 -0.346360
vt 0.116199 -0.333080
vt 0.063007 -0.259203
vt 0.063007 -0.259203
vt 0.116199 -0.333080
vt 0.096334 -0.346360
vt 0.045772 -0.270725
vt 0.076469 -0.359640
vt 0.129739 -0.433465
vt 0.146897 -0.421995
vt 0.096334 -0.346360
vt 0.096334 -0.346360
vt 0.146897 -0.421995
vt 0.129739 -0.433465
vt 0.076469 -0.359640
vt 0.096334 -0.346360
vt 0.146897 -0.421995
vt 0.164055 -0.410524
vt 0.116199 -0.333080
vt 0.116199 -0.333080
vt 0.164055 -0.410524
vt 0.146897 -0.421995
vt 0.096334 -0.346360
vt -0.433465 1.805900
vt -0.504229 1.673650
vt -0.497629 1.663013
vt -0.421995 1.794629
vt -0.421995 1.794629
vt -0.497629 1.663013
vt -0.504229 1.673650
vt -0.433465 1.805900
vt 0.146897 1.794629
vt 0.197459 1.663013
vt 0.207332 1.670376
vt 0.164055 1.801358
vt 0.164055 1.801358
vt 0.207332 1.670376
vt 0.197459 1.663013
vt 0.146897 1.794629
vt -0.504229 1.673650
vt -0.573724 1.503083
vt -0.573264 1.493946
vt -0.497629 1.663013
vt -0.497629 1.663013
vt -0.573264 1.493946
vt -0.573724 1.503083
vt -0.504229 1.673650
vt 0.197459 1.663013
vt 0.248022 1.493946
vt 0.248710 1.502808
vt 0.207332 1.670376
vt 0.207332 1.670376
vt 0.248710 1.502808
vt 0.248022 1.493946
vt 0.197459 1.663013
vt -0.055772 1.801225
vt 0.046206 1.857244
vt 0.052184 1.847965
vt -0.055353 1.792225
vt -0.055353 1.792225
vt 0.052184 1.847965
vt 0.046206 1.857244
vt -0.055772 1.801225
vt -0.119455 1.792225
vt -0.190332 1.847965
vt -0.181262 1.856685
vt -0.118820 1.801225
vt -0.118820 1.801225
vt -0.181262 1.856685
vt -0.190332 1.847965
vt -0.119455 1.792225
vt 0.046206 -0.199403
vt 0.149377 -0.276905
vt 0.159721 -0.261209
vt 0.052184 -0.190332
vt 0.052184 -0.190332
vt 0.159721 -0.261209
vt 0.149377 -0.276905
vt 0.046206 -0.199403
vt 0.052184 -0.190332
vt 0.159721 -0.261209
vt 0.170066 -0.245514
vt 0.058162 -0.181262
vt 0.058162 -0.181262
vt 0.170066 -0.245514
vt 0.159721 -0.261209
vt 0.052184 -0.190332
vt 0.149377 -0.276905
vt 0.255334 -0.350180
vt 0.267259 -0.332087
vt 0.159721 -0.261209
vt 0.159721 -0.261209
vt 0.267259 -0.332087
vt 0.255334 -0.350180
vt 0.149377 -0.276905
vt 0.159721 -0.261209
vt 0.267259 -0.332087
vt 0.279184 -0.313993
vt 0.170066 -0.245514
vt 0.170066 -0.245514
vt 0.279184 -0.313993
vt 0.267259 -0.332087
vt 0.159721 -0.261209
vt 0.255334 -0.350180
vt 0.364493 -0.418596
vt 0.374796 -0.402964
vt 0.267259 -0.332087
vt 0.267259 -0.332087
vt 0.374796 -0.402964
vt 0.364493 -0.418596
vt 0.255334 -0.350180
vt 0.267259 -0.332087
vt 0.374796 -0.402964
vt 0.385100 -0.387331
vt 0.279184 -0.313993
vt 0.279184 -0.313993
vt 0.385100 -0.387331
vt 0.374796 -0.402964
vt 0.267259 -0.332087
vt -0.418596 1.736161
vt -0.482839 1.583267
vt -0.473841 1.572873
vt -0.402964 1.725228
vt -0.402964 1.725228
vt -0.473841 1.572873
vt -0.482839 1.583267
vt -0.418596 1.736161
vt 0.374796 1.725228
vt 0.482333 1.572873
vt 0.488264 1.580479
vt 0.385100 1.732294
vt 0.385100 1.732294
vt 0.488264 1.580479
vt 0.482333 1.572873
vt 0.374796 1.725228
vt -0.482839 1.583267
vt -0.545345 1.388705
vt -0.544718 1.379588
vt -0.473841 1.572873
vt -0.473841 1.572873
vt -0.544718 1.379588
vt -0.545345 1.388705
vt -0.482839 1.583267
vt 0.482333 1.572873
vt 0.589871 1.379588
vt 0.590284 1.388471
vt 0.488264 1.580479
vt 0.488264 1.580479
vt 0.590284 1.388471
vt 0.589871 1.379588
vt 0.482333 1.572873
vt -0.055499 1.801225
vt 0.072599 1.890468
vt 0.074675 1.881690
vt -0.055353 1.792225
vt -0.055353 1.792225
vt 0.074675 1.881690
vt 0.072599 1.890468
vt -0.055499 1.801225
vt -0.055353 1.792225
vt 0.074675 1.881690
vt 0.076751 1.890913
vt -0.055208 1.801225
vt -0.055208 1.801225
vt 0.076751 1.890913
vt 0.074675 1.881690
vt -0.055353 1.792225
vt 0.072599 -0.155161
vt 0.201109 -0.187942
vt 0.204703 -0.169126
vt 0.074675 -0.144291
vt 0.074675 -0.144291
vt 0.204703 -0.169126
vt 0.201109 -0.187942
vt 0.072599 -0.155161
vt 0.074675 -0.144291
vt 0.204703 -0.169126
vt 0.208297 -0.150310
vt 0.076751 -0.133420
vt 0.076751 -0.133420
vt 0.208297 -0.150310
vt 0.204703 -0.169126
vt 0.074675 -0.144291
vt 0.201109 -0.187942
vt 0.330586 -0.215666
vt 0.334731 -0.193961
vt 0.204703 -0.169126
vt 0.204703 -0.169126
vt 0.334731 -0.193961
vt 0.330586 -0.215666
vt 0.201109 -0.187942
vt 0.204703 -0.169126
vt 0.334731 -0.193961
vt 0.338877 -0.172256
vt 0.208297 -0.150310
vt 0.208297 -0.150310
vt 0.338877 -0.172256
vt 0.334731 -0.193961
vt 0.204703 -0.169126
vt 0.330586 -0.215666
vt 0.461174 -0.237566
vt 0.464760 -0.218796
vt 0.334731 -0.193961
vt 0.334731 -0.193961
vt 0.464760 -0.218796
vt 0.461174 -0.237566
vt 0.330586 -0.215666
vt 0.334731 -0.193961
vt 0.464760 -0.218796
vt 0.468345 -0.200026
vt 0.338877 -0.172256
vt 0.338877 -0.172256
vt 0.468345 -0.200026
vt 0.464760 -0.218796
vt 0.334731 -0.193961
vt -0.237566 1.803804
vt -0.254448 1.635856
vt -0.243631 1.627968
vt -0.218796 1.796346
vt -0.218796 1.796346
vt -0.243631 1.627968
vt -0.254448 1.635856
vt -0.237566 1.803804
vt -0.218796 1.796346
vt -0.243631 1.627968
vt -0.232814 1.638080
vt -0.200026 1.806888
vt -0.200026 1.806888
vt -0.232814 1.638080
vt -0.243631 1.627968
vt -0.218796 1.796346
vt -0.254448 1.635856
vt -0.269222 1.420548
vt -0.268466 1.411641
vt -0.243631 1.627968
vt -0.243631 1.627968
vt -0.268466 1.411641
vt -0.269222 1.420548
vt -0.254448 1.635856
vt 0.594788 1.627968
vt 0.724816 1.411641
vt 0.724960 1.420734
vt 0.596854 1.638080
vt 0.596854 1.638080
vt 0.724960 1.420734
vt 0.724816 1.411641
vt 0.594788 1.627968
usemtl M_Dracaena_Cane
s 1
f 10/1 9/2 8/3 7/4 6/5 5/6 4/7 3/8 2/9 1/10
f 11/11 12/12 13/13 14/14 15/15 16/16 17/17 18/18 19/19 20/20
f 1/21 2/22 12/23 11/24
f 2/25 3/26 13/27 12/28
f 3/29 4/30 14/31 13/32
f 4/33 5/34 15/35 14/36
f 5/37 6/38 16/39 15/40
f 6/41 7/42 17/43 16/44
f 7/45 8/46 18/47 17/48
f 8/49 9/50 19/51 18/52
f 9/53 10/54 20/55 19/56
f 10/57 1/58 11/59 20/60
usemtl M_Dracaena_LeafScar
s 1
f 30/61 29/62 28/63 27/64 26/65 25/66 24/67 23/68 22/69 21/70
f 31/71 32/72 33/73 34/74 35/75 36/76 37/77 38/78 39/79 40/80
f 21/81 22/82 32/83 31/84
f 22/85 23/86 33/87 32/88
f 23/89 24/90 34/91 33/92
f 24/93 25/94 35/95 34/96
f 25/97 26/98 36/99 35/100
f 26/101 27/102 37/103 36/104
f 27/105 28/106 38/107 37/108
f 28/109 29/110 39/111 38/112
f 29/113 30/114 40/115 39/116
f 30/117 21/118 31/119 40/120
f 50/121 49/122 48/123 47/124 46/125 45/126 44/127 43/128 42/129 41/130
f 51/131 52/132 53/133 54/134 55/135 56/136 57/137 58/138 59/139 60/140
f 41/141 42/142 52/143 51/144
f 42/145 43/146 53/147 52/148
f 43/149 44/150 54/151 53/152
f 44/153 45/154 55/155 54/156
f 45/157 46/158 56/159 55/160
f 46/161 47/162 57/163 56/164
f 47/165 48/166 58/167 57/168
f 48/169 49/170 59/171 58/172
f 49/173 50/174 60/175 59/176
f 50/177 41/178 51/179 60/180
f 70/181 69/182 68/183 67/184 66/185 65/186 64/187 63/188 62/189 61/190
f 71/191 72/192 73/193 74/194 75/195 76/196 77/197 78/198 79/199 80/200
f 61/201 62/202 72/203 71/204
f 62/205 63/206 73/207 72/208
f 63/209 64/210 74/211 73/212
f 64/213 65/214 75/215 74/216
f 65/217 66/218 76/219 75/220
f 66/221 67/222 77/223 76/224
f 67/225 68/226 78/227 77/228
f 68/229 69/230 79/231 78/232
f 69/233 70/234 80/235 79/236
f 70/237 61/238 71/239 80/240
f 90/241 89/242 88/243 87/244 86/245 85/246 84/247 83/248 82/249 81/250
f 91/251 92/252 93/253 94/254 95/255 96/256 97/257 98/258 99/259 100/260
f 81/261 82/262 92/263 91/264
f 82/265 83/266 93/267 92/268
f 83/269 84/270 94/271 93/272
f 84/273 85/274 95/275 94/276
f 85/277 86/278 96/279 95/280
f 86/281 87/282 97/283 96/284
f 87/285 88/286 98/287 97/288
f 88/289 89/290 99/291 98/292
f 89/293 90/294 100/295 99/296
f 90/297 81/298 91/299 100/300
f 110/301 109/302 108/303 107/304 106/305 105/306 104/307 103/308 102/309 101/310
f 111/311 112/312 113/313 114/314 115/315 116/316 117/317 118/318 119/319 120/320
f 101/321 102/322 112/323 111/324
f 102/325 103/326 113/327 112/328
f 103/329 104/330 114/331 113/332
f 104/333 105/334 115/335 114/336
f 105/337 106/338 116/339 115/340
f 106/341 107/342 117/343 116/344
f 107/345 108/346 118/347 117/348
f 108/349 109/350 119/351 118/352
f 109/353 110/354 120/355 119/356
f 110/357 101/358 111/359 120/360
f 130/361 129/362 128/363 127/364 126/365 125/366 124/367 123/368 122/369 121/370
f 131/371 132/372 133/373 134/374 135/375 136/376 137/377 138/378 139/379 140/380
f 121/381 122/382 132/383 131/384
f 122/385 123/386 133/387 132/388
f 123/389 124/390 134/391 133/392
f 124/393 125/394 135/395 134/396
f 125/397 126/398 136/399 135/400
f 126/401 127/402 137/403 136/404
f 127/405 128/406 138/407 137/408
f 128/409 129/410 139/411 138/412
f 129/413 130/414 140/415 139/416
f 130/417 121/418 131/419 140/420
usemtl M_Dracaena_Leaf
s 1
f 141/421 144/422 145/423 142/424
f 142/425 145/426 144/427 141/428
f 142/429 145/430 146/431 143/432
f 143/433 146/434 145/435 142/436
f 144/437 147/438 148/439 145/440
f 145/441 148/442 147/443 144/444
f 145/445 148/446 149/447 146/448
f 146/449 149/450 148/451 145/452
f 147/453 150/454 151/455 148/456
f 148/457 151/458 150/459 147/460
f 148/461 151/462 152/463 149/464
f 149/465 152/466 151/467 148/468
f 150/469 153/470 154/471 151/472
f 151/473 154/474 153/475 150/476
f 151/477 154/478 155/479 152/480
f 152/481 155/482 154/483 151/484
f 153/485 156/486 157/487 154/488
f 154/489 157/490 156/491 153/492
f 154/493 157/494 158/495 155/496
f 155/497 158/498 157/499 154/500
f 156/501 159/502 160/503 157/504
f 157/505 160/506 159/507 156/508
f 157/509 160/510 161/511 158/512
f 158/513 161/514 160/515 157/516
f 162/517 165/518 166/519 163/520
f 163/521 166/522 165/523 162/524
f 163/525 166/526 167/527 164/528
f 164/529 167/530 166/531 163/532
f 165/533 168/534 169/535 166/536
f 166/537 169/538 168/539 165/540
f 166/541 169/542 170/543 167/544
f 167/545 170/546 169/547 166/548
f 168/549 171/550 172/551 169/552
f 169/553 172/554 171/555 168/556
f 169/557 172/558 173/559 170/560
f 170/561 173/562 172/563 169/564
f 171/565 174/566 175/567 172/568
f 172/569 175/570 174/571 171/572
f 172/573 175/574 176/575 173/576
f 173/577 176/578 175/579 172/580
f 174/581 177/582 178/583 175/584
f 175/585 178/586 177/587 174/588
f 175/589 178/590 179/591 176/592
f 176/593 179/594 178/595 175/596
f 177/597 180/598 181/599 178/600
f 178/601 181/602 180/603 177/604
f 178/605 181/606 182/607 179/608
f 179/609 182/610 181/611 178/612
f 183/613 186/614 187/615 184/616
f 184/617 187/618 186/619 183/620
f 184/621 187/622 188/623 185/624
f 185/625 188/626 187/627 184/628
f 186/629 189/630 190/631 187/632
f 187/633 190/634 189/635 186/636
f 187/637 190/638 191/639 188/640
f 188/641 191/642 190/643 187/644
f 189/645 192/646 193/647 190/648
f 190/649 193/650 192/651 189/652
f 190/653 193/654 194/655 191/656
f 191/657 194/658 193/659 190/660
f 192/661 195/662 196/663 193/664
f 193/665 196/666 195/667 192/668
f 193/669 196/670 197/671 194/672
f 194/673 197/674 196/675 193/676
f 195/677 198/678 199/679 196/680
f 196/681 199/682 198/683 195/684
f 196/685 199/686 200/687 197/688
f 197/689 200/690 199/691 196/692
f 198/693 201/694 202/695 199/696
f 199/697 202/698 201/699 198/700
f 199/701 202/702 203/703 200/704
f 200/705 203/706 202/707 199/708
f 204/709 207/710 208/711 205/712
f 205/713 208/714 207/715 204/716
f 205/717 208/718 209/719 206/720
f 206/721 209/722 208/723 205/724
f 207/725 210/726 211/727 208/728
f 208/729 211/730 210/731 207/732
f 208/733 211/734 212/735 209/736
f 209/737 212/738 211/739 208/740
f 210/741 213/742 214/743 211/744
f 211/745 214/746 213/747 210/748
f 211/749 214/750 215/751 212/752
f 212/753 215/754 214/755 211/756
f 213/757 216/758 217/759 214/760
f 214/761 217/762 216/763 213/764
f 214/765 217/766 218/767 215/768
f 215/769 218/770 217/771 214/772
f 216/773 219/774 220/775 217/776
f 217/777 220/778 219/779 216/780
f 217/781 220/782 221/783 218/784
f 218/785 221/786 220/787 217/788
f 219/789 222/790 223/791 220/792
f 220/793 223/794 222/795 219/796
f 220/797 223/798 224/799 221/800
f 221/801 224/802 223/803 220/804
f 225/805 228/806 229/807 226/808
f 226/809 229/810 228/811 225/812
f 226/813 229/814 230/815 227/816
f 227/817 230/818 229/819 226/820
f 228/821 231/822 232/823 229/824
f 229/825 232/826 231/827 228/828
f 229/829 232/830 233/831 230/832
f 230/833 233/834 232/835 229/836
f 231/837 234/838 235/839 232/840
f 232/841 235/842 234/843 231/844
f 232/845 235/846 236/847 233/848
f 233/849 236/850 235/851 232/852
f 234/853 237/854 238/855 235/856
f 235/857 238/858 237/859 234/860
f 235/861 238/862 239/863 236/864
f 236/865 239/866 238/867 235/868
f 237/869 240/870 241/871 238/872
f 238/873 241/874 240/875 237/876
f 238/877 241/878 242/879 239/880
f 239/881 242/882 241/883 238/884
f 240/885 243/886 244/887 241/888
f 241/889 244/890 243/891 240/892
f 241/893 244/894 245/895 242/896
f 242/897 245/898 244/899 241/900
f 246/901 249/902 250/903 247/904
f 247/905 250/906 249/907 246/908
f 247/909 250/910 251/911 248/912
f 248/913 251/914 250/915 247/916
f 249/917 252/918 253/919 250/920
f 250/921 253/922 252/923 249/924
f 250/925 253/926 254/927 251/928
f 251/929 254/930 253/931 250/932
f 252/933 255/934 256/935 253/936
f 253/937 256/938 255/939 252/940
f 253/941 256/942 257/943 254/944
f 254/945 257/946 256/947 253/948
f 255/949 258/950 259/951 256/952
f 256/953 259/954 258/955 255/956
f 256/957 259/958 260/959 257/960
f 257/961 260/962 259/963 256/964
f 258/965 261/966 262/967 259/968
f 259/969 262/970 261/971 258/972
f 259/973 262/974 263/975 260/976
f 260/977 263/978 262/979 259/980
f 261/981 264/982 265/983 262/984
f 262/985 265/986 264/987 261/988
f 262/989 265/990 266/991 263/992
f 263/993 266/994 265/995 262/996
f 267/997 270/998 271/999 268/1000
f 268/1001 271/1002 270/1003 267/1004
f 268/1005 271/1006 272/1007 269/1008
f 269/1009 272/1010 271/1011 268/1012
f 270/1013 273/1014 274/1015 271/1016
f 271/1017 274/1018 273/1019 270/1020
f 271/1021 274/1022 275/1023 272/1024
f 272/1025 275/1026 274/1027 271/1028
f 273/1029 276/1030 277/1031 274/1032
f 274/1033 277/1034 276/1035 273/1036
f 274/1037 277/1038 278/1039 275/1040
f 275/1041 278/1042 277/1043 274/1044
f 276/1045 279/1046 280/1047 277/1048
f 277/1049 280/1050 279/1051 276/1052
f 277/1053 280/1054 281/1055 278/1056
f 278/1057 281/1058 280/1059 277/1060
f 279/1061 282/1062 283/1063 280/1064
f 280/1065 283/1066 282/1067 279/1068
f 280/1069 283/1070 284/1071 281/1072
f 281/1073 284/1074 283/1075 280/1076
f 282/1077 285/1078 286/1079 283/1080
f 283/1081 286/1082 285/1083 282/1084
f 283/1085 286/1086 287/1087 284/1088
f 284/1089 287/1090 286/1091 283/1092
f 288/1093 291/1094 292/1095 289/1096
f 289/1097 292/1098 291/1099 288/1100
f 289/1101 292/1102 293/1103 290/1104
f 290/1105 293/1106 292/1107 289/1108
f 291/1109 294/1110 295/1111 292/1112
f 292/1113 295/1114 294/1115 291/1116
f 292/1117 295/1118 296/1119 293/1120
f 293/1121 296/1122 295/1123 292/1124
f 294/1125 297/1126 298/1127 295/1128
f 295/1129 298/1130 297/1131 294/1132
f 295/1133 298/1134 299/1135 296/1136
f 296/1137 299/1138 298/1139 295/1140
f 297/1141 300/1142 301/1143 298/1144
f 298/1145 301/1146 300/1147 297/1148
f 298/1149 301/1150 302/1151 299/1152
f 299/1153 302/1154 301/1155 298/1156
f 300/1157 303/1158 304/1159 301/1160
f 301/1161 304/1162 303/1163 300/1164
f 301/1165 304/1166 305/1167 302/1168
f 302/1169 305/1170 304/1171 301/1172
f 303/1173 306/1174 307/1175 304/1176
f 304/1177 307/1178 306/1179 303/1180
f 304/1181 307/1182 308/1183 305/1184
f 305/1185 308/1186 307/1187 304/1188
f 309/1189 312/1190 313/1191 310/1192
f 310/1193 313/1194 312/1195 309/1196
f 310/1197 313/1198 314/1199 311/1200
f 311/1201 314/1202 313/1203 310/1204
f 312/1205 315/1206 316/1207 313/1208
f 313/1209 316/1210 315/1211 312/1212
f 313/1213 316/1214 317/1215 314/1216
f 314/1217 317/1218 316/1219 313/1220
f 315/1221 318/1222 319/1223 316/1224
f 316/1225 319/1226 318/1227 315/1228
f 316/1229 319/1230 320/1231 317/1232
f 317/1233 320/1234 319/1235 316/1236
f 318/1237 321/1238 322/1239 319/1240
f 319/1241 322/1242 321/1243 318/1244
f 319/1245 322/1246 323/1247 320/1248
f 320/1249 323/1250 322/1251 319/1252
f 321/1253 324/1254 325/1255 322/1256
f 322/1257 325/1258 324/1259 321/1260
f 322/1261 325/1262 326/1263 323/1264
f 323/1265 326/1266 325/1267 322/1268
f 324/1269 327/1270 328/1271 325/1272
f 325/1273 328/1274 327/1275 324/1276
f 325/1277 328/1278 329/1279 326/1280
f 326/1281 329/1282 328/1283 325/1284
f 330/1285 333/1286 334/1287 331/1288
f 331/1289 334/1290 333/1291 330/1292
f 331/1293 334/1294 335/1295 332/1296
f 332/1297 335/1298 334/1299 331/1300
f 333/1301 336/1302 337/1303 334/1304
f 334/1305 337/1306 336/1307 333/1308
f 334/1309 337/1310 338/1311 335/1312
f 335/1313 338/1314 337/1315 334/1316
f 336/1317 339/1318 340/1319 337/1320
f 337/1321 340/1322 339/1323 336/1324
f 337/1325 340/1326 341/1327 338/1328
f 338/1329 341/1330 340/1331 337/1332
f 339/1333 342/1334 343/1335 340/1336
f 340/1337 343/1338 342/1339 339/1340
f 340/1341 343/1342 344/1343 341/1344
f 341/1345 344/1346 343/1347 340/1348
f 342/1349 345/1350 346/1351 343/1352
f 343/1353 346/1354 345/1355 342/1356
f 343/1357 346/1358 347/1359 344/1360
f 344/1361 347/1362 346/1363 343/1364
f 345/1365 348/1366 349/1367 346/1368
f 346/1369 349/1370 348/1371 345/1372
f 346/1373 349/1374 350/1375 347/1376
f 347/1377 350/1378 349/1379 346/1380
f 351/1381 354/1382 355/1383 352/1384
f 352/1385 355/1386 354/1387 351/1388
f 352/1389 355/1390 356/1391 353/1392
f 353/1393 356/1394 355/1395 352/1396
f 354/1397 357/1398 358/1399 355/1400
f 355/1401 358/1402 357/1403 354/1404
f 355/1405 358/1406 359/1407 356/1408
f 356/1409 359/1410 358/1411 355/1412
f 357/1413 360/1414 361/1415 358/1416
f 358/1417 361/1418 360/1419 357/1420
f 358/1421 361/1422 362/1423 359/1424
f 359/1425 362/1426 361/1427 358/1428
f 360/1429 363/1430 364/1431 361/1432
f 361/1433 364/1434 363/1435 360/1436
f 361/1437 364/1438 365/1439 362/1440
f 362/1441 365/1442 364/1443 361/1444
f 363/1445 366/1446 367/1447 364/1448
f 364/1449 367/1450 366/1451 363/1452
f 364/1453 367/1454 368/1455 365/1456
f 365/1457 368/1458 367/1459 364/1460
f 366/1461 369/1462 370/1463 367/1464
f 367/1465 370/1466 369/1467 366/1468
f 367/1469 370/1470 371/1471 368/1472
f 368/1473 371/1474 370/1475 367/1476
f 372/1477 375/1478 376/1479 373/1480
f 373/1481 376/1482 375/1483 372/1484
f 373/1485 376/1486 377/1487 374/1488
f 374/1489 377/1490 376/1491 373/1492
f 375/1493 378/1494 379/1495 376/1496
f 376/1497 379/1498 378/1499 375/1500
f 376/1501 379/1502 380/1503 377/1504
f 377/1505 380/1506 379/1507 376/1508
f 378/1509 381/1510 382/1511 379/1512
f 379/1513 382/1514 381/1515 378/1516
f 379/1517 382/1518 383/1519 380/1520
f 380/1521 383/1522 382/1523 379/1524
f 381/1525 384/1526 385/1527 382/1528
f 382/1529 385/1530 384/1531 381/1532
f 382/1533 385/1534 386/1535 383/1536
f 383/1537 386/1538 385/1539 382/1540
f 384/1541 387/1542 388/1543 385/1544
f 385/1545 388/1546 387/1547 384/1548
f 385/1549 388/1550 389/1551 386/1552
f 386/1553 389/1554 388/1555 385/1556
f 387/1557 390/1558 391/1559 388/1560
f 388/1561 391/1562 390/1563 387/1564
f 388/1565 391/1566 392/1567 389/1568
f 389/1569 392/1570 391/1571 388/1572
f 393/1573 396/1574 397/1575 394/1576
f 394/1577 397/1578 396/1579 393/1580
f 394/1581 397/1582 398/1583 395/1584
f 395/1585 398/1586 397/1587 394/1588
f 396/1589 399/1590 400/1591 397/1592
f 397/1593 400/1594 399/1595 396/1596
f 397/1597 400/1598 401/1599 398/1600
f 398/1601 401/1602 400/1603 397/1604
f 399/1605 402/1606 403/1607 400/1608
f 400/1609 403/1610 402/1611 399/1612
f 400/1613 403/1614 404/1615 401/1616
f 401/1617 404/1618 403/1619 400/1620
f 402/1621 405/1622 406/1623 403/1624
f 403/1625 406/1626 405/1627 402/1628
f 403/1629 406/1630 407/1631 404/1632
f 404/1633 407/1634 406/1635 403/1636
f 405/1637 408/1638 409/1639 406/1640
f 406/1641 409/1642 408/1643 405/1644
f 406/1645 409/1646 410/1647 407/1648
f 407/1649 410/1650 409/1651 406/1652
f 408/1653 411/1654 412/1655 409/1656
f 409/1657 412/1658 411/1659 408/1660
f 409/1661 412/1662 413/1663 410/1664
f 410/1665 413/1666 412/1667 409/1668
f 414/1669 417/1670 418/1671 415/1672
f 415/1673 418/1674 417/1675 414/1676
f 415/1677 418/1678 419/1679 416/1680
f 416/1681 419/1682 418/1683 415/1684
f 417/1685 420/1686 421/1687 418/1688
f 418/1689 421/1690 420/1691 417/1692
f 418/1693 421/1694 422/1695 419/1696
f 419/1697 422/1698 421/1699 418/1700
f 420/1701 423/1702 424/1703 421/1704
f 421/1705 424/1706 423/1707 420/1708
f 421/1709 424/1710 425/1711 422/1712
f 422/1713 425/1714 424/1715 421/1716
f 423/1717 426/1718 427/1719 424/1720
f 424/1721 427/1722 426/1723 423/1724
f 424/1725 427/1726 428/1727 425/1728
f 425/1729 428/1730 427/1731 424/1732
f 426/1733 429/1734 430/1735 427/1736
f 427/1737 430/1738 429/1739 426/1740
f 427/1741 430/1742 431/1743 428/1744
f 428/1745 431/1746 430/1747 427/1748
f 429/1749 432/1750 433/1751 430/1752
f 430/1753 433/1754 432/1755 429/1756
f 430/1757 433/1758 434/1759 431/1760
f 431/1761 434/1762 433/1763 430/1764
f 435/1765 438/1766 439/1767 436/1768
f 436/1769 439/1770 438/1771 435/1772
f 436/1773 439/1774 440/1775 437/1776
f 437/1777 440/1778 439/1779 436/1780
f 438/1781 441/1782 442/1783 439/1784
f 439/1785 442/1786 441/1787 438/1788
f 439/1789 442/1790 443/1791 440/1792
f 440/1793 443/1794 442/1795 439/1796
f 441/1797 444/1798 445/1799 442/1800
f 442/1801 445/1802 444/1803 441/1804
f 442/1805 445/1806 446/1807 443/1808
f 443/1809 446/1810 445/1811 442/1812
f 444/1813 447/1814 448/1815 445/1816
f 445/1817 448/1818 447/1819 444/1820
f 445/1821 448/1822 449/1823 446/1824
f 446/1825 449/1826 448/1827 445/1828
f 447/1829 450/1830 451/1831 448/1832
f 448/1833 451/1834 450/1835 447/1836
f 448/1837 451/1838 452/1839 449/1840
f 449/1841 452/1842 451/1843 448/1844
f 450/1845 453/1846 454/1847 451/1848
f 451/1849 454/1850 453/1851 450/1852
f 451/1853 454/1854 455/1855 452/1856
f 452/1857 455/1858 454/1859 451/1860
f 456/1861 459/1862 460/1863 457/1864
f 457/1865 460/1866 459/1867 456/1868
f 457/1869 460/1870 461/1871 458/1872
f 458/1873 461/1874 460/1875 457/1876
f 459/1877 462/1878 463/1879 460/1880
f 460/1881 463/1882 462/1883 459/1884
f 460/1885 463/1886 464/1887 461/1888
f 461/1889 464/1890 463/1891 460/1892
f 462/1893 465/1894 466/1895 463/1896
f 463/1897 466/1898 465/1899 462/1900
f 463/1901 466/1902 467/1903 464/1904
f 464/1905 467/1906 466/1907 463/1908
f 465/1909 468/1910 469/1911 466/1912
f 466/1913 469/1914 468/1915 465/1916
f 466/1917 469/1918 470/1919 467/1920
f 467/1921 470/1922 469/1923 466/1924
f 468/1925 471/1926 472/1927 469/1928
f 469/1929 472/1930 471/1931 468/1932
f 469/1933 472/1934 473/1935 470/1936
f 470/1937 473/1938 472/1939 469/1940
f 471/1941 474/1942 475/1943 472/1944
f 472/1945 475/1946 474/1947 471/1948
f 472/1949 475/1950 476/1951 473/1952
f 473/1953 476/1954 475/1955 472/1956
f 477/1957 480/1958 481/1959 478/1960
f 478/1961 481/1962 480/1963 477/1964
f 478/1965 481/1966 482/1967 479/1968
f 479/1969 482/1970 481/1971 478/1972
f 480/1973 483/1974 484/1975 481/1976
f 481/1977 484/1978 483/1979 480/1980
f 481/1981 484/1982 485/1983 482/1984
f 482/1985 485/1986 484/1987 481/1988
f 483/1989 486/1990 487/1991 484/1992
f 484/1993 487/1994 486/1995 483/1996
f 484/1997 487/1998 488/1999 485/2000
f 485/2001 488/2002 487/2003 484/2004
f 486/2005 489/2006 490/2007 487/2008
f 487/2009 490/2010 489/2011 486/2012
f 487/2013 490/2014 491/2015 488/2016
f 488/2017 491/2018 490/2019 487/2020
f 489/2021 492/2022 493/2023 490/2024
f 490/2025 493/2026 492/2027 489/2028
f 490/2029 493/2030 494/2031 491/2032
f 491/2033 494/2034 493/2035 490/2036
f 492/2037 495/2038 496/2039 493/2040
f 493/2041 496/2042 495/2043 492/2044
f 493/2045 496/2046 497/2047 494/2048
f 494/2049 497/2050 496/2051 493/2052
usemtl M_Dracaena_Cane
s 1
f 507/2053 506/2054 505/2055 504/2056 503/2057 502/2058 501/2059 500/2060 499/2061 498/2062
f 508/2063 509/2064 510/2065 511/2066 512/2067 513/2068 514/2069 515/2070 516/2071 517/2072
f 498/2073 499/2074 509/2075 508/2076
f 499/2077 500/2078 510/2079 509/2080
f 500/2081 501/2082 511/2083 510/2084
f 501/2085 502/2086 512/2087 511/2088
f 502/2089 503/2090 513/2091 512/2092
f 503/2093 504/2094 514/2095 513/2096
f 504/2097 505/2098 515/2099 514/2100
f 505/2101 506/2102 516/2103 515/2104
f 506/2105 507/2106 517/2107 516/2108
f 507/2109 498/2110 508/2111 517/2112
usemtl M_Dracaena_LeafScar
s 1
f 527/2113 526/2114 525/2115 524/2116 523/2117 522/2118 521/2119 520/2120 519/2121 518/2122
f 528/2123 529/2124 530/2125 531/2126 532/2127 533/2128 534/2129 535/2130 536/2131 537/2132
f 518/2133 519/2134 529/2135 528/2136
f 519/2137 520/2138 530/2139 529/2140
f 520/2141 521/2142 531/2143 530/2144
f 521/2145 522/2146 532/2147 531/2148
f 522/2149 523/2150 533/2151 532/2152
f 523/2153 524/2154 534/2155 533/2156
f 524/2157 525/2158 535/2159 534/2160
f 525/2161 526/2162 536/2163 535/2164
f 526/2165 527/2166 537/2167 536/2168
f 527/2169 518/2170 528/2171 537/2172
f 547/2173 546/2174 545/2175 544/2176 543/2177 542/2178 541/2179 540/2180 539/2181 538/2182
f 548/2183 549/2184 550/2185 551/2186 552/2187 553/2188 554/2189 555/2190 556/2191 557/2192
f 538/2193 539/2194 549/2195 548/2196
f 539/2197 540/2198 550/2199 549/2200
f 540/2201 541/2202 551/2203 550/2204
f 541/2205 542/2206 552/2207 551/2208
f 542/2209 543/2210 553/2211 552/2212
f 543/2213 544/2214 554/2215 553/2216
f 544/2217 545/2218 555/2219 554/2220
f 545/2221 546/2222 556/2223 555/2224
f 546/2225 547/2226 557/2227 556/2228
f 547/2229 538/2230 548/2231 557/2232
f 567/2233 566/2234 565/2235 564/2236 563/2237 562/2238 561/2239 560/2240 559/2241 558/2242
f 568/2243 569/2244 570/2245 571/2246 572/2247 573/2248 574/2249 575/2250 576/2251 577/2252
f 558/2253 559/2254 569/2255 568/2256
f 559/2257 560/2258 570/2259 569/2260
f 560/2261 561/2262 571/2263 570/2264
f 561/2265 562/2266 572/2267 571/2268
f 562/2269 563/2270 573/2271 572/2272
f 563/2273 564/2274 574/2275 573/2276
f 564/2277 565/2278 575/2279 574/2280
f 565/2281 566/2282 576/2283 575/2284
f 566/2285 567/2286 577/2287 576/2288
f 567/2289 558/2290 568/2291 577/2292
f 587/2293 586/2294 585/2295 584/2296 583/2297 582/2298 581/2299 580/2300 579/2301 578/2302
f 588/2303 589/2304 590/2305 591/2306 592/2307 593/2308 594/2309 595/2310 596/2311 597/2312
f 578/2313 579/2314 589/2315 588/2316
f 579/2317 580/2318 590/2319 589/2320
f 580/2321 581/2322 591/2323 590/2324
f 581/2325 582/2326 592/2327 591/2328
f 582/2329 583/2330 593/2331 592/2332
f 583/2333 584/2334 594/2335 593/2336
f 584/2337 585/2338 595/2339 594/2340
f 585/2341 586/2342 596/2343 595/2344
f 586/2345 587/2346 597/2347 596/2348
f 587/2349 578/2350 588/2351 597/2352
f 607/2353 606/2354 605/2355 604/2356 603/2357 602/2358 601/2359 600/2360 599/2361 598/2362
f 608/2363 609/2364 610/2365 611/2366 612/2367 613/2368 614/2369 615/2370 616/2371 617/2372
f 598/2373 599/2374 609/2375 608/2376
f 599/2377 600/2378 610/2379 609/2380
f 600/2381 601/2382 611/2383 610/2384
f 601/2385 602/2386 612/2387 611/2388
f 602/2389 603/2390 613/2391 612/2392
f 603/2393 604/2394 614/2395 613/2396
f 604/2397 605/2398 615/2399 614/2400
f 605/2401 606/2402 616/2403 615/2404
f 606/2405 607/2406 617/2407 616/2408
f 607/2409 598/2410 608/2411 617/2412
usemtl M_Dracaena_Leaf
s 1
f 618/2413 621/2414 622/2415 619/2416
f 619/2417 622/2418 621/2419 618/2420
f 619/2421 622/2422 623/2423 620/2424
f 620/2425 623/2426 622/2427 619/2428
f 621/2429 624/2430 625/2431 622/2432
f 622/2433 625/2434 624/2435 621/2436
f 622/2437 625/2438 626/2439 623/2440
f 623/2441 626/2442 625/2443 622/2444
f 624/2445 627/2446 628/2447 625/2448
f 625/2449 628/2450 627/2451 624/2452
f 625/2453 628/2454 629/2455 626/2456
f 626/2457 629/2458 628/2459 625/2460
f 627/2461 630/2462 631/2463 628/2464
f 628/2465 631/2466 630/2467 627/2468
f 628/2469 631/2470 632/2471 629/2472
f 629/2473 632/2474 631/2475 628/2476
f 630/2477 633/2478 634/2479 631/2480
f 631/2481 634/2482 633/2483 630/2484
f 631/2485 634/2486 635/2487 632/2488
f 632/2489 635/2490 634/2491 631/2492
f 633/2493 636/2494 637/2495 634/2496
f 634/2497 637/2498 636/2499 633/2500
f 634/2501 637/2502 638/2503 635/2504
f 635/2505 638/2506 637/2507 634/2508
f 639/2509 642/2510 643/2511 640/2512
f 640/2513 643/2514 642/2515 639/2516
f 640/2517 643/2518 644/2519 641/2520
f 641/2521 644/2522 643/2523 640/2524
f 642/2525 645/2526 646/2527 643/2528
f 643/2529 646/2530 645/2531 642/2532
f 643/2533 646/2534 647/2535 644/2536
f 644/2537 647/2538 646/2539 643/2540
f 645/2541 648/2542 649/2543 646/2544
f 646/2545 649/2546 648/2547 645/2548
f 646/2549 649/2550 650/2551 647/2552
f 647/2553 650/2554 649/2555 646/2556
f 648/2557 651/2558 652/2559 649/2560
f 649/2561 652/2562 651/2563 648/2564
f 649/2565 652/2566 653/2567 650/2568
f 650/2569 653/2570 652/2571 649/2572
f 651/2573 654/2574 655/2575 652/2576
f 652/2577 655/2578 654/2579 651/2580
f 652/2581 655/2582 656/2583 653/2584
f 653/2585 656/2586 655/2587 652/2588
f 654/2589 657/2590 658/2591 655/2592
f 655/2593 658/2594 657/2595 654/2596
f 655/2597 658/2598 659/2599 656/2600
f 656/2601 659/2602 658/2603 655/2604
f 660/2605 663/2606 664/2607 661/2608
f 661/2609 664/2610 663/2611 660/2612
f 661/2613 664/2614 665/2615 662/2616
f 662/2617 665/2618 664/2619 661/2620
f 663/2621 666/2622 667/2623 664/2624
f 664/2625 667/2626 666/2627 663/2628
f 664/2629 667/2630 668/2631 665/2632
f 665/2633 668/2634 667/2635 664/2636
f 666/2637 669/2638 670/2639 667/2640
f 667/2641 670/2642 669/2643 666/2644
f 667/2645 670/2646 671/2647 668/2648
f 668/2649 671/2650 670/2651 667/2652
f 669/2653 672/2654 673/2655 670/2656
f 670/2657 673/2658 672/2659 669/2660
f 670/2661 673/2662 674/2663 671/2664
f 671/2665 674/2666 673/2667 670/2668
f 672/2669 675/2670 676/2671 673/2672
f 673/2673 676/2674 675/2675 672/2676
f 673/2677 676/2678 677/2679 674/2680
f 674/2681 677/2682 676/2683 673/2684
f 675/2685 678/2686 679/2687 676/2688
f 676/2689 679/2690 678/2691 675/2692
f 676/2693 679/2694 680/2695 677/2696
f 677/2697 680/2698 679/2699 676/2700
f 681/2701 684/2702 685/2703 682/2704
f 682/2705 685/2706 684/2707 681/2708
f 682/2709 685/2710 686/2711 683/2712
f 683/2713 686/2714 685/2715 682/2716
f 684/2717 687/2718 688/2719 685/2720
f 685/2721 688/2722 687/2723 684/2724
f 685/2725 688/2726 689/2727 686/2728
f 686/2729 689/2730 688/2731 685/2732
f 687/2733 690/2734 691/2735 688/2736
f 688/2737 691/2738 690/2739 687/2740
f 688/2741 691/2742 692/2743 689/2744
f 689/2745 692/2746 691/2747 688/2748
f 690/2749 693/2750 694/2751 691/2752
f 691/2753 694/2754 693/2755 690/2756
f 691/2757 694/2758 695/2759 692/2760
f 692/2761 695/2762 694/2763 691/2764
f 693/2765 696/2766 697/2767 694/2768
f 694/2769 697/2770 696/2771 693/2772
f 694/2773 697/2774 698/2775 695/2776
f 695/2777 698/2778 697/2779 694/2780
f 696/2781 699/2782 700/2783 697/2784
f 697/2785 700/2786 699/2787 696/2788
f 697/2789 700/2790 701/2791 698/2792
f 698/2793 701/2794 700/2795 697/2796
f 702/2797 705/2798 706/2799 703/2800
f 703/2801 706/2802 705/2803 702/2804
f 703/2805 706/2806 707/2807 704/2808
f 704/2809 707/2810 706/2811 703/2812
f 705/2813 708/2814 709/2815 706/2816
f 706/2817 709/2818 708/2819 705/2820
f 706/2821 709/2822 710/2823 707/2824
f 707/2825 710/2826 709/2827 706/2828
f 708/2829 711/2830 712/2831 709/2832
f 709/2833 712/2834 711/2835 708/2836
f 709/2837 712/2838 713/2839 710/2840
f 710/2841 713/2842 712/2843 709/2844
f 711/2845 714/2846 715/2847 712/2848
f 712/2849 715/2850 714/2851 711/2852
f 712/2853 715/2854 716/2855 713/2856
f 713/2857 716/2858 715/2859 712/2860
f 714/2861 717/2862 718/2863 715/2864
f 715/2865 718/2866 717/2867 714/2868
f 715/2869 718/2870 719/2871 716/2872
f 716/2873 719/2874 718/2875 715/2876
f 717/2877 720/2878 721/2879 718/2880
f 718/2881 721/2882 720/2883 717/2884
f 718/2885 721/2886 722/2887 719/2888
f 719/2889 722/2890 721/2891 718/2892
f 723/2893 726/2894 727/2895 724/2896
f 724/2897 727/2898 726/2899 723/2900
f 724/2901 727/2902 728/2903 725/2904
f 725/2905 728/2906 727/2907 724/2908
f 726/2909 729/2910 730/2911 727/2912
f 727/2913 730/2914 729/2915 726/2916
f 727/2917 730/2918 731/2919 728/2920
f 728/2921 731/2922 730/2923 727/2924
f 729/2925 732/2926 733/2927 730/2928
f 730/2929 733/2930 732/2931 729/2932
f 730/2933 733/2934 734/2935 731/2936
f 731/2937 734/2938 733/2939 730/2940
f 732/2941 735/2942 736/2943 733/2944
f 733/2945 736/2946 735/2947 732/2948
f 733/2949 736/2950 737/2951 734/2952
f 734/2953 737/2954 736/2955 733/2956
f 735/2957 738/2958 739/2959 736/2960
f 736/2961 739/2962 738/2963 735/2964
f 736/2965 739/2966 740/2967 737/2968
f 737/2969 740/2970 739/2971 736/2972
f 738/2973 741/2974 742/2975 739/2976
f 739/2977 742/2978 741/2979 738/2980
f 739/2981 742/2982 743/2983 740/2984
f 740/2985 743/2986 742/2987 739/2988
f 744/2989 747/2990 748/2991 745/2992
f 745/2993 748/2994 747/2995 744/2996
f 745/2997 748/2998 749/2999 746/3000
f 746/3001 749/3002 748/3003 745/3004
f 747/3005 750/3006 751/3007 748/3008
f 748/3009 751/3010 750/3011 747/3012
f 748/3013 751/3014 752/3015 749/3016
f 749/3017 752/3018 751/3019 748/3020
f 750/3021 753/3022 754/3023 751/3024
f 751/3025 754/3026 753/3027 750/3028
f 751/3029 754/3030 755/3031 752/3032
f 752/3033 755/3034 754/3035 751/3036
f 753/3037 756/3038 757/3039 754/3040
f 754/3041 757/3042 756/3043 753/3044
f 754/3045 757/3046 758/3047 755/3048
f 755/3049 758/3050 757/3051 754/3052
f 756/3053 759/3054 760/3055 757/3056
f 757/3057 760/3058 759/3059 756/3060
f 757/3061 760/3062 761/3063 758/3064
f 758/3065 761/3066 760/3067 757/3068
f 759/3069 762/3070 763/3071 760/3072
f 760/3073 763/3074 762/3075 759/3076
f 760/3077 763/3078 764/3079 761/3080
f 761/3081 764/3082 763/3083 760/3084
f 765/3085 768/3086 769/3087 766/3088
f 766/3089 769/3090 768/3091 765/3092
f 766/3093 769/3094 770/3095 767/3096
f 767/3097 770/3098 769/3099 766/3100
f 768/3101 771/3102 772/3103 769/3104
f 769/3105 772/3106 771/3107 768/3108
f 769/3109 772/3110 773/3111 770/3112
f 770/3113 773/3114 772/3115 769/3116
f 771/3117 774/3118 775/3119 772/3120
f 772/3121 775/3122 774/3123 771/3124
f 772/3125 775/3126 776/3127 773/3128
f 773/3129 776/3130 775/3131 772/3132
f 774/3133 777/3134 778/3135 775/3136
f 775/3137 778/3138 777/3139 774/3140
f 775/3141 778/3142 779/3143 776/3144
f 776/3145 779/3146 778/3147 775/3148
f 777/3149 780/3150 781/3151 778/3152
f 778/3153 781/3154 780/3155 777/3156
f 778/3157 781/3158 782/3159 779/3160
f 779/3161 782/3162 781/3163 778/3164
f 780/3165 783/3166 784/3167 781/3168
f 781/3169 784/3170 783/3171 780/3172
f 781/3173 784/3174 785/3175 782/3176
f 782/3177 785/3178 784/3179 781/3180
f 786/3181 789/3182 790/3183 787/3184
f 787/3185 790/3186 789/3187 786/3188
f 787/3189 790/3190 791/3191 788/3192
f 788/3193 791/3194 790/3195 787/3196
f 789/3197 792/3198 793/3199 790/3200
f 790/3201 793/3202 792/3203 789/3204
f 790/3205 793/3206 794/3207 791/3208
f 791/3209 794/3210 793/3211 790/3212
f 792/3213 795/3214 796/3215 793/3216
f 793/3217 796/3218 795/3219 792/3220
f 793/3221 796/3222 797/3223 794/3224
f 794/3225 797/3226 796/3227 793/3228
f 795/3229 798/3230 799/3231 796/3232
f 796/3233 799/3234 798/3235 795/3236
f 796/3237 799/3238 800/3239 797/3240
f 797/3241 800/3242 799/3243 796/3244
f 798/3245 801/3246 802/3247 799/3248
f 799/3249 802/3250 801/3251 798/3252
f 799/3253 802/3254 803/3255 800/3256
f 800/3257 803/3258 802/3259 799/3260
f 801/3261 804/3262 805/3263 802/3264
f 802/3265 805/3266 804/3267 801/3268
f 802/3269 805/3270 806/3271 803/3272
f 803/3273 806/3274 805/3275 802/3276
f 807/3277 810/3278 811/3279 808/3280
f 808/3281 811/3282 810/3283 807/3284
f 808/3285 811/3286 812/3287 809/3288
f 809/3289 812/3290 811/3291 808/3292
f 810/3293 813/3294 814/3295 811/3296
f 811/3297 814/3298 813/3299 810/3300
f 811/3301 814/3302 815/3303 812/3304
f 812/3305 815/3306 814/3307 811/3308
f 813/3309 816/3310 817/3311 814/3312
f 814/3313 817/3314 816/3315 813/3316
f 814/3317 817/3318 818/3319 815/3320
f 815/3321 818/3322 817/3323 814/3324
f 816/3325 819/3326 820/3327 817/3328
f 817/3329 820/3330 819/3331 816/3332
f 817/3333 820/3334 821/3335 818/3336
f 818/3337 821/3338 820/3339 817/3340
f 819/3341 822/3342 823/3343 820/3344
f 820/3345 823/3346 822/3347 819/3348
f 820/3349 823/3350 824/3351 821/3352
f 821/3353 824/3354 823/3355 820/3356
f 822/3357 825/3358 826/3359 823/3360
f 823/3361 826/3362 825/3363 822/3364
f 823/3365 826/3366 827/3367 824/3368
f 824/3369 827/3370 826/3371 823/3372
f 828/3373 831/3374 832/3375 829/3376
f 829/3377 832/3378 831/3379 828/3380
f 829/3381 832/3382 833/3383 830/3384
f 830/3385 833/3386 832/3387 829/3388
f 831/3389 834/3390 835/3391 832/3392
f 832/3393 835/3394 834/3395 831/3396
f 832/3397 835/3398 836/3399 833/3400
f 833/3401 836/3402 835/3403 832/3404
f 834/3405 837/3406 838/3407 835/3408
f 835/3409 838/3410 837/3411 834/3412
f 835/3413 838/3414 839/3415 836/3416
f 836/3417 839/3418 838/3419 835/3420
f 837/3421 840/3422 841/3423 838/3424
f 838/3425 841/3426 840/3427 837/3428
f 838/3429 841/3430 842/3431 839/3432
f 839/3433 842/3434 841/3435 838/3436
f 840/3437 843/3438 844/3439 841/3440
f 841/3441 844/3442 843/3443 840/3444
f 841/3445 844/3446 845/3447 842/3448
f 842/3449 845/3450 844/3451 841/3452
f 843/3453 846/3454 847/3455 844/3456
f 844/3457 847/3458 846/3459 843/3460
f 844/3461 847/3462 848/3463 845/3464
f 845/3465 848/3466 847/3467 844/3468
f 849/3469 852/3470 853/3471 850/3472
f 850/3473 853/3474 852/3475 849/3476
f 850/3477 853/3478 854/3479 851/3480
f 851/3481 854/3482 853/3483 850/3484
f 852/3485 855/3486 856/3487 853/3488
f 853/3489 856/3490 855/3491 852/3492
f 853/3493 856/3494 857/3495 854/3496
f 854/3497 857/3498 856/3499 853/3500
f 855/3501 858/3502 859/3503 856/3504
f 856/3505 859/3506 858/3507 855/3508
f 856/3509 859/3510 860/3511 857/3512
f 857/3513 860/3514 859/3515 856/3516
f 858/3517 861/3518 862/3519 859/3520
f 859/3521 862/3522 861/3523 858/3524
f 859/3525 862/3526 863/3527 860/3528
f 860/3529 863/3530 862/3531 859/3532
f 861/3533 864/3534 865/3535 862/3536
f 862/3537 865/3538 864/3539 861/3540
f 862/3541 865/3542 866/3543 863/3544
f 863/3545 866/3546 865/3547 862/3548
f 864/3549 867/3550 868/3551 865/3552
f 865/3553 868/3554 867/3555 864/3556
f 865/3557 868/3558 869/3559 866/3560
f 866/3561 869/3562 868/3563 865/3564
f 870/3565 873/3566 874/3567 871/3568
f 871/3569 874/3570 873/3571 870/3572
f 871/3573 874/3574 875/3575 872/3576
f 872/3577 875/3578 874/3579 871/3580
f 873/3581 876/3582 877/3583 874/3584
f 874/3585 877/3586 876/3587 873/3588
f 874/3589 877/3590 878/3591 875/3592
f 875/3593 878/3594 877/3595 874/3596
f 876/3597 879/3598 880/3599 877/3600
f 877/3601 880/3602 879/3603 876/3604
f 877/3605 880/3606 881/3607 878/3608
f 878/3609 881/3610 880/3611 877/3612
f 879/3613 882/3614 883/3615 880/3616
f 880/3617 883/3618 882/3619 879/3620
f 880/3621 883/3622 884/3623 881/3624
f 881/3625 884/3626 883/3627 880/3628
f 882/3629 885/3630 886/3631 883/3632
f 883/3633 886/3634 885/3635 882/3636
f 883/3637 886/3638 887/3639 884/3640
f 884/3641 887/3642 886/3643 883/3644
f 885/3645 888/3646 889/3647 886/3648
f 886/3649 889/3650 888/3651 885/3652
f 886/3653 889/3654 890/3655 887/3656
f 887/3657 890/3658 889/3659 886/3660
f 891/3661 894/3662 895/3663 892/3664
f 892/3665 895/3666 894/3667 891/3668
f 892/3669 895/3670 896/3671 893/3672
f 893/3673 896/3674 895/3675 892/3676
f 894/3677 897/3678 898/3679 895/3680
f 895/3681 898/3682 897/3683 894/3684
f 895/3685 898/3686 899/3687 896/3688
f 896/3689 899/3690 898/3691 895/3692
f 897/3693 900/3694 901/3695 898/3696
f 898/3697 901/3698 900/3699 897/3700
f 898/3701 901/3702 902/3703 899/3704
f 899/3705 902/3706 901/3707 898/3708
f 900/3709 903/3710 904/3711 901/3712
f 901/3713 904/3714 903/3715 900/3716
f 901/3717 904/3718 905/3719 902/3720
f 902/3721 905/3722 904/3723 901/3724
f 903/3725 906/3726 907/3727 904/3728
f 904/3729 907/3730 906/3731 903/3732
f 904/3733 907/3734 908/3735 905/3736
f 905/3737 908/3738 907/3739 904/3740
f 906/3741 909/3742 910/3743 907/3744
f 907/3745 910/3746 909/3747 906/3748
f 907/3749 910/3750 911/3751 908/3752
f 908/3753 911/3754 910/3755 907/3756
f 912/3757 915/3758 916/3759 913/3760
f 913/3761 916/3762 915/3763 912/3764
f 913/3765 916/3766 917/3767 914/3768
f 914/3769 917/3770 916/3771 913/3772
f 915/3773 918/3774 919/3775 916/3776
f 916/3777 919/3778 918/3779 915/3780
f 916/3781 919/3782 920/3783 917/3784
f 917/3785 920/3786 919/3787 916/3788
f 918/3789 921/3790 922/3791 919/3792
f 919/3793 922/3794 921/3795 918/3796
f 919/3797 922/3798 923/3799 920/3800
f 920/3801 923/3802 922/3803 919/3804
f 921/3805 924/3806 925/3807 922/3808
f 922/3809 925/3810 924/3811 921/3812
f 922/3813 925/3814 926/3815 923/3816
f 923/3817 926/3818 925/3819 922/3820
f 924/3821 927/3822 928/3823 925/3824
f 925/3825 928/3826 927/3827 924/3828
f 925/3829 928/3830 929/3831 926/3832
f 926/3833 929/3834 928/3835 925/3836
f 927/3837 930/3838 931/3839 928/3840
f 928/3841 931/3842 930/3843 927/3844
f 928/3845 931/3846 932/3847 929/3848
f 929/3849 932/3850 931/3851 928/3852
f 933/3853 936/3854 937/3855 934/3856
f 934/3857 937/3858 936/3859 933/3860
f 934/3861 937/3862 938/3863 935/3864
f 935/3865 938/3866 937/3867 934/3868
f 936/3869 939/3870 940/3871 937/3872
f 937/3873 940/3874 939/3875 936/3876
f 937/3877 940/3878 941/3879 938/3880
f 938/3881 941/3882 940/3883 937/3884
f 939/3885 942/3886 943/3887 940/3888
f 940/3889 943/3890 942/3891 939/3892
f 940/3893 943/3894 944/3895 941/3896
f 941/3897 944/3898 943/3899 940/3900
f 942/3901 945/3902 946/3903 943/3904
f 943/3905 946/3906 945/3907 942/3908
f 943/3909 946/3910 947/3911 944/3912
f 944/3913 947/3914 946/3915 943/3916
f 945/3917 948/3918 949/3919 946/3920
f 946/3921 949/3922 948/3923 945/3924
f 946/3925 949/3926 950/3927 947/3928
f 947/3929 950/3930 949/3931 946/3932
f 948/3933 951/3934 952/3935 949/3936
f 949/3937 952/3938 951/3939 948/3940
f 949/3941 952/3942 953/3943 950/3944
f 950/3945 953/3946 952/3947 949/3948
f 954/3949 957/3950 958/3951 955/3952
f 955/3953 958/3954 957/3955 954/3956
f 955/3957 958/3958 959/3959 956/3960
f 956/3961 959/3962 958/3963 955/3964
f 957/3965 960/3966 961/3967 958/3968
f 958/3969 961/3970 960/3971 957/3972
f 958/3973 961/3974 962/3975 959/3976
f 959/3977 962/3978 961/3979 958/3980
f 960/3981 963/3982 964/3983 961/3984
f 961/3985 964/3986 963/3987 960/3988
f 961/3989 964/3990 965/3991 962/3992
f 962/3993 965/3994 964/3995 961/3996
f 963/3997 966/3998 967/3999 964/4000
f 964/4001 967/4002 966/4003 963/4004
f 964/4005 967/4006 968/4007 965/4008
f 965/4009 968/4010 967/4011 964/4012
f 966/4013 969/4014 970/4015 967/4016
f 967/4017 970/4018 969/4019 966/4020
f 967/4021 970/4022 971/4023 968/4024
f 968/4025 971/4026 970/4027 967/4028
f 969/4029 972/4030 973/4031 970/4032
f 970/4033 973/4034 972/4035 969/4036
f 970/4037 973/4038 974/4039 971/4040
f 971/4041 974/4042 973/4043 970/4044
f 975/4045 978/4046 979/4047 976/4048
f 976/4049 979/4050 978/4051 975/4052
f 976/4053 979/4054 980/4055 977/4056
f 977/4057 980/4058 979/4059 976/4060
f 978/4061 981/4062 982/4063 979/4064
f 979/4065 982/4066 981/4067 978/4068
f 979/4069 982/4070 983/4071 980/4072
f 980/4073 983/4074 982/4075 979/4076
f 981/4077 984/4078 985/4079 982/4080
f 982/4081 985/4082 984/4083 981/4084
f 982/4085 985/4086 986/4087 983/4088
f 983/4089 986/4090 985/4091 982/4092
f 984/4093 987/4094 988/4095 985/4096
f 985/4097 988/4098 987/4099 984/4100
f 985/4101 988/4102 989/4103 986/4104
f 986/4105 989/4106 988/4107 985/4108
f 987/4109 990/4110 991/4111 988/4112
f 988/4113 991/4114 990/4115 987/4116
f 988/4117 991/4118 992/4119 989/4120
f 989/4121 992/4122 991/4123 988/4124
f 990/4125 993/4126 994/4127 991/4128
f 991/4129 994/4130 993/4131 990/4132
f 991/4133 994/4134 995/4135 992/4136
f 992/4137 995/4138 994/4139 991/4140
f 996/4141 999/4142 1000/4143 997/4144
f 997/4145 1000/4146 999/4147 996/4148
f 997/4149 1000/4150 1001/4151 998/4152
f 998/4153 1001/4154 1000/4155 997/4156
f 999/4157 1002/4158 1003/4159 1000/4160
f 1000/4161 1003/4162 1002/4163 999/4164
f 1000/4165 1003/4166 1004/4167 1001/4168
f 1001/4169 1004/4170 1003/4171 1000/4172
f 1002/4173 1005/4174 1006/4175 1003/4176
f 1003/4177 1006/4178 1005/4179 1002/4180
f 1003/4181 1006/4182 1007/4183 1004/4184
f 1004/4185 1007/4186 1006/4187 1003/4188
f 1005/4189 1008/4190 1009/4191 1006/4192
f 1006/4193 1009/4194 1008/4195 1005/4196
f 1006/4197 1009/4198 1010/4199 1007/4200
f 1007/4201 1010/4202 1009/4203 1006/4204
f 1008/4205 1011/4206 1012/4207 1009/4208
f 1009/4209 1012/4210 1011/4211 1008/4212
f 1009/4213 1012/4214 1013/4215 1010/4216
f 1010/4217 1013/4218 1012/4219 1009/4220
f 1011/4221 1014/4222 1015/4223 1012/4224
f 1012/4225 1015/4226 1014/4227 1011/4228
f 1012/4229 1015/4230 1016/4231 1013/4232
f 1013/4233 1016/4234 1015/4235 1012/4236
usemtl M_Dracaena_Cane
s 1
f 1026/4237 1025/4238 1024/4239 1023/4240 1022/4241 1021/4242 1020/4243 1019/4244 1018/4245 1017/4246
f 1027/4247 1028/4248 1029/4249 1030/4250 1031/4251 1032/4252 1033/4253 1034/4254 1035/4255 1036/4256
f 1017/4257 1018/4258 1028/4259 1027/4260
f 1018/4261 1019/4262 1029/4263 1028/4264
f 1019/4265 1020/4266 1030/4267 1029/4268
f 1020/4269 1021/4270 1031/4271 1030/4272
f 1021/4273 1022/4274 1032/4275 1031/4276
f 1022/4277 1023/4278 1033/4279 1032/4280
f 1023/4281 1024/4282 1034/4283 1033/4284
f 1024/4285 1025/4286 1035/4287 1034/4288
f 1025/4289 1026/4290 1036/4291 1035/4292
f 1026/4293 1017/4294 1027/4295 1036/4296
usemtl M_Dracaena_LeafScar
s 1
f 1046/4297 1045/4298 1044/4299 1043/4300 1042/4301 1041/4302 1040/4303 1039/4304 1038/4305 1037/4306
f 1047/4307 1048/4308 1049/4309 1050/4310 1051/4311 1052/4312 1053/4313 1054/4314 1055/4315 1056/4316
f 1037/4317 1038/4318 1048/4319 1047/4320
f 1038/4321 1039/4322 1049/4323 1048/4324
f 1039/4325 1040/4326 1050/4327 1049/4328
f 1040/4329 1041/4330 1051/4331 1050/4332
f 1041/4333 1042/4334 1052/4335 1051/4336
f 1042/4337 1043/4338 1053/4339 1052/4340
f 1043/4341 1044/4342 1054/4343 1053/4344
f 1044/4345 1045/4346 1055/4347 1054/4348
f 1045/4349 1046/4350 1056/4351 1055/4352
f 1046/4353 1037/4354 1047/4355 1056/4356
f 1066/4357 1065/4358 1064/4359 1063/4360 1062/4361 1061/4362 1060/4363 1059/4364 1058/4365 1057/4366
f 1067/4367 1068/4368 1069/4369 1070/4370 1071/4371 1072/4372 1073/4373 1074/4374 1075/4375 1076/4376
f 1057/4377 1058/4378 1068/4379 1067/4380
f 1058/4381 1059/4382 1069/4383 1068/4384
f 1059/4385 1060/4386 1070/4387 1069/4388
f 1060/4389 1061/4390 1071/4391 1070/4392
f 1061/4393 1062/4394 1072/4395 1071/4396
f 1062/4397 1063/4398 1073/4399 1072/4400
f 1063/4401 1064/4402 1074/4403 1073/4404
f 1064/4405 1065/4406 1075/4407 1074/4408
f 1065/4409 1066/4410 1076/4411 1075/4412
f 1066/4413 1057/4414 1067/4415 1076/4416
f 1086/4417 1085/4418 1084/4419 1083/4420 1082/4421 1081/4422 1080/4423 1079/4424 1078/4425 1077/4426
f 1087/4427 1088/4428 1089/4429 1090/4430 1091/4431 1092/4432 1093/4433 1094/4434 1095/4435 1096/4436
f 1077/4437 1078/4438 1088/4439 1087/4440
f 1078/4441 1079/4442 1089/4443 1088/4444
f 1079/4445 1080/4446 1090/4447 1089/4448
f 1080/4449 1081/4450 1091/4451 1090/4452
f 1081/4453 1082/4454 1092/4455 1091/4456
f 1082/4457 1083/4458 1093/4459 1092/4460
f 1083/4461 1084/4462 1094/4463 1093/4464
f 1084/4465 1085/4466 1095/4467 1094/4468
f 1085/4469 1086/4470 1096/4471 1095/4472
f 1086/4473 1077/4474 1087/4475 1096/4476
f 1106/4477 1105/4478 1104/4479 1103/4480 1102/4481 1101/4482 1100/4483 1099/4484 1098/4485 1097/4486
f 1107/4487 1108/4488 1109/4489 1110/4490 1111/4491 1112/4492 1113/4493 1114/4494 1115/4495 1116/4496
f 1097/4497 1098/4498 1108/4499 1107/4500
f 1098/4501 1099/4502 1109/4503 1108/4504
f 1099/4505 1100/4506 1110/4507 1109/4508
f 1100/4509 1101/4510 1111/4511 1110/4512
f 1101/4513 1102/4514 1112/4515 1111/4516
f 1102/4517 1103/4518 1113/4519 1112/4520
f 1103/4521 1104/4522 1114/4523 1113/4524
f 1104/4525 1105/4526 1115/4527 1114/4528
f 1105/4529 1106/4530 1116/4531 1115/4532
f 1106/4533 1097/4534 1107/4535 1116/4536
f 1126/4537 1125/4538 1124/4539 1123/4540 1122/4541 1121/4542 1120/4543 1119/4544 1118/4545 1117/4546
f 1127/4547 1128/4548 1129/4549 1130/4550 1131/4551 1132/4552 1133/4553 1134/4554 1135/4555 1136/4556
f 1117/4557 1118/4558 1128/4559 1127/4560
f 1118/4561 1119/4562 1129/4563 1128/4564
f 1119/4565 1120/4566 1130/4567 1129/4568
f 1120/4569 1121/4570 1131/4571 1130/4572
f 1121/4573 1122/4574 1132/4575 1131/4576
f 1122/4577 1123/4578 1133/4579 1132/4580
f 1123/4581 1124/4582 1134/4583 1133/4584
f 1124/4585 1125/4586 1135/4587 1134/4588
f 1125/4589 1126/4590 1136/4591 1135/4592
f 1126/4593 1117/4594 1127/4595 1136/4596
f 1146/4597 1145/4598 1144/4599 1143/4600 1142/4601 1141/4602 1140/4603 1139/4604 1138/4605 1137/4606
f 1147/4607 1148/4608 1149/4609 1150/4610 1151/4611 1152/4612 1153/4613 1154/4614 1155/4615 1156/4616
f 1137/4617 1138/4618 1148/4619 1147/4620
f 1138/4621 1139/4622 1149/4623 1148/4624
f 1139/4625 1140/4626 1150/4627 1149/4628
f 1140/4629 1141/4630 1151/4631 1150/4632
f 1141/4633 1142/4634 1152/4635 1151/4636
f 1142/4637 1143/4638 1153/4639 1152/4640
f 1143/4641 1144/4642 1154/4643 1153/4644
f 1144/4645 1145/4646 1155/4647 1154/4648
f 1145/4649 1146/4650 1156/4651 1155/4652
f 1146/4653 1137/4654 1147/4655 1156/4656
usemtl M_Dracaena_Leaf
s 1
f 1157/4657 1160/4658 1161/4659 1158/4660
f 1158/4661 1161/4662 1160/4663 1157/4664
f 1158/4665 1161/4666 1162/4667 1159/4668
f 1159/4669 1162/4670 1161/4671 1158/4672
f 1160/4673 1163/4674 1164/4675 1161/4676
f 1161/4677 1164/4678 1163/4679 1160/4680
f 1161/4681 1164/4682 1165/4683 1162/4684
f 1162/4685 1165/4686 1164/4687 1161/4688
f 1163/4689 1166/4690 1167/4691 1164/4692
f 1164/4693 1167/4694 1166/4695 1163/4696
f 1164/4697 1167/4698 1168/4699 1165/4700
f 1165/4701 1168/4702 1167/4703 1164/4704
f 1166/4705 1169/4706 1170/4707 1167/4708
f 1167/4709 1170/4710 1169/4711 1166/4712
f 1167/4713 1170/4714 1171/4715 1168/4716
f 1168/4717 1171/4718 1170/4719 1167/4720
f 1169/4721 1172/4722 1173/4723 1170/4724
f 1170/4725 1173/4726 1172/4727 1169/4728
f 1170/4729 1173/4730 1174/4731 1171/4732
f 1171/4733 1174/4734 1173/4735 1170/4736
f 1172/4737 1175/4738 1176/4739 1173/4740
f 1173/4741 1176/4742 1175/4743 1172/4744
f 1173/4745 1176/4746 1177/4747 1174/4748
f 1174/4749 1177/4750 1176/4751 1173/4752
f 1178/4753 1181/4754 1182/4755 1179/4756
f 1179/4757 1182/4758 1181/4759 1178/4760
f 1179/4761 1182/4762 1183/4763 1180/4764
f 1180/4765 1183/4766 1182/4767 1179/4768
f 1181/4769 1184/4770 1185/4771 1182/4772
f 1182/4773 1185/4774 1184/4775 1181/4776
f 1182/4777 1185/4778 1186/4779 1183/4780
f 1183/4781 1186/4782 1185/4783 1182/4784
f 1184/4785 1187/4786 1188/4787 1185/4788
f 1185/4789 1188/4790 1187/4791 1184/4792
f 1185/4793 1188/4794 1189/4795 1186/4796
f 1186/4797 1189/4798 1188/4799 1185/4800
f 1187/4801 1190/4802 1191/4803 1188/4804
f 1188/4805 1191/4806 1190/4807 1187/4808
f 1188/4809 1191/4810 1192/4811 1189/4812
f 1189/4813 1192/4814 1191/4815 1188/4816
f 1190/4817 1193/4818 1194/4819 1191/4820
f 1191/4821 1194/4822 1193/4823 1190/4824
f 1191/4825 1194/4826 1195/4827 1192/4828
f 1192/4829 1195/4830 1194/4831 1191/4832
f 1193/4833 1196/4834 1197/4835 1194/4836
f 1194/4837 1197/4838 1196/4839 1193/4840
f 1194/4841 1197/4842 1198/4843 1195/4844
f 1195/4845 1198/4846 1197/4847 1194/4848
f 1199/4849 1202/4850 1203/4851 1200/4852
f 1200/4853 1203/4854 1202/4855 1199/4856
f 1200/4857 1203/4858 1204/4859 1201/4860
f 1201/4861 1204/4862 1203/4863 1200/4864
f 1202/4865 1205/4866 1206/4867 1203/4868
f 1203/4869 1206/4870 1205/4871 1202/4872
f 1203/4873 1206/4874 1207/4875 1204/4876
f 1204/4877 1207/4878 1206/4879 1203/4880
f 1205/4881 1208/4882 1209/4883 1206/4884
f 1206/4885 1209/4886 1208/4887 1205/4888
f 1206/4889 1209/4890 1210/4891 1207/4892
f 1207/4893 1210/4894 1209/4895 1206/4896
f 1208/4897 1211/4898 1212/4899 1209/4900
f 1209/4901 1212/4902 1211/4903 1208/4904
f 1209/4905 1212/4906 1213/4907 1210/4908
f 1210/4909 1213/4910 1212/4911 1209/4912
f 1211/4913 1214/4914 1215/4915 1212/4916
f 1212/4917 1215/4918 1214/4919 1211/4920
f 1212/4921 1215/4922 1216/4923 1213/4924
f 1213/4925 1216/4926 1215/4927 1212/4928
f 1214/4929 1217/4930 1218/4931 1215/4932
f 1215/4933 1218/4934 1217/4935 1214/4936
f 1215/4937 1218/4938 1219/4939 1216/4940
f 1216/4941 1219/4942 1218/4943 1215/4944
f 1220/4945 1223/4946 1224/4947 1221/4948
f 1221/4949 1224/4950 1223/4951 1220/4952
f 1221/4953 1224/4954 1225/4955 1222/4956
f 1222/4957 1225/4958 1224/4959 1221/4960
f 1223/4961 1226/4962 1227/4963 1224/4964
f 1224/4965 1227/4966 1226/4967 1223/4968
f 1224/4969 1227/4970 1228/4971 1225/4972
f 1225/4973 1228/4974 1227/4975 1224/4976
f 1226/4977 1229/4978 1230/4979 1227/4980
f 1227/4981 1230/4982 1229/4983 1226/4984
f 1227/4985 1230/4986 1231/4987 1228/4988
f 1228/4989 1231/4990 1230/4991 1227/4992
f 1229/4993 1232/4994 1233/4995 1230/4996
f 1230/4997 1233/4998 1232/4999 1229/5000
f 1230/5001 1233/5002 1234/5003 1231/5004
f 1231/5005 1234/5006 1233/5007 1230/5008
f 1232/5009 1235/5010 1236/5011 1233/5012
f 1233/5013 1236/5014 1235/5015 1232/5016
f 1233/5017 1236/5018 1237/5019 1234/5020
f 1234/5021 1237/5022 1236/5023 1233/5024
f 1235/5025 1238/5026 1239/5027 1236/5028
f 1236/5029 1239/5030 1238/5031 1235/5032
f 1236/5033 1239/5034 1240/5035 1237/5036
f 1237/5037 1240/5038 1239/5039 1236/5040
f 1241/5041 1244/5042 1245/5043 1242/5044
f 1242/5045 1245/5046 1244/5047 1241/5048
f 1242/5049 1245/5050 1246/5051 1243/5052
f 1243/5053 1246/5054 1245/5055 1242/5056
f 1244/5057 1247/5058 1248/5059 1245/5060
f 1245/5061 1248/5062 1247/5063 1244/5064
f 1245/5065 1248/5066 1249/5067 1246/5068
f 1246/5069 1249/5070 1248/5071 1245/5072
f 1247/5073 1250/5074 1251/5075 1248/5076
f 1248/5077 1251/5078 1250/5079 1247/5080
f 1248/5081 1251/5082 1252/5083 1249/5084
f 1249/5085 1252/5086 1251/5087 1248/5088
f 1250/5089 1253/5090 1254/5091 1251/5092
f 1251/5093 1254/5094 1253/5095 1250/5096
f 1251/5097 1254/5098 1255/5099 1252/5100
f 1252/5101 1255/5102 1254/5103 1251/5104
f 1253/5105 1256/5106 1257/5107 1254/5108
f 1254/5109 1257/5110 1256/5111 1253/5112
f 1254/5113 1257/5114 1258/5115 1255/5116
f 1255/5117 1258/5118 1257/5119 1254/5120
f 1256/5121 1259/5122 1260/5123 1257/5124
f 1257/5125 1260/5126 1259/5127 1256/5128
f 1257/5129 1260/5130 1261/5131 1258/5132
f 1258/5133 1261/5134 1260/5135 1257/5136
f 1262/5137 1265/5138 1266/5139 1263/5140
f 1263/5141 1266/5142 1265/5143 1262/5144
f 1263/5145 1266/5146 1267/5147 1264/5148
f 1264/5149 1267/5150 1266/5151 1263/5152
f 1265/5153 1268/5154 1269/5155 1266/5156
f 1266/5157 1269/5158 1268/5159 1265/5160
f 1266/5161 1269/5162 1270/5163 1267/5164
f 1267/5165 1270/5166 1269/5167 1266/5168
f 1268/5169 1271/5170 1272/5171 1269/5172
f 1269/5173 1272/5174 1271/5175 1268/5176
f 1269/5177 1272/5178 1273/5179 1270/5180
f 1270/5181 1273/5182 1272/5183 1269/5184
f 1271/5185 1274/5186 1275/5187 1272/5188
f 1272/5189 1275/5190 1274/5191 1271/5192
f 1272/5193 1275/5194 1276/5195 1273/5196
f 1273/5197 1276/5198 1275/5199 1272/5200
f 1274/5201 1277/5202 1278/5203 1275/5204
f 1275/5205 1278/5206 1277/5207 1274/5208
f 1275/5209 1278/5210 1279/5211 1276/5212
f 1276/5213 1279/5214 1278/5215 1275/5216
f 1277/5217 1280/5218 1281/5219 1278/5220
f 1278/5221 1281/5222 1280/5223 1277/5224
f 1278/5225 1281/5226 1282/5227 1279/5228
f 1279/5229 1282/5230 1281/5231 1278/5232
f 1283/5233 1286/5234 1287/5235 1284/5236
f 1284/5237 1287/5238 1286/5239 1283/5240
f 1284/5241 1287/5242 1288/5243 1285/5244
f 1285/5245 1288/5246 1287/5247 1284/5248
f 1286/5249 1289/5250 1290/5251 1287/5252
f 1287/5253 1290/5254 1289/5255 1286/5256
f 1287/5257 1290/5258 1291/5259 1288/5260
f 1288/5261 1291/5262 1290/5263 1287/5264
f 1289/5265 1292/5266 1293/5267 1290/5268
f 1290/5269 1293/5270 1292/5271 1289/5272
f 1290/5273 1293/5274 1294/5275 1291/5276
f 1291/5277 1294/5278 1293/5279 1290/5280
f 1292/5281 1295/5282 1296/5283 1293/5284
f 1293/5285 1296/5286 1295/5287 1292/5288
f 1293/5289 1296/5290 1297/5291 1294/5292
f 1294/5293 1297/5294 1296/5295 1293/5296
f 1295/5297 1298/5298 1299/5299 1296/5300
f 1296/5301 1299/5302 1298/5303 1295/5304
f 1296/5305 1299/5306 1300/5307 1297/5308
f 1297/5309 1300/5310 1299/5311 1296/5312
f 1298/5313 1301/5314 1302/5315 1299/5316
f 1299/5317 1302/5318 1301/5319 1298/5320
f 1299/5321 1302/5322 1303/5323 1300/5324
f 1300/5325 1303/5326 1302/5327 1299/5328
f 1304/5329 1307/5330 1308/5331 1305/5332
f 1305/5333 1308/5334 1307/5335 1304/5336
f 1305/5337 1308/5338 1309/5339 1306/5340
f 1306/5341 1309/5342 1308/5343 1305/5344
f 1307/5345 1310/5346 1311/5347 1308/5348
f 1308/5349 1311/5350 1310/5351 1307/5352
f 1308/5353 1311/5354 1312/5355 1309/5356
f 1309/5357 1312/5358 1311/5359 1308/5360
f 1310/5361 1313/5362 1314/5363 1311/5364
f 1311/5365 1314/5366 1313/5367 1310/5368
f 1311/5369 1314/5370 1315/5371 1312/5372
f 1312/5373 1315/5374 1314/5375 1311/5376
f 1313/5377 1316/5378 1317/5379 1314/5380
f 1314/5381 1317/5382 1316/5383 1313/5384
f 1314/5385 1317/5386 1318/5387 1315/5388
f 1315/5389 1318/5390 1317/5391 1314/5392
f 1316/5393 1319/5394 1320/5395 1317/5396
f 1317/5397 1320/5398 1319/5399 1316/5400
f 1317/5401 1320/5402 1321/5403 1318/5404
f 1318/5405 1321/5406 1320/5407 1317/5408
f 1319/5409 1322/5410 1323/5411 1320/5412
f 1320/5413 1323/5414 1322/5415 1319/5416
f 1320/5417 1323/5418 1324/5419 1321/5420
f 1321/5421 1324/5422 1323/5423 1320/5424
f 1325/5425 1328/5426 1329/5427 1326/5428
f 1326/5429 1329/5430 1328/5431 1325/5432
f 1326/5433 1329/5434 1330/5435 1327/5436
f 1327/5437 1330/5438 1329/5439 1326/5440
f 1328/5441 1331/5442 1332/5443 1329/5444
f 1329/5445 1332/5446 1331/5447 1328/5448
f 1329/5449 1332/5450 1333/5451 1330/5452
f 1330/5453 1333/5454 1332/5455 1329/5456
f 1331/5457 1334/5458 1335/5459 1332/5460
f 1332/5461 1335/5462 1334/5463 1331/5464
f 1332/5465 1335/5466 1336/5467 1333/5468
f 1333/5469 1336/5470 1335/5471 1332/5472
f 1334/5473 1337/5474 1338/5475 1335/5476
f 1335/5477 1338/5478 1337/5479 1334/5480
f 1335/5481 1338/5482 1339/5483 1336/5484
f 1336/5485 1339/5486 1338/5487 1335/5488
f 1337/5489 1340/5490 1341/5491 1338/5492
f 1338/5493 1341/5494 1340/5495 1337/5496
f 1338/5497 1341/5498 1342/5499 1339/5500
f 1339/5501 1342/5502 1341/5503 1338/5504
f 1340/5505 1343/5506 1344/5507 1341/5508
f 1341/5509 1344/5510 1343/5511 1340/5512
f 1341/5513 1344/5514 1345/5515 1342/5516
f 1342/5517 1345/5518 1344/5519 1341/5520
f 1346/5521 1349/5522 1350/5523 1347/5524
f 1347/5525 1350/5526 1349/5527 1346/5528
f 1347/5529 1350/5530 1351/5531 1348/5532
f 1348/5533 1351/5534 1350/5535 1347/5536
f 1349/5537 1352/5538 1353/5539 1350/5540
f 1350/5541 1353/5542 1352/5543 1349/5544
f 1350/5545 1353/5546 1354/5547 1351/5548
f 1351/5549 1354/5550 1353/5551 1350/5552
f 1352/5553 1355/5554 1356/5555 1353/5556
f 1353/5557 1356/5558 1355/5559 1352/5560
f 1353/5561 1356/5562 1357/5563 1354/5564
f 1354/5565 1357/5566 1356/5567 1353/5568
f 1355/5569 1358/5570 1359/5571 1356/5572
f 1356/5573 1359/5574 1358/5575 1355/5576
f 1356/5577 1359/5578 1360/5579 1357/5580
f 1357/5581 1360/5582 1359/5583 1356/5584
f 1358/5585 1361/5586 1362/5587 1359/5588
f 1359/5589 1362/5590 1361/5591 1358/5592
f 1359/5593 1362/5594 1363/5595 1360/5596
f 1360/5597 1363/5598 1362/5599 1359/5600
f 1361/5601 1364/5602 1365/5603 1362/5604
f 1362/5605 1365/5606 1364/5607 1361/5608
f 1362/5609 1365/5610 1366/5611 1363/5612
f 1363/5613 1366/5614 1365/5615 1362/5616
f 1367/5617 1370/5618 1371/5619 1368/5620
f 1368/5621 1371/5622 1370/5623 1367/5624
f 1368/5625 1371/5626 1372/5627 1369/5628
f 1369/5629 1372/5630 1371/5631 1368/5632
f 1370/5633 1373/5634 1374/5635 1371/5636
f 1371/5637 1374/5638 1373/5639 1370/5640
f 1371/5641 1374/5642 1375/5643 1372/5644
f 1372/5645 1375/5646 1374/5647 1371/5648
f 1373/5649 1376/5650 1377/5651 1374/5652
f 1374/5653 1377/5654 1376/5655 1373/5656
f 1374/5657 1377/5658 1378/5659 1375/5660
f 1375/5661 1378/5662 1377/5663 1374/5664
f 1376/5665 1379/5666 1380/5667 1377/5668
f 1377/5669 1380/5670 1379/5671 1376/5672
f 1377/5673 1380/5674 1381/5675 1378/5676
f 1378/5677 1381/5678 1380/5679 1377/5680
f 1379/5681 1382/5682 1383/5683 1380/5684
f 1380/5685 1383/5686 1382/5687 1379/5688
f 1380/5689 1383/5690 1384/5691 1381/5692
f 1381/5693 1384/5694 1383/5695 1380/5696
f 1382/5697 1385/5698 1386/5699 1383/5700
f 1383/5701 1386/5702 1385/5703 1382/5704
f 1383/5705 1386/5706 1387/5707 1384/5708
f 1384/5709 1387/5710 1386/5711 1383/5712
f 1388/5713 1391/5714 1392/5715 1389/5716
f 1389/5717 1392/5718 1391/5719 1388/5720
f 1389/5721 1392/5722 1393/5723 1390/5724
f 1390/5725 1393/5726 1392/5727 1389/5728
f 1391/5729 1394/5730 1395/5731 1392/5732
f 1392/5733 1395/5734 1394/5735 1391/5736
f 1392/5737 1395/5738 1396/5739 1393/5740
f 1393/5741 1396/5742 1395/5743 1392/5744
f 1394/5745 1397/5746 1398/5747 1395/5748
f 1395/5749 1398/5750 1397/5751 1394/5752
f 1395/5753 1398/5754 1399/5755 1396/5756
f 1396/5757 1399/5758 1398/5759 1395/5760
f 1397/5761 1400/5762 1401/5763 1398/5764
f 1398/5765 1401/5766 1400/5767 1397/5768
f 1398/5769 1401/5770 1402/5771 1399/5772
f 1399/5773 1402/5774 1401/5775 1398/5776
f 1400/5777 1403/5778 1404/5779 1401/5780
f 1401/5781 1404/5782 1403/5783 1400/5784
f 1401/5785 1404/5786 1405/5787 1402/5788
f 1402/5789 1405/5790 1404/5791 1401/5792
f 1403/5793 1406/5794 1407/5795 1404/5796
f 1404/5797 1407/5798 1406/5799 1403/5800
f 1404/5801 1407/5802 1408/5803 1405/5804
f 1405/5805 1408/5806 1407/5807 1404/5808
f 1409/5809 1412/5810 1413/5811 1410/5812
f 1410/5813 1413/5814 1412/5815 1409/5816
f 1410/5817 1413/5818 1414/5819 1411/5820
f 1411/5821 1414/5822 1413/5823 1410/5824
f 1412/5825 1415/5826 1416/5827 1413/5828
f 1413/5829 1416/5830 1415/5831 1412/5832
f 1413/5833 1416/5834 1417/5835 1414/5836
f 1414/5837 1417/5838 1416/5839 1413/5840
f 1415/5841 1418/5842 1419/5843 1416/5844
f 1416/5845 1419/5846 1418/5847 1415/5848
f 1416/5849 1419/5850 1420/5851 1417/5852
f 1417/5853 1420/5854 1419/5855 1416/5856
f 1418/5857 1421/5858 1422/5859 1419/5860
f 1419/5861 1422/5862 1421/5863 1418/5864
f 1419/5865 1422/5866 1423/5867 1420/5868
f 1420/5869 1423/5870 1422/5871 1419/5872
f 1421/5873 1424/5874 1425/5875 1422/5876
f 1422/5877 1425/5878 1424/5879 1421/5880
f 1422/5881 1425/5882 1426/5883 1423/5884
f 1423/5885 1426/5886 1425/5887 1422/5888
f 1424/5889 1427/5890 1428/5891 1425/5892
f 1425/5893 1428/5894 1427/5895 1424/5896
f 1425/5897 1428/5898 1429/5899 1426/5900
f 1426/5901 1429/5902 1428/5903 1425/5904
f 1430/5905 1433/5906 1434/5907 1431/5908
f 1431/5909 1434/5910 1433/5911 1430/5912
f 1431/5913 1434/5914 1435/5915 1432/5916
f 1432/5917 1435/5918 1434/5919 1431/5920
f 1433/5921 1436/5922 1437/5923 1434/5924
f 1434/5925 1437/5926 1436/5927 1433/5928
f 1434/5929 1437/5930 1438/5931 1435/5932
f 1435/5933 1438/5934 1437/5935 1434/5936
f 1436/5937 1439/5938 1440/5939 1437/5940
f 1437/5941 1440/5942 1439/5943 1436/5944
f 1437/5945 1440/5946 1441/5947 1438/5948
f 1438/5949 1441/5950 1440/5951 1437/5952
f 1439/5953 1442/5954 1443/5955 1440/5956
f 1440/5957 1443/5958 1442/5959 1439/5960
f 1440/5961 1443/5962 1444/5963 1441/5964
f 1441/5965 1444/5966 1443/5967 1440/5968
f 1442/5969 1445/5970 1446/5971 1443/5972
f 1443/5973 1446/5974 1445/5975 1442/5976
f 1443/5977 1446/5978 1447/5979 1444/5980
f 1444/5981 1447/5982 1446/5983 1443/5984
f 1445/5985 1448/5986 1449/5987 1446/5988
f 1446/5989 1449/5990 1448/5991 1445/5992
f 1446/5993 1449/5994 1450/5995 1447/5996
f 1447/5997 1450/5998 1449/5999 1446/6000
f 1451/6001 1454/6002 1455/6003 1452/6004
f 1452/6005 1455/6006 1454/6007 1451/6008
f 1452/6009 1455/6010 1456/6011 1453/6012
f 1453/6013 1456/6014 1455/6015 1452/6016
f 1454/6017 1457/6018 1458/6019 1455/6020
f 1455/6021 1458/6022 1457/6023 1454/6024
f 1455/6025 1458/6026 1459/6027 1456/6028
f 1456/6029 1459/6030 1458/6031 1455/6032
f 1457/6033 1460/6034 1461/6035 1458/6036
f 1458/6037 1461/6038 1460/6039 1457/6040
f 1458/6041 1461/6042 1462/6043 1459/6044
f 1459/6045 1462/6046 1461/6047 1458/6048
f 1460/6049 1463/6050 1464/6051 1461/6052
f 1461/6053 1464/6054 1463/6055 1460/6056
f 1461/6057 1464/6058 1465/6059 1462/6060
f 1462/6061 1465/6062 1464/6063 1461/6064
f 1463/6065 1466/6066 1467/6067 1464/6068
f 1464/6069 1467/6070 1466/6071 1463/6072
f 1464/6073 1467/6074 1468/6075 1465/6076
f 1465/6077 1468/6078 1467/6079 1464/6080
f 1466/6081 1469/6082 1470/6083 1467/6084
f 1467/6085 1470/6086 1469/6087 1466/6088
f 1467/6089 1470/6090 1471/6091 1468/6092
f 1468/6093 1471/6094 1470/6095 1467/6096
f 1472/6097 1475/6098 1476/6099 1473/6100
f 1473/6101 1476/6102 1475/6103 1472/6104
f 1473/6105 1476/6106 1477/6107 1474/6108
f 1474/6109 1477/6110 1476/6111 1473/6112
f 1475/6113 1478/6114 1479/6115 1476/6116
f 1476/6117 1479/6118 1478/6119 1475/6120
f 1476/6121 1479/6122 1480/6123 1477/6124
f 1477/6125 1480/6126 1479/6127 1476/6128
f 1478/6129 1481/6130 1482/6131 1479/6132
f 1479/6133 1482/6134 1481/6135 1478/6136
f 1479/6137 1482/6138 1483/6139 1480/6140
f 1480/6141 1483/6142 1482/6143 1479/6144
f 1481/6145 1484/6146 1485/6147 1482/6148
f 1482/6149 1485/6150 1484/6151 1481/6152
f 1482/6153 1485/6154 1486/6155 1483/6156
f 1483/6157 1486/6158 1485/6159 1482/6160
f 1484/6161 1487/6162 1488/6163 1485/6164
f 1485/6165 1488/6166 1487/6167 1484/6168
f 1485/6169 1488/6170 1489/6171 1486/6172
f 1486/6173 1489/6174 1488/6175 1485/6176
f 1487/6177 1490/6178 1491/6179 1488/6180
f 1488/6181 1491/6182 1490/6183 1487/6184
f 1488/6185 1491/6186 1492/6187 1489/6188
f 1489/6189 1492/6190 1491/6191 1488/6192
f 1493/6193 1496/6194 1497/6195 1494/6196
f 1494/6197 1497/6198 1496/6199 1493/6200
f 1494/6201 1497/6202 1498/6203 1495/6204
f 1495/6205 1498/6206 1497/6207 1494/6208
f 1496/6209 1499/6210 1500/6211 1497/6212
f 1497/6213 1500/6214 1499/6215 1496/6216
f 1497/6217 1500/6218 1501/6219 1498/6220
f 1498/6221 1501/6222 1500/6223 1497/6224
f 1499/6225 1502/6226 1503/6227 1500/6228
f 1500/6229 1503/6230 1502/6231 1499/6232
f 1500/6233 1503/6234 1504/6235 1501/6236
f 1501/6237 1504/6238 1503/6239 1500/6240
f 1502/6241 1505/6242 1506/6243 1503/6244
f 1503/6245 1506/6246 1505/6247 1502/6248
f 1503/6249 1506/6250 1507/6251 1504/6252
f 1504/6253 1507/6254 1506/6255 1503/6256
f 1505/6257 1508/6258 1509/6259 1506/6260
f 1506/6261 1509/6262 1508/6263 1505/6264
f 1506/6265 1509/6266 1510/6267 1507/6268
f 1507/6269 1510/6270 1509/6271 1506/6272
f 1508/6273 1511/6274 1512/6275 1509/6276
f 1509/6277 1512/6278 1511/6279 1508/6280
f 1509/6281 1512/6282 1513/6283 1510/6284
f 1510/6285 1513/6286 1512/6287 1509/6288
f 1514/6289 1517/6290 1518/6291 1515/6292
f 1515/6293 1518/6294 1517/6295 1514/6296
f 1515/6297 1518/6298 1519/6299 1516/6300
f 1516/6301 1519/6302 1518/6303 1515/6304
f 1517/6305 1520/6306 1521/6307 1518/6308
f 1518/6309 1521/6310 1520/6311 1517/6312
f 1518/6313 1521/6314 1522/6315 1519/6316
f 1519/6317 1522/6318 1521/6319 1518/6320
f 1520/6321 1523/6322 1524/6323 1521/6324
f 1521/6325 1524/6326 1523/6327 1520/6328
f 1521/6329 1524/6330 1525/6331 1522/6332
f 1522/6333 1525/6334 1524/6335 1521/6336
f 1523/6337 1526/6338 1527/6339 1524/6340
f 1524/6341 1527/6342 1526/6343 1523/6344
f 1524/6345 1527/6346 1528/6347 1525/6348
f 1525/6349 1528/6350 1527/6351 1524/6352
f 1526/6353 1529/6354 1530/6355 1527/6356
f 1527/6357 1530/6358 1529/6359 1526/6360
f 1527/6361 1530/6362 1531/6363 1528/6364
f 1528/6365 1531/6366 1530/6367 1527/6368
f 1529/6369 1532/6370 1533/6371 1530/6372
f 1530/6373 1533/6374 1532/6375 1529/6376
f 1530/6377 1533/6378 1534/6379 1531/6380
f 1531/6381 1534/6382 1533/6383 1530/6384
f 1535/6385 1538/6386 1539/6387 1536/6388
f 1536/6389 1539/6390 1538/6391 1535/6392
f 1536/6393 1539/6394 1540/6395 1537/6396
f 1537/6397 1540/6398 1539/6399 1536/6400
f 1538/6401 1541/6402 1542/6403 1539/6404
f 1539/6405 1542/6406 1541/6407 1538/6408
f 1539/6409 1542/6410 1543/6411 1540/6412
f 1540/6413 1543/6414 1542/6415 1539/6416
f 1541/6417 1544/6418 1545/6419 1542/6420
f 1542/6421 1545/6422 1544/6423 1541/6424
f 1542/6425 1545/6426 1546/6427 1543/6428
f 1543/6429 1546/6430 1545/6431 1542/6432
f 1544/6433 1547/6434 1548/6435 1545/6436
f 1545/6437 1548/6438 1547/6439 1544/6440
f 1545/6441 1548/6442 1549/6443 1546/6444
f 1546/6445 1549/6446 1548/6447 1545/6448
f 1547/6449 1550/6450 1551/6451 1548/6452
f 1548/6453 1551/6454 1550/6455 1547/6456
f 1548/6457 1551/6458 1552/6459 1549/6460
f 1549/6461 1552/6462 1551/6463 1548/6464
f 1550/6465 1553/6466 1554/6467 1551/6468
f 1551/6469 1554/6470 1553/6471 1550/6472
f 1551/6473 1554/6474 1555/6475 1552/6476
f 1552/6477 1555/6478 1554/6479 1551/6480
f 1556/6481 1559/6482 1560/6483 1557/6484
f 1557/6485 1560/6486 1559/6487 1556/6488
f 1557/6489 1560/6490 1561/6491 1558/6492
f 1558/6493 1561/6494 1560/6495 1557/6496
f 1559/6497 1562/6498 1563/6499 1560/6500
f 1560/6501 1563/6502 1562/6503 1559/6504
f 1560/6505 1563/6506 1564/6507 1561/6508
f 1561/6509 1564/6510 1563/6511 1560/6512
f 1562/6513 1565/6514 1566/6515 1563/6516
f 1563/6517 1566/6518 1565/6519 1562/6520
f 1563/6521 1566/6522 1567/6523 1564/6524
f 1564/6525 1567/6526 1566/6527 1563/6528
f 1565/6529 1568/6530 1569/6531 1566/6532
f 1566/6533 1569/6534 1568/6535 1565/6536
f 1566/6537 1569/6538 1570/6539 1567/6540
f 1567/6541 1570/6542 1569/6543 1566/6544
f 1568/6545 1571/6546 1572/6547 1569/6548
f 1569/6549 1572/6550 1571/6551 1568/6552
f 1569/6553 1572/6554 1573/6555 1570/6556
f 1570/6557 1573/6558 1572/6559 1569/6560
f 1571/6561 1574/6562 1575/6563 1572/6564
f 1572/6565 1575/6566 1574/6567 1571/6568
f 1572/6569 1575/6570 1576/6571 1573/6572
f 1573/6573 1576/6574 1575/6575 1572/6576
f 1577/6577 1580/6578 1581/6579 1578/6580
f 1578/6581 1581/6582 1580/6583 1577/6584
f 1578/6585 1581/6586 1582/6587 1579/6588
f 1579/6589 1582/6590 1581/6591 1578/6592
f 1580/6593 1583/6594 1584/6595 1581/6596
f 1581/6597 1584/6598 1583/6599 1580/6600
f 1581/6601 1584/6602 1585/6603 1582/6604
f 1582/6605 1585/6606 1584/6607 1581/6608
f 1583/6609 1586/6610 1587/6611 1584/6612
f 1584/6613 1587/6614 1586/6615 1583/6616
f 1584/6617 1587/6618 1588/6619 1585/6620
f 1585/6621 1588/6622 1587/6623 1584/6624
f 1586/6625 1589/6626 1590/6627 1587/6628
f 1587/6629 1590/6630 1589/6631 1586/6632
f 1587/6633 1590/6634 1591/6635 1588/6636
f 1588/6637 1591/6638 1590/6639 1587/6640
f 1589/6641 1592/6642 1593/6643 1590/6644
f 1590/6645 1593/6646 1592/6647 1589/6648
f 1590/6649 1593/6650 1594/6651 1591/6652
f 1591/6653 1594/6654 1593/6655 1590/6656
f 1592/6657 1595/6658 1596/6659 1593/6660
f 1593/6661 1596/6662 1595/6663 1592/6664
f 1593/6665 1596/6666 1597/6667 1594/6668
f 1594/6669 1597/6670 1596/6671 1593/6672
