# Generated by scripts/generate_terrace_planter_botanical_kit.py
# Vertex RGB encodes wind stiffness: 0=root/rigid, 1=free tip
mtllib VD_TerraceBotanical.mtl
o VD_Dracaena_B
v 6.723319 6.606460 0.192641 0.000000 0.000000 0.000000
v 4.135250 5.764678 0.224787 0.000000 0.000000 0.000000
v 2.535735 3.562595 0.214003 0.000000 0.000000 0.000000
v 2.535735 0.841332 0.164408 0.000000 0.000000 0.000000
v 4.135250 -1.359682 0.094945 0.000000 0.000000 0.000000
v 6.723319 -2.199733 0.032146 0.000000 0.000000 0.000000
v 9.311389 -1.357951 0.000000 0.000000 0.000000 0.000000
v 10.910904 0.844131 0.010784 0.000000 0.000000 0.000000
v 10.910904 3.565395 0.060379 0.000000 0.000000 0.000000
v 9.311389 5.766408 0.129842 0.000000 0.000000 0.000000
v 9.588779 2.449845 156.334533 0.100000 0.100000 0.100000
v 7.770984 1.858598 156.357112 0.100000 0.100000 0.100000
v 6.647524 0.311910 156.349537 0.100000 0.100000 0.100000
v 6.647524 -1.599437 156.314703 0.100000 0.100000 0.100000
v 7.770984 -3.145374 156.265914 0.100000 0.100000 0.100000
v 9.588779 -3.735405 156.221806 0.100000 0.100000 0.100000
v 11.406574 -3.144159 156.199227 0.100000 0.100000 0.100000
v 12.530033 -1.597471 156.206801 0.100000 0.100000 0.100000
v 12.530033 0.313877 156.241636 0.100000 0.100000 0.100000
v 11.406574 1.859813 156.290425 0.100000 0.100000 0.100000
v 8.621858 -3.341103 152.266244 0.000000 0.000000 0.000000
v 8.904926 0.266968 152.266244 0.000000 0.000000 0.000000
v 23.881575 -4.531938 176.187710 0.260000 0.260000 0.260000
v 24.163653 -0.936493 175.885211 0.260000 0.260000 0.260000
v 38.161935 -5.622623 181.468372 0.620000 0.620000 0.620000
v 38.439386 -2.086149 180.750968 0.620000 0.620000 0.620000
v 51.181199 -5.622568 147.854914 1.000000 1.000000 1.000000
v 51.299353 -4.116534 147.351197 1.000000 1.000000 1.000000
v 8.918024 -1.627687 156.876452 0.000000 0.000000 0.000000
v 8.478856 1.071238 156.876452 0.000000 0.000000 0.000000
v 23.488400 0.747911 178.273672 0.260000 0.260000 0.260000
v 23.050726 3.437652 178.048274 0.260000 0.260000 0.260000
v 37.119102 2.987913 180.980594 0.620000 0.620000 0.620000
v 36.688410 5.634749 180.445961 0.620000 0.620000 0.620000
v 49.351663 5.757807 146.594935 1.000000 1.000000 1.000000
v 49.168081 6.886018 146.219438 1.000000 1.000000 1.000000
v 10.216047 -3.311372 157.540821 0.000000 0.000000 0.000000
v 9.797253 -0.598483 157.540821 0.000000 0.000000 0.000000
v 28.362553 -0.509504 170.688350 0.260000 0.260000 0.260000
v 27.943926 2.202301 170.765947 0.260000 0.260000 0.260000
v 45.341916 2.114234 163.951100 0.620000 0.620000 0.620000
v 44.924073 4.820960 164.136024 0.620000 0.620000 0.620000
v 60.612649 5.249772 124.855554 1.000000 1.000000 1.000000
v 60.429468 6.436393 124.986631 1.000000 1.000000 1.000000
v 9.721926 -1.803435 156.009464 0.000000 0.000000 0.000000
v 8.815515 1.441954 156.009464 0.000000 0.000000 0.000000
v 26.381178 2.850216 169.984311 0.260000 0.260000 0.260000
v 25.475210 6.094018 170.089669 0.260000 0.260000 0.260000
v 41.968401 7.207608 166.108363 0.620000 0.620000 0.620000
v 41.064509 10.443978 166.359408 0.620000 0.620000 0.620000
v 55.841434 12.062526 131.676296 1.000000 1.000000 1.000000
v 55.445495 13.480181 131.854193 1.000000 1.000000 1.000000
v 10.454819 -3.172313 153.457146 0.000000 0.000000 0.000000
v 8.776964 0.031236 153.457146 0.000000 0.000000 0.000000
v 28.932826 6.507434 168.241770 0.260000 0.260000 0.260000
v 27.256543 9.707982 168.085266 0.260000 0.260000 0.260000
v 46.219744 15.570390 165.923108 0.620000 0.620000 0.620000
v 44.550821 18.756885 165.550453 0.620000 0.620000 0.620000
v 61.419074 24.675626 133.105619 1.000000 1.000000 1.000000
v 60.691028 26.065694 132.841906 1.000000 1.000000 1.000000
v 10.373379 -2.462267 157.797410 0.000000 0.000000 0.000000
v 8.644959 0.703408 157.797410 0.000000 0.000000 0.000000
v 31.055568 8.833156 164.941779 0.260000 0.260000 0.260000
v 29.329841 11.993899 165.143034 0.260000 0.260000 0.260000
v 50.402842 19.411510 150.220452 0.620000 0.620000 0.620000
v 48.689716 22.549174 150.699199 0.620000 0.620000 0.620000
v 67.457160 29.876163 105.206750 1.000000 1.000000 1.000000
v 66.714120 31.237073 105.544900 1.000000 1.000000 1.000000
v 10.205034 -3.367588 154.932179 0.000000 0.000000 0.000000
v 8.049658 -0.714616 154.932179 0.000000 0.000000 0.000000
v 27.764593 10.906312 160.296549 0.260000 0.260000 0.260000
v 25.616891 13.549837 160.008357 0.260000 0.260000 0.260000
v 44.180732 24.280032 144.556267 0.620000 0.620000 0.620000
v 42.068874 26.879439 143.872860 0.620000 0.620000 0.620000
v 58.467738 37.126643 100.228544 1.000000 1.000000 1.000000
v 57.568916 38.232969 99.748788 1.000000 1.000000 1.000000
v 10.742170 -1.175987 157.077905 0.000000 0.000000 0.000000
v 8.708472 1.128027 157.077905 0.000000 0.000000 0.000000
v 29.188006 15.109245 159.593864 0.260000 0.260000 0.260000
v 27.157813 17.409288 159.413511 0.260000 0.260000 0.260000
v 46.441205 30.354760 143.957086 0.620000 0.620000 0.620000
v 44.427412 32.636224 143.528170 0.620000 0.620000 0.620000
v 61.513667 44.809455 105.279064 1.000000 1.000000 1.000000
v 60.641564 45.797477 104.976265 1.000000 1.000000 1.000000
v 9.583492 -1.470333 151.930394 0.000000 0.000000 0.000000
v 7.713659 0.174660 151.930394 0.000000 0.000000 0.000000
v 26.012140 17.213845 154.809288 0.260000 0.260000 0.260000
v 24.152280 18.850065 154.552414 0.260000 0.260000 0.260000
v 41.365834 34.712971 140.121240 0.620000 0.620000 0.620000
v 39.552475 36.308283 139.513796 0.620000 0.620000 0.620000
v 54.773959 51.017145 102.748058 1.000000 1.000000 1.000000
v 54.015352 51.684533 102.323948 1.000000 1.000000 1.000000
v 11.522611 -0.896301 152.397675 0.000000 0.000000 0.000000
v 9.459427 0.525302 152.397675 0.000000 0.000000 0.000000
v 24.259244 17.589013 153.716143 0.260000 0.260000 0.260000
v 22.196572 19.010264 153.660324 0.260000 0.260000 0.260000
v 36.175945 34.886375 138.157882 0.620000 0.620000 0.620000
v 34.115673 36.305972 138.024828 0.620000 0.620000 0.620000
v 46.398754 50.959717 102.002592 1.000000 1.000000 1.000000
v 45.494285 51.582927 101.908238 1.000000 1.000000 1.000000
v 10.023464 0.105860 156.757549 0.000000 0.000000 0.000000
v 7.337643 1.282915 156.757549 0.000000 0.000000 0.000000
v 16.700487 15.355184 178.260505 0.260000 0.260000 0.260000
v 14.024656 16.527860 178.007807 0.260000 0.260000 0.260000
v 22.929520 29.632143 181.894738 0.620000 0.620000 0.620000
v 20.300346 30.784372 181.295649 0.620000 0.620000 0.620000
v 27.839837 42.892799 149.291713 1.000000 1.000000 1.000000
v 26.722551 43.382446 148.871354 1.000000 1.000000 1.000000
v 11.055128 -0.900468 152.808524 0.000000 0.000000 0.000000
v 8.582354 -0.143405 152.808524 0.000000 0.000000 0.000000
v 15.875817 14.855108 169.953882 0.260000 0.260000 0.260000
v 13.408573 15.610478 169.781028 0.260000 0.260000 0.260000
v 20.376191 29.600760 172.701337 0.620000 0.620000 0.620000
v 17.934807 30.348212 172.290584 0.620000 0.620000 0.620000
v 23.771829 43.173212 146.405653 1.000000 1.000000 1.000000
v 22.719617 43.495357 146.116130 1.000000 1.000000 1.000000
v 11.123202 -1.050568 152.143675 0.000000 0.000000 0.000000
v 7.832223 -0.045799 152.143675 0.000000 0.000000 0.000000
v 17.358087 19.406435 165.661940 0.260000 0.260000 0.260000
v 14.086942 20.405148 166.039154 0.260000 0.260000 0.260000
v 23.155134 38.559318 158.795683 0.620000 0.620000 0.620000
v 19.976412 39.529813 159.686734 0.620000 0.620000 0.620000
v 27.521636 56.187649 118.994909 1.000000 1.000000 1.000000
v 26.200926 56.590875 119.615697 1.000000 1.000000 1.000000
v 10.248366 -0.962087 151.638150 0.000000 0.000000 0.000000
v 6.887809 -0.741223 151.638150 0.000000 0.000000 0.000000
v 11.567287 19.187191 167.715411 0.260000 0.260000 0.260000
v 8.217359 19.407356 167.983057 0.260000 0.260000 0.260000
v 12.781542 38.042166 165.421268 0.620000 0.620000 0.620000
v 9.481276 38.259067 166.056349 0.620000 0.620000 0.620000
v 12.959325 55.190304 130.621101 1.000000 1.000000 1.000000
v 11.549361 55.282970 131.067476 1.000000 1.000000 1.000000
v 11.243635 -1.608884 158.571148 0.000000 0.000000 0.000000
v 7.838229 -1.374684 158.571148 0.000000 0.000000 0.000000
v 12.573500 17.738436 175.656661 0.260000 0.260000 0.260000
v 9.169504 17.972539 175.558428 0.260000 0.260000 0.260000
v 13.815209 35.841895 173.851998 0.620000 0.620000 0.620000
v 10.417821 36.075544 173.617901 0.620000 0.620000 0.620000
v 13.989424 52.313737 137.893394 1.000000 1.000000 1.000000
v 12.500217 52.416155 137.727470 1.000000 1.000000 1.000000
v 9.874459 -1.753023 155.094519 0.000000 0.000000 0.000000
v 6.661394 -1.751349 155.094519 0.000000 0.000000 0.000000
v 9.887257 23.183541 158.374316 0.260000 0.260000 0.260000
v 6.674583 23.185215 158.424441 0.260000 0.260000 0.260000
v 9.898498 46.516672 141.800392 0.620000 0.620000 0.620000
v 6.687657 46.518345 141.919897 0.620000 0.620000 0.620000
v 9.009698 67.663011 99.875546 1.000000 1.000000 1.000000
v 7.598493 67.663747 99.960325 1.000000 1.000000 1.000000
v 11.696413 0.648220 156.306253 0.000000 0.000000 0.000000
v 8.730108 0.427671 156.306253 0.000000 0.000000 0.000000
v 9.949338 24.022154 163.873279 0.260000 0.260000 0.260000
v 7.001303 23.802963 163.543650 0.260000 0.260000 0.260000
v 8.280587 45.890603 151.344653 0.620000 0.620000 0.620000
v 5.417675 45.677741 150.566171 0.620000 0.620000 0.620000
v 5.969346 65.649691 109.803858 1.000000 1.000000 1.000000
v 4.781416 65.561367 109.261717 1.000000 1.000000 1.000000
v 11.019236 -1.736926 152.374780 0.000000 0.000000 0.000000
v 8.429926 -2.262736 152.374780 0.000000 0.000000 0.000000
v 6.673242 19.664235 154.020141 0.260000 0.260000 0.260000
v 4.084068 19.138453 154.047165 0.260000 0.260000 0.260000
v 2.606443 39.689240 136.881858 0.620000 0.620000 0.620000
v 0.017904 39.163586 136.946296 0.620000 0.620000 0.620000
v -1.803906 57.689910 96.773993 1.000000 1.000000 1.000000
v -2.942320 57.458733 96.819716 1.000000 1.000000 1.000000
v 10.226994 -1.059859 155.958956 0.000000 0.000000 0.000000
v 7.244610 -2.264659 155.958956 0.000000 0.000000 0.000000
v 2.349159 18.427514 158.711702 0.260000 0.260000 0.260000
v -0.623806 17.226518 158.456271 0.260000 0.260000 0.260000
v -5.039724 36.654730 146.850542 0.620000 0.620000 0.620000
v -7.968682 35.471512 146.244440 0.620000 0.620000 0.620000
v -12.554814 52.842527 115.825429 1.000000 1.000000 1.000000
v -13.806202 52.337001 115.399415 1.000000 1.000000 1.000000
v 11.107009 1.039690 153.932407 0.000000 0.000000 0.000000
v 8.200584 -0.356749 153.932407 0.000000 0.000000 0.000000
v 1.462928 21.108642 156.955073 0.260000 0.260000 0.260000
v -1.440854 19.713473 157.092551 0.260000 0.260000 0.260000
v -7.565985 39.884771 143.846785 0.620000 0.620000 0.620000
v -10.457392 38.495548 144.174151 0.620000 0.620000 0.620000
v -16.557789 56.511992 109.974953 1.000000 1.000000 1.000000
v -17.819450 55.905807 110.206636 1.000000 1.000000 1.000000
v 10.603743 1.594890 158.189776 0.000000 0.000000 0.000000
v 7.933469 -0.515280 158.189776 0.000000 0.000000 0.000000
v 0.713650 14.106745 180.334290 0.260000 0.260000 0.260000
v -1.953337 11.999173 180.503108 0.260000 0.260000 0.260000
v -8.546660 25.809217 183.119601 0.620000 0.620000 0.620000
v -11.198261 23.713804 183.521393 0.620000 0.620000 0.620000
v -17.680940 35.828304 147.860972 1.000000 1.000000 1.000000
v -18.834526 34.916689 148.145049 1.000000 1.000000 1.000000
v 11.190073 -1.081282 157.347493 0.000000 0.000000 0.000000
v 9.157953 -2.670142 157.347493 0.000000 0.000000 0.000000
v 2.272979 10.321763 178.918260 0.260000 0.260000 0.260000
v 0.242548 8.734223 178.813098 0.260000 0.260000 0.260000
v -6.073907 20.989111 182.317509 0.620000 0.620000 0.620000
v -8.096427 19.407757 182.067063 0.620000 0.620000 0.620000
v -14.204447 30.213881 149.211725 1.000000 1.000000 1.000000
v -15.087605 29.523364 149.034438 1.000000 1.000000 1.000000
v 11.942284 0.779047 156.462281 0.000000 0.000000 0.000000
v 9.503876 -2.015295 156.462281 0.000000 0.000000 0.000000
v -1.491559 12.487497 170.007501 0.260000 0.260000 0.260000
v -3.915861 9.709320 169.609158 0.260000 0.260000 0.260000
v -14.087873 23.412979 164.982032 0.620000 0.620000 0.620000
v -16.446429 20.710145 164.040712 0.620000 0.620000 0.620000
v -26.161739 32.559866 128.416171 1.000000 1.000000 1.000000
v -27.144038 31.434181 127.759870 1.000000 1.000000 1.000000
v 9.245508 -0.627209 154.741468 0.000000 0.000000 0.000000
v 7.659977 -2.985932 154.741468 0.000000 0.000000 0.000000
v -8.060179 11.005605 165.122796 0.260000 0.260000 0.260000
v -9.645659 8.646961 165.099678 0.260000 0.260000 0.260000
v -24.253201 21.890278 161.178074 0.620000 0.620000 0.620000
v -25.838435 19.531999 161.122948 0.620000 0.620000 0.620000
v -39.372140 31.094307 133.204469 1.000000 1.000000 1.000000
v -40.069433 30.056977 133.165351 1.000000 1.000000 1.000000
v 8.935203 -0.545287 154.309959 0.000000 0.000000 0.000000
v 7.577693 -2.761881 154.309959 0.000000 0.000000 0.000000
v -8.319985 10.016811 166.613327 0.260000 0.260000 0.260000
v -9.672593 7.808220 166.833999 0.260000 0.260000 0.260000
v -24.474807 19.884816 159.398667 0.620000 0.620000 0.620000
v -25.804526 17.713601 159.921918 0.620000 0.620000 0.620000
v -39.486922 28.220940 120.978686 1.000000 1.000000 1.000000
v -40.052589 27.297296 121.345955 1.000000 1.000000 1.000000
v 8.835932 -0.584826 155.430056 0.000000 0.000000 0.000000
v 7.642560 -3.206386 155.430056 0.000000 0.000000 0.000000
v -10.797999 8.352253 163.014899 0.260000 0.260000 0.260000
v -11.990944 5.731631 163.091953 0.260000 0.260000 0.260000
v -29.170260 16.712915 151.593745 0.620000 0.620000 0.620000
v -30.361204 14.096687 151.777385 0.620000 0.620000 0.620000
v -46.153708 23.557414 112.778907 1.000000 1.000000 1.000000
v -46.676014 22.410029 112.909090 1.000000 1.000000 1.000000
v 11.045513 1.008146 158.021315 0.000000 0.000000 0.000000
v 10.152888 -1.581304 158.021315 0.000000 0.000000 0.000000
v -11.988730 8.945012 163.811734 0.260000 0.260000 0.260000
v -12.879258 6.361644 163.624121 0.260000 0.260000 0.260000
v -33.545781 16.360160 150.487009 0.620000 0.620000 0.620000
v -34.426505 13.805230 150.041267 0.620000 0.620000 0.620000
v -53.328391 22.365623 110.674777 1.000000 1.000000 1.000000
v -53.707574 21.265637 110.360699 1.000000 1.000000 1.000000
v 10.664437 1.163437 157.703356 0.000000 0.000000 0.000000
v 9.888119 -2.154554 157.703356 0.000000 0.000000 0.000000
v -12.199405 6.502830 163.420037 0.260000 0.260000 0.260000
v -12.971237 3.204014 163.054218 0.260000 0.260000 0.260000
v -33.601447 11.463183 147.731823 0.620000 0.620000 0.620000
v -34.352369 8.253737 146.867353 0.620000 0.620000 0.620000
v -53.206855 15.062703 102.789243 1.000000 1.000000 1.000000
v -53.519619 13.725944 102.186511 1.000000 1.000000 1.000000
v 10.640171 0.949526 156.860458 0.000000 0.000000 0.000000
v 10.300148 -1.876903 156.860458 0.000000 0.000000 0.000000
v -11.774825 3.638967 160.479812 0.260000 0.260000 0.260000
v -12.113162 0.826545 160.196749 0.260000 0.260000 0.260000
v -32.751667 6.129363 145.116341 0.620000 0.620000 0.620000
v -33.082144 3.382274 144.446567 0.620000 0.620000 0.620000
v -51.854423 7.619115 104.873725 1.000000 1.000000 1.000000
v -51.993190 6.465619 104.405552 1.000000 1.000000 1.000000
v 10.834698 1.314008 155.682915 0.000000 0.000000 0.000000
v 11.082970 -2.174604 155.682915 0.000000 0.000000 0.000000
v -11.753142 -0.305067 160.321219 0.260000 0.260000 0.260000
v -11.506508 -3.770645 159.919974 0.260000 0.260000 0.260000
v -32.885521 -1.862895 148.423617 0.620000 0.620000 0.620000
v -32.646522 -5.221199 147.476659 0.620000 0.620000 0.620000
v -51.970267 -4.211572 113.663164 1.000000 1.000000 1.000000
v -51.871535 -5.598897 113.004600 1.000000 1.000000 1.000000
v 10.358448 0.001022 158.607708 0.000000 0.000000 0.000000
v 10.910806 -3.192870 158.607708 0.000000 0.000000 0.000000
v -4.972509 -2.650781 182.215802 0.260000 0.260000 0.260000
v -4.420298 -5.843822 182.290597 0.260000 0.260000 0.260000
v -19.317402 -5.133666 185.848022 0.620000 0.620000 0.620000
v -18.765881 -8.322723 186.026304 0.620000 0.620000 0.620000
v -32.163190 -8.276637 149.597085 1.000000 1.000000 1.000000
v -31.921109 -9.676417 149.723505 1.000000 1.000000 1.000000
v 8.969571 0.348026 154.522116 0.000000 0.000000 0.000000
v 9.953901 -2.841557 154.522116 0.000000 0.000000 0.000000
v -5.972515 -4.266433 172.596000 0.260000 0.260000 0.260000
v -4.989999 -7.450139 172.798533 0.260000 0.260000 0.260000
v -19.950424 -8.595176 176.064555 0.620000 0.620000 0.620000
v -18.976393 -11.751391 176.546127 0.620000 0.620000 0.620000
v -32.345541 -13.401126 149.929727 1.000000 1.000000 1.000000
v -31.924191 -14.766455 150.269577 1.000000 1.000000 1.000000
v 10.025376 0.006757 155.189443 0.000000 0.000000 0.000000
v 11.273558 -2.981164 155.189443 0.000000 0.000000 0.000000
v -9.248749 -8.048583 169.029792 0.260000 0.260000 0.260000
v -8.003212 -11.030172 169.240497 0.260000 0.260000 0.260000
v -27.278589 -15.597806 162.745171 0.620000 0.620000 0.620000
v -26.045424 -18.549780 163.245958 0.620000 0.620000 0.620000
v -43.273360 -23.265093 123.451885 1.000000 1.000000 1.000000
v -42.741294 -24.538764 123.804996 1.000000 1.000000 1.000000
v 9.624487 0.783306 157.349512 0.000000 0.000000 0.000000
v 10.751696 -2.043605 157.349512 0.000000 0.000000 0.000000
v -9.623988 -6.902032 169.967822 0.260000 0.260000 0.260000
v -8.503768 -9.711414 169.629427 0.260000 0.260000 0.260000
v -27.621764 -14.125833 166.418162 0.620000 0.620000 0.620000
v -26.534109 -16.853546 165.619030 0.620000 0.620000 0.620000
v -43.628909 -21.433640 134.831352 1.000000 1.000000 1.000000
v -43.177787 -22.565002 134.274902 1.000000 1.000000 1.000000
v 9.083942 0.840507 156.871774 0.000000 0.000000 0.000000
v 10.456612 -1.682146 156.871774 0.000000 0.000000 0.000000
v -9.455541 -9.256627 170.650985 0.260000 0.260000 0.260000
v -8.090519 -11.765226 170.348247 0.260000 0.260000 0.260000
v -26.788679 -18.730695 164.108979 0.620000 0.620000 0.620000
v -25.459308 -21.173775 163.393342 0.620000 0.620000 0.620000
v -42.125885 -27.998684 123.911987 1.000000 1.000000 1.000000
v -41.571053 -29.018337 123.412705 1.000000 1.000000 1.000000
v 9.320672 1.186419 152.254879 0.000000 0.000000 0.000000
v 11.279689 -1.425086 152.254879 0.000000 0.000000 0.000000
v -8.591199 -12.262682 157.559851 0.260000 0.260000 0.260000
v -6.644217 -14.858143 157.921168 0.260000 0.260000 0.260000
v -25.328921 -24.876868 143.165895 0.620000 0.620000 0.620000
v -23.438013 -27.397579 144.019235 0.620000 0.620000 0.620000
v -39.969961 -37.012027 102.442972 1.000000 1.000000 1.000000
v -39.185229 -38.058130 103.037274 1.000000 1.000000 1.000000
v 7.713956 1.965264 152.458879 0.000000 0.000000 0.000000
v 10.259558 -0.567009 152.458879 0.000000 0.000000 0.000000
v -8.918946 -14.755756 160.789555 0.260000 0.260000 0.260000
v -6.373916 -17.287461 160.713466 0.260000 0.260000 0.260000
v -24.481272 -30.402673 150.116536 0.620000 0.620000 0.620000
v -21.938921 -32.931713 149.935156 0.620000 0.620000 0.620000
v -37.872989 -45.290902 111.384840 1.000000 1.000000 1.000000
v -36.756643 -46.401403 111.256206 1.000000 1.000000 1.000000
v 9.303921 0.790578 155.048806 0.000000 0.000000 0.000000
v 12.053913 -1.816717 155.048806 0.000000 0.000000 0.000000
v -7.509880 -16.950274 159.591109 0.260000 0.260000 0.260000
v -4.766712 -19.551099 159.857920 0.260000 0.260000 0.260000
v -23.229784 -33.562480 144.521967 0.620000 0.620000 0.620000
v -20.518524 -36.133053 145.155742 0.620000 0.620000 0.620000
v -36.717840 -49.336361 103.683641 1.000000 1.000000 1.000000
v -35.552011 -50.441695 104.130029 1.000000 1.000000 1.000000
v 7.716817 -0.723791 151.103752 0.000000 0.000000 0.000000
v 10.712759 -2.746001 151.103752 0.000000 0.000000 0.000000
v -5.925390 -20.937492 155.966787 0.260000 0.260000 0.260000
v -2.931780 -22.958128 155.824170 0.260000 0.260000 0.260000
v -18.686024 -39.854394 144.224331 0.620000 0.620000 0.620000
v -15.703340 -41.867655 143.884658 0.620000 0.620000 0.620000
v -29.415607 -57.561533 109.608388 1.000000 1.000000 1.000000
v -28.112550 -58.441075 109.367899 1.000000 1.000000 1.000000
v 9.210260 0.520572 153.693411 0.000000 0.000000 0.000000
v 11.801064 -1.151158 153.693411 0.000000 0.000000 0.000000
v -3.149908 -18.640831 155.196482 0.260000 0.260000 0.260000
v -0.564512 -20.309072 154.997372 0.260000 0.260000 0.260000
v -14.705194 -36.576674 138.610643 0.620000 0.620000 0.620000
v -12.145090 -38.228595 138.137389 0.620000 0.620000 0.620000
v -24.461154 -53.293288 99.759052 1.000000 1.000000 1.000000
v -23.356229 -54.006247 99.425322 1.000000 1.000000 1.000000
v 9.821617 -0.831514 152.392903 0.000000 0.000000 0.000000
v 12.122384 -1.708345 152.392903 0.000000 0.000000 0.000000
v 3.736016 -16.800018 171.110122 0.260000 0.260000 0.260000
v 6.036678 -17.676809 171.086654 0.260000 0.260000 0.260000
v -1.958082 -31.741813 173.969765 0.620000 0.620000 0.620000
v 0.342090 -32.618418 173.913808 0.620000 0.620000 0.620000
v -6.474377 -45.528402 145.110404 1.000000 1.000000 1.000000
v -5.462720 -45.913949 145.070697 1.000000 1.000000 1.000000
v 7.913764 0.337715 154.115875 0.000000 0.000000 0.000000
v 10.282676 -0.143620 154.115875 0.000000 0.000000 0.000000
v 4.926263 -14.365454 171.162398 0.260000 0.260000 0.260000
v 7.295161 -14.846786 171.170306 0.260000 0.260000 0.260000
v 2.130882 -28.123206 174.159524 0.620000 0.620000 0.620000
v 4.499722 -28.604526 174.178382 0.620000 0.620000 0.620000
v 0.260816 -40.726068 148.751823 1.000000 1.000000 1.000000
v 1.303055 -40.937839 148.765206 1.000000 1.000000 1.000000
v 8.952373 -0.508566 158.339901 0.000000 0.000000 0.000000
v 11.596290 -0.716022 158.339901 0.000000 0.000000 0.000000
v 7.605882 -17.701564 167.449128 0.260000 0.260000 0.260000
v 10.244695 -17.908619 167.284412 0.260000 0.260000 0.260000
v 6.355523 -33.789792 159.630337 0.620000 0.620000 0.620000
v 8.970457 -33.994975 159.238735 0.620000 0.620000 0.620000
v 5.953897 -48.427302 125.533101 1.000000 1.000000 1.000000
v 7.084143 -48.515987 125.256818 1.000000 1.000000 1.000000
v 7.578360 0.108681 155.345733 0.000000 0.000000 0.000000
v 10.035964 -0.261577 155.345733 0.000000 0.000000 0.000000
v 4.625413 -19.494062 168.475857 0.260000 0.260000 0.260000
v 7.082304 -19.864213 168.535692 0.260000 0.260000 0.260000
v 1.863676 -37.836541 165.159864 0.620000 0.620000 0.620000
v 4.317230 -38.206188 165.302483 0.620000 0.620000 0.620000
v 0.047735 -54.563074 133.477721 1.000000 1.000000 1.000000
v 1.124447 -54.725290 133.578845 1.000000 1.000000 1.000000
v 7.545098 -0.923691 154.124702 0.000000 0.000000 0.000000
v 10.961177 -1.061646 154.124702 0.000000 0.000000 0.000000
v 6.844804 -18.446156 164.069807 0.260000 0.260000 0.260000
v 10.246237 -18.583520 163.753567 0.260000 0.260000 0.260000
v 6.216864 -34.843021 158.378785 0.620000 0.620000 0.620000
v 9.549942 -34.977625 157.629720 0.620000 0.620000 0.620000
v 6.579010 -49.740443 127.182523 1.000000 1.000000 1.000000
v 7.987696 -49.797332 126.657847 1.000000 1.000000 1.000000
v 8.384742 -0.575877 152.912746 0.000000 0.000000 0.000000
v 11.854778 -0.084623 152.912746 0.000000 0.000000 0.000000
v 11.669814 -23.708308 155.274391 0.260000 0.260000 0.260000
v 15.119841 -23.219886 155.650207 0.260000 0.260000 0.260000
v 14.780922 -45.348036 143.073831 0.620000 0.620000 0.620000
v 18.137692 -44.872817 143.961942 0.620000 0.620000 0.620000
v 18.537370 -64.826596 112.613508 1.000000 1.000000 1.000000
v 19.935671 -64.628639 113.232748 1.000000 1.000000 1.000000
v 7.584294 -2.087262 155.627117 0.000000 0.000000 0.000000
v 10.888097 -1.377789 155.627117 0.000000 0.000000 0.000000
v 12.433031 -24.620072 162.023794 0.260000 0.260000 0.260000
v 15.717823 -23.914682 162.385773 0.260000 0.260000 0.260000
v 17.005399 -45.696408 146.214015 0.620000 0.620000 0.620000
v 20.201586 -45.010045 147.069444 0.620000 0.620000 0.620000
v 22.041313 -64.605451 100.388261 1.000000 1.000000 1.000000
v 23.372879 -64.319505 100.984735 1.000000 1.000000 1.000000
v 7.325292 -2.742601 158.435096 0.000000 0.000000 0.000000
v 10.779349 -1.171355 158.435096 0.000000 0.000000 0.000000
v 16.423630 -22.716124 166.284019 0.260000 0.260000 0.260000
v 19.857125 -21.154231 166.697449 0.260000 0.260000 0.260000
v 24.975228 -41.387922 155.328474 0.620000 0.620000 0.620000
v 28.312907 -39.869616 156.305187 0.620000 0.620000 0.620000
v 33.656730 -57.885663 117.326527 1.000000 1.000000 1.000000
v 35.044506 -57.254365 118.007152 1.000000 1.000000 1.000000
v 8.165142 -0.200459 155.181315 0.000000 0.000000 0.000000
v 10.241056 1.124009 155.181315 0.000000 0.000000 0.000000
v 21.460417 -21.028942 161.149622 0.260000 0.260000 0.260000
v 23.527293 -19.710241 160.920086 0.260000 0.260000 0.260000
v 33.917662 -40.507385 150.200332 0.620000 0.620000 0.620000
v 35.942355 -39.215598 149.656698 0.620000 0.620000 0.620000
v 45.772811 -57.799013 115.154159 1.000000 1.000000 1.000000
v 46.627970 -57.253407 114.773453 1.000000 1.000000 1.000000
v 7.496952 0.099754 152.971094 0.000000 0.000000 0.000000
v 9.690328 1.334887 152.971094 0.000000 0.000000 0.000000
v 19.201668 -20.674608 155.863790 0.260000 0.260000 0.260000
v 21.385529 -19.444833 155.629570 0.260000 0.260000 0.260000
v 30.171519 -40.103170 141.728222 0.620000 0.620000 0.620000
v 32.310969 -38.898404 141.173479 0.620000 0.620000 0.620000
v 40.710769 -57.373902 105.543543 1.000000 1.000000 1.000000
v 41.614535 -56.864974 105.155040 1.000000 1.000000 1.000000
v 7.309471 -2.468664 152.839077 0.000000 0.000000 0.000000
v 9.392003 -0.967370 152.839077 0.000000 0.000000 0.000000
v 17.254262 -16.263439 176.117589 0.260000 0.260000 0.260000
v 19.336584 -14.762297 176.154099 0.260000 0.260000 0.260000
v 26.559993 -29.170919 179.667946 0.620000 0.620000 0.620000
v 28.641328 -27.670487 179.754993 0.620000 0.620000 0.620000
v 35.576148 -40.448342 143.821970 1.000000 1.000000 1.000000
v 36.491092 -39.788760 143.883726 1.000000 1.000000 1.000000
v 8.703258 -2.212936 156.551199 0.000000 0.000000 0.000000
v 10.522177 0.027603 156.551199 0.000000 0.000000 0.000000
v 21.782647 -12.822184 176.571435 0.260000 0.260000 0.260000
v 23.592863 -10.592365 176.853412 0.260000 0.260000 0.260000
v 34.037254 -22.729260 179.025806 0.620000 0.620000 0.620000
v 35.806869 -20.549455 179.693190 0.620000 0.620000 0.620000
v 45.637369 -31.098813 147.126671 1.000000 1.000000 1.000000
v 46.381666 -30.181991 147.593418 1.000000 1.000000 1.000000
v 9.415602 -1.514396 157.192976 0.000000 0.000000 0.000000
v 10.832424 0.433314 157.192976 0.000000 0.000000 0.000000
v 25.613263 -13.294708 172.377255 0.260000 0.260000 0.260000
v 27.027858 -11.350059 172.512222 0.260000 0.260000 0.260000
v 40.773573 -24.311812 168.698369 0.620000 0.620000 0.620000
v 42.177751 -22.381484 169.019425 0.620000 0.620000 0.620000
v 54.905635 -33.756065 132.456005 1.000000 1.000000 1.000000
v 55.514598 -32.918921 132.682764 1.000000 1.000000 1.000000
v 9.938671 -3.277746 153.002752 0.000000 0.000000 0.000000
v 11.521014 -0.489338 153.002752 0.000000 0.000000 0.000000
v 26.486865 -12.668360 165.998687 0.260000 0.260000 0.260000
v 28.069191 -9.879982 165.983798 0.260000 0.260000 0.260000
v 41.971034 -21.455097 162.560624 0.620000 0.620000 0.620000
v 43.553280 -18.666860 162.525120 0.620000 0.620000 0.620000
v 56.446736 -28.637458 130.797863 1.000000 1.000000 1.000000
v 57.142856 -27.410754 130.772668 1.000000 1.000000 1.000000
v 7.494088 -2.030496 151.225071 0.000000 0.000000 0.000000
v 8.951287 1.122806 151.225071 0.000000 0.000000 0.000000
v 25.151579 -10.189978 166.950861 0.260000 0.260000 0.260000
v 26.608498 -7.037281 167.018975 0.260000 0.260000 0.260000
v 41.674210 -17.823664 163.241146 0.620000 0.620000 0.620000
v 43.129816 -14.673808 163.403521 0.620000 0.620000 0.620000
v 57.055537 -23.859878 125.858668 1.000000 1.000000 1.000000
v 57.694882 -22.476369 125.973834 1.000000 1.000000 1.000000
v 10.301932 -1.865376 154.377874 0.000000 0.000000 0.000000
v 11.313304 0.724327 154.377874 0.000000 0.000000 0.000000
v 29.932592 -9.525726 156.527027 0.260000 0.260000 0.260000
v 30.939812 -6.946653 156.778671 0.260000 0.260000 0.260000
v 48.308738 -16.673673 142.915240 0.620000 0.620000 0.620000
v 49.296579 -14.144223 143.511468 0.620000 0.620000 0.620000
v 65.238316 -22.444794 109.690969 1.000000 1.000000 1.000000
v 65.656553 -21.373863 110.108827 1.000000 1.000000 1.000000
v 10.169171 -3.186469 151.681742 0.000000 0.000000 0.000000
v 10.558150 -0.583893 151.681742 0.000000 0.000000 0.000000
v 33.952232 -6.737204 157.408398 0.260000 0.260000 0.260000
v 34.340083 -4.142180 157.608713 0.260000 0.260000 0.260000
v 56.208140 -10.045513 144.633883 0.620000 0.620000 0.620000
v 56.590716 -7.485780 145.109393 0.620000 0.620000 0.620000
v 76.484739 -12.327979 106.480502 1.000000 1.000000 1.000000
v 76.648592 -11.231669 106.814988 1.000000 1.000000 1.000000
v 10.139958 -3.312666 158.232653 0.000000 0.000000 0.000000
v 10.652724 -0.477535 158.232653 0.000000 0.000000 0.000000
v 32.618669 -7.377328 160.777761 0.260000 0.260000 0.260000
v 33.131131 -4.543874 160.678675 0.260000 0.260000 0.260000
v 53.652555 -11.177488 146.515983 0.620000 0.620000 0.620000
v 54.163597 -8.351889 146.279919 0.620000 0.620000 0.620000
v 72.857769 -13.830457 110.829480 1.000000 1.000000 1.000000
v 73.081414 -12.593901 110.662252 1.000000 1.000000 1.000000
v -4.911684 16.362751 0.110125 0.000000 0.000000 0.000000
v -7.610229 15.485829 0.071400 0.000000 0.000000 0.000000
v -9.278022 13.190056 0.048333 0.000000 0.000000 0.000000
v -9.278022 10.352340 0.049735 0.000000 0.000000 0.000000
v -7.610229 8.056591 0.075070 0.000000 0.000000 0.000000
v -4.911684 7.179707 0.114662 0.000000 0.000000 0.000000
v -2.213139 8.056629 0.153387 0.000000 0.000000 0.000000
v -0.545346 10.352402 0.176454 0.000000 0.000000 0.000000
v -0.545346 13.190119 0.175052 0.000000 0.000000 0.000000
v -2.213139 15.485868 0.149717 0.000000 0.000000 0.000000
v -7.375556 15.321244 169.904352 0.100000 0.100000 0.100000
v -9.412686 14.659256 169.875118 0.100000 0.100000 0.100000
v -10.671702 12.926178 169.857705 0.100000 0.100000 0.100000
v -10.671702 10.783987 169.858763 0.100000 0.100000 0.100000
v -9.412686 9.050927 169.877889 0.100000 0.100000 0.100000
v -7.375556 8.388969 169.907776 0.100000 0.100000 0.100000
v -5.338426 9.050957 169.937010 0.100000 0.100000 0.100000
v -4.079410 10.784034 169.954424 0.100000 0.100000 0.100000
v -4.079410 12.926225 169.953365 0.100000 0.100000 0.100000
v -5.338426 14.659285 169.934240 0.100000 0.100000 0.100000
v -7.316294 10.792214 168.391839 0.000000 0.000000 0.000000
v -7.522976 13.338898 168.391839 0.000000 0.000000 0.000000
v 8.863649 12.111170 190.346980 0.260000 0.260000 0.260000
v 8.657908 14.646258 190.590533 0.260000 0.260000 0.260000
v 24.001458 13.366946 194.755392 0.620000 0.620000 0.620000
v 23.800108 15.847923 195.332046 0.620000 0.620000 0.620000
v 37.663995 15.198050 163.426317 1.000000 1.000000 1.000000
v 37.579117 16.243899 163.829898 1.000000 1.000000 1.000000
v -6.554186 9.479002 168.135663 0.000000 0.000000 0.000000
v -6.709965 12.749269 168.135663 0.000000 0.000000 0.000000
v 8.946472 10.219441 188.657742 0.260000 0.260000 0.260000
v 8.790889 13.485588 188.493456 0.260000 0.260000 0.260000
v 23.450062 10.919984 191.991215 0.620000 0.620000 0.620000
v 23.295398 14.166847 191.600227 0.620000 0.620000 0.620000
v 36.550797 12.463461 160.651952 1.000000 1.000000 1.000000
v 36.483528 13.875641 160.375538 1.000000 1.000000 1.000000
v -8.095530 9.096991 168.813983 0.000000 0.000000 0.000000
v -9.144482 12.320895 168.813983 0.000000 0.000000 0.000000
v 8.435085 14.475756 178.048842 0.260000 0.260000 0.260000
v 7.386282 17.699206 177.991921 0.260000 0.260000 0.260000
v 23.902497 19.509515 170.618749 0.620000 0.620000 0.620000
v 22.854386 22.730836 170.483046 0.620000 0.620000 0.620000
v 37.626532 24.973322 137.224035 1.000000 1.000000 1.000000
v 37.165956 26.388883 137.127770 1.000000 1.000000 1.000000
v -5.927888 11.899563 171.377968 0.000000 0.000000 0.000000
v -7.075991 14.500088 171.377968 0.000000 0.000000 0.000000
v 10.809996 19.291882 188.284489 0.260000 0.260000 0.260000
v 9.663906 21.887846 188.452787 0.260000 0.260000 0.260000
v 26.467856 26.217408 185.713844 0.620000 0.620000 0.620000
v 25.331189 28.792030 186.114071 0.620000 0.620000 0.620000
v 40.339931 33.214042 148.675238 1.000000 1.000000 1.000000
v 39.847821 34.328702 148.957758 1.000000 1.000000 1.000000
v -7.117388 9.942530 172.140402 0.000000 0.000000 0.000000
v -8.368672 12.108551 172.140402 0.000000 0.000000 0.000000
v 8.060439 18.718992 184.800932 0.260000 0.260000 0.260000
v 6.816447 20.872391 185.070601 0.260000 0.260000 0.260000
v 22.248743 26.954634 177.800934 0.620000 0.620000 0.620000
v 21.038737 29.049201 178.438144 0.620000 0.620000 0.620000
v 34.769292 35.002896 139.219693 1.000000 1.000000 1.000000
v 34.265558 35.874878 139.663906 1.000000 1.000000 1.000000
v -6.268080 11.058410 170.913444 0.000000 0.000000 0.000000
v -8.034395 14.093054 170.913444 0.000000 0.000000 0.000000
v 15.357920 23.657167 171.850781 0.260000 0.260000 0.260000
v 13.601469 26.674864 172.221339 0.260000 0.260000 0.260000
v 35.574982 35.477387 154.673012 0.620000 0.620000 0.620000
v 33.864512 38.416087 155.548950 0.620000 0.620000 0.620000
v 53.419385 47.009953 116.112082 1.000000 1.000000 1.000000
v 52.705587 48.236304 116.723177 1.000000 1.000000 1.000000
v -5.407076 12.008137 164.655423 0.000000 0.000000 0.000000
v -6.912234 13.881567 164.655423 0.000000 0.000000 0.000000
v 11.006038 25.201941 171.584159 0.260000 0.260000 0.260000
v 9.507832 27.066717 171.353442 0.260000 0.260000 0.260000
v 26.350813 37.563516 158.340865 0.620000 0.620000 0.620000
v 24.885047 39.387915 157.794660 0.620000 0.620000 0.620000
v 39.847725 49.275925 116.536992 1.000000 1.000000 1.000000
v 39.230230 50.044505 116.154798 1.000000 1.000000 1.000000
v -5.244742 9.797877 170.653373 0.000000 0.000000 0.000000
v -7.574255 12.055265 170.653373 0.000000 0.000000 0.000000
v 11.756416 27.355213 173.053729 0.260000 0.260000 0.260000
v 9.439881 29.600025 173.395661 0.260000 0.260000 0.260000
v 27.640213 43.807034 161.263156 0.620000 0.620000 0.620000
v 25.384177 45.993220 162.071441 0.620000 0.620000 0.620000
v 41.405246 59.326961 131.586597 1.000000 1.000000 1.000000
v 40.463656 60.239399 132.150517 1.000000 1.000000 1.000000
v -6.103294 10.738663 171.187002 0.000000 0.000000 0.000000
v -8.241060 12.736363 171.187002 0.000000 0.000000 0.000000
v 8.717064 26.601170 176.791351 0.260000 0.260000 0.260000
v 6.582326 28.596039 176.947059 0.260000 0.260000 0.260000
v 22.578793 41.449010 163.861602 0.620000 0.620000 0.620000
v 20.458233 43.430630 164.232086 0.620000 0.620000 0.620000
v 34.547743 55.459501 125.561689 1.000000 1.000000 1.000000
v 33.626779 56.320124 125.823482 1.000000 1.000000 1.000000
v -6.926099 12.060364 165.935965 0.000000 0.000000 0.000000
v -9.495228 14.059750 165.935965 0.000000 0.000000 0.000000
v 6.064350 28.763163 171.694256 0.260000 0.260000 0.260000
v 3.505503 30.754548 171.403289 0.260000 0.260000 0.260000
v 18.200314 44.406900 159.057827 0.620000 0.620000 0.620000
v 15.689472 46.360926 158.368317 0.620000 0.620000 0.620000
v 28.497031 59.130208 120.701508 1.000000 1.000000 1.000000
v 27.432926 59.958331 120.218124 1.000000 1.000000 1.000000
v -5.866808 12.265271 167.319657 0.000000 0.000000 0.000000
v -8.079137 13.584119 167.319657 0.000000 0.000000 0.000000
v 1.606458 24.812586 186.042924 0.260000 0.260000 0.260000
v -0.596080 26.125597 185.800873 0.260000 0.260000 0.260000
v 8.580923 36.563992 189.975643 0.620000 0.620000 0.620000
v 6.424078 37.849764 189.402433 0.620000 0.620000 0.620000
v 14.299052 47.573015 163.228814 1.000000 1.000000 1.000000
v 13.388710 48.115702 162.827485 1.000000 1.000000 1.000000
v -5.015461 11.977334 169.534490 0.000000 0.000000 0.000000
v -7.303409 12.981557 169.534490 0.000000 0.000000 0.000000
v 1.693090 27.266799 187.380386 0.260000 0.260000 0.260000
v -0.591034 28.269344 187.235969 0.260000 0.260000 0.260000
v 7.963119 41.576287 189.767062 0.620000 0.620000 0.620000
v 5.696892 42.570976 189.423582 0.620000 0.620000 0.620000
v 13.011337 54.822694 161.406131 1.000000 1.000000 1.000000
v 12.029439 55.253667 161.163608 1.000000 1.000000 1.000000
v -6.282376 11.430735 172.206744 0.000000 0.000000 0.000000
v -9.671548 12.391684 172.206744 0.000000 0.000000 0.000000
v -1.009378 30.058510 183.231545 0.260000 0.260000 0.260000
v -4.382575 31.014929 182.889910 0.260000 0.260000 0.260000
v 3.894771 47.496957 179.973966 0.620000 0.620000 0.620000
v 0.596106 48.432244 179.165290 0.620000 0.620000 0.620000
v 7.417832 63.561956 151.996243 1.000000 1.000000 1.000000
v 6.029454 63.955610 151.430556 1.000000 1.000000 1.000000
v -7.086796 10.390864 171.871586 0.000000 0.000000 0.000000
v -9.854606 10.729024 171.871586 0.000000 0.000000 0.000000
v -4.866473 28.615153 182.084762 0.260000 0.260000 0.260000
v -7.621978 28.951809 181.822120 0.260000 0.260000 0.260000
v -2.811874 45.670415 175.562997 0.620000 0.620000 0.620000
v -5.509953 46.000056 174.941043 0.620000 0.620000 0.620000
v -1.703613 61.218998 142.117315 1.000000 1.000000 1.000000
v -2.842172 61.358102 141.681886 1.000000 1.000000 1.000000
v -4.743595 12.281219 170.778189 0.000000 0.000000 0.000000
v -7.269492 12.500832 170.778189 0.000000 0.000000 0.000000
v -3.211756 29.982474 184.715250 0.260000 0.260000 0.260000
v -5.723389 30.200846 184.984325 0.260000 0.260000 0.260000
v -1.804988 46.547839 182.046011 0.620000 0.620000 0.620000
v -4.250129 46.760430 182.681996 0.620000 0.620000 0.620000
v -1.212658 61.619704 150.439209 1.000000 1.000000 1.000000
v -2.232406 61.708366 150.882816 1.000000 1.000000 1.000000
v -6.904543 13.203777 164.893379 0.000000 0.000000 0.000000
v -10.387104 12.766061 164.893379 0.000000 0.000000 0.000000
v -9.939122 37.289614 169.209051 0.260000 0.260000 0.260000
v -13.407352 36.853699 169.527149 0.260000 0.260000 0.260000
v -12.805322 59.823359 154.599382 0.620000 0.620000 0.620000
v -16.206653 59.395853 155.353050 0.620000 0.620000 0.620000
v -16.353230 80.125327 115.223730 1.000000 1.000000 1.000000
v -17.793158 79.944345 115.751910 1.000000 1.000000 1.000000
v -7.021338 11.085245 164.628699 0.000000 0.000000 0.000000
v -9.669985 10.582055 164.628699 0.000000 0.000000 0.000000
v -11.060395 32.307070 167.082221 0.260000 0.260000 0.260000
v -13.694883 31.806570 166.803826 0.260000 0.260000 0.260000
v -14.866124 52.159309 152.691327 0.620000 0.620000 0.620000
v -17.434593 51.671351 152.033000 0.620000 0.620000 0.620000
v -19.032234 70.014348 116.737202 1.000000 1.000000 1.000000
v -20.106607 69.810238 116.277585 1.000000 1.000000 1.000000
v -7.192149 11.727381 164.664227 0.000000 0.000000 0.000000
v -9.513117 11.032576 164.664227 0.000000 0.000000 0.000000
v -13.983659 34.411031 171.801233 0.260000 0.260000 0.260000
v -16.302907 33.716741 171.894514 0.260000 0.260000 0.260000
v -20.341697 55.635146 161.372628 0.620000 0.620000 0.620000
v -22.652885 54.943269 161.594810 0.620000 0.620000 0.620000
v -26.750650 74.676040 125.556300 1.000000 1.000000 1.000000
v -27.760693 74.373673 125.713622 1.000000 1.000000 1.000000
v -6.357686 13.592197 167.585564 0.000000 0.000000 0.000000
v -8.879494 12.578697 167.585564 0.000000 0.000000 0.000000
v -14.310660 33.368279 174.163989 0.260000 0.260000 0.260000
v -16.823721 32.358294 173.937813 0.260000 0.260000 0.260000
v -21.768591 51.866184 159.297471 0.620000 0.620000 0.620000
v -24.240792 50.872620 158.761049 0.620000 0.620000 0.620000
v -29.218441 68.352364 114.643107 1.000000 1.000000 1.000000
v -30.271554 67.929124 114.266429 1.000000 1.000000 1.000000
v -5.032032 13.249084 172.135308 0.000000 0.000000 0.000000
v -8.024812 11.484673 172.135308 0.000000 0.000000 0.000000
v -15.777025 31.467501 175.963017 0.260000 0.260000 0.260000
v -18.763548 29.706778 176.187542 0.260000 0.260000 0.260000
v -25.842813 48.507564 163.803086 0.620000 0.620000 0.620000
v -28.800074 46.764093 164.336743 0.620000 0.620000 0.620000
v -35.792252 63.462589 130.553675 1.000000 1.000000 1.000000
v -37.068548 62.710141 130.929997 1.000000 1.000000 1.000000
v -5.562620 13.490952 171.783415 0.000000 0.000000 0.000000
v -8.694990 11.390435 171.783415 0.000000 0.000000 0.000000
v -14.537043 26.870663 194.529751 0.260000 0.260000 0.260000
v -17.666374 24.772183 194.695813 0.260000 0.260000 0.260000
v -22.940096 39.386235 199.397742 0.620000 0.620000 0.620000
v -26.055203 37.297294 199.793137 0.620000 0.620000 0.620000
v -31.427294 50.143941 167.513530 1.000000 1.000000 1.000000
v -32.785807 49.232944 167.793307 1.000000 1.000000 1.000000
v -7.774525 13.620763 169.582663 0.000000 0.000000 0.000000
v -9.699460 12.174360 169.582663 0.000000 0.000000 0.000000
v -16.823289 25.653776 187.137065 0.260000 0.260000 0.260000
v -18.739125 24.214209 186.903240 0.260000 0.260000 0.260000
v -25.307180 36.900310 189.963378 0.620000 0.620000 0.620000
v -27.180569 35.492639 189.409908 0.620000 0.620000 0.620000
v -33.519051 46.699407 163.018973 1.000000 1.000000 1.000000
v -34.307444 46.107006 162.631823 1.000000 1.000000 1.000000
v -6.495846 13.640691 169.768869 0.000000 0.000000 0.000000
v -8.377560 11.438470 169.768869 0.000000 0.000000 0.000000
v -20.037335 25.210512 181.317704 0.260000 0.260000 0.260000
v -21.918195 23.009290 181.404948 0.260000 0.260000 0.260000
v -32.709699 36.034514 174.298364 0.620000 0.620000 0.620000
v -34.586560 33.837973 174.506260 0.620000 0.620000 0.620000
v -44.719566 45.228960 137.592888 1.000000 1.000000 1.000000
v -45.541969 44.266479 137.740224 1.000000 1.000000 1.000000
v -5.579895 13.044045 170.942754 0.000000 0.000000 0.000000
v -7.756535 10.297645 170.942754 0.000000 0.000000 0.000000
v -21.428690 25.591922 181.268933 0.260000 0.260000 0.260000
v -23.592705 22.861452 181.645821 0.260000 0.260000 0.260000
v -36.281913 37.303297 174.575555 0.620000 0.620000 0.620000
v -38.387087 34.647068 175.466154 0.620000 0.620000 0.620000
v -50.330393 47.175422 141.120972 1.000000 1.000000 1.000000
v -51.207032 46.069314 141.741880 1.000000 1.000000 1.000000
v -5.871415 14.386747 168.879264 0.000000 0.000000 0.000000
v -7.163317 11.987646 168.879264 0.000000 0.000000 0.000000
v -24.780366 24.568506 183.597735 0.260000 0.260000 0.260000
v -26.071767 22.170336 183.521817 0.260000 0.260000 0.260000
v -42.474402 34.093827 177.885253 0.620000 0.620000 0.620000
v -43.763453 31.700020 177.704329 0.620000 0.620000 0.620000
v -58.870663 42.056087 137.926820 1.000000 1.000000 1.000000
v -59.435839 41.006539 137.798574 1.000000 1.000000 1.000000
v -6.398995 12.177416 169.511044 0.000000 0.000000 0.000000
v -7.597455 9.787362 169.511044 0.000000 0.000000 0.000000
v -27.899954 22.952423 172.627838 0.260000 0.260000 0.260000
v -29.093317 20.572535 172.381508 0.260000 0.260000 0.260000
v -48.027902 33.015625 157.590912 0.620000 0.620000 0.620000
v -49.197474 30.683182 157.007410 0.620000 0.620000 0.620000
v -66.595816 41.483828 119.027229 1.000000 1.000000 1.000000
v -67.090286 40.497722 118.618477 1.000000 1.000000 1.000000
v -6.645365 13.465833 165.675781 0.000000 0.000000 0.000000
v -7.795070 10.779566 165.675781 0.000000 0.000000 0.000000
v -26.004981 21.751500 172.481295 0.260000 0.260000 0.260000
v -27.154595 19.065445 172.518009 0.260000 0.260000 0.260000
v -44.119933 29.503997 159.237277 0.620000 0.620000 0.620000
v -45.269122 26.818936 159.324814 0.620000 0.620000 0.620000
v -60.858543 35.777979 117.902916 1.000000 1.000000 1.000000
v -61.363823 34.597402 117.965024 1.000000 1.000000 1.000000
v -8.485206 13.074600 171.413675 0.000000 0.000000 0.000000
v -8.940086 10.103871 171.413675 0.000000 0.000000 0.000000
v -29.398317 16.276135 175.786375 0.260000 0.260000 0.260000
v -29.852989 13.306761 175.877138 0.260000 0.260000 0.260000
v -48.967094 19.269269 161.198981 0.620000 0.620000 0.620000
v -49.420794 16.306243 161.415262 0.620000 0.620000 0.620000
v -66.828494 21.152344 121.561049 1.000000 1.000000 1.000000
v -67.027292 19.854034 121.714326 1.000000 1.000000 1.000000
v -6.365753 13.360462 164.873231 0.000000 0.000000 0.000000
v -6.497842 9.792948 164.873231 0.000000 0.000000 0.000000
v -29.429223 14.213806 168.325412 0.260000 0.260000 0.260000
v -29.561268 10.647474 168.233460 0.260000 0.260000 0.260000
v -51.009782 15.010060 156.058497 0.620000 0.620000 0.620000
v -51.141622 11.449274 155.839339 0.620000 0.620000 0.620000
v -70.604279 14.734796 122.994229 1.000000 1.000000 1.000000
v -70.662113 13.172788 122.838855 1.000000 1.000000 1.000000
v -7.930048 13.653212 167.282929 0.000000 0.000000 0.000000
v -7.882427 9.874364 167.282929 0.000000 0.000000 0.000000
v -32.621151 13.333355 172.355215 0.260000 0.260000 0.260000
v -32.573750 9.571913 171.992900 0.260000 0.260000 0.260000
v -55.724195 13.001599 159.965624 0.620000 0.620000 0.620000
v -55.677817 9.321376 159.107853 0.620000 0.620000 0.620000
v -76.648592 11.672928 123.362801 1.000000 1.000000 1.000000
v -76.629052 10.122337 122.762573 1.000000 1.000000 1.000000
v -7.705326 14.556472 167.098103 0.000000 0.000000 0.000000
v -7.038638 11.314922 167.098103 0.000000 0.000000 0.000000
v -24.591703 11.075568 189.095156 0.260000 0.260000 0.260000
v -23.928130 7.849163 189.414679 0.260000 0.260000 0.260000
v -40.386469 7.790245 191.744794 0.620000 0.620000 0.620000
v -39.737428 4.634497 192.501177 0.620000 0.620000 0.620000
v -54.519333 3.931415 156.602903 1.000000 1.000000 1.000000
v -54.246047 2.602650 157.132079 1.000000 1.000000 1.000000
v -6.696856 14.500349 172.349420 0.000000 0.000000 0.000000
v -6.260866 11.171464 172.349420 0.000000 0.000000 0.000000
v -23.500689 12.293791 192.140701 0.260000 0.260000 0.260000
v -23.066175 8.976176 192.416744 0.260000 0.260000 0.260000
v -39.221270 10.208062 194.533432 0.620000 0.620000 0.620000
v -38.793653 6.943100 195.188208 0.620000 0.620000 0.620000
v -53.348663 7.405185 162.924866 1.000000 1.000000 1.000000
v -53.166361 6.013269 163.384770 1.000000 1.000000 1.000000
v -8.258853 14.295146 171.161651 0.000000 0.000000 0.000000
v -7.165754 10.818554 171.161651 0.000000 0.000000 0.000000
v -28.716910 7.853165 182.705436 0.260000 0.260000 0.260000
v -27.629319 4.394090 182.340052 0.260000 0.260000 0.260000
v -47.849237 1.792750 176.986954 0.620000 0.620000 0.620000
v -46.787334 -1.584623 176.122506 0.620000 0.620000 0.620000
v -64.891542 -4.642724 142.696507 1.000000 1.000000 1.000000
v -64.446014 -6.059722 142.092412 1.000000 1.000000 1.000000
v -8.414795 14.478199 168.298355 0.000000 0.000000 0.000000
v -7.009460 11.330792 168.298355 0.000000 0.000000 0.000000
v -27.552058 5.929257 182.037257 0.260000 0.260000 0.260000
v -26.149736 2.788598 182.262840 0.260000 0.260000 0.260000
v -45.453151 -2.082605 178.394337 0.620000 0.620000 0.620000
v -44.064920 -5.191707 178.930466 0.620000 0.620000 0.620000
v -61.287872 -10.213105 145.015782 1.000000 1.000000 1.000000
v -60.689038 -11.554261 145.393784 1.000000 1.000000 1.000000
v -8.954266 14.217532 171.387347 0.000000 0.000000 0.000000
v -7.790424 11.916435 171.387347 0.000000 0.000000 0.000000
v -26.620407 5.282402 182.983823 0.260000 0.260000 0.260000
v -25.456566 2.981308 182.988645 0.260000 0.260000 0.260000
v -43.150602 -3.078202 178.829993 0.620000 0.620000 0.620000
v -41.986771 -5.379277 178.841492 0.620000 0.620000 0.620000
v -57.805376 -11.299380 148.156043 1.000000 1.000000 1.000000
v -57.293298 -12.311836 148.164203 1.000000 1.000000 1.000000
v -7.424690 12.016020 164.933097 0.000000 0.000000 0.000000
v -5.329323 9.606485 164.933097 0.000000 0.000000 0.000000
v -23.669708 -2.117500 170.431492 0.260000 0.260000 0.260000
v -21.580892 -4.519502 170.179179 0.260000 0.260000 0.260000
v -38.857923 -15.356305 157.306317 0.620000 0.620000 0.620000
v -36.799719 -17.723105 156.707585 0.620000 0.620000 0.620000
v -52.046968 -28.015791 118.413899 1.000000 1.000000 1.000000
v -51.167344 -29.027301 117.993025 1.000000 1.000000 1.000000
v -6.879972 14.233090 168.532270 0.000000 0.000000 0.000000
v -5.092331 12.046013 168.532270 0.000000 0.000000 0.000000
v -23.578106 0.581339 172.046657 0.260000 0.260000 0.260000
v -21.793676 -1.601810 171.877437 0.260000 0.260000 0.260000
v -39.196534 -12.199948 159.731176 0.620000 0.620000 0.620000
v -37.427125 -14.364721 159.328785 0.620000 0.620000 0.620000
v -52.855860 -24.388744 126.375954 1.000000 1.000000 1.000000
v -52.090109 -25.325597 126.091943 1.000000 1.000000 1.000000
v -7.513265 11.748665 166.983520 0.000000 0.000000 0.000000
v -4.852125 9.662892 166.983520 0.000000 0.000000 0.000000
v -20.819000 -5.236588 171.882243 0.260000 0.260000 0.260000
v -18.166691 -7.315440 171.607028 0.260000 0.260000 0.260000
v -33.252676 -21.142609 157.924474 0.620000 0.620000 0.620000
v -30.641619 -23.189128 157.271592 0.620000 0.620000 0.620000
v -43.790908 -36.129683 118.333428 1.000000 1.000000 1.000000
v -42.677045 -37.002718 117.874760 1.000000 1.000000 1.000000
v -7.899948 13.636804 168.704075 0.000000 0.000000 0.000000
v -5.036162 12.024540 168.704075 0.000000 0.000000 0.000000
v -18.665996 -5.490342 171.371286 0.260000 0.260000 0.260000
v -15.805581 -7.100709 171.530697 0.260000 0.260000 0.260000
v -28.733469 -23.391158 158.996794 0.620000 0.620000 0.620000
v -25.888834 -24.992641 159.376232 0.620000 0.620000 0.620000
v -37.061137 -40.062120 127.396321 1.000000 1.000000 1.000000
v -35.822953 -40.759197 127.664637 1.000000 1.000000 1.000000
v -7.722687 13.375288 167.140995 0.000000 0.000000 0.000000
v -4.464041 11.535581 167.140995 0.000000 0.000000 0.000000
v -18.814038 -6.271073 172.302370 0.260000 0.260000 0.260000
v -15.555749 -8.110579 172.357733 0.260000 0.260000 0.260000
v -29.191541 -24.654541 159.191142 0.620000 0.620000 0.620000
v -25.934924 -26.493103 159.323139 0.620000 0.620000 0.620000
v -37.684442 -41.829506 121.237059 1.000000 1.000000 1.000000
v -36.252959 -42.637667 121.330703 1.000000 1.000000 1.000000
v -9.878403 12.831170 166.699718 0.000000 0.000000 0.000000
v -6.651472 11.633707 166.699718 0.000000 0.000000 0.000000
v -15.691713 -2.846579 186.978647 0.260000 0.260000 0.260000
v -12.472615 -4.041135 187.218331 0.260000 0.260000 0.260000
v -21.116576 -17.521677 188.992686 0.620000 0.620000 0.620000
v -17.934105 -18.702642 189.562073 0.620000 0.620000 0.620000
v -25.142843 -31.151414 155.620674 1.000000 1.000000 1.000000
v -23.773697 -31.659482 156.021778 1.000000 1.000000 1.000000
v -8.120586 12.072286 167.484124 0.000000 0.000000 0.000000
v -4.817747 11.320196 167.484124 0.000000 0.000000 0.000000
v -11.363526 -2.186819 188.662917 0.260000 0.260000 0.260000
v -8.068299 -2.937176 188.892763 0.260000 0.260000 0.260000
v -14.383708 -15.532299 192.179699 0.620000 0.620000 0.620000
v -11.124076 -16.274551 192.725821 0.620000 0.620000 0.620000
v -16.209072 -27.834371 160.364188 1.000000 1.000000 1.000000
v -14.805107 -28.154068 160.749047 1.000000 1.000000 1.000000
v -8.457734 12.448341 166.601853 0.000000 0.000000 0.000000
v -5.228158 12.092606 166.601853 0.000000 0.000000 0.000000
v -10.430152 -5.460511 181.908752 0.260000 0.260000 0.260000
v -7.201016 -5.816197 181.855102 0.260000 0.260000 0.260000
v -12.274917 -22.217906 178.049389 0.620000 0.620000 0.620000
v -9.047844 -22.573365 177.921481 0.620000 0.620000 0.620000
v -13.043225 -37.503976 141.016675 1.000000 1.000000 1.000000
v -11.625077 -37.660184 140.925940 1.000000 1.000000 1.000000
v -7.887710 12.886848 172.099536 0.000000 0.000000 0.000000
v -4.986634 12.463347 172.099536 0.000000 0.000000 0.000000
v -10.717992 -6.531313 183.552121 0.260000 0.260000 0.260000
v -7.825519 -6.953558 183.326505 0.260000 0.260000 0.260000
v -13.350208 -24.703223 176.117614 0.620000 0.620000 0.620000
v -10.497938 -25.119599 175.582097 0.620000 0.620000 0.620000
v -14.938191 -41.288107 138.412136 1.000000 1.000000 1.000000
v -13.717331 -41.466329 138.035513 1.000000 1.000000 1.000000
v -9.011811 11.372047 166.242818 0.000000 0.000000 0.000000
v -5.772630 11.376474 166.242818 0.000000 0.000000 0.000000
v -8.982361 -9.377757 179.033081 0.260000 0.260000 0.260000
v -5.745356 -9.373332 178.914401 0.260000 0.260000 0.260000
v -8.950730 -28.793332 174.682871 0.620000 0.620000 0.620000
v -5.723910 -28.788922 174.400161 0.620000 0.620000 0.620000
v -8.018822 -46.387647 141.238798 1.000000 1.000000 1.000000
v -6.607717 -46.385718 141.038573 1.000000 1.000000 1.000000
v -9.012647 10.441023 170.314726 0.000000 0.000000 0.000000
v -5.652309 11.266263 170.314726 0.000000 0.000000 0.000000
v -3.293321 -12.818889 176.251959 0.260000 0.260000 0.260000
v 0.053621 -11.996939 176.560624 0.260000 0.260000 0.260000
v 2.083254 -34.577037 165.151456 0.620000 0.620000 0.620000
v 5.367652 -33.770447 165.882922 0.620000 0.620000 0.620000
v 7.873610 -54.070173 130.320386 1.000000 1.000000 1.000000
v 9.265759 -53.728286 130.833209 1.000000 1.000000 1.000000
v -9.064942 12.352970 169.735816 0.000000 0.000000 0.000000
v -6.214637 13.146915 169.735816 0.000000 0.000000 0.000000
v -2.588087 -10.872875 176.949116 0.260000 0.260000 0.260000
v 0.248558 -10.082736 176.659778 0.260000 0.260000 0.260000
v 3.497776 -32.598192 163.952208 0.620000 0.620000 0.620000
v 6.270692 -31.825804 163.267412 0.620000 0.620000 0.620000
v 9.787630 -52.071237 122.096057 1.000000 1.000000 1.000000
v 10.953825 -51.746397 121.617144 1.000000 1.000000 1.000000
v -8.679139 11.407554 165.832265 0.000000 0.000000 0.000000
v -6.276770 12.591840 165.832265 0.000000 0.000000 0.000000
v 0.731472 -7.678259 169.650589 0.260000 0.260000 0.260000
v 3.130694 -6.495524 169.513532 0.260000 0.260000 0.260000
v 9.542870 -25.533940 157.074952 0.620000 0.620000 0.620000
v 11.927360 -24.358467 156.748792 0.620000 0.620000 0.620000
v 18.195543 -41.386883 122.617514 1.000000 1.000000 1.000000
v 19.232162 -40.875866 122.386967 1.000000 1.000000 1.000000
v -9.346573 10.655278 170.070192 0.000000 0.000000 0.000000
v -6.355863 12.463699 170.070192 0.000000 0.000000 0.000000
v 3.197879 -10.071022 175.439267 0.260000 0.260000 0.260000
v 6.171471 -8.272953 175.065865 0.260000 0.260000 0.260000
v 14.967602 -29.445331 163.350716 0.620000 0.620000 0.620000
v 17.861406 -27.695507 162.468249 0.620000 0.620000 0.620000
v 26.441797 -46.515039 126.834342 1.000000 1.000000 1.000000
v 27.647749 -45.785825 126.218957 1.000000 1.000000 1.000000
v -7.481965 11.059470 164.661020 0.000000 0.000000 0.000000
v -4.823834 12.538026 164.661020 0.000000 0.000000 0.000000
v 2.851993 -7.510653 170.423626 0.260000 0.260000 0.260000
v 5.503205 -6.035946 170.204309 0.260000 0.260000 0.260000
v 12.534408 -24.879514 154.621479 0.620000 0.620000 0.620000
v 15.153275 -23.422797 154.100618 0.620000 0.620000 0.620000
v 22.041559 -40.212835 109.476463 1.000000 1.000000 1.000000
v 23.166372 -39.587170 109.109740 1.000000 1.000000 1.000000
v -10.089621 11.895989 171.787689 0.000000 0.000000 0.000000
v -7.131624 13.990730 171.787689 0.000000 0.000000 0.000000
v -1.338787 -0.448634 189.531729 0.260000 0.260000 0.260000
v 1.607432 1.637767 189.208599 0.260000 0.260000 0.260000
v 6.871348 -11.983923 191.149811 0.620000 0.620000 0.620000
v 9.762579 -9.936463 190.384062 0.620000 0.620000 0.620000
v 15.119781 -21.865750 161.157656 1.000000 1.000000 1.000000
v 16.345338 -20.997857 160.620789 1.000000 1.000000 1.000000
v -7.117767 10.357918 171.545554 0.000000 0.000000 0.000000
v -5.341381 12.489547 171.545554 0.000000 0.000000 0.000000
v 4.796497 0.437550 194.956510 0.260000 0.260000 0.260000
v 6.564675 2.559329 195.222944 0.260000 0.260000 0.260000
v 15.959977 -8.826564 199.597534 0.620000 0.620000 0.620000
v 17.689857 -6.750741 200.228293 0.620000 0.620000 0.620000
v 26.560197 -16.642412 166.067995 1.000000 1.000000 1.000000
v 27.288948 -15.767925 166.509352 1.000000 1.000000 1.000000
v -9.909448 10.029346 171.613837 0.000000 0.000000 0.000000
v -7.595871 13.025883 171.613837 0.000000 0.000000 0.000000
v 4.199599 -0.852734 187.390159 0.260000 0.260000 0.260000
v 6.502259 2.129663 187.757505 0.260000 0.260000 0.260000
v 17.421789 -11.008720 185.180643 0.620000 0.620000 0.620000
v 19.673512 -8.092295 186.050171 0.620000 0.620000 0.620000
v 30.033464 -19.398076 151.215196 1.000000 1.000000 1.000000
v 30.981145 -18.170644 151.823440 1.000000 1.000000 1.000000
v -9.005294 9.217622 165.818876 0.000000 0.000000 0.000000
v -7.244302 12.109789 165.818876 0.000000 0.000000 0.000000
v 7.841770 -1.039474 175.524987 0.260000 0.260000 0.260000
v 9.602054 1.851532 175.429051 0.260000 0.260000 0.260000
v 23.606885 -10.634857 169.379391 0.620000 0.620000 0.620000
v 25.363857 -7.749290 169.150763 0.620000 0.620000 0.620000
v 38.386035 -18.522947 137.844746 1.000000 1.000000 1.000000
v 39.156274 -17.257944 137.682692 1.000000 1.000000 1.000000
v -7.884597 9.257440 168.267894 0.000000 0.000000 0.000000
v -6.787456 11.767870 168.267894 0.000000 0.000000 0.000000
v 11.262623 0.892396 180.265591 0.260000 0.260000 0.260000
v 12.357617 3.397911 180.094238 0.260000 0.260000 0.260000
v 29.182687 -6.925576 174.449795 0.620000 0.620000 0.620000
v 30.267632 -4.443052 174.042433 0.620000 0.620000 0.620000
v 45.726422 -13.316213 139.272693 1.000000 1.000000 1.000000
v 46.195246 -12.243471 138.985316 1.000000 1.000000 1.000000
v -8.260128 11.732983 167.368110 0.000000 0.000000 0.000000
v -7.552859 14.175207 167.368110 0.000000 0.000000 0.000000
v 15.330384 4.903625 168.486640 0.260000 0.260000 0.260000
v 16.036336 7.341303 168.641707 0.260000 0.260000 0.260000
v 37.406478 -1.478095 152.982404 0.620000 0.620000 0.620000
v 38.106271 0.938315 153.351105 0.620000 0.620000 0.620000
v 57.608921 -6.585578 117.508770 1.000000 1.000000 1.000000
v 57.911586 -5.540464 117.768950 1.000000 1.000000 1.000000
v -8.915753 9.673399 169.975317 0.000000 0.000000 0.000000
v -7.910779 13.335642 169.975317 0.000000 0.000000 0.000000
v 15.307920 3.026073 178.694846 0.260000 0.260000 0.260000
v 16.312889 6.688300 178.706213 0.260000 0.260000 0.260000
v 37.974007 -3.193797 168.394557 0.620000 0.620000 0.620000
v 38.978955 0.468353 168.421663 0.620000 0.620000 0.620000
v 58.796749 -7.805212 129.820487 1.000000 1.000000 1.000000
v 59.238908 -6.193932 129.839724 1.000000 1.000000 1.000000
v -8.810610 9.995629 170.786749 0.000000 0.000000 0.000000
v -8.493539 13.455577 170.786749 0.000000 0.000000 0.000000
v 12.539361 8.040916 177.614567 0.260000 0.260000 0.260000
v 12.856104 11.497279 177.772687 0.260000 0.260000 0.260000
v 32.517133 6.218606 166.570771 0.620000 0.620000 0.620000
v 32.832338 9.658186 166.947217 0.620000 0.620000 0.620000
v 50.710395 5.529756 130.061520 1.000000 1.000000 1.000000
v 50.847773 7.028856 130.327835 1.000000 1.000000 1.000000
v -6.912473 -8.615904 0.126951 0.000000 0.000000 0.000000
v -9.639980 -9.502081 0.092008 0.000000 0.000000 0.000000
v -11.325672 -11.822324 0.064852 0.000000 0.000000 0.000000
v -11.325672 -14.690380 0.055854 0.000000 0.000000 0.000000
v -9.639980 -17.010748 0.068453 0.000000 0.000000 0.000000
v -6.912473 -17.897127 0.097836 0.000000 0.000000 0.000000
v -4.184967 -17.010950 0.132779 0.000000 0.000000 0.000000
v -2.499275 -14.690706 0.159935 0.000000 0.000000 0.000000
v -2.499275 -11.822651 0.168933 0.000000 0.000000 0.000000
v -4.184967 -9.502282 0.156334 0.000000 0.000000 0.000000
v -8.649096 -10.361369 147.392242 0.100000 0.100000 0.100000
v -10.622247 -11.002453 147.366964 0.100000 0.100000 0.100000
v -11.841721 -12.680979 147.347318 0.100000 0.100000 0.100000
v -11.841721 -14.755807 147.340809 0.100000 0.100000 0.100000
v -10.622247 -16.434422 147.349923 0.100000 0.100000 0.100000
v -8.649096 -17.075652 147.371179 0.100000 0.100000 0.100000
v -6.675945 -16.434568 147.396458 0.100000 0.100000 0.100000
v -5.456471 -14.756043 147.416104 0.100000 0.100000 0.100000
v -5.456471 -12.681215 147.422613 0.100000 0.100000 0.100000
v -6.675945 -11.002599 147.413499 0.100000 0.100000 0.100000
v -7.662232 -14.341492 149.121178 0.000000 0.000000 0.000000
v -7.639161 -11.819727 149.121178 0.000000 0.000000 0.000000
v 8.159002 -14.486088 167.675887 0.260000 0.260000 0.260000
v 8.182071 -11.964628 167.715052 0.260000 0.260000 0.260000
v 22.962928 -14.620817 171.183393 0.620000 0.620000 0.620000
v 22.985984 -12.100781 171.276767 0.620000 0.620000 0.620000
v 36.385582 -14.037342 144.085627 1.000000 1.000000 1.000000
v 36.395716 -12.929745 144.151868 1.000000 1.000000 1.000000
v -8.665552 -15.836875 149.147356 0.000000 0.000000 0.000000
v -9.254210 -12.323432 149.147356 0.000000 0.000000 0.000000
v 7.487907 -13.125427 170.235338 0.260000 0.260000 0.260000
v 6.900886 -9.621755 170.500833 0.260000 0.260000 0.260000
v 22.599631 -10.570064 172.182703 0.620000 0.620000 0.620000
v 22.020261 -7.112061 172.813056 0.620000 0.620000 0.620000
v 36.132768 -7.287296 137.175871 1.000000 1.000000 1.000000
v 35.884345 -5.804572 137.619442 1.000000 1.000000 1.000000
v -7.957495 -14.872159 149.392814 0.000000 0.000000 0.000000
v -8.753163 -12.124894 149.392814 0.000000 0.000000 0.000000
v 9.446198 -9.826092 165.553512 0.260000 0.260000 0.260000
v 8.653510 -7.089119 165.306179 0.260000 0.260000 0.260000
v 25.725260 -5.085276 163.619949 0.620000 0.620000 0.620000
v 24.946491 -2.396361 163.033603 0.620000 0.620000 0.620000
v 40.260667 -0.037379 128.979511 1.000000 1.000000 1.000000
v 39.929807 1.105008 128.568126 1.000000 1.000000 1.000000
v -8.144428 -15.711781 145.531638 0.000000 0.000000 0.000000
v -8.926552 -12.702249 145.531638 0.000000 0.000000 0.000000
v 9.276855 -11.181552 155.203529 0.260000 0.260000 0.260000
v 8.496069 -8.177166 155.021743 0.260000 0.260000 0.260000
v 25.575437 -6.932985 149.524073 0.620000 0.620000 0.620000
v 24.800910 -3.952682 149.091742 0.620000 0.620000 0.620000
v 40.129486 -2.248854 118.983918 1.000000 1.000000 1.000000
v 39.794024 -0.958031 118.678695 1.000000 1.000000 1.000000
v -7.506657 -16.164922 144.209957 0.000000 0.000000 0.000000
v -9.327935 -13.044615 144.209957 0.000000 0.000000 0.000000
v 8.005713 -7.104983 155.719300 0.260000 0.260000 0.260000
v 6.189304 -3.993017 155.983295 0.260000 0.260000 0.260000
v 22.511529 1.387990 148.599361 0.620000 0.620000 0.620000
v 20.717878 4.460966 149.226259 0.620000 0.620000 0.620000
v 35.155983 9.944159 111.909328 1.000000 1.000000 1.000000
v 34.386115 11.263137 112.350613 1.000000 1.000000 1.000000
v -8.933970 -13.946048 145.088618 0.000000 0.000000 0.000000
v -10.897884 -10.868220 145.088618 0.000000 0.000000 0.000000
v 12.100908 -0.523625 151.248827 0.260000 0.260000 0.260000
v 10.137351 2.553642 151.179114 0.260000 0.260000 0.260000
v 31.782561 12.036782 139.503960 0.620000 0.620000 0.620000
v 29.820682 15.111419 139.337768 0.620000 0.620000 0.620000
v 49.069963 24.280600 102.521693 1.000000 1.000000 1.000000
v 48.208171 25.631194 102.403815 1.000000 1.000000 1.000000
v -7.804210 -14.246942 144.076878 0.000000 0.000000 0.000000
v -9.364721 -11.970097 144.076878 0.000000 0.000000 0.000000
v 11.763574 -0.835447 148.381962 0.260000 0.260000 0.260000
v 10.203126 1.441306 148.406826 0.260000 0.260000 0.260000
v 30.073022 11.713856 135.034453 0.620000 0.620000 0.620000
v 28.512871 13.990176 135.093739 0.620000 0.620000 0.620000
v 46.229298 23.724139 98.144008 1.000000 1.000000 1.000000
v 45.543085 24.725350 98.186077 1.000000 1.000000 1.000000
v -8.166624 -14.587824 148.238049 0.000000 0.000000 0.000000
v -10.316192 -12.238657 148.238049 0.000000 0.000000 0.000000
v 8.153201 0.352963 150.505365 0.260000 0.260000 0.260000
v 6.011193 2.693868 150.238538 0.260000 0.260000 0.260000
v 23.409534 14.348481 134.648005 0.620000 0.620000 0.620000
v 21.302839 16.650795 134.015218 0.620000 0.620000 0.620000
v 36.646883 27.675577 95.881088 1.000000 1.000000 1.000000
v 35.749886 28.655866 95.436808 1.000000 1.000000 1.000000
v -8.180243 -13.799996 146.982082 0.000000 0.000000 0.000000
v -10.538596 -11.960144 146.982082 0.000000 0.000000 0.000000
v 6.681773 5.250590 149.881237 0.260000 0.260000 0.260000
v 4.323624 7.090284 149.920515 0.260000 0.260000 0.260000
v 20.587774 23.076512 135.455223 0.620000 0.620000 0.620000
v 18.230577 24.915462 135.548874 0.620000 0.620000 0.620000
v 32.530228 39.746310 98.876631 1.000000 1.000000 1.000000
v 31.493876 40.554812 98.943075 1.000000 1.000000 1.000000
v -6.752113 -13.919145 148.028109 0.000000 0.000000 0.000000
v -9.553055 -11.663315 148.028109 0.000000 0.000000 0.000000
v 8.114481 4.543141 150.129614 0.260000 0.260000 0.260000
v 5.316698 6.796425 149.958830 0.260000 0.260000 0.260000
v 22.019227 21.823059 135.412010 0.620000 0.620000 0.620000
v 19.236237 24.064429 135.005474 0.620000 0.620000 0.620000
v 33.841693 38.110414 99.505201 1.000000 1.000000 1.000000
v 32.629793 39.086457 99.217679 1.000000 1.000000 1.000000
v -6.531228 -13.646465 148.905968 0.000000 0.000000 0.000000
v -9.065258 -12.554872 148.905968 0.000000 0.000000 0.000000
v -0.062233 1.382363 168.257159 0.260000 0.260000 0.260000
v -2.587791 2.470306 168.031723 0.260000 0.260000 0.260000
v 5.974977 15.451648 170.241664 0.620000 0.620000 0.620000
v 3.488999 16.522541 169.706892 0.620000 0.620000 0.620000
v 10.751326 28.501427 138.122256 1.000000 1.000000 1.000000
v 9.691076 28.958155 137.746592 1.000000 1.000000 1.000000
v -5.940609 -15.573980 148.262004 0.000000 0.000000 0.000000
v -9.358372 -14.529126 148.262004 0.000000 0.000000 0.000000
v -1.027842 0.495935 168.278651 0.260000 0.260000 0.260000
v -4.445575 1.540780 168.263663 0.260000 0.260000 0.260000
v 3.568975 15.532564 170.565450 0.620000 0.620000 0.620000
v 0.151382 16.577366 170.529710 0.620000 0.620000 0.620000
v 6.777961 29.452195 138.043974 1.000000 1.000000 1.000000
v 5.274341 29.911872 138.018611 1.000000 1.000000 1.000000
v -7.848877 -14.453235 142.749681 0.000000 0.000000 0.000000
v -10.371354 -13.554245 142.749681 0.000000 0.000000 0.000000
v -1.184770 4.269826 156.956388 0.260000 0.260000 0.260000
v -3.691919 5.163353 157.251148 0.260000 0.260000 0.260000
v 5.022294 21.799156 153.359918 0.620000 0.620000 0.620000
v 2.586562 22.667231 154.056141 0.620000 0.620000 0.620000
v 9.967756 37.927534 119.266631 1.000000 1.000000 1.000000
v 8.956243 38.288029 119.751610 1.000000 1.000000 1.000000
v -6.820889 -13.506582 148.930832 0.000000 0.000000 0.000000
v -10.532440 -13.022271 148.930832 0.000000 0.000000 0.000000
v -4.496756 4.386775 160.589259 0.260000 0.260000 0.260000
v -8.187220 4.868334 160.987682 0.260000 0.260000 0.260000
v -2.361344 21.134705 156.980482 0.620000 0.620000 0.620000
v -5.953519 21.603439 157.922145 0.620000 0.620000 0.620000
v -1.428849 36.443521 127.721655 1.000000 1.000000 1.000000
v -2.926466 36.638941 128.378406 1.000000 1.000000 1.000000
v -6.228907 -12.374285 144.895457 0.000000 0.000000 0.000000
v -9.648205 -12.483293 144.895457 0.000000 0.000000 0.000000
v -6.782370 4.924675 161.216601 0.260000 0.260000 0.260000
v -10.197732 4.815793 161.052513 0.260000 0.260000 0.260000
v -7.307615 21.111069 156.647838 0.620000 0.620000 0.620000
v -10.704555 21.002774 156.257255 0.620000 0.620000 0.620000
v -8.734274 35.749836 116.083817 1.000000 1.000000 1.000000
v -10.213217 35.702687 115.807597 1.000000 1.000000 1.000000
v -6.650042 -13.805173 146.652370 0.000000 0.000000 0.000000
v -10.088280 -14.082715 146.652370 0.000000 0.000000 0.000000
v -8.666300 11.034945 153.563196 0.260000 0.260000 0.260000
v -12.082463 10.759184 153.953445 0.260000 0.260000 0.260000
v -10.593994 34.274514 142.527380 0.620000 0.620000 0.620000
v -13.907336 34.007054 143.448651 0.620000 0.620000 0.620000
v -13.265438 55.260970 106.085981 1.000000 1.000000 1.000000
v -14.636692 55.150280 106.727043 1.000000 1.000000 1.000000
v -6.130258 -12.156302 149.468615 0.000000 0.000000 0.000000
v -9.681396 -12.651183 149.468615 0.000000 0.000000 0.000000
v -9.127747 9.330736 154.288655 0.260000 0.260000 0.260000
v -12.672824 8.836700 154.079258 0.260000 0.260000 0.260000
v -11.943840 29.434567 138.511020 0.620000 0.620000 0.620000
v -15.460557 28.944483 138.013019 0.620000 0.620000 0.620000
v -15.479857 47.516738 95.191156 1.000000 1.000000 1.000000
v -17.003061 47.304467 94.839567 1.000000 1.000000 1.000000
v -6.063101 -13.101692 147.574358 0.000000 0.000000 0.000000
v -8.897324 -14.142554 147.574358 0.000000 0.000000 0.000000
v -13.616477 7.465716 150.044835 0.260000 0.260000 0.260000
v -16.450620 6.424883 150.067457 0.260000 0.260000 0.260000
v -20.684316 26.710574 136.881593 0.620000 0.620000 0.620000
v -23.518087 25.669879 136.935537 0.620000 0.620000 0.620000
v -27.883059 43.860019 103.820148 1.000000 1.000000 1.000000
v -29.129599 43.402230 103.858427 1.000000 1.000000 1.000000
v -7.624733 -12.324270 148.094789 0.000000 0.000000 0.000000
v -10.883738 -13.272156 148.094789 0.000000 0.000000 0.000000
v -14.327819 10.719697 149.433657 0.260000 0.260000 0.260000
v -17.585500 9.772196 149.336891 0.260000 0.260000 0.260000
v -20.602377 32.281203 132.588589 0.620000 0.620000 0.620000
v -23.853852 31.335507 132.357985 0.620000 0.620000 0.620000
v -27.199006 51.556774 93.575879 1.000000 1.000000 1.000000
v -28.624353 51.142210 93.412426 1.000000 1.000000 1.000000
v -7.643727 -12.057273 143.799261 0.000000 0.000000 0.000000
v -10.631139 -13.378730 143.799261 0.000000 0.000000 0.000000
v -16.999883 9.094133 150.846783 0.260000 0.260000 0.260000
v -19.987280 7.772683 150.857202 0.260000 0.260000 0.260000
v -25.754463 28.885480 140.096052 0.620000 0.620000 0.620000
v -28.741788 27.564062 140.120895 0.620000 0.620000 0.620000
v -34.524832 46.451580 103.675641 1.000000 1.000000 1.000000
v -35.839195 45.870183 103.693272 1.000000 1.000000 1.000000
v -7.069984 -13.829895 142.898546 0.000000 0.000000 0.000000
v -9.295204 -15.306677 142.898546 0.000000 0.000000 0.000000
v -15.030196 -1.837863 164.779616 0.260000 0.260000 0.260000
v -17.253164 -3.313151 164.899731 0.260000 0.260000 0.260000
v -22.482781 9.380276 167.828356 0.620000 0.620000 0.620000
v -24.695206 7.911985 168.114331 0.620000 0.620000 0.620000
v -29.855955 19.135886 133.588167 1.000000 1.000000 1.000000
v -30.820429 18.495806 133.790493 1.000000 1.000000 1.000000
v -6.543348 -13.136459 142.613112 0.000000 0.000000 0.000000
v -8.397185 -14.977708 142.613112 0.000000 0.000000 0.000000
v -18.608563 -0.993354 164.713656 0.260000 0.260000 0.260000
v -20.457806 -2.830041 164.529840 0.260000 0.260000 0.260000
v -29.906567 10.360413 167.172689 0.620000 0.620000 0.620000
v -31.734335 8.545055 166.736056 0.620000 0.620000 0.620000
v -40.656663 20.142170 130.972240 1.000000 1.000000 1.000000
v -41.442624 19.361546 130.664702 1.000000 1.000000 1.000000
v -8.639680 -12.602901 145.352627 0.000000 0.000000 0.000000
v -10.829897 -14.936292 145.352627 0.000000 0.000000 0.000000
v -21.390664 -0.639702 158.202690 0.260000 0.260000 0.260000
v -23.575489 -2.967348 158.427134 0.260000 0.260000 0.260000
v -33.331838 10.543513 151.982262 0.620000 0.620000 0.620000
v -35.491448 8.242731 152.515417 0.620000 0.620000 0.620000
v -44.757624 20.034943 114.692890 1.000000 1.000000 1.000000
v -45.686415 19.045437 115.068430 1.000000 1.000000 1.000000
v -8.354665 -11.372603 148.171842 0.000000 0.000000 0.000000
v -9.828105 -13.495897 148.171842 0.000000 0.000000 0.000000
v -22.637865 -1.470813 164.545031 0.260000 0.260000 0.260000
v -24.102030 -3.580742 164.834551 0.260000 0.260000 0.260000
v -36.019911 7.769409 162.216189 0.620000 0.620000 0.620000
v -37.440871 5.721740 162.899801 0.620000 0.620000 0.620000
v -48.544012 15.572081 126.805177 1.000000 1.000000 1.000000
v -49.132828 14.723570 127.281050 1.000000 1.000000 1.000000
v -7.935655 -13.003984 142.369747 0.000000 0.000000 0.000000
v -9.694873 -16.256966 142.369747 0.000000 0.000000 0.000000
v -26.851012 -2.775847 157.129874 0.260000 0.260000 0.260000
v -28.609127 -6.026789 157.260821 0.260000 0.260000 0.260000
v -44.552171 6.790794 151.059908 0.620000 0.620000 0.620000
v -46.305119 3.549405 151.371860 0.620000 0.620000 0.620000
v -61.084703 14.553315 110.438126 1.000000 1.000000 1.000000
v -61.851589 13.135261 110.659091 1.000000 1.000000 1.000000
v -6.934036 -12.448099 144.459350 0.000000 0.000000 0.000000
v -8.305361 -15.240889 144.459350 0.000000 0.000000 0.000000
v -26.329625 -2.927975 148.774487 0.260000 0.260000 0.260000
v -27.698134 -5.715031 148.575227 0.260000 0.260000 0.260000
v -44.483334 5.969276 132.715153 0.620000 0.620000 0.620000
v -45.838675 3.209036 132.241518 0.620000 0.620000 0.620000
v -61.314436 13.260367 89.740242 1.000000 1.000000 1.000000
v -61.899581 12.068682 89.406208 1.000000 1.000000 1.000000
v -8.552792 -13.082616 143.201251 0.000000 0.000000 0.000000
v -9.425702 -15.493267 143.201251 0.000000 0.000000 0.000000
v -28.351627 -5.914728 150.827310 0.260000 0.260000 0.260000
v -29.223654 -8.322939 150.711995 0.260000 0.260000 0.260000
v -46.879043 0.787692 137.541883 0.620000 0.620000 0.620000
v -47.746933 -1.609098 137.267337 0.620000 0.620000 0.620000
v -63.912588 6.191026 94.445002 1.000000 1.000000 1.000000
v -64.290932 5.146182 94.250761 1.000000 1.000000 1.000000
v -8.812579 -11.234211 142.690806 0.000000 0.000000 0.000000
v -9.818246 -14.386227 142.690806 0.000000 0.000000 0.000000
v -30.782648 -4.224628 149.073193 0.260000 0.260000 0.260000
v -31.788267 -7.376490 149.105876 0.260000 0.260000 0.260000
v -51.340123 2.333947 133.201144 0.620000 0.620000 0.620000
v -52.345512 -0.817194 133.279077 0.620000 0.620000 0.620000
v -70.252033 7.395417 86.972885 1.000000 1.000000 1.000000
v -70.694207 6.009531 87.028184 1.000000 1.000000 1.000000
v -8.443629 -12.358612 146.796593 0.000000 0.000000 0.000000
v -8.495471 -15.385571 146.796593 0.000000 0.000000 0.000000
v -30.822227 -11.979655 151.033046 0.260000 0.260000 0.260000
v -30.873921 -14.997983 150.804591 0.260000 0.260000 0.260000
v -51.762146 -11.641197 137.706009 0.620000 0.620000 0.620000
v -51.813149 -14.619186 137.163657 0.620000 0.620000 0.620000
v -70.753408 -12.167156 100.759676 1.000000 1.000000 1.000000
v -70.775262 -13.443208 100.378112 1.000000 1.000000 1.000000
v -8.433549 -12.404003 145.908597 0.000000 0.000000 0.000000
v -8.186835 -14.865944 145.908597 0.000000 0.000000 0.000000
v -31.927228 -14.758349 151.474639 0.260000 0.260000 0.260000
v -31.680517 -17.220262 151.462988 0.260000 0.260000 0.260000
v -53.910247 -16.961359 137.824496 0.620000 0.620000 0.620000
v -53.663549 -19.423145 137.796713 0.620000 0.620000 0.620000
v -73.763492 -19.647156 97.887301 1.000000 1.000000 1.000000
v -73.654955 -20.730232 97.867585 1.000000 1.000000 1.000000
v -7.731211 -11.256747 149.591521 0.000000 0.000000 0.000000
v -7.082888 -14.742845 149.591521 0.000000 0.000000 0.000000
v -22.771288 -14.053815 171.518909 0.260000 0.260000 0.260000
v -22.122967 -17.539901 171.528448 0.260000 0.260000 0.260000
v -36.844276 -16.671054 175.422181 0.620000 0.620000 0.620000
v -36.195966 -20.157080 175.444929 0.620000 0.620000 0.620000
v -49.416528 -20.019038 142.842775 1.000000 1.000000 1.000000
v -49.131281 -21.552839 142.858918 1.000000 1.000000 1.000000
v -10.352290 -11.634072 147.432265 0.000000 0.000000 0.000000
v -9.508063 -14.706716 147.432265 0.000000 0.000000 0.000000
v -26.807441 -16.163736 168.252345 0.260000 0.260000 0.260000
v -25.967568 -19.220538 167.929184 0.260000 0.260000 0.260000
v -42.196406 -20.431669 170.535183 0.620000 0.620000 0.620000
v -41.376831 -23.414592 169.770771 0.620000 0.620000 0.620000
v -55.913943 -25.132474 136.225595 1.000000 1.000000 1.000000
v -55.570480 -26.382542 135.691599 1.000000 1.000000 1.000000
v -10.052641 -10.799334 146.276256 0.000000 0.000000 0.000000
v -9.152929 -13.873265 146.276256 0.000000 0.000000 0.000000
v -27.011237 -15.763223 158.230690 0.260000 0.260000 0.260000
v -26.111666 -18.836672 158.174005 0.260000 0.260000 0.260000
v -42.879123 -20.408835 153.415288 0.620000 0.620000 0.620000
v -41.980212 -23.480028 153.280149 0.620000 0.620000 0.620000
v -57.007867 -25.478840 120.585435 1.000000 1.000000 1.000000
v -56.612911 -26.828237 120.489575 1.000000 1.000000 1.000000
v -10.434357 -12.845229 148.914213 0.000000 0.000000 0.000000
v -9.136024 -15.153179 148.914213 0.000000 0.000000 0.000000
v -26.491621 -21.885417 158.814859 0.260000 0.260000 0.260000
v -25.199445 -24.182424 159.072425 0.260000 0.260000 0.260000
v -41.504916 -30.364724 151.121923 0.620000 0.620000 0.620000
v -40.241459 -32.610677 151.731572 0.620000 0.620000 0.620000
v -54.757959 -38.676497 116.196109 1.000000 1.000000 1.000000
v -54.226326 -39.621541 116.622535 1.000000 1.000000 1.000000
v -9.658306 -11.691498 143.149322 0.000000 0.000000 0.000000
v -8.085338 -14.609503 143.149322 0.000000 0.000000 0.000000
v -26.916162 -20.995094 152.005570 0.260000 0.260000 0.260000
v -25.343735 -23.912095 152.092528 0.260000 0.260000 0.260000
v -43.063315 -29.702346 143.914456 0.620000 0.620000 0.620000
v -41.493424 -32.614643 144.121706 0.620000 0.620000 0.620000
v -57.257322 -38.408698 109.929461 1.000000 1.000000 1.000000
v -56.568736 -39.686089 110.076388 1.000000 1.000000 1.000000
v -8.592490 -11.579224 146.043391 0.000000 0.000000 0.000000
v -6.467886 -14.475521 146.043391 0.000000 0.000000 0.000000
v -28.470334 -26.160834 154.056642 0.260000 0.260000 0.260000
v -26.345775 -29.057070 154.033316 0.260000 0.260000 0.260000
v -47.069939 -39.804954 142.060618 0.620000 0.620000 0.620000
v -44.945590 -42.700904 142.004997 0.620000 0.620000 0.620000
v -63.331196 -52.980926 101.110280 1.000000 1.000000 1.000000
v -62.396662 -54.254899 101.070810 1.000000 1.000000 1.000000
v -10.235035 -13.253529 142.754235 0.000000 0.000000 0.000000
v -8.035335 -15.378462 142.754235 0.000000 0.000000 0.000000
v -25.571779 -29.144502 149.330082 0.260000 0.260000 0.260000
v -23.386664 -31.255345 148.978474 0.260000 0.260000 0.260000
v -39.895226 -44.039891 134.007406 0.620000 0.620000 0.620000
v -37.778031 -46.085123 133.177630 0.620000 0.620000 0.620000
v -52.285354 -58.109535 88.260938 1.000000 1.000000 1.000000
v -51.410976 -58.954193 87.683918 1.000000 1.000000 1.000000
v -9.275556 -13.566380 146.851304 0.000000 0.000000 0.000000
v -7.318353 -15.544210 146.851304 0.000000 0.000000 0.000000
v -26.707215 -30.816951 154.159210 0.260000 0.260000 0.260000
v -24.750715 -32.794069 154.084605 0.260000 0.260000 0.260000
v -43.016691 -46.959634 139.415032 0.620000 0.620000 0.620000
v -41.063488 -48.933421 139.237228 0.620000 0.620000 0.620000
v -57.250497 -62.141668 93.796298 1.000000 1.000000 1.000000
v -56.393904 -63.007288 93.670252 1.000000 1.000000 1.000000
v -10.617394 -12.686148 141.977156 0.000000 0.000000 0.000000
v -8.394302 -13.966244 141.977156 0.000000 0.000000 0.000000
v -22.596339 -33.491020 149.496842 0.260000 0.260000 0.260000
v -20.374562 -34.770359 149.408624 0.260000 0.260000 0.260000
v -33.802567 -52.959548 137.243739 0.620000 0.620000 0.620000
v -31.586949 -54.235341 137.033568 0.620000 0.620000 0.620000
v -43.338106 -70.960215 96.602283 1.000000 1.000000 1.000000
v -42.368492 -71.518536 96.453398 1.000000 1.000000 1.000000
v -10.829897 -12.039298 142.653715 0.000000 0.000000 0.000000
v -8.612982 -13.437389 142.653715 0.000000 0.000000 0.000000
v -23.601438 -32.291489 144.544551 0.260000 0.260000 0.260000
v -21.385163 -33.689177 144.481576 0.260000 0.260000 0.260000
v -35.550563 -51.242211 129.535285 0.620000 0.620000 0.620000
v -33.337287 -52.638008 129.385183 0.620000 0.620000 0.620000
v -45.759931 -68.807257 93.489537 1.000000 1.000000 1.000000
v -44.788651 -69.419792 93.383107 1.000000 1.000000 1.000000
v -11.532402 -14.023595 147.347238 0.000000 0.000000 0.000000
v -8.095694 -15.539747 147.347238 0.000000 0.000000 0.000000
v -17.576915 -27.731865 169.448880 0.260000 0.260000 0.260000
v -14.145361 -29.245742 169.654514 0.260000 0.260000 0.260000
v -23.223116 -40.562942 173.616953 0.620000 0.620000 0.620000
v -19.815679 -42.066179 174.106163 0.620000 0.620000 0.620000
v -27.386610 -52.611845 141.461348 1.000000 1.000000 1.000000
v -25.907887 -53.264204 141.806949 1.000000 1.000000 1.000000
v -10.838887 -13.530977 142.235536 0.000000 0.000000 0.000000
v -8.044845 -14.141661 142.235536 0.000000 0.000000 0.000000
v -14.210334 -28.960474 158.533981 0.260000 0.260000 0.260000
v -11.418056 -29.570773 158.635571 0.260000 0.260000 0.260000
v -17.361691 -43.398569 159.238914 0.620000 0.620000 0.620000
v -14.577672 -44.007063 159.480929 0.620000 0.620000 0.620000
v -19.438330 -56.653561 130.359944 1.000000 1.000000 1.000000
v -18.220412 -56.919757 130.531368 1.000000 1.000000 1.000000
v -10.631127 -13.427541 146.672067 0.000000 0.000000 0.000000
v -7.667685 -14.124330 146.672067 0.000000 0.000000 0.000000
v -15.305918 -33.309892 161.075169 0.260000 0.260000 0.260000
v -12.342682 -34.006632 161.039266 0.260000 0.260000 0.260000
v -19.679730 -51.913889 154.685665 0.620000 0.620000 0.620000
v -16.717461 -52.610401 154.600059 0.620000 0.620000 0.620000
v -22.814129 -68.968955 113.889799 1.000000 1.000000 1.000000
v -21.511556 -69.275226 113.829059 1.000000 1.000000 1.000000
v -9.031409 -14.358130 144.253540 0.000000 0.000000 0.000000
v -6.305572 -14.659656 144.253540 0.000000 0.000000 0.000000
v -11.259800 -34.508421 154.408680 0.260000 0.260000 0.260000
v -8.535129 -34.809819 154.328511 0.260000 0.260000 0.260000
v -13.342721 -53.363280 149.254744 0.620000 0.620000 0.620000
v -10.623507 -53.664074 149.063698 0.620000 0.620000 0.620000
v -14.469151 -70.534882 119.038264 1.000000 1.000000 1.000000
v -13.277357 -70.666715 118.902858 1.000000 1.000000 1.000000
v -11.115644 -12.559473 144.618343 0.000000 0.000000 0.000000
v -7.814481 -12.112661 144.618343 0.000000 0.000000 0.000000
v -8.419930 -32.429692 155.861156 0.260000 0.260000 0.260000
v -5.131109 -31.984551 156.148939 0.260000 0.260000 0.260000
v -5.874510 -51.019128 150.490773 0.620000 0.620000 0.620000
v -2.643321 -50.581787 151.173020 0.620000 0.620000 0.620000
v -2.664655 -67.743753 118.102898 1.000000 1.000000 1.000000
v -1.291783 -67.557935 118.581578 1.000000 1.000000 1.000000
v -9.731875 -12.788058 145.724536 0.000000 0.000000 0.000000
v -6.766473 -12.046784 145.724536 0.000000 0.000000 0.000000
v -3.874393 -36.192903 149.324909 0.260000 0.260000 0.260000
v -0.921932 -35.454864 149.610163 0.260000 0.260000 0.260000
v 1.630594 -58.086769 134.332342 0.620000 0.620000 0.620000
v 4.522659 -57.363828 135.007928 0.620000 0.620000 0.620000
v 7.427512 -77.726321 95.437528 1.000000 1.000000 1.000000
v 8.648899 -77.421006 95.910624 1.000000 1.000000 1.000000
v -8.885500 -13.830562 142.817574 0.000000 0.000000 0.000000
v -6.526732 -13.168230 142.817574 0.000000 0.000000 0.000000
v -2.585287 -36.267570 146.245408 0.260000 0.260000 0.260000
v -0.226522 -35.605239 146.248350 0.260000 0.260000 0.260000
v 3.309822 -57.261866 133.785075 0.620000 0.620000 0.620000
v 5.668579 -56.599538 133.792093 0.620000 0.620000 0.620000
v 9.312772 -76.102695 100.434238 1.000000 1.000000 1.000000
v 10.350618 -75.811272 100.439219 1.000000 1.000000 1.000000
v -9.453129 -13.885474 143.510053 0.000000 0.000000 0.000000
v -6.771132 -13.112269 143.510053 0.000000 0.000000 0.000000
v -2.567579 -37.759927 145.907824 0.260000 0.260000 0.260000
v 0.109480 -36.988145 146.077101 0.260000 0.260000 0.260000
v 3.884463 -60.096577 132.090425 0.620000 0.620000 0.620000
v 6.538428 -59.331453 132.492924 0.620000 0.620000 0.620000
v 10.474165 -80.125327 97.883144 1.000000 1.000000 1.000000
v 11.622247 -79.794341 98.167193 1.000000 1.000000 1.000000
v -9.935261 -14.972745 142.929396 0.000000 0.000000 0.000000
v -7.278771 -13.584922 142.929396 0.000000 0.000000 0.000000
v -0.145196 -33.707259 144.336965 0.260000 0.260000 0.260000
v 2.507138 -32.321607 144.169403 0.260000 0.260000 0.260000
v 9.023139 -51.233071 129.492370 0.620000 0.620000 0.620000
v 11.656032 -49.857577 129.093775 0.620000 0.620000 0.620000
v 18.068712 -66.731143 94.612447 1.000000 1.000000 1.000000
v 19.210621 -66.134578 94.330916 1.000000 1.000000 1.000000
v -10.354022 -15.444151 146.455926 0.000000 0.000000 0.000000
v -7.984384 -14.124754 146.455926 0.000000 0.000000 0.000000
v 0.870074 -35.585165 152.400696 0.260000 0.260000 0.260000
v 3.224871 -34.274031 152.703757 0.260000 0.260000 0.260000
v 11.400079 -54.415721 136.440262 0.620000 0.620000 0.620000
v 13.685743 -53.143080 137.155883 0.620000 0.620000 0.620000
v 21.580784 -71.125975 91.081233 1.000000 1.000000 1.000000
v 22.528217 -70.598451 91.579438 1.000000 1.000000 1.000000
v -9.805130 -15.373164 147.248483 0.000000 0.000000 0.000000
v -7.421035 -13.689885 147.248483 0.000000 0.000000 0.000000
v -1.453064 -27.201589 170.969865 0.260000 0.260000 0.260000
v 0.930146 -25.518935 171.049382 0.260000 0.260000 0.260000
v 6.363619 -38.268268 175.641435 0.620000 0.620000 0.620000
v 8.742683 -36.588541 175.830943 0.620000 0.620000 0.620000
v 14.113593 -47.827304 141.429927 1.000000 1.000000 1.000000
v 15.156839 -47.090725 141.564265 1.000000 1.000000 1.000000
v -9.882595 -13.649616 143.216194 0.000000 0.000000 0.000000
v -7.902411 -11.503500 143.216194 0.000000 0.000000 0.000000
v 1.564152 -24.208687 160.525840 0.260000 0.260000 0.260000
v 3.541701 -22.065426 160.676421 0.260000 0.260000 0.260000
v 12.279800 -34.083458 163.244344 0.620000 0.620000 0.620000
v 14.245018 -31.953561 163.602676 0.620000 0.620000 0.620000
v 22.540887 -42.436551 136.870998 1.000000 1.000000 1.000000
v 23.395072 -41.510789 137.124271 1.000000 1.000000 1.000000
v -9.680936 -15.348912 142.977291 0.000000 0.000000 0.000000
v -7.787968 -12.651161 142.977291 0.000000 0.000000 0.000000
v 7.495343 -27.400859 153.377134 0.260000 0.260000 0.260000
v 9.387969 -24.703594 153.439684 0.260000 0.260000 0.260000
v 23.567818 -38.676948 146.719586 0.620000 0.620000 0.620000
v 25.458846 -35.981960 146.868703 0.620000 0.620000 0.620000
v 38.663097 -48.141473 112.923791 1.000000 1.000000 1.000000
v 39.493784 -46.957625 113.029557 1.000000 1.000000 1.000000
v -8.601536 -14.540155 147.279905 0.000000 0.000000 0.000000
v -6.484384 -11.587576 147.279905 0.000000 0.000000 0.000000
v 8.802710 -27.011457 156.849158 0.260000 0.260000 0.260000
v 10.911865 -24.070029 157.164634 0.260000 0.260000 0.260000
v 25.102783 -38.660028 150.407503 0.620000 0.620000 0.620000
v 27.174599 -35.770675 151.155355 0.620000 0.620000 0.620000
v 40.453893 -48.409165 118.859686 1.000000 1.000000 1.000000
v 41.333842 -47.181988 119.384334 1.000000 1.000000 1.000000
v -10.628413 -16.367678 149.704903 0.000000 0.000000 0.000000
v -9.229173 -13.258188 149.704903 0.000000 0.000000 0.000000
v 7.599524 -24.569820 164.098830 0.260000 0.260000 0.260000
v 8.998577 -21.460744 164.043241 0.260000 0.260000 0.260000
v 24.655744 -32.243785 159.762651 0.620000 0.620000 0.620000
v 26.053926 -29.136646 159.630119 0.620000 0.620000 0.620000
v 40.504574 -38.328440 123.405490 1.000000 1.000000 1.000000
v 41.119029 -36.962954 123.311473 1.000000 1.000000 1.000000
v -9.266286 -14.151877 148.760984 0.000000 0.000000 0.000000
v -8.295646 -10.860234 148.760984 0.000000 0.000000 0.000000
v 11.001367 -20.128330 151.068022 0.260000 0.260000 0.260000
v 11.971967 -16.836821 151.099010 0.260000 0.260000 0.260000
v 29.965875 -25.720242 134.864501 0.620000 0.620000 0.620000
v 30.936289 -22.429362 134.938390 0.620000 0.620000 0.620000
v 47.424351 -29.866535 95.543204 1.000000 1.000000 1.000000
v 47.851175 -28.419085 95.595634 1.000000 1.000000 1.000000
v -9.843323 -16.706633 145.049843 0.000000 0.000000 0.000000
v -9.371415 -12.961342 145.049843 0.000000 0.000000 0.000000
v 13.344032 -19.628055 148.166995 0.260000 0.260000 0.260000
v 13.815893 -15.883136 148.113859 0.260000 0.260000 0.260000
v 35.040516 -22.360933 133.901594 0.620000 0.620000 0.620000
v 35.512157 -18.617752 133.774902 0.620000 0.620000 0.620000
v 54.835214 -23.789584 97.178526 1.000000 1.000000 1.000000
v 55.042549 -22.144071 97.088643 1.000000 1.000000 1.000000
v -9.079027 -15.432870 142.374739 0.000000 0.000000 0.000000
v -8.806087 -12.062897 142.374739 0.000000 0.000000 0.000000
v 11.955583 -17.134122 147.010325 0.260000 0.260000 0.260000
v 12.228140 -13.768873 146.831376 0.260000 0.260000 0.260000
v 31.638373 -18.717139 134.383095 0.620000 0.620000 0.620000
v 31.909140 -15.373997 133.957304 0.620000 0.620000 0.620000
v 49.551855 -19.216281 98.247106 1.000000 1.000000 1.000000
v 49.669467 -17.764139 97.946217 1.000000 1.000000 1.000000
vt 0.093114 0.057664
vt 0.109109 0.035654
vt 0.109109 0.008441
vt 0.093114 -0.013580
vt 0.067233 -0.021997
vt 0.041352 -0.013597
vt 0.025357 0.008413
vt 0.025357 0.035626
vt 0.041352 0.057647
vt 0.067233 0.066065
vt 0.095888 0.024498
vt 0.077710 0.018586
vt 0.066475 0.003119
vt 0.066475 -0.015994
vt 0.077710 -0.031454
vt 0.095888 -0.037354
vt 0.114066 -0.031442
vt 0.125300 -0.015975
vt 0.125300 0.003139
vt 0.114066 0.018598
vt 0.067233 0.001926
vt 0.041352 0.002248
vt 0.077710 1.563571
vt 0.095888 1.563345
vt 0.057647 0.002248
vt 0.035626 0.002140
vt 0.003119 1.563495
vt 0.018586 1.563571
vt 0.035626 0.002140
vt 0.008413 0.001644
vt -0.015994 1.563147
vt 0.003119 1.563495
vt 0.008413 0.001644
vt -0.013597 0.000949
vt -0.031454 1.562659
vt -0.015994 1.563147
vt 0.041352 0.000949
vt 0.067233 0.000321
vt 0.095888 1.562218
vt 0.077710 1.562659
vt 0.067233 0.000321
vt 0.093114 0.000000
vt 0.114066 1.561992
vt 0.095888 1.562218
vt -0.013580 0.000000
vt 0.008441 0.000108
vt -0.015975 1.562068
vt -0.031442 1.561992
vt 0.008441 0.000108
vt 0.035654 0.000604
vt 0.003139 1.562416
vt -0.015975 1.562068
vt 0.035654 0.000604
vt 0.057664 0.001298
vt 0.018598 1.562904
vt 0.003139 1.562416
vt 0.093114 0.001298
vt 0.067233 0.001926
vt 0.095888 1.563345
vt 0.114066 1.562904
vt 0.000000 0.000000
vt 0.000000 0.260000
vt 1.000000 0.260000
vt 1.000000 0.000000
vt 0.000000 0.260000
vt 0.000000 0.620000
vt 1.000000 0.620000
vt 1.000000 0.260000
vt 0.000000 0.620000
vt 0.000000 1.000000
vt 1.000000 1.000000
vt 1.000000 0.620000
vt 0.000000 0.000000
vt 0.000000 0.260000
vt 1.000000 0.260000
vt 1.000000 0.000000
vt 0.000000 0.260000
vt 0.000000 0.620000
vt 1.000000 0.620000
vt 1.000000 0.260000
vt 0.000000 0.620000
vt 0.000000 1.000000
vt 1.000000 1.000000
vt 1.000000 0.620000
vt 0.000000 0.000000
vt 0.000000 0.260000
vt 1.000000 0.260000
vt 1.000000 0.000000
vt 0.000000 0.260000
vt 0.000000 0.620000
vt 1.000000 0.620000
vt 1.000000 0.260000
vt 0.000000 0.620000
vt 0.000000 1.000000
vt 1.000000 1.000000
vt 1.000000 0.620000
vt 0.000000 0.000000
vt 0.000000 0.260000
vt 1.000000 0.260000
vt 1.000000 0.000000
vt 0.000000 0.260000
vt 0.000000 0.620000
vt 1.000000 0.620000
vt 1.000000 0.260000
vt 0.000000 0.620000
vt 0.000000 1.000000
vt 1.000000 1.000000
vt 1.000000 0.620000
vt 0.000000 0.000000
vt 0.000000 0.260000
vt 1.000000 0.260000
vt 1.000000 0.000000
vt 0.000000 0.260000
vt 0.000000 0.620000
vt 1.000000 0.620000
vt 1.000000 0.260000
vt 0.000000 0.620000
vt 0.000000 1.000000
vt 1.000000 1.000000
vt 1.000000 0.620000
vt 0.000000 0.000000
vt 0.000000 0.260000
vt 1.000000 0.260000
vt 1.000000 0.000000
vt 0.000000 0.260000
vt 0.000000 0.620000
vt 1.000000 0.620000
vt 1.000000 0.260000
vt 0.000000 0.620000
vt 0.000000 1.000000
vt 1.000000 1.000000
vt 1.000000 0.620000
vt 0.000000 0.000000
vt 0.000000 0.260000
vt 1.000000 0.260000
vt 1.000000 0.000000
vt 0.000000 0.260000
vt 0.000000 0.620000
vt 1.000000 0.620000
vt 1.000000 0.260000
vt 0.000000 0.620000
vt 0.000000 1.000000
vt 1.000000 1.000000
vt 1.000000 0.620000
vt 0.000000 0.000000
vt 0.000000 0.260000
vt 1.000000 0.260000
vt 1.000000 0.000000
vt 0.000000 0.260000
vt 0.000000 0.620000
vt 1.000000 0.620000
vt 1.000000 0.260000
vt 0.000000 0.620000
vt 0.000000 1.000000
vt 1.000000 1.000000
vt 1.000000 0.620000
vt 0.000000 0.000000
vt 0.000000 0.260000
vt 1.000000 0.260000
vt 1.000000 0.000000
vt 0.000000 0.260000
vt 0.000000 0.620000
vt 1.000000 0.620000
vt 1.000000 0.260000
vt 0.000000 0.620000
vt 0.000000 1.000000
vt 1.000000 1.000000
vt 1.000000 0.620000
vt 0.000000 0.000000
vt 0.000000 0.260000
vt 1.000000 0.260000
vt 1.000000 0.000000
vt 0.000000 0.260000
vt 0.000000 0.620000
vt 1.000000 0.620000
vt 1.000000 0.260000
vt 0.000000 0.620000
vt 0.000000 1.000000
vt 1.000000 1.000000
vt 1.000000 0.620000
vt 0.000000 0.000000
vt 0.000000 0.260000
vt 1.000000 0.260000
vt 1.000000 0.000000
vt 0.000000 0.260000
vt 0.000000 0.620000
vt 1.000000 0.620000
vt 1.000000 0.260000
vt 0.000000 0.620000
vt 0.000000 1.000000
vt 1.000000 1.000000
vt 1.000000 0.620000
vt 0.000000 0.000000
vt 0.000000 0.260000
vt 1.000000 0.260000
vt 1.000000 0.000000
vt 0.000000 0.260000
vt 0.000000 0.620000
vt 1.000000 0.620000
vt 1.000000 0.260000
vt 0.000000 0.620000
vt 0.000000 1.000000
vt 1.000000 1.000000
vt 1.000000 0.620000
vt 0.000000 0.000000
vt 0.000000 0.260000
vt 1.000000 0.260000
vt 1.000000 0.000000
vt 0.000000 0.260000
vt 0.000000 0.620000
vt 1.000000 0.620000
vt 1.000000 0.260000
vt 0.000000 0.620000
vt 0.000000 1.000000
vt 1.000000 1.000000
vt 1.000000 0.620000
vt 0.000000 0.000000
vt 0.000000 0.260000
vt 1.000000 0.260000
vt 1.000000 0.000000
vt 0.000000 0.260000
vt 0.000000 0.620000
vt 1.000000 0.620000
vt 1.000000 0.260000
vt 0.000000 0.620000
vt 0.000000 1.000000
vt 1.000000 1.000000
vt 1.000000 0.620000
vt 0.000000 0.000000
vt 0.000000 0.260000
vt 1.000000 0.260000
vt 1.000000 0.000000
vt 0.000000 0.260000
vt 0.000000 0.620000
vt 1.000000 0.620000
vt 1.000000 0.260000
vt 0.000000 0.620000
vt 0.000000 1.000000
vt 1.000000 1.000000
vt 1.000000 0.620000
vt 0.000000 0.000000
vt 0.000000 0.260000
vt 1.000000 0.260000
vt 1.000000 0.000000
vt 0.000000 0.260000
vt 0.000000 0.620000
vt 1.000000 0.620000
vt 1.000000 0.260000
vt 0.000000 0.620000
vt 0.000000 1.000000
vt 1.000000 1.000000
vt 1.000000 0.620000
vt 0.000000 0.000000
vt 0.000000 0.260000
vt 1.000000 0.260000
vt 1.000000 0.000000
vt 0.000000 0.260000
vt 0.000000 0.620000
vt 1.000000 0.620000
vt 1.000000 0.260000
vt 0.000000 0.620000
vt 0.000000 1.000000
vt 1.000000 1.000000
vt 1.000000 0.620000
vt 0.000000 0.000000
vt 0.000000 0.260000
vt 1.000000 0.260000
vt 1.000000 0.000000
vt 0.000000 0.260000
vt 0.000000 0.620000
vt 1.000000 0.620000
vt 1.000000 0.260000
vt 0.000000 0.620000
vt 0.000000 1.000000
vt 1.000000 1.000000
vt 1.000000 0.620000
vt 0.000000 0.000000
vt 0.000000 0.260000
vt 1.000000 0.260000
vt 1.000000 0.000000
vt 0.000000 0.260000
vt 0.000000 0.620000
vt 1.000000 0.620000
vt 1.000000 0.260000
vt 0.000000 0.620000
vt 0.000000 1.000000
vt 1.000000 1.000000
vt 1.000000 0.620000
vt 0.000000 0.000000
vt 0.000000 0.260000
vt 1.000000 0.260000
vt 1.000000 0.000000
vt 0.000000 0.260000
vt 0.000000 0.620000
vt 1.000000 0.620000
vt 1.000000 0.260000
vt 0.000000 0.620000
vt 0.000000 1.000000
vt 1.000000 1.000000
vt 1.000000 0.620000
vt 0.000000 0.000000
vt 0.000000 0.260000
vt 1.000000 0.260000
vt 1.000000 0.000000
vt 0.000000 0.260000
vt 0.000000 0.620000
vt 1.000000 0.620000
vt 1.000000 0.260000
vt 0.000000 0.620000
vt 0.000000 1.000000
vt 1.000000 1.000000
vt 1.000000 0.620000
vt 0.000000 0.000000
vt 0.000000 0.260000
vt 1.000000 0.260000
vt 1.000000 0.000000
vt 0.000000 0.260000
vt 0.000000 0.620000
vt 1.000000 0.620000
vt 1.000000 0.260000
vt 0.000000 0.620000
vt 0.000000 1.000000
vt 1.000000 1.000000
vt 1.000000 0.620000
vt 0.000000 0.000000
vt 0.000000 0.260000
vt 1.000000 0.260000
vt 1.000000 0.000000
vt 0.000000 0.260000
vt 0.000000 0.620000
vt 1.000000 0.620000
vt 1.000000 0.260000
vt 0.000000 0.620000
vt 0.000000 1.000000
vt 1.000000 1.000000
vt 1.000000 0.620000
vt 0.000000 0.000000
vt 0.000000 0.260000
vt 1.000000 0.260000
vt 1.000000 0.000000
vt 0.000000 0.260000
vt 0.000000 0.620000
vt 1.000000 0.620000
vt 1.000000 0.260000
vt 0.000000 0.620000
vt 0.000000 1.000000
vt 1.000000 1.000000
vt 1.000000 0.620000
vt 0.000000 0.000000
vt 0.000000 0.260000
vt 1.000000 0.260000
vt 1.000000 0.000000
vt 0.000000 0.260000
vt 0.000000 0.620000
vt 1.000000 0.620000
vt 1.000000 0.260000
vt 0.000000 0.620000
vt 0.000000 1.000000
vt 1.000000 1.000000
vt 1.000000 0.620000
vt 0.000000 0.000000
vt 0.000000 0.260000
vt 1.000000 0.260000
vt 1.000000 0.000000
vt 0.000000 0.260000
vt 0.000000 0.620000
vt 1.000000 0.620000
vt 1.000000 0.260000
vt 0.000000 0.620000
vt 0.000000 1.000000
vt 1.000000 1.000000
vt 1.000000 0.620000
vt 0.000000 0.000000
vt 0.000000 0.260000
vt 1.000000 0.260000
vt 1.000000 0.000000
vt 0.000000 0.260000
vt 0.000000 0.620000
vt 1.000000 0.620000
vt 1.000000 0.260000
vt 0.000000 0.620000
vt 0.000000 1.000000
vt 1.000000 1.000000
vt 1.000000 0.620000
vt 0.000000 0.000000
vt 0.000000 0.260000
vt 1.000000 0.260000
vt 1.000000 0.000000
vt 0.000000 0.260000
vt 0.000000 0.620000
vt 1.000000 0.620000
vt 1.000000 0.260000
vt 0.000000 0.620000
vt 0.000000 1.000000
vt 1.000000 1.000000
vt 1.000000 0.620000
vt 0.000000 0.000000
vt 0.000000 0.260000
vt 1.000000 0.260000
vt 1.000000 0.000000
vt 0.000000 0.260000
vt 0.000000 0.620000
vt 1.000000 0.620000
vt 1.000000 0.260000
vt 0.000000 0.620000
vt 0.000000 1.000000
vt 1.000000 1.000000
vt 1.000000 0.620000
vt 0.000000 0.000000
vt 0.000000 0.260000
vt 1.000000 0.260000
vt 1.000000 0.000000
vt 0.000000 0.260000
vt 0.000000 0.620000
vt 1.000000 0.620000
vt 1.000000 0.260000
vt 0.000000 0.620000
vt 0.000000 1.000000
vt 1.000000 1.000000
vt 1.000000 0.620000
vt 0.000000 0.000000
vt 0.000000 0.260000
vt 1.000000 0.260000
vt 1.000000 0.000000
vt 0.000000 0.260000
vt 0.000000 0.620000
vt 1.000000 0.620000
vt 1.000000 0.260000
vt 0.000000 0.620000
vt 0.000000 1.000000
vt 1.000000 1.000000
vt 1.000000 0.620000
vt 0.000000 0.000000
vt 0.000000 0.260000
vt 1.000000 0.260000
vt 1.000000 0.000000
vt 0.000000 0.260000
vt 0.000000 0.620000
vt 1.000000 0.620000
vt 1.000000 0.260000
vt 0.000000 0.620000
vt 0.000000 1.000000
vt 1.000000 1.000000
vt 1.000000 0.620000
vt 0.000000 0.000000
vt 0.000000 0.260000
vt 1.000000 0.260000
vt 1.000000 0.000000
vt 0.000000 0.260000
vt 0.000000 0.620000
vt 1.000000 0.620000
vt 1.000000 0.260000
vt 0.000000 0.620000
vt 0.000000 1.000000
vt 1.000000 1.000000
vt 1.000000 0.620000
vt 0.000000 0.000000
vt 0.000000 0.260000
vt 1.000000 0.260000
vt 1.000000 0.000000
vt 0.000000 0.260000
vt 0.000000 0.620000
vt 1.000000 0.620000
vt 1.000000 0.260000
vt 0.000000 0.620000
vt 0.000000 1.000000
vt 1.000000 1.000000
vt 1.000000 0.620000
vt 0.000000 0.000000
vt 0.000000 0.260000
vt 1.000000 0.260000
vt 1.000000 0.000000
vt 0.000000 0.260000
vt 0.000000 0.620000
vt 1.000000 0.620000
vt 1.000000 0.260000
vt 0.000000 0.620000
vt 0.000000 1.000000
vt 1.000000 1.000000
vt 1.000000 0.620000
vt 0.000000 0.000000
vt 0.000000 0.260000
vt 1.000000 0.260000
vt 1.000000 0.000000
vt 0.000000 0.260000
vt 0.000000 0.620000
vt 1.000000 0.620000
vt 1.000000 0.260000
vt 0.000000 0.620000
vt 0.000000 1.000000
vt 1.000000 1.000000
vt 1.000000 0.620000
vt 0.000000 0.000000
vt 0.000000 0.260000
vt 1.000000 0.260000
vt 1.000000 0.000000
vt 0.000000 0.260000
vt 0.000000 0.620000
vt 1.000000 0.620000
vt 1.000000 0.260000
vt 0.000000 0.620000
vt 0.000000 1.000000
vt 1.000000 1.000000
vt 1.000000 0.620000
vt 0.000000 0.000000
vt 0.000000 0.260000
vt 1.000000 0.260000
vt 1.000000 0.000000
vt 0.000000 0.260000
vt 0.000000 0.620000
vt 1.000000 0.620000
vt 1.000000 0.260000
vt 0.000000 0.620000
vt 0.000000 1.000000
vt 1.000000 1.000000
vt 1.000000 0.620000
vt 0.000000 0.000000
vt 0.000000 0.260000
vt 1.000000 0.260000
vt 1.000000 0.000000
vt 0.000000 0.260000
vt 0.000000 0.620000
vt 1.000000 0.620000
vt 1.000000 0.260000
vt 0.000000 0.620000
vt 0.000000 1.000000
vt 1.000000 1.000000
vt 1.000000 0.620000
vt 0.000000 0.000000
vt 0.000000 0.260000
vt 1.000000 0.260000
vt 1.000000 0.000000
vt 0.000000 0.260000
vt 0.000000 0.620000
vt 1.000000 0.620000
vt 1.000000 0.260000
vt 0.000000 0.620000
vt 0.000000 1.000000
vt 1.000000 1.000000
vt 1.000000 0.620000
vt 0.000000 0.000000
vt 0.000000 0.260000
vt 1.000000 0.260000
vt 1.000000 0.000000
vt 0.000000 0.260000
vt 0.000000 0.620000
vt 1.000000 0.620000
vt 1.000000 0.260000
vt 0.000000 0.620000
vt 0.000000 1.000000
vt 1.000000 1.000000
vt 1.000000 0.620000
vt 0.000000 0.000000
vt 0.000000 0.260000
vt 1.000000 0.260000
vt 1.000000 0.000000
vt 0.000000 0.260000
vt 0.000000 0.620000
vt 1.000000 0.620000
vt 1.000000 0.260000
vt 0.000000 0.620000
vt 0.000000 1.000000
vt 1.000000 1.000000
vt 1.000000 0.620000
vt 0.000000 0.000000
vt 0.000000 0.260000
vt 1.000000 0.260000
vt 1.000000 0.000000
vt 0.000000 0.260000
vt 0.000000 0.620000
vt 1.000000 0.620000
vt 1.000000 0.260000
vt 0.000000 0.620000
vt 0.000000 1.000000
vt 1.000000 1.000000
vt 1.000000 0.620000
vt 0.000000 0.000000
vt 0.000000 0.260000
vt 1.000000 0.260000
vt 1.000000 0.000000
vt 0.000000 0.260000
vt 0.000000 0.620000
vt 1.000000 0.620000
vt 1.000000 0.260000
vt 0.000000 0.620000
vt 0.000000 1.000000
vt 1.000000 1.000000
vt 1.000000 0.620000
vt 0.000000 0.000000
vt 0.000000 0.260000
vt 1.000000 0.260000
vt 1.000000 0.000000
vt 0.000000 0.260000
vt 0.000000 0.620000
vt 1.000000 0.620000
vt 1.000000 0.260000
vt 0.000000 0.620000
vt 0.000000 1.000000
vt 1.000000 1.000000
vt 1.000000 0.620000
vt 0.000000 0.000000
vt 0.000000 0.260000
vt 1.000000 0.260000
vt 1.000000 0.000000
vt 0.000000 0.260000
vt 0.000000 0.620000
vt 1.000000 0.620000
vt 1.000000 0.260000
vt 0.000000 0.620000
vt 0.000000 1.000000
vt 1.000000 1.000000
vt 1.000000 0.620000
vt 0.000000 0.000000
vt 0.000000 0.260000
vt 1.000000 0.260000
vt 1.000000 0.000000
vt 0.000000 0.260000
vt 0.000000 0.620000
vt 1.000000 0.620000
vt 1.000000 0.260000
vt 0.000000 0.620000
vt 0.000000 1.000000
vt 1.000000 1.000000
vt 1.000000 0.620000
vt 0.000000 0.000000
vt 0.000000 0.260000
vt 1.000000 0.260000
vt 1.000000 0.000000
vt 0.000000 0.260000
vt 0.000000 0.620000
vt 1.000000 0.620000
vt 1.000000 0.260000
vt 0.000000 0.620000
vt 0.000000 1.000000
vt 1.000000 1.000000
vt 1.000000 0.620000
vt 0.000000 0.000000
vt 0.000000 0.260000
vt 1.000000 0.260000
vt 1.000000 0.000000
vt 0.000000 0.260000
vt 0.000000 0.620000
vt 1.000000 0.620000
vt 1.000000 0.260000
vt 0.000000 0.620000
vt 0.000000 1.000000
vt 1.000000 1.000000
vt 1.000000 0.620000
vt 0.000000 0.000000
vt 0.000000 0.260000
vt 1.000000 0.260000
vt 1.000000 0.000000
vt 0.000000 0.260000
vt 0.000000 0.620000
vt 1.000000 0.620000
vt 1.000000 0.260000
vt 0.000000 0.620000
vt 0.000000 1.000000
vt 1.000000 1.000000
vt 1.000000 0.620000
vt 0.000000 0.000000
vt 0.000000 0.260000
vt 1.000000 0.260000
vt 1.000000 0.000000
vt 0.000000 0.260000
vt 0.000000 0.620000
vt 1.000000 0.620000
vt 1.000000 0.260000
vt 0.000000 0.620000
vt 0.000000 1.000000
vt 1.000000 1.000000
vt 1.000000 0.620000
vt 0.000000 0.000000
vt 0.000000 0.260000
vt 1.000000 0.260000
vt 1.000000 0.000000
vt 0.000000 0.260000
vt 0.000000 0.620000
vt 1.000000 0.620000
vt 1.000000 0.260000
vt 0.000000 0.620000
vt 0.000000 1.000000
vt 1.000000 1.000000
vt 1.000000 0.620000
vt 0.000000 0.000000
vt 0.000000 0.260000
vt 1.000000 0.260000
vt 1.000000 0.000000
vt 0.000000 0.260000
vt 0.000000 0.620000
vt 1.000000 0.620000
vt 1.000000 0.260000
vt 0.000000 0.620000
vt 0.000000 1.000000
vt 1.000000 1.000000
vt 1.000000 0.620000
vt 0.000000 0.000000
vt 0.000000 0.260000
vt 1.000000 0.260000
vt 1.000000 0.000000
vt 0.000000 0.260000
vt 0.000000 0.620000
vt 1.000000 0.620000
vt 1.000000 0.260000
vt 0.000000 0.620000
vt 0.000000 1.000000
vt 1.000000 1.000000
vt 1.000000 0.620000
vt 0.000000 0.000000
vt 0.000000 0.260000
vt 1.000000 0.260000
vt 1.000000 0.000000
vt 0.000000 0.260000
vt 0.000000 0.620000
vt 1.000000 0.620000
vt 1.000000 0.260000
vt 0.000000 0.620000
vt 0.000000 1.000000
vt 1.000000 1.000000
vt 1.000000 0.620000
vt 0.000000 0.000000
vt 0.000000 0.260000
vt 1.000000 0.260000
vt 1.000000 0.000000
vt 0.000000 0.260000
vt 0.000000 0.620000
vt 1.000000 0.620000
vt 1.000000 0.260000
vt 0.000000 0.620000
vt 0.000000 1.000000
vt 1.000000 1.000000
vt 1.000000 0.620000
vt 0.000000 0.000000
vt 0.000000 0.260000
vt 1.000000 0.260000
vt 1.000000 0.000000
vt 0.000000 0.260000
vt 0.000000 0.620000
vt 1.000000 0.620000
vt 1.000000 0.260000
vt 0.000000 0.620000
vt 0.000000 1.000000
vt 1.000000 1.000000
vt 1.000000 0.620000
vt 0.000000 0.000000
vt 0.000000 0.260000
vt 1.000000 0.260000
vt 1.000000 0.000000
vt 0.000000 0.260000
vt 0.000000 0.620000
vt 1.000000 0.620000
vt 1.000000 0.260000
vt 0.000000 0.620000
vt 0.000000 1.000000
vt 1.000000 1.000000
vt 1.000000 0.620000
vt -0.022131 0.154859
vt -0.005453 0.131901
vt -0.005453 0.103524
vt -0.022131 0.080566
vt -0.049117 0.071797
vt -0.076102 0.080566
vt -0.092780 0.103523
vt -0.092780 0.131901
vt -0.076102 0.154858
vt -0.049117 0.163628
vt -0.073756 0.153212
vt -0.094127 0.146593
vt -0.106717 0.129262
vt -0.106717 0.107840
vt -0.094127 0.090509
vt -0.073756 0.083890
vt -0.053384 0.090510
vt -0.040794 0.107840
vt -0.040794 0.129262
vt -0.053384 0.146593
vt -0.049117 0.001101
vt -0.076102 0.000714
vt -0.094127 1.698751
vt -0.073756 1.699044
vt 0.154858 0.000714
vt 0.131901 0.000483
vt 0.129262 1.698577
vt 0.146593 1.698751
vt 0.131901 0.000483
vt 0.103523 0.000497
vt 0.107840 1.698588
vt 0.129262 1.698577
vt 0.103523 0.000497
vt 0.080566 0.000751
vt 0.090509 1.698779
vt 0.107840 1.698588
vt -0.076102 0.000751
vt -0.049117 0.001147
vt -0.073756 1.699078
vt -0.094127 1.698779
vt -0.049117 0.001147
vt -0.022131 0.001534
vt -0.053384 1.699370
vt -0.073756 1.699078
vt 0.080566 0.001534
vt 0.103524 0.001765
vt 0.107840 1.699544
vt 0.090510 1.699370
vt 0.103524 0.001765
vt 0.131901 0.001751
vt 0.129262 1.699534
vt 0.107840 1.699544
vt 0.131901 0.001751
vt 0.154859 0.001497
vt 0.146593 1.699342
vt 0.129262 1.699534
vt -0.022131 0.001497
vt -0.049117 0.001101
vt -0.073756 1.699044
vt -0.053384 1.699342
vt 0.000000 0.000000
vt 0.000000 0.260000
vt 1.000000 0.260000
vt 1.000000 0.000000
vt 0.000000 0.260000
vt 0.000000 0.620000
vt 1.000000 0.620000
vt 1.000000 0.260000
vt 0.000000 0.620000
vt 0.000000 1.000000
vt 1.000000 1.000000
vt 1.000000 0.620000
vt 0.000000 0.000000
vt 0.000000 0.260000
vt 1.000000 0.260000
vt 1.000000 0.000000
vt 0.000000 0.260000
vt 0.000000 0.620000
vt 1.000000 0.620000
vt 1.000000 0.260000
vt 0.000000 0.620000
vt 0.000000 1.000000
vt 1.000000 1.000000
vt 1.000000 0.620000
vt 0.000000 0.000000
vt 0.000000 0.260000
vt 1.000000 0.260000
vt 1.000000 0.000000
vt 0.000000 0.260000
vt 0.000000 0.620000
vt 1.000000 0.620000
vt 1.000000 0.260000
vt 0.000000 0.620000
vt 0.000000 1.000000
vt 1.000000 1.000000
vt 1.000000 0.620000
vt 0.000000 0.000000
vt 0.000000 0.260000
vt 1.000000 0.260000
vt 1.000000 0.000000
vt 0.000000 0.260000
vt 0.000000 0.620000
vt 1.000000 0.620000
vt 1.000000 0.260000
vt 0.000000 0.620000
vt 0.000000 1.000000
vt 1.000000 1.000000
vt 1.000000 0.620000
vt 0.000000 0.000000
vt 0.000000 0.260000
vt 1.000000 0.260000
vt 1.000000 0.000000
vt 0.000000 0.260000
vt 0.000000 0.620000
vt 1.000000 0.620000
vt 1.000000 0.260000
vt 0.000000 0.620000
vt 0.000000 1.000000
vt 1.000000 1.000000
vt 1.000000 0.620000
vt 0.000000 0.000000
vt 0.000000 0.260000
vt 1.000000 0.260000
vt 1.000000 0.000000
vt 0.000000 0.260000
vt 0.000000 0.620000
vt 1.000000 0.620000
vt 1.000000 0.260000
vt 0.000000 0.620000
vt 0.000000 1.000000
vt 1.000000 1.000000
vt 1.000000 0.620000
vt 0.000000 0.000000
vt 0.000000 0.260000
vt 1.000000 0.260000
vt 1.000000 0.000000
vt 0.000000 0.260000
vt 0.000000 0.620000
vt 1.000000 0.620000
vt 1.000000 0.260000
vt 0.000000 0.620000
vt 0.000000 1.000000
vt 1.000000 1.000000
vt 1.000000 0.620000
vt 0.000000 0.000000
vt 0.000000 0.260000
vt 1.000000 0.260000
vt 1.000000 0.000000
vt 0.000000 0.260000
vt 0.000000 0.620000
vt 1.000000 0.620000
vt 1.000000 0.260000
vt 0.000000 0.620000
vt 0.000000 1.000000
vt 1.000000 1.000000
vt 1.000000 0.620000
vt 0.000000 0.000000
vt 0.000000 0.260000
vt 1.000000 0.260000
vt 1.000000 0.000000
vt 0.000000 0.260000
vt 0.000000 0.620000
vt 1.000000 0.620000
vt 1.000000 0.260000
vt 0.000000 0.620000
vt 0.000000 1.000000
vt 1.000000 1.000000
vt 1.000000 0.620000
vt 0.000000 0.000000
vt 0.000000 0.260000
vt 1.000000 0.260000
vt 1.000000 0.000000
vt 0.000000 0.260000
vt 0.000000 0.620000
vt 1.000000 0.620000
vt 1.000000 0.260000
vt 0.000000 0.620000
vt 0.000000 1.000000
vt 1.000000 1.000000
vt 1.000000 0.620000
vt 0.000000 0.000000
vt 0.000000 0.260000
vt 1.000000 0.260000
vt 1.000000 0.000000
vt 0.000000 0.260000
vt 0.000000 0.620000
vt 1.000000 0.620000
vt 1.000000 0.260000
vt 0.000000 0.620000
vt 0.000000 1.000000
vt 1.000000 1.000000
vt 1.000000 0.620000
vt 0.000000 0.000000
vt 0.000000 0.260000
vt 1.000000 0.260000
vt 1.000000 0.000000
vt 0.000000 0.260000
vt 0.000000 0.620000
vt 1.000000 0.620000
vt 1.000000 0.260000
vt 0.000000 0.620000
vt 0.000000 1.000000
vt 1.000000 1.000000
vt 1.000000 0.620000
vt 0.000000 0.000000
vt 0.000000 0.260000
vt 1.000000 0.260000
vt 1.000000 0.000000
vt 0.000000 0.260000
vt 0.000000 0.620000
vt 1.000000 0.620000
vt 1.000000 0.260000
vt 0.000000 0.620000
vt 0.000000 1.000000
vt 1.000000 1.000000
vt 1.000000 0.620000
vt 0.000000 0.000000
vt 0.000000 0.260000
vt 1.000000 0.260000
vt 1.000000 0.000000
vt 0.000000 0.260000
vt 0.000000 0.620000
vt 1.000000 0.620000
vt 1.000000 0.260000
vt 0.000000 0.620000
vt 0.000000 1.000000
vt 1.000000 1.000000
vt 1.000000 0.620000
vt 0.000000 0.000000
vt 0.000000 0.260000
vt 1.000000 0.260000
vt 1.000000 0.000000
vt 0.000000 0.260000
vt 0.000000 0.620000
vt 1.000000 0.620000
vt 1.000000 0.260000
vt 0.000000 0.620000
vt 0.000000 1.000000
vt 1.000000 1.000000
vt 1.000000 0.620000
vt 0.000000 0.000000
vt 0.000000 0.260000
vt 1.000000 0.260000
vt 1.000000 0.000000
vt 0.000000 0.260000
vt 0.000000 0.620000
vt 1.000000 0.620000
vt 1.000000 0.260000
vt 0.000000 0.620000
vt 0.000000 1.000000
vt 1.000000 1.000000
vt 1.000000 0.620000
vt 0.000000 0.000000
vt 0.000000 0.260000
vt 1.000000 0.260000
vt 1.000000 0.000000
vt 0.000000 0.260000
vt 0.000000 0.620000
vt 1.000000 0.620000
vt 1.000000 0.260000
vt 0.000000 0.620000
vt 0.000000 1.000000
vt 1.000000 1.000000
vt 1.000000 0.620000
vt 0.000000 0.000000
vt 0.000000 0.260000
vt 1.000000 0.260000
vt 1.000000 0.000000
vt 0.000000 0.260000
vt 0.000000 0.620000
vt 1.000000 0.620000
vt 1.000000 0.260000
vt 0.000000 0.620000
vt 0.000000 1.000000
vt 1.000000 1.000000
vt 1.000000 0.620000
vt 0.000000 0.000000
vt 0.000000 0.260000
vt 1.000000 0.260000
vt 1.000000 0.000000
vt 0.000000 0.260000
vt 0.000000 0.620000
vt 1.000000 0.620000
vt 1.000000 0.260000
vt 0.000000 0.620000
vt 0.000000 1.000000
vt 1.000000 1.000000
vt 1.000000 0.620000
vt 0.000000 0.000000
vt 0.000000 0.260000
vt 1.000000 0.260000
vt 1.000000 0.000000
vt 0.000000 0.260000
vt 0.000000 0.620000
vt 1.000000 0.620000
vt 1.000000 0.260000
vt 0.000000 0.620000
vt 0.000000 1.000000
vt 1.000000 1.000000
vt 1.000000 0.620000
vt 0.000000 0.000000
vt 0.000000 0.260000
vt 1.000000 0.260000
vt 1.000000 0.000000
vt 0.000000 0.260000
vt 0.000000 0.620000
vt 1.000000 0.620000
vt 1.000000 0.260000
vt 0.000000 0.620000
vt 0.000000 1.000000
vt 1.000000 1.000000
vt 1.000000 0.620000
vt 0.000000 0.000000
vt 0.000000 0.260000
vt 1.000000 0.260000
vt 1.000000 0.000000
vt 0.000000 0.260000
vt 0.000000 0.620000
vt 1.000000 0.620000
vt 1.000000 0.260000
vt 0.000000 0.620000
vt 0.000000 1.000000
vt 1.000000 1.000000
vt 1.000000 0.620000
vt 0.000000 0.000000
vt 0.000000 0.260000
vt 1.000000 0.260000
vt 1.000000 0.000000
vt 0.000000 0.260000
vt 0.000000 0.620000
vt 1.000000 0.620000
vt 1.000000 0.260000
vt 0.000000 0.620000
vt 0.000000 1.000000
vt 1.000000 1.000000
vt 1.000000 0.620000
vt 0.000000 0.000000
vt 0.000000 0.260000
vt 1.000000 0.260000
vt 1.000000 0.000000
vt 0.000000 0.260000
vt 0.000000 0.620000
vt 1.000000 0.620000
vt 1.000000 0.260000
vt 0.000000 0.620000
vt 0.000000 1.000000
vt 1.000000 1.000000
vt 1.000000 0.620000
vt 0.000000 0.000000
vt 0.000000 0.260000
vt 1.000000 0.260000
vt 1.000000 0.000000
vt 0.000000 0.260000
vt 0.000000 0.620000
vt 1.000000 0.620000
vt 1.000000 0.260000
vt 0.000000 0.620000
vt 0.000000 1.000000
vt 1.000000 1.000000
vt 1.000000 0.620000
vt 0.000000 0.000000
vt 0.000000 0.260000
vt 1.000000 0.260000
vt 1.000000 0.000000
vt 0.000000 0.260000
vt 0.000000 0.620000
vt 1.000000 0.620000
vt 1.000000 0.260000
vt 0.000000 0.620000
vt 0.000000 1.000000
vt 1.000000 1.000000
vt 1.000000 0.620000
vt 0.000000 0.000000
vt 0.000000 0.260000
vt 1.000000 0.260000
vt 1.000000 0.000000
vt 0.000000 0.260000
vt 0.000000 0.620000
vt 1.000000 0.620000
vt 1.000000 0.260000
vt 0.000000 0.620000
vt 0.000000 1.000000
vt 1.000000 1.000000
vt 1.000000 0.620000
vt 0.000000 0.000000
vt 0.000000 0.260000
vt 1.000000 0.260000
vt 1.000000 0.000000
vt 0.000000 0.260000
vt 0.000000 0.620000
vt 1.000000 0.620000
vt 1.000000 0.260000
vt 0.000000 0.620000
vt 0.000000 1.000000
vt 1.000000 1.000000
vt 1.000000 0.620000
vt 0.000000 0.000000
vt 0.000000 0.260000
vt 1.000000 0.260000
vt 1.000000 0.000000
vt 0.000000 0.260000
vt 0.000000 0.620000
vt 1.000000 0.620000
vt 1.000000 0.260000
vt 0.000000 0.620000
vt 0.000000 1.000000
vt 1.000000 1.000000
vt 1.000000 0.620000
vt 0.000000 0.000000
vt 0.000000 0.260000
vt 1.000000 0.260000
vt 1.000000 0.000000
vt 0.000000 0.260000
vt 0.000000 0.620000
vt 1.000000 0.620000
vt 1.000000 0.260000
vt 0.000000 0.620000
vt 0.000000 1.000000
vt 1.000000 1.000000
vt 1.000000 0.620000
vt 0.000000 0.000000
vt 0.000000 0.260000
vt 1.000000 0.260000
vt 1.000000 0.000000
vt 0.000000 0.260000
vt 0.000000 0.620000
vt 1.000000 0.620000
vt 1.000000 0.260000
vt 0.000000 0.620000
vt 0.000000 1.000000
vt 1.000000 1.000000
vt 1.000000 0.620000
vt 0.000000 0.000000
vt 0.000000 0.260000
vt 1.000000 0.260000
vt 1.000000 0.000000
vt 0.000000 0.260000
vt 0.000000 0.620000
vt 1.000000 0.620000
vt 1.000000 0.260000
vt 0.000000 0.620000
vt 0.000000 1.000000
vt 1.000000 1.000000
vt 1.000000 0.620000
vt 0.000000 0.000000
vt 0.000000 0.260000
vt 1.000000 0.260000
vt 1.000000 0.000000
vt 0.000000 0.260000
vt 0.000000 0.620000
vt 1.000000 0.620000
vt 1.000000 0.260000
vt 0.000000 0.620000
vt 0.000000 1.000000
vt 1.000000 1.000000
vt 1.000000 0.620000
vt 0.000000 0.000000
vt 0.000000 0.260000
vt 1.000000 0.260000
vt 1.000000 0.000000
vt 0.000000 0.260000
vt 0.000000 0.620000
vt 1.000000 0.620000
vt 1.000000 0.260000
vt 0.000000 0.620000
vt 0.000000 1.000000
vt 1.000000 1.000000
vt 1.000000 0.620000
vt 0.000000 0.000000
vt 0.000000 0.260000
vt 1.000000 0.260000
vt 1.000000 0.000000
vt 0.000000 0.260000
vt 0.000000 0.620000
vt 1.000000 0.620000
vt 1.000000 0.260000
vt 0.000000 0.620000
vt 0.000000 1.000000
vt 1.000000 1.000000
vt 1.000000 0.620000
vt 0.000000 0.000000
vt 0.000000 0.260000
vt 1.000000 0.260000
vt 1.000000 0.000000
vt 0.000000 0.260000
vt 0.000000 0.620000
vt 1.000000 0.620000
vt 1.000000 0.260000
vt 0.000000 0.620000
vt 0.000000 1.000000
vt 1.000000 1.000000
vt 1.000000 0.620000
vt 0.000000 0.000000
vt 0.000000 0.260000
vt 1.000000 0.260000
vt 1.000000 0.000000
vt 0.000000 0.260000
vt 0.000000 0.620000
vt 1.000000 0.620000
vt 1.000000 0.260000
vt 0.000000 0.620000
vt 0.000000 1.000000
vt 1.000000 1.000000
vt 1.000000 0.620000
vt 0.000000 0.000000
vt 0.000000 0.260000
vt 1.000000 0.260000
vt 1.000000 0.000000
vt 0.000000 0.260000
vt 0.000000 0.620000
vt 1.000000 0.620000
vt 1.000000 0.260000
vt 0.000000 0.620000
vt 0.000000 1.000000
vt 1.000000 1.000000
vt 1.000000 0.620000
vt 0.000000 0.000000
vt 0.000000 0.260000
vt 1.000000 0.260000
vt 1.000000 0.000000
vt 0.000000 0.260000
vt 0.000000 0.620000
vt 1.000000 0.620000
vt 1.000000 0.260000
vt 0.000000 0.620000
vt 0.000000 1.000000
vt 1.000000 1.000000
vt 1.000000 0.620000
vt 0.000000 0.000000
vt 0.000000 0.260000
vt 1.000000 0.260000
vt 1.000000 0.000000
vt 0.000000 0.260000
vt 0.000000 0.620000
vt 1.000000 0.620000
vt 1.000000 0.260000
vt 0.000000 0.620000
vt 0.000000 1.000000
vt 1.000000 1.000000
vt 1.000000 0.620000
vt 0.000000 0.000000
vt 0.000000 0.260000
vt 1.000000 0.260000
vt 1.000000 0.000000
vt 0.000000 0.260000
vt 0.000000 0.620000
vt 1.000000 0.620000
vt 1.000000 0.260000
vt 0.000000 0.620000
vt 0.000000 1.000000
vt 1.000000 1.000000
vt 1.000000 0.620000
vt 0.000000 0.000000
vt 0.000000 0.260000
vt 1.000000 0.260000
vt 1.000000 0.000000
vt 0.000000 0.260000
vt 0.000000 0.620000
vt 1.000000 0.620000
vt 1.000000 0.260000
vt 0.000000 0.620000
vt 0.000000 1.000000
vt 1.000000 1.000000
vt 1.000000 0.620000
vt 0.000000 0.000000
vt 0.000000 0.260000
vt 1.000000 0.260000
vt 1.000000 0.000000
vt 0.000000 0.260000
vt 0.000000 0.620000
vt 1.000000 0.620000
vt 1.000000 0.260000
vt 0.000000 0.620000
vt 0.000000 1.000000
vt 1.000000 1.000000
vt 1.000000 0.620000
vt 0.000000 0.000000
vt 0.000000 0.260000
vt 1.000000 0.260000
vt 1.000000 0.000000
vt 0.000000 0.260000
vt 0.000000 0.620000
vt 1.000000 0.620000
vt 1.000000 0.260000
vt 0.000000 0.620000
vt 0.000000 1.000000
vt 1.000000 1.000000
vt 1.000000 0.620000
vt 0.000000 0.000000
vt 0.000000 0.260000
vt 1.000000 0.260000
vt 1.000000 0.000000
vt 0.000000 0.260000
vt 0.000000 0.620000
vt 1.000000 0.620000
vt 1.000000 0.260000
vt 0.000000 0.620000
vt 0.000000 1.000000
vt 1.000000 1.000000
vt 1.000000 0.620000
vt 0.000000 0.000000
vt 0.000000 0.260000
vt 1.000000 0.260000
vt 1.000000 0.000000
vt 0.000000 0.260000
vt 0.000000 0.620000
vt 1.000000 0.620000
vt 1.000000 0.260000
vt 0.000000 0.620000
vt 0.000000 1.000000
vt 1.000000 1.000000
vt 1.000000 0.620000
vt 0.000000 0.000000
vt 0.000000 0.260000
vt 1.000000 0.260000
vt 1.000000 0.000000
vt 0.000000 0.260000
vt 0.000000 0.620000
vt 1.000000 0.620000
vt 1.000000 0.260000
vt 0.000000 0.620000
vt 0.000000 1.000000
vt 1.000000 1.000000
vt 1.000000 0.620000
vt 0.000000 0.000000
vt 0.000000 0.260000
vt 1.000000 0.260000
vt 1.000000 0.000000
vt 0.000000 0.260000
vt 0.000000 0.620000
vt 1.000000 0.620000
vt 1.000000 0.260000
vt 0.000000 0.620000
vt 0.000000 1.000000
vt 1.000000 1.000000
vt 1.000000 0.620000
vt 0.000000 0.000000
vt 0.000000 0.260000
vt 1.000000 0.260000
vt 1.000000 0.000000
vt 0.000000 0.260000
vt 0.000000 0.620000
vt 1.000000 0.620000
vt 1.000000 0.260000
vt 0.000000 0.620000
vt 0.000000 1.000000
vt 1.000000 1.000000
vt 1.000000 0.620000
vt 0.000000 0.000000
vt 0.000000 0.260000
vt 1.000000 0.260000
vt 1.000000 0.000000
vt 0.000000 0.260000
vt 0.000000 0.620000
vt 1.000000 0.620000
vt 1.000000 0.260000
vt 0.000000 0.620000
vt 0.000000 1.000000
vt 1.000000 1.000000
vt 1.000000 0.620000
vt 0.000000 0.000000
vt 0.000000 0.260000
vt 1.000000 0.260000
vt 1.000000 0.000000
vt 0.000000 0.260000
vt 0.000000 0.620000
vt 1.000000 0.620000
vt 1.000000 0.260000
vt 0.000000 0.620000
vt 0.000000 1.000000
vt 1.000000 1.000000
vt 1.000000 0.620000
vt 0.000000 0.000000
vt 0.000000 0.260000
vt 1.000000 0.260000
vt 1.000000 0.000000
vt 0.000000 0.260000
vt 0.000000 0.620000
vt 1.000000 0.620000
vt 1.000000 0.260000
vt 0.000000 0.620000
vt 0.000000 1.000000
vt 1.000000 1.000000
vt 1.000000 0.620000
vt 0.000000 0.000000
vt 0.000000 0.260000
vt 1.000000 0.260000
vt 1.000000 0.000000
vt 0.000000 0.260000
vt 0.000000 0.620000
vt 1.000000 0.620000
vt 1.000000 0.260000
vt 0.000000 0.620000
vt 0.000000 1.000000
vt 1.000000 1.000000
vt 1.000000 0.620000
vt 0.000000 0.000000
vt 0.000000 0.260000
vt 1.000000 0.260000
vt 1.000000 0.000000
vt 0.000000 0.260000
vt 0.000000 0.620000
vt 1.000000 0.620000
vt 1.000000 0.260000
vt 0.000000 0.620000
vt 0.000000 1.000000
vt 1.000000 1.000000
vt 1.000000 0.620000
vt 0.000000 0.000000
vt 0.000000 0.260000
vt 1.000000 0.260000
vt 1.000000 0.000000
vt 0.000000 0.260000
vt 0.000000 0.620000
vt 1.000000 0.620000
vt 1.000000 0.260000
vt 0.000000 0.620000
vt 0.000000 1.000000
vt 1.000000 1.000000
vt 1.000000 0.620000
vt 0.000000 0.000000
vt 0.000000 0.260000
vt 1.000000 0.260000
vt 1.000000 0.000000
vt 0.000000 0.260000
vt 0.000000 0.620000
vt 1.000000 0.620000
vt 1.000000 0.260000
vt 0.000000 0.620000
vt 0.000000 1.000000
vt 1.000000 1.000000
vt 1.000000 0.620000
vt 0.000000 0.000000
vt 0.000000 0.260000
vt 1.000000 0.260000
vt 1.000000 0.000000
vt 0.000000 0.260000
vt 0.000000 0.620000
vt 1.000000 0.620000
vt 1.000000 0.260000
vt 0.000000 0.620000
vt 0.000000 1.000000
vt 1.000000 1.000000
vt 1.000000 0.620000
vt 0.000000 0.000000
vt 0.000000 0.260000
vt 1.000000 0.260000
vt 1.000000 0.000000
vt 0.000000 0.260000
vt 0.000000 0.620000
vt 1.000000 0.620000
vt 1.000000 0.260000
vt 0.000000 0.620000
vt 0.000000 1.000000
vt 1.000000 1.000000
vt 1.000000 0.620000
vt -0.041850 -0.095023
vt -0.024993 -0.118227
vt -0.024993 -0.146907
vt -0.041850 -0.170109
vt -0.069125 -0.178971
vt -0.096400 -0.170107
vt -0.113257 -0.146904
vt -0.113257 -0.118223
vt -0.096400 -0.095021
vt -0.069125 -0.086159
vt -0.086491 -0.103614
vt -0.106222 -0.110025
vt -0.118417 -0.126810
vt -0.118417 -0.147558
vt -0.106222 -0.164344
vt -0.086491 -0.170757
vt -0.066759 -0.164346
vt -0.054565 -0.147560
vt -0.054565 -0.126812
vt -0.066759 -0.110026
vt -0.069125 0.001270
vt -0.096400 0.000920
vt -0.106222 1.473670
vt -0.086491 1.473922
vt -0.095021 0.000920
vt -0.118223 0.000649
vt -0.126810 1.473473
vt -0.110025 1.473670
vt -0.118223 0.000649
vt -0.146904 0.000559
vt -0.147558 1.473408
vt -0.126810 1.473473
vt -0.146904 0.000559
vt -0.170107 0.000685
vt -0.164344 1.473499
vt -0.147558 1.473408
vt -0.096400 0.000685
vt -0.069125 0.000978
vt -0.086491 1.473712
vt -0.106222 1.473499
vt -0.069125 0.000978
vt -0.041850 0.001328
vt -0.066759 1.473965
vt -0.086491 1.473712
vt -0.170109 0.001328
vt -0.146907 0.001599
vt -0.147560 1.474161
vt -0.164346 1.473965
vt -0.146907 0.001599
vt -0.118227 0.001689
vt -0.126812 1.474226
vt -0.147560 1.474161
vt -0.118227 0.001689
vt -0.095023 0.001563
vt -0.110026 1.474135
vt -0.126812 1.474226
vt -0.041850 0.001563
vt -0.069125 0.001270
vt -0.086491 1.473922
vt -0.066759 1.474135
vt 0.000000 0.000000
vt 0.000000 0.260000
vt 1.000000 0.260000
vt 1.000000 0.000000
vt 0.000000 0.260000
vt 0.000000 0.620000
vt 1.000000 0.620000
vt 1.000000 0.260000
vt 0.000000 0.620000
vt 0.000000 1.000000
vt 1.000000 1.000000
vt 1.000000 0.620000
vt 0.000000 0.000000
vt 0.000000 0.260000
vt 1.000000 0.260000
vt 1.000000 0.000000
vt 0.000000 0.260000
vt 0.000000 0.620000
vt 1.000000 0.620000
vt 1.000000 0.260000
vt 0.000000 0.620000
vt 0.000000 1.000000
vt 1.000000 1.000000
vt 1.000000 0.620000
vt 0.000000 0.000000
vt 0.000000 0.260000
vt 1.000000 0.260000
vt 1.000000 0.000000
vt 0.000000 0.260000
vt 0.000000 0.620000
vt 1.000000 0.620000
vt 1.000000 0.260000
vt 0.000000 0.620000
vt 0.000000 1.000000
vt 1.000000 1.000000
vt 1.000000 0.620000
vt 0.000000 0.000000
vt 0.000000 0.260000
vt 1.000000 0.260000
vt 1.000000 0.000000
vt 0.000000 0.260000
vt 0.000000 0.620000
vt 1.000000 0.620000
vt 1.000000 0.260000
vt 0.000000 0.620000
vt 0.000000 1.000000
vt 1.000000 1.000000
vt 1.000000 0.620000
vt 0.000000 0.000000
vt 0.000000 0.260000
vt 1.000000 0.260000
vt 1.000000 0.000000
vt 0.000000 0.260000
vt 0.000000 0.620000
vt 1.000000 0.620000
vt 1.000000 0.260000
vt 0.000000 0.620000
vt 0.000000 1.000000
vt 1.000000 1.000000
vt 1.000000 0.620000
vt 0.000000 0.000000
vt 0.000000 0.260000
vt 1.000000 0.260000
vt 1.000000 0.000000
vt 0.000000 0.260000
vt 0.000000 0.620000
vt 1.000000 0.620000
vt 1.000000 0.260000
vt 0.000000 0.620000
vt 0.000000 1.000000
vt 1.000000 1.000000
vt 1.000000 0.620000
vt 0.000000 0.000000
vt 0.000000 0.260000
vt 1.000000 0.260000
vt 1.000000 0.000000
vt 0.000000 0.260000
vt 0.000000 0.620000
vt 1.000000 0.620000
vt 1.000000 0.260000
vt 0.000000 0.620000
vt 0.000000 1.000000
vt 1.000000 1.000000
vt 1.000000 0.620000
vt 0.000000 0.000000
vt 0.000000 0.260000
vt 1.000000 0.260000
vt 1.000000 0.000000
vt 0.000000 0.260000
vt 0.000000 0.620000
vt 1.000000 0.620000
vt 1.000000 0.260000
vt 0.000000 0.620000
vt 0.000000 1.000000
vt 1.000000 1.000000
vt 1.000000 0.620000
vt 0.000000 0.000000
vt 0.000000 0.260000
vt 1.000000 0.260000
vt 1.000000 0.000000
vt 0.000000 0.260000
vt 0.000000 0.620000
vt 1.000000 0.620000
vt 1.000000 0.260000
vt 0.000000 0.620000
vt 0.000000 1.000000
vt 1.000000 1.000000
vt 1.000000 0.620000
vt 0.000000 0.000000
vt 0.000000 0.260000
vt 1.000000 0.260000
vt 1.000000 0.000000
vt 0.000000 0.260000
vt 0.000000 0.620000
vt 1.000000 0.620000
vt 1.000000 0.260000
vt 0.000000 0.620000
vt 0.000000 1.000000
vt 1.000000 1.000000
vt 1.000000 0.620000
vt 0.000000 0.000000
vt 0.000000 0.260000
vt 1.000000 0.260000
vt 1.000000 0.000000
vt 0.000000 0.260000
vt 0.000000 0.620000
vt 1.000000 0.620000
vt 1.000000 0.260000
vt 0.000000 0.620000
vt 0.000000 1.000000
vt 1.000000 1.000000
vt 1.000000 0.620000
vt 0.000000 0.000000
vt 0.000000 0.260000
vt 1.000000 0.260000
vt 1.000000 0.000000
vt 0.000000 0.260000
vt 0.000000 0.620000
vt 1.000000 0.620000
vt 1.000000 0.260000
vt 0.000000 0.620000
vt 0.000000 1.000000
vt 1.000000 1.000000
vt 1.000000 0.620000
vt 0.000000 0.000000
vt 0.000000 0.260000
vt 1.000000 0.260000
vt 1.000000 0.000000
vt 0.000000 0.260000
vt 0.000000 0.620000
vt 1.000000 0.620000
vt 1.000000 0.260000
vt 0.000000 0.620000
vt 0.000000 1.000000
vt 1.000000 1.000000
vt 1.000000 0.620000
vt 0.000000 0.000000
vt 0.000000 0.260000
vt 1.000000 0.260000
vt 1.000000 0.000000
vt 0.000000 0.260000
vt 0.000000 0.620000
vt 1.000000 0.620000
vt 1.000000 0.260000
vt 0.000000 0.620000
vt 0.000000 1.000000
vt 1.000000 1.000000
vt 1.000000 0.620000
vt 0.000000 0.000000
vt 0.000000 0.260000
vt 1.000000 0.260000
vt 1.000000 0.000000
vt 0.000000 0.260000
vt 0.000000 0.620000
vt 1.000000 0.620000
vt 1.000000 0.260000
vt 0.000000 0.620000
vt 0.000000 1.000000
vt 1.000000 1.000000
vt 1.000000 0.620000
vt 0.000000 0.000000
vt 0.000000 0.260000
vt 1.000000 0.260000
vt 1.000000 0.000000
vt 0.000000 0.260000
vt 0.000000 0.620000
vt 1.000000 0.620000
vt 1.000000 0.260000
vt 0.000000 0.620000
vt 0.000000 1.000000
vt 1.000000 1.000000
vt 1.000000 0.620000
vt 0.000000 0.000000
vt 0.000000 0.260000
vt 1.000000 0.260000
vt 1.000000 0.000000
vt 0.000000 0.260000
vt 0.000000 0.620000
vt 1.000000 0.620000
vt 1.000000 0.260000
vt 0.000000 0.620000
vt 0.000000 1.000000
vt 1.000000 1.000000
vt 1.000000 0.620000
vt 0.000000 0.000000
vt 0.000000 0.260000
vt 1.000000 0.260000
vt 1.000000 0.000000
vt 0.000000 0.260000
vt 0.000000 0.620000
vt 1.000000 0.620000
vt 1.000000 0.260000
vt 0.000000 0.620000
vt 0.000000 1.000000
vt 1.000000 1.000000
vt 1.000000 0.620000
vt 0.000000 0.000000
vt 0.000000 0.260000
vt 1.000000 0.260000
vt 1.000000 0.000000
vt 0.000000 0.260000
vt 0.000000 0.620000
vt 1.000000 0.620000
vt 1.000000 0.260000
vt 0.000000 0.620000
vt 0.000000 1.000000
vt 1.000000 1.000000
vt 1.000000 0.620000
vt 0.000000 0.000000
vt 0.000000 0.260000
vt 1.000000 0.260000
vt 1.000000 0.000000
vt 0.000000 0.260000
vt 0.000000 0.620000
vt 1.000000 0.620000
vt 1.000000 0.260000
vt 0.000000 0.620000
vt 0.000000 1.000000
vt 1.000000 1.000000
vt 1.000000 0.620000
vt 0.000000 0.000000
vt 0.000000 0.260000
vt 1.000000 0.260000
vt 1.000000 0.000000
vt 0.000000 0.260000
vt 0.000000 0.620000
vt 1.000000 0.620000
vt 1.000000 0.260000
vt 0.000000 0.620000
vt 0.000000 1.000000
vt 1.000000 1.000000
vt 1.000000 0.620000
vt 0.000000 0.000000
vt 0.000000 0.260000
vt 1.000000 0.260000
vt 1.000000 0.000000
vt 0.000000 0.260000
vt 0.000000 0.620000
vt 1.000000 0.620000
vt 1.000000 0.260000
vt 0.000000 0.620000
vt 0.000000 1.000000
vt 1.000000 1.000000
vt 1.000000 0.620000
vt 0.000000 0.000000
vt 0.000000 0.260000
vt 1.000000 0.260000
vt 1.000000 0.000000
vt 0.000000 0.260000
vt 0.000000 0.620000
vt 1.000000 0.620000
vt 1.000000 0.260000
vt 0.000000 0.620000
vt 0.000000 1.000000
vt 1.000000 1.000000
vt 1.000000 0.620000
vt 0.000000 0.000000
vt 0.000000 0.260000
vt 1.000000 0.260000
vt 1.000000 0.000000
vt 0.000000 0.260000
vt 0.000000 0.620000
vt 1.000000 0.620000
vt 1.000000 0.260000
vt 0.000000 0.620000
vt 0.000000 1.000000
vt 1.000000 1.000000
vt 1.000000 0.620000
vt 0.000000 0.000000
vt 0.000000 0.260000
vt 1.000000 0.260000
vt 1.000000 0.000000
vt 0.000000 0.260000
vt 0.000000 0.620000
vt 1.000000 0.620000
vt 1.000000 0.260000
vt 0.000000 0.620000
vt 0.000000 1.000000
vt 1.000000 1.000000
vt 1.000000 0.620000
vt 0.000000 0.000000
vt 0.000000 0.260000
vt 1.000000 0.260000
vt 1.000000 0.000000
vt 0.000000 0.260000
vt 0.000000 0.620000
vt 1.000000 0.620000
vt 1.000000 0.260000
vt 0.000000 0.620000
vt 0.000000 1.000000
vt 1.000000 1.000000
vt 1.000000 0.620000
vt 0.000000 0.000000
vt 0.000000 0.260000
vt 1.000000 0.260000
vt 1.000000 0.000000
vt 0.000000 0.260000
vt 0.000000 0.620000
vt 1.000000 0.620000
vt 1.000000 0.260000
vt 0.000000 0.620000
vt 0.000000 1.000000
vt 1.000000 1.000000
vt 1.000000 0.620000
vt 0.000000 0.000000
vt 0.000000 0.260000
vt 1.000000 0.260000
vt 1.000000 0.000000
vt 0.000000 0.260000
vt 0.000000 0.620000
vt 1.000000 0.620000
vt 1.000000 0.260000
vt 0.000000 0.620000
vt 0.000000 1.000000
vt 1.000000 1.000000
vt 1.000000 0.620000
vt 0.000000 0.000000
vt 0.000000 0.260000
vt 1.000000 0.260000
vt 1.000000 0.000000
vt 0.000000 0.260000
vt 0.000000 0.620000
vt 1.000000 0.620000
vt 1.000000 0.260000
vt 0.000000 0.620000
vt 0.000000 1.000000
vt 1.000000 1.000000
vt 1.000000 0.620000
vt 0.000000 0.000000
vt 0.000000 0.260000
vt 1.000000 0.260000
vt 1.000000 0.000000
vt 0.000000 0.260000
vt 0.000000 0.620000
vt 1.000000 0.620000
vt 1.000000 0.260000
vt 0.000000 0.620000
vt 0.000000 1.000000
vt 1.000000 1.000000
vt 1.000000 0.620000
vt 0.000000 0.000000
vt 0.000000 0.260000
vt 1.000000 0.260000
vt 1.000000 0.000000
vt 0.000000 0.260000
vt 0.000000 0.620000
vt 1.000000 0.620000
vt 1.000000 0.260000
vt 0.000000 0.620000
vt 0.000000 1.000000
vt 1.000000 1.000000
vt 1.000000 0.620000
vt 0.000000 0.000000
vt 0.000000 0.260000
vt 1.000000 0.260000
vt 1.000000 0.000000
vt 0.000000 0.260000
vt 0.000000 0.620000
vt 1.000000 0.620000
vt 1.000000 0.260000
vt 0.000000 0.620000
vt 0.000000 1.000000
vt 1.000000 1.000000
vt 1.000000 0.620000
vt 0.000000 0.000000
vt 0.000000 0.260000
vt 1.000000 0.260000
vt 1.000000 0.000000
vt 0.000000 0.260000
vt 0.000000 0.620000
vt 1.000000 0.620000
vt 1.000000 0.260000
vt 0.000000 0.620000
vt 0.000000 1.000000
vt 1.000000 1.000000
vt 1.000000 0.620000
vt 0.000000 0.000000
vt 0.000000 0.260000
vt 1.000000 0.260000
vt 1.000000 0.000000
vt 0.000000 0.260000
vt 0.000000 0.620000
vt 1.000000 0.620000
vt 1.000000 0.260000
vt 0.000000 0.620000
vt 0.000000 1.000000
vt 1.000000 1.000000
vt 1.000000 0.620000
vt 0.000000 0.000000
vt 0.000000 0.260000
vt 1.000000 0.260000
vt 1.000000 0.000000
vt 0.000000 0.260000
vt 0.000000 0.620000
vt 1.000000 0.620000
vt 1.000000 0.260000
vt 0.000000 0.620000
vt 0.000000 1.000000
vt 1.000000 1.000000
vt 1.000000 0.620000
vt 0.000000 0.000000
vt 0.000000 0.260000
vt 1.000000 0.260000
vt 1.000000 0.000000
vt 0.000000 0.260000
vt 0.000000 0.620000
vt 1.000000 0.620000
vt 1.000000 0.260000
vt 0.000000 0.620000
vt 0.000000 1.000000
vt 1.000000 1.000000
vt 1.000000 0.620000
vt 0.000000 0.000000
vt 0.000000 0.260000
vt 1.000000 0.260000
vt 1.000000 0.000000
vt 0.000000 0.260000
vt 0.000000 0.620000
vt 1.000000 0.620000
vt 1.000000 0.260000
vt 0.000000 0.620000
vt 0.000000 1.000000
vt 1.000000 1.000000
vt 1.000000 0.620000
vt 0.000000 0.000000
vt 0.000000 0.260000
vt 1.000000 0.260000
vt 1.000000 0.000000
vt 0.000000 0.260000
vt 0.000000 0.620000
vt 1.000000 0.620000
vt 1.000000 0.260000
vt 0.000000 0.620000
vt 0.000000 1.000000
vt 1.000000 1.000000
vt 1.000000 0.620000
vt 0.000000 0.000000
vt 0.000000 0.260000
vt 1.000000 0.260000
vt 1.000000 0.000000
vt 0.000000 0.260000
vt 0.000000 0.620000
vt 1.000000 0.620000
vt 1.000000 0.260000
vt 0.000000 0.620000
vt 0.000000 1.000000
vt 1.000000 1.000000
vt 1.000000 0.620000
vt 0.000000 0.000000
vt 0.000000 0.260000
vt 1.000000 0.260000
vt 1.000000 0.000000
vt 0.000000 0.260000
vt 0.000000 0.620000
vt 1.000000 0.620000
vt 1.000000 0.260000
vt 0.000000 0.620000
vt 0.000000 1.000000
vt 1.000000 1.000000
vt 1.000000 0.620000
vt 0.000000 0.000000
vt 0.000000 0.260000
vt 1.000000 0.260000
vt 1.000000 0.000000
vt 0.000000 0.260000
vt 0.000000 0.620000
vt 1.000000 0.620000
vt 1.000000 0.260000
vt 0.000000 0.620000
vt 0.000000 1.000000
vt 1.000000 1.000000
vt 1.000000 0.620000
vt 0.000000 0.000000
vt 0.000000 0.260000
vt 1.000000 0.260000
vt 1.000000 0.000000
vt 0.000000 0.260000
vt 0.000000 0.620000
vt 1.000000 0.620000
vt 1.000000 0.260000
vt 0.000000 0.620000
vt 0.000000 1.000000
vt 1.000000 1.000000
vt 1.000000 0.620000
vt 0.000000 0.000000
vt 0.000000 0.260000
vt 1.000000 0.260000
vt 1.000000 0.000000
vt 0.000000 0.260000
vt 0.000000 0.620000
vt 1.000000 0.620000
vt 1.000000 0.260000
vt 0.000000 0.620000
vt 0.000000 1.000000
vt 1.000000 1.000000
vt 1.000000 0.620000
vt 0.000000 0.000000
vt 0.000000 0.260000
vt 1.000000 0.260000
vt 1.000000 0.000000
vt 0.000000 0.260000
vt 0.000000 0.620000
vt 1.000000 0.620000
vt 1.000000 0.260000
vt 0.000000 0.620000
vt 0.000000 1.000000
vt 1.000000 1.000000
vt 1.000000 0.620000
vt 0.000000 0.000000
vt 0.000000 0.260000
vt 1.000000 0.260000
vt 1.000000 0.000000
vt 0.000000 0.260000
vt 0.000000 0.620000
vt 1.000000 0.620000
vt 1.000000 0.260000
vt 0.000000 0.620000
vt 0.000000 1.000000
vt 1.000000 1.000000
vt 1.000000 0.620000
vt 0.000000 0.000000
vt 0.000000 0.260000
vt 1.000000 0.260000
vt 1.000000 0.000000
vt 0.000000 0.260000
vt 0.000000 0.620000
vt 1.000000 0.620000
vt 1.000000 0.260000
vt 0.000000 0.620000
vt 0.000000 1.000000
vt 1.000000 1.000000
vt 1.000000 0.620000
vt 0.000000 0.000000
vt 0.000000 0.260000
vt 1.000000 0.260000
vt 1.000000 0.000000
vt 0.000000 0.260000
vt 0.000000 0.620000
vt 1.000000 0.620000
vt 1.000000 0.260000
vt 0.000000 0.620000
vt 0.000000 1.000000
vt 1.000000 1.000000
vt 1.000000 0.620000
vt 0.000000 0.000000
vt 0.000000 0.260000
vt 1.000000 0.260000
vt 1.000000 0.000000
vt 0.000000 0.260000
vt 0.000000 0.620000
vt 1.000000 0.620000
vt 1.000000 0.260000
vt 0.000000 0.620000
vt 0.000000 1.000000
vt 1.000000 1.000000
vt 1.000000 0.620000
vt 0.000000 0.000000
vt 0.000000 0.260000
vt 1.000000 0.260000
vt 1.000000 0.000000
vt 0.000000 0.260000
vt 0.000000 0.620000
vt 1.000000 0.620000
vt 1.000000 0.260000
vt 0.000000 0.620000
vt 0.000000 1.000000
vt 1.000000 1.000000
vt 1.000000 0.620000
vt 0.000000 0.000000
vt 0.000000 0.260000
vt 1.000000 0.260000
vt 1.000000 0.000000
vt 0.000000 0.260000
vt 0.000000 0.620000
vt 1.000000 0.620000
vt 1.000000 0.260000
vt 0.000000 0.620000
vt 0.000000 1.000000
vt 1.000000 1.000000
vt 1.000000 0.620000
vt 0.000000 0.000000
vt 0.000000 0.260000
vt 1.000000 0.260000
vt 1.000000 0.000000
vt 0.000000 0.260000
vt 0.000000 0.620000
vt 1.000000 0.620000
vt 1.000000 0.260000
vt 0.000000 0.620000
vt 0.000000 1.000000
vt 1.000000 1.000000
vt 1.000000 0.620000
vt 0.000000 0.000000
vt 0.000000 0.260000
vt 1.000000 0.260000
vt 1.000000 0.000000
vt 0.000000 0.260000
vt 0.000000 0.620000
vt 1.000000 0.620000
vt 1.000000 0.260000
vt 0.000000 0.620000
vt 0.000000 1.000000
vt 1.000000 1.000000
vt 1.000000 0.620000
vt 0.000000 0.000000
vt 0.000000 0.260000
vt 1.000000 0.260000
vt 1.000000 0.000000
vt 0.000000 0.260000
vt 0.000000 0.620000
vt 1.000000 0.620000
vt 1.000000 0.260000
vt 0.000000 0.620000
vt 0.000000 1.000000
vt 1.000000 1.000000
vt 1.000000 0.620000
vt 0.000000 0.000000
vt 0.000000 0.260000
vt 1.000000 0.260000
vt 1.000000 0.000000
vt 0.000000 0.260000
vt 0.000000 0.620000
vt 1.000000 0.620000
vt 1.000000 0.260000
vt 0.000000 0.620000
vt 0.000000 1.000000
vt 1.000000 1.000000
vt 1.000000 0.620000
vt 0.000000 0.000000
vt 0.000000 0.260000
vt 1.000000 0.260000
vt 1.000000 0.000000
vt 0.000000 0.260000
vt 0.000000 0.620000
vt 1.000000 0.620000
vt 1.000000 0.260000
vt 0.000000 0.620000
vt 0.000000 1.000000
vt 1.000000 1.000000
vt 1.000000 0.620000
vt 0.000000 0.000000
vt 0.000000 0.260000
vt 1.000000 0.260000
vt 1.000000 0.000000
vt 0.000000 0.260000
vt 0.000000 0.620000
vt 1.000000 0.620000
vt 1.000000 0.260000
vt 0.000000 0.620000
vt 0.000000 1.000000
vt 1.000000 1.000000
vt 1.000000 0.620000
vt 0.000000 0.000000
vt 0.000000 0.260000
vt 1.000000 0.260000
vt 1.000000 0.000000
vt 0.000000 0.260000
vt 0.000000 0.620000
vt 1.000000 0.620000
vt 1.000000 0.260000
vt 0.000000 0.620000
vt 0.000000 1.000000
vt 1.000000 1.000000
vt 1.000000 0.620000
vt 0.000000 0.000000
vt 0.000000 0.260000
vt 1.000000 0.260000
vt 1.000000 0.000000
vt 0.000000 0.260000
vt 0.000000 0.620000
vt 1.000000 0.620000
vt 1.000000 0.260000
vt 0.000000 0.620000
vt 0.000000 1.000000
vt 1.000000 1.000000
vt 1.000000 0.620000
usemtl M_Dracaena_Cane
s 1
f 10/1 9/2 8/3 7/4 6/5 5/6 4/7 3/8 2/9 1/10
f 11/11 12/12 13/13 14/14 15/15 16/16 17/17 18/18 19/19 20/20
f 1/21 2/22 12/23 11/24
f 2/25 3/26 13/27 12/28
f 3/29 4/30 14/31 13/32
f 4/33 5/34 15/35 14/36
f 5/37 6/38 16/39 15/40
f 6/41 7/42 17/43 16/44
f 7/45 8/46 18/47 17/48
f 8/49 9/50 19/51 18/52
f 9/53 10/54 20/55 19/56
f 10/57 1/58 11/59 20/60
usemtl M_Dracaena_Leaf
s 1
f 21/61 23/62 24/63 22/64
f 23/65 25/66 26/67 24/68
f 25/69 27/70 28/71 26/72
f 29/73 31/74 32/75 30/76
f 31/77 33/78 34/79 32/80
f 33/81 35/82 36/83 34/84
f 37/85 39/86 40/87 38/88
f 39/89 41/90 42/91 40/92
f 41/93 43/94 44/95 42/96
f 45/97 47/98 48/99 46/100
f 47/101 49/102 50/103 48/104
f 49/105 51/106 52/107 50/108
f 53/109 55/110 56/111 54/112
f 55/113 57/114 58/115 56/116
f 57/117 59/118 60/119 58/120
f 61/121 63/122 64/123 62/124
f 63/125 65/126 66/127 64/128
f 65/129 67/130 68/131 66/132
f 69/133 71/134 72/135 70/136
f 71/137 73/138 74/139 72/140
f 73/141 75/142 76/143 74/144
f 77/145 79/146 80/147 78/148
f 79/149 81/150 82/151 80/152
f 81/153 83/154 84/155 82/156
f 85/157 87/158 88/159 86/160
f 87/161 89/162 90/163 88/164
f 89/165 91/166 92/167 90/168
f 93/169 95/170 96/171 94/172
f 95/173 97/174 98/175 96/176
f 97/177 99/178 100/179 98/180
f 101/181 103/182 104/183 102/184
f 103/185 105/186 106/187 104/188
f 105/189 107/190 108/191 106/192
f 109/193 111/194 112/195 110/196
f 111/197 113/198 114/199 112/200
f 113/201 115/202 116/203 114/204
f 117/205 119/206 120/207 118/208
f 119/209 121/210 122/211 120/212
f 121/213 123/214 124/215 122/216
f 125/217 127/218 128/219 126/220
f 127/221 129/222 130/223 128/224
f 129/225 131/226 132/227 130/228
f 133/229 135/230 136/231 134/232
f 135/233 137/234 138/235 136/236
f 137/237 139/238 140/239 138/240
f 141/241 143/242 144/243 142/244
f 143/245 145/246 146/247 144/248
f 145/249 147/250 148/251 146/252
f 149/253 151/254 152/255 150/256
f 151/257 153/258 154/259 152/260
f 153/261 155/262 156/263 154/264
f 157/265 159/266 160/267 158/268
f 159/269 161/270 162/271 160/272
f 161/273 163/274 164/275 162/276
f 165/277 167/278 168/279 166/280
f 167/281 169/282 170/283 168/284
f 169/285 171/286 172/287 170/288
f 173/289 175/290 176/291 174/292
f 175/293 177/294 178/295 176/296
f 177/297 179/298 180/299 178/300
f 181/301 183/302 184/303 182/304
f 183/305 185/306 186/307 184/308
f 185/309 187/310 188/311 186/312
f 189/313 191/314 192/315 190/316
f 191/317 193/318 194/319 192/320
f 193/321 195/322 196/323 194/324
f 197/325 199/326 200/327 198/328
f 199/329 201/330 202/331 200/332
f 201/333 203/334 204/335 202/336
f 205/337 207/338 208/339 206/340
f 207/341 209/342 210/343 208/344
f 209/345 211/346 212/347 210/348
f 213/349 215/350 216/351 214/352
f 215/353 217/354 218/355 216/356
f 217/357 219/358 220/359 218/360
f 221/361 223/362 224/363 222/364
f 223/365 225/366 226/367 224/368
f 225/369 227/370 228/371 226/372
f 229/373 231/374 232/375 230/376
f 231/377 233/378 234/379 232/380
f 233/381 235/382 236/383 234/384
f 237/385 239/386 240/387 238/388
f 239/389 241/390 242/391 240/392
f 241/393 243/394 244/395 242/396
f 245/397 247/398 248/399 246/400
f 247/401 249/402 250/403 248/404
f 249/405 251/406 252/407 250/408
f 253/409 255/410 256/411 254/412
f 255/413 257/414 258/415 256/416
f 257/417 259/418 260/419 258/420
f 261/421 263/422 264/423 262/424
f 263/425 265/426 266/427 264/428
f 265/429 267/430 268/431 266/432
f 269/433 271/434 272/435 270/436
f 271/437 273/438 274/439 272/440
f 273/441 275/442 276/443 274/444
f 277/445 279/446 280/447 278/448
f 279/449 281/450 282/451 280/452
f 281/453 283/454 284/455 282/456
f 285/457 287/458 288/459 286/460
f 287/461 289/462 290/463 288/464
f 289/465 291/466 292/467 290/468
f 293/469 295/470 296/471 294/472
f 295/473 297/474 298/475 296/476
f 297/477 299/478 300/479 298/480
f 301/481 303/482 304/483 302/484
f 303/485 305/486 306/487 304/488
f 305/489 307/490 308/491 306/492
f 309/493 311/494 312/495 310/496
f 311/497 313/498 314/499 312/500
f 313/501 315/502 316/503 314/504
f 317/505 319/506 320/507 318/508
f 319/509 321/510 322/511 320/512
f 321/513 323/514 324/515 322/516
f 325/517 327/518 328/519 326/520
f 327/521 329/522 330/523 328/524
f 329/525 331/526 332/527 330/528
f 333/529 335/530 336/531 334/532
f 335/533 337/534 338/535 336/536
f 337/537 339/538 340/539 338/540
f 341/541 343/542 344/543 342/544
f 343/545 345/546 346/547 344/548
f 345/549 347/550 348/551 346/552
f 349/553 351/554 352/555 350/556
f 351/557 353/558 354/559 352/560
f 353/561 355/562 356/563 354/564
f 357/565 359/566 360/567 358/568
f 359/569 361/570 362/571 360/572
f 361/573 363/574 364/575 362/576
f 365/577 367/578 368/579 366/580
f 367/581 369/582 370/583 368/584
f 369/585 371/586 372/587 370/588
f 373/589 375/590 376/591 374/592
f 375/593 377/594 378/595 376/596
f 377/597 379/598 380/599 378/600
f 381/601 383/602 384/603 382/604
f 383/605 385/606 386/607 384/608
f 385/609 387/610 388/611 386/612
f 389/613 391/614 392/615 390/616
f 391/617 393/618 394/619 392/620
f 393/621 395/622 396/623 394/624
f 397/625 399/626 400/627 398/628
f 399/629 401/630 402/631 400/632
f 401/633 403/634 404/635 402/636
f 405/637 407/638 408/639 406/640
f 407/641 409/642 410/643 408/644
f 409/645 411/646 412/647 410/648
f 413/649 415/650 416/651 414/652
f 415/653 417/654 418/655 416/656
f 417/657 419/658 420/659 418/660
f 421/661 423/662 424/663 422/664
f 423/665 425/666 426/667 424/668
f 425/669 427/670 428/671 426/672
f 429/673 431/674 432/675 430/676
f 431/677 433/678 434/679 432/680
f 433/681 435/682 436/683 434/684
f 437/685 439/686 440/687 438/688
f 439/689 441/690 442/691 440/692
f 441/693 443/694 444/695 442/696
f 445/697 447/698 448/699 446/700
f 447/701 449/702 450/703 448/704
f 449/705 451/706 452/707 450/708
f 453/709 455/710 456/711 454/712
f 455/713 457/714 458/715 456/716
f 457/717 459/718 460/719 458/720
f 461/721 463/722 464/723 462/724
f 463/725 465/726 466/727 464/728
f 465/729 467/730 468/731 466/732
f 469/733 471/734 472/735 470/736
f 471/737 473/738 474/739 472/740
f 473/741 475/742 476/743 474/744
f 477/745 479/746 480/747 478/748
f 479/749 481/750 482/751 480/752
f 481/753 483/754 484/755 482/756
usemtl M_Dracaena_Cane
s 1
f 494/757 493/758 492/759 491/760 490/761 489/762 488/763 487/764 486/765 485/766
f 495/767 496/768 497/769 498/770 499/771 500/772 501/773 502/774 503/775 504/776
f 485/777 486/778 496/779 495/780
f 486/781 487/782 497/783 496/784
f 487/785 488/786 498/787 497/788
f 488/789 489/790 499/791 498/792
f 489/793 490/794 500/795 499/796
f 490/797 491/798 501/799 500/800
f 491/801 492/802 502/803 501/804
f 492/805 493/806 503/807 502/808
f 493/809 494/810 504/811 503/812
f 494/813 485/814 495/815 504/816
usemtl M_Dracaena_Leaf
s 1
f 505/817 507/818 508/819 506/820
f 507/821 509/822 510/823 508/824
f 509/825 511/826 512/827 510/828
f 513/829 515/830 516/831 514/832
f 515/833 517/834 518/835 516/836
f 517/837 519/838 520/839 518/840
f 521/841 523/842 524/843 522/844
f 523/845 525/846 526/847 524/848
f 525/849 527/850 528/851 526/852
f 529/853 531/854 532/855 530/856
f 531/857 533/858 534/859 532/860
f 533/861 535/862 536/863 534/864
f 537/865 539/866 540/867 538/868
f 539/869 541/870 542/871 540/872
f 541/873 543/874 544/875 542/876
f 545/877 547/878 548/879 546/880
f 547/881 549/882 550/883 548/884
f 549/885 551/886 552/887 550/888
f 553/889 555/890 556/891 554/892
f 555/893 557/894 558/895 556/896
f 557/897 559/898 560/899 558/900
f 561/901 563/902 564/903 562/904
f 563/905 565/906 566/907 564/908
f 565/909 567/910 568/911 566/912
f 569/913 571/914 572/915 570/916
f 571/917 573/918 574/919 572/920
f 573/921 575/922 576/923 574/924
f 577/925 579/926 580/927 578/928
f 579/929 581/930 582/931 580/932
f 581/933 583/934 584/935 582/936
f 585/937 587/938 588/939 586/940
f 587/941 589/942 590/943 588/944
f 589/945 591/946 592/947 590/948
f 593/949 595/950 596/951 594/952
f 595/953 597/954 598/955 596/956
f 597/957 599/958 600/959 598/960
f 601/961 603/962 604/963 602/964
f 603/965 605/966 606/967 604/968
f 605/969 607/970 608/971 606/972
f 609/973 611/974 612/975 610/976
f 611/977 613/978 614/979 612/980
f 613/981 615/982 616/983 614/984
f 617/985 619/986 620/987 618/988
f 619/989 621/990 622/991 620/992
f 621/993 623/994 624/995 622/996
f 625/997 627/998 628/999 626/1000
f 627/1001 629/1002 630/1003 628/1004
f 629/1005 631/1006 632/1007 630/1008
f 633/1009 635/1010 636/1011 634/1012
f 635/1013 637/1014 638/1015 636/1016
f 637/1017 639/1018 640/1019 638/1020
f 641/1021 643/1022 644/1023 642/1024
f 643/1025 645/1026 646/1027 644/1028
f 645/1029 647/1030 648/1031 646/1032
f 649/1033 651/1034 652/1035 650/1036
f 651/1037 653/1038 654/1039 652/1040
f 653/1041 655/1042 656/1043 654/1044
f 657/1045 659/1046 660/1047 658/1048
f 659/1049 661/1050 662/1051 660/1052
f 661/1053 663/1054 664/1055 662/1056
f 665/1057 667/1058 668/1059 666/1060
f 667/1061 669/1062 670/1063 668/1064
f 669/1065 671/1066 672/1067 670/1068
f 673/1069 675/1070 676/1071 674/1072
f 675/1073 677/1074 678/1075 676/1076
f 677/1077 679/1078 680/1079 678/1080
f 681/1081 683/1082 684/1083 682/1084
f 683/1085 685/1086 686/1087 684/1088
f 685/1089 687/1090 688/1091 686/1092
f 689/1093 691/1094 692/1095 690/1096
f 691/1097 693/1098 694/1099 692/1100
f 693/1101 695/1102 696/1103 694/1104
f 697/1105 699/1106 700/1107 698/1108
f 699/1109 701/1110 702/1111 700/1112
f 701/1113 703/1114 704/1115 702/1116
f 705/1117 707/1118 708/1119 706/1120
f 707/1121 709/1122 710/1123 708/1124
f 709/1125 711/1126 712/1127 710/1128
f 713/1129 715/1130 716/1131 714/1132
f 715/1133 717/1134 718/1135 716/1136
f 717/1137 719/1138 720/1139 718/1140
f 721/1141 723/1142 724/1143 722/1144
f 723/1145 725/1146 726/1147 724/1148
f 725/1149 727/1150 728/1151 726/1152
f 729/1153 731/1154 732/1155 730/1156
f 731/1157 733/1158 734/1159 732/1160
f 733/1161 735/1162 736/1163 734/1164
f 737/1165 739/1166 740/1167 738/1168
f 739/1169 741/1170 742/1171 740/1172
f 741/1173 743/1174 744/1175 742/1176
f 745/1177 747/1178 748/1179 746/1180
f 747/1181 749/1182 750/1183 748/1184
f 749/1185 751/1186 752/1187 750/1188
f 753/1189 755/1190 756/1191 754/1192
f 755/1193 757/1194 758/1195 756/1196
f 757/1197 759/1198 760/1199 758/1200
f 761/1201 763/1202 764/1203 762/1204
f 763/1205 765/1206 766/1207 764/1208
f 765/1209 767/1210 768/1211 766/1212
f 769/1213 771/1214 772/1215 770/1216
f 771/1217 773/1218 774/1219 772/1220
f 773/1221 775/1222 776/1223 774/1224
f 777/1225 779/1226 780/1227 778/1228
f 779/1229 781/1230 782/1231 780/1232
f 781/1233 783/1234 784/1235 782/1236
f 785/1237 787/1238 788/1239 786/1240
f 787/1241 789/1242 790/1243 788/1244
f 789/1245 791/1246 792/1247 790/1248
f 793/1249 795/1250 796/1251 794/1252
f 795/1253 797/1254 798/1255 796/1256
f 797/1257 799/1258 800/1259 798/1260
f 801/1261 803/1262 804/1263 802/1264
f 803/1265 805/1266 806/1267 804/1268
f 805/1269 807/1270 808/1271 806/1272
f 809/1273 811/1274 812/1275 810/1276
f 811/1277 813/1278 814/1279 812/1280
f 813/1281 815/1282 816/1283 814/1284
f 817/1285 819/1286 820/1287 818/1288
f 819/1289 821/1290 822/1291 820/1292
f 821/1293 823/1294 824/1295 822/1296
f 825/1297 827/1298 828/1299 826/1300
f 827/1301 829/1302 830/1303 828/1304
f 829/1305 831/1306 832/1307 830/1308
f 833/1309 835/1310 836/1311 834/1312
f 835/1313 837/1314 838/1315 836/1316
f 837/1317 839/1318 840/1319 838/1320
f 841/1321 843/1322 844/1323 842/1324
f 843/1325 845/1326 846/1327 844/1328
f 845/1329 847/1330 848/1331 846/1332
f 849/1333 851/1334 852/1335 850/1336
f 851/1337 853/1338 854/1339 852/1340
f 853/1341 855/1342 856/1343 854/1344
f 857/1345 859/1346 860/1347 858/1348
f 859/1349 861/1350 862/1351 860/1352
f 861/1353 863/1354 864/1355 862/1356
f 865/1357 867/1358 868/1359 866/1360
f 867/1361 869/1362 870/1363 868/1364
f 869/1365 871/1366 872/1367 870/1368
f 873/1369 875/1370 876/1371 874/1372
f 875/1373 877/1374 878/1375 876/1376
f 877/1377 879/1378 880/1379 878/1380
f 881/1381 883/1382 884/1383 882/1384
f 883/1385 885/1386 886/1387 884/1388
f 885/1389 887/1390 888/1391 886/1392
f 889/1393 891/1394 892/1395 890/1396
f 891/1397 893/1398 894/1399 892/1400
f 893/1401 895/1402 896/1403 894/1404
f 897/1405 899/1406 900/1407 898/1408
f 899/1409 901/1410 902/1411 900/1412
f 901/1413 903/1414 904/1415 902/1416
f 905/1417 907/1418 908/1419 906/1420
f 907/1421 909/1422 910/1423 908/1424
f 909/1425 911/1426 912/1427 910/1428
f 913/1429 915/1430 916/1431 914/1432
f 915/1433 917/1434 918/1435 916/1436
f 917/1437 919/1438 920/1439 918/1440
f 921/1441 923/1442 924/1443 922/1444
f 923/1445 925/1446 926/1447 924/1448
f 925/1449 927/1450 928/1451 926/1452
f 929/1453 931/1454 932/1455 930/1456
f 931/1457 933/1458 934/1459 932/1460
f 933/1461 935/1462 936/1463 934/1464
f 937/1465 939/1466 940/1467 938/1468
f 939/1469 941/1470 942/1471 940/1472
f 941/1473 943/1474 944/1475 942/1476
f 945/1477 947/1478 948/1479 946/1480
f 947/1481 949/1482 950/1483 948/1484
f 949/1485 951/1486 952/1487 950/1488
f 953/1489 955/1490 956/1491 954/1492
f 955/1493 957/1494 958/1495 956/1496
f 957/1497 959/1498 960/1499 958/1500
f 961/1501 963/1502 964/1503 962/1504
f 963/1505 965/1506 966/1507 964/1508
f 965/1509 967/1510 968/1511 966/1512
usemtl M_Dracaena_Cane
s 1
f 978/1513 977/1514 976/1515 975/1516 974/1517 973/1518 972/1519 971/1520 970/1521 969/1522
f 979/1523 980/1524 981/1525 982/1526 983/1527 984/1528 985/1529 986/1530 987/1531 988/1532
f 969/1533 970/1534 980/1535 979/1536
f 970/1537 971/1538 981/1539 980/1540
f 971/1541 972/1542 982/1543 981/1544
f 972/1545 973/1546 983/1547 982/1548
f 973/1549 974/1550 984/1551 983/1552
f 974/1553 975/1554 985/1555 984/1556
f 975/1557 976/1558 986/1559 985/1560
f 976/1561 977/1562 987/1563 986/1564
f 977/1565 978/1566 988/1567 987/1568
f 978/1569 969/1570 979/1571 988/1572
usemtl M_Dracaena_Leaf
s 1
f 989/1573 991/1574 992/1575 990/1576
f 991/1577 993/1578 994/1579 992/1580
f 993/1581 995/1582 996/1583 994/1584
f 997/1585 999/1586 1000/1587 998/1588
f 999/1589 1001/1590 1002/1591 1000/1592
f 1001/1593 1003/1594 1004/1595 1002/1596
f 1005/1597 1007/1598 1008/1599 1006/1600
f 1007/1601 1009/1602 1010/1603 1008/1604
f 1009/1605 1011/1606 1012/1607 1010/1608
f 1013/1609 1015/1610 1016/1611 1014/1612
f 1015/1613 1017/1614 1018/1615 1016/1616
f 1017/1617 1019/1618 1020/1619 1018/1620
f 1021/1621 1023/1622 1024/1623 1022/1624
f 1023/1625 1025/1626 1026/1627 1024/1628
f 1025/1629 1027/1630 1028/1631 1026/1632
f 1029/1633 1031/1634 1032/1635 1030/1636
f 1031/1637 1033/1638 1034/1639 1032/1640
f 1033/1641 1035/1642 1036/1643 1034/1644
f 1037/1645 1039/1646 1040/1647 1038/1648
f 1039/1649 1041/1650 1042/1651 1040/1652
f 1041/1653 1043/1654 1044/1655 1042/1656
f 1045/1657 1047/1658 1048/1659 1046/1660
f 1047/1661 1049/1662 1050/1663 1048/1664
f 1049/1665 1051/1666 1052/1667 1050/1668
f 1053/1669 1055/1670 1056/1671 1054/1672
f 1055/1673 1057/1674 1058/1675 1056/1676
f 1057/1677 1059/1678 1060/1679 1058/1680
f 1061/1681 1063/1682 1064/1683 1062/1684
f 1063/1685 1065/1686 1066/1687 1064/1688
f 1065/1689 1067/1690 1068/1691 1066/1692
f 1069/1693 1071/1694 1072/1695 1070/1696
f 1071/1697 1073/1698 1074/1699 1072/1700
f 1073/1701 1075/1702 1076/1703 1074/1704
f 1077/1705 1079/1706 1080/1707 1078/1708
f 1079/1709 1081/1710 1082/1711 1080/1712
f 1081/1713 1083/1714 1084/1715 1082/1716
f 1085/1717 1087/1718 1088/1719 1086/1720
f 1087/1721 1089/1722 1090/1723 1088/1724
f 1089/1725 1091/1726 1092/1727 1090/1728
f 1093/1729 1095/1730 1096/1731 1094/1732
f 1095/1733 1097/1734 1098/1735 1096/1736
f 1097/1737 1099/1738 1100/1739 1098/1740
f 1101/1741 1103/1742 1104/1743 1102/1744
f 1103/1745 1105/1746 1106/1747 1104/1748
f 1105/1749 1107/1750 1108/1751 1106/1752
f 1109/1753 1111/1754 1112/1755 1110/1756
f 1111/1757 1113/1758 1114/1759 1112/1760
f 1113/1761 1115/1762 1116/1763 1114/1764
f 1117/1765 1119/1766 1120/1767 1118/1768
f 1119/1769 1121/1770 1122/1771 1120/1772
f 1121/1773 1123/1774 1124/1775 1122/1776
f 1125/1777 1127/1778 1128/1779 1126/1780
f 1127/1781 1129/1782 1130/1783 1128/1784
f 1129/1785 1131/1786 1132/1787 1130/1788
f 1133/1789 1135/1790 1136/1791 1134/1792
f 1135/1793 1137/1794 1138/1795 1136/1796
f 1137/1797 1139/1798 1140/1799 1138/1800
f 1141/1801 1143/1802 1144/1803 1142/1804
f 1143/1805 1145/1806 1146/1807 1144/1808
f 1145/1809 1147/1810 1148/1811 1146/1812
f 1149/1813 1151/1814 1152/1815 1150/1816
f 1151/1817 1153/1818 1154/1819 1152/1820
f 1153/1821 1155/1822 1156/1823 1154/1824
f 1157/1825 1159/1826 1160/1827 1158/1828
f 1159/1829 1161/1830 1162/1831 1160/1832
f 1161/1833 1163/1834 1164/1835 1162/1836
f 1165/1837 1167/1838 1168/1839 1166/1840
f 1167/1841 1169/1842 1170/1843 1168/1844
f 1169/1845 1171/1846 1172/1847 1170/1848
f 1173/1849 1175/1850 1176/1851 1174/1852
f 1175/1853 1177/1854 1178/1855 1176/1856
f 1177/1857 1179/1858 1180/1859 1178/1860
f 1181/1861 1183/1862 1184/1863 1182/1864
f 1183/1865 1185/1866 1186/1867 1184/1868
f 1185/1869 1187/1870 1188/1871 1186/1872
f 1189/1873 1191/1874 1192/1875 1190/1876
f 1191/1877 1193/1878 1194/1879 1192/1880
f 1193/1881 1195/1882 1196/1883 1194/1884
f 1197/1885 1199/1886 1200/1887 1198/1888
f 1199/1889 1201/1890 1202/1891 1200/1892
f 1201/1893 1203/1894 1204/1895 1202/1896
f 1205/1897 1207/1898 1208/1899 1206/1900
f 1207/1901 1209/1902 1210/1903 1208/1904
f 1209/1905 1211/1906 1212/1907 1210/1908
f 1213/1909 1215/1910 1216/1911 1214/1912
f 1215/1913 1217/1914 1218/1915 1216/1916
f 1217/1917 1219/1918 1220/1919 1218/1920
f 1221/1921 1223/1922 1224/1923 1222/1924
f 1223/1925 1225/1926 1226/1927 1224/1928
f 1225/1929 1227/1930 1228/1931 1226/1932
f 1229/1933 1231/1934 1232/1935 1230/1936
f 1231/1937 1233/1938 1234/1939 1232/1940
f 1233/1941 1235/1942 1236/1943 1234/1944
f 1237/1945 1239/1946 1240/1947 1238/1948
f 1239/1949 1241/1950 1242/1951 1240/1952
f 1241/1953 1243/1954 1244/1955 1242/1956
f 1245/1957 1247/1958 1248/1959 1246/1960
f 1247/1961 1249/1962 1250/1963 1248/1964
f 1249/1965 1251/1966 1252/1967 1250/1968
f 1253/1969 1255/1970 1256/1971 1254/1972
f 1255/1973 1257/1974 1258/1975 1256/1976
f 1257/1977 1259/1978 1260/1979 1258/1980
f 1261/1981 1263/1982 1264/1983 1262/1984
f 1263/1985 1265/1986 1266/1987 1264/1988
f 1265/1989 1267/1990 1268/1991 1266/1992
f 1269/1993 1271/1994 1272/1995 1270/1996
f 1271/1997 1273/1998 1274/1999 1272/2000
f 1273/2001 1275/2002 1276/2003 1274/2004
f 1277/2005 1279/2006 1280/2007 1278/2008
f 1279/2009 1281/2010 1282/2011 1280/2012
f 1281/2013 1283/2014 1284/2015 1282/2016
f 1285/2017 1287/2018 1288/2019 1286/2020
f 1287/2021 1289/2022 1290/2023 1288/2024
f 1289/2025 1291/2026 1292/2027 1290/2028
f 1293/2029 1295/2030 1296/2031 1294/2032
f 1295/2033 1297/2034 1298/2035 1296/2036
f 1297/2037 1299/2038 1300/2039 1298/2040
f 1301/2041 1303/2042 1304/2043 1302/2044
f 1303/2045 1305/2046 1306/2047 1304/2048
f 1305/2049 1307/2050 1308/2051 1306/2052
f 1309/2053 1311/2054 1312/2055 1310/2056
f 1311/2057 1313/2058 1314/2059 1312/2060
f 1313/2061 1315/2062 1316/2063 1314/2064
f 1317/2065 1319/2066 1320/2067 1318/2068
f 1319/2069 1321/2070 1322/2071 1320/2072
f 1321/2073 1323/2074 1324/2075 1322/2076
f 1325/2077 1327/2078 1328/2079 1326/2080
f 1327/2081 1329/2082 1330/2083 1328/2084
f 1329/2085 1331/2086 1332/2087 1330/2088
f 1333/2089 1335/2090 1336/2091 1334/2092
f 1335/2093 1337/2094 1338/2095 1336/2096
f 1337/2097 1339/2098 1340/2099 1338/2100
f 1341/2101 1343/2102 1344/2103 1342/2104
f 1343/2105 1345/2106 1346/2107 1344/2108
f 1345/2109 1347/2110 1348/2111 1346/2112
f 1349/2113 1351/2114 1352/2115 1350/2116
f 1351/2117 1353/2118 1354/2119 1352/2120
f 1353/2121 1355/2122 1356/2123 1354/2124
f 1357/2125 1359/2126 1360/2127 1358/2128
f 1359/2129 1361/2130 1362/2131 1360/2132
f 1361/2133 1363/2134 1364/2135 1362/2136
f 1365/2137 1367/2138 1368/2139 1366/2140
f 1367/2141 1369/2142 1370/2143 1368/2144
f 1369/2145 1371/2146 1372/2147 1370/2148
f 1373/2149 1375/2150 1376/2151 1374/2152
f 1375/2153 1377/2154 1378/2155 1376/2156
f 1377/2157 1379/2158 1380/2159 1378/2160
f 1381/2161 1383/2162 1384/2163 1382/2164
f 1383/2165 1385/2166 1386/2167 1384/2168
f 1385/2169 1387/2170 1388/2171 1386/2172
f 1389/2173 1391/2174 1392/2175 1390/2176
f 1391/2177 1393/2178 1394/2179 1392/2180
f 1393/2181 1395/2182 1396/2183 1394/2184
f 1397/2185 1399/2186 1400/2187 1398/2188
f 1399/2189 1401/2190 1402/2191 1400/2192
f 1401/2193 1403/2194 1404/2195 1402/2196
f 1405/2197 1407/2198 1408/2199 1406/2200
f 1407/2201 1409/2202 1410/2203 1408/2204
f 1409/2205 1411/2206 1412/2207 1410/2208
f 1413/2209 1415/2210 1416/2211 1414/2212
f 1415/2213 1417/2214 1418/2215 1416/2216
f 1417/2217 1419/2218 1420/2219 1418/2220
f 1421/2221 1423/2222 1424/2223 1422/2224
f 1423/2225 1425/2226 1426/2227 1424/2228
f 1425/2229 1427/2230 1428/2231 1426/2232
f 1429/2233 1431/2234 1432/2235 1430/2236
f 1431/2237 1433/2238 1434/2239 1432/2240
f 1433/2241 1435/2242 1436/2243 1434/2244
f 1437/2245 1439/2246 1440/2247 1438/2248
f 1439/2249 1441/2250 1442/2251 1440/2252
f 1441/2253 1443/2254 1444/2255 1442/2256
f 1445/2257 1447/2258 1448/2259 1446/2260
f 1447/2261 1449/2262 1450/2263 1448/2264
f 1449/2265 1451/2266 1452/2267 1450/2268
