# Generated by scripts/generate_terrace_planter_botanical_kit.py
mtllib VD_TerraceBotanical.mtl
o VD_ZZPlant_B
v 1.738103 1.687483 0.776031
v 0.478372 1.172732 0.990638
v -0.043426 -0.092820 1.145724
v 0.478372 -1.367831 1.150443
v 1.738103 -1.905416 1.002030
v 2.997835 -1.390666 0.787423
v 3.519633 -0.125113 0.632336
v 2.997835 1.149898 0.627617
v 6.783523 3.332494 35.689207
v 5.908709 2.975028 35.838239
v 5.546349 2.096172 35.945939
v 5.908709 1.210748 35.949216
v 6.783523 0.837425 35.846151
v 7.658336 1.194891 35.697118
v 8.020696 2.073747 35.589419
v 7.658336 2.959171 35.586142
v 6.783523 3.333805 35.713973
v 5.971223 2.982998 36.077833
v 5.634757 2.106132 36.260009
v 5.971223 1.216864 36.153785
v 6.783523 0.836114 35.821385
v 7.595823 1.186921 35.457525
v 7.932288 2.063787 35.275349
v 7.595823 2.953056 35.381573
v 17.628000 3.820527 60.996704
v 17.205604 3.638107 61.185912
v 17.030642 3.182136 61.280643
v 17.205604 2.719717 61.225407
v 17.628000 2.521727 61.052559
v 18.050396 2.704147 60.863351
v 18.225358 3.160117 60.768620
v 18.050396 3.622537 60.823856
v 5.092747 0.390694 23.379634
v 5.131908 0.683726 22.623425
v 5.352886 0.487333 23.379634
v 1.044885 2.805691 24.647755
v 3.852673 4.127243 23.891546
v 6.842278 4.959370 24.647755
v -1.478343 7.093322 26.338582
v 2.147026 8.718598 25.582374
v 5.954212 9.854449 26.338582
v -2.657197 12.315792 28.170312
v 0.299242 13.692566 27.414104
v 3.437498 14.579916 28.170312
v -2.592059 16.694147 29.579335
v -1.122130 17.518696 28.823127
v 0.529615 17.853820 29.579335
v -2.014115 19.521342 30.424749
v -1.974954 19.814374 29.668540
v -1.753976 19.617981 30.424749
v 4.837472 1.603118 23.203626
v 4.830374 1.307548 22.447418
v 4.589314 1.478727 23.203626
v 9.206953 -0.521075 24.535110
v 6.558742 -2.140522 23.778901
v 3.676569 -3.293218 24.535110
v 12.291371 -4.727559 26.310421
v 8.863233 -6.737948 25.554212
v 5.201134 -8.281588 26.310421
v 14.149782 -10.027966 28.233675
v 11.359766 -11.718493 27.477466
v 8.335788 -12.942270 28.233675
v 14.652144 -14.569961 29.713101
v 13.280175 -15.549682 28.956892
v 11.674245 -16.062653 29.713101
v 14.439519 -17.552825 30.600757
v 14.432421 -17.848395 29.844548
v 14.191361 -17.677216 30.600757
v 5.609653 2.344643 31.542668
v 5.681148 2.649687 30.786459
v 5.934461 2.465306 31.542668
v 0.998964 4.166301 32.686443
v 4.527349 5.755548 31.930234
v 8.237551 6.855370 32.686443
v -1.560261 7.928221 34.211475
v 2.988950 9.896696 33.455267
v 7.719978 11.375746 34.211475
v -2.391638 12.724742 35.863594
v 1.322352 14.382939 35.107385
v 5.218158 15.551712 35.863594
v -1.817589 16.865203 37.134455
v 0.040353 17.833896 36.378246
v 2.080111 18.313163 37.134455
v -0.800343 19.599426 37.896971
v -0.728847 19.904469 37.140762
v -0.475534 19.720089 37.896971
v 6.116945 1.919418 31.374837
v 6.100408 1.619117 30.618628
v 5.849910 1.785566 31.374837
v 10.522091 0.225561 32.579031
v 7.663545 -1.499318 31.822822
v 4.571037 -2.757446 32.579031
v 13.445525 -3.511671 34.184622
v 9.747727 -5.657230 33.428414
v 5.815967 -7.336039 34.184622
v 15.016728 -8.360270 35.924013
v 12.005591 -10.161636 35.167805
v 8.760492 -11.496251 35.924013
v 15.227635 -12.590071 37.262006
v 13.742409 -13.626563 36.505798
v 12.023221 -14.196305 37.262006
v 14.801037 -15.405218 38.064802
v 14.784500 -15.705519 37.308594
v 14.534002 -15.539071 38.064802
v 7.853401 3.713151 39.761369
v 7.998037 3.950485 38.999057
v 8.124252 3.702863 39.761369
v 5.090203 6.966937 40.762954
v 8.117470 7.094776 40.000642
v 11.126316 6.737660 40.762954
v 4.398201 11.191659 42.098402
v 8.276714 11.287165 41.336090
v 12.136807 10.897715 42.098402
v 5.267190 15.706958 43.545137
v 8.449229 15.828919 42.782825
v 11.612848 15.465924 43.545137
v 6.947615 19.141826 44.658010
v 8.581933 19.322576 43.895698
v 10.197830 19.018370 44.658010
v 8.516919 21.181436 45.325734
v 8.661555 21.418770 44.563421
v 8.787770 21.171148 45.325734
v 8.214890 1.262153 39.421508
v 8.146571 0.995939 38.659196
v 7.964017 1.201394 39.421508
v 11.716030 -1.522909 40.545443
v 8.977708 -2.435778 39.783131
v 6.125151 -2.876979 40.545443
v 13.612670 -5.907573 42.044024
v 10.085890 -7.011401 41.281712
v 6.444876 -7.643560 42.044024
v 14.168099 -11.020737 43.667487
v 11.286421 -11.968326 42.905175
v 8.290508 -12.444246 43.667487
v 13.658025 -15.180953 44.916304
v 12.209906 -15.781345 44.153992
v 10.647552 -15.910068 44.916304
v 12.832316 -17.802942 45.665595
v 12.763997 -18.069157 44.903283
v 12.581443 -17.863702 45.665595
v 11.397490 2.374002 47.654826
v 11.555396 2.610832 46.892514
v 11.694882 2.362706 47.654826
v 8.348576 5.552818 48.629113
v 11.671574 5.669424 47.866801
v 14.976152 5.301075 48.629113
v 7.568822 9.666443 49.928163
v 11.826479 9.747547 49.165851
v 16.065715 9.343695 49.928163
v 8.501355 14.055362 51.335466
v 11.994291 14.165513 50.573154
v 15.468807 13.790709 51.335466
v 10.329820 17.389248 52.418007
v 12.123378 17.563949 51.655695
v 13.898515 17.253694 52.418007
v 12.042924 19.366181 53.067532
v 12.200830 19.603010 52.305220
v 12.340316 19.354884 53.067532
v 11.553985 3.004226 47.443737
v 11.451932 2.729842 46.681424
v 11.235645 2.927127 47.443737
v 15.718697 0.617963 48.494016
v 12.228601 -0.476980 47.731704
v 8.624271 -1.100255 48.494016
v 17.754751 -3.415487 49.894388
v 13.264160 -4.752743 49.132076
v 8.659333 -5.618330 49.894388
v 18.058019 -8.245819 51.411459
v 14.386014 -9.384819 50.649147
v 10.599775 -10.052151 51.411459
v 17.101900 -12.249523 52.578436
v 15.248980 -12.947955 51.816124
v 13.281824 -13.174718 52.578436
v 15.868811 -14.811452 53.278622
v 15.766759 -15.085837 52.516310
v 15.550472 -14.888552 53.278622
v 15.797537 3.122041 58.811640
v 16.541724 3.062327 58.494679
v 15.824163 2.856206 58.811640
v 16.898679 6.089957 62.036196
v 17.926239 3.200998 61.719235
v 17.492051 0.165632 62.036196
v 18.661018 7.110334 66.335603
v 19.772259 3.385893 66.018643
v 19.421751 -0.484955 66.335603
v 20.729338 6.627060 70.993295
v 21.772113 3.586195 70.676334
v 21.353139 0.398924 70.993295
v 22.419835 5.262081 74.576135
v 23.310463 3.740274 74.259174
v 22.739342 2.072060 74.576135
v 23.489285 3.892436 76.725839
v 24.233473 3.832721 76.408878
v 23.515911 3.626600 76.725839
v 1.344576 2.826391 0.620468
v 0.079566 2.326051 0.838085
v -0.444419 1.076190 1.085545
v 0.079566 -0.191040 1.217889
v 1.344576 -0.733314 1.157592
v 2.609587 -0.232975 0.939976
v 3.133571 1.016886 0.692516
v 2.609587 2.284117 0.560172
v 5.473829 7.828424 37.456968
v 4.595349 7.480966 37.608090
v 4.231471 6.613007 37.779937
v 4.595349 5.732986 37.871843
v 5.473829 5.356407 37.829970
v 6.352308 5.703865 37.678848
v 6.716187 6.571823 37.507001
v 6.352308 7.451845 37.415095
v 5.473829 7.783935 37.265605
v 4.630026 7.514494 37.627116
v 4.280512 6.704912 37.998206
v 4.630026 5.829431 38.161496
v 5.473829 5.400895 38.021333
v 6.317632 5.670336 37.659822
v 6.667146 6.479918 37.288732
v 6.317632 7.355400 37.125442
v 14.181437 15.652442 64.062263
v 13.742660 15.512333 64.250249
v 13.560912 15.091350 64.443215
v 13.742660 14.636100 64.528126
v 14.181437 14.413262 64.455241
v 14.620215 14.553371 64.267256
v 14.801962 14.974353 64.074289
v 14.620215 15.429604 63.989378
v 4.116066 4.193911 24.809843
v 4.022882 4.485277 24.053177
v 4.325442 4.440169 24.809843
v -0.869865 3.917603 26.052252
v 1.265314 6.829853 25.295586
v 3.796236 9.405628 26.052252
v -5.204663 6.269753 27.708797
v -2.411444 9.955954 26.952132
v 0.777518 13.305682 27.708797
v -8.649420 10.289596 29.503389
v -6.394598 13.342564 28.746723
v -3.744032 16.059058 29.503389
v -10.516949 14.301867 30.883843
v -9.458562 15.947649 30.127178
v -8.004433 17.256957 30.883843
v -11.203758 17.219334 31.712116
v -11.296941 17.510699 30.955450
v -10.994381 17.465591 31.712116
v 4.979398 4.095233 25.497555
v 5.117805 3.831334 24.740889
v 4.820405 3.850102 25.497555
v 9.103135 5.126970 26.492388
v 7.549402 2.254185 25.735722
v 5.559863 -0.335933 26.492388
v 12.844957 3.794514 27.818831
v 10.791532 0.151320 27.062166
v 8.302300 -3.209208 27.818831
v 15.948425 0.886075 29.255812
v 14.303839 -2.126784 28.499146
v 12.223447 -4.856977 29.255812
v 17.741669 -2.267057 30.361182
v 17.005614 -3.879172 29.604516
v 15.833753 -5.208620 30.361182
v 18.488272 -4.666706 31.024404
v 18.626679 -4.930604 30.267738
v 18.329279 -4.911836 31.024404
v 6.244654 4.504136 32.776175
v 6.137583 4.779168 32.019509
v 6.426256 4.717727 32.776175
v 1.337203 4.760104 34.116408
v 3.162893 7.308349 33.359742
v 5.384326 9.520119 34.116408
v -3.199798 7.461061 35.903384
v -0.803360 10.680589 35.146718
v 1.988821 13.563644 35.903384
v -7.029597 11.663553 37.839276
v -5.100135 14.333849 37.082610
v -2.774930 16.667671 37.839276
v -9.297084 15.694270 39.328423
v -8.405346 17.144050 38.571757
v -7.117865 18.257355 39.328423
v -10.281402 18.555138 40.221911
v -10.388473 18.830170 39.465245
v -10.099800 18.768728 40.221911
v 4.159518 6.449957 32.782579
v 4.282333 6.162020 32.025913
v 3.969342 6.156750 32.782579
v 9.453730 7.449446 34.120506
v 7.552531 4.040950 33.363840
v 5.215526 0.915120 34.120506
v 14.411689 5.542860 35.904409
v 11.912794 1.212856 35.147743
v 8.978094 -2.834481 35.904409
v 18.646284 1.725131 37.836970
v 16.636413 -1.850912 37.080305
v 14.190736 -5.144288 37.836970
v 21.193118 -2.307081 39.323556
v 20.269966 -4.207656 38.566890
v 18.911008 -5.825565 39.323556
v 22.327282 -5.333766 40.215507
v 22.450098 -5.621703 39.458842
v 22.137107 -5.626973 40.215507
v 5.980045 8.092800 41.904758
v 5.963415 8.377487 41.141762
v 6.228483 8.272310 41.904758
v 1.437109 8.810261 42.926683
v 4.064560 11.005449 42.163686
v 6.973710 12.810774 42.926683
v -1.875500 11.750035 44.289249
v 1.532755 14.509399 43.526252
v 5.222707 16.878899 44.289249
v -3.979450 16.007579 45.765362
v -1.210035 18.305344 45.002366
v 1.841079 20.213247 45.765362
v -4.669647 19.953309 46.900834
v -3.319873 21.225302 46.137838
v -1.688400 22.107432 46.900834
v -4.569145 22.692591 47.582117
v -4.585776 22.977277 46.819121
v -4.320708 22.872101 47.582117
v 5.055850 9.150291 41.407898
v 5.155510 8.885696 40.644902
v 4.874271 8.914809 41.407898
v 10.005293 9.330163 42.608692
v 8.172442 6.559366 41.845696
v 5.958692 4.082275 42.608692
v 14.598544 6.968476 44.209751
v 12.195018 3.457592 43.446755
v 9.410593 0.240414 44.209751
v 18.489419 3.002695 45.944232
v 16.552809 0.097337 45.181235
v 14.235300 -2.514315 45.944232
v 20.803976 -0.927728 47.278447
v 19.904955 -2.487475 46.515451
v 18.625037 -3.753514 47.278447
v 21.816584 -3.773767 48.078977
v 21.916243 -4.038362 47.315981
v 21.635005 -4.009249 48.078977
v 8.797170 10.275386 49.704874
v 8.790490 10.567263 48.941877
v 9.065509 10.469277 49.704874
v 3.749461 11.245234 50.884460
v 6.598683 13.600664 50.121463
v 9.729603 15.566231 50.884460
v -0.016302 14.680397 52.457241
v 3.676273 17.645199 51.694245
v 7.650547 20.220138 52.457241
v -2.492229 19.560554 54.161087
v 0.510330 22.026779 53.398091
v 3.794587 24.103141 54.161087
v -3.394201 24.038947 55.471738
v -1.925012 25.397224 54.708742
v -0.174124 26.365638 55.471738
v -3.379537 27.127615 56.258129
v -3.386217 27.419492 55.495133
v -3.111198 27.321506 56.258129
v 9.255718 10.402606 49.975599
v 9.365562 10.151218 49.212603
v 9.094508 10.193538 49.975599
v 13.690238 10.531255 51.057724
v 12.084343 8.054789 50.294728
v 10.097551 5.872031 51.057724
v 17.821941 8.393086 52.500557
v 15.709385 5.259551 51.737561
v 13.215932 2.419723 52.500557
v 21.334529 4.827308 54.063626
v 19.636514 2.231375 53.300630
v 17.557601 -0.070850 54.063626
v 23.434195 1.303270 55.265987
v 22.657382 -0.097990 54.502991
v 21.499671 -1.205543 55.265987
v 24.360059 -1.244222 55.987403
v 24.469903 -1.495609 55.224407
v 24.198849 -1.453290 55.987403
v 13.193459 14.266278 63.460282
v 13.811684 14.674443 63.128580
v 13.384457 14.069234 63.460282
v 12.044054 17.219645 66.160322
v 14.695044 15.530700 65.828620
v 16.300583 12.828381 66.160322
v 12.621588 18.980602 69.760375
v 15.872858 16.672375 69.428672
v 18.078677 13.350775 69.760375
v 14.388691 19.710732 73.660432
v 17.148823 17.909190 73.328729
v 18.863504 15.094275 73.660432
v 16.461620 19.536163 76.660476
v 18.130334 18.860587 76.328773
v 18.753598 17.171636 76.660476
v 18.101017 19.023259 78.460502
v 18.719241 19.431424 78.128800
v 18.292015 18.826216 78.460502
v 3.440557 7.824115 0.640136
v 2.167768 7.302380 0.715964
v 1.640562 6.041984 0.893172
v 2.167768 4.781249 1.067954
v 3.440557 4.258697 1.137925
v 4.713346 4.780431 1.062097
v 5.240552 6.040828 0.884889
v 4.713346 7.301563 0.710107
v 3.529071 12.547649 38.450048
v 2.645190 12.185334 38.502707
v 2.279075 11.310058 38.625768
v 2.645190 10.434548 38.747144
v 3.529071 10.071664 38.795735
v 4.412952 10.433980 38.743077
v 4.779068 11.309255 38.620016
v 4.412952 12.184766 38.498639
v 4.711461 10.904127 38.622892
v 4.608386 11.732106 38.154792
v 3.873063 12.312620 37.960898
v 2.936234 12.305612 38.154792
v 2.346682 11.715187 38.622892
v 2.449757 10.887208 39.090992
v 3.185080 10.306694 39.284885
v 4.121909 10.313702 39.090992
v 9.678497 27.235770 65.947412
v 9.624898 27.666319 65.704000
v 9.242530 27.968186 65.603175
v 8.755379 27.964542 65.704000
v 8.448812 27.657521 65.947412
v 8.502411 27.226972 66.190824
v 8.884779 26.925105 66.291649
v 9.371930 26.928749 66.190824
v 2.310726 9.267554 25.935601
v 2.060785 9.456902 25.179630
v 2.333214 9.612162 25.935601
v -1.076487 5.805363 27.027812
v -1.087089 9.662324 26.271841
v -0.575320 13.485197 27.027812
v -5.344329 4.996206 28.484094
v -5.284254 9.936221 27.728123
v -4.701808 14.842146 28.484094
v -9.833430 6.179062 30.061733
v -9.831182 10.232942 29.305762
v -9.306563 14.252733 30.061733
v -13.202563 8.376497 31.275301
v -13.328819 10.461189 30.519330
v -12.932704 12.511792 31.275301
v -15.177460 10.408789 32.003442
v -15.427401 10.598137 31.247471
v -15.154972 10.753396 32.003442
v 2.643939 9.466266 25.254183
v 2.909562 9.347478 24.498212
v 2.651963 9.212168 25.254183
v 6.419708 12.292523 26.591705
v 6.770722 9.469396 25.835734
v 6.598514 6.629749 26.591705
v 11.542705 13.253677 28.375067
v 11.918935 9.631955 27.619097
v 11.771944 5.993711 28.375067
v 17.140567 12.776385 30.307043
v 17.496166 9.808060 29.551072
v 17.328543 6.823213 30.307043
v 21.476593 11.459857 31.793178
v 21.786344 9.943525 31.037208
v 21.572873 8.410672 31.793178
v 24.094828 10.143593 32.684860
v 24.360450 10.024804 31.928889
v 24.102851 9.889494 32.684860
v 2.763934 10.442629 34.288759
v 2.512942 10.615869 33.532788
v 2.784320 10.755020 34.288759
v -0.709257 7.330395 35.418565
v -0.743286 10.828362 34.662595
v -0.254944 14.292240 35.418565
v -5.114963 6.631921 36.924975
v -5.084923 11.111686 36.169004
v -4.532512 15.557363 36.924975
v -9.765983 7.742145 38.556918
v -9.788363 11.418621 37.800947
v -9.288372 15.061008 38.556918
v -13.267523 9.763337 39.812259
v -13.406393 11.654724 39.056288
v -13.022893 13.512023 39.812259
v -15.326219 11.623147 40.565463
v -15.577212 11.796386 39.809493
v -15.305833 11.935537 40.565463
v 4.920023 10.695738 34.279199
v 5.185877 10.569624 33.523229
v 4.928509 10.426989 34.279199
v 8.101171 13.659297 35.412447
v 8.457339 10.672923 34.656477
v 8.290286 7.670029 35.412447
v 12.436451 14.641669 36.923445
v 12.819290 10.810655 36.167474
v 12.678907 6.963120 36.923445
v 17.183718 14.099808 38.560359
v 17.544736 10.959864 37.804389
v 17.382532 7.803399 38.560359
v 20.867168 12.678875 39.819524
v 21.179694 11.074640 39.063553
v 20.968999 9.453885 39.819524
v 23.094816 11.269620 40.575023
v 23.360669 11.143506 39.819052
v 23.103302 11.000871 40.575023
v 5.699122 12.787713 43.046363
v 5.573491 13.021255 42.278414
v 5.838349 13.034482 43.046363
v 1.155890 11.888658 44.072477
v 2.512038 14.748530 43.304528
v 4.258675 17.388087 44.072477
v -3.363619 13.416131 45.440628
v -1.569899 17.051563 44.672679
v 0.614310 20.466681 45.440628
v -7.427704 16.545634 46.922792
v -5.991997 19.546517 46.154844
v -4.165802 22.327085 46.922792
v -10.033732 19.874939 48.062918
v -9.393612 21.465711 47.294970
v -8.363002 22.836170 48.062918
v -11.308950 22.383686 48.746994
v -11.434580 22.617228 47.979046
v -11.169722 22.630456 48.746994
v 5.271426 13.355952 43.238860
v 5.472416 13.182976 42.470911
v 5.229898 13.075726 43.238860
v 8.955708 15.857863 44.195675
v 8.714719 12.702481 43.427726
v 8.030221 9.612825 44.195675
v 13.409295 16.097914 45.471428
v 13.037789 12.061821 44.703479
v 12.222774 8.091454 45.471428
v 17.985834 14.683285 46.853493
v 17.721115 11.367773 46.085545
v 17.012887 8.117988 46.853493
v 21.351088 12.548110 47.916621
v 21.323673 10.833890 47.148672
v 20.852749 9.185397 47.916621
v 23.284218 10.686537 48.554497
v 23.485208 10.513561 47.786549
v 23.242689 10.406310 48.554497
v 4.782290 18.772406 51.676342
v 4.668888 19.027622 50.908393
v 4.945975 19.062523 51.676342
v 0.163926 17.307538 52.640395
v 1.792594 20.650430 51.872447
v 3.811751 23.773008 52.640395
v -4.185569 18.559486 53.925800
v -2.042464 22.814174 53.157851
v 0.491130 26.848549 53.925800
v -7.919313 21.649558 55.318322
v -6.197111 25.158231 54.550373
v -4.084420 28.446590 55.318322
v -10.179855 25.110491 56.389492
v -9.392993 26.961351 55.621544
v -8.215642 28.591898 56.389492
v -11.197120 27.788008 57.032195
v -11.310522 28.043223 56.264246
v -11.033436 28.078125 57.032195
v 4.791531 18.854152 51.279730
v 4.988808 18.656119 50.511782
v 4.742576 18.523811 51.279730
v 9.063215 21.814087 52.386564
v 8.739471 18.100287 51.618615
v 7.972218 14.452213 52.386564
v 14.217957 22.111191 53.862342
v 13.740354 17.359178 53.094393
v 12.819243 12.672892 53.862342
v 19.509697 20.458876 55.461102
v 19.157979 16.556311 54.693153
v 18.362752 12.719471 55.461102
v 23.397358 17.953626 56.690917
v 23.325382 15.938720 55.922968
v 22.809898 13.989540 56.690917
v 25.628547 15.766199 57.428806
v 25.825824 15.568166 56.660857
v 25.579592 15.435859 57.428806
v 8.453035 26.086485 65.079973
v 8.802139 26.684155 64.656297
v 8.710934 25.998032 65.079973
v 6.235359 28.564769 67.682367
v 9.329254 28.221045 67.258691
v 11.982839 26.593528 67.682367
v 6.127637 30.891952 71.152224
v 10.032074 30.270232 70.728549
v 13.496201 28.364719 71.152224
v 7.552196 32.884454 74.911237
v 10.793462 32.490185 74.487561
v 13.594419 30.812123 74.911237
v 9.611592 34.086663 77.802785
v 11.379145 34.197841 77.379109
v 12.706389 33.025226 77.802785
v 11.381451 34.624765 79.537714
v 11.730555 35.222434 79.114038
v 11.639350 34.536311 79.537714
v 3.746761 2.427092 0.448692
v 2.497750 1.855995 0.340217
v 1.980392 0.597061 0.553229
v 2.497750 -0.612244 0.962949
v 3.746761 -1.063525 1.329369
v 4.995773 -0.492428 1.437844
v 5.513130 0.766506 1.224832
v 4.995773 1.975811 0.815111
v -3.726810 11.218640 37.542803
v -4.594179 10.822045 37.467473
v -4.953455 9.947785 37.615398
v -4.594179 9.107990 37.899926
v -3.726810 8.794600 38.154384
v -2.859441 9.191195 38.229714
v -2.500165 10.065455 38.081789
v -2.859441 10.905250 37.797261
v -2.586878 10.519509 37.848593
v -3.235284 11.068347 37.408549
v -4.171619 10.995239 37.226277
v -4.847391 10.343011 37.408549
v -4.866742 9.493731 37.848593
v -4.218336 8.944894 38.288638
v -3.282001 9.018001 38.470910
v -2.606229 9.670229 38.288638
v -9.438005 24.284304 64.612415
v -9.775176 24.569699 64.383592
v -10.262071 24.531683 64.288810
v -10.613472 24.192525 64.383592
v -10.623535 23.750899 64.612415
v -10.286363 23.465504 64.841238
v -9.799469 23.503520 64.936020
v -9.448068 23.842678 64.841238
v -1.957612 5.718130 25.452092
v -2.262732 5.728694 24.692641
v -2.143998 6.009962 25.452092
v -2.686409 0.879821 26.517768
v -4.975203 3.996308 25.758317
v -6.840142 7.383500 26.517768
v -5.717253 -2.347212 27.938670
v -8.591830 1.686461 27.179218
v -11.042553 5.990839 27.938670
v -10.114543 -4.099122 29.477979
v -12.509843 -0.815874 28.718528
v -14.481289 2.738080 29.477979
v -14.193459 -4.356384 30.662064
v -15.523699 -2.740746 29.902612
v -16.430085 -0.854403 30.662064
v -17.026893 -3.906233 31.372515
v -17.332013 -3.895670 30.613063
v -17.213279 -3.614402 31.372515
v -0.520507 7.201990 25.330905
v -0.252756 7.289412 24.571453
v -0.341515 7.022102 25.330905
v -0.050593 11.479567 26.440208
v 2.122136 9.652470 25.680757
v 3.938356 7.470641 26.440208
v 2.553386 15.195673 27.919280
v 5.288660 12.803214 27.159828
v 7.667424 10.056023 27.919280
v 6.444050 18.146410 29.521607
v 8.719060 16.216520 28.762155
v 10.637561 13.931898 29.521607
v 10.105627 19.744100 30.754166
v 11.357829 18.842140 29.994715
v 12.253523 17.585448 30.754166
v 12.673341 20.330090 31.493702
v 12.941091 20.417512 30.734251
v 12.852332 20.150202 31.493702
v -2.823266 8.307764 33.331250
v -3.120530 8.306027 32.571799
v -2.993939 8.574994 33.331250
v -4.090289 3.494346 34.542684
v -6.203998 6.336695 33.783232
v -7.893851 9.449748 34.542684
v -7.665180 0.028706 36.157928
v -10.315288 3.710919 35.398477
v -12.541542 7.663836 36.157928
v -12.557951 -2.128723 37.907777
v -14.769186 0.866328 37.148326
v -16.556568 4.132084 37.907777
v -16.959299 -2.789843 39.253814
v -18.195262 -1.321819 38.494363
v -19.007371 0.416911 39.253814
v -19.953644 -2.632969 40.061437
v -20.250907 -2.634707 39.301985
v -20.124316 -2.365739 40.061437
v -3.220201 8.487152 33.536450
v -2.925431 8.547419 32.776998
v -2.987171 8.252954 33.536450
v -3.264918 13.402934 34.674012
v -0.490041 10.970673 33.914560
v 1.928327 8.183680 34.674012
v -0.750112 17.369988 36.190760
v 2.757146 14.201679 35.431309
v 5.907894 10.678637 36.190760
v 3.366894 20.268022 37.833905
v 6.274931 17.701934 37.074454
v 8.826459 14.781114 37.833905
v 7.404484 21.622256 39.097862
v 8.980920 20.394439 38.338411
v 10.200847 18.811889 39.097862
v 10.309744 21.949674 39.856237
v 10.604513 22.009942 39.096785
v 10.542774 21.715477 39.856237
v -6.281110 11.028400 42.360162
v -6.536022 11.100144 41.593697
v -6.346815 11.285422 42.360162
v -8.646128 7.509599 43.305966
v -9.600327 10.316788 42.539502
v -10.110407 13.237510 43.305966
v -12.525367 5.657341 44.567039
v -13.686067 9.272312 43.800574
v -14.402648 13.000817 44.567039
v -17.120541 5.186739 45.933201
v -18.112285 8.140797 45.166736
v -18.659911 11.208390 45.933201
v -20.900780 5.785038 46.984094
v -21.517068 7.270401 46.217630
v -21.689238 8.869298 46.984094
v -23.305027 6.676420 47.614631
v -23.559938 6.748163 46.848166
v -23.370732 6.933441 47.614631
v -4.090998 12.337646 42.383650
v -3.815176 12.339120 41.617186
v -3.918897 12.083538 42.383650
v -3.327304 16.799840 43.320999
v -1.219834 14.096885 42.554535
v 0.508092 11.136874 43.320999
v -0.407737 19.942150 44.570797
v 2.240621 16.440572 43.804333
v 4.509437 12.681938 44.570797
v 3.783635 21.827725 45.924745
v 5.989448 18.979566 45.158280
v 7.815718 15.874351 45.924745
v 7.650783 22.328755 46.966243
v 8.873161 20.932638 46.199779
v 9.715996 19.279466 46.966243
v 10.327567 22.103007 47.591142
v 10.603389 22.104482 46.824678
v 10.499668 21.848900 47.591142
v -5.059310 16.373980 50.044337
v -5.323665 16.482663 49.277873
v -5.143902 16.704881 50.044337
v -7.922983 11.890038 51.206093
v -9.087629 15.520447 50.439628
v -9.808157 19.264389 51.206093
v -12.675744 9.567110 52.755100
v -14.106248 14.237491 51.988636
v -15.092633 19.021406 52.755100
v -18.330101 9.028128 54.433192
v -19.543084 12.847622 53.666728
v -20.311950 16.780651 54.433192
v -22.995661 9.849857 55.724031
v -23.725267 11.778493 54.957567
v -24.010754 13.820662 55.724031
v -25.970221 11.028331 56.498535
v -26.234576 11.137015 55.732071
v -26.054812 11.359232 56.498535
v -6.754525 16.067345 50.251427
v -6.491430 16.087610 49.484963
v -6.607878 15.850820 50.251427
v -5.305009 20.410568 51.338630
v -3.481168 18.126391 50.572166
v -2.036870 15.585158 51.338630
v -1.752219 23.809449 52.788235
v 0.532514 20.844765 52.021771
v 2.437703 17.623026 52.788235
v 2.973030 26.197576 54.358639
v 4.880669 23.789671 53.592175
v 6.408765 21.124710 54.358639
v 7.155749 27.225604 55.566643
v 8.225404 26.054983 54.800179
v 8.915516 24.627306 55.566643
v 9.969150 27.393904 56.291445
v 10.232245 27.414170 55.524981
v 10.115797 27.177380 56.291445
v -9.398432 22.311706 63.057340
v -9.570675 22.995010 62.659057
v -9.173563 22.412881 63.057340
v -12.472082 22.747166 65.946047
v -10.251082 24.507261 65.547764
v -7.460727 25.001924 65.946047
v -14.086021 24.445522 69.797656
v -11.158292 26.523596 69.399373
v -7.661207 27.336238 69.797656
v -14.490598 26.890049 73.970233
v -12.141102 28.707959 73.571950
v -9.222251 29.260437 73.970233
v -13.961643 29.148472 77.179908
v -12.897110 30.388238 76.781625
v -11.263221 30.362573 77.179908
v -13.178471 30.713102 79.105712
v -13.350715 31.396405 78.707430
v -12.953603 30.814277 79.105712
v -0.705994 7.350468 0.814564
v -1.934995 6.810018 0.505665
v -2.444064 5.532644 0.421337
v -1.934995 4.266613 0.610977
v -0.705994 3.753550 0.963497
v 0.523007 4.293999 1.272396
v 1.032076 5.571374 1.356724
v 0.523007 6.837405 1.167084
v -10.048599 8.236064 35.497412
v -10.902072 7.860752 35.282899
v -11.255592 6.973686 35.224337
v -10.902072 6.094498 35.356032
v -10.048599 5.738204 35.600837
v -9.195126 6.113517 35.815350
v -8.841606 7.000582 35.873912
v -9.195126 7.879770 35.742218
v -9.449025 8.083953 35.549125
v -10.243722 8.101124 35.016721
v -10.924118 7.465736 34.796192
v -11.091648 6.549989 35.016721
v -10.648173 5.890316 35.549125
v -9.853476 5.873144 36.081528
v -9.173080 6.508533 36.302057
v -9.005551 7.424280 36.081528
v -26.355279 16.641932 60.647814
v -26.768521 16.650861 60.370964
v -27.122327 16.320459 60.256289
v -27.209442 15.844271 60.370964
v -26.978836 15.501241 60.647814
v -26.565593 15.492312 60.924663
v -26.211787 15.822714 61.039338
v -26.124672 16.298902 60.924663
v -6.526146 5.654481 23.388276
v -6.721674 5.440443 22.629995
v -6.793887 5.721208 23.388276
v -4.545962 1.456085 24.597057
v -7.591019 1.952212 23.838776
v -10.512760 2.943143 24.597057
v -4.863617 -3.404603 26.208765
v -8.750145 -2.698762 25.450483
v -12.513357 -1.498118 26.208765
v -6.807813 -8.271576 27.954782
v -10.005865 -7.737318 27.196500
v -13.080601 -6.708258 27.954782
v -9.303700 -11.766091 29.297872
v -10.971803 -11.613131 28.539590
v -12.516591 -10.965367 29.297872
v -11.355838 -13.724580 30.103725
v -11.551366 -13.938618 29.345444
v -11.623579 -13.657853 30.103725
v -6.822689 6.352387 23.891485
v -6.682499 6.599320 23.133203
v -6.573188 6.337250 23.891485
v -9.293032 9.564045 24.919111
v -6.497431 9.649883 24.160829
v -3.732710 9.226718 24.919111
v -9.830423 13.679034 26.289278
v -6.250674 13.717300 25.530997
v -2.701805 13.246564 26.289278
v -8.921527 18.046480 27.773627
v -5.983354 18.123669 27.015345
v -3.076060 17.691855 27.773627
v -7.290173 21.349501 28.915433
v -5.777723 21.513183 28.157151
v -4.296153 21.167863 28.915433
v -5.794535 23.299959 29.600517
v -5.654345 23.546892 28.842235
v -5.545033 23.284822 29.600517
v -8.355396 7.453625 31.034846
v -8.554916 7.240582 30.276564
v -8.631120 7.522342 31.034846
v -6.321857 3.107238 32.287573
v -9.455866 3.625534 31.529291
v -12.466559 4.638634 32.287573
v -6.656564 -1.928792 33.957875
v -10.657133 -1.194529 33.199594
v -14.534387 0.034536 33.957875
v -8.666940 -6.973828 35.767369
v -11.958505 -6.416265 35.009088
v -15.126755 -5.363899 35.767369
v -11.243560 -10.597882 37.159288
v -12.959561 -10.432985 36.401007
v -14.552246 -9.773284 37.159288
v -13.360675 -12.629973 37.994439
v -13.560195 -12.843017 37.236158
v -13.636398 -12.561257 37.994439
v -8.902146 5.988252 31.176659
v -8.748608 6.234375 30.418378
v -8.625950 5.971496 31.176659
v -11.625241 9.733817 32.378333
v -8.532196 9.801610 31.620052
v -5.470030 9.360400 32.378333
v -12.204734 14.542791 33.980565
v -8.243646 14.557923 33.222284
v -4.313437 14.064052 33.980565
v -11.181921 19.652377 35.716317
v -7.931050 19.710595 34.958035
v -4.711058 19.259811 35.716317
v -9.363203 23.520223 37.051510
v -7.690592 23.674189 36.293228
v -6.048859 23.319152 37.051510
v -7.699854 25.806222 37.852626
v -7.546316 26.052345 37.094344
v -7.423659 25.789466 37.852626
v -10.764842 10.088765 39.358370
v -11.004839 10.016526 38.586685
v -10.970444 10.264788 39.358370
v -11.093121 5.276035 40.416164
v -13.521312 7.077184 39.644480
v -15.675109 9.198834 40.416164
v -13.802239 0.803698 41.826557
v -16.876608 3.158061 41.054872
v -19.676583 5.832926 41.826557
v -17.965834 -2.989388 43.354482
v -20.511512 -1.087655 42.582797
v -22.782796 1.134580 43.354482
v -21.936783 -5.249478 44.529809
v -23.307592 -4.353591 43.758124
v -24.404008 -3.137202 44.529809
v -24.745242 -6.240912 45.235005
v -24.985240 -6.313152 44.463321
v -24.950844 -6.064889 45.235005
v -13.069428 6.617775 39.455465
v -12.860258 6.775103 38.683780
v -12.772740 6.528435 39.455465
v -15.148220 11.151254 40.478305
v -11.781436 10.357749 39.706620
v -8.536306 9.160247 40.478305
v -14.642241 16.208898 41.842092
v -10.343007 15.134610 41.070407
v -6.165427 13.656324 41.842092
v -12.321030 21.154099 43.319528
v -8.784710 20.309542 42.547843
v -5.370043 19.060988 43.319528
v -9.426977 24.624302 44.456017
v -7.586019 24.290259 43.684332
v -5.866715 23.552220 44.456017
v -7.075976 26.521361 45.137910
v -6.866805 26.678690 44.366226
v -6.779287 26.432021 45.137910
v -18.407157 9.216096 47.735067
v -18.673414 9.166339 46.963382
v -18.665278 9.437083 47.735067
v -17.655717 4.533090 48.573961
v -20.669127 6.835264 47.802277
v -23.408145 9.457941 48.573961
v -19.505429 0.730460 49.692487
v -23.330079 3.727165 48.920803
v -26.880336 7.044372 49.692487
v -23.051868 -2.068396 50.904224
v -26.212776 0.360057 50.132539
v -29.099291 3.109012 50.904224
v -26.744308 -3.395697 51.836329
v -28.430235 -2.230026 51.064644
v -29.841769 -0.743854 51.836329
v -29.494454 -3.734318 52.395592
v -29.760711 -3.784076 51.623907
v -29.752575 -3.513331 52.395592
v -17.683697 11.226510 47.740160
v -17.466863 11.381531 46.968475
v -17.371681 11.132555 47.740160
v -20.121565 15.158393 48.577221
v -16.583988 14.313458 47.805536
v -13.168066 13.064526 48.577221
v -19.925021 19.362918 49.693302
v -15.406823 18.222694 48.921618
v -11.010278 16.678473 49.693302
v -17.847431 23.356324 50.902390
v -14.131560 22.457700 50.130706
v -10.537342 21.155079 50.902390
v -15.083511 26.077132 51.832458
v -13.150588 25.715397 51.060774
v -11.339319 24.949665 51.832458
v -12.778840 27.514994 52.390499
v -12.562005 27.670015 51.618814
v -12.466824 27.421039 52.390499
v -25.611982 15.347696 60.288959
v -26.110388 15.767284 59.807082
v -25.488129 15.574264 60.288959
v -28.462432 13.773993 62.603175
v -27.642688 16.604913 62.121298
v -25.702278 18.823224 62.603175
v -30.894751 14.178760 65.688797
v -29.685754 17.721752 65.206920
v -27.356092 20.652134 65.688797
v -32.789593 15.971272 69.031554
v -31.899075 18.931660 68.549677
v -29.887893 21.279439 69.031554
v -33.784416 18.196646 71.602905
v -33.601630 19.862359 71.121029
v -32.298179 20.915463 71.602905
v -34.124757 20.001190 73.145716
v -34.623163 20.420778 72.663840
v -34.000904 20.227758 73.145716
v 3.258836 7.048233 1.245523
v 2.029813 6.597006 0.816751
v 1.520735 5.376572 0.430319
v 2.029813 4.101845 0.312594
v 3.258836 3.519543 0.532538
v 4.487859 3.970770 0.961310
v 4.996936 5.191204 1.347742
v 4.487859 6.465930 1.465466
v -7.188212 -1.175416 39.168770
v -8.041700 -1.488768 38.871012
v -8.395227 -2.336291 38.602657
v -8.041700 -3.221518 38.520903
v -7.188212 -3.625895 38.673642
v -6.334724 -3.312543 38.971400
v -5.981198 -2.465019 39.239756
v -6.334724 -1.579792 39.321509
v -7.766194 -1.292306 38.921206
v -8.300841 -1.984021 38.532654
v -8.183726 -2.919795 38.371710
v -7.483452 -3.551464 38.532654
v -6.610231 -3.509004 38.921206
v -6.075583 -2.817289 39.309759
v -6.192698 -1.881515 39.470702
v -6.892972 -1.249847 39.309759
v -19.440274 -8.056781 66.461747
v -19.718291 -8.416473 66.259700
v -19.657391 -8.903075 66.176009
v -19.293249 -9.231543 66.259700
v -18.839174 -9.209464 66.461747
v -18.561157 -8.849772 66.663795
v -18.622057 -8.363170 66.747485
v -18.986199 -8.034702 66.663795
v -3.446883 0.434602 26.456159
v -3.458358 0.139486 25.696270
v -3.719154 0.278090 26.456159
v 0.940600 -0.491228 27.440148
v -1.968609 -2.452088 26.680259
v -5.127139 -3.979227 27.440148
v 3.782638 -3.454762 28.752132
v 0.017723 -5.907519 27.992243
v -3.996513 -7.926556 28.752132
v 5.234374 -7.600607 30.173449
v 2.169583 -9.650903 29.413560
v -1.144530 -11.267478 30.173449
v 5.333821 -11.374492 31.266770
v 3.824860 -12.530429 30.506881
v 2.066577 -13.252646 31.266770
v 4.829500 -13.963028 31.922762
v 4.818026 -14.258145 31.162873
v 4.557230 -14.119541 31.922762
v -3.263434 -0.221058 26.308123
v -3.333490 0.054923 25.548234
v -3.063754 -0.036269 26.308123
v -7.528887 0.125019 27.345405
v -5.473785 2.367683 26.585516
v -3.078891 4.243174 27.345405
v -11.010177 2.627934 28.728447
v -8.327512 5.451363 27.968558
v -5.305054 7.907620 28.728447
v -13.588253 6.443759 30.226742
v -11.419049 8.792017 29.466853
v -8.910053 10.773101 30.226742
v -14.825334 10.069430 31.379277
v -13.797155 11.361750 30.619388
v -12.429183 12.286898 31.379277
v -15.153961 12.627609 32.070798
v -15.224018 12.903590 31.310909
v -14.954282 12.812398 32.070798
v -6.521635 -0.048828 34.592610
v -6.542899 -0.349572 33.832720
v -6.813485 -0.216596 34.592610
v -1.714292 -1.222754 35.716279
v -4.841674 -3.309029 34.956390
v -8.218378 -4.961585 35.716279
v 1.471250 -4.641426 37.214505
v -2.573375 -7.254973 36.454616
v -6.867321 -9.434799 37.214505
v 3.178103 -9.347601 38.837583
v -0.116050 -11.529744 38.077694
v -3.659526 -13.278167 38.837583
v 3.400639 -13.594562 40.086105
v 1.774199 -14.818030 39.326216
v -0.101562 -15.607779 40.086105
v 2.929613 -16.490258 40.835218
v 2.908349 -16.791002 40.075329
v 2.637763 -16.658026 40.835218
v -4.900337 -2.743925 34.591603
v -4.978644 -2.475579 33.831714
v -4.717158 -2.574406 34.591603
v -9.169179 -2.041911 35.715635
v -7.297938 0.030603 34.955746
v -5.086904 1.735944 35.715635
v -12.837276 0.766891 37.214344
v -10.390329 3.372180 36.454455
v -7.603590 5.610295 37.214344
v -15.716335 4.822839 38.837946
v -13.740420 6.992221 38.078057
v -11.424712 8.794430 38.837946
v -17.246590 8.576167 40.086870
v -16.317412 9.776868 39.326981
v -15.048442 10.610396 40.086870
v -17.785302 11.179310 40.836225
v -17.863608 11.447656 40.076336
v -17.602123 11.348829 40.836225
v -9.362909 -1.214241 42.838444
v -9.408559 -1.480521 42.074472
v -9.607159 -1.297363 42.838444
v -5.492766 -4.063280 44.063886
v -8.137925 -5.214213 43.299914
v -10.936035 -5.915709 44.063886
v -3.030947 -8.780296 45.697809
v -6.443747 -10.192470 44.933837
v -10.009497 -11.155205 45.697809
v -1.823657 -14.387149 47.467892
v -4.608387 -15.585581 46.703920
v -7.546068 -16.334575 47.467892
v -1.807552 -19.010678 48.829494
v -3.196572 -19.734128 48.065522
v -4.738543 -20.008140 48.829494
v -2.303834 -21.956976 49.646456
v -2.349483 -22.223256 48.882484
v -2.548083 -22.040098 49.646456
v -8.021111 -4.446502 42.852925
v -8.022784 -4.153240 42.088954
v -7.743479 -4.242651 42.852925
v -13.300203 -3.450538 44.073154
v -10.347075 -0.987711 43.309182
v -7.112968 1.092442 44.073154
v -17.271816 0.129491 45.700126
v -13.446129 3.232994 44.936154
v -9.339463 5.953824 45.700126
v -19.915213 5.226111 47.462679
v -16.803438 7.805425 46.698707
v -13.410684 10.002064 47.462679
v -20.911288 9.908232 48.818488
v -19.385983 11.322679 48.054516
v -17.579699 12.354452 48.818488
v -20.933837 13.139768 49.631974
v -20.935510 13.433031 48.868002
v -20.656204 13.343620 49.631974
v -12.870785 -3.929371 51.814373
v -12.942511 -4.204525 51.050401
v -13.167187 -4.030242 51.814373
v -8.614106 -6.094311 52.877284
v -11.840402 -7.443015 52.113312
v -15.219649 -8.342281 52.877284
v -6.213077 -10.095276 54.294498
v -10.370924 -11.761001 53.530526
v -14.681722 -12.977288 54.294498
v -5.383320 -15.032476 55.829814
v -8.778990 -16.438819 55.065842
v -12.327610 -17.395726 55.829814
v -5.852484 -19.207200 57.010826
v -7.554425 -20.037141 56.246854
v -9.409316 -20.417645 57.010826
v -6.747960 -21.920980 57.719433
v -6.819686 -22.196134 56.955461
v -7.044362 -22.021851 57.719433
v -11.566650 -6.850363 51.641143
v -11.605745 -6.584577 50.877171
v -11.363860 -6.701464 51.641143
v -15.868338 -5.515876 52.766417
v -13.749165 -3.665382 52.002445
v -11.349013 -2.197561 52.766417
v -19.363572 -2.091584 54.266781
v -16.607058 0.226879 53.502810
v -13.569566 2.162667 54.266781
v -21.938162 2.507914 55.892177
v -19.703109 4.443494 55.128205
v -17.187077 5.996400 55.892177
v -23.160939 6.602314 57.142480
v -22.084687 7.687044 56.378509
v -20.727456 8.389100 57.142480
v -23.474539 9.367388 57.892663
v -23.513634 9.633174 57.128691
v -23.271749 9.516286 57.892663
v -17.123912 -7.750051 63.795293
v -17.829973 -7.950115 63.443615
v -17.261776 -7.485679 63.795293
v -17.110404 -11.321820 67.145272
v -19.283733 -8.708220 66.793595
v -20.182803 -5.430121 67.145272
v -18.615463 -13.163508 71.611912
v -21.222078 -9.719028 71.260234
v -22.554436 -5.610048 71.611912
v -21.069845 -13.578738 76.450771
v -23.321953 -10.814069 76.099093
v -24.299803 -7.384901 76.450771
v -23.472928 -12.910386 80.172970
v -24.937241 -11.656409 79.821293
v -25.127297 -9.737932 80.172970
v -25.200353 -11.961748 82.406290
v -25.906414 -12.161812 82.054612
v -25.338217 -11.697377 82.406290
v 1.303639 6.234039 1.280020
v 0.044610 5.759967 0.983288
v -0.476897 4.534360 0.631341
v 0.044610 3.275162 0.430345
v 1.303639 2.719994 0.498041
v 2.562668 3.194066 0.794773
v 3.084175 4.419673 1.146719
v 2.562668 5.678871 1.347715
v -4.334439 -2.562894 38.279476
v -5.208764 -2.892110 38.073412
v -5.570922 -3.743226 37.829004
v -5.208764 -4.617669 37.689424
v -4.334439 -5.003202 37.736434
v -3.460113 -4.673986 37.942498
v -3.097955 -3.822870 38.186906
v -3.460113 -2.948427 38.326486
v -4.334439 -2.591067 38.384360
v -5.190127 -2.873502 38.062928
v -5.544565 -3.688736 37.709293
v -5.190127 -4.559218 37.530611
v -4.334439 -4.975029 37.631550
v -3.478750 -4.692594 37.952982
v -3.124312 -3.877360 38.306617
v -3.478750 -3.006878 38.485299
v -11.629793 -11.651168 65.082907
v -12.074751 -11.798034 64.915762
v -12.259059 -12.221956 64.731872
v -12.074751 -12.674607 64.638957
v -11.629793 -12.890829 64.691446
v -11.184835 -12.743963 64.858590
v -11.000527 -12.320041 65.042480
v -11.184835 -11.867390 65.135395
v -1.766498 -0.896946 25.157545
v -1.660241 -1.169150 24.399334
v -1.947684 -1.116595 25.157545
v 2.941696 -0.852335 26.370355
v 1.119618 -3.462228 25.612145
v -1.096161 -5.747361 26.370355
v 7.217616 -3.219447 27.987435
v 4.826097 -6.519664 27.229225
v 2.040877 -9.495122 27.987435
v 10.767062 -7.096480 29.739272
v 8.841449 -9.831886 28.981062
v 6.522135 -12.242533 29.739272
v 12.820446 -10.899478 31.086839
v 11.930181 -12.379750 30.328629
v 10.646215 -13.535262 31.086839
v 13.677163 -13.636264 31.895379
v 13.783420 -13.908468 31.137169
v 13.495977 -13.855913 31.895379
v -0.713539 -1.956852 25.176614
v -0.870582 -1.714369 24.418403
v -0.581745 -1.720199 25.176614
v -5.246671 -2.732135 26.382559
v -4.001054 0.029012 25.624349
v -2.309557 2.541845 26.382559
v -9.834842 -1.151394 27.990486
v -8.175016 2.353519 27.232276
v -6.069311 5.610118 27.990486
v -14.017737 1.975358 29.732407
v -12.696809 4.871735 28.974197
v -10.930001 7.519798 29.732407
v -16.742933 5.264750 31.072347
v -16.175111 6.808824 30.314136
v -15.161410 8.104585 31.072347
v -18.105049 7.728594 31.876310
v -18.262092 7.971078 31.118100
v -17.973256 7.965247 31.876310
v -4.037870 -1.975548 33.233038
v -3.934414 -2.251149 32.474828
v -4.224659 -2.201990 33.233038
v 0.931515 -2.024903 34.533784
v -0.953000 -4.710487 33.775574
v -3.231215 -7.071310 34.533784
v 5.493785 -4.592348 36.268112
v 3.022219 -7.989604 35.509901
v 0.156953 -11.062101 36.268112
v 9.319957 -8.727003 38.146967
v 7.328706 -11.541981 37.388756
v 4.943755 -14.032200 38.146967
v 11.565273 -12.753551 39.592240
v 10.641389 -14.274579 38.834029
v 9.323804 -15.470847 39.592240
v 12.525543 -15.638537 40.459403
v 12.628998 -15.914137 39.701193
v 12.338753 -15.864978 40.459403
v -3.120706 -2.990726 33.344222
v -3.272663 -2.739110 32.586012
v -2.978740 -2.735807 33.344222
v -7.904291 -3.881233 34.604942
v -6.545321 -0.916545 33.846732
v -4.740470 1.799830 34.604942
v -12.714015 -2.252322 36.285901
v -10.908865 1.513541 35.527691
v -8.657834 5.031091 36.285901
v -17.076131 1.035779 38.106940
v -15.636037 4.146135 37.348730
v -13.750063 7.008178 38.106940
v -19.901182 4.517533 39.507740
v -19.272324 6.171207 38.749530
v -18.197586 7.576567 39.507740
v -21.302139 7.134633 40.348219
v -21.454096 7.386250 39.590009
v -21.160173 7.389553 40.348219
v -3.430751 -6.345750 42.479151
v -3.387351 -6.633693 41.717261
v -3.668286 -6.557078 42.479151
v 1.107798 -6.356437 43.447734
v -1.376855 -8.893514 42.685844
v -4.185843 -11.066033 43.447734
v 4.534998 -8.705358 44.739178
v 1.303806 -11.906608 43.977288
v -2.251722 -14.743301 44.739178
v 6.828242 -12.512959 46.138243
v 4.207855 -15.170794 45.376353
v 1.263132 -17.464072 46.138243
v 7.704782 -16.231459 47.214446
v 6.441739 -17.681706 46.452556
v 4.854360 -18.767395 47.214446
v 7.738669 -18.900311 47.860168
v 7.782069 -19.188253 47.098278
v 7.501134 -19.111639 47.860168
v -5.311767 -4.890212 42.022116
v -5.431128 -4.626136 41.260226
v -5.141336 -4.627934 42.022116
v -10.092743 -5.753527 43.155232
v -8.398229 -2.698074 42.393342
v -6.294562 0.091505 43.155232
v -14.584518 -4.007077 44.666053
v -12.354363 -0.127325 43.904163
v -9.715055 3.486554 44.666053
v -18.432079 -0.547671 46.302775
v -16.640175 2.657654 45.540885
v -14.439119 5.597106 46.302775
v -20.754964 3.093346 47.561793
v -19.936954 4.799945 46.799903
v -18.709790 6.240671 47.561793
v -21.795660 5.821245 48.317203
v -21.915021 6.085320 47.555313
v -21.625229 6.083522 48.317203
v -5.993451 -8.617521 50.640652
v -5.953907 -8.908894 49.878762
v -6.238698 -8.835710 50.640652
v -1.254565 -8.688110 51.666208
v -3.825152 -11.301640 50.904318
v -6.720075 -13.550613 51.666208
v 2.354552 -11.192699 53.033616
v -0.986813 -14.491967 52.271726
v -4.652513 -17.426677 53.033616
v 4.798784 -15.209945 54.514974
v 2.088055 -17.948154 53.753084
v -0.947009 -20.321807 54.514974
v 5.762654 -19.115347 55.654481
v 4.453338 -20.606760 54.892591
v 2.819687 -21.733617 55.654481
v 5.832964 -21.910551 56.338185
v 5.872508 -22.201924 55.576295
v 5.587717 -22.128740 56.338185
v -7.218517 -7.675930 50.071836
v -7.335880 -7.408781 49.309946
v -7.044091 -7.407505 50.071836
v -12.296572 -8.439266 51.302166
v -10.557539 -5.315303 50.540276
v -8.409353 -2.457214 51.302166
v -17.140314 -6.491585 52.942605
v -14.853084 -2.524000 52.180715
v -12.156701 1.177712 52.942605
v -21.345296 -2.777437 54.719748
v -19.506591 0.499912 53.957858
v -17.258733 3.511387 54.719748
v -23.928194 1.082509 56.086781
v -23.086212 2.825998 55.324891
v -21.835077 4.303614 56.086781
v -25.116621 3.954500 56.907001
v -25.233985 4.221650 56.145111
v -24.942195 4.222926 56.907001
v -11.171913 -12.322857 62.394687
v -11.018683 -11.559989 62.635586
v -10.865454 -12.322857 62.394687
v -15.284914 -13.313447 65.531640
v -11.870091 -12.550579 65.772539
v -8.455269 -13.313447 65.531640
v -17.383280 -14.634235 69.714244
v -13.005302 -13.871367 69.955143
v -8.627324 -14.634235 69.714244
v -17.825055 -16.065088 74.245398
v -14.235114 -15.302220 74.486297
v -10.645172 -16.065088 74.245398
v -17.019873 -17.165744 77.730901
v -15.181122 -16.402876 77.971801
v -13.342372 -17.165744 77.730901
v -15.901957 -17.826138 79.822203
v -15.748728 -17.063270 80.063103
v -15.595499 -17.826138 79.822203
v -1.763528 0.465680 1.302851
v -3.027429 -0.081932 1.327802
v -3.550954 -1.334933 1.095726
v -3.027429 -2.559331 0.742571
v -1.763528 -3.037891 0.475210
v -0.499627 -2.490279 0.450259
v 0.023898 -1.237278 0.682334
v -0.499627 -0.012880 1.035489
v 2.299179 -7.930254 34.452196
v 1.421470 -8.310540 34.469523
v 1.057911 -9.180680 34.308360
v 1.421470 -10.030956 34.063113
v 2.299179 -10.363289 33.877446
v 3.176889 -9.983003 33.860119
v 3.540448 -9.112864 34.021282
v 3.176889 -8.262587 34.266529
v 1.074559 -9.397383 34.164821
v 1.576354 -10.023300 33.643551
v 2.501570 -10.135758 33.427634
v 3.308228 -9.668882 33.643551
v 3.523799 -8.896161 34.164821
v 3.022005 -8.270244 34.686090
v 2.096789 -8.157785 34.902007
v 1.290131 -8.624661 34.686090
v 5.190294 -26.516379 58.261083
v 5.451227 -26.841855 57.990023
v 5.932339 -26.900334 57.877746
v 6.351802 -26.657558 57.990023
v 6.463899 -26.255743 58.261083
v 6.202966 -25.930266 58.532143
v 5.721853 -25.871788 58.644420
v 5.302391 -26.114564 58.532143
v -0.056869 -6.308207 22.079613
v 0.242318 -6.365445 21.321478
v 0.068535 -6.615622 22.079613
v 2.233635 -1.557608 23.398586
v 3.867486 -4.886621 22.640451
v 5.028366 -8.408573 23.398586
v 6.673063 1.380319 25.157217
v 8.701043 -2.914855 24.399082
v 10.256052 -7.402969 25.157217
v 12.231886 2.725902 27.062401
v 13.937396 -0.778776 26.304266
v 15.169937 -4.476394 27.062401
v 16.976448 2.612382 28.527927
v 17.965360 0.864362 27.769792
v 18.481303 -1.076599 28.527927
v 20.082951 1.907482 29.407242
v 20.382139 1.850244 28.649107
v 20.208356 1.600067 29.407242
v -0.065442 -6.914177 22.901934
v -0.361979 -6.923915 22.143799
v -0.227567 -6.659410 22.901934
v -0.901702 -11.255828 23.924871
v -2.923715 -8.554118 23.166737
v -4.514778 -5.578166 23.924871
v -3.807814 -14.230128 25.288788
v -6.339362 -10.727723 24.530654
v -8.439961 -6.951075 25.288788
v -7.924992 -15.929752 26.766365
v -10.039647 -13.082461 26.008230
v -11.723353 -9.960928 26.766365
v -11.697794 -16.285278 27.902962
v -12.886020 -14.893798 27.144828
v -13.643296 -13.228076 27.902962
v -14.297306 -15.970863 28.584921
v -14.593844 -15.980600 27.826786
v -14.459432 -15.716096 28.584921
v 0.568419 -8.414814 30.097785
v 0.857599 -8.447521 29.339650
v 0.673809 -8.673167 30.097785
v 2.518031 -4.412335 31.215228
v 3.928867 -7.194650 30.457093
v 4.866732 -10.169906 31.215228
v 6.281828 -1.929876 32.705153
v 8.023890 -5.524157 31.947018
v 9.292983 -9.311378 32.705153
v 10.989107 -0.784510 34.319238
v 12.460166 -3.714456 33.561103
v 13.458254 -6.837342 34.319238
v 15.003858 -0.868732 35.560841
v 15.872685 -2.322378 34.802707
v 16.268543 -3.968963 35.560841
v 17.631017 -1.454425 36.305804
v 17.920197 -1.487131 35.547669
v 17.736407 -1.712777 36.305804
v 2.526135 -7.638192 29.898310
v 2.244337 -7.671090 29.140175
v 2.393488 -7.429747 29.898310
v 0.959642 -11.751896 31.087564
v -0.733905 -9.566344 30.329429
v -1.996501 -7.106550 31.087564
v -2.594454 -14.934014 32.673237
v -4.704893 -12.093349 31.915102
v -6.384382 -8.978443 32.673237
v -7.237452 -17.135601 34.391049
v -9.006797 -14.830938 33.632914
v -10.345192 -12.252033 34.391049
v -11.304594 -18.050324 35.712442
v -12.315954 -16.936775 34.954307
v -12.896364 -15.548984 35.712442
v -14.019650 -18.167379 36.505278
v -14.301448 -18.200278 35.747144
v -14.152297 -17.958934 36.505278
v 1.724013 -11.329942 37.965085
v 1.937189 -11.478849 37.194081
v 1.723508 -11.627032 37.965085
v 5.251016 -8.174028 38.939946
v 5.458828 -11.484824 38.168941
v 5.239783 -14.794895 38.939946
v 9.948118 -7.248282 40.239759
v 10.154346 -11.492790 39.468755
v 9.933717 -15.736573 40.239759
v 15.033633 -8.020859 41.647891
v 15.241158 -11.501420 40.876886
v 15.021825 -14.981257 41.647891
v 18.943685 -9.725155 42.731069
v 19.154090 -11.508059 41.960065
v 18.937637 -13.290238 42.731069
v 21.288672 -11.363135 43.380976
v 21.501849 -11.512042 42.609971
v 21.288168 -11.660225 43.380976
v 3.555849 -11.107732 37.801730
v 3.310034 -11.076140 37.030726
v 3.456477 -10.876197 37.801730
v 1.182041 -15.044630 38.835398
v -0.121368 -12.548848 38.064394
v -1.032520 -9.884715 38.835398
v -3.080853 -17.735921 40.213623
v -4.696571 -14.512459 39.442618
v -5.920033 -11.120645 40.213623
v -8.292849 -19.267791 41.706699
v -9.653041 -16.639704 40.935694
v -10.620976 -13.843265 41.706699
v -12.673354 -19.581078 42.855219
v -13.465711 -18.276046 42.084215
v -13.865810 -16.802662 42.855219
v -15.507498 -19.289443 43.544331
v -15.753312 -19.257851 42.773327
v -15.606869 -19.057908 43.544331
v 2.207340 -16.557657 45.091388
v 2.420542 -16.691851 44.320383
v 2.206886 -16.825320 45.091388
v 6.165656 -13.715670 46.185791
v 6.374025 -16.698558 45.414787
v 6.155536 -19.680722 46.185791
v 11.438394 -12.883387 47.644996
v 11.645336 -16.707501 46.873991
v 11.425420 -20.530891 47.644996
v 17.147813 -13.581351 49.225801
v 17.355923 -16.717190 48.454796
v 17.137174 -19.852304 49.225801
v 21.537977 -15.118304 50.441805
v 21.748682 -16.724642 49.670800
v 21.532528 -18.330256 50.441805
v 24.171135 -16.594920 51.171407
v 24.384337 -16.729114 50.400403
v 24.170681 -16.862583 51.171407
v 3.486585 -16.797908 45.360019
v 3.224167 -16.727630 44.589014
v 3.354007 -16.489001 45.360019
v 1.585611 -21.507022 46.357715
v -0.087822 -18.149088 45.586711
v -1.368996 -14.622802 46.357715
v -2.413699 -24.373151 47.687977
v -4.503807 -20.044364 46.916972
v -6.201657 -15.547226 47.687977
v -7.538599 -25.632034 49.129094
v -9.287791 -22.097580 48.358089
v -10.644725 -18.394776 49.129094
v -11.976178 -25.446246 50.237645
v -12.967778 -23.676977 49.466641
v -13.567121 -21.739358 50.237645
v -14.913353 -24.694894 50.902776
v -15.175771 -24.624616 50.131772
v -15.045931 -24.385986 50.902776
v 5.681109 -24.977648 57.688028
v 5.674120 -25.638537 57.216229
v 5.408071 -25.033523 57.688028
v 8.940047 -26.108073 60.099294
v 6.027152 -27.363638 59.627494
v 2.855197 -27.353301 60.099294
v 10.268876 -28.232599 63.314314
v 6.497861 -29.663774 62.842515
v 2.467785 -29.829046 63.314314
v 10.076713 -30.868093 66.797253
v 7.007795 -32.155587 66.325453
v 3.679818 -32.177179 66.797253
v 8.908752 -33.104162 69.476436
v 7.400053 -34.072367 69.004637
v 5.632294 -33.774669 69.476436
v 7.642396 -34.561545 71.083947
v 7.635407 -35.222434 70.612147
v 7.369358 -34.617421 71.083947
v -4.994052 3.865557 0.889030
v -3.785963 3.657515 0.260391
v -2.677113 4.432497 0.000000
v -2.317052 5.736529 0.260391
v -2.916698 6.805727 0.889030
v -4.124787 7.013770 1.517670
v -5.233636 6.238788 1.778061
v -5.593698 4.934756 1.517670
v 9.130581 -5.440659 30.651618
v 9.969531 -5.585133 30.215063
v 10.739566 -5.046951 30.034236
v 10.989609 -4.141373 30.215063
v 10.573188 -3.398874 30.651618
v 9.734237 -3.254400 31.088173
v 8.964203 -3.792582 31.269000
v 8.714160 -4.698160 31.088173
v 9.207952 -5.491145 30.651618
v 9.971487 -5.522898 30.076034
v 10.664961 -4.908452 29.837619
v 10.882145 -4.007740 30.076034
v 10.495817 -3.348389 30.651618
v 9.732281 -3.316636 31.227202
v 9.038808 -3.931082 31.465617
v 8.821623 -4.831793 31.227202
v 25.367791 -14.503691 52.203836
v 25.764829 -14.520202 51.904533
v 26.125435 -14.200690 51.780557
v 26.238371 -13.732321 51.904533
v 26.037480 -13.389458 52.203836
v 25.640442 -13.372946 52.503140
v 25.279836 -13.692458 52.627116
v 25.166900 -14.160828 52.503140
v 4.964469 -0.254855 20.479255
v 5.229192 -0.194777 19.712969
v 5.168648 -0.459394 20.479255
v 5.109385 4.235912 21.461436
v 7.547157 2.119111 20.695150
v 9.659663 -0.322384 21.461436
v 7.558300 7.963932 22.771010
v 10.637778 5.204295 22.004724
v 13.391990 2.119963 22.771010
v 11.431505 10.780258 24.189715
v 13.985950 8.546578 23.423430
v 16.215130 5.988203 24.189715
v 15.173760 12.182451 25.281027
v 16.561468 11.117565 24.514741
v 17.623909 9.727984 25.281027
v 17.842055 12.600079 25.935814
v 18.106778 12.660157 25.169529
v 18.046234 12.395540 25.935814
v 4.358982 -1.315174 20.217956
v 4.147221 -1.468923 19.451671
v 4.132850 -1.207628 20.217956
v 5.224281 -5.700800 21.294205
v 2.605826 -4.709955 20.527919
v 0.184761 -3.304065 21.294205
v 3.879789 -10.360176 22.729202
v 0.550633 -9.031330 21.962916
v -2.581134 -7.287440 22.729202
v 1.071847 -14.765120 24.283783
v -1.675827 -13.712820 23.517497
v -4.226110 -12.245476 24.283783
v -1.932999 -17.751719 25.479614
v -3.388488 -17.313967 24.713328
v -4.646587 -16.461170 25.479614
v -4.204323 -19.320905 26.197113
v -4.416084 -19.474654 25.430827
v -4.430456 -19.213359 26.197113
v 7.411673 -2.919200 26.669295
v 7.662046 -2.844748 25.903009
v 7.587154 -3.094990 26.669295
v 8.270587 1.673438 27.824594
v 10.388575 -0.123015 27.058309
v 12.181296 -2.244163 27.824594
v 11.354448 5.854896 29.364993
v 14.023946 3.505961 28.598707
v 16.368178 0.832332 29.364993
v 15.744002 9.334257 31.033759
v 17.962265 7.437352 30.267473
v 19.855261 5.215754 31.033759
v 19.776224 11.353891 32.317424
v 20.991741 10.461499 31.551138
v 21.881991 9.244414 32.317424
v 22.559053 12.201535 33.087624
v 22.809426 12.275987 32.321338
v 22.734533 12.025746 33.087624
v 8.306843 -2.702837 27.242174
v 8.062925 -2.841293 26.475888
v 8.016396 -2.564704 27.242174
v 10.038783 -7.030988 28.191237
v 6.703684 -5.699316 27.424951
v 3.565975 -3.952600 28.191237
v 9.139293 -11.275818 29.456654
v 4.891362 -9.510014 28.690368
v 0.840821 -7.329166 29.456654
v 6.429083 -15.048875 30.827522
v 2.928014 -13.638270 30.061236
v -0.375664 -11.812620 30.827522
v 3.259120 -17.435126 31.882036
v 1.417746 -16.813851 31.115751
v -0.226238 -15.777532 31.882036
v 0.755504 -18.580744 32.514745
v 0.511586 -18.719200 31.748459
v 0.465057 -18.442612 32.514745
v 11.821517 -5.615151 34.331607
v 12.067432 -5.573260 33.557156
v 12.035472 -5.820662 34.331607
v 11.687911 -1.196360 35.132946
v 14.210923 -3.341693 34.358495
v 16.456061 -5.776319 35.132946
v 13.873469 2.424955 36.201398
v 17.068912 -0.366271 35.426948
v 19.986480 -3.446788 36.201398
v 17.519794 5.119872 37.358889
v 20.165066 2.857104 36.584438
v 22.532463 0.305043 37.358889
v 21.124053 6.425043 38.249266
v 22.546723 5.336623 37.474815
v 23.691518 3.958911 38.249266
v 23.729802 6.782443 38.783492
v 23.975717 6.824334 38.009041
v 23.943757 6.576932 38.783492
v 12.101508 -5.823213 34.386456
v 11.887461 -5.964059 33.612005
v 11.798485 -5.723774 34.386456
v 14.385515 -9.749094 35.168050
v 10.946445 -8.831620 34.393599
v 7.632447 -7.533015 35.168050
v 14.083184 -13.885031 36.210174
v 9.691758 -12.655034 35.435724
v 5.425404 -11.043905 36.210174
v 11.944740 -17.771362 37.339143
v 8.332514 -16.797066 36.564692
v 4.845360 -15.441638 37.339143
v 9.167611 -20.389315 38.207580
v 7.286942 -19.983244 37.433129
v 5.531344 -19.196042 38.207580
v 6.873645 -21.754105 38.728642
v 6.659598 -21.894951 37.954192
v 6.570623 -21.654665 38.728642
v 17.310224 -7.588305 41.001853
v 17.558153 -7.548350 40.227402
v 17.528207 -7.797686 41.001853
v 17.134398 -3.127653 41.803436
v 19.702298 -5.316102 41.028986
v 21.992322 -7.793844 41.803436
v 19.308166 0.506730 42.872215
v 22.561157 -2.339772 42.097764
v 25.536274 -5.475567 42.872215
v 22.965794 3.192680 44.030058
v 25.658256 0.884585 43.255607
v 28.072843 -1.712803 44.030058
v 26.593799 4.476496 44.920706
v 28.040639 3.364860 44.146255
v 29.209604 1.963932 44.920706
v 29.222140 4.813069 45.455095
v 29.470069 4.853025 44.680644
v 29.440123 4.603688 45.455095
v 17.570703 -7.125196 40.657403
v 17.378651 -7.273259 39.882953
v 17.311670 -7.040192 40.657403
v 19.213176 -11.425727 41.582989
v 16.264274 -10.669106 40.808538
v 13.440442 -9.531354 41.582989
v 18.541444 -16.220679 42.817103
v 14.778437 -15.196902 42.042652
v 11.140503 -13.791995 42.817103
v 16.265703 -20.907209 44.154059
v 13.168782 -20.102015 43.379609
v 10.196932 -18.915688 44.154059
v 13.547318 -24.194636 45.182488
v 11.930585 -23.875178 44.408037
v 10.438923 -23.174589 45.182488
v 11.379719 -25.991012 45.799545
v 11.187667 -26.139076 45.025094
v 11.120686 -25.906008 45.799545
v 24.154930 -12.837044 51.220280
v 24.596127 -13.281528 50.699321
v 23.996587 -13.100495 51.220280
v 27.645013 -11.117954 53.674351
v 26.400994 -14.366310 53.153392
v 24.116237 -16.989150 53.674351
v 30.549149 -11.736341 56.946446
v 28.807482 -15.812686 56.425487
v 26.025077 -19.263515 56.946446
v 32.749012 -13.980694 60.491216
v 31.414512 -17.379594 59.970257
v 29.039273 -20.152977 60.491216
v 33.849605 -16.691443 63.217962
v 33.419919 -18.584908 62.697003
v 31.949495 -19.852856 63.217962
v 34.181965 -18.863612 64.854010
v 34.623163 -19.308096 64.333051
v 34.023623 -19.127063 64.854010
vt 0.029978 0.011499
vt 0.035196 -0.001251
vt 0.029978 -0.013907
vt 0.017381 -0.019054
vt 0.004784 -0.013678
vt -0.000434 -0.000928
vt 0.004784 0.011727
vt 0.017381 0.016875
vt 0.067835 0.033325
vt 0.059087 0.029750
vt 0.055463 0.020962
vt 0.059087 0.012107
vt 0.067835 0.008374
vt 0.076583 0.011949
vt 0.080207 0.020737
vt 0.076583 0.029592
vt 0.017381 0.007760
vt 0.004784 0.009906
vt 0.059087 0.358382
vt 0.067835 0.356892
vt 0.011727 0.009906
vt -0.000928 0.011457
vt 0.020962 0.359459
vt 0.029750 0.358382
vt -0.000928 0.011457
vt -0.013678 0.011504
vt 0.012107 0.359492
vt 0.020962 0.359459
vt 0.004784 0.011504
vt 0.017381 0.010020
vt 0.067835 0.358462
vt 0.059087 0.359492
vt 0.017381 0.010020
vt 0.029978 0.007874
vt 0.076583 0.356971
vt 0.067835 0.358462
vt -0.013907 0.007874
vt -0.001251 0.006323
vt 0.020737 0.355894
vt 0.011949 0.356971
vt -0.001251 0.006323
vt 0.011499 0.006276
vt 0.029592 0.355861
vt 0.020737 0.355894
vt 0.029978 0.006276
vt 0.017381 0.007760
vt 0.067835 0.356892
vt 0.076583 0.355861
vt 0.075958 0.029531
vt 0.079323 0.020638
vt 0.075958 0.011869
vt 0.067835 0.008361
vt 0.059712 0.012169
vt 0.056348 0.021061
vt 0.059712 0.029830
vt 0.067835 0.033338
vt 0.176280 0.038205
vt 0.172056 0.036381
vt 0.170306 0.031821
vt 0.172056 0.027197
vt 0.176280 0.025217
vt 0.180504 0.027041
vt 0.182254 0.031601
vt 0.180504 0.036225
vt 0.067835 0.357140
vt 0.059712 0.360778
vt 0.172056 0.611859
vt 0.176280 0.609967
vt 0.029830 0.360778
vt 0.021061 0.362600
vt 0.031821 0.612806
vt 0.036381 0.611859
vt 0.021061 0.362600
vt 0.012169 0.361538
vt 0.027197 0.612254
vt 0.031821 0.612806
vt 0.059712 0.361538
vt 0.067835 0.358214
vt 0.176280 0.610526
vt 0.172056 0.612254
vt 0.067835 0.358214
vt 0.075958 0.354575
vt 0.180504 0.608634
vt 0.176280 0.610526
vt 0.011869 0.354575
vt 0.020638 0.352753
vt 0.031601 0.607686
vt 0.027041 0.608634
vt 0.020638 0.352753
vt 0.029531 0.353816
vt 0.036225 0.608239
vt 0.031601 0.607686
vt 0.075958 0.353816
vt 0.067835 0.357140
vt 0.176280 0.609967
vt 0.180504 0.608239
vt 0.050927 0.003907
vt 0.010449 0.028057
vt 0.038527 0.041272
vt 0.051319 0.006837
vt 0.051319 0.006837
vt 0.038527 0.041272
vt 0.010449 0.028057
vt 0.050927 0.003907
vt 0.051319 0.006837
vt 0.038527 0.041272
vt 0.068423 0.049594
vt 0.053529 0.004873
vt 0.053529 0.004873
vt 0.068423 0.049594
vt 0.038527 0.041272
vt 0.051319 0.006837
vt 0.010449 0.028057
vt -0.014783 0.070933
vt 0.021470 0.087186
vt 0.038527 0.041272
vt 0.038527 0.041272
vt 0.021470 0.087186
vt -0.014783 0.070933
vt 0.010449 0.028057
vt 0.038527 0.041272
vt 0.021470 0.087186
vt 0.059542 0.098544
vt 0.068423 0.049594
vt 0.068423 0.049594
vt 0.059542 0.098544
vt 0.021470 0.087186
vt 0.038527 0.041272
vt -0.014783 0.070933
vt -0.026572 0.123158
vt 0.002992 0.136926
vt 0.021470 0.087186
vt 0.021470 0.087186
vt 0.002992 0.136926
vt -0.026572 0.123158
vt -0.014783 0.070933
vt 0.021470 0.087186
vt 0.002992 0.136926
vt 0.034375 0.145799
vt 0.059542 0.098544
vt 0.059542 0.098544
vt 0.034375 0.145799
vt 0.002992 0.136926
vt 0.021470 0.087186
vt -0.026572 0.123158
vt -0.025921 0.166941
vt -0.011221 0.175187
vt 0.002992 0.136926
vt 0.002992 0.136926
vt -0.011221 0.175187
vt -0.025921 0.166941
vt -0.026572 0.123158
vt 0.002992 0.136926
vt -0.011221 0.175187
vt 0.005296 0.178538
vt 0.034375 0.145799
vt 0.034375 0.145799
vt 0.005296 0.178538
vt -0.011221 0.175187
vt 0.002992 0.136926
vt 0.166941 0.295793
vt 0.195213 0.304247
vt 0.198144 0.296685
vt 0.175187 0.288231
vt 0.175187 0.288231
vt 0.198144 0.296685
vt 0.195213 0.304247
vt 0.166941 0.295793
vt -0.011221 0.175187
vt -0.019750 0.198144
vt -0.017540 0.196180
vt 0.005296 0.178538
vt 0.005296 0.178538
vt -0.017540 0.196180
vt -0.019750 0.198144
vt -0.011221 0.175187
vt 0.048375 0.016031
vt 0.092070 -0.005211
vt 0.065587 -0.021405
vt 0.048304 0.013075
vt 0.048304 0.013075
vt 0.065587 -0.021405
vt 0.092070 -0.005211
vt 0.048375 0.016031
vt 0.048304 0.013075
vt 0.065587 -0.021405
vt 0.036766 -0.032932
vt 0.045893 0.014787
vt 0.045893 0.014787
vt 0.036766 -0.032932
vt 0.065587 -0.021405
vt 0.048304 0.013075
vt 0.092070 -0.005211
vt 0.122914 -0.047276
vt 0.088632 -0.067379
vt 0.065587 -0.021405
vt 0.065587 -0.021405
vt 0.088632 -0.067379
vt 0.122914 -0.047276
vt 0.092070 -0.005211
vt 0.065587 -0.021405
vt 0.088632 -0.067379
vt 0.052011 -0.082816
vt 0.036766 -0.032932
vt 0.036766 -0.032932
vt 0.052011 -0.082816
vt 0.088632 -0.067379
vt 0.065587 -0.021405
vt 0.122914 -0.047276
vt 0.141498 -0.100280
vt 0.113598 -0.117185
vt 0.088632 -0.067379
vt 0.088632 -0.067379
vt 0.113598 -0.117185
vt 0.141498 -0.100280
vt 0.122914 -0.047276
vt 0.088632 -0.067379
vt 0.113598 -0.117185
vt 0.083358 -0.129423
vt 0.052011 -0.082816
vt 0.052011 -0.082816
vt 0.083358 -0.129423
vt 0.113598 -0.117185
vt 0.088632 -0.067379
vt 0.141498 -0.100280
vt 0.146521 -0.145700
vt 0.132802 -0.155497
vt 0.113598 -0.117185
vt 0.113598 -0.117185
vt 0.132802 -0.155497
vt 0.146521 -0.145700
vt 0.141498 -0.100280
vt 0.113598 -0.117185
vt 0.132802 -0.155497
vt 0.116742 -0.160627
vt 0.083358 -0.129423
vt 0.083358 -0.129423
vt 0.116742 -0.160627
vt 0.132802 -0.155497
vt 0.113598 -0.117185
vt -0.145700 0.297131
vt -0.175528 0.306008
vt -0.178484 0.298445
vt -0.155497 0.289569
vt -0.155497 0.289569
vt -0.178484 0.298445
vt -0.175528 0.306008
vt -0.145700 0.297131
vt 0.132802 0.289569
vt 0.144324 0.298445
vt 0.141914 0.306008
vt 0.116742 0.297131
vt 0.116742 0.297131
vt 0.141914 0.306008
vt 0.144324 0.298445
vt 0.132802 0.289569
vt 0.056097 0.023446
vt 0.009990 0.041663
vt 0.045273 0.057555
vt 0.056811 0.026497
vt 0.056811 0.026497
vt 0.045273 0.057555
vt 0.009990 0.041663
vt 0.056097 0.023446
vt 0.056811 0.026497
vt 0.045273 0.057555
vt 0.082376 0.068554
vt 0.059345 0.024653
vt 0.059345 0.024653
vt 0.082376 0.068554
vt 0.045273 0.057555
vt 0.056811 0.026497
vt 0.009990 0.041663
vt -0.015603 0.079282
vt 0.029890 0.098967
vt 0.045273 0.057555
vt 0.045273 0.057555
vt 0.029890 0.098967
vt -0.015603 0.079282
vt 0.009990 0.041663
vt 0.045273 0.057555
vt 0.029890 0.098967
vt 0.077200 0.113757
vt 0.082376 0.068554
vt 0.082376 0.068554
vt 0.077200 0.113757
vt 0.029890 0.098967
vt 0.045273 0.057555
vt -0.015603 0.079282
vt -0.023916 0.127247
vt 0.013224 0.143829
vt 0.029890 0.098967
vt 0.029890 0.098967
vt 0.013224 0.143829
vt -0.023916 0.127247
vt -0.015603 0.079282
vt 0.029890 0.098967
vt 0.013224 0.143829
vt 0.052182 0.155517
vt 0.077200 0.113757
vt 0.077200 0.113757
vt 0.052182 0.155517
vt 0.013224 0.143829
vt 0.029890 0.098967
vt -0.023916 0.127247
vt -0.018176 0.168652
vt 0.000404 0.178339
vt 0.013224 0.143829
vt 0.013224 0.143829
vt 0.000404 0.178339
vt -0.018176 0.168652
vt -0.023916 0.127247
vt 0.013224 0.143829
vt 0.000404 0.178339
vt 0.020801 0.183132
vt 0.052182 0.155517
vt 0.052182 0.155517
vt 0.020801 0.183132
vt 0.000404 0.178339
vt 0.013224 0.143829
vt 0.168652 0.371345
vt 0.195994 0.378970
vt 0.199045 0.371408
vt 0.178339 0.363782
vt 0.178339 0.363782
vt 0.199045 0.371408
vt 0.195994 0.378970
vt 0.168652 0.371345
vt 0.000404 0.178339
vt -0.007288 0.199045
vt -0.004755 0.197201
vt 0.020801 0.183132
vt 0.020801 0.183132
vt -0.004755 0.197201
vt -0.007288 0.199045
vt 0.000404 0.178339
vt 0.061169 0.019194
vt 0.105221 0.002256
vt 0.076635 -0.014993
vt 0.061004 0.016191
vt 0.061004 0.016191
vt 0.076635 -0.014993
vt 0.105221 0.002256
vt 0.061169 0.019194
vt 0.061004 0.016191
vt 0.076635 -0.014993
vt 0.045710 -0.027574
vt 0.058499 0.017856
vt 0.058499 0.017856
vt 0.045710 -0.027574
vt 0.076635 -0.014993
vt 0.061004 0.016191
vt 0.105221 0.002256
vt 0.134455 -0.035117
vt 0.097477 -0.056572
vt 0.076635 -0.014993
vt 0.076635 -0.014993
vt 0.097477 -0.056572
vt 0.134455 -0.035117
vt 0.105221 0.002256
vt 0.076635 -0.014993
vt 0.097477 -0.056572
vt 0.058160 -0.073360
vt 0.045710 -0.027574
vt 0.045710 -0.027574
vt 0.058160 -0.073360
vt 0.097477 -0.056572
vt 0.076635 -0.014993
vt 0.134455 -0.035117
vt 0.150167 -0.083603
vt 0.120056 -0.101616
vt 0.097477 -0.056572
vt 0.097477 -0.056572
vt 0.120056 -0.101616
vt 0.150167 -0.083603
vt 0.134455 -0.035117
vt 0.097477 -0.056572
vt 0.120056 -0.101616
vt 0.087605 -0.114963
vt 0.058160 -0.073360
vt 0.058160 -0.073360
vt 0.087605 -0.114963
vt 0.120056 -0.101616
vt 0.097477 -0.056572
vt 0.150167 -0.083603
vt 0.152276 -0.125901
vt 0.137424 -0.136266
vt 0.120056 -0.101616
vt 0.120056 -0.101616
vt 0.137424 -0.136266
vt 0.152276 -0.125901
vt 0.150167 -0.083603
vt 0.120056 -0.101616
vt 0.137424 -0.136266
vt 0.120232 -0.141963
vt 0.087605 -0.114963
vt 0.087605 -0.114963
vt 0.120232 -0.141963
vt 0.137424 -0.136266
vt 0.120056 -0.101616
vt -0.125901 0.372620
vt -0.154052 0.380648
vt -0.157055 0.373086
vt -0.136266 0.365058
vt -0.136266 0.365058
vt -0.157055 0.373086
vt -0.154052 0.380648
vt -0.125901 0.372620
vt 0.137424 0.365058
vt 0.147845 0.373086
vt 0.145340 0.380648
vt 0.120232 0.372620
vt 0.120232 0.372620
vt 0.145340 0.380648
vt 0.147845 0.373086
vt 0.137424 0.365058
vt 0.078534 0.037132
vt 0.050902 0.069669
vt 0.081175 0.070948
vt 0.079980 0.039505
vt 0.079980 0.039505
vt 0.081175 0.070948
vt 0.050902 0.069669
vt 0.078534 0.037132
vt 0.079980 0.039505
vt 0.081175 0.070948
vt 0.111263 0.067377
vt 0.081243 0.037029
vt 0.081243 0.037029
vt 0.111263 0.067377
vt 0.081175 0.070948
vt 0.079980 0.039505
vt 0.050902 0.069669
vt 0.043982 0.111917
vt 0.082767 0.112872
vt 0.081175 0.070948
vt 0.081175 0.070948
vt 0.082767 0.112872
vt 0.043982 0.111917
vt 0.050902 0.069669
vt 0.081175 0.070948
vt 0.082767 0.112872
vt 0.121368 0.108977
vt 0.111263 0.067377
vt 0.111263 0.067377
vt 0.121368 0.108977
vt 0.082767 0.112872
vt 0.081175 0.070948
vt 0.043982 0.111917
vt 0.052672 0.157070
vt 0.084492 0.158289
vt 0.082767 0.112872
vt 0.082767 0.112872
vt 0.084492 0.158289
vt 0.052672 0.157070
vt 0.043982 0.111917
vt 0.082767 0.112872
vt 0.084492 0.158289
vt 0.116128 0.154659
vt 0.121368 0.108977
vt 0.121368 0.108977
vt 0.116128 0.154659
vt 0.084492 0.158289
vt 0.082767 0.112872
vt 0.052672 0.157070
vt 0.069476 0.191418
vt 0.085819 0.193226
vt 0.084492 0.158289
vt 0.084492 0.158289
vt 0.085819 0.193226
vt 0.069476 0.191418
vt 0.052672 0.157070
vt 0.084492 0.158289
vt 0.085819 0.193226
vt 0.101978 0.190184
vt 0.116128 0.154659
vt 0.116128 0.154659
vt 0.101978 0.190184
vt 0.085819 0.193226
vt 0.084492 0.158289
vt 0.191418 0.446580
vt 0.211814 0.453257
vt 0.214188 0.445634
vt 0.193226 0.438957
vt 0.193226 0.438957
vt 0.214188 0.445634
vt 0.211814 0.453257
vt 0.191418 0.446580
vt 0.193226 0.438957
vt 0.214188 0.445634
vt 0.211711 0.453257
vt 0.190184 0.446580
vt 0.190184 0.446580
vt 0.211711 0.453257
vt 0.214188 0.445634
vt 0.193226 0.438957
vt 0.082149 0.012622
vt 0.117160 -0.015229
vt 0.089777 -0.024358
vt 0.081466 0.009959
vt 0.081466 0.009959
vt 0.089777 -0.024358
vt 0.117160 -0.015229
vt 0.082149 0.012622
vt 0.081466 0.009959
vt 0.089777 -0.024358
vt 0.061252 -0.028770
vt 0.079640 0.012014
vt 0.079640 0.012014
vt 0.061252 -0.028770
vt 0.089777 -0.024358
vt 0.081466 0.009959
vt 0.117160 -0.015229
vt 0.136127 -0.059076
vt 0.100859 -0.070114
vt 0.089777 -0.024358
vt 0.089777 -0.024358
vt 0.100859 -0.070114
vt 0.136127 -0.059076
vt 0.117160 -0.015229
vt 0.089777 -0.024358
vt 0.100859 -0.070114
vt 0.064449 -0.076436
vt 0.061252 -0.028770
vt 0.061252 -0.028770
vt 0.064449 -0.076436
vt 0.100859 -0.070114
vt 0.089777 -0.024358
vt 0.136127 -0.059076
vt 0.141681 -0.110207
vt 0.112864 -0.119683
vt 0.100859 -0.070114
vt 0.100859 -0.070114
vt 0.112864 -0.119683
vt 0.141681 -0.110207
vt 0.136127 -0.059076
vt 0.100859 -0.070114
vt 0.112864 -0.119683
vt 0.082905 -0.124442
vt 0.064449 -0.076436
vt 0.064449 -0.076436
vt 0.082905 -0.124442
vt 0.112864 -0.119683
vt 0.100859 -0.070114
vt 0.141681 -0.110207
vt 0.136580 -0.151810
vt 0.122099 -0.157813
vt 0.112864 -0.119683
vt 0.112864 -0.119683
vt 0.122099 -0.157813
vt 0.136580 -0.151810
vt 0.141681 -0.110207
vt 0.112864 -0.119683
vt 0.122099 -0.157813
vt 0.106476 -0.159101
vt 0.082905 -0.124442
vt 0.082905 -0.124442
vt 0.106476 -0.159101
vt 0.122099 -0.157813
vt 0.112864 -0.119683
vt -0.151810 0.449163
vt -0.178029 0.456656
vt -0.180692 0.449033
vt -0.157813 0.441540
vt -0.157813 0.441540
vt -0.180692 0.449033
vt -0.178029 0.456656
vt -0.151810 0.449163
vt 0.122099 -0.157813
vt 0.127640 -0.180692
vt 0.125814 -0.178637
vt 0.106476 -0.159101
vt 0.106476 -0.159101
vt 0.125814 -0.178637
vt 0.127640 -0.180692
vt 0.122099 -0.157813
vt 0.113975 0.023740
vt 0.083486 0.055528
vt 0.116716 0.056694
vt 0.115554 0.026108
vt 0.115554 0.026108
vt 0.116716 0.056694
vt 0.083486 0.055528
vt 0.113975 0.023740
vt 0.115554 0.026108
vt 0.116716 0.056694
vt 0.149762 0.053011
vt 0.116949 0.023627
vt 0.116949 0.023627
vt 0.149762 0.053011
vt 0.116716 0.056694
vt 0.115554 0.026108
vt 0.083486 0.055528
vt 0.075688 0.096664
vt 0.118265 0.097475
vt 0.116716 0.056694
vt 0.116716 0.056694
vt 0.118265 0.097475
vt 0.075688 0.096664
vt 0.083486 0.055528
vt 0.116716 0.056694
vt 0.118265 0.097475
vt 0.160657 0.093437
vt 0.149762 0.053011
vt 0.149762 0.053011
vt 0.160657 0.093437
vt 0.118265 0.097475
vt 0.116716 0.056694
vt 0.075688 0.096664
vt 0.085014 0.140554
vt 0.119943 0.141655
vt 0.118265 0.097475
vt 0.118265 0.097475
vt 0.119943 0.141655
vt 0.085014 0.140554
vt 0.075688 0.096664
vt 0.118265 0.097475
vt 0.119943 0.141655
vt 0.154688 0.137907
vt 0.160657 0.093437
vt 0.160657 0.093437
vt 0.154688 0.137907
vt 0.119943 0.141655
vt 0.118265 0.097475
vt 0.085014 0.140554
vt 0.103298 0.173892
vt 0.121234 0.175639
vt 0.119943 0.141655
vt 0.119943 0.141655
vt 0.121234 0.175639
vt 0.103298 0.173892
vt 0.085014 0.140554
vt 0.119943 0.141655
vt 0.121234 0.175639
vt 0.138985 0.172537
vt 0.154688 0.137907
vt 0.154688 0.137907
vt 0.138985 0.172537
vt 0.121234 0.175639
vt 0.119943 0.141655
vt 0.103298 0.173892
vt 0.120429 0.193662
vt 0.122008 0.196030
vt 0.121234 0.175639
vt 0.121234 0.175639
vt 0.122008 0.196030
vt 0.120429 0.193662
vt 0.103298 0.173892
vt 0.121234 0.175639
vt 0.122008 0.196030
vt 0.123403 0.193549
vt 0.138985 0.172537
vt 0.138985 0.172537
vt 0.123403 0.193549
vt 0.122008 0.196030
vt 0.121234 0.175639
vt 0.115540 0.030042
vt 0.157187 0.006180
vt 0.122286 -0.004770
vt 0.114519 0.027298
vt 0.114519 0.027298
vt 0.122286 -0.004770
vt 0.157187 0.006180
vt 0.115540 0.030042
vt 0.114519 0.027298
vt 0.122286 -0.004770
vt 0.086243 -0.011003
vt 0.112356 0.029271
vt 0.112356 0.029271
vt 0.086243 -0.011003
vt 0.122286 -0.004770
vt 0.114519 0.027298
vt 0.157187 0.006180
vt 0.177548 -0.034155
vt 0.132642 -0.047527
vt 0.122286 -0.004770
vt 0.122286 -0.004770
vt 0.132642 -0.047527
vt 0.177548 -0.034155
vt 0.157187 0.006180
vt 0.122286 -0.004770
vt 0.132642 -0.047527
vt 0.086593 -0.056183
vt 0.086243 -0.011003
vt 0.086243 -0.011003
vt 0.086593 -0.056183
vt 0.132642 -0.047527
vt 0.122286 -0.004770
vt 0.177548 -0.034155
vt 0.180580 -0.082458
vt 0.143860 -0.093848
vt 0.132642 -0.047527
vt 0.132642 -0.047527
vt 0.143860 -0.093848
vt 0.180580 -0.082458
vt 0.177548 -0.034155
vt 0.132642 -0.047527
vt 0.143860 -0.093848
vt 0.105998 -0.100522
vt 0.086593 -0.056183
vt 0.086593 -0.056183
vt 0.105998 -0.100522
vt 0.143860 -0.093848
vt 0.132642 -0.047527
vt 0.180580 -0.082458
vt 0.171019 -0.122495
vt 0.152490 -0.129480
vt 0.143860 -0.093848
vt 0.143860 -0.093848
vt 0.152490 -0.129480
vt 0.171019 -0.122495
vt 0.180580 -0.082458
vt 0.143860 -0.093848
vt 0.152490 -0.129480
vt 0.132818 -0.131747
vt 0.105998 -0.100522
vt 0.105998 -0.100522
vt 0.132818 -0.131747
vt 0.152490 -0.129480
vt 0.143860 -0.093848
vt -0.122495 0.525784
vt -0.148115 0.532786
vt -0.150858 0.525163
vt -0.129480 0.518161
vt -0.129480 0.518161
vt -0.150858 0.525163
vt -0.148115 0.532786
vt -0.122495 0.525784
vt 0.152490 -0.129480
vt 0.157668 -0.150858
vt 0.155505 -0.148886
vt 0.132818 -0.131747
vt 0.132818 -0.131747
vt 0.155505 -0.148886
vt 0.157668 -0.150858
vt 0.152490 -0.129480
vt 0.031220 0.588116
vt 0.060900 0.620362
vt 0.032010 0.617192
vt 0.030623 0.584947
vt 0.030623 0.584947
vt 0.032010 0.617192
vt 0.060900 0.620362
vt 0.031220 0.588116
vt 0.030623 0.584947
vt 0.032010 0.617192
vt 0.001656 0.620362
vt 0.028562 0.588116
vt 0.028562 0.588116
vt 0.001656 0.620362
vt 0.032010 0.617192
vt 0.030623 0.584947
vt 0.060900 0.620362
vt 0.071103 0.663356
vt 0.033859 0.660186
vt 0.032010 0.617192
vt 0.032010 0.617192
vt 0.033859 0.660186
vt 0.071103 0.663356
vt 0.060900 0.620362
vt 0.032010 0.617192
vt 0.033859 0.660186
vt -0.004850 0.663356
vt 0.001656 0.620362
vt 0.001656 0.620362
vt -0.004850 0.663356
vt 0.033859 0.660186
vt 0.032010 0.617192
vt 0.071103 0.663356
vt 0.066271 0.709933
vt 0.035862 0.706763
vt 0.033859 0.660186
vt 0.033859 0.660186
vt 0.035862 0.706763
vt 0.066271 0.709933
vt 0.071103 0.663356
vt 0.033859 0.660186
vt 0.035862 0.706763
vt 0.003989 0.709933
vt -0.004850 0.663356
vt -0.004850 0.663356
vt 0.003989 0.709933
vt 0.035862 0.706763
vt 0.033859 0.660186
vt 0.066271 0.709933
vt 0.052621 0.745761
vt 0.037403 0.742592
vt 0.035862 0.706763
vt 0.035862 0.706763
vt 0.037403 0.742592
vt 0.052621 0.745761
vt 0.066271 0.709933
vt 0.035862 0.706763
vt 0.037403 0.742592
vt 0.020721 0.745761
vt 0.003989 0.709933
vt 0.003989 0.709933
vt 0.020721 0.745761
vt 0.037403 0.742592
vt 0.035862 0.706763
vt 0.224198 0.745761
vt 0.234893 0.767258
vt 0.242335 0.764089
vt 0.233105 0.742592
vt 0.233105 0.742592
vt 0.242335 0.764089
vt 0.234893 0.767258
vt 0.224198 0.745761
vt 0.037403 0.742592
vt 0.038327 0.764089
vt 0.036266 0.767258
vt 0.020721 0.745761
vt 0.020721 0.745761
vt 0.036266 0.767258
vt 0.038327 0.764089
vt 0.037403 0.742592
vt 0.026096 0.022841
vt 0.031336 0.010169
vt 0.026096 -0.002330
vt 0.013446 -0.007333
vt 0.000796 -0.001910
vt -0.004444 0.010762
vt 0.000796 0.023261
vt 0.013446 0.028264
vt 0.054738 0.078284
vt 0.045953 0.074810
vt 0.042315 0.066130
vt 0.045953 0.057330
vt 0.054738 0.053564
vt 0.063523 0.057039
vt 0.067162 0.065718
vt 0.063523 0.074518
vt 0.013446 0.006205
vt 0.000796 0.008381
vt 0.045953 0.376081
vt 0.054738 0.374570
vt 0.023261 0.008381
vt 0.010762 0.010855
vt 0.066130 0.377799
vt 0.074810 0.376081
vt 0.010762 0.010855
vt -0.001910 0.012179
vt 0.057330 0.378718
vt 0.066130 0.377799
vt 0.000796 0.012179
vt 0.013446 0.011576
vt 0.054738 0.378300
vt 0.045953 0.378718
vt 0.013446 0.011576
vt 0.026096 0.009400
vt 0.063523 0.376788
vt 0.054738 0.378300
vt -0.002330 0.009400
vt 0.010169 0.006925
vt 0.065718 0.375070
vt 0.057039 0.376788
vt 0.010169 0.006925
vt 0.022841 0.005602
vt 0.074518 0.374151
vt 0.065718 0.375070
vt 0.026096 0.005602
vt 0.013446 0.006205
vt 0.054738 0.374570
vt 0.063523 0.374151
vt 0.063176 0.073554
vt 0.066671 0.064799
vt 0.063176 0.056703
vt 0.054738 0.054009
vt 0.046300 0.058294
vt 0.042805 0.067049
vt 0.046300 0.075145
vt 0.054738 0.077839
vt 0.141814 0.156524
vt 0.137427 0.155123
vt 0.135609 0.150914
vt 0.137427 0.146361
vt 0.141814 0.144133
vt 0.146202 0.145534
vt 0.148020 0.149744
vt 0.146202 0.154296
vt 0.054738 0.372656
vt 0.046300 0.376271
vt 0.137427 0.642502
vt 0.141814 0.640623
vt 0.075145 0.376271
vt 0.067049 0.379982
vt 0.150914 0.644432
vt 0.155123 0.642502
vt 0.067049 0.379982
vt 0.058294 0.381615
vt 0.146361 0.645281
vt 0.150914 0.644432
vt 0.046300 0.381615
vt 0.054738 0.380213
vt 0.141814 0.644552
vt 0.137427 0.645281
vt 0.054738 0.380213
vt 0.063176 0.376598
vt 0.146202 0.642673
vt 0.141814 0.644552
vt 0.056703 0.376598
vt 0.064799 0.372887
vt 0.149744 0.640743
vt 0.145534 0.642673
vt 0.064799 0.372887
vt 0.073554 0.371254
vt 0.154296 0.639894
vt 0.149744 0.640743
vt 0.063176 0.371254
vt 0.054738 0.372656
vt 0.141814 0.640623
vt 0.146202 0.639894
vt 0.041161 0.041939
vt -0.008699 0.039176
vt 0.012653 0.068299
vt 0.040229 0.044853
vt 0.040229 0.044853
vt 0.012653 0.068299
vt -0.008699 0.039176
vt 0.041161 0.041939
vt 0.040229 0.044853
vt 0.012653 0.068299
vt 0.037962 0.094056
vt 0.043254 0.044402
vt 0.043254 0.044402
vt 0.037962 0.094056
vt 0.012653 0.068299
vt 0.040229 0.044853
vt -0.008699 0.039176
vt -0.052047 0.062698
vt -0.024114 0.099560
vt 0.012653 0.068299
vt 0.012653 0.068299
vt -0.024114 0.099560
vt -0.052047 0.062698
vt -0.008699 0.039176
vt 0.012653 0.068299
vt -0.024114 0.099560
vt 0.007775 0.133057
vt 0.037962 0.094056
vt 0.037962 0.094056
vt 0.007775 0.133057
vt -0.024114 0.099560
vt 0.012653 0.068299
vt -0.052047 0.062698
vt -0.086494 0.102896
vt -0.063946 0.133426
vt -0.024114 0.099560
vt -0.024114 0.099560
vt -0.063946 0.133426
vt -0.086494 0.102896
vt -0.052047 0.062698
vt -0.024114 0.099560
vt -0.063946 0.133426
vt -0.037440 0.160591
vt 0.007775 0.133057
vt 0.007775 0.133057
vt -0.037440 0.160591
vt -0.063946 0.133426
vt -0.024114 0.099560
vt -0.086494 0.102896
vt -0.105169 0.143019
vt -0.094586 0.159476
vt -0.063946 0.133426
vt -0.063946 0.133426
vt -0.094586 0.159476
vt -0.105169 0.143019
vt -0.086494 0.102896
vt -0.063946 0.133426
vt -0.094586 0.159476
vt -0.080044 0.172570
vt -0.037440 0.160591
vt -0.037440 0.160591
vt -0.080044 0.172570
vt -0.094586 0.159476
vt -0.063946 0.133426
vt 0.143019 0.308838
vt 0.172193 0.317121
vt 0.175107 0.309555
vt 0.159476 0.301272
vt 0.159476 0.301272
vt 0.175107 0.309555
vt 0.172193 0.317121
vt 0.143019 0.308838
vt -0.094586 0.301272
vt -0.112969 0.309555
vt -0.109944 0.317121
vt -0.080044 0.308838
vt -0.080044 0.308838
vt -0.109944 0.317121
vt -0.112969 0.309555
vt -0.094586 0.301272
vt 0.049794 0.040952
vt 0.091031 0.051270
vt 0.075494 0.022542
vt 0.051178 0.038313
vt 0.051178 0.038313
vt 0.075494 0.022542
vt 0.091031 0.051270
vt 0.049794 0.040952
vt 0.051178 0.038313
vt 0.075494 0.022542
vt 0.055599 -0.003359
vt 0.048204 0.038501
vt 0.048204 0.038501
vt 0.055599 -0.003359
vt 0.075494 0.022542
vt 0.051178 0.038313
vt 0.091031 0.051270
vt 0.128450 0.037945
vt 0.107915 0.001513
vt 0.075494 0.022542
vt 0.075494 0.022542
vt 0.107915 0.001513
vt 0.128450 0.037945
vt 0.091031 0.051270
vt 0.075494 0.022542
vt 0.107915 0.001513
vt 0.083023 -0.032092
vt 0.055599 -0.003359
vt 0.055599 -0.003359
vt 0.083023 -0.032092
vt 0.107915 0.001513
vt 0.075494 0.022542
vt 0.128450 0.037945
vt 0.159484 0.008861
vt 0.143038 -0.021268
vt 0.107915 0.001513
vt 0.107915 0.001513
vt 0.143038 -0.021268
vt 0.159484 0.008861
vt 0.128450 0.037945
vt 0.107915 0.001513
vt 0.143038 -0.021268
vt 0.122234 -0.048570
vt 0.083023 -0.032092
vt 0.083023 -0.032092
vt 0.122234 -0.048570
vt 0.143038 -0.021268
vt 0.107915 0.001513
vt 0.159484 0.008861
vt 0.177417 -0.022671
vt 0.170056 -0.038792
vt 0.143038 -0.021268
vt 0.143038 -0.021268
vt 0.170056 -0.038792
vt 0.177417 -0.022671
vt 0.159484 0.008861
vt 0.143038 -0.021268
vt 0.170056 -0.038792
vt 0.158338 -0.052086
vt 0.122234 -0.048570
vt 0.122234 -0.048570
vt 0.158338 -0.052086
vt 0.170056 -0.038792
vt 0.143038 -0.021268
vt -0.022671 0.303612
vt -0.046667 0.310244
vt -0.049306 0.302677
vt -0.038792 0.296045
vt -0.038792 0.296045
vt -0.049306 0.302677
vt -0.046667 0.310244
vt -0.022671 0.303612
vt 0.170056 0.296045
vt 0.186267 0.302677
vt 0.183293 0.310244
vt 0.158338 0.303612
vt 0.158338 0.303612
vt 0.183293 0.310244
vt 0.186267 0.302677
vt 0.170056 0.296045
vt 0.062447 0.045041
vt 0.013372 0.047601
vt 0.031629 0.073083
vt 0.061376 0.047792
vt 0.061376 0.047792
vt 0.031629 0.073083
vt 0.013372 0.047601
vt 0.062447 0.045041
vt 0.061376 0.047792
vt 0.031629 0.073083
vt 0.053843 0.095201
vt 0.064263 0.047177
vt 0.064263 0.047177
vt 0.053843 0.095201
vt 0.031629 0.073083
vt 0.061376 0.047792
vt 0.013372 0.047601
vt -0.031998 0.074611
vt -0.008034 0.106806
vt 0.031629 0.073083
vt 0.031629 0.073083
vt -0.008034 0.106806
vt -0.031998 0.074611
vt 0.013372 0.047601
vt 0.031629 0.073083
vt -0.008034 0.106806
vt 0.019888 0.135636
vt 0.053843 0.095201
vt 0.053843 0.095201
vt 0.019888 0.135636
vt -0.008034 0.106806
vt 0.031629 0.073083
vt -0.031998 0.074611
vt -0.070296 0.116636
vt -0.051001 0.143338
vt -0.008034 0.106806
vt -0.008034 0.106806
vt -0.051001 0.143338
vt -0.070296 0.116636
vt -0.031998 0.074611
vt -0.008034 0.106806
vt -0.051001 0.143338
vt -0.027749 0.166677
vt 0.019888 0.135636
vt 0.019888 0.135636
vt -0.027749 0.166677
vt -0.051001 0.143338
vt -0.008034 0.106806
vt -0.070296 0.116636
vt -0.092971 0.156943
vt -0.084053 0.171440
vt -0.051001 0.143338
vt -0.051001 0.143338
vt -0.084053 0.171440
vt -0.092971 0.156943
vt -0.070296 0.116636
vt -0.051001 0.143338
vt -0.084053 0.171440
vt -0.071179 0.182574
vt -0.027749 0.166677
vt -0.027749 0.166677
vt -0.071179 0.182574
vt -0.084053 0.171440
vt -0.051001 0.143338
vt 0.156943 0.393284
vt 0.185551 0.402219
vt 0.188302 0.394652
vt 0.171440 0.385718
vt 0.171440 0.385718
vt 0.188302 0.394652
vt 0.185551 0.402219
vt 0.156943 0.393284
vt -0.084053 0.385718
vt -0.103885 0.394652
vt -0.100998 0.402219
vt -0.071179 0.393284
vt -0.071179 0.393284
vt -0.100998 0.402219
vt -0.103885 0.394652
vt -0.084053 0.385718
vt 0.041595 0.064500
vt 0.094537 0.074494
vt 0.075525 0.040409
vt 0.042823 0.061620
vt 0.042823 0.061620
vt 0.075525 0.040409
vt 0.094537 0.074494
vt 0.041595 0.064500
vt 0.042823 0.061620
vt 0.075525 0.040409
vt 0.052155 0.009151
vt 0.039693 0.061567
vt 0.039693 0.061567
vt 0.052155 0.009151
vt 0.075525 0.040409
vt 0.042823 0.061620
vt 0.094537 0.074494
vt 0.144117 0.055429
vt 0.119128 0.012129
vt 0.075525 0.040409
vt 0.075525 0.040409
vt 0.119128 0.012129
vt 0.144117 0.055429
vt 0.094537 0.074494
vt 0.075525 0.040409
vt 0.119128 0.012129
vt 0.089781 -0.028345
vt 0.052155 0.009151
vt 0.052155 0.009151
vt 0.089781 -0.028345
vt 0.119128 0.012129
vt 0.075525 0.040409
vt 0.144117 0.055429
vt 0.186463 0.017251
vt 0.166364 -0.018509
vt 0.119128 0.012129
vt 0.119128 0.012129
vt 0.166364 -0.018509
vt 0.186463 0.017251
vt 0.144117 0.055429
vt 0.119128 0.012129
vt 0.166364 -0.018509
vt 0.141907 -0.051443
vt 0.089781 -0.028345
vt 0.089781 -0.028345
vt 0.141907 -0.051443
vt 0.166364 -0.018509
vt 0.119128 0.012129
vt 0.186463 0.017251
vt 0.211931 -0.023071
vt 0.202700 -0.042077
vt 0.166364 -0.018509
vt 0.166364 -0.018509
vt 0.202700 -0.042077
vt 0.211931 -0.023071
vt 0.186463 0.017251
vt 0.166364 -0.018509
vt 0.202700 -0.042077
vt 0.189110 -0.058256
vt 0.141907 -0.051443
vt 0.141907 -0.051443
vt 0.189110 -0.058256
vt 0.202700 -0.042077
vt 0.166364 -0.018509
vt 0.211931 -0.023071
vt 0.223273 -0.053338
vt 0.224501 -0.056217
vt 0.202700 -0.042077
vt 0.202700 -0.042077
vt 0.224501 -0.056217
vt 0.223273 -0.053338
vt 0.211931 -0.023071
vt 0.202700 0.385669
vt 0.224501 0.394588
vt 0.221371 0.402155
vt 0.189110 0.393236
vt 0.189110 0.393236
vt 0.221371 0.402155
vt 0.224501 0.394588
vt 0.202700 0.385669
vt 0.059800 0.080928
vt 0.014371 0.088103
vt 0.040646 0.110054
vt 0.059634 0.083775
vt 0.059634 0.083775
vt 0.040646 0.110054
vt 0.014371 0.088103
vt 0.059800 0.080928
vt 0.059634 0.083775
vt 0.040646 0.110054
vt 0.069737 0.128108
vt 0.062285 0.082723
vt 0.062285 0.082723
vt 0.069737 0.128108
vt 0.040646 0.110054
vt 0.059634 0.083775
vt 0.014371 0.088103
vt -0.018755 0.117500
vt 0.015328 0.145094
vt 0.040646 0.110054
vt 0.040646 0.110054
vt 0.015328 0.145094
vt -0.018755 0.117500
vt 0.014371 0.088103
vt 0.040646 0.110054
vt 0.015328 0.145094
vt 0.052227 0.168789
vt 0.069737 0.128108
vt 0.069737 0.128108
vt 0.052227 0.168789
vt 0.015328 0.145094
vt 0.040646 0.110054
vt -0.018755 0.117500
vt -0.039795 0.160076
vt -0.012100 0.183053
vt 0.015328 0.145094
vt 0.015328 0.145094
vt -0.012100 0.183053
vt -0.039795 0.160076
vt -0.018755 0.117500
vt 0.015328 0.145094
vt -0.012100 0.183053
vt 0.018411 0.202132
vt 0.052227 0.168789
vt 0.052227 0.168789
vt 0.018411 0.202132
vt -0.012100 0.183053
vt 0.015328 0.145094
vt -0.039795 0.160076
vt -0.046696 0.199533
vt -0.033199 0.212253
vt -0.012100 0.183053
vt -0.012100 0.183053
vt -0.033199 0.212253
vt -0.046696 0.199533
vt -0.039795 0.160076
vt -0.012100 0.183053
vt -0.033199 0.212253
vt -0.016884 0.221074
vt 0.018411 0.202132
vt 0.018411 0.202132
vt -0.016884 0.221074
vt -0.033199 0.212253
vt -0.012100 0.183053
vt 0.199533 0.469008
vt 0.226926 0.475821
vt 0.229773 0.468191
vt 0.212253 0.461378
vt 0.212253 0.461378
vt 0.229773 0.468191
vt 0.226926 0.475821
vt 0.199533 0.469008
vt -0.033199 0.461378
vt -0.045858 0.468191
vt -0.043207 0.475821
vt -0.016884 0.469008
vt -0.016884 0.469008
vt -0.043207 0.475821
vt -0.045858 0.468191
vt -0.033199 0.461378
vt 0.050558 0.091503
vt 0.100053 0.093302
vt 0.081724 0.065594
vt 0.051555 0.088857
vt 0.051555 0.088857
vt 0.081724 0.065594
vt 0.100053 0.093302
vt 0.050558 0.091503
vt 0.051555 0.088857
vt 0.081724 0.065594
vt 0.059587 0.040823
vt 0.048743 0.089148
vt 0.048743 0.089148
vt 0.059587 0.040823
vt 0.081724 0.065594
vt 0.051555 0.088857
vt 0.100053 0.093302
vt 0.145985 0.069685
vt 0.121950 0.034576
vt 0.081724 0.065594
vt 0.081724 0.065594
vt 0.121950 0.034576
vt 0.145985 0.069685
vt 0.100053 0.093302
vt 0.081724 0.065594
vt 0.121950 0.034576
vt 0.094106 0.002404
vt 0.059587 0.040823
vt 0.059587 0.040823
vt 0.094106 0.002404
vt 0.121950 0.034576
vt 0.081724 0.065594
vt 0.145985 0.069685
vt 0.184894 0.030027
vt 0.165528 0.000973
vt 0.121950 0.034576
vt 0.121950 0.034576
vt 0.165528 0.000973
vt 0.184894 0.030027
vt 0.145985 0.069685
vt 0.121950 0.034576
vt 0.165528 0.000973
vt 0.142353 -0.025143
vt 0.094106 0.002404
vt 0.094106 0.002404
vt 0.142353 -0.025143
vt 0.165528 0.000973
vt 0.121950 0.034576
vt 0.184894 0.030027
vt 0.208040 -0.009277
vt 0.199050 -0.024875
vt 0.165528 0.000973
vt 0.165528 0.000973
vt 0.199050 -0.024875
vt 0.208040 -0.009277
vt 0.184894 0.030027
vt 0.165528 0.000973
vt 0.199050 -0.024875
vt 0.186250 -0.037535
vt 0.142353 -0.025143
vt 0.142353 -0.025143
vt 0.186250 -0.037535
vt 0.199050 -0.024875
vt 0.165528 0.000973
vt -0.009277 0.472784
vt -0.037738 0.480790
vt -0.040384 0.473160
vt -0.024875 0.465155
vt -0.024875 0.465155
vt -0.040384 0.473160
vt -0.037738 0.480790
vt -0.009277 0.472784
vt 0.199050 0.465155
vt 0.219162 0.473160
vt 0.216350 0.480790
vt 0.186250 0.472784
vt 0.186250 0.472784
vt 0.216350 0.480790
vt 0.219162 0.473160
vt 0.199050 0.465155
vt 0.087972 0.102754
vt 0.037495 0.112452
vt 0.065987 0.136007
vt 0.087905 0.105673
vt 0.087905 0.105673
vt 0.065987 0.136007
vt 0.037495 0.112452
vt 0.087972 0.102754
vt 0.087905 0.105673
vt 0.065987 0.136007
vt 0.097296 0.155662
vt 0.090655 0.104693
vt 0.090655 0.104693
vt 0.097296 0.155662
vt 0.065987 0.136007
vt 0.087905 0.105673
vt 0.037495 0.112452
vt -0.000163 0.146804
vt 0.036763 0.176452
vt 0.065987 0.136007
vt 0.065987 0.136007
vt 0.036763 0.176452
vt -0.000163 0.146804
vt 0.037495 0.112452
vt 0.065987 0.136007
vt 0.036763 0.176452
vt 0.076505 0.202201
vt 0.097296 0.155662
vt 0.097296 0.155662
vt 0.076505 0.202201
vt 0.036763 0.176452
vt 0.065987 0.136007
vt -0.000163 0.146804
vt -0.024922 0.195606
vt 0.005103 0.220268
vt 0.036763 0.176452
vt 0.036763 0.176452
vt 0.005103 0.220268
vt -0.024922 0.195606
vt -0.000163 0.146804
vt 0.036763 0.176452
vt 0.005103 0.220268
vt 0.037946 0.241031
vt 0.076505 0.202201
vt 0.076505 0.202201
vt 0.037946 0.241031
vt 0.005103 0.220268
vt 0.036763 0.176452
vt -0.024922 0.195606
vt -0.033942 0.240389
vt -0.019250 0.253972
vt 0.005103 0.220268
vt 0.005103 0.220268
vt -0.019250 0.253972
vt -0.033942 0.240389
vt -0.024922 0.195606
vt 0.005103 0.220268
vt -0.019250 0.253972
vt -0.001741 0.263656
vt 0.037946 0.241031
vt 0.037946 0.241031
vt -0.001741 0.263656
vt -0.019250 0.253972
vt 0.005103 0.220268
vt 0.240389 0.554717
vt 0.271276 0.562581
vt 0.274195 0.554951
vt 0.253972 0.547087
vt 0.253972 0.547087
vt 0.274195 0.554951
vt 0.271276 0.562581
vt 0.240389 0.554717
vt -0.019250 0.547087
vt -0.033862 0.554951
vt -0.031112 0.562581
vt -0.001741 0.554717
vt -0.001741 0.554717
vt -0.031112 0.562581
vt -0.033862 0.554951
vt -0.019250 0.547087
vt 0.092557 0.104026
vt 0.136902 0.105313
vt 0.120843 0.080548
vt 0.093656 0.101512
vt 0.093656 0.101512
vt 0.120843 0.080548
vt 0.136902 0.105313
vt 0.092557 0.104026
vt 0.093656 0.101512
vt 0.120843 0.080548
vt 0.100976 0.058720
vt 0.090945 0.101935
vt 0.090945 0.101935
vt 0.100976 0.058720
vt 0.120843 0.080548
vt 0.093656 0.101512
vt 0.136902 0.105313
vt 0.178219 0.083931
vt 0.157094 0.052596
vt 0.120843 0.080548
vt 0.120843 0.080548
vt 0.157094 0.052596
vt 0.178219 0.083931
vt 0.136902 0.105313
vt 0.120843 0.080548
vt 0.157094 0.052596
vt 0.132159 0.024197
vt 0.100976 0.058720
vt 0.100976 0.058720
vt 0.132159 0.024197
vt 0.157094 0.052596
vt 0.120843 0.080548
vt 0.178219 0.083931
vt 0.213345 0.048273
vt 0.196365 0.022314
vt 0.157094 0.052596
vt 0.157094 0.052596
vt 0.196365 0.022314
vt 0.213345 0.048273
vt 0.178219 0.083931
vt 0.157094 0.052596
vt 0.196365 0.022314
vt 0.175576 -0.000708
vt 0.132159 0.024197
vt 0.132159 0.024197
vt 0.175576 -0.000708
vt 0.196365 0.022314
vt 0.157094 0.052596
vt 0.213345 0.048273
vt 0.234342 0.013033
vt 0.226574 -0.000980
vt 0.196365 0.022314
vt 0.196365 0.022314
vt 0.226574 -0.000980
vt 0.234342 0.013033
vt 0.213345 0.048273
vt 0.196365 0.022314
vt 0.226574 -0.000980
vt 0.214997 -0.012055
vt 0.175576 -0.000708
vt 0.175576 -0.000708
vt 0.214997 -0.012055
vt 0.226574 -0.000980
vt 0.196365 0.022314
vt 0.013033 0.552660
vt -0.012442 0.559874
vt -0.014956 0.552244
vt -0.000980 0.545030
vt -0.000980 0.545030
vt -0.014956 0.552244
vt -0.012442 0.559874
vt 0.013033 0.552660
vt 0.226574 0.545030
vt 0.244699 0.552244
vt 0.241988 0.559874
vt 0.214997 0.552660
vt 0.214997 0.552660
vt 0.241988 0.559874
vt 0.244699 0.552244
vt 0.226574 0.545030
vt 0.131935 0.634603
vt 0.120441 0.661603
vt 0.146950 0.658286
vt 0.138117 0.631286
vt 0.138117 0.631286
vt 0.146950 0.658286
vt 0.120441 0.661603
vt 0.131935 0.634603
vt 0.146744 0.631286
vt 0.155307 0.658286
vt 0.128284 0.661603
vt 0.140692 0.634603
vt 0.140692 0.634603
vt 0.128284 0.661603
vt 0.155307 0.658286
vt 0.146744 0.631286
vt 0.120441 0.661603
vt 0.126216 0.697604
vt 0.158729 0.694287
vt 0.146950 0.658286
vt 0.146950 0.658286
vt 0.158729 0.694287
vt 0.126216 0.697604
vt 0.120441 0.661603
vt 0.155307 0.658286
vt 0.166724 0.694287
vt 0.133508 0.697604
vt 0.128284 0.661603
vt 0.128284 0.661603
vt 0.133508 0.697604
vt 0.166724 0.694287
vt 0.155307 0.658286
vt 0.126216 0.697604
vt 0.143887 0.736604
vt 0.171488 0.733287
vt 0.158729 0.694287
vt 0.158729 0.694287
vt 0.171488 0.733287
vt 0.143887 0.736604
vt 0.126216 0.697604
vt 0.166724 0.694287
vt 0.179092 0.733287
vt 0.150943 0.736604
vt 0.133508 0.697604
vt 0.133508 0.697604
vt 0.150943 0.736604
vt 0.179092 0.733287
vt 0.166724 0.694287
vt 0.143887 0.736604
vt 0.164616 0.766605
vt 0.181303 0.763288
vt 0.171488 0.733287
vt 0.171488 0.733287
vt 0.181303 0.763288
vt 0.164616 0.766605
vt 0.143887 0.736604
vt 0.179092 0.733287
vt 0.188606 0.763288
vt 0.171716 0.766605
vt 0.150943 0.736604
vt 0.150943 0.736604
vt 0.171716 0.766605
vt 0.188606 0.763288
vt 0.179092 0.733287
vt 0.164616 0.766605
vt 0.181010 0.784605
vt 0.187192 0.781288
vt 0.181303 0.763288
vt 0.181303 0.763288
vt 0.187192 0.781288
vt 0.181010 0.784605
vt 0.164616 0.766605
vt 0.188606 0.763288
vt 0.194314 0.781288
vt 0.188262 0.784605
vt 0.171716 0.766605
vt 0.171716 0.766605
vt 0.188262 0.784605
vt 0.194314 0.781288
vt 0.188606 0.763288
vt 0.047133 0.073016
vt 0.052406 0.060408
vt 0.047133 0.047804
vt 0.034406 0.042587
vt 0.021678 0.047812
vt 0.016406 0.060420
vt 0.021678 0.073024
vt 0.034406 0.078241
vt 0.035291 0.125476
vt 0.026452 0.121853
vt 0.022791 0.113101
vt 0.026452 0.104345
vt 0.035291 0.100717
vt 0.044130 0.104340
vt 0.047791 0.113093
vt 0.044130 0.121848
vt 0.034406 0.006401
vt 0.021678 0.007160
vt 0.026452 0.385027
vt 0.035291 0.384500
vt 0.073024 0.007160
vt 0.060420 0.008932
vt 0.113101 0.386258
vt 0.121853 0.385027
vt 0.060420 0.008932
vt 0.047812 0.010680
vt 0.104345 0.387471
vt 0.113101 0.386258
vt 0.021678 0.010680
vt 0.034406 0.011379
vt 0.035291 0.387957
vt 0.026452 0.387471
vt 0.034406 0.011379
vt 0.047133 0.010621
vt 0.044130 0.387431
vt 0.035291 0.387957
vt 0.047804 0.010621
vt 0.060408 0.008849
vt 0.113093 0.386200
vt 0.104340 0.387431
vt 0.060408 0.008849
vt 0.073016 0.007101
vt 0.121848 0.384986
vt 0.113093 0.386200
vt 0.047133 0.007101
vt 0.034406 0.006401
vt 0.035291 0.384500
vt 0.044130 0.384986
vt 0.041219 0.103137
vt 0.031851 0.103067
vt 0.024498 0.108872
vt 0.023467 0.117152
vt 0.029362 0.123056
vt 0.038731 0.123126
vt 0.046084 0.117321
vt 0.047115 0.109041
vt 0.096785 0.272358
vt 0.096249 0.276663
vt 0.092425 0.279682
vt 0.087554 0.279645
vt 0.084488 0.276575
vt 0.085024 0.272270
vt 0.088848 0.269251
vt 0.093719 0.269287
vt 0.109041 0.386229
vt 0.117321 0.381548
vt 0.276663 0.657040
vt 0.272358 0.659474
vt 0.046084 0.381548
vt 0.038731 0.379609
vt 0.092425 0.656032
vt 0.096249 0.657040
vt 0.038731 0.379609
vt 0.029362 0.381548
vt 0.087554 0.657040
vt 0.092425 0.656032
vt 0.123056 0.381548
vt 0.117152 0.386229
vt 0.276575 0.659474
vt 0.279645 0.657040
vt 0.117152 0.386229
vt 0.108872 0.390910
vt 0.272270 0.661908
vt 0.276575 0.659474
vt 0.108872 0.390910
vt 0.103067 0.392849
vt 0.269251 0.662916
vt 0.272270 0.661908
vt 0.031851 0.392849
vt 0.041219 0.390910
vt 0.093719 0.661908
vt 0.088848 0.662916
vt 0.103137 0.390910
vt 0.109041 0.386229
vt 0.272358 0.659474
vt 0.269287 0.661908
vt 0.023107 0.092676
vt -0.010765 0.058054
vt -0.010871 0.096623
vt 0.020608 0.094569
vt 0.020608 0.094569
vt -0.010871 0.096623
vt -0.010765 0.058054
vt 0.023107 0.092676
vt 0.020608 0.094569
vt -0.010871 0.096623
vt -0.005753 0.134852
vt 0.023332 0.096122
vt 0.023332 0.096122
vt -0.005753 0.134852
vt -0.010871 0.096623
vt 0.020608 0.094569
vt -0.010765 0.058054
vt -0.053443 0.049962
vt -0.052843 0.099362
vt -0.010871 0.096623
vt -0.010871 0.096623
vt -0.052843 0.099362
vt -0.053443 0.049962
vt -0.010765 0.058054
vt -0.010871 0.096623
vt -0.052843 0.099362
vt -0.047018 0.148421
vt -0.005753 0.134852
vt -0.005753 0.134852
vt -0.047018 0.148421
vt -0.052843 0.099362
vt -0.010871 0.096623
vt -0.053443 0.049962
vt -0.098334 0.061791
vt -0.098312 0.102329
vt -0.052843 0.099362
vt -0.052843 0.099362
vt -0.098312 0.102329
vt -0.098334 0.061791
vt -0.053443 0.049962
vt -0.052843 0.099362
vt -0.098312 0.102329
vt -0.093066 0.142527
vt -0.047018 0.148421
vt -0.047018 0.148421
vt -0.093066 0.142527
vt -0.098312 0.102329
vt -0.052843 0.099362
vt -0.098334 0.061791
vt -0.132026 0.083765
vt -0.133288 0.104612
vt -0.098312 0.102329
vt -0.098312 0.102329
vt -0.133288 0.104612
vt -0.132026 0.083765
vt -0.098334 0.061791
vt -0.098312 0.102329
vt -0.133288 0.104612
vt -0.129327 0.125118
vt -0.093066 0.142527
vt -0.093066 0.142527
vt -0.129327 0.125118
vt -0.133288 0.104612
vt -0.098312 0.102329
vt -0.132026 0.083765
vt -0.151775 0.104088
vt -0.154274 0.105981
vt -0.133288 0.104612
vt -0.133288 0.104612
vt -0.154274 0.105981
vt -0.151775 0.104088
vt -0.132026 0.083765
vt -0.133288 0.104612
vt -0.154274 0.105981
vt -0.151550 0.107534
vt -0.129327 0.125118
vt -0.129327 0.125118
vt -0.151550 0.107534
vt -0.154274 0.105981
vt -0.133288 0.104612
vt 0.026439 0.094663
vt 0.064197 0.122925
vt 0.067707 0.094694
vt 0.029096 0.093475
vt 0.029096 0.093475
vt 0.067707 0.094694
vt 0.064197 0.122925
vt 0.026439 0.094663
vt 0.029096 0.093475
vt 0.067707 0.094694
vt 0.065985 0.066297
vt 0.026520 0.092122
vt 0.026520 0.092122
vt 0.065985 0.066297
vt 0.067707 0.094694
vt 0.029096 0.093475
vt 0.064197 0.122925
vt 0.115427 0.132537
vt 0.119189 0.096320
vt 0.067707 0.094694
vt 0.067707 0.094694
vt 0.119189 0.096320
vt 0.115427 0.132537
vt 0.064197 0.122925
vt 0.067707 0.094694
vt 0.119189 0.096320
vt 0.117719 0.059937
vt 0.065985 0.066297
vt 0.065985 0.066297
vt 0.117719 0.059937
vt 0.119189 0.096320
vt 0.067707 0.094694
vt 0.115427 0.132537
vt 0.171406 0.127764
vt 0.174962 0.098081
vt 0.119189 0.096320
vt 0.119189 0.096320
vt 0.174962 0.098081
vt 0.171406 0.127764
vt 0.115427 0.132537
vt 0.119189 0.096320
vt 0.174962 0.098081
vt 0.173285 0.068232
vt 0.117719 0.059937
vt 0.117719 0.059937
vt 0.173285 0.068232
vt 0.174962 0.098081
vt 0.119189 0.096320
vt 0.171406 0.127764
vt 0.214766 0.114599
vt 0.217863 0.099435
vt 0.174962 0.098081
vt 0.174962 0.098081
vt 0.217863 0.099435
vt 0.214766 0.114599
vt 0.171406 0.127764
vt 0.174962 0.098081
vt 0.217863 0.099435
vt 0.215729 0.084107
vt 0.173285 0.068232
vt 0.173285 0.068232
vt 0.215729 0.084107
vt 0.217863 0.099435
vt 0.174962 0.098081
vt 0.214766 0.317932
vt 0.240948 0.326849
vt 0.243605 0.319289
vt 0.217863 0.310372
vt 0.217863 0.310372
vt 0.243605 0.319289
vt 0.240948 0.326849
vt 0.214766 0.317932
vt 0.217863 0.310372
vt 0.243605 0.319289
vt 0.241029 0.326849
vt 0.215729 0.317932
vt 0.215729 0.317932
vt 0.241029 0.326849
vt 0.243605 0.319289
vt 0.217863 0.310372
vt 0.027639 0.104426
vt -0.007093 0.073304
vt -0.007433 0.108284
vt 0.025129 0.106159
vt 0.025129 0.106159
vt -0.007433 0.108284
vt -0.007093 0.073304
vt 0.027639 0.104426
vt 0.025129 0.106159
vt -0.007433 0.108284
vt -0.002549 0.142922
vt 0.027843 0.107550
vt 0.027843 0.107550
vt -0.002549 0.142922
vt -0.007433 0.108284
vt 0.025129 0.106159
vt -0.007093 0.073304
vt -0.051150 0.066319
vt -0.050849 0.111117
vt -0.007433 0.108284
vt -0.007433 0.108284
vt -0.050849 0.111117
vt -0.051150 0.066319
vt -0.007093 0.073304
vt -0.007433 0.108284
vt -0.050849 0.111117
vt -0.045325 0.155574
vt -0.002549 0.142922
vt -0.002549 0.142922
vt -0.045325 0.155574
vt -0.050849 0.111117
vt -0.007433 0.108284
vt -0.051150 0.066319
vt -0.097660 0.077421
vt -0.097884 0.114186
vt -0.050849 0.111117
vt -0.050849 0.111117
vt -0.097884 0.114186
vt -0.097660 0.077421
vt -0.051150 0.066319
vt -0.050849 0.111117
vt -0.097884 0.114186
vt -0.092884 0.150610
vt -0.045325 0.155574
vt -0.045325 0.155574
vt -0.092884 0.150610
vt -0.097884 0.114186
vt -0.050849 0.111117
vt -0.097660 0.077421
vt -0.132675 0.097633
vt -0.134064 0.116547
vt -0.097884 0.114186
vt -0.097884 0.114186
vt -0.134064 0.116547
vt -0.132675 0.097633
vt -0.097660 0.077421
vt -0.097884 0.114186
vt -0.134064 0.116547
vt -0.130229 0.135120
vt -0.092884 0.150610
vt -0.092884 0.150610
vt -0.130229 0.135120
vt -0.134064 0.116547
vt -0.097884 0.114186
vt -0.132675 0.097633
vt -0.153262 0.116231
vt -0.155772 0.117964
vt -0.134064 0.116547
vt -0.134064 0.116547
vt -0.155772 0.117964
vt -0.153262 0.116231
vt -0.132675 0.097633
vt -0.134064 0.116547
vt -0.155772 0.117964
vt -0.153058 0.119355
vt -0.130229 0.135120
vt -0.130229 0.135120
vt -0.153058 0.119355
vt -0.155772 0.117964
vt -0.134064 0.116547
vt 0.049200 0.106957
vt 0.081012 0.136593
vt 0.084573 0.106729
vt 0.051859 0.105696
vt 0.051859 0.105696
vt 0.084573 0.106729
vt 0.081012 0.136593
vt 0.049200 0.106957
vt 0.051859 0.105696
vt 0.084573 0.106729
vt 0.082903 0.076700
vt 0.049285 0.104270
vt 0.049285 0.104270
vt 0.082903 0.076700
vt 0.084573 0.106729
vt 0.051859 0.105696
vt 0.081012 0.136593
vt 0.124365 0.146417
vt 0.128193 0.108107
vt 0.084573 0.106729
vt 0.084573 0.106729
vt 0.128193 0.108107
vt 0.124365 0.146417
vt 0.081012 0.136593
vt 0.084573 0.106729
vt 0.128193 0.108107
vt 0.126789 0.069631
vt 0.082903 0.076700
vt 0.082903 0.076700
vt 0.126789 0.069631
vt 0.128193 0.108107
vt 0.084573 0.106729
vt 0.124365 0.146417
vt 0.171837 0.140998
vt 0.175447 0.109599
vt 0.128193 0.108107
vt 0.128193 0.108107
vt 0.175447 0.109599
vt 0.171837 0.140998
vt 0.124365 0.146417
vt 0.128193 0.108107
vt 0.175447 0.109599
vt 0.173825 0.078034
vt 0.126789 0.069631
vt 0.126789 0.069631
vt 0.173825 0.078034
vt 0.175447 0.109599
vt 0.128193 0.108107
vt 0.171837 0.140998
vt 0.208672 0.126789
vt 0.211797 0.110746
vt 0.175447 0.109599
vt 0.175447 0.109599
vt 0.211797 0.110746
vt 0.208672 0.126789
vt 0.171837 0.140998
vt 0.175447 0.109599
vt 0.211797 0.110746
vt 0.209690 0.094539
vt 0.173825 0.078034
vt 0.173825 0.078034
vt 0.209690 0.094539
vt 0.211797 0.110746
vt 0.175447 0.109599
vt 0.208672 0.398195
vt 0.230948 0.405750
vt 0.233607 0.398191
vt 0.211797 0.390636
vt 0.211797 0.390636
vt 0.233607 0.398191
vt 0.230948 0.405750
vt 0.208672 0.398195
vt 0.211797 0.390636
vt 0.233607 0.398191
vt 0.231033 0.405750
vt 0.209690 0.398195
vt 0.209690 0.398195
vt 0.231033 0.405750
vt 0.233607 0.398191
vt 0.211797 0.390636
vt 0.056991 0.127877
vt 0.011559 0.118887
vt 0.025120 0.147485
vt 0.055735 0.130213
vt 0.055735 0.130213
vt 0.025120 0.147485
vt 0.011559 0.118887
vt 0.056991 0.127877
vt 0.055735 0.130213
vt 0.025120 0.147485
vt 0.042587 0.173881
vt 0.058383 0.130345
vt 0.058383 0.130345
vt 0.042587 0.173881
vt 0.025120 0.147485
vt 0.055735 0.130213
vt 0.011559 0.118887
vt -0.033636 0.134161
vt -0.015699 0.170516
vt 0.025120 0.147485
vt 0.025120 0.147485
vt -0.015699 0.170516
vt -0.033636 0.134161
vt 0.011559 0.118887
vt 0.025120 0.147485
vt -0.015699 0.170516
vt 0.006143 0.204667
vt 0.042587 0.173881
vt 0.042587 0.173881
vt 0.006143 0.204667
vt -0.015699 0.170516
vt 0.025120 0.147485
vt -0.033636 0.134161
vt -0.074277 0.165456
vt -0.059920 0.195465
vt -0.015699 0.170516
vt -0.015699 0.170516
vt -0.059920 0.195465
vt -0.074277 0.165456
vt -0.033636 0.134161
vt -0.015699 0.170516
vt -0.059920 0.195465
vt -0.041658 0.223271
vt 0.006143 0.204667
vt 0.006143 0.204667
vt -0.041658 0.223271
vt -0.059920 0.195465
vt -0.015699 0.170516
vt -0.074277 0.165456
vt -0.100337 0.198749
vt -0.093936 0.214657
vt -0.059920 0.195465
vt -0.059920 0.195465
vt -0.093936 0.214657
vt -0.100337 0.198749
vt -0.074277 0.165456
vt -0.059920 0.195465
vt -0.093936 0.214657
vt -0.083630 0.228362
vt -0.041658 0.223271
vt -0.041658 0.223271
vt -0.083630 0.228362
vt -0.093936 0.214657
vt -0.059920 0.195465
vt 0.198749 0.480629
vt 0.223837 0.487470
vt 0.226172 0.479790
vt 0.214657 0.472950
vt 0.214657 0.472950
vt 0.226172 0.479790
vt 0.223837 0.487470
vt 0.198749 0.480629
vt -0.093936 0.472950
vt -0.114346 0.479790
vt -0.111697 0.487470
vt -0.083630 0.480629
vt -0.083630 0.480629
vt -0.111697 0.487470
vt -0.114346 0.479790
vt -0.093936 0.472950
vt 0.052714 0.133560
vt 0.089557 0.158579
vt 0.087147 0.127025
vt 0.054724 0.131830
vt 0.054724 0.131830
vt 0.087147 0.127025
vt 0.089557 0.158579
vt 0.052714 0.133560
vt 0.054724 0.131830
vt 0.087147 0.127025
vt 0.080302 0.096128
vt 0.052299 0.130757
vt 0.052299 0.130757
vt 0.080302 0.096128
vt 0.087147 0.127025
vt 0.054724 0.131830
vt 0.089557 0.158579
vt 0.134093 0.160979
vt 0.130378 0.120618
vt 0.087147 0.127025
vt 0.087147 0.127025
vt 0.130378 0.120618
vt 0.134093 0.160979
vt 0.089557 0.158579
vt 0.087147 0.127025
vt 0.130378 0.120618
vt 0.122228 0.080915
vt 0.080302 0.096128
vt 0.080302 0.096128
vt 0.122228 0.080915
vt 0.130378 0.120618
vt 0.087147 0.127025
vt 0.134093 0.160979
vt 0.179858 0.146833
vt 0.177211 0.113678
vt 0.130378 0.120618
vt 0.130378 0.120618
vt 0.177211 0.113678
vt 0.179858 0.146833
vt 0.134093 0.160979
vt 0.130378 0.120618
vt 0.177211 0.113678
vt 0.170129 0.081180
vt 0.122228 0.080915
vt 0.122228 0.080915
vt 0.170129 0.081180
vt 0.177211 0.113678
vt 0.130378 0.120618
vt 0.179858 0.146833
vt 0.213511 0.125481
vt 0.213237 0.108339
vt 0.177211 0.113678
vt 0.177211 0.113678
vt 0.213237 0.108339
vt 0.213511 0.125481
vt 0.179858 0.146833
vt 0.177211 0.113678
vt 0.213237 0.108339
vt 0.208527 0.091854
vt 0.170129 0.081180
vt 0.170129 0.081180
vt 0.208527 0.091854
vt 0.213237 0.108339
vt 0.177211 0.113678
vt 0.213511 0.125481
vt 0.232842 0.106865
vt 0.234852 0.105136
vt 0.213237 0.108339
vt 0.213237 0.108339
vt 0.234852 0.105136
vt 0.232842 0.106865
vt 0.213511 0.125481
vt 0.213237 0.471487
vt 0.234852 0.477865
vt 0.232427 0.485545
vt 0.208527 0.479166
vt 0.208527 0.479166
vt 0.232427 0.485545
vt 0.234852 0.477865
vt 0.213237 0.471487
vt 0.047823 0.187724
vt 0.001639 0.173075
vt 0.017926 0.206504
vt 0.046689 0.190276
vt 0.046689 0.190276
vt 0.017926 0.206504
vt 0.001639 0.173075
vt 0.047823 0.187724
vt 0.046689 0.190276
vt 0.017926 0.206504
vt 0.038118 0.237730
vt 0.049460 0.190625
vt 0.049460 0.190625
vt 0.038118 0.237730
vt 0.017926 0.206504
vt 0.046689 0.190276
vt 0.001639 0.173075
vt -0.041856 0.185595
vt -0.020425 0.228142
vt 0.017926 0.206504
vt 0.017926 0.206504
vt -0.020425 0.228142
vt -0.041856 0.185595
vt 0.001639 0.173075
vt 0.017926 0.206504
vt -0.020425 0.228142
vt 0.004911 0.268485
vt 0.038118 0.237730
vt 0.038118 0.237730
vt 0.004911 0.268485
vt -0.020425 0.228142
vt 0.017926 0.206504
vt -0.041856 0.185595
vt -0.079193 0.216496
vt -0.061971 0.251582
vt -0.020425 0.228142
vt -0.020425 0.228142
vt -0.061971 0.251582
vt -0.079193 0.216496
vt -0.041856 0.185595
vt -0.020425 0.228142
vt -0.061971 0.251582
vt -0.040844 0.284466
vt 0.004911 0.268485
vt 0.004911 0.268485
vt -0.040844 0.284466
vt -0.061971 0.251582
vt -0.020425 0.228142
vt -0.079193 0.216496
vt -0.101799 0.251105
vt -0.093930 0.269614
vt -0.061971 0.251582
vt -0.061971 0.251582
vt -0.093930 0.269614
vt -0.101799 0.251105
vt -0.079193 0.216496
vt -0.061971 0.251582
vt -0.093930 0.269614
vt -0.082156 0.285919
vt -0.040844 0.284466
vt -0.040844 0.284466
vt -0.082156 0.285919
vt -0.093930 0.269614
vt -0.061971 0.251582
vt -0.101799 0.251105
vt -0.111971 0.277880
vt -0.113105 0.280432
vt -0.093930 0.269614
vt -0.093930 0.269614
vt -0.113105 0.280432
vt -0.111971 0.277880
vt -0.101799 0.251105
vt -0.093930 0.556215
vt -0.113105 0.562642
vt -0.110334 0.570322
vt -0.082156 0.563895
vt -0.082156 0.563895
vt -0.110334 0.570322
vt -0.113105 0.562642
vt -0.093930 0.556215
vt 0.047915 0.188542
vt 0.090632 0.218141
vt 0.087395 0.181003
vt 0.049888 0.186561
vt 0.049888 0.186561
vt 0.087395 0.181003
vt 0.090632 0.218141
vt 0.047915 0.188542
vt 0.049888 0.186561
vt 0.087395 0.181003
vt 0.079722 0.144522
vt 0.047426 0.185238
vt 0.047426 0.185238
vt 0.079722 0.144522
vt 0.087395 0.181003
vt 0.049888 0.186561
vt 0.090632 0.218141
vt 0.142180 0.221112
vt 0.137404 0.173592
vt 0.087395 0.181003
vt 0.087395 0.181003
vt 0.137404 0.173592
vt 0.142180 0.221112
vt 0.090632 0.218141
vt 0.087395 0.181003
vt 0.137404 0.173592
vt 0.128192 0.126729
vt 0.079722 0.144522
vt 0.079722 0.144522
vt 0.128192 0.126729
vt 0.137404 0.173592
vt 0.087395 0.181003
vt 0.142180 0.221112
vt 0.195097 0.204589
vt 0.191580 0.165563
vt 0.137404 0.173592
vt 0.137404 0.173592
vt 0.191580 0.165563
vt 0.195097 0.204589
vt 0.142180 0.221112
vt 0.137404 0.173592
vt 0.191580 0.165563
vt 0.183628 0.127195
vt 0.128192 0.126729
vt 0.128192 0.126729
vt 0.183628 0.127195
vt 0.191580 0.165563
vt 0.137404 0.173592
vt 0.195097 0.204589
vt 0.233974 0.179536
vt 0.233254 0.159387
vt 0.191580 0.165563
vt 0.191580 0.165563
vt 0.233254 0.159387
vt 0.233974 0.179536
vt 0.195097 0.204589
vt 0.191580 0.165563
vt 0.233254 0.159387
vt 0.228099 0.139895
vt 0.183628 0.127195
vt 0.183628 0.127195
vt 0.228099 0.139895
vt 0.233254 0.159387
vt 0.191580 0.165563
vt 0.233974 0.179536
vt 0.256285 0.157662
vt 0.258258 0.155682
vt 0.233254 0.159387
vt 0.233254 0.159387
vt 0.258258 0.155682
vt 0.256285 0.157662
vt 0.233974 0.179536
vt 0.233254 0.159387
vt 0.258258 0.155682
vt 0.255796 0.154359
vt 0.228099 0.139895
vt 0.228099 0.139895
vt 0.255796 0.154359
vt 0.258258 0.155682
vt 0.233254 0.159387
vt 0.084530 0.650800
vt 0.062354 0.676824
vt 0.093293 0.672587
vt 0.088021 0.646563
vt 0.088021 0.646563
vt 0.093293 0.672587
vt 0.062354 0.676824
vt 0.084530 0.650800
vt 0.088021 0.266842
vt 0.093293 0.282210
vt 0.119828 0.265935
vt 0.087109 0.259980
vt 0.087109 0.259980
vt 0.119828 0.265935
vt 0.093293 0.282210
vt 0.088021 0.266842
vt 0.062354 0.676824
vt 0.061276 0.711522
vt 0.100321 0.707285
vt 0.093293 0.672587
vt 0.093293 0.672587
vt 0.100321 0.707285
vt 0.061276 0.711522
vt 0.062354 0.676824
vt 0.093293 0.672587
vt 0.100321 0.707285
vt 0.134962 0.711522
vt 0.119828 0.676824
vt 0.119828 0.676824
vt 0.134962 0.711522
vt 0.100321 0.707285
vt 0.093293 0.672587
vt 0.061276 0.711522
vt 0.075522 0.749112
vt 0.107935 0.744876
vt 0.100321 0.707285
vt 0.100321 0.707285
vt 0.107935 0.744876
vt 0.075522 0.749112
vt 0.061276 0.711522
vt 0.100321 0.707285
vt 0.107935 0.744876
vt 0.135944 0.749112
vt 0.134962 0.711522
vt 0.134962 0.711522
vt 0.135944 0.749112
vt 0.107935 0.744876
vt 0.100321 0.707285
vt 0.075522 0.749112
vt 0.096116 0.778028
vt 0.113791 0.773791
vt 0.107935 0.744876
vt 0.107935 0.744876
vt 0.113791 0.773791
vt 0.096116 0.778028
vt 0.075522 0.749112
vt 0.107935 0.744876
vt 0.113791 0.773791
vt 0.127064 0.778028
vt 0.135944 0.749112
vt 0.135944 0.749112
vt 0.127064 0.778028
vt 0.113791 0.773791
vt 0.107935 0.744876
vt 0.096116 0.778028
vt 0.113815 0.795377
vt 0.117306 0.791140
vt 0.113791 0.773791
vt 0.113791 0.773791
vt 0.117306 0.791140
vt 0.113815 0.795377
vt 0.096116 0.778028
vt 0.341978 0.773791
vt 0.352224 0.791140
vt 0.345363 0.795377
vt 0.330252 0.778028
vt 0.330252 0.778028
vt 0.345363 0.795377
vt 0.352224 0.791140
vt 0.341978 0.773791
vt 0.049958 0.019758
vt 0.055131 0.007665
vt 0.049958 -0.004924
vt 0.037468 -0.010635
vt 0.024977 -0.006122
vt 0.019804 0.005971
vt 0.024977 0.018560
vt 0.037468 0.024271
vt -0.037268 0.112186
vt -0.045942 0.108220
vt -0.049535 0.099478
vt -0.045942 0.091080
vt -0.037268 0.087946
vt -0.028594 0.091912
vt -0.025002 0.100655
vt -0.028594 0.109052
vt 0.037468 0.004487
vt 0.024977 0.003402
vt -0.045942 0.374675
vt -0.037268 0.375428
vt 0.018560 0.003402
vt 0.005971 0.005532
vt 0.099478 0.376154
vt 0.108220 0.374675
vt 0.005971 0.005532
vt -0.006122 0.009629
vt 0.091080 0.378999
vt 0.099478 0.376154
vt 0.024977 0.009629
vt 0.037468 0.013294
vt -0.037268 0.381544
vt -0.045942 0.378999
vt 0.037468 0.013294
vt 0.049958 0.014378
vt -0.028594 0.382297
vt -0.037268 0.381544
vt -0.004924 0.014378
vt 0.007665 0.012248
vt 0.100655 0.380818
vt 0.091912 0.382297
vt 0.007665 0.012248
vt 0.019758 0.008151
vt 0.109052 0.377973
vt 0.100655 0.380818
vt 0.049958 0.008151
vt 0.037468 0.004487
vt -0.037268 0.375428
vt -0.028594 0.377973
vt -0.026062 0.096702
vt -0.032820 0.090180
vt -0.042183 0.089449
vt -0.048667 0.094937
vt -0.048474 0.103430
vt -0.041716 0.109952
vt -0.032353 0.110683
vt -0.025869 0.105195
vt -0.094380 0.242843
vt -0.097752 0.245697
vt -0.102621 0.245317
vt -0.106135 0.241925
vt -0.106235 0.237509
vt -0.102864 0.234655
vt -0.097995 0.235035
vt -0.094481 0.238427
vt 0.105195 0.378486
vt 0.110683 0.374085
vt 0.245697 0.643836
vt 0.242843 0.646124
vt -0.032353 0.374085
vt -0.041716 0.372263
vt -0.102621 0.642888
vt -0.097752 0.643836
vt 0.109952 0.372263
vt 0.103430 0.374085
vt 0.241925 0.643836
vt 0.245317 0.642888
vt 0.103430 0.374085
vt 0.094937 0.378486
vt 0.237509 0.646124
vt 0.241925 0.643836
vt 0.094937 0.378486
vt 0.089449 0.382886
vt 0.234655 0.648412
vt 0.237509 0.646124
vt -0.042183 0.382886
vt -0.032820 0.384709
vt -0.097995 0.649360
vt -0.102864 0.648412
vt 0.090180 0.384709
vt 0.096702 0.382886
vt 0.238427 0.648412
vt 0.235035 0.649360
vt 0.096702 0.382886
vt 0.105195 0.378486
vt 0.242843 0.646124
vt 0.238427 0.648412
vt -0.019576 0.057181
vt -0.026864 0.008798
vt -0.049752 0.039963
vt -0.022627 0.057287
vt -0.022627 0.057287
vt -0.049752 0.039963
vt -0.026864 0.008798
vt -0.019576 0.057181
vt -0.022627 0.057287
vt -0.049752 0.039963
vt -0.068401 0.073835
vt -0.021440 0.060100
vt -0.021440 0.060100
vt -0.068401 0.073835
vt -0.049752 0.039963
vt -0.022627 0.057287
vt -0.026864 0.008798
vt -0.057173 -0.023472
vt -0.085918 0.016865
vt -0.049752 0.039963
vt -0.049752 0.039963
vt -0.085918 0.016865
vt -0.057173 -0.023472
vt -0.026864 0.008798
vt -0.049752 0.039963
vt -0.085918 0.016865
vt -0.110426 0.059908
vt -0.068401 0.073835
vt -0.068401 0.073835
vt -0.110426 0.059908
vt -0.085918 0.016865
vt -0.049752 0.039963
vt -0.057173 -0.023472
vt -0.101145 -0.040991
vt -0.125098 -0.008159
vt -0.085918 0.016865
vt -0.085918 0.016865
vt -0.125098 -0.008159
vt -0.101145 -0.040991
vt -0.057173 -0.023472
vt -0.085918 0.016865
vt -0.125098 -0.008159
vt -0.144813 0.027381
vt -0.110426 0.059908
vt -0.110426 0.059908
vt -0.144813 0.027381
vt -0.125098 -0.008159
vt -0.085918 0.016865
vt -0.101145 -0.040991
vt -0.141935 -0.043564
vt -0.155237 -0.027407
vt -0.125098 -0.008159
vt -0.125098 -0.008159
vt -0.155237 -0.027407
vt -0.141935 -0.043564
vt -0.101145 -0.040991
vt -0.125098 -0.008159
vt -0.155237 -0.027407
vt -0.164301 -0.008544
vt -0.144813 0.027381
vt -0.144813 0.027381
vt -0.164301 -0.008544
vt -0.155237 -0.027407
vt -0.125098 -0.008159
vt -0.141935 0.306621
vt -0.170269 0.313725
vt -0.173320 0.306131
vt -0.155237 0.299026
vt -0.155237 0.299026
vt -0.173320 0.306131
vt -0.170269 0.313725
vt -0.141935 0.306621
vt -0.027407 0.299026
vt -0.038957 0.306131
vt -0.036144 0.313725
vt -0.008544 0.306621
vt -0.008544 0.306621
vt -0.036144 0.313725
vt -0.038957 0.306131
vt -0.027407 0.299026
vt -0.005205 0.072020
vt -0.000506 0.114796
vt 0.021221 0.096525
vt -0.002528 0.072894
vt -0.002528 0.072894
vt 0.021221 0.096525
vt -0.000506 0.114796
vt -0.005205 0.072020
vt -0.002528 0.072894
vt 0.021221 0.096525
vt 0.039384 0.074706
vt -0.003415 0.070221
vt -0.003415 0.070221
vt 0.039384 0.074706
vt 0.021221 0.096525
vt -0.002528 0.072894
vt -0.000506 0.114796
vt 0.025534 0.151957
vt 0.052887 0.128032
vt 0.021221 0.096525
vt 0.021221 0.096525
vt 0.052887 0.128032
vt 0.025534 0.151957
vt -0.000506 0.114796
vt 0.021221 0.096525
vt 0.052887 0.128032
vt 0.076674 0.100560
vt 0.039384 0.074706
vt 0.039384 0.074706
vt 0.076674 0.100560
vt 0.052887 0.128032
vt 0.021221 0.096525
vt 0.025534 0.151957
vt 0.064441 0.181464
vt 0.087191 0.162165
vt 0.052887 0.128032
vt 0.052887 0.128032
vt 0.087191 0.162165
vt 0.064441 0.181464
vt 0.025534 0.151957
vt 0.052887 0.128032
vt 0.087191 0.162165
vt 0.106376 0.139319
vt 0.076674 0.100560
vt 0.076674 0.100560
vt 0.106376 0.139319
vt 0.087191 0.162165
vt 0.052887 0.128032
vt 0.064441 0.181464
vt 0.101056 0.197441
vt 0.113578 0.188421
vt 0.087191 0.162165
vt 0.087191 0.162165
vt 0.113578 0.188421
vt 0.101056 0.197441
vt 0.064441 0.181464
vt 0.087191 0.162165
vt 0.113578 0.188421
vt 0.122535 0.175854
vt 0.106376 0.139319
vt 0.106376 0.139319
vt 0.122535 0.175854
vt 0.113578 0.188421
vt 0.087191 0.162165
vt 0.101056 0.307542
vt 0.126733 0.314937
vt 0.129411 0.307343
vt 0.113578 0.299947
vt 0.113578 0.299947
vt 0.129411 0.307343
vt 0.126733 0.314937
vt 0.101056 0.307542
vt 0.188421 0.299947
vt 0.204175 0.307343
vt 0.201502 0.314937
vt 0.175854 0.307542
vt 0.175854 0.307542
vt 0.201502 0.314937
vt 0.204175 0.307343
vt 0.188421 0.299947
vt -0.028233 0.083078
vt -0.040903 0.034943
vt -0.062040 0.063367
vt -0.031205 0.083060
vt -0.031205 0.083060
vt -0.062040 0.063367
vt -0.040903 0.034943
vt -0.028233 0.083078
vt -0.031205 0.083060
vt -0.062040 0.063367
vt -0.078939 0.094497
vt -0.029939 0.085750
vt -0.029939 0.085750
vt -0.078939 0.094497
vt -0.062040 0.063367
vt -0.031205 0.083060
vt -0.040903 0.034943
vt -0.076652 0.000287
vt -0.103153 0.037109
vt -0.062040 0.063367
vt -0.062040 0.063367
vt -0.103153 0.037109
vt -0.076652 0.000287
vt -0.040903 0.034943
vt -0.062040 0.063367
vt -0.103153 0.037109
vt -0.125415 0.076638
vt -0.078939 0.094497
vt -0.078939 0.094497
vt -0.125415 0.076638
vt -0.103153 0.037109
vt -0.062040 0.063367
vt -0.076652 0.000287
vt -0.125580 -0.021287
vt -0.147692 0.008663
vt -0.103153 0.037109
vt -0.103153 0.037109
vt -0.147692 0.008663
vt -0.125580 -0.021287
vt -0.076652 0.000287
vt -0.103153 0.037109
vt -0.147692 0.008663
vt -0.165566 0.041321
vt -0.125415 0.076638
vt -0.125415 0.076638
vt -0.165566 0.041321
vt -0.147692 0.008663
vt -0.103153 0.037109
vt -0.125580 -0.021287
vt -0.169593 -0.027898
vt -0.181953 -0.013218
vt -0.147692 0.008663
vt -0.147692 0.008663
vt -0.181953 -0.013218
vt -0.169593 -0.027898
vt -0.125580 -0.021287
vt -0.147692 0.008663
vt -0.181953 -0.013218
vt -0.190074 0.004169
vt -0.165566 0.041321
vt -0.165566 0.041321
vt -0.190074 0.004169
vt -0.181953 -0.013218
vt -0.147692 0.008663
vt -0.169593 0.392538
vt -0.199536 0.400614
vt -0.202509 0.393020
vt -0.181953 0.384944
vt -0.181953 0.384944
vt -0.202509 0.393020
vt -0.199536 0.400614
vt -0.169593 0.392538
vt -0.013218 0.384944
vt -0.026347 0.393020
vt -0.023657 0.400614
vt 0.004169 0.392538
vt 0.004169 0.392538
vt -0.023657 0.400614
vt -0.026347 0.393020
vt -0.013218 0.384944
vt -0.032202 0.084872
vt -0.032649 0.134029
vt -0.004900 0.109707
vt -0.029254 0.085474
vt -0.029254 0.085474
vt -0.004900 0.109707
vt -0.032649 0.134029
vt -0.032202 0.084872
vt -0.029254 0.085474
vt -0.004900 0.109707
vt 0.019283 0.081837
vt -0.029872 0.082530
vt -0.029872 0.082530
vt 0.019283 0.081837
vt -0.004900 0.109707
vt -0.029254 0.085474
vt -0.032649 0.134029
vt -0.007501 0.173700
vt 0.027571 0.142017
vt -0.004900 0.109707
vt -0.004900 0.109707
vt 0.027571 0.142017
vt -0.007501 0.173700
vt -0.032649 0.134029
vt -0.004900 0.109707
vt 0.027571 0.142017
vt 0.059079 0.106786
vt 0.019283 0.081837
vt 0.019283 0.081837
vt 0.059079 0.106786
vt 0.027571 0.142017
vt -0.004900 0.109707
vt -0.007501 0.173700
vt 0.033669 0.202680
vt 0.062749 0.177019
vt 0.027571 0.142017
vt 0.027571 0.142017
vt 0.062749 0.177019
vt 0.033669 0.202680
vt -0.007501 0.173700
vt 0.027571 0.142017
vt 0.062749 0.177019
vt 0.088265 0.147811
vt 0.059079 0.106786
vt 0.059079 0.106786
vt 0.088265 0.147811
vt 0.062749 0.177019
vt 0.027571 0.142017
vt 0.033669 0.202680
vt 0.074045 0.216223
vt 0.089809 0.203944
vt 0.062749 0.177019
vt 0.062749 0.177019
vt 0.089809 0.203944
vt 0.074045 0.216223
vt 0.033669 0.202680
vt 0.062749 0.177019
vt 0.089809 0.203944
vt 0.102008 0.188119
vt 0.088265 0.147811
vt 0.088265 0.147811
vt 0.102008 0.188119
vt 0.089809 0.203944
vt 0.062749 0.177019
vt 0.074045 0.390979
vt 0.103097 0.398562
vt 0.106045 0.390968
vt 0.089809 0.383384
vt 0.089809 0.383384
vt 0.106045 0.390968
vt 0.103097 0.398562
vt 0.074045 0.390979
vt 0.203944 0.383384
vt 0.220099 0.390968
vt 0.217155 0.398562
vt 0.188119 0.390979
vt 0.188119 0.390979
vt 0.217155 0.398562
vt 0.220099 0.390968
vt 0.203944 0.383384
vt -0.062811 0.110284
vt -0.086461 0.075096
vt -0.096003 0.103168
vt -0.065360 0.111001
vt -0.065360 0.111001
vt -0.096003 0.103168
vt -0.086461 0.075096
vt -0.062811 0.110284
vt -0.065360 0.111001
vt -0.096003 0.103168
vt -0.101104 0.132375
vt -0.063468 0.112854
vt -0.063468 0.112854
vt -0.101104 0.132375
vt -0.096003 0.103168
vt -0.065360 0.111001
vt -0.086461 0.075096
vt -0.125254 0.056573
vt -0.136861 0.092723
vt -0.096003 0.103168
vt -0.096003 0.103168
vt -0.136861 0.092723
vt -0.125254 0.056573
vt -0.086461 0.075096
vt -0.096003 0.103168
vt -0.136861 0.092723
vt -0.144026 0.130008
vt -0.101104 0.132375
vt -0.101104 0.132375
vt -0.144026 0.130008
vt -0.136861 0.092723
vt -0.096003 0.103168
vt -0.125254 0.056573
vt -0.171205 0.051867
vt -0.181123 0.081408
vt -0.136861 0.092723
vt -0.136861 0.092723
vt -0.181123 0.081408
vt -0.171205 0.051867
vt -0.125254 0.056573
vt -0.136861 0.092723
vt -0.181123 0.081408
vt -0.186599 0.112084
vt -0.144026 0.130008
vt -0.144026 0.130008
vt -0.186599 0.112084
vt -0.181123 0.081408
vt -0.136861 0.092723
vt -0.171205 0.051867
vt -0.209008 0.057850
vt -0.215171 0.072704
vt -0.181123 0.081408
vt -0.181123 0.081408
vt -0.215171 0.072704
vt -0.209008 0.057850
vt -0.171205 0.051867
vt -0.181123 0.081408
vt -0.215171 0.072704
vt -0.216892 0.088693
vt -0.186599 0.112084
vt -0.186599 0.112084
vt -0.216892 0.088693
vt -0.215171 0.072704
vt -0.181123 0.081408
vt -0.209008 0.469841
vt -0.233050 0.476146
vt -0.235599 0.468482
vt -0.215171 0.462176
vt -0.215171 0.462176
vt -0.235599 0.468482
vt -0.233050 0.476146
vt -0.209008 0.469841
vt -0.215171 0.072704
vt -0.235599 0.067482
vt -0.233707 0.069334
vt -0.216892 0.088693
vt -0.216892 0.088693
vt -0.233707 0.069334
vt -0.235599 0.067482
vt -0.215171 0.072704
vt -0.040910 0.123376
vt -0.033273 0.167998
vt -0.012198 0.140969
vt -0.038152 0.123391
vt -0.038152 0.123391
vt -0.012198 0.140969
vt -0.033273 0.167998
vt -0.040910 0.123376
vt -0.038152 0.123391
vt -0.012198 0.140969
vt 0.005081 0.111369
vt -0.039189 0.120835
vt -0.039189 0.120835
vt 0.005081 0.111369
vt -0.012198 0.140969
vt -0.038152 0.123391
vt -0.033273 0.167998
vt -0.004077 0.199421
vt 0.022406 0.164406
vt -0.012198 0.140969
vt -0.012198 0.140969
vt 0.022406 0.164406
vt -0.004077 0.199421
vt -0.033273 0.167998
vt -0.012198 0.140969
vt 0.022406 0.164406
vt 0.045094 0.126819
vt 0.005081 0.111369
vt 0.005081 0.111369
vt 0.045094 0.126819
vt 0.022406 0.164406
vt -0.012198 0.140969
vt -0.004077 0.199421
vt 0.037836 0.218277
vt 0.059894 0.189796
vt 0.022406 0.164406
vt 0.022406 0.164406
vt 0.059894 0.189796
vt 0.037836 0.218277
vt -0.004077 0.199421
vt 0.022406 0.164406
vt 0.059894 0.189796
vt 0.078157 0.158744
vt 0.045094 0.126819
vt 0.045094 0.126819
vt 0.078157 0.158744
vt 0.059894 0.189796
vt 0.022406 0.164406
vt 0.037836 0.218277
vt 0.076508 0.223288
vt 0.088732 0.209326
vt 0.059894 0.189796
vt 0.059894 0.189796
vt 0.088732 0.209326
vt 0.076508 0.223288
vt 0.037836 0.218277
vt 0.059894 0.189796
vt 0.088732 0.209326
vt 0.097160 0.192795
vt 0.078157 0.158744
vt 0.078157 0.158744
vt 0.097160 0.192795
vt 0.088732 0.209326
vt 0.059894 0.189796
vt 0.076508 0.469662
vt 0.103276 0.475911
vt 0.106034 0.468247
vt 0.088732 0.461998
vt 0.088732 0.461998
vt 0.106034 0.468247
vt 0.103276 0.475911
vt 0.076508 0.469662
vt 0.209326 0.461998
vt 0.221045 0.468247
vt 0.218489 0.475911
vt 0.192795 0.469662
vt 0.192795 0.469662
vt 0.218489 0.475911
vt 0.221045 0.468247
vt 0.209326 0.461998
vt -0.050593 0.163740
vt -0.079230 0.118900
vt -0.090876 0.155204
vt -0.053237 0.164827
vt -0.053237 0.164827
vt -0.090876 0.155204
vt -0.079230 0.118900
vt -0.050593 0.163740
vt -0.053237 0.164827
vt -0.090876 0.155204
vt -0.098082 0.192644
vt -0.051439 0.167049
vt -0.051439 0.167049
vt -0.098082 0.192644
vt -0.090876 0.155204
vt -0.053237 0.164827
vt -0.079230 0.118900
vt -0.126757 0.095671
vt -0.141062 0.142375
vt -0.090876 0.155204
vt -0.090876 0.155204
vt -0.141062 0.142375
vt -0.126757 0.095671
vt -0.079230 0.118900
vt -0.090876 0.155204
vt -0.141062 0.142375
vt -0.150926 0.190214
vt -0.098082 0.192644
vt -0.098082 0.192644
vt -0.150926 0.190214
vt -0.141062 0.142375
vt -0.090876 0.155204
vt -0.126757 0.095671
vt -0.183301 0.090281
vt -0.195431 0.128476
vt -0.141062 0.142375
vt -0.141062 0.142375
vt -0.195431 0.128476
vt -0.183301 0.090281
vt -0.126757 0.095671
vt -0.141062 0.142375
vt -0.195431 0.128476
vt -0.203119 0.167807
vt -0.150926 0.190214
vt -0.150926 0.190214
vt -0.203119 0.167807
vt -0.195431 0.128476
vt -0.141062 0.142375
vt -0.183301 0.090281
vt -0.229957 0.098499
vt -0.237253 0.117785
vt -0.195431 0.128476
vt -0.195431 0.128476
vt -0.237253 0.117785
vt -0.229957 0.098499
vt -0.183301 0.090281
vt -0.195431 0.128476
vt -0.237253 0.117785
vt -0.240108 0.138207
vt -0.203119 0.167807
vt -0.203119 0.167807
vt -0.240108 0.138207
vt -0.237253 0.117785
vt -0.195431 0.128476
vt -0.229957 0.098499
vt -0.259702 0.110283
vt -0.262346 0.111370
vt -0.237253 0.117785
vt -0.237253 0.117785
vt -0.262346 0.111370
vt -0.259702 0.110283
vt -0.229957 0.098499
vt -0.237253 0.117785
vt -0.262346 0.111370
vt -0.260548 0.113592
vt -0.240108 0.138207
vt -0.240108 0.138207
vt -0.260548 0.113592
vt -0.262346 0.111370
vt -0.237253 0.117785
vt -0.067545 0.160673
vt -0.053050 0.204106
vt -0.034812 0.181264
vt -0.064914 0.160876
vt -0.064914 0.160876
vt -0.034812 0.181264
vt -0.053050 0.204106
vt -0.067545 0.160673
vt -0.064914 0.160876
vt -0.034812 0.181264
vt -0.020369 0.155852
vt -0.066079 0.158508
vt -0.066079 0.158508
vt -0.020369 0.155852
vt -0.034812 0.181264
vt -0.064914 0.160876
vt -0.053050 0.204106
vt -0.017522 0.238094
vt 0.005325 0.208448
vt -0.034812 0.181264
vt -0.034812 0.181264
vt 0.005325 0.208448
vt -0.017522 0.238094
vt -0.053050 0.204106
vt -0.034812 0.181264
vt 0.005325 0.208448
vt 0.024377 0.176230
vt -0.020369 0.155852
vt -0.020369 0.155852
vt 0.024377 0.176230
vt 0.005325 0.208448
vt -0.034812 0.181264
vt -0.017522 0.238094
vt 0.029730 0.261976
vt 0.048807 0.237897
vt 0.005325 0.208448
vt 0.005325 0.208448
vt 0.048807 0.237897
vt 0.029730 0.261976
vt -0.017522 0.238094
vt 0.005325 0.208448
vt 0.048807 0.237897
vt 0.064088 0.211247
vt 0.024377 0.176230
vt 0.024377 0.176230
vt 0.064088 0.211247
vt 0.048807 0.237897
vt 0.005325 0.208448
vt 0.029730 0.261976
vt 0.071557 0.272256
vt 0.082254 0.260550
vt 0.048807 0.237897
vt 0.048807 0.237897
vt 0.082254 0.260550
vt 0.071557 0.272256
vt 0.029730 0.261976
vt 0.048807 0.237897
vt 0.082254 0.260550
vt 0.089155 0.246273
vt 0.064088 0.211247
vt 0.064088 0.211247
vt 0.089155 0.246273
vt 0.082254 0.260550
vt 0.048807 0.237897
vt 0.071557 0.555666
vt 0.099691 0.562914
vt 0.102322 0.555250
vt 0.082254 0.548002
vt 0.082254 0.548002
vt 0.102322 0.555250
vt 0.099691 0.562914
vt 0.071557 0.555666
vt 0.260550 0.548002
vt 0.274142 0.555250
vt 0.271774 0.562914
vt 0.246273 0.555666
vt 0.246273 0.555666
vt 0.271774 0.562914
vt 0.274142 0.555250
vt 0.260550 0.548002
vt 0.223117 0.630573
vt 0.227472 0.659460
vt 0.245073 0.655478
vt 0.229950 0.626591
vt 0.229950 0.626591
vt 0.245073 0.655478
vt 0.227472 0.659460
vt 0.223117 0.630573
vt -0.095707 0.626591
vt -0.102511 0.655478
vt -0.074607 0.659460
vt -0.091736 0.630573
vt -0.091736 0.630573
vt -0.074607 0.659460
vt -0.102511 0.655478
vt -0.095707 0.626591
vt -0.124721 0.659460
vt -0.140860 0.697977
vt -0.111583 0.693994
vt -0.102511 0.655478
vt -0.102511 0.655478
vt -0.111583 0.693994
vt -0.140860 0.697977
vt -0.124721 0.659460
vt -0.102511 0.655478
vt -0.111583 0.693994
vt -0.076612 0.697977
vt -0.074607 0.659460
vt -0.074607 0.659460
vt -0.076612 0.697977
vt -0.111583 0.693994
vt -0.102511 0.655478
vt -0.140860 0.697977
vt -0.144906 0.739702
vt -0.121411 0.735720
vt -0.111583 0.693994
vt -0.111583 0.693994
vt -0.121411 0.735720
vt -0.144906 0.739702
vt -0.140860 0.697977
vt -0.111583 0.693994
vt -0.121411 0.735720
vt -0.092223 0.739702
vt -0.076612 0.697977
vt -0.076612 0.697977
vt -0.092223 0.739702
vt -0.121411 0.735720
vt -0.111583 0.693994
vt 0.268900 0.739702
vt 0.291485 0.771799
vt 0.303882 0.767816
vt 0.287080 0.735720
vt 0.287080 0.735720
vt 0.303882 0.767816
vt 0.291485 0.771799
vt 0.268900 0.739702
vt -0.121411 0.735720
vt -0.128971 0.767816
vt -0.112632 0.771799
vt -0.092223 0.739702
vt -0.092223 0.739702
vt -0.112632 0.771799
vt -0.128971 0.767816
vt -0.121411 0.735720
vt 0.291485 0.771799
vt 0.307131 0.791057
vt 0.313964 0.787074
vt 0.303882 0.767816
vt 0.303882 0.767816
vt 0.313964 0.787074
vt 0.307131 0.791057
vt 0.291485 0.771799
vt -0.128971 0.767816
vt -0.133507 0.787074
vt -0.129536 0.791057
vt -0.112632 0.771799
vt -0.112632 0.771799
vt -0.129536 0.791057
vt -0.133507 0.787074
vt -0.128971 0.767816
vt 0.005230 0.068374
vt 0.010321 0.055714
vt 0.005230 0.042940
vt -0.007060 0.037535
vt -0.019350 0.042666
vt -0.024441 0.055326
vt -0.019350 0.068100
vt -0.007060 0.073505
vt -0.100486 0.082361
vt -0.109021 0.078608
vt -0.112556 0.069737
vt -0.109021 0.060945
vt -0.100486 0.057382
vt -0.091951 0.061135
vt -0.088416 0.070006
vt -0.091951 0.078798
vt -0.007060 0.008146
vt -0.019350 0.005057
vt -0.109021 0.352829
vt -0.100486 0.354974
vt 0.068100 0.005057
vt 0.055326 0.004213
vt 0.069737 0.352243
vt 0.078608 0.352829
vt 0.055326 0.004213
vt 0.042666 0.006110
vt 0.060945 0.353560
vt 0.069737 0.352243
vt -0.019350 0.006110
vt -0.007060 0.009635
vt -0.100486 0.356008
vt -0.109021 0.353560
vt -0.007060 0.009635
vt 0.005230 0.012724
vt -0.091951 0.358154
vt -0.100486 0.356008
vt 0.042940 0.012724
vt 0.055714 0.013567
vt 0.070006 0.358739
vt 0.061135 0.358154
vt 0.055714 0.013567
vt 0.068374 0.011671
vt 0.078798 0.357422
vt 0.070006 0.358739
vt 0.005230 0.011671
vt -0.007060 0.008146
vt -0.100486 0.354974
vt -0.091951 0.357422
vt -0.090056 0.074243
vt -0.091731 0.065085
vt -0.098535 0.058731
vt -0.106482 0.058903
vt -0.110916 0.065500
vt -0.109241 0.074657
vt -0.102437 0.081011
vt -0.094490 0.080840
vt -0.263553 0.166419
vt -0.267685 0.166509
vt -0.271223 0.163205
vt -0.272094 0.158443
vt -0.269788 0.155012
vt -0.265656 0.154923
vt -0.262118 0.158227
vt -0.261247 0.162989
vt -0.094490 0.355491
vt -0.102437 0.350167
vt -0.267685 0.603710
vt -0.263553 0.606478
vt -0.102437 0.350167
vt -0.109241 0.347962
vt -0.271223 0.602563
vt -0.267685 0.603710
vt 0.074657 0.347962
vt 0.065500 0.350167
vt 0.158443 0.603710
vt 0.163205 0.602563
vt 0.065500 0.350167
vt 0.058903 0.355491
vt 0.155012 0.606478
vt 0.158443 0.603710
vt -0.106482 0.355491
vt -0.098535 0.360815
vt -0.265656 0.609247
vt -0.269788 0.606478
vt -0.098535 0.360815
vt -0.091731 0.363021
vt -0.262118 0.610393
vt -0.265656 0.609247
vt 0.065085 0.363021
vt 0.074243 0.360815
vt 0.162989 0.609247
vt 0.158227 0.610393
vt 0.074243 0.360815
vt 0.080840 0.355491
vt 0.166419 0.606478
vt 0.162989 0.609247
vt -0.065261 0.056545
vt -0.045460 0.014561
vt -0.075910 0.019522
vt -0.067217 0.054404
vt -0.067217 0.054404
vt -0.075910 0.019522
vt -0.045460 0.014561
vt -0.065261 0.056545
vt -0.067217 0.054404
vt -0.075910 0.019522
vt -0.105128 0.029431
vt -0.067939 0.057212
vt -0.067939 0.057212
vt -0.105128 0.029431
vt -0.075910 0.019522
vt -0.067217 0.054404
vt -0.045460 0.014561
vt -0.048636 -0.034046
vt -0.087501 -0.026988
vt -0.075910 0.019522
vt -0.075910 0.019522
vt -0.087501 -0.026988
vt -0.048636 -0.034046
vt -0.045460 0.014561
vt -0.075910 0.019522
vt -0.087501 -0.026988
vt -0.125134 -0.014981
vt -0.105128 0.029431
vt -0.105128 0.029431
vt -0.125134 -0.014981
vt -0.087501 -0.026988
vt -0.075910 0.019522
vt -0.048636 -0.034046
vt -0.068078 -0.082716
vt -0.100059 -0.077373
vt -0.087501 -0.026988
vt -0.087501 -0.026988
vt -0.100059 -0.077373
vt -0.068078 -0.082716
vt -0.048636 -0.034046
vt -0.087501 -0.026988
vt -0.100059 -0.077373
vt -0.130806 -0.067083
vt -0.125134 -0.014981
vt -0.125134 -0.014981
vt -0.130806 -0.067083
vt -0.100059 -0.077373
vt -0.087501 -0.026988
vt -0.068078 -0.082716
vt -0.093037 -0.117661
vt -0.109718 -0.116131
vt -0.100059 -0.077373
vt -0.100059 -0.077373
vt -0.109718 -0.116131
vt -0.093037 -0.117661
vt -0.068078 -0.082716
vt -0.100059 -0.077373
vt -0.109718 -0.116131
vt -0.125166 -0.109654
vt -0.130806 -0.067083
vt -0.130806 -0.067083
vt -0.125166 -0.109654
vt -0.109718 -0.116131
vt -0.100059 -0.077373
vt -0.093037 -0.117661
vt -0.113558 -0.137246
vt -0.115514 -0.139386
vt -0.109718 -0.116131
vt -0.109718 -0.116131
vt -0.115514 -0.139386
vt -0.113558 -0.137246
vt -0.093037 -0.117661
vt -0.116131 0.285396
vt -0.139386 0.293454
vt -0.136579 0.301037
vt -0.109654 0.292979
vt -0.109654 0.292979
vt -0.136579 0.301037
vt -0.139386 0.293454
vt -0.116131 0.285396
vt -0.068227 0.063524
vt -0.092930 0.095640
vt -0.064974 0.096499
vt -0.066825 0.065993
vt -0.066825 0.065993
vt -0.064974 0.096499
vt -0.092930 0.095640
vt -0.068227 0.063524
vt -0.066825 0.065993
vt -0.064974 0.096499
vt -0.037327 0.092267
vt -0.065732 0.063373
vt -0.065732 0.063373
vt -0.037327 0.092267
vt -0.064974 0.096499
vt -0.066825 0.065993
vt -0.092930 0.095640
vt -0.098304 0.136790
vt -0.062507 0.137173
vt -0.064974 0.096499
vt -0.064974 0.096499
vt -0.062507 0.137173
vt -0.098304 0.136790
vt -0.092930 0.095640
vt -0.064974 0.096499
vt -0.062507 0.137173
vt -0.027018 0.132466
vt -0.037327 0.092267
vt -0.037327 0.092267
vt -0.027018 0.132466
vt -0.062507 0.137173
vt -0.064974 0.096499
vt -0.098304 0.136790
vt -0.089215 0.180465
vt -0.059834 0.181237
vt -0.062507 0.137173
vt -0.062507 0.137173
vt -0.059834 0.181237
vt -0.089215 0.180465
vt -0.098304 0.136790
vt -0.062507 0.137173
vt -0.059834 0.181237
vt -0.030761 0.176919
vt -0.027018 0.132466
vt -0.027018 0.132466
vt -0.030761 0.176919
vt -0.059834 0.181237
vt -0.062507 0.137173
vt -0.089215 0.180465
vt -0.072902 0.213495
vt -0.057777 0.215132
vt -0.059834 0.181237
vt -0.059834 0.181237
vt -0.057777 0.215132
vt -0.072902 0.213495
vt -0.089215 0.180465
vt -0.059834 0.181237
vt -0.057777 0.215132
vt -0.042962 0.211679
vt -0.030761 0.176919
vt -0.030761 0.176919
vt -0.042962 0.211679
vt -0.057777 0.215132
vt -0.059834 0.181237
vt 0.213495 0.289154
vt 0.233000 0.296005
vt 0.235469 0.288422
vt 0.215132 0.281572
vt 0.215132 0.281572
vt 0.235469 0.288422
vt 0.233000 0.296005
vt 0.213495 0.289154
vt 0.215132 0.281572
vt 0.235469 0.288422
vt 0.232848 0.296005
vt 0.211679 0.289154
vt 0.211679 0.289154
vt 0.232848 0.296005
vt 0.235469 0.288422
vt 0.215132 0.281572
vt -0.083554 0.074536
vt -0.063219 0.031072
vt -0.094559 0.036255
vt -0.085549 0.072406
vt -0.085549 0.072406
vt -0.094559 0.036255
vt -0.063219 0.031072
vt -0.083554 0.074536
vt -0.085549 0.072406
vt -0.094559 0.036255
vt -0.124666 0.046386
vt -0.086311 0.075223
vt -0.086311 0.075223
vt -0.124666 0.046386
vt -0.094559 0.036255
vt -0.085549 0.072406
vt -0.063219 0.031072
vt -0.066566 -0.019288
vt -0.106571 -0.011945
vt -0.094559 0.036255
vt -0.094559 0.036255
vt -0.106571 -0.011945
vt -0.066566 -0.019288
vt -0.063219 0.031072
vt -0.094559 0.036255
vt -0.106571 -0.011945
vt -0.145344 0.000345
vt -0.124666 0.046386
vt -0.124666 0.046386
vt -0.145344 0.000345
vt -0.106571 -0.011945
vt -0.094559 0.036255
vt -0.066566 -0.019288
vt -0.086669 -0.069738
vt -0.119585 -0.064163
vt -0.106571 -0.011945
vt -0.106571 -0.011945
vt -0.119585 -0.064163
vt -0.086669 -0.069738
vt -0.066566 -0.019288
vt -0.106571 -0.011945
vt -0.119585 -0.064163
vt -0.151268 -0.053639
vt -0.145344 0.000345
vt -0.145344 0.000345
vt -0.151268 -0.053639
vt -0.119585 -0.064163
vt -0.106571 -0.011945
vt -0.086669 -0.069738
vt -0.112436 -0.105979
vt -0.129596 -0.104330
vt -0.119585 -0.064163
vt -0.119585 -0.064163
vt -0.129596 -0.104330
vt -0.112436 -0.105979
vt -0.086669 -0.069738
vt -0.119585 -0.064163
vt -0.129596 -0.104330
vt -0.145522 -0.097733
vt -0.151268 -0.053639
vt -0.151268 -0.053639
vt -0.145522 -0.097733
vt -0.129596 -0.104330
vt -0.119585 -0.064163
vt -0.112436 -0.105979
vt -0.133607 -0.126300
vt -0.135602 -0.128430
vt -0.129596 -0.104330
vt -0.129596 -0.104330
vt -0.135602 -0.128430
vt -0.133607 -0.126300
vt -0.112436 -0.105979
vt -0.104330 0.364010
vt -0.128430 0.372362
vt -0.125613 0.379944
vt -0.097733 0.371593
vt -0.097733 0.371593
vt -0.125613 0.379944
vt -0.128430 0.372362
vt -0.104330 0.364010
vt -0.089021 0.059883
vt -0.116252 0.097338
vt -0.085322 0.098016
vt -0.087486 0.062344
vt -0.087486 0.062344
vt -0.085322 0.098016
vt -0.116252 0.097338
vt -0.089021 0.059883
vt -0.087486 0.062344
vt -0.085322 0.098016
vt -0.054700 0.093604
vt -0.086260 0.059715
vt -0.086260 0.059715
vt -0.054700 0.093604
vt -0.085322 0.098016
vt -0.087486 0.062344
vt -0.116252 0.097338
vt -0.122047 0.145428
vt -0.082436 0.145579
vt -0.085322 0.098016
vt -0.085322 0.098016
vt -0.082436 0.145579
vt -0.122047 0.145428
vt -0.116252 0.097338
vt -0.085322 0.098016
vt -0.082436 0.145579
vt -0.043134 0.140641
vt -0.054700 0.093604
vt -0.054700 0.093604
vt -0.043134 0.140641
vt -0.082436 0.145579
vt -0.085322 0.098016
vt -0.122047 0.145428
vt -0.111819 0.196524
vt -0.079310 0.197106
vt -0.082436 0.145579
vt -0.082436 0.145579
vt -0.079310 0.197106
vt -0.111819 0.196524
vt -0.122047 0.145428
vt -0.082436 0.145579
vt -0.079310 0.197106
vt -0.047111 0.192598
vt -0.043134 0.140641
vt -0.043134 0.140641
vt -0.047111 0.192598
vt -0.079310 0.197106
vt -0.082436 0.145579
vt -0.111819 0.196524
vt -0.093632 0.235202
vt -0.076906 0.236742
vt -0.079310 0.197106
vt -0.079310 0.197106
vt -0.076906 0.236742
vt -0.093632 0.235202
vt -0.111819 0.196524
vt -0.079310 0.197106
vt -0.076906 0.236742
vt -0.060489 0.233192
vt -0.047111 0.192598
vt -0.047111 0.192598
vt -0.060489 0.233192
vt -0.076906 0.236742
vt -0.079310 0.197106
vt -0.093632 0.235202
vt -0.076999 0.258062
vt -0.075463 0.260523
vt -0.076906 0.236742
vt -0.076906 0.236742
vt -0.075463 0.260523
vt -0.076999 0.258062
vt -0.093632 0.235202
vt 0.236742 0.362932
vt 0.260523 0.370943
vt 0.257895 0.378526
vt 0.233192 0.370515
vt 0.233192 0.370515
vt 0.257895 0.378526
vt 0.260523 0.370943
vt 0.236742 0.362932
vt -0.107648 0.100888
vt -0.110931 0.052760
vt -0.135213 0.070772
vt -0.110048 0.100165
vt -0.110048 0.100165
vt -0.135213 0.070772
vt -0.110931 0.052760
vt -0.107648 0.100888
vt -0.110048 0.100165
vt -0.135213 0.070772
vt -0.156751 0.091988
vt -0.109704 0.102648
vt -0.109704 0.102648
vt -0.156751 0.091988
vt -0.135213 0.070772
vt -0.110048 0.100165
vt -0.110931 0.052760
vt -0.138022 0.008037
vt -0.168766 0.031581
vt -0.135213 0.070772
vt -0.135213 0.070772
vt -0.168766 0.031581
vt -0.138022 0.008037
vt -0.110931 0.052760
vt -0.135213 0.070772
vt -0.168766 0.031581
vt -0.196766 0.058329
vt -0.156751 0.091988
vt -0.156751 0.091988
vt -0.196766 0.058329
vt -0.168766 0.031581
vt -0.135213 0.070772
vt -0.138022 0.008037
vt -0.179658 -0.029894
vt -0.205115 -0.010877
vt -0.168766 0.031581
vt -0.168766 0.031581
vt -0.205115 -0.010877
vt -0.179658 -0.029894
vt -0.138022 0.008037
vt -0.168766 0.031581
vt -0.205115 -0.010877
vt -0.227828 0.011346
vt -0.196766 0.058329
vt -0.196766 0.058329
vt -0.227828 0.011346
vt -0.205115 -0.010877
vt -0.168766 0.031581
vt -0.179658 -0.029894
vt -0.219368 -0.052495
vt -0.233076 -0.043536
vt -0.205115 -0.010877
vt -0.205115 -0.010877
vt -0.233076 -0.043536
vt -0.219368 -0.052495
vt -0.179658 -0.029894
vt -0.205115 -0.010877
vt -0.233076 -0.043536
vt -0.244040 -0.031372
vt -0.227828 0.011346
vt -0.227828 0.011346
vt -0.244040 -0.031372
vt -0.233076 -0.043536
vt -0.205115 -0.010877
vt -0.219368 0.445298
vt -0.247452 0.452350
vt -0.249852 0.444633
vt -0.233076 0.437581
vt -0.233076 0.437581
vt -0.249852 0.444633
vt -0.247452 0.452350
vt -0.219368 0.445298
vt -0.043536 0.437581
vt -0.063132 0.444633
vt -0.060649 0.452350
vt -0.031372 0.445298
vt -0.031372 0.445298
vt -0.060649 0.452350
vt -0.063132 0.444633
vt -0.043536 0.437581
vt -0.130694 0.066178
vt -0.151482 0.111513
vt -0.117814 0.103577
vt -0.128603 0.067751
vt -0.128603 0.067751
vt -0.117814 0.103577
vt -0.151482 0.111513
vt -0.130694 0.066178
vt -0.128603 0.067751
vt -0.117814 0.103577
vt -0.085363 0.091602
vt -0.127727 0.065284
vt -0.127727 0.065284
vt -0.085363 0.091602
vt -0.117814 0.103577
vt -0.128603 0.067751
vt -0.151482 0.111513
vt -0.146422 0.162089
vt -0.103430 0.151346
vt -0.117814 0.103577
vt -0.117814 0.103577
vt -0.103430 0.151346
vt -0.146422 0.162089
vt -0.151482 0.111513
vt -0.117814 0.103577
vt -0.103430 0.151346
vt -0.061654 0.136563
vt -0.085363 0.091602
vt -0.085363 0.091602
vt -0.061654 0.136563
vt -0.103430 0.151346
vt -0.117814 0.103577
vt -0.146422 0.162089
vt -0.123210 0.211541
vt -0.087847 0.203095
vt -0.103430 0.151346
vt -0.103430 0.151346
vt -0.087847 0.203095
vt -0.123210 0.211541
vt -0.146422 0.162089
vt -0.103430 0.151346
vt -0.087847 0.203095
vt -0.053700 0.190610
vt -0.061654 0.136563
vt -0.061654 0.136563
vt -0.053700 0.190610
vt -0.087847 0.203095
vt -0.103430 0.151346
vt -0.123210 0.211541
vt -0.094270 0.246243
vt -0.075860 0.242903
vt -0.087847 0.203095
vt -0.087847 0.203095
vt -0.075860 0.242903
vt -0.094270 0.246243
vt -0.123210 0.211541
vt -0.087847 0.203095
vt -0.075860 0.242903
vt -0.058667 0.235522
vt -0.053700 0.190610
vt -0.053700 0.190610
vt -0.058667 0.235522
vt -0.075860 0.242903
vt -0.087847 0.203095
vt -0.094270 0.246243
vt -0.070760 0.265214
vt -0.068668 0.266787
vt -0.075860 0.242903
vt -0.075860 0.242903
vt -0.068668 0.266787
vt -0.070760 0.265214
vt -0.094270 0.246243
vt 0.242903 0.436843
vt 0.266787 0.443662
vt 0.264320 0.451379
vt 0.235522 0.444560
vt 0.235522 0.444560
vt 0.264320 0.451379
vt 0.266787 0.443662
vt 0.242903 0.436843
vt -0.184072 0.092161
vt -0.176557 0.045331
vt -0.206691 0.068353
vt -0.186734 0.091663
vt -0.186734 0.091663
vt -0.206691 0.068353
vt -0.176557 0.045331
vt -0.184072 0.092161
vt -0.186734 0.091663
vt -0.206691 0.068353
vt -0.234081 0.094579
vt -0.186653 0.094371
vt -0.186653 0.094371
vt -0.234081 0.094579
vt -0.206691 0.068353
vt -0.186734 0.091663
vt -0.176557 0.045331
vt -0.195054 0.007305
vt -0.233301 0.037272
vt -0.206691 0.068353
vt -0.206691 0.068353
vt -0.233301 0.037272
vt -0.195054 0.007305
vt -0.176557 0.045331
vt -0.206691 0.068353
vt -0.233301 0.037272
vt -0.268803 0.070444
vt -0.234081 0.094579
vt -0.234081 0.094579
vt -0.268803 0.070444
vt -0.233301 0.037272
vt -0.206691 0.068353
vt -0.195054 0.007305
vt -0.230519 -0.020684
vt -0.262128 0.003601
vt -0.233301 0.037272
vt -0.233301 0.037272
vt -0.262128 0.003601
vt -0.230519 -0.020684
vt -0.195054 0.007305
vt -0.233301 0.037272
vt -0.262128 0.003601
vt -0.290993 0.031090
vt -0.268803 0.070444
vt -0.268803 0.070444
vt -0.290993 0.031090
vt -0.262128 0.003601
vt -0.233301 0.037272
vt -0.230519 -0.020684
vt -0.267443 -0.033957
vt -0.284302 -0.022300
vt -0.262128 0.003601
vt -0.262128 0.003601
vt -0.284302 -0.022300
vt -0.267443 -0.033957
vt -0.230519 -0.020684
vt -0.262128 0.003601
vt -0.284302 -0.022300
vt -0.298418 -0.007439
vt -0.290993 0.031090
vt -0.290993 0.031090
vt -0.298418 -0.007439
vt -0.284302 -0.022300
vt -0.262128 0.003601
vt -0.267443 0.518363
vt -0.294945 0.523956
vt -0.297607 0.516239
vt -0.284302 0.510646
vt -0.284302 0.510646
vt -0.297607 0.516239
vt -0.294945 0.523956
vt -0.267443 0.518363
vt -0.022300 0.510646
vt -0.037841 0.516239
vt -0.035133 0.523956
vt -0.007439 0.518363
vt -0.007439 0.518363
vt -0.035133 0.523956
vt -0.037841 0.516239
vt -0.022300 0.510646
vt -0.176837 0.112265
vt -0.201216 0.151584
vt -0.165840 0.143135
vt -0.174669 0.113815
vt -0.174669 0.113815
vt -0.165840 0.143135
vt -0.201216 0.151584
vt -0.176837 0.112265
vt -0.174669 0.113815
vt -0.165840 0.143135
vt -0.131681 0.130645
vt -0.173717 0.111326
vt -0.173717 0.111326
vt -0.131681 0.130645
vt -0.165840 0.143135
vt -0.174669 0.113815
vt -0.201216 0.151584
vt -0.199250 0.193629
vt -0.154068 0.182227
vt -0.165840 0.143135
vt -0.165840 0.143135
vt -0.154068 0.182227
vt -0.199250 0.193629
vt -0.201216 0.151584
vt -0.165840 0.143135
vt -0.154068 0.182227
vt -0.110103 0.166785
vt -0.131681 0.130645
vt -0.131681 0.130645
vt -0.110103 0.166785
vt -0.154068 0.182227
vt -0.165840 0.143135
vt -0.199250 0.193629
vt -0.178474 0.233563
vt -0.141316 0.224577
vt -0.154068 0.182227
vt -0.154068 0.182227
vt -0.141316 0.224577
vt -0.178474 0.233563
vt -0.199250 0.193629
vt -0.154068 0.182227
vt -0.141316 0.224577
vt -0.105373 0.211551
vt -0.110103 0.166785
vt -0.110103 0.166785
vt -0.105373 0.211551
vt -0.141316 0.224577
vt -0.154068 0.182227
vt -0.178474 0.233563
vt -0.150835 0.260771
vt -0.131506 0.257154
vt -0.141316 0.224577
vt -0.141316 0.224577
vt -0.131506 0.257154
vt -0.150835 0.260771
vt -0.178474 0.233563
vt -0.141316 0.224577
vt -0.131506 0.257154
vt -0.113393 0.249497
vt -0.105373 0.211551
vt -0.105373 0.211551
vt -0.113393 0.249497
vt -0.131506 0.257154
vt -0.141316 0.224577
vt -0.150835 0.260771
vt -0.127788 0.275150
vt -0.125620 0.276700
vt -0.131506 0.257154
vt -0.131506 0.257154
vt -0.125620 0.276700
vt -0.127788 0.275150
vt -0.150835 0.260771
vt 0.257154 0.510608
vt 0.276700 0.516188
vt 0.274210 0.523905
vt 0.249497 0.518325
vt 0.249497 0.518325
vt 0.274210 0.523905
vt 0.276700 0.516188
vt 0.257154 0.510608
vt 0.153477 0.602890
vt 0.137740 0.626032
vt 0.166049 0.621213
vt 0.157673 0.598071
vt 0.157673 0.598071
vt 0.166049 0.621213
vt 0.137740 0.626032
vt 0.153477 0.602890
vt -0.261104 0.157673
vt -0.276427 0.166049
vt -0.257023 0.188232
vt -0.254881 0.155743
vt -0.254881 0.155743
vt -0.257023 0.188232
vt -0.276427 0.166049
vt -0.261104 0.157673
vt 0.137740 0.626032
vt 0.141788 0.656888
vt 0.177218 0.652069
vt 0.166049 0.621213
vt 0.166049 0.621213
vt 0.177218 0.652069
vt 0.141788 0.656888
vt 0.137740 0.626032
vt -0.276427 0.166049
vt -0.296858 0.177218
vt -0.273561 0.206521
vt -0.257023 0.188232
vt -0.257023 0.188232
vt -0.273561 0.206521
vt -0.296858 0.177218
vt -0.276427 0.166049
vt 0.141788 0.656888
vt 0.159713 0.690316
vt 0.189317 0.685497
vt 0.177218 0.652069
vt 0.177218 0.652069
vt 0.189317 0.685497
vt 0.159713 0.690316
vt 0.141788 0.656888
vt -0.296858 0.652069
vt -0.318991 0.685497
vt -0.298879 0.690316
vt -0.273561 0.656888
vt -0.273561 0.656888
vt -0.298879 0.690316
vt -0.318991 0.685497
vt -0.296858 0.652069
vt 0.159713 0.690316
vt 0.181966 0.716029
vt 0.198624 0.711210
vt 0.189317 0.685497
vt 0.189317 0.685497
vt 0.198624 0.711210
vt 0.181966 0.716029
vt 0.159713 0.690316
vt -0.318991 0.685497
vt -0.336016 0.711210
vt -0.322982 0.716029
vt -0.298879 0.690316
vt -0.298879 0.690316
vt -0.322982 0.716029
vt -0.336016 0.711210
vt -0.318991 0.685497
vt 0.181966 0.716029
vt 0.200012 0.731457
vt 0.204208 0.726638
vt 0.198624 0.711210
vt 0.198624 0.711210
vt 0.204208 0.726638
vt 0.200012 0.731457
vt 0.181966 0.716029
vt -0.336016 0.711210
vt -0.346232 0.726638
vt -0.340009 0.731457
vt -0.322982 0.716029
vt -0.322982 0.716029
vt -0.340009 0.731457
vt -0.346232 0.726638
vt -0.336016 0.711210
vt 0.044879 0.064659
vt 0.049969 0.051912
vt 0.044879 0.039708
vt 0.032588 0.035195
vt 0.020298 0.041018
vt 0.015207 0.053766
vt 0.020298 0.065970
vt 0.032588 0.070482
vt -0.071882 -0.011754
vt -0.080417 -0.014888
vt -0.083952 -0.023363
vt -0.080417 -0.032215
vt -0.071882 -0.036259
vt -0.063347 -0.033125
vt -0.059812 -0.024650
vt -0.063347 -0.015798
vt 0.032588 0.012455
vt 0.020298 0.008168
vt -0.080417 0.388710
vt -0.071882 0.391688
vt 0.065970 0.008168
vt 0.053766 0.004303
vt -0.023363 0.386027
vt -0.014888 0.388710
vt 0.053766 0.004303
vt 0.041018 0.003126
vt -0.032215 0.385209
vt -0.023363 0.386027
vt 0.020298 0.003126
vt 0.032588 0.005325
vt -0.071882 0.386736
vt -0.080417 0.385209
vt 0.032588 0.005325
vt 0.044879 0.009613
vt -0.063347 0.389714
vt -0.071882 0.386736
vt 0.039708 0.009613
vt 0.051912 0.013477
vt -0.024650 0.392398
vt -0.033125 0.389714
vt 0.051912 0.013477
vt 0.064659 0.014655
vt -0.015798 0.393215
vt -0.024650 0.392398
vt 0.044879 0.014655
vt 0.032588 0.012455
vt -0.071882 0.391688
vt -0.063347 0.393215
vt -0.068930 -0.012498
vt -0.061927 -0.018815
vt -0.060756 -0.028173
vt -0.066102 -0.035090
vt -0.074835 -0.035515
vt -0.081837 -0.029198
vt -0.083008 -0.019840
vt -0.077662 -0.012923
vt -0.194403 -0.080568
vt -0.197183 -0.084165
vt -0.196574 -0.089031
vt -0.192932 -0.092315
vt -0.188392 -0.092095
vt -0.185612 -0.088498
vt -0.186221 -0.083632
vt -0.189862 -0.080347
vt -0.012923 0.389212
vt -0.019840 0.385327
vt -0.084165 0.662597
vt -0.080568 0.664617
vt -0.019840 0.385327
vt -0.029198 0.383717
vt -0.089031 0.661760
vt -0.084165 0.662597
vt -0.081837 0.383717
vt -0.074835 0.385327
vt -0.192932 0.662597
vt -0.196574 0.661760
vt -0.074835 0.385327
vt -0.066102 0.389212
vt -0.188392 0.664617
vt -0.192932 0.662597
vt -0.035090 0.389212
vt -0.028173 0.393098
vt -0.088498 0.666638
vt -0.092095 0.664617
vt -0.028173 0.393098
vt -0.018815 0.394707
vt -0.083632 0.667475
vt -0.088498 0.666638
vt -0.061927 0.394707
vt -0.068930 0.393098
vt -0.189862 0.666638
vt -0.186221 0.667475
vt -0.068930 0.393098
vt -0.077662 0.389212
vt -0.194403 0.664617
vt -0.189862 0.666638
vt -0.034469 0.004346
vt 0.009406 -0.004912
vt -0.019686 -0.024521
vt -0.034584 0.001395
vt -0.034584 0.001395
vt -0.019686 -0.024521
vt 0.009406 -0.004912
vt -0.034469 0.004346
vt -0.034584 0.001395
vt -0.019686 -0.024521
vt -0.051271 -0.039792
vt -0.037192 0.002781
vt -0.037192 0.002781
vt -0.051271 -0.039792
vt -0.019686 -0.024521
vt -0.034584 0.001395
vt 0.009406 -0.004912
vt 0.037826 -0.034548
vt 0.000177 -0.059075
vt -0.019686 -0.024521
vt -0.019686 -0.024521
vt 0.000177 -0.059075
vt 0.037826 -0.034548
vt 0.009406 -0.004912
vt -0.019686 -0.024521
vt 0.000177 -0.059075
vt -0.039965 -0.079266
vt -0.051271 -0.039792
vt -0.051271 -0.039792
vt -0.039965 -0.079266
vt 0.000177 -0.059075
vt -0.019686 -0.024521
vt 0.037826 -0.034548
vt 0.052344 -0.076006
vt 0.021696 -0.096509
vt 0.000177 -0.059075
vt 0.000177 -0.059075
vt 0.021696 -0.096509
vt 0.052344 -0.076006
vt 0.037826 -0.034548
vt 0.000177 -0.059075
vt 0.021696 -0.096509
vt -0.011445 -0.112675
vt -0.039965 -0.079266
vt -0.039965 -0.079266
vt -0.011445 -0.112675
vt 0.021696 -0.096509
vt 0.000177 -0.059075
vt 0.052344 -0.076006
vt 0.053338 -0.113745
vt 0.038249 -0.125304
vt 0.021696 -0.096509
vt 0.021696 -0.096509
vt 0.038249 -0.125304
vt 0.053338 -0.113745
vt 0.052344 -0.076006
vt 0.021696 -0.096509
vt 0.038249 -0.125304
vt 0.020666 -0.132526
vt -0.011445 -0.112675
vt -0.011445 -0.112675
vt 0.020666 -0.132526
vt 0.038249 -0.125304
vt 0.021696 -0.096509
vt -0.113745 0.312668
vt -0.139630 0.319228
vt -0.142581 0.311629
vt -0.125304 0.305069
vt -0.125304 0.305069
vt -0.142581 0.311629
vt -0.139630 0.319228
vt -0.113745 0.312668
vt 0.038249 0.305069
vt 0.048180 0.311629
vt 0.045572 0.319228
vt 0.020666 0.312668
vt 0.020666 0.312668
vt 0.045572 0.319228
vt 0.048180 0.311629
vt 0.038249 0.305069
vt -0.032634 -0.002211
vt -0.075289 0.001250
vt -0.054738 0.023677
vt -0.033335 0.000549
vt -0.033335 0.000549
vt -0.054738 0.023677
vt -0.075289 0.001250
vt -0.032634 -0.002211
vt -0.033335 0.000549
vt -0.054738 0.023677
vt -0.030789 0.042432
vt -0.030638 -0.000363
vt -0.030638 -0.000363
vt -0.030789 0.042432
vt -0.054738 0.023677
vt -0.033335 0.000549
vt -0.075289 0.001250
vt -0.110102 0.026279
vt -0.083275 0.054514
vt -0.054738 0.023677
vt -0.054738 0.023677
vt -0.083275 0.054514
vt -0.110102 0.026279
vt -0.075289 0.001250
vt -0.054738 0.023677
vt -0.083275 0.054514
vt -0.053051 0.079076
vt -0.030789 0.042432
vt -0.030789 0.042432
vt -0.053051 0.079076
vt -0.083275 0.054514
vt -0.054738 0.023677
vt -0.110102 0.026279
vt -0.135883 0.064438
vt -0.114190 0.087920
vt -0.083275 0.054514
vt -0.083275 0.054514
vt -0.114190 0.087920
vt -0.135883 0.064438
vt -0.110102 0.026279
vt -0.083275 0.054514
vt -0.114190 0.087920
vt -0.089101 0.107731
vt -0.053051 0.079076
vt -0.053051 0.079076
vt -0.089101 0.107731
vt -0.114190 0.087920
vt -0.083275 0.054514
vt -0.135883 0.064438
vt -0.148253 0.100694
vt -0.137972 0.113618
vt -0.114190 0.087920
vt -0.114190 0.087920
vt -0.137972 0.113618
vt -0.148253 0.100694
vt -0.135883 0.064438
vt -0.114190 0.087920
vt -0.137972 0.113618
vt -0.124292 0.122869
vt -0.089101 0.107731
vt -0.089101 0.107731
vt -0.124292 0.122869
vt -0.137972 0.113618
vt -0.114190 0.087920
vt 0.100694 0.313793
vt 0.126276 0.320708
vt 0.129036 0.313109
vt 0.113618 0.306194
vt 0.113618 0.306194
vt 0.129036 0.313109
vt 0.126276 0.320708
vt 0.100694 0.313793
vt -0.137972 0.306194
vt -0.152240 0.313109
vt -0.149543 0.320708
vt -0.124292 0.313793
vt -0.124292 0.313793
vt -0.149543 0.320708
vt -0.152240 0.313109
vt -0.137972 0.306194
vt -0.065216 -0.000488
vt -0.017143 -0.012228
vt -0.048417 -0.033090
vt -0.065429 -0.003496
vt -0.065429 -0.003496
vt -0.048417 -0.033090
vt -0.017143 -0.012228
vt -0.065216 -0.000488
vt -0.065429 -0.003496
vt -0.048417 -0.033090
vt -0.082184 -0.049616
vt -0.068135 -0.002166
vt -0.068135 -0.002166
vt -0.082184 -0.049616
vt -0.048417 -0.033090
vt -0.065429 -0.003496
vt -0.017143 -0.012228
vt 0.014713 -0.046414
vt -0.025734 -0.072550
vt -0.048417 -0.033090
vt -0.048417 -0.033090
vt -0.025734 -0.072550
vt 0.014713 -0.046414
vt -0.017143 -0.012228
vt -0.048417 -0.033090
vt -0.025734 -0.072550
vt -0.068673 -0.094348
vt -0.082184 -0.049616
vt -0.082184 -0.049616
vt -0.068673 -0.094348
vt -0.025734 -0.072550
vt -0.048417 -0.033090
vt 0.014713 -0.046414
vt 0.031781 -0.093476
vt -0.001161 -0.115297
vt -0.025734 -0.072550
vt -0.025734 -0.072550
vt -0.001161 -0.115297
vt 0.031781 -0.093476
vt 0.014713 -0.046414
vt -0.025734 -0.072550
vt -0.001161 -0.115297
vt -0.036595 -0.132782
vt -0.068673 -0.094348
vt -0.068673 -0.094348
vt -0.036595 -0.132782
vt -0.001161 -0.115297
vt -0.025734 -0.072550
vt 0.031781 -0.093476
vt 0.034006 -0.135946
vt 0.017742 -0.148180
vt -0.001161 -0.115297
vt -0.001161 -0.115297
vt 0.017742 -0.148180
vt 0.034006 -0.135946
vt 0.031781 -0.093476
vt -0.001161 -0.115297
vt 0.017742 -0.148180
vt -0.001016 -0.156078
vt -0.036595 -0.132782
vt -0.036595 -0.132782
vt -0.001016 -0.156078
vt 0.017742 -0.148180
vt -0.001161 -0.115297
vt -0.135946 0.400861
vt -0.164903 0.408352
vt -0.167910 0.400753
vt -0.148180 0.393262
vt -0.148180 0.393262
vt -0.167910 0.400753
vt -0.164903 0.408352
vt -0.135946 0.400861
vt 0.017742 0.393262
vt 0.029083 0.400753
vt 0.026378 0.408352
vt -0.001016 0.400861
vt -0.001016 0.400861
vt 0.026378 0.408352
vt 0.029083 0.400753
vt 0.017742 0.393262
vt -0.049003 -0.027439
vt -0.091692 -0.020419
vt -0.072979 0.000306
vt -0.049786 -0.024756
vt -0.049786 -0.024756
vt -0.072979 0.000306
vt -0.091692 -0.020419
vt -0.049003 -0.027439
vt -0.049786 -0.024756
vt -0.072979 0.000306
vt -0.050869 0.017359
vt -0.047172 -0.025744
vt -0.047172 -0.025744
vt -0.050869 0.017359
vt -0.072979 0.000306
vt -0.049786 -0.024756
vt -0.091692 -0.020419
vt -0.128373 0.007669
vt -0.103903 0.033722
vt -0.072979 0.000306
vt -0.072979 0.000306
vt -0.103903 0.033722
vt -0.128373 0.007669
vt -0.091692 -0.020419
vt -0.072979 0.000306
vt -0.103903 0.033722
vt -0.076036 0.056103
vt -0.050869 0.017359
vt -0.050869 0.017359
vt -0.076036 0.056103
vt -0.103903 0.033722
vt -0.072979 0.000306
vt -0.128373 0.007669
vt -0.157163 0.048228
vt -0.137404 0.069922
vt -0.103903 0.033722
vt -0.103903 0.033722
vt -0.137404 0.069922
vt -0.157163 0.048228
vt -0.128373 0.007669
vt -0.103903 0.033722
vt -0.137404 0.069922
vt -0.114247 0.087944
vt -0.076036 0.056103
vt -0.076036 0.056103
vt -0.114247 0.087944
vt -0.137404 0.069922
vt -0.103903 0.033722
vt -0.157163 0.048228
vt -0.172466 0.085762
vt -0.163174 0.097769
vt -0.137404 0.069922
vt -0.137404 0.069922
vt -0.163174 0.097769
vt -0.172466 0.085762
vt -0.157163 0.048228
vt -0.137404 0.069922
vt -0.163174 0.097769
vt -0.150484 0.106104
vt -0.114247 0.087944
vt -0.114247 0.087944
vt -0.150484 0.106104
vt -0.163174 0.097769
vt -0.137404 0.069922
vt 0.085762 0.400869
vt 0.111793 0.408362
vt 0.114477 0.400763
vt 0.097769 0.393270
vt 0.097769 0.393270
vt 0.114477 0.400763
vt 0.111793 0.408362
vt 0.085762 0.400869
vt -0.163174 0.393270
vt -0.178636 0.400763
vt -0.176021 0.408362
vt -0.150484 0.400869
vt -0.150484 0.400869
vt -0.176021 0.408362
vt -0.178636 0.400763
vt -0.163174 0.393270
vt -0.093629 -0.012142
vt -0.054928 -0.040633
vt -0.081379 -0.052142
vt -0.094086 -0.014805
vt -0.094086 -0.014805
vt -0.081379 -0.052142
vt -0.054928 -0.040633
vt -0.093629 -0.012142
vt -0.094086 -0.014805
vt -0.081379 -0.052142
vt -0.109360 -0.059157
vt -0.096072 -0.012974
vt -0.096072 -0.012974
vt -0.109360 -0.059157
vt -0.081379 -0.052142
vt -0.094086 -0.014805
vt -0.054928 -0.040633
vt -0.030309 -0.087803
vt -0.064437 -0.101925
vt -0.081379 -0.052142
vt -0.081379 -0.052142
vt -0.064437 -0.101925
vt -0.030309 -0.087803
vt -0.054928 -0.040633
vt -0.081379 -0.052142
vt -0.064437 -0.101925
vt -0.100095 -0.111552
vt -0.109360 -0.059157
vt -0.109360 -0.059157
vt -0.100095 -0.111552
vt -0.064437 -0.101925
vt -0.081379 -0.052142
vt -0.030309 -0.087803
vt -0.018237 -0.143871
vt -0.046084 -0.155856
vt -0.064437 -0.101925
vt -0.064437 -0.101925
vt -0.046084 -0.155856
vt -0.018237 -0.143871
vt -0.030309 -0.087803
vt -0.064437 -0.101925
vt -0.046084 -0.155856
vt -0.075461 -0.163346
vt -0.100095 -0.111552
vt -0.100095 -0.111552
vt -0.075461 -0.163346
vt -0.046084 -0.155856
vt -0.064437 -0.101925
vt -0.018237 -0.143871
vt -0.018076 -0.190107
vt -0.031966 -0.197341
vt -0.046084 -0.155856
vt -0.046084 -0.155856
vt -0.031966 -0.197341
vt -0.018076 -0.190107
vt -0.018237 -0.143871
vt -0.046084 -0.155856
vt -0.031966 -0.197341
vt -0.047385 -0.200081
vt -0.075461 -0.163346
vt -0.075461 -0.163346
vt -0.047385 -0.200081
vt -0.031966 -0.197341
vt -0.046084 -0.155856
vt -0.190107 0.488295
vt -0.219570 0.496465
vt -0.222233 0.488825
vt -0.197341 0.480655
vt -0.197341 0.480655
vt -0.222233 0.488825
vt -0.219570 0.496465
vt -0.190107 0.488295
vt -0.031966 -0.197341
vt -0.023495 -0.222233
vt -0.025481 -0.220401
vt -0.047385 -0.200081
vt -0.047385 -0.200081
vt -0.025481 -0.220401
vt -0.023495 -0.222233
vt -0.031966 -0.197341
vt -0.080211 -0.044465
vt -0.133002 -0.034505
vt -0.103471 -0.009877
vt -0.080228 -0.041532
vt -0.080228 -0.041532
vt -0.103471 -0.009877
vt -0.133002 -0.034505
vt -0.080211 -0.044465
vt -0.080228 -0.041532
vt -0.103471 -0.009877
vt -0.071130 0.010924
vt -0.077435 -0.042427
vt -0.077435 -0.042427
vt -0.071130 0.010924
vt -0.103471 -0.009877
vt -0.080228 -0.041532
vt -0.133002 -0.034505
vt -0.172718 0.001295
vt -0.134461 0.032330
vt -0.103471 -0.009877
vt -0.103471 -0.009877
vt -0.134461 0.032330
vt -0.172718 0.001295
vt -0.133002 -0.034505
vt -0.103471 -0.009877
vt -0.134461 0.032330
vt -0.093395 0.059538
vt -0.071130 0.010924
vt -0.071130 0.010924
vt -0.093395 0.059538
vt -0.134461 0.032330
vt -0.103471 -0.009877
vt -0.172718 0.001295
vt -0.199152 0.052261
vt -0.168034 0.078054
vt -0.134461 0.032330
vt -0.134461 0.032330
vt -0.168034 0.078054
vt -0.199152 0.052261
vt -0.172718 0.001295
vt -0.134461 0.032330
vt -0.168034 0.078054
vt -0.134107 0.100021
vt -0.093395 0.059538
vt -0.093395 0.059538
vt -0.134107 0.100021
vt -0.168034 0.078054
vt -0.134461 0.032330
vt -0.199152 0.052261
vt -0.209113 0.099082
vt -0.193860 0.113227
vt -0.168034 0.078054
vt -0.168034 0.078054
vt -0.193860 0.113227
vt -0.209113 0.099082
vt -0.199152 0.052261
vt -0.168034 0.078054
vt -0.193860 0.113227
vt -0.175797 0.123545
vt -0.134107 0.100021
vt -0.134107 0.100021
vt -0.175797 0.123545
vt -0.193860 0.113227
vt -0.168034 0.078054
vt 0.099082 0.488185
vt 0.131398 0.496320
vt 0.134330 0.488680
vt 0.113227 0.480545
vt 0.113227 0.480545
vt 0.134330 0.488680
vt 0.131398 0.496320
vt 0.099082 0.488185
vt -0.193860 0.113227
vt -0.209355 0.134330
vt -0.206562 0.133436
vt -0.175797 0.123545
vt -0.175797 0.123545
vt -0.206562 0.133436
vt -0.209355 0.134330
vt -0.193860 0.113227
vt -0.128708 -0.039294
vt -0.086141 -0.060943
vt -0.118404 -0.074430
vt -0.129425 -0.042045
vt -0.129425 -0.042045
vt -0.118404 -0.074430
vt -0.086141 -0.060943
vt -0.128708 -0.039294
vt -0.129425 -0.042045
vt -0.118404 -0.074430
vt -0.152196 -0.083423
vt -0.131672 -0.040302
vt -0.131672 -0.040302
vt -0.152196 -0.083423
vt -0.118404 -0.074430
vt -0.129425 -0.042045
vt -0.086141 -0.060943
vt -0.062131 -0.100953
vt -0.103709 -0.117610
vt -0.118404 -0.074430
vt -0.118404 -0.074430
vt -0.103709 -0.117610
vt -0.062131 -0.100953
vt -0.086141 -0.060943
vt -0.118404 -0.074430
vt -0.103709 -0.117610
vt -0.146817 -0.129773
vt -0.152196 -0.083423
vt -0.152196 -0.083423
vt -0.146817 -0.129773
vt -0.103709 -0.117610
vt -0.118404 -0.074430
vt -0.062131 -0.100953
vt -0.053833 -0.150325
vt -0.087790 -0.164388
vt -0.103709 -0.117610
vt -0.103709 -0.117610
vt -0.087790 -0.164388
vt -0.053833 -0.150325
vt -0.062131 -0.100953
vt -0.103709 -0.117610
vt -0.087790 -0.164388
vt -0.123276 -0.173957
vt -0.146817 -0.129773
vt -0.146817 -0.129773
vt -0.123276 -0.173957
vt -0.087790 -0.164388
vt -0.103709 -0.117610
vt -0.053833 -0.150325
vt -0.058525 -0.192072
vt -0.075544 -0.200371
vt -0.087790 -0.164388
vt -0.087790 -0.164388
vt -0.075544 -0.200371
vt -0.058525 -0.192072
vt -0.053833 -0.150325
vt -0.087790 -0.164388
vt -0.075544 -0.200371
vt -0.094093 -0.204176
vt -0.123276 -0.173957
vt -0.123276 -0.173957
vt -0.094093 -0.204176
vt -0.075544 -0.200371
vt -0.087790 -0.164388
vt -0.192072 0.570108
vt -0.219210 0.577194
vt -0.221961 0.569555
vt -0.200371 0.562469
vt -0.200371 0.562469
vt -0.221961 0.569555
vt -0.219210 0.577194
vt -0.192072 0.570108
vt -0.075544 -0.200371
vt -0.068197 -0.221961
vt -0.070444 -0.220219
vt -0.094093 -0.204176
vt -0.094093 -0.204176
vt -0.070444 -0.220219
vt -0.068197 -0.221961
vt -0.075544 -0.200371
vt -0.115667 -0.068504
vt -0.158683 -0.055159
vt -0.137492 -0.036654
vt -0.116057 -0.065846
vt -0.116057 -0.065846
vt -0.137492 -0.036654
vt -0.158683 -0.055159
vt -0.115667 -0.068504
vt -0.116057 -0.065846
vt -0.137492 -0.036654
vt -0.113490 -0.021976
vt -0.113639 -0.067015
vt -0.113639 -0.067015
vt -0.113490 -0.021976
vt -0.137492 -0.036654
vt -0.116057 -0.065846
vt -0.158683 -0.055159
vt -0.193636 -0.020916
vt -0.166071 0.002269
vt -0.137492 -0.036654
vt -0.137492 -0.036654
vt -0.166071 0.002269
vt -0.193636 -0.020916
vt -0.158683 -0.055159
vt -0.137492 -0.036654
vt -0.166071 0.002269
vt -0.135696 0.021627
vt -0.113490 -0.021976
vt -0.113490 -0.021976
vt -0.135696 0.021627
vt -0.166071 0.002269
vt -0.137492 -0.036654
vt -0.193636 -0.020916
vt -0.219382 0.025079
vt -0.197031 0.044435
vt -0.166071 0.002269
vt -0.166071 0.002269
vt -0.197031 0.044435
vt -0.219382 0.025079
vt -0.193636 -0.020916
vt -0.166071 0.002269
vt -0.197031 0.044435
vt -0.171871 0.059964
vt -0.135696 0.021627
vt -0.135696 0.021627
vt -0.171871 0.059964
vt -0.197031 0.044435
vt -0.166071 0.002269
vt -0.219382 0.025079
vt -0.231609 0.066023
vt -0.220847 0.076870
vt -0.197031 0.044435
vt -0.197031 0.044435
vt -0.220847 0.076870
vt -0.231609 0.066023
vt -0.219382 0.025079
vt -0.197031 0.044435
vt -0.220847 0.076870
vt -0.207275 0.083891
vt -0.171871 0.059964
vt -0.171871 0.059964
vt -0.207275 0.083891
vt -0.220847 0.076870
vt -0.197031 0.044435
vt 0.066023 0.571425
vt 0.093674 0.578927
vt 0.096332 0.571287
vt 0.076870 0.563785
vt 0.076870 0.563785
vt 0.096332 0.571287
vt 0.093674 0.578927
vt 0.066023 0.571425
vt -0.220847 0.563785
vt -0.235136 0.571287
vt -0.232717 0.578927
vt -0.207275 0.571425
vt -0.207275 0.571425
vt -0.232717 0.578927
vt -0.235136 0.571287
vt -0.220847 0.563785
vt -0.171239 0.637953
vt -0.171104 0.671453
vt -0.192837 0.667936
vt -0.178300 0.634436
vt -0.178300 0.634436
vt -0.192837 0.667936
vt -0.171104 0.671453
vt -0.171239 0.637953
vt -0.079501 0.634436
vt -0.087082 0.667936
vt -0.054301 0.671453
vt -0.074857 0.637953
vt -0.074857 0.637953
vt -0.054301 0.671453
vt -0.087082 0.667936
vt -0.079501 0.634436
vt -0.113218 0.671453
vt -0.131635 0.716119
vt -0.097190 0.712602
vt -0.087082 0.667936
vt -0.087082 0.667936
vt -0.097190 0.712602
vt -0.131635 0.716119
vt -0.113218 0.671453
vt -0.087082 0.667936
vt -0.097190 0.712602
vt -0.056100 0.716119
vt -0.054301 0.671453
vt -0.054301 0.671453
vt -0.056100 0.716119
vt -0.097190 0.712602
vt -0.087082 0.667936
vt -0.131635 0.716119
vt -0.135787 0.764508
vt -0.108141 0.760991
vt -0.097190 0.712602
vt -0.097190 0.712602
vt -0.108141 0.760991
vt -0.135787 0.764508
vt -0.131635 0.716119
vt -0.097190 0.712602
vt -0.108141 0.760991
vt -0.073849 0.764508
vt -0.056100 0.716119
vt -0.056100 0.716119
vt -0.073849 0.764508
vt -0.108141 0.760991
vt -0.097190 0.712602
vt -0.210698 0.764508
vt -0.234729 0.801730
vt -0.249372 0.798213
vt -0.233220 0.760991
vt -0.233220 0.760991
vt -0.249372 0.798213
vt -0.234729 0.801730
vt -0.210698 0.764508
vt -0.108141 0.760991
vt -0.116564 0.798213
vt -0.097379 0.801730
vt -0.073849 0.764508
vt -0.073849 0.764508
vt -0.097379 0.801730
vt -0.116564 0.798213
vt -0.108141 0.760991
vt -0.234729 0.801730
vt -0.252004 0.824063
vt -0.259064 0.820546
vt -0.249372 0.798213
vt -0.249372 0.798213
vt -0.259064 0.820546
vt -0.252004 0.824063
vt -0.234729 0.801730
vt -0.116564 0.798213
vt -0.121618 0.820546
vt -0.116974 0.824063
vt -0.097379 0.801730
vt -0.097379 0.801730
vt -0.116974 0.824063
vt -0.121618 0.820546
vt -0.116564 0.798213
vt 0.025627 0.056789
vt 0.030842 0.044197
vt 0.025627 0.031941
vt 0.013036 0.027200
vt 0.000446 0.032752
vt -0.004769 0.045344
vt 0.000446 0.057600
vt 0.013036 0.062340
vt -0.043344 -0.025629
vt -0.052088 -0.028921
vt -0.055709 -0.037432
vt -0.052088 -0.046177
vt -0.043344 -0.050032
vt -0.034601 -0.046740
vt -0.030980 -0.038229
vt -0.034601 -0.029484
vt 0.013036 0.012800
vt 0.000446 0.009833
vt -0.052088 0.380734
vt -0.043344 0.382795
vt 0.057600 0.009833
vt 0.045344 0.006313
vt -0.037432 0.378290
vt -0.028921 0.380734
vt 0.045344 0.006313
vt 0.032752 0.004303
vt -0.046177 0.376894
vt -0.037432 0.378290
vt 0.000446 0.004303
vt 0.013036 0.004980
vt -0.043344 0.377364
vt -0.052088 0.376894
vt 0.013036 0.004980
vt 0.025627 0.007948
vt -0.034601 0.379425
vt -0.043344 0.377364
vt 0.031941 0.007948
vt 0.044197 0.011467
vt -0.038229 0.381869
vt -0.046740 0.379425
vt 0.044197 0.011467
vt 0.056789 0.013477
vt -0.029484 0.383265
vt -0.038229 0.381869
vt 0.025627 0.013477
vt 0.013036 0.012800
vt -0.043344 0.382795
vt -0.034601 0.383265
vt -0.034787 -0.030069
vt -0.031243 -0.038774
vt -0.034787 -0.046926
vt -0.043344 -0.049750
vt -0.051901 -0.045592
vt -0.055446 -0.036887
vt -0.051901 -0.028735
vt -0.043344 -0.025911
vt -0.116298 -0.116512
vt -0.120748 -0.117980
vt -0.122591 -0.122220
vt -0.120748 -0.126746
vt -0.116298 -0.128908
vt -0.111848 -0.127440
vt -0.110005 -0.123200
vt -0.111848 -0.118674
vt -0.043344 0.383844
vt -0.051901 0.380629
vt -0.120748 0.649158
vt -0.116298 0.650829
vt -0.028735 0.380629
vt -0.036887 0.377093
vt -0.122220 0.647319
vt -0.117980 0.649158
vt -0.036887 0.377093
vt -0.045592 0.375306
vt -0.126746 0.646390
vt -0.122220 0.647319
vt -0.051901 0.375306
vt -0.043344 0.376315
vt -0.116298 0.646914
vt -0.120748 0.646390
vt -0.043344 0.376315
vt -0.034787 0.379530
vt -0.111848 0.648586
vt -0.116298 0.646914
vt -0.046926 0.379530
vt -0.038774 0.383066
vt -0.123200 0.650425
vt -0.127440 0.648586
vt -0.038774 0.383066
vt -0.030069 0.384853
vt -0.118674 0.651354
vt -0.123200 0.650425
vt -0.034787 0.384853
vt -0.043344 0.383844
vt -0.116298 0.650829
vt -0.111848 0.651354
vt -0.017665 -0.008969
vt 0.029417 -0.008523
vt 0.011196 -0.034622
vt -0.016602 -0.011692
vt -0.016602 -0.011692
vt 0.011196 -0.034622
vt 0.029417 -0.008523
vt -0.017665 -0.008969
vt -0.016602 -0.011692
vt 0.011196 -0.034622
vt -0.010962 -0.057474
vt -0.019477 -0.011166
vt -0.019477 -0.011166
vt -0.010962 -0.057474
vt 0.011196 -0.034622
vt -0.016602 -0.011692
vt 0.029417 -0.008523
vt 0.072176 -0.032194
vt 0.048261 -0.065197
vt 0.011196 -0.034622
vt 0.011196 -0.034622
vt 0.048261 -0.065197
vt 0.072176 -0.032194
vt 0.029417 -0.008523
vt 0.011196 -0.034622
vt 0.048261 -0.065197
vt 0.020409 -0.094951
vt -0.010962 -0.057474
vt -0.010962 -0.057474
vt 0.020409 -0.094951
vt 0.048261 -0.065197
vt 0.011196 -0.034622
vt 0.072176 -0.032194
vt 0.107671 -0.070965
vt 0.088414 -0.098319
vt 0.048261 -0.065197
vt 0.048261 -0.065197
vt 0.088414 -0.098319
vt 0.107671 -0.070965
vt 0.072176 -0.032194
vt 0.048261 -0.065197
vt 0.088414 -0.098319
vt 0.065221 -0.122425
vt 0.020409 -0.094951
vt 0.020409 -0.094951
vt 0.065221 -0.122425
vt 0.088414 -0.098319
vt 0.048261 -0.065197
vt 0.107671 -0.070965
vt 0.128204 -0.108995
vt 0.119302 -0.123797
vt 0.088414 -0.098319
vt 0.088414 -0.098319
vt 0.119302 -0.123797
vt 0.128204 -0.108995
vt 0.107671 -0.070965
vt 0.088414 -0.098319
vt 0.119302 -0.123797
vt 0.106462 -0.135353
vt 0.065221 -0.122425
vt 0.065221 -0.122425
vt 0.106462 -0.135353
vt 0.119302 -0.123797
vt 0.088414 -0.098319
vt -0.108995 0.310868
vt -0.136363 0.318954
vt -0.139085 0.311372
vt -0.123797 0.303286
vt -0.123797 0.303286
vt -0.139085 0.311372
vt -0.136363 0.318954
vt -0.108995 0.310868
vt 0.119302 0.303286
vt 0.137834 0.311372
vt 0.134960 0.318954
vt 0.106462 0.310868
vt 0.106462 0.310868
vt 0.134960 0.318954
vt 0.137834 0.311372
vt 0.119302 0.303286
vt -0.007135 -0.019569
vt -0.052467 -0.027321
vt -0.040011 0.000290
vt -0.008706 -0.017144
vt -0.008706 -0.017144
vt -0.040011 0.000290
vt -0.052467 -0.027321
vt -0.007135 -0.019569
vt -0.008706 -0.017144
vt -0.040011 0.000290
vt -0.023096 0.025418
vt -0.005817 -0.017202
vt -0.005817 -0.017202
vt -0.023096 0.025418
vt -0.040011 0.000290
vt -0.008706 -0.017144
vt -0.052467 -0.027321
vt -0.098348 -0.011514
vt -0.081750 0.023535
vt -0.040011 0.000290
vt -0.040011 0.000290
vt -0.081750 0.023535
vt -0.098348 -0.011514
vt -0.052467 -0.027321
vt -0.040011 0.000290
vt -0.081750 0.023535
vt -0.060693 0.056101
vt -0.023096 0.025418
vt -0.023096 0.025418
vt -0.060693 0.056101
vt -0.081750 0.023535
vt -0.040011 0.000290
vt -0.098348 -0.011514
vt -0.140177 0.019754
vt -0.126968 0.048717
vt -0.081750 0.023535
vt -0.081750 0.023535
vt -0.126968 0.048717
vt -0.140177 0.019754
vt -0.098348 -0.011514
vt -0.081750 0.023535
vt -0.126968 0.048717
vt -0.109300 0.075198
vt -0.060693 0.056101
vt -0.060693 0.056101
vt -0.109300 0.075198
vt -0.126968 0.048717
vt -0.081750 0.023535
vt -0.140177 0.019754
vt -0.167429 0.052647
vt -0.161751 0.068088
vt -0.126968 0.048717
vt -0.126968 0.048717
vt -0.161751 0.068088
vt -0.167429 0.052647
vt -0.140177 0.019754
vt -0.126968 0.048717
vt -0.161751 0.068088
vt -0.151614 0.081046
vt -0.109300 0.075198
vt -0.109300 0.075198
vt -0.151614 0.081046
vt -0.161751 0.068088
vt -0.126968 0.048717
vt 0.052647 0.310723
vt 0.077286 0.318763
vt 0.079711 0.311181
vt 0.068088 0.303141
vt 0.068088 0.303141
vt 0.079711 0.311181
vt 0.077286 0.318763
vt 0.052647 0.310723
vt -0.161751 0.303141
vt -0.182621 0.311181
vt -0.179733 0.318763
vt -0.151614 0.310723
vt -0.151614 0.310723
vt -0.179733 0.318763
vt -0.182621 0.311181
vt -0.161751 0.303141
vt -0.040379 -0.019755
vt 0.009315 -0.020249
vt -0.009530 -0.047105
vt -0.039344 -0.022511
vt -0.039344 -0.022511
vt -0.009530 -0.047105
vt 0.009315 -0.020249
vt -0.040379 -0.019755
vt -0.039344 -0.022511
vt -0.009530 -0.047105
vt -0.032312 -0.070713
vt -0.042247 -0.022020
vt -0.042247 -0.022020
vt -0.032312 -0.070713
vt -0.009530 -0.047105
vt -0.039344 -0.022511
vt 0.009315 -0.020249
vt 0.054938 -0.045923
vt 0.030222 -0.079896
vt -0.009530 -0.047105
vt -0.009530 -0.047105
vt 0.030222 -0.079896
vt 0.054938 -0.045923
vt 0.009315 -0.020249
vt -0.009530 -0.047105
vt 0.030222 -0.079896
vt 0.001570 -0.110621
vt -0.032312 -0.070713
vt -0.032312 -0.070713
vt 0.001570 -0.110621
vt 0.030222 -0.079896
vt -0.009530 -0.047105
vt 0.054938 -0.045923
vt 0.093200 -0.087270
vt 0.073287 -0.115420
vt 0.030222 -0.079896
vt 0.030222 -0.079896
vt 0.073287 -0.115420
vt 0.093200 -0.087270
vt 0.054938 -0.045923
vt 0.030222 -0.079896
vt 0.073287 -0.115420
vt 0.049438 -0.140322
vt 0.001570 -0.110621
vt 0.001570 -0.110621
vt 0.049438 -0.140322
vt 0.073287 -0.115420
vt 0.030222 -0.079896
vt 0.093200 -0.087270
vt 0.115653 -0.127536
vt 0.106414 -0.142746
vt 0.073287 -0.115420
vt 0.073287 -0.115420
vt 0.106414 -0.142746
vt 0.115653 -0.127536
vt 0.093200 -0.087270
vt 0.073287 -0.115420
vt 0.106414 -0.142746
vt 0.093238 -0.154708
vt 0.049438 -0.140322
vt 0.049438 -0.140322
vt 0.093238 -0.154708
vt 0.106414 -0.142746
vt 0.073287 -0.115420
vt -0.127536 0.395922
vt -0.156385 0.404594
vt -0.159141 0.397012
vt -0.142746 0.388340
vt -0.142746 0.388340
vt -0.159141 0.397012
vt -0.156385 0.404594
vt -0.127536 0.395922
vt 0.106414 0.388340
vt 0.126290 0.397012
vt 0.123388 0.404594
vt 0.093238 0.395922
vt 0.093238 0.395922
vt 0.123388 0.404594
vt 0.126290 0.397012
vt 0.106414 0.388340
vt -0.031207 -0.029907
vt -0.079043 -0.038812
vt -0.065453 -0.009165
vt -0.032727 -0.027391
vt -0.032727 -0.027391
vt -0.065453 -0.009165
vt -0.079043 -0.038812
vt -0.031207 -0.029907
vt -0.032727 -0.027391
vt -0.065453 -0.009165
vt -0.047405 0.017998
vt -0.029787 -0.027358
vt -0.029787 -0.027358
vt -0.047405 0.017998
vt -0.065453 -0.009165
vt -0.032727 -0.027391
vt -0.079043 -0.038812
vt -0.127140 -0.022523
vt -0.109089 0.015135
vt -0.065453 -0.009165
vt -0.065453 -0.009165
vt -0.109089 0.015135
vt -0.127140 -0.022523
vt -0.079043 -0.038812
vt -0.065453 -0.009165
vt -0.109089 0.015135
vt -0.086578 0.050311
vt -0.047405 0.017998
vt -0.047405 0.017998
vt -0.086578 0.050311
vt -0.109089 0.015135
vt -0.065453 -0.009165
vt -0.127140 -0.022523
vt -0.170761 0.010358
vt -0.156360 0.041461
vt -0.109089 0.015135
vt -0.109089 0.015135
vt -0.156360 0.041461
vt -0.170761 0.010358
vt -0.127140 -0.022523
vt -0.109089 0.015135
vt -0.156360 0.041461
vt -0.137501 0.070082
vt -0.086578 0.050311
vt -0.086578 0.050311
vt -0.137501 0.070082
vt -0.156360 0.041461
vt -0.109089 0.015135
vt -0.170761 0.010358
vt -0.199012 0.045175
vt -0.192723 0.061712
vt -0.156360 0.041461
vt -0.156360 0.041461
vt -0.192723 0.061712
vt -0.199012 0.045175
vt -0.170761 0.010358
vt -0.156360 0.041461
vt -0.192723 0.061712
vt -0.181976 0.075766
vt -0.137501 0.070082
vt -0.137501 0.070082
vt -0.181976 0.075766
vt -0.192723 0.061712
vt -0.156360 0.041461
vt 0.045175 0.395077
vt 0.071346 0.403482
vt 0.073863 0.395900
vt 0.061712 0.387495
vt 0.061712 0.387495
vt 0.073863 0.395900
vt 0.071346 0.403482
vt 0.045175 0.395077
vt -0.192723 0.387495
vt -0.214541 0.395900
vt -0.211602 0.403482
vt -0.181976 0.395077
vt -0.181976 0.395077
vt -0.211602 0.403482
vt -0.214541 0.395900
vt -0.192723 0.387495
vt -0.034308 -0.063458
vt 0.011078 -0.063564
vt -0.013769 -0.088935
vt -0.033874 -0.066337
vt -0.033874 -0.066337
vt -0.013769 -0.088935
vt 0.011078 -0.063564
vt -0.034308 -0.063458
vt -0.033874 -0.066337
vt -0.013769 -0.088935
vt -0.041858 -0.110660
vt -0.036683 -0.065571
vt -0.036683 -0.065571
vt -0.041858 -0.110660
vt -0.013769 -0.088935
vt -0.033874 -0.066337
vt 0.011078 -0.063564
vt 0.045350 -0.087054
vt 0.013038 -0.119066
vt -0.013769 -0.088935
vt -0.013769 -0.088935
vt 0.013038 -0.119066
vt 0.045350 -0.087054
vt 0.011078 -0.063564
vt -0.013769 -0.088935
vt 0.013038 -0.119066
vt -0.022517 -0.147433
vt -0.041858 -0.110660
vt -0.041858 -0.110660
vt -0.022517 -0.147433
vt 0.013038 -0.119066
vt -0.013769 -0.088935
vt 0.045350 -0.087054
vt 0.068282 -0.125130
vt 0.042079 -0.151708
vt 0.013038 -0.119066
vt 0.013038 -0.119066
vt 0.042079 -0.151708
vt 0.068282 -0.125130
vt 0.045350 -0.087054
vt 0.013038 -0.119066
vt 0.042079 -0.151708
vt 0.012631 -0.174641
vt -0.022517 -0.147433
vt -0.022517 -0.147433
vt 0.012631 -0.174641
vt 0.042079 -0.151708
vt 0.013038 -0.119066
vt 0.068282 -0.125130
vt 0.077048 -0.162315
vt 0.064417 -0.176817
vt 0.042079 -0.151708
vt 0.042079 -0.151708
vt 0.064417 -0.176817
vt 0.077048 -0.162315
vt 0.068282 -0.125130
vt 0.042079 -0.151708
vt 0.064417 -0.176817
vt 0.048544 -0.187674
vt 0.012631 -0.174641
vt 0.012631 -0.174641
vt 0.048544 -0.187674
vt 0.064417 -0.176817
vt 0.042079 -0.151708
vt -0.162315 0.472144
vt -0.189003 0.478602
vt -0.191883 0.470983
vt -0.176817 0.464526
vt -0.176817 0.464526
vt -0.191883 0.470983
vt -0.189003 0.478602
vt -0.162315 0.472144
vt 0.064417 0.464526
vt 0.077821 0.470983
vt 0.075011 0.478602
vt 0.048544 0.472144
vt 0.048544 0.472144
vt 0.075011 0.478602
vt 0.077821 0.470983
vt 0.064417 0.464526
vt -0.053118 -0.048902
vt -0.100927 -0.057535
vt -0.083982 -0.026981
vt -0.054311 -0.046261
vt -0.054311 -0.046261
vt -0.083982 -0.026981
vt -0.100927 -0.057535
vt -0.053118 -0.048902
vt -0.054311 -0.046261
vt -0.083982 -0.026981
vt -0.062946 0.000915
vt -0.051413 -0.046279
vt -0.051413 -0.046279
vt -0.062946 0.000915
vt -0.083982 -0.026981
vt -0.054311 -0.046261
vt -0.100927 -0.057535
vt -0.145845 -0.040071
vt -0.123544 -0.001273
vt -0.083982 -0.026981
vt -0.083982 -0.026981
vt -0.123544 -0.001273
vt -0.145845 -0.040071
vt -0.100927 -0.057535
vt -0.083982 -0.026981
vt -0.123544 -0.001273
vt -0.097151 0.034866
vt -0.062946 0.000915
vt -0.062946 0.000915
vt -0.097151 0.034866
vt -0.123544 -0.001273
vt -0.083982 -0.026981
vt -0.145845 -0.040071
vt -0.184321 -0.005477
vt -0.166402 0.026577
vt -0.123544 -0.001273
vt -0.123544 -0.001273
vt -0.166402 0.026577
vt -0.184321 -0.005477
vt -0.145845 -0.040071
vt -0.123544 -0.001273
vt -0.166402 0.026577
vt -0.144391 0.055971
vt -0.097151 0.034866
vt -0.097151 0.034866
vt -0.144391 0.055971
vt -0.166402 0.026577
vt -0.123544 -0.001273
vt -0.184321 -0.005477
vt -0.207550 0.030933
vt -0.199370 0.047999
vt -0.166402 0.026577
vt -0.166402 0.026577
vt -0.199370 0.047999
vt -0.207550 0.030933
vt -0.184321 -0.005477
vt -0.166402 0.026577
vt -0.199370 0.047999
vt -0.187098 0.062407
vt -0.144391 0.055971
vt -0.144391 0.055971
vt -0.187098 0.062407
vt -0.199370 0.047999
vt -0.166402 0.026577
vt 0.030933 0.475618
vt 0.058212 0.483172
vt 0.060853 0.475553
vt 0.047999 0.467999
vt 0.047999 0.467999
vt 0.060853 0.475553
vt 0.058212 0.483172
vt 0.030933 0.475618
vt -0.199370 0.467999
vt -0.219150 0.475553
vt -0.216252 0.483172
vt -0.187098 0.475618
vt -0.187098 0.475618
vt -0.216252 0.483172
vt -0.219150 0.475553
vt -0.199370 0.467999
vt -0.059935 -0.086175
vt -0.012546 -0.086881
vt -0.038252 -0.113016
vt -0.059539 -0.089089
vt -0.059539 -0.089089
vt -0.038252 -0.113016
vt -0.012546 -0.086881
vt -0.059935 -0.086175
vt -0.059539 -0.089089
vt -0.038252 -0.113016
vt -0.067201 -0.135506
vt -0.062387 -0.088357
vt -0.062387 -0.088357
vt -0.067201 -0.135506
vt -0.038252 -0.113016
vt -0.059539 -0.089089
vt -0.012546 -0.086881
vt 0.023546 -0.111927
vt -0.009868 -0.144920
vt -0.038252 -0.113016
vt -0.038252 -0.113016
vt -0.009868 -0.144920
vt 0.023546 -0.111927
vt -0.012546 -0.086881
vt -0.038252 -0.113016
vt -0.009868 -0.144920
vt -0.046525 -0.174267
vt -0.067201 -0.135506
vt -0.067201 -0.135506
vt -0.046525 -0.174267
vt -0.009868 -0.144920
vt -0.038252 -0.113016
vt 0.023546 -0.111927
vt 0.047988 -0.152099
vt 0.020881 -0.179482
vt -0.009868 -0.144920
vt -0.009868 -0.144920
vt 0.020881 -0.179482
vt 0.047988 -0.152099
vt 0.023546 -0.111927
vt -0.009868 -0.144920
vt 0.020881 -0.179482
vt -0.009470 -0.203218
vt -0.046525 -0.174267
vt -0.046525 -0.174267
vt -0.009470 -0.203218
vt 0.020881 -0.179482
vt -0.009868 -0.144920
vt 0.047988 -0.152099
vt 0.057627 -0.191153
vt 0.044533 -0.206068
vt 0.020881 -0.179482
vt 0.020881 -0.179482
vt 0.044533 -0.206068
vt 0.057627 -0.191153
vt 0.047988 -0.152099
vt 0.020881 -0.179482
vt 0.044533 -0.206068
vt 0.028197 -0.217336
vt -0.009470 -0.203218
vt -0.009470 -0.203218
vt 0.028197 -0.217336
vt 0.044533 -0.206068
vt 0.020881 -0.179482
vt -0.191153 0.556545
vt -0.219106 0.563382
vt -0.222019 0.555763
vt -0.206068 0.548926
vt -0.206068 0.548926
vt -0.222019 0.555763
vt -0.219106 0.563382
vt -0.191153 0.556545
vt 0.044533 0.548926
vt 0.058725 0.555763
vt 0.055877 0.563382
vt 0.028197 0.556545
vt 0.028197 0.556545
vt 0.055877 0.563382
vt 0.058725 0.555763
vt 0.044533 0.548926
vt -0.072185 -0.076759
vt -0.122966 -0.084393
vt -0.105575 -0.053153
vt -0.073359 -0.074088
vt -0.073359 -0.074088
vt -0.105575 -0.053153
vt -0.122966 -0.084393
vt -0.072185 -0.076759
vt -0.073359 -0.074088
vt -0.105575 -0.053153
vt -0.084094 -0.024572
vt -0.070441 -0.074075
vt -0.070441 -0.074075
vt -0.084094 -0.024572
vt -0.105575 -0.053153
vt -0.073359 -0.074088
vt -0.122966 -0.084393
vt -0.171403 -0.064916
vt -0.148531 -0.025240
vt -0.105575 -0.053153
vt -0.105575 -0.053153
vt -0.148531 -0.025240
vt -0.171403 -0.064916
vt -0.122966 -0.084393
vt -0.105575 -0.053153
vt -0.148531 -0.025240
vt -0.121567 0.011777
vt -0.084094 -0.024572
vt -0.084094 -0.024572
vt -0.121567 0.011777
vt -0.148531 -0.025240
vt -0.105575 -0.053153
vt -0.171403 -0.064916
vt -0.213453 -0.027774
vt -0.195066 0.004999
vt -0.148531 -0.025240
vt -0.148531 -0.025240
vt -0.195066 0.004999
vt -0.213453 -0.027774
vt -0.171403 -0.064916
vt -0.148531 -0.025240
vt -0.195066 0.004999
vt -0.172587 0.035114
vt -0.121567 0.011777
vt -0.121567 0.011777
vt -0.172587 0.035114
vt -0.195066 0.004999
vt -0.148531 -0.025240
vt -0.213453 -0.027774
vt -0.239282 0.010825
vt -0.230862 0.028260
vt -0.195066 0.004999
vt -0.195066 0.004999
vt -0.230862 0.028260
vt -0.239282 0.010825
vt -0.213453 -0.027774
vt -0.195066 0.004999
vt -0.230862 0.028260
vt -0.218351 0.043036
vt -0.172587 0.035114
vt -0.172587 0.035114
vt -0.218351 0.043036
vt -0.230862 0.028260
vt -0.195066 0.004999
vt 0.010825 0.560868
vt 0.039545 0.569070
vt 0.042216 0.561451
vt 0.028260 0.553249
vt 0.028260 0.553249
vt 0.042216 0.561451
vt 0.039545 0.569070
vt 0.010825 0.560868
vt -0.230862 0.553249
vt -0.252340 0.561451
vt -0.249422 0.569070
vt -0.218351 0.560868
vt -0.218351 0.560868
vt -0.249422 0.569070
vt -0.252340 0.561451
vt -0.230862 0.553249
vt -0.111719 0.623947
vt -0.152849 0.655316
vt -0.118701 0.657725
vt -0.110187 0.626356
vt -0.110187 0.626356
vt -0.118701 0.657725
vt -0.152849 0.655316
vt -0.111719 0.623947
vt -0.110187 0.626356
vt -0.118701 0.657725
vt -0.084553 0.655316
vt -0.108655 0.623947
vt -0.108655 0.623947
vt -0.084553 0.655316
vt -0.118701 0.657725
vt -0.110187 0.626356
vt -0.152849 0.655316
vt -0.173833 0.697142
vt -0.130053 0.699551
vt -0.118701 0.657725
vt -0.118701 0.657725
vt -0.130053 0.699551
vt -0.173833 0.697142
vt -0.152849 0.655316
vt -0.118701 0.657725
vt -0.130053 0.699551
vt -0.086273 0.697142
vt -0.084553 0.655316
vt -0.084553 0.655316
vt -0.086273 0.697142
vt -0.130053 0.699551
vt -0.118701 0.657725
vt -0.173833 0.697142
vt -0.178251 0.742454
vt -0.142351 0.744863
vt -0.130053 0.699551
vt -0.130053 0.699551
vt -0.142351 0.744863
vt -0.178251 0.742454
vt -0.173833 0.697142
vt -0.130053 0.699551
vt -0.142351 0.744863
vt -0.106452 0.742454
vt -0.086273 0.697142
vt -0.086273 0.697142
vt -0.106452 0.742454
vt -0.142351 0.744863
vt -0.130053 0.699551
vt -0.178251 0.742454
vt -0.170199 0.777309
vt -0.151811 0.779718
vt -0.142351 0.744863
vt -0.142351 0.744863
vt -0.151811 0.779718
vt -0.170199 0.777309
vt -0.178251 0.742454
vt -0.142351 0.744863
vt -0.151811 0.779718
vt -0.133424 0.777309
vt -0.106452 0.742454
vt -0.106452 0.742454
vt -0.133424 0.777309
vt -0.151811 0.779718
vt -0.142351 0.744863
vt -0.170199 0.777309
vt -0.159020 0.798222
vt -0.157487 0.800631
vt -0.151811 0.779718
vt -0.151811 0.779718
vt -0.157487 0.800631
vt -0.159020 0.798222
vt -0.170199 0.777309
vt -0.164029 0.779718
vt -0.170633 0.800631
vt -0.178261 0.798222
vt -0.171657 0.777309
vt -0.171657 0.777309
vt -0.178261 0.798222
vt -0.170633 0.800631
vt -0.164029 0.779718
vt -0.004996 -0.000129
vt 0.000239 -0.012373
vt -0.004996 -0.024903
vt -0.017635 -0.030379
vt -0.030274 -0.025593
vt -0.035510 -0.013349
vt -0.030274 -0.000819
vt -0.017635 0.004657
vt 0.022992 -0.079303
vt 0.014215 -0.083105
vt 0.010579 -0.091807
vt 0.014215 -0.100310
vt 0.022992 -0.103633
vt 0.031769 -0.099830
vt 0.035404 -0.091129
vt 0.031769 -0.082626
vt -0.017635 0.013029
vt -0.030274 0.013278
vt 0.014215 0.344695
vt 0.022992 0.344522
vt -0.000819 0.013278
vt -0.013349 0.010957
vt -0.091807 0.343084
vt -0.083105 0.344695
vt -0.013349 0.010957
vt -0.025593 0.007426
vt -0.100310 0.340631
vt -0.091807 0.343084
vt -0.030274 0.007426
vt -0.017635 0.004752
vt 0.022992 0.338774
vt 0.014215 0.340631
vt -0.017635 0.004752
vt -0.004996 0.004503
vt 0.031769 0.338601
vt 0.022992 0.338774
vt -0.024903 0.004503
vt -0.012373 0.006823
vt -0.091129 0.340213
vt -0.099830 0.338601
vt -0.012373 0.006823
vt -0.000129 0.010355
vt -0.082626 0.342665
vt -0.091129 0.340213
vt -0.004996 0.010355
vt -0.017635 0.013029
vt 0.022992 0.344522
vt 0.031769 0.342665
vt 0.012901 -0.086247
vt 0.020968 -0.081578
vt 0.030220 -0.082702
vt 0.035238 -0.088962
vt 0.033082 -0.096689
vt 0.025016 -0.101358
vt 0.015764 -0.100233
vt 0.010746 -0.093974
vt 0.051903 -0.265164
vt 0.054512 -0.268419
vt 0.059323 -0.269003
vt 0.063518 -0.266576
vt 0.064639 -0.262557
vt 0.062030 -0.259303
vt 0.057219 -0.258718
vt 0.053024 -0.261146
vt -0.093974 0.341648
vt -0.100233 0.336436
vt -0.268419 0.579900
vt -0.265164 0.582611
vt 0.015764 0.336436
vt 0.025016 0.334276
vt 0.059323 0.578777
vt 0.054512 0.579900
vt 0.025016 0.334276
vt 0.033082 0.336436
vt 0.063518 0.579900
vt 0.059323 0.578777
vt -0.096689 0.336436
vt -0.088962 0.341648
vt -0.262557 0.582611
vt -0.266576 0.579900
vt -0.088962 0.341648
vt -0.082702 0.346861
vt -0.259303 0.585321
vt -0.262557 0.582611
vt 0.030220 0.346861
vt 0.020968 0.349020
vt 0.057219 0.586444
vt 0.062030 0.585321
vt 0.020968 0.349020
vt 0.012901 0.346861
vt 0.053024 0.585321
vt 0.057219 0.586444
vt -0.086247 0.346861
vt -0.093974 0.341648
vt -0.265164 0.582611
vt -0.261146 0.585321
vt -0.000569 -0.063082
vt 0.022336 -0.015576
vt 0.038675 -0.048866
vt 0.002423 -0.063654
vt 0.002423 -0.063654
vt 0.038675 -0.048866
vt 0.022336 -0.015576
vt -0.000569 -0.063082
vt 0.002423 -0.063654
vt 0.038675 -0.048866
vt 0.050284 -0.084086
vt 0.000685 -0.066156
vt 0.000685 -0.066156
vt 0.050284 -0.084086
vt 0.038675 -0.048866
vt 0.002423 -0.063654
vt 0.022336 -0.015576
vt 0.066731 0.013803
vt 0.087010 -0.029149
vt 0.038675 -0.048866
vt 0.038675 -0.048866
vt 0.087010 -0.029149
vt 0.066731 0.013803
vt 0.022336 -0.015576
vt 0.038675 -0.048866
vt 0.087010 -0.029149
vt 0.102561 -0.074030
vt 0.050284 -0.084086
vt 0.050284 -0.084086
vt 0.102561 -0.074030
vt 0.087010 -0.029149
vt 0.038675 -0.048866
vt 0.066731 0.013803
vt 0.122319 0.027259
vt 0.139374 -0.007788
vt 0.087010 -0.029149
vt 0.087010 -0.029149
vt 0.139374 -0.007788
vt 0.122319 0.027259
vt 0.066731 0.013803
vt 0.087010 -0.029149
vt 0.139374 -0.007788
vt 0.151699 -0.044764
vt 0.102561 -0.074030
vt 0.102561 -0.074030
vt 0.151699 -0.044764
vt 0.139374 -0.007788
vt 0.087010 -0.029149
vt 0.122319 0.027259
vt 0.169764 0.026124
vt 0.179654 0.008644
vt 0.139374 -0.007788
vt 0.139374 -0.007788
vt 0.179654 0.008644
vt 0.169764 0.026124
vt 0.122319 0.027259
vt 0.139374 -0.007788
vt 0.179654 0.008644
vt 0.184813 -0.010766
vt 0.151699 -0.044764
vt 0.151699 -0.044764
vt 0.184813 -0.010766
vt 0.179654 0.008644
vt 0.139374 -0.007788
vt 0.169764 0.285279
vt 0.200830 0.294072
vt 0.203821 0.286491
vt 0.179654 0.277698
vt 0.179654 0.277698
vt 0.203821 0.286491
vt 0.200830 0.294072
vt 0.169764 0.285279
vt 0.179654 0.008644
vt 0.203821 0.018502
vt 0.202084 0.016001
vt 0.184813 -0.010766
vt 0.184813 -0.010766
vt 0.202084 0.016001
vt 0.203821 0.018502
vt 0.179654 0.008644
vt -0.000654 -0.069142
vt -0.009017 -0.112558
vt -0.029237 -0.085541
vt -0.003620 -0.069239
vt -0.003620 -0.069239
vt -0.029237 -0.085541
vt -0.009017 -0.112558
vt -0.000654 -0.069142
vt -0.003620 -0.069239
vt -0.029237 -0.085541
vt -0.045148 -0.055782
vt -0.002276 -0.066594
vt -0.002276 -0.066594
vt -0.045148 -0.055782
vt -0.029237 -0.085541
vt -0.003620 -0.069239
vt -0.009017 -0.112558
vt -0.038078 -0.142301
vt -0.063394 -0.107277
vt -0.029237 -0.085541
vt -0.029237 -0.085541
vt -0.063394 -0.107277
vt -0.038078 -0.142301
vt -0.009017 -0.112558
vt -0.029237 -0.085541
vt -0.063394 -0.107277
vt -0.084400 -0.069511
vt -0.045148 -0.055782
vt -0.045148 -0.055782
vt -0.084400 -0.069511
vt -0.063394 -0.107277
vt -0.029237 -0.085541
vt -0.038078 -0.142301
vt -0.079250 -0.159298
vt -0.100396 -0.130825
vt -0.063394 -0.107277
vt -0.063394 -0.107277
vt -0.100396 -0.130825
vt -0.079250 -0.159298
vt -0.038078 -0.142301
vt -0.063394 -0.107277
vt -0.100396 -0.130825
vt -0.117234 -0.099609
vt -0.084400 -0.069511
vt -0.084400 -0.069511
vt -0.117234 -0.099609
vt -0.100396 -0.130825
vt -0.063394 -0.107277
vt -0.079250 -0.159298
vt -0.116978 -0.162853
vt -0.128860 -0.148938
vt -0.100396 -0.130825
vt -0.100396 -0.130825
vt -0.128860 -0.148938
vt -0.116978 -0.162853
vt -0.079250 -0.159298
vt -0.100396 -0.130825
vt -0.128860 -0.148938
vt -0.136433 -0.132281
vt -0.117234 -0.099609
vt -0.117234 -0.099609
vt -0.136433 -0.132281
vt -0.128860 -0.148938
vt -0.100396 -0.130825
vt -0.116978 0.279030
vt -0.142973 0.285849
vt -0.145938 0.278268
vt -0.128860 0.271448
vt -0.128860 0.271448
vt -0.145938 0.278268
vt -0.142973 0.285849
vt -0.116978 0.279030
vt -0.148938 0.271448
vt -0.159806 0.278268
vt -0.157161 0.285849
vt -0.132281 0.279030
vt -0.132281 0.279030
vt -0.157161 0.285849
vt -0.159806 0.278268
vt -0.148938 0.271448
vt 0.005684 -0.084148
vt 0.025180 -0.044123
vt 0.039289 -0.071947
vt 0.008576 -0.084475
vt 0.008576 -0.084475
vt 0.039289 -0.071947
vt 0.025180 -0.044123
vt 0.005684 -0.084148
vt 0.008576 -0.084475
vt 0.039289 -0.071947
vt 0.048667 -0.101699
vt 0.006738 -0.086732
vt 0.006738 -0.086732
vt 0.048667 -0.101699
vt 0.039289 -0.071947
vt 0.008576 -0.084475
vt 0.025180 -0.044123
vt 0.062818 -0.019299
vt 0.080239 -0.055242
vt 0.039289 -0.071947
vt 0.039289 -0.071947
vt 0.080239 -0.055242
vt 0.062818 -0.019299
vt 0.025180 -0.044123
vt 0.039289 -0.071947
vt 0.080239 -0.055242
vt 0.092930 -0.093114
vt 0.048667 -0.101699
vt 0.048667 -0.101699
vt 0.092930 -0.093114
vt 0.080239 -0.055242
vt 0.039289 -0.071947
vt 0.062818 -0.019299
vt 0.109891 -0.007845
vt 0.124602 -0.037145
vt 0.080239 -0.055242
vt 0.080239 -0.055242
vt 0.124602 -0.037145
vt 0.109891 -0.007845
vt 0.062818 -0.019299
vt 0.080239 -0.055242
vt 0.124602 -0.037145
vt 0.134583 -0.068373
vt 0.092930 -0.093114
vt 0.092930 -0.093114
vt 0.134583 -0.068373
vt 0.124602 -0.037145
vt 0.080239 -0.055242
vt 0.109891 -0.007845
vt 0.150039 -0.008687
vt 0.158727 -0.023224
vt 0.124602 -0.037145
vt 0.124602 -0.037145
vt 0.158727 -0.023224
vt 0.150039 -0.008687
vt 0.109891 -0.007845
vt 0.124602 -0.037145
vt 0.158727 -0.023224
vt 0.162685 -0.039690
vt 0.134583 -0.068373
vt 0.134583 -0.068373
vt 0.162685 -0.039690
vt 0.158727 -0.023224
vt 0.124602 -0.037145
vt 0.150039 0.355608
vt 0.176310 0.363058
vt 0.179202 0.355477
vt 0.158727 0.348027
vt 0.158727 0.348027
vt 0.179202 0.355477
vt 0.176310 0.363058
vt 0.150039 0.355608
vt -0.023224 0.348027
vt -0.014871 0.355477
vt -0.017128 0.363058
vt -0.039690 0.355608
vt -0.039690 0.355608
vt -0.017128 0.363058
vt -0.014871 0.355477
vt -0.023224 0.348027
vt 0.025261 -0.076382
vt 0.009596 -0.117519
vt -0.007339 -0.095663
vt 0.022443 -0.076711
vt 0.022443 -0.076711
vt -0.007339 -0.095663
vt 0.009596 -0.117519
vt 0.025261 -0.076382
vt 0.022443 -0.076711
vt -0.007339 -0.095663
vt -0.019965 -0.071066
vt 0.023935 -0.074297
vt 0.023935 -0.074297
vt -0.019965 -0.071066
vt -0.007339 -0.095663
vt 0.022443 -0.076711
vt 0.009596 -0.117519
vt -0.025945 -0.149340
vt -0.047049 -0.120933
vt -0.007339 -0.095663
vt -0.007339 -0.095663
vt -0.047049 -0.120933
vt -0.025945 -0.149340
vt 0.009596 -0.117519
vt -0.007339 -0.095663
vt -0.047049 -0.120933
vt -0.063844 -0.089784
vt -0.019965 -0.071066
vt -0.019965 -0.071066
vt -0.063844 -0.089784
vt -0.047049 -0.120933
vt -0.007339 -0.095663
vt -0.025945 -0.149340
vt -0.072375 -0.171356
vt -0.090068 -0.148309
vt -0.047049 -0.120933
vt -0.047049 -0.120933
vt -0.090068 -0.148309
vt -0.072375 -0.171356
vt -0.025945 -0.149340
vt -0.047049 -0.120933
vt -0.090068 -0.148309
vt -0.103452 -0.122520
vt -0.063844 -0.089784
vt -0.063844 -0.089784
vt -0.103452 -0.122520
vt -0.090068 -0.148309
vt -0.047049 -0.120933
vt -0.072375 -0.171356
vt -0.113046 -0.180503
vt -0.123160 -0.169368
vt -0.090068 -0.148309
vt -0.090068 -0.148309
vt -0.123160 -0.169368
vt -0.113046 -0.180503
vt -0.072375 -0.171356
vt -0.090068 -0.148309
vt -0.123160 -0.169368
vt -0.128964 -0.155490
vt -0.103452 -0.122520
vt -0.103452 -0.122520
vt -0.128964 -0.155490
vt -0.123160 -0.169368
vt -0.090068 -0.148309
vt -0.113046 0.357124
vt -0.140196 0.365053
vt -0.143014 0.357471
vt -0.123160 0.349543
vt -0.123160 0.349543
vt -0.143014 0.357471
vt -0.140196 0.365053
vt -0.113046 0.357124
vt -0.169368 0.349543
vt -0.182003 0.357471
vt -0.179589 0.365053
vt -0.155490 0.357124
vt -0.155490 0.357124
vt -0.179589 0.365053
vt -0.182003 0.357471
vt -0.169368 0.349543
vt 0.017240 -0.113299
vt 0.052510 -0.081740
vt 0.054588 -0.114848
vt 0.019372 -0.114788
vt 0.019372 -0.114788
vt 0.054588 -0.114848
vt 0.052510 -0.081740
vt 0.017240 -0.113299
vt 0.019372 -0.114788
vt 0.054588 -0.114848
vt 0.052398 -0.147949
vt 0.017235 -0.116270
vt 0.017235 -0.116270
vt 0.052398 -0.147949
vt 0.054588 -0.114848
vt 0.019372 -0.114788
vt 0.052510 -0.081740
vt 0.099481 -0.072483
vt 0.101543 -0.114928
vt 0.054588 -0.114848
vt 0.054588 -0.114848
vt 0.101543 -0.114928
vt 0.099481 -0.072483
vt 0.052510 -0.081740
vt 0.054588 -0.114848
vt 0.101543 -0.114928
vt 0.099337 -0.157366
vt 0.052398 -0.147949
vt 0.052398 -0.147949
vt 0.099337 -0.157366
vt 0.101543 -0.114928
vt 0.054588 -0.114848
vt 0.099481 -0.072483
vt 0.150336 -0.080209
vt 0.152412 -0.115014
vt 0.101543 -0.114928
vt 0.101543 -0.114928
vt 0.152412 -0.115014
vt 0.150336 -0.080209
vt 0.099481 -0.072483
vt 0.101543 -0.114928
vt 0.152412 -0.115014
vt 0.150218 -0.149813
vt 0.099337 -0.157366
vt 0.099337 -0.157366
vt 0.150218 -0.149813
vt 0.152412 -0.115014
vt 0.101543 -0.114928
vt 0.150336 -0.080209
vt 0.189437 -0.097252
vt 0.191541 -0.115081
vt 0.152412 -0.115014
vt 0.152412 -0.115014
vt 0.191541 -0.115081
vt 0.189437 -0.097252
vt 0.150336 -0.080209
vt 0.152412 -0.115014
vt 0.191541 -0.115081
vt 0.189376 -0.132902
vt 0.150218 -0.149813
vt 0.150218 -0.149813
vt 0.189376 -0.132902
vt 0.191541 -0.115081
vt 0.152412 -0.115014
vt 0.189437 -0.097252
vt 0.212887 -0.113631
vt 0.215018 -0.115120
vt 0.191541 -0.115081
vt 0.191541 -0.115081
vt 0.215018 -0.115120
vt 0.212887 -0.113631
vt 0.189437 -0.097252
vt 0.191541 -0.115081
vt 0.215018 -0.115120
vt 0.212882 -0.116602
vt 0.189376 -0.132902
vt 0.189376 -0.132902
vt 0.212882 -0.116602
vt 0.215018 -0.115120
vt 0.191541 -0.115081
vt 0.035558 -0.111077
vt 0.011820 -0.150446
vt -0.001214 -0.125488
vt 0.033100 -0.110761
vt 0.033100 -0.110761
vt -0.001214 -0.125488
vt 0.011820 -0.150446
vt 0.035558 -0.111077
vt 0.033100 -0.110761
vt -0.001214 -0.125488
vt -0.010325 -0.098847
vt 0.034565 -0.108762
vt 0.034565 -0.108762
vt -0.010325 -0.098847
vt -0.001214 -0.125488
vt 0.033100 -0.110761
vt 0.011820 -0.150446
vt -0.030809 -0.177359
vt -0.046966 -0.145125
vt -0.001214 -0.125488
vt -0.001214 -0.125488
vt -0.046966 -0.145125
vt -0.030809 -0.177359
vt 0.011820 -0.150446
vt -0.001214 -0.125488
vt -0.046966 -0.145125
vt -0.059200 -0.111206
vt -0.010325 -0.098847
vt -0.010325 -0.098847
vt -0.059200 -0.111206
vt -0.046966 -0.145125
vt -0.001214 -0.125488
vt -0.030809 -0.177359
vt -0.082928 -0.192678
vt -0.096530 -0.166397
vt -0.046966 -0.145125
vt -0.046966 -0.145125
vt -0.096530 -0.166397
vt -0.082928 -0.192678
vt -0.030809 -0.177359
vt -0.046966 -0.145125
vt -0.096530 -0.166397
vt -0.106210 -0.138433
vt -0.059200 -0.111206
vt -0.059200 -0.111206
vt -0.106210 -0.138433
vt -0.096530 -0.166397
vt -0.046966 -0.145125
vt -0.082928 -0.192678
vt -0.126734 -0.195811
vt -0.134657 -0.182760
vt -0.096530 -0.166397
vt -0.096530 -0.166397
vt -0.134657 -0.182760
vt -0.126734 -0.195811
vt -0.082928 -0.192678
vt -0.096530 -0.166397
vt -0.134657 -0.182760
vt -0.138658 -0.168027
vt -0.106210 -0.138433
vt -0.106210 -0.138433
vt -0.138658 -0.168027
vt -0.134657 -0.182760
vt -0.096530 -0.166397
vt -0.126734 0.428552
vt -0.155075 0.435443
vt -0.157533 0.427733
vt -0.134657 0.420842
vt -0.134657 0.420842
vt -0.157533 0.427733
vt -0.155075 0.435443
vt -0.126734 0.428552
vt -0.134657 -0.182760
vt -0.157533 -0.192579
vt -0.156069 -0.190579
vt -0.138658 -0.168027
vt -0.138658 -0.168027
vt -0.156069 -0.190579
vt -0.157533 -0.192579
vt -0.134657 -0.182760
vt 0.022073 -0.165577
vt 0.061657 -0.137157
vt 0.063740 -0.166986
vt 0.024205 -0.166919
vt 0.024205 -0.166919
vt 0.063740 -0.166986
vt 0.061657 -0.137157
vt 0.022073 -0.165577
vt 0.024205 -0.166919
vt 0.063740 -0.166986
vt 0.061555 -0.196807
vt 0.022069 -0.168253
vt 0.022069 -0.168253
vt 0.061555 -0.196807
vt 0.063740 -0.166986
vt 0.024205 -0.166919
vt 0.061657 -0.137157
vt 0.114384 -0.128834
vt 0.116453 -0.167075
vt 0.063740 -0.166986
vt 0.063740 -0.166986
vt 0.116453 -0.167075
vt 0.114384 -0.128834
vt 0.061657 -0.137157
vt 0.063740 -0.166986
vt 0.116453 -0.167075
vt 0.114254 -0.205309
vt 0.061555 -0.196807
vt 0.061555 -0.196807
vt 0.114254 -0.205309
vt 0.116453 -0.167075
vt 0.063740 -0.166986
vt 0.114384 -0.128834
vt 0.171478 -0.135814
vt 0.173559 -0.167172
vt 0.116453 -0.167075
vt 0.116453 -0.167075
vt 0.173559 -0.167172
vt 0.171478 -0.135814
vt 0.114384 -0.128834
vt 0.116453 -0.167075
vt 0.173559 -0.167172
vt 0.171372 -0.198523
vt 0.114254 -0.205309
vt 0.114254 -0.205309
vt 0.171372 -0.198523
vt 0.173559 -0.167172
vt 0.116453 -0.167075
vt 0.171478 -0.135814
vt 0.215380 -0.151183
vt 0.217487 -0.167246
vt 0.173559 -0.167172
vt 0.173559 -0.167172
vt 0.217487 -0.167246
vt 0.215380 -0.151183
vt 0.171478 -0.135814
vt 0.173559 -0.167172
vt 0.217487 -0.167246
vt 0.215325 -0.183303
vt 0.171372 -0.198523
vt 0.171372 -0.198523
vt 0.215325 -0.183303
vt 0.217487 -0.167246
vt 0.173559 -0.167172
vt 0.215380 0.504418
vt 0.241711 0.511714
vt 0.243843 0.504004
vt 0.217487 0.496708
vt 0.217487 0.496708
vt 0.243843 0.504004
vt 0.241711 0.511714
vt 0.215380 0.504418
vt 0.217487 0.496708
vt 0.243843 0.504004
vt 0.241707 0.511714
vt 0.215325 0.504418
vt 0.215325 0.504418
vt 0.241707 0.511714
vt 0.243843 0.504004
vt 0.217487 0.496708
vt 0.034866 -0.167979
vt 0.015856 -0.215070
vt -0.000878 -0.181491
vt 0.032242 -0.167276
vt 0.032242 -0.167276
vt -0.000878 -0.181491
vt 0.015856 -0.215070
vt 0.034866 -0.167979
vt 0.032242 -0.167276
vt -0.000878 -0.181491
vt -0.013690 -0.146228
vt 0.033540 -0.164890
vt 0.033540 -0.164890
vt -0.013690 -0.146228
vt -0.000878 -0.181491
vt 0.032242 -0.167276
vt 0.015856 -0.215070
vt -0.024137 -0.243732
vt -0.045038 -0.200444
vt -0.000878 -0.181491
vt -0.000878 -0.181491
vt -0.045038 -0.200444
vt -0.024137 -0.243732
vt 0.015856 -0.215070
vt -0.000878 -0.181491
vt -0.045038 -0.200444
vt -0.062017 -0.155472
vt -0.013690 -0.146228
vt -0.013690 -0.146228
vt -0.062017 -0.155472
vt -0.045038 -0.200444
vt -0.000878 -0.181491
vt -0.024137 -0.243732
vt -0.075386 -0.256320
vt -0.092878 -0.220976
vt -0.045038 -0.200444
vt -0.045038 -0.200444
vt -0.092878 -0.220976
vt -0.075386 -0.256320
vt -0.024137 -0.243732
vt -0.045038 -0.200444
vt -0.092878 -0.220976
vt -0.106447 -0.183948
vt -0.062017 -0.155472
vt -0.062017 -0.155472
vt -0.106447 -0.183948
vt -0.092878 -0.220976
vt -0.045038 -0.200444
vt -0.075386 -0.256320
vt -0.119762 -0.254462
vt -0.129678 -0.236770
vt -0.092878 -0.220976
vt -0.092878 -0.220976
vt -0.129678 -0.236770
vt -0.119762 -0.254462
vt -0.075386 -0.256320
vt -0.092878 -0.220976
vt -0.129678 -0.236770
vt -0.135671 -0.217394
vt -0.106447 -0.183948
vt -0.106447 -0.183948
vt -0.135671 -0.217394
vt -0.129678 -0.236770
vt -0.092878 -0.220976
vt -0.119762 -0.254462
vt -0.149134 -0.246949
vt -0.151758 -0.246246
vt -0.129678 -0.236770
vt -0.129678 -0.236770
vt -0.151758 -0.246246
vt -0.149134 -0.246949
vt -0.119762 -0.254462
vt -0.129678 -0.236770
vt -0.151758 -0.246246
vt -0.150459 -0.243860
vt -0.135671 -0.217394
vt -0.135671 -0.217394
vt -0.150459 -0.243860
vt -0.151758 -0.246246
vt -0.129678 -0.236770
vt 0.056811 -0.249776
vt 0.089400 -0.261081
vt 0.060272 -0.273636
vt 0.056741 -0.256385
vt 0.056741 -0.256385
vt 0.060272 -0.273636
vt 0.089400 -0.261081
vt 0.056811 -0.249776
vt 0.056741 -0.256385
vt 0.060272 -0.273636
vt 0.028552 -0.273533
vt 0.054081 -0.250335
vt 0.054081 -0.250335
vt 0.028552 -0.273533
vt 0.060272 -0.273636
vt 0.056741 -0.256385
vt 0.089400 0.600993
vt 0.102689 0.633143
vt 0.064979 0.628425
vt 0.060272 0.596275
vt 0.060272 0.596275
vt 0.064979 0.628425
vt 0.102689 0.633143
vt 0.089400 0.600993
vt 0.060272 0.596275
vt 0.064979 0.628425
vt 0.024678 0.633143
vt 0.028552 0.600993
vt 0.028552 0.600993
vt 0.024678 0.633143
vt 0.064979 0.628425
vt 0.060272 0.596275
vt 0.102689 0.633143
vt 0.100767 0.667973
vt 0.070078 0.663255
vt 0.064979 0.628425
vt 0.064979 0.628425
vt 0.070078 0.663255
vt 0.100767 0.667973
vt 0.102689 0.633143
vt 0.064979 0.628425
vt 0.070078 0.663255
vt 0.036798 0.667973
vt 0.024678 0.633143
vt 0.024678 0.633143
vt 0.036798 0.667973
vt 0.070078 0.663255
vt 0.064979 0.628425
vt 0.100767 0.667973
vt 0.089088 0.694764
vt 0.074001 0.690046
vt 0.070078 0.663255
vt 0.070078 0.663255
vt 0.074001 0.690046
vt 0.089088 0.694764
vt 0.100767 0.667973
vt 0.070078 0.663255
vt 0.074001 0.690046
vt 0.056323 0.694764
vt 0.036798 0.667973
vt 0.036798 0.667973
vt 0.056323 0.694764
vt 0.074001 0.690046
vt 0.070078 0.663255
vt -0.331042 0.694764
vt -0.345615 0.710839
vt -0.352224 0.706121
vt -0.340724 0.690046
vt -0.340724 0.690046
vt -0.352224 0.706121
vt -0.345615 0.710839
vt -0.331042 0.694764
vt 0.074001 0.690046
vt 0.076354 0.706121
vt 0.073694 0.710839
vt 0.056323 0.694764
vt 0.056323 0.694764
vt 0.073694 0.710839
vt 0.076354 0.706121
vt 0.074001 0.690046
vt -0.055937 0.049348
vt -0.052336 0.062388
vt -0.041248 0.070138
vt -0.029167 0.068057
vt -0.023171 0.057365
vt -0.026771 0.044325
vt -0.037860 0.036575
vt -0.049941 0.038656
vt 0.091306 -0.054407
vt 0.099695 -0.055851
vt 0.107396 -0.050470
vt 0.109896 -0.041414
vt 0.105732 -0.033989
vt 0.097342 -0.032544
vt 0.089642 -0.037926
vt 0.087142 -0.046982
vt -0.049941 0.008890
vt -0.037860 0.002604
vt 0.099695 0.302151
vt 0.091306 0.306516
vt -0.037860 0.002604
vt -0.026771 0.000000
vt 0.107396 0.300342
vt 0.099695 0.302151
vt 0.044325 0.000000
vt 0.057365 0.002604
vt -0.041414 0.302151
vt -0.050470 0.300342
vt 0.057365 0.002604
vt 0.068057 0.008890
vt -0.033989 0.306516
vt -0.041414 0.302151
vt -0.029167 0.008890
vt -0.041248 0.015177
vt 0.097342 0.310882
vt 0.105732 0.306516
vt -0.041248 0.015177
vt -0.052336 0.017781
vt 0.089642 0.312690
vt 0.097342 0.310882
vt 0.062388 0.017781
vt 0.049348 0.015177
vt -0.046982 0.310882
vt -0.037926 0.312690
vt 0.049348 0.015177
vt 0.038656 0.008890
vt -0.054407 0.306516
vt -0.046982 0.310882
vt 0.088216 -0.048318
vt 0.090388 -0.039311
vt 0.097323 -0.033166
vt 0.104958 -0.033484
vt 0.108821 -0.040077
vt 0.106650 -0.049085
vt 0.099715 -0.055229
vt 0.092080 -0.054911
vt 0.253678 -0.145037
vt 0.257648 -0.145202
vt 0.261254 -0.142007
vt 0.262384 -0.137323
vt 0.260375 -0.133895
vt 0.256404 -0.133729
vt 0.252798 -0.136925
vt 0.251669 -0.141608
vt 0.092080 0.306516
vt 0.099715 0.300760
vt 0.257648 0.519045
vt 0.253678 0.522038
vt 0.099715 0.300760
vt 0.106650 0.298376
vt 0.261254 0.517806
vt 0.257648 0.519045
vt -0.049085 0.298376
vt -0.040077 0.300760
vt -0.137323 0.519045
vt -0.142007 0.517806
vt -0.040077 0.300760
vt -0.033484 0.306516
vt -0.133895 0.522038
vt -0.137323 0.519045
vt 0.104958 0.306516
vt 0.097323 0.312272
vt 0.256404 0.525031
vt 0.260375 0.522038
vt 0.097323 0.312272
vt 0.090388 0.314656
vt 0.252798 0.526271
vt 0.256404 0.525031
vt -0.039311 0.314656
vt -0.048318 0.312272
vt -0.141608 0.525031
vt -0.136925 0.526271
vt -0.048318 0.312272
vt -0.054911 0.306516
vt -0.145037 0.522038
vt -0.141608 0.525031
vt 0.049645 -0.002549
vt 0.051094 0.042359
vt 0.075472 0.021191
vt 0.052292 -0.001948
vt 0.052292 -0.001948
vt 0.075472 0.021191
vt 0.051094 0.042359
vt 0.049645 -0.002549
vt 0.052292 -0.001948
vt 0.075472 0.021191
vt 0.096597 -0.003224
vt 0.051686 -0.004594
vt 0.051686 -0.004594
vt 0.096597 -0.003224
vt 0.075472 0.021191
vt 0.052292 -0.001948
vt 0.051094 0.042359
vt 0.075583 0.079639
vt 0.106378 0.052043
vt 0.075472 0.021191
vt 0.075472 0.021191
vt 0.106378 0.052043
vt 0.075583 0.079639
vt 0.051094 0.042359
vt 0.075472 0.021191
vt 0.106378 0.052043
vt 0.133920 0.021200
vt 0.096597 -0.003224
vt 0.096597 -0.003224
vt 0.133920 0.021200
vt 0.106378 0.052043
vt 0.075472 0.021191
vt 0.075583 0.079639
vt 0.114315 0.107803
vt 0.139860 0.085466
vt 0.106378 0.052043
vt 0.106378 0.052043
vt 0.139860 0.085466
vt 0.114315 0.107803
vt 0.075583 0.079639
vt 0.106378 0.052043
vt 0.139860 0.085466
vt 0.162151 0.059882
vt 0.133920 0.021200
vt 0.133920 0.021200
vt 0.162151 0.059882
vt 0.139860 0.085466
vt 0.106378 0.052043
vt 0.114315 0.107803
vt 0.151738 0.121825
vt 0.165615 0.111176
vt 0.139860 0.085466
vt 0.139860 0.085466
vt 0.165615 0.111176
vt 0.151738 0.121825
vt 0.114315 0.107803
vt 0.139860 0.085466
vt 0.165615 0.111176
vt 0.176239 0.097280
vt 0.162151 0.059882
vt 0.162151 0.059882
vt 0.176239 0.097280
vt 0.165615 0.111176
vt 0.139860 0.085466
vt 0.151738 0.252810
vt 0.178421 0.259358
vt 0.181068 0.251695
vt 0.165615 0.245147
vt 0.165615 0.245147
vt 0.181068 0.251695
vt 0.178421 0.259358
vt 0.151738 0.252810
vt 0.111176 0.245147
vt 0.126602 0.251695
vt 0.123955 0.259358
vt 0.097280 0.252810
vt 0.097280 0.252810
vt 0.123955 0.259358
vt 0.126602 0.251695
vt 0.111176 0.245147
vt 0.043590 -0.013152
vt 0.052243 -0.057008
vt 0.026058 -0.047100
vt 0.041472 -0.014689
vt 0.041472 -0.014689
vt 0.026058 -0.047100
vt 0.052243 -0.057008
vt 0.043590 -0.013152
vt 0.041472 -0.014689
vt 0.026058 -0.047100
vt 0.001848 -0.033041
vt 0.041329 -0.012076
vt 0.041329 -0.012076
vt 0.001848 -0.033041
vt 0.026058 -0.047100
vt 0.041472 -0.014689
vt 0.052243 -0.057008
vt 0.038798 -0.103602
vt 0.005506 -0.090313
vt 0.026058 -0.047100
vt 0.026058 -0.047100
vt 0.005506 -0.090313
vt 0.038798 -0.103602
vt 0.052243 -0.057008
vt 0.026058 -0.047100
vt 0.005506 -0.090313
vt -0.025811 -0.072874
vt 0.001848 -0.033041
vt 0.001848 -0.033041
vt -0.025811 -0.072874
vt 0.005506 -0.090313
vt 0.026058 -0.047100
vt 0.038798 -0.103602
vt 0.010718 -0.147651
vt -0.016758 -0.137128
vt 0.005506 -0.090313
vt 0.005506 -0.090313
vt -0.016758 -0.137128
vt 0.010718 -0.147651
vt 0.038798 -0.103602
vt 0.005506 -0.090313
vt -0.016758 -0.137128
vt -0.042261 -0.122455
vt -0.025811 -0.072874
vt -0.025811 -0.072874
vt -0.042261 -0.122455
vt -0.016758 -0.137128
vt 0.005506 -0.090313
vt 0.010718 -0.147651
vt -0.019330 -0.177517
vt -0.033885 -0.173140
vt -0.016758 -0.137128
vt -0.016758 -0.137128
vt -0.033885 -0.173140
vt -0.019330 -0.177517
vt 0.010718 -0.147651
vt -0.016758 -0.137128
vt -0.033885 -0.173140
vt -0.046466 -0.164612
vt -0.042261 -0.122455
vt -0.042261 -0.122455
vt -0.046466 -0.164612
vt -0.033885 -0.173140
vt -0.016758 -0.137128
vt -0.019330 0.254796
vt -0.042043 0.261971
vt -0.044161 0.254308
vt -0.033885 0.247133
vt -0.033885 0.247133
vt -0.044161 0.254308
vt -0.042043 0.261971
vt -0.019330 0.254796
vt -0.173140 0.247133
vt -0.194747 0.254308
vt -0.192134 0.261971
vt -0.164612 0.254796
vt -0.164612 0.254796
vt -0.192134 0.261971
vt -0.194747 0.254308
vt -0.173140 0.247133
vt 0.074117 -0.029192
vt 0.082706 0.016734
vt 0.103886 -0.001230
vt 0.076620 -0.028447
vt 0.076620 -0.028447
vt 0.103886 -0.001230
vt 0.082706 0.016734
vt 0.074117 -0.029192
vt 0.076620 -0.028447
vt 0.103886 -0.001230
vt 0.121813 -0.022442
vt 0.075872 -0.030950
vt 0.075872 -0.030950
vt 0.121813 -0.022442
vt 0.103886 -0.001230
vt 0.076620 -0.028447
vt 0.082706 0.016734
vt 0.113544 0.058549
vt 0.140239 0.035060
vt 0.103886 -0.001230
vt 0.103886 -0.001230
vt 0.140239 0.035060
vt 0.113544 0.058549
vt 0.082706 0.016734
vt 0.103886 -0.001230
vt 0.140239 0.035060
vt 0.163682 0.008323
vt 0.121813 -0.022442
vt 0.121813 -0.022442
vt 0.163682 0.008323
vt 0.140239 0.035060
vt 0.103886 -0.001230
vt 0.113544 0.058549
vt 0.157440 0.093343
vt 0.179623 0.074374
vt 0.140239 0.035060
vt 0.140239 0.035060
vt 0.179623 0.074374
vt 0.157440 0.093343
vt 0.113544 0.058549
vt 0.140239 0.035060
vt 0.179623 0.074374
vt 0.198553 0.052158
vt 0.163682 0.008323
vt 0.163682 0.008323
vt 0.198553 0.052158
vt 0.179623 0.074374
vt 0.140239 0.035060
vt 0.157440 0.093343
vt 0.197762 0.113539
vt 0.209917 0.104615
vt 0.179623 0.074374
vt 0.179623 0.074374
vt 0.209917 0.104615
vt 0.197762 0.113539
vt 0.157440 0.093343
vt 0.179623 0.074374
vt 0.209917 0.104615
vt 0.218820 0.092444
vt 0.198553 0.052158
vt 0.198553 0.052158
vt 0.218820 0.092444
vt 0.209917 0.104615
vt 0.179623 0.074374
vt 0.197762 0.323174
vt 0.225591 0.330876
vt 0.228094 0.323213
vt 0.209917 0.315511
vt 0.209917 0.315511
vt 0.228094 0.323213
vt 0.225591 0.330876
vt 0.197762 0.323174
vt 0.104615 0.315511
vt 0.122760 0.323213
vt 0.120257 0.330876
vt 0.092444 0.323174
vt 0.092444 0.323174
vt 0.120257 0.330876
vt 0.122760 0.323213
vt 0.104615 0.315511
vt 0.083068 -0.027028
vt 0.100388 -0.070310
vt 0.067037 -0.056993
vt 0.080629 -0.028413
vt 0.080629 -0.028413
vt 0.067037 -0.056993
vt 0.100388 -0.070310
vt 0.083068 -0.027028
vt 0.080629 -0.028413
vt 0.067037 -0.056993
vt 0.035660 -0.039526
vt 0.080164 -0.025647
vt 0.080164 -0.025647
vt 0.035660 -0.039526
vt 0.067037 -0.056993
vt 0.080629 -0.028413
vt 0.100388 -0.070310
vt 0.091393 -0.112758
vt 0.048914 -0.095100
vt 0.067037 -0.056993
vt 0.067037 -0.056993
vt 0.048914 -0.095100
vt 0.091393 -0.112758
vt 0.100388 -0.070310
vt 0.067037 -0.056993
vt 0.048914 -0.095100
vt 0.008408 -0.073292
vt 0.035660 -0.039526
vt 0.035660 -0.039526
vt 0.008408 -0.073292
vt 0.048914 -0.095100
vt 0.067037 -0.056993
vt 0.091393 -0.112758
vt 0.064291 -0.150489
vt 0.029280 -0.136383
vt 0.048914 -0.095100
vt 0.048914 -0.095100
vt 0.029280 -0.136383
vt 0.064291 -0.150489
vt 0.091393 -0.112758
vt 0.048914 -0.095100
vt 0.029280 -0.136383
vt -0.003757 -0.118126
vt 0.008408 -0.073292
vt 0.008408 -0.073292
vt -0.003757 -0.118126
vt 0.029280 -0.136383
vt 0.048914 -0.095100
vt 0.064291 -0.150489
vt 0.032591 -0.174351
vt 0.014177 -0.168139
vt 0.029280 -0.136383
vt 0.029280 -0.136383
vt 0.014177 -0.168139
vt 0.032591 -0.174351
vt 0.064291 -0.150489
vt 0.029280 -0.136383
vt 0.014177 -0.168139
vt -0.002262 -0.157775
vt -0.003757 -0.118126
vt -0.003757 -0.118126
vt -0.002262 -0.157775
vt 0.014177 -0.168139
vt 0.029280 -0.136383
vt 0.032591 -0.174351
vt 0.007555 -0.185807
vt 0.005116 -0.187192
vt 0.014177 -0.168139
vt 0.014177 -0.168139
vt 0.005116 -0.187192
vt 0.007555 -0.185807
vt 0.032591 -0.174351
vt -0.168139 0.311158
vt -0.187192 0.317485
vt -0.184426 0.325147
vt -0.157775 0.318820
vt -0.157775 0.318820
vt -0.184426 0.325147
vt -0.187192 0.317485
vt -0.168139 0.311158
vt 0.118215 -0.056152
vt 0.116879 -0.011964
vt 0.142109 -0.033417
vt 0.120674 -0.055733
vt 0.120674 -0.055733
vt 0.142109 -0.033417
vt 0.116879 -0.011964
vt 0.118215 -0.056152
vt 0.120674 -0.055733
vt 0.142109 -0.033417
vt 0.164561 -0.057763
vt 0.120355 -0.058207
vt 0.120355 -0.058207
vt 0.164561 -0.057763
vt 0.142109 -0.033417
vt 0.120674 -0.055733
vt 0.116879 -0.011964
vt 0.138735 0.024250
vt 0.170689 -0.003663
vt 0.142109 -0.033417
vt 0.142109 -0.033417
vt 0.170689 -0.003663
vt 0.138735 0.024250
vt 0.116879 -0.011964
vt 0.142109 -0.033417
vt 0.170689 -0.003663
vt 0.199865 -0.034468
vt 0.164561 -0.057763
vt 0.164561 -0.057763
vt 0.199865 -0.034468
vt 0.170689 -0.003663
vt 0.142109 -0.033417
vt 0.138735 0.024250
vt 0.175198 0.051199
vt 0.201651 0.028571
vt 0.170689 -0.003663
vt 0.170689 -0.003663
vt 0.201651 0.028571
vt 0.175198 0.051199
vt 0.138735 0.024250
vt 0.170689 -0.003663
vt 0.201651 0.028571
vt 0.225325 0.003050
vt 0.199865 -0.034468
vt 0.199865 -0.034468
vt 0.225325 0.003050
vt 0.201651 0.028571
vt 0.170689 -0.003663
vt 0.175198 0.051199
vt 0.211241 0.064250
vt 0.225467 0.053366
vt 0.201651 0.028571
vt 0.201651 0.028571
vt 0.225467 0.053366
vt 0.211241 0.064250
vt 0.175198 0.051199
vt 0.201651 0.028571
vt 0.225467 0.053366
vt 0.236915 0.039589
vt 0.225325 0.003050
vt 0.225325 0.003050
vt 0.236915 0.039589
vt 0.225467 0.053366
vt 0.201651 0.028571
vt 0.211241 0.382493
vt 0.237298 0.387835
vt 0.239757 0.380090
vt 0.225467 0.374748
vt 0.225467 0.374748
vt 0.239757 0.380090
vt 0.237298 0.387835
vt 0.211241 0.382493
vt 0.053366 0.374748
vt 0.068243 0.380090
vt 0.065769 0.387835
vt 0.039589 0.382493
vt 0.039589 0.382493
vt 0.065769 0.387835
vt 0.068243 0.380090
vt 0.053366 0.374748
vt 0.121015 -0.058232
vt 0.143855 -0.097491
vt 0.109464 -0.088316
vt 0.118875 -0.059641
vt 0.118875 -0.059641
vt 0.109464 -0.088316
vt 0.143855 -0.097491
vt 0.121015 -0.058232
vt 0.118875 -0.059641
vt 0.109464 -0.088316
vt 0.076324 -0.075330
vt 0.117985 -0.057238
vt 0.117985 -0.057238
vt 0.076324 -0.075330
vt 0.109464 -0.088316
vt 0.118875 -0.059641
vt 0.143855 -0.097491
vt 0.140832 -0.138850
vt 0.096918 -0.126550
vt 0.109464 -0.088316
vt 0.109464 -0.088316
vt 0.096918 -0.126550
vt 0.140832 -0.138850
vt 0.143855 -0.097491
vt 0.109464 -0.088316
vt 0.096918 -0.126550
vt 0.054254 -0.110439
vt 0.076324 -0.075330
vt 0.076324 -0.075330
vt 0.054254 -0.110439
vt 0.096918 -0.126550
vt 0.109464 -0.088316
vt 0.140832 -0.138850
vt 0.119447 -0.177714
vt 0.083325 -0.167971
vt 0.096918 -0.126550
vt 0.096918 -0.126550
vt 0.083325 -0.167971
vt 0.119447 -0.177714
vt 0.140832 -0.138850
vt 0.096918 -0.126550
vt 0.083325 -0.167971
vt 0.048454 -0.154416
vt 0.054254 -0.110439
vt 0.054254 -0.110439
vt 0.048454 -0.154416
vt 0.083325 -0.167971
vt 0.096918 -0.126550
vt 0.119447 -0.177714
vt 0.091676 -0.203893
vt 0.072869 -0.199832
vt 0.083325 -0.167971
vt 0.083325 -0.167971
vt 0.072869 -0.199832
vt 0.091676 -0.203893
vt 0.119447 -0.177714
vt 0.083325 -0.167971
vt 0.072869 -0.199832
vt 0.055313 -0.191960
vt 0.048454 -0.154416
vt 0.048454 -0.154416
vt 0.055313 -0.191960
vt 0.072869 -0.199832
vt 0.083325 -0.167971
vt 0.091676 -0.203893
vt 0.068736 -0.217541
vt 0.066596 -0.218950
vt 0.072869 -0.199832
vt 0.072869 -0.199832
vt 0.066596 -0.218950
vt 0.068736 -0.217541
vt 0.091676 -0.203893
vt -0.199832 0.374331
vt -0.218950 0.379542
vt -0.216547 0.387286
vt -0.191960 0.382076
vt -0.191960 0.382076
vt -0.216547 0.387286
vt -0.218950 0.379542
vt -0.199832 0.374331
vt 0.173102 -0.075883
vt 0.171344 -0.031277
vt 0.197023 -0.053161
vt 0.175582 -0.075483
vt 0.175582 -0.075483
vt 0.197023 -0.053161
vt 0.171344 -0.031277
vt 0.173102 -0.075883
vt 0.175582 -0.075483
vt 0.197023 -0.053161
vt 0.219923 -0.077938
vt 0.175282 -0.077977
vt 0.175282 -0.077977
vt 0.219923 -0.077938
vt 0.197023 -0.053161
vt 0.175582 -0.075483
vt 0.171344 -0.031277
vt 0.193082 0.005067
vt 0.225612 -0.023398
vt 0.197023 -0.053161
vt 0.197023 -0.053161
vt 0.225612 -0.023398
vt 0.193082 0.005067
vt 0.171344 -0.031277
vt 0.197023 -0.053161
vt 0.225612 -0.023398
vt 0.255363 -0.054756
vt 0.219923 -0.077938
vt 0.219923 -0.077938
vt 0.255363 -0.054756
vt 0.225612 -0.023398
vt 0.197023 -0.053161
vt 0.193082 0.005067
vt 0.229658 0.031927
vt 0.256583 0.008846
vt 0.225612 -0.023398
vt 0.225612 -0.023398
vt 0.256583 0.008846
vt 0.229658 0.031927
vt 0.193082 0.005067
vt 0.225612 -0.023398
vt 0.256583 0.008846
vt 0.280728 -0.017128
vt 0.255363 -0.054756
vt 0.255363 -0.054756
vt 0.280728 -0.017128
vt 0.256583 0.008846
vt 0.225612 -0.023398
vt 0.229658 0.031927
vt 0.265938 0.044765
vt 0.280406 0.033649
vt 0.256583 0.008846
vt 0.256583 0.008846
vt 0.280406 0.033649
vt 0.265938 0.044765
vt 0.229658 0.031927
vt 0.256583 0.008846
vt 0.280406 0.033649
vt 0.292096 0.019639
vt 0.280728 -0.017128
vt 0.280728 -0.017128
vt 0.292096 0.019639
vt 0.280406 0.033649
vt 0.256583 0.008846
vt 0.265938 0.449207
vt 0.292221 0.454551
vt 0.294701 0.446806
vt 0.280406 0.441463
vt 0.280406 0.441463
vt 0.294701 0.446806
vt 0.292221 0.454551
vt 0.265938 0.449207
vt 0.033649 0.441463
vt 0.048530 0.446806
vt 0.046037 0.454551
vt 0.019639 0.449207
vt 0.019639 0.449207
vt 0.046037 0.454551
vt 0.048530 0.446806
vt 0.033649 0.441463
vt 0.175707 -0.071252
vt 0.192132 -0.114257
vt 0.162643 -0.106691
vt 0.173787 -0.072733
vt 0.173787 -0.072733
vt 0.162643 -0.106691
vt 0.192132 -0.114257
vt 0.175707 -0.071252
vt 0.173787 -0.072733
vt 0.162643 -0.106691
vt 0.134404 -0.095314
vt 0.173117 -0.070402
vt 0.173117 -0.070402
vt 0.134404 -0.095314
vt 0.162643 -0.106691
vt 0.173787 -0.072733
vt 0.192132 -0.114257
vt 0.185414 -0.162207
vt 0.147784 -0.151969
vt 0.162643 -0.106691
vt 0.162643 -0.106691
vt 0.147784 -0.151969
vt 0.185414 -0.162207
vt 0.192132 -0.114257
vt 0.162643 -0.106691
vt 0.147784 -0.151969
vt 0.111405 -0.137920
vt 0.134404 -0.095314
vt 0.134404 -0.095314
vt 0.111405 -0.137920
vt 0.147784 -0.151969
vt 0.162643 -0.106691
vt 0.185414 -0.162207
vt 0.162657 -0.209072
vt 0.131688 -0.201020
vt 0.147784 -0.151969
vt 0.147784 -0.151969
vt 0.131688 -0.201020
vt 0.162657 -0.209072
vt 0.185414 -0.162207
vt 0.147784 -0.151969
vt 0.131688 -0.201020
vt 0.101969 -0.189157
vt 0.111405 -0.137920
vt 0.111405 -0.137920
vt 0.101969 -0.189157
vt 0.131688 -0.201020
vt 0.147784 -0.151969
vt 0.162657 -0.209072
vt 0.135473 -0.241946
vt 0.119306 -0.238752
vt 0.131688 -0.201020
vt 0.131688 -0.201020
vt 0.119306 -0.238752
vt 0.135473 -0.241946
vt 0.162657 -0.209072
vt 0.131688 -0.201020
vt 0.119306 -0.238752
vt 0.104389 -0.231746
vt 0.101969 -0.189157
vt 0.101969 -0.189157
vt 0.104389 -0.231746
vt 0.119306 -0.238752
vt 0.131688 -0.201020
vt 0.135473 -0.241946
vt 0.113797 -0.259910
vt 0.111877 -0.261391
vt 0.119306 -0.238752
vt 0.119306 -0.238752
vt 0.111877 -0.261391
vt 0.113797 -0.259910
vt 0.135473 -0.241946
vt -0.238752 0.444080
vt -0.261391 0.450251
vt -0.259060 0.457995
vt -0.231746 0.451825
vt -0.231746 0.451825
vt -0.259060 0.457995
vt -0.261391 0.450251
vt -0.238752 0.444080
vt 0.241549 -0.128370
vt 0.276450 -0.111180
vt 0.264010 -0.143663
vt 0.245961 -0.132815
vt 0.245961 -0.132815
vt 0.264010 -0.143663
vt 0.276450 -0.111180
vt 0.241549 -0.128370
vt 0.245961 -0.132815
vt 0.264010 -0.143663
vt 0.241162 -0.169891
vt 0.239966 -0.131005
vt 0.239966 -0.131005
vt 0.241162 -0.169891
vt 0.264010 -0.143663
vt 0.245961 -0.132815
vt -0.111180 0.536744
vt -0.117363 0.569464
vt -0.158127 0.564255
vt -0.143663 0.531534
vt -0.143663 0.531534
vt -0.158127 0.564255
vt -0.117363 0.569464
vt -0.111180 0.536744
vt 0.264010 -0.143663
vt 0.288075 -0.158127
vt 0.260251 -0.192635
vt 0.241162 -0.169891
vt 0.241162 -0.169891
vt 0.260251 -0.192635
vt 0.288075 -0.158127
vt 0.264010 -0.143663
vt -0.117363 0.569464
vt -0.139807 0.604912
vt -0.173796 0.599703
vt -0.158127 0.564255
vt -0.158127 0.564255
vt -0.173796 0.599703
vt -0.139807 0.604912
vt -0.117363 0.569464
vt 0.288075 -0.158127
vt 0.314145 -0.173796
vt 0.290393 -0.201530
vt 0.260251 -0.192635
vt 0.260251 -0.192635
vt 0.290393 -0.201530
vt 0.314145 -0.173796
vt 0.288075 -0.158127
vt -0.139807 0.604912
vt -0.166914 0.632180
vt -0.185849 0.626970
vt -0.173796 0.599703
vt -0.173796 0.599703
vt -0.185849 0.626970
vt -0.166914 0.632180
vt -0.139807 0.604912
vt 0.314145 0.599703
vt 0.334199 0.626970
vt 0.319495 0.632180
vt 0.290393 0.604912
vt 0.290393 0.604912
vt 0.319495 0.632180
vt 0.334199 0.626970
vt 0.314145 0.599703
vt -0.166914 0.632180
vt -0.188636 0.648540
vt -0.193081 0.643331
vt -0.185849 0.626970
vt -0.185849 0.626970
vt -0.193081 0.643331
vt -0.188636 0.648540
vt -0.166914 0.632180
vt 0.334199 0.626970
vt 0.346232 0.643331
vt 0.340236 0.648540
vt 0.319495 0.632180
vt 0.319495 0.632180
vt 0.340236 0.648540
vt 0.346232 0.643331
vt 0.334199 0.626970
usemtl M_ZZ_Stem
s 1
f 8/1 7/2 6/3 5/4 4/5 3/6 2/7 1/8
f 9/9 10/10 11/11 12/12 13/13 14/14 15/15 16/16
f 1/17 2/18 10/19 9/20
f 2/21 3/22 11/23 10/24
f 3/25 4/26 12/27 11/28
f 4/29 5/30 13/31 12/32
f 5/33 6/34 14/35 13/36
f 6/37 7/38 15/39 14/40
f 7/41 8/42 16/43 15/44
f 8/45 1/46 9/47 16/48
f 24/49 23/50 22/51 21/52 20/53 19/54 18/55 17/56
f 25/57 26/58 27/59 28/60 29/61 30/62 31/63 32/64
f 17/65 18/66 26/67 25/68
f 18/69 19/70 27/71 26/72
f 19/73 20/74 28/75 27/76
f 20/77 21/78 29/79 28/80
f 21/81 22/82 30/83 29/84
f 22/85 23/86 31/87 30/88
f 23/89 24/90 32/91 31/92
f 24/93 17/94 25/95 32/96
usemtl M_ZZ_Leaf
s 1
f 33/97 36/98 37/99 34/100
f 34/101 37/102 36/103 33/104
f 34/105 37/106 38/107 35/108
f 35/109 38/110 37/111 34/112
f 36/113 39/114 40/115 37/116
f 37/117 40/118 39/119 36/120
f 37/121 40/122 41/123 38/124
f 38/125 41/126 40/127 37/128
f 39/129 42/130 43/131 40/132
f 40/133 43/134 42/135 39/136
f 40/137 43/138 44/139 41/140
f 41/141 44/142 43/143 40/144
f 42/145 45/146 46/147 43/148
f 43/149 46/150 45/151 42/152
f 43/153 46/154 47/155 44/156
f 44/157 47/158 46/159 43/160
f 45/161 48/162 49/163 46/164
f 46/165 49/166 48/167 45/168
f 46/169 49/170 50/171 47/172
f 47/173 50/174 49/175 46/176
f 51/177 54/178 55/179 52/180
f 52/181 55/182 54/183 51/184
f 52/185 55/186 56/187 53/188
f 53/189 56/190 55/191 52/192
f 54/193 57/194 58/195 55/196
f 55/197 58/198 57/199 54/200
f 55/201 58/202 59/203 56/204
f 56/205 59/206 58/207 55/208
f 57/209 60/210 61/211 58/212
f 58/213 61/214 60/215 57/216
f 58/217 61/218 62/219 59/220
f 59/221 62/222 61/223 58/224
f 60/225 63/226 64/227 61/228
f 61/229 64/230 63/231 60/232
f 61/233 64/234 65/235 62/236
f 62/237 65/238 64/239 61/240
f 63/241 66/242 67/243 64/244
f 64/245 67/246 66/247 63/248
f 64/249 67/250 68/251 65/252
f 65/253 68/254 67/255 64/256
f 69/257 72/258 73/259 70/260
f 70/261 73/262 72/263 69/264
f 70/265 73/266 74/267 71/268
f 71/269 74/270 73/271 70/272
f 72/273 75/274 76/275 73/276
f 73/277 76/278 75/279 72/280
f 73/281 76/282 77/283 74/284
f 74/285 77/286 76/287 73/288
f 75/289 78/290 79/291 76/292
f 76/293 79/294 78/295 75/296
f 76/297 79/298 80/299 77/300
f 77/301 80/302 79/303 76/304
f 78/305 81/306 82/307 79/308
f 79/309 82/310 81/311 78/312
f 79/313 82/314 83/315 80/316
f 80/317 83/318 82/319 79/320
f 81/321 84/322 85/323 82/324
f 82/325 85/326 84/327 81/328
f 82/329 85/330 86/331 83/332
f 83/333 86/334 85/335 82/336
f 87/337 90/338 91/339 88/340
f 88/341 91/342 90/343 87/344
f 88/345 91/346 92/347 89/348
f 89/349 92/350 91/351 88/352
f 90/353 93/354 94/355 91/356
f 91/357 94/358 93/359 90/360
f 91/361 94/362 95/363 92/364
f 92/365 95/366 94/367 91/368
f 93/369 96/370 97/371 94/372
f 94/373 97/374 96/375 93/376
f 94/377 97/378 98/379 95/380
f 95/381 98/382 97/383 94/384
f 96/385 99/386 100/387 97/388
f 97/389 100/390 99/391 96/392
f 97/393 100/394 101/395 98/396
f 98/397 101/398 100/399 97/400
f 99/401 102/402 103/403 100/404
f 100/405 103/406 102/407 99/408
f 100/409 103/410 104/411 101/412
f 101/413 104/414 103/415 100/416
f 105/417 108/418 109/419 106/420
f 106/421 109/422 108/423 105/424
f 106/425 109/426 110/427 107/428
f 107/429 110/430 109/431 106/432
f 108/433 111/434 112/435 109/436
f 109/437 112/438 111/439 108/440
f 109/441 112/442 113/443 110/444
f 110/445 113/446 112/447 109/448
f 111/449 114/450 115/451 112/452
f 112/453 115/454 114/455 111/456
f 112/457 115/458 116/459 113/460
f 113/461 116/462 115/463 112/464
f 114/465 117/466 118/467 115/468
f 115/469 118/470 117/471 114/472
f 115/473 118/474 119/475 116/476
f 116/477 119/478 118/479 115/480
f 117/481 120/482 121/483 118/484
f 118/485 121/486 120/487 117/488
f 118/489 121/490 122/491 119/492
f 119/493 122/494 121/495 118/496
f 123/497 126/498 127/499 124/500
f 124/501 127/502 126/503 123/504
f 124/505 127/506 128/507 125/508
f 125/509 128/510 127/511 124/512
f 126/513 129/514 130/515 127/516
f 127/517 130/518 129/519 126/520
f 127/521 130/522 131/523 128/524
f 128/525 131/526 130/527 127/528
f 129/529 132/530 133/531 130/532
f 130/533 133/534 132/535 129/536
f 130/537 133/538 134/539 131/540
f 131/541 134/542 133/543 130/544
f 132/545 135/546 136/547 133/548
f 133/549 136/550 135/551 132/552
f 133/553 136/554 137/555 134/556
f 134/557 137/558 136/559 133/560
f 135/561 138/562 139/563 136/564
f 136/565 139/566 138/567 135/568
f 136/569 139/570 140/571 137/572
f 137/573 140/574 139/575 136/576
f 141/577 144/578 145/579 142/580
f 142/581 145/582 144/583 141/584
f 142/585 145/586 146/587 143/588
f 143/589 146/590 145/591 142/592
f 144/593 147/594 148/595 145/596
f 145/597 148/598 147/599 144/600
f 145/601 148/602 149/603 146/604
f 146/605 149/606 148/607 145/608
f 147/609 150/610 151/611 148/612
f 148/613 151/614 150/615 147/616
f 148/617 151/618 152/619 149/620
f 149/621 152/622 151/623 148/624
f 150/625 153/626 154/627 151/628
f 151/629 154/630 153/631 150/632
f 151/633 154/634 155/635 152/636
f 152/637 155/638 154/639 151/640
f 153/641 156/642 157/643 154/644
f 154/645 157/646 156/647 153/648
f 154/649 157/650 158/651 155/652
f 155/653 158/654 157/655 154/656
f 159/657 162/658 163/659 160/660
f 160/661 163/662 162/663 159/664
f 160/665 163/666 164/667 161/668
f 161/669 164/670 163/671 160/672
f 162/673 165/674 166/675 163/676
f 163/677 166/678 165/679 162/680
f 163/681 166/682 167/683 164/684
f 164/685 167/686 166/687 163/688
f 165/689 168/690 169/691 166/692
f 166/693 169/694 168/695 165/696
f 166/697 169/698 170/699 167/700
f 167/701 170/702 169/703 166/704
f 168/705 171/706 172/707 169/708
f 169/709 172/710 171/711 168/712
f 169/713 172/714 173/715 170/716
f 170/717 173/718 172/719 169/720
f 171/721 174/722 175/723 172/724
f 172/725 175/726 174/727 171/728
f 172/729 175/730 176/731 173/732
f 173/733 176/734 175/735 172/736
f 177/737 180/738 181/739 178/740
f 178/741 181/742 180/743 177/744
f 178/745 181/746 182/747 179/748
f 179/749 182/750 181/751 178/752
f 180/753 183/754 184/755 181/756
f 181/757 184/758 183/759 180/760
f 181/761 184/762 185/763 182/764
f 182/765 185/766 184/767 181/768
f 183/769 186/770 187/771 184/772
f 184/773 187/774 186/775 183/776
f 184/777 187/778 188/779 185/780
f 185/781 188/782 187/783 184/784
f 186/785 189/786 190/787 187/788
f 187/789 190/790 189/791 186/792
f 187/793 190/794 191/795 188/796
f 188/797 191/798 190/799 187/800
f 189/801 192/802 193/803 190/804
f 190/805 193/806 192/807 189/808
f 190/809 193/810 194/811 191/812
f 191/813 194/814 193/815 190/816
usemtl M_ZZ_Stem
s 1
f 202/817 201/818 200/819 199/820 198/821 197/822 196/823 195/824
f 203/825 204/826 205/827 206/828 207/829 208/830 209/831 210/832
f 195/833 196/834 204/835 203/836
f 196/837 197/838 205/839 204/840
f 197/841 198/842 206/843 205/844
f 198/845 199/846 207/847 206/848
f 199/849 200/850 208/851 207/852
f 200/853 201/854 209/855 208/856
f 201/857 202/858 210/859 209/860
f 202/861 195/862 203/863 210/864
f 218/865 217/866 216/867 215/868 214/869 213/870 212/871 211/872
f 219/873 220/874 221/875 222/876 223/877 224/878 225/879 226/880
f 211/881 212/882 220/883 219/884
f 212/885 213/886 221/887 220/888
f 213/889 214/890 222/891 221/892
f 214/893 215/894 223/895 222/896
f 215/897 216/898 224/899 223/900
f 216/901 217/902 225/903 224/904
f 217/905 218/906 226/907 225/908
f 218/909 211/910 219/911 226/912
usemtl M_ZZ_Leaf
s 1
f 227/913 230/914 231/915 228/916
f 228/917 231/918 230/919 227/920
f 228/921 231/922 232/923 229/924
f 229/925 232/926 231/927 228/928
f 230/929 233/930 234/931 231/932
f 231/933 234/934 233/935 230/936
f 231/937 234/938 235/939 232/940
f 232/941 235/942 234/943 231/944
f 233/945 236/946 237/947 234/948
f 234/949 237/950 236/951 233/952
f 234/953 237/954 238/955 235/956
f 235/957 238/958 237/959 234/960
f 236/961 239/962 240/963 237/964
f 237/965 240/966 239/967 236/968
f 237/969 240/970 241/971 238/972
f 238/973 241/974 240/975 237/976
f 239/977 242/978 243/979 240/980
f 240/981 243/982 242/983 239/984
f 240/985 243/986 244/987 241/988
f 241/989 244/990 243/991 240/992
f 245/993 248/994 249/995 246/996
f 246/997 249/998 248/999 245/1000
f 246/1001 249/1002 250/1003 247/1004
f 247/1005 250/1006 249/1007 246/1008
f 248/1009 251/1010 252/1011 249/1012
f 249/1013 252/1014 251/1015 248/1016
f 249/1017 252/1018 253/1019 250/1020
f 250/1021 253/1022 252/1023 249/1024
f 251/1025 254/1026 255/1027 252/1028
f 252/1029 255/1030 254/1031 251/1032
f 252/1033 255/1034 256/1035 253/1036
f 253/1037 256/1038 255/1039 252/1040
f 254/1041 257/1042 258/1043 255/1044
f 255/1045 258/1046 257/1047 254/1048
f 255/1049 258/1050 259/1051 256/1052
f 256/1053 259/1054 258/1055 255/1056
f 257/1057 260/1058 261/1059 258/1060
f 258/1061 261/1062 260/1063 257/1064
f 258/1065 261/1066 262/1067 259/1068
f 259/1069 262/1070 261/1071 258/1072
f 263/1073 266/1074 267/1075 264/1076
f 264/1077 267/1078 266/1079 263/1080
f 264/1081 267/1082 268/1083 265/1084
f 265/1085 268/1086 267/1087 264/1088
f 266/1089 269/1090 270/1091 267/1092
f 267/1093 270/1094 269/1095 266/1096
f 267/1097 270/1098 271/1099 268/1100
f 268/1101 271/1102 270/1103 267/1104
f 269/1105 272/1106 273/1107 270/1108
f 270/1109 273/1110 272/1111 269/1112
f 270/1113 273/1114 274/1115 271/1116
f 271/1117 274/1118 273/1119 270/1120
f 272/1121 275/1122 276/1123 273/1124
f 273/1125 276/1126 275/1127 272/1128
f 273/1129 276/1130 277/1131 274/1132
f 274/1133 277/1134 276/1135 273/1136
f 275/1137 278/1138 279/1139 276/1140
f 276/1141 279/1142 278/1143 275/1144
f 276/1145 279/1146 280/1147 277/1148
f 277/1149 280/1150 279/1151 276/1152
f 281/1153 284/1154 285/1155 282/1156
f 282/1157 285/1158 284/1159 281/1160
f 282/1161 285/1162 286/1163 283/1164
f 283/1165 286/1166 285/1167 282/1168
f 284/1169 287/1170 288/1171 285/1172
f 285/1173 288/1174 287/1175 284/1176
f 285/1177 288/1178 289/1179 286/1180
f 286/1181 289/1182 288/1183 285/1184
f 287/1185 290/1186 291/1187 288/1188
f 288/1189 291/1190 290/1191 287/1192
f 288/1193 291/1194 292/1195 289/1196
f 289/1197 292/1198 291/1199 288/1200
f 290/1201 293/1202 294/1203 291/1204
f 291/1205 294/1206 293/1207 290/1208
f 291/1209 294/1210 295/1211 292/1212
f 292/1213 295/1214 294/1215 291/1216
f 293/1217 296/1218 297/1219 294/1220
f 294/1221 297/1222 296/1223 293/1224
f 294/1225 297/1226 298/1227 295/1228
f 295/1229 298/1230 297/1231 294/1232
f 299/1233 302/1234 303/1235 300/1236
f 300/1237 303/1238 302/1239 299/1240
f 300/1241 303/1242 304/1243 301/1244
f 301/1245 304/1246 303/1247 300/1248
f 302/1249 305/1250 306/1251 303/1252
f 303/1253 306/1254 305/1255 302/1256
f 303/1257 306/1258 307/1259 304/1260
f 304/1261 307/1262 306/1263 303/1264
f 305/1265 308/1266 309/1267 306/1268
f 306/1269 309/1270 308/1271 305/1272
f 306/1273 309/1274 310/1275 307/1276
f 307/1277 310/1278 309/1279 306/1280
f 308/1281 311/1282 312/1283 309/1284
f 309/1285 312/1286 311/1287 308/1288
f 309/1289 312/1290 313/1291 310/1292
f 310/1293 313/1294 312/1295 309/1296
f 311/1297 314/1298 315/1299 312/1300
f 312/1301 315/1302 314/1303 311/1304
f 312/1305 315/1306 316/1307 313/1308
f 313/1309 316/1310 315/1311 312/1312
f 317/1313 320/1314 321/1315 318/1316
f 318/1317 321/1318 320/1319 317/1320
f 318/1321 321/1322 322/1323 319/1324
f 319/1325 322/1326 321/1327 318/1328
f 320/1329 323/1330 324/1331 321/1332
f 321/1333 324/1334 323/1335 320/1336
f 321/1337 324/1338 325/1339 322/1340
f 322/1341 325/1342 324/1343 321/1344
f 323/1345 326/1346 327/1347 324/1348
f 324/1349 327/1350 326/1351 323/1352
f 324/1353 327/1354 328/1355 325/1356
f 325/1357 328/1358 327/1359 324/1360
f 326/1361 329/1362 330/1363 327/1364
f 327/1365 330/1366 329/1367 326/1368
f 327/1369 330/1370 331/1371 328/1372
f 328/1373 331/1374 330/1375 327/1376
f 329/1377 332/1378 333/1379 330/1380
f 330/1381 333/1382 332/1383 329/1384
f 330/1385 333/1386 334/1387 331/1388
f 331/1389 334/1390 333/1391 330/1392
f 335/1393 338/1394 339/1395 336/1396
f 336/1397 339/1398 338/1399 335/1400
f 336/1401 339/1402 340/1403 337/1404
f 337/1405 340/1406 339/1407 336/1408
f 338/1409 341/1410 342/1411 339/1412
f 339/1413 342/1414 341/1415 338/1416
f 339/1417 342/1418 343/1419 340/1420
f 340/1421 343/1422 342/1423 339/1424
f 341/1425 344/1426 345/1427 342/1428
f 342/1429 345/1430 344/1431 341/1432
f 342/1433 345/1434 346/1435 343/1436
f 343/1437 346/1438 345/1439 342/1440
f 344/1441 347/1442 348/1443 345/1444
f 345/1445 348/1446 347/1447 344/1448
f 345/1449 348/1450 349/1451 346/1452
f 346/1453 349/1454 348/1455 345/1456
f 347/1457 350/1458 351/1459 348/1460
f 348/1461 351/1462 350/1463 347/1464
f 348/1465 351/1466 352/1467 349/1468
f 349/1469 352/1470 351/1471 348/1472
f 353/1473 356/1474 357/1475 354/1476
f 354/1477 357/1478 356/1479 353/1480
f 354/1481 357/1482 358/1483 355/1484
f 355/1485 358/1486 357/1487 354/1488
f 356/1489 359/1490 360/1491 357/1492
f 357/1493 360/1494 359/1495 356/1496
f 357/1497 360/1498 361/1499 358/1500
f 358/1501 361/1502 360/1503 357/1504
f 359/1505 362/1506 363/1507 360/1508
f 360/1509 363/1510 362/1511 359/1512
f 360/1513 363/1514 364/1515 361/1516
f 361/1517 364/1518 363/1519 360/1520
f 362/1521 365/1522 366/1523 363/1524
f 363/1525 366/1526 365/1527 362/1528
f 363/1529 366/1530 367/1531 364/1532
f 364/1533 367/1534 366/1535 363/1536
f 365/1537 368/1538 369/1539 366/1540
f 366/1541 369/1542 368/1543 365/1544
f 366/1545 369/1546 370/1547 367/1548
f 367/1549 370/1550 369/1551 366/1552
f 371/1553 374/1554 375/1555 372/1556
f 372/1557 375/1558 374/1559 371/1560
f 372/1561 375/1562 376/1563 373/1564
f 373/1565 376/1566 375/1567 372/1568
f 374/1569 377/1570 378/1571 375/1572
f 375/1573 378/1574 377/1575 374/1576
f 375/1577 378/1578 379/1579 376/1580
f 376/1581 379/1582 378/1583 375/1584
f 377/1585 380/1586 381/1587 378/1588
f 378/1589 381/1590 380/1591 377/1592
f 378/1593 381/1594 382/1595 379/1596
f 379/1597 382/1598 381/1599 378/1600
f 380/1601 383/1602 384/1603 381/1604
f 381/1605 384/1606 383/1607 380/1608
f 381/1609 384/1610 385/1611 382/1612
f 382/1613 385/1614 384/1615 381/1616
f 383/1617 386/1618 387/1619 384/1620
f 384/1621 387/1622 386/1623 383/1624
f 384/1625 387/1626 388/1627 385/1628
f 385/1629 388/1630 387/1631 384/1632
usemtl M_ZZ_Stem
s 1
f 396/1633 395/1634 394/1635 393/1636 392/1637 391/1638 390/1639 389/1640
f 397/1641 398/1642 399/1643 400/1644 401/1645 402/1646 403/1647 404/1648
f 389/1649 390/1650 398/1651 397/1652
f 390/1653 391/1654 399/1655 398/1656
f 391/1657 392/1658 400/1659 399/1660
f 392/1661 393/1662 401/1663 400/1664
f 393/1665 394/1666 402/1667 401/1668
f 394/1669 395/1670 403/1671 402/1672
f 395/1673 396/1674 404/1675 403/1676
f 396/1677 389/1678 397/1679 404/1680
f 412/1681 411/1682 410/1683 409/1684 408/1685 407/1686 406/1687 405/1688
f 413/1689 414/1690 415/1691 416/1692 417/1693 418/1694 419/1695 420/1696
f 405/1697 406/1698 414/1699 413/1700
f 406/1701 407/1702 415/1703 414/1704
f 407/1705 408/1706 416/1707 415/1708
f 408/1709 409/1710 417/1711 416/1712
f 409/1713 410/1714 418/1715 417/1716
f 410/1717 411/1718 419/1719 418/1720
f 411/1721 412/1722 420/1723 419/1724
f 412/1725 405/1726 413/1727 420/1728
usemtl M_ZZ_Leaf
s 1
f 421/1729 424/1730 425/1731 422/1732
f 422/1733 425/1734 424/1735 421/1736
f 422/1737 425/1738 426/1739 423/1740
f 423/1741 426/1742 425/1743 422/1744
f 424/1745 427/1746 428/1747 425/1748
f 425/1749 428/1750 427/1751 424/1752
f 425/1753 428/1754 429/1755 426/1756
f 426/1757 429/1758 428/1759 425/1760
f 427/1761 430/1762 431/1763 428/1764
f 428/1765 431/1766 430/1767 427/1768
f 428/1769 431/1770 432/1771 429/1772
f 429/1773 432/1774 431/1775 428/1776
f 430/1777 433/1778 434/1779 431/1780
f 431/1781 434/1782 433/1783 430/1784
f 431/1785 434/1786 435/1787 432/1788
f 432/1789 435/1790 434/1791 431/1792
f 433/1793 436/1794 437/1795 434/1796
f 434/1797 437/1798 436/1799 433/1800
f 434/1801 437/1802 438/1803 435/1804
f 435/1805 438/1806 437/1807 434/1808
f 439/1809 442/1810 443/1811 440/1812
f 440/1813 443/1814 442/1815 439/1816
f 440/1817 443/1818 444/1819 441/1820
f 441/1821 444/1822 443/1823 440/1824
f 442/1825 445/1826 446/1827 443/1828
f 443/1829 446/1830 445/1831 442/1832
f 443/1833 446/1834 447/1835 444/1836
f 444/1837 447/1838 446/1839 443/1840
f 445/1841 448/1842 449/1843 446/1844
f 446/1845 449/1846 448/1847 445/1848
f 446/1849 449/1850 450/1851 447/1852
f 447/1853 450/1854 449/1855 446/1856
f 448/1857 451/1858 452/1859 449/1860
f 449/1861 452/1862 451/1863 448/1864
f 449/1865 452/1866 453/1867 450/1868
f 450/1869 453/1870 452/1871 449/1872
f 451/1873 454/1874 455/1875 452/1876
f 452/1877 455/1878 454/1879 451/1880
f 452/1881 455/1882 456/1883 453/1884
f 453/1885 456/1886 455/1887 452/1888
f 457/1889 460/1890 461/1891 458/1892
f 458/1893 461/1894 460/1895 457/1896
f 458/1897 461/1898 462/1899 459/1900
f 459/1901 462/1902 461/1903 458/1904
f 460/1905 463/1906 464/1907 461/1908
f 461/1909 464/1910 463/1911 460/1912
f 461/1913 464/1914 465/1915 462/1916
f 462/1917 465/1918 464/1919 461/1920
f 463/1921 466/1922 467/1923 464/1924
f 464/1925 467/1926 466/1927 463/1928
f 464/1929 467/1930 468/1931 465/1932
f 465/1933 468/1934 467/1935 464/1936
f 466/1937 469/1938 470/1939 467/1940
f 467/1941 470/1942 469/1943 466/1944
f 467/1945 470/1946 471/1947 468/1948
f 468/1949 471/1950 470/1951 467/1952
f 469/1953 472/1954 473/1955 470/1956
f 470/1957 473/1958 472/1959 469/1960
f 470/1961 473/1962 474/1963 471/1964
f 471/1965 474/1966 473/1967 470/1968
f 475/1969 478/1970 479/1971 476/1972
f 476/1973 479/1974 478/1975 475/1976
f 476/1977 479/1978 480/1979 477/1980
f 477/1981 480/1982 479/1983 476/1984
f 478/1985 481/1986 482/1987 479/1988
f 479/1989 482/1990 481/1991 478/1992
f 479/1993 482/1994 483/1995 480/1996
f 480/1997 483/1998 482/1999 479/2000
f 481/2001 484/2002 485/2003 482/2004
f 482/2005 485/2006 484/2007 481/2008
f 482/2009 485/2010 486/2011 483/2012
f 483/2013 486/2014 485/2015 482/2016
f 484/2017 487/2018 488/2019 485/2020
f 485/2021 488/2022 487/2023 484/2024
f 485/2025 488/2026 489/2027 486/2028
f 486/2029 489/2030 488/2031 485/2032
f 487/2033 490/2034 491/2035 488/2036
f 488/2037 491/2038 490/2039 487/2040
f 488/2041 491/2042 492/2043 489/2044
f 489/2045 492/2046 491/2047 488/2048
f 493/2049 496/2050 497/2051 494/2052
f 494/2053 497/2054 496/2055 493/2056
f 494/2057 497/2058 498/2059 495/2060
f 495/2061 498/2062 497/2063 494/2064
f 496/2065 499/2066 500/2067 497/2068
f 497/2069 500/2070 499/2071 496/2072
f 497/2073 500/2074 501/2075 498/2076
f 498/2077 501/2078 500/2079 497/2080
f 499/2081 502/2082 503/2083 500/2084
f 500/2085 503/2086 502/2087 499/2088
f 500/2089 503/2090 504/2091 501/2092
f 501/2093 504/2094 503/2095 500/2096
f 502/2097 505/2098 506/2099 503/2100
f 503/2101 506/2102 505/2103 502/2104
f 503/2105 506/2106 507/2107 504/2108
f 504/2109 507/2110 506/2111 503/2112
f 505/2113 508/2114 509/2115 506/2116
f 506/2117 509/2118 508/2119 505/2120
f 506/2121 509/2122 510/2123 507/2124
f 507/2125 510/2126 509/2127 506/2128
f 511/2129 514/2130 515/2131 512/2132
f 512/2133 515/2134 514/2135 511/2136
f 512/2137 515/2138 516/2139 513/2140
f 513/2141 516/2142 515/2143 512/2144
f 514/2145 517/2146 518/2147 515/2148
f 515/2149 518/2150 517/2151 514/2152
f 515/2153 518/2154 519/2155 516/2156
f 516/2157 519/2158 518/2159 515/2160
f 517/2161 520/2162 521/2163 518/2164
f 518/2165 521/2166 520/2167 517/2168
f 518/2169 521/2170 522/2171 519/2172
f 519/2173 522/2174 521/2175 518/2176
f 520/2177 523/2178 524/2179 521/2180
f 521/2181 524/2182 523/2183 520/2184
f 521/2185 524/2186 525/2187 522/2188
f 522/2189 525/2190 524/2191 521/2192
f 523/2193 526/2194 527/2195 524/2196
f 524/2197 527/2198 526/2199 523/2200
f 524/2201 527/2202 528/2203 525/2204
f 525/2205 528/2206 527/2207 524/2208
f 529/2209 532/2210 533/2211 530/2212
f 530/2213 533/2214 532/2215 529/2216
f 530/2217 533/2218 534/2219 531/2220
f 531/2221 534/2222 533/2223 530/2224
f 532/2225 535/2226 536/2227 533/2228
f 533/2229 536/2230 535/2231 532/2232
f 533/2233 536/2234 537/2235 534/2236
f 534/2237 537/2238 536/2239 533/2240
f 535/2241 538/2242 539/2243 536/2244
f 536/2245 539/2246 538/2247 535/2248
f 536/2249 539/2250 540/2251 537/2252
f 537/2253 540/2254 539/2255 536/2256
f 538/2257 541/2258 542/2259 539/2260
f 539/2261 542/2262 541/2263 538/2264
f 539/2265 542/2266 543/2267 540/2268
f 540/2269 543/2270 542/2271 539/2272
f 541/2273 544/2274 545/2275 542/2276
f 542/2277 545/2278 544/2279 541/2280
f 542/2281 545/2282 546/2283 543/2284
f 543/2285 546/2286 545/2287 542/2288
f 547/2289 550/2290 551/2291 548/2292
f 548/2293 551/2294 550/2295 547/2296
f 548/2297 551/2298 552/2299 549/2300
f 549/2301 552/2302 551/2303 548/2304
f 550/2305 553/2306 554/2307 551/2308
f 551/2309 554/2310 553/2311 550/2312
f 551/2313 554/2314 555/2315 552/2316
f 552/2317 555/2318 554/2319 551/2320
f 553/2321 556/2322 557/2323 554/2324
f 554/2325 557/2326 556/2327 553/2328
f 554/2329 557/2330 558/2331 555/2332
f 555/2333 558/2334 557/2335 554/2336
f 556/2337 559/2338 560/2339 557/2340
f 557/2341 560/2342 559/2343 556/2344
f 557/2345 560/2346 561/2347 558/2348
f 558/2349 561/2350 560/2351 557/2352
f 559/2353 562/2354 563/2355 560/2356
f 560/2357 563/2358 562/2359 559/2360
f 560/2361 563/2362 564/2363 561/2364
f 561/2365 564/2366 563/2367 560/2368
f 565/2369 568/2370 569/2371 566/2372
f 566/2373 569/2374 568/2375 565/2376
f 566/2377 569/2378 570/2379 567/2380
f 567/2381 570/2382 569/2383 566/2384
f 568/2385 571/2386 572/2387 569/2388
f 569/2389 572/2390 571/2391 568/2392
f 569/2393 572/2394 573/2395 570/2396
f 570/2397 573/2398 572/2399 569/2400
f 571/2401 574/2402 575/2403 572/2404
f 572/2405 575/2406 574/2407 571/2408
f 572/2409 575/2410 576/2411 573/2412
f 573/2413 576/2414 575/2415 572/2416
f 574/2417 577/2418 578/2419 575/2420
f 575/2421 578/2422 577/2423 574/2424
f 575/2425 578/2426 579/2427 576/2428
f 576/2429 579/2430 578/2431 575/2432
f 577/2433 580/2434 581/2435 578/2436
f 578/2437 581/2438 580/2439 577/2440
f 578/2441 581/2442 582/2443 579/2444
f 579/2445 582/2446 581/2447 578/2448
usemtl M_ZZ_Stem
s 1
f 590/2449 589/2450 588/2451 587/2452 586/2453 585/2454 584/2455 583/2456
f 591/2457 592/2458 593/2459 594/2460 595/2461 596/2462 597/2463 598/2464
f 583/2465 584/2466 592/2467 591/2468
f 584/2469 585/2470 593/2471 592/2472
f 585/2473 586/2474 594/2475 593/2476
f 586/2477 587/2478 595/2479 594/2480
f 587/2481 588/2482 596/2483 595/2484
f 588/2485 589/2486 597/2487 596/2488
f 589/2489 590/2490 598/2491 597/2492
f 590/2493 583/2494 591/2495 598/2496
f 606/2497 605/2498 604/2499 603/2500 602/2501 601/2502 600/2503 599/2504
f 607/2505 608/2506 609/2507 610/2508 611/2509 612/2510 613/2511 614/2512
f 599/2513 600/2514 608/2515 607/2516
f 600/2517 601/2518 609/2519 608/2520
f 601/2521 602/2522 610/2523 609/2524
f 602/2525 603/2526 611/2527 610/2528
f 603/2529 604/2530 612/2531 611/2532
f 604/2533 605/2534 613/2535 612/2536
f 605/2537 606/2538 614/2539 613/2540
f 606/2541 599/2542 607/2543 614/2544
usemtl M_ZZ_Leaf
s 1
f 615/2545 618/2546 619/2547 616/2548
f 616/2549 619/2550 618/2551 615/2552
f 616/2553 619/2554 620/2555 617/2556
f 617/2557 620/2558 619/2559 616/2560
f 618/2561 621/2562 622/2563 619/2564
f 619/2565 622/2566 621/2567 618/2568
f 619/2569 622/2570 623/2571 620/2572
f 620/2573 623/2574 622/2575 619/2576
f 621/2577 624/2578 625/2579 622/2580
f 622/2581 625/2582 624/2583 621/2584
f 622/2585 625/2586 626/2587 623/2588
f 623/2589 626/2590 625/2591 622/2592
f 624/2593 627/2594 628/2595 625/2596
f 625/2597 628/2598 627/2599 624/2600
f 625/2601 628/2602 629/2603 626/2604
f 626/2605 629/2606 628/2607 625/2608
f 627/2609 630/2610 631/2611 628/2612
f 628/2613 631/2614 630/2615 627/2616
f 628/2617 631/2618 632/2619 629/2620
f 629/2621 632/2622 631/2623 628/2624
f 633/2625 636/2626 637/2627 634/2628
f 634/2629 637/2630 636/2631 633/2632
f 634/2633 637/2634 638/2635 635/2636
f 635/2637 638/2638 637/2639 634/2640
f 636/2641 639/2642 640/2643 637/2644
f 637/2645 640/2646 639/2647 636/2648
f 637/2649 640/2650 641/2651 638/2652
f 638/2653 641/2654 640/2655 637/2656
f 639/2657 642/2658 643/2659 640/2660
f 640/2661 643/2662 642/2663 639/2664
f 640/2665 643/2666 644/2667 641/2668
f 641/2669 644/2670 643/2671 640/2672
f 642/2673 645/2674 646/2675 643/2676
f 643/2677 646/2678 645/2679 642/2680
f 643/2681 646/2682 647/2683 644/2684
f 644/2685 647/2686 646/2687 643/2688
f 645/2689 648/2690 649/2691 646/2692
f 646/2693 649/2694 648/2695 645/2696
f 646/2697 649/2698 650/2699 647/2700
f 647/2701 650/2702 649/2703 646/2704
f 651/2705 654/2706 655/2707 652/2708
f 652/2709 655/2710 654/2711 651/2712
f 652/2713 655/2714 656/2715 653/2716
f 653/2717 656/2718 655/2719 652/2720
f 654/2721 657/2722 658/2723 655/2724
f 655/2725 658/2726 657/2727 654/2728
f 655/2729 658/2730 659/2731 656/2732
f 656/2733 659/2734 658/2735 655/2736
f 657/2737 660/2738 661/2739 658/2740
f 658/2741 661/2742 660/2743 657/2744
f 658/2745 661/2746 662/2747 659/2748
f 659/2749 662/2750 661/2751 658/2752
f 660/2753 663/2754 664/2755 661/2756
f 661/2757 664/2758 663/2759 660/2760
f 661/2761 664/2762 665/2763 662/2764
f 662/2765 665/2766 664/2767 661/2768
f 663/2769 666/2770 667/2771 664/2772
f 664/2773 667/2774 666/2775 663/2776
f 664/2777 667/2778 668/2779 665/2780
f 665/2781 668/2782 667/2783 664/2784
f 669/2785 672/2786 673/2787 670/2788
f 670/2789 673/2790 672/2791 669/2792
f 670/2793 673/2794 674/2795 671/2796
f 671/2797 674/2798 673/2799 670/2800
f 672/2801 675/2802 676/2803 673/2804
f 673/2805 676/2806 675/2807 672/2808
f 673/2809 676/2810 677/2811 674/2812
f 674/2813 677/2814 676/2815 673/2816
f 675/2817 678/2818 679/2819 676/2820
f 676/2821 679/2822 678/2823 675/2824
f 676/2825 679/2826 680/2827 677/2828
f 677/2829 680/2830 679/2831 676/2832
f 678/2833 681/2834 682/2835 679/2836
f 679/2837 682/2838 681/2839 678/2840
f 679/2841 682/2842 683/2843 680/2844
f 680/2845 683/2846 682/2847 679/2848
f 681/2849 684/2850 685/2851 682/2852
f 682/2853 685/2854 684/2855 681/2856
f 682/2857 685/2858 686/2859 683/2860
f 683/2861 686/2862 685/2863 682/2864
f 687/2865 690/2866 691/2867 688/2868
f 688/2869 691/2870 690/2871 687/2872
f 688/2873 691/2874 692/2875 689/2876
f 689/2877 692/2878 691/2879 688/2880
f 690/2881 693/2882 694/2883 691/2884
f 691/2885 694/2886 693/2887 690/2888
f 691/2889 694/2890 695/2891 692/2892
f 692/2893 695/2894 694/2895 691/2896
f 693/2897 696/2898 697/2899 694/2900
f 694/2901 697/2902 696/2903 693/2904
f 694/2905 697/2906 698/2907 695/2908
f 695/2909 698/2910 697/2911 694/2912
f 696/2913 699/2914 700/2915 697/2916
f 697/2917 700/2918 699/2919 696/2920
f 697/2921 700/2922 701/2923 698/2924
f 698/2925 701/2926 700/2927 697/2928
f 699/2929 702/2930 703/2931 700/2932
f 700/2933 703/2934 702/2935 699/2936
f 700/2937 703/2938 704/2939 701/2940
f 701/2941 704/2942 703/2943 700/2944
f 705/2945 708/2946 709/2947 706/2948
f 706/2949 709/2950 708/2951 705/2952
f 706/2953 709/2954 710/2955 707/2956
f 707/2957 710/2958 709/2959 706/2960
f 708/2961 711/2962 712/2963 709/2964
f 709/2965 712/2966 711/2967 708/2968
f 709/2969 712/2970 713/2971 710/2972
f 710/2973 713/2974 712/2975 709/2976
f 711/2977 714/2978 715/2979 712/2980
f 712/2981 715/2982 714/2983 711/2984
f 712/2985 715/2986 716/2987 713/2988
f 713/2989 716/2990 715/2991 712/2992
f 714/2993 717/2994 718/2995 715/2996
f 715/2997 718/2998 717/2999 714/3000
f 715/3001 718/3002 719/3003 716/3004
f 716/3005 719/3006 718/3007 715/3008
f 717/3009 720/3010 721/3011 718/3012
f 718/3013 721/3014 720/3015 717/3016
f 718/3017 721/3018 722/3019 719/3020
f 719/3021 722/3022 721/3023 718/3024
f 723/3025 726/3026 727/3027 724/3028
f 724/3029 727/3030 726/3031 723/3032
f 724/3033 727/3034 728/3035 725/3036
f 725/3037 728/3038 727/3039 724/3040
f 726/3041 729/3042 730/3043 727/3044
f 727/3045 730/3046 729/3047 726/3048
f 727/3049 730/3050 731/3051 728/3052
f 728/3053 731/3054 730/3055 727/3056
f 729/3057 732/3058 733/3059 730/3060
f 730/3061 733/3062 732/3063 729/3064
f 730/3065 733/3066 734/3067 731/3068
f 731/3069 734/3070 733/3071 730/3072
f 732/3073 735/3074 736/3075 733/3076
f 733/3077 736/3078 735/3079 732/3080
f 733/3081 736/3082 737/3083 734/3084
f 734/3085 737/3086 736/3087 733/3088
f 735/3089 738/3090 739/3091 736/3092
f 736/3093 739/3094 738/3095 735/3096
f 736/3097 739/3098 740/3099 737/3100
f 737/3101 740/3102 739/3103 736/3104
f 741/3105 744/3106 745/3107 742/3108
f 742/3109 745/3110 744/3111 741/3112
f 742/3113 745/3114 746/3115 743/3116
f 743/3117 746/3118 745/3119 742/3120
f 744/3121 747/3122 748/3123 745/3124
f 745/3125 748/3126 747/3127 744/3128
f 745/3129 748/3130 749/3131 746/3132
f 746/3133 749/3134 748/3135 745/3136
f 747/3137 750/3138 751/3139 748/3140
f 748/3141 751/3142 750/3143 747/3144
f 748/3145 751/3146 752/3147 749/3148
f 749/3149 752/3150 751/3151 748/3152
f 750/3153 753/3154 754/3155 751/3156
f 751/3157 754/3158 753/3159 750/3160
f 751/3161 754/3162 755/3163 752/3164
f 752/3165 755/3166 754/3167 751/3168
f 753/3169 756/3170 757/3171 754/3172
f 754/3173 757/3174 756/3175 753/3176
f 754/3177 757/3178 758/3179 755/3180
f 755/3181 758/3182 757/3183 754/3184
f 759/3185 762/3186 763/3187 760/3188
f 760/3189 763/3190 762/3191 759/3192
f 760/3193 763/3194 764/3195 761/3196
f 761/3197 764/3198 763/3199 760/3200
f 762/3201 765/3202 766/3203 763/3204
f 763/3205 766/3206 765/3207 762/3208
f 763/3209 766/3210 767/3211 764/3212
f 764/3213 767/3214 766/3215 763/3216
f 765/3217 768/3218 769/3219 766/3220
f 766/3221 769/3222 768/3223 765/3224
f 766/3225 769/3226 770/3227 767/3228
f 767/3229 770/3230 769/3231 766/3232
f 768/3233 771/3234 772/3235 769/3236
f 769/3237 772/3238 771/3239 768/3240
f 769/3241 772/3242 773/3243 770/3244
f 770/3245 773/3246 772/3247 769/3248
f 771/3249 774/3250 775/3251 772/3252
f 772/3253 775/3254 774/3255 771/3256
f 772/3257 775/3258 776/3259 773/3260
f 773/3261 776/3262 775/3263 772/3264
usemtl M_ZZ_Stem
s 1
f 784/3265 783/3266 782/3267 781/3268 780/3269 779/3270 778/3271 777/3272
f 785/3273 786/3274 787/3275 788/3276 789/3277 790/3278 791/3279 792/3280
f 777/3281 778/3282 786/3283 785/3284
f 778/3285 779/3286 787/3287 786/3288
f 779/3289 780/3290 788/3291 787/3292
f 780/3293 781/3294 789/3295 788/3296
f 781/3297 782/3298 790/3299 789/3300
f 782/3301 783/3302 791/3303 790/3304
f 783/3305 784/3306 792/3307 791/3308
f 784/3309 777/3310 785/3311 792/3312
f 800/3313 799/3314 798/3315 797/3316 796/3317 795/3318 794/3319 793/3320
f 801/3321 802/3322 803/3323 804/3324 805/3325 806/3326 807/3327 808/3328
f 793/3329 794/3330 802/3331 801/3332
f 794/3333 795/3334 803/3335 802/3336
f 795/3337 796/3338 804/3339 803/3340
f 796/3341 797/3342 805/3343 804/3344
f 797/3345 798/3346 806/3347 805/3348
f 798/3349 799/3350 807/3351 806/3352
f 799/3353 800/3354 808/3355 807/3356
f 800/3357 793/3358 801/3359 808/3360
usemtl M_ZZ_Leaf
s 1
f 809/3361 812/3362 813/3363 810/3364
f 810/3365 813/3366 812/3367 809/3368
f 810/3369 813/3370 814/3371 811/3372
f 811/3373 814/3374 813/3375 810/3376
f 812/3377 815/3378 816/3379 813/3380
f 813/3381 816/3382 815/3383 812/3384
f 813/3385 816/3386 817/3387 814/3388
f 814/3389 817/3390 816/3391 813/3392
f 815/3393 818/3394 819/3395 816/3396
f 816/3397 819/3398 818/3399 815/3400
f 816/3401 819/3402 820/3403 817/3404
f 817/3405 820/3406 819/3407 816/3408
f 818/3409 821/3410 822/3411 819/3412
f 819/3413 822/3414 821/3415 818/3416
f 819/3417 822/3418 823/3419 820/3420
f 820/3421 823/3422 822/3423 819/3424
f 821/3425 824/3426 825/3427 822/3428
f 822/3429 825/3430 824/3431 821/3432
f 822/3433 825/3434 826/3435 823/3436
f 823/3437 826/3438 825/3439 822/3440
f 827/3441 830/3442 831/3443 828/3444
f 828/3445 831/3446 830/3447 827/3448
f 828/3449 831/3450 832/3451 829/3452
f 829/3453 832/3454 831/3455 828/3456
f 830/3457 833/3458 834/3459 831/3460
f 831/3461 834/3462 833/3463 830/3464
f 831/3465 834/3466 835/3467 832/3468
f 832/3469 835/3470 834/3471 831/3472
f 833/3473 836/3474 837/3475 834/3476
f 834/3477 837/3478 836/3479 833/3480
f 834/3481 837/3482 838/3483 835/3484
f 835/3485 838/3486 837/3487 834/3488
f 836/3489 839/3490 840/3491 837/3492
f 837/3493 840/3494 839/3495 836/3496
f 837/3497 840/3498 841/3499 838/3500
f 838/3501 841/3502 840/3503 837/3504
f 839/3505 842/3506 843/3507 840/3508
f 840/3509 843/3510 842/3511 839/3512
f 840/3513 843/3514 844/3515 841/3516
f 841/3517 844/3518 843/3519 840/3520
f 845/3521 848/3522 849/3523 846/3524
f 846/3525 849/3526 848/3527 845/3528
f 846/3529 849/3530 850/3531 847/3532
f 847/3533 850/3534 849/3535 846/3536
f 848/3537 851/3538 852/3539 849/3540
f 849/3541 852/3542 851/3543 848/3544
f 849/3545 852/3546 853/3547 850/3548
f 850/3549 853/3550 852/3551 849/3552
f 851/3553 854/3554 855/3555 852/3556
f 852/3557 855/3558 854/3559 851/3560
f 852/3561 855/3562 856/3563 853/3564
f 853/3565 856/3566 855/3567 852/3568
f 854/3569 857/3570 858/3571 855/3572
f 855/3573 858/3574 857/3575 854/3576
f 855/3577 858/3578 859/3579 856/3580
f 856/3581 859/3582 858/3583 855/3584
f 857/3585 860/3586 861/3587 858/3588
f 858/3589 861/3590 860/3591 857/3592
f 858/3593 861/3594 862/3595 859/3596
f 859/3597 862/3598 861/3599 858/3600
f 863/3601 866/3602 867/3603 864/3604
f 864/3605 867/3606 866/3607 863/3608
f 864/3609 867/3610 868/3611 865/3612
f 865/3613 868/3614 867/3615 864/3616
f 866/3617 869/3618 870/3619 867/3620
f 867/3621 870/3622 869/3623 866/3624
f 867/3625 870/3626 871/3627 868/3628
f 868/3629 871/3630 870/3631 867/3632
f 869/3633 872/3634 873/3635 870/3636
f 870/3637 873/3638 872/3639 869/3640
f 870/3641 873/3642 874/3643 871/3644
f 871/3645 874/3646 873/3647 870/3648
f 872/3649 875/3650 876/3651 873/3652
f 873/3653 876/3654 875/3655 872/3656
f 873/3657 876/3658 877/3659 874/3660
f 874/3661 877/3662 876/3663 873/3664
f 875/3665 878/3666 879/3667 876/3668
f 876/3669 879/3670 878/3671 875/3672
f 876/3673 879/3674 880/3675 877/3676
f 877/3677 880/3678 879/3679 876/3680
f 881/3681 884/3682 885/3683 882/3684
f 882/3685 885/3686 884/3687 881/3688
f 882/3689 885/3690 886/3691 883/3692
f 883/3693 886/3694 885/3695 882/3696
f 884/3697 887/3698 888/3699 885/3700
f 885/3701 888/3702 887/3703 884/3704
f 885/3705 888/3706 889/3707 886/3708
f 886/3709 889/3710 888/3711 885/3712
f 887/3713 890/3714 891/3715 888/3716
f 888/3717 891/3718 890/3719 887/3720
f 888/3721 891/3722 892/3723 889/3724
f 889/3725 892/3726 891/3727 888/3728
f 890/3729 893/3730 894/3731 891/3732
f 891/3733 894/3734 893/3735 890/3736
f 891/3737 894/3738 895/3739 892/3740
f 892/3741 895/3742 894/3743 891/3744
f 893/3745 896/3746 897/3747 894/3748
f 894/3749 897/3750 896/3751 893/3752
f 894/3753 897/3754 898/3755 895/3756
f 895/3757 898/3758 897/3759 894/3760
f 899/3761 902/3762 903/3763 900/3764
f 900/3765 903/3766 902/3767 899/3768
f 900/3769 903/3770 904/3771 901/3772
f 901/3773 904/3774 903/3775 900/3776
f 902/3777 905/3778 906/3779 903/3780
f 903/3781 906/3782 905/3783 902/3784
f 903/3785 906/3786 907/3787 904/3788
f 904/3789 907/3790 906/3791 903/3792
f 905/3793 908/3794 909/3795 906/3796
f 906/3797 909/3798 908/3799 905/3800
f 906/3801 909/3802 910/3803 907/3804
f 907/3805 910/3806 909/3807 906/3808
f 908/3809 911/3810 912/3811 909/3812
f 909/3813 912/3814 911/3815 908/3816
f 909/3817 912/3818 913/3819 910/3820
f 910/3821 913/3822 912/3823 909/3824
f 911/3825 914/3826 915/3827 912/3828
f 912/3829 915/3830 914/3831 911/3832
f 912/3833 915/3834 916/3835 913/3836
f 913/3837 916/3838 915/3839 912/3840
f 917/3841 920/3842 921/3843 918/3844
f 918/3845 921/3846 920/3847 917/3848
f 918/3849 921/3850 922/3851 919/3852
f 919/3853 922/3854 921/3855 918/3856
f 920/3857 923/3858 924/3859 921/3860
f 921/3861 924/3862 923/3863 920/3864
f 921/3865 924/3866 925/3867 922/3868
f 922/3869 925/3870 924/3871 921/3872
f 923/3873 926/3874 927/3875 924/3876
f 924/3877 927/3878 926/3879 923/3880
f 924/3881 927/3882 928/3883 925/3884
f 925/3885 928/3886 927/3887 924/3888
f 926/3889 929/3890 930/3891 927/3892
f 927/3893 930/3894 929/3895 926/3896
f 927/3897 930/3898 931/3899 928/3900
f 928/3901 931/3902 930/3903 927/3904
f 929/3905 932/3906 933/3907 930/3908
f 930/3909 933/3910 932/3911 929/3912
f 930/3913 933/3914 934/3915 931/3916
f 931/3917 934/3918 933/3919 930/3920
f 935/3921 938/3922 939/3923 936/3924
f 936/3925 939/3926 938/3927 935/3928
f 936/3929 939/3930 940/3931 937/3932
f 937/3933 940/3934 939/3935 936/3936
f 938/3937 941/3938 942/3939 939/3940
f 939/3941 942/3942 941/3943 938/3944
f 939/3945 942/3946 943/3947 940/3948
f 940/3949 943/3950 942/3951 939/3952
f 941/3953 944/3954 945/3955 942/3956
f 942/3957 945/3958 944/3959 941/3960
f 942/3961 945/3962 946/3963 943/3964
f 943/3965 946/3966 945/3967 942/3968
f 944/3969 947/3970 948/3971 945/3972
f 945/3973 948/3974 947/3975 944/3976
f 945/3977 948/3978 949/3979 946/3980
f 946/3981 949/3982 948/3983 945/3984
f 947/3985 950/3986 951/3987 948/3988
f 948/3989 951/3990 950/3991 947/3992
f 948/3993 951/3994 952/3995 949/3996
f 949/3997 952/3998 951/3999 948/4000
f 953/4001 956/4002 957/4003 954/4004
f 954/4005 957/4006 956/4007 953/4008
f 954/4009 957/4010 958/4011 955/4012
f 955/4013 958/4014 957/4015 954/4016
f 956/4017 959/4018 960/4019 957/4020
f 957/4021 960/4022 959/4023 956/4024
f 957/4025 960/4026 961/4027 958/4028
f 958/4029 961/4030 960/4031 957/4032
f 959/4033 962/4034 963/4035 960/4036
f 960/4037 963/4038 962/4039 959/4040
f 960/4041 963/4042 964/4043 961/4044
f 961/4045 964/4046 963/4047 960/4048
f 962/4049 965/4050 966/4051 963/4052
f 963/4053 966/4054 965/4055 962/4056
f 963/4057 966/4058 967/4059 964/4060
f 964/4061 967/4062 966/4063 963/4064
f 965/4065 968/4066 969/4067 966/4068
f 966/4069 969/4070 968/4071 965/4072
f 966/4073 969/4074 970/4075 967/4076
f 967/4077 970/4078 969/4079 966/4080
usemtl M_ZZ_Stem
s 1
f 978/4081 977/4082 976/4083 975/4084 974/4085 973/4086 972/4087 971/4088
f 979/4089 980/4090 981/4091 982/4092 983/4093 984/4094 985/4095 986/4096
f 971/4097 972/4098 980/4099 979/4100
f 972/4101 973/4102 981/4103 980/4104
f 973/4105 974/4106 982/4107 981/4108
f 974/4109 975/4110 983/4111 982/4112
f 975/4113 976/4114 984/4115 983/4116
f 976/4117 977/4118 985/4119 984/4120
f 977/4121 978/4122 986/4123 985/4124
f 978/4125 971/4126 979/4127 986/4128
f 994/4129 993/4130 992/4131 991/4132 990/4133 989/4134 988/4135 987/4136
f 995/4137 996/4138 997/4139 998/4140 999/4141 1000/4142 1001/4143 1002/4144
f 987/4145 988/4146 996/4147 995/4148
f 988/4149 989/4150 997/4151 996/4152
f 989/4153 990/4154 998/4155 997/4156
f 990/4157 991/4158 999/4159 998/4160
f 991/4161 992/4162 1000/4163 999/4164
f 992/4165 993/4166 1001/4167 1000/4168
f 993/4169 994/4170 1002/4171 1001/4172
f 994/4173 987/4174 995/4175 1002/4176
usemtl M_ZZ_Leaf
s 1
f 1003/4177 1006/4178 1007/4179 1004/4180
f 1004/4181 1007/4182 1006/4183 1003/4184
f 1004/4185 1007/4186 1008/4187 1005/4188
f 1005/4189 1008/4190 1007/4191 1004/4192
f 1006/4193 1009/4194 1010/4195 1007/4196
f 1007/4197 1010/4198 1009/4199 1006/4200
f 1007/4201 1010/4202 1011/4203 1008/4204
f 1008/4205 1011/4206 1010/4207 1007/4208
f 1009/4209 1012/4210 1013/4211 1010/4212
f 1010/4213 1013/4214 1012/4215 1009/4216
f 1010/4217 1013/4218 1014/4219 1011/4220
f 1011/4221 1014/4222 1013/4223 1010/4224
f 1012/4225 1015/4226 1016/4227 1013/4228
f 1013/4229 1016/4230 1015/4231 1012/4232
f 1013/4233 1016/4234 1017/4235 1014/4236
f 1014/4237 1017/4238 1016/4239 1013/4240
f 1015/4241 1018/4242 1019/4243 1016/4244
f 1016/4245 1019/4246 1018/4247 1015/4248
f 1016/4249 1019/4250 1020/4251 1017/4252
f 1017/4253 1020/4254 1019/4255 1016/4256
f 1021/4257 1024/4258 1025/4259 1022/4260
f 1022/4261 1025/4262 1024/4263 1021/4264
f 1022/4265 1025/4266 1026/4267 1023/4268
f 1023/4269 1026/4270 1025/4271 1022/4272
f 1024/4273 1027/4274 1028/4275 1025/4276
f 1025/4277 1028/4278 1027/4279 1024/4280
f 1025/4281 1028/4282 1029/4283 1026/4284
f 1026/4285 1029/4286 1028/4287 1025/4288
f 1027/4289 1030/4290 1031/4291 1028/4292
f 1028/4293 1031/4294 1030/4295 1027/4296
f 1028/4297 1031/4298 1032/4299 1029/4300
f 1029/4301 1032/4302 1031/4303 1028/4304
f 1030/4305 1033/4306 1034/4307 1031/4308
f 1031/4309 1034/4310 1033/4311 1030/4312
f 1031/4313 1034/4314 1035/4315 1032/4316
f 1032/4317 1035/4318 1034/4319 1031/4320
f 1033/4321 1036/4322 1037/4323 1034/4324
f 1034/4325 1037/4326 1036/4327 1033/4328
f 1034/4329 1037/4330 1038/4331 1035/4332
f 1035/4333 1038/4334 1037/4335 1034/4336
f 1039/4337 1042/4338 1043/4339 1040/4340
f 1040/4341 1043/4342 1042/4343 1039/4344
f 1040/4345 1043/4346 1044/4347 1041/4348
f 1041/4349 1044/4350 1043/4351 1040/4352
f 1042/4353 1045/4354 1046/4355 1043/4356
f 1043/4357 1046/4358 1045/4359 1042/4360
f 1043/4361 1046/4362 1047/4363 1044/4364
f 1044/4365 1047/4366 1046/4367 1043/4368
f 1045/4369 1048/4370 1049/4371 1046/4372
f 1046/4373 1049/4374 1048/4375 1045/4376
f 1046/4377 1049/4378 1050/4379 1047/4380
f 1047/4381 1050/4382 1049/4383 1046/4384
f 1048/4385 1051/4386 1052/4387 1049/4388
f 1049/4389 1052/4390 1051/4391 1048/4392
f 1049/4393 1052/4394 1053/4395 1050/4396
f 1050/4397 1053/4398 1052/4399 1049/4400
f 1051/4401 1054/4402 1055/4403 1052/4404
f 1052/4405 1055/4406 1054/4407 1051/4408
f 1052/4409 1055/4410 1056/4411 1053/4412
f 1053/4413 1056/4414 1055/4415 1052/4416
f 1057/4417 1060/4418 1061/4419 1058/4420
f 1058/4421 1061/4422 1060/4423 1057/4424
f 1058/4425 1061/4426 1062/4427 1059/4428
f 1059/4429 1062/4430 1061/4431 1058/4432
f 1060/4433 1063/4434 1064/4435 1061/4436
f 1061/4437 1064/4438 1063/4439 1060/4440
f 1061/4441 1064/4442 1065/4443 1062/4444
f 1062/4445 1065/4446 1064/4447 1061/4448
f 1063/4449 1066/4450 1067/4451 1064/4452
f 1064/4453 1067/4454 1066/4455 1063/4456
f 1064/4457 1067/4458 1068/4459 1065/4460
f 1065/4461 1068/4462 1067/4463 1064/4464
f 1066/4465 1069/4466 1070/4467 1067/4468
f 1067/4469 1070/4470 1069/4471 1066/4472
f 1067/4473 1070/4474 1071/4475 1068/4476
f 1068/4477 1071/4478 1070/4479 1067/4480
f 1069/4481 1072/4482 1073/4483 1070/4484
f 1070/4485 1073/4486 1072/4487 1069/4488
f 1070/4489 1073/4490 1074/4491 1071/4492
f 1071/4493 1074/4494 1073/4495 1070/4496
f 1075/4497 1078/4498 1079/4499 1076/4500
f 1076/4501 1079/4502 1078/4503 1075/4504
f 1076/4505 1079/4506 1080/4507 1077/4508
f 1077/4509 1080/4510 1079/4511 1076/4512
f 1078/4513 1081/4514 1082/4515 1079/4516
f 1079/4517 1082/4518 1081/4519 1078/4520
f 1079/4521 1082/4522 1083/4523 1080/4524
f 1080/4525 1083/4526 1082/4527 1079/4528
f 1081/4529 1084/4530 1085/4531 1082/4532
f 1082/4533 1085/4534 1084/4535 1081/4536
f 1082/4537 1085/4538 1086/4539 1083/4540
f 1083/4541 1086/4542 1085/4543 1082/4544
f 1084/4545 1087/4546 1088/4547 1085/4548
f 1085/4549 1088/4550 1087/4551 1084/4552
f 1085/4553 1088/4554 1089/4555 1086/4556
f 1086/4557 1089/4558 1088/4559 1085/4560
f 1087/4561 1090/4562 1091/4563 1088/4564
f 1088/4565 1091/4566 1090/4567 1087/4568
f 1088/4569 1091/4570 1092/4571 1089/4572
f 1089/4573 1092/4574 1091/4575 1088/4576
f 1093/4577 1096/4578 1097/4579 1094/4580
f 1094/4581 1097/4582 1096/4583 1093/4584
f 1094/4585 1097/4586 1098/4587 1095/4588
f 1095/4589 1098/4590 1097/4591 1094/4592
f 1096/4593 1099/4594 1100/4595 1097/4596
f 1097/4597 1100/4598 1099/4599 1096/4600
f 1097/4601 1100/4602 1101/4603 1098/4604
f 1098/4605 1101/4606 1100/4607 1097/4608
f 1099/4609 1102/4610 1103/4611 1100/4612
f 1100/4613 1103/4614 1102/4615 1099/4616
f 1100/4617 1103/4618 1104/4619 1101/4620
f 1101/4621 1104/4622 1103/4623 1100/4624
f 1102/4625 1105/4626 1106/4627 1103/4628
f 1103/4629 1106/4630 1105/4631 1102/4632
f 1103/4633 1106/4634 1107/4635 1104/4636
f 1104/4637 1107/4638 1106/4639 1103/4640
f 1105/4641 1108/4642 1109/4643 1106/4644
f 1106/4645 1109/4646 1108/4647 1105/4648
f 1106/4649 1109/4650 1110/4651 1107/4652
f 1107/4653 1110/4654 1109/4655 1106/4656
f 1111/4657 1114/4658 1115/4659 1112/4660
f 1112/4661 1115/4662 1114/4663 1111/4664
f 1112/4665 1115/4666 1116/4667 1113/4668
f 1113/4669 1116/4670 1115/4671 1112/4672
f 1114/4673 1117/4674 1118/4675 1115/4676
f 1115/4677 1118/4678 1117/4679 1114/4680
f 1115/4681 1118/4682 1119/4683 1116/4684
f 1116/4685 1119/4686 1118/4687 1115/4688
f 1117/4689 1120/4690 1121/4691 1118/4692
f 1118/4693 1121/4694 1120/4695 1117/4696
f 1118/4697 1121/4698 1122/4699 1119/4700
f 1119/4701 1122/4702 1121/4703 1118/4704
f 1120/4705 1123/4706 1124/4707 1121/4708
f 1121/4709 1124/4710 1123/4711 1120/4712
f 1121/4713 1124/4714 1125/4715 1122/4716
f 1122/4717 1125/4718 1124/4719 1121/4720
f 1123/4721 1126/4722 1127/4723 1124/4724
f 1124/4725 1127/4726 1126/4727 1123/4728
f 1124/4729 1127/4730 1128/4731 1125/4732
f 1125/4733 1128/4734 1127/4735 1124/4736
f 1129/4737 1132/4738 1133/4739 1130/4740
f 1130/4741 1133/4742 1132/4743 1129/4744
f 1130/4745 1133/4746 1134/4747 1131/4748
f 1131/4749 1134/4750 1133/4751 1130/4752
f 1132/4753 1135/4754 1136/4755 1133/4756
f 1133/4757 1136/4758 1135/4759 1132/4760
f 1133/4761 1136/4762 1137/4763 1134/4764
f 1134/4765 1137/4766 1136/4767 1133/4768
f 1135/4769 1138/4770 1139/4771 1136/4772
f 1136/4773 1139/4774 1138/4775 1135/4776
f 1136/4777 1139/4778 1140/4779 1137/4780
f 1137/4781 1140/4782 1139/4783 1136/4784
f 1138/4785 1141/4786 1142/4787 1139/4788
f 1139/4789 1142/4790 1141/4791 1138/4792
f 1139/4793 1142/4794 1143/4795 1140/4796
f 1140/4797 1143/4798 1142/4799 1139/4800
f 1141/4801 1144/4802 1145/4803 1142/4804
f 1142/4805 1145/4806 1144/4807 1141/4808
f 1142/4809 1145/4810 1146/4811 1143/4812
f 1143/4813 1146/4814 1145/4815 1142/4816
f 1147/4817 1150/4818 1151/4819 1148/4820
f 1148/4821 1151/4822 1150/4823 1147/4824
f 1148/4825 1151/4826 1152/4827 1149/4828
f 1149/4829 1152/4830 1151/4831 1148/4832
f 1150/4833 1153/4834 1154/4835 1151/4836
f 1151/4837 1154/4838 1153/4839 1150/4840
f 1151/4841 1154/4842 1155/4843 1152/4844
f 1152/4845 1155/4846 1154/4847 1151/4848
f 1153/4849 1156/4850 1157/4851 1154/4852
f 1154/4853 1157/4854 1156/4855 1153/4856
f 1154/4857 1157/4858 1158/4859 1155/4860
f 1155/4861 1158/4862 1157/4863 1154/4864
f 1156/4865 1159/4866 1160/4867 1157/4868
f 1157/4869 1160/4870 1159/4871 1156/4872
f 1157/4873 1160/4874 1161/4875 1158/4876
f 1158/4877 1161/4878 1160/4879 1157/4880
f 1159/4881 1162/4882 1163/4883 1160/4884
f 1160/4885 1163/4886 1162/4887 1159/4888
f 1160/4889 1163/4890 1164/4891 1161/4892
f 1161/4893 1164/4894 1163/4895 1160/4896
usemtl M_ZZ_Stem
s 1
f 1172/4897 1171/4898 1170/4899 1169/4900 1168/4901 1167/4902 1166/4903 1165/4904
f 1173/4905 1174/4906 1175/4907 1176/4908 1177/4909 1178/4910 1179/4911 1180/4912
f 1165/4913 1166/4914 1174/4915 1173/4916
f 1166/4917 1167/4918 1175/4919 1174/4920
f 1167/4921 1168/4922 1176/4923 1175/4924
f 1168/4925 1169/4926 1177/4927 1176/4928
f 1169/4929 1170/4930 1178/4931 1177/4932
f 1170/4933 1171/4934 1179/4935 1178/4936
f 1171/4937 1172/4938 1180/4939 1179/4940
f 1172/4941 1165/4942 1173/4943 1180/4944
f 1188/4945 1187/4946 1186/4947 1185/4948 1184/4949 1183/4950 1182/4951 1181/4952
f 1189/4953 1190/4954 1191/4955 1192/4956 1193/4957 1194/4958 1195/4959 1196/4960
f 1181/4961 1182/4962 1190/4963 1189/4964
f 1182/4965 1183/4966 1191/4967 1190/4968
f 1183/4969 1184/4970 1192/4971 1191/4972
f 1184/4973 1185/4974 1193/4975 1192/4976
f 1185/4977 1186/4978 1194/4979 1193/4980
f 1186/4981 1187/4982 1195/4983 1194/4984
f 1187/4985 1188/4986 1196/4987 1195/4988
f 1188/4989 1181/4990 1189/4991 1196/4992
usemtl M_ZZ_Leaf
s 1
f 1197/4993 1200/4994 1201/4995 1198/4996
f 1198/4997 1201/4998 1200/4999 1197/5000
f 1198/5001 1201/5002 1202/5003 1199/5004
f 1199/5005 1202/5006 1201/5007 1198/5008
f 1200/5009 1203/5010 1204/5011 1201/5012
f 1201/5013 1204/5014 1203/5015 1200/5016
f 1201/5017 1204/5018 1205/5019 1202/5020
f 1202/5021 1205/5022 1204/5023 1201/5024
f 1203/5025 1206/5026 1207/5027 1204/5028
f 1204/5029 1207/5030 1206/5031 1203/5032
f 1204/5033 1207/5034 1208/5035 1205/5036
f 1205/5037 1208/5038 1207/5039 1204/5040
f 1206/5041 1209/5042 1210/5043 1207/5044
f 1207/5045 1210/5046 1209/5047 1206/5048
f 1207/5049 1210/5050 1211/5051 1208/5052
f 1208/5053 1211/5054 1210/5055 1207/5056
f 1209/5057 1212/5058 1213/5059 1210/5060
f 1210/5061 1213/5062 1212/5063 1209/5064
f 1210/5065 1213/5066 1214/5067 1211/5068
f 1211/5069 1214/5070 1213/5071 1210/5072
f 1215/5073 1218/5074 1219/5075 1216/5076
f 1216/5077 1219/5078 1218/5079 1215/5080
f 1216/5081 1219/5082 1220/5083 1217/5084
f 1217/5085 1220/5086 1219/5087 1216/5088
f 1218/5089 1221/5090 1222/5091 1219/5092
f 1219/5093 1222/5094 1221/5095 1218/5096
f 1219/5097 1222/5098 1223/5099 1220/5100
f 1220/5101 1223/5102 1222/5103 1219/5104
f 1221/5105 1224/5106 1225/5107 1222/5108
f 1222/5109 1225/5110 1224/5111 1221/5112
f 1222/5113 1225/5114 1226/5115 1223/5116
f 1223/5117 1226/5118 1225/5119 1222/5120
f 1224/5121 1227/5122 1228/5123 1225/5124
f 1225/5125 1228/5126 1227/5127 1224/5128
f 1225/5129 1228/5130 1229/5131 1226/5132
f 1226/5133 1229/5134 1228/5135 1225/5136
f 1227/5137 1230/5138 1231/5139 1228/5140
f 1228/5141 1231/5142 1230/5143 1227/5144
f 1228/5145 1231/5146 1232/5147 1229/5148
f 1229/5149 1232/5150 1231/5151 1228/5152
f 1233/5153 1236/5154 1237/5155 1234/5156
f 1234/5157 1237/5158 1236/5159 1233/5160
f 1234/5161 1237/5162 1238/5163 1235/5164
f 1235/5165 1238/5166 1237/5167 1234/5168
f 1236/5169 1239/5170 1240/5171 1237/5172
f 1237/5173 1240/5174 1239/5175 1236/5176
f 1237/5177 1240/5178 1241/5179 1238/5180
f 1238/5181 1241/5182 1240/5183 1237/5184
f 1239/5185 1242/5186 1243/5187 1240/5188
f 1240/5189 1243/5190 1242/5191 1239/5192
f 1240/5193 1243/5194 1244/5195 1241/5196
f 1241/5197 1244/5198 1243/5199 1240/5200
f 1242/5201 1245/5202 1246/5203 1243/5204
f 1243/5205 1246/5206 1245/5207 1242/5208
f 1243/5209 1246/5210 1247/5211 1244/5212
f 1244/5213 1247/5214 1246/5215 1243/5216
f 1245/5217 1248/5218 1249/5219 1246/5220
f 1246/5221 1249/5222 1248/5223 1245/5224
f 1246/5225 1249/5226 1250/5227 1247/5228
f 1247/5229 1250/5230 1249/5231 1246/5232
f 1251/5233 1254/5234 1255/5235 1252/5236
f 1252/5237 1255/5238 1254/5239 1251/5240
f 1252/5241 1255/5242 1256/5243 1253/5244
f 1253/5245 1256/5246 1255/5247 1252/5248
f 1254/5249 1257/5250 1258/5251 1255/5252
f 1255/5253 1258/5254 1257/5255 1254/5256
f 1255/5257 1258/5258 1259/5259 1256/5260
f 1256/5261 1259/5262 1258/5263 1255/5264
f 1257/5265 1260/5266 1261/5267 1258/5268
f 1258/5269 1261/5270 1260/5271 1257/5272
f 1258/5273 1261/5274 1262/5275 1259/5276
f 1259/5277 1262/5278 1261/5279 1258/5280
f 1260/5281 1263/5282 1264/5283 1261/5284
f 1261/5285 1264/5286 1263/5287 1260/5288
f 1261/5289 1264/5290 1265/5291 1262/5292
f 1262/5293 1265/5294 1264/5295 1261/5296
f 1263/5297 1266/5298 1267/5299 1264/5300
f 1264/5301 1267/5302 1266/5303 1263/5304
f 1264/5305 1267/5306 1268/5307 1265/5308
f 1265/5309 1268/5310 1267/5311 1264/5312
f 1269/5313 1272/5314 1273/5315 1270/5316
f 1270/5317 1273/5318 1272/5319 1269/5320
f 1270/5321 1273/5322 1274/5323 1271/5324
f 1271/5325 1274/5326 1273/5327 1270/5328
f 1272/5329 1275/5330 1276/5331 1273/5332
f 1273/5333 1276/5334 1275/5335 1272/5336
f 1273/5337 1276/5338 1277/5339 1274/5340
f 1274/5341 1277/5342 1276/5343 1273/5344
f 1275/5345 1278/5346 1279/5347 1276/5348
f 1276/5349 1279/5350 1278/5351 1275/5352
f 1276/5353 1279/5354 1280/5355 1277/5356
f 1277/5357 1280/5358 1279/5359 1276/5360
f 1278/5361 1281/5362 1282/5363 1279/5364
f 1279/5365 1282/5366 1281/5367 1278/5368
f 1279/5369 1282/5370 1283/5371 1280/5372
f 1280/5373 1283/5374 1282/5375 1279/5376
f 1281/5377 1284/5378 1285/5379 1282/5380
f 1282/5381 1285/5382 1284/5383 1281/5384
f 1282/5385 1285/5386 1286/5387 1283/5388
f 1283/5389 1286/5390 1285/5391 1282/5392
f 1287/5393 1290/5394 1291/5395 1288/5396
f 1288/5397 1291/5398 1290/5399 1287/5400
f 1288/5401 1291/5402 1292/5403 1289/5404
f 1289/5405 1292/5406 1291/5407 1288/5408
f 1290/5409 1293/5410 1294/5411 1291/5412
f 1291/5413 1294/5414 1293/5415 1290/5416
f 1291/5417 1294/5418 1295/5419 1292/5420
f 1292/5421 1295/5422 1294/5423 1291/5424
f 1293/5425 1296/5426 1297/5427 1294/5428
f 1294/5429 1297/5430 1296/5431 1293/5432
f 1294/5433 1297/5434 1298/5435 1295/5436
f 1295/5437 1298/5438 1297/5439 1294/5440
f 1296/5441 1299/5442 1300/5443 1297/5444
f 1297/5445 1300/5446 1299/5447 1296/5448
f 1297/5449 1300/5450 1301/5451 1298/5452
f 1298/5453 1301/5454 1300/5455 1297/5456
f 1299/5457 1302/5458 1303/5459 1300/5460
f 1300/5461 1303/5462 1302/5463 1299/5464
f 1300/5465 1303/5466 1304/5467 1301/5468
f 1301/5469 1304/5470 1303/5471 1300/5472
f 1305/5473 1308/5474 1309/5475 1306/5476
f 1306/5477 1309/5478 1308/5479 1305/5480
f 1306/5481 1309/5482 1310/5483 1307/5484
f 1307/5485 1310/5486 1309/5487 1306/5488
f 1308/5489 1311/5490 1312/5491 1309/5492
f 1309/5493 1312/5494 1311/5495 1308/5496
f 1309/5497 1312/5498 1313/5499 1310/5500
f 1310/5501 1313/5502 1312/5503 1309/5504
f 1311/5505 1314/5506 1315/5507 1312/5508
f 1312/5509 1315/5510 1314/5511 1311/5512
f 1312/5513 1315/5514 1316/5515 1313/5516
f 1313/5517 1316/5518 1315/5519 1312/5520
f 1314/5521 1317/5522 1318/5523 1315/5524
f 1315/5525 1318/5526 1317/5527 1314/5528
f 1315/5529 1318/5530 1319/5531 1316/5532
f 1316/5533 1319/5534 1318/5535 1315/5536
f 1317/5537 1320/5538 1321/5539 1318/5540
f 1318/5541 1321/5542 1320/5543 1317/5544
f 1318/5545 1321/5546 1322/5547 1319/5548
f 1319/5549 1322/5550 1321/5551 1318/5552
f 1323/5553 1326/5554 1327/5555 1324/5556
f 1324/5557 1327/5558 1326/5559 1323/5560
f 1324/5561 1327/5562 1328/5563 1325/5564
f 1325/5565 1328/5566 1327/5567 1324/5568
f 1326/5569 1329/5570 1330/5571 1327/5572
f 1327/5573 1330/5574 1329/5575 1326/5576
f 1327/5577 1330/5578 1331/5579 1328/5580
f 1328/5581 1331/5582 1330/5583 1327/5584
f 1329/5585 1332/5586 1333/5587 1330/5588
f 1330/5589 1333/5590 1332/5591 1329/5592
f 1330/5593 1333/5594 1334/5595 1331/5596
f 1331/5597 1334/5598 1333/5599 1330/5600
f 1332/5601 1335/5602 1336/5603 1333/5604
f 1333/5605 1336/5606 1335/5607 1332/5608
f 1333/5609 1336/5610 1337/5611 1334/5612
f 1334/5613 1337/5614 1336/5615 1333/5616
f 1335/5617 1338/5618 1339/5619 1336/5620
f 1336/5621 1339/5622 1338/5623 1335/5624
f 1336/5625 1339/5626 1340/5627 1337/5628
f 1337/5629 1340/5630 1339/5631 1336/5632
f 1341/5633 1344/5634 1345/5635 1342/5636
f 1342/5637 1345/5638 1344/5639 1341/5640
f 1342/5641 1345/5642 1346/5643 1343/5644
f 1343/5645 1346/5646 1345/5647 1342/5648
f 1344/5649 1347/5650 1348/5651 1345/5652
f 1345/5653 1348/5654 1347/5655 1344/5656
f 1345/5657 1348/5658 1349/5659 1346/5660
f 1346/5661 1349/5662 1348/5663 1345/5664
f 1347/5665 1350/5666 1351/5667 1348/5668
f 1348/5669 1351/5670 1350/5671 1347/5672
f 1348/5673 1351/5674 1352/5675 1349/5676
f 1349/5677 1352/5678 1351/5679 1348/5680
f 1350/5681 1353/5682 1354/5683 1351/5684
f 1351/5685 1354/5686 1353/5687 1350/5688
f 1351/5689 1354/5690 1355/5691 1352/5692
f 1352/5693 1355/5694 1354/5695 1351/5696
f 1353/5697 1356/5698 1357/5699 1354/5700
f 1354/5701 1357/5702 1356/5703 1353/5704
f 1354/5705 1357/5706 1358/5707 1355/5708
f 1355/5709 1358/5710 1357/5711 1354/5712
usemtl M_ZZ_Stem
s 1
f 1366/5713 1365/5714 1364/5715 1363/5716 1362/5717 1361/5718 1360/5719 1359/5720
f 1367/5721 1368/5722 1369/5723 1370/5724 1371/5725 1372/5726 1373/5727 1374/5728
f 1359/5729 1360/5730 1368/5731 1367/5732
f 1360/5733 1361/5734 1369/5735 1368/5736
f 1361/5737 1362/5738 1370/5739 1369/5740
f 1362/5741 1363/5742 1371/5743 1370/5744
f 1363/5745 1364/5746 1372/5747 1371/5748
f 1364/5749 1365/5750 1373/5751 1372/5752
f 1365/5753 1366/5754 1374/5755 1373/5756
f 1366/5757 1359/5758 1367/5759 1374/5760
f 1382/5761 1381/5762 1380/5763 1379/5764 1378/5765 1377/5766 1376/5767 1375/5768
f 1383/5769 1384/5770 1385/5771 1386/5772 1387/5773 1388/5774 1389/5775 1390/5776
f 1375/5777 1376/5778 1384/5779 1383/5780
f 1376/5781 1377/5782 1385/5783 1384/5784
f 1377/5785 1378/5786 1386/5787 1385/5788
f 1378/5789 1379/5790 1387/5791 1386/5792
f 1379/5793 1380/5794 1388/5795 1387/5796
f 1380/5797 1381/5798 1389/5799 1388/5800
f 1381/5801 1382/5802 1390/5803 1389/5804
f 1382/5805 1375/5806 1383/5807 1390/5808
usemtl M_ZZ_Leaf
s 1
f 1391/5809 1394/5810 1395/5811 1392/5812
f 1392/5813 1395/5814 1394/5815 1391/5816
f 1392/5817 1395/5818 1396/5819 1393/5820
f 1393/5821 1396/5822 1395/5823 1392/5824
f 1394/5825 1397/5826 1398/5827 1395/5828
f 1395/5829 1398/5830 1397/5831 1394/5832
f 1395/5833 1398/5834 1399/5835 1396/5836
f 1396/5837 1399/5838 1398/5839 1395/5840
f 1397/5841 1400/5842 1401/5843 1398/5844
f 1398/5845 1401/5846 1400/5847 1397/5848
f 1398/5849 1401/5850 1402/5851 1399/5852
f 1399/5853 1402/5854 1401/5855 1398/5856
f 1400/5857 1403/5858 1404/5859 1401/5860
f 1401/5861 1404/5862 1403/5863 1400/5864
f 1401/5865 1404/5866 1405/5867 1402/5868
f 1402/5869 1405/5870 1404/5871 1401/5872
f 1403/5873 1406/5874 1407/5875 1404/5876
f 1404/5877 1407/5878 1406/5879 1403/5880
f 1404/5881 1407/5882 1408/5883 1405/5884
f 1405/5885 1408/5886 1407/5887 1404/5888
f 1409/5889 1412/5890 1413/5891 1410/5892
f 1410/5893 1413/5894 1412/5895 1409/5896
f 1410/5897 1413/5898 1414/5899 1411/5900
f 1411/5901 1414/5902 1413/5903 1410/5904
f 1412/5905 1415/5906 1416/5907 1413/5908
f 1413/5909 1416/5910 1415/5911 1412/5912
f 1413/5913 1416/5914 1417/5915 1414/5916
f 1414/5917 1417/5918 1416/5919 1413/5920
f 1415/5921 1418/5922 1419/5923 1416/5924
f 1416/5925 1419/5926 1418/5927 1415/5928
f 1416/5929 1419/5930 1420/5931 1417/5932
f 1417/5933 1420/5934 1419/5935 1416/5936
f 1418/5937 1421/5938 1422/5939 1419/5940
f 1419/5941 1422/5942 1421/5943 1418/5944
f 1419/5945 1422/5946 1423/5947 1420/5948
f 1420/5949 1423/5950 1422/5951 1419/5952
f 1421/5953 1424/5954 1425/5955 1422/5956
f 1422/5957 1425/5958 1424/5959 1421/5960
f 1422/5961 1425/5962 1426/5963 1423/5964
f 1423/5965 1426/5966 1425/5967 1422/5968
f 1427/5969 1430/5970 1431/5971 1428/5972
f 1428/5973 1431/5974 1430/5975 1427/5976
f 1428/5977 1431/5978 1432/5979 1429/5980
f 1429/5981 1432/5982 1431/5983 1428/5984
f 1430/5985 1433/5986 1434/5987 1431/5988
f 1431/5989 1434/5990 1433/5991 1430/5992
f 1431/5993 1434/5994 1435/5995 1432/5996
f 1432/5997 1435/5998 1434/5999 1431/6000
f 1433/6001 1436/6002 1437/6003 1434/6004
f 1434/6005 1437/6006 1436/6007 1433/6008
f 1434/6009 1437/6010 1438/6011 1435/6012
f 1435/6013 1438/6014 1437/6015 1434/6016
f 1436/6017 1439/6018 1440/6019 1437/6020
f 1437/6021 1440/6022 1439/6023 1436/6024
f 1437/6025 1440/6026 1441/6027 1438/6028
f 1438/6029 1441/6030 1440/6031 1437/6032
f 1439/6033 1442/6034 1443/6035 1440/6036
f 1440/6037 1443/6038 1442/6039 1439/6040
f 1440/6041 1443/6042 1444/6043 1441/6044
f 1441/6045 1444/6046 1443/6047 1440/6048
f 1445/6049 1448/6050 1449/6051 1446/6052
f 1446/6053 1449/6054 1448/6055 1445/6056
f 1446/6057 1449/6058 1450/6059 1447/6060
f 1447/6061 1450/6062 1449/6063 1446/6064
f 1448/6065 1451/6066 1452/6067 1449/6068
f 1449/6069 1452/6070 1451/6071 1448/6072
f 1449/6073 1452/6074 1453/6075 1450/6076
f 1450/6077 1453/6078 1452/6079 1449/6080
f 1451/6081 1454/6082 1455/6083 1452/6084
f 1452/6085 1455/6086 1454/6087 1451/6088
f 1452/6089 1455/6090 1456/6091 1453/6092
f 1453/6093 1456/6094 1455/6095 1452/6096
f 1454/6097 1457/6098 1458/6099 1455/6100
f 1455/6101 1458/6102 1457/6103 1454/6104
f 1455/6105 1458/6106 1459/6107 1456/6108
f 1456/6109 1459/6110 1458/6111 1455/6112
f 1457/6113 1460/6114 1461/6115 1458/6116
f 1458/6117 1461/6118 1460/6119 1457/6120
f 1458/6121 1461/6122 1462/6123 1459/6124
f 1459/6125 1462/6126 1461/6127 1458/6128
f 1463/6129 1466/6130 1467/6131 1464/6132
f 1464/6133 1467/6134 1466/6135 1463/6136
f 1464/6137 1467/6138 1468/6139 1465/6140
f 1465/6141 1468/6142 1467/6143 1464/6144
f 1466/6145 1469/6146 1470/6147 1467/6148
f 1467/6149 1470/6150 1469/6151 1466/6152
f 1467/6153 1470/6154 1471/6155 1468/6156
f 1468/6157 1471/6158 1470/6159 1467/6160
f 1469/6161 1472/6162 1473/6163 1470/6164
f 1470/6165 1473/6166 1472/6167 1469/6168
f 1470/6169 1473/6170 1474/6171 1471/6172
f 1471/6173 1474/6174 1473/6175 1470/6176
f 1472/6177 1475/6178 1476/6179 1473/6180
f 1473/6181 1476/6182 1475/6183 1472/6184
f 1473/6185 1476/6186 1477/6187 1474/6188
f 1474/6189 1477/6190 1476/6191 1473/6192
f 1475/6193 1478/6194 1479/6195 1476/6196
f 1476/6197 1479/6198 1478/6199 1475/6200
f 1476/6201 1479/6202 1480/6203 1477/6204
f 1477/6205 1480/6206 1479/6207 1476/6208
f 1481/6209 1484/6210 1485/6211 1482/6212
f 1482/6213 1485/6214 1484/6215 1481/6216
f 1482/6217 1485/6218 1486/6219 1483/6220
f 1483/6221 1486/6222 1485/6223 1482/6224
f 1484/6225 1487/6226 1488/6227 1485/6228
f 1485/6229 1488/6230 1487/6231 1484/6232
f 1485/6233 1488/6234 1489/6235 1486/6236
f 1486/6237 1489/6238 1488/6239 1485/6240
f 1487/6241 1490/6242 1491/6243 1488/6244
f 1488/6245 1491/6246 1490/6247 1487/6248
f 1488/6249 1491/6250 1492/6251 1489/6252
f 1489/6253 1492/6254 1491/6255 1488/6256
f 1490/6257 1493/6258 1494/6259 1491/6260
f 1491/6261 1494/6262 1493/6263 1490/6264
f 1491/6265 1494/6266 1495/6267 1492/6268
f 1492/6269 1495/6270 1494/6271 1491/6272
f 1493/6273 1496/6274 1497/6275 1494/6276
f 1494/6277 1497/6278 1496/6279 1493/6280
f 1494/6281 1497/6282 1498/6283 1495/6284
f 1495/6285 1498/6286 1497/6287 1494/6288
f 1499/6289 1502/6290 1503/6291 1500/6292
f 1500/6293 1503/6294 1502/6295 1499/6296
f 1500/6297 1503/6298 1504/6299 1501/6300
f 1501/6301 1504/6302 1503/6303 1500/6304
f 1502/6305 1505/6306 1506/6307 1503/6308
f 1503/6309 1506/6310 1505/6311 1502/6312
f 1503/6313 1506/6314 1507/6315 1504/6316
f 1504/6317 1507/6318 1506/6319 1503/6320
f 1505/6321 1508/6322 1509/6323 1506/6324
f 1506/6325 1509/6326 1508/6327 1505/6328
f 1506/6329 1509/6330 1510/6331 1507/6332
f 1507/6333 1510/6334 1509/6335 1506/6336
f 1508/6337 1511/6338 1512/6339 1509/6340
f 1509/6341 1512/6342 1511/6343 1508/6344
f 1509/6345 1512/6346 1513/6347 1510/6348
f 1510/6349 1513/6350 1512/6351 1509/6352
f 1511/6353 1514/6354 1515/6355 1512/6356
f 1512/6357 1515/6358 1514/6359 1511/6360
f 1512/6361 1515/6362 1516/6363 1513/6364
f 1513/6365 1516/6366 1515/6367 1512/6368
f 1517/6369 1520/6370 1521/6371 1518/6372
f 1518/6373 1521/6374 1520/6375 1517/6376
f 1518/6377 1521/6378 1522/6379 1519/6380
f 1519/6381 1522/6382 1521/6383 1518/6384
f 1520/6385 1523/6386 1524/6387 1521/6388
f 1521/6389 1524/6390 1523/6391 1520/6392
f 1521/6393 1524/6394 1525/6395 1522/6396
f 1522/6397 1525/6398 1524/6399 1521/6400
f 1523/6401 1526/6402 1527/6403 1524/6404
f 1524/6405 1527/6406 1526/6407 1523/6408
f 1524/6409 1527/6410 1528/6411 1525/6412
f 1525/6413 1528/6414 1527/6415 1524/6416
f 1526/6417 1529/6418 1530/6419 1527/6420
f 1527/6421 1530/6422 1529/6423 1526/6424
f 1527/6425 1530/6426 1531/6427 1528/6428
f 1528/6429 1531/6430 1530/6431 1527/6432
f 1529/6433 1532/6434 1533/6435 1530/6436
f 1530/6437 1533/6438 1532/6439 1529/6440
f 1530/6441 1533/6442 1534/6443 1531/6444
f 1531/6445 1534/6446 1533/6447 1530/6448
f 1535/6449 1538/6450 1539/6451 1536/6452
f 1536/6453 1539/6454 1538/6455 1535/6456
f 1536/6457 1539/6458 1540/6459 1537/6460
f 1537/6461 1540/6462 1539/6463 1536/6464
f 1538/6465 1541/6466 1542/6467 1539/6468
f 1539/6469 1542/6470 1541/6471 1538/6472
f 1539/6473 1542/6474 1543/6475 1540/6476
f 1540/6477 1543/6478 1542/6479 1539/6480
f 1541/6481 1544/6482 1545/6483 1542/6484
f 1542/6485 1545/6486 1544/6487 1541/6488
f 1542/6489 1545/6490 1546/6491 1543/6492
f 1543/6493 1546/6494 1545/6495 1542/6496
f 1544/6497 1547/6498 1548/6499 1545/6500
f 1545/6501 1548/6502 1547/6503 1544/6504
f 1545/6505 1548/6506 1549/6507 1546/6508
f 1546/6509 1549/6510 1548/6511 1545/6512
f 1547/6513 1550/6514 1551/6515 1548/6516
f 1548/6517 1551/6518 1550/6519 1547/6520
f 1548/6521 1551/6522 1552/6523 1549/6524
f 1549/6525 1552/6526 1551/6527 1548/6528
usemtl M_ZZ_Stem
s 1
f 1560/6529 1559/6530 1558/6531 1557/6532 1556/6533 1555/6534 1554/6535 1553/6536
f 1561/6537 1562/6538 1563/6539 1564/6540 1565/6541 1566/6542 1567/6543 1568/6544
f 1553/6545 1554/6546 1562/6547 1561/6548
f 1554/6549 1555/6550 1563/6551 1562/6552
f 1555/6553 1556/6554 1564/6555 1563/6556
f 1556/6557 1557/6558 1565/6559 1564/6560
f 1557/6561 1558/6562 1566/6563 1565/6564
f 1558/6565 1559/6566 1567/6567 1566/6568
f 1559/6569 1560/6570 1568/6571 1567/6572
f 1560/6573 1553/6574 1561/6575 1568/6576
f 1576/6577 1575/6578 1574/6579 1573/6580 1572/6581 1571/6582 1570/6583 1569/6584
f 1577/6585 1578/6586 1579/6587 1580/6588 1581/6589 1582/6590 1583/6591 1584/6592
f 1569/6593 1570/6594 1578/6595 1577/6596
f 1570/6597 1571/6598 1579/6599 1578/6600
f 1571/6601 1572/6602 1580/6603 1579/6604
f 1572/6605 1573/6606 1581/6607 1580/6608
f 1573/6609 1574/6610 1582/6611 1581/6612
f 1574/6613 1575/6614 1583/6615 1582/6616
f 1575/6617 1576/6618 1584/6619 1583/6620
f 1576/6621 1569/6622 1577/6623 1584/6624
usemtl M_ZZ_Leaf
s 1
f 1585/6625 1588/6626 1589/6627 1586/6628
f 1586/6629 1589/6630 1588/6631 1585/6632
f 1586/6633 1589/6634 1590/6635 1587/6636
f 1587/6637 1590/6638 1589/6639 1586/6640
f 1588/6641 1591/6642 1592/6643 1589/6644
f 1589/6645 1592/6646 1591/6647 1588/6648
f 1589/6649 1592/6650 1593/6651 1590/6652
f 1590/6653 1593/6654 1592/6655 1589/6656
f 1591/6657 1594/6658 1595/6659 1592/6660
f 1592/6661 1595/6662 1594/6663 1591/6664
f 1592/6665 1595/6666 1596/6667 1593/6668
f 1593/6669 1596/6670 1595/6671 1592/6672
f 1594/6673 1597/6674 1598/6675 1595/6676
f 1595/6677 1598/6678 1597/6679 1594/6680
f 1595/6681 1598/6682 1599/6683 1596/6684
f 1596/6685 1599/6686 1598/6687 1595/6688
f 1597/6689 1600/6690 1601/6691 1598/6692
f 1598/6693 1601/6694 1600/6695 1597/6696
f 1598/6697 1601/6698 1602/6699 1599/6700
f 1599/6701 1602/6702 1601/6703 1598/6704
f 1603/6705 1606/6706 1607/6707 1604/6708
f 1604/6709 1607/6710 1606/6711 1603/6712
f 1604/6713 1607/6714 1608/6715 1605/6716
f 1605/6717 1608/6718 1607/6719 1604/6720
f 1606/6721 1609/6722 1610/6723 1607/6724
f 1607/6725 1610/6726 1609/6727 1606/6728
f 1607/6729 1610/6730 1611/6731 1608/6732
f 1608/6733 1611/6734 1610/6735 1607/6736
f 1609/6737 1612/6738 1613/6739 1610/6740
f 1610/6741 1613/6742 1612/6743 1609/6744
f 1610/6745 1613/6746 1614/6747 1611/6748
f 1611/6749 1614/6750 1613/6751 1610/6752
f 1612/6753 1615/6754 1616/6755 1613/6756
f 1613/6757 1616/6758 1615/6759 1612/6760
f 1613/6761 1616/6762 1617/6763 1614/6764
f 1614/6765 1617/6766 1616/6767 1613/6768
f 1615/6769 1618/6770 1619/6771 1616/6772
f 1616/6773 1619/6774 1618/6775 1615/6776
f 1616/6777 1619/6778 1620/6779 1617/6780
f 1617/6781 1620/6782 1619/6783 1616/6784
f 1621/6785 1624/6786 1625/6787 1622/6788
f 1622/6789 1625/6790 1624/6791 1621/6792
f 1622/6793 1625/6794 1626/6795 1623/6796
f 1623/6797 1626/6798 1625/6799 1622/6800
f 1624/6801 1627/6802 1628/6803 1625/6804
f 1625/6805 1628/6806 1627/6807 1624/6808
f 1625/6809 1628/6810 1629/6811 1626/6812
f 1626/6813 1629/6814 1628/6815 1625/6816
f 1627/6817 1630/6818 1631/6819 1628/6820
f 1628/6821 1631/6822 1630/6823 1627/6824
f 1628/6825 1631/6826 1632/6827 1629/6828
f 1629/6829 1632/6830 1631/6831 1628/6832
f 1630/6833 1633/6834 1634/6835 1631/6836
f 1631/6837 1634/6838 1633/6839 1630/6840
f 1631/6841 1634/6842 1635/6843 1632/6844
f 1632/6845 1635/6846 1634/6847 1631/6848
f 1633/6849 1636/6850 1637/6851 1634/6852
f 1634/6853 1637/6854 1636/6855 1633/6856
f 1634/6857 1637/6858 1638/6859 1635/6860
f 1635/6861 1638/6862 1637/6863 1634/6864
f 1639/6865 1642/6866 1643/6867 1640/6868
f 1640/6869 1643/6870 1642/6871 1639/6872
f 1640/6873 1643/6874 1644/6875 1641/6876
f 1641/6877 1644/6878 1643/6879 1640/6880
f 1642/6881 1645/6882 1646/6883 1643/6884
f 1643/6885 1646/6886 1645/6887 1642/6888
f 1643/6889 1646/6890 1647/6891 1644/6892
f 1644/6893 1647/6894 1646/6895 1643/6896
f 1645/6897 1648/6898 1649/6899 1646/6900
f 1646/6901 1649/6902 1648/6903 1645/6904
f 1646/6905 1649/6906 1650/6907 1647/6908
f 1647/6909 1650/6910 1649/6911 1646/6912
f 1648/6913 1651/6914 1652/6915 1649/6916
f 1649/6917 1652/6918 1651/6919 1648/6920
f 1649/6921 1652/6922 1653/6923 1650/6924
f 1650/6925 1653/6926 1652/6927 1649/6928
f 1651/6929 1654/6930 1655/6931 1652/6932
f 1652/6933 1655/6934 1654/6935 1651/6936
f 1652/6937 1655/6938 1656/6939 1653/6940
f 1653/6941 1656/6942 1655/6943 1652/6944
f 1657/6945 1660/6946 1661/6947 1658/6948
f 1658/6949 1661/6950 1660/6951 1657/6952
f 1658/6953 1661/6954 1662/6955 1659/6956
f 1659/6957 1662/6958 1661/6959 1658/6960
f 1660/6961 1663/6962 1664/6963 1661/6964
f 1661/6965 1664/6966 1663/6967 1660/6968
f 1661/6969 1664/6970 1665/6971 1662/6972
f 1662/6973 1665/6974 1664/6975 1661/6976
f 1663/6977 1666/6978 1667/6979 1664/6980
f 1664/6981 1667/6982 1666/6983 1663/6984
f 1664/6985 1667/6986 1668/6987 1665/6988
f 1665/6989 1668/6990 1667/6991 1664/6992
f 1666/6993 1669/6994 1670/6995 1667/6996
f 1667/6997 1670/6998 1669/6999 1666/7000
f 1667/7001 1670/7002 1671/7003 1668/7004
f 1668/7005 1671/7006 1670/7007 1667/7008
f 1669/7009 1672/7010 1673/7011 1670/7012
f 1670/7013 1673/7014 1672/7015 1669/7016
f 1670/7017 1673/7018 1674/7019 1671/7020
f 1671/7021 1674/7022 1673/7023 1670/7024
f 1675/7025 1678/7026 1679/7027 1676/7028
f 1676/7029 1679/7030 1678/7031 1675/7032
f 1676/7033 1679/7034 1680/7035 1677/7036
f 1677/7037 1680/7038 1679/7039 1676/7040
f 1678/7041 1681/7042 1682/7043 1679/7044
f 1679/7045 1682/7046 1681/7047 1678/7048
f 1679/7049 1682/7050 1683/7051 1680/7052
f 1680/7053 1683/7054 1682/7055 1679/7056
f 1681/7057 1684/7058 1685/7059 1682/7060
f 1682/7061 1685/7062 1684/7063 1681/7064
f 1682/7065 1685/7066 1686/7067 1683/7068
f 1683/7069 1686/7070 1685/7071 1682/7072
f 1684/7073 1687/7074 1688/7075 1685/7076
f 1685/7077 1688/7078 1687/7079 1684/7080
f 1685/7081 1688/7082 1689/7083 1686/7084
f 1686/7085 1689/7086 1688/7087 1685/7088
f 1687/7089 1690/7090 1691/7091 1688/7092
f 1688/7093 1691/7094 1690/7095 1687/7096
f 1688/7097 1691/7098 1692/7099 1689/7100
f 1689/7101 1692/7102 1691/7103 1688/7104
f 1693/7105 1696/7106 1697/7107 1694/7108
f 1694/7109 1697/7110 1696/7111 1693/7112
f 1694/7113 1697/7114 1698/7115 1695/7116
f 1695/7117 1698/7118 1697/7119 1694/7120
f 1696/7121 1699/7122 1700/7123 1697/7124
f 1697/7125 1700/7126 1699/7127 1696/7128
f 1697/7129 1700/7130 1701/7131 1698/7132
f 1698/7133 1701/7134 1700/7135 1697/7136
f 1699/7137 1702/7138 1703/7139 1700/7140
f 1700/7141 1703/7142 1702/7143 1699/7144
f 1700/7145 1703/7146 1704/7147 1701/7148
f 1701/7149 1704/7150 1703/7151 1700/7152
f 1702/7153 1705/7154 1706/7155 1703/7156
f 1703/7157 1706/7158 1705/7159 1702/7160
f 1703/7161 1706/7162 1707/7163 1704/7164
f 1704/7165 1707/7166 1706/7167 1703/7168
f 1705/7169 1708/7170 1709/7171 1706/7172
f 1706/7173 1709/7174 1708/7175 1705/7176
f 1706/7177 1709/7178 1710/7179 1707/7180
f 1707/7181 1710/7182 1709/7183 1706/7184
f 1711/7185 1714/7186 1715/7187 1712/7188
f 1712/7189 1715/7190 1714/7191 1711/7192
f 1712/7193 1715/7194 1716/7195 1713/7196
f 1713/7197 1716/7198 1715/7199 1712/7200
f 1714/7201 1717/7202 1718/7203 1715/7204
f 1715/7205 1718/7206 1717/7207 1714/7208
f 1715/7209 1718/7210 1719/7211 1716/7212
f 1716/7213 1719/7214 1718/7215 1715/7216
f 1717/7217 1720/7218 1721/7219 1718/7220
f 1718/7221 1721/7222 1720/7223 1717/7224
f 1718/7225 1721/7226 1722/7227 1719/7228
f 1719/7229 1722/7230 1721/7231 1718/7232
f 1720/7233 1723/7234 1724/7235 1721/7236
f 1721/7237 1724/7238 1723/7239 1720/7240
f 1721/7241 1724/7242 1725/7243 1722/7244
f 1722/7245 1725/7246 1724/7247 1721/7248
f 1723/7249 1726/7250 1727/7251 1724/7252
f 1724/7253 1727/7254 1726/7255 1723/7256
f 1724/7257 1727/7258 1728/7259 1725/7260
f 1725/7261 1728/7262 1727/7263 1724/7264
f 1729/7265 1732/7266 1733/7267 1730/7268
f 1730/7269 1733/7270 1732/7271 1729/7272
f 1730/7273 1733/7274 1734/7275 1731/7276
f 1731/7277 1734/7278 1733/7279 1730/7280
f 1732/7281 1735/7282 1736/7283 1733/7284
f 1733/7285 1736/7286 1735/7287 1732/7288
f 1733/7289 1736/7290 1737/7291 1734/7292
f 1734/7293 1737/7294 1736/7295 1733/7296
f 1735/7297 1738/7298 1739/7299 1736/7300
f 1736/7301 1739/7302 1738/7303 1735/7304
f 1736/7305 1739/7306 1740/7307 1737/7308
f 1737/7309 1740/7310 1739/7311 1736/7312
f 1738/7313 1741/7314 1742/7315 1739/7316
f 1739/7317 1742/7318 1741/7319 1738/7320
f 1739/7321 1742/7322 1743/7323 1740/7324
f 1740/7325 1743/7326 1742/7327 1739/7328
f 1741/7329 1744/7330 1745/7331 1742/7332
f 1742/7333 1745/7334 1744/7335 1741/7336
f 1742/7337 1745/7338 1746/7339 1743/7340
f 1743/7341 1746/7342 1745/7343 1742/7344
