# Generated by scripts/generate_terrace_planter_botanical_kit.py
# Vertex RGB encodes wind stiffness: 0=root/rigid, 1=free tip
mtllib VD_TerraceBotanical.mtl
o VD_ZZPlant_A
v 0.928126 8.594266 0.547512 0.000000 0.000000 0.000000
v -0.101220 8.071798 0.813068 0.000000 0.000000 0.000000
v -0.355448 6.915385 0.846613 0.000000 0.000000 0.000000
v 0.356882 5.995831 0.622889 0.000000 0.000000 0.000000
v 1.499370 6.005578 0.310363 0.000000 0.000000 0.000000
v 2.211700 6.937286 0.144374 0.000000 0.000000 0.000000
v 1.957472 8.089361 0.249916 0.000000 0.000000 0.000000
v 6.435020 7.937044 20.658358 0.096000 0.096000 0.096000
v 5.428297 7.426059 20.918077 0.096000 0.096000 0.096000
v 5.179657 6.295062 20.950885 0.096000 0.096000 0.096000
v 5.876331 5.395718 20.732077 0.096000 0.096000 0.096000
v 6.993709 5.405250 20.426421 0.096000 0.096000 0.096000
v 7.690384 6.316482 20.264080 0.096000 0.096000 0.096000
v 7.441743 7.443236 20.367302 0.096000 0.096000 0.096000
v 6.435020 7.832089 20.655280 0.057000 0.057000 0.057000
v 5.540662 7.358136 20.994008 0.057000 0.057000 0.057000
v 5.319774 6.315319 21.048648 0.057000 0.057000 0.057000
v 5.938689 5.488900 20.778055 0.057000 0.057000 0.057000
v 6.931352 5.501190 20.385990 0.057000 0.057000 0.057000
v 7.550267 6.342934 20.167687 0.057000 0.057000 0.057000
v 7.329378 7.380282 20.287533 0.057000 0.057000 0.057000
v 12.726989 7.273247 36.568322 0.192000 0.192000 0.192000
v 11.876259 6.822413 36.890527 0.192000 0.192000 0.192000
v 11.666145 5.830466 36.942501 0.192000 0.192000 0.192000
v 12.254869 5.044360 36.685107 0.192000 0.192000 0.192000
v 13.199109 5.056050 36.312168 0.192000 0.192000 0.192000
v 13.787834 5.856733 36.104514 0.192000 0.192000 0.192000
v 13.577720 6.843479 36.218513 0.192000 0.192000 0.192000
v 12.669741 5.010319 36.531665 0.133000 0.133000 0.133000
v 13.422852 5.383734 36.088635 0.133000 0.133000 0.133000
v 13.651964 6.299390 35.979216 0.133000 0.133000 0.133000
v 13.184552 7.067778 36.285802 0.133000 0.133000 0.133000
v 12.372585 7.110287 36.777527 0.133000 0.133000 0.133000
v 11.827493 6.394907 37.084113 0.133000 0.133000 0.133000
v 11.959739 5.460333 36.974694 0.133000 0.133000 0.133000
v 19.751491 4.729688 48.249727 0.288000 0.288000 0.288000
v 20.442702 5.072412 47.843111 0.288000 0.288000 0.288000
v 20.652983 5.912808 47.742686 0.288000 0.288000 0.288000
v 20.223988 6.618041 48.024073 0.288000 0.288000 0.288000
v 19.478759 6.657057 48.475382 0.288000 0.288000 0.288000
v 18.978468 6.000475 48.756769 0.288000 0.288000 0.288000
v 19.099845 5.142715 48.656344 0.288000 0.288000 0.288000
v 19.774481 4.773769 48.249727 0.209000 0.209000 0.209000
v 20.304070 5.119079 47.707251 0.209000 0.209000 0.209000
v 20.457121 5.926921 47.573271 0.209000 0.209000 0.209000
v 20.118384 6.588972 47.948676 0.209000 0.209000 0.209000
v 19.542936 6.606695 48.550779 0.209000 0.209000 0.209000
v 19.164099 5.966744 48.926184 0.209000 0.209000 0.209000
v 19.267147 5.151015 48.792204 0.209000 0.209000 0.209000
v 27.640295 4.651569 55.770931 0.384000 0.384000 0.384000
v 28.103685 4.953716 55.296265 0.384000 0.384000 0.384000
v 28.237605 5.660577 55.179032 0.384000 0.384000 0.384000
v 27.941210 6.239872 55.507511 0.384000 0.384000 0.384000
v 27.437692 6.255380 56.034351 0.384000 0.384000 0.384000
v 27.106211 5.695423 56.362831 0.384000 0.384000 0.384000
v 27.196377 4.981660 56.245598 0.384000 0.384000 0.384000
v 27.655299 4.666243 55.770931 0.285000 0.285000 0.285000
v 27.890803 4.973792 55.168871 0.285000 0.285000 0.285000
v 27.957141 5.670938 55.020175 0.285000 0.285000 0.285000
v 27.804360 6.232716 55.436813 0.285000 0.285000 0.285000
v 27.547506 6.236096 56.105049 0.285000 0.285000 0.285000
v 27.379997 5.678532 56.521688 0.285000 0.285000 0.285000
v 27.427969 4.979881 56.372991 0.285000 0.285000 0.285000
v 36.304468 4.702451 59.095276 0.480000 0.480000 0.480000
v 36.497153 4.954083 58.602682 0.480000 0.480000 0.480000
v 36.551429 5.524475 58.481021 0.480000 0.480000 0.480000
v 36.426426 5.984112 58.821907 0.480000 0.480000 0.480000
v 36.216273 5.986877 59.368645 0.480000 0.480000 0.480000
v 36.079220 5.530688 59.709531 0.480000 0.480000 0.480000
v 36.118470 4.959065 59.587871 0.480000 0.480000 0.480000
v 11.097351 7.397076 28.171732 0.220000 0.220000 0.220000
v 15.695015 21.029501 32.188955 0.420000 0.420000 0.420000
v 8.176415 22.489460 32.188955 0.420000 0.420000 0.420000
v 7.338051 8.127055 28.171732 0.220000 0.220000 0.220000
v 7.087088 4.900544 28.171732 0.220000 0.220000 0.220000
v 5.694538 -9.418756 32.188955 0.420000 0.420000 0.420000
v 13.348460 -9.138942 32.188955 0.420000 0.420000 0.420000
v 10.914049 5.040451 28.171732 0.220000 0.220000 0.220000
v 14.271358 7.097921 35.866453 0.323333 0.323333 0.323333
v 18.656186 17.626801 39.673355 0.523333 0.523333 0.523333
v 11.496821 19.323010 39.673355 0.523333 0.523333 0.523333
v 10.691675 7.946025 35.866453 0.323333 0.323333 0.323333
v 10.475751 4.532412 35.866453 0.323333 0.323333 0.323333
v 9.840937 -6.855347 39.673355 0.523333 0.523333 0.523333
v 17.156969 -6.074764 39.673355 0.523333 0.523333 0.523333
v 14.133767 4.922704 35.866453 0.323333 0.323333 0.323333
v 17.924879 6.799097 42.457129 0.426667 0.426667 0.426667
v 22.758309 17.232949 46.107520 0.626667 0.626667 0.626667
v 14.828192 19.297601 46.107520 0.626667 0.626667 0.626667
v 13.959821 7.831423 42.457129 0.426667 0.426667 0.426667
v 13.777110 4.204495 42.457129 0.426667 0.426667 0.426667
v 13.488764 -7.290902 46.107520 0.626667 0.626667 0.626667
v 21.586226 -6.033658 46.107520 0.626667 0.626667 0.626667
v 17.825841 4.833117 42.457129 0.426667 0.426667 0.426667
v 21.895563 6.621026 47.952601 0.530000 0.530000 0.530000
v 27.014495 18.547932 50.798161 0.730000 0.730000 0.730000
v 17.827419 20.630851 50.798161 0.730000 0.730000 0.730000
v 17.302025 7.662486 47.952601 0.530000 0.530000 0.530000
v 17.159737 4.003051 47.952601 0.530000 0.530000 0.530000
v 16.676582 -8.966957 50.798161 0.730000 0.730000 0.730000
v 25.997655 -7.603680 50.798161 0.730000 0.730000 0.730000
v 21.820274 4.684689 47.952601 0.530000 0.530000 0.530000
v 25.781255 6.500397 52.364834 0.633333 0.633333 0.633333
v 31.653435 22.474860 55.080363 0.833333 0.833333 0.833333
v 22.343547 24.477917 55.080363 0.833333 0.833333 0.833333
v 21.126312 7.501926 52.364834 0.633333 0.633333 0.633333
v 21.021586 3.835197 52.364834 0.633333 0.633333 0.633333
v 21.267921 -13.182595 55.080363 0.833333 0.833333 0.833333
v 30.676958 -11.714171 55.080363 0.833333 0.833333 0.833333
v 25.726104 4.569409 52.364834 0.633333 0.633333 0.633333
v 29.712424 6.304378 55.705465 0.736667 0.736667 0.736667
v 35.911613 20.637200 57.868321 0.936667 0.936667 0.936667
v 27.139729 22.992315 57.868321 0.936667 0.936667 0.936667
v 25.326482 7.481936 55.705465 0.736667 0.736667 0.736667
v 25.251590 3.589693 55.705465 0.736667 0.736667 0.736667
v 26.466834 -11.978959 57.868321 0.936667 0.936667 0.936667
v 35.322823 -9.963028 57.868321 0.936667 0.936667 0.936667
v 29.679584 4.597658 55.705465 0.736667 0.736667 0.736667
v 33.474023 6.146985 57.975300 0.840000 0.840000 0.840000
v 39.451537 16.139542 59.268932 1.000000 1.000000 1.000000
v 32.833709 18.822506 59.268932 1.000000 1.000000 1.000000
v 30.165109 7.488468 57.975300 0.840000 0.840000 0.840000
v 30.120834 3.382984 57.975300 0.840000 0.840000 0.840000
v 32.544384 -8.005969 59.268932 1.000000 1.000000 1.000000
v 39.218534 -5.466348 59.268932 1.000000 1.000000 1.000000
v 33.457910 4.652795 57.975300 0.840000 0.840000 0.840000
v -2.349798 11.897624 0.370991 0.000000 0.000000 0.000000
v -3.400964 11.404257 0.604839 0.000000 0.000000 0.000000
v -3.660581 10.259495 0.763478 0.000000 0.000000 0.000000
v -2.933151 9.325368 0.727449 0.000000 0.000000 0.000000
v -1.766444 9.305291 0.523883 0.000000 0.000000 0.000000
v -1.039015 10.214384 0.306069 0.000000 0.000000 0.000000
v -1.298631 11.368081 0.238025 0.000000 0.000000 0.000000
v 0.927289 13.702285 18.975089 0.096000 0.096000 0.096000
v -0.100775 13.219762 19.203798 0.096000 0.096000 0.096000
v -0.354686 12.100160 19.358951 0.096000 0.096000 0.096000
v 0.356756 11.186562 19.323714 0.096000 0.096000 0.096000
v 1.497821 11.166927 19.124622 0.096000 0.096000 0.096000
v 2.209263 12.056040 18.911595 0.096000 0.096000 0.096000
v 1.955352 13.184380 18.845046 0.096000 0.096000 0.096000
v 0.927289 13.581176 18.871648 0.057000 0.057000 0.057000
v -0.011569 13.166237 19.164251 0.057000 0.057000 0.057000
v -0.243448 12.154525 19.413078 0.057000 0.057000 0.057000
v 0.406262 11.307879 19.430756 0.057000 0.057000 0.057000
v 1.448315 11.263841 19.203974 0.057000 0.057000 0.057000
v 2.098025 12.055573 18.903503 0.057000 0.057000 0.057000
v 1.866146 13.086884 18.755604 0.057000 0.057000 0.057000
v 4.188817 16.326705 33.325078 0.192000 0.192000 0.192000
v 3.295758 15.932007 33.603409 0.192000 0.192000 0.192000
v 3.075190 14.969646 33.840097 0.192000 0.192000 0.192000
v 3.693207 14.164300 33.856913 0.192000 0.192000 0.192000
v 4.684428 14.122410 33.641194 0.192000 0.192000 0.192000
v 5.302445 14.875521 33.355380 0.192000 0.192000 0.192000
v 5.081877 15.856524 33.214695 0.192000 0.192000 0.192000
v 4.188817 16.206100 33.170801 0.133000 0.133000 0.133000
v 3.367994 15.902884 33.541206 0.133000 0.133000 0.133000
v 3.165268 15.053935 33.916809 0.133000 0.133000 0.133000
v 3.733295 14.298529 34.014774 0.133000 0.133000 0.133000
v 4.644340 14.205503 33.761331 0.133000 0.133000 0.133000
v 5.212367 14.844906 33.347328 0.133000 0.133000 0.133000
v 5.009641 15.735256 33.084517 0.133000 0.133000 0.133000
v 7.434789 19.895952 43.484645 0.288000 0.288000 0.288000
v 6.681430 19.617658 43.824605 0.288000 0.288000 0.288000
v 6.495366 18.838486 44.169337 0.288000 0.288000 0.288000
v 7.016706 18.145168 44.259250 0.288000 0.288000 0.288000
v 7.852871 18.059787 44.026638 0.288000 0.288000 0.288000
v 8.374211 18.646637 43.646663 0.288000 0.288000 0.288000
v 8.188147 19.463807 43.405453 0.288000 0.288000 0.288000
v 8.228302 18.412188 43.830942 0.209000 0.209000 0.209000
v 8.237749 19.068269 43.317666 0.209000 0.209000 0.209000
v 7.642551 19.637173 43.190897 0.209000 0.209000 0.209000
v 6.890903 19.690504 43.546095 0.209000 0.209000 0.209000
v 6.548813 19.188103 44.115788 0.209000 0.209000 0.209000
v 6.873880 18.508287 44.470986 0.209000 0.209000 0.209000
v 7.621323 18.162972 44.344218 0.209000 0.209000 0.209000
v 11.359526 23.223979 49.954613 0.384000 0.384000 0.384000
v 11.367792 23.798050 49.505496 0.384000 0.384000 0.384000
v 10.846994 24.295841 49.394574 0.384000 0.384000 0.384000
v 10.189302 24.342506 49.705372 0.384000 0.384000 0.384000
v 9.889973 23.902905 50.203854 0.384000 0.384000 0.384000
v 10.174407 23.308066 50.514652 0.384000 0.384000 0.384000
v 10.828419 23.005916 50.403729 0.384000 0.384000 0.384000
v 11.384217 23.292225 49.954613 0.285000 0.285000 0.285000
v 11.204278 23.605883 49.336741 0.285000 0.285000 0.285000
v 10.618403 23.987967 49.184140 0.285000 0.285000 0.285000
v 10.067769 24.150760 49.611720 0.285000 0.285000 0.285000
v 9.967014 23.971675 50.297505 0.285000 0.285000 0.285000
v 10.392009 23.585568 50.725086 0.285000 0.285000 0.285000
v 11.022723 23.283184 50.572484 0.285000 0.285000 0.285000
v 14.468343 29.079940 51.919123 0.480000 0.480000 0.480000
v 14.321120 29.336569 51.413592 0.480000 0.480000 0.480000
v 13.841768 29.649183 51.288736 0.480000 0.480000 0.480000
v 13.391249 29.782377 51.638574 0.480000 0.480000 0.480000
v 13.308813 29.635853 52.199671 0.480000 0.480000 0.480000
v 13.656536 29.319947 52.549510 0.480000 0.480000 0.480000
v 14.172575 29.072542 52.424654 0.480000 0.480000 0.480000
v 3.063836 15.728471 25.890344 0.220000 0.220000 0.220000
v -2.690384 26.983061 29.321216 0.420000 0.420000 0.420000
v -9.269809 22.135606 29.321216 0.420000 0.420000 0.420000
v -0.225876 13.304743 25.890344 0.220000 0.220000 0.220000
v 1.843106 10.939999 25.890344 0.220000 0.220000 0.220000
v 9.394477 0.803251 29.321216 0.420000 0.420000 0.420000
v 15.072885 6.680524 29.321216 0.420000 0.420000 0.420000
v 4.682310 13.878636 25.890344 0.220000 0.220000 0.220000
v 4.835789 17.546186 34.075425 0.344000 0.344000 0.344000
v -2.454464 29.395808 38.123792 0.544000 0.544000 0.544000
v -8.592335 24.270583 38.123792 0.544000 0.544000 0.544000
v 1.766853 14.983573 34.075425 0.344000 0.344000 0.344000
v 4.154216 12.736624 34.075425 0.344000 0.344000 0.344000
v 14.051355 2.958691 38.123792 0.544000 0.544000 0.544000
v 18.795581 9.395595 38.123792 0.544000 0.544000 0.544000
v 6.526329 15.955076 34.075425 0.344000 0.344000 0.344000
v 6.617505 19.582552 40.689486 0.468000 0.468000 0.468000
v 0.013686 30.220090 44.785107 0.668000 0.668000 0.668000
v -5.701426 25.346235 44.785107 0.668000 0.668000 0.668000
v 3.759949 17.145625 40.689486 0.468000 0.468000 0.468000
v 6.502362 14.953745 40.689486 0.468000 0.468000 0.468000
v 16.586618 7.532465 44.785107 0.668000 0.668000 0.668000
v 20.080998 14.181245 44.785107 0.668000 0.668000 0.668000
v 8.249552 18.278135 40.689486 0.468000 0.468000 0.468000
v 8.381098 22.076249 45.761032 0.592000 0.592000 0.592000
v 0.692335 32.603887 48.601135 0.792000 0.792000 0.792000
v -4.533785 27.526180 48.601135 0.792000 0.792000 0.792000
v 5.768038 19.537396 45.761032 0.592000 0.592000 0.592000
v 8.642866 17.542337 45.761032 0.592000 0.592000 0.592000
v 19.731197 10.686891 48.601135 0.792000 0.792000 0.792000
v 22.659372 17.359313 48.601135 0.792000 0.792000 0.792000
v 10.106954 20.878549 45.761032 0.592000 0.592000 0.592000
v 10.299348 24.825502 49.336526 0.716000 0.716000 0.716000
v 2.187933 36.357573 51.787623 0.916000 0.916000 0.916000
v -3.145174 31.472441 51.787623 0.916000 0.916000 0.916000
v 7.632794 22.382936 49.336526 0.716000 0.716000 0.716000
v 10.870674 20.398839 49.336526 0.716000 0.716000 0.716000
v 23.862767 14.922600 51.787623 0.916000 0.916000 0.916000
v 25.794029 21.892304 51.787623 0.916000 0.916000 0.916000
v 11.836304 23.883691 49.336526 0.716000 0.716000 0.716000
v 12.575236 28.392121 51.435719 0.840000 0.840000 0.840000
v 5.702009 39.103128 52.219030 1.000000 1.000000 1.000000
v -1.010829 32.823276 52.219030 1.000000 1.000000 1.000000
v 9.218817 25.252194 51.435719 0.840000 0.840000 0.840000
v 12.931156 23.216924 51.435719 0.840000 0.840000 0.840000
v 24.815547 18.664104 52.219030 1.000000 1.000000 1.000000
v 26.499917 27.700787 52.219030 1.000000 1.000000 1.000000
v 13.773341 27.735266 51.435719 0.840000 0.840000 0.840000
v 2.140293 9.567131 0.256039 0.000000 0.000000 0.000000
v 1.076235 9.046890 0.269305 0.000000 0.000000 0.000000
v 0.813434 7.907764 0.460026 0.000000 0.000000 0.000000
v 1.549785 7.007538 0.684584 0.000000 0.000000 0.000000
v 2.730801 7.024101 0.773884 0.000000 0.000000 0.000000
v 3.467152 7.944980 0.660680 0.000000 0.000000 0.000000
v 3.204351 9.076735 0.430217 0.000000 0.000000 0.000000
v 0.684754 12.989223 18.871351 0.096000 0.096000 0.096000
v -0.355918 12.480416 18.884325 0.096000 0.096000 0.096000
v -0.612943 11.366326 19.070854 0.096000 0.096000 0.096000
v 0.107225 10.485885 19.290477 0.096000 0.096000 0.096000
v 1.262284 10.502083 19.377814 0.096000 0.096000 0.096000
v 1.982452 11.402723 19.267098 0.096000 0.096000 0.096000
v 1.725427 12.509605 19.041700 0.096000 0.096000 0.096000
v 0.684754 12.854943 18.762058 0.057000 0.057000 0.057000
v -0.271591 12.382354 18.798217 0.057000 0.057000 0.057000
v -0.507789 11.378325 19.072772 0.057000 0.057000 0.057000
v 0.154023 10.598909 19.378977 0.057000 0.057000 0.057000
v 1.215486 10.631024 19.486253 0.057000 0.057000 0.057000
v 1.877298 11.450485 19.313820 0.057000 0.057000 0.057000
v 1.641100 12.440222 18.991523 0.057000 0.057000 0.057000
v -0.919165 17.157612 33.344209 0.192000 0.192000 0.192000
v -1.828860 16.708076 33.378604 0.192000 0.192000 0.192000
v -2.053536 15.753024 33.639766 0.192000 0.192000 0.192000
v -1.424008 15.011629 33.931034 0.192000 0.192000 0.192000
v -0.414323 15.042177 34.033078 0.192000 0.192000 0.192000
v 0.215206 15.821664 33.869056 0.192000 0.192000 0.192000
v -0.009470 16.763121 33.562480 0.192000 0.192000 0.192000
v 0.119876 16.382328 33.679747 0.133000 0.133000 0.133000
v -0.510273 16.970646 33.280140 0.133000 0.133000 0.133000
v -1.448326 16.855726 33.181445 0.133000 0.133000 0.133000
v -1.987910 16.124107 33.457982 0.133000 0.133000 0.133000
v -1.722707 15.326712 33.901512 0.133000 0.133000 0.133000
v -0.852421 15.063996 34.178048 0.133000 0.133000 0.133000
v -0.032394 15.533789 34.079353 0.133000 0.133000 0.133000
v -1.717825 21.622634 44.199794 0.288000 0.288000 0.288000
v -2.296181 22.162597 43.833031 0.288000 0.288000 0.288000
v -3.157133 22.057123 43.742448 0.288000 0.288000 0.288000
v -3.652368 21.385636 43.996256 0.288000 0.288000 0.288000
v -3.408963 20.653780 44.403331 0.288000 0.288000 0.288000
v -2.610207 20.412658 44.657139 0.288000 0.288000 0.288000
v -1.857580 20.843838 44.566556 0.288000 0.288000 0.288000
v -1.753917 21.587787 44.199794 0.209000 0.209000 0.209000
v -2.255606 21.989220 43.669565 0.209000 0.209000 0.209000
v -3.070446 21.875773 43.538609 0.209000 0.209000 0.209000
v -3.584845 21.332874 43.905539 0.209000 0.209000 0.209000
v -3.411451 20.769336 44.494049 0.209000 0.209000 0.209000
v -2.680832 20.609516 44.860978 0.209000 0.209000 0.209000
v -1.943160 20.973761 44.730023 0.209000 0.209000 0.209000
v -3.769291 27.729765 50.674944 0.384000 0.384000 0.384000
v -4.208270 28.081019 50.210994 0.384000 0.384000 0.384000
v -4.921254 27.981753 50.096408 0.384000 0.384000 0.384000
v -5.371354 27.506716 50.417471 0.384000 0.384000 0.384000
v -5.219634 27.013621 50.932417 0.384000 0.384000 0.384000
v -4.580342 26.873779 51.253481 0.384000 0.384000 0.384000
v -3.934879 27.192493 51.138894 0.384000 0.384000 0.384000
v -3.779618 27.711917 50.674944 0.285000 0.285000 0.285000
v -4.134084 27.819525 50.062327 0.285000 0.285000 0.285000
v -4.818419 27.673523 49.911024 0.285000 0.285000 0.285000
v -5.317306 27.383855 50.334968 0.285000 0.285000 0.285000
v -5.255073 27.168645 51.014921 0.285000 0.285000 0.285000
v -4.678581 27.189952 51.438865 0.285000 0.285000 0.285000
v -4.021942 27.431730 51.287561 0.285000 0.285000 0.285000
v -5.972776 34.756076 53.105198 0.480000 0.480000 0.480000
v -6.262793 34.844119 52.603966 0.480000 0.480000 0.480000
v -6.822704 34.724663 52.480172 0.480000 0.480000 0.480000
v -7.230885 34.487662 52.827035 0.480000 0.480000 0.480000
v -7.179966 34.311581 53.383361 0.480000 0.480000 0.480000
v -6.708291 34.329014 53.730224 0.480000 0.480000 0.480000
v -6.171041 34.526833 53.606430 0.480000 0.480000 0.480000
v -1.851228 15.201325 25.952304 0.220000 0.220000 0.220000
v -12.981244 14.848585 29.656647 0.420000 0.420000 0.420000
v -10.803646 5.925847 29.656647 0.420000 0.420000 0.420000
v -0.762429 10.739956 25.952304 0.220000 0.220000 0.220000
v 2.346087 11.876894 25.952304 0.220000 0.220000 0.220000
v 13.123812 14.677308 29.656647 0.420000 0.420000 0.420000
v 9.030679 22.899439 29.656647 0.420000 0.420000 0.420000
v 0.299520 15.987960 25.952304 0.220000 0.220000 0.220000
v -2.624748 17.327826 32.029574 0.308571 0.308571 0.308571
v -18.900712 15.737687 35.517987 0.508571 0.508571 0.508571
v -16.488770 6.216651 35.517987 0.508571 0.508571 0.508571
v -1.418778 12.567308 32.029574 0.308571 0.308571 0.308571
v 1.630241 13.630832 32.029574 0.308571 0.308571 0.308571
v 17.380715 18.030615 35.517987 0.508571 0.508571 0.508571
v 13.347836 26.986253 35.517987 0.508571 0.508571 0.508571
v -0.386199 18.108651 32.029574 0.308571 0.308571 0.308571
v -3.128704 19.232357 37.325713 0.397143 0.397143 0.397143
v -14.764120 19.447888 40.747187 0.597143 0.597143 0.597143
v -13.293841 10.864933 40.747187 0.597143 0.597143 0.597143
v -2.393564 14.940879 37.325713 0.397143 0.397143 0.397143
v 0.891657 16.039732 37.325713 0.397143 0.397143 0.397143
v 12.050633 19.342249 40.747187 0.597143 0.597143 0.597143
v 8.061052 27.082538 40.747187 0.597143 0.597143 0.597143
v -1.103134 19.909877 37.325713 0.397143 0.397143 0.397143
v -3.710469 21.129888 41.847492 0.485714 0.485714 0.485714
v -16.627771 21.518073 45.832906 0.685714 0.685714 0.685714
v -15.885270 14.543650 45.832906 0.685714 0.685714 0.685714
v -3.339219 17.642677 41.847492 0.485714 0.485714 0.485714
v 0.007461 18.721020 41.847492 0.485714 0.485714 0.485714
v 12.002699 23.529515 45.832906 0.685714 0.685714 0.685714
v 8.533763 29.625445 45.832906 0.685714 0.685714 0.685714
v -1.727008 21.768985 41.847492 0.485714 0.485714 0.485714
v -4.390659 23.675809 45.604836 0.574286 0.574286 0.574286
v -16.091304 25.013429 49.019217 0.774286 0.774286 0.774286
v -15.782184 17.698255 49.019217 0.774286 0.774286 0.774286
v -4.236099 20.018222 45.604836 0.574286 0.574286 0.574286
v -0.664947 21.130935 45.604836 0.574286 0.574286 0.574286
v 10.155431 25.779995 49.019217 0.774286 0.774286 0.774286
v 6.254665 31.976070 49.019217 0.774286 0.774286 0.774286
v -2.615330 24.228973 45.604836 0.574286 0.574286 0.574286
v -5.306013 26.351186 48.609925 0.662857 0.662857 0.662857
v -21.710290 26.695080 51.213352 0.862857 0.862857 0.862857
v -21.001509 19.189752 51.213352 0.862857 0.862857 0.862857
v -4.951623 22.598522 48.609925 0.662857 0.662857 0.662857
v -1.556716 23.624760 48.609925 0.662857 0.662857 0.662857
v 13.693863 29.677728 51.213352 0.862857 0.862857 0.862857
v 10.126337 36.318892 51.213352 0.862857 0.862857 0.862857
v -3.340479 26.945342 48.609925 0.662857 0.662857 0.662857
v -6.095660 29.509754 50.871434 0.751429 0.751429 0.751429
v -22.489879 30.857525 52.778992 0.951429 0.951429 0.951429
v -22.011025 21.962114 52.778992 0.951429 0.951429 0.951429
v -5.856233 25.062049 50.871434 0.751429 0.751429 0.751429
v -2.186461 26.141285 50.871434 0.751429 0.751429 0.751429
v 13.074554 32.280366 52.778992 0.951429 0.951429 0.951429
v 8.661592 40.018802 52.778992 0.951429 0.951429 0.951429
v -4.392942 30.010503 50.871434 0.751429 0.751429 0.751429
v -6.857090 32.761240 52.382625 0.840000 0.840000 0.840000
v -20.891189 35.243223 53.327999 1.000000 1.000000 1.000000
v -20.909285 25.418722 53.327999 1.000000 1.000000 1.000000
v -6.866138 27.848989 52.382625 0.840000 0.840000 0.840000
v -2.864518 28.996663 52.382625 0.840000 0.840000 0.840000
v 10.332025 34.378803 53.327999 1.000000 1.000000 1.000000
v 5.109610 42.700314 53.327999 1.000000 1.000000 1.000000
v -5.475725 33.157418 52.382625 0.840000 0.840000 0.840000
v -1.520639 10.066885 0.495421 0.000000 0.000000 0.000000
v -2.558909 9.551236 0.252217 0.000000 0.000000 0.000000
v -2.815340 8.396033 0.199335 0.000000 0.000000 0.000000
v -2.096835 7.471168 0.376597 0.000000 0.000000 0.000000
v -0.944442 7.473083 0.650520 0.000000 0.000000 0.000000
v -0.225937 8.400336 0.814835 0.000000 0.000000 0.000000
v -0.482369 9.554686 0.745810 0.000000 0.000000 0.000000
v -6.388058 10.180016 20.971806 0.096000 0.096000 0.096000
v -7.403508 9.675700 20.733947 0.096000 0.096000 0.096000
v -7.654304 8.545887 20.682228 0.096000 0.096000 0.096000
v -6.951590 7.641349 20.855594 0.096000 0.096000 0.096000
v -5.824525 7.643221 21.123497 0.096000 0.096000 0.096000
v -5.121811 8.550095 21.284200 0.096000 0.096000 0.096000
v -5.372607 9.679075 21.216692 0.096000 0.096000 0.096000
v -6.388058 10.074224 20.936096 0.057000 0.057000 0.057000
v -7.289086 9.599122 20.617238 0.057000 0.057000 0.057000
v -7.511621 8.556187 20.572403 0.057000 0.057000 0.057000
v -6.888090 7.730771 20.835354 0.057000 0.057000 0.057000
v -5.888025 7.744430 21.208083 0.057000 0.057000 0.057000
v -5.264494 8.586876 21.409918 0.057000 0.057000 0.057000
v -5.487030 9.623733 21.288872 0.057000 0.057000 0.057000
v -12.443545 10.608827 37.163922 0.192000 0.192000 0.192000
v -13.300620 10.156900 36.860617 0.192000 0.192000 0.192000
v -13.512300 9.164840 36.817970 0.192000 0.192000 0.192000
v -12.919186 8.379689 37.068094 0.192000 0.192000 0.192000
v -11.967904 8.392681 37.422641 0.192000 0.192000 0.192000
v -11.374790 9.194033 37.614630 0.192000 0.192000 0.192000
v -11.586470 10.180310 37.499489 0.192000 0.192000 0.192000
v -12.287047 10.523370 37.206766 0.133000 0.133000 0.133000
v -13.068954 10.219725 36.760324 0.133000 0.133000 0.133000
v -13.379916 9.328639 36.650062 0.133000 0.133000 0.133000
v -12.985771 8.521117 36.959010 0.133000 0.133000 0.133000
v -12.183319 8.405240 37.454523 0.133000 0.133000 0.133000
v -11.576822 9.068266 37.763470 0.133000 0.133000 0.133000
v -11.622985 10.010922 37.653208 0.133000 0.133000 0.133000
v -19.543465 11.480288 49.181848 0.288000 0.288000 0.288000
v -20.261106 11.201600 48.772100 0.288000 0.288000 0.288000
v -20.546510 10.383754 48.670900 0.288000 0.288000 0.288000
v -20.184760 9.642603 48.954455 0.288000 0.288000 0.288000
v -19.448263 9.536251 49.409241 0.288000 0.288000 0.288000
v -18.891616 10.144781 49.692796 0.288000 0.288000 0.288000
v -18.933984 11.009959 49.591596 0.288000 0.288000 0.288000
v -19.519235 11.430815 49.181848 0.209000 0.209000 0.209000
v -20.077413 11.162839 48.624524 0.209000 0.209000 0.209000
v -20.341677 10.384893 48.486876 0.209000 0.209000 0.209000
v -20.113033 9.682785 48.872556 0.209000 0.209000 0.209000
v -19.563652 9.585217 49.491140 0.209000 0.209000 0.209000
v -19.107231 10.165660 49.876820 0.209000 0.209000 0.209000
v -19.087463 10.987028 49.739172 0.209000 0.209000 0.209000
v -27.971842 12.810089 56.906383 0.384000 0.384000 0.384000
v -28.460248 12.575610 56.418724 0.384000 0.384000 0.384000
v -28.691479 11.894907 56.298282 0.384000 0.384000 0.384000
v -28.491415 11.280563 56.635753 0.384000 0.384000 0.384000
v -28.010707 11.195191 57.177013 0.384000 0.384000 0.384000
v -27.611339 11.703078 57.514484 0.384000 0.384000 0.384000
v -27.594042 12.421776 57.394042 0.384000 0.384000 0.384000
v -27.954915 12.791604 56.906383 0.285000 0.285000 0.285000
v -28.227520 12.529900 56.298335 0.285000 0.285000 0.285000
v -28.418200 11.856392 56.148160 0.285000 0.285000 0.285000
v -28.383368 11.278245 56.568942 0.285000 0.285000 0.285000
v -28.149255 11.230816 57.243824 0.285000 0.285000 0.285000
v -27.892151 11.749820 57.664606 0.285000 0.285000 0.285000
v -27.805662 12.444436 57.514431 0.285000 0.285000 0.285000
v -37.604391 14.593448 60.380371 0.480000 0.480000 0.480000
v -37.827431 14.379326 59.882878 0.480000 0.480000 0.480000
v -37.983442 13.828274 59.760007 0.480000 0.480000 0.480000
v -37.954944 13.355245 60.104283 0.480000 0.480000 0.480000
v -37.763396 13.316440 60.656459 0.480000 0.480000 0.480000
v -37.553039 13.741079 61.000736 0.480000 0.480000 0.480000
v -37.482275 14.309401 60.877865 0.480000 0.480000 0.480000
v -11.114010 8.060669 28.691672 0.220000 0.220000 0.220000
v -15.970310 -5.810410 32.199048 0.420000 0.420000 0.420000
v -7.719708 -7.425099 32.199048 0.420000 0.420000 0.420000
v -6.988709 7.253325 28.691672 0.220000 0.220000 0.220000
v -6.668489 10.426237 28.691672 0.220000 0.220000 0.220000
v -4.451835 24.954724 32.199048 0.420000 0.420000 0.420000
v -12.858692 25.021157 32.199048 0.420000 0.420000 0.420000
v -10.871918 10.459454 28.691672 0.220000 0.220000 0.220000
v -13.830898 8.491199 35.490295 0.308571 0.308571 0.308571
v -18.977403 -2.673802 39.026972 0.508571 0.508571 0.508571
v -10.900641 -4.831823 39.026972 0.508571 0.508571 0.508571
v -9.792517 7.412188 35.490295 0.308571 0.308571 0.308571
v -9.380052 10.764718 35.490295 0.308571 0.308571 0.308571
v -7.487266 22.912192 39.026972 0.508571 0.508571 0.508571
v -15.846253 22.776278 39.026972 0.508571 0.508571 0.508571
v -13.559545 10.696761 35.490295 0.308571 0.308571 0.308571
v -16.761830 8.875171 41.468400 0.397143 0.397143 0.397143
v -22.902492 -5.716513 44.853961 0.597143 0.597143 0.597143
v -15.013838 -7.889235 44.853961 0.597143 0.597143 0.597143
v -12.817503 7.788810 41.468400 0.397143 0.397143 0.397143
v -12.350884 11.077335 41.468400 0.397143 0.397143 0.397143
v -10.099123 26.747515 44.853961 0.597143 0.597143 0.597143
v -18.280810 26.855064 44.853961 0.597143 0.597143 0.597143
v -16.441728 11.131109 41.468400 0.397143 0.397143 0.397143
v -20.279108 9.495110 46.631390 0.485714 0.485714 0.485714
v -27.389490 -5.642502 49.671719 0.685714 0.685714 0.685714
v -18.218490 -8.432656 49.671719 0.685714 0.685714 0.685714
v -15.693608 8.100033 46.631390 0.485714 0.485714 0.485714
v -15.152801 11.519066 46.631390 0.485714 0.485714 0.485714
v -12.451964 28.023923 49.671719 0.685714 0.685714 0.685714
v -22.036381 28.200411 49.671719 0.685714 0.685714 0.685714
v -19.945010 11.607310 46.631390 0.485714 0.485714 0.485714
v -23.380091 10.084055 50.985705 0.574286 0.574286 0.574286
v -31.058813 -4.498612 54.056251 0.774286 0.774286 0.774286
v -23.159000 -7.440155 54.056251 0.774286 0.774286 0.774286
v -19.430185 8.613283 50.985705 0.574286 0.574286 0.574286
v -18.822324 12.139712 50.985705 0.574286 0.574286 0.574286
v -16.961292 28.515105 54.056251 0.774286 0.774286 0.774286
v -25.390029 28.388160 54.056251 0.774286 0.774286 0.774286
v -23.036693 12.076240 50.985705 0.574286 0.574286 0.574286
v -27.142123 10.962234 54.537107 0.662857 0.662857 0.662857
v -35.483376 -1.446682 57.294619 0.862857 0.862857 0.862857
v -27.128260 -5.349668 57.294619 0.862857 0.862857 0.862857
v -22.964565 9.010741 54.537107 0.662857 0.662857 0.662857
v -22.244785 12.904343 54.537107 0.662857 0.662857 0.662857
v -20.999361 27.804230 57.294619 0.862857 0.862857 0.862857
v -30.197636 27.146201 57.294619 0.862857 0.862857 0.862857
v -26.843923 12.575329 54.537107 0.662857 0.662857 0.662857
v -30.856354 11.770853 57.286969 0.751429 0.751429 0.751429
v -38.648038 2.190939 59.146555 0.951429 0.951429 0.951429
v -30.994493 -2.038510 59.146555 0.951429 0.951429 0.951429
v -27.029582 9.656128 57.286969 0.751429 0.751429 0.751429
v -26.233655 13.718349 57.286969 0.751429 0.751429 0.751429
v -25.492070 26.044545 59.146555 0.951429 0.951429 0.951429
v -34.175810 25.016125 59.146555 0.951429 0.951429 0.951429
v -30.575525 13.204139 57.286969 0.751429 0.751429 0.751429
v -35.047923 12.832969 59.228048 0.840000 0.840000 0.840000
v -43.585412 4.215971 60.487916 1.000000 1.000000 1.000000
v -35.745233 -0.984025 60.487916 1.000000 1.000000 1.000000
v -31.127834 10.232971 59.228048 0.840000 0.840000 0.840000
v -30.209311 14.695791 59.228048 0.840000 0.840000 0.840000
v -30.021769 26.824526 60.487916 1.000000 1.000000 1.000000
v -39.278218 25.143302 60.487916 1.000000 1.000000 1.000000
v -34.837535 13.855179 59.228048 0.840000 0.840000 0.840000
v 1.985348 6.802913 0.590977 0.000000 0.000000 0.000000
v 0.942983 6.304422 0.330155 0.000000 0.000000 0.000000
v 0.685540 5.155474 0.200967 0.000000 0.000000 0.000000
v 1.406879 4.221252 0.300693 0.000000 0.000000 0.000000
v 2.563817 4.205243 0.554238 0.000000 0.000000 0.000000
v 3.285156 5.119503 0.770677 0.000000 0.000000 0.000000
v 3.027713 6.275575 0.787027 0.000000 0.000000 0.000000
v -2.397555 5.515227 20.509086 0.096000 0.096000 0.096000
v -3.417011 5.027692 20.253997 0.096000 0.096000 0.096000
v -3.668796 3.903996 20.127648 0.096000 0.096000 0.096000
v -2.963310 2.990306 20.225183 0.096000 0.096000 0.096000
v -1.831800 2.974649 20.473155 0.096000 0.096000 0.096000
v -1.126314 3.868815 20.684837 0.096000 0.096000 0.096000
v -1.378099 4.999479 20.700828 0.096000 0.096000 0.096000
v -2.397555 5.407485 20.540043 0.057000 0.057000 0.057000
v -3.313893 4.973703 20.206274 0.057000 0.057000 0.057000
v -3.540210 3.944415 20.037181 0.057000 0.057000 0.057000
v -2.906084 3.094697 20.160096 0.057000 0.057000 0.057000
v -1.889026 3.064403 20.482460 0.057000 0.057000 0.057000
v -1.254900 3.876346 20.761527 0.057000 0.057000 0.057000
v -1.481217 4.919115 20.787154 0.057000 0.057000 0.057000
v -7.412257 3.873962 36.217318 0.192000 0.192000 0.192000
v -8.283896 3.461339 35.899830 0.192000 0.192000 0.192000
v -8.499173 2.482261 35.738986 0.192000 0.192000 0.192000
v -7.895980 1.673992 35.855904 0.192000 0.192000 0.192000
v -6.928534 1.645176 36.162543 0.192000 0.192000 0.192000
v -6.325341 2.417512 36.427997 0.192000 0.192000 0.192000
v -6.540618 3.409414 36.452374 0.192000 0.192000 0.192000
v -7.726200 3.758124 36.107850 0.133000 0.133000 0.133000
v -8.337165 3.144936 35.715916 0.133000 0.133000 0.133000
v -8.251655 2.203549 35.619116 0.133000 0.133000 0.133000
v -7.534061 1.642848 35.890343 0.133000 0.133000 0.133000
v -6.724747 1.885052 36.325358 0.133000 0.133000 0.133000
v -6.433142 2.747776 36.596585 0.133000 0.133000 0.133000
v -6.878830 3.581371 36.499785 0.133000 0.133000 0.133000
v -13.346898 1.982074 47.553626 0.288000 0.288000 0.288000
v -13.907647 1.419285 47.193906 0.288000 0.288000 0.288000
v -13.829165 0.555273 47.105062 0.288000 0.288000 0.288000
v -13.170552 0.040657 47.353997 0.288000 0.288000 0.288000
v -12.427756 0.262953 47.753256 0.288000 0.288000 0.288000
v -12.160118 1.054768 48.002191 0.288000 0.288000 0.288000
v -12.569175 1.819849 47.913347 0.288000 0.288000 0.288000
v -13.337615 1.937873 47.553626 0.209000 0.209000 0.209000
v -13.763756 1.430774 47.048415 0.209000 0.209000 0.209000
v -13.659019 0.613802 46.923638 0.209000 0.209000 0.209000
v -13.102274 0.102151 47.273255 0.209000 0.209000 0.209000
v -12.512761 0.281107 47.833998 0.209000 0.209000 0.209000
v -12.334395 1.015911 48.183615 0.209000 0.209000 0.209000
v -12.701490 1.753241 48.058838 0.209000 0.209000 0.209000
v -19.581059 -0.082823 54.762291 0.384000 0.384000 0.384000
v -19.953932 -0.526534 54.320230 0.384000 0.384000 0.384000
v -19.862288 -1.241385 54.211050 0.384000 0.384000 0.384000
v -19.375135 -1.689079 54.516966 0.384000 0.384000 0.384000
v -18.859311 -1.532493 55.007616 0.384000 0.384000 0.384000
v -18.703241 -0.889540 55.313531 0.384000 0.384000 0.384000
v -19.024449 -0.244376 55.204351 0.384000 0.384000 0.384000
v -19.579235 -0.097950 54.762291 0.285000 0.285000 0.285000
v -19.722490 -0.466876 54.165721 0.285000 0.285000 0.285000
v -19.575509 -1.151866 54.018380 0.285000 0.285000 0.285000
v -19.248970 -1.637109 54.431219 0.285000 0.285000 0.285000
v -18.988764 -1.557206 55.093362 0.285000 0.285000 0.285000
v -18.990832 -0.972327 55.506201 0.285000 0.285000 0.285000
v -19.253616 -0.322897 55.358861 0.285000 0.285000 0.285000
v -26.445303 -2.363253 57.733843 0.480000 0.480000 0.480000
v -26.562512 -2.665101 57.245740 0.480000 0.480000 0.480000
v -26.442254 -3.225548 57.125189 0.480000 0.480000 0.480000
v -26.175086 -3.622565 57.462966 0.480000 0.480000 0.480000
v -25.962190 -3.557190 58.004720 0.480000 0.480000 0.480000
v -25.963882 -3.078652 58.342497 0.480000 0.480000 0.480000
v -26.178887 -2.547300 58.221946 0.480000 0.480000 0.480000
v -6.060885 1.822277 27.849272 0.220000 0.220000 0.220000
v -5.065163 -12.855174 31.421908 0.420000 0.420000 0.420000
v 2.690422 -11.261244 31.421908 0.420000 0.420000 0.420000
v -2.183092 2.619243 27.849272 0.220000 0.220000 0.220000
v -3.066450 5.621878 27.849272 0.220000 0.220000 0.220000
v -6.485897 19.930143 31.421908 0.420000 0.420000 0.420000
v -13.869070 17.070341 31.421908 0.420000 0.420000 0.420000
v -6.758036 4.191978 27.849272 0.220000 0.220000 0.220000
v -10.421332 0.622194 38.774210 0.375000 0.375000 0.375000
v -10.123977 -14.218152 42.159089 0.575000 0.575000 0.575000
v -0.803713 -12.519427 42.159089 0.575000 0.575000 0.575000
v -5.761200 1.471557 38.774210 0.375000 0.375000 0.375000
v -6.710203 4.651676 38.774210 0.375000 0.375000 0.375000
v -10.230973 19.071402 42.159089 0.575000 0.575000 0.575000
v -18.957936 15.384517 42.159089 0.575000 0.575000 0.575000
v -11.073685 2.808234 38.774210 0.375000 0.375000 0.375000
v -14.643033 -0.454313 47.198132 0.530000 0.530000 0.530000
v -15.875317 -11.452252 50.241000 0.730000 0.730000 0.730000
v -6.904624 -10.612060 50.241000 0.730000 0.730000 0.730000
v -10.157687 -0.034217 47.198132 0.530000 0.530000 0.530000
v -11.225604 3.502460 47.198132 0.530000 0.530000 0.530000
v -14.370468 14.112974 50.241000 0.730000 0.730000 0.730000
v -22.307014 9.847943 50.241000 0.730000 0.730000 0.730000
v -15.193877 1.369945 47.198132 0.530000 0.530000 0.530000
v -18.903177 -1.812144 53.170238 0.685000 0.685000 0.685000
v -19.539728 -16.081562 55.602897 0.885000 0.885000 0.885000
v -12.113266 -15.439359 55.602897 0.885000 0.885000 0.885000
v -15.189946 -1.491043 53.170238 0.685000 0.685000 0.685000
v -16.233058 1.929443 53.170238 0.685000 0.685000 0.685000
v -21.463448 15.220963 55.602897 0.885000 0.885000 0.885000
v -27.984475 11.609735 55.602897 0.885000 0.885000 0.885000
v -19.493572 0.123829 53.170238 0.685000 0.685000 0.685000
v -23.882876 -3.102240 56.749983 0.840000 0.840000 0.840000
v -26.247535 -14.379271 57.987724 1.000000 1.000000 1.000000
v -19.056378 -14.737902 57.987724 1.000000 1.000000 1.000000
v -20.287298 -3.281555 56.749983 0.840000 0.840000 0.840000
v -21.471460 0.568808 56.749983 0.840000 0.840000 0.840000
v -26.891057 10.736944 57.987724 1.000000 1.000000 1.000000
v -32.637892 6.399290 57.987724 1.000000 1.000000 1.000000
v -24.344878 -1.600020 56.749983 0.840000 0.840000 0.840000
v 5.887414 7.520531 0.941351 0.000000 0.000000 0.000000
v 4.841604 7.101533 0.575608 0.000000 0.000000 0.000000
v 4.583310 6.024120 0.156667 0.000000 0.000000 0.000000
v 5.307033 5.099605 0.000000 0.000000 0.000000 0.000000
v 6.467795 5.024168 0.223580 0.000000 0.000000 0.000000
v 7.191518 5.854614 0.659046 0.000000 0.000000 0.000000
v 6.933224 6.965600 0.978484 0.000000 0.000000 0.000000
v 1.950291 1.300287 19.283018 0.096000 0.096000 0.096000
v 0.927466 0.890497 18.925313 0.096000 0.096000 0.096000
v 0.674849 -0.163237 18.515580 0.096000 0.096000 0.096000
v 1.382666 -1.067432 18.362356 0.096000 0.096000 0.096000
v 2.517916 -1.141211 18.581022 0.096000 0.096000 0.096000
v 3.225733 -0.329017 19.006918 0.096000 0.096000 0.096000
v 2.973116 0.757552 19.319335 0.096000 0.096000 0.096000
v 0.877119 0.636350 18.856220 0.057000 0.057000 0.057000
v 0.870269 -0.323672 18.389792 0.057000 0.057000 0.057000
v 1.676697 -1.013344 18.274593 0.057000 0.057000 0.057000
v 2.689147 -0.913329 18.597372 0.057000 0.057000 0.057000
v 3.145224 -0.098941 19.115068 0.057000 0.057000 0.057000
v 2.701492 0.816570 19.437847 0.057000 0.057000 0.057000
v 1.692090 1.143805 19.322649 0.057000 0.057000 0.057000
v -3.035099 -6.472260 33.485337 0.192000 0.192000 0.192000
v -3.041616 -7.385452 33.041662 0.192000 0.192000 0.192000
v -2.274526 -8.041481 32.932083 0.192000 0.192000 0.192000
v -1.311463 -7.946345 33.239116 0.192000 0.192000 0.192000
v -0.877634 -7.171683 33.731559 0.192000 0.192000 0.192000
v -1.299721 -6.300831 34.038592 0.192000 0.192000 0.192000
v -2.259883 -5.989558 33.929013 0.192000 0.192000 0.192000
v -2.993251 -6.553397 33.485337 0.133000 0.133000 0.133000
v -2.921662 -7.330818 32.943689 0.133000 0.133000 0.133000
v -2.166794 -7.892217 32.809913 0.133000 0.133000 0.133000
v -1.297078 -7.814849 33.184745 0.133000 0.133000 0.133000
v -0.967428 -7.156975 33.785929 0.133000 0.133000 0.133000
v -1.426077 -6.413986 34.160762 0.133000 0.133000 0.133000
v -2.327653 -6.145369 34.026986 0.133000 0.133000 0.133000
v -6.904802 -14.560483 44.392314 0.288000 0.288000 0.288000
v -6.839097 -15.274006 43.895185 0.288000 0.288000 0.288000
v -6.146273 -15.789262 43.772404 0.288000 0.288000 0.288000
v -5.348041 -15.718254 44.116428 0.288000 0.288000 0.288000
v -5.045485 -15.114451 44.668200 0.288000 0.288000 0.288000
v -5.466437 -14.432530 45.012224 0.288000 0.288000 0.288000
v -6.293910 -14.185991 44.889443 0.288000 0.288000 0.288000
v -6.880437 -14.613885 44.392314 0.209000 0.209000 0.209000
v -6.735683 -15.169434 43.788663 0.209000 0.209000 0.209000
v -6.041683 -15.605462 43.639573 0.209000 0.209000 0.209000
v -5.321033 -15.593629 44.057313 0.209000 0.209000 0.209000
v -5.116396 -15.142848 44.727315 0.209000 0.209000 0.209000
v -5.581870 -14.592564 45.145055 0.209000 0.209000 0.209000
v -6.366941 -14.357154 44.995965 0.209000 0.209000 0.209000
v -10.790629 -23.517729 51.577150 0.384000 0.384000 0.384000
v -10.663970 -24.003834 51.048955 0.384000 0.384000 0.384000
v -10.056720 -24.385358 50.918501 0.384000 0.384000 0.384000
v -9.426151 -24.375005 51.284024 0.384000 0.384000 0.384000
v -9.247094 -23.980571 51.870276 0.384000 0.384000 0.384000
v -9.654383 -23.499073 52.235798 0.384000 0.384000 0.384000
v -10.341321 -23.293089 52.105345 0.384000 0.384000 0.384000
v -10.787628 -23.548453 51.577150 0.285000 0.285000 0.285000
v -10.577948 -23.853391 50.964311 0.285000 0.285000 0.285000
v -9.952454 -24.167035 50.812952 0.285000 0.285000 0.285000
v -9.382155 -24.253203 51.237050 0.285000 0.285000 0.285000
v -9.296498 -24.047010 51.917250 0.285000 0.285000 0.285000
v -9.759984 -23.703722 52.341347 0.285000 0.285000 0.285000
v -10.423600 -23.481844 52.189989 0.285000 0.285000 0.285000
v -14.696011 -33.347712 55.039845 0.480000 0.480000 0.480000
v -14.524455 -33.597207 54.538431 0.480000 0.480000 0.480000
v -14.012687 -33.853825 54.414592 0.480000 0.480000 0.480000
v -13.546079 -33.924326 54.761581 0.480000 0.480000 0.480000
v -13.475996 -33.755622 55.318108 0.480000 0.480000 0.480000
v -13.855212 -33.474751 55.665097 0.480000 0.480000 0.480000
v -14.398170 -33.293214 55.541258 0.480000 0.480000 0.480000
v 0.320435 -5.170110 25.765220 0.220000 0.220000 0.220000
v 12.625606 -16.489941 29.362369 0.420000 0.420000 0.420000
v 17.078951 -10.388881 29.362369 0.420000 0.420000 0.420000
v 2.547107 -2.119580 25.765220 0.220000 0.220000 0.220000
v -0.302659 -0.533037 25.765220 0.220000 0.220000 0.220000
v -14.986673 7.462933 29.362369 0.420000 0.420000 0.420000
v -17.826643 0.463663 29.362369 0.420000 0.420000 0.420000
v -1.722644 -4.032672 25.765220 0.220000 0.220000 0.220000
v -2.236857 -9.765176 34.176269 0.344000 0.344000 0.344000
v 6.900290 -19.199832 37.114748 0.544000 0.544000 0.544000
v 11.919864 -12.471214 37.114748 0.544000 0.544000 0.544000
v 0.272930 -6.400867 34.176269 0.344000 0.344000 0.344000
v -2.813834 -4.798755 34.176269 0.344000 0.344000 0.344000
v -14.481441 1.231762 37.114748 0.544000 0.544000 0.544000
v -17.094749 -6.745772 37.114748 0.544000 0.544000 0.544000
v -4.120487 -8.787522 34.176269 0.344000 0.344000 0.344000
v -4.601972 -14.333295 41.182508 0.468000 0.468000 0.468000
v 3.466422 -23.281676 44.047025 0.668000 0.668000 0.668000
v 8.239189 -17.363251 44.047025 0.668000 0.668000 0.668000
v -2.215589 -11.374082 41.182508 0.468000 0.468000 0.468000
v -5.499488 -9.776891 41.182508 0.468000 0.468000 0.468000
v -16.665617 -5.250295 44.047025 0.668000 0.668000 0.668000
v -18.374680 -12.658815 44.047025 0.668000 0.668000 0.668000
v -6.354019 -13.481151 41.182508 0.468000 0.468000 0.468000
v -7.292848 -19.732237 46.792985 0.592000 0.592000 0.592000
v -0.116596 -28.532789 48.977675 0.792000 0.792000 0.792000
v 5.659399 -21.450087 48.977675 0.792000 0.792000 0.792000
v -4.404851 -16.190885 46.792985 0.592000 0.592000 0.592000
v -7.997979 -14.545917 46.792985 0.592000 0.592000 0.592000
v -18.555536 -10.364255 48.977675 0.792000 0.792000 0.792000
v -20.142565 -19.364707 48.977675 0.792000 0.792000 0.792000
v -8.791493 -19.046143 46.792985 0.592000 0.592000 0.592000
v -9.458034 -25.020723 51.013478 0.716000 0.716000 0.716000
v 2.648553 -36.147785 52.797598 0.916000 0.916000 0.916000
v 7.253080 -29.738658 52.797598 0.916000 0.916000 0.916000
v -7.155771 -21.816160 51.013478 0.716000 0.716000 0.716000
v -10.497105 -20.370632 51.013478 0.716000 0.716000 0.716000
v -26.136912 -15.293487 52.797598 0.916000 0.916000 0.916000
v -27.655398 -23.037697 52.797598 0.916000 0.916000 0.916000
v -11.256348 -24.242737 51.013478 0.716000 0.716000 0.716000
v -12.244414 -31.228798 53.838860 0.840000 0.840000 0.840000
v -0.751486 -42.700314 54.889416 1.000000 1.000000 1.000000
v 5.069637 -34.753623 54.889416 1.000000 1.000000 1.000000
v -9.333852 -27.255453 53.838860 0.840000 0.840000 0.840000
v -13.020425 -25.743084 53.838860 0.840000 0.840000 0.840000
v -28.540072 -20.965675 54.889416 1.000000 1.000000 1.000000
v -29.976862 -30.710982 54.889416 1.000000 1.000000 1.000000
v -13.738820 -30.615737 53.838860 0.840000 0.840000 0.840000
v 4.165806 9.912303 0.794812 0.000000 0.000000 0.000000
v 3.111294 9.375247 0.846011 0.000000 0.000000 0.000000
v 2.850851 8.238173 0.640393 0.000000 0.000000 0.000000
v 3.580596 7.357321 0.332793 0.000000 0.000000 0.000000
v 4.751016 7.395990 0.154839 0.000000 0.000000 0.000000
v 5.480761 8.325062 0.240536 0.000000 0.000000 0.000000
v 5.220318 9.444926 0.525350 0.000000 0.000000 0.000000
v 7.474248 5.367743 21.567283 0.096000 0.096000 0.096000
v 6.442912 4.842490 21.617357 0.096000 0.096000 0.096000
v 6.188193 3.730407 21.416258 0.096000 0.096000 0.096000
v 6.901899 2.868914 21.115418 0.096000 0.096000 0.096000
v 8.046596 2.906734 20.941376 0.096000 0.096000 0.096000
v 8.760303 3.815387 21.025188 0.096000 0.096000 0.096000
v 8.505584 4.910639 21.303744 0.096000 0.096000 0.096000
v 7.474248 5.240655 21.639432 0.057000 0.057000 0.057000
v 6.541638 4.729511 21.730068 0.057000 0.057000 0.057000
v 6.311302 3.716612 21.484658 0.057000 0.057000 0.057000
v 6.956688 2.964692 21.088001 0.057000 0.057000 0.057000
v 7.991807 3.039961 20.838787 0.057000 0.057000 0.057000
v 8.637193 3.885741 20.924679 0.057000 0.057000 0.057000
v 8.406858 4.865142 21.281000 0.057000 0.057000 0.057000
v 11.663692 0.366974 37.568428 0.192000 0.192000 0.192000
v 10.776575 -0.119236 37.654644 0.192000 0.192000 0.192000
v 10.557475 -1.082725 37.421205 0.192000 0.192000 0.192000
v 11.171379 -1.797966 37.043896 0.192000 0.192000 0.192000
v 12.156004 -1.726368 36.806839 0.192000 0.192000 0.192000
v 12.769908 -0.921846 36.888542 0.192000 0.192000 0.192000
v 12.550808 0.009779 37.227481 0.192000 0.192000 0.192000
v 10.885861 -1.523773 37.230148 0.133000 0.133000 0.133000
v 11.684362 -1.743897 36.764496 0.133000 0.133000 0.133000
v 12.467298 -1.217897 36.649489 0.133000 0.133000 0.133000
v 12.645102 -0.341862 36.971731 0.133000 0.133000 0.133000
v 12.083883 0.224535 37.488565 0.133000 0.133000 0.133000
v 11.206252 0.054787 37.810806 0.133000 0.133000 0.133000
v 10.673082 -0.723283 37.695800 0.133000 0.133000 0.133000
v 16.020238 -6.577669 48.343995 0.288000 0.288000 0.288000
v 16.753109 -6.779700 47.916616 0.288000 0.288000 0.288000
v 17.471694 -6.296934 47.811062 0.288000 0.288000 0.288000
v 17.634884 -5.492902 48.106818 0.288000 0.288000 0.288000
v 17.119793 -4.973057 48.581173 0.288000 0.288000 0.288000
v 16.314296 -5.128853 48.876928 0.288000 0.288000 0.288000
v 15.824948 -5.842973 48.771374 0.288000 0.288000 0.288000
v 16.087860 -6.580175 48.343995 0.209000 0.209000 0.209000
v 16.672656 -6.623773 47.752306 0.209000 0.209000 0.209000
v 17.303749 -6.099989 47.606171 0.209000 0.209000 0.209000
v 17.505913 -5.403243 48.015632 0.209000 0.209000 0.209000
v 17.126914 -5.058199 48.672358 0.209000 0.209000 0.209000
v 16.452146 -5.324683 49.081820 0.209000 0.209000 0.209000
v 15.989724 -6.002026 48.935684 0.209000 0.209000 0.209000
v 22.120093 -11.909683 54.625346 0.384000 0.384000 0.384000
v 22.631789 -11.947831 54.107618 0.384000 0.384000 0.384000
v 23.183996 -11.489520 53.979749 0.384000 0.384000 0.384000
v 23.360889 -10.879867 54.338028 0.384000 0.384000 0.384000
v 23.029265 -10.577954 54.912663 0.384000 0.384000 0.384000
v 22.438843 -10.811127 55.270942 0.384000 0.384000 0.384000
v 22.034223 -11.403802 55.143074 0.384000 0.384000 0.384000
v 22.156039 -11.921159 54.625346 0.285000 0.285000 0.285000
v 22.434801 -11.749420 53.988696 0.285000 0.285000 0.285000
v 22.902409 -11.230630 53.831457 0.285000 0.285000 0.285000
v 23.206744 -10.755447 54.272032 0.285000 0.285000 0.285000
v 23.118636 -10.681695 54.978659 0.285000 0.285000 0.285000
v 22.704432 -11.064910 55.419234 0.285000 0.285000 0.285000
v 22.276036 -11.616523 55.261995 0.285000 0.285000 0.285000
v 29.084770 -17.525379 56.074199 0.480000 0.480000 0.480000
v 29.312848 -17.384865 55.553304 0.480000 0.480000 0.480000
v 29.695436 -16.960400 55.424654 0.480000 0.480000 0.480000
v 29.944438 -16.571615 55.785124 0.480000 0.480000 0.480000
v 29.872350 -16.511272 56.363274 0.480000 0.480000 0.480000
v 29.533456 -16.824811 56.723744 0.480000 0.480000 0.480000
v 29.182950 -17.276131 56.595094 0.480000 0.480000 0.480000
v 11.481237 1.173171 28.935471 0.220000 0.220000 0.220000
v 25.822533 8.708705 33.047302 0.420000 0.420000 0.420000
v 20.946736 15.616369 33.047302 0.420000 0.420000 0.420000
v 9.043339 4.627003 28.935471 0.220000 0.220000 0.220000
v 6.604511 2.489943 28.935471 0.220000 0.220000 0.220000
v -5.852881 -7.867201 33.047302 0.420000 0.420000 0.420000
v 0.354652 -13.607912 33.047302 0.420000 0.420000 0.420000
v 9.708277 -0.380412 28.935471 0.220000 0.220000 0.220000
v 13.708157 -1.222758 36.567122 0.323333 0.323333 0.323333
v 27.703304 6.657603 39.955273 0.523333 0.523333 0.523333
v 22.653749 13.381974 39.955273 0.523333 0.523333 0.523333
v 11.183380 2.139428 36.567122 0.323333 0.323333 0.323333
v 8.805650 -0.096152 36.567122 0.323333 0.323333 0.323333
v -3.121772 -10.852583 39.955273 0.523333 0.523333 0.523333
v 3.278953 -16.306563 39.955273 0.523333 0.523333 0.523333
v 12.006012 -2.823142 36.567122 0.323333 0.323333 0.323333
v 16.022455 -3.674711 42.931620 0.426667 0.426667 0.426667
v 27.724589 2.337430 45.955449 0.626667 0.626667 0.626667
v 23.037975 8.806188 45.955449 0.626667 0.626667 0.626667
v 13.679148 -0.440332 42.931620 0.426667 0.426667 0.426667
v 11.253659 -2.866546 42.931620 0.426667 0.426667 0.426667
v 2.009935 -12.228136 45.955449 0.626667 0.626667 0.626667
v 8.480093 -16.912816 45.955449 0.626667 0.626667 0.626667
v 14.488738 -5.208886 42.931620 0.426667 0.426667 0.426667
v 18.660970 -6.678274 48.043619 0.530000 0.530000 0.530000
v 29.887503 -2.852153 51.526214 0.730000 0.730000 0.730000
v 25.147456 5.273626 51.526214 0.730000 0.730000 0.730000
v 16.290946 -2.615385 48.043619 0.530000 0.530000 0.530000
v 13.457718 -5.609694 48.043619 0.530000 0.530000 0.530000
v 6.069991 -14.888473 51.526214 0.730000 0.730000 0.730000
v 14.445205 -19.172411 51.526214 0.730000 0.730000 0.730000
v 17.645325 -7.751663 48.043619 0.530000 0.530000 0.530000
v 21.661879 -9.292626 51.922356 0.633333 0.633333 0.633333
v 36.215876 -2.345483 54.623527 0.833333 0.833333 0.833333
v 30.877249 5.562608 54.623527 0.833333 0.833333 0.833333
v 18.992566 -5.338581 51.922356 0.633333 0.633333 0.633333
v 16.347986 -8.274552 51.922356 0.633333 0.633333 0.633333
v 6.743829 -21.229929 54.623527 0.833333 0.833333 0.833333
v 15.164915 -25.715922 54.623527 0.833333 0.833333 0.833333
v 20.558529 -10.517548 51.922356 0.633333 0.633333 0.633333
v 24.682245 -12.148004 54.579672 0.736667 0.736667 0.736667
v 37.479678 -7.196107 56.139698 0.936667 0.936667 0.936667
v 32.453905 1.068608 56.139698 0.936667 0.936667 0.936667
v 22.169358 -8.015646 54.579672 0.736667 0.736667 0.736667
v 19.368876 -11.265763 54.579672 0.736667 0.736667 0.736667
v 11.904551 -22.780076 56.139698 0.936667 0.936667 0.936667
v 20.821340 -26.529049 56.139698 0.936667 0.936667 0.936667
v 23.827271 -13.140249 54.579672 0.736667 0.736667 0.736667
v 28.138090 -14.895571 55.994733 0.840000 0.840000 0.840000
v 43.585412 -7.044314 56.366187 1.000000 1.000000 1.000000
v 38.249368 0.658426 56.366187 1.000000 1.000000 1.000000
v 25.470068 -11.044201 55.994733 0.840000 0.840000 0.840000
v 22.877687 -14.176345 55.994733 0.840000 0.840000 0.840000
v 13.769979 -28.917838 56.366187 1.000000 1.000000 1.000000
v 22.334361 -32.720065 56.366187 1.000000 1.000000 1.000000
v 27.159878 -16.077458 55.994733 0.840000 0.840000 0.840000
vt 0.019575 0.080894
vt 0.022117 0.069373
vt 0.014994 0.060056
vt 0.003569 0.059958
vt -0.003554 0.069154
vt -0.001012 0.080718
vt 0.009281 0.085943
vt 0.064350 0.079370
vt 0.054283 0.074261
vt 0.051797 0.062951
vt 0.058763 0.053957
vt 0.069937 0.054053
vt 0.076904 0.063165
vt 0.074417 0.074432
vt 0.009281 0.005475
vt -0.001012 0.008131
vt 0.054283 0.209181
vt 0.064350 0.206584
vt 0.080718 0.008131
vt 0.069154 0.008466
vt 0.062951 0.209509
vt 0.074261 0.209181
vt 0.069154 0.008466
vt 0.059958 0.006229
vt 0.053957 0.207321
vt 0.062951 0.209509
vt 0.003569 0.006229
vt 0.014994 0.003104
vt 0.069937 0.204264
vt 0.058763 0.207321
vt 0.060056 0.003104
vt 0.069373 0.001444
vt 0.063165 0.202641
vt 0.054053 0.204264
vt 0.069373 0.001444
vt 0.080894 0.002499
vt 0.074432 0.203673
vt 0.063165 0.202641
vt 0.019575 0.002499
vt 0.009281 0.005475
vt 0.064350 0.206584
vt 0.074417 0.203673
vt 0.073294 0.073803
vt 0.075503 0.063429
vt 0.069314 0.055012
vt 0.059387 0.054889
vt 0.053198 0.063153
vt 0.055407 0.073581
vt 0.064350 0.078321
vt 0.127270 0.072732
vt 0.118763 0.068224
vt 0.116661 0.058305
vt 0.122549 0.050444
vt 0.131991 0.050561
vt 0.137878 0.058567
vt 0.135777 0.068435
vt 0.064350 0.206553
vt 0.055407 0.209940
vt 0.118763 0.368905
vt 0.127270 0.365683
vt 0.073581 0.209940
vt 0.063153 0.210486
vt 0.058305 0.369425
vt 0.068224 0.368905
vt 0.063153 0.210486
vt 0.054889 0.207781
vt 0.050444 0.366851
vt 0.058305 0.369425
vt 0.059387 0.207781
vt 0.069314 0.203860
vt 0.131991 0.363122
vt 0.122549 0.366851
vt 0.055012 0.203860
vt 0.063429 0.201677
vt 0.058567 0.361045
vt 0.050561 0.363122
vt 0.063429 0.201677
vt 0.073803 0.202875
vt 0.068435 0.362185
vt 0.058567 0.361045
vt 0.073294 0.202875
vt 0.064350 0.206553
vt 0.127270 0.365683
vt 0.135777 0.362185
vt 0.119597 0.054603
vt 0.118275 0.063949
vt 0.123726 0.071103
vt 0.131846 0.070678
vt 0.136520 0.062994
vt 0.134229 0.053837
vt 0.126697 0.050103
vt 0.197515 0.047297
vt 0.204427 0.050724
vt 0.206530 0.059128
vt 0.202240 0.066180
vt 0.194788 0.066571
vt 0.189785 0.060005
vt 0.190998 0.051427
vt 0.126697 0.365317
vt 0.134229 0.360886
vt 0.204427 0.478431
vt 0.197515 0.482497
vt 0.053837 0.360886
vt 0.062994 0.359792
vt 0.059128 0.477427
vt 0.050724 0.478431
vt 0.062994 0.359792
vt 0.070678 0.362858
vt 0.066180 0.480241
vt 0.059128 0.477427
vt 0.131846 0.362858
vt 0.123726 0.367775
vt 0.194788 0.484754
vt 0.202240 0.480241
vt 0.123726 0.367775
vt 0.118275 0.370841
vt 0.189785 0.487568
vt 0.194788 0.484754
vt 0.063949 0.370841
vt 0.054603 0.369747
vt 0.051427 0.486563
vt 0.060005 0.487568
vt 0.119597 0.369747
vt 0.126697 0.365317
vt 0.197515 0.482497
vt 0.190998 0.486563
vt 0.051510 0.487922
vt 0.059667 0.489262
vt 0.066067 0.485508
vt 0.065890 0.479487
vt 0.059269 0.475733
vt 0.051191 0.477073
vt 0.047738 0.482497
vt 0.046516 0.557709
vt 0.049537 0.552963
vt 0.056606 0.551790
vt 0.062399 0.555075
vt 0.062554 0.560344
vt 0.056954 0.563628
vt 0.049817 0.562456
vt 0.197745 0.482497
vt 0.203041 0.477073
vt 0.281037 0.552963
vt 0.276403 0.557709
vt 0.203041 0.051191
vt 0.204571 0.059269
vt 0.282376 0.056606
vt 0.281037 0.049537
vt 0.204571 0.475733
vt 0.201184 0.479487
vt 0.279412 0.555075
vt 0.282376 0.551790
vt 0.201184 0.479487
vt 0.195429 0.485508
vt 0.274377 0.560344
vt 0.279412 0.555075
vt 0.195429 0.485508
vt 0.191641 0.489262
vt 0.271062 0.563628
vt 0.274377 0.560344
vt 0.191641 0.059667
vt 0.192671 0.051510
vt 0.271964 0.049817
vt 0.271062 0.056954
vt 0.192671 0.487922
vt 0.197745 0.482497
vt 0.276403 0.557709
vt 0.271964 0.562456
vt 0.049799 0.563730
vt 0.056785 0.565217
vt 0.062361 0.561050
vt 0.062327 0.554368
vt 0.056709 0.550202
vt 0.049738 0.551689
vt 0.046662 0.557709
vt 0.047025 0.590953
vt 0.049541 0.586027
vt 0.055245 0.584810
vt 0.059841 0.588219
vt 0.059869 0.593686
vt 0.055307 0.597095
vt 0.049591 0.595879
vt 0.276553 0.557709
vt 0.278908 0.551689
vt 0.364972 0.586027
vt 0.363045 0.590953
vt 0.278908 0.049738
vt 0.279571 0.056709
vt 0.365514 0.055245
vt 0.364972 0.049541
vt 0.279571 0.056709
vt 0.278044 0.062327
vt 0.364264 0.059841
vt 0.365514 0.055245
vt 0.278044 0.554368
vt 0.275475 0.561050
vt 0.362163 0.593686
vt 0.364264 0.588219
vt 0.275475 0.062361
vt 0.273800 0.056785
vt 0.360792 0.055307
vt 0.362163 0.059869
vt 0.273800 0.056785
vt 0.274280 0.049799
vt 0.361185 0.049591
vt 0.360792 0.055307
vt 0.274280 0.563730
vt 0.276553 0.557709
vt 0.363045 0.590953
vt 0.361185 0.595879
vt 0.000000 0.000000
vt 0.000000 1.000000
vt 0.500000 1.000000
vt 0.500000 0.000000
vt 0.500000 0.000000
vt 0.500000 1.000000
vt 1.000000 1.000000
vt 1.000000 0.000000
vt 0.000000 0.000000
vt 0.000000 1.000000
vt 0.500000 1.000000
vt 0.500000 0.000000
vt 0.500000 0.000000
vt 0.500000 1.000000
vt 1.000000 1.000000
vt 1.000000 0.000000
vt 0.000000 0.000000
vt 0.000000 1.000000
vt 0.500000 1.000000
vt 0.500000 0.000000
vt 0.500000 0.000000
vt 0.500000 1.000000
vt 1.000000 1.000000
vt 1.000000 0.000000
vt 0.000000 0.000000
vt 0.000000 1.000000
vt 0.500000 1.000000
vt 0.500000 0.000000
vt 0.500000 0.000000
vt 0.500000 1.000000
vt 1.000000 1.000000
vt 1.000000 0.000000
vt 0.000000 0.000000
vt 0.000000 1.000000
vt 0.500000 1.000000
vt 0.500000 0.000000
vt 0.500000 0.000000
vt 0.500000 1.000000
vt 1.000000 1.000000
vt 1.000000 0.000000
vt 0.000000 0.000000
vt 0.000000 1.000000
vt 0.500000 1.000000
vt 0.500000 0.000000
vt 0.500000 0.000000
vt 0.500000 1.000000
vt 1.000000 1.000000
vt 1.000000 0.000000
vt 0.000000 0.000000
vt 0.000000 1.000000
vt 0.500000 1.000000
vt 0.500000 0.000000
vt 0.500000 0.000000
vt 0.500000 1.000000
vt 1.000000 1.000000
vt 1.000000 0.000000
vt -0.012986 0.113681
vt -0.010390 0.102144
vt -0.017664 0.093053
vt -0.029332 0.093254
vt -0.036606 0.102595
vt -0.034010 0.114043
vt -0.023498 0.118976
vt 0.009273 0.137023
vt -0.001008 0.132198
vt -0.003547 0.121002
vt 0.003568 0.111866
vt 0.014978 0.111669
vt 0.022093 0.120560
vt 0.019554 0.131844
vt -0.023498 0.003710
vt -0.034010 0.006048
vt -0.001008 0.192038
vt 0.009273 0.189751
vt 0.114043 0.006048
vt 0.102595 0.007635
vt 0.121002 0.193590
vt 0.132198 0.192038
vt 0.102595 0.007635
vt 0.093254 0.007274
vt 0.111866 0.193237
vt 0.121002 0.193590
vt -0.029332 0.007274
vt -0.017664 0.005239
vt 0.014978 0.191246
vt 0.003568 0.193237
vt 0.093053 0.005239
vt 0.102144 0.003061
vt 0.120560 0.189116
vt 0.111669 0.191246
vt 0.102144 0.003061
vt 0.113681 0.002380
vt 0.131844 0.188450
vt 0.120560 0.189116
vt -0.012986 0.002380
vt -0.023498 0.003710
vt 0.009273 0.189751
vt 0.019554 0.188450
vt 0.018661 0.130869
vt 0.020980 0.120556
vt 0.014483 0.112638
vt 0.004063 0.113079
vt -0.002434 0.121545
vt -0.000116 0.131662
vt 0.009273 0.135812
vt 0.041888 0.163267
vt 0.032958 0.159320
vt 0.030752 0.149696
vt 0.036932 0.141643
vt 0.046844 0.141224
vt 0.053024 0.148755
vt 0.050819 0.158565
vt 0.009273 0.188716
vt -0.000116 0.191643
vt 0.032958 0.336034
vt 0.041888 0.333251
vt 0.131662 0.191643
vt 0.121545 0.194131
vt 0.149696 0.338401
vt 0.159320 0.336034
vt 0.121545 0.194131
vt 0.113079 0.194308
vt 0.141643 0.338569
vt 0.149696 0.338401
vt 0.004063 0.194308
vt 0.014483 0.192040
vt 0.046844 0.336412
vt 0.036932 0.338569
vt 0.112638 0.192040
vt 0.120556 0.189035
vt 0.148755 0.333554
vt 0.141224 0.336412
vt 0.120556 0.189035
vt 0.130869 0.187556
vt 0.158565 0.332147
vt 0.148755 0.333554
vt 0.018661 0.187556
vt 0.009273 0.188716
vt 0.041888 0.333251
vt 0.050819 0.332147
vt 0.050096 0.157353
vt 0.052124 0.148449
vt 0.046443 0.142055
vt 0.037333 0.142985
vt 0.031653 0.150539
vt 0.033680 0.159029
vt 0.041888 0.162061
vt 0.074348 0.198960
vt 0.066814 0.196177
vt 0.064954 0.188385
vt 0.070167 0.181452
vt 0.078529 0.180598
vt 0.083742 0.186466
vt 0.081881 0.194638
vt 0.041888 0.331708
vt 0.033680 0.335412
vt 0.066814 0.438246
vt 0.074348 0.434846
vt 0.159029 0.335412
vt 0.150539 0.339168
vt 0.188385 0.441693
vt 0.196177 0.438246
vt 0.150539 0.339168
vt 0.142985 0.340148
vt 0.181452 0.442593
vt 0.188385 0.441693
vt 0.037333 0.340148
vt 0.046443 0.337613
vt 0.078529 0.440266
vt 0.070167 0.442593
vt 0.142055 0.337613
vt 0.148449 0.333473
vt 0.186466 0.436467
vt 0.180598 0.440266
vt 0.148449 0.333473
vt 0.157353 0.330845
vt 0.194638 0.434055
vt 0.186466 0.436467
vt 0.050096 0.330845
vt 0.041888 0.331708
vt 0.074348 0.434846
vt 0.081881 0.434055
vt 0.076213 0.181630
vt 0.068739 0.185083
vt 0.065488 0.191881
vt 0.068909 0.196905
vt 0.076426 0.196372
vt 0.082377 0.190683
vt 0.082283 0.184122
vt 0.113595 0.232240
vt 0.113678 0.237980
vt 0.108470 0.242958
vt 0.101893 0.243425
vt 0.098900 0.239029
vt 0.101744 0.233081
vt 0.108284 0.230059
vt 0.184122 0.438309
vt 0.190683 0.433177
vt 0.237980 0.495055
vt 0.232240 0.499546
vt 0.082377 0.190683
vt 0.076426 0.196372
vt 0.108470 0.242958
vt 0.113678 0.237980
vt 0.076426 0.431909
vt 0.068909 0.435461
vt 0.101893 0.497054
vt 0.108470 0.493946
vt 0.196905 0.435461
vt 0.191881 0.441158
vt 0.239029 0.502039
vt 0.243425 0.497054
vt 0.191881 0.441158
vt 0.185083 0.444710
vt 0.233081 0.505147
vt 0.239029 0.502039
vt 0.068739 0.444710
vt 0.076213 0.443442
vt 0.108284 0.504037
vt 0.101744 0.505147
vt 0.076213 0.443442
vt 0.082283 0.438309
vt 0.113595 0.499546
vt 0.108284 0.504037
vt 0.110227 0.505725
vt 0.103920 0.507251
vt 0.099670 0.502975
vt 0.100678 0.496117
vt 0.106184 0.491841
vt 0.112043 0.493367
vt 0.113842 0.499546
vt 0.144683 0.519191
vt 0.143211 0.514136
vt 0.138418 0.512887
vt 0.133912 0.516386
vt 0.133088 0.521997
vt 0.136565 0.525495
vt 0.141726 0.524247
vt 0.232922 0.499546
vt 0.236059 0.493367
vt 0.293366 0.514136
vt 0.290799 0.519191
vt 0.112043 0.236059
vt 0.106184 0.239880
vt 0.138418 0.296492
vt 0.143211 0.293366
vt 0.106184 0.239880
vt 0.100678 0.241508
vt 0.133912 0.297824
vt 0.138418 0.296492
vt 0.241508 0.496117
vt 0.239717 0.502975
vt 0.296359 0.521997
vt 0.297824 0.516386
vt 0.099670 0.239717
vt 0.103920 0.235856
vt 0.136565 0.293199
vt 0.133088 0.296359
vt 0.103920 0.235856
vt 0.110227 0.232832
vt 0.141726 0.290725
vt 0.136565 0.293199
vt 0.232832 0.505725
vt 0.232922 0.499546
vt 0.290799 0.519191
vt 0.290725 0.524247
vt 0.000000 0.000000
vt 0.000000 1.000000
vt 0.500000 1.000000
vt 0.500000 0.000000
vt 0.500000 0.000000
vt 0.500000 1.000000
vt 1.000000 1.000000
vt 1.000000 0.000000
vt 0.000000 0.000000
vt 0.000000 1.000000
vt 0.500000 1.000000
vt 0.500000 0.000000
vt 0.500000 0.000000
vt 0.500000 1.000000
vt 1.000000 1.000000
vt 1.000000 0.000000
vt 0.000000 0.000000
vt 0.000000 1.000000
vt 0.500000 1.000000
vt 0.500000 0.000000
vt 0.500000 0.000000
vt 0.500000 1.000000
vt 1.000000 1.000000
vt 1.000000 0.000000
vt 0.000000 0.000000
vt 0.000000 1.000000
vt 0.500000 1.000000
vt 0.500000 0.000000
vt 0.500000 0.000000
vt 0.500000 1.000000
vt 1.000000 1.000000
vt 1.000000 0.000000
vt 0.000000 0.000000
vt 0.000000 1.000000
vt 0.500000 1.000000
vt 0.500000 0.000000
vt 0.500000 0.000000
vt 0.500000 1.000000
vt 1.000000 1.000000
vt 1.000000 0.000000
vt 0.000000 0.000000
vt 0.000000 1.000000
vt 0.500000 1.000000
vt 0.500000 0.000000
vt 0.500000 0.000000
vt 0.500000 1.000000
vt 1.000000 1.000000
vt 1.000000 0.000000
vt 0.032044 0.090767
vt 0.034672 0.079450
vt 0.027308 0.070241
vt 0.015498 0.070075
vt 0.008134 0.079078
vt 0.010762 0.090469
vt 0.021403 0.095671
vt 0.006848 0.129892
vt -0.003559 0.124804
vt -0.006129 0.113663
vt 0.001072 0.104859
vt 0.012623 0.105021
vt 0.019825 0.114027
vt 0.017254 0.125096
vt 0.021403 0.002560
vt 0.010762 0.002693
vt -0.003559 0.188843
vt 0.006848 0.188714
vt 0.090469 0.002693
vt 0.079078 0.004600
vt 0.113663 0.190709
vt 0.124804 0.188843
vt 0.079078 0.004600
vt 0.070075 0.006846
vt 0.104859 0.192905
vt 0.113663 0.190709
vt 0.015498 0.006846
vt 0.027308 0.007739
vt 0.012623 0.193778
vt 0.001072 0.192905
vt 0.070241 0.007739
vt 0.079450 0.006607
vt 0.114027 0.192671
vt 0.105021 0.193778
vt 0.079450 0.006607
vt 0.090767 0.004302
vt 0.125096 0.190417
vt 0.114027 0.192671
vt 0.032044 0.004302
vt 0.021403 0.002560
vt 0.006848 0.188714
vt 0.017254 0.190417
vt 0.016411 0.124402
vt 0.018773 0.114505
vt 0.012155 0.106310
vt 0.001540 0.105989
vt -0.005078 0.113783
vt -0.002716 0.123824
vt 0.006848 0.128549
vt -0.009192 0.171576
vt -0.018289 0.167081
vt -0.020535 0.157530
vt -0.014240 0.150116
vt -0.004143 0.150422
vt 0.002152 0.158217
vt -0.000095 0.167631
vt 0.006848 0.187621
vt -0.002716 0.187982
vt -0.018289 0.333786
vt -0.009192 0.333442
vt 0.123824 0.187982
vt 0.113783 0.190728
vt 0.157530 0.336398
vt 0.167081 0.333786
vt 0.113783 0.190728
vt 0.105989 0.193790
vt 0.150116 0.339310
vt 0.157530 0.336398
vt 0.001540 0.193790
vt 0.012155 0.194863
vt -0.004143 0.340331
vt -0.014240 0.339310
vt 0.106310 0.194863
vt 0.114505 0.193138
vt 0.158217 0.338691
vt 0.150422 0.340331
vt 0.114505 0.193138
vt 0.124402 0.189915
vt 0.167631 0.335625
vt 0.158217 0.338691
vt 0.016411 0.189915
vt 0.006848 0.187621
vt -0.009192 0.333442
vt -0.000095 0.335625
vt -0.000324 0.155338
vt -0.008524 0.150640
vt -0.017227 0.153267
vt -0.019879 0.161241
vt -0.014483 0.168557
vt -0.005103 0.169706
vt 0.001199 0.163823
vt -0.017178 0.216226
vt -0.022962 0.221626
vt -0.031571 0.220571
vt -0.036524 0.213856
vt -0.034090 0.206538
vt -0.026102 0.204127
vt -0.018576 0.208438
vt 0.163823 0.336797
vt 0.169706 0.332801
vt 0.221626 0.438330
vt 0.216226 0.441998
vt -0.005103 0.332801
vt -0.014483 0.331814
vt -0.031571 0.437424
vt -0.022962 0.438330
vt 0.168557 0.331814
vt 0.161241 0.334580
vt 0.213856 0.439963
vt 0.220571 0.437424
vt 0.161241 0.334580
vt 0.153267 0.339015
vt 0.206538 0.444033
vt 0.213856 0.439963
vt -0.017227 0.339015
vt -0.008524 0.341780
vt -0.026102 0.446571
vt -0.034090 0.444033
vt -0.008524 0.341780
vt -0.000324 0.340794
vt -0.018576 0.445666
vt -0.026102 0.446571
vt 0.155338 0.340794
vt 0.163823 0.336797
vt 0.216226 0.441998
vt 0.208438 0.445666
vt -0.019432 0.209738
vt -0.026808 0.206095
vt -0.034115 0.207693
vt -0.035848 0.213329
vt -0.030704 0.218758
vt -0.022556 0.219892
vt -0.017539 0.215878
vt -0.037693 0.277298
vt -0.042083 0.280810
vt -0.049213 0.279818
vt -0.053714 0.275067
vt -0.052196 0.270136
vt -0.045803 0.268738
vt -0.039349 0.271925
vt 0.215878 0.441998
vt 0.219892 0.436696
vt 0.280810 0.502110
vt 0.277298 0.506749
vt -0.022556 0.436696
vt -0.030704 0.435386
vt -0.049213 0.500964
vt -0.042083 0.502110
vt 0.218758 0.435386
vt 0.213329 0.439055
vt 0.275067 0.504175
vt 0.279818 0.500964
vt 0.213329 0.439055
vt 0.207693 0.444940
vt 0.270136 0.509324
vt 0.275067 0.504175
vt -0.034115 0.444940
vt -0.026808 0.448610
vt -0.045803 0.512535
vt -0.052196 0.509324
vt -0.026808 0.206095
vt -0.019432 0.209738
vt -0.039349 0.271925
vt -0.045803 0.268738
vt 0.209738 0.447300
vt 0.215878 0.441998
vt 0.277298 0.506749
vt 0.271925 0.511389
vt -0.040219 0.512876
vt -0.046786 0.514389
vt -0.052551 0.510149
vt -0.053173 0.503350
vt -0.048184 0.499110
vt -0.041341 0.500623
vt -0.037796 0.506749
vt -0.059728 0.531052
vt -0.062628 0.526040
vt -0.068227 0.524802
vt -0.072309 0.528270
vt -0.071800 0.533834
vt -0.067083 0.537302
vt -0.061710 0.536064
vt 0.277119 0.506749
vt 0.278195 0.500623
vt 0.348441 0.526040
vt 0.347561 0.531052
vt -0.041341 0.278195
vt -0.048184 0.276735
vt -0.068227 0.347247
vt -0.062628 0.348441
vt -0.048184 0.276735
vt -0.053173 0.273839
vt -0.072309 0.344877
vt -0.068227 0.347247
vt 0.273839 0.503350
vt 0.271686 0.510149
vt 0.343116 0.533834
vt 0.344877 0.528270
vt -0.052551 0.271686
vt -0.046786 0.271900
vt -0.067083 0.343290
vt -0.071800 0.343116
vt -0.046786 0.271900
vt -0.040219 0.274317
vt -0.061710 0.345268
vt -0.067083 0.343290
vt 0.274317 0.512876
vt 0.277119 0.506749
vt 0.347561 0.531052
vt 0.345268 0.536064
vt 0.000000 0.000000
vt 0.000000 1.000000
vt 0.500000 1.000000
vt 0.500000 0.000000
vt 0.500000 0.000000
vt 0.500000 1.000000
vt 1.000000 1.000000
vt 1.000000 0.000000
vt 0.000000 0.000000
vt 0.000000 1.000000
vt 0.500000 1.000000
vt 0.500000 0.000000
vt 0.500000 0.000000
vt 0.500000 1.000000
vt 1.000000 1.000000
vt 1.000000 0.000000
vt 0.000000 0.000000
vt 0.000000 1.000000
vt 0.500000 1.000000
vt 0.500000 0.000000
vt 0.500000 0.000000
vt 0.500000 1.000000
vt 1.000000 1.000000
vt 1.000000 0.000000
vt 0.000000 0.000000
vt 0.000000 1.000000
vt 0.500000 1.000000
vt 0.500000 0.000000
vt 0.500000 0.000000
vt 0.500000 1.000000
vt 1.000000 1.000000
vt 1.000000 0.000000
vt 0.000000 0.000000
vt 0.000000 1.000000
vt 0.500000 1.000000
vt 0.500000 0.000000
vt 0.500000 0.000000
vt 0.500000 1.000000
vt 1.000000 1.000000
vt 1.000000 0.000000
vt 0.000000 0.000000
vt 0.000000 1.000000
vt 0.500000 1.000000
vt 0.500000 0.000000
vt 0.500000 0.000000
vt 0.500000 1.000000
vt 1.000000 1.000000
vt 1.000000 0.000000
vt 0.000000 0.000000
vt 0.000000 1.000000
vt 0.500000 1.000000
vt 0.500000 0.000000
vt 0.500000 0.000000
vt 0.500000 1.000000
vt 1.000000 1.000000
vt 1.000000 0.000000
vt 0.000000 0.000000
vt 0.000000 1.000000
vt 0.500000 1.000000
vt 0.500000 0.000000
vt 0.500000 0.000000
vt 0.500000 1.000000
vt 1.000000 1.000000
vt 1.000000 0.000000
vt -0.004824 0.095547
vt -0.002259 0.084003
vt -0.009444 0.074731
vt -0.020968 0.074712
vt -0.028153 0.083960
vt -0.025589 0.095512
vt -0.015206 0.100669
vt -0.063881 0.101800
vt -0.074035 0.096757
vt -0.076543 0.085459
vt -0.069516 0.076413
vt -0.058245 0.076432
vt -0.051218 0.085501
vt -0.053726 0.096791
vt -0.015206 0.004954
vt -0.025589 0.002522
vt -0.074035 0.207339
vt -0.063881 0.209718
vt 0.095512 0.002522
vt 0.083960 0.001993
vt 0.085459 0.206822
vt 0.096757 0.207339
vt 0.083960 0.001993
vt 0.074712 0.003766
vt 0.076413 0.208556
vt 0.085459 0.206822
vt -0.020968 0.003766
vt -0.009444 0.006505
vt -0.058245 0.211235
vt -0.069516 0.208556
vt 0.074731 0.006505
vt 0.084003 0.008148
vt 0.085501 0.212842
vt 0.076432 0.211235
vt 0.084003 0.008148
vt 0.095547 0.007458
vt 0.096791 0.212167
vt 0.085501 0.212842
vt -0.004824 0.007458
vt -0.015206 0.004954
vt -0.063881 0.209718
vt -0.053726 0.212167
vt -0.054870 0.096237
vt -0.052645 0.085869
vt -0.058880 0.077444
vt -0.068881 0.077308
vt -0.075116 0.085562
vt -0.072891 0.095991
vt -0.063881 0.100742
vt -0.124435 0.106088
vt -0.133006 0.101569
vt -0.135123 0.091648
vt -0.129192 0.083797
vt -0.119679 0.083927
vt -0.113748 0.091940
vt -0.115865 0.101803
vt -0.063881 0.209361
vt -0.072891 0.206172
vt -0.133006 0.368606
vt -0.124435 0.371639
vt 0.095991 0.206172
vt 0.085562 0.205724
vt 0.091648 0.368180
vt 0.101569 0.368606
vt 0.085562 0.205724
vt 0.077308 0.208354
vt 0.083797 0.370681
vt 0.091648 0.368180
vt -0.068881 0.208354
vt -0.058880 0.212081
vt -0.119679 0.374226
vt -0.129192 0.370681
vt 0.077444 0.212081
vt 0.085869 0.214099
vt 0.091940 0.376146
vt 0.083927 0.374226
vt 0.085869 0.214099
vt 0.096237 0.212889
vt 0.101803 0.374995
vt 0.091940 0.376146
vt -0.054870 0.212889
vt -0.063881 0.209361
vt -0.124435 0.371639
vt -0.115865 0.374995
vt -0.116230 0.100109
vt -0.115768 0.090683
vt -0.121833 0.084052
vt -0.129858 0.085211
vt -0.133799 0.093286
vt -0.130690 0.102197
vt -0.122870 0.105234
vt -0.195435 0.114803
vt -0.202611 0.112016
vt -0.205465 0.103838
vt -0.201848 0.096426
vt -0.194483 0.095363
vt -0.188916 0.101448
vt -0.189340 0.110100
vt -0.122870 0.372068
vt -0.130690 0.367603
vt -0.202611 0.487721
vt -0.195435 0.491818
vt 0.102197 0.367603
vt 0.093286 0.366501
vt 0.103838 0.486709
vt 0.112016 0.487721
vt 0.093286 0.366501
vt 0.085211 0.369590
vt 0.096426 0.489545
vt 0.103838 0.486709
vt -0.129858 0.369590
vt -0.121833 0.374545
vt -0.194483 0.494092
vt -0.201848 0.489545
vt -0.121833 0.374545
vt -0.115768 0.377635
vt -0.188916 0.496928
vt -0.194483 0.494092
vt 0.090683 0.377635
vt 0.100109 0.376532
vt 0.110100 0.495916
vt 0.101448 0.496928
vt -0.116230 0.376532
vt -0.122870 0.372068
vt -0.195435 0.491818
vt -0.189340 0.495916
vt 0.109870 0.497392
vt 0.101657 0.498768
vt 0.095852 0.494911
vt 0.096828 0.488726
vt 0.103849 0.484869
vt 0.111628 0.486245
vt 0.114308 0.491818
vt 0.128101 0.569064
vt 0.125756 0.564187
vt 0.118949 0.562983
vt 0.112806 0.566358
vt 0.111952 0.571770
vt 0.117031 0.575145
vt 0.124218 0.573940
vt -0.195192 0.491818
vt -0.200774 0.486245
vt -0.284602 0.564187
vt -0.279718 0.569064
vt -0.200774 0.111628
vt -0.203417 0.103849
vt -0.286915 0.118949
vt -0.284602 0.125756
vt 0.103849 0.484869
vt 0.096828 0.488726
vt 0.112806 0.566358
vt 0.118949 0.562983
vt -0.201130 0.488726
vt -0.195637 0.494911
vt -0.280107 0.571770
vt -0.284914 0.566358
vt -0.195637 0.494911
vt -0.191072 0.498768
vt -0.276113 0.575145
vt -0.280107 0.571770
vt -0.191072 0.101657
vt -0.190875 0.109870
vt -0.275940 0.124218
vt -0.276113 0.117031
vt -0.190875 0.497392
vt -0.195192 0.491818
vt -0.279718 0.569064
vt -0.275940 0.573940
vt 0.124444 0.575144
vt 0.117498 0.576646
vt 0.112308 0.572438
vt 0.112782 0.565689
vt 0.118564 0.561482
vt 0.125299 0.562983
vt 0.127916 0.569064
vt 0.145934 0.603804
vt 0.143793 0.598829
vt 0.138283 0.597600
vt 0.133552 0.601043
vt 0.133164 0.606565
vt 0.137411 0.610007
vt 0.143094 0.608779
vt -0.279549 0.569064
vt -0.282275 0.562983
vt -0.378274 0.598829
vt -0.376044 0.603804
vt -0.282275 0.125299
vt -0.284182 0.118564
vt -0.379834 0.138283
vt -0.378274 0.143793
vt -0.284182 0.118564
vt -0.283834 0.112782
vt -0.379549 0.133552
vt -0.379834 0.138283
vt -0.283834 0.565689
vt -0.281493 0.572438
vt -0.377634 0.606565
vt -0.379549 0.601043
vt -0.281493 0.112308
vt -0.278922 0.117498
vt -0.375530 0.137411
vt -0.377634 0.133164
vt -0.278922 0.117498
vt -0.278057 0.124444
vt -0.374823 0.143094
vt -0.375530 0.137411
vt -0.278057 0.575144
vt -0.279549 0.569064
vt -0.376044 0.603804
vt -0.374823 0.608779
vt 0.000000 0.000000
vt 0.000000 1.000000
vt 0.500000 1.000000
vt 0.500000 0.000000
vt 0.500000 0.000000
vt 0.500000 1.000000
vt 1.000000 1.000000
vt 1.000000 0.000000
vt 0.000000 0.000000
vt 0.000000 1.000000
vt 0.500000 1.000000
vt 0.500000 0.000000
vt 0.500000 0.000000
vt 0.500000 1.000000
vt 1.000000 1.000000
vt 1.000000 0.000000
vt 0.000000 0.000000
vt 0.000000 1.000000
vt 0.500000 1.000000
vt 0.500000 0.000000
vt 0.500000 0.000000
vt 0.500000 1.000000
vt 1.000000 1.000000
vt 1.000000 0.000000
vt 0.000000 0.000000
vt 0.000000 1.000000
vt 0.500000 1.000000
vt 0.500000 0.000000
vt 0.500000 0.000000
vt 0.500000 1.000000
vt 1.000000 1.000000
vt 1.000000 0.000000
vt 0.000000 0.000000
vt 0.000000 1.000000
vt 0.500000 1.000000
vt 0.500000 0.000000
vt 0.500000 0.000000
vt 0.500000 1.000000
vt 1.000000 1.000000
vt 1.000000 0.000000
vt 0.000000 0.000000
vt 0.000000 1.000000
vt 0.500000 1.000000
vt 0.500000 0.000000
vt 0.500000 0.000000
vt 0.500000 1.000000
vt 1.000000 1.000000
vt 1.000000 0.000000
vt 0.000000 0.000000
vt 0.000000 1.000000
vt 0.500000 1.000000
vt 0.500000 0.000000
vt 0.500000 0.000000
vt 0.500000 1.000000
vt 1.000000 1.000000
vt 1.000000 0.000000
vt 0.000000 0.000000
vt 0.000000 1.000000
vt 0.500000 1.000000
vt 0.500000 0.000000
vt 0.500000 0.000000
vt 0.500000 1.000000
vt 1.000000 1.000000
vt 1.000000 0.000000
vt 0.030277 0.062756
vt 0.032852 0.051195
vt 0.025638 0.042052
vt 0.014069 0.042213
vt 0.006855 0.051555
vt 0.009430 0.063044
vt 0.019853 0.068029
vt -0.023976 0.055152
vt -0.034170 0.050277
vt -0.036688 0.039040
vt -0.029633 0.029903
vt -0.018318 0.029746
vt -0.011263 0.038688
vt -0.013781 0.049995
vt 0.019853 0.005910
vt 0.009430 0.003302
vt -0.034170 0.202540
vt -0.023976 0.205091
vt 0.063044 0.003302
vt 0.051555 0.002010
vt 0.039040 0.201276
vt 0.050277 0.202540
vt 0.051555 0.002010
vt 0.042213 0.003007
vt 0.029903 0.202252
vt 0.039040 0.201276
vt 0.014069 0.003007
vt 0.025638 0.005542
vt -0.018318 0.204732
vt -0.029633 0.202252
vt 0.042052 0.005542
vt 0.051195 0.007707
vt 0.038688 0.206848
vt 0.029746 0.204732
vt 0.051195 0.007707
vt 0.062756 0.007870
vt 0.049995 0.207008
vt 0.038688 0.206848
vt 0.030277 0.007870
vt 0.019853 0.005910
vt -0.023976 0.205091
vt -0.013781 0.207008
vt -0.014812 0.049191
vt -0.012549 0.038763
vt -0.018890 0.030644
vt -0.029061 0.030947
vt -0.035402 0.039444
vt -0.033139 0.049737
vt -0.023976 0.054075
vt -0.074123 0.038740
vt -0.082839 0.034613
vt -0.084992 0.024823
vt -0.078960 0.016740
vt -0.069285 0.016452
vt -0.063253 0.024175
vt -0.065406 0.034094
vt -0.023976 0.205400
vt -0.033139 0.202063
vt -0.082839 0.358998
vt -0.074123 0.362173
vt 0.049737 0.202063
vt 0.039444 0.200372
vt 0.024823 0.357390
vt 0.034613 0.358998
vt 0.039444 0.200372
vt 0.030947 0.201601
vt 0.016740 0.358559
vt 0.024823 0.357390
vt -0.029061 0.201601
vt -0.018890 0.204825
vt -0.069285 0.361625
vt -0.078960 0.358559
vt 0.030644 0.204825
vt 0.038763 0.207615
vt 0.024175 0.364280
vt 0.016452 0.361625
vt 0.038763 0.207615
vt 0.049191 0.207872
vt 0.034094 0.364524
vt 0.024175 0.364280
vt -0.014812 0.207872
vt -0.023976 0.205400
vt -0.074123 0.362173
vt -0.065406 0.364524
vt -0.068788 0.035814
vt -0.064331 0.027478
vt -0.067247 0.018851
vt -0.075341 0.016428
vt -0.082517 0.022035
vt -0.083372 0.031449
vt -0.077262 0.037581
vt -0.133469 0.019821
vt -0.139076 0.014193
vt -0.138292 0.005553
vt -0.131706 0.000407
vt -0.124278 0.002630
vt -0.121601 0.010548
vt -0.125692 0.018198
vt -0.077262 0.361079
vt -0.083372 0.357159
vt -0.139076 0.471939
vt -0.133469 0.475536
vt 0.031449 0.357159
vt 0.022035 0.356191
vt 0.005553 0.471051
vt 0.014193 0.471939
vt -0.082517 0.356191
vt -0.075341 0.358903
vt -0.131706 0.473540
vt -0.138292 0.471051
vt -0.075341 0.358903
vt -0.067247 0.363254
vt -0.124278 0.477533
vt -0.131706 0.473540
vt 0.018851 0.363254
vt 0.027478 0.365966
vt 0.010548 0.480022
vt 0.002630 0.477533
vt 0.027478 0.365966
vt 0.035814 0.364998
vt 0.018198 0.479133
vt 0.010548 0.480022
vt -0.068788 0.364998
vt -0.077262 0.361079
vt -0.133469 0.475536
vt -0.125692 0.479133
vt -0.127015 0.017532
vt -0.123344 0.010159
vt -0.125128 0.002811
vt -0.131023 0.001022
vt -0.136590 0.006138
vt -0.137638 0.014308
vt -0.133376 0.019379
vt -0.195811 -0.000828
vt -0.199539 -0.005265
vt -0.198623 -0.012414
vt -0.193751 -0.016891
vt -0.188593 -0.015325
vt -0.187032 -0.008895
vt -0.190244 -0.002444
vt -0.133376 0.475536
vt -0.137638 0.470484
vt -0.199539 0.543202
vt -0.195811 0.547623
vt 0.014308 0.470484
vt 0.006138 0.469236
vt -0.012414 0.542111
vt -0.005265 0.543202
vt -0.136590 0.469236
vt -0.131023 0.472733
vt -0.193751 0.545170
vt -0.198623 0.542111
vt -0.131023 0.472733
vt -0.125128 0.478340
vt -0.188593 0.550076
vt -0.193751 0.545170
vt 0.002811 0.478340
vt 0.010159 0.481836
vt -0.008895 0.553135
vt -0.015325 0.550076
vt -0.123344 0.010159
vt -0.127015 0.017532
vt -0.190244 -0.002444
vt -0.187032 -0.008895
vt -0.127015 0.480588
vt -0.133376 0.475536
vt -0.195811 0.547623
vt -0.190244 0.552044
vt -0.003229 0.553589
vt -0.009723 0.555062
vt -0.015572 0.550934
vt -0.016371 0.544312
vt -0.011519 0.540184
vt -0.004669 0.541657
vt -0.000979 0.547623
vt -0.023633 0.577338
vt -0.026651 0.572457
vt -0.032255 0.571252
vt -0.036226 0.574630
vt -0.035572 0.580047
vt -0.030787 0.583425
vt -0.025473 0.582219
vt -0.195792 0.547623
vt -0.197225 0.541657
vt -0.265625 0.572457
vt -0.264453 0.577338
vt -0.197225 -0.004669
vt -0.195755 -0.011519
vt -0.264423 -0.032255
vt -0.265625 -0.026651
vt -0.195755 -0.011519
vt -0.192490 -0.016371
vt -0.261751 -0.036226
vt -0.264423 -0.032255
vt -0.192490 0.544312
vt -0.189888 0.550934
vt -0.259622 0.580047
vt -0.261751 0.574630
vt -0.189888 -0.015572
vt -0.189908 -0.009723
vt -0.259639 -0.030787
vt -0.259622 -0.035572
vt -0.189908 -0.009723
vt -0.192536 -0.003229
vt -0.261789 -0.025473
vt -0.259639 -0.030787
vt -0.192536 0.553589
vt -0.195792 0.547623
vt -0.264453 0.577338
vt -0.261789 0.582219
vt 0.000000 0.000000
vt 0.000000 1.000000
vt 0.500000 1.000000
vt 0.500000 0.000000
vt 0.500000 0.000000
vt 0.500000 1.000000
vt 1.000000 1.000000
vt 1.000000 0.000000
vt 0.000000 0.000000
vt 0.000000 1.000000
vt 0.500000 1.000000
vt 0.500000 0.000000
vt 0.500000 0.000000
vt 0.500000 1.000000
vt 1.000000 1.000000
vt 1.000000 0.000000
vt 0.000000 0.000000
vt 0.000000 1.000000
vt 0.500000 1.000000
vt 0.500000 0.000000
vt 0.500000 0.000000
vt 0.500000 1.000000
vt 1.000000 1.000000
vt 1.000000 0.000000
vt 0.000000 0.000000
vt 0.000000 1.000000
vt 0.500000 1.000000
vt 0.500000 0.000000
vt 0.500000 0.000000
vt 0.500000 1.000000
vt 1.000000 1.000000
vt 1.000000 0.000000
vt 0.000000 0.000000
vt 0.000000 1.000000
vt 0.500000 1.000000
vt 0.500000 0.000000
vt 0.500000 0.000000
vt 0.500000 1.000000
vt 1.000000 1.000000
vt 1.000000 0.000000
vt 0.069332 0.069656
vt 0.071915 0.058546
vt 0.064678 0.050242
vt 0.053070 0.050996
vt 0.045833 0.060241
vt 0.048416 0.071015
vt 0.058874 0.075205
vt 0.019503 0.013003
vt 0.009275 0.008905
vt 0.006748 -0.001632
vt 0.013827 -0.010674
vt 0.025179 -0.011412
vt 0.032257 -0.003290
vt 0.029731 0.007576
vt 0.058874 0.009414
vt 0.048416 0.005756
vt 0.009275 0.189253
vt 0.019503 0.192830
vt 0.071015 0.005756
vt 0.060241 0.001567
vt -0.001632 0.185156
vt 0.008905 0.189253
vt 0.060241 0.001567
vt 0.050996 0.000000
vt -0.010674 0.183624
vt -0.001632 0.185156
vt 0.053070 0.000000
vt 0.064678 0.002236
vt 0.025179 0.185810
vt 0.013827 0.183624
vt 0.050242 0.002236
vt 0.058546 0.006590
vt -0.003290 0.190069
vt -0.011412 0.185810
vt 0.058546 0.006590
vt 0.069656 0.009785
vt 0.007576 0.193193
vt -0.003290 0.190069
vt 0.069332 0.009785
vt 0.058874 0.009414
vt 0.019503 0.192830
vt 0.029731 0.193193
vt 0.016921 0.011438
vt 0.027015 0.008166
vt 0.031452 -0.000989
vt 0.026891 -0.009133
vt 0.016767 -0.010133
vt 0.008703 -0.003237
vt 0.008771 0.006363
vt -0.030351 -0.064723
vt -0.030416 -0.073855
vt -0.022745 -0.080415
vt -0.013115 -0.079463
vt -0.008776 -0.071717
vt -0.012997 -0.063008
vt -0.022599 -0.059896
vt 0.006363 0.188562
vt -0.003237 0.183898
vt -0.073855 0.330417
vt -0.064723 0.334853
vt 0.008703 0.183898
vt 0.016767 0.182746
vt -0.022745 0.329321
vt -0.030416 0.330417
vt 0.016767 0.182746
vt 0.026891 0.185974
vt -0.013115 0.332391
vt -0.022745 0.329321
vt -0.009133 0.185974
vt -0.000989 0.191151
vt -0.071717 0.337316
vt -0.079463 0.332391
vt -0.000989 0.191151
vt 0.008166 0.194378
vt -0.063008 0.340386
vt -0.071717 0.337316
vt 0.027015 0.194378
vt 0.016921 0.193226
vt -0.022599 0.339290
vt -0.012997 0.340386
vt 0.016921 0.193226
vt 0.008771 0.188562
vt -0.030351 0.334853
vt -0.022599 0.339290
vt -0.023277 -0.061454
vt -0.014261 -0.064140
vt -0.009674 -0.071570
vt -0.012971 -0.078148
vt -0.021668 -0.078922
vt -0.029217 -0.073308
vt -0.029933 -0.065534
vt -0.069048 -0.145605
vt -0.068391 -0.152740
vt -0.061463 -0.157893
vt -0.053480 -0.157183
vt -0.050455 -0.151145
vt -0.054664 -0.144325
vt -0.062939 -0.141860
vt -0.065534 0.334853
vt -0.073308 0.329437
vt -0.152740 0.438952
vt -0.145605 0.443923
vt -0.029217 -0.073308
vt -0.021668 -0.078922
vt -0.061463 -0.157893
vt -0.068391 -0.152740
vt -0.021668 0.328099
vt -0.012971 0.331847
vt -0.053480 0.441164
vt -0.061463 0.437724
vt -0.078148 0.331847
vt -0.071570 0.337859
vt -0.151145 0.446682
vt -0.157183 0.441164
vt -0.071570 0.337859
vt -0.064140 0.341608
vt -0.144325 0.450122
vt -0.151145 0.446682
vt -0.014261 0.341608
vt -0.023277 0.340270
vt -0.062939 0.448894
vt -0.054664 0.450122
vt -0.023277 0.340270
vt -0.029933 0.334853
vt -0.069048 0.443923
vt -0.062939 0.448894
vt -0.063669 0.449960
vt -0.055819 0.451451
vt -0.051164 0.447273
vt -0.053210 0.440573
vt -0.060417 0.436396
vt -0.067357 0.437887
vt -0.068804 0.443923
vt -0.107906 0.515771
vt -0.106640 0.510490
vt -0.100567 0.509185
vt -0.094262 0.512840
vt -0.092471 0.518703
vt -0.096544 0.522358
vt -0.103413 0.521053
vt -0.146139 0.443923
vt -0.151694 0.437887
vt -0.240038 0.510490
vt -0.235177 0.515771
vt -0.067357 -0.151694
vt -0.060417 -0.156055
vt -0.100567 -0.243854
vt -0.106640 -0.240038
vt -0.060417 0.436396
vt -0.053210 0.440573
vt -0.094262 0.512840
vt -0.100567 0.509185
vt -0.155936 0.440573
vt -0.151428 0.447273
vt -0.239806 0.518703
vt -0.243750 0.512840
vt -0.151428 0.447273
vt -0.145926 0.451451
vt -0.234991 0.522358
vt -0.239806 0.518703
vt -0.055819 -0.145926
vt -0.063669 -0.143572
vt -0.103413 -0.232931
vt -0.096544 -0.234991
vt -0.143572 0.449960
vt -0.146139 0.443923
vt -0.235177 0.515771
vt -0.232931 0.521053
vt -0.104236 0.521900
vt -0.097600 0.523413
vt -0.092965 0.519172
vt -0.093822 0.512370
vt -0.099525 0.508130
vt -0.105779 0.509643
vt -0.107876 0.515771
vt -0.146960 0.550398
vt -0.145245 0.545384
vt -0.140127 0.544146
vt -0.135461 0.547616
vt -0.134760 0.553181
vt -0.138552 0.556651
vt -0.143982 0.555413
vt -0.235485 0.515771
vt -0.238534 0.509643
vt -0.335972 0.545384
vt -0.333477 0.550398
vt -0.105779 -0.238534
vt -0.099525 -0.241670
vt -0.140127 -0.338538
vt -0.145245 -0.335972
vt -0.099525 -0.241670
vt -0.093822 -0.242532
vt -0.135461 -0.339243
vt -0.140127 -0.338538
vt -0.242532 0.512370
vt -0.240470 0.519172
vt -0.337556 0.553181
vt -0.339243 0.547616
vt -0.092965 -0.240470
vt -0.097600 -0.237037
vt -0.138552 -0.334748
vt -0.134760 -0.337556
vt -0.097600 -0.237037
vt -0.104236 -0.234818
vt -0.143982 -0.332932
vt -0.138552 -0.334748
vt -0.234818 0.521900
vt -0.235485 0.515771
vt -0.333477 0.550398
vt -0.332932 0.555413
vt 0.000000 0.000000
vt 0.000000 1.000000
vt 0.500000 1.000000
vt 0.500000 0.000000
vt 0.500000 0.000000
vt 0.500000 1.000000
vt 1.000000 1.000000
vt 1.000000 0.000000
vt 0.000000 0.000000
vt 0.000000 1.000000
vt 0.500000 1.000000
vt 0.500000 0.000000
vt 0.500000 0.000000
vt 0.500000 1.000000
vt 1.000000 1.000000
vt 1.000000 0.000000
vt 0.000000 0.000000
vt 0.000000 1.000000
vt 0.500000 1.000000
vt 0.500000 0.000000
vt 0.500000 0.000000
vt 0.500000 1.000000
vt 1.000000 1.000000
vt 1.000000 0.000000
vt 0.000000 0.000000
vt 0.000000 1.000000
vt 0.500000 1.000000
vt 0.500000 0.000000
vt 0.500000 0.000000
vt 0.500000 1.000000
vt 1.000000 1.000000
vt 1.000000 0.000000
vt 0.000000 0.000000
vt 0.000000 1.000000
vt 0.500000 1.000000
vt 0.500000 0.000000
vt 0.500000 0.000000
vt 0.500000 1.000000
vt 1.000000 1.000000
vt 1.000000 0.000000
vt 0.000000 0.000000
vt 0.000000 1.000000
vt 0.500000 1.000000
vt 0.500000 0.000000
vt 0.500000 0.000000
vt 0.500000 1.000000
vt 1.000000 1.000000
vt 1.000000 0.000000
vt 0.052203 0.094449
vt 0.054808 0.083251
vt 0.047510 0.073960
vt 0.035806 0.073573
vt 0.028509 0.082382
vt 0.031113 0.093752
vt 0.041658 0.099123
vt 0.074742 0.053677
vt 0.064429 0.048425
vt 0.061882 0.037304
vt 0.069019 0.028689
vt 0.080466 0.029067
vt 0.087603 0.038154
vt 0.085056 0.049106
vt 0.041658 0.007948
vt 0.031113 0.008460
vt 0.064429 0.216174
vt 0.074742 0.215673
vt 0.093752 0.008460
vt 0.082382 0.006404
vt 0.037304 0.214163
vt 0.048425 0.216174
vt 0.082382 0.006404
vt 0.073573 0.003328
vt 0.028689 0.211154
vt 0.037304 0.214163
vt 0.035806 0.003328
vt 0.047510 0.001548
vt 0.080466 0.209414
vt 0.069019 0.211154
vt 0.073960 0.001548
vt 0.083251 0.002405
vt 0.038154 0.210252
vt 0.029067 0.209414
vt 0.083251 0.002405
vt 0.094449 0.005254
vt 0.049106 0.213037
vt 0.038154 0.210252
vt 0.052203 0.005254
vt 0.041658 0.007948
vt 0.074742 0.215673
vt 0.085056 0.213037
vt 0.084069 0.048651
vt 0.086372 0.038857
vt 0.079918 0.030400
vt 0.069567 0.029647
vt 0.063113 0.037166
vt 0.065416 0.047295
vt 0.074742 0.052407
vt 0.116637 0.003670
vt 0.107766 -0.001192
vt 0.105575 -0.010827
vt 0.111714 -0.017980
vt 0.121560 -0.017264
vt 0.127699 -0.009218
vt 0.125508 0.000098
vt 0.074742 0.216394
vt 0.065416 0.217301
vt 0.107766 0.376546
vt 0.116637 0.375684
vt 0.047295 0.217301
vt 0.037166 0.214847
vt -0.010827 0.374212
vt -0.001192 0.376546
vt 0.037166 0.214847
vt 0.029647 0.210880
vt -0.017980 0.370439
vt -0.010827 0.374212
vt 0.069567 0.210880
vt 0.079918 0.208388
vt 0.121560 0.368068
vt 0.111714 0.370439
vt 0.030400 0.208388
vt 0.038857 0.209247
vt -0.009218 0.368885
vt -0.017264 0.368068
vt 0.038857 0.209247
vt 0.048651 0.212810
vt 0.000098 0.372275
vt -0.009218 0.368885
vt 0.084069 0.212810
vt 0.074742 0.216394
vt 0.116637 0.375684
vt 0.125508 0.372275
vt 0.106731 -0.007233
vt 0.112063 0.000548
vt 0.120839 0.002245
vt 0.126451 -0.003419
vt 0.124673 -0.012179
vt 0.116844 -0.017439
vt 0.108859 -0.015238
vt 0.160202 -0.065777
vt 0.167531 -0.067797
vt 0.174717 -0.062969
vt 0.176349 -0.054929
vt 0.171198 -0.049731
vt 0.163143 -0.051289
vt 0.158249 -0.058430
vt 0.108859 0.372301
vt 0.116844 0.367645
vt 0.167531 0.479166
vt 0.160202 0.483440
vt 0.116844 0.367645
vt 0.124673 0.366495
vt 0.174717 0.478111
vt 0.167531 0.479166
vt -0.012179 0.366495
vt -0.003419 0.369717
vt -0.054929 0.481068
vt -0.062969 0.478111
vt -0.003419 0.369717
vt 0.002245 0.374886
vt -0.049731 0.485812
vt -0.054929 0.481068
vt 0.120839 0.374886
vt 0.112063 0.378108
vt 0.163143 0.488769
vt 0.171198 0.485812
vt 0.000548 0.378108
vt -0.007233 0.376958
vt -0.058430 0.487714
vt -0.051289 0.488769
vt -0.007233 0.376958
vt -0.015238 0.372301
vt -0.065777 0.483440
vt -0.058430 0.487714
vt 0.159897 -0.060020
vt 0.164521 -0.053247
vt 0.171269 -0.050582
vt 0.175059 -0.054032
vt 0.173037 -0.061000
vt 0.166727 -0.066238
vt 0.160879 -0.065802
vt 0.221201 -0.119097
vt 0.226318 -0.119478
vt 0.231840 -0.114895
vt 0.233609 -0.108799
vt 0.230293 -0.105780
vt 0.224388 -0.108111
vt 0.220342 -0.114038
vt 0.160879 0.483440
vt 0.166727 0.477523
vt 0.226318 0.541076
vt 0.221201 0.546253
vt 0.166727 -0.066238
vt 0.173037 -0.061000
vt 0.231840 -0.114895
vt 0.226318 -0.119478
vt -0.061000 0.476062
vt -0.054032 0.480156
vt -0.108799 0.543380
vt -0.114895 0.539797
vt 0.175059 0.480156
vt 0.171269 0.486724
vt 0.230293 0.549127
vt 0.233609 0.543380
vt 0.171269 0.486724
vt 0.164521 0.490818
vt 0.224388 0.552709
vt 0.230293 0.549127
vt 0.164521 -0.053247
vt 0.159897 -0.060020
vt 0.220342 -0.114038
vt 0.224388 -0.108111
vt -0.060020 0.489357
vt -0.065802 0.483440
vt -0.119097 0.546253
vt -0.114038 0.551431
vt -0.116165 0.552620
vt -0.110649 0.554192
vt -0.106817 0.549787
vt -0.107554 0.542720
vt -0.112306 0.538315
vt -0.117494 0.539887
vt -0.119212 0.546253
vt -0.175254 0.560742
vt -0.173849 0.555533
vt -0.169604 0.554247
vt -0.165716 0.557851
vt -0.165113 0.563633
vt -0.168248 0.567237
vt -0.172761 0.565951
vt 0.221560 0.546253
vt 0.224348 0.539887
vt 0.293128 0.555533
vt 0.290848 0.560742
vt 0.224348 -0.117494
vt 0.229024 -0.112306
vt 0.296954 -0.169604
vt 0.293128 -0.173849
vt 0.229024 -0.112306
vt 0.232067 -0.107554
vt 0.299444 -0.165716
vt 0.296954 -0.169604
vt 0.232067 0.542720
vt 0.231186 0.549787
vt 0.298723 0.563633
vt 0.299444 0.557851
vt 0.231186 -0.106817
vt 0.227044 -0.110649
vt 0.295335 -0.168248
vt 0.298723 -0.165113
vt 0.227044 -0.110649
vt 0.222760 -0.116165
vt 0.291829 -0.172761
vt 0.295335 -0.168248
vt 0.222760 0.552620
vt 0.221560 0.546253
vt 0.290848 0.560742
vt 0.291829 0.565951
vt 0.000000 0.000000
vt 0.000000 1.000000
vt 0.500000 1.000000
vt 0.500000 0.000000
vt 0.500000 0.000000
vt 0.500000 1.000000
vt 1.000000 1.000000
vt 1.000000 0.000000
vt 0.000000 0.000000
vt 0.000000 1.000000
vt 0.500000 1.000000
vt 0.500000 0.000000
vt 0.500000 0.000000
vt 0.500000 1.000000
vt 1.000000 1.000000
vt 1.000000 0.000000
vt 0.000000 0.000000
vt 0.000000 1.000000
vt 0.500000 1.000000
vt 0.500000 0.000000
vt 0.500000 0.000000
vt 0.500000 1.000000
vt 1.000000 1.000000
vt 1.000000 0.000000
vt 0.000000 0.000000
vt 0.000000 1.000000
vt 0.500000 1.000000
vt 0.500000 0.000000
vt 0.500000 0.000000
vt 0.500000 1.000000
vt 1.000000 1.000000
vt 1.000000 0.000000
vt 0.000000 0.000000
vt 0.000000 1.000000
vt 0.500000 1.000000
vt 0.500000 0.000000
vt 0.500000 0.000000
vt 0.500000 1.000000
vt 1.000000 1.000000
vt 1.000000 0.000000
vt 0.000000 0.000000
vt 0.000000 1.000000
vt 0.500000 1.000000
vt 0.500000 0.000000
vt 0.500000 0.000000
vt 0.500000 1.000000
vt 1.000000 1.000000
vt 1.000000 0.000000
vt 0.000000 0.000000
vt 0.000000 1.000000
vt 0.500000 1.000000
vt 0.500000 0.000000
vt 0.500000 0.000000
vt 0.500000 1.000000
vt 1.000000 1.000000
vt 1.000000 0.000000
usemtl M_ZZ_Stem
s 1
f 7/1 6/2 5/3 4/4 3/5 2/6 1/7
f 8/8 9/9 10/10 11/11 12/12 13/13 14/14
f 1/15 2/16 9/17 8/18
f 2/19 3/20 10/21 9/22
f 3/23 4/24 11/25 10/26
f 4/27 5/28 12/29 11/30
f 5/31 6/32 13/33 12/34
f 6/35 7/36 14/37 13/38
f 7/39 1/40 8/41 14/42
f 21/43 20/44 19/45 18/46 17/47 16/48 15/49
f 22/50 23/51 24/52 25/53 26/54 27/55 28/56
f 15/57 16/58 23/59 22/60
f 16/61 17/62 24/63 23/64
f 17/65 18/66 25/67 24/68
f 18/69 19/70 26/71 25/72
f 19/73 20/74 27/75 26/76
f 20/77 21/78 28/79 27/80
f 21/81 15/82 22/83 28/84
f 35/85 34/86 33/87 32/88 31/89 30/90 29/91
f 36/92 37/93 38/94 39/95 40/96 41/97 42/98
f 29/99 30/100 37/101 36/102
f 30/103 31/104 38/105 37/106
f 31/107 32/108 39/109 38/110
f 32/111 33/112 40/113 39/114
f 33/115 34/116 41/117 40/118
f 34/119 35/120 42/121 41/122
f 35/123 29/124 36/125 42/126
f 49/127 48/128 47/129 46/130 45/131 44/132 43/133
f 50/134 51/135 52/136 53/137 54/138 55/139 56/140
f 43/141 44/142 51/143 50/144
f 44/145 45/146 52/147 51/148
f 45/149 46/150 53/151 52/152
f 46/153 47/154 54/155 53/156
f 47/157 48/158 55/159 54/160
f 48/161 49/162 56/163 55/164
f 49/165 43/166 50/167 56/168
f 63/169 62/170 61/171 60/172 59/173 58/174 57/175
f 64/176 65/177 66/178 67/179 68/180 69/181 70/182
f 57/183 58/184 65/185 64/186
f 58/187 59/188 66/189 65/190
f 59/191 60/192 67/193 66/194
f 60/195 61/196 68/197 67/198
f 61/199 62/200 69/201 68/202
f 62/203 63/204 70/205 69/206
f 63/207 57/208 64/209 70/210
usemtl M_ZZ_Leaf
s 1
f 71/211 72/212 73/213 74/214
f 75/215 76/216 77/217 78/218
f 79/219 80/220 81/221 82/222
f 83/223 84/224 85/225 86/226
f 87/227 88/228 89/229 90/230
f 91/231 92/232 93/233 94/234
f 95/235 96/236 97/237 98/238
f 99/239 100/240 101/241 102/242
f 103/243 104/244 105/245 106/246
f 107/247 108/248 109/249 110/250
f 111/251 112/252 113/253 114/254
f 115/255 116/256 117/257 118/258
f 119/259 120/260 121/261 122/262
f 123/263 124/264 125/265 126/266
usemtl M_ZZ_Stem
s 1
f 133/267 132/268 131/269 130/270 129/271 128/272 127/273
f 134/274 135/275 136/276 137/277 138/278 139/279 140/280
f 127/281 128/282 135/283 134/284
f 128/285 129/286 136/287 135/288
f 129/289 130/290 137/291 136/292
f 130/293 131/294 138/295 137/296
f 131/297 132/298 139/299 138/300
f 132/301 133/302 140/303 139/304
f 133/305 127/306 134/307 140/308
f 147/309 146/310 145/311 144/312 143/313 142/314 141/315
f 148/316 149/317 150/318 151/319 152/320 153/321 154/322
f 141/323 142/324 149/325 148/326
f 142/327 143/328 150/329 149/330
f 143/331 144/332 151/333 150/334
f 144/335 145/336 152/337 151/338
f 145/339 146/340 153/341 152/342
f 146/343 147/344 154/345 153/346
f 147/347 141/348 148/349 154/350
f 161/351 160/352 159/353 158/354 157/355 156/356 155/357
f 162/358 163/359 164/360 165/361 166/362 167/363 168/364
f 155/365 156/366 163/367 162/368
f 156/369 157/370 164/371 163/372
f 157/373 158/374 165/375 164/376
f 158/377 159/378 166/379 165/380
f 159/381 160/382 167/383 166/384
f 160/385 161/386 168/387 167/388
f 161/389 155/390 162/391 168/392
f 175/393 174/394 173/395 172/396 171/397 170/398 169/399
f 176/400 177/401 178/402 179/403 180/404 181/405 182/406
f 169/407 170/408 177/409 176/410
f 170/411 171/412 178/413 177/414
f 171/415 172/416 179/417 178/418
f 172/419 173/420 180/421 179/422
f 173/423 174/424 181/425 180/426
f 174/427 175/428 182/429 181/430
f 175/431 169/432 176/433 182/434
f 189/435 188/436 187/437 186/438 185/439 184/440 183/441
f 190/442 191/443 192/444 193/445 194/446 195/447 196/448
f 183/449 184/450 191/451 190/452
f 184/453 185/454 192/455 191/456
f 185/457 186/458 193/459 192/460
f 186/461 187/462 194/463 193/464
f 187/465 188/466 195/467 194/468
f 188/469 189/470 196/471 195/472
f 189/473 183/474 190/475 196/476
usemtl M_ZZ_Leaf
s 1
f 197/477 198/478 199/479 200/480
f 201/481 202/482 203/483 204/484
f 205/485 206/486 207/487 208/488
f 209/489 210/490 211/491 212/492
f 213/493 214/494 215/495 216/496
f 217/497 218/498 219/499 220/500
f 221/501 222/502 223/503 224/504
f 225/505 226/506 227/507 228/508
f 229/509 230/510 231/511 232/512
f 233/513 234/514 235/515 236/516
f 237/517 238/518 239/519 240/520
f 241/521 242/522 243/523 244/524
usemtl M_ZZ_Stem
s 1
f 251/525 250/526 249/527 248/528 247/529 246/530 245/531
f 252/532 253/533 254/534 255/535 256/536 257/537 258/538
f 245/539 246/540 253/541 252/542
f 246/543 247/544 254/545 253/546
f 247/547 248/548 255/549 254/550
f 248/551 249/552 256/553 255/554
f 249/555 250/556 257/557 256/558
f 250/559 251/560 258/561 257/562
f 251/563 245/564 252/565 258/566
f 265/567 264/568 263/569 262/570 261/571 260/572 259/573
f 266/574 267/575 268/576 269/577 270/578 271/579 272/580
f 259/581 260/582 267/583 266/584
f 260/585 261/586 268/587 267/588
f 261/589 262/590 269/591 268/592
f 262/593 263/594 270/595 269/596
f 263/597 264/598 271/599 270/600
f 264/601 265/602 272/603 271/604
f 265/605 259/606 266/607 272/608
f 279/609 278/610 277/611 276/612 275/613 274/614 273/615
f 280/616 281/617 282/618 283/619 284/620 285/621 286/622
f 273/623 274/624 281/625 280/626
f 274/627 275/628 282/629 281/630
f 275/631 276/632 283/633 282/634
f 276/635 277/636 284/637 283/638
f 277/639 278/640 285/641 284/642
f 278/643 279/644 286/645 285/646
f 279/647 273/648 280/649 286/650
f 293/651 292/652 291/653 290/654 289/655 288/656 287/657
f 294/658 295/659 296/660 297/661 298/662 299/663 300/664
f 287/665 288/666 295/667 294/668
f 288/669 289/670 296/671 295/672
f 289/673 290/674 297/675 296/676
f 290/677 291/678 298/679 297/680
f 291/681 292/682 299/683 298/684
f 292/685 293/686 300/687 299/688
f 293/689 287/690 294/691 300/692
f 307/693 306/694 305/695 304/696 303/697 302/698 301/699
f 308/700 309/701 310/702 311/703 312/704 313/705 314/706
f 301/707 302/708 309/709 308/710
f 302/711 303/712 310/713 309/714
f 303/715 304/716 311/717 310/718
f 304/719 305/720 312/721 311/722
f 305/723 306/724 313/725 312/726
f 306/727 307/728 314/729 313/730
f 307/731 301/732 308/733 314/734
usemtl M_ZZ_Leaf
s 1
f 315/735 316/736 317/737 318/738
f 319/739 320/740 321/741 322/742
f 323/743 324/744 325/745 326/746
f 327/747 328/748 329/749 330/750
f 331/751 332/752 333/753 334/754
f 335/755 336/756 337/757 338/758
f 339/759 340/760 341/761 342/762
f 343/763 344/764 345/765 346/766
f 347/767 348/768 349/769 350/770
f 351/771 352/772 353/773 354/774
f 355/775 356/776 357/777 358/778
f 359/779 360/780 361/781 362/782
f 363/783 364/784 365/785 366/786
f 367/787 368/788 369/789 370/790
f 371/791 372/792 373/793 374/794
f 375/795 376/796 377/797 378/798
usemtl M_ZZ_Stem
s 1
f 385/799 384/800 383/801 382/802 381/803 380/804 379/805
f 386/806 387/807 388/808 389/809 390/810 391/811 392/812
f 379/813 380/814 387/815 386/816
f 380/817 381/818 388/819 387/820
f 381/821 382/822 389/823 388/824
f 382/825 383/826 390/827 389/828
f 383/829 384/830 391/831 390/832
f 384/833 385/834 392/835 391/836
f 385/837 379/838 386/839 392/840
f 399/841 398/842 397/843 396/844 395/845 394/846 393/847
f 400/848 401/849 402/850 403/851 404/852 405/853 406/854
f 393/855 394/856 401/857 400/858
f 394/859 395/860 402/861 401/862
f 395/863 396/864 403/865 402/866
f 396/867 397/868 404/869 403/870
f 397/871 398/872 405/873 404/874
f 398/875 399/876 406/877 405/878
f 399/879 393/880 400/881 406/882
f 413/883 412/884 411/885 410/886 409/887 408/888 407/889
f 414/890 415/891 416/892 417/893 418/894 419/895 420/896
f 407/897 408/898 415/899 414/900
f 408/901 409/902 416/903 415/904
f 409/905 410/906 417/907 416/908
f 410/909 411/910 418/911 417/912
f 411/913 412/914 419/915 418/916
f 412/917 413/918 420/919 419/920
f 413/921 407/922 414/923 420/924
f 427/925 426/926 425/927 424/928 423/929 422/930 421/931
f 428/932 429/933 430/934 431/935 432/936 433/937 434/938
f 421/939 422/940 429/941 428/942
f 422/943 423/944 430/945 429/946
f 423/947 424/948 431/949 430/950
f 424/951 425/952 432/953 431/954
f 425/955 426/956 433/957 432/958
f 426/959 427/960 434/961 433/962
f 427/963 421/964 428/965 434/966
f 441/967 440/968 439/969 438/970 437/971 436/972 435/973
f 442/974 443/975 444/976 445/977 446/978 447/979 448/980
f 435/981 436/982 443/983 442/984
f 436/985 437/986 444/987 443/988
f 437/989 438/990 445/991 444/992
f 438/993 439/994 446/995 445/996
f 439/997 440/998 447/999 446/1000
f 440/1001 441/1002 448/1003 447/1004
f 441/1005 435/1006 442/1007 448/1008
usemtl M_ZZ_Leaf
s 1
f 449/1009 450/1010 451/1011 452/1012
f 453/1013 454/1014 455/1015 456/1016
f 457/1017 458/1018 459/1019 460/1020
f 461/1021 462/1022 463/1023 464/1024
f 465/1025 466/1026 467/1027 468/1028
f 469/1029 470/1030 471/1031 472/1032
f 473/1033 474/1034 475/1035 476/1036
f 477/1037 478/1038 479/1039 480/1040
f 481/1041 482/1042 483/1043 484/1044
f 485/1045 486/1046 487/1047 488/1048
f 489/1049 490/1050 491/1051 492/1052
f 493/1053 494/1054 495/1055 496/1056
f 497/1057 498/1058 499/1059 500/1060
f 501/1061 502/1062 503/1063 504/1064
f 505/1065 506/1066 507/1067 508/1068
f 509/1069 510/1070 511/1071 512/1072
usemtl M_ZZ_Stem
s 1
f 519/1073 518/1074 517/1075 516/1076 515/1077 514/1078 513/1079
f 520/1080 521/1081 522/1082 523/1083 524/1084 525/1085 526/1086
f 513/1087 514/1088 521/1089 520/1090
f 514/1091 515/1092 522/1093 521/1094
f 515/1095 516/1096 523/1097 522/1098
f 516/1099 517/1100 524/1101 523/1102
f 517/1103 518/1104 525/1105 524/1106
f 518/1107 519/1108 526/1109 525/1110
f 519/1111 513/1112 520/1113 526/1114
f 533/1115 532/1116 531/1117 530/1118 529/1119 528/1120 527/1121
f 534/1122 535/1123 536/1124 537/1125 538/1126 539/1127 540/1128
f 527/1129 528/1130 535/1131 534/1132
f 528/1133 529/1134 536/1135 535/1136
f 529/1137 530/1138 537/1139 536/1140
f 530/1141 531/1142 538/1143 537/1144
f 531/1145 532/1146 539/1147 538/1148
f 532/1149 533/1150 540/1151 539/1152
f 533/1153 527/1154 534/1155 540/1156
f 547/1157 546/1158 545/1159 544/1160 543/1161 542/1162 541/1163
f 548/1164 549/1165 550/1166 551/1167 552/1168 553/1169 554/1170
f 541/1171 542/1172 549/1173 548/1174
f 542/1175 543/1176 550/1177 549/1178
f 543/1179 544/1180 551/1181 550/1182
f 544/1183 545/1184 552/1185 551/1186
f 545/1187 546/1188 553/1189 552/1190
f 546/1191 547/1192 554/1193 553/1194
f 547/1195 541/1196 548/1197 554/1198
f 561/1199 560/1200 559/1201 558/1202 557/1203 556/1204 555/1205
f 562/1206 563/1207 564/1208 565/1209 566/1210 567/1211 568/1212
f 555/1213 556/1214 563/1215 562/1216
f 556/1217 557/1218 564/1219 563/1220
f 557/1221 558/1222 565/1223 564/1224
f 558/1225 559/1226 566/1227 565/1228
f 559/1229 560/1230 567/1231 566/1232
f 560/1233 561/1234 568/1235 567/1236
f 561/1237 555/1238 562/1239 568/1240
f 575/1241 574/1242 573/1243 572/1244 571/1245 570/1246 569/1247
f 576/1248 577/1249 578/1250 579/1251 580/1252 581/1253 582/1254
f 569/1255 570/1256 577/1257 576/1258
f 570/1259 571/1260 578/1261 577/1262
f 571/1263 572/1264 579/1265 578/1266
f 572/1267 573/1268 580/1269 579/1270
f 573/1271 574/1272 581/1273 580/1274
f 574/1275 575/1276 582/1277 581/1278
f 575/1279 569/1280 576/1281 582/1282
usemtl M_ZZ_Leaf
s 1
f 583/1283 584/1284 585/1285 586/1286
f 587/1287 588/1288 589/1289 590/1290
f 591/1291 592/1292 593/1293 594/1294
f 595/1295 596/1296 597/1297 598/1298
f 599/1299 600/1300 601/1301 602/1302
f 603/1303 604/1304 605/1305 606/1306
f 607/1307 608/1308 609/1309 610/1310
f 611/1311 612/1312 613/1313 614/1314
f 615/1315 616/1316 617/1317 618/1318
f 619/1319 620/1320 621/1321 622/1322
usemtl M_ZZ_Stem
s 1
f 629/1323 628/1324 627/1325 626/1326 625/1327 624/1328 623/1329
f 630/1330 631/1331 632/1332 633/1333 634/1334 635/1335 636/1336
f 623/1337 624/1338 631/1339 630/1340
f 624/1341 625/1342 632/1343 631/1344
f 625/1345 626/1346 633/1347 632/1348
f 626/1349 627/1350 634/1351 633/1352
f 627/1353 628/1354 635/1355 634/1356
f 628/1357 629/1358 636/1359 635/1360
f 629/1361 623/1362 630/1363 636/1364
f 643/1365 642/1366 641/1367 640/1368 639/1369 638/1370 637/1371
f 644/1372 645/1373 646/1374 647/1375 648/1376 649/1377 650/1378
f 637/1379 638/1380 645/1381 644/1382
f 638/1383 639/1384 646/1385 645/1386
f 639/1387 640/1388 647/1389 646/1390
f 640/1391 641/1392 648/1393 647/1394
f 641/1395 642/1396 649/1397 648/1398
f 642/1399 643/1400 650/1401 649/1402
f 643/1403 637/1404 644/1405 650/1406
f 657/1407 656/1408 655/1409 654/1410 653/1411 652/1412 651/1413
f 658/1414 659/1415 660/1416 661/1417 662/1418 663/1419 664/1420
f 651/1421 652/1422 659/1423 658/1424
f 652/1425 653/1426 660/1427 659/1428
f 653/1429 654/1430 661/1431 660/1432
f 654/1433 655/1434 662/1435 661/1436
f 655/1437 656/1438 663/1439 662/1440
f 656/1441 657/1442 664/1443 663/1444
f 657/1445 651/1446 658/1447 664/1448
f 671/1449 670/1450 669/1451 668/1452 667/1453 666/1454 665/1455
f 672/1456 673/1457 674/1458 675/1459 676/1460 677/1461 678/1462
f 665/1463 666/1464 673/1465 672/1466
f 666/1467 667/1468 674/1469 673/1470
f 667/1471 668/1472 675/1473 674/1474
f 668/1475 669/1476 676/1477 675/1478
f 669/1479 670/1480 677/1481 676/1482
f 670/1483 671/1484 678/1485 677/1486
f 671/1487 665/1488 672/1489 678/1490
f 685/1491 684/1492 683/1493 682/1494 681/1495 680/1496 679/1497
f 686/1498 687/1499 688/1500 689/1501 690/1502 691/1503 692/1504
f 679/1505 680/1506 687/1507 686/1508
f 680/1509 681/1510 688/1511 687/1512
f 681/1513 682/1514 689/1515 688/1516
f 682/1517 683/1518 690/1519 689/1520
f 683/1521 684/1522 691/1523 690/1524
f 684/1525 685/1526 692/1527 691/1528
f 685/1529 679/1530 686/1531 692/1532
usemtl M_ZZ_Leaf
s 1
f 693/1533 694/1534 695/1535 696/1536
f 697/1537 698/1538 699/1539 700/1540
f 701/1541 702/1542 703/1543 704/1544
f 705/1545 706/1546 707/1547 708/1548
f 709/1549 710/1550 711/1551 712/1552
f 713/1553 714/1554 715/1555 716/1556
f 717/1557 718/1558 719/1559 720/1560
f 721/1561 722/1562 723/1563 724/1564
f 725/1565 726/1566 727/1567 728/1568
f 729/1569 730/1570 731/1571 732/1572
f 733/1573 734/1574 735/1575 736/1576
f 737/1577 738/1578 739/1579 740/1580
usemtl M_ZZ_Stem
s 1
f 747/1581 746/1582 745/1583 744/1584 743/1585 742/1586 741/1587
f 748/1588 749/1589 750/1590 751/1591 752/1592 753/1593 754/1594
f 741/1595 742/1596 749/1597 748/1598
f 742/1599 743/1600 750/1601 749/1602
f 743/1603 744/1604 751/1605 750/1606
f 744/1607 745/1608 752/1609 751/1610
f 745/1611 746/1612 753/1613 752/1614
f 746/1615 747/1616 754/1617 753/1618
f 747/1619 741/1620 748/1621 754/1622
f 761/1623 760/1624 759/1625 758/1626 757/1627 756/1628 755/1629
f 762/1630 763/1631 764/1632 765/1633 766/1634 767/1635 768/1636
f 755/1637 756/1638 763/1639 762/1640
f 756/1641 757/1642 764/1643 763/1644
f 757/1645 758/1646 765/1647 764/1648
f 758/1649 759/1650 766/1651 765/1652
f 759/1653 760/1654 767/1655 766/1656
f 760/1657 761/1658 768/1659 767/1660
f 761/1661 755/1662 762/1663 768/1664
f 775/1665 774/1666 773/1667 772/1668 771/1669 770/1670 769/1671
f 776/1672 777/1673 778/1674 779/1675 780/1676 781/1677 782/1678
f 769/1679 770/1680 777/1681 776/1682
f 770/1683 771/1684 778/1685 777/1686
f 771/1687 772/1688 779/1689 778/1690
f 772/1691 773/1692 780/1693 779/1694
f 773/1695 774/1696 781/1697 780/1698
f 774/1699 775/1700 782/1701 781/1702
f 775/1703 769/1704 776/1705 782/1706
f 789/1707 788/1708 787/1709 786/1710 785/1711 784/1712 783/1713
f 790/1714 791/1715 792/1716 793/1717 794/1718 795/1719 796/1720
f 783/1721 784/1722 791/1723 790/1724
f 784/1725 785/1726 792/1727 791/1728
f 785/1729 786/1730 793/1731 792/1732
f 786/1733 787/1734 794/1735 793/1736
f 787/1737 788/1738 795/1739 794/1740
f 788/1741 789/1742 796/1743 795/1744
f 789/1745 783/1746 790/1747 796/1748
f 803/1749 802/1750 801/1751 800/1752 799/1753 798/1754 797/1755
f 804/1756 805/1757 806/1758 807/1759 808/1760 809/1761 810/1762
f 797/1763 798/1764 805/1765 804/1766
f 798/1767 799/1768 806/1769 805/1770
f 799/1771 800/1772 807/1773 806/1774
f 800/1775 801/1776 808/1777 807/1778
f 801/1779 802/1780 809/1781 808/1782
f 802/1783 803/1784 810/1785 809/1786
f 803/1787 797/1788 804/1789 810/1790
usemtl M_ZZ_Leaf
s 1
f 811/1791 812/1792 813/1793 814/1794
f 815/1795 816/1796 817/1797 818/1798
f 819/1799 820/1800 821/1801 822/1802
f 823/1803 824/1804 825/1805 826/1806
f 827/1807 828/1808 829/1809 830/1810
f 831/1811 832/1812 833/1813 834/1814
f 835/1815 836/1816 837/1817 838/1818
f 839/1819 840/1820 841/1821 842/1822
f 843/1823 844/1824 845/1825 846/1826
f 847/1827 848/1828 849/1829 850/1830
f 851/1831 852/1832 853/1833 854/1834
f 855/1835 856/1836 857/1837 858/1838
f 859/1839 860/1840 861/1841 862/1842
f 863/1843 864/1844 865/1845 866/1846
