# Generated by scripts/generate_terrace_planter_botanical_kit.py
mtllib VD_TerraceBotanical.mtl
o VD_ZZPlant_C
v -4.026544 3.539220 0.516127
v -5.244156 3.016608 0.893283
v -5.748507 1.745799 1.062465
v -5.244156 0.471215 0.924567
v -4.026544 -0.060508 0.560370
v -2.808933 0.462104 0.183214
v -2.304582 1.732913 0.014032
v -2.808933 3.007496 0.151930
v 9.166656 3.521819 43.853811
v 8.321092 3.158894 44.115725
v 7.970848 2.276388 44.233212
v 8.321092 1.391261 44.137450
v 9.166656 1.022008 43.884535
v 10.012219 1.384933 43.622621
v 10.362463 2.267439 43.505134
v 10.012219 3.152567 43.600896
v 9.436282 1.051339 43.869173
v 10.109881 1.575081 43.436448
v 10.230951 2.507018 43.257208
v 9.728572 3.301234 43.436448
v 8.897030 3.492488 43.869173
v 8.223431 2.968746 44.301898
v 8.102361 2.036810 44.481139
v 8.604740 1.242594 44.301898
v 26.509406 5.437276 75.246740
v 26.859677 5.709621 75.021723
v 26.922634 6.194229 74.928517
v 26.661396 6.607221 75.021723
v 26.228994 6.706673 75.246740
v 25.878723 6.434328 75.471757
v 25.815767 5.949720 75.564962
v 26.077004 5.536728 75.471757
v 4.421910 0.804306 29.524285
v 4.609882 1.046044 28.765279
v 4.766866 0.783125 29.524285
v 0.959292 4.428582 30.658478
v 4.818580 4.444892 29.899472
v 8.646882 3.956544 30.658478
v 0.153409 9.026949 32.170735
v 5.096845 8.976689 31.411729
v 10.009293 8.421771 32.170735
v 1.341892 13.881930 33.809014
v 5.398298 13.886135 33.050008
v 9.423717 13.385684 33.809014
v 3.544955 17.537392 35.069228
v 5.630185 17.662633 34.310222
v 7.684427 17.283217 35.069228
v 5.581346 19.686794 35.825357
v 5.769317 19.928532 35.066351
v 5.926301 19.665613 35.825357
v 4.741332 1.212594 29.550678
v 4.622204 0.940187 28.791672
v 4.431514 1.168298 29.550678
v 8.516608 -1.658691 30.675370
v 5.100136 -2.402541 29.916364
v 1.612101 -2.645874 30.675370
v 10.127563 -5.976444 32.174958
v 5.737378 -6.859512 31.415952
v 1.275631 -7.242063 32.174958
v 10.021235 -10.918736 33.799512
v 6.427724 -11.687898 33.040506
v 2.762651 -11.956543 33.799512
v 8.781884 -14.886002 35.049169
v 6.958759 -15.402041 34.290163
v 5.064072 -15.417562 35.049169
v 7.396508 -17.358119 35.798964
v 7.277380 -17.630526 35.039957
v 7.086690 -17.402416 35.798964
v 7.334485 2.752923 39.318430
v 7.518148 2.994926 38.559424
v 7.670825 2.732271 39.318430
v 3.958126 6.283063 40.423088
v 7.721412 6.305267 39.664082
v 11.453711 5.822814 40.423088
v 3.172075 10.761757 41.895966
v 7.992430 10.719054 41.136959
v 12.781799 10.171695 41.895966
v 4.330553 15.490255 43.491583
v 8.286034 15.500658 42.732577
v 12.210527 15.006404 43.491583
v 6.478347 19.050399 44.718981
v 8.511882 19.178814 43.959975
v 10.514431 18.802573 44.718981
v 8.463728 21.143706 45.455420
v 8.647391 21.385708 44.696414
v 8.800068 21.123053 45.455420
v 7.653212 1.438309 39.175039
v 7.548167 1.167915 38.416033
v 7.371561 1.398039 39.175039
v 11.142145 -1.569719 40.331318
v 8.039522 -2.268695 39.572312
v 4.865337 -2.467155 40.331318
v 12.682475 -6.025304 41.873023
v 8.694662 -6.850843 41.114017
v 4.635286 -7.175864 41.873023
v 12.667963 -11.092848 43.543204
v 9.404396 -11.814836 42.784197
v 6.069267 -12.036306 43.543204
v 11.604474 -15.141416 44.827958
v 9.950346 -15.633292 44.068952
v 8.224655 -15.624651 44.827958
v 10.382960 -17.653972 45.598810
v 10.277915 -17.924365 44.839804
v 10.101308 -17.694242 45.598810
v 11.581282 3.335898 49.562901
v 11.712644 3.572874 48.796810
v 11.865986 3.349490 49.562901
v 8.406071 6.231478 50.478458
v 11.567492 6.613121 49.712366
v 14.750893 6.534402 50.478458
v 7.317752 10.242420 51.699200
v 11.373956 10.666782 50.933108
v 15.452140 10.630784 51.699200
v 7.840182 14.668839 53.021671
v 11.164292 15.058249 52.255579
v 14.510380 14.987298 53.021671
v 9.305780 18.124564 54.038956
v 11.003012 18.436301 53.272864
v 12.722223 18.287677 54.038956
v 10.774881 20.226155 54.649327
v 10.906244 20.463131 53.883235
v 11.059585 20.239747 54.649327
v 11.932428 2.282940 49.237157
v 11.870812 2.008963 48.471065
v 11.635205 2.161767 49.237157
v 16.391954 0.393077 50.269981
v 13.167035 -1.170524 49.503890
v 9.768125 -2.307344 50.269981
v 19.054380 -3.465409 51.647081
v 14.895331 -5.409839 50.880989
v 10.562291 -6.927488 51.647081
v 20.162413 -8.369588 53.138939
v 16.767652 -10.002431 52.372847
v 13.198900 -11.208493 53.138939
v 19.904242 -12.594767 54.286521
v 18.207899 -13.535194 53.520430
v 16.337565 -14.048840 54.286521
v 19.133663 -15.380875 54.975071
v 19.072047 -15.654852 54.208980
v 18.836440 -15.502048 54.975071
v 16.980953 2.517339 58.646597
v 17.116511 2.754516 57.880505
v 17.274049 2.531332 58.646597
v 13.680553 6.159876 59.788380
v 16.935493 6.545984 59.022289
v 20.212413 6.471730 59.788380
v 12.518036 11.171187 61.310758
v 16.694136 11.601274 60.544667
v 20.892215 11.571000 61.310758
v 13.010241 16.683734 62.960001
v 16.432665 17.077838 62.193910
v 19.877068 17.011581 62.960001
v 14.483946 20.976439 64.228650
v 16.231534 21.290580 63.462558
v 18.001101 21.144360 64.228650
v 15.975297 23.581048 64.989839
v 16.110855 23.818225 64.223747
v 16.268393 23.595041 64.989839
v 16.783055 4.331723 58.520309
v 16.753155 4.070676 57.754218
v 16.549264 4.236411 58.520309
v 20.761286 1.691255 59.707556
v 18.243182 0.415810 58.941465
v 15.551087 -0.432854 59.707556
v 23.482760 -2.882347 61.290552
v 20.229884 -4.457346 60.524461
v 16.803017 -5.605564 61.290552
v 25.033843 -8.406689 63.005465
v 22.382145 -9.736598 62.239373
v 19.556455 -10.639726 63.005465
v 25.353480 -13.012295 64.324628
v 24.037730 -13.797561 63.558537
v 22.547988 -14.156046 64.324628
v 25.060981 -15.973092 65.116126
v 25.031081 -16.234139 64.350035
v 24.827190 -16.068405 65.116126
v 24.006374 5.707191 72.631386
v 24.720626 5.707803 72.239728
v 24.072580 5.407481 72.631386
v 25.099917 9.294180 75.911256
v 26.518793 6.105020 75.519598
v 26.575371 2.614927 75.911256
v 27.289396 10.765748 80.284416
v 28.916349 6.634642 79.892758
v 29.181004 2.202603 80.284416
v 30.056993 10.568823 85.022006
v 31.513701 7.208400 84.630348
v 31.608112 3.547045 85.022006
v 32.433278 9.297547 88.666306
v 33.511665 7.649753 88.274648
v 33.227754 5.701026 88.666306
v 33.996191 7.913953 90.852886
v 34.710443 7.914564 90.461228
v 34.062397 7.614243 90.852886
v 2.736608 0.029447 0.305694
v 1.472668 -0.473981 0.522406
v 0.949127 -1.728087 0.748397
v 1.472668 -2.998231 0.851287
v 2.736608 -3.540381 0.770803
v 4.000548 -3.036952 0.554092
v 4.524089 -1.782847 0.328100
v 4.000548 -0.512702 0.225210
v 7.874205 5.082549 43.346663
v 6.996469 4.732946 43.497157
v 6.632899 3.862039 43.654096
v 6.996469 2.979995 43.725547
v 7.874205 2.603502 43.669655
v 8.751941 2.953105 43.519161
v 9.115511 3.824012 43.362222
v 8.751941 4.706056 43.290771
v 8.359806 2.691204 43.508159
v 8.938275 3.332407 43.096425
v 8.893426 4.272723 42.925880
v 8.251532 4.961328 43.096425
v 7.388605 4.994847 43.508159
v 6.810136 4.353644 43.919893
v 6.854984 3.413328 44.090438
v 7.496879 2.724723 43.919893
v 23.220526 9.607533 74.624301
v 23.521330 9.940958 74.410200
v 23.498009 10.429922 74.321516
v 23.164224 10.787997 74.410200
v 22.715502 10.805427 74.624301
v 22.414698 10.472001 74.838403
v 22.438019 9.983037 74.927086
v 22.771804 9.624962 74.838403
v 4.413562 3.233586 29.531315
v 4.353777 3.537512 28.774827
v 4.655359 3.466846 29.531315
v -0.251997 2.919742 30.567958
v 2.261631 5.706226 29.811470
v 5.136626 8.118118 30.567958
v -3.801460 5.078256 31.950148
v -0.527898 8.597844 31.193661
v 3.107031 11.742841 31.950148
v -6.201685 8.810656 33.447521
v -3.549887 11.730431 32.691033
v -0.536722 14.275615 33.447521
v -7.144594 12.553255 34.599346
v -5.874495 14.140113 33.842859
v -4.243028 15.352380 34.599346
v -7.209474 15.281996 35.290441
v -7.269259 15.585923 34.533954
v -6.967677 15.515257 35.290441
v 6.775382 1.477914 29.364583
v 6.873226 1.185460 28.608095
v 6.566886 1.220939 29.364583
v 11.469909 2.204340 30.461249
v 9.348752 -0.823060 29.704762
v 6.823412 -3.522527 30.461249
v 15.425887 0.333949 31.923471
v 12.649454 -3.501087 31.166983
v 9.468838 -7.008189 31.923471
v 18.465513 -3.228040 33.507545
v 16.225214 -6.402283 32.751057
v 13.580733 -9.248592 33.507545
v 20.024688 -6.928156 34.726063
v 18.975799 -8.633972 33.969575
v 17.522728 -10.011854 34.726063
v 20.528307 -9.680531 35.457174
v 20.626150 -9.972986 34.700686
v 20.319810 -9.937506 35.457174
v 7.436543 2.619926 38.532501
v 7.376708 2.923803 37.776014
v 7.678240 2.853089 38.532501
v 2.314333 2.781599 39.795944
v 4.826835 5.566996 39.039457
v 7.700703 7.977801 39.795944
v -1.845114 5.573058 41.480535
v 1.427003 9.091253 40.724047
v 5.060488 12.234855 41.480535
v -4.906761 9.990564 43.305508
v -2.256147 12.909197 42.549020
v 0.755833 15.453238 43.305508
v -6.358833 14.259804 44.709334
v -5.089340 15.846078 43.952846
v -3.458480 17.057759 44.709334
v -6.729420 17.304329 45.551629
v -6.789255 17.608206 44.795141
v -6.487724 17.537492 45.551629
v 6.545530 3.947332 38.973188
v 6.665538 3.682195 38.216700
v 6.381362 3.744993 38.973188
v 10.786628 4.077393 40.077984
v 9.159415 1.658786 39.321496
v 7.128020 -0.431887 40.077984
v 14.627755 2.015439 41.551045
v 12.484585 -1.039093 40.794557
v 9.937232 -3.765690 41.551045
v 17.807875 -1.427565 43.146861
v 16.086852 -3.961795 42.390373
v 13.961646 -6.168091 43.146861
v 19.640745 -4.832023 44.374412
v 18.857827 -6.210027 43.617924
v 17.670726 -7.260097 44.374412
v 20.400404 -7.293830 45.110942
v 20.520412 -7.558967 44.354455
v 20.236236 -7.496169 45.110942
v 9.416542 5.717336 48.726897
v 9.516734 5.982177 47.961841
v 9.726904 5.792421 48.726897
v 5.295081 8.300760 49.790670
v 8.698408 9.364716 49.025613
v 12.211714 9.974076 49.790670
v 3.228557 12.574832 51.209033
v 7.607307 13.874769 50.443976
v 12.096035 14.720109 51.209033
v 2.844604 17.653797 52.745593
v 6.425281 18.760660 51.980537
v 10.115936 19.412925 52.745593
v 3.708849 21.841230 53.927563
v 5.516030 22.519037 53.162506
v 7.433190 22.742247 53.927563
v 4.870288 24.509223 54.636744
v 4.970479 24.774064 53.871688
v 5.180650 24.584307 54.636744
v 9.382600 6.091690 48.383031
v 9.388865 5.819504 47.617974
v 9.146451 5.943440 48.383031
v 13.961583 4.379059 49.570595
v 11.454547 2.529065 48.805539
v 8.698832 1.075193 49.570595
v 17.458008 0.457737 51.154014
v 14.208789 -1.858187 50.388958
v 10.710892 -3.777988 51.154014
v 19.834530 -4.676334 52.869385
v 17.192552 -6.611043 52.104329
v 14.301895 -8.149629 52.869385
v 20.780308 -9.179522 54.188901
v 19.487753 -10.267085 53.423845
v 17.946520 -10.958527 54.188901
v 20.858610 -12.188525 54.980611
v 20.864875 -12.460711 54.215554
v 20.622461 -12.336775 54.980611
v 14.183986 7.608506 58.407641
v 14.253182 7.865848 57.642584
v 14.432358 7.668594 58.407641
v 10.735999 10.294813 59.453573
v 13.448580 11.191660 58.688516
v 16.271141 11.633910 59.453573
v 8.882600 14.540381 60.848149
v 12.375778 15.626076 60.083092
v 15.978936 16.257173 60.848149
v 8.359067 19.498843 62.358940
v 11.213575 20.430026 61.593883
v 14.178063 20.906612 62.358940
v 8.884332 23.537547 63.521087
v 10.319573 24.125372 62.756030
v 11.864794 24.258600 63.521087
v 9.713976 26.085238 64.218375
v 9.783172 26.342580 63.453318
v 9.962348 26.145325 64.218375
v 14.885328 7.026543 58.692194
v 14.885862 6.750759 57.927138
v 14.637717 6.871097 58.692194
v 19.161761 6.066758 59.635687
v 16.526999 4.136580 58.870630
v 13.643558 2.602524 59.635687
v 22.128152 3.069733 60.893677
v 18.715182 0.651009 60.128621
v 15.053533 -1.371593 60.893677
v 23.861968 -1.106022 62.256500
v 21.085713 -3.125027 61.491444
v 18.060780 -4.747910 62.256500
v 24.270529 -4.898931 63.304826
v 22.909199 -6.029670 62.539769
v 21.299189 -6.764288 63.304826
v 24.002757 -7.496672 63.933821
v 24.003290 -7.772456 63.168765
v 23.755145 -7.652118 63.933821
v 20.806589 9.465833 72.011769
v 21.519959 9.595989 71.639110
v 20.928725 9.176132 72.011769
v 21.109683 13.224893 75.316329
v 23.122934 10.271793 74.943671
v 23.831582 6.768680 75.316329
v 22.863126 15.036457 79.722410
v 25.260234 11.172865 79.349751
v 26.352739 6.759261 79.722410
v 25.492600 15.267671 84.495664
v 27.575643 12.149027 84.123006
v 28.354083 8.480370 84.495664
v 27.971606 14.363125 88.167398
v 29.356726 12.899920 87.794739
v 29.437244 10.886703 88.167398
v 29.712007 13.220301 90.370439
v 30.425377 13.350456 89.997780
v 29.834143 12.930599 90.370439
v -5.792907 6.411963 0.412801
v -7.024674 5.908378 0.769313
v -7.534888 4.647934 0.990471
v -7.024674 3.368983 0.946723
v -5.792907 2.820717 0.663696
v -4.561141 3.324303 0.307184
v -4.050927 4.584747 0.086026
v -4.561141 5.863698 0.129774
v 5.061024 8.770076 42.057873
v 4.205631 8.420363 42.305451
v 3.851315 7.545055 42.459033
v 4.205631 6.656895 42.428652
v 5.061024 6.276155 42.232106
v 5.916417 6.625867 41.984528
v 6.270733 7.501175 41.830946
v 5.916417 8.389335 41.861326
v 6.013781 6.713946 42.144989
v 6.238482 7.544096 41.725880
v 5.773444 8.361955 41.552279
v 4.891080 8.688433 41.725880
v 4.108267 8.332284 42.144989
v 3.883566 7.502135 42.564099
v 4.348604 6.684275 42.737700
v 5.230968 6.357797 42.564099
v 16.060339 19.470158 72.274008
v 16.177184 19.901836 72.056071
v 15.935364 20.327123 71.965799
v 15.476535 20.496891 72.056071
v 15.069472 20.311694 72.274008
v 14.952627 19.880016 72.491945
v 15.194447 19.454729 72.582218
v 15.653276 19.284961 72.491945
v 0.627599 8.526580 28.612851
v 0.723245 8.801966 27.854627
v 0.905557 8.574485 28.612851
v -2.841732 10.982119 29.625402
v 0.212180 11.767343 28.867178
v 3.352758 12.049702 29.625402
v -4.396733 14.785399 30.975469
v -0.469240 15.721180 30.217245
v 3.544920 16.154095 30.975469
v -4.420190 19.191905 32.438042
v -1.207445 20.004504 31.679818
v 2.091966 20.314236 32.438042
v -3.399709 22.760508 33.563099
v -1.775295 23.299368 32.804875
v -0.064214 23.335361 33.563099
v -2.211651 25.000901 34.238132
v -2.116005 25.276286 33.479908
v -1.933693 25.048805 34.238132
v 0.999785 7.611776 27.967156
v 0.940153 7.317955 27.208932
v 0.704267 7.503009 27.967156
v 5.422901 5.297194 29.212157
v 2.218108 3.845778 28.453933
v -1.162938 2.873237 29.212157
v 8.055613 1.009464 30.872158
v 3.922048 -0.783792 30.113934
v -0.387769 -2.098173 30.872158
v 9.141644 -4.285591 32.670493
v 5.767983 -5.799159 31.912269
v 2.218070 -6.833853 32.670493
v 8.872918 -8.765093 34.053827
v 7.187934 -9.657134 33.295603
v 5.326697 -10.070300 34.053827
v 8.099537 -11.678098 34.883828
v 8.039904 -11.971919 34.125604
v 7.804019 -11.786865 34.883828
v 3.682640 6.055347 37.149194
v 3.771942 6.329639 36.390970
v 3.947909 6.101064 37.149194
v 0.204938 9.366328 38.445895
v 3.117457 10.127184 37.687671
v 6.116643 10.385174 38.445895
v -1.501409 14.286038 40.174829
v 2.244812 15.190578 39.416605
v 6.077700 15.592252 40.174829
v -1.764655 19.888941 42.047841
v 1.299446 20.675922 41.289617
v 4.450214 20.960036 42.047841
v -0.976038 24.369679 43.488620
v 0.572242 24.895417 42.730396
v 2.207188 24.918288 43.488620
v 0.046618 27.152822 44.353087
v 0.135919 27.427114 43.594863
v 0.311886 27.198539 44.353087
v 3.622445 7.809911 37.494882
v 3.551920 7.512082 36.736658
v 3.305143 7.693126 37.494882
v 8.202730 5.783546 38.667135
v 4.755202 4.242791 37.908911
v 1.131422 3.180910 38.667135
v 10.804341 1.791530 40.230139
v 6.359578 -0.116264 39.471915
v 1.738562 -1.545184 40.230139
v 11.726495 -3.231084 41.923394
v 8.097652 -4.838574 41.165170
v 4.292556 -5.967189 41.923394
v 11.250319 -7.530972 43.225897
v 9.434631 -8.471119 42.467673
v 7.442692 -8.932392 43.225897
v 10.307344 -10.352817 44.007399
v 10.236819 -10.650647 43.249175
v 9.990042 -10.469602 44.007399
v 6.706047 8.990752 47.282100
v 6.658524 9.255341 46.516686
v 6.911597 9.164677 47.282100
v 2.375137 9.672677 48.290777
v 4.515244 11.788325 47.525362
v 6.955948 13.548720 48.290777
v -1.128581 12.503368 49.635679
v 1.657538 15.165638 48.870265
v 4.744253 17.472655 49.635679
v -3.695874 16.609359 51.092656
v -1.438310 18.824393 50.327242
v 1.119850 20.684174 51.092656
v -4.902729 20.417644 52.213408
v -3.819732 21.638820 51.447994
v -2.436139 22.504744 52.213408
v -5.201062 23.062888 52.885859
v -5.248585 23.327477 52.120445
v -4.995513 23.236813 52.885859
v 6.284225 9.616834 47.174959
v 6.416638 9.385068 46.409545
v 6.149815 9.392412 47.174959
v 10.670171 10.235259 48.222207
v 9.372078 7.615005 47.456792
v 7.674749 5.233860 48.222207
v 15.033190 8.580499 49.618536
v 13.312665 5.254920 48.853122
v 11.192904 2.168450 49.618536
v 18.956534 5.446656 51.131227
v 17.581635 2.698161 50.365813
v 15.807499 0.188776 51.131227
v 21.472299 2.197509 52.294835
v 20.865457 0.731424 51.529421
v 19.859379 -0.495552 52.294835
v 22.703338 -0.216853 52.993000
v 22.835751 -0.448618 52.227586
v 22.568928 -0.441275 52.993000
v 9.604735 12.755249 56.085600
v 9.553720 13.016883 55.320186
v 9.803301 12.923265 56.085600
v 4.948730 13.972097 57.282251
v 7.011027 16.021906 56.516836
v 9.373920 17.716462 57.282251
v 0.934406 17.450742 58.877784
v 3.620768 20.028602 58.112370
v 6.607727 22.251210 58.877784
v -2.227775 22.223372 60.606279
v -0.052011 24.369191 59.840864
v 2.424348 26.159756 60.606279
v -3.918326 26.522380 61.935890
v -2.877227 27.708104 61.170475
v -1.535531 28.538576 61.935890
v -4.521341 29.449818 62.733657
v -4.572356 29.711453 61.968242
v -4.322774 29.617835 62.733657
v 10.942980 12.351323 56.647911
v 11.076306 12.121082 55.882496
v 10.810397 12.129952 56.647911
v 15.159826 13.026908 57.642129
v 13.882093 10.440649 56.876715
v 12.205124 8.093499 57.642129
v 19.317564 11.482067 58.967754
v 17.623142 8.200071 58.202339
v 15.529484 5.157184 58.967754
v 23.029440 8.485534 60.403847
v 21.675946 5.772778 59.638432
v 19.923215 3.299131 60.403847
v 25.389365 5.353409 61.508534
v 24.793486 3.905629 60.743120
v 23.798372 2.696959 61.508534
v 26.530684 3.015580 62.171346
v 26.664011 2.785340 61.405932
v 26.398102 2.794210 62.171346
v 14.487145 18.848795 71.190851
v 15.055037 19.290580 70.811516
v 14.711031 18.658650 71.190851
v 13.061416 21.999362 73.936042
v 16.012093 20.417467 73.556707
v 18.050872 17.761858 73.936042
v 13.633850 24.099475 77.596297
v 17.288168 21.919984 77.216963
v 20.030588 18.666778 77.596297
v 15.591971 25.238258 81.561574
v 18.670582 23.547710 81.182239
v 20.837296 20.783446 81.561574
v 17.934715 25.403816 84.611787
v 19.733978 24.799807 84.232452
v 20.621345 23.122083 84.611787
v 19.804124 25.109280 86.441914
v 20.372016 25.551065 86.062579
v 20.028010 24.919135 86.441914
v -2.027427 6.544680 0.480643
v -3.300103 6.017194 0.480369
v -3.827263 4.744826 0.514000
v -3.300103 3.472913 0.561835
v -2.027427 2.946524 0.595854
v -0.754750 3.474011 0.596128
v -0.227590 4.746379 0.562497
v -0.754750 6.018292 0.514662
v -2.573552 7.291575 40.992956
v -3.457356 6.925265 40.992765
v -3.823439 6.041677 41.016120
v -3.457356 5.158404 41.049339
v -2.573552 4.792856 41.072963
v -1.689749 5.159166 41.073153
v -1.323666 6.042755 41.049798
v -1.689749 6.926028 41.016580
v -2.573552 7.225909 40.631249
v -3.455684 6.861338 40.696237
v -3.821075 6.016937 40.958471
v -3.455684 5.187343 41.264340
v -2.573552 4.858523 41.434669
v -1.691421 5.223093 41.369682
v -1.326030 6.067495 41.107447
v -1.691421 6.897088 40.801578
v -4.526085 16.609343 70.147826
v -4.984793 16.419766 70.181620
v -5.174796 15.980677 70.317982
v -4.984793 15.549289 70.477034
v -4.526085 15.378302 70.565605
v -4.067376 15.567879 70.531811
v -3.877373 16.006967 70.395449
v -4.067376 16.438356 70.236397
v -2.819576 5.224872 27.765885
v -3.127306 5.280345 27.010742
v -2.945758 5.534933 27.765885
v -4.194881 0.818719 28.792339
v -5.845548 4.174135 28.037197
v -7.006938 7.728666 28.792339
v -7.422631 -1.630708 30.160945
v -9.469871 2.699188 29.405803
v -11.027833 7.228199 30.160945
v -11.673449 -2.431265 31.643601
v -13.396221 1.101329 30.888459
v -14.629715 4.833039 31.643601
v -15.414759 -1.888606 32.784106
v -16.416490 -0.127793 32.028964
v -16.928943 1.832135 32.784106
v -17.920921 -0.920740 33.468409
v -18.228651 -0.865266 32.713267
v -18.047103 -0.610678 33.468409
v -1.805798 5.995205 27.110758
v -1.495035 5.943149 26.355616
v -1.668566 5.680147 27.110758
v 0.042421 10.789538 28.373058
v 1.813723 7.384366 27.617916
v 3.100730 3.768248 28.373058
v 4.022798 13.701342 30.056125
v 6.225400 9.305989 29.300982
v 7.943707 4.699688 30.056125
v 9.154997 14.972951 31.879447
v 11.004716 11.387747 31.124305
v 12.370142 7.591595 31.879447
v 13.615576 14.773972 33.282003
v 14.681114 12.989099 32.526860
v 15.262357 10.993278 33.282003
v 16.576189 14.001965 34.123536
v 16.886952 13.949910 33.368394
v 16.713421 13.686907 34.123536
v -2.723104 5.612052 36.526372
v -3.025178 5.653628 35.771229
v -2.837975 5.894320 36.526372
v -4.519961 1.379132 37.666555
v -6.044596 4.424852 36.911413
v -7.079952 7.669688 37.666555
v -8.184827 -1.146365 39.186800
v -10.070485 2.786485 38.431657
v -11.466867 6.918450 39.186800
v -12.841591 -2.195430 40.833731
v -14.431866 1.011587 40.078589
v -15.532864 4.417718 40.833731
v -16.852907 -1.947773 42.100601
v -17.786774 -0.353720 41.345459
v -18.231364 1.439449 42.100601
v -19.497645 -1.214480 42.860724
v -19.799719 -1.172904 42.105581
v -19.612516 -0.932212 42.860724
v -3.312496 5.663873 36.076875
v -3.014519 5.641172 35.321733
v -3.200836 5.407524 36.076875
v -1.088047 9.878703 37.378877
v 0.398306 7.127718 36.623735
v 1.400365 4.165786 37.378877
v 3.111457 12.666433 39.114880
v 4.948740 9.109780 38.359738
v 6.301729 5.342180 39.114880
v 8.328218 14.154484 40.995550
v 9.878377 11.257014 40.240407
v 10.944241 8.148597 40.995550
v 12.758301 14.341351 42.442219
v 13.670405 12.908732 41.687077
v 14.098215 11.265165 42.442219
v 15.647645 13.922464 43.310220
v 15.945622 13.899763 42.555078
v 15.759305 13.666115 43.310220
v -0.656280 7.510426 45.392778
v -0.916887 7.635954 44.632767
v -0.679555 7.801322 45.392778
v -4.101603 4.118982 46.610312
v -4.609920 7.340471 45.850301
v -4.620298 10.601802 46.610312
v -8.952498 2.810762 48.233691
v -9.533964 6.946495 47.473680
v -9.617492 11.122069 48.233691
v -14.346728 3.131971 49.992351
v -14.868345 6.519687 49.232340
v -14.892023 9.947244 49.992351
v -18.583097 4.465919 51.345167
v -18.971716 6.191374 50.585156
v -18.862394 7.956668 51.345167
v -21.173130 5.868858 52.156856
v -21.433738 5.994385 51.396845
v -21.196405 6.159753 52.156856
v -2.912773 7.416296 45.568076
v -2.633135 7.361002 44.808065
v -2.829575 7.154445 45.568076
v -0.450357 11.266862 46.722503
v 0.714745 8.424725 45.962492
v 1.403770 5.431324 46.722503
v 3.752004 13.508120 48.261739
v 5.178586 9.843022 47.501727
v 6.129090 6.026661 48.261739
v 8.801768 14.371277 49.929244
v 10.014412 11.379511 49.169233
v 10.750979 8.236481 49.929244
v 12.997052 14.056899 51.211941
v 13.734279 12.561425 50.451929
v 13.995428 10.914687 51.211941
v 15.686561 13.325867 51.981559
v 15.966199 13.270574 51.221547
v 15.769759 13.064016 51.981559
v -3.787336 10.351942 55.188948
v -4.047681 10.474190 54.428937
v -3.810086 10.636279 55.188948
v -6.452289 7.093184 56.147365
v -6.954759 10.241593 55.387354
v -6.959290 13.429842 56.147365
v -10.256893 5.889423 57.425255
v -10.830863 9.931463 56.665243
v -10.906894 14.013343 57.425255
v -14.514506 6.284602 58.809635
v -15.029976 9.595489 58.049624
v -15.047506 12.946216 58.809635
v -17.874593 7.650944 59.874543
v -18.260063 9.337047 59.114532
v -18.147593 11.062990 59.874543
v -19.937770 9.059734 60.513488
v -20.198115 9.181982 59.753477
v -19.960520 9.344071 60.513488
v -1.694215 11.040753 55.131775
v -1.410152 10.971531 54.371763
v -1.602166 10.751044 55.131775
v 0.165254 15.026155 56.110774
v 1.428983 11.873610 55.350763
v 2.216634 8.569800 56.110774
v 3.661470 17.139439 57.416107
v 5.214496 13.076382 56.656096
v 6.291444 8.862060 57.416107
v 7.999140 17.697478 58.830218
v 9.315468 14.379385 58.070206
v 10.155719 10.910027 58.830218
v 11.679729 17.044312 59.917995
v 12.470063 15.381695 59.157984
v 12.784318 13.567813 59.917995
v 14.078756 16.052303 60.570661
v 14.362819 15.983081 59.810650
v 14.170805 15.762595 60.570661
v -4.492064 14.411146 68.182504
v -4.364195 15.168710 67.925410
v -4.236327 14.411146 68.182504
v -7.430696 15.516429 71.439369
v -4.581055 16.273993 71.182275
v -1.731413 15.516429 71.439369
v -8.523588 16.990140 75.781857
v -4.870201 17.747703 75.524762
v -1.216814 16.990140 75.781857
v -8.179219 18.586659 80.486218
v -5.183442 19.344223 80.229124
v -2.187665 18.586659 80.486218
v -6.958820 19.814751 84.104958
v -5.424397 20.572315 83.847863
v -3.889975 19.814751 84.104958
v -5.696839 20.551607 86.276201
v -5.568970 21.309170 86.019107
v -5.441102 20.551607 86.276201
v -2.909265 5.195851 0.337183
v -4.175176 4.657180 0.264735
v -4.699534 3.386238 0.352507
v -4.175176 2.127526 0.549084
v -2.909265 1.618381 0.739314
v -1.643353 2.157053 0.811762
v -1.118995 3.427995 0.723990
v -1.643353 4.686706 0.527413
v -7.608076 9.676588 45.122914
v -8.487181 9.302511 45.072603
v -8.851319 8.419912 45.133555
v -8.487181 7.545807 45.270067
v -7.608076 7.192234 45.402172
v -6.728971 7.566312 45.452483
v -6.364834 8.448910 45.391530
v -6.728971 9.323015 45.255018
v -6.600301 9.173931 45.262543
v -7.357392 9.586809 44.848252
v -8.261330 9.324628 44.676648
v -8.782601 8.540970 44.848252
v -8.615851 7.694891 45.262543
v -7.858760 7.282013 45.676833
v -6.954822 7.544194 45.848438
v -6.433551 8.327852 45.676833
v -17.250788 22.673624 77.649101
v -17.644476 22.888320 77.433670
v -18.114523 22.751986 77.344435
v -18.385584 22.344484 77.433670
v -18.298874 21.904523 77.649101
v -17.905187 21.689826 77.864532
v -17.435139 21.826161 77.953766
v -17.164078 22.233663 77.864532
v -6.416103 6.046142 30.490739
v -6.716404 5.997582 29.734584
v -6.616624 6.284954 30.490739
v -6.828128 1.366595 31.639219
v -9.262552 3.859672 30.883064
v -11.296895 6.688683 31.639219
v -9.592782 -2.234501 33.170526
v -12.657416 1.009127 32.414371
v -15.321969 4.588689 33.170526
v -13.786179 -4.708505 34.829442
v -16.335186 -2.078964 34.073287
v -18.484112 0.886511 34.829442
v -17.761070 -5.719322 36.105531
v -19.164239 -4.454419 35.349376
v -20.167328 -2.853582 36.105531
v -20.561370 -5.831130 36.871185
v -20.861671 -5.879691 36.115029
v -20.761892 -5.592319 36.871185
v -6.573154 6.288339 30.315389
v -6.279871 6.368662 29.559233
v -6.348749 6.072481 30.315389
v -6.529963 11.113481 31.526995
v -3.848361 8.896465 30.770840
v -1.528920 6.302946 31.526995
v -3.993225 15.162294 33.142470
v -0.606348 12.266870 32.386315
v 2.418369 8.994942 33.142470
v 0.096000 18.258504 34.892568
v 2.905834 15.918142 34.136413
v 5.353506 13.201276 34.892568
v 4.079996 19.833704 36.238798
v 5.607511 18.726812 35.482642
v 6.772865 17.243417 36.238798
v 6.935235 20.331692 37.046535
v 7.228518 20.412015 36.290380
v 7.159640 20.115834 37.046535
v -6.180784 8.313120 40.199094
v -6.479945 8.263202 39.442939
v -6.379026 8.549217 40.199094
v -6.869315 3.450659 41.461354
v -9.278341 5.913489 40.705199
v -11.287286 8.712253 41.461354
v -9.977462 -0.424310 43.144368
v -13.009535 2.780540 42.388213
v -15.641528 6.321323 43.144368
v -14.529355 -3.211232 44.967633
v -17.051662 -0.613489 44.211478
v -19.173889 2.320188 44.967633
v -18.771496 -4.472897 46.370145
v -20.160991 -3.224280 45.613989
v -21.150404 -1.639731 46.370145
v -21.727426 -4.740837 47.211652
v -22.026588 -4.790755 46.455496
v -21.925668 -4.504740 47.211652
v -6.557968 8.445401 40.540087
v -6.270214 8.531043 39.783932
v -6.344621 8.240182 40.540087
v -6.541777 13.006895 41.679590
v -3.983405 10.908416 40.923435
v -1.787194 8.433432 41.679590
v -4.163216 16.821701 43.198927
v -0.934326 14.078245 42.442772
v 1.932403 10.958287 43.198927
v -0.311441 19.727976 44.844876
v 2.368843 17.512228 44.088720
v 4.686967 14.919976 44.844876
v 3.448582 21.196818 46.110990
v 4.909743 20.153752 45.354834
v 6.008742 18.734184 46.110990
v 6.146528 21.653025 46.870658
v 6.434282 21.738667 46.114503
v 6.359875 21.447806 46.870658
v -6.670735 11.807559 50.418908
v -6.937288 11.816698 49.653728
v -6.787662 12.037484 50.418908
v -8.918079 7.584771 51.614072
v -10.429071 10.040973 50.848892
v -11.523884 12.708820 51.614072
v -13.206303 4.494515 53.207624
v -15.084781 7.673339 52.442444
v -16.547079 11.063809 53.207624
v -18.550659 2.520814 54.933972
v -20.128467 5.108402 54.168792
v -21.290095 7.907635 54.933972
v -23.098573 1.861645 56.261932
v -24.008225 3.135374 55.496753
v -24.501699 4.620748 56.261932
v -26.069527 1.942417 57.058709
v -26.336080 1.951557 56.293529
v -26.186454 2.172342 57.058709
v -7.880582 11.794720 51.225496
v -7.608516 11.854997 50.460316
v -7.663195 11.581751 51.225496
v -8.118827 16.179741 52.130288
v -5.533145 13.973423 51.365108
v -3.274206 11.433583 52.130288
v -6.034880 19.673640 53.336678
v -2.765982 16.797991 52.571498
v 0.176171 13.588821 53.336678
v -2.478127 22.185955 54.643600
v 0.231777 19.857941 53.878421
v 2.614936 17.196404 54.643600
v 1.070052 23.322798 55.648925
v 2.537745 22.211748 54.883745
v 3.678694 20.767175 55.648925
v 3.649261 23.563755 56.252120
v 3.921326 23.624032 55.486940
v 3.866647 23.350786 56.252120
v -11.091897 15.142760 60.485999
v -11.375534 15.185493 59.720819
v -11.242992 15.439872 60.485999
v -12.930713 10.227744 61.665798
v -14.822427 13.432596 60.900618
v -16.297961 16.849093 61.665798
v -17.051702 6.956768 63.238864
v -19.418284 11.095400 62.473684
v -21.368686 15.445677 63.238864
v -22.419076 5.188808 64.943018
v -24.397129 8.563437 64.177838
v -25.959003 12.149712 64.943018
v -27.112353 4.938926 66.253906
v -28.227010 6.615774 65.488726
v -28.925487 8.504267 66.253906
v -30.241301 5.404443 67.040439
v -30.524938 5.447176 66.275259
v -30.392396 5.701554 67.040439
v -13.163752 14.031180 60.518921
v -12.893512 14.093246 59.753741
v -12.950017 13.821789 60.518921
v -12.759514 18.994257 61.686868
v -10.214528 16.827807 60.921688
v -7.996285 14.327835 61.686868
v -9.859272 23.298424 63.244131
v -6.642548 20.473890 62.478951
v -3.752568 17.315833 63.244131
v -5.440024 26.709913 64.931166
v -2.772904 24.423812 64.165986
v -0.432527 21.804188 64.931166
v -1.242034 28.551797 66.228886
v 0.203746 27.462214 65.463706
v 1.322781 26.039108 66.228886
v 1.719496 29.223189 67.007517
v 1.989735 29.285255 66.242337
v 1.933231 29.013798 67.007517
v -17.052628 21.042156 76.656075
v -17.345391 21.703857 76.281102
v -16.801988 21.226079 76.656075
v -20.573540 20.247649 79.374594
v -18.198785 22.866813 78.999621
v -14.987865 24.346499 79.374594
v -22.499123 21.220215 82.999285
v -19.336645 24.417422 82.624312
v -15.338001 26.475151 82.999285
v -23.087303 23.372985 86.926034
v -20.569326 26.097248 86.551061
v -17.215183 27.682033 86.926034
v -22.603295 25.716146 89.946610
v -21.517542 27.389421 89.571638
v -19.595624 27.923219 89.946610
v -21.793708 27.503026 91.758956
v -22.086472 28.164726 91.383983
v -21.543069 27.686948 91.758956
v -5.744718 0.974204 0.491447
v -7.007404 0.443012 0.345136
v -7.530426 -0.831074 0.311947
v -7.007404 -2.101712 0.411322
v -5.744718 -2.624579 0.585050
v -4.482031 -2.093388 0.731362
v -3.959010 -0.819302 0.764550
v -4.482031 0.451336 0.665175
v -11.250888 1.553690 43.924604
v -12.127754 1.184807 43.822999
v -12.490963 0.300025 43.799951
v -12.127754 -0.582363 43.868962
v -11.250888 -0.945465 43.989606
v -10.374023 -0.576582 44.091211
v -10.010813 0.308200 44.114259
v -10.374023 1.190587 44.045248
v -11.205184 1.553276 43.957105
v -12.004566 1.216162 43.553827
v -12.362454 0.344782 43.386783
v -12.069202 -0.550422 43.553827
v -11.296592 -0.945052 43.957105
v -10.497210 -0.607938 44.360383
v -10.139322 0.263443 44.527427
v -10.432575 1.158647 44.360383
v -27.337413 1.543115 75.398346
v -27.753092 1.367816 75.188641
v -27.939193 0.914698 75.101778
v -27.786702 0.449192 75.188641
v -27.384945 0.243985 75.398346
v -26.969266 0.419284 75.608051
v -26.783165 0.872402 75.694913
v -26.935656 1.337908 75.608051
v -9.273475 -0.508268 29.641669
v -9.471054 -0.728717 28.885821
v -9.540371 -0.440915 29.641669
v -7.218836 -4.339313 30.755390
v -10.256948 -3.842934 29.999541
v -13.166799 -2.838303 30.755390
v -7.427881 -8.703284 32.240351
v -11.304808 -7.995224 31.484502
v -15.053474 -6.778911 32.240351
v -9.249366 -13.028404 33.849059
v -12.439990 -12.493537 33.093210
v -15.502352 -11.450418 33.849059
v -11.647701 -16.103770 35.086526
v -13.313206 -15.953778 34.330678
v -14.850450 -15.295533 35.086526
v -13.639558 -17.809473 35.829007
v -13.837136 -18.029923 35.073158
v -13.906453 -17.742120 35.829007
v -9.306786 0.409651 29.211652
v -9.132012 0.647288 28.455804
v -9.039399 0.367217 29.211652
v -11.579144 4.474351 30.480179
v -8.558616 4.260366 29.724331
v -5.620248 3.528672 30.480179
v -11.654972 9.425152 32.171548
v -7.794087 9.077802 31.415700
v -4.015362 8.212744 32.171548
v -10.139168 14.534925 34.003865
v -6.965848 14.296692 33.248016
v -3.874688 13.540750 34.003865
v -7.974139 18.306974 35.413339
v -6.328740 18.311222 34.657491
v -4.765503 17.797762 35.413339
v -6.121249 20.482303 36.259024
v -5.946476 20.719940 35.503175
v -5.853863 20.439869 36.259024
v -9.867572 2.521626 38.723708
v -10.050574 2.297498 37.967860
v -10.105314 2.581622 38.723708
v -8.288273 -1.885208 40.071348
v -11.001533 -1.470808 39.315499
v -13.586531 -0.548155 40.071348
v -8.809028 -7.098175 41.868200
v -12.269478 -6.495216 41.112351
v -15.601667 -5.384004 41.868200
v -10.793972 -12.387009 43.814790
v -13.643085 -11.938325 43.058941
v -16.363937 -10.981388 43.814790
v -13.209121 -16.231181 45.312167
v -14.699706 -16.125332 44.556318
v -16.062030 -15.511229 45.312167
v -15.150677 -18.413407 46.210593
v -15.333679 -18.637536 45.454744
v -15.388419 -18.353411 46.210593
v -10.370924 2.067992 39.637399
v -10.170486 2.301555 38.881551
v -10.052208 2.017411 39.637399
v -13.302500 5.507850 40.656110
v -9.710011 5.203094 39.900261
v -6.199681 4.380630 40.656110
v -13.690213 9.535535 42.014390
v -9.096044 9.071812 41.258542
v -4.584035 8.090381 42.014390
v -12.205526 13.596582 43.485861
v -8.430913 13.262923 42.730012
v -4.738460 12.411556 43.485861
v -9.872652 16.531483 44.617762
v -7.919274 16.486855 43.861913
v -6.048057 15.924519 44.617762
v -7.812729 18.187650 45.296902
v -7.612291 18.421214 44.541053
v -7.494013 18.137070 45.296902
v -13.386520 1.799378 49.338424
v -13.572325 1.596352 48.573771
v -13.667028 1.854759 49.338424
v -11.051661 -2.085116 50.371388
v -14.222877 -1.698727 49.606735
v -17.302991 -0.850908 50.371388
v -11.037466 -6.652611 51.748673
v -15.090279 -6.092167 50.984020
v -19.051992 -5.070292 51.748673
v -12.698459 -11.269762 53.240732
v -16.029965 -10.851727 52.476079
v -19.270370 -9.972261 53.240732
v -15.024199 -14.614498 54.388470
v -16.752800 -14.512927 53.623816
v -18.390300 -13.949924 54.388470
v -17.000697 -16.506622 55.077112
v -17.186502 -16.709647 54.312459
v -17.281205 -16.451240 55.077112
v -13.613541 -0.845860 49.066985
v -13.513292 -0.596666 48.302331
v -13.355905 -0.814328 49.066985
v -16.802139 2.467745 50.197667
v -13.959907 3.052522 49.433013
v -11.060537 3.170445 50.197667
v -18.207339 7.234231 51.705243
v -14.555393 7.918107 50.940589
v -10.846310 8.135128 51.705243
v -18.189956 12.586362 53.338451
v -15.200503 13.189158 52.573797
v -12.153912 13.325098 53.338451
v -17.213989 16.821196 54.594764
v -15.696741 17.243812 53.830110
v -14.122356 17.199573 54.594764
v -16.094734 19.427411 55.348552
v -15.994484 19.676604 54.583899
v -15.837098 19.458943 55.348552
v -18.367850 0.695213 58.979700
v -18.559423 0.493326 58.215046
v -18.659895 0.752871 58.979700
v -15.930741 -3.317491 60.045257
v -19.230502 -2.905724 59.280603
v -22.439162 -2.032525 60.045257
v -15.907659 -8.030771 61.466000
v -20.125274 -7.437791 60.701346
v -24.251788 -6.383379 61.466000
v -17.627966 -12.792245 63.005138
v -21.094610 -12.347530 62.240484
v -24.470152 -11.441384 63.005138
v -20.042435 -16.239489 64.189091
v -21.840253 -16.124253 63.424437
v -23.546969 -15.547584 64.189091
v -22.096066 -18.188400 64.899462
v -22.287639 -18.390286 64.134808
v -22.388111 -18.130741 64.899462
v -18.595625 -1.184455 58.722694
v -18.479757 -0.933350 57.958041
v -18.306752 -1.149100 58.722694
v -22.127497 2.176884 59.880774
v -18.937194 2.804260 59.116120
v -15.689754 2.964782 59.880774
v -23.645299 7.049250 61.424879
v -19.547109 7.787741 60.660225
v -15.391782 8.059376 61.424879
v -23.563223 12.538932 63.097660
v -20.207850 13.186511 62.333006
v -16.795340 13.367236 63.097660
v -22.420783 16.893858 64.384415
v -20.716113 17.339412 63.619761
v -18.954306 17.318111 64.384415
v -21.136938 19.580047 65.156468
v -21.021070 19.831152 64.391814
v -20.848065 19.615402 65.156468
v -25.688823 0.696134 73.878216
v -26.395248 0.858209 73.513210
v -25.678868 0.968227 73.878216
v -27.291511 -2.144955 76.799282
v -27.891983 0.912971 76.434276
v -27.069650 3.918840 76.799282
v -29.318445 -2.927090 80.694035
v -29.887630 0.985987 80.329029
v -29.034009 4.847007 80.694035
v -31.454797 -2.148320 84.913352
v -32.049580 1.065088 84.548346
v -31.221559 4.226439 84.913352
v -33.060949 -0.532654 88.158980
v -33.712620 1.125934 87.793974
v -32.941486 2.732466 88.158980
v -34.004018 1.000367 90.106357
v -34.710443 1.162442 89.741351
v -33.994063 1.272461 90.106357
v 1.222806 4.485989 0.750305
v -0.023596 3.992828 0.432149
v -0.539873 2.741482 0.176145
v -0.023596 1.464971 0.132256
v 1.222806 0.911058 0.326192
v 2.469208 1.404219 0.644348
v 2.985485 2.655565 0.900352
v 2.469208 3.932076 0.944241
v -7.936572 -1.276336 44.653520
v -8.802129 -1.618808 44.432579
v -9.160654 -2.487799 44.254798
v -8.802129 -3.374265 44.224320
v -7.936572 -3.758927 44.358997
v -7.071015 -3.416454 44.579939
v -6.712489 -2.547463 44.757719
v -7.071015 -1.660997 44.788198
v -7.936572 -1.277450 44.662629
v -8.775052 -1.605709 44.339383
v -9.122362 -2.468159 44.113890
v -8.775052 -3.359589 44.118242
v -7.936572 -3.757812 44.349888
v -7.098091 -3.429554 44.673135
v -6.750781 -2.567104 44.898627
v -7.098091 -1.675673 44.894275
v -18.639293 -5.887197 76.426475
v -19.075303 -6.057891 76.258387
v -19.255904 -6.506365 76.141131
v -19.075303 -6.969909 76.143394
v -18.639293 -7.176985 76.263850
v -18.203283 -7.006290 76.431938
v -18.022682 -6.557816 76.549194
v -18.203283 -6.094273 76.546931
v -4.301324 -1.234565 30.117121
v -4.321685 -1.527617 29.359525
v -4.559241 -1.354814 30.117121
v -0.203139 -2.857220 31.203467
v -2.968479 -4.430062 30.445871
v -5.951015 -5.537050 31.203467
v 2.411734 -6.349222 32.651928
v -1.164205 -8.299988 31.894332
v -4.957339 -9.784901 32.651928
v 3.703147 -10.850853 34.221094
v 0.790425 -12.492409 33.463498
v -2.339492 -13.668110 34.221094
v 3.732895 -14.762928 35.428146
v 2.293987 -15.717347 34.670550
v 0.637885 -16.205913 35.428146
v 3.216486 -17.359260 36.152376
v 3.196124 -17.652311 35.394780
v 2.958568 -17.479508 36.152376
v -6.080922 1.181513 30.318960
v -6.092791 1.484602 29.561364
v -5.814819 1.363210 30.318960
v -10.598043 1.715527 31.332644
v -7.777824 3.952395 30.575048
v -4.667765 5.764781 31.332644
v -13.681076 4.434868 32.684222
v -10.024536 7.242785 31.926626
v -6.078155 9.626220 32.684222
v -15.430751 8.466679 34.148432
v -12.458473 10.807374 33.390836
v -9.196355 12.723587 34.148432
v -15.782426 12.246941 35.274748
v -14.330733 13.549366 34.517152
v -12.589199 14.427309 35.274748
v -15.442219 14.891471 35.950537
v -15.454089 15.194561 35.192941
v -15.176117 15.073169 35.950537
v -8.005337 0.832665 39.311237
v -8.033384 0.536031 38.553641
v -8.278626 0.705250 39.311237
v -3.447237 -1.349275 40.635465
v -6.383862 -3.001974 39.877869
v -9.537681 -4.188820 40.635465
v -0.388965 -5.666166 42.401102
v -4.184499 -7.719314 41.643506
v -8.197227 -9.306609 42.401102
v 1.290935 -11.104258 44.313875
v -1.801855 -12.829766 43.556279
v -5.111839 -14.089420 44.313875
v 1.562085 -15.763463 45.785239
v 0.030948 -16.760882 45.027643
v -1.717384 -17.292448 45.785239
v 1.158677 -18.822918 46.668057
v 1.130630 -19.119552 45.910461
v 0.885388 -18.950333 46.668057
v -7.285272 -1.511629 40.202915
v -7.289025 -1.202997 39.445319
v -7.002938 -1.318848 40.202915
v -11.957757 -1.121036 41.206139
v -8.956671 1.239330 40.448543
v -5.665745 3.175213 41.206139
v -15.068619 1.529519 42.543770
v -11.180199 4.495767 41.786174
v -7.001937 7.037531 42.543770
v -16.751440 5.553047 43.992871
v -13.589020 8.023573 43.235275
v -10.136760 10.069616 43.992871
v -16.991043 9.368346 45.107564
v -15.441960 10.737270 44.349968
v -13.603036 11.681711 45.107564
v -16.549970 12.056857 45.776380
v -16.553724 12.365488 45.018784
v -16.267636 12.249637 45.776380
v -9.453420 -2.437630 49.643111
v -9.540611 -2.715218 48.882762
v -9.746598 -2.509727 49.643111
v -5.491136 -5.094415 50.796619
v -8.698583 -6.139313 50.036270
v -12.024826 -6.701132 50.796619
v -3.447013 -9.433288 52.334629
v -7.575879 -10.704774 51.574280
v -11.823539 -11.493181 52.334629
v -2.984637 -14.564594 54.000807
v -6.359615 -15.650689 53.240458
v -9.853389 -16.253706 54.000807
v -3.724356 -18.781123 55.282482
v -5.424028 -19.455240 54.522133
v -7.242496 -19.646278 55.282482
v -4.775485 -21.460382 56.051487
v -4.862676 -21.737970 55.291138
v -5.068663 -21.532479 56.051487
v -8.813496 -4.900496 49.538187
v -8.790213 -4.608550 48.777838
v -8.538725 -4.758644 49.538187
v -13.408349 -3.174395 50.729467
v -10.460718 -1.372739 49.969118
v -7.284881 -0.013122 50.729467
v -16.499255 0.694200 52.317841
v -12.688057 2.941677 51.557492
v -8.648654 4.747114 52.317841
v -18.205652 5.732913 54.038580
v -15.101009 7.615627 53.278231
v -11.768160 9.056302 54.038580
v -18.491649 10.138842 55.362225
v -16.957125 11.210974 54.601876
v -15.194396 11.841065 55.362225
v -18.094078 13.076235 56.156412
v -18.070795 13.368181 55.396063
v -17.819307 13.218087 56.156412
v -12.878629 -3.743007 59.908598
v -12.985430 -4.025417 59.148249
v -13.211027 -3.824748 59.908598
v -8.606828 -5.858377 60.914294
v -12.251301 -7.010745 60.153945
v -16.014569 -7.680034 60.914294
v -6.583306 -9.581913 62.255222
v -11.272461 -10.991182 61.494873
v -16.080411 -11.917371 62.255222
v -6.377636 -14.104244 63.707894
v -10.212051 -15.303322 62.947545
v -14.165262 -16.019320 63.707894
v -7.461357 -17.888367 64.825334
v -9.396351 -18.620352 64.064985
v -11.450141 -18.869259 64.825334
v -8.800130 -20.328161 65.495798
v -8.906932 -20.610571 64.735449
v -9.132528 -20.409902 65.495798
v -12.733858 -4.981122 59.897030
v -12.728547 -4.698453 59.136681
v -12.495030 -4.857825 59.897030
v -16.691771 -3.550314 60.906890
v -14.144651 -1.955423 60.146541
v -11.369325 -0.802573 60.906890
v -19.330511 -0.280442 62.253371
v -16.032789 1.701950 61.493022
v -12.506862 3.242302 62.253371
v -20.761865 3.998759 63.712058
v -18.078272 5.664105 62.951709
v -15.166473 6.887410 63.712058
v -20.970584 7.751120 64.834126
v -19.651721 8.711916 64.073776
v -18.104652 9.230672 64.834126
v -20.601101 10.257935 65.507366
v -20.595790 10.540603 64.747017
v -20.362273 10.381231 65.507366
v -18.028055 -7.038663 73.967735
v -17.873757 -6.244947 74.067812
v -17.719458 -7.038663 73.967735
v -22.385280 -7.441084 77.159357
v -18.946628 -6.647368 77.259433
v -15.507975 -7.441084 77.159357
v -24.785651 -7.977645 81.414852
v -20.377122 -7.183929 81.514929
v -15.968593 -7.977645 81.414852
v -25.541818 -8.558919 86.024971
v -21.926825 -7.765203 86.125048
v -18.311831 -8.558919 86.024971
v -24.970486 -9.006053 89.571217
v -23.118904 -8.212337 89.671294
v -21.267321 -9.006053 89.571217
v -23.988449 -9.274334 91.698965
v -23.834151 -8.480618 91.799042
v -23.679852 -9.274334 91.698965
v 1.877918 -1.243458 0.770258
v 0.662346 -1.717631 0.328111
v 0.158840 -2.959660 0.009060
v 0.662346 -4.241981 0.000000
v 1.877918 -4.813428 0.306239
v 3.093489 -4.339255 0.748386
v 3.596995 -3.097226 1.067437
v 3.093489 -1.814905 1.076497
v -9.071053 -6.335129 35.676357
v -9.915200 -6.664416 35.369311
v -10.264857 -7.526936 35.147747
v -9.915200 -8.417436 35.141456
v -9.071053 -8.814275 35.354121
v -8.226906 -8.484988 35.661168
v -7.877249 -7.622468 35.882731
v -8.226906 -6.731967 35.889023
v -9.944613 -6.680613 35.515239
v -10.208401 -7.450202 35.011812
v -9.805947 -8.292721 34.803285
v -8.973002 -8.714634 35.011812
v -8.197494 -8.468790 35.515239
v -7.933705 -7.699201 36.018667
v -8.336160 -6.856682 36.227194
v -9.169105 -6.434769 36.018667
v -22.079022 -19.375245 60.843405
v -22.216192 -19.775431 60.581623
v -22.006916 -20.213541 60.473189
v -21.573785 -20.432936 60.581623
v -21.170521 -20.305097 60.843405
v -21.033351 -19.904911 61.105187
v -21.242627 -19.466801 61.213621
v -21.675758 -19.247406 61.105187
v -5.215581 -5.141952 23.563999
v -5.298072 -5.426385 22.804162
v -5.519709 -5.229958 23.563999
v -1.048526 -7.420113 24.666410
v -4.367807 -8.641176 23.906573
v -7.826235 -9.381380 24.666410
v 1.147658 -11.429912 26.136291
v -3.127454 -12.927564 25.376454
v -7.541713 -13.944357 26.136291
v 1.709331 -16.299799 27.728663
v -1.783739 -17.571151 26.968825
v -5.415954 -18.361644 27.728663
v 1.005084 -20.374678 28.953564
v -0.750111 -21.143142 28.193726
v -2.644452 -21.430745 28.953564
v -0.047444 -23.001903 29.688505
v -0.129934 -23.286336 28.928667
v -0.351572 -23.089909 29.688505
v -5.198007 -6.251169 23.897267
v -5.196939 -5.964515 23.137430
v -4.953489 -6.115854 23.897267
v -9.244479 -5.081772 24.879702
v -6.641032 -3.354983 24.119864
v -3.795203 -2.066188 24.879702
v -11.938424 -2.027672 26.189614
v -8.566489 0.124392 25.429777
v -4.952173 1.838462 26.189614
v -13.395573 2.089603 27.608686
v -10.652402 3.893715 26.848849
v -7.666847 5.259833 27.608686
v -13.602871 5.762309 28.700280
v -12.256949 6.793194 27.940443
v -10.668645 7.386085 28.700280
v -13.220746 8.246228 29.355237
v -13.219678 8.532882 28.595399
v -12.976228 8.381542 29.355237
v -7.121407 -7.499828 31.328722
v -7.172485 -7.775170 30.568885
v -7.362709 -7.569653 31.328722
v -3.600237 -10.050157 32.458114
v -6.219452 -11.068642 31.698277
v -8.977813 -11.606267 32.458114
v -1.571151 -14.222001 33.963970
v -4.948742 -15.459937 33.204133
v -8.465480 -16.217014 33.963970
v -0.815038 -19.158788 35.595314
v -3.572140 -20.217174 34.835477
v -6.468388 -20.794699 35.595314
v -1.134979 -23.217204 36.850194
v -2.513215 -23.876586 36.090356
v -4.030597 -24.055109 36.850194
v -1.826782 -25.796891 37.603122
v -1.877860 -26.072234 36.843284
v -2.068084 -25.866717 37.603122
v -7.938488 -6.598340 31.706803
v -7.922371 -6.303358 30.946966
v -7.663872 -6.446369 31.706803
v -12.321231 -5.577393 32.700086
v -9.382410 -3.665011 31.940248
v -6.201208 -2.190623 32.700086
v -15.131030 -2.537219 34.024463
v -11.329129 -0.147216 33.264626
v -7.284846 1.804794 34.024463
v -16.533819 1.664507 35.459205
v -13.438075 3.663730 34.699367
v -10.099948 5.224958 35.459205
v -16.586848 5.464406 36.562853
v -15.060340 6.595226 35.803015
v -13.291451 7.288052 36.562853
v -16.049817 8.059141 37.225041
v -16.033700 8.354123 36.465204
v -15.775200 8.211112 37.225041
v -11.031327 -8.707019 39.709554
v -11.029892 -8.965273 38.939610
v -11.265460 -8.859419 39.709554
v -6.725357 -9.872086 40.647766
v -9.215768 -11.752317 39.877823
v -11.943183 -13.268439 40.647766
v -3.570678 -13.109171 41.898716
v -6.796937 -15.468375 41.128772
v -10.260199 -17.463469 41.898716
v -1.552334 -17.526788 43.253911
v -4.176536 -19.494105 42.483967
v -7.037742 -21.097312 43.253911
v -0.874546 -21.494363 44.296369
v -2.160844 -22.590820 43.526425
v -3.684145 -23.323168 44.296369
v -0.952863 -24.190594 44.921843
v -0.951428 -24.448849 44.151899
v -1.186996 -24.342994 44.921843
v -9.918725 -9.727090 39.207523
v -10.024281 -9.496726 38.437579
v -9.771331 -9.511758 39.207523
v -14.760191 -9.778638 40.326466
v -13.297058 -7.256527 39.556522
v -11.475420 -4.979812 40.326466
v -19.587131 -7.468463 41.818391
v -17.660761 -4.269595 41.048447
v -15.375886 -1.316122 41.818391
v -23.935464 -3.678910 43.434642
v -22.388106 -1.033752 42.664698
v -20.482243 1.366010 43.434642
v -26.729634 0.040668 44.677913
v -26.024525 1.455358 43.907969
v -24.960911 2.624652 44.677913
v -28.100821 2.718460 45.423875
v -28.206377 2.948824 44.653931
v -27.953427 2.933792 45.423875
v -15.876438 -10.981357 47.049147
v -15.901447 -11.256825 46.279203
v -16.163460 -11.168184 47.049147
v -10.659482 -12.314826 48.167387
v -13.739222 -14.578658 47.397443
v -17.055966 -16.478381 48.167387
v -6.874447 -16.156768 49.658374
v -10.856255 -19.007769 48.888430
v -15.075067 -21.494660 49.658374
v -4.489289 -21.435382 51.273609
v -7.733042 -23.805972 50.503665
v -11.213798 -25.812453 51.273609
v -3.726941 -26.193886 52.516098
v -5.330569 -27.496897 51.746154
v -7.171201 -28.435800 52.516098
v -3.864077 -29.435985 53.261591
v -3.889086 -29.711453 52.491648
v -4.151098 -29.622811 53.261591
v -14.498674 -12.960114 47.136988
v -14.580836 -12.695572 46.367045
v -14.304491 -12.676425 47.136988
v -19.743563 -13.803886 48.223606
v -17.759062 -10.520092 47.453662
v -15.416055 -7.481694 48.223606
v -24.591487 -11.794839 49.672428
v -21.996697 -7.619453 48.902484
v -19.043400 -3.689463 49.672428
v -28.682931 -7.922996 51.241986
v -26.587468 -4.477094 50.472042
v -24.133500 -1.276588 51.241986
v -31.104676 -3.884722 52.449338
v -30.118831 -2.059895 51.679395
v -28.774480 -0.480464 52.449338
v -32.155487 -0.874117 53.173750
v -32.237649 -0.609575 52.403806
v -31.961304 -0.590429 53.173750
v -20.214244 -18.644960 59.586621
v -20.776016 -19.010904 59.130970
v -20.397124 -18.457782 59.586621
v -19.600061 -21.938656 62.274405
v -22.108196 -20.312496 61.818754
v -23.675667 -17.767270 62.274405
v -20.801537 -24.262384 65.858117
v -23.884436 -22.047951 65.402466
v -26.026672 -18.914454 65.858117
v -23.196059 -25.661147 69.740471
v -25.808697 -23.928028 69.284820
v -27.480670 -21.275844 69.740471
v -25.721287 -26.037774 72.726898
v -27.288897 -25.374241 72.271247
v -27.915843 -23.791643 72.726898
v -27.615245 -25.876025 74.518754
v -28.177017 -26.241969 74.063103
v -27.798125 -25.688848 74.518754
v -3.037375 2.997565 0.985877
v -4.310148 2.488681 0.847907
v -4.837347 1.256603 0.528544
v -4.310148 0.023066 0.214866
v -3.037375 -0.489341 0.090621
v -1.764603 0.019542 0.228590
v -1.237403 1.251620 0.547953
v -1.764603 2.485158 0.861631
v -3.247028 -6.901765 37.330824
v -4.130898 -7.255156 37.235012
v -4.497009 -8.110766 37.013232
v -4.130898 -8.967389 36.795400
v -3.247028 -9.323227 36.709118
v -2.363159 -8.969836 36.804930
v -1.997048 -8.114226 37.026710
v -2.363159 -7.257603 37.244543
v -4.464643 -7.829805 37.019971
v -4.286030 -8.679370 36.617941
v -3.498784 -9.196868 36.451415
v -2.564063 -9.079155 36.617941
v -2.029413 -8.395187 37.019971
v -2.208026 -7.545622 37.422001
v -2.995272 -7.028124 37.588528
v -3.929994 -7.145837 37.422001
v -6.931550 -21.108420 63.437770
v -6.838671 -21.550193 63.228715
v -6.429303 -21.819292 63.142121
v -5.943248 -21.758082 63.228715
v -5.665230 -21.402418 63.437770
v -5.758109 -20.960644 63.646826
v -6.167477 -20.691546 63.733420
v -6.653532 -20.752756 63.646826
v -3.709867 -4.581543 24.688598
v -3.470300 -4.745160 23.930655
v -3.739630 -4.852972 24.688598
v -0.187348 -2.044296 25.777739
v -0.264553 -5.096689 25.019797
v -0.850655 -8.093278 25.777739
v 4.180524 -1.659941 27.229928
v 4.009776 -5.565395 26.471985
v 3.330131 -9.415045 27.229928
v 8.734512 -2.865664 28.803132
v 8.640300 -6.073159 28.045189
v 8.037189 -9.224850 28.803132
v 12.126374 -4.807273 30.013289
v 12.202240 -6.463747 29.255346
v 11.769209 -8.064417 30.013289
v 14.099838 -6.534484 30.739383
v 14.339405 -6.698100 29.981440
v 14.070074 -6.805913 30.739383
v -3.763918 -4.789753 24.366494
v -4.029452 -4.649903 23.608551
v -3.784101 -4.477075 24.366494
v -7.110012 -8.347403 25.571592
v -7.590356 -4.879761 24.813650
v -7.559816 -1.379140 25.571592
v -11.794450 -9.636584 27.178391
v -12.338228 -5.186238 26.420448
v -12.371122 -0.702914 27.178391
v -16.989879 -9.164571 28.919089
v -17.481757 -5.518255 28.161147
v -17.462750 -1.838961 28.919089
v -21.061773 -7.633234 30.258088
v -21.438317 -5.773652 29.500145
v -21.303976 -3.881093 30.258088
v -23.546719 -6.066741 31.061488
v -23.812253 -5.926891 30.303545
v -23.566902 -5.754063 31.061488
v -4.308465 -6.597929 32.632781
v -4.070090 -6.772409 31.874839
v -4.340612 -6.891086 32.632781
v -0.513959 -3.856478 33.805714
v -0.617713 -7.150983 33.047771
v -1.230364 -10.389684 33.805714
v 4.190242 -3.439893 35.369625
v 3.985456 -7.655748 34.611682
v 3.271773 -11.815799 35.369625
v 9.094346 -4.740553 37.063861
v 8.972223 -8.202577 36.305918
v 8.341202 -11.608796 37.063861
v 12.746627 -6.836372 38.367120
v 12.808197 -8.623214 37.609177
v 12.360870 -10.354252 38.367120
v 14.871406 -8.701116 39.149075
v 15.109782 -8.875597 38.391133
v 14.839260 -8.994273 39.149075
v -2.546005 -6.886457 32.544997
v -2.809508 -6.778075 31.787054
v -2.562126 -6.636715 32.544997
v -5.933671 -9.774171 33.749532
v -6.368747 -7.007825 32.991589
v -6.292937 -4.208502 33.749532
v -10.628658 -10.865406 35.355579
v -11.114399 -7.314159 34.597636
v -11.089255 -3.729934 35.355579
v -15.811235 -10.555075 37.095464
v -16.255522 -7.646021 36.337521
v -16.188925 -4.703988 37.095464
v -19.858064 -9.383259 38.433836
v -20.210232 -7.901299 37.675894
v -20.051515 -6.386361 38.433836
v -22.319555 -8.162848 39.236860
v -22.583058 -8.054466 38.478917
v -22.335676 -7.913106 39.236860
v -3.260494 -9.583710 40.941180
v -3.095459 -9.802758 40.176585
v -3.366511 -9.844587 40.941180
v 1.262649 -8.186828 42.069182
v 0.299367 -11.182359 41.304587
v -1.100001 -14.000672 42.069182
v 6.122279 -9.206396 43.573184
v 4.825803 -13.021828 42.808589
v 3.093240 -16.660042 43.573184
v 10.753304 -11.869981 45.202520
v 9.729441 -15.014586 44.437925
v 8.269492 -17.981972 45.202520
v 13.919526 -14.893601 46.455855
v 13.501471 -16.547476 45.691260
v 12.647330 -18.024133 46.455855
v 15.599654 -17.248163 47.207856
v 15.764689 -17.467211 46.443261
v 15.493637 -17.509040 47.207856
v -3.871765 -9.794218 41.099644
v -4.097779 -9.653137 40.335049
v -3.854234 -9.545099 41.099644
v -7.528880 -12.201330 42.170599
v -7.568317 -9.408912 41.406004
v -7.138195 -6.649537 42.170599
v -12.211361 -12.658642 43.598538
v -12.195701 -9.083279 42.833943
v -11.710483 -5.540959 43.598538
v -17.179281 -11.665282 45.145473
v -17.208701 -8.730510 44.380878
v -16.768561 -5.828781 45.145473
v -20.935258 -9.970384 46.335423
v -21.064854 -8.459149 45.570828
v -20.724890 -6.980957 46.335423
v -23.152531 -8.437413 47.049393
v -23.378546 -8.296332 46.284798
v -23.135001 -8.188294 47.049393
v -2.991942 -14.089116 49.430994
v -2.829994 -14.315760 48.666399
v -3.104132 -14.365185 49.430994
v 1.257923 -12.392786 50.446360
v 0.225846 -15.557603 49.681765
v -1.242317 -18.545201 50.446360
v 5.684975 -13.180928 51.800182
v 4.300300 -17.213393 51.035587
v 2.479538 -21.068640 51.800182
v 9.810477 -15.684595 53.266823
v 8.714291 -19.007166 52.502228
v 7.182019 -22.152519 53.266823
v 12.564767 -18.641963 54.395007
v 12.109669 -20.386992 53.630412
v 11.218484 -21.954802 54.395007
v 13.984948 -20.988243 55.071918
v 14.146896 -21.214887 54.307323
v 13.872757 -21.264313 55.071918
v -5.574705 -13.971539 49.744650
v -5.797954 -13.791151 48.980055
v -5.551643 -13.643806 49.744650
v -8.744642 -17.253754 50.647100
v -8.722436 -13.585353 49.882505
v -8.230670 -9.949995 50.647100
v -12.716434 -18.009374 51.850367
v -12.621745 -13.310955 51.085772
v -12.057496 -8.645579 51.850367
v -16.881382 -16.869368 53.153907
v -16.845997 -13.013690 52.389312
v -16.341052 -9.191056 53.153907
v -19.999018 -14.767944 54.156629
v -20.095421 -12.785026 53.392034
v -19.722264 -10.835150 54.156629
v -21.821827 -12.828215 54.758263
v -22.045076 -12.647827 53.993668
v -21.798765 -12.500482 54.758263
v -5.779256 -19.578792 61.769014
v -6.063613 -20.244179 61.405138
v -6.025722 -19.521570 61.769014
v -3.499885 -21.668353 64.745000
v -6.407351 -21.724739 64.381123
v -8.992570 -20.393130 64.745000
v -3.183593 -23.822273 68.712980
v -6.865669 -23.698820 68.349104
v -10.225497 -22.187371 68.712980
v -4.313875 -25.813719 73.011625
v -7.362179 -25.837407 72.647749
v -10.088236 -24.473099 73.011625
v -6.104187 -27.131805 76.318275
v -7.744111 -27.482474 75.954399
v -9.061787 -26.445146 76.318275
v -7.688912 -27.804127 78.302265
v -7.973269 -28.469514 77.938389
v -7.935379 -27.746905 78.302265
v 2.456230 -3.129496 0.585974
v 1.184040 -3.657556 0.611103
v 0.657081 -4.930330 0.593555
v 1.184040 -6.202246 0.543609
v 2.456230 -6.728231 0.490523
v 3.728421 -6.200171 0.465394
v 4.255380 -4.927397 0.482942
v 3.728421 -3.655482 0.532888
v 3.626420 -4.688256 38.611587
v 2.742954 -5.054965 38.629037
v 2.377010 -5.938836 38.616851
v 2.742954 -6.822110 38.582167
v 3.626420 -7.187378 38.545302
v 4.509885 -6.820669 38.527851
v 4.875829 -5.936798 38.540037
v 4.509885 -5.053524 38.574721
v 3.626420 -4.757375 38.989608
v 2.775239 -5.181472 39.094132
v 2.422669 -6.048626 38.896573
v 2.775239 -6.850869 38.512658
v 3.626420 -7.118259 38.167280
v 4.477600 -6.694162 38.062756
v 4.830170 -5.827008 38.260315
v 4.477600 -5.024765 38.644230
v 11.789631 -14.918750 66.338598
v 11.347017 -15.139280 66.392950
v 11.163681 -15.590200 66.290220
v 11.347017 -16.007367 66.090584
v 11.789631 -16.146410 65.910987
v 12.232245 -15.925879 65.856635
v 12.415581 -15.474959 65.959366
v 12.232245 -15.057792 66.159001
v 1.937614 -6.762387 25.442178
v 2.241985 -6.679428 24.687015
v 2.195843 -6.991509 25.442178
v 1.510850 -1.707431 26.665307
v 4.563512 -4.062989 25.910145
v 7.265660 -6.813588 26.665307
v 3.794644 2.501253 28.296147
v 7.658881 -0.574405 27.540984
v 11.172605 -4.045103 28.296147
v 7.811977 5.691380 30.062889
v 11.012198 3.204894 29.307727
v 13.861905 0.323368 30.062889
v 11.867043 7.289263 31.421922
v 13.591672 6.112048 30.666759
v 14.965787 4.539793 31.421922
v 14.834986 7.773381 32.237342
v 15.139357 7.856340 31.482179
v 15.093214 7.544259 32.237342
v 3.929932 -4.982508 25.795619
v 3.637942 -5.082374 25.040456
v 3.685104 -4.777404 25.795619
v 4.522993 -9.567791 26.891510
v 1.625341 -7.484765 26.136347
v -0.933160 -4.996902 26.891510
v 2.608982 -13.415591 28.352697
v -1.058128 -10.687952 27.597534
v -4.386086 -7.555477 28.352697
v -0.927665 -16.358301 29.935651
v -3.965218 -14.158072 29.180488
v -6.663621 -11.553007 29.935651
v -4.562902 -17.855601 31.153307
v -6.201442 -16.827395 30.398144
v -7.500831 -15.394353 31.153307
v -7.251187 -18.329123 31.883901
v -7.543176 -18.428989 31.128738
v -7.496014 -18.124019 31.883901
v 3.451760 -5.574877 34.452879
v 3.752160 -5.488395 33.697716
v 3.702047 -5.796953 34.452879
v 2.778496 -0.967982 35.501606
v 5.742668 -3.245026 34.746443
v 8.356328 -5.917110 35.501606
v 4.645889 2.721130 36.899909
v 8.396679 -0.253868 36.144747
v 11.796956 -3.623905 36.899909
v 8.164663 5.390499 38.414738
v 11.271857 2.986554 37.659575
v 14.028538 0.187569 38.414738
v 11.806552 6.614124 39.579991
v 13.483533 5.479186 38.824828
v 14.810000 3.949209 39.579991
v 14.510138 6.888284 40.279143
v 14.810538 6.974766 39.523980
v 14.760425 6.666207 40.279143
v 3.474968 -6.064429 34.430108
v 3.174380 -6.157091 33.674945
v 3.212943 -5.844917 34.430108
v 4.322623 -10.717627 35.487033
v 1.233339 -8.474062 34.731870
v -1.516793 -5.825660 35.487033
v 2.558077 -14.496814 36.896266
v -1.354715 -11.563356 36.141103
v -4.928355 -8.225061 36.896266
v -0.919428 -17.279092 38.422936
v -4.158440 -14.910091 37.667773
v -7.058301 -12.136254 38.422936
v -4.573426 -18.599153 39.597297
v -6.315152 -17.484503 38.842134
v -7.717727 -15.965016 39.597297
v -7.308591 -18.936487 40.301913
v -7.609179 -19.029150 39.546750
v -7.570616 -18.716976 40.301913
v 3.107253 -8.184744 42.724740
v 3.384785 -8.174849 41.961696
v 3.255164 -8.420452 42.724740
v 4.607218 -3.747037 43.867885
v 6.458952 -6.245745 43.104841
v 7.903532 -8.999952 43.867885
v 8.241242 -0.434103 45.392078
v 10.557841 -3.673607 44.629034
v 12.467286 -7.168610 45.392078
v 13.062049 1.746275 47.043288
v 14.998304 -0.887124 46.280243
v 16.527405 -3.776021 47.043288
v 17.322999 2.542822 48.313449
v 18.414045 1.256324 47.550404
v 19.097937 -0.285671 48.313449
v 20.185956 2.532498 49.075545
v 20.463489 2.542393 48.312501
v 20.333868 2.296791 49.075545
v 6.566725 -5.559297 42.584885
v 6.280242 -5.627424 41.821841
v 6.311178 -5.334581 42.584885
v 6.784275 -10.796403 43.778378
v 3.778049 -8.472910 43.015334
v 1.089243 -5.788449 43.778378
v 4.251163 -15.296635 45.369702
v 0.441792 -12.266892 44.606657
v -3.050160 -8.876181 45.369702
v -0.020235 -18.828942 47.093635
v -3.172486 -16.377040 46.330591
v -6.007319 -13.564169 47.093635
v -4.260713 -20.706503 48.419738
v -5.952701 -19.538691 47.656694
v -7.327269 -18.009912 48.419738
v -7.334346 -21.367556 49.215400
v -7.620829 -21.435682 48.452356
v -7.589893 -21.142840 49.215400
v 5.903941 -11.015318 51.392465
v 6.179216 -11.001826 50.629421
v 6.047338 -11.243831 51.392465
v 7.314997 -6.740137 52.484680
v 9.116419 -9.158670 51.721635
v 10.510687 -11.832700 52.484680
v 10.780593 -3.564414 53.940965
v 13.032689 -6.701129 53.177921
v 14.877631 -10.093341 53.940965
v 15.391953 -1.489681 55.518608
v 17.275316 -4.038792 54.755563
v 18.751524 -6.843401 55.518608
v 19.474919 -0.747515 56.732179
v 20.538874 -1.990841 55.969135
v 21.195675 -3.489665 56.732179
v 22.221734 -0.775563 57.460322
v 22.497009 -0.762071 56.697277
v 22.365131 -1.004076 57.460322
v 7.529948 -10.008049 51.356622
v 7.242694 -10.075498 50.593577
v 7.272860 -9.781978 51.356622
v 7.949186 -15.048883 52.461740
v 4.925782 -12.710284 51.698695
v 2.219798 -10.010717 52.461740
v 5.667960 -19.272442 53.935230
v 1.836565 -16.223332 53.172186
v -1.677409 -12.813255 53.935230
v 1.660225 -22.496917 55.531511
v -1.510086 -20.029135 54.768467
v -4.362978 -17.200384 55.531511
v -2.383196 -24.132620 56.759420
v -4.084433 -22.956675 55.996376
v -5.468251 -21.419762 56.759420
v -5.341788 -24.645751 57.496165
v -5.629041 -24.713200 56.733121
v -5.598876 -24.419680 57.496165
v 11.069683 -14.461736 65.244808
v 11.430254 -15.110180 64.912093
v 10.847943 -14.650393 65.244808
v 14.238151 -13.404193 67.973101
v 12.238769 -16.060481 67.640386
v 9.296505 -17.608538 67.973101
v 16.013070 -14.078340 71.610826
v 13.316789 -17.327549 71.278111
v 9.677626 -19.468527 71.610826
v 16.610735 -15.936114 75.551694
v 14.484644 -18.700207 75.218979
v 11.415671 -20.356067 75.551694
v 16.241996 -18.070042 78.583130
v 15.382994 -19.756097 78.250416
v 13.581110 -20.333920 78.583130
v 15.561433 -19.741187 80.401993
v 15.922004 -20.389631 80.069278
v 15.339692 -19.929843 80.401993
v -0.003167 0.160269 0.661351
v -1.252891 -0.382202 0.865958
v -1.770543 -1.658848 0.878597
v -1.252891 -2.921827 0.691865
v -0.003167 -3.431302 0.415146
v 1.246557 -2.888831 0.210539
v 1.764209 -1.612186 0.197900
v 1.246557 -0.349207 0.384632
v 7.860947 -3.174761 41.269835
v 6.993083 -3.551477 41.411924
v 6.633602 -4.438037 41.420701
v 6.993083 -5.315105 41.291026
v 7.860947 -5.668908 41.098860
v 8.728811 -5.292192 40.956772
v 9.088291 -4.405633 40.947995
v 8.728811 -3.528564 41.077670
v 7.326950 -5.552033 41.184348
v 8.178742 -5.549563 40.748761
v 8.844374 -4.886485 40.568336
v 8.933928 -3.951222 40.748761
v 8.394944 -3.291637 41.184348
v 7.543152 -3.294107 41.619934
v 6.877520 -3.957184 41.800360
v 6.787966 -4.892448 41.619934
v 22.655445 -12.130855 70.617730
v 23.098377 -12.129571 70.391225
v 23.444506 -11.784771 70.297404
v 23.491074 -11.298434 70.391225
v 23.210802 -10.955450 70.617730
v 22.767870 -10.956734 70.844235
v 22.421742 -11.301534 70.938056
v 22.375174 -11.787871 70.844235
v 5.524884 -1.874673 27.957905
v 5.779133 -1.703038 27.200951
v 5.826633 -2.006097 27.957905
v 3.477991 2.197907 28.955350
v 6.943709 0.970812 28.198396
v 10.202676 -0.730979 28.955350
v 4.082406 6.176087 30.285276
v 8.496476 4.535944 29.528322
v 12.703796 2.421105 30.285276
v 6.540495 9.700365 31.726030
v 10.178640 8.398170 30.969075
v 13.610035 6.621279 31.726030
v 9.558745 11.920312 32.834302
v 11.472612 11.369114 32.077347
v 13.179729 10.343219 32.834302
v 11.994746 12.980044 33.499265
v 12.248996 13.151680 32.742311
v 12.296495 12.848620 33.499265
v 4.952439 -4.290983 27.611349
v 4.714875 -4.493804 26.854395
v 4.615539 -4.197653 27.611349
v 7.662020 -8.446429 28.733554
v 3.838878 -7.655954 27.976600
v 0.153964 -6.366505 28.733554
v 7.552853 -12.955951 30.229827
v 2.670882 -11.872153 29.472873
v -2.072860 -10.289381 30.229827
v 5.421210 -17.283509 31.850790
v 1.405553 -16.439701 31.093836
v -2.471874 -15.096921 31.850790
v 2.522738 -20.263694 33.097684
v 0.432224 -19.953201 32.340730
v -1.520062 -19.143734 33.097684
v 0.085790 -21.858478 33.845821
v -0.151774 -22.061300 33.088867
v -0.251110 -21.765148 33.845821
v 7.172945 -2.753965 36.981026
v 7.431808 -2.584339 36.224071
v 7.483921 -2.889408 36.981026
v 5.064495 1.445556 38.009867
v 8.633040 0.173674 37.252913
v 11.994836 -1.572903 38.009867
v 5.688782 5.548587 39.381655
v 10.234683 3.851025 38.624701
v 14.573834 1.678768 39.381655
v 8.223550 9.184100 40.867758
v 11.969796 7.834822 40.110804
v 15.509293 6.010848 40.867758
v 11.335263 11.474595 42.010915
v 13.304499 10.899280 41.253961
v 15.066985 9.849271 42.010915
v 13.846457 12.568330 42.696809
v 14.105320 12.737956 41.939855
v 14.157434 12.432886 42.696809
v 6.989292 -4.189585 37.036315
v 6.798632 -4.405400 36.279361
v 6.746200 -4.122242 37.036315
v 8.788914 -7.749288 38.045252
v 6.011053 -7.248382 37.288298
v 3.371420 -6.248503 38.045252
v 8.502814 -11.751580 39.390501
v 4.960947 -11.039025 38.633547
v 1.557308 -9.827496 39.390501
v 6.740104 -15.684943 40.847854
v 3.823332 -15.145555 40.090900
v 1.044789 -14.107194 40.847854
v 4.475915 -18.458995 41.968895
v 2.948244 -18.304424 41.211941
v 1.558802 -17.650880 41.968895
v 2.613852 -19.983930 42.641520
v 2.423191 -20.199746 41.884565
v 2.370759 -19.916587 42.641520
v 10.021811 -5.344847 46.463023
v 10.293895 -5.254910 45.696787
v 10.301678 -5.541367 46.463023
v 8.763459 -0.803513 47.361406
v 12.014123 -2.805103 46.595170
v 15.000487 -5.183087 47.361406
v 10.177516 3.080528 48.559251
v 14.307761 0.461306 47.793014
v 18.173705 -2.534311 48.559251
v 13.381948 6.113803 49.856916
v 16.792535 3.999916 49.090679
v 19.938823 1.509635 49.856916
v 16.892550 7.712842 50.855119
v 18.703900 6.721923 50.088883
v 20.250950 5.354610 50.855119
v 19.578635 8.265190 51.454042
v 19.850719 8.355128 50.687805
v 19.858502 8.068671 51.454042
v 10.161093 -5.249642 46.037860
v 9.945559 -5.428498 45.271624
v 9.852960 -5.164169 46.037860
v 12.504051 -9.535297 47.089302
v 9.009093 -8.804468 46.323066
v 5.637071 -7.630454 47.089302
v 12.223850 -14.305221 48.491225
v 7.760472 -13.305761 47.724988
v 3.420029 -11.863115 48.491225
v 10.078833 -18.961833 50.009974
v 6.407799 -18.182162 49.243738
v 2.859700 -16.959306 50.009974
v 7.277552 -22.224489 51.178243
v 5.367281 -21.933239 50.412007
v 3.579947 -21.198804 51.178243
v 4.958506 -24.005030 51.879205
v 4.742971 -24.183886 51.112968
v 4.650372 -23.919556 51.879205
v 13.827627 -8.528199 54.906724
v 14.084082 -8.427288 54.140488
v 14.076236 -8.702770 54.906724
v 13.361473 -3.566039 56.045095
v 16.263839 -5.323058 55.278858
v 18.901905 -7.456471 56.045095
v 15.486473 1.121585 57.562922
v 19.170182 -1.184085 56.796686
v 22.589590 -3.866149 57.562922
v 19.274292 5.156576 59.207236
v 22.318720 3.299802 58.440999
v 25.098848 1.066635 59.207236
v 23.116867 7.608173 60.472092
v 24.740672 6.748946 59.705855
v 26.100177 5.513325 60.472092
v 25.937389 8.717521 61.231006
v 26.193843 8.818433 60.464769
v 26.185998 8.542950 61.231006
v 14.536499 -8.073914 55.150627
v 14.319508 -8.252366 54.384391
v 14.225453 -7.987632 55.150627
v 16.911240 -12.365354 56.201193
v 13.383823 -11.625522 55.434956
v 9.979342 -10.442504 56.201193
v 16.641235 -17.134066 57.601947
v 12.136243 -16.123062 56.835710
v 7.754186 -14.668873 57.601947
v 14.489855 -21.784535 59.119430
v 10.784698 -20.995398 58.353194
v 7.202476 -19.763076 59.119430
v 11.672796 -25.039447 60.286725
v 9.745047 -24.743349 59.520489
v 7.940235 -24.004066 60.286725
v 9.338249 -26.813667 60.987102
v 9.121257 -26.992119 60.220866
v 9.027202 -26.727386 60.987102
v 21.761850 -10.821064 69.826540
v 22.326088 -11.256340 69.432293
v 21.631540 -11.096863 69.826540
v 24.490108 -8.519553 72.446043
v 23.667477 -11.890120 72.051796
v 21.586059 -14.665935 72.446043
v 26.688172 -8.497797 75.938714
v 25.455996 -12.735162 75.544467
v 22.965033 -16.377773 75.938714
v 28.290651 -10.122456 79.722441
v 27.393558 -13.650623 79.328193
v 25.237677 -16.584037 79.722441
v 29.036456 -12.402652 82.633000
v 28.883990 -14.354824 82.238752
v 27.472737 -15.712242 82.633000
v 29.214011 -14.342068 84.379336
v 29.778249 -14.777344 83.985088
v 29.083701 -14.617868 84.379336
vt -0.028089 0.030075
vt -0.023046 0.017329
vt -0.028089 0.004621
vt -0.040265 -0.000605
vt -0.052442 0.004712
vt -0.057485 0.017458
vt -0.052442 0.030166
vt -0.040265 0.035392
vt 0.091667 0.035218
vt 0.083211 0.031589
vt 0.079708 0.022764
vt 0.083211 0.013913
vt 0.091667 0.010220
vt 0.100122 0.013849
vt 0.103625 0.022674
vt 0.100122 0.031526
vt -0.040265 0.005161
vt -0.052442 0.008933
vt 0.083211 0.441157
vt 0.091667 0.438538
vt 0.030166 0.008933
vt 0.017458 0.010625
vt 0.022764 0.442332
vt 0.031589 0.441157
vt 0.017458 0.010625
vt 0.004712 0.009246
vt 0.013913 0.441375
vt 0.022764 0.442332
vt -0.052442 0.009246
vt -0.040265 0.005604
vt 0.091667 0.438845
vt 0.083211 0.441375
vt -0.040265 0.005604
vt -0.028089 0.001832
vt 0.100122 0.436226
vt 0.091667 0.438845
vt 0.004621 0.001832
vt 0.017329 0.000140
vt 0.022674 0.435051
vt 0.013849 0.436226
vt 0.017329 0.000140
vt 0.030075 0.001519
vt 0.031526 0.436009
vt 0.022674 0.435051
vt -0.028089 0.001519
vt -0.040265 0.005161
vt 0.091667 0.438538
vt 0.100122 0.436009
vt 0.086047 0.012426
vt 0.081024 0.020368
vt 0.082234 0.029687
vt 0.088970 0.034925
vt 0.097286 0.033012
vt 0.102310 0.025070
vt 0.101099 0.015751
vt 0.094363 0.010513
vt 0.265094 0.054373
vt 0.268597 0.057096
vt 0.269226 0.061942
vt 0.266614 0.066072
vt 0.262290 0.067067
vt 0.258787 0.064343
vt 0.258158 0.059497
vt 0.260770 0.055367
vt 0.094363 0.438692
vt 0.101099 0.434364
vt 0.268597 0.750217
vt 0.265094 0.752467
vt 0.015751 0.434364
vt 0.025070 0.432572
vt 0.061942 0.749285
vt 0.057096 0.750217
vt 0.025070 0.432572
vt 0.033012 0.434364
vt 0.066072 0.750217
vt 0.061942 0.749285
vt 0.097286 0.434364
vt 0.088970 0.438692
vt 0.262290 0.752467
vt 0.266614 0.750217
vt 0.088970 0.438692
vt 0.082234 0.443019
vt 0.258787 0.754718
vt 0.262290 0.752467
vt 0.029687 0.443019
vt 0.020368 0.444811
vt 0.059497 0.755650
vt 0.064343 0.754718
vt 0.020368 0.444811
vt 0.012426 0.443019
vt 0.055367 0.754718
vt 0.059497 0.755650
vt 0.086047 0.443019
vt 0.094363 0.438692
vt 0.265094 0.752467
vt 0.260770 0.754718
vt 0.044219 0.008043
vt 0.009593 0.044286
vt 0.048186 0.044449
vt 0.046099 0.010460
vt 0.046099 0.010460
vt 0.048186 0.044449
vt 0.009593 0.044286
vt 0.044219 0.008043
vt 0.046099 0.010460
vt 0.048186 0.044449
vt 0.086469 0.039565
vt 0.047669 0.007831
vt 0.047669 0.007831
vt 0.086469 0.039565
vt 0.048186 0.044449
vt 0.046099 0.010460
vt 0.009593 0.044286
vt 0.001534 0.090269
vt 0.050968 0.089767
vt 0.048186 0.044449
vt 0.048186 0.044449
vt 0.050968 0.089767
vt 0.001534 0.090269
vt 0.009593 0.044286
vt 0.048186 0.044449
vt 0.050968 0.089767
vt 0.100093 0.084218
vt 0.086469 0.039565
vt 0.086469 0.039565
vt 0.100093 0.084218
vt 0.050968 0.089767
vt 0.048186 0.044449
vt 0.001534 0.090269
vt 0.013419 0.138819
vt 0.053983 0.138861
vt 0.050968 0.089767
vt 0.050968 0.089767
vt 0.053983 0.138861
vt 0.013419 0.138819
vt 0.001534 0.090269
vt 0.050968 0.089767
vt 0.053983 0.138861
vt 0.094237 0.133857
vt 0.100093 0.084218
vt 0.100093 0.084218
vt 0.094237 0.133857
vt 0.053983 0.138861
vt 0.050968 0.089767
vt 0.013419 0.138819
vt 0.035450 0.175374
vt 0.056302 0.176626
vt 0.053983 0.138861
vt 0.053983 0.138861
vt 0.056302 0.176626
vt 0.035450 0.175374
vt 0.013419 0.138819
vt 0.053983 0.138861
vt 0.056302 0.176626
vt 0.076844 0.172832
vt 0.094237 0.133857
vt 0.094237 0.133857
vt 0.076844 0.172832
vt 0.056302 0.176626
vt 0.053983 0.138861
vt 0.035450 0.175374
vt 0.055813 0.196868
vt 0.057693 0.199285
vt 0.056302 0.176626
vt 0.056302 0.176626
vt 0.057693 0.199285
vt 0.055813 0.196868
vt 0.035450 0.175374
vt 0.056302 0.176626
vt 0.057693 0.199285
vt 0.059263 0.196656
vt 0.076844 0.172832
vt 0.076844 0.172832
vt 0.059263 0.196656
vt 0.057693 0.199285
vt 0.056302 0.176626
vt 0.047413 0.012126
vt 0.085166 -0.016587
vt 0.051001 -0.024025
vt 0.046222 0.009402
vt 0.046222 0.009402
vt 0.051001 -0.024025
vt 0.085166 -0.016587
vt 0.047413 0.012126
vt 0.046222 0.009402
vt 0.051001 -0.024025
vt 0.016121 -0.026459
vt 0.044315 0.011683
vt 0.044315 0.011683
vt 0.016121 -0.026459
vt 0.051001 -0.024025
vt 0.046222 0.009402
vt 0.085166 -0.016587
vt 0.101276 -0.059764
vt 0.057374 -0.068595
vt 0.051001 -0.024025
vt 0.051001 -0.024025
vt 0.057374 -0.068595
vt 0.101276 -0.059764
vt 0.085166 -0.016587
vt 0.051001 -0.024025
vt 0.057374 -0.068595
vt 0.012756 -0.072421
vt 0.016121 -0.026459
vt 0.016121 -0.026459
vt 0.012756 -0.072421
vt 0.057374 -0.068595
vt 0.051001 -0.024025
vt 0.101276 -0.059764
vt 0.100212 -0.109187
vt 0.064277 -0.116879
vt 0.057374 -0.068595
vt 0.057374 -0.068595
vt 0.064277 -0.116879
vt 0.100212 -0.109187
vt 0.101276 -0.059764
vt 0.057374 -0.068595
vt 0.064277 -0.116879
vt 0.027627 -0.119565
vt 0.012756 -0.072421
vt 0.012756 -0.072421
vt 0.027627 -0.119565
vt 0.064277 -0.116879
vt 0.057374 -0.068595
vt 0.100212 -0.109187
vt 0.087819 -0.148860
vt 0.069588 -0.154020
vt 0.064277 -0.116879
vt 0.064277 -0.116879
vt 0.069588 -0.154020
vt 0.087819 -0.148860
vt 0.100212 -0.109187
vt 0.064277 -0.116879
vt 0.069588 -0.154020
vt 0.050641 -0.154176
vt 0.027627 -0.119565
vt 0.027627 -0.119565
vt 0.050641 -0.154176
vt 0.069588 -0.154020
vt 0.064277 -0.116879
vt -0.148860 0.350492
vt -0.173581 0.357990
vt -0.176305 0.350400
vt -0.154020 0.342902
vt -0.154020 0.342902
vt -0.176305 0.350400
vt -0.173581 0.357990
vt -0.148860 0.350492
vt 0.069588 -0.154020
vt 0.072774 -0.176305
vt 0.070867 -0.174024
vt 0.050641 -0.154176
vt 0.050641 -0.154176
vt 0.070867 -0.174024
vt 0.072774 -0.176305
vt 0.069588 -0.154020
vt 0.073345 0.027529
vt 0.039581 0.062831
vt 0.077214 0.063053
vt 0.075181 0.029949
vt 0.075181 0.029949
vt 0.077214 0.063053
vt 0.039581 0.062831
vt 0.073345 0.027529
vt 0.075181 0.029949
vt 0.077214 0.063053
vt 0.114537 0.058228
vt 0.076708 0.027323
vt 0.076708 0.027323
vt 0.114537 0.058228
vt 0.077214 0.063053
vt 0.075181 0.029949
vt 0.039581 0.062831
vt 0.031721 0.107618
vt 0.079924 0.107191
vt 0.077214 0.063053
vt 0.077214 0.063053
vt 0.079924 0.107191
vt 0.031721 0.107618
vt 0.039581 0.062831
vt 0.077214 0.063053
vt 0.079924 0.107191
vt 0.127818 0.101717
vt 0.114537 0.058228
vt 0.114537 0.058228
vt 0.127818 0.101717
vt 0.079924 0.107191
vt 0.077214 0.063053
vt 0.031721 0.107618
vt 0.043306 0.154903
vt 0.082860 0.155007
vt 0.079924 0.107191
vt 0.079924 0.107191
vt 0.082860 0.155007
vt 0.043306 0.154903
vt 0.031721 0.107618
vt 0.079924 0.107191
vt 0.082860 0.155007
vt 0.122105 0.150064
vt 0.127818 0.101717
vt 0.127818 0.101717
vt 0.122105 0.150064
vt 0.082860 0.155007
vt 0.079924 0.107191
vt 0.043306 0.154903
vt 0.064783 0.190504
vt 0.085119 0.191788
vt 0.082860 0.155007
vt 0.082860 0.155007
vt 0.085119 0.191788
vt 0.064783 0.190504
vt 0.043306 0.154903
vt 0.082860 0.155007
vt 0.085119 0.191788
vt 0.105144 0.188026
vt 0.122105 0.150064
vt 0.122105 0.150064
vt 0.105144 0.188026
vt 0.085119 0.191788
vt 0.082860 0.155007
vt 0.064783 0.190504
vt 0.084637 0.211437
vt 0.086474 0.213857
vt 0.085119 0.191788
vt 0.085119 0.191788
vt 0.086474 0.213857
vt 0.084637 0.211437
vt 0.064783 0.190504
vt 0.085119 0.191788
vt 0.086474 0.213857
vt 0.088001 0.211231
vt 0.105144 0.188026
vt 0.105144 0.188026
vt 0.088001 0.211231
vt 0.086474 0.213857
vt 0.085119 0.191788
vt 0.076532 0.014383
vt 0.111421 -0.015697
vt 0.080395 -0.022687
vt 0.075482 0.011679
vt 0.075482 0.011679
vt 0.080395 -0.022687
vt 0.111421 -0.015697
vt 0.076532 0.014383
vt 0.075482 0.011679
vt 0.080395 -0.022687
vt 0.048653 -0.024672
vt 0.073716 0.013980
vt 0.073716 0.013980
vt 0.048653 -0.024672
vt 0.080395 -0.022687
vt 0.075482 0.011679
vt 0.111421 -0.015697
vt 0.126825 -0.060253
vt 0.086947 -0.068508
vt 0.080395 -0.022687
vt 0.080395 -0.022687
vt 0.086947 -0.068508
vt 0.126825 -0.060253
vt 0.111421 -0.015697
vt 0.080395 -0.022687
vt 0.086947 -0.068508
vt 0.046353 -0.071759
vt 0.048653 -0.024672
vt 0.048653 -0.024672
vt 0.046353 -0.071759
vt 0.086947 -0.068508
vt 0.080395 -0.022687
vt 0.126825 -0.060253
vt 0.126680 -0.110928
vt 0.094044 -0.118148
vt 0.086947 -0.068508
vt 0.086947 -0.068508
vt 0.094044 -0.118148
vt 0.126680 -0.110928
vt 0.126825 -0.060253
vt 0.086947 -0.068508
vt 0.094044 -0.118148
vt 0.060693 -0.120363
vt 0.046353 -0.071759
vt 0.046353 -0.071759
vt 0.060693 -0.120363
vt 0.094044 -0.118148
vt 0.086947 -0.068508
vt 0.126680 -0.110928
vt 0.116045 -0.151414
vt 0.099503 -0.156333
vt 0.094044 -0.118148
vt 0.094044 -0.118148
vt 0.099503 -0.156333
vt 0.116045 -0.151414
vt 0.126680 -0.110928
vt 0.094044 -0.118148
vt 0.099503 -0.156333
vt 0.082247 -0.156247
vt 0.060693 -0.120363
vt 0.060693 -0.120363
vt 0.082247 -0.156247
vt 0.099503 -0.156333
vt 0.094044 -0.118148
vt -0.151414 0.448280
vt -0.176540 0.455988
vt -0.179244 0.448398
vt -0.156333 0.440690
vt -0.156333 0.440690
vt -0.179244 0.448398
vt -0.176540 0.455988
vt -0.151414 0.448280
vt 0.099503 -0.156333
vt 0.102779 -0.179244
vt 0.101013 -0.176942
vt 0.082247 -0.156247
vt 0.082247 -0.156247
vt 0.101013 -0.176942
vt 0.102779 -0.179244
vt 0.099503 -0.156333
vt 0.115813 0.033359
vt 0.084061 0.062315
vt 0.115675 0.066131
vt 0.117126 0.035729
vt 0.117126 0.035729
vt 0.115675 0.066131
vt 0.084061 0.062315
vt 0.115813 0.033359
vt 0.117126 0.035729
vt 0.115675 0.066131
vt 0.147509 0.065344
vt 0.118660 0.033495
vt 0.118660 0.033495
vt 0.147509 0.065344
vt 0.115675 0.066131
vt 0.117126 0.035729
vt 0.084061 0.062315
vt 0.073178 0.102424
vt 0.113740 0.106668
vt 0.115675 0.066131
vt 0.115675 0.066131
vt 0.113740 0.106668
vt 0.073178 0.102424
vt 0.084061 0.062315
vt 0.115675 0.066131
vt 0.113740 0.106668
vt 0.154521 0.106308
vt 0.147509 0.065344
vt 0.147509 0.065344
vt 0.154521 0.106308
vt 0.113740 0.106668
vt 0.115675 0.066131
vt 0.073178 0.102424
vt 0.078402 0.146688
vt 0.111643 0.150582
vt 0.113740 0.106668
vt 0.113740 0.106668
vt 0.111643 0.150582
vt 0.078402 0.146688
vt 0.073178 0.102424
vt 0.113740 0.106668
vt 0.111643 0.150582
vt 0.145104 0.149873
vt 0.154521 0.106308
vt 0.154521 0.106308
vt 0.145104 0.149873
vt 0.111643 0.150582
vt 0.113740 0.106668
vt 0.078402 0.146688
vt 0.093058 0.181246
vt 0.110030 0.184363
vt 0.111643 0.150582
vt 0.111643 0.150582
vt 0.110030 0.184363
vt 0.093058 0.181246
vt 0.078402 0.146688
vt 0.111643 0.150582
vt 0.110030 0.184363
vt 0.127222 0.182877
vt 0.145104 0.149873
vt 0.145104 0.149873
vt 0.127222 0.182877
vt 0.110030 0.184363
vt 0.111643 0.150582
vt 0.181246 0.540390
vt 0.202262 0.546493
vt 0.204631 0.538832
vt 0.184363 0.532729
vt 0.184363 0.532729
vt 0.204631 0.538832
vt 0.202262 0.546493
vt 0.181246 0.540390
vt 0.110030 0.184363
vt 0.109062 0.204631
vt 0.110596 0.202397
vt 0.127222 0.182877
vt 0.127222 0.182877
vt 0.110596 0.202397
vt 0.109062 0.204631
vt 0.110030 0.184363
vt 0.119324 0.022829
vt 0.163920 0.003931
vt 0.131670 -0.011705
vt 0.118708 0.020090
vt 0.118708 0.020090
vt 0.131670 -0.011705
vt 0.163920 0.003931
vt 0.119324 0.022829
vt 0.118708 0.020090
vt 0.131670 -0.011705
vt 0.097681 -0.023073
vt 0.116352 0.021618
vt 0.116352 0.021618
vt 0.097681 -0.023073
vt 0.131670 -0.011705
vt 0.118708 0.020090
vt 0.163920 0.003931
vt 0.190544 -0.034654
vt 0.148953 -0.054098
vt 0.131670 -0.011705
vt 0.131670 -0.011705
vt 0.148953 -0.054098
vt 0.190544 -0.034654
vt 0.163920 0.003931
vt 0.131670 -0.011705
vt 0.148953 -0.054098
vt 0.105623 -0.069275
vt 0.097681 -0.023073
vt 0.097681 -0.023073
vt 0.105623 -0.069275
vt 0.148953 -0.054098
vt 0.131670 -0.011705
vt 0.190544 -0.034654
vt 0.201624 -0.083696
vt 0.167677 -0.100024
vt 0.148953 -0.054098
vt 0.148953 -0.054098
vt 0.167677 -0.100024
vt 0.201624 -0.083696
vt 0.190544 -0.034654
vt 0.148953 -0.054098
vt 0.167677 -0.100024
vt 0.131989 -0.112085
vt 0.105623 -0.069275
vt 0.105623 -0.069275
vt 0.131989 -0.112085
vt 0.167677 -0.100024
vt 0.148953 -0.054098
vt 0.201624 -0.083696
vt 0.199042 -0.125948
vt 0.182079 -0.135352
vt 0.167677 -0.100024
vt 0.167677 -0.100024
vt 0.182079 -0.135352
vt 0.199042 -0.125948
vt 0.201624 -0.083696
vt 0.167677 -0.100024
vt 0.182079 -0.135352
vt 0.163376 -0.140488
vt 0.131989 -0.112085
vt 0.131989 -0.112085
vt 0.163376 -0.140488
vt 0.182079 -0.135352
vt 0.167677 -0.100024
vt -0.125948 0.542865
vt -0.153809 0.549751
vt -0.156549 0.542090
vt -0.135352 0.535204
vt -0.135352 0.535204
vt -0.156549 0.542090
vt -0.153809 0.549751
vt -0.125948 0.542865
vt 0.182079 -0.135352
vt 0.190720 -0.156549
vt 0.188364 -0.155020
vt 0.163376 -0.140488
vt 0.163376 -0.140488
vt 0.188364 -0.155020
vt 0.190720 -0.156549
vt 0.182079 -0.135352
vt 0.169810 0.025173
vt 0.136806 0.061599
vt 0.169355 0.065460
vt 0.171165 0.027545
vt 0.171165 0.027545
vt 0.169355 0.065460
vt 0.136806 0.061599
vt 0.169810 0.025173
vt 0.171165 0.027545
vt 0.169355 0.065460
vt 0.202124 0.064717
vt 0.172740 0.025313
vt 0.172740 0.025313
vt 0.202124 0.064717
vt 0.169355 0.065460
vt 0.171165 0.027545
vt 0.136806 0.061599
vt 0.125180 0.111712
vt 0.166941 0.116013
vt 0.169355 0.065460
vt 0.169355 0.065460
vt 0.166941 0.116013
vt 0.125180 0.111712
vt 0.136806 0.061599
vt 0.169355 0.065460
vt 0.166941 0.116013
vt 0.208922 0.115710
vt 0.202124 0.064717
vt 0.202124 0.064717
vt 0.208922 0.115710
vt 0.166941 0.116013
vt 0.169355 0.065460
vt 0.125180 0.111712
vt 0.130102 0.166837
vt 0.164327 0.170778
vt 0.166941 0.116013
vt 0.166941 0.116013
vt 0.164327 0.170778
vt 0.130102 0.166837
vt 0.125180 0.111712
vt 0.166941 0.116013
vt 0.164327 0.170778
vt 0.198771 0.170116
vt 0.208922 0.115710
vt 0.208922 0.115710
vt 0.198771 0.170116
vt 0.164327 0.170778
vt 0.166941 0.116013
vt 0.130102 0.166837
vt 0.144839 0.209764
vt 0.162315 0.212906
vt 0.164327 0.170778
vt 0.164327 0.170778
vt 0.162315 0.212906
vt 0.144839 0.209764
vt 0.130102 0.166837
vt 0.164327 0.170778
vt 0.162315 0.212906
vt 0.180011 0.211444
vt 0.198771 0.170116
vt 0.198771 0.170116
vt 0.180011 0.211444
vt 0.162315 0.212906
vt 0.164327 0.170778
vt 0.144839 0.209764
vt 0.159753 0.235810
vt 0.161109 0.238182
vt 0.162315 0.212906
vt 0.162315 0.212906
vt 0.161109 0.238182
vt 0.159753 0.235810
vt 0.144839 0.209764
vt 0.162315 0.212906
vt 0.161109 0.238182
vt 0.162684 0.235950
vt 0.180011 0.211444
vt 0.180011 0.211444
vt 0.162684 0.235950
vt 0.161109 0.238182
vt 0.162315 0.212906
vt 0.167831 0.043317
vt 0.207613 0.016913
vt 0.182432 0.004158
vt 0.167532 0.040707
vt 0.167532 0.040707
vt 0.182432 0.004158
vt 0.207613 0.016913
vt 0.167831 0.043317
vt 0.167532 0.040707
vt 0.182432 0.004158
vt 0.155511 -0.004329
vt 0.165493 0.042364
vt 0.165493 0.042364
vt 0.155511 -0.004329
vt 0.182432 0.004158
vt 0.167532 0.040707
vt 0.207613 0.016913
vt 0.234828 -0.028823
vt 0.202299 -0.044573
vt 0.182432 0.004158
vt 0.182432 0.004158
vt 0.202299 -0.044573
vt 0.234828 -0.028823
vt 0.207613 0.016913
vt 0.182432 0.004158
vt 0.202299 -0.044573
vt 0.168030 -0.056056
vt 0.155511 -0.004329
vt 0.155511 -0.004329
vt 0.168030 -0.056056
vt 0.202299 -0.044573
vt 0.182432 0.004158
vt 0.234828 -0.028823
vt 0.250338 -0.084067
vt 0.223821 -0.097366
vt 0.202299 -0.044573
vt 0.202299 -0.044573
vt 0.223821 -0.097366
vt 0.250338 -0.084067
vt 0.234828 -0.028823
vt 0.202299 -0.044573
vt 0.223821 -0.097366
vt 0.195565 -0.106397
vt 0.168030 -0.056056
vt 0.168030 -0.056056
vt 0.195565 -0.106397
vt 0.223821 -0.097366
vt 0.202299 -0.044573
vt 0.250338 -0.084067
vt 0.253535 -0.130123
vt 0.240377 -0.137976
vt 0.223821 -0.097366
vt 0.223821 -0.097366
vt 0.240377 -0.137976
vt 0.253535 -0.130123
vt 0.250338 -0.084067
vt 0.223821 -0.097366
vt 0.240377 -0.137976
vt 0.225480 -0.141560
vt 0.195565 -0.106397
vt 0.195565 -0.106397
vt 0.225480 -0.141560
vt 0.240377 -0.137976
vt 0.223821 -0.097366
vt -0.130123 0.643246
vt -0.159731 0.651161
vt -0.162341 0.643500
vt -0.137976 0.635585
vt -0.137976 0.635585
vt -0.162341 0.643500
vt -0.159731 0.651161
vt -0.130123 0.643246
vt 0.240377 -0.137976
vt 0.250311 -0.162341
vt 0.248272 -0.160684
vt 0.225480 -0.141560
vt 0.225480 -0.141560
vt 0.248272 -0.160684
vt 0.250311 -0.162341
vt 0.240377 -0.137976
vt 0.057072 0.726314
vt 0.092942 0.759113
vt 0.061050 0.755196
vt 0.057078 0.722397
vt 0.057078 0.722397
vt 0.061050 0.755196
vt 0.092942 0.759113
vt 0.057072 0.726314
vt 0.057078 0.722397
vt 0.061050 0.755196
vt 0.026149 0.759113
vt 0.054075 0.726314
vt 0.054075 0.726314
vt 0.026149 0.759113
vt 0.061050 0.755196
vt 0.057078 0.722397
vt 0.092942 0.759113
vt 0.107657 0.802844
vt 0.066346 0.798928
vt 0.061050 0.755196
vt 0.061050 0.755196
vt 0.066346 0.798928
vt 0.107657 0.802844
vt 0.092942 0.759113
vt 0.061050 0.755196
vt 0.066346 0.798928
vt 0.022026 0.802844
vt 0.026149 0.759113
vt 0.026149 0.759113
vt 0.022026 0.802844
vt 0.066346 0.798928
vt 0.061050 0.755196
vt 0.107657 0.802844
vt 0.105688 0.850220
vt 0.072084 0.846303
vt 0.066346 0.798928
vt 0.066346 0.798928
vt 0.072084 0.846303
vt 0.105688 0.850220
vt 0.107657 0.802844
vt 0.066346 0.798928
vt 0.072084 0.846303
vt 0.035470 0.850220
vt 0.022026 0.802844
vt 0.022026 0.802844
vt 0.035470 0.850220
vt 0.072084 0.846303
vt 0.066346 0.798928
vt 0.105688 0.850220
vt 0.092975 0.886663
vt 0.076498 0.882746
vt 0.072084 0.846303
vt 0.072084 0.846303
vt 0.076498 0.882746
vt 0.092975 0.886663
vt 0.105688 0.850220
vt 0.072084 0.846303
vt 0.076498 0.882746
vt 0.057010 0.886663
vt 0.035470 0.850220
vt 0.035470 0.850220
vt 0.057010 0.886663
vt 0.076498 0.882746
vt 0.072084 0.846303
vt 0.324333 0.886663
vt 0.339962 0.908529
vt 0.347104 0.904612
vt 0.335117 0.882746
vt 0.335117 0.882746
vt 0.347104 0.904612
vt 0.339962 0.908529
vt 0.324333 0.886663
vt 0.076498 0.882746
vt 0.079146 0.904612
vt 0.076142 0.908529
vt 0.057010 0.886663
vt 0.057010 0.886663
vt 0.076142 0.908529
vt 0.079146 0.904612
vt 0.076498 0.882746
vt 0.040005 -0.005127
vt 0.045241 -0.017828
vt 0.040005 -0.030370
vt 0.027366 -0.035404
vt 0.014727 -0.029982
vt 0.009491 -0.017281
vt 0.014727 -0.004740
vt 0.027366 0.000294
vt 0.078742 0.050825
vt 0.069965 0.047329
vt 0.066329 0.038620
vt 0.069965 0.029800
vt 0.078742 0.026035
vt 0.087519 0.029531
vt 0.091155 0.038240
vt 0.087519 0.047061
vt 0.027366 0.003057
vt 0.014727 0.005224
vt 0.069965 0.434972
vt 0.078742 0.433467
vt -0.004740 0.005224
vt -0.017281 0.007484
vt 0.038620 0.436541
vt 0.047329 0.434972
vt -0.017281 0.007484
vt -0.029982 0.008513
vt 0.029800 0.437255
vt 0.038620 0.436541
vt 0.014727 0.008513
vt 0.027366 0.007708
vt 0.078742 0.436697
vt 0.069965 0.437255
vt 0.027366 0.007708
vt 0.040005 0.005541
vt 0.087519 0.435192
vt 0.078742 0.436697
vt -0.030370 0.005541
vt -0.017828 0.003281
vt 0.038240 0.433622
vt 0.029531 0.435192
vt -0.017828 0.003281
vt -0.005127 0.002252
vt 0.047061 0.432908
vt 0.038240 0.433622
vt 0.040005 0.002252
vt 0.027366 0.003057
vt 0.078742 0.433467
vt 0.087519 0.432908
vt 0.074969 0.027247
vt 0.068550 0.034133
vt 0.068101 0.043536
vt 0.073886 0.049948
vt 0.082515 0.049613
vt 0.088934 0.042727
vt 0.089383 0.033324
vt 0.083598 0.026912
vt 0.232205 0.096075
vt 0.235213 0.099410
vt 0.234980 0.104299
vt 0.231642 0.107880
vt 0.227155 0.108054
vt 0.224147 0.104720
vt 0.224380 0.099830
vt 0.227718 0.096250
vt 0.083598 0.435082
vt 0.089383 0.430964
vt 0.235213 0.744102
vt 0.232205 0.746243
vt 0.033324 0.430964
vt 0.042727 0.429259
vt 0.104299 0.743215
vt 0.099410 0.744102
vt 0.088934 0.429259
vt 0.082515 0.430964
vt 0.231642 0.744102
vt 0.234980 0.743215
vt 0.082515 0.430964
vt 0.073886 0.435082
vt 0.227155 0.746243
vt 0.231642 0.744102
vt 0.073886 0.435082
vt 0.068101 0.439199
vt 0.224147 0.748384
vt 0.227155 0.746243
vt 0.043536 0.439199
vt 0.034133 0.440904
vt 0.099830 0.749271
vt 0.104720 0.748384
vt 0.068550 0.440904
vt 0.074969 0.439199
vt 0.227718 0.748384
vt 0.224380 0.749271
vt 0.074969 0.439199
vt 0.083598 0.435082
vt 0.232205 0.746243
vt 0.227718 0.748384
vt 0.044136 0.032336
vt -0.002520 0.029197
vt 0.022616 0.057062
vt 0.043538 0.035375
vt 0.043538 0.035375
vt 0.022616 0.057062
vt -0.002520 0.029197
vt 0.044136 0.032336
vt 0.043538 0.035375
vt 0.022616 0.057062
vt 0.051366 0.081181
vt 0.046554 0.034668
vt 0.046554 0.034668
vt 0.051366 0.081181
vt 0.022616 0.057062
vt 0.043538 0.035375
vt -0.002520 0.029197
vt -0.038015 0.050783
vt -0.005279 0.085978
vt 0.022616 0.057062
vt 0.022616 0.057062
vt -0.005279 0.085978
vt -0.038015 0.050783
vt -0.002520 0.029197
vt 0.022616 0.057062
vt -0.005279 0.085978
vt 0.031070 0.117428
vt 0.051366 0.081181
vt 0.051366 0.081181
vt 0.031070 0.117428
vt -0.005279 0.085978
vt 0.022616 0.057062
vt -0.038015 0.050783
vt -0.062017 0.088107
vt -0.035499 0.117304
vt -0.005279 0.085978
vt -0.005279 0.085978
vt -0.035499 0.117304
vt -0.062017 0.088107
vt -0.038015 0.050783
vt -0.005279 0.085978
vt -0.035499 0.117304
vt -0.005367 0.142756
vt 0.031070 0.117428
vt 0.031070 0.117428
vt -0.005367 0.142756
vt -0.035499 0.117304
vt -0.005279 0.085978
vt -0.062017 0.088107
vt -0.071446 0.125533
vt -0.058745 0.141401
vt -0.035499 0.117304
vt -0.035499 0.117304
vt -0.058745 0.141401
vt -0.071446 0.125533
vt -0.062017 0.088107
vt -0.035499 0.117304
vt -0.058745 0.141401
vt -0.042430 0.153524
vt -0.005367 0.142756
vt -0.005367 0.142756
vt -0.042430 0.153524
vt -0.058745 0.141401
vt -0.035499 0.117304
vt 0.125533 0.345993
vt 0.152820 0.352904
vt 0.155859 0.345340
vt 0.141401 0.338429
vt 0.141401 0.338429
vt 0.155859 0.345340
vt 0.152820 0.352904
vt 0.125533 0.345993
vt -0.058745 0.338429
vt -0.072693 0.345340
vt -0.069677 0.352904
vt -0.042430 0.345993
vt -0.042430 0.345993
vt -0.069677 0.352904
vt -0.072693 0.345340
vt -0.058745 0.338429
vt 0.067754 0.014779
vt 0.114699 0.022043
vt 0.093488 -0.008231
vt 0.068732 0.011855
vt 0.068732 0.011855
vt 0.093488 -0.008231
vt 0.114699 0.022043
vt 0.067754 0.014779
vt 0.068732 0.011855
vt 0.093488 -0.008231
vt 0.068234 -0.035225
vt 0.065669 0.012209
vt 0.065669 0.012209
vt 0.068234 -0.035225
vt 0.093488 -0.008231
vt 0.068732 0.011855
vt 0.114699 0.022043
vt 0.154259 0.003339
vt 0.126495 -0.035011
vt 0.093488 -0.008231
vt 0.093488 -0.008231
vt 0.126495 -0.035011
vt 0.154259 0.003339
vt 0.114699 0.022043
vt 0.093488 -0.008231
vt 0.126495 -0.035011
vt 0.094688 -0.070082
vt 0.068234 -0.035225
vt 0.068234 -0.035225
vt 0.094688 -0.070082
vt 0.126495 -0.035011
vt 0.093488 -0.008231
vt 0.154259 0.003339
vt 0.184655 -0.032280
vt 0.162252 -0.064023
vt 0.126495 -0.035011
vt 0.126495 -0.035011
vt 0.162252 -0.064023
vt 0.184655 -0.032280
vt 0.154259 0.003339
vt 0.126495 -0.035011
vt 0.162252 -0.064023
vt 0.135807 -0.092486
vt 0.094688 -0.070082
vt 0.094688 -0.070082
vt 0.135807 -0.092486
vt 0.162252 -0.064023
vt 0.126495 -0.035011
vt 0.184655 -0.032280
vt 0.200247 -0.069282
vt 0.189758 -0.086340
vt 0.162252 -0.064023
vt 0.162252 -0.064023
vt 0.189758 -0.086340
vt 0.200247 -0.069282
vt 0.184655 -0.032280
vt 0.162252 -0.064023
vt 0.189758 -0.086340
vt 0.175227 -0.100119
vt 0.135807 -0.092486
vt 0.135807 -0.092486
vt 0.175227 -0.100119
vt 0.189758 -0.086340
vt 0.162252 -0.064023
vt -0.069282 0.347261
vt -0.096805 0.354572
vt -0.099730 0.347007
vt -0.086340 0.339696
vt -0.086340 0.339696
vt -0.099730 0.347007
vt -0.096805 0.354572
vt -0.069282 0.347261
vt 0.189758 0.339696
vt 0.206262 0.347007
vt 0.203198 0.354572
vt 0.175227 0.347261
vt 0.175227 0.347261
vt 0.203198 0.354572
vt 0.206262 0.347007
vt 0.189758 0.339696
vt 0.074365 0.026199
vt 0.023143 0.027816
vt 0.048268 0.055670
vt 0.073767 0.029238
vt 0.073767 0.029238
vt 0.048268 0.055670
vt 0.023143 0.027816
vt 0.074365 0.026199
vt 0.073767 0.029238
vt 0.048268 0.055670
vt 0.077007 0.079778
vt 0.076782 0.028531
vt 0.076782 0.028531
vt 0.077007 0.079778
vt 0.048268 0.055670
vt 0.073767 0.029238
vt 0.023143 0.027816
vt -0.018451 0.055731
vt 0.014270 0.090913
vt 0.048268 0.055670
vt 0.048268 0.055670
vt 0.014270 0.090913
vt -0.018451 0.055731
vt 0.023143 0.027816
vt 0.048268 0.055670
vt 0.014270 0.090913
vt 0.050605 0.122349
vt 0.077007 0.079778
vt 0.077007 0.079778
vt 0.050605 0.122349
vt 0.014270 0.090913
vt 0.048268 0.055670
vt -0.018451 0.055731
vt -0.049068 0.099906
vt -0.022561 0.129092
vt 0.014270 0.090913
vt 0.014270 0.090913
vt -0.022561 0.129092
vt -0.049068 0.099906
vt -0.018451 0.055731
vt 0.014270 0.090913
vt -0.022561 0.129092
vt 0.007558 0.154532
vt 0.050605 0.122349
vt 0.050605 0.122349
vt 0.007558 0.154532
vt -0.022561 0.129092
vt 0.014270 0.090913
vt -0.049068 0.099906
vt -0.063588 0.142598
vt -0.050893 0.158461
vt -0.022561 0.129092
vt -0.022561 0.129092
vt -0.050893 0.158461
vt -0.063588 0.142598
vt -0.049068 0.099906
vt -0.022561 0.129092
vt -0.050893 0.158461
vt -0.034585 0.170578
vt 0.007558 0.154532
vt 0.007558 0.154532
vt -0.034585 0.170578
vt -0.050893 0.158461
vt -0.022561 0.129092
vt 0.142598 0.447093
vt 0.173043 0.455516
vt 0.176082 0.447951
vt 0.158461 0.439528
vt 0.158461 0.439528
vt 0.176082 0.447951
vt 0.173043 0.455516
vt 0.142598 0.447093
vt -0.050893 0.439528
vt -0.067893 0.447951
vt -0.064877 0.455516
vt -0.034585 0.447093
vt -0.034585 0.447093
vt -0.064877 0.455516
vt -0.067893 0.447951
vt -0.050893 0.439528
vt 0.065455 0.039473
vt 0.107866 0.040774
vt 0.091594 0.016588
vt 0.066655 0.036822
vt 0.066655 0.036822
vt 0.091594 0.016588
vt 0.107866 0.040774
vt 0.065455 0.039473
vt 0.066655 0.036822
vt 0.091594 0.016588
vt 0.071280 -0.004319
vt 0.063814 0.037450
vt 0.063814 0.037450
vt 0.071280 -0.004319
vt 0.091594 0.016588
vt 0.066655 0.036822
vt 0.107866 0.040774
vt 0.146278 0.020154
vt 0.124846 -0.010391
vt 0.091594 0.016588
vt 0.091594 0.016588
vt 0.124846 -0.010391
vt 0.146278 0.020154
vt 0.107866 0.040774
vt 0.091594 0.016588
vt 0.124846 -0.010391
vt 0.099372 -0.037657
vt 0.071280 -0.004319
vt 0.071280 -0.004319
vt 0.099372 -0.037657
vt 0.124846 -0.010391
vt 0.091594 0.016588
vt 0.146278 0.020154
vt 0.178079 -0.014276
vt 0.160869 -0.039618
vt 0.124846 -0.010391
vt 0.124846 -0.010391
vt 0.160869 -0.039618
vt 0.178079 -0.014276
vt 0.146278 0.020154
vt 0.124846 -0.010391
vt 0.160869 -0.039618
vt 0.139616 -0.061681
vt 0.099372 -0.037657
vt 0.099372 -0.037657
vt 0.139616 -0.061681
vt 0.160869 -0.039618
vt 0.124846 -0.010391
vt 0.178079 -0.014276
vt 0.196407 -0.048320
vt 0.188578 -0.062100
vt 0.160869 -0.039618
vt 0.160869 -0.039618
vt 0.188578 -0.062100
vt 0.196407 -0.048320
vt 0.178079 -0.014276
vt 0.160869 -0.039618
vt 0.188578 -0.062100
vt 0.176707 -0.072601
vt 0.139616 -0.061681
vt 0.139616 -0.061681
vt 0.176707 -0.072601
vt 0.188578 -0.062100
vt 0.160869 -0.039618
vt -0.048320 0.443744
vt -0.072938 0.451109
vt -0.075590 0.443545
vt -0.062100 0.436179
vt -0.062100 0.436179
vt -0.075590 0.443545
vt -0.072938 0.451109
vt -0.048320 0.443744
vt 0.188578 0.436179
vt 0.205204 0.443545
vt 0.202362 0.451109
vt 0.176707 0.443744
vt 0.176707 0.443744
vt 0.202362 0.451109
vt 0.205204 0.443545
vt 0.188578 0.436179
vt 0.094165 0.057173
vt 0.052951 0.083008
vt 0.086984 0.093647
vt 0.095167 0.059822
vt 0.095167 0.059822
vt 0.086984 0.093647
vt 0.052951 0.083008
vt 0.094165 0.057173
vt 0.095167 0.059822
vt 0.086984 0.093647
vt 0.122117 0.099741
vt 0.097269 0.057924
vt 0.097269 0.057924
vt 0.122117 0.099741
vt 0.086984 0.093647
vt 0.095167 0.059822
vt 0.052951 0.083008
vt 0.032286 0.125748
vt 0.076073 0.138748
vt 0.086984 0.093647
vt 0.086984 0.093647
vt 0.076073 0.138748
vt 0.032286 0.125748
vt 0.052951 0.083008
vt 0.086984 0.093647
vt 0.076073 0.138748
vt 0.120960 0.147201
vt 0.122117 0.099741
vt 0.122117 0.099741
vt 0.120960 0.147201
vt 0.076073 0.138748
vt 0.086984 0.093647
vt 0.032286 0.125748
vt 0.028446 0.176538
vt 0.064253 0.187607
vt 0.076073 0.138748
vt 0.076073 0.138748
vt 0.064253 0.187607
vt 0.028446 0.176538
vt 0.032286 0.125748
vt 0.076073 0.138748
vt 0.064253 0.187607
vt 0.101159 0.194129
vt 0.120960 0.147201
vt 0.120960 0.147201
vt 0.101159 0.194129
vt 0.064253 0.187607
vt 0.076073 0.138748
vt 0.028446 0.176538
vt 0.037088 0.218412
vt 0.055160 0.225190
vt 0.064253 0.187607
vt 0.064253 0.187607
vt 0.055160 0.225190
vt 0.037088 0.218412
vt 0.028446 0.176538
vt 0.064253 0.187607
vt 0.055160 0.225190
vt 0.074332 0.227422
vt 0.101159 0.194129
vt 0.101159 0.194129
vt 0.074332 0.227422
vt 0.055160 0.225190
vt 0.064253 0.187607
vt 0.218412 0.539276
vt 0.245092 0.546367
vt 0.247741 0.538717
vt 0.225190 0.531625
vt 0.225190 0.531625
vt 0.247741 0.538717
vt 0.245092 0.546367
vt 0.218412 0.539276
vt 0.055160 0.225190
vt 0.049705 0.247741
vt 0.051806 0.245843
vt 0.074332 0.227422
vt 0.074332 0.227422
vt 0.051806 0.245843
vt 0.049705 0.247741
vt 0.055160 0.225190
vt 0.093826 0.060917
vt 0.139616 0.043791
vt 0.114545 0.025291
vt 0.093889 0.058195
vt 0.093889 0.058195
vt 0.114545 0.025291
vt 0.139616 0.043791
vt 0.093826 0.060917
vt 0.093889 0.058195
vt 0.114545 0.025291
vt 0.086988 0.010752
vt 0.091465 0.059434
vt 0.091465 0.059434
vt 0.086988 0.010752
vt 0.114545 0.025291
vt 0.093889 0.058195
vt 0.139616 0.043791
vt 0.174580 0.004577
vt 0.142088 -0.018582
vt 0.114545 0.025291
vt 0.114545 0.025291
vt 0.142088 -0.018582
vt 0.174580 0.004577
vt 0.139616 0.043791
vt 0.114545 0.025291
vt 0.142088 -0.018582
vt 0.107109 -0.037780
vt 0.086988 0.010752
vt 0.086988 0.010752
vt 0.107109 -0.037780
vt 0.142088 -0.018582
vt 0.114545 0.025291
vt 0.174580 0.004577
vt 0.198345 -0.046763
vt 0.171926 -0.066110
vt 0.142088 -0.018582
vt 0.142088 -0.018582
vt 0.171926 -0.066110
vt 0.198345 -0.046763
vt 0.174580 0.004577
vt 0.142088 -0.018582
vt 0.171926 -0.066110
vt 0.143019 -0.081496
vt 0.107109 -0.037780
vt 0.107109 -0.037780
vt 0.143019 -0.081496
vt 0.171926 -0.066110
vt 0.142088 -0.018582
vt 0.198345 -0.046763
vt 0.207803 -0.091795
vt 0.194878 -0.102671
vt 0.171926 -0.066110
vt 0.171926 -0.066110
vt 0.194878 -0.102671
vt 0.207803 -0.091795
vt 0.198345 -0.046763
vt 0.171926 -0.066110
vt 0.194878 -0.102671
vt 0.179465 -0.109585
vt 0.143019 -0.081496
vt 0.143019 -0.081496
vt 0.179465 -0.109585
vt 0.194878 -0.102671
vt 0.171926 -0.066110
vt -0.091795 0.541889
vt -0.121885 0.549806
vt -0.124607 0.542156
vt -0.102671 0.534238
vt -0.102671 0.534238
vt -0.124607 0.542156
vt -0.121885 0.549806
vt -0.091795 0.541889
vt 0.194878 0.534238
vt 0.208649 0.542156
vt 0.206225 0.549806
vt 0.179465 0.541889
vt 0.179465 0.541889
vt 0.206225 0.549806
vt 0.208649 0.542156
vt 0.194878 0.534238
vt 0.141840 0.076085
vt 0.107360 0.102948
vt 0.134486 0.111917
vt 0.142532 0.078658
vt 0.142532 0.078658
vt 0.134486 0.111917
vt 0.107360 0.102948
vt 0.141840 0.076085
vt 0.142532 0.078658
vt 0.134486 0.111917
vt 0.162711 0.116339
vt 0.144324 0.076686
vt 0.144324 0.076686
vt 0.162711 0.116339
vt 0.134486 0.111917
vt 0.142532 0.078658
vt 0.107360 0.102948
vt 0.088826 0.145404
vt 0.123758 0.156261
vt 0.134486 0.111917
vt 0.134486 0.111917
vt 0.123758 0.156261
vt 0.088826 0.145404
vt 0.107360 0.102948
vt 0.134486 0.111917
vt 0.123758 0.156261
vt 0.159789 0.162572
vt 0.162711 0.116339
vt 0.162711 0.116339
vt 0.159789 0.162572
vt 0.123758 0.156261
vt 0.134486 0.111917
vt 0.088826 0.145404
vt 0.083591 0.194988
vt 0.112136 0.204300
vt 0.123758 0.156261
vt 0.123758 0.156261
vt 0.112136 0.204300
vt 0.083591 0.194988
vt 0.088826 0.145404
vt 0.123758 0.156261
vt 0.112136 0.204300
vt 0.141781 0.209066
vt 0.159789 0.162572
vt 0.159789 0.162572
vt 0.141781 0.209066
vt 0.112136 0.204300
vt 0.123758 0.156261
vt 0.083591 0.194988
vt 0.088843 0.235375
vt 0.103196 0.241254
vt 0.112136 0.204300
vt 0.112136 0.204300
vt 0.103196 0.241254
vt 0.088843 0.235375
vt 0.083591 0.194988
vt 0.112136 0.204300
vt 0.103196 0.241254
vt 0.118648 0.242586
vt 0.141781 0.209066
vt 0.141781 0.209066
vt 0.118648 0.242586
vt 0.103196 0.241254
vt 0.112136 0.204300
vt 0.235375 0.635211
vt 0.260852 0.642184
vt 0.263426 0.634533
vt 0.241254 0.627560
vt 0.241254 0.627560
vt 0.263426 0.634533
vt 0.260852 0.642184
vt 0.235375 0.635211
vt 0.103196 0.241254
vt 0.097832 0.263426
vt 0.099623 0.261453
vt 0.118648 0.242586
vt 0.118648 0.242586
vt 0.099623 0.261453
vt 0.097832 0.263426
vt 0.103196 0.241254
vt 0.148853 0.070265
vt 0.191618 0.060668
vt 0.165270 0.041366
vt 0.148859 0.067508
vt 0.148859 0.067508
vt 0.165270 0.041366
vt 0.191618 0.060668
vt 0.148853 0.070265
vt 0.148859 0.067508
vt 0.165270 0.041366
vt 0.136436 0.026025
vt 0.146377 0.068711
vt 0.146377 0.068711
vt 0.136436 0.026025
vt 0.165270 0.041366
vt 0.148859 0.067508
vt 0.191618 0.060668
vt 0.221282 0.030697
vt 0.187152 0.006510
vt 0.165270 0.041366
vt 0.165270 0.041366
vt 0.187152 0.006510
vt 0.221282 0.030697
vt 0.191618 0.060668
vt 0.165270 0.041366
vt 0.187152 0.006510
vt 0.150535 -0.013716
vt 0.136436 0.026025
vt 0.136436 0.026025
vt 0.150535 -0.013716
vt 0.187152 0.006510
vt 0.165270 0.041366
vt 0.221282 0.030697
vt 0.238620 -0.011060
vt 0.210857 -0.031250
vt 0.187152 0.006510
vt 0.187152 0.006510
vt 0.210857 -0.031250
vt 0.238620 -0.011060
vt 0.221282 0.030697
vt 0.187152 0.006510
vt 0.210857 -0.031250
vt 0.180608 -0.047479
vt 0.150535 -0.013716
vt 0.150535 -0.013716
vt 0.180608 -0.047479
vt 0.210857 -0.031250
vt 0.187152 0.006510
vt 0.238620 -0.011060
vt 0.242705 -0.048989
vt 0.229092 -0.060297
vt 0.210857 -0.031250
vt 0.210857 -0.031250
vt 0.229092 -0.060297
vt 0.242705 -0.048989
vt 0.238620 -0.011060
vt 0.210857 -0.031250
vt 0.229092 -0.060297
vt 0.212992 -0.067643
vt 0.180608 -0.047479
vt 0.180608 -0.047479
vt 0.212992 -0.067643
vt 0.229092 -0.060297
vt 0.210857 -0.031250
vt -0.048989 0.633048
vt -0.074967 0.639338
vt -0.077725 0.631688
vt -0.060297 0.625398
vt -0.060297 0.625398
vt -0.077725 0.631688
vt -0.074967 0.639338
vt -0.048989 0.633048
vt 0.229092 0.625398
vt 0.240033 0.631688
vt 0.237551 0.639338
vt 0.212992 0.633048
vt 0.212992 0.633048
vt 0.237551 0.639338
vt 0.240033 0.631688
vt 0.229092 0.625398
vt 0.208066 0.720118
vt 0.211097 0.753163
vt 0.231229 0.749437
vt 0.215200 0.716391
vt 0.215200 0.716391
vt 0.231229 0.749437
vt 0.211097 0.753163
vt 0.208066 0.720118
vt 0.095960 0.716391
vt 0.102718 0.749437
vt 0.067687 0.753163
vt 0.091761 0.720118
vt 0.091761 0.720118
vt 0.067687 0.753163
vt 0.102718 0.749437
vt 0.095960 0.716391
vt 0.132249 0.753163
vt 0.150365 0.797224
vt 0.111729 0.793498
vt 0.102718 0.749437
vt 0.102718 0.749437
vt 0.111729 0.793498
vt 0.150365 0.797224
vt 0.132249 0.753163
vt 0.102718 0.749437
vt 0.111729 0.793498
vt 0.067593 0.797224
vt 0.067687 0.753163
vt 0.067687 0.753163
vt 0.067593 0.797224
vt 0.111729 0.793498
vt 0.102718 0.749437
vt 0.150365 0.797224
vt 0.152677 0.844957
vt 0.121490 0.841230
vt 0.111729 0.793498
vt 0.111729 0.793498
vt 0.121490 0.841230
vt 0.152677 0.844957
vt 0.150365 0.797224
vt 0.111729 0.793498
vt 0.121490 0.841230
vt 0.084804 0.844957
vt 0.067593 0.797224
vt 0.067593 0.797224
vt 0.084804 0.844957
vt 0.121490 0.841230
vt 0.111729 0.793498
vt 0.152677 0.844957
vt 0.143631 0.881674
vt 0.128999 0.877947
vt 0.121490 0.841230
vt 0.121490 0.841230
vt 0.128999 0.877947
vt 0.143631 0.881674
vt 0.152677 0.844957
vt 0.121490 0.841230
vt 0.128999 0.877947
vt 0.108867 0.881674
vt 0.084804 0.844957
vt 0.084804 0.844957
vt 0.108867 0.881674
vt 0.128999 0.877947
vt 0.121490 0.841230
vt 0.279716 0.881674
vt 0.297120 0.903704
vt 0.304254 0.899978
vt 0.293567 0.877947
vt 0.293567 0.877947
vt 0.304254 0.899978
vt 0.297120 0.903704
vt 0.279716 0.881674
vt 0.128999 0.877947
vt 0.133505 0.899978
vt 0.129306 0.903704
vt 0.108867 0.881674
vt 0.108867 0.881674
vt 0.129306 0.903704
vt 0.133505 0.899978
vt 0.128999 0.877947
vt -0.045611 0.058637
vt -0.040509 0.045847
vt -0.045611 0.033243
vt -0.057929 0.028207
vt -0.070247 0.033690
vt -0.075349 0.046479
vt -0.070247 0.059084
vt -0.057929 0.064120
vt 0.050610 0.087701
vt 0.042056 0.084204
vt 0.038513 0.075451
vt 0.042056 0.066569
vt 0.050610 0.062762
vt 0.059164 0.066259
vt 0.062707 0.075012
vt 0.059164 0.083893
vt -0.057929 0.004128
vt -0.070247 0.007693
vt 0.042056 0.423055
vt 0.050610 0.420579
vt 0.059084 0.007693
vt 0.046479 0.009905
vt 0.075451 0.424590
vt 0.084204 0.423055
vt 0.046479 0.009905
vt 0.033690 0.009467
vt 0.066569 0.424287
vt 0.075451 0.424590
vt -0.070247 0.009467
vt -0.057929 0.006637
vt 0.050610 0.422321
vt 0.042056 0.424287
vt -0.057929 0.006637
vt -0.045611 0.003072
vt 0.059164 0.419845
vt 0.050610 0.422321
vt 0.033243 0.003072
vt 0.045847 0.000860
vt 0.075012 0.418309
vt 0.066259 0.419845
vt 0.045847 0.000860
vt 0.058637 0.001298
vt 0.083893 0.418613
vt 0.075012 0.418309
vt -0.045611 0.001298
vt -0.057929 0.004128
vt 0.050610 0.420579
vt 0.059164 0.418613
vt 0.052310 0.063578
vt 0.043486 0.066843
vt 0.038836 0.075021
vt 0.041083 0.083323
vt 0.048911 0.086884
vt 0.057734 0.083620
vt 0.062385 0.075441
vt 0.060138 0.067139
vt 0.160603 0.194702
vt 0.161772 0.199018
vt 0.159354 0.203271
vt 0.154765 0.204969
vt 0.150695 0.203117
vt 0.149526 0.198800
vt 0.151944 0.194547
vt 0.156533 0.192850
vt 0.067139 0.421450
vt 0.075441 0.417259
vt 0.199018 0.720561
vt 0.194702 0.722740
vt 0.075441 0.417259
vt 0.083620 0.415523
vt 0.203271 0.719658
vt 0.199018 0.720561
vt 0.057734 0.415523
vt 0.048911 0.417259
vt 0.154765 0.720561
vt 0.159354 0.719658
vt 0.048911 0.417259
vt 0.041083 0.421450
vt 0.150695 0.722740
vt 0.154765 0.720561
vt 0.083323 0.421450
vt 0.075021 0.425641
vt 0.198800 0.724919
vt 0.203117 0.722740
vt 0.075021 0.425641
vt 0.066843 0.427377
vt 0.194547 0.725822
vt 0.198800 0.724919
vt 0.043486 0.427377
vt 0.052310 0.425641
vt 0.156533 0.724919
vt 0.151944 0.725822
vt 0.052310 0.425641
vt 0.060138 0.421450
vt 0.160603 0.722740
vt 0.156533 0.724919
vt 0.006276 0.085266
vt -0.028417 0.109821
vt 0.002122 0.117673
vt 0.007232 0.088020
vt 0.007232 0.088020
vt 0.002122 0.117673
vt -0.028417 0.109821
vt 0.006276 0.085266
vt 0.007232 0.088020
vt 0.002122 0.117673
vt 0.033528 0.120497
vt 0.009056 0.085745
vt 0.009056 0.085745
vt 0.033528 0.120497
vt 0.002122 0.117673
vt 0.007232 0.088020
vt -0.028417 0.109821
vt -0.043967 0.147854
vt -0.004692 0.157212
vt 0.002122 0.117673
vt 0.002122 0.117673
vt -0.004692 0.157212
vt -0.043967 0.147854
vt -0.028417 0.109821
vt 0.002122 0.117673
vt -0.004692 0.157212
vt 0.035449 0.161541
vt 0.033528 0.120497
vt 0.033528 0.120497
vt 0.035449 0.161541
vt -0.004692 0.157212
vt 0.002122 0.117673
vt -0.043967 0.147854
vt -0.044202 0.191919
vt -0.012074 0.200045
vt -0.004692 0.157212
vt -0.004692 0.157212
vt -0.012074 0.200045
vt -0.044202 0.191919
vt -0.043967 0.147854
vt -0.004692 0.157212
vt -0.012074 0.200045
vt 0.020920 0.203142
vt 0.035449 0.161541
vt 0.035449 0.161541
vt 0.020920 0.203142
vt -0.012074 0.200045
vt -0.004692 0.157212
vt -0.044202 0.191919
vt -0.033997 0.227605
vt -0.017753 0.232994
vt -0.012074 0.200045
vt -0.012074 0.200045
vt -0.017753 0.232994
vt -0.033997 0.227605
vt -0.044202 0.191919
vt -0.012074 0.200045
vt -0.017753 0.232994
vt -0.000642 0.233354
vt 0.020920 0.203142
vt 0.020920 0.203142
vt -0.000642 0.233354
vt -0.017753 0.232994
vt -0.012074 0.200045
vt 0.227605 0.335631
vt 0.250009 0.342381
vt 0.252763 0.334799
vt 0.232994 0.328049
vt 0.232994 0.328049
vt 0.252763 0.334799
vt 0.250009 0.342381
vt 0.227605 0.335631
vt -0.017753 0.232994
vt -0.021160 0.252763
vt -0.019337 0.250488
vt -0.000642 0.233354
vt -0.000642 0.233354
vt -0.019337 0.250488
vt -0.021160 0.252763
vt -0.017753 0.232994
vt 0.009998 0.076118
vt 0.054229 0.052972
vt 0.022181 0.038458
vt 0.009402 0.073180
vt 0.009402 0.073180
vt 0.022181 0.038458
vt 0.054229 0.052972
vt 0.009998 0.076118
vt 0.009402 0.073180
vt 0.022181 0.038458
vt -0.011629 0.028732
vt 0.007043 0.075030
vt 0.007043 0.075030
vt -0.011629 0.028732
vt 0.022181 0.038458
vt 0.009402 0.073180
vt 0.054229 0.052972
vt 0.080556 0.010095
vt 0.039220 -0.007838
vt 0.022181 0.038458
vt 0.022181 0.038458
vt 0.039220 -0.007838
vt 0.080556 0.010095
vt 0.054229 0.052972
vt 0.022181 0.038458
vt 0.039220 -0.007838
vt -0.003878 -0.020982
vt -0.011629 0.028732
vt -0.011629 0.028732
vt -0.003878 -0.020982
vt 0.039220 -0.007838
vt 0.022181 0.038458
vt 0.080556 0.010095
vt 0.091416 -0.042856
vt 0.057680 -0.057992
vt 0.039220 -0.007838
vt 0.039220 -0.007838
vt 0.057680 -0.057992
vt 0.091416 -0.042856
vt 0.080556 0.010095
vt 0.039220 -0.007838
vt 0.057680 -0.057992
vt 0.022181 -0.068339
vt -0.003878 -0.020982
vt -0.003878 -0.020982
vt 0.022181 -0.068339
vt 0.057680 -0.057992
vt 0.039220 -0.007838
vt 0.091416 -0.042856
vt 0.088729 -0.087651
vt 0.071879 -0.096571
vt 0.057680 -0.057992
vt 0.057680 -0.057992
vt 0.071879 -0.096571
vt 0.088729 -0.087651
vt 0.091416 -0.042856
vt 0.057680 -0.057992
vt 0.071879 -0.096571
vt 0.053267 -0.100703
vt 0.022181 -0.068339
vt 0.022181 -0.068339
vt 0.053267 -0.100703
vt 0.071879 -0.096571
vt 0.057680 -0.057992
vt -0.087651 0.340538
vt -0.116781 0.348838
vt -0.119719 0.341256
vt -0.096571 0.332956
vt -0.096571 0.332956
vt -0.119719 0.341256
vt -0.116781 0.348838
vt -0.087651 0.340538
vt 0.071879 -0.096571
vt 0.080399 -0.119719
vt 0.078040 -0.117869
vt 0.053267 -0.100703
vt 0.053267 -0.100703
vt 0.078040 -0.117869
vt 0.080399 -0.119719
vt 0.071879 -0.096571
vt 0.036826 0.060553
vt 0.002049 0.093663
vt 0.031175 0.101272
vt 0.037719 0.063296
vt 0.037719 0.063296
vt 0.031175 0.101272
vt 0.002049 0.093663
vt 0.036826 0.060553
vt 0.037719 0.063296
vt 0.031175 0.101272
vt 0.061166 0.103852
vt 0.039479 0.061011
vt 0.039479 0.061011
vt 0.061166 0.103852
vt 0.031175 0.101272
vt 0.037719 0.063296
vt 0.002049 0.093663
vt -0.015014 0.142860
vt 0.022448 0.151906
vt 0.031175 0.101272
vt 0.031175 0.101272
vt 0.022448 0.151906
vt -0.015014 0.142860
vt 0.002049 0.093663
vt 0.031175 0.101272
vt 0.022448 0.151906
vt 0.060777 0.155923
vt 0.061166 0.103852
vt 0.061166 0.103852
vt 0.060777 0.155923
vt 0.022448 0.151906
vt 0.031175 0.101272
vt -0.015014 0.142860
vt -0.017647 0.198889
vt 0.012994 0.206759
vt 0.022448 0.151906
vt 0.022448 0.151906
vt 0.012994 0.206759
vt -0.017647 0.198889
vt -0.015014 0.142860
vt 0.022448 0.151906
vt 0.012994 0.206759
vt 0.044502 0.209600
vt 0.060777 0.155923
vt 0.060777 0.155923
vt 0.044502 0.209600
vt 0.012994 0.206759
vt 0.022448 0.151906
vt -0.017647 0.198889
vt -0.009760 0.243697
vt 0.005722 0.248954
vt 0.012994 0.206759
vt 0.012994 0.206759
vt 0.005722 0.248954
vt -0.009760 0.243697
vt -0.017647 0.198889
vt 0.012994 0.206759
vt 0.005722 0.248954
vt 0.022072 0.249183
vt 0.044502 0.209600
vt 0.044502 0.209600
vt 0.022072 0.249183
vt 0.005722 0.248954
vt 0.012994 0.206759
vt 0.243697 0.434886
vt 0.271528 0.443531
vt 0.274271 0.435949
vt 0.248954 0.427304
vt 0.248954 0.427304
vt 0.274271 0.435949
vt 0.271528 0.443531
vt 0.243697 0.434886
vt 0.005722 0.248954
vt 0.001359 0.274271
vt 0.003119 0.271985
vt 0.022072 0.249183
vt 0.022072 0.249183
vt 0.003119 0.271985
vt 0.001359 0.274271
vt 0.005722 0.248954
vt 0.036224 0.078099
vt 0.082027 0.057835
vt 0.047552 0.042428
vt 0.035519 0.075121
vt 0.035519 0.075121
vt 0.047552 0.042428
vt 0.082027 0.057835
vt 0.036224 0.078099
vt 0.035519 0.075121
vt 0.047552 0.042428
vt 0.011314 0.031809
vt 0.033051 0.076931
vt 0.033051 0.076931
vt 0.011314 0.031809
vt 0.047552 0.042428
vt 0.035519 0.075121
vt 0.082027 0.057835
vt 0.108043 0.017915
vt 0.063596 -0.001163
vt 0.047552 0.042428
vt 0.047552 0.042428
vt 0.063596 -0.001163
vt 0.108043 0.017915
vt 0.082027 0.057835
vt 0.047552 0.042428
vt 0.063596 -0.001163
vt 0.017386 -0.015452
vt 0.011314 0.031809
vt 0.011314 0.031809
vt 0.017386 -0.015452
vt 0.063596 -0.001163
vt 0.047552 0.042428
vt 0.108043 0.017915
vt 0.117265 -0.032311
vt 0.080977 -0.048386
vt 0.063596 -0.001163
vt 0.063596 -0.001163
vt 0.080977 -0.048386
vt 0.117265 -0.032311
vt 0.108043 0.017915
vt 0.063596 -0.001163
vt 0.080977 -0.048386
vt 0.042926 -0.059672
vt 0.017386 -0.015452
vt 0.017386 -0.015452
vt 0.042926 -0.059672
vt 0.080977 -0.048386
vt 0.063596 -0.001163
vt 0.117265 -0.032311
vt 0.112503 -0.075310
vt 0.094346 -0.084711
vt 0.080977 -0.048386
vt 0.080977 -0.048386
vt 0.094346 -0.084711
vt 0.112503 -0.075310
vt 0.117265 -0.032311
vt 0.080977 -0.048386
vt 0.094346 -0.084711
vt 0.074427 -0.089324
vt 0.042926 -0.059672
vt 0.042926 -0.059672
vt 0.074427 -0.089324
vt 0.094346 -0.084711
vt 0.080977 -0.048386
vt -0.075310 0.432259
vt -0.103528 0.440074
vt -0.106506 0.432492
vt -0.084711 0.424677
vt -0.084711 0.424677
vt -0.106506 0.432492
vt -0.103528 0.440074
vt -0.075310 0.432259
vt 0.094346 -0.084711
vt 0.102368 -0.106506
vt 0.099900 -0.104696
vt 0.074427 -0.089324
vt 0.074427 -0.089324
vt 0.099900 -0.104696
vt 0.102368 -0.106506
vt 0.094346 -0.084711
vt 0.067060 0.089908
vt 0.023751 0.096727
vt 0.045152 0.117883
vt 0.066585 0.092553
vt 0.066585 0.092553
vt 0.045152 0.117883
vt 0.023751 0.096727
vt 0.067060 0.089908
vt 0.066585 0.092553
vt 0.045152 0.117883
vt 0.069559 0.135487
vt 0.069116 0.091647
vt 0.069116 0.091647
vt 0.069559 0.135487
vt 0.045152 0.117883
vt 0.066585 0.092553
vt 0.023751 0.096727
vt -0.011286 0.125034
vt 0.016575 0.151656
vt 0.045152 0.117883
vt 0.045152 0.117883
vt 0.016575 0.151656
vt -0.011286 0.125034
vt 0.023751 0.096727
vt 0.045152 0.117883
vt 0.016575 0.151656
vt 0.047443 0.174727
vt 0.069559 0.135487
vt 0.069559 0.135487
vt 0.047443 0.174727
vt 0.016575 0.151656
vt 0.045152 0.117883
vt -0.011286 0.125034
vt -0.036959 0.166094
vt -0.014383 0.188244
vt 0.016575 0.151656
vt 0.016575 0.151656
vt -0.014383 0.188244
vt -0.036959 0.166094
vt -0.011286 0.125034
vt 0.016575 0.151656
vt -0.014383 0.188244
vt 0.011198 0.206842
vt 0.047443 0.174727
vt 0.047443 0.174727
vt 0.011198 0.206842
vt -0.014383 0.188244
vt 0.016575 0.151656
vt -0.036959 0.166094
vt -0.049027 0.204176
vt -0.038197 0.216388
vt -0.014383 0.188244
vt -0.014383 0.188244
vt -0.038197 0.216388
vt -0.049027 0.204176
vt -0.036959 0.166094
vt -0.014383 0.188244
vt -0.038197 0.216388
vt -0.024361 0.225047
vt 0.011198 0.206842
vt 0.011198 0.206842
vt -0.024361 0.225047
vt -0.038197 0.216388
vt -0.014383 0.188244
vt 0.204176 0.522134
vt 0.230629 0.528859
vt 0.233275 0.521204
vt 0.216388 0.514480
vt 0.216388 0.514480
vt 0.233275 0.521204
vt 0.230629 0.528859
vt 0.204176 0.522134
vt -0.038197 0.514480
vt -0.052486 0.521204
vt -0.049955 0.528859
vt -0.024361 0.522134
vt -0.024361 0.522134
vt -0.049955 0.528859
vt -0.052486 0.521204
vt -0.038197 0.514480
vt 0.062842 0.096168
vt 0.106702 0.102353
vt 0.093721 0.076150
vt 0.064166 0.093851
vt 0.064166 0.093851
vt 0.093721 0.076150
vt 0.106702 0.102353
vt 0.062842 0.096168
vt 0.064166 0.093851
vt 0.093721 0.076150
vt 0.076747 0.052339
vt 0.061498 0.093924
vt 0.061498 0.093924
vt 0.076747 0.052339
vt 0.093721 0.076150
vt 0.064166 0.093851
vt 0.106702 0.102353
vt 0.150332 0.085805
vt 0.133127 0.052549
vt 0.093721 0.076150
vt 0.093721 0.076150
vt 0.133127 0.052549
vt 0.150332 0.085805
vt 0.106702 0.102353
vt 0.093721 0.076150
vt 0.133127 0.052549
vt 0.111929 0.021684
vt 0.076747 0.052339
vt 0.076747 0.052339
vt 0.111929 0.021684
vt 0.133127 0.052549
vt 0.093721 0.076150
vt 0.150332 0.085805
vt 0.189565 0.054467
vt 0.175816 0.026982
vt 0.133127 0.052549
vt 0.133127 0.052549
vt 0.175816 0.026982
vt 0.189565 0.054467
vt 0.150332 0.085805
vt 0.133127 0.052549
vt 0.175816 0.026982
vt 0.158075 0.001888
vt 0.111929 0.021684
vt 0.111929 0.021684
vt 0.158075 0.001888
vt 0.175816 0.026982
vt 0.133127 0.052549
vt 0.189565 0.054467
vt 0.214723 0.021975
vt 0.208655 0.007314
vt 0.175816 0.026982
vt 0.175816 0.026982
vt 0.208655 0.007314
vt 0.214723 0.021975
vt 0.189565 0.054467
vt 0.175816 0.026982
vt 0.208655 0.007314
vt 0.198594 -0.004956
vt 0.158075 0.001888
vt 0.158075 0.001888
vt 0.198594 -0.004956
vt 0.208655 0.007314
vt 0.175816 0.026982
vt 0.021975 0.522948
vt -0.002169 0.529930
vt -0.004486 0.522276
vt 0.007314 0.515294
vt 0.007314 0.515294
vt -0.004486 0.522276
vt -0.002169 0.529930
vt 0.021975 0.522948
vt 0.208655 0.515294
vt 0.228358 0.522276
vt 0.225689 0.529930
vt 0.198594 0.522948
vt 0.198594 0.522948
vt 0.225689 0.529930
vt 0.228358 0.522276
vt 0.208655 0.515294
vt 0.096047 0.127552
vt 0.049487 0.139721
vt 0.070110 0.160219
vt 0.095537 0.130169
vt 0.095537 0.130169
vt 0.070110 0.160219
vt 0.049487 0.139721
vt 0.096047 0.127552
vt 0.095537 0.130169
vt 0.070110 0.160219
vt 0.093739 0.177165
vt 0.098033 0.129233
vt 0.098033 0.129233
vt 0.093739 0.177165
vt 0.070110 0.160219
vt 0.095537 0.130169
vt 0.049487 0.139721
vt 0.009344 0.174507
vt 0.036208 0.200286
vt 0.070110 0.160219
vt 0.070110 0.160219
vt 0.036208 0.200286
vt 0.009344 0.174507
vt 0.049487 0.139721
vt 0.070110 0.160219
vt 0.036208 0.200286
vt 0.066077 0.222512
vt 0.093739 0.177165
vt 0.093739 0.177165
vt 0.066077 0.222512
vt 0.036208 0.200286
vt 0.070110 0.160219
vt 0.009344 0.174507
vt -0.022278 0.222234
vt -0.000520 0.243692
vt 0.036208 0.200286
vt 0.036208 0.200286
vt -0.000520 0.243692
vt -0.022278 0.222234
vt 0.009344 0.174507
vt 0.036208 0.200286
vt -0.000520 0.243692
vt 0.024243 0.261598
vt 0.066077 0.222512
vt 0.066077 0.222512
vt 0.024243 0.261598
vt -0.000520 0.243692
vt 0.036208 0.200286
vt -0.022278 0.222234
vt -0.039183 0.265224
vt -0.028772 0.277081
vt -0.000520 0.243692
vt -0.000520 0.243692
vt -0.028772 0.277081
vt -0.039183 0.265224
vt -0.022278 0.222234
vt -0.000520 0.243692
vt -0.028772 0.277081
vt -0.015355 0.285386
vt 0.024243 0.261598
vt 0.024243 0.261598
vt -0.015355 0.285386
vt -0.028772 0.277081
vt -0.000520 0.243692
vt 0.265224 0.619359
vt 0.294498 0.627337
vt 0.297115 0.619682
vt 0.277081 0.611705
vt 0.277081 0.611705
vt 0.297115 0.619682
vt 0.294498 0.627337
vt 0.265224 0.619359
vt -0.028772 0.611705
vt -0.045724 0.619682
vt -0.043228 0.627337
vt -0.015355 0.619359
vt -0.015355 0.619359
vt -0.043228 0.627337
vt -0.045724 0.619682
vt -0.028772 0.611705
vt 0.109430 0.123513
vt 0.151598 0.130269
vt 0.138821 0.104406
vt 0.110763 0.121211
vt 0.110763 0.121211
vt 0.138821 0.104406
vt 0.151598 0.130269
vt 0.109430 0.123513
vt 0.110763 0.121211
vt 0.138821 0.104406
vt 0.122051 0.080935
vt 0.108104 0.121300
vt 0.108104 0.121300
vt 0.122051 0.080935
vt 0.138821 0.104406
vt 0.110763 0.121211
vt 0.151598 0.130269
vt 0.193176 0.114821
vt 0.176231 0.082001
vt 0.138821 0.104406
vt 0.138821 0.104406
vt 0.176231 0.082001
vt 0.193176 0.114821
vt 0.151598 0.130269
vt 0.138821 0.104406
vt 0.176231 0.082001
vt 0.155295 0.051572
vt 0.122051 0.080935
vt 0.122051 0.080935
vt 0.155295 0.051572
vt 0.176231 0.082001
vt 0.138821 0.104406
vt 0.193176 0.114821
vt 0.230294 0.084855
vt 0.216759 0.057728
vt 0.176231 0.082001
vt 0.176231 0.082001
vt 0.216759 0.057728
vt 0.230294 0.084855
vt 0.193176 0.114821
vt 0.176231 0.082001
vt 0.216759 0.057728
vt 0.199232 0.032991
vt 0.155295 0.051572
vt 0.155295 0.051572
vt 0.199232 0.032991
vt 0.216759 0.057728
vt 0.176231 0.082001
vt 0.230294 0.084855
vt 0.253894 0.053534
vt 0.247935 0.039056
vt 0.216759 0.057728
vt 0.216759 0.057728
vt 0.247935 0.039056
vt 0.253894 0.053534
vt 0.230294 0.084855
vt 0.216759 0.057728
vt 0.247935 0.039056
vt 0.237984 0.026970
vt 0.199232 0.032991
vt 0.199232 0.032991
vt 0.237984 0.026970
vt 0.247935 0.039056
vt 0.216759 0.057728
vt 0.053534 0.615085
vt 0.030156 0.621713
vt 0.027853 0.614059
vt 0.039056 0.607431
vt 0.039056 0.607431
vt 0.027853 0.614059
vt 0.030156 0.621713
vt 0.053534 0.615085
vt 0.247935 0.607431
vt 0.266640 0.614059
vt 0.263981 0.621713
vt 0.237984 0.615085
vt 0.237984 0.615085
vt 0.263981 0.621713
vt 0.266640 0.614059
vt 0.247935 0.607431
vt 0.144871 0.711909
vt 0.130614 0.739360
vt 0.160121 0.735567
vt 0.150550 0.708115
vt 0.150550 0.708115
vt 0.160121 0.735567
vt 0.130614 0.739360
vt 0.144871 0.711909
vt 0.192906 0.708115
vt 0.204175 0.735567
vt 0.177619 0.739360
vt 0.186587 0.711909
vt 0.186587 0.711909
vt 0.177619 0.739360
vt 0.204175 0.735567
vt 0.192906 0.708115
vt 0.130614 0.739360
vt 0.136339 0.775963
vt 0.172882 0.772170
vt 0.160121 0.735567
vt 0.160121 0.735567
vt 0.172882 0.772170
vt 0.136339 0.775963
vt 0.130614 0.739360
vt 0.204175 0.735567
vt 0.219200 0.772170
vt 0.186668 0.775963
vt 0.177619 0.739360
vt 0.177619 0.739360
vt 0.186668 0.775963
vt 0.219200 0.772170
vt 0.204175 0.735567
vt 0.136339 0.775963
vt 0.155920 0.815616
vt 0.186706 0.811822
vt 0.172882 0.772170
vt 0.172882 0.772170
vt 0.186706 0.811822
vt 0.155920 0.815616
vt 0.136339 0.775963
vt 0.219200 0.772170
vt 0.235477 0.811822
vt 0.207834 0.815616
vt 0.186668 0.775963
vt 0.186668 0.775963
vt 0.207834 0.815616
vt 0.235477 0.811822
vt 0.219200 0.772170
vt 0.155920 0.815616
vt 0.179347 0.846118
vt 0.197340 0.842325
vt 0.186706 0.811822
vt 0.186706 0.811822
vt 0.197340 0.842325
vt 0.179347 0.846118
vt 0.155920 0.815616
vt 0.235477 0.811822
vt 0.247998 0.842325
vt 0.231221 0.846118
vt 0.207834 0.815616
vt 0.207834 0.815616
vt 0.231221 0.846118
vt 0.247998 0.842325
vt 0.235477 0.811822
vt 0.179347 0.846118
vt 0.198041 0.864419
vt 0.203720 0.860626
vt 0.197340 0.842325
vt 0.197340 0.842325
vt 0.203720 0.860626
vt 0.198041 0.864419
vt 0.179347 0.846118
vt 0.247998 0.842325
vt 0.255511 0.860626
vt 0.249191 0.864419
vt 0.231221 0.846118
vt 0.231221 0.846118
vt 0.249191 0.864419
vt 0.255511 0.860626
vt 0.247998 0.842325
vt -0.007548 0.060183
vt -0.002276 0.047464
vt -0.007548 0.034740
vt -0.020274 0.029465
vt -0.033001 0.034729
vt -0.038273 0.047448
vt -0.033001 0.060172
vt -0.020274 0.065447
vt -0.025736 0.072916
vt -0.034574 0.069253
vt -0.038234 0.060417
vt -0.034574 0.051584
vt -0.025736 0.047929
vt -0.016897 0.051592
vt -0.013237 0.060428
vt -0.016897 0.069260
vt -0.020274 0.004806
vt -0.033001 0.004804
vt -0.034574 0.409928
vt -0.025736 0.409930
vt 0.060172 0.004804
vt 0.047448 0.005140
vt 0.060417 0.410161
vt 0.069253 0.409928
vt 0.047448 0.005140
vt 0.034729 0.005618
vt 0.051584 0.410493
vt 0.060417 0.410161
vt -0.033001 0.005618
vt -0.020274 0.005959
vt -0.025736 0.410730
vt -0.034574 0.410493
vt -0.020274 0.005959
vt -0.007548 0.005961
vt -0.016897 0.410732
vt -0.025736 0.410730
vt 0.034740 0.005961
vt 0.047464 0.005625
vt 0.060428 0.410498
vt 0.051592 0.410732
vt 0.047464 0.005625
vt 0.060183 0.005147
vt 0.069260 0.410166
vt 0.060428 0.410498
vt -0.007548 0.005147
vt -0.020274 0.004806
vt -0.025736 0.409930
vt -0.016897 0.410166
vt -0.016914 0.068971
vt -0.013260 0.060675
vt -0.016914 0.052231
vt -0.025736 0.048585
vt -0.034557 0.051873
vt -0.038211 0.060169
vt -0.034557 0.068613
vt -0.025736 0.072259
vt -0.045261 0.166093
vt -0.049848 0.164198
vt -0.051748 0.159807
vt -0.049848 0.155493
vt -0.045261 0.153783
vt -0.040674 0.155679
vt -0.038774 0.160070
vt -0.040674 0.164384
vt -0.025736 0.406312
vt -0.034557 0.406962
vt -0.049848 0.701816
vt -0.045261 0.701478
vt 0.068613 0.406962
vt 0.060169 0.409585
vt 0.159807 0.703180
vt 0.164198 0.701816
vt 0.060169 0.409585
vt 0.051873 0.412643
vt 0.155493 0.704770
vt 0.159807 0.703180
vt -0.034557 0.412643
vt -0.025736 0.414347
vt -0.045261 0.705656
vt -0.049848 0.704770
vt -0.025736 0.414347
vt -0.016914 0.413697
vt -0.040674 0.705318
vt -0.045261 0.705656
vt 0.052231 0.413697
vt 0.060675 0.411074
vt 0.160070 0.703954
vt 0.155679 0.705318
vt 0.060675 0.411074
vt 0.068971 0.408016
vt 0.164384 0.702364
vt 0.160070 0.703954
vt -0.016914 0.408016
vt -0.025736 0.406312
vt -0.045261 0.701478
vt -0.040674 0.702364
vt -0.028196 0.052249
vt -0.041949 0.008187
vt -0.058455 0.041741
vt -0.031273 0.052803
vt -0.031273 0.052803
vt -0.058455 0.041741
vt -0.041949 0.008187
vt -0.028196 0.052249
vt -0.031273 0.052803
vt -0.058455 0.041741
vt -0.070069 0.077287
vt -0.029458 0.055349
vt -0.029458 0.055349
vt -0.070069 0.077287
vt -0.058455 0.041741
vt -0.031273 0.052803
vt -0.041949 0.008187
vt -0.074226 -0.016307
vt -0.094699 0.026992
vt -0.058455 0.041741
vt -0.058455 0.041741
vt -0.094699 0.026992
vt -0.074226 -0.016307
vt -0.041949 0.008187
vt -0.058455 0.041741
vt -0.094699 0.026992
vt -0.110278 0.072282
vt -0.070069 0.077287
vt -0.070069 0.077287
vt -0.110278 0.072282
vt -0.094699 0.026992
vt -0.058455 0.041741
vt -0.074226 -0.016307
vt -0.116734 -0.024313
vt -0.133962 0.011013
vt -0.094699 0.026992
vt -0.094699 0.026992
vt -0.133962 0.011013
vt -0.116734 -0.024313
vt -0.074226 -0.016307
vt -0.094699 0.026992
vt -0.133962 0.011013
vt -0.146297 0.048330
vt -0.110278 0.072282
vt -0.110278 0.072282
vt -0.146297 0.048330
vt -0.133962 0.011013
vt -0.094699 0.026992
vt -0.116734 -0.024313
vt -0.154148 -0.018886
vt -0.164165 -0.001278
vt -0.133962 0.011013
vt -0.133962 0.011013
vt -0.164165 -0.001278
vt -0.154148 -0.018886
vt -0.116734 -0.024313
vt -0.133962 0.011013
vt -0.164165 -0.001278
vt -0.169289 0.018321
vt -0.146297 0.048330
vt -0.146297 0.048330
vt -0.169289 0.018321
vt -0.164165 -0.001278
vt -0.133962 0.011013
vt -0.154148 0.327841
vt -0.179209 0.334684
vt -0.182287 0.327133
vt -0.164165 0.320290
vt -0.164165 0.320290
vt -0.182287 0.327133
vt -0.179209 0.334684
vt -0.154148 0.327841
vt -0.001278 0.320290
vt -0.008653 0.327133
vt -0.006107 0.334684
vt 0.018321 0.327841
vt 0.018321 0.327841
vt -0.006107 0.334684
vt -0.008653 0.327133
vt -0.001278 0.320290
vt -0.018058 0.059952
vt 0.000424 0.107895
vt 0.018137 0.073844
vt -0.014950 0.059431
vt -0.014950 0.059431
vt 0.018137 0.073844
vt 0.000424 0.107895
vt -0.018058 0.059952
vt -0.014950 0.059431
vt 0.018137 0.073844
vt 0.031007 0.037682
vt -0.016686 0.056801
vt -0.016686 0.056801
vt 0.031007 0.037682
vt 0.018137 0.073844
vt -0.014950 0.059431
vt 0.000424 0.107895
vt 0.040228 0.137013
vt 0.062254 0.093060
vt 0.018137 0.073844
vt 0.018137 0.073844
vt 0.062254 0.093060
vt 0.040228 0.137013
vt 0.000424 0.107895
vt 0.018137 0.073844
vt 0.062254 0.093060
vt 0.079437 0.046997
vt 0.031007 0.037682
vt 0.031007 0.037682
vt 0.079437 0.046997
vt 0.062254 0.093060
vt 0.018137 0.073844
vt 0.040228 0.137013
vt 0.091550 0.149730
vt 0.110047 0.113877
vt 0.062254 0.093060
vt 0.062254 0.093060
vt 0.110047 0.113877
vt 0.091550 0.149730
vt 0.040228 0.137013
vt 0.062254 0.093060
vt 0.110047 0.113877
vt 0.123701 0.075916
vt 0.079437 0.046997
vt 0.079437 0.046997
vt 0.123701 0.075916
vt 0.110047 0.113877
vt 0.062254 0.093060
vt 0.091550 0.149730
vt 0.136156 0.147740
vt 0.146811 0.129891
vt 0.110047 0.113877
vt 0.110047 0.113877
vt 0.146811 0.129891
vt 0.136156 0.147740
vt 0.091550 0.149730
vt 0.110047 0.113877
vt 0.146811 0.129891
vt 0.152624 0.109933
vt 0.123701 0.075916
vt 0.123701 0.075916
vt 0.152624 0.109933
vt 0.146811 0.129891
vt 0.110047 0.113877
vt 0.136156 0.332820
vt 0.165762 0.341235
vt 0.168870 0.333684
vt 0.146811 0.325269
vt 0.146811 0.325269
vt 0.168870 0.333684
vt 0.165762 0.341235
vt 0.136156 0.332820
vt 0.146811 0.129891
vt 0.168870 0.139499
vt 0.167134 0.136869
vt 0.152624 0.109933
vt 0.152624 0.109933
vt 0.167134 0.136869
vt 0.168870 0.139499
vt 0.146811 0.129891
vt -0.027231 0.056121
vt -0.045200 0.013791
vt -0.060446 0.044249
vt -0.030252 0.056536
vt -0.030252 0.056536
vt -0.060446 0.044249
vt -0.045200 0.013791
vt -0.027231 0.056121
vt -0.030252 0.056536
vt -0.060446 0.044249
vt -0.070800 0.076697
vt -0.028380 0.058943
vt -0.028380 0.058943
vt -0.070800 0.076697
vt -0.060446 0.044249
vt -0.030252 0.056536
vt -0.045200 0.013791
vt -0.081848 -0.011464
vt -0.100705 0.027865
vt -0.060446 0.044249
vt -0.060446 0.044249
vt -0.100705 0.027865
vt -0.081848 -0.011464
vt -0.045200 0.013791
vt -0.060446 0.044249
vt -0.100705 0.027865
vt -0.114669 0.069184
vt -0.070800 0.076697
vt -0.070800 0.076697
vt -0.114669 0.069184
vt -0.100705 0.027865
vt -0.060446 0.044249
vt -0.081848 -0.011464
vt -0.128416 -0.021954
vt -0.144319 0.010116
vt -0.100705 0.027865
vt -0.100705 0.027865
vt -0.144319 0.010116
vt -0.128416 -0.021954
vt -0.081848 -0.011464
vt -0.100705 0.027865
vt -0.144319 0.010116
vt -0.155329 0.044177
vt -0.114669 0.069184
vt -0.114669 0.069184
vt -0.155329 0.044177
vt -0.144319 0.010116
vt -0.100705 0.027865
vt -0.128416 -0.021954
vt -0.168529 -0.019478
vt -0.177868 -0.003537
vt -0.144319 0.010116
vt -0.144319 0.010116
vt -0.177868 -0.003537
vt -0.168529 -0.019478
vt -0.128416 -0.021954
vt -0.144319 0.010116
vt -0.177868 -0.003537
vt -0.182314 0.014394
vt -0.155329 0.044177
vt -0.155329 0.044177
vt -0.182314 0.014394
vt -0.177868 -0.003537
vt -0.144319 0.010116
vt -0.168529 0.421006
vt -0.194976 0.428607
vt -0.197997 0.421056
vt -0.177868 0.413455
vt -0.177868 0.413455
vt -0.197997 0.421056
vt -0.194976 0.428607
vt -0.168529 0.421006
vt -0.003537 0.413455
vt -0.011729 0.421056
vt -0.009322 0.428607
vt 0.014394 0.421006
vt 0.014394 0.421006
vt -0.009322 0.428607
vt -0.011729 0.421056
vt -0.003537 0.413455
vt -0.033125 0.056639
vt -0.010880 0.098787
vt 0.003983 0.071277
vt -0.030145 0.056412
vt -0.030145 0.056412
vt 0.003983 0.071277
vt -0.010880 0.098787
vt -0.033125 0.056639
vt -0.030145 0.056412
vt 0.003983 0.071277
vt 0.014004 0.041658
vt -0.032008 0.054075
vt -0.032008 0.054075
vt 0.014004 0.041658
vt 0.003983 0.071277
vt -0.030145 0.056412
vt -0.010880 0.098787
vt 0.031115 0.126664
vt 0.049487 0.091098
vt 0.003983 0.071277
vt 0.003983 0.071277
vt 0.049487 0.091098
vt 0.031115 0.126664
vt -0.010880 0.098787
vt 0.003983 0.071277
vt 0.049487 0.091098
vt 0.063017 0.053422
vt 0.014004 0.041658
vt 0.014004 0.041658
vt 0.063017 0.053422
vt 0.049487 0.091098
vt 0.003983 0.071277
vt 0.031115 0.126664
vt 0.083282 0.141545
vt 0.098784 0.112570
vt 0.049487 0.091098
vt 0.049487 0.091098
vt 0.098784 0.112570
vt 0.083282 0.141545
vt 0.031115 0.126664
vt 0.049487 0.091098
vt 0.098784 0.112570
vt 0.109442 0.081486
vt 0.063017 0.053422
vt 0.063017 0.053422
vt 0.109442 0.081486
vt 0.098784 0.112570
vt 0.049487 0.091098
vt 0.083282 0.141545
vt 0.127583 0.143414
vt 0.136704 0.129087
vt 0.098784 0.112570
vt 0.098784 0.112570
vt 0.136704 0.129087
vt 0.127583 0.143414
vt 0.083282 0.141545
vt 0.098784 0.112570
vt 0.136704 0.129087
vt 0.140982 0.112652
vt 0.109442 0.081486
vt 0.109442 0.081486
vt 0.140982 0.112652
vt 0.136704 0.129087
vt 0.098784 0.112570
vt 0.127583 0.424422
vt 0.156476 0.433102
vt 0.159456 0.425551
vt 0.136704 0.416871
vt 0.136704 0.416871
vt 0.159456 0.425551
vt 0.156476 0.433102
vt 0.127583 0.424422
vt 0.129087 0.416871
vt 0.138998 0.425551
vt 0.136661 0.433102
vt 0.112652 0.424422
vt 0.112652 0.424422
vt 0.136661 0.433102
vt 0.138998 0.425551
vt 0.129087 0.416871
vt -0.006563 0.075104
vt -0.041016 0.041190
vt -0.046099 0.073405
vt -0.009169 0.076360
vt -0.009169 0.076360
vt -0.046099 0.073405
vt -0.041016 0.041190
vt -0.006563 0.075104
vt -0.009169 0.076360
vt -0.046099 0.073405
vt -0.046203 0.106018
vt -0.006796 0.078013
vt -0.006796 0.078013
vt -0.046203 0.106018
vt -0.046099 0.073405
vt -0.009169 0.076360
vt -0.041016 0.041190
vt -0.089525 0.028108
vt -0.095340 0.069465
vt -0.046099 0.073405
vt -0.046099 0.073405
vt -0.095340 0.069465
vt -0.089525 0.028108
vt -0.041016 0.041190
vt -0.046099 0.073405
vt -0.095340 0.069465
vt -0.096175 0.111221
vt -0.046203 0.106018
vt -0.046203 0.106018
vt -0.096175 0.111221
vt -0.095340 0.069465
vt -0.046099 0.073405
vt -0.089525 0.028108
vt -0.143467 0.031320
vt -0.148683 0.065197
vt -0.095340 0.069465
vt -0.095340 0.069465
vt -0.148683 0.065197
vt -0.143467 0.031320
vt -0.089525 0.028108
vt -0.095340 0.069465
vt -0.148683 0.065197
vt -0.148920 0.099472
vt -0.096175 0.111221
vt -0.096175 0.111221
vt -0.148920 0.099472
vt -0.148683 0.065197
vt -0.095340 0.069465
vt -0.143467 0.031320
vt -0.185831 0.044659
vt -0.189717 0.061914
vt -0.148683 0.065197
vt -0.148683 0.065197
vt -0.189717 0.061914
vt -0.185831 0.044659
vt -0.143467 0.031320
vt -0.148683 0.065197
vt -0.189717 0.061914
vt -0.188624 0.079567
vt -0.148920 0.099472
vt -0.148920 0.099472
vt -0.188624 0.079567
vt -0.189717 0.061914
vt -0.148683 0.065197
vt -0.185831 0.513452
vt -0.211731 0.521569
vt -0.214337 0.513968
vt -0.189717 0.505852
vt -0.189717 0.505852
vt -0.214337 0.513968
vt -0.211731 0.521569
vt -0.185831 0.513452
vt -0.189717 0.061914
vt -0.214337 0.059944
vt -0.211964 0.061598
vt -0.188624 0.079567
vt -0.188624 0.079567
vt -0.211964 0.061598
vt -0.214337 0.059944
vt -0.189717 0.061914
vt -0.029128 0.074163
vt -0.004504 0.112669
vt 0.007147 0.084247
vt -0.026331 0.073610
vt -0.026331 0.073610
vt 0.007147 0.084247
vt -0.004504 0.112669
vt -0.029128 0.074163
vt -0.026331 0.073610
vt 0.007147 0.084247
vt 0.014038 0.054313
vt -0.028296 0.071544
vt -0.028296 0.071544
vt 0.014038 0.054313
vt 0.007147 0.084247
vt -0.026331 0.073610
vt -0.004504 0.112669
vt 0.037520 0.135081
vt 0.051786 0.098430
vt 0.007147 0.084247
vt 0.007147 0.084247
vt 0.051786 0.098430
vt 0.037520 0.135081
vt -0.004504 0.112669
vt 0.007147 0.084247
vt 0.051786 0.098430
vt 0.061291 0.060267
vt 0.014038 0.054313
vt 0.014038 0.054313
vt 0.061291 0.060267
vt 0.051786 0.098430
vt 0.007147 0.084247
vt 0.037520 0.135081
vt 0.088018 0.143713
vt 0.100144 0.113795
vt 0.051786 0.098430
vt 0.051786 0.098430
vt 0.100144 0.113795
vt 0.088018 0.143713
vt 0.037520 0.135081
vt 0.051786 0.098430
vt 0.100144 0.113795
vt 0.107510 0.082365
vt 0.061291 0.060267
vt 0.061291 0.060267
vt 0.107510 0.082365
vt 0.100144 0.113795
vt 0.051786 0.098430
vt 0.088018 0.143713
vt 0.129971 0.140569
vt 0.137343 0.125614
vt 0.100144 0.113795
vt 0.100144 0.113795
vt 0.137343 0.125614
vt 0.129971 0.140569
vt 0.088018 0.143713
vt 0.100144 0.113795
vt 0.137343 0.125614
vt 0.139954 0.109147
vt 0.107510 0.082365
vt 0.107510 0.082365
vt 0.139954 0.109147
vt 0.137343 0.125614
vt 0.100144 0.113795
vt 0.129971 0.512119
vt 0.156866 0.519816
vt 0.159662 0.512215
vt 0.137343 0.504519
vt 0.137343 0.504519
vt 0.159662 0.512215
vt 0.156866 0.519816
vt 0.129971 0.512119
vt 0.137343 0.125614
vt 0.159662 0.132706
vt 0.157698 0.130640
vt 0.139954 0.109147
vt 0.139954 0.109147
vt 0.157698 0.130640
vt 0.159662 0.132706
vt 0.137343 0.125614
vt -0.037873 0.103519
vt -0.064523 0.070932
vt -0.069548 0.102416
vt -0.040477 0.104742
vt -0.040477 0.104742
vt -0.069548 0.102416
vt -0.064523 0.070932
vt -0.037873 0.103519
vt -0.040477 0.104742
vt -0.069548 0.102416
vt -0.069593 0.134298
vt -0.038101 0.106363
vt -0.038101 0.106363
vt -0.069593 0.134298
vt -0.069548 0.102416
vt -0.040477 0.104742
vt -0.064523 0.070932
vt -0.102569 0.058894
vt -0.108309 0.099315
vt -0.069548 0.102416
vt -0.069548 0.102416
vt -0.108309 0.099315
vt -0.102569 0.058894
vt -0.064523 0.070932
vt -0.069548 0.102416
vt -0.108309 0.099315
vt -0.109069 0.140133
vt -0.069593 0.134298
vt -0.069593 0.134298
vt -0.109069 0.140133
vt -0.108309 0.099315
vt -0.069548 0.102416
vt -0.102569 0.058894
vt -0.145145 0.062846
vt -0.150300 0.095955
vt -0.108309 0.099315
vt -0.108309 0.099315
vt -0.150300 0.095955
vt -0.145145 0.062846
vt -0.102569 0.058894
vt -0.108309 0.099315
vt -0.150300 0.095955
vt -0.150475 0.129462
vt -0.109069 0.140133
vt -0.109069 0.140133
vt -0.150475 0.129462
vt -0.150300 0.095955
vt -0.108309 0.099315
vt -0.145145 0.062846
vt -0.178746 0.076509
vt -0.182601 0.093370
vt -0.150300 0.095955
vt -0.150300 0.095955
vt -0.182601 0.093370
vt -0.178746 0.076509
vt -0.145145 0.062846
vt -0.150300 0.095955
vt -0.182601 0.093370
vt -0.181476 0.110630
vt -0.150475 0.129462
vt -0.150475 0.129462
vt -0.181476 0.110630
vt -0.182601 0.093370
vt -0.150300 0.095955
vt -0.178746 0.598745
vt -0.199378 0.605135
vt -0.201981 0.597535
vt -0.182601 0.591145
vt -0.182601 0.591145
vt -0.201981 0.597535
vt -0.199378 0.605135
vt -0.178746 0.598745
vt -0.182601 0.093370
vt -0.201981 0.091820
vt -0.199605 0.093441
vt -0.181476 0.110630
vt -0.181476 0.110630
vt -0.199605 0.093441
vt -0.201981 0.091820
vt -0.182601 0.093370
vt -0.016942 0.110408
vt 0.001653 0.150262
vt 0.014290 0.118736
vt -0.014102 0.109715
vt -0.014102 0.109715
vt 0.014290 0.118736
vt 0.001653 0.150262
vt -0.016942 0.110408
vt -0.014102 0.109715
vt 0.014290 0.118736
vt 0.022166 0.085698
vt -0.016022 0.107510
vt -0.016022 0.107510
vt 0.022166 0.085698
vt 0.014290 0.118736
vt -0.014102 0.109715
vt 0.001653 0.150262
vt 0.036615 0.171394
vt 0.052145 0.130764
vt 0.014290 0.118736
vt 0.014290 0.118736
vt 0.052145 0.130764
vt 0.036615 0.171394
vt 0.001653 0.150262
vt 0.014290 0.118736
vt 0.052145 0.130764
vt 0.062914 0.088621
vt 0.022166 0.085698
vt 0.022166 0.085698
vt 0.062914 0.088621
vt 0.052145 0.130764
vt 0.014290 0.118736
vt 0.036615 0.171394
vt 0.079991 0.176975
vt 0.093155 0.143794
vt 0.052145 0.130764
vt 0.052145 0.130764
vt 0.093155 0.143794
vt 0.079991 0.176975
vt 0.036615 0.171394
vt 0.052145 0.130764
vt 0.093155 0.143794
vt 0.101557 0.109100
vt 0.062914 0.088621
vt 0.062914 0.088621
vt 0.101557 0.109100
vt 0.093155 0.143794
vt 0.052145 0.130764
vt 0.079991 0.176975
vt 0.116797 0.170443
vt 0.124701 0.153817
vt 0.093155 0.143794
vt 0.093155 0.143794
vt 0.124701 0.153817
vt 0.116797 0.170443
vt 0.079991 0.176975
vt 0.093155 0.143794
vt 0.124701 0.153817
vt 0.127843 0.135678
vt 0.101557 0.109100
vt 0.101557 0.109100
vt 0.127843 0.135678
vt 0.124701 0.153817
vt 0.093155 0.143794
vt 0.116797 0.599180
vt 0.140788 0.605707
vt 0.143628 0.598107
vt 0.124701 0.591580
vt 0.124701 0.591580
vt 0.143628 0.598107
vt 0.140788 0.605707
vt 0.116797 0.599180
vt 0.124701 0.153817
vt 0.143628 0.159831
vt 0.141708 0.157626
vt 0.127843 0.135678
vt 0.127843 0.135678
vt 0.141708 0.157626
vt 0.143628 0.159831
vt 0.124701 0.153817
vt -0.044921 0.681825
vt -0.074307 0.714394
vt -0.045811 0.711823
vt -0.043642 0.679254
vt -0.043642 0.679254
vt -0.045811 0.711823
vt -0.074307 0.714394
vt -0.044921 0.681825
vt -0.043642 0.679254
vt -0.045811 0.711823
vt -0.017314 0.714394
vt -0.042363 0.681825
vt -0.042363 0.681825
vt -0.017314 0.714394
vt -0.045811 0.711823
vt -0.043642 0.679254
vt -0.074307 0.714394
vt -0.085236 0.757819
vt -0.048702 0.755248
vt -0.045811 0.711823
vt -0.045811 0.711823
vt -0.048702 0.755248
vt -0.085236 0.757819
vt -0.074307 0.714394
vt -0.045811 0.711823
vt -0.048702 0.755248
vt -0.012168 0.757819
vt -0.017314 0.714394
vt -0.017314 0.714394
vt -0.012168 0.757819
vt -0.048702 0.755248
vt -0.045811 0.711823
vt -0.085236 0.757819
vt -0.081792 0.804862
vt -0.051834 0.802291
vt -0.048702 0.755248
vt -0.048702 0.755248
vt -0.051834 0.802291
vt -0.081792 0.804862
vt -0.085236 0.757819
vt -0.048702 0.755248
vt -0.051834 0.802291
vt -0.021877 0.804862
vt -0.012168 0.757819
vt -0.012168 0.757819
vt -0.021877 0.804862
vt -0.051834 0.802291
vt -0.048702 0.755248
vt -0.081792 0.804862
vt -0.069588 0.841050
vt -0.054244 0.838479
vt -0.051834 0.802291
vt -0.051834 0.802291
vt -0.054244 0.838479
vt -0.069588 0.841050
vt -0.081792 0.804862
vt -0.051834 0.802291
vt -0.054244 0.838479
vt -0.038900 0.841050
vt -0.021877 0.804862
vt -0.021877 0.804862
vt -0.038900 0.841050
vt -0.054244 0.838479
vt -0.051834 0.802291
vt -0.069588 0.841050
vt -0.056968 0.862762
vt -0.055690 0.860191
vt -0.054244 0.838479
vt -0.054244 0.838479
vt -0.055690 0.860191
vt -0.056968 0.862762
vt -0.069588 0.841050
vt -0.054244 0.838479
vt -0.055690 0.860191
vt -0.054411 0.862762
vt -0.038900 0.841050
vt -0.038900 0.841050
vt -0.054411 0.862762
vt -0.055690 0.860191
vt -0.054244 0.838479
vt -0.016434 0.046867
vt -0.011190 0.034280
vt -0.016434 0.021571
vt -0.029093 0.016184
vt -0.041752 0.021275
vt -0.046995 0.033862
vt -0.041752 0.046572
vt -0.029093 0.051959
vt -0.076081 0.096766
vt -0.084872 0.093025
vt -0.088513 0.084199
vt -0.084872 0.075458
vt -0.076081 0.071922
vt -0.067290 0.075663
vt -0.063648 0.084489
vt -0.067290 0.093230
vt -0.029093 0.003372
vt -0.041752 0.002647
vt -0.084872 0.450726
vt -0.076081 0.451229
vt 0.046572 0.002647
vt 0.033862 0.003525
vt 0.084199 0.451336
vt 0.093025 0.450726
vt 0.033862 0.003525
vt 0.021275 0.005491
vt 0.075458 0.452701
vt 0.084199 0.451336
vt -0.041752 0.005491
vt -0.029093 0.007393
vt -0.076081 0.454022
vt -0.084872 0.452701
vt -0.029093 0.007393
vt -0.016434 0.008118
vt -0.067290 0.454525
vt -0.076081 0.454022
vt 0.021571 0.008118
vt 0.034280 0.007240
vt 0.084489 0.453915
vt 0.075663 0.454525
vt 0.034280 0.007240
vt 0.046867 0.005274
vt 0.093230 0.452550
vt 0.084489 0.453915
vt -0.016434 0.005274
vt -0.029093 0.003372
vt -0.076081 0.451229
vt -0.067290 0.452550
vt -0.064336 0.083279
vt -0.069548 0.075442
vt -0.078588 0.072820
vt -0.086159 0.076949
vt -0.087826 0.085410
vt -0.082613 0.093246
vt -0.073574 0.095868
vt -0.066003 0.091739
vt -0.172508 0.226736
vt -0.176445 0.228883
vt -0.181145 0.227520
vt -0.183856 0.223445
vt -0.182989 0.219045
vt -0.179052 0.216898
vt -0.174351 0.218262
vt -0.171641 0.222337
vt -0.066003 0.452625
vt -0.073574 0.448483
vt -0.176445 0.774337
vt -0.172508 0.776491
vt -0.073574 0.448483
vt -0.082613 0.446766
vt -0.181145 0.773444
vt -0.176445 0.774337
vt 0.093246 0.446766
vt 0.085410 0.448483
vt 0.223445 0.774337
vt 0.227520 0.773444
vt 0.085410 0.448483
vt 0.076949 0.452625
vt 0.219045 0.776491
vt 0.223445 0.774337
vt -0.086159 0.452625
vt -0.078588 0.456768
vt -0.179052 0.778645
vt -0.182989 0.776491
vt -0.078588 0.456768
vt -0.069548 0.458484
vt -0.174351 0.779538
vt -0.179052 0.778645
vt 0.075442 0.458484
vt 0.083279 0.456768
vt 0.222337 0.778645
vt 0.218262 0.779538
vt 0.083279 0.456768
vt 0.091739 0.452625
vt 0.226736 0.776491
vt 0.222337 0.778645
vt -0.064161 0.060461
vt -0.068281 0.013666
vt -0.092626 0.038597
vt -0.067164 0.059976
vt -0.067164 0.059976
vt -0.092626 0.038597
vt -0.068281 0.013666
vt -0.064161 0.060461
vt -0.067164 0.059976
vt -0.092626 0.038597
vt -0.112969 0.066887
vt -0.066166 0.062850
vt -0.066166 0.062850
vt -0.112969 0.066887
vt -0.092626 0.038597
vt -0.067164 0.059976
vt -0.068281 0.013666
vt -0.095928 -0.022345
vt -0.126574 0.010091
vt -0.092626 0.038597
vt -0.092626 0.038597
vt -0.126574 0.010091
vt -0.095928 -0.022345
vt -0.068281 0.013666
vt -0.092626 0.038597
vt -0.126574 0.010091
vt -0.153220 0.045887
vt -0.112969 0.066887
vt -0.112969 0.066887
vt -0.153220 0.045887
vt -0.126574 0.010091
vt -0.092626 0.038597
vt -0.095928 -0.022345
vt -0.137862 -0.047085
vt -0.163352 -0.020790
vt -0.126574 0.010091
vt -0.126574 0.010091
vt -0.163352 -0.020790
vt -0.137862 -0.047085
vt -0.095928 -0.022345
vt -0.126574 0.010091
vt -0.163352 -0.020790
vt -0.184841 0.008865
vt -0.153220 0.045887
vt -0.153220 0.045887
vt -0.184841 0.008865
vt -0.163352 -0.020790
vt -0.126574 0.010091
vt -0.137862 -0.047085
vt -0.177611 -0.057193
vt -0.191642 -0.044544
vt -0.163352 -0.020790
vt -0.163352 -0.020790
vt -0.191642 -0.044544
vt -0.177611 -0.057193
vt -0.137862 -0.047085
vt -0.163352 -0.020790
vt -0.191642 -0.044544
vt -0.201673 -0.028536
vt -0.184841 0.008865
vt -0.184841 0.008865
vt -0.201673 -0.028536
vt -0.191642 -0.044544
vt -0.163352 -0.020790
vt -0.177611 0.361055
vt -0.205614 0.368712
vt -0.208617 0.361150
vt -0.191642 0.353494
vt -0.191642 0.353494
vt -0.208617 0.361150
vt -0.205614 0.368712
vt -0.177611 0.361055
vt -0.044544 0.353494
vt -0.058797 0.361150
vt -0.055923 0.368712
vt -0.028536 0.361055
vt -0.028536 0.361055
vt -0.055923 0.368712
vt -0.058797 0.361150
vt -0.044544 0.353494
vt -0.065732 0.062883
vt -0.065300 0.111135
vt -0.038484 0.088965
vt -0.062799 0.063687
vt -0.062799 0.063687
vt -0.038484 0.088965
vt -0.065300 0.111135
vt -0.065732 0.062883
vt -0.062799 0.063687
vt -0.038484 0.088965
vt -0.015289 0.063029
vt -0.063487 0.060725
vt -0.063487 0.060725
vt -0.015289 0.063029
vt -0.038484 0.088965
vt -0.062799 0.063687
vt -0.065300 0.111135
vt -0.039932 0.151623
vt -0.006063 0.122669
vt -0.038484 0.088965
vt -0.038484 0.088965
vt -0.006063 0.122669
vt -0.039932 0.151623
vt -0.065300 0.111135
vt -0.038484 0.088965
vt -0.006063 0.122669
vt 0.024184 0.089949
vt -0.015289 0.063029
vt -0.015289 0.063029
vt 0.024184 0.089949
vt -0.006063 0.122669
vt -0.038484 0.088965
vt -0.039932 0.151623
vt 0.000960 0.182585
vt 0.029058 0.159181
vt -0.006063 0.122669
vt -0.006063 0.122669
vt 0.029058 0.159181
vt 0.000960 0.182585
vt -0.039932 0.151623
vt -0.006063 0.122669
vt 0.029058 0.159181
vt 0.053535 0.132013
vt 0.024184 0.089949
vt 0.024184 0.089949
vt 0.053535 0.132013
vt 0.029058 0.159181
vt -0.006063 0.122669
vt 0.000960 0.182585
vt 0.040800 0.198337
vt 0.056075 0.187268
vt 0.029058 0.159181
vt 0.029058 0.159181
vt 0.056075 0.187268
vt 0.040800 0.198337
vt 0.000960 0.182585
vt 0.029058 0.159181
vt 0.056075 0.187268
vt 0.067729 0.172434
vt 0.053535 0.132013
vt 0.053535 0.132013
vt 0.067729 0.172434
vt 0.056075 0.187268
vt 0.029058 0.159181
vt 0.040800 0.362388
vt 0.069352 0.370465
vt 0.072285 0.362904
vt 0.056075 0.354826
vt 0.056075 0.354826
vt 0.072285 0.362904
vt 0.069352 0.370465
vt 0.040800 0.362388
vt 0.187268 0.354826
vt 0.204120 0.362904
vt 0.201158 0.370465
vt 0.172434 0.362388
vt 0.172434 0.362388
vt 0.201158 0.370465
vt 0.204120 0.362904
vt 0.187268 0.354826
vt -0.061808 0.083131
vt -0.068693 0.034507
vt -0.092783 0.059135
vt -0.064799 0.082632
vt -0.064799 0.082632
vt -0.092783 0.059135
vt -0.068693 0.034507
vt -0.061808 0.083131
vt -0.064799 0.082632
vt -0.092783 0.059135
vt -0.112873 0.087123
vt -0.063790 0.085492
vt -0.063790 0.085492
vt -0.112873 0.087123
vt -0.092783 0.059135
vt -0.064799 0.082632
vt -0.068693 0.034507
vt -0.099775 -0.004243
vt -0.130095 0.027805
vt -0.092783 0.059135
vt -0.092783 0.059135
vt -0.130095 0.027805
vt -0.099775 -0.004243
vt -0.068693 0.034507
vt -0.092783 0.059135
vt -0.130095 0.027805
vt -0.156415 0.063213
vt -0.112873 0.087123
vt -0.112873 0.087123
vt -0.156415 0.063213
vt -0.130095 0.027805
vt -0.092783 0.059135
vt -0.099775 -0.004243
vt -0.145294 -0.032112
vt -0.170517 -0.006135
vt -0.130095 0.027805
vt -0.130095 0.027805
vt -0.170517 -0.006135
vt -0.145294 -0.032112
vt -0.099775 -0.004243
vt -0.130095 0.027805
vt -0.170517 -0.006135
vt -0.191739 0.023202
vt -0.156415 0.063213
vt -0.156415 0.063213
vt -0.191739 0.023202
vt -0.170517 -0.006135
vt -0.130095 0.027805
vt -0.145294 -0.032112
vt -0.187715 -0.044729
vt -0.201610 -0.032243
vt -0.170517 -0.006135
vt -0.170517 -0.006135
vt -0.201610 -0.032243
vt -0.187715 -0.044729
vt -0.145294 -0.032112
vt -0.170517 -0.006135
vt -0.201610 -0.032243
vt -0.211504 -0.016397
vt -0.191739 0.023202
vt -0.191739 0.023202
vt -0.211504 -0.016397
vt -0.201610 -0.032243
vt -0.170517 -0.006135
vt -0.187715 0.463701
vt -0.217274 0.472117
vt -0.220266 0.464555
vt -0.201610 0.456140
vt -0.201610 0.456140
vt -0.220266 0.464555
vt -0.217274 0.472117
vt -0.187715 0.463701
vt -0.032243 0.456140
vt -0.047908 0.464555
vt -0.045047 0.472117
vt -0.016397 0.463701
vt -0.016397 0.463701
vt -0.045047 0.472117
vt -0.047908 0.464555
vt -0.032243 0.456140
vt -0.065580 0.084454
vt -0.065418 0.130069
vt -0.039834 0.109084
vt -0.062702 0.085310
vt -0.062702 0.085310
vt -0.039834 0.109084
vt -0.065418 0.130069
vt -0.065580 0.084454
vt -0.062702 0.085310
vt -0.039834 0.109084
vt -0.017872 0.084334
vt -0.063446 0.082402
vt -0.063446 0.082402
vt -0.017872 0.084334
vt -0.039834 0.109084
vt -0.062702 0.085310
vt -0.065418 0.130069
vt -0.041632 0.168217
vt -0.009343 0.140782
vt -0.039834 0.109084
vt -0.039834 0.109084
vt -0.009343 0.140782
vt -0.041632 0.168217
vt -0.065418 0.130069
vt -0.039834 0.109084
vt -0.009343 0.140782
vt 0.019324 0.109583
vt -0.017872 0.084334
vt -0.017872 0.084334
vt 0.019324 0.109583
vt -0.009343 0.140782
vt -0.039834 0.109084
vt -0.041632 0.168217
vt -0.003114 0.197280
vt 0.023688 0.175122
vt -0.009343 0.140782
vt -0.009343 0.140782
vt 0.023688 0.175122
vt -0.003114 0.197280
vt -0.041632 0.168217
vt -0.009343 0.140782
vt 0.023688 0.175122
vt 0.046870 0.149200
vt 0.019324 0.109583
vt 0.019324 0.109583
vt 0.046870 0.149200
vt 0.023688 0.175122
vt -0.009343 0.140782
vt -0.003114 0.197280
vt 0.034486 0.211968
vt 0.049097 0.201538
vt 0.023688 0.175122
vt 0.023688 0.175122
vt 0.049097 0.201538
vt 0.034486 0.211968
vt -0.003114 0.197280
vt 0.023688 0.175122
vt 0.049097 0.201538
vt 0.060087 0.187342
vt 0.046870 0.149200
vt 0.046870 0.149200
vt 0.060087 0.187342
vt 0.049097 0.201538
vt 0.023688 0.175122
vt 0.034486 0.461110
vt 0.061465 0.468707
vt 0.064343 0.461145
vt 0.049097 0.453548
vt 0.049097 0.453548
vt 0.064343 0.461145
vt 0.061465 0.468707
vt 0.034486 0.461110
vt 0.201538 0.453548
vt 0.217387 0.461145
vt 0.214478 0.468707
vt 0.187342 0.461110
vt 0.187342 0.461110
vt 0.214478 0.468707
vt 0.217387 0.461145
vt 0.201538 0.453548
vt -0.066707 0.118076
vt -0.089181 0.075848
vt -0.104291 0.100410
vt -0.069373 0.118167
vt -0.069373 0.118167
vt -0.104291 0.100410
vt -0.089181 0.075848
vt -0.066707 0.118076
vt -0.069373 0.118167
vt -0.104291 0.100410
vt -0.115239 0.127088
vt -0.067877 0.120375
vt -0.067877 0.120375
vt -0.115239 0.127088
vt -0.104291 0.100410
vt -0.069373 0.118167
vt -0.089181 0.075848
vt -0.132063 0.044945
vt -0.150848 0.076733
vt -0.104291 0.100410
vt -0.104291 0.100410
vt -0.150848 0.076733
vt -0.132063 0.044945
vt -0.089181 0.075848
vt -0.104291 0.100410
vt -0.150848 0.076733
vt -0.165471 0.110638
vt -0.115239 0.127088
vt -0.115239 0.127088
vt -0.165471 0.110638
vt -0.150848 0.076733
vt -0.104291 0.100410
vt -0.132063 0.044945
vt -0.185507 0.025208
vt -0.201285 0.051084
vt -0.150848 0.076733
vt -0.150848 0.076733
vt -0.201285 0.051084
vt -0.185507 0.025208
vt -0.132063 0.044945
vt -0.150848 0.076733
vt -0.201285 0.051084
vt -0.212901 0.079076
vt -0.165471 0.110638
vt -0.165471 0.110638
vt -0.212901 0.079076
vt -0.201285 0.051084
vt -0.150848 0.076733
vt -0.185507 0.025208
vt -0.230986 0.018616
vt -0.240082 0.031354
vt -0.201285 0.051084
vt -0.201285 0.051084
vt -0.240082 0.031354
vt -0.230986 0.018616
vt -0.185507 0.025208
vt -0.201285 0.051084
vt -0.240082 0.031354
vt -0.245017 0.046207
vt -0.212901 0.079076
vt -0.212901 0.079076
vt -0.245017 0.046207
vt -0.240082 0.031354
vt -0.201285 0.051084
vt -0.230986 0.562619
vt -0.260695 0.570587
vt -0.263361 0.562935
vt -0.240082 0.554968
vt -0.240082 0.554968
vt -0.263361 0.562935
vt -0.260695 0.570587
vt -0.230986 0.562619
vt 0.031354 0.554968
vt 0.019516 0.562935
vt 0.021723 0.570587
vt 0.046207 0.562619
vt 0.046207 0.562619
vt 0.021723 0.570587
vt 0.019516 0.562935
vt 0.031354 0.554968
vt -0.078806 0.117947
vt -0.081188 0.161797
vt -0.055331 0.139734
vt -0.076085 0.118550
vt -0.076085 0.118550
vt -0.055331 0.139734
vt -0.081188 0.161797
vt -0.078806 0.117947
vt -0.076085 0.118550
vt -0.055331 0.139734
vt -0.032742 0.114336
vt -0.076632 0.115818
vt -0.076632 0.115818
vt -0.032742 0.114336
vt -0.055331 0.139734
vt -0.076085 0.118550
vt -0.081188 0.161797
vt -0.060349 0.196736
vt -0.027660 0.167980
vt -0.055331 0.139734
vt -0.055331 0.139734
vt -0.027660 0.167980
vt -0.060349 0.196736
vt -0.081188 0.161797
vt -0.055331 0.139734
vt -0.027660 0.167980
vt 0.001762 0.135888
vt -0.032742 0.114336
vt -0.032742 0.114336
vt 0.001762 0.135888
vt -0.027660 0.167980
vt -0.055331 0.139734
vt -0.060349 0.196736
vt -0.024781 0.221860
vt 0.002318 0.198579
vt -0.027660 0.167980
vt -0.027660 0.167980
vt 0.002318 0.198579
vt -0.024781 0.221860
vt -0.060349 0.196736
vt -0.027660 0.167980
vt 0.002318 0.198579
vt 0.026149 0.171964
vt 0.001762 0.135888
vt 0.001762 0.135888
vt 0.026149 0.171964
vt 0.002318 0.198579
vt -0.027660 0.167980
vt -0.024781 0.221860
vt 0.010701 0.233228
vt 0.025377 0.222117
vt 0.002318 0.198579
vt 0.002318 0.198579
vt 0.025377 0.222117
vt 0.010701 0.233228
vt -0.024781 0.221860
vt 0.002318 0.198579
vt 0.025377 0.222117
vt 0.036787 0.207672
vt 0.026149 0.171964
vt 0.026149 0.171964
vt 0.036787 0.207672
vt 0.025377 0.222117
vt 0.002318 0.198579
vt 0.010701 0.556489
vt 0.036493 0.562521
vt 0.039213 0.554869
vt 0.025377 0.548837
vt 0.025377 0.548837
vt 0.039213 0.554869
vt 0.036493 0.562521
vt 0.010701 0.556489
vt 0.222117 0.548837
vt 0.236240 0.554869
vt 0.233508 0.562521
vt 0.207672 0.556489
vt 0.207672 0.556489
vt 0.233508 0.562521
vt 0.236240 0.554869
vt 0.222117 0.548837
vt -0.110919 0.151428
vt -0.129307 0.102277
vt -0.148224 0.134326
vt -0.113755 0.151855
vt -0.113755 0.151855
vt -0.148224 0.134326
vt -0.129307 0.102277
vt -0.110919 0.151428
vt -0.113755 0.151855
vt -0.148224 0.134326
vt -0.162980 0.168491
vt -0.112430 0.154399
vt -0.112430 0.154399
vt -0.162980 0.168491
vt -0.148224 0.134326
vt -0.113755 0.151855
vt -0.129307 0.102277
vt -0.170517 0.069568
vt -0.194183 0.110954
vt -0.148224 0.134326
vt -0.148224 0.134326
vt -0.194183 0.110954
vt -0.170517 0.069568
vt -0.129307 0.102277
vt -0.148224 0.134326
vt -0.194183 0.110954
vt -0.213687 0.154457
vt -0.162980 0.168491
vt -0.162980 0.168491
vt -0.213687 0.154457
vt -0.194183 0.110954
vt -0.148224 0.134326
vt -0.170517 0.069568
vt -0.224191 0.051888
vt -0.243971 0.085634
vt -0.194183 0.110954
vt -0.194183 0.110954
vt -0.243971 0.085634
vt -0.224191 0.051888
vt -0.170517 0.069568
vt -0.194183 0.110954
vt -0.243971 0.085634
vt -0.259590 0.121497
vt -0.213687 0.154457
vt -0.213687 0.154457
vt -0.259590 0.121497
vt -0.243971 0.085634
vt -0.194183 0.110954
vt -0.224191 0.051888
vt -0.271124 0.049389
vt -0.282270 0.066158
vt -0.243971 0.085634
vt -0.243971 0.085634
vt -0.282270 0.066158
vt -0.271124 0.049389
vt -0.224191 0.051888
vt -0.243971 0.085634
vt -0.282270 0.066158
vt -0.289255 0.085043
vt -0.259590 0.121497
vt -0.259590 0.121497
vt -0.289255 0.085043
vt -0.282270 0.066158
vt -0.243971 0.085634
vt -0.271124 0.662539
vt -0.302413 0.670404
vt -0.305249 0.662753
vt -0.282270 0.654887
vt -0.282270 0.654887
vt -0.305249 0.662753
vt -0.302413 0.670404
vt -0.271124 0.662539
vt -0.282270 0.066158
vt -0.305249 0.054472
vt -0.303924 0.057016
vt -0.289255 0.085043
vt -0.289255 0.085043
vt -0.303924 0.057016
vt -0.305249 0.054472
vt -0.282270 0.066158
vt -0.131638 0.140312
vt -0.127595 0.189943
vt -0.102145 0.168278
vt -0.128935 0.140932
vt -0.128935 0.140932
vt -0.102145 0.168278
vt -0.127595 0.189943
vt -0.131638 0.140312
vt -0.128935 0.140932
vt -0.102145 0.168278
vt -0.079963 0.143278
vt -0.129500 0.138218
vt -0.129500 0.138218
vt -0.079963 0.143278
vt -0.102145 0.168278
vt -0.128935 0.140932
vt -0.127595 0.189943
vt -0.098593 0.232984
vt -0.066425 0.204739
vt -0.102145 0.168278
vt -0.102145 0.168278
vt -0.066425 0.204739
vt -0.098593 0.232984
vt -0.127595 0.189943
vt -0.102145 0.168278
vt -0.066425 0.204739
vt -0.037526 0.173158
vt -0.079963 0.143278
vt -0.079963 0.143278
vt -0.037526 0.173158
vt -0.066425 0.204739
vt -0.102145 0.168278
vt -0.098593 0.232984
vt -0.054400 0.267099
vt -0.027729 0.244238
vt -0.066425 0.204739
vt -0.066425 0.204739
vt -0.027729 0.244238
vt -0.054400 0.267099
vt -0.098593 0.232984
vt -0.066425 0.204739
vt -0.027729 0.244238
vt -0.004325 0.218042
vt -0.037526 0.173158
vt -0.037526 0.173158
vt -0.004325 0.218042
vt -0.027729 0.244238
vt -0.066425 0.204739
vt -0.054400 0.267099
vt -0.012420 0.285518
vt 0.002037 0.274622
vt -0.027729 0.244238
vt -0.027729 0.244238
vt 0.002037 0.274622
vt -0.012420 0.285518
vt -0.054400 0.267099
vt -0.027729 0.244238
vt 0.002037 0.274622
vt 0.013228 0.260391
vt -0.004325 0.218042
vt -0.004325 0.218042
vt 0.013228 0.260391
vt 0.002037 0.274622
vt -0.027729 0.244238
vt -0.012420 0.662289
vt 0.017195 0.670075
vt 0.019897 0.662423
vt 0.002037 0.654637
vt 0.002037 0.654637
vt 0.019897 0.662423
vt 0.017195 0.670075
vt -0.012420 0.662289
vt 0.274622 0.654637
vt 0.292853 0.662423
vt 0.290138 0.670075
vt 0.260391 0.662289
vt 0.260391 0.662289
vt 0.290138 0.670075
vt 0.292853 0.662423
vt 0.274622 0.654637
vt 0.210422 0.766561
vt 0.202476 0.793746
vt 0.228668 0.789996
vt 0.217039 0.762811
vt 0.217039 0.762811
vt 0.228668 0.789996
vt 0.202476 0.793746
vt 0.210422 0.766561
vt -0.173454 0.762811
vt -0.181988 0.789996
vt -0.149879 0.793746
vt -0.168020 0.766561
vt -0.168020 0.766561
vt -0.149879 0.793746
vt -0.181988 0.789996
vt -0.173454 0.762811
vt 0.202476 0.793746
vt 0.212202 0.829993
vt 0.244174 0.826243
vt 0.228668 0.789996
vt 0.228668 0.789996
vt 0.244174 0.826243
vt 0.212202 0.829993
vt 0.202476 0.793746
vt -0.181988 0.789996
vt -0.193366 0.826243
vt -0.153380 0.829993
vt -0.149879 0.793746
vt -0.149879 0.793746
vt -0.153380 0.829993
vt -0.193366 0.826243
vt -0.181988 0.789996
vt 0.212202 0.829993
vt 0.233730 0.869260
vt 0.260972 0.865511
vt 0.244174 0.826243
vt 0.244174 0.826243
vt 0.260972 0.865511
vt 0.233730 0.869260
vt 0.212202 0.829993
vt -0.193366 0.826243
vt -0.205693 0.865511
vt -0.172152 0.869260
vt -0.153380 0.829993
vt -0.153380 0.829993
vt -0.172152 0.869260
vt -0.205693 0.865511
vt -0.193366 0.826243
vt 0.233730 0.869260
vt 0.257161 0.899466
vt 0.273894 0.895716
vt 0.260972 0.865511
vt 0.260972 0.865511
vt 0.273894 0.895716
vt 0.257161 0.899466
vt 0.233730 0.869260
vt -0.205693 0.865511
vt -0.215175 0.895716
vt -0.195956 0.899466
vt -0.172152 0.869260
vt -0.172152 0.869260
vt -0.195956 0.899466
vt -0.215175 0.895716
vt -0.205693 0.865511
vt 0.257161 0.899466
vt 0.275030 0.917590
vt 0.281647 0.913840
vt 0.273894 0.895716
vt 0.273894 0.895716
vt 0.281647 0.913840
vt 0.275030 0.917590
vt 0.257161 0.899466
vt -0.215175 0.895716
vt -0.220865 0.913840
vt -0.215431 0.917590
vt -0.195956 0.899466
vt -0.195956 0.899466
vt -0.215431 0.917590
vt -0.220865 0.913840
vt -0.215175 0.895716
vt -0.044820 0.004513
vt -0.039590 -0.008193
vt -0.044820 -0.020934
vt -0.057447 -0.026246
vt -0.070074 -0.021017
vt -0.075304 -0.008311
vt -0.070074 0.004430
vt -0.057447 0.009742
vt -0.112509 0.015537
vt -0.121278 0.011848
vt -0.124910 0.003000
vt -0.121278 -0.005824
vt -0.112509 -0.009455
vt -0.103740 -0.005766
vt -0.100108 0.003082
vt -0.103740 0.011906
vt -0.057447 0.004914
vt -0.070074 0.003451
vt -0.121278 0.438230
vt -0.112509 0.439246
vt 0.004430 0.003451
vt -0.008311 0.003119
vt 0.003000 0.438000
vt 0.011848 0.438230
vt -0.008311 0.003119
vt -0.021017 0.004113
vt -0.005824 0.438690
vt 0.003000 0.438000
vt -0.070074 0.004113
vt -0.057447 0.005850
vt -0.112509 0.439896
vt -0.121278 0.438690
vt -0.057447 0.005850
vt -0.044820 0.007314
vt -0.103740 0.440912
vt -0.112509 0.439896
vt -0.020934 0.007314
vt -0.008193 0.007646
vt 0.003082 0.441143
vt -0.005766 0.440912
vt -0.008193 0.007646
vt 0.004513 0.006652
vt 0.011906 0.440452
vt 0.003082 0.441143
vt -0.044820 0.006652
vt -0.057447 0.004914
vt -0.112509 0.439246
vt -0.103740 0.440452
vt -0.104326 0.011586
vt -0.101393 0.002634
vt -0.104972 -0.006079
vt -0.112966 -0.009451
vt -0.120692 -0.005504
vt -0.123625 0.003448
vt -0.120046 0.012162
vt -0.112052 0.015533
vt -0.273374 0.015431
vt -0.277531 0.013678
vt -0.279392 0.009147
vt -0.277867 0.004492
vt -0.273849 0.002440
vt -0.269693 0.004193
vt -0.267832 0.008724
vt -0.269357 0.013379
vt -0.112052 0.439571
vt -0.120046 0.435538
vt -0.277531 0.751886
vt -0.273374 0.753983
vt 0.012162 0.435538
vt 0.003448 0.433868
vt 0.009147 0.751018
vt 0.013678 0.751886
vt 0.003448 0.433868
vt -0.005504 0.435538
vt 0.004492 0.751886
vt 0.009147 0.751018
vt -0.120692 0.435538
vt -0.112966 0.439571
vt -0.273849 0.753983
vt -0.277867 0.751886
vt -0.112966 0.439571
vt -0.104972 0.443604
vt -0.269693 0.756081
vt -0.273849 0.753983
vt -0.006079 0.443604
vt 0.002634 0.445274
vt 0.008724 0.756949
vt 0.004193 0.756081
vt 0.002634 0.445274
vt 0.011586 0.443604
vt 0.013379 0.756081
vt 0.008724 0.756949
vt -0.104326 0.443604
vt -0.112052 0.439571
vt -0.273374 0.753983
vt -0.269357 0.756081
vt -0.092735 -0.005083
vt -0.072188 -0.043393
vt -0.102569 -0.038429
vt -0.094711 -0.007287
vt -0.094711 -0.007287
vt -0.102569 -0.038429
vt -0.072188 -0.043393
vt -0.092735 -0.005083
vt -0.094711 -0.007287
vt -0.102569 -0.038429
vt -0.131668 -0.028383
vt -0.095404 -0.004409
vt -0.095404 -0.004409
vt -0.131668 -0.028383
vt -0.102569 -0.038429
vt -0.094711 -0.007287
vt -0.072188 -0.043393
vt -0.074279 -0.087033
vt -0.113048 -0.079952
vt -0.102569 -0.038429
vt -0.102569 -0.038429
vt -0.113048 -0.079952
vt -0.074279 -0.087033
vt -0.072188 -0.043393
vt -0.102569 -0.038429
vt -0.113048 -0.079952
vt -0.150535 -0.067789
vt -0.131668 -0.028383
vt -0.131668 -0.028383
vt -0.150535 -0.067789
vt -0.113048 -0.079952
vt -0.102569 -0.038429
vt -0.074279 -0.087033
vt -0.092494 -0.130284
vt -0.124400 -0.124935
vt -0.113048 -0.079952
vt -0.113048 -0.079952
vt -0.124400 -0.124935
vt -0.092494 -0.130284
vt -0.074279 -0.087033
vt -0.113048 -0.079952
vt -0.124400 -0.124935
vt -0.155024 -0.114504
vt -0.150535 -0.067789
vt -0.150535 -0.067789
vt -0.155024 -0.114504
vt -0.124400 -0.124935
vt -0.113048 -0.079952
vt -0.092494 -0.130284
vt -0.116477 -0.161038
vt -0.133132 -0.159538
vt -0.124400 -0.124935
vt -0.124400 -0.124935
vt -0.133132 -0.159538
vt -0.116477 -0.161038
vt -0.092494 -0.130284
vt -0.124400 -0.124935
vt -0.133132 -0.159538
vt -0.148505 -0.152955
vt -0.155024 -0.114504
vt -0.155024 -0.114504
vt -0.148505 -0.152955
vt -0.133132 -0.159538
vt -0.124400 -0.124935
vt -0.116477 -0.161038
vt -0.136396 -0.178095
vt -0.138371 -0.180299
vt -0.133132 -0.159538
vt -0.133132 -0.159538
vt -0.138371 -0.180299
vt -0.136396 -0.178095
vt -0.116477 -0.161038
vt -0.159538 0.343307
vt -0.180299 0.350732
vt -0.177421 0.358290
vt -0.152955 0.350865
vt -0.152955 0.350865
vt -0.177421 0.358290
vt -0.180299 0.350732
vt -0.159538 0.343307
vt -0.093068 0.004097
vt -0.115791 0.044744
vt -0.085586 0.042604
vt -0.091320 0.006473
vt -0.091320 0.006473
vt -0.085586 0.042604
vt -0.115791 0.044744
vt -0.093068 0.004097
vt -0.091320 0.006473
vt -0.085586 0.042604
vt -0.056202 0.035287
vt -0.090394 0.003672
vt -0.090394 0.003672
vt -0.056202 0.035287
vt -0.085586 0.042604
vt -0.091320 0.006473
vt -0.115791 0.044744
vt -0.116550 0.094252
vt -0.077941 0.090778
vt -0.085586 0.042604
vt -0.085586 0.042604
vt -0.077941 0.090778
vt -0.116550 0.094252
vt -0.115791 0.044744
vt -0.085586 0.042604
vt -0.077941 0.090778
vt -0.040154 0.082127
vt -0.056202 0.035287
vt -0.056202 0.035287
vt -0.040154 0.082127
vt -0.077941 0.090778
vt -0.085586 0.042604
vt -0.116550 0.094252
vt -0.101392 0.145349
vt -0.069658 0.142967
vt -0.077941 0.090778
vt -0.077941 0.090778
vt -0.069658 0.142967
vt -0.101392 0.145349
vt -0.116550 0.094252
vt -0.077941 0.090778
vt -0.069658 0.142967
vt -0.038747 0.135408
vt -0.040154 0.082127
vt -0.040154 0.082127
vt -0.038747 0.135408
vt -0.069658 0.142967
vt -0.077941 0.090778
vt -0.101392 0.145349
vt -0.079741 0.183070
vt -0.063287 0.183112
vt -0.069658 0.142967
vt -0.069658 0.142967
vt -0.063287 0.183112
vt -0.079741 0.183070
vt -0.101392 0.145349
vt -0.069658 0.142967
vt -0.063287 0.183112
vt -0.047655 0.177978
vt -0.038747 0.135408
vt -0.038747 0.135408
vt -0.047655 0.177978
vt -0.063287 0.183112
vt -0.069658 0.142967
vt -0.079741 0.183070
vt -0.061212 0.204823
vt -0.059465 0.207199
vt -0.063287 0.183112
vt -0.063287 0.183112
vt -0.059465 0.207199
vt -0.061212 0.204823
vt -0.079741 0.183070
vt 0.183112 0.346575
vt 0.207199 0.355032
vt 0.204399 0.362590
vt 0.177978 0.354133
vt 0.177978 0.354133
vt 0.204399 0.362590
vt 0.207199 0.355032
vt 0.183112 0.346575
vt -0.098676 0.025216
vt -0.082883 -0.018852
vt -0.110015 -0.014708
vt -0.100506 0.022975
vt -0.100506 0.022975
vt -0.110015 -0.014708
vt -0.082883 -0.018852
vt -0.098676 0.025216
vt -0.100506 0.022975
vt -0.110015 -0.014708
vt -0.135865 -0.005482
vt -0.101053 0.025816
vt -0.101053 0.025816
vt -0.135865 -0.005482
vt -0.110015 -0.014708
vt -0.100506 0.022975
vt -0.082883 -0.018852
vt -0.088090 -0.070982
vt -0.122695 -0.064952
vt -0.110015 -0.014708
vt -0.110015 -0.014708
vt -0.122695 -0.064952
vt -0.088090 -0.070982
vt -0.082883 -0.018852
vt -0.110015 -0.014708
vt -0.122695 -0.064952
vt -0.156017 -0.053840
vt -0.135865 -0.005482
vt -0.135865 -0.005482
vt -0.156017 -0.053840
vt -0.122695 -0.064952
vt -0.110015 -0.014708
vt -0.088090 -0.070982
vt -0.107940 -0.123870
vt -0.136431 -0.119383
vt -0.122695 -0.064952
vt -0.122695 -0.064952
vt -0.136431 -0.119383
vt -0.107940 -0.123870
vt -0.088090 -0.070982
vt -0.122695 -0.064952
vt -0.136431 -0.119383
vt -0.163639 -0.109814
vt -0.156017 -0.053840
vt -0.156017 -0.053840
vt -0.163639 -0.109814
vt -0.136431 -0.119383
vt -0.122695 -0.064952
vt -0.107940 -0.123870
vt -0.132091 -0.162312
vt -0.146997 -0.161253
vt -0.136431 -0.119383
vt -0.136431 -0.119383
vt -0.146997 -0.161253
vt -0.132091 -0.162312
vt -0.107940 -0.123870
vt -0.136431 -0.119383
vt -0.146997 -0.161253
vt -0.160620 -0.155112
vt -0.163639 -0.109814
vt -0.163639 -0.109814
vt -0.160620 -0.155112
vt -0.146997 -0.161253
vt -0.136431 -0.119383
vt -0.132091 -0.162312
vt -0.151507 -0.184134
vt -0.153337 -0.186375
vt -0.146997 -0.161253
vt -0.146997 -0.161253
vt -0.153337 -0.186375
vt -0.151507 -0.184134
vt -0.132091 -0.162312
vt -0.161253 0.445563
vt -0.186375 0.454547
vt -0.183534 0.462106
vt -0.155112 0.453122
vt -0.155112 0.453122
vt -0.183534 0.462106
vt -0.186375 0.454547
vt -0.161253 0.445563
vt -0.103709 0.020680
vt -0.133025 0.055078
vt -0.097100 0.052031
vt -0.101705 0.023016
vt -0.101705 0.023016
vt -0.097100 0.052031
vt -0.133025 0.055078
vt -0.103709 0.020680
vt -0.101705 0.023016
vt -0.097100 0.052031
vt -0.061997 0.043806
vt -0.100522 0.020174
vt -0.100522 0.020174
vt -0.061997 0.043806
vt -0.097100 0.052031
vt -0.101705 0.023016
vt -0.133025 0.055078
vt -0.136902 0.095355
vt -0.090960 0.090718
vt -0.097100 0.052031
vt -0.097100 0.052031
vt -0.090960 0.090718
vt -0.136902 0.095355
vt -0.133025 0.055078
vt -0.097100 0.052031
vt -0.090960 0.090718
vt -0.045840 0.080904
vt -0.061997 0.043806
vt -0.061997 0.043806
vt -0.045840 0.080904
vt -0.090960 0.090718
vt -0.097100 0.052031
vt -0.136902 0.095355
vt -0.122055 0.135966
vt -0.084309 0.132629
vt -0.090960 0.090718
vt -0.090960 0.090718
vt -0.084309 0.132629
vt -0.122055 0.135966
vt -0.136902 0.095355
vt -0.090960 0.090718
vt -0.084309 0.132629
vt -0.047385 0.124116
vt -0.045840 0.080904
vt -0.045840 0.080904
vt -0.047385 0.124116
vt -0.084309 0.132629
vt -0.090960 0.090718
vt -0.122055 0.135966
vt -0.098727 0.165315
vt -0.079193 0.164869
vt -0.084309 0.132629
vt -0.084309 0.132629
vt -0.079193 0.164869
vt -0.098727 0.165315
vt -0.122055 0.135966
vt -0.084309 0.132629
vt -0.079193 0.164869
vt -0.060481 0.159245
vt -0.047385 0.124116
vt -0.047385 0.124116
vt -0.060481 0.159245
vt -0.079193 0.164869
vt -0.084309 0.132629
vt -0.098727 0.165315
vt -0.078127 0.181876
vt -0.076123 0.184212
vt -0.079193 0.164869
vt -0.079193 0.164869
vt -0.076123 0.184212
vt -0.078127 0.181876
vt -0.098727 0.165315
vt 0.164869 0.438619
vt 0.184212 0.445411
vt 0.181371 0.452969
vt 0.159245 0.446178
vt 0.159245 0.446178
vt 0.181371 0.452969
vt 0.184212 0.445411
vt 0.164869 0.438619
vt -0.133865 0.017994
vt -0.110517 -0.020851
vt -0.142229 -0.016987
vt -0.135723 0.015964
vt -0.135723 0.015964
vt -0.142229 -0.016987
vt -0.110517 -0.020851
vt -0.133865 0.017994
vt -0.135723 0.015964
vt -0.142229 -0.016987
vt -0.173030 -0.008509
vt -0.136670 0.018548
vt -0.136670 0.018548
vt -0.173030 -0.008509
vt -0.142229 -0.016987
vt -0.135723 0.015964
vt -0.110517 -0.020851
vt -0.110375 -0.066526
vt -0.150903 -0.060922
vt -0.142229 -0.016987
vt -0.142229 -0.016987
vt -0.150903 -0.060922
vt -0.110375 -0.066526
vt -0.110517 -0.020851
vt -0.142229 -0.016987
vt -0.150903 -0.060922
vt -0.190520 -0.050703
vt -0.173030 -0.008509
vt -0.173030 -0.008509
vt -0.190520 -0.050703
vt -0.150903 -0.060922
vt -0.142229 -0.016987
vt -0.110375 -0.066526
vt -0.126985 -0.112698
vt -0.160300 -0.108517
vt -0.150903 -0.060922
vt -0.150903 -0.060922
vt -0.160300 -0.108517
vt -0.126985 -0.112698
vt -0.110375 -0.066526
vt -0.150903 -0.060922
vt -0.160300 -0.108517
vt -0.192704 -0.099723
vt -0.190520 -0.050703
vt -0.190520 -0.050703
vt -0.192704 -0.099723
vt -0.160300 -0.108517
vt -0.150903 -0.060922
vt -0.126985 -0.112698
vt -0.150242 -0.146145
vt -0.167528 -0.145129
vt -0.160300 -0.108517
vt -0.160300 -0.108517
vt -0.167528 -0.145129
vt -0.150242 -0.146145
vt -0.126985 -0.112698
vt -0.160300 -0.108517
vt -0.167528 -0.145129
vt -0.183903 -0.139499
vt -0.192704 -0.099723
vt -0.192704 -0.099723
vt -0.183903 -0.139499
vt -0.167528 -0.145129
vt -0.160300 -0.108517
vt -0.150242 -0.146145
vt -0.170007 -0.165066
vt -0.171865 -0.167096
vt -0.167528 -0.145129
vt -0.167528 -0.145129
vt -0.171865 -0.167096
vt -0.170007 -0.165066
vt -0.150242 -0.146145
vt -0.145129 0.536238
vt -0.167096 0.543125
vt -0.164512 0.550771
vt -0.139499 0.543885
vt -0.139499 0.543885
vt -0.164512 0.550771
vt -0.167096 0.543125
vt -0.145129 0.536238
vt -0.136135 -0.008459
vt -0.168021 0.024677
vt -0.139599 0.030525
vt -0.135133 -0.005967
vt -0.135133 -0.005967
vt -0.139599 0.030525
vt -0.168021 0.024677
vt -0.136135 -0.008459
vt -0.135133 -0.005967
vt -0.139599 0.030525
vt -0.110605 0.031704
vt -0.133559 -0.008143
vt -0.133559 -0.008143
vt -0.110605 0.031704
vt -0.139599 0.030525
vt -0.135133 -0.005967
vt -0.168021 0.024677
vt -0.182073 0.072342
vt -0.145554 0.079181
vt -0.139599 0.030525
vt -0.139599 0.030525
vt -0.145554 0.079181
vt -0.182073 0.072342
vt -0.168021 0.024677
vt -0.139599 0.030525
vt -0.145554 0.079181
vt -0.108463 0.081351
vt -0.110605 0.031704
vt -0.110605 0.031704
vt -0.108463 0.081351
vt -0.145554 0.079181
vt -0.139599 0.030525
vt -0.182073 0.072342
vt -0.181900 0.125864
vt -0.152005 0.131892
vt -0.145554 0.079181
vt -0.145554 0.079181
vt -0.152005 0.131892
vt -0.181900 0.125864
vt -0.182073 0.072342
vt -0.145554 0.079181
vt -0.152005 0.131892
vt -0.121539 0.133251
vt -0.108463 0.081351
vt -0.108463 0.081351
vt -0.121539 0.133251
vt -0.152005 0.131892
vt -0.145554 0.079181
vt -0.181900 0.125864
vt -0.172140 0.168212
vt -0.156967 0.172438
vt -0.152005 0.131892
vt -0.152005 0.131892
vt -0.156967 0.172438
vt -0.172140 0.168212
vt -0.181900 0.125864
vt -0.152005 0.131892
vt -0.156967 0.172438
vt -0.141224 0.171996
vt -0.121539 0.133251
vt -0.121539 0.133251
vt -0.141224 0.171996
vt -0.156967 0.172438
vt -0.152005 0.131892
vt 0.168212 0.545948
vt 0.194274 0.553486
vt 0.196766 0.545839
vt 0.172438 0.538301
vt 0.172438 0.538301
vt 0.196766 0.545839
vt 0.194274 0.553486
vt 0.168212 0.545948
vt -0.156967 0.172438
vt -0.159945 0.196766
vt -0.158371 0.194589
vt -0.141224 0.171996
vt -0.141224 0.171996
vt -0.158371 0.194589
vt -0.159945 0.196766
vt -0.156967 0.172438
vt -0.183679 0.006952
vt -0.159307 -0.033175
vt -0.192305 -0.029057
vt -0.185594 0.004933
vt -0.185594 0.004933
vt -0.192305 -0.029057
vt -0.159307 -0.033175
vt -0.183679 0.006952
vt -0.185594 0.004933
vt -0.192305 -0.029057
vt -0.224392 -0.020325
vt -0.186599 0.007529
vt -0.186599 0.007529
vt -0.224392 -0.020325
vt -0.192305 -0.029057
vt -0.185594 0.004933
vt -0.159307 -0.033175
vt -0.159077 -0.080308
vt -0.201253 -0.074378
vt -0.192305 -0.029057
vt -0.192305 -0.029057
vt -0.201253 -0.074378
vt -0.159077 -0.080308
vt -0.159307 -0.033175
vt -0.192305 -0.029057
vt -0.201253 -0.074378
vt -0.242518 -0.063834
vt -0.224392 -0.020325
vt -0.224392 -0.020325
vt -0.242518 -0.063834
vt -0.201253 -0.074378
vt -0.192305 -0.029057
vt -0.159077 -0.080308
vt -0.176280 -0.127922
vt -0.210946 -0.123475
vt -0.201253 -0.074378
vt -0.201253 -0.074378
vt -0.210946 -0.123475
vt -0.176280 -0.127922
vt -0.159077 -0.080308
vt -0.201253 -0.074378
vt -0.210946 -0.123475
vt -0.244702 -0.114414
vt -0.242518 -0.063834
vt -0.242518 -0.063834
vt -0.244702 -0.114414
vt -0.210946 -0.123475
vt -0.201253 -0.074378
vt -0.176280 -0.127922
vt -0.200424 -0.162395
vt -0.218403 -0.161243
vt -0.210946 -0.123475
vt -0.210946 -0.123475
vt -0.218403 -0.161243
vt -0.200424 -0.162395
vt -0.176280 -0.127922
vt -0.210946 -0.123475
vt -0.218403 -0.161243
vt -0.235470 -0.155476
vt -0.244702 -0.114414
vt -0.244702 -0.114414
vt -0.235470 -0.155476
vt -0.218403 -0.161243
vt -0.210946 -0.123475
vt -0.200424 -0.162395
vt -0.220961 -0.181884
vt -0.222876 -0.183903
vt -0.218403 -0.161243
vt -0.218403 -0.161243
vt -0.222876 -0.183903
vt -0.220961 -0.181884
vt -0.200424 -0.162395
vt -0.161243 0.634244
vt -0.183903 0.641348
vt -0.181307 0.648995
vt -0.155476 0.641891
vt -0.155476 0.641891
vt -0.181307 0.648995
vt -0.183903 0.641348
vt -0.161243 0.634244
vt -0.185956 -0.011845
vt -0.221275 0.021769
vt -0.189372 0.028043
vt -0.184798 -0.009334
vt -0.184798 -0.009334
vt -0.189372 0.028043
vt -0.221275 0.021769
vt -0.185956 -0.011845
vt -0.184798 -0.009334
vt -0.189372 0.028043
vt -0.156898 0.029648
vt -0.183068 -0.011491
vt -0.183068 -0.011491
vt -0.156898 0.029648
vt -0.189372 0.028043
vt -0.184798 -0.009334
vt -0.221275 0.021769
vt -0.236453 0.070493
vt -0.195471 0.077877
vt -0.189372 0.028043
vt -0.189372 0.028043
vt -0.195471 0.077877
vt -0.236453 0.070493
vt -0.221275 0.021769
vt -0.189372 0.028043
vt -0.195471 0.077877
vt -0.153918 0.080594
vt -0.156898 0.029648
vt -0.156898 0.029648
vt -0.153918 0.080594
vt -0.195471 0.077877
vt -0.189372 0.028043
vt -0.236453 0.070493
vt -0.235632 0.125389
vt -0.202079 0.131865
vt -0.195471 0.077877
vt -0.195471 0.077877
vt -0.202079 0.131865
vt -0.235632 0.125389
vt -0.236453 0.070493
vt -0.195471 0.077877
vt -0.202079 0.131865
vt -0.167953 0.133672
vt -0.153918 0.080594
vt -0.153918 0.080594
vt -0.167953 0.133672
vt -0.202079 0.131865
vt -0.195471 0.077877
vt -0.235632 0.125389
vt -0.224208 0.168939
vt -0.207161 0.173394
vt -0.202079 0.131865
vt -0.202079 0.131865
vt -0.207161 0.173394
vt -0.224208 0.168939
vt -0.235632 0.125389
vt -0.202079 0.131865
vt -0.207161 0.173394
vt -0.189543 0.173181
vt -0.167953 0.133672
vt -0.167953 0.133672
vt -0.189543 0.173181
vt -0.207161 0.173394
vt -0.202079 0.131865
vt 0.168939 0.643844
vt 0.195800 0.651565
vt 0.198312 0.643918
vt 0.173394 0.636198
vt 0.173394 0.636198
vt 0.198312 0.643918
vt 0.195800 0.651565
vt 0.168939 0.643844
vt -0.207161 0.173394
vt -0.210211 0.198312
vt -0.208481 0.196154
vt -0.189543 0.173181
vt -0.189543 0.173181
vt -0.208481 0.196154
vt -0.210211 0.198312
vt -0.207161 0.173394
vt 0.006961 0.738782
vt -0.021450 0.767993
vt 0.009130 0.764343
vt 0.008582 0.735132
vt 0.008582 0.735132
vt 0.009130 0.764343
vt -0.021450 0.767993
vt 0.006961 0.738782
vt 0.008582 0.735132
vt 0.009130 0.764343
vt 0.039188 0.767993
vt 0.009682 0.738782
vt 0.009682 0.738782
vt 0.039188 0.767993
vt 0.009130 0.764343
vt 0.008582 0.735132
vt -0.021450 0.767993
vt -0.029271 0.806940
vt 0.009860 0.803290
vt 0.009130 0.764343
vt 0.009130 0.764343
vt 0.009860 0.803290
vt -0.029271 0.806940
vt -0.021450 0.767993
vt 0.009130 0.764343
vt 0.009860 0.803290
vt 0.048470 0.806940
vt 0.039188 0.767993
vt 0.039188 0.767993
vt 0.048470 0.806940
vt 0.009860 0.803290
vt 0.009130 0.764343
vt -0.029271 0.806940
vt -0.021483 0.849134
vt 0.010651 0.845483
vt 0.009860 0.803290
vt 0.009860 0.803290
vt 0.010651 0.845483
vt -0.021483 0.849134
vt -0.029271 0.806940
vt 0.009860 0.803290
vt 0.010651 0.845483
vt 0.042264 0.849134
vt 0.048470 0.806940
vt 0.048470 0.806940
vt 0.042264 0.849134
vt 0.010651 0.845483
vt 0.009860 0.803290
vt -0.021483 0.849134
vt -0.005327 0.881590
vt 0.011259 0.877940
vt 0.010651 0.845483
vt 0.010651 0.845483
vt 0.011259 0.877940
vt -0.005327 0.881590
vt -0.021483 0.849134
vt 0.010651 0.845483
vt 0.011259 0.877940
vt 0.027325 0.881590
vt 0.042264 0.849134
vt 0.042264 0.849134
vt 0.027325 0.881590
vt 0.011259 0.877940
vt 0.010651 0.845483
vt -0.005327 0.881590
vt 0.010004 0.901064
vt 0.011624 0.897414
vt 0.011259 0.877940
vt 0.011259 0.877940
vt 0.011624 0.897414
vt 0.010004 0.901064
vt -0.005327 0.881590
vt 0.011259 0.877940
vt 0.011624 0.897414
vt 0.012725 0.901064
vt 0.027325 0.881590
vt 0.027325 0.881590
vt 0.012725 0.901064
vt 0.011624 0.897414
vt 0.011259 0.877940
vt 0.024692 0.039321
vt 0.029855 0.026556
vt 0.024692 0.014042
vt 0.012228 0.009111
vt -0.000236 0.014650
vt -0.005399 0.027415
vt -0.000236 0.039928
vt 0.012228 0.044860
vt -0.079366 -0.012763
vt -0.088021 -0.016188
vt -0.091607 -0.024878
vt -0.088021 -0.033743
vt -0.079366 -0.037589
vt -0.070710 -0.034165
vt -0.067125 -0.025475
vt -0.070710 -0.016610
vt 0.012228 0.007503
vt -0.000236 0.004321
vt -0.088021 0.444326
vt -0.079366 0.446535
vt 0.039928 0.004321
vt 0.027415 0.001761
vt -0.024878 0.442548
vt -0.016188 0.444326
vt 0.027415 0.001761
vt 0.014650 0.001323
vt -0.033743 0.442243
vt -0.024878 0.442548
vt -0.000236 0.001323
vt 0.012228 0.003262
vt -0.079366 0.443590
vt -0.088021 0.442243
vt 0.012228 0.003262
vt 0.024692 0.006443
vt -0.070710 0.445799
vt -0.079366 0.443590
vt 0.014042 0.006443
vt 0.026556 0.009004
vt -0.025475 0.447577
vt -0.034165 0.445799
vt 0.026556 0.009004
vt 0.039321 0.009442
vt -0.016610 0.447882
vt -0.025475 0.447577
vt 0.024692 0.009442
vt 0.012228 0.007503
vt -0.079366 0.446535
vt -0.070710 0.447882
vt -0.070981 -0.016757
vt -0.067508 -0.025671
vt -0.070981 -0.034296
vt -0.079366 -0.037578
vt -0.087751 -0.033596
vt -0.091224 -0.024682
vt -0.087751 -0.016057
vt -0.079366 -0.012775
vt -0.186393 -0.058872
vt -0.190753 -0.060579
vt -0.192559 -0.065064
vt -0.190753 -0.069699
vt -0.186393 -0.071770
vt -0.182033 -0.070063
vt -0.180227 -0.065578
vt -0.182033 -0.060943
vt -0.079366 0.446626
vt -0.087751 0.443394
vt -0.190753 0.762584
vt -0.186393 0.764265
vt -0.016057 0.443394
vt -0.024682 0.441139
vt -0.065064 0.761411
vt -0.060579 0.762584
vt -0.024682 0.441139
vt -0.033596 0.441182
vt -0.069699 0.761434
vt -0.065064 0.761411
vt -0.087751 0.441182
vt -0.079366 0.443499
vt -0.186393 0.762638
vt -0.190753 0.761434
vt -0.079366 0.443499
vt -0.070981 0.446731
vt -0.182033 0.764319
vt -0.186393 0.762638
vt -0.034296 0.446731
vt -0.025671 0.448986
vt -0.065578 0.765492
vt -0.070063 0.764319
vt -0.025671 0.448986
vt -0.016757 0.448943
vt -0.060943 0.765469
vt -0.065578 0.765492
vt -0.070981 0.448943
vt -0.079366 0.446626
vt -0.186393 0.764265
vt -0.182033 0.765469
vt -0.043013 -0.012346
vt -0.002031 -0.028572
vt -0.029685 -0.044301
vt -0.043217 -0.015276
vt -0.043217 -0.015276
vt -0.029685 -0.044301
vt -0.002031 -0.028572
vt -0.043013 -0.012346
vt -0.043217 -0.015276
vt -0.029685 -0.044301
vt -0.059510 -0.055370
vt -0.045592 -0.013548
vt -0.045592 -0.013548
vt -0.059510 -0.055370
vt -0.029685 -0.044301
vt -0.043217 -0.015276
vt -0.002031 -0.028572
vt 0.024117 -0.063492
vt -0.011642 -0.083000
vt -0.029685 -0.044301
vt -0.029685 -0.044301
vt -0.011642 -0.083000
vt 0.024117 -0.063492
vt -0.002031 -0.028572
vt -0.029685 -0.044301
vt -0.011642 -0.083000
vt -0.049573 -0.097849
vt -0.059510 -0.055370
vt -0.059510 -0.055370
vt -0.049573 -0.097849
vt -0.011642 -0.083000
vt -0.029685 -0.044301
vt 0.024117 -0.063492
vt 0.037031 -0.108509
vt 0.007904 -0.124924
vt -0.011642 -0.083000
vt -0.011642 -0.083000
vt 0.007904 -0.124924
vt 0.037031 -0.108509
vt 0.024117 -0.063492
vt -0.011642 -0.083000
vt 0.007904 -0.124924
vt -0.023395 -0.136681
vt -0.049573 -0.097849
vt -0.049573 -0.097849
vt -0.023395 -0.136681
vt 0.007904 -0.124924
vt -0.011642 -0.083000
vt 0.037031 -0.108509
vt 0.037329 -0.147629
vt 0.022940 -0.157173
vt 0.007904 -0.124924
vt 0.007904 -0.124924
vt 0.022940 -0.157173
vt 0.037329 -0.147629
vt 0.037031 -0.108509
vt 0.007904 -0.124924
vt 0.022940 -0.157173
vt 0.006379 -0.162059
vt -0.023395 -0.136681
vt -0.023395 -0.136681
vt 0.006379 -0.162059
vt 0.022940 -0.157173
vt 0.007904 -0.124924
vt -0.147629 0.354281
vt -0.173593 0.361524
vt -0.176523 0.353948
vt -0.157173 0.346705
vt -0.157173 0.346705
vt -0.176523 0.353948
vt -0.173593 0.361524
vt -0.147629 0.354281
vt 0.022940 0.346705
vt 0.031961 0.353948
vt 0.029586 0.361524
vt 0.006379 0.354281
vt 0.006379 0.354281
vt 0.029586 0.361524
vt 0.031961 0.353948
vt 0.022940 0.346705
vt -0.060809 0.011815
vt -0.105980 0.017155
vt -0.077778 0.039524
vt -0.060928 0.014846
vt -0.060928 0.014846
vt -0.077778 0.039524
vt -0.105980 0.017155
vt -0.060809 0.011815
vt -0.060928 0.014846
vt -0.077778 0.039524
vt -0.046678 0.057648
vt -0.058148 0.013632
vt -0.058148 0.013632
vt -0.046678 0.057648
vt -0.077778 0.039524
vt -0.060928 0.014846
vt -0.105980 0.017155
vt -0.136811 0.044349
vt -0.100245 0.072428
vt -0.077778 0.039524
vt -0.077778 0.039524
vt -0.100245 0.072428
vt -0.136811 0.044349
vt -0.105980 0.017155
vt -0.077778 0.039524
vt -0.100245 0.072428
vt -0.060782 0.096262
vt -0.046678 0.057648
vt -0.046678 0.057648
vt -0.060782 0.096262
vt -0.100245 0.072428
vt -0.077778 0.039524
vt -0.136811 0.044349
vt -0.154308 0.084667
vt -0.124585 0.108074
vt -0.100245 0.072428
vt -0.100245 0.072428
vt -0.124585 0.108074
vt -0.154308 0.084667
vt -0.136811 0.044349
vt -0.100245 0.072428
vt -0.124585 0.108074
vt -0.091964 0.127236
vt -0.060782 0.096262
vt -0.060782 0.096262
vt -0.091964 0.127236
vt -0.124585 0.108074
vt -0.100245 0.072428
vt -0.154308 0.084667
vt -0.157824 0.122469
vt -0.143307 0.135494
vt -0.124585 0.108074
vt -0.124585 0.108074
vt -0.143307 0.135494
vt -0.157824 0.122469
vt -0.154308 0.084667
vt -0.124585 0.108074
vt -0.143307 0.135494
vt -0.125892 0.144273
vt -0.091964 0.127236
vt -0.091964 0.127236
vt -0.125892 0.144273
vt -0.143307 0.135494
vt -0.124585 0.108074
vt 0.122469 0.352747
vt 0.148915 0.359505
vt 0.151946 0.351929
vt 0.135494 0.345172
vt 0.135494 0.345172
vt 0.151946 0.351929
vt 0.148915 0.359505
vt 0.122469 0.352747
vt -0.143307 0.345172
vt -0.154541 0.351929
vt -0.151761 0.359505
vt -0.125892 0.352747
vt -0.125892 0.352747
vt -0.151761 0.359505
vt -0.154541 0.351929
vt -0.143307 0.345172
vt -0.080053 0.008327
vt -0.034472 -0.013493
vt -0.063839 -0.030020
vt -0.080334 0.005360
vt -0.080334 0.005360
vt -0.063839 -0.030020
vt -0.034472 -0.013493
vt -0.080053 0.008327
vt -0.080334 0.005360
vt -0.063839 -0.030020
vt -0.095377 -0.041888
vt -0.082786 0.007052
vt -0.082786 0.007052
vt -0.095377 -0.041888
vt -0.063839 -0.030020
vt -0.080334 0.005360
vt -0.034472 -0.013493
vt -0.003890 -0.056662
vt -0.041845 -0.077193
vt -0.063839 -0.030020
vt -0.063839 -0.030020
vt -0.041845 -0.077193
vt -0.003890 -0.056662
vt -0.034472 -0.013493
vt -0.063839 -0.030020
vt -0.041845 -0.077193
vt -0.081972 -0.093066
vt -0.095377 -0.041888
vt -0.095377 -0.041888
vt -0.081972 -0.093066
vt -0.041845 -0.077193
vt -0.063839 -0.030020
vt -0.003890 -0.056662
vt 0.012909 -0.111043
vt -0.018019 -0.128298
vt -0.041845 -0.077193
vt -0.041845 -0.077193
vt -0.018019 -0.128298
vt 0.012909 -0.111043
vt -0.003890 -0.056662
vt -0.041845 -0.077193
vt -0.018019 -0.128298
vt -0.051118 -0.140894
vt -0.081972 -0.093066
vt -0.081972 -0.093066
vt -0.051118 -0.140894
vt -0.018019 -0.128298
vt -0.041845 -0.077193
vt 0.012909 -0.111043
vt 0.015621 -0.157635
vt 0.000309 -0.167609
vt -0.018019 -0.128298
vt -0.018019 -0.128298
vt 0.000309 -0.167609
vt 0.015621 -0.157635
vt 0.012909 -0.111043
vt -0.018019 -0.128298
vt 0.000309 -0.167609
vt -0.017174 -0.172924
vt -0.051118 -0.140894
vt -0.051118 -0.140894
vt -0.017174 -0.172924
vt 0.000309 -0.167609
vt -0.018019 -0.128298
vt -0.157635 0.457852
vt -0.188229 0.466681
vt -0.191196 0.459105
vt -0.167609 0.450276
vt -0.167609 0.450276
vt -0.191196 0.459105
vt -0.188229 0.466681
vt -0.157635 0.457852
vt 0.000309 -0.167609
vt 0.011306 -0.191196
vt 0.008854 -0.189503
vt -0.017174 -0.172924
vt -0.017174 -0.172924
vt 0.008854 -0.189503
vt 0.011306 -0.191196
vt 0.000309 -0.167609
vt -0.072853 -0.015116
vt -0.119578 -0.011210
vt -0.089567 0.012393
vt -0.072890 -0.012030
vt -0.072890 -0.012030
vt -0.089567 0.012393
vt -0.119578 -0.011210
vt -0.072853 -0.015116
vt -0.072890 -0.012030
vt -0.089567 0.012393
vt -0.056657 0.031752
vt -0.070029 -0.013188
vt -0.070029 -0.013188
vt -0.056657 0.031752
vt -0.089567 0.012393
vt -0.072890 -0.012030
vt -0.119578 -0.011210
vt -0.150686 0.015295
vt -0.111802 0.044958
vt -0.089567 0.012393
vt -0.089567 0.012393
vt -0.111802 0.044958
vt -0.150686 0.015295
vt -0.119578 -0.011210
vt -0.089567 0.012393
vt -0.111802 0.044958
vt -0.070019 0.070375
vt -0.056657 0.031752
vt -0.056657 0.031752
vt -0.070019 0.070375
vt -0.111802 0.044958
vt -0.089567 0.012393
vt -0.150686 0.015295
vt -0.167514 0.055530
vt -0.135890 0.080236
vt -0.111802 0.044958
vt -0.111802 0.044958
vt -0.135890 0.080236
vt -0.167514 0.055530
vt -0.150686 0.015295
vt -0.111802 0.044958
vt -0.135890 0.080236
vt -0.101368 0.100696
vt -0.070019 0.070375
vt -0.070019 0.070375
vt -0.101368 0.100696
vt -0.135890 0.080236
vt -0.111802 0.044958
vt -0.167514 0.055530
vt -0.169910 0.093683
vt -0.154420 0.107373
vt -0.135890 0.080236
vt -0.135890 0.080236
vt -0.154420 0.107373
vt -0.169910 0.093683
vt -0.167514 0.055530
vt -0.135890 0.080236
vt -0.154420 0.107373
vt -0.136030 0.116817
vt -0.101368 0.100696
vt -0.101368 0.100696
vt -0.136030 0.116817
vt -0.154420 0.107373
vt -0.135890 0.080236
vt 0.093683 0.451076
vt 0.120569 0.457764
vt 0.123655 0.450188
vt 0.107373 0.443500
vt 0.107373 0.443500
vt 0.123655 0.450188
vt 0.120569 0.457764
vt 0.093683 0.451076
vt -0.154420 0.443500
vt -0.165537 0.450188
vt -0.162676 0.457764
vt -0.136030 0.451076
vt -0.136030 0.451076
vt -0.162676 0.457764
vt -0.165537 0.450188
vt -0.154420 0.443500
vt -0.094534 -0.024376
vt -0.054911 -0.050944
vt -0.086986 -0.061393
vt -0.095406 -0.027152
vt -0.095406 -0.027152
vt -0.086986 -0.061393
vt -0.054911 -0.050944
vt -0.094534 -0.024376
vt -0.095406 -0.027152
vt -0.086986 -0.061393
vt -0.120248 -0.067011
vt -0.097466 -0.025097
vt -0.097466 -0.025097
vt -0.120248 -0.067011
vt -0.086986 -0.061393
vt -0.095406 -0.027152
vt -0.054911 -0.050944
vt -0.034470 -0.094333
vt -0.075759 -0.107048
vt -0.086986 -0.061393
vt -0.086986 -0.061393
vt -0.075759 -0.107048
vt -0.034470 -0.094333
vt -0.054911 -0.050944
vt -0.086986 -0.061393
vt -0.075759 -0.107048
vt -0.118235 -0.114932
vt -0.120248 -0.067011
vt -0.120248 -0.067011
vt -0.118235 -0.114932
vt -0.075759 -0.107048
vt -0.086986 -0.061393
vt -0.034470 -0.094333
vt -0.029846 -0.145646
vt -0.063596 -0.156507
vt -0.075759 -0.107048
vt -0.075759 -0.107048
vt -0.063596 -0.156507
vt -0.029846 -0.145646
vt -0.034470 -0.094333
vt -0.075759 -0.107048
vt -0.063596 -0.156507
vt -0.098534 -0.162537
vt -0.118235 -0.114932
vt -0.118235 -0.114932
vt -0.098534 -0.162537
vt -0.063596 -0.156507
vt -0.075759 -0.107048
vt -0.029846 -0.145646
vt -0.037244 -0.187811
vt -0.054240 -0.194552
vt -0.063596 -0.156507
vt -0.063596 -0.156507
vt -0.054240 -0.194552
vt -0.037244 -0.187811
vt -0.029846 -0.145646
vt -0.063596 -0.156507
vt -0.054240 -0.194552
vt -0.072425 -0.196463
vt -0.098534 -0.162537
vt -0.098534 -0.162537
vt -0.072425 -0.196463
vt -0.054240 -0.194552
vt -0.063596 -0.156507
vt -0.187811 0.552825
vt -0.214604 0.560515
vt -0.217380 0.552911
vt -0.194552 0.545221
vt -0.194552 0.545221
vt -0.217380 0.552911
vt -0.214604 0.560515
vt -0.187811 0.552825
vt -0.054240 -0.194552
vt -0.048627 -0.217380
vt -0.050687 -0.215325
vt -0.072425 -0.196463
vt -0.072425 -0.196463
vt -0.050687 -0.215325
vt -0.048627 -0.217380
vt -0.054240 -0.194552
vt -0.088135 -0.049005
vt -0.134083 -0.031744
vt -0.104607 -0.013727
vt -0.087902 -0.046086
vt -0.087902 -0.046086
vt -0.104607 -0.013727
vt -0.134083 -0.031744
vt -0.088135 -0.049005
vt -0.087902 -0.046086
vt -0.104607 -0.013727
vt -0.072849 -0.000131
vt -0.085387 -0.047586
vt -0.085387 -0.047586
vt -0.072849 -0.000131
vt -0.104607 -0.013727
vt -0.087902 -0.046086
vt -0.134083 -0.031744
vt -0.164993 0.006942
vt -0.126881 0.029417
vt -0.104607 -0.013727
vt -0.104607 -0.013727
vt -0.126881 0.029417
vt -0.164993 0.006942
vt -0.134083 -0.031744
vt -0.104607 -0.013727
vt -0.126881 0.029417
vt -0.086487 0.047471
vt -0.072849 -0.000131
vt -0.072849 -0.000131
vt -0.086487 0.047471
vt -0.126881 0.029417
vt -0.104607 -0.013727
vt -0.164993 0.006942
vt -0.182057 0.057329
vt -0.151010 0.076156
vt -0.126881 0.029417
vt -0.126881 0.029417
vt -0.151010 0.076156
vt -0.182057 0.057329
vt -0.164993 0.006942
vt -0.126881 0.029417
vt -0.151010 0.076156
vt -0.117682 0.090563
vt -0.086487 0.047471
vt -0.086487 0.047471
vt -0.117682 0.090563
vt -0.151010 0.076156
vt -0.126881 0.029417
vt -0.182057 0.057329
vt -0.184916 0.101388
vt -0.169571 0.112110
vt -0.151010 0.076156
vt -0.151010 0.076156
vt -0.169571 0.112110
vt -0.184916 0.101388
vt -0.182057 0.057329
vt -0.151010 0.076156
vt -0.169571 0.112110
vt -0.151944 0.118411
vt -0.117682 0.090563
vt -0.117682 0.090563
vt -0.151944 0.118411
vt -0.169571 0.112110
vt -0.151010 0.076156
vt 0.101388 0.553622
vt 0.130762 0.561564
vt 0.133682 0.553961
vt 0.112110 0.546019
vt 0.112110 0.546019
vt 0.133682 0.553961
vt 0.130762 0.561564
vt 0.101388 0.553622
vt -0.169571 0.112110
vt -0.180708 0.133682
vt -0.178193 0.132181
vt -0.151944 0.118411
vt -0.151944 0.118411
vt -0.178193 0.132181
vt -0.180708 0.133682
vt -0.169571 0.112110
vt -0.128786 -0.037430
vt -0.086068 -0.058584
vt -0.122513 -0.070107
vt -0.129854 -0.040254
vt -0.129854 -0.040254
vt -0.122513 -0.070107
vt -0.086068 -0.058584
vt -0.128786 -0.037430
vt -0.129854 -0.040254
vt -0.122513 -0.070107
vt -0.160146 -0.076800
vt -0.132110 -0.038247
vt -0.132110 -0.038247
vt -0.160146 -0.076800
vt -0.122513 -0.070107
vt -0.129854 -0.040254
vt -0.086068 -0.058584
vt -0.065833 -0.095819
vt -0.112725 -0.109912
vt -0.122513 -0.070107
vt -0.122513 -0.070107
vt -0.112725 -0.109912
vt -0.065833 -0.095819
vt -0.086068 -0.058584
vt -0.122513 -0.070107
vt -0.112725 -0.109912
vt -0.160804 -0.119174
vt -0.160146 -0.076800
vt -0.160146 -0.076800
vt -0.160804 -0.119174
vt -0.112725 -0.109912
vt -0.122513 -0.070107
vt -0.065833 -0.095819
vt -0.063776 -0.141042
vt -0.102121 -0.153033
vt -0.112725 -0.109912
vt -0.112725 -0.109912
vt -0.102121 -0.153033
vt -0.063776 -0.141042
vt -0.065833 -0.095819
vt -0.112725 -0.109912
vt -0.102121 -0.153033
vt -0.141653 -0.160193
vt -0.160804 -0.119174
vt -0.160804 -0.119174
vt -0.141653 -0.160193
vt -0.102121 -0.153033
vt -0.112725 -0.109912
vt -0.063776 -0.141042
vt -0.074614 -0.178884
vt -0.093964 -0.186204
vt -0.102121 -0.153033
vt -0.102121 -0.153033
vt -0.093964 -0.186204
vt -0.074614 -0.178884
vt -0.063776 -0.141042
vt -0.102121 -0.153033
vt -0.093964 -0.186204
vt -0.114501 -0.188693
vt -0.141653 -0.160193
vt -0.141653 -0.160193
vt -0.114501 -0.188693
vt -0.093964 -0.186204
vt -0.102121 -0.153033
vt -0.074614 -0.178884
vt -0.088001 -0.203282
vt -0.089069 -0.206106
vt -0.093964 -0.186204
vt -0.093964 -0.186204
vt -0.089069 -0.206106
vt -0.088001 -0.203282
vt -0.074614 -0.178884
vt -0.093964 -0.186204
vt -0.089069 -0.206106
vt -0.091325 -0.204099
vt -0.114501 -0.188693
vt -0.114501 -0.188693
vt -0.091325 -0.204099
vt -0.089069 -0.206106
vt -0.093964 -0.186204
vt -0.127339 -0.049811
vt -0.166918 -0.035503
vt -0.141447 -0.019554
vt -0.127285 -0.046985
vt -0.127285 -0.046985
vt -0.141447 -0.019554
vt -0.166918 -0.035503
vt -0.127339 -0.049811
vt -0.127285 -0.046985
vt -0.141447 -0.019554
vt -0.113693 -0.008026
vt -0.124950 -0.048578
vt -0.124950 -0.048578
vt -0.113693 -0.008026
vt -0.141447 -0.019554
vt -0.127285 -0.046985
vt -0.166918 -0.035503
vt -0.193305 -0.002804
vt -0.160328 0.017020
vt -0.141447 -0.019554
vt -0.141447 -0.019554
vt -0.160328 0.017020
vt -0.193305 -0.002804
vt -0.166918 -0.035503
vt -0.141447 -0.019554
vt -0.160328 0.017020
vt -0.125069 0.032423
vt -0.113693 -0.008026
vt -0.113693 -0.008026
vt -0.125069 0.032423
vt -0.160328 0.017020
vt -0.141447 -0.019554
vt -0.193305 -0.002804
vt -0.207619 0.039988
vt -0.180783 0.056641
vt -0.160328 0.017020
vt -0.160328 0.017020
vt -0.180783 0.056641
vt -0.207619 0.039988
vt -0.193305 -0.002804
vt -0.160328 0.017020
vt -0.180783 0.056641
vt -0.151665 0.068874
vt -0.125069 0.032423
vt -0.125069 0.032423
vt -0.151665 0.068874
vt -0.180783 0.056641
vt -0.160328 0.017020
vt -0.207619 0.039988
vt -0.209706 0.077511
vt -0.196517 0.087119
vt -0.180783 0.056641
vt -0.180783 0.056641
vt -0.196517 0.087119
vt -0.209706 0.077511
vt -0.207619 0.039988
vt -0.180783 0.056641
vt -0.196517 0.087119
vt -0.181047 0.092307
vt -0.151665 0.068874
vt -0.151665 0.068874
vt -0.181047 0.092307
vt -0.196517 0.087119
vt -0.180783 0.056641
vt 0.077511 0.648341
vt 0.102579 0.655074
vt 0.105406 0.647470
vt 0.087119 0.640738
vt 0.087119 0.640738
vt 0.105406 0.647470
vt 0.102579 0.655074
vt 0.077511 0.648341
vt -0.196517 0.640738
vt -0.205958 0.647470
vt -0.203623 0.655074
vt -0.181047 0.648341
vt -0.181047 0.648341
vt -0.203623 0.655074
vt -0.205958 0.647470
vt -0.196517 0.640738
vt -0.180281 0.739677
vt -0.223853 0.771594
vt -0.189466 0.772594
vt -0.178738 0.740678
vt -0.178738 0.740678
vt -0.189466 0.772594
vt -0.223853 0.771594
vt -0.180281 0.739677
vt -0.178738 0.740678
vt -0.189466 0.772594
vt -0.155080 0.771594
vt -0.177195 0.739677
vt -0.177195 0.739677
vt -0.155080 0.771594
vt -0.189466 0.772594
vt -0.178738 0.740678
vt -0.223853 0.771594
vt -0.247857 0.814149
vt -0.203771 0.815149
vt -0.189466 0.772594
vt -0.189466 0.772594
vt -0.203771 0.815149
vt -0.247857 0.814149
vt -0.223853 0.771594
vt -0.189466 0.772594
vt -0.203771 0.815149
vt -0.159686 0.814149
vt -0.155080 0.771594
vt -0.155080 0.771594
vt -0.159686 0.814149
vt -0.203771 0.815149
vt -0.189466 0.772594
vt -0.247857 0.814149
vt -0.255418 0.860250
vt -0.219268 0.861250
vt -0.203771 0.815149
vt -0.203771 0.815149
vt -0.219268 0.861250
vt -0.255418 0.860250
vt -0.247857 0.814149
vt -0.203771 0.815149
vt -0.219268 0.861250
vt -0.183118 0.860250
vt -0.159686 0.814149
vt -0.159686 0.814149
vt -0.183118 0.860250
vt -0.219268 0.861250
vt -0.203771 0.815149
vt -0.255418 0.860250
vt -0.249705 0.895712
vt -0.231189 0.896713
vt -0.219268 0.861250
vt -0.219268 0.861250
vt -0.231189 0.896713
vt -0.249705 0.895712
vt -0.255418 0.860250
vt -0.219268 0.861250
vt -0.231189 0.896713
vt -0.212673 0.895712
vt -0.183118 0.860250
vt -0.183118 0.860250
vt -0.212673 0.895712
vt -0.231189 0.896713
vt -0.219268 0.861250
vt -0.249705 0.895712
vt -0.239884 0.916990
vt -0.238342 0.917990
vt -0.231189 0.896713
vt -0.231189 0.896713
vt -0.238342 0.917990
vt -0.239884 0.916990
vt -0.249705 0.895712
vt -0.231189 0.896713
vt -0.238342 0.917990
vt -0.236799 0.916990
vt -0.212673 0.895712
vt -0.212673 0.895712
vt -0.236799 0.916990
vt -0.238342 0.917990
vt -0.231189 0.896713
vt 0.030935 -0.018149
vt 0.035970 -0.030972
vt 0.030935 -0.043393
vt 0.018779 -0.048134
vt 0.006623 -0.042420
vt 0.001588 -0.029597
vt 0.006623 -0.017176
vt 0.018779 -0.012435
vt -0.090711 -0.063351
vt -0.099152 -0.066644
vt -0.102649 -0.075269
vt -0.099152 -0.084174
vt -0.090711 -0.088143
vt -0.082269 -0.084850
vt -0.078772 -0.076225
vt -0.082269 -0.067320
vt 0.018779 0.007703
vt 0.006623 0.003281
vt -0.099152 0.353693
vt -0.090711 0.356764
vt -0.017176 0.003281
vt -0.029597 0.000091
vt -0.075269 0.351477
vt -0.066644 0.353693
vt -0.029597 0.000091
vt -0.042420 0.000000
vt -0.084174 0.351415
vt -0.075269 0.351477
vt 0.006623 0.000000
vt 0.018779 0.003062
vt -0.090711 0.353541
vt -0.099152 0.351415
vt 0.018779 0.003062
vt 0.030935 0.007484
vt -0.082269 0.356612
vt -0.090711 0.353541
vt -0.043393 0.007484
vt -0.030972 0.010674
vt -0.076225 0.358827
vt -0.084850 0.356612
vt -0.030972 0.010674
vt -0.018149 0.010765
vt -0.067320 0.358890
vt -0.076225 0.358827
vt 0.030935 0.010765
vt 0.018779 0.007703
vt -0.090711 0.356764
vt -0.082269 0.358890
vt -0.091691 -0.064348
vt -0.083362 -0.068567
vt -0.079337 -0.076992
vt -0.081975 -0.084688
vt -0.089730 -0.087146
vt -0.098059 -0.082927
vt -0.102084 -0.074502
vt -0.099446 -0.066806
vt -0.220790 -0.193752
vt -0.222162 -0.197754
vt -0.220069 -0.202135
vt -0.215738 -0.204329
vt -0.211705 -0.203051
vt -0.210334 -0.199049
vt -0.212426 -0.194668
vt -0.216758 -0.192474
vt -0.066806 0.355152
vt -0.074502 0.350118
vt -0.197754 0.605816
vt -0.193752 0.608434
vt -0.074502 0.350118
vt -0.082927 0.348033
vt -0.202135 0.604732
vt -0.197754 0.605816
vt -0.098059 0.348033
vt -0.089730 0.350118
vt -0.215738 0.605816
vt -0.220069 0.604732
vt -0.089730 0.350118
vt -0.081975 0.355152
vt -0.211705 0.608434
vt -0.215738 0.605816
vt -0.084688 0.355152
vt -0.076992 0.360187
vt -0.199049 0.611052
vt -0.203051 0.608434
vt -0.076992 0.360187
vt -0.068567 0.362272
vt -0.194668 0.612136
vt -0.199049 0.611052
vt -0.083362 0.362272
vt -0.091691 0.360187
vt -0.216758 0.611052
vt -0.212426 0.612136
vt -0.091691 0.360187
vt -0.099446 0.355152
vt -0.220790 0.608434
vt -0.216758 0.611052
vt -0.052156 -0.051420
vt -0.010485 -0.074201
vt -0.043678 -0.086412
vt -0.052981 -0.054264
vt -0.052981 -0.054264
vt -0.043678 -0.086412
vt -0.010485 -0.074201
vt -0.052156 -0.051420
vt -0.052981 -0.054264
vt -0.043678 -0.086412
vt -0.078262 -0.093814
vt -0.055197 -0.052300
vt -0.055197 -0.052300
vt -0.078262 -0.093814
vt -0.043678 -0.086412
vt -0.052981 -0.054264
vt -0.010485 -0.074201
vt 0.011477 -0.114299
vt -0.031275 -0.129276
vt -0.043678 -0.086412
vt -0.043678 -0.086412
vt -0.031275 -0.129276
vt 0.011477 -0.114299
vt -0.010485 -0.074201
vt -0.043678 -0.086412
vt -0.031275 -0.129276
vt -0.075417 -0.139444
vt -0.078262 -0.093814
vt -0.078262 -0.093814
vt -0.075417 -0.139444
vt -0.031275 -0.129276
vt -0.043678 -0.086412
vt 0.011477 -0.114299
vt 0.017093 -0.162998
vt -0.017837 -0.175712
vt -0.031275 -0.129276
vt -0.031275 -0.129276
vt -0.017837 -0.175712
vt 0.017093 -0.162998
vt 0.011477 -0.114299
vt -0.031275 -0.129276
vt -0.017837 -0.175712
vt -0.054160 -0.183616
vt -0.075417 -0.139444
vt -0.075417 -0.139444
vt -0.054160 -0.183616
vt -0.017837 -0.175712
vt -0.031275 -0.129276
vt 0.017093 -0.162998
vt 0.010051 -0.203747
vt -0.007501 -0.211431
vt -0.017837 -0.175712
vt -0.017837 -0.175712
vt -0.007501 -0.211431
vt 0.010051 -0.203747
vt 0.017093 -0.162998
vt -0.017837 -0.175712
vt -0.007501 -0.211431
vt -0.026445 -0.214307
vt -0.054160 -0.183616
vt -0.054160 -0.183616
vt -0.026445 -0.214307
vt -0.007501 -0.211431
vt -0.017837 -0.175712
vt -0.203747 0.289536
vt -0.230019 0.296885
vt -0.232863 0.289287
vt -0.211431 0.281937
vt -0.211431 0.281937
vt -0.232863 0.289287
vt -0.230019 0.296885
vt -0.203747 0.289536
vt -0.007501 -0.211431
vt -0.001299 -0.232863
vt -0.003516 -0.230899
vt -0.026445 -0.214307
vt -0.026445 -0.214307
vt -0.003516 -0.230899
vt -0.001299 -0.232863
vt -0.007501 -0.211431
vt -0.051980 -0.062512
vt -0.092445 -0.050818
vt -0.066410 -0.033550
vt -0.051969 -0.059645
vt -0.051969 -0.059645
vt -0.066410 -0.033550
vt -0.092445 -0.050818
vt -0.051980 -0.062512
vt -0.051969 -0.059645
vt -0.066410 -0.033550
vt -0.037952 -0.020662
vt -0.049535 -0.061159
vt -0.049535 -0.061159
vt -0.037952 -0.020662
vt -0.066410 -0.033550
vt -0.051969 -0.059645
vt -0.092445 -0.050818
vt -0.119384 -0.020277
vt -0.085665 0.001244
vt -0.066410 -0.033550
vt -0.066410 -0.033550
vt -0.085665 0.001244
vt -0.119384 -0.020277
vt -0.092445 -0.050818
vt -0.066410 -0.033550
vt -0.085665 0.001244
vt -0.049522 0.018385
vt -0.037952 -0.020662
vt -0.037952 -0.020662
vt -0.049522 0.018385
vt -0.085665 0.001244
vt -0.066410 -0.033550
vt -0.119384 -0.020277
vt -0.133956 0.020896
vt -0.106524 0.038937
vt -0.085665 0.001244
vt -0.085665 0.001244
vt -0.106524 0.038937
vt -0.133956 0.020896
vt -0.119384 -0.020277
vt -0.085665 0.001244
vt -0.106524 0.038937
vt -0.076668 0.052598
vt -0.049522 0.018385
vt -0.049522 0.018385
vt -0.076668 0.052598
vt -0.106524 0.038937
vt -0.085665 0.001244
vt -0.133956 0.020896
vt -0.136029 0.057623
vt -0.122569 0.067932
vt -0.106524 0.038937
vt -0.106524 0.038937
vt -0.122569 0.067932
vt -0.136029 0.057623
vt -0.133956 0.020896
vt -0.106524 0.038937
vt -0.122569 0.067932
vt -0.106686 0.073861
vt -0.076668 0.052598
vt -0.076668 0.052598
vt -0.106686 0.073861
vt -0.122569 0.067932
vt -0.106524 0.038937
vt 0.057623 0.287003
vt 0.082462 0.293552
vt 0.085329 0.285954
vt 0.067932 0.279404
vt 0.067932 0.279404
vt 0.085329 0.285954
vt 0.082462 0.293552
vt 0.057623 0.287003
vt -0.122569 0.279404
vt -0.132197 0.285954
vt -0.129762 0.293552
vt -0.106686 0.287003
vt -0.106686 0.287003
vt -0.129762 0.293552
vt -0.132197 0.285954
vt -0.122569 0.279404
vt -0.071214 -0.074998
vt -0.036002 -0.100502
vt -0.062195 -0.110686
vt -0.071725 -0.077752
vt -0.071725 -0.077752
vt -0.062195 -0.110686
vt -0.036002 -0.100502
vt -0.071214 -0.074998
vt -0.071725 -0.077752
vt -0.062195 -0.110686
vt -0.089778 -0.116063
vt -0.073627 -0.075697
vt -0.073627 -0.075697
vt -0.089778 -0.116063
vt -0.062195 -0.110686
vt -0.071725 -0.077752
vt -0.036002 -0.100502
vt -0.015712 -0.142220
vt -0.049487 -0.154599
vt -0.062195 -0.110686
vt -0.062195 -0.110686
vt -0.049487 -0.154599
vt -0.015712 -0.142220
vt -0.036002 -0.100502
vt -0.062195 -0.110686
vt -0.049487 -0.154599
vt -0.084655 -0.162170
vt -0.089778 -0.116063
vt -0.089778 -0.116063
vt -0.084655 -0.162170
vt -0.049487 -0.154599
vt -0.062195 -0.110686
vt -0.015712 -0.142220
vt -0.008150 -0.191588
vt -0.035721 -0.202172
vt -0.049487 -0.154599
vt -0.049487 -0.154599
vt -0.035721 -0.202172
vt -0.008150 -0.191588
vt -0.015712 -0.142220
vt -0.049487 -0.154599
vt -0.035721 -0.202172
vt -0.064684 -0.207947
vt -0.084655 -0.162170
vt -0.084655 -0.162170
vt -0.064684 -0.207947
vt -0.035721 -0.202172
vt -0.049487 -0.154599
vt -0.008150 -0.191588
vt -0.011350 -0.232172
vt -0.025132 -0.238766
vt -0.035721 -0.202172
vt -0.035721 -0.202172
vt -0.025132 -0.238766
vt -0.011350 -0.232172
vt -0.008150 -0.191588
vt -0.035721 -0.202172
vt -0.025132 -0.238766
vt -0.040306 -0.240551
vt -0.064684 -0.207947
vt -0.064684 -0.207947
vt -0.040306 -0.240551
vt -0.025132 -0.238766
vt -0.035721 -0.202172
vt -0.232172 0.368502
vt -0.257969 0.376031
vt -0.260722 0.368433
vt -0.238766 0.360904
vt -0.238766 0.360904
vt -0.260722 0.368433
vt -0.257969 0.376031
vt -0.232172 0.368502
vt -0.025132 -0.238766
vt -0.018779 -0.260722
vt -0.020681 -0.258667
vt -0.040306 -0.240551
vt -0.040306 -0.240551
vt -0.020681 -0.258667
vt -0.018779 -0.260722
vt -0.025132 -0.238766
vt -0.079385 -0.065983
vt -0.123212 -0.055774
vt -0.093824 -0.036650
vt -0.079224 -0.063034
vt -0.079224 -0.063034
vt -0.093824 -0.036650
vt -0.123212 -0.055774
vt -0.079385 -0.065983
vt -0.079224 -0.063034
vt -0.093824 -0.036650
vt -0.062012 -0.021906
vt -0.076639 -0.064464
vt -0.076639 -0.064464
vt -0.062012 -0.021906
vt -0.093824 -0.036650
vt -0.079224 -0.063034
vt -0.123212 -0.055774
vt -0.151310 -0.025372
vt -0.113291 -0.001472
vt -0.093824 -0.036650
vt -0.093824 -0.036650
vt -0.113291 -0.001472
vt -0.151310 -0.025372
vt -0.123212 -0.055774
vt -0.093824 -0.036650
vt -0.113291 -0.001472
vt -0.072848 0.018048
vt -0.062012 -0.021906
vt -0.062012 -0.021906
vt -0.072848 0.018048
vt -0.113291 -0.001472
vt -0.093824 -0.036650
vt -0.151310 -0.025372
vt -0.165338 0.016645
vt -0.134381 0.036637
vt -0.113291 -0.001472
vt -0.113291 -0.001472
vt -0.134381 0.036637
vt -0.165338 0.016645
vt -0.151310 -0.025372
vt -0.113291 -0.001472
vt -0.134381 0.036637
vt -0.100999 0.052250
vt -0.072848 0.018048
vt -0.072848 0.018048
vt -0.100999 0.052250
vt -0.134381 0.036637
vt -0.113291 -0.001472
vt -0.165338 0.016645
vt -0.165868 0.054644
vt -0.150603 0.065952
vt -0.134381 0.036637
vt -0.134381 0.036637
vt -0.150603 0.065952
vt -0.165868 0.054644
vt -0.165338 0.016645
vt -0.134381 0.036637
vt -0.150603 0.065952
vt -0.132915 0.072881
vt -0.100999 0.052250
vt -0.100999 0.052250
vt -0.132915 0.072881
vt -0.150603 0.065952
vt -0.134381 0.036637
vt 0.054644 0.365629
vt 0.080591 0.372250
vt 0.083541 0.364652
vt 0.065952 0.358030
vt 0.065952 0.358030
vt 0.083541 0.364652
vt 0.080591 0.372250
vt 0.054644 0.365629
vt -0.150603 0.358030
vt -0.160337 0.364652
vt -0.157752 0.372250
vt -0.132915 0.365629
vt -0.132915 0.365629
vt -0.157752 0.372250
vt -0.160337 0.364652
vt -0.150603 0.358030
vt -0.110313 -0.087070
vt -0.067254 -0.098721
vt -0.092158 -0.117523
vt -0.110299 -0.089653
vt -0.110299 -0.089653
vt -0.092158 -0.117523
vt -0.067254 -0.098721
vt -0.110313 -0.087070
vt -0.110299 -0.089653
vt -0.092158 -0.117523
vt -0.119432 -0.132684
vt -0.112655 -0.088594
vt -0.112655 -0.088594
vt -0.119432 -0.132684
vt -0.092158 -0.117523
vt -0.110299 -0.089653
vt -0.067254 -0.098721
vt -0.035707 -0.131092
vt -0.067969 -0.154684
vt -0.092158 -0.117523
vt -0.092158 -0.117523
vt -0.067969 -0.154684
vt -0.035707 -0.131092
vt -0.067254 -0.098721
vt -0.092158 -0.117523
vt -0.067969 -0.154684
vt -0.102602 -0.174635
vt -0.119432 -0.132684
vt -0.119432 -0.132684
vt -0.102602 -0.174635
vt -0.067969 -0.154684
vt -0.092158 -0.117523
vt -0.035707 -0.131092
vt -0.015523 -0.175268
vt -0.041765 -0.194941
vt -0.067969 -0.154684
vt -0.067969 -0.154684
vt -0.041765 -0.194941
vt -0.015523 -0.175268
vt -0.035707 -0.131092
vt -0.067969 -0.154684
vt -0.041765 -0.194941
vt -0.070377 -0.210973
vt -0.102602 -0.174635
vt -0.102602 -0.174635
vt -0.070377 -0.210973
vt -0.041765 -0.194941
vt -0.067969 -0.154684
vt -0.015523 -0.175268
vt -0.008745 -0.214944
vt -0.021608 -0.225908
vt -0.041765 -0.194941
vt -0.041765 -0.194941
vt -0.021608 -0.225908
vt -0.008745 -0.214944
vt -0.015523 -0.175268
vt -0.041765 -0.194941
vt -0.021608 -0.225908
vt -0.036841 -0.233232
vt -0.070377 -0.210973
vt -0.070377 -0.210973
vt -0.036841 -0.233232
vt -0.021608 -0.225908
vt -0.041765 -0.194941
vt -0.214944 0.442964
vt -0.241906 0.449218
vt -0.244488 0.441519
vt -0.225908 0.435264
vt -0.225908 0.435264
vt -0.244488 0.441519
vt -0.241906 0.449218
vt -0.214944 0.442964
vt -0.021608 0.435264
vt -0.009514 0.441519
vt -0.011870 0.449218
vt -0.036841 0.442964
vt -0.036841 0.442964
vt -0.011870 0.449218
vt -0.009514 0.441519
vt -0.021608 0.435264
vt -0.099187 -0.097271
vt -0.147602 -0.097786
vt -0.132971 -0.072565
vt -0.100243 -0.094967
vt -0.100243 -0.094967
vt -0.132971 -0.072565
vt -0.147602 -0.097786
vt -0.099187 -0.097271
vt -0.100243 -0.094967
vt -0.132971 -0.072565
vt -0.114754 -0.049798
vt -0.097713 -0.095118
vt -0.097713 -0.095118
vt -0.114754 -0.049798
vt -0.132971 -0.072565
vt -0.100243 -0.094967
vt -0.147602 -0.097786
vt -0.195871 -0.074685
vt -0.176608 -0.042696
vt -0.132971 -0.072565
vt -0.132971 -0.072565
vt -0.176608 -0.042696
vt -0.195871 -0.074685
vt -0.147602 -0.097786
vt -0.132971 -0.072565
vt -0.176608 -0.042696
vt -0.153759 -0.013161
vt -0.114754 -0.049798
vt -0.114754 -0.049798
vt -0.153759 -0.013161
vt -0.176608 -0.042696
vt -0.132971 -0.072565
vt -0.195871 -0.074685
vt -0.239355 -0.036789
vt -0.223881 -0.010338
vt -0.176608 -0.042696
vt -0.176608 -0.042696
vt -0.223881 -0.010338
vt -0.239355 -0.036789
vt -0.195871 -0.074685
vt -0.176608 -0.042696
vt -0.223881 -0.010338
vt -0.204822 0.013660
vt -0.153759 -0.013161
vt -0.153759 -0.013161
vt -0.204822 0.013660
vt -0.223881 -0.010338
vt -0.176608 -0.042696
vt -0.239355 -0.036789
vt -0.267296 0.000407
vt -0.260245 0.014554
vt -0.223881 -0.010338
vt -0.223881 -0.010338
vt -0.260245 0.014554
vt -0.267296 0.000407
vt -0.239355 -0.036789
vt -0.223881 -0.010338
vt -0.260245 0.014554
vt -0.249609 0.026247
vt -0.204822 0.013660
vt -0.204822 0.013660
vt -0.249609 0.026247
vt -0.260245 0.014554
vt -0.223881 -0.010338
vt 0.000407 0.446779
vt 0.027185 0.454239
vt 0.029488 0.446539
vt 0.014554 0.439080
vt 0.014554 0.439080
vt 0.029488 0.446539
vt 0.027185 0.454239
vt 0.000407 0.446779
vt -0.260245 0.439080
vt -0.282064 0.446539
vt -0.279534 0.454239
vt -0.249609 0.446779
vt -0.249609 0.446779
vt -0.279534 0.454239
vt -0.282064 0.446539
vt -0.260245 0.439080
vt -0.158764 -0.109814
vt -0.106595 -0.123148
vt -0.137392 -0.145787
vt -0.159014 -0.112568
vt -0.159014 -0.112568
vt -0.137392 -0.145787
vt -0.106595 -0.123148
vt -0.158764 -0.109814
vt -0.159014 -0.112568
vt -0.137392 -0.145787
vt -0.170560 -0.164784
vt -0.161635 -0.111682
vt -0.161635 -0.111682
vt -0.170560 -0.164784
vt -0.137392 -0.145787
vt -0.159014 -0.112568
vt -0.106595 -0.123148
vt -0.068744 -0.161568
vt -0.108563 -0.190078
vt -0.137392 -0.145787
vt -0.137392 -0.145787
vt -0.108563 -0.190078
vt -0.068744 -0.161568
vt -0.106595 -0.123148
vt -0.137392 -0.145787
vt -0.108563 -0.190078
vt -0.150751 -0.214947
vt -0.170560 -0.164784
vt -0.170560 -0.164784
vt -0.150751 -0.214947
vt -0.108563 -0.190078
vt -0.137392 -0.145787
vt -0.068744 -0.161568
vt -0.044893 -0.214354
vt -0.077330 -0.238060
vt -0.108563 -0.190078
vt -0.108563 -0.190078
vt -0.077330 -0.238060
vt -0.044893 -0.214354
vt -0.068744 -0.161568
vt -0.108563 -0.190078
vt -0.077330 -0.238060
vt -0.112138 -0.258125
vt -0.150751 -0.214947
vt -0.150751 -0.214947
vt -0.112138 -0.258125
vt -0.077330 -0.238060
vt -0.108563 -0.190078
vt -0.044893 -0.214354
vt -0.037269 -0.261939
vt -0.053306 -0.274969
vt -0.077330 -0.238060
vt -0.077330 -0.238060
vt -0.053306 -0.274969
vt -0.037269 -0.261939
vt -0.044893 -0.214354
vt -0.077330 -0.238060
vt -0.053306 -0.274969
vt -0.071712 -0.284358
vt -0.112138 -0.258125
vt -0.112138 -0.258125
vt -0.071712 -0.284358
vt -0.053306 -0.274969
vt -0.077330 -0.238060
vt -0.037269 -0.261939
vt -0.038641 -0.294360
vt -0.038891 -0.297115
vt -0.053306 -0.274969
vt -0.053306 -0.274969
vt -0.038891 -0.297115
vt -0.038641 -0.294360
vt -0.037269 -0.261939
vt -0.053306 -0.274969
vt -0.038891 -0.297115
vt -0.041511 -0.296228
vt -0.071712 -0.284358
vt -0.071712 -0.284358
vt -0.041511 -0.296228
vt -0.038891 -0.297115
vt -0.053306 -0.274969
vt -0.144987 -0.129601
vt -0.197436 -0.138039
vt -0.177591 -0.105201
vt -0.145808 -0.126956
vt -0.145808 -0.126956
vt -0.177591 -0.105201
vt -0.197436 -0.138039
vt -0.144987 -0.129601
vt -0.145808 -0.126956
vt -0.177591 -0.105201
vt -0.154161 -0.074817
vt -0.143045 -0.126764
vt -0.143045 -0.126764
vt -0.154161 -0.074817
vt -0.177591 -0.105201
vt -0.145808 -0.126956
vt -0.197436 -0.138039
vt -0.245915 -0.117948
vt -0.219967 -0.076195
vt -0.177591 -0.105201
vt -0.177591 -0.105201
vt -0.219967 -0.076195
vt -0.245915 -0.117948
vt -0.197436 -0.138039
vt -0.177591 -0.105201
vt -0.219967 -0.076195
vt -0.190434 -0.036895
vt -0.154161 -0.074817
vt -0.154161 -0.074817
vt -0.190434 -0.036895
vt -0.219967 -0.076195
vt -0.177591 -0.105201
vt -0.245915 -0.117948
vt -0.286829 -0.079230
vt -0.265875 -0.044771
vt -0.219967 -0.076195
vt -0.219967 -0.076195
vt -0.265875 -0.044771
vt -0.286829 -0.079230
vt -0.245915 -0.117948
vt -0.219967 -0.076195
vt -0.265875 -0.044771
vt -0.241335 -0.012766
vt -0.190434 -0.036895
vt -0.190434 -0.036895
vt -0.241335 -0.012766
vt -0.265875 -0.044771
vt -0.219967 -0.076195
vt -0.286829 -0.079230
vt -0.311047 -0.038847
vt -0.301188 -0.020599
vt -0.265875 -0.044771
vt -0.265875 -0.044771
vt -0.301188 -0.020599
vt -0.311047 -0.038847
vt -0.286829 -0.079230
vt -0.265875 -0.044771
vt -0.301188 -0.020599
vt -0.287745 -0.004805
vt -0.241335 -0.012766
vt -0.241335 -0.012766
vt -0.287745 -0.004805
vt -0.301188 -0.020599
vt -0.265875 -0.044771
vt -0.311047 -0.038847
vt -0.321555 -0.008741
vt -0.322376 -0.006096
vt -0.301188 -0.020599
vt -0.301188 -0.020599
vt -0.322376 -0.006096
vt -0.321555 -0.008741
vt -0.311047 -0.038847
vt -0.301188 -0.020599
vt -0.322376 -0.006096
vt -0.319613 -0.005904
vt -0.287745 -0.004805
vt -0.287745 -0.004805
vt -0.319613 -0.005904
vt -0.322376 -0.006096
vt -0.301188 -0.020599
vt -0.202142 0.595866
vt -0.196001 0.622744
vt -0.221082 0.618188
vt -0.207760 0.591310
vt -0.207760 0.591310
vt -0.221082 0.618188
vt -0.196001 0.622744
vt -0.202142 0.595866
vt -0.190109 0.591310
vt -0.203125 0.618188
vt -0.177673 0.622744
vt -0.184578 0.595866
vt -0.184578 0.595866
vt -0.177673 0.622744
vt -0.203125 0.618188
vt -0.190109 0.591310
vt -0.196001 0.622744
vt -0.208015 0.658581
vt -0.238844 0.654025
vt -0.221082 0.618188
vt -0.221082 0.618188
vt -0.238844 0.654025
vt -0.208015 0.658581
vt -0.196001 0.622744
vt -0.203125 0.618188
vt -0.220480 0.654025
vt -0.189145 0.658581
vt -0.177673 0.622744
vt -0.177673 0.622744
vt -0.189145 0.658581
vt -0.220480 0.654025
vt -0.203125 0.618188
vt -0.208015 0.658581
vt -0.231961 0.697405
vt -0.258087 0.692848
vt -0.238844 0.654025
vt -0.238844 0.654025
vt -0.258087 0.692848
vt -0.231961 0.697405
vt -0.208015 0.658581
vt -0.220480 0.654025
vt -0.239280 0.692848
vt -0.212758 0.697405
vt -0.189145 0.658581
vt -0.189145 0.658581
vt -0.212758 0.697405
vt -0.239280 0.692848
vt -0.220480 0.654025
vt -0.231961 0.697405
vt -0.257213 0.727269
vt -0.272889 0.722712
vt -0.258087 0.692848
vt -0.258087 0.692848
vt -0.272889 0.722712
vt -0.257213 0.727269
vt -0.231961 0.697405
vt -0.239280 0.692848
vt -0.253742 0.722712
vt -0.237916 0.727269
vt -0.212758 0.697405
vt -0.212758 0.697405
vt -0.237916 0.727269
vt -0.253742 0.722712
vt -0.239280 0.692848
vt -0.257213 0.727269
vt -0.276152 0.745188
vt -0.281770 0.740631
vt -0.272889 0.722712
vt -0.272889 0.722712
vt -0.281770 0.740631
vt -0.276152 0.745188
vt -0.257213 0.727269
vt -0.253742 0.722712
vt -0.262420 0.740631
vt -0.256888 0.745188
vt -0.237916 0.727269
vt -0.237916 0.727269
vt -0.256888 0.745188
vt -0.262420 0.740631
vt -0.253742 0.722712
vt -0.017646 0.024852
vt -0.012374 0.012516
vt -0.017646 0.000195
vt -0.030374 -0.004893
vt -0.043101 0.000231
vt -0.048373 0.012566
vt -0.043101 0.024887
vt -0.030374 0.029976
vt -0.032470 -0.069018
vt -0.041309 -0.072552
vt -0.044970 -0.081108
vt -0.041309 -0.089674
vt -0.032470 -0.093232
vt -0.023632 -0.089698
vt -0.019970 -0.081142
vt -0.023632 -0.072576
vt -0.030374 0.009859
vt -0.043101 0.008479
vt -0.041309 0.372350
vt -0.032470 0.373308
vt 0.024887 0.008479
vt 0.012566 0.005285
vt -0.081108 0.370132
vt -0.072552 0.372350
vt 0.012566 0.005285
vt 0.000231 0.002149
vt -0.089674 0.367954
vt -0.081108 0.370132
vt -0.043101 0.002149
vt -0.030374 0.000906
vt -0.032470 0.367091
vt -0.041309 0.367954
vt -0.030374 0.000906
vt -0.017646 0.002286
vt -0.023632 0.368049
vt -0.032470 0.367091
vt 0.000195 0.002286
vt 0.012516 0.005480
vt -0.081142 0.370267
vt -0.089698 0.368049
vt 0.012516 0.005480
vt 0.024852 0.008616
vt -0.072576 0.372445
vt -0.081142 0.370267
vt -0.017646 0.008616
vt -0.030374 0.009859
vt -0.032470 0.373308
vt -0.023632 0.372445
vt -0.039300 -0.071458
vt -0.029953 -0.070281
vt -0.022080 -0.075456
vt -0.020294 -0.083952
vt -0.025641 -0.090792
vt -0.034988 -0.091969
vt -0.042860 -0.086794
vt -0.044646 -0.078298
vt -0.069315 -0.211084
vt -0.068387 -0.215502
vt -0.064293 -0.218193
vt -0.059432 -0.217581
vt -0.056652 -0.214024
vt -0.057581 -0.209606
vt -0.061675 -0.206915
vt -0.066535 -0.207528
vt -0.078298 0.370200
vt -0.086794 0.366179
vt -0.215502 0.632287
vt -0.211084 0.634378
vt -0.042860 0.366179
vt -0.034988 0.364514
vt -0.064293 0.631421
vt -0.068387 0.632287
vt -0.034988 0.364514
vt -0.025641 0.366179
vt -0.059432 0.632287
vt -0.064293 0.631421
vt -0.090792 0.366179
vt -0.083952 0.370200
vt -0.214024 0.634378
vt -0.217581 0.632287
vt -0.083952 0.370200
vt -0.075456 0.374220
vt -0.209606 0.636468
vt -0.214024 0.634378
vt -0.022080 0.374220
vt -0.029953 0.375885
vt -0.061675 0.637334
vt -0.057581 0.636468
vt -0.029953 0.375885
vt -0.039300 0.374220
vt -0.066535 0.636468
vt -0.061675 0.637334
vt -0.071458 0.374220
vt -0.078298 0.370200
vt -0.211084 0.634378
vt -0.207528 0.636468
vt -0.037099 -0.045815
vt -0.001873 -0.020443
vt -0.002646 -0.050967
vt -0.034703 -0.047452
vt -0.034703 -0.047452
vt -0.002646 -0.050967
vt -0.001873 -0.020443
vt -0.037099 -0.045815
vt -0.034703 -0.047452
vt -0.002646 -0.050967
vt -0.008507 -0.080933
vt -0.037396 -0.048530
vt -0.037396 -0.048530
vt -0.008507 -0.080933
vt -0.002646 -0.050967
vt -0.034703 -0.047452
vt -0.001873 -0.020443
vt 0.041805 -0.016599
vt 0.040098 -0.055654
vt -0.002646 -0.050967
vt -0.002646 -0.050967
vt 0.040098 -0.055654
vt 0.041805 -0.016599
vt -0.001873 -0.020443
vt -0.002646 -0.050967
vt 0.040098 -0.055654
vt 0.033301 -0.094150
vt -0.008507 -0.080933
vt -0.008507 -0.080933
vt 0.033301 -0.094150
vt 0.040098 -0.055654
vt -0.002646 -0.050967
vt 0.041805 -0.016599
vt 0.087345 -0.028657
vt 0.086403 -0.060732
vt 0.040098 -0.055654
vt 0.040098 -0.055654
vt 0.086403 -0.060732
vt 0.087345 -0.028657
vt 0.041805 -0.016599
vt 0.040098 -0.055654
vt 0.086403 -0.060732
vt 0.080372 -0.092249
vt 0.033301 -0.094150
vt 0.033301 -0.094150
vt 0.080372 -0.092249
vt 0.086403 -0.060732
vt 0.040098 -0.055654
vt 0.087345 -0.028657
vt 0.121264 -0.048073
vt 0.122022 -0.064637
vt 0.086403 -0.060732
vt 0.086403 -0.060732
vt 0.122022 -0.064637
vt 0.121264 -0.048073
vt 0.087345 -0.028657
vt 0.086403 -0.060732
vt 0.122022 -0.064637
vt 0.117692 -0.080644
vt 0.080372 -0.092249
vt 0.080372 -0.092249
vt 0.117692 -0.080644
vt 0.122022 -0.064637
vt 0.086403 -0.060732
vt 0.121264 -0.048073
vt 0.140998 -0.065345
vt 0.143394 -0.066981
vt 0.122022 -0.064637
vt 0.122022 -0.064637
vt 0.143394 -0.066981
vt 0.140998 -0.065345
vt 0.121264 -0.048073
vt 0.122022 0.292553
vt 0.143394 0.299814
vt 0.140701 0.307394
vt 0.117692 0.300133
vt 0.117692 0.300133
vt 0.140701 0.307394
vt 0.143394 0.299814
vt 0.122022 0.292553
vt -0.037639 -0.047898
vt -0.071100 -0.083474
vt -0.075904 -0.048798
vt -0.040295 -0.046499
vt -0.040295 -0.046499
vt -0.075904 -0.048798
vt -0.071100 -0.083474
vt -0.037639 -0.047898
vt -0.040295 -0.046499
vt -0.075904 -0.048798
vt -0.075598 -0.013791
vt -0.037841 -0.044771
vt -0.037841 -0.044771
vt -0.075598 -0.013791
vt -0.075904 -0.048798
vt -0.040295 -0.046499
vt -0.071100 -0.083474
vt -0.117944 -0.096366
vt -0.123382 -0.051862
vt -0.075904 -0.048798
vt -0.075904 -0.048798
vt -0.123382 -0.051862
vt -0.117944 -0.096366
vt -0.071100 -0.083474
vt -0.075904 -0.048798
vt -0.123382 -0.051862
vt -0.123711 -0.007029
vt -0.075598 -0.013791
vt -0.075598 -0.013791
vt -0.123711 -0.007029
vt -0.123382 -0.051862
vt -0.075904 -0.048798
vt -0.117944 -0.096366
vt -0.169899 -0.091646
vt -0.174818 -0.055183
vt -0.123382 -0.051862
vt -0.123382 -0.051862
vt -0.174818 -0.055183
vt -0.169899 -0.091646
vt -0.117944 -0.096366
vt -0.123382 -0.051862
vt -0.174818 -0.055183
vt -0.174627 -0.018390
vt -0.123711 -0.007029
vt -0.123711 -0.007029
vt -0.174627 -0.018390
vt -0.174818 -0.055183
vt -0.123382 -0.051862
vt -0.169899 -0.091646
vt -0.210618 -0.076332
vt -0.214383 -0.057737
vt -0.174818 -0.055183
vt -0.174818 -0.055183
vt -0.214383 -0.057737
vt -0.210618 -0.076332
vt -0.169899 -0.091646
vt -0.174818 -0.055183
vt -0.214383 -0.057737
vt -0.213040 -0.038811
vt -0.174627 -0.018390
vt -0.174627 -0.018390
vt -0.213040 -0.038811
vt -0.214383 -0.057737
vt -0.174818 -0.055183
vt -0.210618 -0.076332
vt -0.235467 -0.060667
vt -0.238123 -0.059269
vt -0.214383 -0.057737
vt -0.214383 -0.057737
vt -0.238123 -0.059269
vt -0.235467 -0.060667
vt -0.210618 -0.076332
vt -0.214383 -0.057737
vt -0.238123 -0.059269
vt -0.235669 -0.057541
vt -0.213040 -0.038811
vt -0.213040 -0.038811
vt -0.235669 -0.057541
vt -0.238123 -0.059269
vt -0.214383 -0.057737
vt -0.043085 -0.065979
vt -0.005140 -0.038565
vt -0.006177 -0.071510
vt -0.040701 -0.067724
vt -0.040701 -0.067724
vt -0.006177 -0.071510
vt -0.005140 -0.038565
vt -0.043085 -0.065979
vt -0.040701 -0.067724
vt -0.006177 -0.071510
vt -0.012304 -0.103897
vt -0.043406 -0.068911
vt -0.043406 -0.068911
vt -0.012304 -0.103897
vt -0.006177 -0.071510
vt -0.040701 -0.067724
vt -0.005140 -0.038565
vt 0.041902 -0.034399
vt 0.039855 -0.076557
vt -0.006177 -0.071510
vt -0.006177 -0.071510
vt 0.039855 -0.076557
vt 0.041902 -0.034399
vt -0.005140 -0.038565
vt -0.006177 -0.071510
vt 0.039855 -0.076557
vt 0.032718 -0.118158
vt -0.012304 -0.103897
vt -0.012304 -0.103897
vt 0.032718 -0.118158
vt 0.039855 -0.076557
vt -0.006177 -0.071510
vt 0.041902 -0.034399
vt 0.090943 -0.047406
vt 0.089722 -0.082026
vt 0.039855 -0.076557
vt 0.039855 -0.076557
vt 0.089722 -0.082026
vt 0.090943 -0.047406
vt 0.041902 -0.034399
vt 0.039855 -0.076557
vt 0.089722 -0.082026
vt 0.083412 -0.116088
vt 0.032718 -0.118158
vt 0.032718 -0.118158
vt 0.083412 -0.116088
vt 0.089722 -0.082026
vt 0.039855 -0.076557
vt 0.090943 -0.047406
vt 0.127466 -0.068364
vt 0.128082 -0.086232
vt 0.089722 -0.082026
vt 0.089722 -0.082026
vt 0.128082 -0.086232
vt 0.127466 -0.068364
vt 0.090943 -0.047406
vt 0.089722 -0.082026
vt 0.128082 -0.086232
vt 0.123609 -0.103543
vt 0.083412 -0.116088
vt 0.083412 -0.116088
vt 0.123609 -0.103543
vt 0.128082 -0.086232
vt 0.089722 -0.082026
vt 0.127466 -0.068364
vt 0.148714 -0.087011
vt 0.151098 -0.088756
vt 0.128082 -0.086232
vt 0.128082 -0.086232
vt 0.151098 -0.088756
vt 0.148714 -0.087011
vt 0.127466 -0.068364
vt 0.128082 0.376092
vt 0.151098 0.383911
vt 0.148393 0.391491
vt 0.123609 0.383671
vt 0.123609 0.383671
vt 0.148393 0.391491
vt 0.151098 0.383911
vt 0.128082 0.376092
vt -0.025460 -0.068865
vt -0.059337 -0.097742
vt -0.063687 -0.070078
vt -0.028095 -0.067781
vt -0.028095 -0.067781
vt -0.063687 -0.070078
vt -0.059337 -0.097742
vt -0.025460 -0.068865
vt -0.028095 -0.067781
vt -0.063687 -0.070078
vt -0.062929 -0.042085
vt -0.025621 -0.066367
vt -0.025621 -0.066367
vt -0.062929 -0.042085
vt -0.063687 -0.070078
vt -0.028095 -0.067781
vt -0.059337 -0.097742
vt -0.106287 -0.108654
vt -0.111144 -0.073142
vt -0.063687 -0.070078
vt -0.063687 -0.070078
vt -0.111144 -0.073142
vt -0.106287 -0.108654
vt -0.059337 -0.097742
vt -0.063687 -0.070078
vt -0.111144 -0.073142
vt -0.110893 -0.037299
vt -0.062929 -0.042085
vt -0.062929 -0.042085
vt -0.110893 -0.037299
vt -0.111144 -0.073142
vt -0.063687 -0.070078
vt -0.106287 -0.108654
vt -0.158112 -0.105551
vt -0.162555 -0.076460
vt -0.111144 -0.073142
vt -0.111144 -0.073142
vt -0.162555 -0.076460
vt -0.158112 -0.105551
vt -0.106287 -0.108654
vt -0.111144 -0.073142
vt -0.162555 -0.076460
vt -0.161889 -0.047040
vt -0.110893 -0.037299
vt -0.110893 -0.037299
vt -0.161889 -0.047040
vt -0.162555 -0.076460
vt -0.111144 -0.073142
vt -0.158112 -0.105551
vt -0.198581 -0.093833
vt -0.202102 -0.079013
vt -0.162555 -0.076460
vt -0.162555 -0.076460
vt -0.202102 -0.079013
vt -0.198581 -0.093833
vt -0.158112 -0.105551
vt -0.162555 -0.076460
vt -0.202102 -0.079013
vt -0.200515 -0.063864
vt -0.161889 -0.047040
vt -0.161889 -0.047040
vt -0.200515 -0.063864
vt -0.202102 -0.079013
vt -0.162555 -0.076460
vt -0.198581 0.384338
vt -0.223196 0.392369
vt -0.225831 0.384789
vt -0.202102 0.376759
vt -0.202102 0.376759
vt -0.225831 0.384789
vt -0.223196 0.392369
vt -0.198581 0.384338
vt -0.202102 0.376759
vt -0.225831 0.384789
vt -0.223357 0.392369
vt -0.200515 0.384338
vt -0.200515 0.384338
vt -0.223357 0.392369
vt -0.225831 0.384789
vt -0.202102 0.376759
vt -0.032605 -0.095837
vt 0.012626 -0.081868
vt 0.002994 -0.111824
vt -0.030955 -0.098028
vt -0.030955 -0.098028
vt 0.002994 -0.111824
vt 0.012626 -0.081868
vt -0.032605 -0.095837
vt -0.030955 -0.098028
vt 0.002994 -0.111824
vt -0.011000 -0.140007
vt -0.033665 -0.098446
vt -0.033665 -0.098446
vt -0.011000 -0.140007
vt 0.002994 -0.111824
vt -0.030955 -0.098028
vt 0.012626 -0.081868
vt 0.061223 -0.092064
vt 0.048258 -0.130218
vt 0.002994 -0.111824
vt 0.002994 -0.111824
vt 0.048258 -0.130218
vt 0.061223 -0.092064
vt 0.012626 -0.081868
vt 0.002994 -0.111824
vt 0.048258 -0.130218
vt 0.030932 -0.166600
vt -0.011000 -0.140007
vt -0.011000 -0.140007
vt 0.030932 -0.166600
vt 0.048258 -0.130218
vt 0.002994 -0.111824
vt 0.061223 -0.092064
vt 0.107533 -0.118700
vt 0.097294 -0.150146
vt 0.048258 -0.130218
vt 0.048258 -0.130218
vt 0.097294 -0.150146
vt 0.107533 -0.118700
vt 0.061223 -0.092064
vt 0.048258 -0.130218
vt 0.097294 -0.150146
vt 0.082695 -0.179820
vt 0.030932 -0.166600
vt 0.030932 -0.166600
vt 0.082695 -0.179820
vt 0.097294 -0.150146
vt 0.048258 -0.130218
vt 0.107533 -0.118700
vt 0.139195 -0.148936
vt 0.135015 -0.165475
vt 0.097294 -0.150146
vt 0.097294 -0.150146
vt 0.135015 -0.165475
vt 0.139195 -0.148936
vt 0.107533 -0.118700
vt 0.097294 -0.150146
vt 0.135015 -0.165475
vt 0.126473 -0.180241
vt 0.082695 -0.179820
vt 0.082695 -0.179820
vt 0.126473 -0.180241
vt 0.135015 -0.165475
vt 0.097294 -0.150146
vt 0.139195 -0.148936
vt 0.155997 -0.172482
vt 0.157647 -0.174672
vt 0.135015 -0.165475
vt 0.135015 -0.165475
vt 0.157647 -0.174672
vt 0.155997 -0.172482
vt 0.139195 -0.148936
vt 0.135015 0.456913
vt 0.157647 0.464433
vt 0.154936 0.472079
vt 0.126473 0.464559
vt 0.126473 0.464559
vt 0.154936 0.472079
vt 0.157647 0.464433
vt 0.135015 0.456913
vt -0.038718 -0.097942
vt -0.075289 -0.122013
vt -0.075683 -0.094089
vt -0.040978 -0.096531
vt -0.040978 -0.096531
vt -0.075683 -0.094089
vt -0.075289 -0.122013
vt -0.038718 -0.097942
vt -0.040978 -0.096531
vt -0.075683 -0.094089
vt -0.071382 -0.066495
vt -0.038542 -0.095451
vt -0.038542 -0.095451
vt -0.071382 -0.066495
vt -0.075683 -0.094089
vt -0.040978 -0.096531
vt -0.075289 -0.122013
vt -0.122114 -0.126586
vt -0.121957 -0.090833
vt -0.075683 -0.094089
vt -0.075683 -0.094089
vt -0.121957 -0.090833
vt -0.122114 -0.126586
vt -0.075289 -0.122013
vt -0.075683 -0.094089
vt -0.121957 -0.090833
vt -0.117105 -0.055410
vt -0.071382 -0.066495
vt -0.071382 -0.066495
vt -0.117105 -0.055410
vt -0.121957 -0.090833
vt -0.075683 -0.094089
vt -0.122114 -0.126586
vt -0.171793 -0.116653
vt -0.172087 -0.087305
vt -0.121957 -0.090833
vt -0.121957 -0.090833
vt -0.172087 -0.087305
vt -0.171793 -0.116653
vt -0.122114 -0.126586
vt -0.121957 -0.090833
vt -0.172087 -0.087305
vt -0.167686 -0.058288
vt -0.117105 -0.055410
vt -0.117105 -0.055410
vt -0.167686 -0.058288
vt -0.172087 -0.087305
vt -0.121957 -0.090833
vt -0.171793 -0.116653
vt -0.209353 -0.099704
vt -0.210649 -0.084591
vt -0.172087 -0.087305
vt -0.172087 -0.087305
vt -0.210649 -0.084591
vt -0.209353 -0.099704
vt -0.171793 -0.116653
vt -0.172087 -0.087305
vt -0.210649 -0.084591
vt -0.207249 -0.069810
vt -0.167686 -0.058288
vt -0.167686 -0.058288
vt -0.207249 -0.069810
vt -0.210649 -0.084591
vt -0.172087 -0.087305
vt -0.209353 0.463354
vt -0.231525 0.470494
vt -0.233785 0.462848
vt -0.210649 0.455708
vt -0.210649 0.455708
vt -0.233785 0.462848
vt -0.231525 0.470494
vt -0.209353 0.463354
vt -0.210649 0.455708
vt -0.233785 0.462848
vt -0.231350 0.470494
vt -0.207249 0.463354
vt -0.207249 0.463354
vt -0.231350 0.470494
vt -0.233785 0.462848
vt -0.210649 0.455708
vt -0.029919 -0.140891
vt 0.012579 -0.123928
vt 0.002258 -0.155576
vt -0.028300 -0.143158
vt -0.028300 -0.143158
vt 0.002258 -0.155576
vt 0.012579 -0.123928
vt -0.029919 -0.140891
vt -0.028300 -0.143158
vt 0.002258 -0.155576
vt -0.012423 -0.185452
vt -0.031041 -0.143652
vt -0.031041 -0.143652
vt -0.012423 -0.185452
vt 0.002258 -0.155576
vt -0.028300 -0.143158
vt 0.012579 -0.123928
vt 0.056850 -0.131809
vt 0.043003 -0.172134
vt 0.002258 -0.155576
vt 0.002258 -0.155576
vt 0.043003 -0.172134
vt 0.056850 -0.131809
vt 0.012579 -0.123928
vt 0.002258 -0.155576
vt 0.043003 -0.172134
vt 0.024795 -0.210686
vt -0.012423 -0.185452
vt -0.012423 -0.185452
vt 0.024795 -0.210686
vt 0.043003 -0.172134
vt 0.002258 -0.155576
vt 0.056850 -0.131809
vt 0.098105 -0.156846
vt 0.087143 -0.190072
vt 0.043003 -0.172134
vt 0.043003 -0.172134
vt 0.087143 -0.190072
vt 0.098105 -0.156846
vt 0.056850 -0.131809
vt 0.043003 -0.172134
vt 0.087143 -0.190072
vt 0.071820 -0.221525
vt 0.024795 -0.210686
vt 0.024795 -0.210686
vt 0.071820 -0.221525
vt 0.087143 -0.190072
vt 0.043003 -0.172134
vt 0.098105 -0.156846
vt 0.125648 -0.186420
vt 0.121097 -0.203870
vt 0.087143 -0.190072
vt 0.087143 -0.190072
vt 0.121097 -0.203870
vt 0.125648 -0.186420
vt 0.098105 -0.156846
vt 0.087143 -0.190072
vt 0.121097 -0.203870
vt 0.112185 -0.219548
vt 0.071820 -0.221525
vt 0.071820 -0.221525
vt 0.112185 -0.219548
vt 0.121097 -0.203870
vt 0.087143 -0.190072
vt 0.125648 -0.186420
vt 0.139849 -0.209882
vt 0.141469 -0.212149
vt 0.121097 -0.203870
vt 0.121097 -0.203870
vt 0.141469 -0.212149
vt 0.139849 -0.209882
vt 0.125648 -0.186420
vt 0.121097 0.536304
vt 0.141469 0.543073
vt 0.138728 0.550719
vt 0.112185 0.543950
vt 0.112185 0.543950
vt 0.138728 0.550719
vt 0.141469 0.543073
vt 0.121097 0.536304
vt -0.055747 -0.139715
vt -0.087446 -0.172538
vt -0.087224 -0.135854
vt -0.057980 -0.137912
vt -0.057980 -0.137912
vt -0.087224 -0.135854
vt -0.087446 -0.172538
vt -0.055747 -0.139715
vt -0.057980 -0.137912
vt -0.087224 -0.135854
vt -0.082307 -0.099500
vt -0.055516 -0.136438
vt -0.055516 -0.136438
vt -0.082307 -0.099500
vt -0.087224 -0.135854
vt -0.057980 -0.137912
vt -0.087446 -0.172538
vt -0.127164 -0.180094
vt -0.126217 -0.133110
vt -0.087224 -0.135854
vt -0.087224 -0.135854
vt -0.126217 -0.133110
vt -0.127164 -0.180094
vt -0.087446 -0.172538
vt -0.087224 -0.135854
vt -0.126217 -0.133110
vt -0.120575 -0.086456
vt -0.082307 -0.099500
vt -0.082307 -0.099500
vt -0.120575 -0.086456
vt -0.126217 -0.133110
vt -0.087224 -0.135854
vt -0.127164 -0.180094
vt -0.168814 -0.168694
vt -0.168460 -0.130137
vt -0.126217 -0.133110
vt -0.126217 -0.133110
vt -0.168460 -0.130137
vt -0.168814 -0.168694
vt -0.127164 -0.180094
vt -0.126217 -0.133110
vt -0.168460 -0.130137
vt -0.163411 -0.091911
vt -0.120575 -0.086456
vt -0.120575 -0.086456
vt -0.163411 -0.091911
vt -0.168460 -0.130137
vt -0.126217 -0.133110
vt -0.168814 -0.168694
vt -0.199990 -0.147679
vt -0.200954 -0.127850
vt -0.168460 -0.130137
vt -0.168460 -0.130137
vt -0.200954 -0.127850
vt -0.199990 -0.147679
vt -0.168814 -0.168694
vt -0.168460 -0.130137
vt -0.200954 -0.127850
vt -0.197223 -0.108352
vt -0.163411 -0.091911
vt -0.163411 -0.091911
vt -0.197223 -0.108352
vt -0.200954 -0.127850
vt -0.168460 -0.130137
vt -0.199990 -0.147679
vt -0.218218 -0.128282
vt -0.220451 -0.126478
vt -0.200954 -0.127850
vt -0.200954 -0.127850
vt -0.220451 -0.126478
vt -0.218218 -0.128282
vt -0.199990 -0.147679
vt -0.200954 -0.127850
vt -0.220451 -0.126478
vt -0.217988 -0.125005
vt -0.197223 -0.108352
vt -0.197223 -0.108352
vt -0.217988 -0.125005
vt -0.220451 -0.126478
vt -0.200954 -0.127850
vt -0.057793 0.617690
vt -0.034999 0.647450
vt -0.064074 0.643811
vt -0.060636 0.614051
vt -0.060636 0.614051
vt -0.064074 0.643811
vt -0.034999 0.647450
vt -0.057793 0.617690
vt -0.202442 0.614051
vt -0.217247 0.643811
vt -0.203931 0.647450
vt -0.195216 0.617690
vt -0.195216 0.617690
vt -0.203931 0.647450
vt -0.217247 0.643811
vt -0.202442 0.614051
vt -0.034999 0.647450
vt -0.031836 0.687130
vt -0.068657 0.683491
vt -0.064074 0.643811
vt -0.064074 0.643811
vt -0.068657 0.683491
vt -0.031836 0.687130
vt -0.034999 0.647450
vt -0.064074 0.643811
vt -0.068657 0.683491
vt -0.102255 0.687130
vt -0.089926 0.647450
vt -0.089926 0.647450
vt -0.102255 0.687130
vt -0.068657 0.683491
vt -0.064074 0.643811
vt -0.031836 0.687130
vt -0.043139 0.730116
vt -0.073622 0.726477
vt -0.068657 0.683491
vt -0.068657 0.683491
vt -0.073622 0.726477
vt -0.043139 0.730116
vt -0.031836 0.687130
vt -0.068657 0.683491
vt -0.073622 0.726477
vt -0.100882 0.730116
vt -0.102255 0.687130
vt -0.102255 0.687130
vt -0.100882 0.730116
vt -0.073622 0.726477
vt -0.068657 0.683491
vt -0.043139 0.730116
vt -0.061042 0.763183
vt -0.077441 0.759544
vt -0.073622 0.726477
vt -0.073622 0.726477
vt -0.077441 0.759544
vt -0.061042 0.763183
vt -0.043139 0.730116
vt -0.073622 0.726477
vt -0.077441 0.759544
vt -0.090618 0.763183
vt -0.100882 0.730116
vt -0.100882 0.730116
vt -0.090618 0.763183
vt -0.077441 0.759544
vt -0.073622 0.726477
vt -0.061042 0.763183
vt -0.076889 0.783023
vt -0.079733 0.779384
vt -0.077441 0.759544
vt -0.077441 0.759544
vt -0.079733 0.779384
vt -0.076889 0.783023
vt -0.061042 0.763183
vt -0.274825 0.759544
vt -0.284695 0.779384
vt -0.277469 0.783023
vt -0.264451 0.763183
vt -0.264451 0.763183
vt -0.277469 0.783023
vt -0.284695 0.779384
vt -0.274825 0.759544
vt 0.037284 -0.036555
vt 0.042554 -0.049274
vt 0.037284 -0.062002
vt 0.024562 -0.067282
vt 0.011840 -0.062022
vt 0.006571 -0.049303
vt 0.011840 -0.036576
vt 0.024562 -0.031295
vt 0.036264 -0.046883
vt 0.027430 -0.050550
vt 0.023770 -0.059388
vt 0.027430 -0.068221
vt 0.036264 -0.071874
vt 0.045099 -0.068207
vt 0.048758 -0.059368
vt 0.045099 -0.050535
vt 0.024562 0.005860
vt 0.011840 0.006111
vt 0.027430 0.386290
vt 0.036264 0.386116
vt -0.036576 0.006111
vt -0.049303 0.005936
vt -0.059388 0.386169
vt -0.050550 0.386290
vt -0.049303 0.005936
vt -0.062022 0.005436
vt -0.068221 0.385822
vt -0.059388 0.386169
vt 0.011840 0.005436
vt 0.024562 0.004905
vt 0.036264 0.385453
vt 0.027430 0.385822
vt 0.024562 0.004905
vt 0.037284 0.004654
vt 0.045099 0.385279
vt 0.036264 0.385453
vt -0.062002 0.004654
vt -0.049274 0.004829
vt -0.059368 0.385400
vt -0.068207 0.385279
vt -0.049274 0.004829
vt -0.036555 0.005329
vt -0.050535 0.385747
vt -0.059368 0.385400
vt 0.037284 0.005329
vt 0.024562 0.005860
vt 0.036264 0.386116
vt 0.045099 0.385747
vt 0.044776 -0.050248
vt 0.048302 -0.058270
vt 0.044776 -0.066942
vt 0.036264 -0.071183
vt 0.027752 -0.068509
vt 0.024227 -0.060486
vt 0.027752 -0.051815
vt 0.036264 -0.047574
vt 0.117896 -0.149187
vt 0.113470 -0.151393
vt 0.111637 -0.155902
vt 0.113470 -0.160074
vt 0.117896 -0.161464
vt 0.122322 -0.159259
vt 0.124156 -0.154750
vt 0.122322 -0.150578
vt 0.036264 0.389896
vt 0.027752 0.390941
vt 0.113470 0.663930
vt 0.117896 0.663386
vt -0.051815 0.390941
vt -0.060486 0.388966
vt -0.155902 0.662902
vt -0.151393 0.663930
vt -0.060486 0.388966
vt -0.068509 0.385127
vt -0.160074 0.660906
vt -0.155902 0.662902
vt 0.027752 0.385127
vt 0.036264 0.381673
vt 0.117896 0.659110
vt 0.113470 0.660906
vt 0.036264 0.381673
vt 0.044776 0.380628
vt 0.122322 0.658566
vt 0.117896 0.659110
vt -0.066942 0.380628
vt -0.058270 0.382603
vt -0.154750 0.659594
vt -0.159259 0.658566
vt -0.058270 0.382603
vt -0.050248 0.386442
vt -0.150578 0.661590
vt -0.154750 0.659594
vt 0.044776 0.386442
vt 0.036264 0.389896
vt 0.117896 0.663386
vt 0.122322 0.661590
vt 0.019376 -0.067624
vt 0.015109 -0.017074
vt 0.045635 -0.040630
vt 0.022420 -0.066794
vt 0.022420 -0.066794
vt 0.045635 -0.040630
vt 0.015109 -0.017074
vt 0.019376 -0.067624
vt 0.022420 -0.066794
vt 0.045635 -0.040630
vt 0.072657 -0.068136
vt 0.021958 -0.069915
vt 0.021958 -0.069915
vt 0.072657 -0.068136
vt 0.045635 -0.040630
vt 0.022420 -0.066794
vt 0.015109 -0.017074
vt 0.037946 0.025013
vt 0.076589 -0.005744
vt 0.045635 -0.040630
vt 0.045635 -0.040630
vt 0.076589 -0.005744
vt 0.037946 0.025013
vt 0.015109 -0.017074
vt 0.045635 -0.040630
vt 0.076589 -0.005744
vt 0.111726 -0.040451
vt 0.072657 -0.068136
vt 0.072657 -0.068136
vt 0.111726 -0.040451
vt 0.076589 -0.005744
vt 0.045635 -0.040630
vt 0.037946 0.025013
vt 0.078120 0.056914
vt 0.110122 0.032049
vt 0.076589 -0.005744
vt 0.076589 -0.005744
vt 0.110122 0.032049
vt 0.078120 0.056914
vt 0.037946 0.025013
vt 0.076589 -0.005744
vt 0.110122 0.032049
vt 0.138619 0.003234
vt 0.111726 -0.040451
vt 0.111726 -0.040451
vt 0.138619 0.003234
vt 0.110122 0.032049
vt 0.076589 -0.005744
vt 0.078120 0.056914
vt 0.118670 0.072893
vt 0.135917 0.061120
vt 0.110122 0.032049
vt 0.110122 0.032049
vt 0.135917 0.061120
vt 0.118670 0.072893
vt 0.078120 0.056914
vt 0.110122 0.032049
vt 0.135917 0.061120
vt 0.149658 0.045398
vt 0.138619 0.003234
vt 0.138619 0.003234
vt 0.149658 0.045398
vt 0.135917 0.061120
vt 0.110122 0.032049
vt 0.118670 0.314219
vt 0.148350 0.322373
vt 0.151394 0.314822
vt 0.135917 0.306668
vt 0.135917 0.306668
vt 0.151394 0.314822
vt 0.148350 0.322373
vt 0.118670 0.314219
vt 0.061120 0.306668
vt 0.078563 0.314822
vt 0.075443 0.322373
vt 0.045398 0.314219
vt 0.045398 0.314219
vt 0.075443 0.322373
vt 0.078563 0.314822
vt 0.061120 0.306668
vt 0.039299 -0.049825
vt 0.045230 -0.095678
vt 0.016253 -0.074848
vt 0.036379 -0.050824
vt 0.036379 -0.050824
vt 0.016253 -0.074848
vt 0.045230 -0.095678
vt 0.039299 -0.049825
vt 0.036379 -0.050824
vt 0.016253 -0.074848
vt -0.009332 -0.049969
vt 0.036851 -0.047774
vt 0.036851 -0.047774
vt -0.009332 -0.049969
vt 0.016253 -0.074848
vt 0.036379 -0.050824
vt 0.045230 -0.095678
vt 0.026090 -0.134156
vt -0.010581 -0.106880
vt 0.016253 -0.074848
vt 0.016253 -0.074848
vt -0.010581 -0.106880
vt 0.026090 -0.134156
vt 0.045230 -0.095678
vt 0.016253 -0.074848
vt -0.010581 -0.106880
vt -0.043861 -0.075555
vt -0.009332 -0.049969
vt -0.009332 -0.049969
vt -0.043861 -0.075555
vt -0.010581 -0.106880
vt 0.016253 -0.074848
vt 0.026090 -0.134156
vt -0.009277 -0.163583
vt -0.039652 -0.141581
vt -0.010581 -0.106880
vt -0.010581 -0.106880
vt -0.039652 -0.141581
vt -0.009277 -0.163583
vt 0.026090 -0.134156
vt -0.010581 -0.106880
vt -0.039652 -0.141581
vt -0.066636 -0.115530
vt -0.043861 -0.075555
vt -0.043861 -0.075555
vt -0.066636 -0.115530
vt -0.039652 -0.141581
vt -0.010581 -0.106880
vt -0.009277 -0.163583
vt -0.045629 -0.178556
vt -0.062014 -0.168274
vt -0.039652 -0.141581
vt -0.039652 -0.141581
vt -0.062014 -0.168274
vt -0.045629 -0.178556
vt -0.009277 -0.163583
vt -0.039652 -0.141581
vt -0.062014 -0.168274
vt -0.075008 -0.153944
vt -0.066636 -0.115530
vt -0.066636 -0.115530
vt -0.075008 -0.153944
vt -0.062014 -0.168274
vt -0.039652 -0.141581
vt -0.045629 0.311533
vt -0.072512 0.318839
vt -0.075432 0.311287
vt -0.062014 0.303981
vt -0.062014 0.303981
vt -0.075432 0.311287
vt -0.072512 0.318839
vt -0.045629 0.311533
vt -0.168274 0.303981
vt -0.184290 0.311287
vt -0.181240 0.318839
vt -0.153944 0.311533
vt -0.153944 0.311533
vt -0.181240 0.318839
vt -0.184290 0.311287
vt -0.168274 0.303981
vt 0.034518 -0.055749
vt 0.027785 -0.009680
vt 0.057427 -0.032450
vt 0.037522 -0.054884
vt 0.037522 -0.054884
vt 0.057427 -0.032450
vt 0.027785 -0.009680
vt 0.034518 -0.055749
vt 0.037522 -0.054884
vt 0.057427 -0.032450
vt 0.083563 -0.059171
vt 0.037020 -0.057970
vt 0.037020 -0.057970
vt 0.083563 -0.059171
vt 0.057427 -0.032450
vt 0.037522 -0.054884
vt 0.027785 -0.009680
vt 0.046459 0.027211
vt 0.083967 -0.002539
vt 0.057427 -0.032450
vt 0.057427 -0.032450
vt 0.083967 -0.002539
vt 0.046459 0.027211
vt 0.027785 -0.009680
vt 0.057427 -0.032450
vt 0.083967 -0.002539
vt 0.117970 -0.036239
vt 0.083563 -0.059171
vt 0.083563 -0.059171
vt 0.117970 -0.036239
vt 0.083967 -0.002539
vt 0.057427 -0.032450
vt 0.046459 0.027211
vt 0.081647 0.053905
vt 0.112719 0.029866
vt 0.083967 -0.002539
vt 0.083967 -0.002539
vt 0.112719 0.029866
vt 0.081647 0.053905
vt 0.046459 0.027211
vt 0.083967 -0.002539
vt 0.112719 0.029866
vt 0.140285 0.001876
vt 0.117970 -0.036239
vt 0.117970 -0.036239
vt 0.140285 0.001876
vt 0.112719 0.029866
vt 0.083967 -0.002539
vt 0.081647 0.053905
vt 0.118066 0.066141
vt 0.134835 0.054792
vt 0.112719 0.029866
vt 0.112719 0.029866
vt 0.134835 0.054792
vt 0.118066 0.066141
vt 0.081647 0.053905
vt 0.112719 0.029866
vt 0.134835 0.054792
vt 0.148100 0.039492
vt 0.140285 0.001876
vt 0.140285 0.001876
vt 0.148100 0.039492
vt 0.134835 0.054792
vt 0.112719 0.029866
vt 0.118066 0.395800
vt 0.145101 0.402791
vt 0.148105 0.395240
vt 0.134835 0.388248
vt 0.134835 0.388248
vt 0.148105 0.395240
vt 0.145101 0.402791
vt 0.118066 0.395800
vt 0.054792 0.388248
vt 0.069748 0.395240
vt 0.066662 0.402791
vt 0.039492 0.395800
vt 0.039492 0.395800
vt 0.066662 0.402791
vt 0.069748 0.395240
vt 0.054792 0.388248
vt 0.034750 -0.060644
vt 0.043226 -0.107176
vt 0.012333 -0.084741
vt 0.031744 -0.061571
vt 0.031744 -0.061571
vt 0.012333 -0.084741
vt 0.043226 -0.107176
vt 0.034750 -0.060644
vt 0.031744 -0.061571
vt 0.012333 -0.084741
vt -0.015168 -0.058257
vt 0.032129 -0.058449
vt 0.032129 -0.058449
vt -0.015168 -0.058257
vt 0.012333 -0.084741
vt 0.031744 -0.061571
vt 0.043226 -0.107176
vt 0.025581 -0.144968
vt -0.013547 -0.115634
vt 0.012333 -0.084741
vt 0.012333 -0.084741
vt -0.013547 -0.115634
vt 0.025581 -0.144968
vt 0.043226 -0.107176
vt 0.012333 -0.084741
vt -0.013547 -0.115634
vt -0.049284 -0.082251
vt -0.015168 -0.058257
vt -0.015168 -0.058257
vt -0.049284 -0.082251
vt -0.013547 -0.115634
vt 0.012333 -0.084741
vt 0.025581 -0.144968
vt -0.009194 -0.172791
vt -0.041584 -0.149101
vt -0.013547 -0.115634
vt -0.013547 -0.115634
vt -0.041584 -0.149101
vt -0.009194 -0.172791
vt 0.025581 -0.144968
vt -0.013547 -0.115634
vt -0.041584 -0.149101
vt -0.070583 -0.121363
vt -0.049284 -0.082251
vt -0.049284 -0.082251
vt -0.070583 -0.121363
vt -0.041584 -0.149101
vt -0.013547 -0.115634
vt -0.009194 -0.172791
vt -0.045734 -0.185992
vt -0.063152 -0.174845
vt -0.041584 -0.149101
vt -0.041584 -0.149101
vt -0.063152 -0.174845
vt -0.045734 -0.185992
vt -0.009194 -0.172791
vt -0.041584 -0.149101
vt -0.063152 -0.174845
vt -0.077177 -0.159650
vt -0.070583 -0.121363
vt -0.070583 -0.121363
vt -0.077177 -0.159650
vt -0.063152 -0.174845
vt -0.041584 -0.149101
vt -0.045734 0.395973
vt -0.073086 0.403019
vt -0.076092 0.395468
vt -0.063152 0.388421
vt -0.063152 0.388421
vt -0.076092 0.395468
vt -0.073086 0.403019
vt -0.045734 0.395973
vt -0.174845 0.388421
vt -0.190291 0.395468
vt -0.187170 0.403019
vt -0.159650 0.395973
vt -0.159650 0.395973
vt -0.187170 0.403019
vt -0.190291 0.395468
vt -0.174845 0.388421
vt 0.031073 -0.081847
vt 0.046072 -0.037470
vt 0.064590 -0.062457
vt 0.033848 -0.081748
vt 0.033848 -0.081748
vt 0.064590 -0.062457
vt 0.046072 -0.037470
vt 0.031073 -0.081847
vt 0.033848 -0.081748
vt 0.064590 -0.062457
vt 0.079035 -0.090000
vt 0.032552 -0.084205
vt 0.032552 -0.084205
vt 0.079035 -0.090000
vt 0.064590 -0.062457
vt 0.033848 -0.081748
vt 0.046072 -0.037470
vt 0.082412 -0.004341
vt 0.105578 -0.036736
vt 0.064590 -0.062457
vt 0.064590 -0.062457
vt 0.105578 -0.036736
vt 0.082412 -0.004341
vt 0.046072 -0.037470
vt 0.064590 -0.062457
vt 0.105578 -0.036736
vt 0.124673 -0.071686
vt 0.079035 -0.090000
vt 0.079035 -0.090000
vt 0.124673 -0.071686
vt 0.105578 -0.036736
vt 0.064590 -0.062457
vt 0.082412 -0.004341
vt 0.130620 0.017463
vt 0.149983 -0.008871
vt 0.105578 -0.036736
vt 0.105578 -0.036736
vt 0.149983 -0.008871
vt 0.130620 0.017463
vt 0.082412 -0.004341
vt 0.105578 -0.036736
vt 0.149983 -0.008871
vt 0.165274 -0.037760
vt 0.124673 -0.071686
vt 0.124673 -0.071686
vt 0.165274 -0.037760
vt 0.149983 -0.008871
vt 0.105578 -0.036736
vt 0.130620 0.017463
vt 0.173230 0.025428
vt 0.184140 0.012563
vt 0.149983 -0.008871
vt 0.149983 -0.008871
vt 0.184140 0.012563
vt 0.173230 0.025428
vt 0.130620 0.017463
vt 0.149983 -0.008871
vt 0.184140 0.012563
vt 0.190979 -0.002857
vt 0.165274 -0.037760
vt 0.165274 -0.037760
vt 0.190979 -0.002857
vt 0.184140 0.012563
vt 0.149983 -0.008871
vt 0.173230 0.483134
vt 0.201860 0.490755
vt 0.204635 0.483125
vt 0.184140 0.475504
vt 0.184140 0.475504
vt 0.204635 0.483125
vt 0.201860 0.490755
vt 0.173230 0.483134
vt 0.012563 0.475504
vt 0.025424 0.483125
vt 0.022968 0.490755
vt -0.002857 0.483134
vt -0.002857 0.483134
vt 0.022968 0.490755
vt 0.025424 0.483125
vt 0.012563 0.475504
vt 0.065667 -0.055593
vt 0.067843 -0.107964
vt 0.037780 -0.084729
vt 0.062802 -0.056274
vt 0.062802 -0.056274
vt 0.037780 -0.084729
vt 0.067843 -0.107964
vt 0.065667 -0.055593
vt 0.062802 -0.056274
vt 0.037780 -0.084729
vt 0.010892 -0.057884
vt 0.063112 -0.053346
vt 0.063112 -0.053346
vt 0.010892 -0.057884
vt 0.037780 -0.084729
vt 0.062802 -0.056274
vt 0.067843 -0.107964
vt 0.042512 -0.152966
vt 0.004418 -0.122669
vt 0.037780 -0.084729
vt 0.037780 -0.084729
vt 0.004418 -0.122669
vt 0.042512 -0.152966
vt 0.067843 -0.107964
vt 0.037780 -0.084729
vt 0.004418 -0.122669
vt -0.030502 -0.088762
vt 0.010892 -0.057884
vt 0.010892 -0.057884
vt -0.030502 -0.088762
vt 0.004418 -0.122669
vt 0.037780 -0.084729
vt 0.042512 -0.152966
vt -0.000202 -0.188289
vt -0.031725 -0.163770
vt 0.004418 -0.122669
vt 0.004418 -0.122669
vt -0.031725 -0.163770
vt -0.000202 -0.188289
vt 0.042512 -0.152966
vt 0.004418 -0.122669
vt -0.031725 -0.163770
vt -0.060073 -0.135642
vt -0.030502 -0.088762
vt -0.030502 -0.088762
vt -0.060073 -0.135642
vt -0.031725 -0.163770
vt 0.004418 -0.122669
vt -0.000202 -0.188289
vt -0.042607 -0.207065
vt -0.059527 -0.195387
vt -0.031725 -0.163770
vt -0.031725 -0.163770
vt -0.059527 -0.195387
vt -0.042607 -0.207065
vt -0.000202 -0.188289
vt -0.031725 -0.163770
vt -0.059527 -0.195387
vt -0.073273 -0.180099
vt -0.060073 -0.135642
vt -0.060073 -0.135642
vt -0.073273 -0.180099
vt -0.059527 -0.195387
vt -0.031725 -0.163770
vt -0.042607 0.484197
vt -0.073343 0.492154
vt -0.076208 0.484524
vt -0.059527 0.476567
vt -0.059527 0.476567
vt -0.076208 0.484524
vt -0.073343 0.492154
vt -0.042607 0.484197
vt -0.195387 0.476567
vt -0.214357 0.484524
vt -0.211428 0.492154
vt -0.180099 0.484197
vt -0.180099 0.484197
vt -0.211428 0.492154
vt -0.214357 0.484524
vt -0.195387 0.476567
vt 0.059039 -0.110153
vt 0.073150 -0.067401
vt 0.091164 -0.091587
vt 0.061792 -0.110018
vt 0.061792 -0.110018
vt 0.091164 -0.091587
vt 0.073150 -0.067401
vt 0.059039 -0.110153
vt 0.061792 -0.110018
vt 0.091164 -0.091587
vt 0.105107 -0.118327
vt 0.060473 -0.112438
vt 0.060473 -0.112438
vt 0.105107 -0.118327
vt 0.091164 -0.091587
vt 0.061792 -0.110018
vt 0.073150 -0.067401
vt 0.107806 -0.035644
vt 0.130327 -0.067011
vt 0.091164 -0.091587
vt 0.091164 -0.091587
vt 0.130327 -0.067011
vt 0.107806 -0.035644
vt 0.073150 -0.067401
vt 0.091164 -0.091587
vt 0.130327 -0.067011
vt 0.148776 -0.100933
vt 0.105107 -0.118327
vt 0.105107 -0.118327
vt 0.148776 -0.100933
vt 0.130327 -0.067011
vt 0.091164 -0.091587
vt 0.107806 -0.035644
vt 0.153920 -0.014897
vt 0.172753 -0.040388
vt 0.130327 -0.067011
vt 0.130327 -0.067011
vt 0.172753 -0.040388
vt 0.153920 -0.014897
vt 0.107806 -0.035644
vt 0.130327 -0.067011
vt 0.172753 -0.040388
vt 0.187515 -0.068434
vt 0.148776 -0.100933
vt 0.148776 -0.100933
vt 0.187515 -0.068434
vt 0.172753 -0.040388
vt 0.130327 -0.067011
vt 0.153920 -0.014897
vt 0.194749 -0.007475
vt 0.205389 -0.019908
vt 0.172753 -0.040388
vt 0.172753 -0.040388
vt 0.205389 -0.019908
vt 0.194749 -0.007475
vt 0.153920 -0.014897
vt 0.172753 -0.040388
vt 0.205389 -0.019908
vt 0.211957 -0.034897
vt 0.187515 -0.068434
vt 0.187515 -0.068434
vt 0.211957 -0.034897
vt 0.205389 -0.019908
vt 0.172753 -0.040388
vt 0.194749 0.567322
vt 0.222217 0.574603
vt 0.224970 0.566973
vt 0.205389 0.559691
vt 0.205389 0.559691
vt 0.224970 0.566973
vt 0.222217 0.574603
vt 0.194749 0.567322
vt -0.019908 0.559691
vt -0.007621 0.566973
vt -0.010041 0.574603
vt -0.034897 0.567322
vt -0.034897 0.567322
vt -0.010041 0.574603
vt -0.007621 0.566973
vt -0.019908 0.559691
vt 0.075299 -0.100080
vt 0.079492 -0.150489
vt 0.049258 -0.127103
vt 0.072427 -0.100755
vt 0.072427 -0.100755
vt 0.049258 -0.127103
vt 0.079492 -0.150489
vt 0.075299 -0.100080
vt 0.072427 -0.100755
vt 0.049258 -0.127103
vt 0.022198 -0.100107
vt 0.072729 -0.097820
vt 0.072729 -0.097820
vt 0.022198 -0.100107
vt 0.049258 -0.127103
vt 0.072427 -0.100755
vt 0.079492 -0.150489
vt 0.056680 -0.192724
vt 0.018366 -0.162233
vt 0.049258 -0.127103
vt 0.049258 -0.127103
vt 0.018366 -0.162233
vt 0.056680 -0.192724
vt 0.079492 -0.150489
vt 0.049258 -0.127103
vt 0.018366 -0.162233
vt -0.016774 -0.128133
vt 0.022198 -0.100107
vt 0.022198 -0.100107
vt -0.016774 -0.128133
vt 0.018366 -0.162233
vt 0.049258 -0.127103
vt 0.056680 -0.192724
vt 0.016602 -0.224969
vt -0.015101 -0.200291
vt 0.018366 -0.162233
vt 0.018366 -0.162233
vt -0.015101 -0.200291
vt 0.016602 -0.224969
vt 0.056680 -0.192724
vt 0.018366 -0.162233
vt -0.015101 -0.200291
vt -0.043630 -0.172004
vt -0.016774 -0.128133
vt -0.016774 -0.128133
vt -0.043630 -0.172004
vt -0.015101 -0.200291
vt 0.018366 -0.162233
vt 0.016602 -0.224969
vt -0.023832 -0.241326
vt -0.040844 -0.229567
vt -0.015101 -0.200291
vt -0.015101 -0.200291
vt -0.040844 -0.229567
vt -0.023832 -0.241326
vt 0.016602 -0.224969
vt -0.015101 -0.200291
vt -0.040844 -0.229567
vt -0.054683 -0.214198
vt -0.043630 -0.172004
vt -0.043630 -0.172004
vt -0.054683 -0.214198
vt -0.040844 -0.229567
vt -0.015101 -0.200291
vt -0.023832 0.567594
vt -0.053418 0.574962
vt -0.056290 0.567331
vt -0.040844 0.559964
vt -0.040844 0.559964
vt -0.056290 0.567331
vt -0.053418 0.574962
vt -0.023832 0.567594
vt -0.229567 0.559964
vt -0.247132 0.567331
vt -0.244197 0.574962
vt -0.214198 0.567594
vt -0.214198 0.567594
vt -0.244197 0.574962
vt -0.247132 0.567331
vt -0.229567 0.559964
vt -0.144617 0.652448
vt -0.134042 0.679731
vt -0.160605 0.676404
vt -0.151102 0.649121
vt -0.151102 0.649121
vt -0.160605 0.676404
vt -0.134042 0.679731
vt -0.144617 0.652448
vt 0.114303 0.649121
vt 0.122388 0.676404
vt 0.092965 0.679731
vt 0.108479 0.652448
vt 0.108479 0.652448
vt 0.092965 0.679731
vt 0.122388 0.676404
vt 0.114303 0.649121
vt -0.134042 0.679731
vt -0.140783 0.716108
vt -0.173275 0.712781
vt -0.160605 0.676404
vt -0.160605 0.676404
vt -0.173275 0.712781
vt -0.140783 0.716108
vt -0.134042 0.679731
vt 0.122388 0.676404
vt 0.133168 0.712781
vt 0.096776 0.716108
vt 0.092965 0.679731
vt 0.092965 0.679731
vt 0.096776 0.716108
vt 0.133168 0.712781
vt 0.122388 0.676404
vt -0.140783 0.716108
vt -0.159361 0.755517
vt -0.187002 0.752190
vt -0.173275 0.712781
vt -0.173275 0.712781
vt -0.187002 0.752190
vt -0.159361 0.755517
vt -0.140783 0.716108
vt 0.133168 0.712781
vt 0.144846 0.752190
vt 0.114157 0.755517
vt 0.096776 0.716108
vt 0.096776 0.716108
vt 0.114157 0.755517
vt 0.144846 0.752190
vt 0.133168 0.712781
vt -0.159361 0.755517
vt -0.180700 0.785831
vt -0.197561 0.782504
vt -0.187002 0.752190
vt -0.187002 0.752190
vt -0.197561 0.782504
vt -0.180700 0.785831
vt -0.159361 0.755517
vt 0.144846 0.752190
vt 0.153830 0.782504
vt 0.135811 0.785831
vt 0.114157 0.755517
vt 0.114157 0.755517
vt 0.135811 0.785831
vt 0.153830 0.782504
vt 0.144846 0.752190
vt -0.180700 0.785831
vt -0.197412 0.804020
vt -0.203896 0.800693
vt -0.197561 0.782504
vt -0.197561 0.782504
vt -0.203896 0.800693
vt -0.197412 0.804020
vt -0.180700 0.785831
vt 0.153830 0.782504
vt 0.159220 0.800693
vt 0.153397 0.804020
vt 0.135811 0.785831
vt 0.135811 0.785831
vt 0.153397 0.804020
vt 0.159220 0.800693
vt 0.153830 0.782504
vt 0.012466 -0.003492
vt 0.017642 -0.016122
vt 0.012466 -0.028888
vt -0.000032 -0.034313
vt -0.012529 -0.029218
vt -0.017705 -0.016588
vt -0.012529 -0.003822
vt -0.000032 0.001603
vt 0.078609 -0.031748
vt 0.069931 -0.035515
vt 0.066336 -0.044380
vt 0.069931 -0.053151
vt 0.078609 -0.056689
vt 0.087288 -0.052922
vt 0.090883 -0.044056
vt 0.087288 -0.035286
vt -0.000032 0.006614
vt -0.012529 0.008660
vt 0.069931 0.414119
vt 0.078609 0.412698
vt -0.003822 0.008660
vt -0.016588 0.008786
vt -0.044380 0.414207
vt -0.035515 0.414119
vt -0.016588 0.008786
vt -0.029218 0.006919
vt -0.053151 0.412910
vt -0.044380 0.414207
vt -0.012529 0.006919
vt -0.000032 0.004151
vt 0.078609 0.410989
vt 0.069931 0.412910
vt -0.000032 0.004151
vt 0.012466 0.002105
vt 0.087288 0.409568
vt 0.078609 0.410989
vt -0.028888 0.002105
vt -0.016122 0.001979
vt -0.044056 0.409480
vt -0.052922 0.409568
vt -0.016122 0.001979
vt -0.003492 0.003846
vt -0.035286 0.410777
vt -0.044056 0.409480
vt 0.012466 0.003846
vt -0.000032 0.006614
vt 0.078609 0.412698
vt 0.087288 0.410777
vt 0.067880 -0.048924
vt 0.068775 -0.039572
vt 0.075432 -0.032941
vt 0.083949 -0.032916
vt 0.089339 -0.039512
vt 0.088444 -0.048865
vt 0.081787 -0.055496
vt 0.073269 -0.055520
vt 0.226554 -0.121309
vt 0.230984 -0.121296
vt 0.234445 -0.117848
vt 0.234911 -0.112984
vt 0.232108 -0.109554
vt 0.227679 -0.109567
vt 0.224217 -0.113015
vt 0.223752 -0.117879
vt 0.073269 0.411843
vt 0.081787 0.407488
vt 0.230984 0.703912
vt 0.226554 0.706177
vt 0.081787 0.407488
vt 0.088444 0.405683
vt 0.234445 0.702974
vt 0.230984 0.703912
vt -0.048865 0.405683
vt -0.039512 0.407488
vt -0.112984 0.703912
vt -0.117848 0.702974
vt -0.039512 0.407488
vt -0.032916 0.411843
vt -0.109554 0.706177
vt -0.112984 0.703912
vt 0.083949 0.411843
vt 0.075432 0.416199
vt 0.227679 0.708442
vt 0.232108 0.706177
vt 0.075432 0.416199
vt 0.068775 0.418004
vt 0.224217 0.709381
vt 0.227679 0.708442
vt -0.039572 0.418004
vt -0.048924 0.416199
vt -0.117879 0.708442
vt -0.113015 0.709381
vt 0.067880 0.416199
vt 0.073269 0.411843
vt 0.226554 0.706177
vt 0.223752 0.708442
vt 0.055249 -0.018747
vt 0.034780 0.021979
vt 0.069437 0.009708
vt 0.057791 -0.017030
vt 0.057791 -0.017030
vt 0.069437 0.009708
vt 0.034780 0.021979
vt 0.055249 -0.018747
vt 0.057791 -0.017030
vt 0.069437 0.009708
vt 0.102027 -0.007310
vt 0.058266 -0.020061
vt 0.058266 -0.020061
vt 0.102027 -0.007310
vt 0.069437 0.009708
vt 0.057791 -0.017030
vt 0.034780 0.021979
vt 0.040824 0.061761
vt 0.084965 0.045359
vt 0.069437 0.009708
vt 0.069437 0.009708
vt 0.084965 0.045359
vt 0.040824 0.061761
vt 0.034780 0.021979
vt 0.069437 0.009708
vt 0.084965 0.045359
vt 0.127038 0.024211
vt 0.102027 -0.007310
vt 0.102027 -0.007310
vt 0.127038 0.024211
vt 0.084965 0.045359
vt 0.069437 0.009708
vt 0.040824 0.061761
vt 0.065405 0.097004
vt 0.101786 0.083982
vt 0.084965 0.045359
vt 0.084965 0.045359
vt 0.101786 0.083982
vt 0.065405 0.097004
vt 0.040824 0.061761
vt 0.084965 0.045359
vt 0.101786 0.083982
vt 0.136100 0.066213
vt 0.127038 0.024211
vt 0.127038 0.024211
vt 0.136100 0.066213
vt 0.101786 0.083982
vt 0.084965 0.045359
vt 0.065405 0.097004
vt 0.095587 0.119203
vt 0.114726 0.113691
vt 0.101786 0.083982
vt 0.101786 0.083982
vt 0.114726 0.113691
vt 0.095587 0.119203
vt 0.065405 0.097004
vt 0.101786 0.083982
vt 0.114726 0.113691
vt 0.131797 0.103432
vt 0.136100 0.066213
vt 0.136100 0.066213
vt 0.131797 0.103432
vt 0.114726 0.113691
vt 0.101786 0.083982
vt 0.095587 0.328343
vt 0.119947 0.334993
vt 0.122490 0.327423
vt 0.114726 0.320773
vt 0.114726 0.320773
vt 0.122490 0.327423
vt 0.119947 0.334993
vt 0.095587 0.328343
vt 0.113691 0.320773
vt 0.131517 0.327423
vt 0.128486 0.334993
vt 0.103432 0.328343
vt 0.103432 0.328343
vt 0.128486 0.334993
vt 0.131517 0.327423
vt 0.113691 0.320773
vt 0.049524 -0.042910
vt 0.076620 -0.084464
vt 0.038389 -0.076560
vt 0.047149 -0.044938
vt 0.047149 -0.044938
vt 0.038389 -0.076560
vt 0.076620 -0.084464
vt 0.049524 -0.042910
vt 0.047149 -0.044938
vt 0.038389 -0.076560
vt 0.001540 -0.063665
vt 0.046155 -0.041977
vt 0.046155 -0.041977
vt 0.001540 -0.063665
vt 0.038389 -0.076560
vt 0.047149 -0.044938
vt 0.076620 -0.084464
vt 0.075529 -0.129560
vt 0.026709 -0.118722
vt 0.038389 -0.076560
vt 0.038389 -0.076560
vt 0.026709 -0.118722
vt 0.075529 -0.129560
vt 0.076620 -0.084464
vt 0.038389 -0.076560
vt 0.026709 -0.118722
vt -0.020729 -0.102894
vt 0.001540 -0.063665
vt 0.001540 -0.063665
vt -0.020729 -0.102894
vt 0.026709 -0.118722
vt 0.038389 -0.076560
vt 0.075529 -0.129560
vt 0.054212 -0.172835
vt 0.014056 -0.164397
vt 0.026709 -0.118722
vt 0.026709 -0.118722
vt 0.014056 -0.164397
vt 0.054212 -0.172835
vt 0.075529 -0.129560
vt 0.026709 -0.118722
vt 0.014056 -0.164397
vt -0.024719 -0.150969
vt -0.020729 -0.102894
vt -0.020729 -0.102894
vt -0.024719 -0.150969
vt 0.014056 -0.164397
vt 0.026709 -0.118722
vt 0.054212 -0.172835
vt 0.025227 -0.202637
vt 0.004322 -0.199532
vt 0.014056 -0.164397
vt 0.014056 -0.164397
vt 0.004322 -0.199532
vt 0.025227 -0.202637
vt 0.054212 -0.172835
vt 0.014056 -0.164397
vt 0.004322 -0.199532
vt -0.015201 -0.191437
vt -0.024719 -0.150969
vt -0.024719 -0.150969
vt -0.015201 -0.191437
vt 0.004322 -0.199532
vt 0.014056 -0.164397
vt 0.025227 -0.202637
vt 0.000858 -0.218585
vt -0.001518 -0.220613
vt 0.004322 -0.199532
vt 0.004322 -0.199532
vt -0.001518 -0.220613
vt 0.000858 -0.218585
vt 0.025227 -0.202637
vt 0.004322 -0.199532
vt -0.001518 -0.220613
vt -0.002511 -0.217651
vt -0.015201 -0.191437
vt -0.015201 -0.191437
vt -0.002511 -0.217651
vt -0.001518 -0.220613
vt 0.004322 -0.199532
vt 0.071729 -0.027540
vt 0.050645 0.014456
vt 0.086330 0.001737
vt 0.074318 -0.025843
vt 0.074318 -0.025843
vt 0.086330 0.001737
vt 0.050645 0.014456
vt 0.071729 -0.027540
vt 0.074318 -0.025843
vt 0.086330 0.001737
vt 0.119948 -0.015729
vt 0.074839 -0.028894
vt 0.074839 -0.028894
vt 0.119948 -0.015729
vt 0.086330 0.001737
vt 0.074318 -0.025843
vt 0.050645 0.014456
vt 0.056888 0.055486
vt 0.102347 0.038510
vt 0.086330 0.001737
vt 0.086330 0.001737
vt 0.102347 0.038510
vt 0.056888 0.055486
vt 0.050645 0.014456
vt 0.086330 0.001737
vt 0.102347 0.038510
vt 0.145738 0.016788
vt 0.119948 -0.015729
vt 0.119948 -0.015729
vt 0.145738 0.016788
vt 0.102347 0.038510
vt 0.086330 0.001737
vt 0.056888 0.055486
vt 0.082235 0.091841
vt 0.119698 0.078348
vt 0.102347 0.038510
vt 0.102347 0.038510
vt 0.119698 0.078348
vt 0.082235 0.091841
vt 0.056888 0.055486
vt 0.102347 0.038510
vt 0.119698 0.078348
vt 0.155093 0.060108
vt 0.145738 0.016788
vt 0.145738 0.016788
vt 0.155093 0.060108
vt 0.119698 0.078348
vt 0.102347 0.038510
vt 0.082235 0.091841
vt 0.113353 0.114746
vt 0.133045 0.108993
vt 0.119698 0.078348
vt 0.119698 0.078348
vt 0.133045 0.108993
vt 0.113353 0.114746
vt 0.082235 0.091841
vt 0.119698 0.078348
vt 0.133045 0.108993
vt 0.150670 0.098493
vt 0.155093 0.060108
vt 0.155093 0.060108
vt 0.150670 0.098493
vt 0.133045 0.108993
vt 0.119698 0.078348
vt 0.113353 0.420109
vt 0.138465 0.426968
vt 0.141053 0.419399
vt 0.133045 0.412540
vt 0.133045 0.412540
vt 0.141053 0.419399
vt 0.138465 0.426968
vt 0.113353 0.420109
vt 0.108993 0.412540
vt 0.127380 0.419399
vt 0.124329 0.426968
vt 0.098493 0.420109
vt 0.098493 0.420109
vt 0.124329 0.426968
vt 0.127380 0.419399
vt 0.108993 0.412540
vt 0.069893 -0.041896
vt 0.087889 -0.077493
vt 0.060111 -0.072484
vt 0.067986 -0.044054
vt 0.067986 -0.044054
vt 0.060111 -0.072484
vt 0.087889 -0.077493
vt 0.069893 -0.041896
vt 0.067986 -0.044054
vt 0.060111 -0.072484
vt 0.033714 -0.062485
vt 0.067462 -0.041222
vt 0.067462 -0.041222
vt 0.033714 -0.062485
vt 0.060111 -0.072484
vt 0.067986 -0.044054
vt 0.087889 -0.077493
vt 0.085028 -0.117516
vt 0.049609 -0.110390
vt 0.060111 -0.072484
vt 0.060111 -0.072484
vt 0.049609 -0.110390
vt 0.085028 -0.117516
vt 0.087889 -0.077493
vt 0.060111 -0.072484
vt 0.049609 -0.110390
vt 0.015573 -0.098275
vt 0.033714 -0.062485
vt 0.033714 -0.062485
vt 0.015573 -0.098275
vt 0.049609 -0.110390
vt 0.060111 -0.072484
vt 0.085028 -0.117516
vt 0.067401 -0.156849
vt 0.038233 -0.151456
vt 0.049609 -0.110390
vt 0.049609 -0.110390
vt 0.038233 -0.151456
vt 0.067401 -0.156849
vt 0.085028 -0.117516
vt 0.049609 -0.110390
vt 0.038233 -0.151456
vt 0.010448 -0.141072
vt 0.015573 -0.098275
vt 0.015573 -0.098275
vt 0.010448 -0.141072
vt 0.038233 -0.151456
vt 0.049609 -0.110390
vt 0.067401 -0.156849
vt 0.044759 -0.184590
vt 0.029482 -0.183044
vt 0.038233 -0.151456
vt 0.038233 -0.151456
vt 0.029482 -0.183044
vt 0.044759 -0.184590
vt 0.067401 -0.156849
vt 0.038233 -0.151456
vt 0.029482 -0.183044
vt 0.015588 -0.176509
vt 0.010448 -0.141072
vt 0.010448 -0.141072
vt 0.015588 -0.176509
vt 0.029482 -0.183044
vt 0.038233 -0.151456
vt 0.044759 0.419689
vt 0.026139 0.426415
vt 0.024232 0.418846
vt 0.029482 0.412119
vt 0.029482 0.412119
vt 0.024232 0.418846
vt 0.026139 0.426415
vt 0.044759 0.419689
vt -0.183044 0.412119
vt -0.201997 0.418846
vt -0.199166 0.426415
vt -0.176509 0.419689
vt -0.176509 0.419689
vt -0.199166 0.426415
vt -0.201997 0.418846
vt -0.183044 0.412119
vt 0.100218 -0.053448
vt 0.087635 -0.008035
vt 0.120141 -0.028051
vt 0.102939 -0.052549
vt 0.102939 -0.052549
vt 0.120141 -0.028051
vt 0.087635 -0.008035
vt 0.100218 -0.053448
vt 0.102939 -0.052549
vt 0.120141 -0.028051
vt 0.150005 -0.051831
vt 0.103017 -0.055414
vt 0.103017 -0.055414
vt 0.150005 -0.051831
vt 0.120141 -0.028051
vt 0.102939 -0.052549
vt 0.087635 -0.008035
vt 0.101775 0.030805
vt 0.143078 0.004613
vt 0.120141 -0.028051
vt 0.120141 -0.028051
vt 0.143078 0.004613
vt 0.101775 0.030805
vt 0.087635 -0.008035
vt 0.120141 -0.028051
vt 0.143078 0.004613
vt 0.181737 -0.025343
vt 0.150005 -0.051831
vt 0.150005 -0.051831
vt 0.181737 -0.025343
vt 0.143078 0.004613
vt 0.120141 -0.028051
vt 0.101775 0.030805
vt 0.133819 0.061138
vt 0.167925 0.039999
vt 0.143078 0.004613
vt 0.143078 0.004613
vt 0.167925 0.039999
vt 0.133819 0.061138
vt 0.101775 0.030805
vt 0.143078 0.004613
vt 0.167925 0.039999
vt 0.199388 0.015096
vt 0.181737 -0.025343
vt 0.181737 -0.025343
vt 0.199388 0.015096
vt 0.167925 0.039999
vt 0.143078 0.004613
vt 0.133819 0.061138
vt 0.168926 0.077128
vt 0.187039 0.067219
vt 0.167925 0.039999
vt 0.167925 0.039999
vt 0.187039 0.067219
vt 0.168926 0.077128
vt 0.133819 0.061138
vt 0.167925 0.039999
vt 0.187039 0.067219
vt 0.202509 0.053546
vt 0.199388 0.015096
vt 0.199388 0.015096
vt 0.202509 0.053546
vt 0.187039 0.067219
vt 0.167925 0.039999
vt 0.168926 0.508551
vt 0.195786 0.514540
vt 0.198507 0.506878
vt 0.187039 0.500889
vt 0.187039 0.500889
vt 0.198507 0.506878
vt 0.195786 0.514540
vt 0.168926 0.508551
vt 0.067219 0.500889
vt 0.083551 0.506878
vt 0.080687 0.514540
vt 0.053546 0.508551
vt 0.053546 0.508551
vt 0.080687 0.514540
vt 0.083551 0.506878
vt 0.067219 0.500889
vt 0.101611 -0.052496
vt 0.125041 -0.095353
vt 0.090091 -0.088045
vt 0.099456 -0.054285
vt 0.099456 -0.054285
vt 0.090091 -0.088045
vt 0.125041 -0.095353
vt 0.101611 -0.052496
vt 0.099456 -0.054285
vt 0.090091 -0.088045
vt 0.056371 -0.076305
vt 0.098530 -0.051642
vt 0.098530 -0.051642
vt 0.056371 -0.076305
vt 0.090091 -0.088045
vt 0.099456 -0.054285
vt 0.125041 -0.095353
vt 0.122238 -0.143052
vt 0.077605 -0.133058
vt 0.090091 -0.088045
vt 0.090091 -0.088045
vt 0.077605 -0.133058
vt 0.122238 -0.143052
vt 0.125041 -0.095353
vt 0.090091 -0.088045
vt 0.077605 -0.133058
vt 0.034200 -0.118631
vt 0.056371 -0.076305
vt 0.056371 -0.076305
vt 0.034200 -0.118631
vt 0.077605 -0.133058
vt 0.090091 -0.088045
vt 0.122238 -0.143052
vt 0.100788 -0.189618
vt 0.064078 -0.181822
vt 0.077605 -0.133058
vt 0.077605 -0.133058
vt 0.064078 -0.181822
vt 0.100788 -0.189618
vt 0.122238 -0.143052
vt 0.077605 -0.133058
vt 0.064078 -0.181822
vt 0.028597 -0.169593
vt 0.034200 -0.118631
vt 0.034200 -0.118631
vt 0.028597 -0.169593
vt 0.064078 -0.181822
vt 0.077605 -0.133058
vt 0.100788 -0.189618
vt 0.072776 -0.222245
vt 0.053673 -0.219332
vt 0.064078 -0.181822
vt 0.064078 -0.181822
vt 0.053673 -0.219332
vt 0.072776 -0.222245
vt 0.100788 -0.189618
vt 0.064078 -0.181822
vt 0.053673 -0.219332
vt 0.035799 -0.211988
vt 0.028597 -0.169593
vt 0.028597 -0.169593
vt 0.035799 -0.211988
vt 0.053673 -0.219332
vt 0.064078 -0.181822
vt 0.072776 -0.222245
vt 0.049585 -0.240050
vt 0.047430 -0.241839
vt 0.053673 -0.219332
vt 0.053673 -0.219332
vt 0.047430 -0.241839
vt 0.049585 -0.240050
vt 0.072776 -0.222245
vt -0.219332 0.504120
vt -0.241839 0.511130
vt -0.239196 0.518792
vt -0.211988 0.511782
vt -0.211988 0.511782
vt -0.239196 0.518792
vt -0.241839 0.511130
vt -0.219332 0.504120
vt 0.138276 -0.085282
vt 0.133615 -0.035660
vt 0.162638 -0.053231
vt 0.140841 -0.084273
vt 0.140841 -0.084273
vt 0.162638 -0.053231
vt 0.133615 -0.035660
vt 0.138276 -0.085282
vt 0.140841 -0.084273
vt 0.162638 -0.053231
vt 0.189019 -0.074565
vt 0.140762 -0.087028
vt 0.140762 -0.087028
vt 0.189019 -0.074565
vt 0.162638 -0.053231
vt 0.140841 -0.084273
vt 0.133615 -0.035660
vt 0.154865 0.011216
vt 0.191702 -0.011841
vt 0.162638 -0.053231
vt 0.162638 -0.053231
vt 0.191702 -0.011841
vt 0.154865 0.011216
vt 0.133615 -0.035660
vt 0.162638 -0.053231
vt 0.191702 -0.011841
vt 0.225896 -0.038661
vt 0.189019 -0.074565
vt 0.189019 -0.074565
vt 0.225896 -0.038661
vt 0.191702 -0.011841
vt 0.162638 -0.053231
vt 0.154865 0.011216
vt 0.192743 0.051566
vt 0.223187 0.032998
vt 0.191702 -0.011841
vt 0.191702 -0.011841
vt 0.223187 0.032998
vt 0.192743 0.051566
vt 0.154865 0.011216
vt 0.191702 -0.011841
vt 0.223187 0.032998
vt 0.250988 0.010666
vt 0.225896 -0.038661
vt 0.225896 -0.038661
vt 0.250988 0.010666
vt 0.223187 0.032998
vt 0.191702 -0.011841
vt 0.192743 0.051566
vt 0.231169 0.076082
vt 0.247407 0.067489
vt 0.223187 0.032998
vt 0.223187 0.032998
vt 0.247407 0.067489
vt 0.231169 0.076082
vt 0.192743 0.051566
vt 0.223187 0.032998
vt 0.247407 0.067489
vt 0.261002 0.055133
vt 0.250988 0.010666
vt 0.250988 0.010666
vt 0.261002 0.055133
vt 0.247407 0.067489
vt 0.223187 0.032998
vt 0.231169 0.604721
vt 0.259374 0.612310
vt 0.261938 0.604648
vt 0.247407 0.597059
vt 0.247407 0.597059
vt 0.261938 0.604648
vt 0.259374 0.612310
vt 0.231169 0.604721
vt 0.067489 0.597059
vt 0.088184 0.604648
vt 0.085430 0.612310
vt 0.055133 0.604721
vt 0.055133 0.604721
vt 0.085430 0.612310
vt 0.088184 0.604648
vt 0.067489 0.597059
vt 0.145365 -0.080739
vt 0.169112 -0.123654
vt 0.133838 -0.116255
vt 0.143195 -0.082524
vt 0.143195 -0.082524
vt 0.133838 -0.116255
vt 0.169112 -0.123654
vt 0.145365 -0.080739
vt 0.143195 -0.082524
vt 0.133838 -0.116255
vt 0.099793 -0.104425
vt 0.142255 -0.079876
vt 0.142255 -0.079876
vt 0.099793 -0.104425
vt 0.133838 -0.116255
vt 0.143195 -0.082524
vt 0.169112 -0.123654
vt 0.166412 -0.171341
vt 0.121362 -0.161231
vt 0.133838 -0.116255
vt 0.133838 -0.116255
vt 0.121362 -0.161231
vt 0.166412 -0.171341
vt 0.169112 -0.123654
vt 0.133838 -0.116255
vt 0.121362 -0.161231
vt 0.077542 -0.146689
vt 0.099793 -0.104425
vt 0.099793 -0.104425
vt 0.077542 -0.146689
vt 0.121362 -0.161231
vt 0.133838 -0.116255
vt 0.166412 -0.171341
vt 0.144899 -0.217845
vt 0.107847 -0.209954
vt 0.121362 -0.161231
vt 0.121362 -0.161231
vt 0.107847 -0.209954
vt 0.144899 -0.217845
vt 0.166412 -0.171341
vt 0.121362 -0.161231
vt 0.107847 -0.209954
vt 0.072025 -0.197631
vt 0.077542 -0.146689
vt 0.077542 -0.146689
vt 0.072025 -0.197631
vt 0.107847 -0.209954
vt 0.121362 -0.161231
vt 0.144899 -0.217845
vt 0.116728 -0.250394
vt 0.097450 -0.247433
vt 0.107847 -0.209954
vt 0.107847 -0.209954
vt 0.097450 -0.247433
vt 0.116728 -0.250394
vt 0.144899 -0.217845
vt 0.107847 -0.209954
vt 0.097450 -0.247433
vt 0.079402 -0.240041
vt 0.072025 -0.197631
vt 0.072025 -0.197631
vt 0.079402 -0.240041
vt 0.097450 -0.247433
vt 0.107847 -0.209954
vt 0.116728 -0.250394
vt 0.093382 -0.268137
vt 0.091213 -0.269921
vt 0.097450 -0.247433
vt 0.097450 -0.247433
vt 0.091213 -0.269921
vt 0.093382 -0.268137
vt 0.116728 -0.250394
vt -0.247433 0.595205
vt -0.269921 0.602209
vt -0.267274 0.609871
vt -0.240041 0.602867
vt -0.240041 0.602867
vt -0.267274 0.609871
vt -0.269921 0.602209
vt -0.247433 0.595205
vt -0.108211 0.698265
vt -0.085196 0.724460
vt -0.118901 0.720518
vt -0.112563 0.694323
vt -0.112563 0.694323
vt -0.118901 0.720518
vt -0.085196 0.724460
vt -0.108211 0.698265
vt 0.223261 0.694323
vt 0.236675 0.720518
vt 0.215861 0.724460
vt 0.216315 0.698265
vt 0.216315 0.698265
vt 0.215861 0.724460
vt 0.236675 0.720518
vt 0.223261 0.694323
vt -0.085196 0.724460
vt -0.084978 0.759387
vt -0.127352 0.755445
vt -0.118901 0.720518
vt -0.118901 0.720518
vt -0.127352 0.755445
vt -0.084978 0.759387
vt -0.085196 0.724460
vt -0.118901 0.720518
vt -0.127352 0.755445
vt -0.163778 0.759387
vt -0.146659 0.724460
vt -0.146659 0.724460
vt -0.163778 0.759387
vt -0.127352 0.755445
vt -0.118901 0.720518
vt -0.084978 0.759387
vt -0.101225 0.797224
vt -0.136506 0.793282
vt -0.127352 0.755445
vt -0.127352 0.755445
vt -0.136506 0.793282
vt -0.101225 0.797224
vt -0.084978 0.759387
vt -0.127352 0.755445
vt -0.136506 0.793282
vt -0.165840 0.797224
vt -0.163778 0.759387
vt -0.163778 0.759387
vt -0.165840 0.797224
vt -0.136506 0.793282
vt -0.127352 0.755445
vt -0.101225 0.797224
vt -0.124027 0.826330
vt -0.143548 0.822388
vt -0.136506 0.793282
vt -0.136506 0.793282
vt -0.143548 0.822388
vt -0.124027 0.826330
vt -0.101225 0.797224
vt -0.136506 0.793282
vt -0.143548 0.822388
vt -0.157122 0.826330
vt -0.165840 0.797224
vt -0.165840 0.797224
vt -0.157122 0.826330
vt -0.143548 0.822388
vt -0.136506 0.793282
vt -0.124027 0.826330
vt -0.143421 0.843793
vt -0.147773 0.839851
vt -0.143548 0.822388
vt -0.143548 0.822388
vt -0.147773 0.839851
vt -0.143421 0.843793
vt -0.124027 0.826330
vt 0.288840 0.822388
vt 0.297782 0.839851
vt 0.290837 0.843793
vt 0.274727 0.826330
vt 0.274727 0.826330
vt 0.290837 0.843793
vt 0.297782 0.839851
vt 0.288840 0.822388
usemtl M_ZZ_Stem
s 1
f 8/1 7/2 6/3 5/4 4/5 3/6 2/7 1/8
f 9/9 10/10 11/11 12/12 13/13 14/14 15/15 16/16
f 1/17 2/18 10/19 9/20
f 2/21 3/22 11/23 10/24
f 3/25 4/26 12/27 11/28
f 4/29 5/30 13/31 12/32
f 5/33 6/34 14/35 13/36
f 6/37 7/38 15/39 14/40
f 7/41 8/42 16/43 15/44
f 8/45 1/46 9/47 16/48
f 24/49 23/50 22/51 21/52 20/53 19/54 18/55 17/56
f 25/57 26/58 27/59 28/60 29/61 30/62 31/63 32/64
f 17/65 18/66 26/67 25/68
f 18/69 19/70 27/71 26/72
f 19/73 20/74 28/75 27/76
f 20/77 21/78 29/79 28/80
f 21/81 22/82 30/83 29/84
f 22/85 23/86 31/87 30/88
f 23/89 24/90 32/91 31/92
f 24/93 17/94 25/95 32/96
usemtl M_ZZ_Leaf
s 1
f 33/97 36/98 37/99 34/100
f 34/101 37/102 36/103 33/104
f 34/105 37/106 38/107 35/108
f 35/109 38/110 37/111 34/112
f 36/113 39/114 40/115 37/116
f 37/117 40/118 39/119 36/120
f 37/121 40/122 41/123 38/124
f 38/125 41/126 40/127 37/128
f 39/129 42/130 43/131 40/132
f 40/133 43/134 42/135 39/136
f 40/137 43/138 44/139 41/140
f 41/141 44/142 43/143 40/144
f 42/145 45/146 46/147 43/148
f 43/149 46/150 45/151 42/152
f 43/153 46/154 47/155 44/156
f 44/157 47/158 46/159 43/160
f 45/161 48/162 49/163 46/164
f 46/165 49/166 48/167 45/168
f 46/169 49/170 50/171 47/172
f 47/173 50/174 49/175 46/176
f 51/177 54/178 55/179 52/180
f 52/181 55/182 54/183 51/184
f 52/185 55/186 56/187 53/188
f 53/189 56/190 55/191 52/192
f 54/193 57/194 58/195 55/196
f 55/197 58/198 57/199 54/200
f 55/201 58/202 59/203 56/204
f 56/205 59/206 58/207 55/208
f 57/209 60/210 61/211 58/212
f 58/213 61/214 60/215 57/216
f 58/217 61/218 62/219 59/220
f 59/221 62/222 61/223 58/224
f 60/225 63/226 64/227 61/228
f 61/229 64/230 63/231 60/232
f 61/233 64/234 65/235 62/236
f 62/237 65/238 64/239 61/240
f 63/241 66/242 67/243 64/244
f 64/245 67/246 66/247 63/248
f 64/249 67/250 68/251 65/252
f 65/253 68/254 67/255 64/256
f 69/257 72/258 73/259 70/260
f 70/261 73/262 72/263 69/264
f 70/265 73/266 74/267 71/268
f 71/269 74/270 73/271 70/272
f 72/273 75/274 76/275 73/276
f 73/277 76/278 75/279 72/280
f 73/281 76/282 77/283 74/284
f 74/285 77/286 76/287 73/288
f 75/289 78/290 79/291 76/292
f 76/293 79/294 78/295 75/296
f 76/297 79/298 80/299 77/300
f 77/301 80/302 79/303 76/304
f 78/305 81/306 82/307 79/308
f 79/309 82/310 81/311 78/312
f 79/313 82/314 83/315 80/316
f 80/317 83/318 82/319 79/320
f 81/321 84/322 85/323 82/324
f 82/325 85/326 84/327 81/328
f 82/329 85/330 86/331 83/332
f 83/333 86/334 85/335 82/336
f 87/337 90/338 91/339 88/340
f 88/341 91/342 90/343 87/344
f 88/345 91/346 92/347 89/348
f 89/349 92/350 91/351 88/352
f 90/353 93/354 94/355 91/356
f 91/357 94/358 93/359 90/360
f 91/361 94/362 95/363 92/364
f 92/365 95/366 94/367 91/368
f 93/369 96/370 97/371 94/372
f 94/373 97/374 96/375 93/376
f 94/377 97/378 98/379 95/380
f 95/381 98/382 97/383 94/384
f 96/385 99/386 100/387 97/388
f 97/389 100/390 99/391 96/392
f 97/393 100/394 101/395 98/396
f 98/397 101/398 100/399 97/400
f 99/401 102/402 103/403 100/404
f 100/405 103/406 102/407 99/408
f 100/409 103/410 104/411 101/412
f 101/413 104/414 103/415 100/416
f 105/417 108/418 109/419 106/420
f 106/421 109/422 108/423 105/424
f 106/425 109/426 110/427 107/428
f 107/429 110/430 109/431 106/432
f 108/433 111/434 112/435 109/436
f 109/437 112/438 111/439 108/440
f 109/441 112/442 113/443 110/444
f 110/445 113/446 112/447 109/448
f 111/449 114/450 115/451 112/452
f 112/453 115/454 114/455 111/456
f 112/457 115/458 116/459 113/460
f 113/461 116/462 115/463 112/464
f 114/465 117/466 118/467 115/468
f 115/469 118/470 117/471 114/472
f 115/473 118/474 119/475 116/476
f 116/477 119/478 118/479 115/480
f 117/481 120/482 121/483 118/484
f 118/485 121/486 120/487 117/488
f 118/489 121/490 122/491 119/492
f 119/493 122/494 121/495 118/496
f 123/497 126/498 127/499 124/500
f 124/501 127/502 126/503 123/504
f 124/505 127/506 128/507 125/508
f 125/509 128/510 127/511 124/512
f 126/513 129/514 130/515 127/516
f 127/517 130/518 129/519 126/520
f 127/521 130/522 131/523 128/524
f 128/525 131/526 130/527 127/528
f 129/529 132/530 133/531 130/532
f 130/533 133/534 132/535 129/536
f 130/537 133/538 134/539 131/540
f 131/541 134/542 133/543 130/544
f 132/545 135/546 136/547 133/548
f 133/549 136/550 135/551 132/552
f 133/553 136/554 137/555 134/556
f 134/557 137/558 136/559 133/560
f 135/561 138/562 139/563 136/564
f 136/565 139/566 138/567 135/568
f 136/569 139/570 140/571 137/572
f 137/573 140/574 139/575 136/576
f 141/577 144/578 145/579 142/580
f 142/581 145/582 144/583 141/584
f 142/585 145/586 146/587 143/588
f 143/589 146/590 145/591 142/592
f 144/593 147/594 148/595 145/596
f 145/597 148/598 147/599 144/600
f 145/601 148/602 149/603 146/604
f 146/605 149/606 148/607 145/608
f 147/609 150/610 151/611 148/612
f 148/613 151/614 150/615 147/616
f 148/617 151/618 152/619 149/620
f 149/621 152/622 151/623 148/624
f 150/625 153/626 154/627 151/628
f 151/629 154/630 153/631 150/632
f 151/633 154/634 155/635 152/636
f 152/637 155/638 154/639 151/640
f 153/641 156/642 157/643 154/644
f 154/645 157/646 156/647 153/648
f 154/649 157/650 158/651 155/652
f 155/653 158/654 157/655 154/656
f 159/657 162/658 163/659 160/660
f 160/661 163/662 162/663 159/664
f 160/665 163/666 164/667 161/668
f 161/669 164/670 163/671 160/672
f 162/673 165/674 166/675 163/676
f 163/677 166/678 165/679 162/680
f 163/681 166/682 167/683 164/684
f 164/685 167/686 166/687 163/688
f 165/689 168/690 169/691 166/692
f 166/693 169/694 168/695 165/696
f 166/697 169/698 170/699 167/700
f 167/701 170/702 169/703 166/704
f 168/705 171/706 172/707 169/708
f 169/709 172/710 171/711 168/712
f 169/713 172/714 173/715 170/716
f 170/717 173/718 172/719 169/720
f 171/721 174/722 175/723 172/724
f 172/725 175/726 174/727 171/728
f 172/729 175/730 176/731 173/732
f 173/733 176/734 175/735 172/736
f 177/737 180/738 181/739 178/740
f 178/741 181/742 180/743 177/744
f 178/745 181/746 182/747 179/748
f 179/749 182/750 181/751 178/752
f 180/753 183/754 184/755 181/756
f 181/757 184/758 183/759 180/760
f 181/761 184/762 185/763 182/764
f 182/765 185/766 184/767 181/768
f 183/769 186/770 187/771 184/772
f 184/773 187/774 186/775 183/776
f 184/777 187/778 188/779 185/780
f 185/781 188/782 187/783 184/784
f 186/785 189/786 190/787 187/788
f 187/789 190/790 189/791 186/792
f 187/793 190/794 191/795 188/796
f 188/797 191/798 190/799 187/800
f 189/801 192/802 193/803 190/804
f 190/805 193/806 192/807 189/808
f 190/809 193/810 194/811 191/812
f 191/813 194/814 193/815 190/816
usemtl M_ZZ_Stem
s 1
f 202/817 201/818 200/819 199/820 198/821 197/822 196/823 195/824
f 203/825 204/826 205/827 206/828 207/829 208/830 209/831 210/832
f 195/833 196/834 204/835 203/836
f 196/837 197/838 205/839 204/840
f 197/841 198/842 206/843 205/844
f 198/845 199/846 207/847 206/848
f 199/849 200/850 208/851 207/852
f 200/853 201/854 209/855 208/856
f 201/857 202/858 210/859 209/860
f 202/861 195/862 203/863 210/864
f 218/865 217/866 216/867 215/868 214/869 213/870 212/871 211/872
f 219/873 220/874 221/875 222/876 223/877 224/878 225/879 226/880
f 211/881 212/882 220/883 219/884
f 212/885 213/886 221/887 220/888
f 213/889 214/890 222/891 221/892
f 214/893 215/894 223/895 222/896
f 215/897 216/898 224/899 223/900
f 216/901 217/902 225/903 224/904
f 217/905 218/906 226/907 225/908
f 218/909 211/910 219/911 226/912
usemtl M_ZZ_Leaf
s 1
f 227/913 230/914 231/915 228/916
f 228/917 231/918 230/919 227/920
f 228/921 231/922 232/923 229/924
f 229/925 232/926 231/927 228/928
f 230/929 233/930 234/931 231/932
f 231/933 234/934 233/935 230/936
f 231/937 234/938 235/939 232/940
f 232/941 235/942 234/943 231/944
f 233/945 236/946 237/947 234/948
f 234/949 237/950 236/951 233/952
f 234/953 237/954 238/955 235/956
f 235/957 238/958 237/959 234/960
f 236/961 239/962 240/963 237/964
f 237/965 240/966 239/967 236/968
f 237/969 240/970 241/971 238/972
f 238/973 241/974 240/975 237/976
f 239/977 242/978 243/979 240/980
f 240/981 243/982 242/983 239/984
f 240/985 243/986 244/987 241/988
f 241/989 244/990 243/991 240/992
f 245/993 248/994 249/995 246/996
f 246/997 249/998 248/999 245/1000
f 246/1001 249/1002 250/1003 247/1004
f 247/1005 250/1006 249/1007 246/1008
f 248/1009 251/1010 252/1011 249/1012
f 249/1013 252/1014 251/1015 248/1016
f 249/1017 252/1018 253/1019 250/1020
f 250/1021 253/1022 252/1023 249/1024
f 251/1025 254/1026 255/1027 252/1028
f 252/1029 255/1030 254/1031 251/1032
f 252/1033 255/1034 256/1035 253/1036
f 253/1037 256/1038 255/1039 252/1040
f 254/1041 257/1042 258/1043 255/1044
f 255/1045 258/1046 257/1047 254/1048
f 255/1049 258/1050 259/1051 256/1052
f 256/1053 259/1054 258/1055 255/1056
f 257/1057 260/1058 261/1059 258/1060
f 258/1061 261/1062 260/1063 257/1064
f 258/1065 261/1066 262/1067 259/1068
f 259/1069 262/1070 261/1071 258/1072
f 263/1073 266/1074 267/1075 264/1076
f 264/1077 267/1078 266/1079 263/1080
f 264/1081 267/1082 268/1083 265/1084
f 265/1085 268/1086 267/1087 264/1088
f 266/1089 269/1090 270/1091 267/1092
f 267/1093 270/1094 269/1095 266/1096
f 267/1097 270/1098 271/1099 268/1100
f 268/1101 271/1102 270/1103 267/1104
f 269/1105 272/1106 273/1107 270/1108
f 270/1109 273/1110 272/1111 269/1112
f 270/1113 273/1114 274/1115 271/1116
f 271/1117 274/1118 273/1119 270/1120
f 272/1121 275/1122 276/1123 273/1124
f 273/1125 276/1126 275/1127 272/1128
f 273/1129 276/1130 277/1131 274/1132
f 274/1133 277/1134 276/1135 273/1136
f 275/1137 278/1138 279/1139 276/1140
f 276/1141 279/1142 278/1143 275/1144
f 276/1145 279/1146 280/1147 277/1148
f 277/1149 280/1150 279/1151 276/1152
f 281/1153 284/1154 285/1155 282/1156
f 282/1157 285/1158 284/1159 281/1160
f 282/1161 285/1162 286/1163 283/1164
f 283/1165 286/1166 285/1167 282/1168
f 284/1169 287/1170 288/1171 285/1172
f 285/1173 288/1174 287/1175 284/1176
f 285/1177 288/1178 289/1179 286/1180
f 286/1181 289/1182 288/1183 285/1184
f 287/1185 290/1186 291/1187 288/1188
f 288/1189 291/1190 290/1191 287/1192
f 288/1193 291/1194 292/1195 289/1196
f 289/1197 292/1198 291/1199 288/1200
f 290/1201 293/1202 294/1203 291/1204
f 291/1205 294/1206 293/1207 290/1208
f 291/1209 294/1210 295/1211 292/1212
f 292/1213 295/1214 294/1215 291/1216
f 293/1217 296/1218 297/1219 294/1220
f 294/1221 297/1222 296/1223 293/1224
f 294/1225 297/1226 298/1227 295/1228
f 295/1229 298/1230 297/1231 294/1232
f 299/1233 302/1234 303/1235 300/1236
f 300/1237 303/1238 302/1239 299/1240
f 300/1241 303/1242 304/1243 301/1244
f 301/1245 304/1246 303/1247 300/1248
f 302/1249 305/1250 306/1251 303/1252
f 303/1253 306/1254 305/1255 302/1256
f 303/1257 306/1258 307/1259 304/1260
f 304/1261 307/1262 306/1263 303/1264
f 305/1265 308/1266 309/1267 306/1268
f 306/1269 309/1270 308/1271 305/1272
f 306/1273 309/1274 310/1275 307/1276
f 307/1277 310/1278 309/1279 306/1280
f 308/1281 311/1282 312/1283 309/1284
f 309/1285 312/1286 311/1287 308/1288
f 309/1289 312/1290 313/1291 310/1292
f 310/1293 313/1294 312/1295 309/1296
f 311/1297 314/1298 315/1299 312/1300
f 312/1301 315/1302 314/1303 311/1304
f 312/1305 315/1306 316/1307 313/1308
f 313/1309 316/1310 315/1311 312/1312
f 317/1313 320/1314 321/1315 318/1316
f 318/1317 321/1318 320/1319 317/1320
f 318/1321 321/1322 322/1323 319/1324
f 319/1325 322/1326 321/1327 318/1328
f 320/1329 323/1330 324/1331 321/1332
f 321/1333 324/1334 323/1335 320/1336
f 321/1337 324/1338 325/1339 322/1340
f 322/1341 325/1342 324/1343 321/1344
f 323/1345 326/1346 327/1347 324/1348
f 324/1349 327/1350 326/1351 323/1352
f 324/1353 327/1354 328/1355 325/1356
f 325/1357 328/1358 327/1359 324/1360
f 326/1361 329/1362 330/1363 327/1364
f 327/1365 330/1366 329/1367 326/1368
f 327/1369 330/1370 331/1371 328/1372
f 328/1373 331/1374 330/1375 327/1376
f 329/1377 332/1378 333/1379 330/1380
f 330/1381 333/1382 332/1383 329/1384
f 330/1385 333/1386 334/1387 331/1388
f 331/1389 334/1390 333/1391 330/1392
f 335/1393 338/1394 339/1395 336/1396
f 336/1397 339/1398 338/1399 335/1400
f 336/1401 339/1402 340/1403 337/1404
f 337/1405 340/1406 339/1407 336/1408
f 338/1409 341/1410 342/1411 339/1412
f 339/1413 342/1414 341/1415 338/1416
f 339/1417 342/1418 343/1419 340/1420
f 340/1421 343/1422 342/1423 339/1424
f 341/1425 344/1426 345/1427 342/1428
f 342/1429 345/1430 344/1431 341/1432
f 342/1433 345/1434 346/1435 343/1436
f 343/1437 346/1438 345/1439 342/1440
f 344/1441 347/1442 348/1443 345/1444
f 345/1445 348/1446 347/1447 344/1448
f 345/1449 348/1450 349/1451 346/1452
f 346/1453 349/1454 348/1455 345/1456
f 347/1457 350/1458 351/1459 348/1460
f 348/1461 351/1462 350/1463 347/1464
f 348/1465 351/1466 352/1467 349/1468
f 349/1469 352/1470 351/1471 348/1472
f 353/1473 356/1474 357/1475 354/1476
f 354/1477 357/1478 356/1479 353/1480
f 354/1481 357/1482 358/1483 355/1484
f 355/1485 358/1486 357/1487 354/1488
f 356/1489 359/1490 360/1491 357/1492
f 357/1493 360/1494 359/1495 356/1496
f 357/1497 360/1498 361/1499 358/1500
f 358/1501 361/1502 360/1503 357/1504
f 359/1505 362/1506 363/1507 360/1508
f 360/1509 363/1510 362/1511 359/1512
f 360/1513 363/1514 364/1515 361/1516
f 361/1517 364/1518 363/1519 360/1520
f 362/1521 365/1522 366/1523 363/1524
f 363/1525 366/1526 365/1527 362/1528
f 363/1529 366/1530 367/1531 364/1532
f 364/1533 367/1534 366/1535 363/1536
f 365/1537 368/1538 369/1539 366/1540
f 366/1541 369/1542 368/1543 365/1544
f 366/1545 369/1546 370/1547 367/1548
f 367/1549 370/1550 369/1551 366/1552
f 371/1553 374/1554 375/1555 372/1556
f 372/1557 375/1558 374/1559 371/1560
f 372/1561 375/1562 376/1563 373/1564
f 373/1565 376/1566 375/1567 372/1568
f 374/1569 377/1570 378/1571 375/1572
f 375/1573 378/1574 377/1575 374/1576
f 375/1577 378/1578 379/1579 376/1580
f 376/1581 379/1582 378/1583 375/1584
f 377/1585 380/1586 381/1587 378/1588
f 378/1589 381/1590 380/1591 377/1592
f 378/1593 381/1594 382/1595 379/1596
f 379/1597 382/1598 381/1599 378/1600
f 380/1601 383/1602 384/1603 381/1604
f 381/1605 384/1606 383/1607 380/1608
f 381/1609 384/1610 385/1611 382/1612
f 382/1613 385/1614 384/1615 381/1616
f 383/1617 386/1618 387/1619 384/1620
f 384/1621 387/1622 386/1623 383/1624
f 384/1625 387/1626 388/1627 385/1628
f 385/1629 388/1630 387/1631 384/1632
usemtl M_ZZ_Stem
s 1
f 396/1633 395/1634 394/1635 393/1636 392/1637 391/1638 390/1639 389/1640
f 397/1641 398/1642 399/1643 400/1644 401/1645 402/1646 403/1647 404/1648
f 389/1649 390/1650 398/1651 397/1652
f 390/1653 391/1654 399/1655 398/1656
f 391/1657 392/1658 400/1659 399/1660
f 392/1661 393/1662 401/1663 400/1664
f 393/1665 394/1666 402/1667 401/1668
f 394/1669 395/1670 403/1671 402/1672
f 395/1673 396/1674 404/1675 403/1676
f 396/1677 389/1678 397/1679 404/1680
f 412/1681 411/1682 410/1683 409/1684 408/1685 407/1686 406/1687 405/1688
f 413/1689 414/1690 415/1691 416/1692 417/1693 418/1694 419/1695 420/1696
f 405/1697 406/1698 414/1699 413/1700
f 406/1701 407/1702 415/1703 414/1704
f 407/1705 408/1706 416/1707 415/1708
f 408/1709 409/1710 417/1711 416/1712
f 409/1713 410/1714 418/1715 417/1716
f 410/1717 411/1718 419/1719 418/1720
f 411/1721 412/1722 420/1723 419/1724
f 412/1725 405/1726 413/1727 420/1728
usemtl M_ZZ_Leaf
s 1
f 421/1729 424/1730 425/1731 422/1732
f 422/1733 425/1734 424/1735 421/1736
f 422/1737 425/1738 426/1739 423/1740
f 423/1741 426/1742 425/1743 422/1744
f 424/1745 427/1746 428/1747 425/1748
f 425/1749 428/1750 427/1751 424/1752
f 425/1753 428/1754 429/1755 426/1756
f 426/1757 429/1758 428/1759 425/1760
f 427/1761 430/1762 431/1763 428/1764
f 428/1765 431/1766 430/1767 427/1768
f 428/1769 431/1770 432/1771 429/1772
f 429/1773 432/1774 431/1775 428/1776
f 430/1777 433/1778 434/1779 431/1780
f 431/1781 434/1782 433/1783 430/1784
f 431/1785 434/1786 435/1787 432/1788
f 432/1789 435/1790 434/1791 431/1792
f 433/1793 436/1794 437/1795 434/1796
f 434/1797 437/1798 436/1799 433/1800
f 434/1801 437/1802 438/1803 435/1804
f 435/1805 438/1806 437/1807 434/1808
f 439/1809 442/1810 443/1811 440/1812
f 440/1813 443/1814 442/1815 439/1816
f 440/1817 443/1818 444/1819 441/1820
f 441/1821 444/1822 443/1823 440/1824
f 442/1825 445/1826 446/1827 443/1828
f 443/1829 446/1830 445/1831 442/1832
f 443/1833 446/1834 447/1835 444/1836
f 444/1837 447/1838 446/1839 443/1840
f 445/1841 448/1842 449/1843 446/1844
f 446/1845 449/1846 448/1847 445/1848
f 446/1849 449/1850 450/1851 447/1852
f 447/1853 450/1854 449/1855 446/1856
f 448/1857 451/1858 452/1859 449/1860
f 449/1861 452/1862 451/1863 448/1864
f 449/1865 452/1866 453/1867 450/1868
f 450/1869 453/1870 452/1871 449/1872
f 451/1873 454/1874 455/1875 452/1876
f 452/1877 455/1878 454/1879 451/1880
f 452/1881 455/1882 456/1883 453/1884
f 453/1885 456/1886 455/1887 452/1888
f 457/1889 460/1890 461/1891 458/1892
f 458/1893 461/1894 460/1895 457/1896
f 458/1897 461/1898 462/1899 459/1900
f 459/1901 462/1902 461/1903 458/1904
f 460/1905 463/1906 464/1907 461/1908
f 461/1909 464/1910 463/1911 460/1912
f 461/1913 464/1914 465/1915 462/1916
f 462/1917 465/1918 464/1919 461/1920
f 463/1921 466/1922 467/1923 464/1924
f 464/1925 467/1926 466/1927 463/1928
f 464/1929 467/1930 468/1931 465/1932
f 465/1933 468/1934 467/1935 464/1936
f 466/1937 469/1938 470/1939 467/1940
f 467/1941 470/1942 469/1943 466/1944
f 467/1945 470/1946 471/1947 468/1948
f 468/1949 471/1950 470/1951 467/1952
f 469/1953 472/1954 473/1955 470/1956
f 470/1957 473/1958 472/1959 469/1960
f 470/1961 473/1962 474/1963 471/1964
f 471/1965 474/1966 473/1967 470/1968
f 475/1969 478/1970 479/1971 476/1972
f 476/1973 479/1974 478/1975 475/1976
f 476/1977 479/1978 480/1979 477/1980
f 477/1981 480/1982 479/1983 476/1984
f 478/1985 481/1986 482/1987 479/1988
f 479/1989 482/1990 481/1991 478/1992
f 479/1993 482/1994 483/1995 480/1996
f 480/1997 483/1998 482/1999 479/2000
f 481/2001 484/2002 485/2003 482/2004
f 482/2005 485/2006 484/2007 481/2008
f 482/2009 485/2010 486/2011 483/2012
f 483/2013 486/2014 485/2015 482/2016
f 484/2017 487/2018 488/2019 485/2020
f 485/2021 488/2022 487/2023 484/2024
f 485/2025 488/2026 489/2027 486/2028
f 486/2029 489/2030 488/2031 485/2032
f 487/2033 490/2034 491/2035 488/2036
f 488/2037 491/2038 490/2039 487/2040
f 488/2041 491/2042 492/2043 489/2044
f 489/2045 492/2046 491/2047 488/2048
f 493/2049 496/2050 497/2051 494/2052
f 494/2053 497/2054 496/2055 493/2056
f 494/2057 497/2058 498/2059 495/2060
f 495/2061 498/2062 497/2063 494/2064
f 496/2065 499/2066 500/2067 497/2068
f 497/2069 500/2070 499/2071 496/2072
f 497/2073 500/2074 501/2075 498/2076
f 498/2077 501/2078 500/2079 497/2080
f 499/2081 502/2082 503/2083 500/2084
f 500/2085 503/2086 502/2087 499/2088
f 500/2089 503/2090 504/2091 501/2092
f 501/2093 504/2094 503/2095 500/2096
f 502/2097 505/2098 506/2099 503/2100
f 503/2101 506/2102 505/2103 502/2104
f 503/2105 506/2106 507/2107 504/2108
f 504/2109 507/2110 506/2111 503/2112
f 505/2113 508/2114 509/2115 506/2116
f 506/2117 509/2118 508/2119 505/2120
f 506/2121 509/2122 510/2123 507/2124
f 507/2125 510/2126 509/2127 506/2128
f 511/2129 514/2130 515/2131 512/2132
f 512/2133 515/2134 514/2135 511/2136
f 512/2137 515/2138 516/2139 513/2140
f 513/2141 516/2142 515/2143 512/2144
f 514/2145 517/2146 518/2147 515/2148
f 515/2149 518/2150 517/2151 514/2152
f 515/2153 518/2154 519/2155 516/2156
f 516/2157 519/2158 518/2159 515/2160
f 517/2161 520/2162 521/2163 518/2164
f 518/2165 521/2166 520/2167 517/2168
f 518/2169 521/2170 522/2171 519/2172
f 519/2173 522/2174 521/2175 518/2176
f 520/2177 523/2178 524/2179 521/2180
f 521/2181 524/2182 523/2183 520/2184
f 521/2185 524/2186 525/2187 522/2188
f 522/2189 525/2190 524/2191 521/2192
f 523/2193 526/2194 527/2195 524/2196
f 524/2197 527/2198 526/2199 523/2200
f 524/2201 527/2202 528/2203 525/2204
f 525/2205 528/2206 527/2207 524/2208
f 529/2209 532/2210 533/2211 530/2212
f 530/2213 533/2214 532/2215 529/2216
f 530/2217 533/2218 534/2219 531/2220
f 531/2221 534/2222 533/2223 530/2224
f 532/2225 535/2226 536/2227 533/2228
f 533/2229 536/2230 535/2231 532/2232
f 533/2233 536/2234 537/2235 534/2236
f 534/2237 537/2238 536/2239 533/2240
f 535/2241 538/2242 539/2243 536/2244
f 536/2245 539/2246 538/2247 535/2248
f 536/2249 539/2250 540/2251 537/2252
f 537/2253 540/2254 539/2255 536/2256
f 538/2257 541/2258 542/2259 539/2260
f 539/2261 542/2262 541/2263 538/2264
f 539/2265 542/2266 543/2267 540/2268
f 540/2269 543/2270 542/2271 539/2272
f 541/2273 544/2274 545/2275 542/2276
f 542/2277 545/2278 544/2279 541/2280
f 542/2281 545/2282 546/2283 543/2284
f 543/2285 546/2286 545/2287 542/2288
f 547/2289 550/2290 551/2291 548/2292
f 548/2293 551/2294 550/2295 547/2296
f 548/2297 551/2298 552/2299 549/2300
f 549/2301 552/2302 551/2303 548/2304
f 550/2305 553/2306 554/2307 551/2308
f 551/2309 554/2310 553/2311 550/2312
f 551/2313 554/2314 555/2315 552/2316
f 552/2317 555/2318 554/2319 551/2320
f 553/2321 556/2322 557/2323 554/2324
f 554/2325 557/2326 556/2327 553/2328
f 554/2329 557/2330 558/2331 555/2332
f 555/2333 558/2334 557/2335 554/2336
f 556/2337 559/2338 560/2339 557/2340
f 557/2341 560/2342 559/2343 556/2344
f 557/2345 560/2346 561/2347 558/2348
f 558/2349 561/2350 560/2351 557/2352
f 559/2353 562/2354 563/2355 560/2356
f 560/2357 563/2358 562/2359 559/2360
f 560/2361 563/2362 564/2363 561/2364
f 561/2365 564/2366 563/2367 560/2368
f 565/2369 568/2370 569/2371 566/2372
f 566/2373 569/2374 568/2375 565/2376
f 566/2377 569/2378 570/2379 567/2380
f 567/2381 570/2382 569/2383 566/2384
f 568/2385 571/2386 572/2387 569/2388
f 569/2389 572/2390 571/2391 568/2392
f 569/2393 572/2394 573/2395 570/2396
f 570/2397 573/2398 572/2399 569/2400
f 571/2401 574/2402 575/2403 572/2404
f 572/2405 575/2406 574/2407 571/2408
f 572/2409 575/2410 576/2411 573/2412
f 573/2413 576/2414 575/2415 572/2416
f 574/2417 577/2418 578/2419 575/2420
f 575/2421 578/2422 577/2423 574/2424
f 575/2425 578/2426 579/2427 576/2428
f 576/2429 579/2430 578/2431 575/2432
f 577/2433 580/2434 581/2435 578/2436
f 578/2437 581/2438 580/2439 577/2440
f 578/2441 581/2442 582/2443 579/2444
f 579/2445 582/2446 581/2447 578/2448
usemtl M_ZZ_Stem
s 1
f 590/2449 589/2450 588/2451 587/2452 586/2453 585/2454 584/2455 583/2456
f 591/2457 592/2458 593/2459 594/2460 595/2461 596/2462 597/2463 598/2464
f 583/2465 584/2466 592/2467 591/2468
f 584/2469 585/2470 593/2471 592/2472
f 585/2473 586/2474 594/2475 593/2476
f 586/2477 587/2478 595/2479 594/2480
f 587/2481 588/2482 596/2483 595/2484
f 588/2485 589/2486 597/2487 596/2488
f 589/2489 590/2490 598/2491 597/2492
f 590/2493 583/2494 591/2495 598/2496
f 606/2497 605/2498 604/2499 603/2500 602/2501 601/2502 600/2503 599/2504
f 607/2505 608/2506 609/2507 610/2508 611/2509 612/2510 613/2511 614/2512
f 599/2513 600/2514 608/2515 607/2516
f 600/2517 601/2518 609/2519 608/2520
f 601/2521 602/2522 610/2523 609/2524
f 602/2525 603/2526 611/2527 610/2528
f 603/2529 604/2530 612/2531 611/2532
f 604/2533 605/2534 613/2535 612/2536
f 605/2537 606/2538 614/2539 613/2540
f 606/2541 599/2542 607/2543 614/2544
usemtl M_ZZ_Leaf
s 1
f 615/2545 618/2546 619/2547 616/2548
f 616/2549 619/2550 618/2551 615/2552
f 616/2553 619/2554 620/2555 617/2556
f 617/2557 620/2558 619/2559 616/2560
f 618/2561 621/2562 622/2563 619/2564
f 619/2565 622/2566 621/2567 618/2568
f 619/2569 622/2570 623/2571 620/2572
f 620/2573 623/2574 622/2575 619/2576
f 621/2577 624/2578 625/2579 622/2580
f 622/2581 625/2582 624/2583 621/2584
f 622/2585 625/2586 626/2587 623/2588
f 623/2589 626/2590 625/2591 622/2592
f 624/2593 627/2594 628/2595 625/2596
f 625/2597 628/2598 627/2599 624/2600
f 625/2601 628/2602 629/2603 626/2604
f 626/2605 629/2606 628/2607 625/2608
f 627/2609 630/2610 631/2611 628/2612
f 628/2613 631/2614 630/2615 627/2616
f 628/2617 631/2618 632/2619 629/2620
f 629/2621 632/2622 631/2623 628/2624
f 633/2625 636/2626 637/2627 634/2628
f 634/2629 637/2630 636/2631 633/2632
f 634/2633 637/2634 638/2635 635/2636
f 635/2637 638/2638 637/2639 634/2640
f 636/2641 639/2642 640/2643 637/2644
f 637/2645 640/2646 639/2647 636/2648
f 637/2649 640/2650 641/2651 638/2652
f 638/2653 641/2654 640/2655 637/2656
f 639/2657 642/2658 643/2659 640/2660
f 640/2661 643/2662 642/2663 639/2664
f 640/2665 643/2666 644/2667 641/2668
f 641/2669 644/2670 643/2671 640/2672
f 642/2673 645/2674 646/2675 643/2676
f 643/2677 646/2678 645/2679 642/2680
f 643/2681 646/2682 647/2683 644/2684
f 644/2685 647/2686 646/2687 643/2688
f 645/2689 648/2690 649/2691 646/2692
f 646/2693 649/2694 648/2695 645/2696
f 646/2697 649/2698 650/2699 647/2700
f 647/2701 650/2702 649/2703 646/2704
f 651/2705 654/2706 655/2707 652/2708
f 652/2709 655/2710 654/2711 651/2712
f 652/2713 655/2714 656/2715 653/2716
f 653/2717 656/2718 655/2719 652/2720
f 654/2721 657/2722 658/2723 655/2724
f 655/2725 658/2726 657/2727 654/2728
f 655/2729 658/2730 659/2731 656/2732
f 656/2733 659/2734 658/2735 655/2736
f 657/2737 660/2738 661/2739 658/2740
f 658/2741 661/2742 660/2743 657/2744
f 658/2745 661/2746 662/2747 659/2748
f 659/2749 662/2750 661/2751 658/2752
f 660/2753 663/2754 664/2755 661/2756
f 661/2757 664/2758 663/2759 660/2760
f 661/2761 664/2762 665/2763 662/2764
f 662/2765 665/2766 664/2767 661/2768
f 663/2769 666/2770 667/2771 664/2772
f 664/2773 667/2774 666/2775 663/2776
f 664/2777 667/2778 668/2779 665/2780
f 665/2781 668/2782 667/2783 664/2784
f 669/2785 672/2786 673/2787 670/2788
f 670/2789 673/2790 672/2791 669/2792
f 670/2793 673/2794 674/2795 671/2796
f 671/2797 674/2798 673/2799 670/2800
f 672/2801 675/2802 676/2803 673/2804
f 673/2805 676/2806 675/2807 672/2808
f 673/2809 676/2810 677/2811 674/2812
f 674/2813 677/2814 676/2815 673/2816
f 675/2817 678/2818 679/2819 676/2820
f 676/2821 679/2822 678/2823 675/2824
f 676/2825 679/2826 680/2827 677/2828
f 677/2829 680/2830 679/2831 676/2832
f 678/2833 681/2834 682/2835 679/2836
f 679/2837 682/2838 681/2839 678/2840
f 679/2841 682/2842 683/2843 680/2844
f 680/2845 683/2846 682/2847 679/2848
f 681/2849 684/2850 685/2851 682/2852
f 682/2853 685/2854 684/2855 681/2856
f 682/2857 685/2858 686/2859 683/2860
f 683/2861 686/2862 685/2863 682/2864
f 687/2865 690/2866 691/2867 688/2868
f 688/2869 691/2870 690/2871 687/2872
f 688/2873 691/2874 692/2875 689/2876
f 689/2877 692/2878 691/2879 688/2880
f 690/2881 693/2882 694/2883 691/2884
f 691/2885 694/2886 693/2887 690/2888
f 691/2889 694/2890 695/2891 692/2892
f 692/2893 695/2894 694/2895 691/2896
f 693/2897 696/2898 697/2899 694/2900
f 694/2901 697/2902 696/2903 693/2904
f 694/2905 697/2906 698/2907 695/2908
f 695/2909 698/2910 697/2911 694/2912
f 696/2913 699/2914 700/2915 697/2916
f 697/2917 700/2918 699/2919 696/2920
f 697/2921 700/2922 701/2923 698/2924
f 698/2925 701/2926 700/2927 697/2928
f 699/2929 702/2930 703/2931 700/2932
f 700/2933 703/2934 702/2935 699/2936
f 700/2937 703/2938 704/2939 701/2940
f 701/2941 704/2942 703/2943 700/2944
f 705/2945 708/2946 709/2947 706/2948
f 706/2949 709/2950 708/2951 705/2952
f 706/2953 709/2954 710/2955 707/2956
f 707/2957 710/2958 709/2959 706/2960
f 708/2961 711/2962 712/2963 709/2964
f 709/2965 712/2966 711/2967 708/2968
f 709/2969 712/2970 713/2971 710/2972
f 710/2973 713/2974 712/2975 709/2976
f 711/2977 714/2978 715/2979 712/2980
f 712/2981 715/2982 714/2983 711/2984
f 712/2985 715/2986 716/2987 713/2988
f 713/2989 716/2990 715/2991 712/2992
f 714/2993 717/2994 718/2995 715/2996
f 715/2997 718/2998 717/2999 714/3000
f 715/3001 718/3002 719/3003 716/3004
f 716/3005 719/3006 718/3007 715/3008
f 717/3009 720/3010 721/3011 718/3012
f 718/3013 721/3014 720/3015 717/3016
f 718/3017 721/3018 722/3019 719/3020
f 719/3021 722/3022 721/3023 718/3024
f 723/3025 726/3026 727/3027 724/3028
f 724/3029 727/3030 726/3031 723/3032
f 724/3033 727/3034 728/3035 725/3036
f 725/3037 728/3038 727/3039 724/3040
f 726/3041 729/3042 730/3043 727/3044
f 727/3045 730/3046 729/3047 726/3048
f 727/3049 730/3050 731/3051 728/3052
f 728/3053 731/3054 730/3055 727/3056
f 729/3057 732/3058 733/3059 730/3060
f 730/3061 733/3062 732/3063 729/3064
f 730/3065 733/3066 734/3067 731/3068
f 731/3069 734/3070 733/3071 730/3072
f 732/3073 735/3074 736/3075 733/3076
f 733/3077 736/3078 735/3079 732/3080
f 733/3081 736/3082 737/3083 734/3084
f 734/3085 737/3086 736/3087 733/3088
f 735/3089 738/3090 739/3091 736/3092
f 736/3093 739/3094 738/3095 735/3096
f 736/3097 739/3098 740/3099 737/3100
f 737/3101 740/3102 739/3103 736/3104
f 741/3105 744/3106 745/3107 742/3108
f 742/3109 745/3110 744/3111 741/3112
f 742/3113 745/3114 746/3115 743/3116
f 743/3117 746/3118 745/3119 742/3120
f 744/3121 747/3122 748/3123 745/3124
f 745/3125 748/3126 747/3127 744/3128
f 745/3129 748/3130 749/3131 746/3132
f 746/3133 749/3134 748/3135 745/3136
f 747/3137 750/3138 751/3139 748/3140
f 748/3141 751/3142 750/3143 747/3144
f 748/3145 751/3146 752/3147 749/3148
f 749/3149 752/3150 751/3151 748/3152
f 750/3153 753/3154 754/3155 751/3156
f 751/3157 754/3158 753/3159 750/3160
f 751/3161 754/3162 755/3163 752/3164
f 752/3165 755/3166 754/3167 751/3168
f 753/3169 756/3170 757/3171 754/3172
f 754/3173 757/3174 756/3175 753/3176
f 754/3177 757/3178 758/3179 755/3180
f 755/3181 758/3182 757/3183 754/3184
f 759/3185 762/3186 763/3187 760/3188
f 760/3189 763/3190 762/3191 759/3192
f 760/3193 763/3194 764/3195 761/3196
f 761/3197 764/3198 763/3199 760/3200
f 762/3201 765/3202 766/3203 763/3204
f 763/3205 766/3206 765/3207 762/3208
f 763/3209 766/3210 767/3211 764/3212
f 764/3213 767/3214 766/3215 763/3216
f 765/3217 768/3218 769/3219 766/3220
f 766/3221 769/3222 768/3223 765/3224
f 766/3225 769/3226 770/3227 767/3228
f 767/3229 770/3230 769/3231 766/3232
f 768/3233 771/3234 772/3235 769/3236
f 769/3237 772/3238 771/3239 768/3240
f 769/3241 772/3242 773/3243 770/3244
f 770/3245 773/3246 772/3247 769/3248
f 771/3249 774/3250 775/3251 772/3252
f 772/3253 775/3254 774/3255 771/3256
f 772/3257 775/3258 776/3259 773/3260
f 773/3261 776/3262 775/3263 772/3264
usemtl M_ZZ_Stem
s 1
f 784/3265 783/3266 782/3267 781/3268 780/3269 779/3270 778/3271 777/3272
f 785/3273 786/3274 787/3275 788/3276 789/3277 790/3278 791/3279 792/3280
f 777/3281 778/3282 786/3283 785/3284
f 778/3285 779/3286 787/3287 786/3288
f 779/3289 780/3290 788/3291 787/3292
f 780/3293 781/3294 789/3295 788/3296
f 781/3297 782/3298 790/3299 789/3300
f 782/3301 783/3302 791/3303 790/3304
f 783/3305 784/3306 792/3307 791/3308
f 784/3309 777/3310 785/3311 792/3312
f 800/3313 799/3314 798/3315 797/3316 796/3317 795/3318 794/3319 793/3320
f 801/3321 802/3322 803/3323 804/3324 805/3325 806/3326 807/3327 808/3328
f 793/3329 794/3330 802/3331 801/3332
f 794/3333 795/3334 803/3335 802/3336
f 795/3337 796/3338 804/3339 803/3340
f 796/3341 797/3342 805/3343 804/3344
f 797/3345 798/3346 806/3347 805/3348
f 798/3349 799/3350 807/3351 806/3352
f 799/3353 800/3354 808/3355 807/3356
f 800/3357 793/3358 801/3359 808/3360
usemtl M_ZZ_Leaf
s 1
f 809/3361 812/3362 813/3363 810/3364
f 810/3365 813/3366 812/3367 809/3368
f 810/3369 813/3370 814/3371 811/3372
f 811/3373 814/3374 813/3375 810/3376
f 812/3377 815/3378 816/3379 813/3380
f 813/3381 816/3382 815/3383 812/3384
f 813/3385 816/3386 817/3387 814/3388
f 814/3389 817/3390 816/3391 813/3392
f 815/3393 818/3394 819/3395 816/3396
f 816/3397 819/3398 818/3399 815/3400
f 816/3401 819/3402 820/3403 817/3404
f 817/3405 820/3406 819/3407 816/3408
f 818/3409 821/3410 822/3411 819/3412
f 819/3413 822/3414 821/3415 818/3416
f 819/3417 822/3418 823/3419 820/3420
f 820/3421 823/3422 822/3423 819/3424
f 821/3425 824/3426 825/3427 822/3428
f 822/3429 825/3430 824/3431 821/3432
f 822/3433 825/3434 826/3435 823/3436
f 823/3437 826/3438 825/3439 822/3440
f 827/3441 830/3442 831/3443 828/3444
f 828/3445 831/3446 830/3447 827/3448
f 828/3449 831/3450 832/3451 829/3452
f 829/3453 832/3454 831/3455 828/3456
f 830/3457 833/3458 834/3459 831/3460
f 831/3461 834/3462 833/3463 830/3464
f 831/3465 834/3466 835/3467 832/3468
f 832/3469 835/3470 834/3471 831/3472
f 833/3473 836/3474 837/3475 834/3476
f 834/3477 837/3478 836/3479 833/3480
f 834/3481 837/3482 838/3483 835/3484
f 835/3485 838/3486 837/3487 834/3488
f 836/3489 839/3490 840/3491 837/3492
f 837/3493 840/3494 839/3495 836/3496
f 837/3497 840/3498 841/3499 838/3500
f 838/3501 841/3502 840/3503 837/3504
f 839/3505 842/3506 843/3507 840/3508
f 840/3509 843/3510 842/3511 839/3512
f 840/3513 843/3514 844/3515 841/3516
f 841/3517 844/3518 843/3519 840/3520
f 845/3521 848/3522 849/3523 846/3524
f 846/3525 849/3526 848/3527 845/3528
f 846/3529 849/3530 850/3531 847/3532
f 847/3533 850/3534 849/3535 846/3536
f 848/3537 851/3538 852/3539 849/3540
f 849/3541 852/3542 851/3543 848/3544
f 849/3545 852/3546 853/3547 850/3548
f 850/3549 853/3550 852/3551 849/3552
f 851/3553 854/3554 855/3555 852/3556
f 852/3557 855/3558 854/3559 851/3560
f 852/3561 855/3562 856/3563 853/3564
f 853/3565 856/3566 855/3567 852/3568
f 854/3569 857/3570 858/3571 855/3572
f 855/3573 858/3574 857/3575 854/3576
f 855/3577 858/3578 859/3579 856/3580
f 856/3581 859/3582 858/3583 855/3584
f 857/3585 860/3586 861/3587 858/3588
f 858/3589 861/3590 860/3591 857/3592
f 858/3593 861/3594 862/3595 859/3596
f 859/3597 862/3598 861/3599 858/3600
f 863/3601 866/3602 867/3603 864/3604
f 864/3605 867/3606 866/3607 863/3608
f 864/3609 867/3610 868/3611 865/3612
f 865/3613 868/3614 867/3615 864/3616
f 866/3617 869/3618 870/3619 867/3620
f 867/3621 870/3622 869/3623 866/3624
f 867/3625 870/3626 871/3627 868/3628
f 868/3629 871/3630 870/3631 867/3632
f 869/3633 872/3634 873/3635 870/3636
f 870/3637 873/3638 872/3639 869/3640
f 870/3641 873/3642 874/3643 871/3644
f 871/3645 874/3646 873/3647 870/3648
f 872/3649 875/3650 876/3651 873/3652
f 873/3653 876/3654 875/3655 872/3656
f 873/3657 876/3658 877/3659 874/3660
f 874/3661 877/3662 876/3663 873/3664
f 875/3665 878/3666 879/3667 876/3668
f 876/3669 879/3670 878/3671 875/3672
f 876/3673 879/3674 880/3675 877/3676
f 877/3677 880/3678 879/3679 876/3680
f 881/3681 884/3682 885/3683 882/3684
f 882/3685 885/3686 884/3687 881/3688
f 882/3689 885/3690 886/3691 883/3692
f 883/3693 886/3694 885/3695 882/3696
f 884/3697 887/3698 888/3699 885/3700
f 885/3701 888/3702 887/3703 884/3704
f 885/3705 888/3706 889/3707 886/3708
f 886/3709 889/3710 888/3711 885/3712
f 887/3713 890/3714 891/3715 888/3716
f 888/3717 891/3718 890/3719 887/3720
f 888/3721 891/3722 892/3723 889/3724
f 889/3725 892/3726 891/3727 888/3728
f 890/3729 893/3730 894/3731 891/3732
f 891/3733 894/3734 893/3735 890/3736
f 891/3737 894/3738 895/3739 892/3740
f 892/3741 895/3742 894/3743 891/3744
f 893/3745 896/3746 897/3747 894/3748
f 894/3749 897/3750 896/3751 893/3752
f 894/3753 897/3754 898/3755 895/3756
f 895/3757 898/3758 897/3759 894/3760
f 899/3761 902/3762 903/3763 900/3764
f 900/3765 903/3766 902/3767 899/3768
f 900/3769 903/3770 904/3771 901/3772
f 901/3773 904/3774 903/3775 900/3776
f 902/3777 905/3778 906/3779 903/3780
f 903/3781 906/3782 905/3783 902/3784
f 903/3785 906/3786 907/3787 904/3788
f 904/3789 907/3790 906/3791 903/3792
f 905/3793 908/3794 909/3795 906/3796
f 906/3797 909/3798 908/3799 905/3800
f 906/3801 909/3802 910/3803 907/3804
f 907/3805 910/3806 909/3807 906/3808
f 908/3809 911/3810 912/3811 909/3812
f 909/3813 912/3814 911/3815 908/3816
f 909/3817 912/3818 913/3819 910/3820
f 910/3821 913/3822 912/3823 909/3824
f 911/3825 914/3826 915/3827 912/3828
f 912/3829 915/3830 914/3831 911/3832
f 912/3833 915/3834 916/3835 913/3836
f 913/3837 916/3838 915/3839 912/3840
f 917/3841 920/3842 921/3843 918/3844
f 918/3845 921/3846 920/3847 917/3848
f 918/3849 921/3850 922/3851 919/3852
f 919/3853 922/3854 921/3855 918/3856
f 920/3857 923/3858 924/3859 921/3860
f 921/3861 924/3862 923/3863 920/3864
f 921/3865 924/3866 925/3867 922/3868
f 922/3869 925/3870 924/3871 921/3872
f 923/3873 926/3874 927/3875 924/3876
f 924/3877 927/3878 926/3879 923/3880
f 924/3881 927/3882 928/3883 925/3884
f 925/3885 928/3886 927/3887 924/3888
f 926/3889 929/3890 930/3891 927/3892
f 927/3893 930/3894 929/3895 926/3896
f 927/3897 930/3898 931/3899 928/3900
f 928/3901 931/3902 930/3903 927/3904
f 929/3905 932/3906 933/3907 930/3908
f 930/3909 933/3910 932/3911 929/3912
f 930/3913 933/3914 934/3915 931/3916
f 931/3917 934/3918 933/3919 930/3920
f 935/3921 938/3922 939/3923 936/3924
f 936/3925 939/3926 938/3927 935/3928
f 936/3929 939/3930 940/3931 937/3932
f 937/3933 940/3934 939/3935 936/3936
f 938/3937 941/3938 942/3939 939/3940
f 939/3941 942/3942 941/3943 938/3944
f 939/3945 942/3946 943/3947 940/3948
f 940/3949 943/3950 942/3951 939/3952
f 941/3953 944/3954 945/3955 942/3956
f 942/3957 945/3958 944/3959 941/3960
f 942/3961 945/3962 946/3963 943/3964
f 943/3965 946/3966 945/3967 942/3968
f 944/3969 947/3970 948/3971 945/3972
f 945/3973 948/3974 947/3975 944/3976
f 945/3977 948/3978 949/3979 946/3980
f 946/3981 949/3982 948/3983 945/3984
f 947/3985 950/3986 951/3987 948/3988
f 948/3989 951/3990 950/3991 947/3992
f 948/3993 951/3994 952/3995 949/3996
f 949/3997 952/3998 951/3999 948/4000
f 953/4001 956/4002 957/4003 954/4004
f 954/4005 957/4006 956/4007 953/4008
f 954/4009 957/4010 958/4011 955/4012
f 955/4013 958/4014 957/4015 954/4016
f 956/4017 959/4018 960/4019 957/4020
f 957/4021 960/4022 959/4023 956/4024
f 957/4025 960/4026 961/4027 958/4028
f 958/4029 961/4030 960/4031 957/4032
f 959/4033 962/4034 963/4035 960/4036
f 960/4037 963/4038 962/4039 959/4040
f 960/4041 963/4042 964/4043 961/4044
f 961/4045 964/4046 963/4047 960/4048
f 962/4049 965/4050 966/4051 963/4052
f 963/4053 966/4054 965/4055 962/4056
f 963/4057 966/4058 967/4059 964/4060
f 964/4061 967/4062 966/4063 963/4064
f 965/4065 968/4066 969/4067 966/4068
f 966/4069 969/4070 968/4071 965/4072
f 966/4073 969/4074 970/4075 967/4076
f 967/4077 970/4078 969/4079 966/4080
usemtl M_ZZ_Stem
s 1
f 978/4081 977/4082 976/4083 975/4084 974/4085 973/4086 972/4087 971/4088
f 979/4089 980/4090 981/4091 982/4092 983/4093 984/4094 985/4095 986/4096
f 971/4097 972/4098 980/4099 979/4100
f 972/4101 973/4102 981/4103 980/4104
f 973/4105 974/4106 982/4107 981/4108
f 974/4109 975/4110 983/4111 982/4112
f 975/4113 976/4114 984/4115 983/4116
f 976/4117 977/4118 985/4119 984/4120
f 977/4121 978/4122 986/4123 985/4124
f 978/4125 971/4126 979/4127 986/4128
f 994/4129 993/4130 992/4131 991/4132 990/4133 989/4134 988/4135 987/4136
f 995/4137 996/4138 997/4139 998/4140 999/4141 1000/4142 1001/4143 1002/4144
f 987/4145 988/4146 996/4147 995/4148
f 988/4149 989/4150 997/4151 996/4152
f 989/4153 990/4154 998/4155 997/4156
f 990/4157 991/4158 999/4159 998/4160
f 991/4161 992/4162 1000/4163 999/4164
f 992/4165 993/4166 1001/4167 1000/4168
f 993/4169 994/4170 1002/4171 1001/4172
f 994/4173 987/4174 995/4175 1002/4176
usemtl M_ZZ_Leaf
s 1
f 1003/4177 1006/4178 1007/4179 1004/4180
f 1004/4181 1007/4182 1006/4183 1003/4184
f 1004/4185 1007/4186 1008/4187 1005/4188
f 1005/4189 1008/4190 1007/4191 1004/4192
f 1006/4193 1009/4194 1010/4195 1007/4196
f 1007/4197 1010/4198 1009/4199 1006/4200
f 1007/4201 1010/4202 1011/4203 1008/4204
f 1008/4205 1011/4206 1010/4207 1007/4208
f 1009/4209 1012/4210 1013/4211 1010/4212
f 1010/4213 1013/4214 1012/4215 1009/4216
f 1010/4217 1013/4218 1014/4219 1011/4220
f 1011/4221 1014/4222 1013/4223 1010/4224
f 1012/4225 1015/4226 1016/4227 1013/4228
f 1013/4229 1016/4230 1015/4231 1012/4232
f 1013/4233 1016/4234 1017/4235 1014/4236
f 1014/4237 1017/4238 1016/4239 1013/4240
f 1015/4241 1018/4242 1019/4243 1016/4244
f 1016/4245 1019/4246 1018/4247 1015/4248
f 1016/4249 1019/4250 1020/4251 1017/4252
f 1017/4253 1020/4254 1019/4255 1016/4256
f 1021/4257 1024/4258 1025/4259 1022/4260
f 1022/4261 1025/4262 1024/4263 1021/4264
f 1022/4265 1025/4266 1026/4267 1023/4268
f 1023/4269 1026/4270 1025/4271 1022/4272
f 1024/4273 1027/4274 1028/4275 1025/4276
f 1025/4277 1028/4278 1027/4279 1024/4280
f 1025/4281 1028/4282 1029/4283 1026/4284
f 1026/4285 1029/4286 1028/4287 1025/4288
f 1027/4289 1030/4290 1031/4291 1028/4292
f 1028/4293 1031/4294 1030/4295 1027/4296
f 1028/4297 1031/4298 1032/4299 1029/4300
f 1029/4301 1032/4302 1031/4303 1028/4304
f 1030/4305 1033/4306 1034/4307 1031/4308
f 1031/4309 1034/4310 1033/4311 1030/4312
f 1031/4313 1034/4314 1035/4315 1032/4316
f 1032/4317 1035/4318 1034/4319 1031/4320
f 1033/4321 1036/4322 1037/4323 1034/4324
f 1034/4325 1037/4326 1036/4327 1033/4328
f 1034/4329 1037/4330 1038/4331 1035/4332
f 1035/4333 1038/4334 1037/4335 1034/4336
f 1039/4337 1042/4338 1043/4339 1040/4340
f 1040/4341 1043/4342 1042/4343 1039/4344
f 1040/4345 1043/4346 1044/4347 1041/4348
f 1041/4349 1044/4350 1043/4351 1040/4352
f 1042/4353 1045/4354 1046/4355 1043/4356
f 1043/4357 1046/4358 1045/4359 1042/4360
f 1043/4361 1046/4362 1047/4363 1044/4364
f 1044/4365 1047/4366 1046/4367 1043/4368
f 1045/4369 1048/4370 1049/4371 1046/4372
f 1046/4373 1049/4374 1048/4375 1045/4376
f 1046/4377 1049/4378 1050/4379 1047/4380
f 1047/4381 1050/4382 1049/4383 1046/4384
f 1048/4385 1051/4386 1052/4387 1049/4388
f 1049/4389 1052/4390 1051/4391 1048/4392
f 1049/4393 1052/4394 1053/4395 1050/4396
f 1050/4397 1053/4398 1052/4399 1049/4400
f 1051/4401 1054/4402 1055/4403 1052/4404
f 1052/4405 1055/4406 1054/4407 1051/4408
f 1052/4409 1055/4410 1056/4411 1053/4412
f 1053/4413 1056/4414 1055/4415 1052/4416
f 1057/4417 1060/4418 1061/4419 1058/4420
f 1058/4421 1061/4422 1060/4423 1057/4424
f 1058/4425 1061/4426 1062/4427 1059/4428
f 1059/4429 1062/4430 1061/4431 1058/4432
f 1060/4433 1063/4434 1064/4435 1061/4436
f 1061/4437 1064/4438 1063/4439 1060/4440
f 1061/4441 1064/4442 1065/4443 1062/4444
f 1062/4445 1065/4446 1064/4447 1061/4448
f 1063/4449 1066/4450 1067/4451 1064/4452
f 1064/4453 1067/4454 1066/4455 1063/4456
f 1064/4457 1067/4458 1068/4459 1065/4460
f 1065/4461 1068/4462 1067/4463 1064/4464
f 1066/4465 1069/4466 1070/4467 1067/4468
f 1067/4469 1070/4470 1069/4471 1066/4472
f 1067/4473 1070/4474 1071/4475 1068/4476
f 1068/4477 1071/4478 1070/4479 1067/4480
f 1069/4481 1072/4482 1073/4483 1070/4484
f 1070/4485 1073/4486 1072/4487 1069/4488
f 1070/4489 1073/4490 1074/4491 1071/4492
f 1071/4493 1074/4494 1073/4495 1070/4496
f 1075/4497 1078/4498 1079/4499 1076/4500
f 1076/4501 1079/4502 1078/4503 1075/4504
f 1076/4505 1079/4506 1080/4507 1077/4508
f 1077/4509 1080/4510 1079/4511 1076/4512
f 1078/4513 1081/4514 1082/4515 1079/4516
f 1079/4517 1082/4518 1081/4519 1078/4520
f 1079/4521 1082/4522 1083/4523 1080/4524
f 1080/4525 1083/4526 1082/4527 1079/4528
f 1081/4529 1084/4530 1085/4531 1082/4532
f 1082/4533 1085/4534 1084/4535 1081/4536
f 1082/4537 1085/4538 1086/4539 1083/4540
f 1083/4541 1086/4542 1085/4543 1082/4544
f 1084/4545 1087/4546 1088/4547 1085/4548
f 1085/4549 1088/4550 1087/4551 1084/4552
f 1085/4553 1088/4554 1089/4555 1086/4556
f 1086/4557 1089/4558 1088/4559 1085/4560
f 1087/4561 1090/4562 1091/4563 1088/4564
f 1088/4565 1091/4566 1090/4567 1087/4568
f 1088/4569 1091/4570 1092/4571 1089/4572
f 1089/4573 1092/4574 1091/4575 1088/4576
f 1093/4577 1096/4578 1097/4579 1094/4580
f 1094/4581 1097/4582 1096/4583 1093/4584
f 1094/4585 1097/4586 1098/4587 1095/4588
f 1095/4589 1098/4590 1097/4591 1094/4592
f 1096/4593 1099/4594 1100/4595 1097/4596
f 1097/4597 1100/4598 1099/4599 1096/4600
f 1097/4601 1100/4602 1101/4603 1098/4604
f 1098/4605 1101/4606 1100/4607 1097/4608
f 1099/4609 1102/4610 1103/4611 1100/4612
f 1100/4613 1103/4614 1102/4615 1099/4616
f 1100/4617 1103/4618 1104/4619 1101/4620
f 1101/4621 1104/4622 1103/4623 1100/4624
f 1102/4625 1105/4626 1106/4627 1103/4628
f 1103/4629 1106/4630 1105/4631 1102/4632
f 1103/4633 1106/4634 1107/4635 1104/4636
f 1104/4637 1107/4638 1106/4639 1103/4640
f 1105/4641 1108/4642 1109/4643 1106/4644
f 1106/4645 1109/4646 1108/4647 1105/4648
f 1106/4649 1109/4650 1110/4651 1107/4652
f 1107/4653 1110/4654 1109/4655 1106/4656
f 1111/4657 1114/4658 1115/4659 1112/4660
f 1112/4661 1115/4662 1114/4663 1111/4664
f 1112/4665 1115/4666 1116/4667 1113/4668
f 1113/4669 1116/4670 1115/4671 1112/4672
f 1114/4673 1117/4674 1118/4675 1115/4676
f 1115/4677 1118/4678 1117/4679 1114/4680
f 1115/4681 1118/4682 1119/4683 1116/4684
f 1116/4685 1119/4686 1118/4687 1115/4688
f 1117/4689 1120/4690 1121/4691 1118/4692
f 1118/4693 1121/4694 1120/4695 1117/4696
f 1118/4697 1121/4698 1122/4699 1119/4700
f 1119/4701 1122/4702 1121/4703 1118/4704
f 1120/4705 1123/4706 1124/4707 1121/4708
f 1121/4709 1124/4710 1123/4711 1120/4712
f 1121/4713 1124/4714 1125/4715 1122/4716
f 1122/4717 1125/4718 1124/4719 1121/4720
f 1123/4721 1126/4722 1127/4723 1124/4724
f 1124/4725 1127/4726 1126/4727 1123/4728
f 1124/4729 1127/4730 1128/4731 1125/4732
f 1125/4733 1128/4734 1127/4735 1124/4736
f 1129/4737 1132/4738 1133/4739 1130/4740
f 1130/4741 1133/4742 1132/4743 1129/4744
f 1130/4745 1133/4746 1134/4747 1131/4748
f 1131/4749 1134/4750 1133/4751 1130/4752
f 1132/4753 1135/4754 1136/4755 1133/4756
f 1133/4757 1136/4758 1135/4759 1132/4760
f 1133/4761 1136/4762 1137/4763 1134/4764
f 1134/4765 1137/4766 1136/4767 1133/4768
f 1135/4769 1138/4770 1139/4771 1136/4772
f 1136/4773 1139/4774 1138/4775 1135/4776
f 1136/4777 1139/4778 1140/4779 1137/4780
f 1137/4781 1140/4782 1139/4783 1136/4784
f 1138/4785 1141/4786 1142/4787 1139/4788
f 1139/4789 1142/4790 1141/4791 1138/4792
f 1139/4793 1142/4794 1143/4795 1140/4796
f 1140/4797 1143/4798 1142/4799 1139/4800
f 1141/4801 1144/4802 1145/4803 1142/4804
f 1142/4805 1145/4806 1144/4807 1141/4808
f 1142/4809 1145/4810 1146/4811 1143/4812
f 1143/4813 1146/4814 1145/4815 1142/4816
f 1147/4817 1150/4818 1151/4819 1148/4820
f 1148/4821 1151/4822 1150/4823 1147/4824
f 1148/4825 1151/4826 1152/4827 1149/4828
f 1149/4829 1152/4830 1151/4831 1148/4832
f 1150/4833 1153/4834 1154/4835 1151/4836
f 1151/4837 1154/4838 1153/4839 1150/4840
f 1151/4841 1154/4842 1155/4843 1152/4844
f 1152/4845 1155/4846 1154/4847 1151/4848
f 1153/4849 1156/4850 1157/4851 1154/4852
f 1154/4853 1157/4854 1156/4855 1153/4856
f 1154/4857 1157/4858 1158/4859 1155/4860
f 1155/4861 1158/4862 1157/4863 1154/4864
f 1156/4865 1159/4866 1160/4867 1157/4868
f 1157/4869 1160/4870 1159/4871 1156/4872
f 1157/4873 1160/4874 1161/4875 1158/4876
f 1158/4877 1161/4878 1160/4879 1157/4880
f 1159/4881 1162/4882 1163/4883 1160/4884
f 1160/4885 1163/4886 1162/4887 1159/4888
f 1160/4889 1163/4890 1164/4891 1161/4892
f 1161/4893 1164/4894 1163/4895 1160/4896
usemtl M_ZZ_Stem
s 1
f 1172/4897 1171/4898 1170/4899 1169/4900 1168/4901 1167/4902 1166/4903 1165/4904
f 1173/4905 1174/4906 1175/4907 1176/4908 1177/4909 1178/4910 1179/4911 1180/4912
f 1165/4913 1166/4914 1174/4915 1173/4916
f 1166/4917 1167/4918 1175/4919 1174/4920
f 1167/4921 1168/4922 1176/4923 1175/4924
f 1168/4925 1169/4926 1177/4927 1176/4928
f 1169/4929 1170/4930 1178/4931 1177/4932
f 1170/4933 1171/4934 1179/4935 1178/4936
f 1171/4937 1172/4938 1180/4939 1179/4940
f 1172/4941 1165/4942 1173/4943 1180/4944
f 1188/4945 1187/4946 1186/4947 1185/4948 1184/4949 1183/4950 1182/4951 1181/4952
f 1189/4953 1190/4954 1191/4955 1192/4956 1193/4957 1194/4958 1195/4959 1196/4960
f 1181/4961 1182/4962 1190/4963 1189/4964
f 1182/4965 1183/4966 1191/4967 1190/4968
f 1183/4969 1184/4970 1192/4971 1191/4972
f 1184/4973 1185/4974 1193/4975 1192/4976
f 1185/4977 1186/4978 1194/4979 1193/4980
f 1186/4981 1187/4982 1195/4983 1194/4984
f 1187/4985 1188/4986 1196/4987 1195/4988
f 1188/4989 1181/4990 1189/4991 1196/4992
usemtl M_ZZ_Leaf
s 1
f 1197/4993 1200/4994 1201/4995 1198/4996
f 1198/4997 1201/4998 1200/4999 1197/5000
f 1198/5001 1201/5002 1202/5003 1199/5004
f 1199/5005 1202/5006 1201/5007 1198/5008
f 1200/5009 1203/5010 1204/5011 1201/5012
f 1201/5013 1204/5014 1203/5015 1200/5016
f 1201/5017 1204/5018 1205/5019 1202/5020
f 1202/5021 1205/5022 1204/5023 1201/5024
f 1203/5025 1206/5026 1207/5027 1204/5028
f 1204/5029 1207/5030 1206/5031 1203/5032
f 1204/5033 1207/5034 1208/5035 1205/5036
f 1205/5037 1208/5038 1207/5039 1204/5040
f 1206/5041 1209/5042 1210/5043 1207/5044
f 1207/5045 1210/5046 1209/5047 1206/5048
f 1207/5049 1210/5050 1211/5051 1208/5052
f 1208/5053 1211/5054 1210/5055 1207/5056
f 1209/5057 1212/5058 1213/5059 1210/5060
f 1210/5061 1213/5062 1212/5063 1209/5064
f 1210/5065 1213/5066 1214/5067 1211/5068
f 1211/5069 1214/5070 1213/5071 1210/5072
f 1215/5073 1218/5074 1219/5075 1216/5076
f 1216/5077 1219/5078 1218/5079 1215/5080
f 1216/5081 1219/5082 1220/5083 1217/5084
f 1217/5085 1220/5086 1219/5087 1216/5088
f 1218/5089 1221/5090 1222/5091 1219/5092
f 1219/5093 1222/5094 1221/5095 1218/5096
f 1219/5097 1222/5098 1223/5099 1220/5100
f 1220/5101 1223/5102 1222/5103 1219/5104
f 1221/5105 1224/5106 1225/5107 1222/5108
f 1222/5109 1225/5110 1224/5111 1221/5112
f 1222/5113 1225/5114 1226/5115 1223/5116
f 1223/5117 1226/5118 1225/5119 1222/5120
f 1224/5121 1227/5122 1228/5123 1225/5124
f 1225/5125 1228/5126 1227/5127 1224/5128
f 1225/5129 1228/5130 1229/5131 1226/5132
f 1226/5133 1229/5134 1228/5135 1225/5136
f 1227/5137 1230/5138 1231/5139 1228/5140
f 1228/5141 1231/5142 1230/5143 1227/5144
f 1228/5145 1231/5146 1232/5147 1229/5148
f 1229/5149 1232/5150 1231/5151 1228/5152
f 1233/5153 1236/5154 1237/5155 1234/5156
f 1234/5157 1237/5158 1236/5159 1233/5160
f 1234/5161 1237/5162 1238/5163 1235/5164
f 1235/5165 1238/5166 1237/5167 1234/5168
f 1236/5169 1239/5170 1240/5171 1237/5172
f 1237/5173 1240/5174 1239/5175 1236/5176
f 1237/5177 1240/5178 1241/5179 1238/5180
f 1238/5181 1241/5182 1240/5183 1237/5184
f 1239/5185 1242/5186 1243/5187 1240/5188
f 1240/5189 1243/5190 1242/5191 1239/5192
f 1240/5193 1243/5194 1244/5195 1241/5196
f 1241/5197 1244/5198 1243/5199 1240/5200
f 1242/5201 1245/5202 1246/5203 1243/5204
f 1243/5205 1246/5206 1245/5207 1242/5208
f 1243/5209 1246/5210 1247/5211 1244/5212
f 1244/5213 1247/5214 1246/5215 1243/5216
f 1245/5217 1248/5218 1249/5219 1246/5220
f 1246/5221 1249/5222 1248/5223 1245/5224
f 1246/5225 1249/5226 1250/5227 1247/5228
f 1247/5229 1250/5230 1249/5231 1246/5232
f 1251/5233 1254/5234 1255/5235 1252/5236
f 1252/5237 1255/5238 1254/5239 1251/5240
f 1252/5241 1255/5242 1256/5243 1253/5244
f 1253/5245 1256/5246 1255/5247 1252/5248
f 1254/5249 1257/5250 1258/5251 1255/5252
f 1255/5253 1258/5254 1257/5255 1254/5256
f 1255/5257 1258/5258 1259/5259 1256/5260
f 1256/5261 1259/5262 1258/5263 1255/5264
f 1257/5265 1260/5266 1261/5267 1258/5268
f 1258/5269 1261/5270 1260/5271 1257/5272
f 1258/5273 1261/5274 1262/5275 1259/5276
f 1259/5277 1262/5278 1261/5279 1258/5280
f 1260/5281 1263/5282 1264/5283 1261/5284
f 1261/5285 1264/5286 1263/5287 1260/5288
f 1261/5289 1264/5290 1265/5291 1262/5292
f 1262/5293 1265/5294 1264/5295 1261/5296
f 1263/5297 1266/5298 1267/5299 1264/5300
f 1264/5301 1267/5302 1266/5303 1263/5304
f 1264/5305 1267/5306 1268/5307 1265/5308
f 1265/5309 1268/5310 1267/5311 1264/5312
f 1269/5313 1272/5314 1273/5315 1270/5316
f 1270/5317 1273/5318 1272/5319 1269/5320
f 1270/5321 1273/5322 1274/5323 1271/5324
f 1271/5325 1274/5326 1273/5327 1270/5328
f 1272/5329 1275/5330 1276/5331 1273/5332
f 1273/5333 1276/5334 1275/5335 1272/5336
f 1273/5337 1276/5338 1277/5339 1274/5340
f 1274/5341 1277/5342 1276/5343 1273/5344
f 1275/5345 1278/5346 1279/5347 1276/5348
f 1276/5349 1279/5350 1278/5351 1275/5352
f 1276/5353 1279/5354 1280/5355 1277/5356
f 1277/5357 1280/5358 1279/5359 1276/5360
f 1278/5361 1281/5362 1282/5363 1279/5364
f 1279/5365 1282/5366 1281/5367 1278/5368
f 1279/5369 1282/5370 1283/5371 1280/5372
f 1280/5373 1283/5374 1282/5375 1279/5376
f 1281/5377 1284/5378 1285/5379 1282/5380
f 1282/5381 1285/5382 1284/5383 1281/5384
f 1282/5385 1285/5386 1286/5387 1283/5388
f 1283/5389 1286/5390 1285/5391 1282/5392
f 1287/5393 1290/5394 1291/5395 1288/5396
f 1288/5397 1291/5398 1290/5399 1287/5400
f 1288/5401 1291/5402 1292/5403 1289/5404
f 1289/5405 1292/5406 1291/5407 1288/5408
f 1290/5409 1293/5410 1294/5411 1291/5412
f 1291/5413 1294/5414 1293/5415 1290/5416
f 1291/5417 1294/5418 1295/5419 1292/5420
f 1292/5421 1295/5422 1294/5423 1291/5424
f 1293/5425 1296/5426 1297/5427 1294/5428
f 1294/5429 1297/5430 1296/5431 1293/5432
f 1294/5433 1297/5434 1298/5435 1295/5436
f 1295/5437 1298/5438 1297/5439 1294/5440
f 1296/5441 1299/5442 1300/5443 1297/5444
f 1297/5445 1300/5446 1299/5447 1296/5448
f 1297/5449 1300/5450 1301/5451 1298/5452
f 1298/5453 1301/5454 1300/5455 1297/5456
f 1299/5457 1302/5458 1303/5459 1300/5460
f 1300/5461 1303/5462 1302/5463 1299/5464
f 1300/5465 1303/5466 1304/5467 1301/5468
f 1301/5469 1304/5470 1303/5471 1300/5472
f 1305/5473 1308/5474 1309/5475 1306/5476
f 1306/5477 1309/5478 1308/5479 1305/5480
f 1306/5481 1309/5482 1310/5483 1307/5484
f 1307/5485 1310/5486 1309/5487 1306/5488
f 1308/5489 1311/5490 1312/5491 1309/5492
f 1309/5493 1312/5494 1311/5495 1308/5496
f 1309/5497 1312/5498 1313/5499 1310/5500
f 1310/5501 1313/5502 1312/5503 1309/5504
f 1311/5505 1314/5506 1315/5507 1312/5508
f 1312/5509 1315/5510 1314/5511 1311/5512
f 1312/5513 1315/5514 1316/5515 1313/5516
f 1313/5517 1316/5518 1315/5519 1312/5520
f 1314/5521 1317/5522 1318/5523 1315/5524
f 1315/5525 1318/5526 1317/5527 1314/5528
f 1315/5529 1318/5530 1319/5531 1316/5532
f 1316/5533 1319/5534 1318/5535 1315/5536
f 1317/5537 1320/5538 1321/5539 1318/5540
f 1318/5541 1321/5542 1320/5543 1317/5544
f 1318/5545 1321/5546 1322/5547 1319/5548
f 1319/5549 1322/5550 1321/5551 1318/5552
f 1323/5553 1326/5554 1327/5555 1324/5556
f 1324/5557 1327/5558 1326/5559 1323/5560
f 1324/5561 1327/5562 1328/5563 1325/5564
f 1325/5565 1328/5566 1327/5567 1324/5568
f 1326/5569 1329/5570 1330/5571 1327/5572
f 1327/5573 1330/5574 1329/5575 1326/5576
f 1327/5577 1330/5578 1331/5579 1328/5580
f 1328/5581 1331/5582 1330/5583 1327/5584
f 1329/5585 1332/5586 1333/5587 1330/5588
f 1330/5589 1333/5590 1332/5591 1329/5592
f 1330/5593 1333/5594 1334/5595 1331/5596
f 1331/5597 1334/5598 1333/5599 1330/5600
f 1332/5601 1335/5602 1336/5603 1333/5604
f 1333/5605 1336/5606 1335/5607 1332/5608
f 1333/5609 1336/5610 1337/5611 1334/5612
f 1334/5613 1337/5614 1336/5615 1333/5616
f 1335/5617 1338/5618 1339/5619 1336/5620
f 1336/5621 1339/5622 1338/5623 1335/5624
f 1336/5625 1339/5626 1340/5627 1337/5628
f 1337/5629 1340/5630 1339/5631 1336/5632
f 1341/5633 1344/5634 1345/5635 1342/5636
f 1342/5637 1345/5638 1344/5639 1341/5640
f 1342/5641 1345/5642 1346/5643 1343/5644
f 1343/5645 1346/5646 1345/5647 1342/5648
f 1344/5649 1347/5650 1348/5651 1345/5652
f 1345/5653 1348/5654 1347/5655 1344/5656
f 1345/5657 1348/5658 1349/5659 1346/5660
f 1346/5661 1349/5662 1348/5663 1345/5664
f 1347/5665 1350/5666 1351/5667 1348/5668
f 1348/5669 1351/5670 1350/5671 1347/5672
f 1348/5673 1351/5674 1352/5675 1349/5676
f 1349/5677 1352/5678 1351/5679 1348/5680
f 1350/5681 1353/5682 1354/5683 1351/5684
f 1351/5685 1354/5686 1353/5687 1350/5688
f 1351/5689 1354/5690 1355/5691 1352/5692
f 1352/5693 1355/5694 1354/5695 1351/5696
f 1353/5697 1356/5698 1357/5699 1354/5700
f 1354/5701 1357/5702 1356/5703 1353/5704
f 1354/5705 1357/5706 1358/5707 1355/5708
f 1355/5709 1358/5710 1357/5711 1354/5712
usemtl M_ZZ_Stem
s 1
f 1366/5713 1365/5714 1364/5715 1363/5716 1362/5717 1361/5718 1360/5719 1359/5720
f 1367/5721 1368/5722 1369/5723 1370/5724 1371/5725 1372/5726 1373/5727 1374/5728
f 1359/5729 1360/5730 1368/5731 1367/5732
f 1360/5733 1361/5734 1369/5735 1368/5736
f 1361/5737 1362/5738 1370/5739 1369/5740
f 1362/5741 1363/5742 1371/5743 1370/5744
f 1363/5745 1364/5746 1372/5747 1371/5748
f 1364/5749 1365/5750 1373/5751 1372/5752
f 1365/5753 1366/5754 1374/5755 1373/5756
f 1366/5757 1359/5758 1367/5759 1374/5760
f 1382/5761 1381/5762 1380/5763 1379/5764 1378/5765 1377/5766 1376/5767 1375/5768
f 1383/5769 1384/5770 1385/5771 1386/5772 1387/5773 1388/5774 1389/5775 1390/5776
f 1375/5777 1376/5778 1384/5779 1383/5780
f 1376/5781 1377/5782 1385/5783 1384/5784
f 1377/5785 1378/5786 1386/5787 1385/5788
f 1378/5789 1379/5790 1387/5791 1386/5792
f 1379/5793 1380/5794 1388/5795 1387/5796
f 1380/5797 1381/5798 1389/5799 1388/5800
f 1381/5801 1382/5802 1390/5803 1389/5804
f 1382/5805 1375/5806 1383/5807 1390/5808
usemtl M_ZZ_Leaf
s 1
f 1391/5809 1394/5810 1395/5811 1392/5812
f 1392/5813 1395/5814 1394/5815 1391/5816
f 1392/5817 1395/5818 1396/5819 1393/5820
f 1393/5821 1396/5822 1395/5823 1392/5824
f 1394/5825 1397/5826 1398/5827 1395/5828
f 1395/5829 1398/5830 1397/5831 1394/5832
f 1395/5833 1398/5834 1399/5835 1396/5836
f 1396/5837 1399/5838 1398/5839 1395/5840
f 1397/5841 1400/5842 1401/5843 1398/5844
f 1398/5845 1401/5846 1400/5847 1397/5848
f 1398/5849 1401/5850 1402/5851 1399/5852
f 1399/5853 1402/5854 1401/5855 1398/5856
f 1400/5857 1403/5858 1404/5859 1401/5860
f 1401/5861 1404/5862 1403/5863 1400/5864
f 1401/5865 1404/5866 1405/5867 1402/5868
f 1402/5869 1405/5870 1404/5871 1401/5872
f 1403/5873 1406/5874 1407/5875 1404/5876
f 1404/5877 1407/5878 1406/5879 1403/5880
f 1404/5881 1407/5882 1408/5883 1405/5884
f 1405/5885 1408/5886 1407/5887 1404/5888
f 1409/5889 1412/5890 1413/5891 1410/5892
f 1410/5893 1413/5894 1412/5895 1409/5896
f 1410/5897 1413/5898 1414/5899 1411/5900
f 1411/5901 1414/5902 1413/5903 1410/5904
f 1412/5905 1415/5906 1416/5907 1413/5908
f 1413/5909 1416/5910 1415/5911 1412/5912
f 1413/5913 1416/5914 1417/5915 1414/5916
f 1414/5917 1417/5918 1416/5919 1413/5920
f 1415/5921 1418/5922 1419/5923 1416/5924
f 1416/5925 1419/5926 1418/5927 1415/5928
f 1416/5929 1419/5930 1420/5931 1417/5932
f 1417/5933 1420/5934 1419/5935 1416/5936
f 1418/5937 1421/5938 1422/5939 1419/5940
f 1419/5941 1422/5942 1421/5943 1418/5944
f 1419/5945 1422/5946 1423/5947 1420/5948
f 1420/5949 1423/5950 1422/5951 1419/5952
f 1421/5953 1424/5954 1425/5955 1422/5956
f 1422/5957 1425/5958 1424/5959 1421/5960
f 1422/5961 1425/5962 1426/5963 1423/5964
f 1423/5965 1426/5966 1425/5967 1422/5968
f 1427/5969 1430/5970 1431/5971 1428/5972
f 1428/5973 1431/5974 1430/5975 1427/5976
f 1428/5977 1431/5978 1432/5979 1429/5980
f 1429/5981 1432/5982 1431/5983 1428/5984
f 1430/5985 1433/5986 1434/5987 1431/5988
f 1431/5989 1434/5990 1433/5991 1430/5992
f 1431/5993 1434/5994 1435/5995 1432/5996
f 1432/5997 1435/5998 1434/5999 1431/6000
f 1433/6001 1436/6002 1437/6003 1434/6004
f 1434/6005 1437/6006 1436/6007 1433/6008
f 1434/6009 1437/6010 1438/6011 1435/6012
f 1435/6013 1438/6014 1437/6015 1434/6016
f 1436/6017 1439/6018 1440/6019 1437/6020
f 1437/6021 1440/6022 1439/6023 1436/6024
f 1437/6025 1440/6026 1441/6027 1438/6028
f 1438/6029 1441/6030 1440/6031 1437/6032
f 1439/6033 1442/6034 1443/6035 1440/6036
f 1440/6037 1443/6038 1442/6039 1439/6040
f 1440/6041 1443/6042 1444/6043 1441/6044
f 1441/6045 1444/6046 1443/6047 1440/6048
f 1445/6049 1448/6050 1449/6051 1446/6052
f 1446/6053 1449/6054 1448/6055 1445/6056
f 1446/6057 1449/6058 1450/6059 1447/6060
f 1447/6061 1450/6062 1449/6063 1446/6064
f 1448/6065 1451/6066 1452/6067 1449/6068
f 1449/6069 1452/6070 1451/6071 1448/6072
f 1449/6073 1452/6074 1453/6075 1450/6076
f 1450/6077 1453/6078 1452/6079 1449/6080
f 1451/6081 1454/6082 1455/6083 1452/6084
f 1452/6085 1455/6086 1454/6087 1451/6088
f 1452/6089 1455/6090 1456/6091 1453/6092
f 1453/6093 1456/6094 1455/6095 1452/6096
f 1454/6097 1457/6098 1458/6099 1455/6100
f 1455/6101 1458/6102 1457/6103 1454/6104
f 1455/6105 1458/6106 1459/6107 1456/6108
f 1456/6109 1459/6110 1458/6111 1455/6112
f 1457/6113 1460/6114 1461/6115 1458/6116
f 1458/6117 1461/6118 1460/6119 1457/6120
f 1458/6121 1461/6122 1462/6123 1459/6124
f 1459/6125 1462/6126 1461/6127 1458/6128
f 1463/6129 1466/6130 1467/6131 1464/6132
f 1464/6133 1467/6134 1466/6135 1463/6136
f 1464/6137 1467/6138 1468/6139 1465/6140
f 1465/6141 1468/6142 1467/6143 1464/6144
f 1466/6145 1469/6146 1470/6147 1467/6148
f 1467/6149 1470/6150 1469/6151 1466/6152
f 1467/6153 1470/6154 1471/6155 1468/6156
f 1468/6157 1471/6158 1470/6159 1467/6160
f 1469/6161 1472/6162 1473/6163 1470/6164
f 1470/6165 1473/6166 1472/6167 1469/6168
f 1470/6169 1473/6170 1474/6171 1471/6172
f 1471/6173 1474/6174 1473/6175 1470/6176
f 1472/6177 1475/6178 1476/6179 1473/6180
f 1473/6181 1476/6182 1475/6183 1472/6184
f 1473/6185 1476/6186 1477/6187 1474/6188
f 1474/6189 1477/6190 1476/6191 1473/6192
f 1475/6193 1478/6194 1479/6195 1476/6196
f 1476/6197 1479/6198 1478/6199 1475/6200
f 1476/6201 1479/6202 1480/6203 1477/6204
f 1477/6205 1480/6206 1479/6207 1476/6208
f 1481/6209 1484/6210 1485/6211 1482/6212
f 1482/6213 1485/6214 1484/6215 1481/6216
f 1482/6217 1485/6218 1486/6219 1483/6220
f 1483/6221 1486/6222 1485/6223 1482/6224
f 1484/6225 1487/6226 1488/6227 1485/6228
f 1485/6229 1488/6230 1487/6231 1484/6232
f 1485/6233 1488/6234 1489/6235 1486/6236
f 1486/6237 1489/6238 1488/6239 1485/6240
f 1487/6241 1490/6242 1491/6243 1488/6244
f 1488/6245 1491/6246 1490/6247 1487/6248
f 1488/6249 1491/6250 1492/6251 1489/6252
f 1489/6253 1492/6254 1491/6255 1488/6256
f 1490/6257 1493/6258 1494/6259 1491/6260
f 1491/6261 1494/6262 1493/6263 1490/6264
f 1491/6265 1494/6266 1495/6267 1492/6268
f 1492/6269 1495/6270 1494/6271 1491/6272
f 1493/6273 1496/6274 1497/6275 1494/6276
f 1494/6277 1497/6278 1496/6279 1493/6280
f 1494/6281 1497/6282 1498/6283 1495/6284
f 1495/6285 1498/6286 1497/6287 1494/6288
f 1499/6289 1502/6290 1503/6291 1500/6292
f 1500/6293 1503/6294 1502/6295 1499/6296
f 1500/6297 1503/6298 1504/6299 1501/6300
f 1501/6301 1504/6302 1503/6303 1500/6304
f 1502/6305 1505/6306 1506/6307 1503/6308
f 1503/6309 1506/6310 1505/6311 1502/6312
f 1503/6313 1506/6314 1507/6315 1504/6316
f 1504/6317 1507/6318 1506/6319 1503/6320
f 1505/6321 1508/6322 1509/6323 1506/6324
f 1506/6325 1509/6326 1508/6327 1505/6328
f 1506/6329 1509/6330 1510/6331 1507/6332
f 1507/6333 1510/6334 1509/6335 1506/6336
f 1508/6337 1511/6338 1512/6339 1509/6340
f 1509/6341 1512/6342 1511/6343 1508/6344
f 1509/6345 1512/6346 1513/6347 1510/6348
f 1510/6349 1513/6350 1512/6351 1509/6352
f 1511/6353 1514/6354 1515/6355 1512/6356
f 1512/6357 1515/6358 1514/6359 1511/6360
f 1512/6361 1515/6362 1516/6363 1513/6364
f 1513/6365 1516/6366 1515/6367 1512/6368
f 1517/6369 1520/6370 1521/6371 1518/6372
f 1518/6373 1521/6374 1520/6375 1517/6376
f 1518/6377 1521/6378 1522/6379 1519/6380
f 1519/6381 1522/6382 1521/6383 1518/6384
f 1520/6385 1523/6386 1524/6387 1521/6388
f 1521/6389 1524/6390 1523/6391 1520/6392
f 1521/6393 1524/6394 1525/6395 1522/6396
f 1522/6397 1525/6398 1524/6399 1521/6400
f 1523/6401 1526/6402 1527/6403 1524/6404
f 1524/6405 1527/6406 1526/6407 1523/6408
f 1524/6409 1527/6410 1528/6411 1525/6412
f 1525/6413 1528/6414 1527/6415 1524/6416
f 1526/6417 1529/6418 1530/6419 1527/6420
f 1527/6421 1530/6422 1529/6423 1526/6424
f 1527/6425 1530/6426 1531/6427 1528/6428
f 1528/6429 1531/6430 1530/6431 1527/6432
f 1529/6433 1532/6434 1533/6435 1530/6436
f 1530/6437 1533/6438 1532/6439 1529/6440
f 1530/6441 1533/6442 1534/6443 1531/6444
f 1531/6445 1534/6446 1533/6447 1530/6448
f 1535/6449 1538/6450 1539/6451 1536/6452
f 1536/6453 1539/6454 1538/6455 1535/6456
f 1536/6457 1539/6458 1540/6459 1537/6460
f 1537/6461 1540/6462 1539/6463 1536/6464
f 1538/6465 1541/6466 1542/6467 1539/6468
f 1539/6469 1542/6470 1541/6471 1538/6472
f 1539/6473 1542/6474 1543/6475 1540/6476
f 1540/6477 1543/6478 1542/6479 1539/6480
f 1541/6481 1544/6482 1545/6483 1542/6484
f 1542/6485 1545/6486 1544/6487 1541/6488
f 1542/6489 1545/6490 1546/6491 1543/6492
f 1543/6493 1546/6494 1545/6495 1542/6496
f 1544/6497 1547/6498 1548/6499 1545/6500
f 1545/6501 1548/6502 1547/6503 1544/6504
f 1545/6505 1548/6506 1549/6507 1546/6508
f 1546/6509 1549/6510 1548/6511 1545/6512
f 1547/6513 1550/6514 1551/6515 1548/6516
f 1548/6517 1551/6518 1550/6519 1547/6520
f 1548/6521 1551/6522 1552/6523 1549/6524
f 1549/6525 1552/6526 1551/6527 1548/6528
usemtl M_ZZ_Stem
s 1
f 1560/6529 1559/6530 1558/6531 1557/6532 1556/6533 1555/6534 1554/6535 1553/6536
f 1561/6537 1562/6538 1563/6539 1564/6540 1565/6541 1566/6542 1567/6543 1568/6544
f 1553/6545 1554/6546 1562/6547 1561/6548
f 1554/6549 1555/6550 1563/6551 1562/6552
f 1555/6553 1556/6554 1564/6555 1563/6556
f 1556/6557 1557/6558 1565/6559 1564/6560
f 1557/6561 1558/6562 1566/6563 1565/6564
f 1558/6565 1559/6566 1567/6567 1566/6568
f 1559/6569 1560/6570 1568/6571 1567/6572
f 1560/6573 1553/6574 1561/6575 1568/6576
f 1576/6577 1575/6578 1574/6579 1573/6580 1572/6581 1571/6582 1570/6583 1569/6584
f 1577/6585 1578/6586 1579/6587 1580/6588 1581/6589 1582/6590 1583/6591 1584/6592
f 1569/6593 1570/6594 1578/6595 1577/6596
f 1570/6597 1571/6598 1579/6599 1578/6600
f 1571/6601 1572/6602 1580/6603 1579/6604
f 1572/6605 1573/6606 1581/6607 1580/6608
f 1573/6609 1574/6610 1582/6611 1581/6612
f 1574/6613 1575/6614 1583/6615 1582/6616
f 1575/6617 1576/6618 1584/6619 1583/6620
f 1576/6621 1569/6622 1577/6623 1584/6624
usemtl M_ZZ_Leaf
s 1
f 1585/6625 1588/6626 1589/6627 1586/6628
f 1586/6629 1589/6630 1588/6631 1585/6632
f 1586/6633 1589/6634 1590/6635 1587/6636
f 1587/6637 1590/6638 1589/6639 1586/6640
f 1588/6641 1591/6642 1592/6643 1589/6644
f 1589/6645 1592/6646 1591/6647 1588/6648
f 1589/6649 1592/6650 1593/6651 1590/6652
f 1590/6653 1593/6654 1592/6655 1589/6656
f 1591/6657 1594/6658 1595/6659 1592/6660
f 1592/6661 1595/6662 1594/6663 1591/6664
f 1592/6665 1595/6666 1596/6667 1593/6668
f 1593/6669 1596/6670 1595/6671 1592/6672
f 1594/6673 1597/6674 1598/6675 1595/6676
f 1595/6677 1598/6678 1597/6679 1594/6680
f 1595/6681 1598/6682 1599/6683 1596/6684
f 1596/6685 1599/6686 1598/6687 1595/6688
f 1597/6689 1600/6690 1601/6691 1598/6692
f 1598/6693 1601/6694 1600/6695 1597/6696
f 1598/6697 1601/6698 1602/6699 1599/6700
f 1599/6701 1602/6702 1601/6703 1598/6704
f 1603/6705 1606/6706 1607/6707 1604/6708
f 1604/6709 1607/6710 1606/6711 1603/6712
f 1604/6713 1607/6714 1608/6715 1605/6716
f 1605/6717 1608/6718 1607/6719 1604/6720
f 1606/6721 1609/6722 1610/6723 1607/6724
f 1607/6725 1610/6726 1609/6727 1606/6728
f 1607/6729 1610/6730 1611/6731 1608/6732
f 1608/6733 1611/6734 1610/6735 1607/6736
f 1609/6737 1612/6738 1613/6739 1610/6740
f 1610/6741 1613/6742 1612/6743 1609/6744
f 1610/6745 1613/6746 1614/6747 1611/6748
f 1611/6749 1614/6750 1613/6751 1610/6752
f 1612/6753 1615/6754 1616/6755 1613/6756
f 1613/6757 1616/6758 1615/6759 1612/6760
f 1613/6761 1616/6762 1617/6763 1614/6764
f 1614/6765 1617/6766 1616/6767 1613/6768
f 1615/6769 1618/6770 1619/6771 1616/6772
f 1616/6773 1619/6774 1618/6775 1615/6776
f 1616/6777 1619/6778 1620/6779 1617/6780
f 1617/6781 1620/6782 1619/6783 1616/6784
f 1621/6785 1624/6786 1625/6787 1622/6788
f 1622/6789 1625/6790 1624/6791 1621/6792
f 1622/6793 1625/6794 1626/6795 1623/6796
f 1623/6797 1626/6798 1625/6799 1622/6800
f 1624/6801 1627/6802 1628/6803 1625/6804
f 1625/6805 1628/6806 1627/6807 1624/6808
f 1625/6809 1628/6810 1629/6811 1626/6812
f 1626/6813 1629/6814 1628/6815 1625/6816
f 1627/6817 1630/6818 1631/6819 1628/6820
f 1628/6821 1631/6822 1630/6823 1627/6824
f 1628/6825 1631/6826 1632/6827 1629/6828
f 1629/6829 1632/6830 1631/6831 1628/6832
f 1630/6833 1633/6834 1634/6835 1631/6836
f 1631/6837 1634/6838 1633/6839 1630/6840
f 1631/6841 1634/6842 1635/6843 1632/6844
f 1632/6845 1635/6846 1634/6847 1631/6848
f 1633/6849 1636/6850 1637/6851 1634/6852
f 1634/6853 1637/6854 1636/6855 1633/6856
f 1634/6857 1637/6858 1638/6859 1635/6860
f 1635/6861 1638/6862 1637/6863 1634/6864
f 1639/6865 1642/6866 1643/6867 1640/6868
f 1640/6869 1643/6870 1642/6871 1639/6872
f 1640/6873 1643/6874 1644/6875 1641/6876
f 1641/6877 1644/6878 1643/6879 1640/6880
f 1642/6881 1645/6882 1646/6883 1643/6884
f 1643/6885 1646/6886 1645/6887 1642/6888
f 1643/6889 1646/6890 1647/6891 1644/6892
f 1644/6893 1647/6894 1646/6895 1643/6896
f 1645/6897 1648/6898 1649/6899 1646/6900
f 1646/6901 1649/6902 1648/6903 1645/6904
f 1646/6905 1649/6906 1650/6907 1647/6908
f 1647/6909 1650/6910 1649/6911 1646/6912
f 1648/6913 1651/6914 1652/6915 1649/6916
f 1649/6917 1652/6918 1651/6919 1648/6920
f 1649/6921 1652/6922 1653/6923 1650/6924
f 1650/6925 1653/6926 1652/6927 1649/6928
f 1651/6929 1654/6930 1655/6931 1652/6932
f 1652/6933 1655/6934 1654/6935 1651/6936
f 1652/6937 1655/6938 1656/6939 1653/6940
f 1653/6941 1656/6942 1655/6943 1652/6944
f 1657/6945 1660/6946 1661/6947 1658/6948
f 1658/6949 1661/6950 1660/6951 1657/6952
f 1658/6953 1661/6954 1662/6955 1659/6956
f 1659/6957 1662/6958 1661/6959 1658/6960
f 1660/6961 1663/6962 1664/6963 1661/6964
f 1661/6965 1664/6966 1663/6967 1660/6968
f 1661/6969 1664/6970 1665/6971 1662/6972
f 1662/6973 1665/6974 1664/6975 1661/6976
f 1663/6977 1666/6978 1667/6979 1664/6980
f 1664/6981 1667/6982 1666/6983 1663/6984
f 1664/6985 1667/6986 1668/6987 1665/6988
f 1665/6989 1668/6990 1667/6991 1664/6992
f 1666/6993 1669/6994 1670/6995 1667/6996
f 1667/6997 1670/6998 1669/6999 1666/7000
f 1667/7001 1670/7002 1671/7003 1668/7004
f 1668/7005 1671/7006 1670/7007 1667/7008
f 1669/7009 1672/7010 1673/7011 1670/7012
f 1670/7013 1673/7014 1672/7015 1669/7016
f 1670/7017 1673/7018 1674/7019 1671/7020
f 1671/7021 1674/7022 1673/7023 1670/7024
f 1675/7025 1678/7026 1679/7027 1676/7028
f 1676/7029 1679/7030 1678/7031 1675/7032
f 1676/7033 1679/7034 1680/7035 1677/7036
f 1677/7037 1680/7038 1679/7039 1676/7040
f 1678/7041 1681/7042 1682/7043 1679/7044
f 1679/7045 1682/7046 1681/7047 1678/7048
f 1679/7049 1682/7050 1683/7051 1680/7052
f 1680/7053 1683/7054 1682/7055 1679/7056
f 1681/7057 1684/7058 1685/7059 1682/7060
f 1682/7061 1685/7062 1684/7063 1681/7064
f 1682/7065 1685/7066 1686/7067 1683/7068
f 1683/7069 1686/7070 1685/7071 1682/7072
f 1684/7073 1687/7074 1688/7075 1685/7076
f 1685/7077 1688/7078 1687/7079 1684/7080
f 1685/7081 1688/7082 1689/7083 1686/7084
f 1686/7085 1689/7086 1688/7087 1685/7088
f 1687/7089 1690/7090 1691/7091 1688/7092
f 1688/7093 1691/7094 1690/7095 1687/7096
f 1688/7097 1691/7098 1692/7099 1689/7100
f 1689/7101 1692/7102 1691/7103 1688/7104
f 1693/7105 1696/7106 1697/7107 1694/7108
f 1694/7109 1697/7110 1696/7111 1693/7112
f 1694/7113 1697/7114 1698/7115 1695/7116
f 1695/7117 1698/7118 1697/7119 1694/7120
f 1696/7121 1699/7122 1700/7123 1697/7124
f 1697/7125 1700/7126 1699/7127 1696/7128
f 1697/7129 1700/7130 1701/7131 1698/7132
f 1698/7133 1701/7134 1700/7135 1697/7136
f 1699/7137 1702/7138 1703/7139 1700/7140
f 1700/7141 1703/7142 1702/7143 1699/7144
f 1700/7145 1703/7146 1704/7147 1701/7148
f 1701/7149 1704/7150 1703/7151 1700/7152
f 1702/7153 1705/7154 1706/7155 1703/7156
f 1703/7157 1706/7158 1705/7159 1702/7160
f 1703/7161 1706/7162 1707/7163 1704/7164
f 1704/7165 1707/7166 1706/7167 1703/7168
f 1705/7169 1708/7170 1709/7171 1706/7172
f 1706/7173 1709/7174 1708/7175 1705/7176
f 1706/7177 1709/7178 1710/7179 1707/7180
f 1707/7181 1710/7182 1709/7183 1706/7184
f 1711/7185 1714/7186 1715/7187 1712/7188
f 1712/7189 1715/7190 1714/7191 1711/7192
f 1712/7193 1715/7194 1716/7195 1713/7196
f 1713/7197 1716/7198 1715/7199 1712/7200
f 1714/7201 1717/7202 1718/7203 1715/7204
f 1715/7205 1718/7206 1717/7207 1714/7208
f 1715/7209 1718/7210 1719/7211 1716/7212
f 1716/7213 1719/7214 1718/7215 1715/7216
f 1717/7217 1720/7218 1721/7219 1718/7220
f 1718/7221 1721/7222 1720/7223 1717/7224
f 1718/7225 1721/7226 1722/7227 1719/7228
f 1719/7229 1722/7230 1721/7231 1718/7232
f 1720/7233 1723/7234 1724/7235 1721/7236
f 1721/7237 1724/7238 1723/7239 1720/7240
f 1721/7241 1724/7242 1725/7243 1722/7244
f 1722/7245 1725/7246 1724/7247 1721/7248
f 1723/7249 1726/7250 1727/7251 1724/7252
f 1724/7253 1727/7254 1726/7255 1723/7256
f 1724/7257 1727/7258 1728/7259 1725/7260
f 1725/7261 1728/7262 1727/7263 1724/7264
f 1729/7265 1732/7266 1733/7267 1730/7268
f 1730/7269 1733/7270 1732/7271 1729/7272
f 1730/7273 1733/7274 1734/7275 1731/7276
f 1731/7277 1734/7278 1733/7279 1730/7280
f 1732/7281 1735/7282 1736/7283 1733/7284
f 1733/7285 1736/7286 1735/7287 1732/7288
f 1733/7289 1736/7290 1737/7291 1734/7292
f 1734/7293 1737/7294 1736/7295 1733/7296
f 1735/7297 1738/7298 1739/7299 1736/7300
f 1736/7301 1739/7302 1738/7303 1735/7304
f 1736/7305 1739/7306 1740/7307 1737/7308
f 1737/7309 1740/7310 1739/7311 1736/7312
f 1738/7313 1741/7314 1742/7315 1739/7316
f 1739/7317 1742/7318 1741/7319 1738/7320
f 1739/7321 1742/7322 1743/7323 1740/7324
f 1740/7325 1743/7326 1742/7327 1739/7328
f 1741/7329 1744/7330 1745/7331 1742/7332
f 1742/7333 1745/7334 1744/7335 1741/7336
f 1742/7337 1745/7338 1746/7339 1743/7340
f 1743/7341 1746/7342 1745/7343 1742/7344
usemtl M_ZZ_Stem
s 1
f 1754/7345 1753/7346 1752/7347 1751/7348 1750/7349 1749/7350 1748/7351 1747/7352
f 1755/7353 1756/7354 1757/7355 1758/7356 1759/7357 1760/7358 1761/7359 1762/7360
f 1747/7361 1748/7362 1756/7363 1755/7364
f 1748/7365 1749/7366 1757/7367 1756/7368
f 1749/7369 1750/7370 1758/7371 1757/7372
f 1750/7373 1751/7374 1759/7375 1758/7376
f 1751/7377 1752/7378 1760/7379 1759/7380
f 1752/7381 1753/7382 1761/7383 1760/7384
f 1753/7385 1754/7386 1762/7387 1761/7388
f 1754/7389 1747/7390 1755/7391 1762/7392
f 1770/7393 1769/7394 1768/7395 1767/7396 1766/7397 1765/7398 1764/7399 1763/7400
f 1771/7401 1772/7402 1773/7403 1774/7404 1775/7405 1776/7406 1777/7407 1778/7408
f 1763/7409 1764/7410 1772/7411 1771/7412
f 1764/7413 1765/7414 1773/7415 1772/7416
f 1765/7417 1766/7418 1774/7419 1773/7420
f 1766/7421 1767/7422 1775/7423 1774/7424
f 1767/7425 1768/7426 1776/7427 1775/7428
f 1768/7429 1769/7430 1777/7431 1776/7432
f 1769/7433 1770/7434 1778/7435 1777/7436
f 1770/7437 1763/7438 1771/7439 1778/7440
usemtl M_ZZ_Leaf
s 1
f 1779/7441 1782/7442 1783/7443 1780/7444
f 1780/7445 1783/7446 1782/7447 1779/7448
f 1780/7449 1783/7450 1784/7451 1781/7452
f 1781/7453 1784/7454 1783/7455 1780/7456
f 1782/7457 1785/7458 1786/7459 1783/7460
f 1783/7461 1786/7462 1785/7463 1782/7464
f 1783/7465 1786/7466 1787/7467 1784/7468
f 1784/7469 1787/7470 1786/7471 1783/7472
f 1785/7473 1788/7474 1789/7475 1786/7476
f 1786/7477 1789/7478 1788/7479 1785/7480
f 1786/7481 1789/7482 1790/7483 1787/7484
f 1787/7485 1790/7486 1789/7487 1786/7488
f 1788/7489 1791/7490 1792/7491 1789/7492
f 1789/7493 1792/7494 1791/7495 1788/7496
f 1789/7497 1792/7498 1793/7499 1790/7500
f 1790/7501 1793/7502 1792/7503 1789/7504
f 1791/7505 1794/7506 1795/7507 1792/7508
f 1792/7509 1795/7510 1794/7511 1791/7512
f 1792/7513 1795/7514 1796/7515 1793/7516
f 1793/7517 1796/7518 1795/7519 1792/7520
f 1797/7521 1800/7522 1801/7523 1798/7524
f 1798/7525 1801/7526 1800/7527 1797/7528
f 1798/7529 1801/7530 1802/7531 1799/7532
f 1799/7533 1802/7534 1801/7535 1798/7536
f 1800/7537 1803/7538 1804/7539 1801/7540
f 1801/7541 1804/7542 1803/7543 1800/7544
f 1801/7545 1804/7546 1805/7547 1802/7548
f 1802/7549 1805/7550 1804/7551 1801/7552
f 1803/7553 1806/7554 1807/7555 1804/7556
f 1804/7557 1807/7558 1806/7559 1803/7560
f 1804/7561 1807/7562 1808/7563 1805/7564
f 1805/7565 1808/7566 1807/7567 1804/7568
f 1806/7569 1809/7570 1810/7571 1807/7572
f 1807/7573 1810/7574 1809/7575 1806/7576
f 1807/7577 1810/7578 1811/7579 1808/7580
f 1808/7581 1811/7582 1810/7583 1807/7584
f 1809/7585 1812/7586 1813/7587 1810/7588
f 1810/7589 1813/7590 1812/7591 1809/7592
f 1810/7593 1813/7594 1814/7595 1811/7596
f 1811/7597 1814/7598 1813/7599 1810/7600
f 1815/7601 1818/7602 1819/7603 1816/7604
f 1816/7605 1819/7606 1818/7607 1815/7608
f 1816/7609 1819/7610 1820/7611 1817/7612
f 1817/7613 1820/7614 1819/7615 1816/7616
f 1818/7617 1821/7618 1822/7619 1819/7620
f 1819/7621 1822/7622 1821/7623 1818/7624
f 1819/7625 1822/7626 1823/7627 1820/7628
f 1820/7629 1823/7630 1822/7631 1819/7632
f 1821/7633 1824/7634 1825/7635 1822/7636
f 1822/7637 1825/7638 1824/7639 1821/7640
f 1822/7641 1825/7642 1826/7643 1823/7644
f 1823/7645 1826/7646 1825/7647 1822/7648
f 1824/7649 1827/7650 1828/7651 1825/7652
f 1825/7653 1828/7654 1827/7655 1824/7656
f 1825/7657 1828/7658 1829/7659 1826/7660
f 1826/7661 1829/7662 1828/7663 1825/7664
f 1827/7665 1830/7666 1831/7667 1828/7668
f 1828/7669 1831/7670 1830/7671 1827/7672
f 1828/7673 1831/7674 1832/7675 1829/7676
f 1829/7677 1832/7678 1831/7679 1828/7680
f 1833/7681 1836/7682 1837/7683 1834/7684
f 1834/7685 1837/7686 1836/7687 1833/7688
f 1834/7689 1837/7690 1838/7691 1835/7692
f 1835/7693 1838/7694 1837/7695 1834/7696
f 1836/7697 1839/7698 1840/7699 1837/7700
f 1837/7701 1840/7702 1839/7703 1836/7704
f 1837/7705 1840/7706 1841/7707 1838/7708
f 1838/7709 1841/7710 1840/7711 1837/7712
f 1839/7713 1842/7714 1843/7715 1840/7716
f 1840/7717 1843/7718 1842/7719 1839/7720
f 1840/7721 1843/7722 1844/7723 1841/7724
f 1841/7725 1844/7726 1843/7727 1840/7728
f 1842/7729 1845/7730 1846/7731 1843/7732
f 1843/7733 1846/7734 1845/7735 1842/7736
f 1843/7737 1846/7738 1847/7739 1844/7740
f 1844/7741 1847/7742 1846/7743 1843/7744
f 1845/7745 1848/7746 1849/7747 1846/7748
f 1846/7749 1849/7750 1848/7751 1845/7752
f 1846/7753 1849/7754 1850/7755 1847/7756
f 1847/7757 1850/7758 1849/7759 1846/7760
f 1851/7761 1854/7762 1855/7763 1852/7764
f 1852/7765 1855/7766 1854/7767 1851/7768
f 1852/7769 1855/7770 1856/7771 1853/7772
f 1853/7773 1856/7774 1855/7775 1852/7776
f 1854/7777 1857/7778 1858/7779 1855/7780
f 1855/7781 1858/7782 1857/7783 1854/7784
f 1855/7785 1858/7786 1859/7787 1856/7788
f 1856/7789 1859/7790 1858/7791 1855/7792
f 1857/7793 1860/7794 1861/7795 1858/7796
f 1858/7797 1861/7798 1860/7799 1857/7800
f 1858/7801 1861/7802 1862/7803 1859/7804
f 1859/7805 1862/7806 1861/7807 1858/7808
f 1860/7809 1863/7810 1864/7811 1861/7812
f 1861/7813 1864/7814 1863/7815 1860/7816
f 1861/7817 1864/7818 1865/7819 1862/7820
f 1862/7821 1865/7822 1864/7823 1861/7824
f 1863/7825 1866/7826 1867/7827 1864/7828
f 1864/7829 1867/7830 1866/7831 1863/7832
f 1864/7833 1867/7834 1868/7835 1865/7836
f 1865/7837 1868/7838 1867/7839 1864/7840
f 1869/7841 1872/7842 1873/7843 1870/7844
f 1870/7845 1873/7846 1872/7847 1869/7848
f 1870/7849 1873/7850 1874/7851 1871/7852
f 1871/7853 1874/7854 1873/7855 1870/7856
f 1872/7857 1875/7858 1876/7859 1873/7860
f 1873/7861 1876/7862 1875/7863 1872/7864
f 1873/7865 1876/7866 1877/7867 1874/7868
f 1874/7869 1877/7870 1876/7871 1873/7872
f 1875/7873 1878/7874 1879/7875 1876/7876
f 1876/7877 1879/7878 1878/7879 1875/7880
f 1876/7881 1879/7882 1880/7883 1877/7884
f 1877/7885 1880/7886 1879/7887 1876/7888
f 1878/7889 1881/7890 1882/7891 1879/7892
f 1879/7893 1882/7894 1881/7895 1878/7896
f 1879/7897 1882/7898 1883/7899 1880/7900
f 1880/7901 1883/7902 1882/7903 1879/7904
f 1881/7905 1884/7906 1885/7907 1882/7908
f 1882/7909 1885/7910 1884/7911 1881/7912
f 1882/7913 1885/7914 1886/7915 1883/7916
f 1883/7917 1886/7918 1885/7919 1882/7920
f 1887/7921 1890/7922 1891/7923 1888/7924
f 1888/7925 1891/7926 1890/7927 1887/7928
f 1888/7929 1891/7930 1892/7931 1889/7932
f 1889/7933 1892/7934 1891/7935 1888/7936
f 1890/7937 1893/7938 1894/7939 1891/7940
f 1891/7941 1894/7942 1893/7943 1890/7944
f 1891/7945 1894/7946 1895/7947 1892/7948
f 1892/7949 1895/7950 1894/7951 1891/7952
f 1893/7953 1896/7954 1897/7955 1894/7956
f 1894/7957 1897/7958 1896/7959 1893/7960
f 1894/7961 1897/7962 1898/7963 1895/7964
f 1895/7965 1898/7966 1897/7967 1894/7968
f 1896/7969 1899/7970 1900/7971 1897/7972
f 1897/7973 1900/7974 1899/7975 1896/7976
f 1897/7977 1900/7978 1901/7979 1898/7980
f 1898/7981 1901/7982 1900/7983 1897/7984
f 1899/7985 1902/7986 1903/7987 1900/7988
f 1900/7989 1903/7990 1902/7991 1899/7992
f 1900/7993 1903/7994 1904/7995 1901/7996
f 1901/7997 1904/7998 1903/7999 1900/8000
f 1905/8001 1908/8002 1909/8003 1906/8004
f 1906/8005 1909/8006 1908/8007 1905/8008
f 1906/8009 1909/8010 1910/8011 1907/8012
f 1907/8013 1910/8014 1909/8015 1906/8016
f 1908/8017 1911/8018 1912/8019 1909/8020
f 1909/8021 1912/8022 1911/8023 1908/8024
f 1909/8025 1912/8026 1913/8027 1910/8028
f 1910/8029 1913/8030 1912/8031 1909/8032
f 1911/8033 1914/8034 1915/8035 1912/8036
f 1912/8037 1915/8038 1914/8039 1911/8040
f 1912/8041 1915/8042 1916/8043 1913/8044
f 1913/8045 1916/8046 1915/8047 1912/8048
f 1914/8049 1917/8050 1918/8051 1915/8052
f 1915/8053 1918/8054 1917/8055 1914/8056
f 1915/8057 1918/8058 1919/8059 1916/8060
f 1916/8061 1919/8062 1918/8063 1915/8064
f 1917/8065 1920/8066 1921/8067 1918/8068
f 1918/8069 1921/8070 1920/8071 1917/8072
f 1918/8073 1921/8074 1922/8075 1919/8076
f 1919/8077 1922/8078 1921/8079 1918/8080
f 1923/8081 1926/8082 1927/8083 1924/8084
f 1924/8085 1927/8086 1926/8087 1923/8088
f 1924/8089 1927/8090 1928/8091 1925/8092
f 1925/8093 1928/8094 1927/8095 1924/8096
f 1926/8097 1929/8098 1930/8099 1927/8100
f 1927/8101 1930/8102 1929/8103 1926/8104
f 1927/8105 1930/8106 1931/8107 1928/8108
f 1928/8109 1931/8110 1930/8111 1927/8112
f 1929/8113 1932/8114 1933/8115 1930/8116
f 1930/8117 1933/8118 1932/8119 1929/8120
f 1930/8121 1933/8122 1934/8123 1931/8124
f 1931/8125 1934/8126 1933/8127 1930/8128
f 1932/8129 1935/8130 1936/8131 1933/8132
f 1933/8133 1936/8134 1935/8135 1932/8136
f 1933/8137 1936/8138 1937/8139 1934/8140
f 1934/8141 1937/8142 1936/8143 1933/8144
f 1935/8145 1938/8146 1939/8147 1936/8148
f 1936/8149 1939/8150 1938/8151 1935/8152
f 1936/8153 1939/8154 1940/8155 1937/8156
f 1937/8157 1940/8158 1939/8159 1936/8160
usemtl M_ZZ_Stem
s 1
f 1948/8161 1947/8162 1946/8163 1945/8164 1944/8165 1943/8166 1942/8167 1941/8168
f 1949/8169 1950/8170 1951/8171 1952/8172 1953/8173 1954/8174 1955/8175 1956/8176
f 1941/8177 1942/8178 1950/8179 1949/8180
f 1942/8181 1943/8182 1951/8183 1950/8184
f 1943/8185 1944/8186 1952/8187 1951/8188
f 1944/8189 1945/8190 1953/8191 1952/8192
f 1945/8193 1946/8194 1954/8195 1953/8196
f 1946/8197 1947/8198 1955/8199 1954/8200
f 1947/8201 1948/8202 1956/8203 1955/8204
f 1948/8205 1941/8206 1949/8207 1956/8208
f 1964/8209 1963/8210 1962/8211 1961/8212 1960/8213 1959/8214 1958/8215 1957/8216
f 1965/8217 1966/8218 1967/8219 1968/8220 1969/8221 1970/8222 1971/8223 1972/8224
f 1957/8225 1958/8226 1966/8227 1965/8228
f 1958/8229 1959/8230 1967/8231 1966/8232
f 1959/8233 1960/8234 1968/8235 1967/8236
f 1960/8237 1961/8238 1969/8239 1968/8240
f 1961/8241 1962/8242 1970/8243 1969/8244
f 1962/8245 1963/8246 1971/8247 1970/8248
f 1963/8249 1964/8250 1972/8251 1971/8252
f 1964/8253 1957/8254 1965/8255 1972/8256
usemtl M_ZZ_Leaf
s 1
f 1973/8257 1976/8258 1977/8259 1974/8260
f 1974/8261 1977/8262 1976/8263 1973/8264
f 1974/8265 1977/8266 1978/8267 1975/8268
f 1975/8269 1978/8270 1977/8271 1974/8272
f 1976/8273 1979/8274 1980/8275 1977/8276
f 1977/8277 1980/8278 1979/8279 1976/8280
f 1977/8281 1980/8282 1981/8283 1978/8284
f 1978/8285 1981/8286 1980/8287 1977/8288
f 1979/8289 1982/8290 1983/8291 1980/8292
f 1980/8293 1983/8294 1982/8295 1979/8296
f 1980/8297 1983/8298 1984/8299 1981/8300
f 1981/8301 1984/8302 1983/8303 1980/8304
f 1982/8305 1985/8306 1986/8307 1983/8308
f 1983/8309 1986/8310 1985/8311 1982/8312
f 1983/8313 1986/8314 1987/8315 1984/8316
f 1984/8317 1987/8318 1986/8319 1983/8320
f 1985/8321 1988/8322 1989/8323 1986/8324
f 1986/8325 1989/8326 1988/8327 1985/8328
f 1986/8329 1989/8330 1990/8331 1987/8332
f 1987/8333 1990/8334 1989/8335 1986/8336
f 1991/8337 1994/8338 1995/8339 1992/8340
f 1992/8341 1995/8342 1994/8343 1991/8344
f 1992/8345 1995/8346 1996/8347 1993/8348
f 1993/8349 1996/8350 1995/8351 1992/8352
f 1994/8353 1997/8354 1998/8355 1995/8356
f 1995/8357 1998/8358 1997/8359 1994/8360
f 1995/8361 1998/8362 1999/8363 1996/8364
f 1996/8365 1999/8366 1998/8367 1995/8368
f 1997/8369 2000/8370 2001/8371 1998/8372
f 1998/8373 2001/8374 2000/8375 1997/8376
f 1998/8377 2001/8378 2002/8379 1999/8380
f 1999/8381 2002/8382 2001/8383 1998/8384
f 2000/8385 2003/8386 2004/8387 2001/8388
f 2001/8389 2004/8390 2003/8391 2000/8392
f 2001/8393 2004/8394 2005/8395 2002/8396
f 2002/8397 2005/8398 2004/8399 2001/8400
f 2003/8401 2006/8402 2007/8403 2004/8404
f 2004/8405 2007/8406 2006/8407 2003/8408
f 2004/8409 2007/8410 2008/8411 2005/8412
f 2005/8413 2008/8414 2007/8415 2004/8416
f 2009/8417 2012/8418 2013/8419 2010/8420
f 2010/8421 2013/8422 2012/8423 2009/8424
f 2010/8425 2013/8426 2014/8427 2011/8428
f 2011/8429 2014/8430 2013/8431 2010/8432
f 2012/8433 2015/8434 2016/8435 2013/8436
f 2013/8437 2016/8438 2015/8439 2012/8440
f 2013/8441 2016/8442 2017/8443 2014/8444
f 2014/8445 2017/8446 2016/8447 2013/8448
f 2015/8449 2018/8450 2019/8451 2016/8452
f 2016/8453 2019/8454 2018/8455 2015/8456
f 2016/8457 2019/8458 2020/8459 2017/8460
f 2017/8461 2020/8462 2019/8463 2016/8464
f 2018/8465 2021/8466 2022/8467 2019/8468
f 2019/8469 2022/8470 2021/8471 2018/8472
f 2019/8473 2022/8474 2023/8475 2020/8476
f 2020/8477 2023/8478 2022/8479 2019/8480
f 2021/8481 2024/8482 2025/8483 2022/8484
f 2022/8485 2025/8486 2024/8487 2021/8488
f 2022/8489 2025/8490 2026/8491 2023/8492
f 2023/8493 2026/8494 2025/8495 2022/8496
f 2027/8497 2030/8498 2031/8499 2028/8500
f 2028/8501 2031/8502 2030/8503 2027/8504
f 2028/8505 2031/8506 2032/8507 2029/8508
f 2029/8509 2032/8510 2031/8511 2028/8512
f 2030/8513 2033/8514 2034/8515 2031/8516
f 2031/8517 2034/8518 2033/8519 2030/8520
f 2031/8521 2034/8522 2035/8523 2032/8524
f 2032/8525 2035/8526 2034/8527 2031/8528
f 2033/8529 2036/8530 2037/8531 2034/8532
f 2034/8533 2037/8534 2036/8535 2033/8536
f 2034/8537 2037/8538 2038/8539 2035/8540
f 2035/8541 2038/8542 2037/8543 2034/8544
f 2036/8545 2039/8546 2040/8547 2037/8548
f 2037/8549 2040/8550 2039/8551 2036/8552
f 2037/8553 2040/8554 2041/8555 2038/8556
f 2038/8557 2041/8558 2040/8559 2037/8560
f 2039/8561 2042/8562 2043/8563 2040/8564
f 2040/8565 2043/8566 2042/8567 2039/8568
f 2040/8569 2043/8570 2044/8571 2041/8572
f 2041/8573 2044/8574 2043/8575 2040/8576
f 2045/8577 2048/8578 2049/8579 2046/8580
f 2046/8581 2049/8582 2048/8583 2045/8584
f 2046/8585 2049/8586 2050/8587 2047/8588
f 2047/8589 2050/8590 2049/8591 2046/8592
f 2048/8593 2051/8594 2052/8595 2049/8596
f 2049/8597 2052/8598 2051/8599 2048/8600
f 2049/8601 2052/8602 2053/8603 2050/8604
f 2050/8605 2053/8606 2052/8607 2049/8608
f 2051/8609 2054/8610 2055/8611 2052/8612
f 2052/8613 2055/8614 2054/8615 2051/8616
f 2052/8617 2055/8618 2056/8619 2053/8620
f 2053/8621 2056/8622 2055/8623 2052/8624
f 2054/8625 2057/8626 2058/8627 2055/8628
f 2055/8629 2058/8630 2057/8631 2054/8632
f 2055/8633 2058/8634 2059/8635 2056/8636
f 2056/8637 2059/8638 2058/8639 2055/8640
f 2057/8641 2060/8642 2061/8643 2058/8644
f 2058/8645 2061/8646 2060/8647 2057/8648
f 2058/8649 2061/8650 2062/8651 2059/8652
f 2059/8653 2062/8654 2061/8655 2058/8656
f 2063/8657 2066/8658 2067/8659 2064/8660
f 2064/8661 2067/8662 2066/8663 2063/8664
f 2064/8665 2067/8666 2068/8667 2065/8668
f 2065/8669 2068/8670 2067/8671 2064/8672
f 2066/8673 2069/8674 2070/8675 2067/8676
f 2067/8677 2070/8678 2069/8679 2066/8680
f 2067/8681 2070/8682 2071/8683 2068/8684
f 2068/8685 2071/8686 2070/8687 2067/8688
f 2069/8689 2072/8690 2073/8691 2070/8692
f 2070/8693 2073/8694 2072/8695 2069/8696
f 2070/8697 2073/8698 2074/8699 2071/8700
f 2071/8701 2074/8702 2073/8703 2070/8704
f 2072/8705 2075/8706 2076/8707 2073/8708
f 2073/8709 2076/8710 2075/8711 2072/8712
f 2073/8713 2076/8714 2077/8715 2074/8716
f 2074/8717 2077/8718 2076/8719 2073/8720
f 2075/8721 2078/8722 2079/8723 2076/8724
f 2076/8725 2079/8726 2078/8727 2075/8728
f 2076/8729 2079/8730 2080/8731 2077/8732
f 2077/8733 2080/8734 2079/8735 2076/8736
f 2081/8737 2084/8738 2085/8739 2082/8740
f 2082/8741 2085/8742 2084/8743 2081/8744
f 2082/8745 2085/8746 2086/8747 2083/8748
f 2083/8749 2086/8750 2085/8751 2082/8752
f 2084/8753 2087/8754 2088/8755 2085/8756
f 2085/8757 2088/8758 2087/8759 2084/8760
f 2085/8761 2088/8762 2089/8763 2086/8764
f 2086/8765 2089/8766 2088/8767 2085/8768
f 2087/8769 2090/8770 2091/8771 2088/8772
f 2088/8773 2091/8774 2090/8775 2087/8776
f 2088/8777 2091/8778 2092/8779 2089/8780
f 2089/8781 2092/8782 2091/8783 2088/8784
f 2090/8785 2093/8786 2094/8787 2091/8788
f 2091/8789 2094/8790 2093/8791 2090/8792
f 2091/8793 2094/8794 2095/8795 2092/8796
f 2092/8797 2095/8798 2094/8799 2091/8800
f 2093/8801 2096/8802 2097/8803 2094/8804
f 2094/8805 2097/8806 2096/8807 2093/8808
f 2094/8809 2097/8810 2098/8811 2095/8812
f 2095/8813 2098/8814 2097/8815 2094/8816
f 2099/8817 2102/8818 2103/8819 2100/8820
f 2100/8821 2103/8822 2102/8823 2099/8824
f 2100/8825 2103/8826 2104/8827 2101/8828
f 2101/8829 2104/8830 2103/8831 2100/8832
f 2102/8833 2105/8834 2106/8835 2103/8836
f 2103/8837 2106/8838 2105/8839 2102/8840
f 2103/8841 2106/8842 2107/8843 2104/8844
f 2104/8845 2107/8846 2106/8847 2103/8848
f 2105/8849 2108/8850 2109/8851 2106/8852
f 2106/8853 2109/8854 2108/8855 2105/8856
f 2106/8857 2109/8858 2110/8859 2107/8860
f 2107/8861 2110/8862 2109/8863 2106/8864
f 2108/8865 2111/8866 2112/8867 2109/8868
f 2109/8869 2112/8870 2111/8871 2108/8872
f 2109/8873 2112/8874 2113/8875 2110/8876
f 2110/8877 2113/8878 2112/8879 2109/8880
f 2111/8881 2114/8882 2115/8883 2112/8884
f 2112/8885 2115/8886 2114/8887 2111/8888
f 2112/8889 2115/8890 2116/8891 2113/8892
f 2113/8893 2116/8894 2115/8895 2112/8896
f 2117/8897 2120/8898 2121/8899 2118/8900
f 2118/8901 2121/8902 2120/8903 2117/8904
f 2118/8905 2121/8906 2122/8907 2119/8908
f 2119/8909 2122/8910 2121/8911 2118/8912
f 2120/8913 2123/8914 2124/8915 2121/8916
f 2121/8917 2124/8918 2123/8919 2120/8920
f 2121/8921 2124/8922 2125/8923 2122/8924
f 2122/8925 2125/8926 2124/8927 2121/8928
f 2123/8929 2126/8930 2127/8931 2124/8932
f 2124/8933 2127/8934 2126/8935 2123/8936
f 2124/8937 2127/8938 2128/8939 2125/8940
f 2125/8941 2128/8942 2127/8943 2124/8944
f 2126/8945 2129/8946 2130/8947 2127/8948
f 2127/8949 2130/8950 2129/8951 2126/8952
f 2127/8953 2130/8954 2131/8955 2128/8956
f 2128/8957 2131/8958 2130/8959 2127/8960
f 2129/8961 2132/8962 2133/8963 2130/8964
f 2130/8965 2133/8966 2132/8967 2129/8968
f 2130/8969 2133/8970 2134/8971 2131/8972
f 2131/8973 2134/8974 2133/8975 2130/8976
